method,epoch,model_type,test_accuracy,train_time,test_time
Cyclic,1,tm,61.339999999999996,0.4711778140044771,0.06304857700888533
Cyclic,2,tm,65.36,0.40674761999980547,0.06350735599698965
Cyclic,3,tm,63.43,0.40205501500167884,0.06440493700210936
Cyclic,4,tm,63.29,0.38253147099749185,0.06507345499994699
Cyclic,5,tm,69.36,0.37970781400508713,0.06442316199536435
Cyclic,6,tm,70.28999999999999,0.37810496300517116,0.0657194989908021
Cyclic,7,tm,68.8,0.3623134530062089,0.06451103099971078
Cyclic,8,tm,69.71000000000001,0.3557827779877698,0.06498188599653076
Cyclic,9,tm,71.26,0.35634723500697874,0.06605727400165051
Cyclic,10,tm,71.19,0.3510949939955026,0.06429568499152083
Cyclic,11,tm,71.34,0.35088626900687814,0.06331959199451376
Cyclic,12,tm,69.45,0.3473674540000502,0.06439496199891437
Cyclic,13,tm,69.51,0.34222066099755466,0.06610962300328538
Cyclic,14,tm,70.54,0.3445652240043273,0.06510014498780947
Cyclic,15,tm,69.36,0.34377657300501596,0.06551539999782108
Cyclic,16,tm,69.94,0.3414955890038982,0.06300129900046159
Cyclic,17,tm,69.92,0.3384497319930233,0.06308600300690159
Cyclic,18,tm,71.43,0.3401298440003302,0.06719003900070675
Cyclic,19,tm,70.24000000000001,0.34157857501122635,0.06693418900249526
Cyclic,20,tm,72.43,0.3432505169912474,0.0704573239927413
Cyclic,21,tm,74.82,0.3304753190022893,0.06668958599038888
Cyclic,22,tm,70.58,0.33077825501095504,0.06704889799584635
Cyclic,23,tm,71.41,0.3321338999958243,0.06578164600068703
Cyclic,24,tm,66.79,0.33144262299174443,0.06523144200036768
Cyclic,25,tm,71.3,0.3308578319993103,0.06740462299785577
Cyclic,26,tm,72.44,0.3292641040025046,0.06535290999454446
Cyclic,27,tm,73.11999999999999,0.33171645300171804,0.06493958599457983
Cyclic,28,tm,72.69,0.3266185159882298,0.06619199299893808
Cyclic,29,tm,72.37,0.3283244110061787,0.06767980799486395
Cyclic,30,tm,71.71,0.318055372001254,0.06611374100612011
Cyclic,31,tm,72.76,0.3289613160013687,0.0653365420002956
Cyclic,32,tm,71.98,0.3260047599906102,0.06531249798717909
Cyclic,33,tm,72.1,0.3272548319946509,0.06455133500276133
Cyclic,34,tm,72.44,0.32682001699868124,0.06659053100156598
Cyclic,35,tm,73.72999999999999,0.3307761960022617,0.06401869900582824
Cyclic,36,tm,74.46000000000001,0.32896383600018453,0.06601986099849455
Cyclic,37,tm,75.27000000000001,0.32316239600186236,0.06530802400084212
Cyclic,38,tm,73.49,0.3167631839896785,0.06560952799918596
Cyclic,39,tm,74.08,0.3253137060091831,0.06660796300275251
Cyclic,40,tm,70.19,0.32501697199768387,0.0651201129949186
Cyclic,41,tm,71.87,0.32945445500081405,0.06571648799581453
Cyclic,42,tm,72.28999999999999,0.318005830005859,0.06550406600581482
Cyclic,43,tm,74.49,0.3221216529927915,0.06520105600066017
Cyclic,44,tm,71.38,0.31513429898768663,0.06671287400240544
Cyclic,45,tm,71.76,0.32448738999664783,0.06579080899246037
Cyclic,46,tm,73.74000000000001,0.3157007190020522,0.06553564200294204
Cyclic,47,tm,73.44000000000001,0.3323255939903902,0.06679577700560912
Cyclic,48,tm,73.95,0.32445426999765914,0.06261042899859603
Cyclic,49,tm,70.5,0.31700788499438204,0.06468674200004898
Cyclic,50,tm,74.56,0.33048833400243893,0.0653058960015187
Cyclic,51,nn,78.97999999999999,0.19688197900541127,0.06684475399379153
Cyclic,52,nn,79.11,0.18986377499822993,0.06800475000636652
Cyclic,53,nn,79.47,0.2654372959950706,0.06807062299048994
Cyclic,54,nn,79.43,0.20108034199802205,0.06700495901168324
Cyclic,55,nn,79.61,0.2033786389947636,0.0643445189925842
Cyclic,56,nn,79.60000000000001,0.19450592700741254,0.06614864998846315
Cyclic,57,nn,79.74,0.24644797199289314,0.06744419000460766
Cyclic,58,nn,79.84,0.1996324799983995,0.06555484198906925
Cyclic,59,nn,79.72,0.19836370101256762,0.06671700498554856
Cyclic,60,nn,79.60000000000001,0.19508214699453674,0.0673878399975365
Cyclic,61,nn,79.59,0.2549051140085794,0.06759448999946471
Cyclic,62,nn,79.78,0.1964172919979319,0.0672787689982215
Cyclic,63,nn,79.69000000000001,0.19481405398983043,0.06761574900883716
Cyclic,64,nn,79.62,0.19666333799250424,0.0673082709981827
Cyclic,65,nn,79.62,0.24631706200307235,0.06854473100975156
Cyclic,66,nn,79.83,0.20602596299431752,0.06609320799179841
Cyclic,67,nn,79.71000000000001,0.21894639100355562,0.06719329000043217
Cyclic,68,nn,79.64,0.19876630000362638,0.0677354049985297
Cyclic,69,tm,73.05,0.3376565359940287,0.06758999198791571
Cyclic,70,tm,74.91,0.32900738599710166,0.06694164799409918
Cyclic,71,tm,74.52,0.3170496110105887,0.06689706699398812
Cyclic,72,tm,73.34,0.3291609270090703,0.06735977399512194
Cyclic,73,tm,74.21,0.32852144799835514,0.0673470509937033
Cyclic,74,tm,71.37,0.3454557160002878,0.06368317300803028
Cyclic,75,tm,69.59,0.32350248099828605,0.06677689700154588
Cyclic,76,tm,73.26,0.334365180999157,0.06510325899580494
Cyclic,77,tm,73.02,0.32748555998841766,0.06588683500012849
Cyclic,78,tm,72.92999999999999,0.3225158340064809,0.06682142399949953
Cyclic,79,tm,72.41,0.32028817100217566,0.06555498200759757
Cyclic,80,tm,72.19,0.3233132039895281,0.06630719899840187
Cyclic,81,tm,73.25,0.3320674230053555,0.06588191800983623
Cyclic,82,tm,72.19,0.3304271630040603,0.06691068300278857
Cyclic,83,tm,72.28,0.3272100870090071,0.06536392999987584
Cyclic,84,tm,72.81,0.3247362739930395,0.06600526098918635
Cyclic,85,tm,71.33,0.33538708099513315,0.06727235901053064
Cyclic,86,tm,73.04,0.3246656880073715,0.06487880999338813
Cyclic,87,tm,75.13,0.3300683979905443,0.06268937299319077
Cyclic,88,tm,71.39999999999999,0.32308071899751667,0.06570488400757313
Cyclic,89,tm,74.13,0.32306486000015866,0.07192394300363958
Cyclic,90,tm,70.6,0.32230890600476414,0.064364680001745
Cyclic,91,tm,70.36,0.3197138490068028,0.0665487850055797
Cyclic,92,tm,71.67999999999999,0.31683162999979686,0.06977134199405555
Cyclic,93,tm,74.75,0.32394155899237376,0.06736454099882394
Cyclic,94,tm,74.55000000000001,0.32466290799493436,0.06735508899146225
Cyclic,95,tm,72.19,0.3160783689963864,0.06666570299421437
Cyclic,96,tm,74.7,0.32824316900223494,0.06583542599400971
Cyclic,97,tm,73.94,0.32026779001171235,0.0650250100006815
Cyclic,98,tm,75.12,0.3228736329911044,0.06695061699429061
Cyclic,99,tm,74.17,0.3303184240066912,0.06533632399805356
Cyclic,100,tm,74.29,0.3210107129998505,0.06590015698748175
Cyclic,101,tm,74.64,0.3290225660020951,0.06561417199554853
Cyclic,102,tm,74.42,0.3144131720036967,0.06512360399938188
Cyclic,103,tm,73.63,0.32261587399989367,0.06661732599604875
Cyclic,104,tm,74.56,0.32075751799857244,0.06511575699551031
Cyclic,105,tm,72.05,0.31769921000523027,0.06770112500817049
Cyclic,106,tm,71.82,0.3240701030008495,0.06559374398784712
Cyclic,107,tm,73.18,0.3258375700097531,0.06470359899685718
Cyclic,108,tm,72.50999999999999,0.3154353220015764,0.06974122699466534
Cyclic,109,tm,74.28,0.3258680720027769,0.06603840300522279
Cyclic,110,tm,73.75,0.3295409600104904,0.06573616100649815
Cyclic,111,tm,74.49,0.31934535400068853,0.06681490798655432
Cyclic,112,tm,70.14,0.3170486189919757,0.0689328540029237
Cyclic,113,tm,73.19,0.32491031200333964,0.06548682499851566
Cyclic,114,tm,74.92999999999999,0.3157796860032249,0.06544791600026656
Cyclic,115,tm,73.06,0.3217474259872688,0.0656460350000998
Cyclic,116,tm,74.61,0.3202775109966751,0.06760004301031586
Cyclic,117,tm,74.42,0.33392551200813614,0.0669535400083987
Cyclic,118,tm,74.79,0.32048312001279555,0.06567035800253507
Cyclic,119,nn,79.58,0.26510899000277277,0.0679190280061448
Cyclic,120,nn,79.67999999999999,0.22166797799582127,0.06799920000776183
Cyclic,121,nn,80.0,0.21918054499838036,0.06889725300425198
Cyclic,122,nn,80.0,0.20421599099063314,0.06811876498977654
Cyclic,123,nn,79.85,0.26897946900862735,0.06814242400287185
Cyclic,124,nn,79.85,0.21937841399630997,0.06813020099070854
Cyclic,125,nn,79.88,0.20978355599800125,0.06809763000637759
Cyclic,126,nn,79.89,0.22246826499758754,0.06779028799792286
Cyclic,127,nn,80.02,0.21904774599533994,0.06873881799401715
Cyclic,128,nn,79.89,0.2733968030079268,0.0683182500069961
Cyclic,129,nn,80.01,0.2284536229999503,0.06782200599263888
Cyclic,130,nn,80.07,0.2197373359958874,0.06947922401013784
Cyclic,131,nn,80.21000000000001,0.21344219999446068,0.06893987300281879
Cyclic,132,nn,80.04,0.2713215410039993,0.0681221390113933
Cyclic,133,nn,80.04,0.21671392700227443,0.0664118669956224
Cyclic,134,nn,80.38,0.21844073900138028,0.06911105400649831
Cyclic,135,nn,80.17999999999999,0.21354057900316548,0.06847813598869834
Cyclic,136,nn,80.30000000000001,0.26475599000696093,0.06883688298694324
Cyclic,137,nn,80.30000000000001,0.2205020039982628,0.06811242199910339
Cyclic,138,nn,80.2,0.20378206700843293,0.06840951900812797
Cyclic,139,nn,80.34,0.21116068201081362,0.06838399400294293
Cyclic,140,nn,80.41,0.19991324198781513,0.06819136699778028
Cyclic,141,nn,80.43,0.268252958994708,0.07032458900357597
Cyclic,142,nn,80.4,0.20497709700430278,0.07086901100410614
Cyclic,143,nn,80.41,0.19885689399961848,0.06922730900987517
Cyclic,144,nn,80.46,0.19607720398926176,0.0679175760014914
Cyclic,145,nn,80.28,0.2539377439970849,0.06876182000269182
Cyclic,146,nn,80.35,0.20388613299292047,0.06903503999637906
Cyclic,147,nn,80.61,0.21005989500554278,0.0680853469966678
Cyclic,148,nn,80.36999999999999,0.19549125900084618,0.06758107499626931
Cyclic,149,nn,80.42,0.24570020999817643,0.06677868499536999
Cyclic,150,nn,80.56,0.2208169350051321,0.06734397199761588
Cyclic,151,nn,80.45,0.21996884199324995,0.0657135509973159
Cyclic,152,nn,80.54,0.21681464300490916,0.06840620300499722
Cyclic,153,nn,80.58,0.2679136480001034,0.06796389400551561
Cyclic,154,nn,80.56,0.2092031039937865,0.06769145499856677
Cyclic,155,nn,80.67,0.19821351098653395,0.06559595199360047
Cyclic,156,nn,80.69,0.20370719699712936,0.06597361600142904
Cyclic,157,nn,80.84,0.19881650799652562,0.06780530500691384
Cyclic,158,nn,80.72,0.270164493995253,0.06908131000818685
Cyclic,159,nn,80.69,0.20809379901038483,0.0705371749936603
Cyclic,160,nn,80.78,0.2144209959951695,0.06902247600373812
Cyclic,161,nn,80.76,0.21898166699975263,0.06993980500556063
Cyclic,162,nn,80.77,0.2581910379958572,0.06785893900087103
Cyclic,163,nn,80.56,0.22007938999740873,0.06770729499112349
Cyclic,164,nn,80.87,0.22348404201329686,0.0677711989992531
Cyclic,165,nn,80.73,0.22213803800696041,0.06653506700240541
Cyclic,166,nn,80.75,0.25405356599367224,0.06567738299781922
Cyclic,167,nn,80.78999999999999,0.21576407199609093,0.06767116500122938
Cyclic,168,nn,80.78999999999999,0.2115270850044908,0.06932330400741193
Cyclic,169,tm,74.53999999999999,0.3356606110028224,0.06641261499316897
Cyclic,170,tm,74.45,0.3217700460081687,0.06704803599859588
Cyclic,171,tm,70.24000000000001,0.32318772599683143,0.06645134100108407
Cyclic,172,tm,76.06,0.3187820219900459,0.06699862900131848
Cyclic,173,tm,73.52,0.33029954000085127,0.06676536099985242
Cyclic,174,tm,71.26,0.31952364499738906,0.06746454699896276
Cyclic,175,tm,71.16,0.3193182249960955,0.06502030599222053
Cyclic,176,tm,72.38,0.32051815299200825,0.06480204199033324
Cyclic,177,tm,74.46000000000001,0.31475967000005767,0.06582370199612342
Cyclic,178,tm,73.34,0.3178314569959184,0.06748139599221759
Cyclic,179,tm,71.41,0.3173549950006418,0.0667171239911113
Cyclic,180,tm,73.81,0.3213963760063052,0.06617024799925275
Cyclic,181,tm,72.14,0.31510714199976064,0.0668450179946376
Cyclic,182,tm,75.3,0.3061655470082769,0.06517166300909594
Cyclic,183,tm,72.24000000000001,0.31597387000510935,0.06946756700926926
Cyclic,184,tm,75.03,0.3079797209938988,0.06561515500652604
Cyclic,185,tm,74.71,0.3251623560063308,0.06640150900057051
Cyclic,186,tm,74.11999999999999,0.31925556001078803,0.06705010699806735
Cyclic,187,tm,72.65,0.3140482629969483,0.06557142199017107
Cyclic,188,tm,72.84,0.31074628299393225,0.06432138998934533
Cyclic,189,tm,72.86,0.32478027101024054,0.06625883298693225
Cyclic,190,tm,71.95,0.3070999049959937,0.0658374799968442
Cyclic,191,tm,72.69,0.3187514360033674,0.06683975300984457
Cyclic,192,tm,73.32,0.3159328369947616,0.0653176350024296
Cyclic,193,tm,73.17,0.3183759410021594,0.06695696600945666
Cyclic,194,tm,73.74000000000001,0.319886213997961,0.06585734900727402
Cyclic,195,tm,72.95,0.33251529799599666,0.06731864299217705
Cyclic,196,tm,74.48,0.3141574899927946,0.06734478499856777
Cyclic,197,tm,73.11,0.320230637997156,0.06611130900273565
Cyclic,198,tm,73.74000000000001,0.30805259000044316,0.0661944460007362
Cyclic,199,tm,75.26,0.3096777070022654,0.06642727700818796
Cyclic,200,tm,74.4,0.3160051589948125,0.06779559400456492
Cyclic,201,tm,71.78,0.3270819540048251,0.06669584198971279
Cyclic,202,tm,75.91,0.31302184199739713,0.06640805200731847
Cyclic,203,tm,74.81,0.3125659299985273,0.06734212899755221
Cyclic,204,tm,73.32,0.3116140490019461,0.0656240109965438
Cyclic,205,tm,74.33999999999999,0.31837609299691394,0.06575619299837854
Cyclic,206,tm,75.7,0.3156196609925246,0.06543453100312036
Cyclic,207,tm,74.83,0.31687594899267424,0.06706832900817972
Cyclic,208,tm,75.47,0.31838059100846294,0.06517771999642719
Cyclic,209,tm,74.6,0.312907763000112,0.06471737899119034
Cyclic,210,tm,72.95,0.31847015299717896,0.06825471699994523
Cyclic,211,tm,72.05,0.3145358950132504,0.0664325120014837
Cyclic,212,tm,75.98,0.3094398349930998,0.06582605099538341
Cyclic,213,tm,75.17,0.3114230819919612,0.0652607959927991
Cyclic,214,tm,76.17,0.30939470800512936,0.0670363230019575
Cyclic,215,tm,75.14,0.3154987949965289,0.06376932299463078
Cyclic,216,tm,74.79,0.3158637209999142,0.06627625100372825
Cyclic,217,tm,75.7,0.32234144599351566,0.06532577799225692
Cyclic,218,tm,71.85000000000001,0.31166789699636865,0.0663138789968798
Cyclic,219,nn,78.78,0.1965087379940087,0.06888033900759183
Cyclic,220,nn,79.73,0.20950640199589543,0.06631373800337315
Cyclic,221,nn,79.94,0.2515766689903103,0.0667497749964241
Cyclic,222,nn,80.14,0.20305489900056273,0.06839507199765649
Cyclic,223,nn,80.15,0.2172367419989314,0.0682339140039403
Cyclic,224,nn,80.39,0.21750814298866317,0.06818365398794413
Cyclic,225,nn,80.55,0.25835331600683276,0.06714706699131057
Cyclic,226,nn,80.49,0.218518497000332,0.06792303999827709
Cyclic,227,nn,80.47,0.19833440698857885,0.06916570699831937
Cyclic,228,nn,80.51,0.19670107500860468,0.0649597120063845
Cyclic,229,nn,80.5,0.2704636290000053,0.06452992399863433
Cyclic,230,nn,80.5,0.21814558700134512,0.0681546440027887
Cyclic,231,nn,80.35,0.20788681200065184,0.06755879399133846
Cyclic,232,nn,80.32000000000001,0.1951796219946118,0.06724183900223579
Cyclic,233,nn,80.55,0.24707056500483304,0.06941020399972331
Cyclic,234,nn,80.43,0.19537600300100166,0.07060271500085946
Cyclic,235,nn,80.62,0.20996124899829738,0.06772215299133677
Cyclic,236,nn,80.62,0.21469861199148,0.06608454599336255
Cyclic,237,nn,80.54,0.19929991201206576,0.06675004000135232
Cyclic,238,nn,80.54,0.2520577709947247,0.0692190620029578
Cyclic,239,nn,80.67999999999999,0.20341216601082124,0.06801483299932443
Cyclic,240,nn,80.73,0.20103321899659932,0.06619429899728857
Cyclic,241,nn,80.75,0.20428976700350177,0.0643638710025698
Cyclic,242,nn,80.7,0.2555529819946969,0.06728185000247322
Cyclic,243,nn,80.91000000000001,0.20492538099642843,0.06789209200360347
Cyclic,244,nn,80.78,0.21846648000064306,0.0684242060087854
Cyclic,245,nn,80.63,0.22136720700655133,0.06946056299784686
Cyclic,246,nn,80.77,0.2543265299900668,0.06932232600229327
Cyclic,247,nn,80.71000000000001,0.19700633300817572,0.06824134101043455
Cyclic,248,nn,80.76,0.20528210399788804,0.0682903790002456
Cyclic,249,nn,80.66,0.21420761500485241,0.0679934620129643
Cyclic,250,nn,80.81,0.2693076549912803,0.06861213799857069
Cyclic,251,nn,80.82000000000001,0.2174916070071049,0.06842280698765535
Cyclic,252,nn,80.92,0.2166581390047213,0.06858038800419308
Cyclic,253,nn,80.84,0.21246271299605723,0.06725985300727189
Cyclic,254,nn,80.75,0.21830336200946476,0.06452009500935674
Cyclic,255,nn,80.78,0.2604392799985362,0.06770506899920292
Cyclic,256,nn,80.95,0.20804319299350027,0.06888935300230514
Cyclic,257,nn,80.97,0.19684103700274136,0.0635028760007117
Cyclic,258,nn,80.88,0.20229553199897055,0.06974049498967361
Cyclic,259,nn,80.9,0.26240398800291587,0.06742238700098824
Cyclic,260,nn,80.96,0.2024383050011238,0.06801619900215883
Cyclic,261,nn,80.99,0.20502800299436785,0.06817990599665791
Cyclic,262,nn,80.84,0.21012736699776724,0.07021024099958595
Cyclic,263,nn,80.89,0.2660592250031186,0.06727387200226076
Cyclic,264,nn,80.76,0.19972556599532254,0.06899935299588833
Cyclic,265,nn,81.03,0.19767557000159286,0.0684541639930103
Cyclic,266,nn,81.05,0.20228348800446838,0.06748122000135481
Cyclic,267,nn,81.15,0.2491422879975289,0.06730571499792859
Cyclic,268,nn,81.15,0.20752045798872132,0.06925114299519919
Cyclic,269,tm,76.62,0.32333103199198376,0.065652482007863
Cyclic,270,tm,74.31,0.31563777099654544,0.06637253999360837
Cyclic,271,tm,75.63,0.33156628301367164,0.06680368300294504
Cyclic,272,tm,73.89,0.3162494119897019,0.0659260219981661
Cyclic,273,tm,74.4,0.3110007120121736,0.06636772199999541
Cyclic,274,tm,74.1,0.31519463600125164,0.06590934000269044
Cyclic,275,tm,74.39,0.32391189399641007,0.06576549800229259
Cyclic,276,tm,73.07000000000001,0.3101986190013122,0.06538319699757267
Cyclic,277,tm,73.6,0.31628350699611474,0.06472581600246485
Cyclic,278,tm,76.14,0.31300026399549097,0.06802566300029866
Cyclic,279,tm,75.75,0.3155767940043006,0.0685651989915641
Cyclic,280,tm,75.61,0.3117533780023223,0.06659166800091043
Cyclic,281,tm,75.09,0.3154428809939418,0.06626140000298619
Cyclic,282,tm,73.79,0.3131130700057838,0.06705020800291095
Cyclic,283,tm,74.15,0.31276308599626645,0.06580416898941621
Cyclic,284,tm,75.58,0.30875354701129254,0.06737107099615969
Cyclic,285,tm,76.79,0.3191809099953389,0.06770384799165186
Cyclic,286,tm,76.4,0.3209794700087514,0.06752981699537486
Cyclic,287,tm,75.21,0.31249856200884096,0.06516787099826615
Cyclic,288,tm,75.99000000000001,0.3125587069953326,0.06642833199293818
Cyclic,289,tm,75.03999999999999,0.3107217000069795,0.06600683700526133
Cyclic,290,tm,74.3,0.31015446499804966,0.06788322799548041
Cyclic,291,tm,74.07000000000001,0.31080518099770416,0.06348806599271484
Cyclic,292,tm,72.63,0.31292998100980185,0.06647970600170083
Cyclic,293,tm,75.17,0.3186390710034175,0.06934605199785437
Cyclic,294,tm,72.92999999999999,0.3130790919967694,0.06516257699695416
Cyclic,295,tm,74.87,0.31874933300423436,0.06665666798653547
Cyclic,296,tm,75.62,0.3144197040091967,0.06532024599437136
Cyclic,297,tm,73.3,0.3153370840009302,0.06597856999724172
Cyclic,298,tm,74.42,0.30755045400292147,0.0658099469874287
Cyclic,299,tm,74.79,0.31167304700647946,0.06539485599205364
Cyclic,300,tm,76.27000000000001,0.3052396049897652,0.06532442399475258
Cyclic,301,tm,74.33999999999999,0.3049687940074364,0.06647405499825254
Cyclic,302,tm,75.53999999999999,0.317646297000465,0.06596971800900064
Cyclic,303,tm,75.58,0.30440808199637104,0.06646564800757915
Cyclic,304,tm,76.75999999999999,0.30637636200117413,0.06615053401037585
Cyclic,305,tm,74.64,0.3136736440064851,0.06545295199612156
Cyclic,306,tm,75.06,0.3191912430047523,0.06717309899977408
Cyclic,307,tm,73.06,0.31886622500314843,0.06704681800329126
Cyclic,308,tm,73.97,0.3231229889934184,0.06719479800085537
Cyclic,309,tm,74.02,0.312993262996315,0.0655949329957366
Cyclic,310,tm,70.28,0.3109752909949748,0.0681505350075895
Cyclic,311,tm,74.89,0.3164335920009762,0.06569214000774082
Cyclic,312,tm,75.38,0.31674448400735855,0.06462787301279604
Cyclic,313,tm,73.07000000000001,0.3208382110024104,0.06710599698999431
Cyclic,314,tm,75.83,0.3166215629898943,0.06824178199167363
Cyclic,315,tm,72.6,0.3130956940003671,0.06687063499703072
Cyclic,316,tm,76.01,0.3287908460042672,0.06708320799225476
Cyclic,317,tm,74.67,0.3123145589925116,0.06668733499827795
Cyclic,318,tm,75.71,0.3159414999972796,0.06397204600216355
Cyclic,319,nn,79.57,0.19929461399442516,0.06726568099111319
Cyclic,320,nn,80.08999999999999,0.19663086999207735,0.06798861300921999
Cyclic,321,nn,80.33,0.26404697900579777,0.0688749949913472
Cyclic,322,nn,80.39,0.2160693390032975,0.06624492999981157
Cyclic,323,nn,80.67,0.197560878994409,0.07009717400069349
Cyclic,324,nn,80.66,0.20465225899533834,0.06852247800270561
Cyclic,325,nn,80.77,0.24778593200608157,0.06809974600037094
Cyclic,326,nn,80.88,0.19509992000530474,0.06794409299618565
Cyclic,327,nn,80.85,0.19492207100847736,0.06768538699543569
Cyclic,328,nn,80.83,0.20024757100327406,0.06656375399325043
Cyclic,329,nn,80.77,0.19615000100748148,0.06769227499898989
Cyclic,330,nn,80.82000000000001,0.24551440199138597,0.06778632701025344
Cyclic,331,nn,81.0,0.19495476900192443,0.06869240099331364
Cyclic,332,nn,80.92,0.20359883800847456,0.07749284600140527
Cyclic,333,nn,80.97,0.21791880499222316,0.06847292100428604
Cyclic,334,nn,80.96,0.2689604409970343,0.06808277800155338
Cyclic,335,nn,81.08999999999999,0.22220350299903657,0.0683260590012651
Cyclic,336,nn,80.9,0.19811029700213112,0.06818836700404063
Cyclic,337,nn,81.0,0.2178502790047787,0.0676030729955528
Cyclic,338,nn,81.08999999999999,0.24914979899767786,0.06727375599439256
Cyclic,339,nn,80.89,0.19903577599325217,0.06708621500001755
Cyclic,340,nn,81.06,0.19532433101267088,0.06817709900496993
Cyclic,341,nn,81.03,0.19478337200416718,0.06865164199552964
Cyclic,342,nn,81.02000000000001,0.19473439900320955,0.06814087800739799
Cyclic,343,nn,81.06,0.24586075799015816,0.0677672620076919
Cyclic,344,nn,81.08,0.19530680601019412,0.06765307200839743
Cyclic,345,nn,80.92,0.19560590699256863,0.06770741599029861
Cyclic,346,tm,75.26,0.3290755409980193,0.06535232601163443
Cyclic,347,tm,72.14,0.31077251498936675,0.06637152000621427
Cyclic,348,tm,71.08,0.3147263489954639,0.06648077499994542
Cyclic,349,tm,75.39,0.3094939100119518,0.06428476500150282
Cyclic,350,tm,75.19,0.3114452759909909,0.062327745006768964
Cyclic,351,tm,76.19,0.31029177900927607,0.06542671099305153
Cyclic,352,tm,75.38,0.3120931840094272,0.0655908649932826
Cyclic,353,tm,74.24,0.3229943810001714,0.06547721500101034
Cyclic,354,tm,72.55,0.30725187600182835,0.06628421999630518
Cyclic,355,tm,75.86,0.3140236269973684,0.06692931200086605
Cyclic,356,tm,74.33999999999999,0.31419964200176764,0.06872848399507347
Cyclic,357,tm,72.04,0.31359414200414903,0.06631532299797982
Cyclic,358,tm,75.31,0.3105167239991715,0.06703508699138183
Cyclic,359,tm,76.22,0.3103181860060431,0.06781515300099272
Cyclic,360,tm,73.57000000000001,0.30826595099642873,0.06587980200129095
Cyclic,361,tm,74.83,0.3202036209986545,0.06618648700532503
Cyclic,362,tm,75.42999999999999,0.3091283090034267,0.06523698499950115
Cyclic,363,tm,73.64,0.31142254699079785,0.06831178300490137
Cyclic,364,tm,74.17,0.31498607200046536,0.06774125799711328
Cyclic,365,tm,74.88,0.3128160759952152,0.06729617199744098
Cyclic,366,tm,74.22,0.3167355259938631,0.06645404700248037
Cyclic,367,tm,75.73,0.3148851680016378,0.06799459499598015
Cyclic,368,tm,73.16,0.3287694629980251,0.06632407198776491
Cyclic,369,tm,74.26,0.316079593001632,0.06745607100310735
Cyclic,370,tm,74.39,0.3109111619996838,0.06666394899366423
Cyclic,371,tm,76.36,0.3152055289974669,0.06635302300855983
Cyclic,372,tm,74.87,0.3142402179946657,0.06643406699004117
Cyclic,373,tm,75.01,0.3179090229969006,0.06869740100228228
Cyclic,374,tm,76.37,0.31456970699946396,0.06625979101227131
Cyclic,375,tm,74.07000000000001,0.31613171100616455,0.06757169299817178
Cyclic,376,tm,73.45,0.31128926199744456,0.06754555999941658
Cyclic,377,tm,74.64,0.31205935300386045,0.0673333020095015
Cyclic,378,tm,75.13,0.31411320999905,0.0675747350032907
Cyclic,379,tm,72.96000000000001,0.3129913269949611,0.06508465300430544
Cyclic,380,tm,75.35,0.30955760399228893,0.06539503800740931
Cyclic,381,tm,75.87,0.30843890299729537,0.0700650479993783
Cyclic,382,tm,75.75,0.31028563500149176,0.06899965499178506
Cyclic,383,tm,76.06,0.31346563799888827,0.06602093500259798
Cyclic,384,tm,73.09,0.3148038829967845,0.06830893499136437
Cyclic,385,tm,74.99,0.317425514003844,0.06713732999924105
Cyclic,386,tm,75.73,0.3202640359959332,0.06772855599410832
Cyclic,387,tm,74.33,0.30749929399462417,0.06750226499570999
Cyclic,388,tm,75.39,0.30573312600608915,0.06621970300329849
Cyclic,389,tm,72.1,0.316881493999972,0.068364056001883
Cyclic,390,tm,74.46000000000001,0.31112989599932916,0.065851406994625
Cyclic,391,tm,73.99,0.3133393790049013,0.06636285300191958
Cyclic,392,tm,74.05000000000001,0.30977900300058536,0.06672004000574816
Cyclic,393,tm,72.28999999999999,0.3125224309915211,0.06729433099098969
Cyclic,394,tm,74.99,0.3170529539929703,0.06561698000587057
Cyclic,395,tm,72.98,0.31675417300721165,0.06604211000376381
Cyclic,396,nn,79.64,0.26895957300439477,0.0673758899938548
Cyclic,397,nn,80.17999999999999,0.20544096600497141,0.0651696660061134
Cyclic,398,nn,80.14,0.19980770999973174,0.06958635999762919
Cyclic,399,nn,80.65,0.22378991600999143,0.06752730500011239
Cyclic,400,nn,80.64,0.20987112299189903,0.06867448499542661
Cyclic,401,nn,80.44,0.2668098750000354,0.06857567300903611
Cyclic,402,nn,80.72,0.22018632999970578,0.06628488999558613
Cyclic,403,nn,80.63,0.2224906560004456,0.06883144300081767
Cyclic,404,nn,80.66,0.21534665999934077,0.06936859499546699
Cyclic,405,nn,80.69,0.26355758200224955,0.06838752400653902
Cyclic,406,nn,80.82000000000001,0.2161064779938897,0.0681921180075733
Cyclic,407,nn,80.86,0.21408057599910535,0.06740785999863874
Cyclic,408,nn,80.81,0.20178451700485311,0.06868896700325422
Cyclic,409,nn,80.72,0.2685379320028005,0.06919421700877137
Cyclic,410,nn,80.73,0.21998160400835332,0.06712674300069921
Cyclic,411,nn,80.81,0.21823115499864798,0.07023389599635266
Cyclic,412,nn,80.73,0.2086276159971021,0.06613789898983669
Cyclic,413,nn,80.69,0.25080776000686456,0.06729431200074032
Cyclic,414,nn,80.76,0.202017032992444,0.06782947399187833
Cyclic,415,nn,80.69,0.19643539299431723,0.06757608101179358
Cyclic,416,nn,80.66,0.19899878099386115,0.06882299699645955
Cyclic,417,nn,80.75,0.19761506099894177,0.06878286099527031
UTM,1,tm,63.29,0.644317159007187,0.07265629500034265
UTM,2,tm,66.28,0.5949397389922524,0.07184280001092702
UTM,3,tm,66.17,0.5576003500027582,0.07238599500851706
UTM,4,tm,66.86999999999999,0.5761661649885355,0.07219619701209012
UTM,5,tm,66.3,0.5763155010063201,0.07274297899857629
UTM,6,tm,66.66,0.5722877200023504,0.07137493499612901
UTM,7,tm,66.64,0.5703444789978676,0.07295757799874991
UTM,8,tm,66.88,0.5650228750018869,0.07345165399601683
UTM,9,tm,67.31,0.5563651959964773,0.07113262300845236
UTM,10,tm,67.58999999999999,0.5649299740034621,0.07097334800346289
UTM,11,tm,67.04,0.5661852710036328,0.07180167199112475
UTM,12,tm,67.58,0.5738135349965887,0.07300841399410274
UTM,13,tm,67.13,0.5691725329961628,0.07244273100513965
UTM,14,tm,67.09,0.5637551770050777,0.07359210100548808
UTM,15,tm,66.95,0.5603348000004189,0.07338149799034
UTM,16,tm,67.32000000000001,0.5659467969962861,0.07169892700039782
UTM,17,tm,67.42,0.5562711219972698,0.07251775301119778
UTM,18,tm,67.36,0.56531782100501,0.070950762994471
UTM,19,tm,67.01,0.5582522320037242,0.07254811000893824
UTM,20,tm,67.15,0.5551142889889888,0.07014334200357553
UTM,21,tm,67.51,0.5750116069975775,0.07250353200652171
UTM,22,tm,67.25,0.5655095519905444,0.07093454500136431
UTM,23,tm,67.74,0.5624656700092601,0.07198806300584693
UTM,24,tm,67.9,0.5581211780081503,0.07434252499660943
UTM,25,tm,68.12,0.5510417720070109,0.07130838101147674
UTM,26,tm,68.2,0.560552226001164,0.07234129500284325
UTM,27,tm,67.85,0.5351668039947981,0.07259063300443813
UTM,28,tm,67.01,0.555632923002122,0.07053035800345242
UTM,29,tm,67.14,0.5554240119963652,0.0762631359975785
UTM,30,tm,67.08,0.5690788260108093,0.07151290299952962
UTM,31,tm,67.89,0.5603234759910265,0.07286454600398429
UTM,32,tm,67.97,0.5507028050051304,0.07348825599183328
UTM,33,tm,67.74,0.5593547559983563,0.07173619901004713
UTM,34,tm,67.78,0.560786226997152,0.07497271000465844
UTM,35,tm,67.5,0.5458042379905237,0.0738163700007135
UTM,36,tm,67.42,0.5581852180039277,0.07192175599629991
UTM,37,tm,67.11,0.5494009780086344,0.07139269099570811
UTM,38,tm,67.13,0.5640300740051316,0.07097226699988823
UTM,39,tm,67.25999999999999,0.5540066230023513,0.07133797400456388
UTM,40,tm,67.92,0.5538788229896454,0.07293683401076123
UTM,41,tm,67.78999999999999,0.5298059499909868,0.07045930500316899
UTM,42,tm,67.54,0.5576836779946461,0.07371886100736447
UTM,43,tm,67.67,0.5687818290025461,0.07078243700379971
UTM,44,tm,67.58999999999999,0.5573362499999348,0.07364514499204233
UTM,45,tm,67.91,0.5539251240115846,0.07455028399999719
UTM,46,tm,67.57,0.5582253590109758,0.07372041700000409
UTM,47,tm,67.63,0.5555348630005028,0.07302330099628307
UTM,48,tm,68.13,0.5412296669965144,0.07260271899576765
UTM,49,tm,67.96,0.5588535479910206,0.07310738100204617
UTM,50,tm,68.03,0.5562839670019457,0.07423469499917701
UTM,51,tm,67.88,0.5533562470081961,0.07084640699031297
UTM,52,tm,68.25,0.5622439029975794,0.07067592200473882
UTM,53,tm,67.60000000000001,0.5538767159887357,0.07243415899574757
UTM,54,tm,67.63,0.5265903670078842,0.07167696199030615
UTM,55,tm,67.94,0.5516585250006756,0.0719459870015271
UTM,56,tm,67.75999999999999,0.561001081005088,0.07113393100735266
UTM,57,tm,68.07,0.5601834660046734,0.0760683929984225
UTM,58,tm,67.62,0.5599936439975863,0.07140507000440266
UTM,59,tm,67.92,0.5601505030062981,0.07244794399593957
UTM,60,tm,67.57,0.5582291839964455,0.07271445100195706
UTM,61,tm,67.82000000000001,0.555997393996222,0.07272823399398476
UTM,62,tm,67.61,0.563673076001578,0.07292411099479068
UTM,63,tm,67.36999999999999,0.5575002800032962,0.07210718300484587
UTM,64,tm,68.01,0.5563989020010922,0.07260034698992968
UTM,65,tm,67.85,0.5574958419892937,0.07167931299773045
UTM,66,tm,67.95,0.5555774289969122,0.0733065109961899
UTM,67,tm,67.86999999999999,0.5602484910050407,0.07321493698691484
UTM,68,tm,67.75,0.5530434959946433,0.07469395999214612
UTM,69,tm,67.61,0.5537837330048205,0.07388224900932983
UTM,70,tm,67.85,0.5580578830122249,0.07216584999696352
UTM,71,tm,68.39,0.5624269120016834,0.07237746800819878
UTM,72,tm,68.35,0.5616511739935959,0.07128076699154917
UTM,73,tm,68.05,0.5533867119956994,0.07361842200043611
UTM,74,tm,67.78,0.5480418600054691,0.07345033901219722
UTM,75,tm,68.08,0.5486596119881142,0.07276963800541125
UTM,76,tm,67.81,0.5661944409948774,0.07380311499582604
UTM,77,tm,67.80000000000001,0.5622519739990821,0.07232837598712649
UTM,78,tm,67.84,0.5643608410027809,0.07330030300363433
UTM,79,tm,68.02,0.54981186700752,0.07359927200013772
UTM,80,tm,67.94,0.5605781310005113,0.07274509299895726
UTM,81,tm,68.03,0.5622288180020405,0.07341654199990444
UTM,82,tm,68.13,0.5567574479937321,0.0741321120003704
UTM,83,tm,68.04,0.5679751360003138,0.07384482299676165
UTM,84,tm,67.91,0.5582415440003388,0.07262314899708144
UTM,85,tm,67.78,0.5536335330107249,0.07512631200370379
UTM,86,tm,67.38,0.5507420599897159,0.07095054700039327
UTM,87,tm,67.91,0.5679188329959288,0.07041695999214426
UTM,88,tm,67.69,0.5554156930011231,0.07322628398833331
UTM,89,tm,68.31,0.5608335790020647,0.07245374000922311
UTM,90,tm,68.07,0.5594452040095348,0.07298830700165126
UTM,91,tm,68.06,0.5609308660059469,0.06895220499427523
UTM,92,tm,67.95,0.5524777790124062,0.07302086900745053
UTM,93,tm,68.0,0.5540029560070252,0.07203845199546777
UTM,94,tm,67.97999999999999,0.5564010119996965,0.07149831499555148
UTM,95,tm,68.08999999999999,0.5541455479979049,0.07226109699695371
UTM,96,tm,68.19,0.5591153270070208,0.07286084198858589
UTM,97,tm,68.04,0.5516991969925584,0.07267998400493525
UTM,98,tm,67.83,0.5640195930027403,0.07431304499914404
UTM,99,tm,67.97999999999999,0.5626352390099782,0.07242112299718428
UTM,100,tm,67.80000000000001,0.5822389999957522,0.07160115998703986
UTM,101,tm,67.96,0.5581458420056151,0.0711632469901815
UTM,102,tm,67.51,0.5506080299965106,0.07283310900675133
UTM,103,tm,67.62,0.5693459670001175,0.0727303320018109
UTM,104,tm,67.67999999999999,0.5600134129927028,0.07271421399491373
UTM,105,tm,68.04,0.5618149429938057,0.07413239200832322
UTM,106,tm,68.02,0.5539125310024247,0.07313070599047933
UTM,107,tm,68.04,0.5675551910098875,0.0729281899984926
UTM,108,tm,68.2,0.5577834360010456,0.07326468899555039
UTM,109,tm,68.07,0.5362771720101591,0.07086269299907144
UTM,110,tm,68.08,0.5572156529960921,0.06993532901105937
UTM,111,tm,67.96,0.548254798995913,0.07347408300847746
UTM,112,tm,67.67999999999999,0.5601199509983417,0.07400825999502558
UTM,113,tm,67.27,0.5629425619990798,0.07395757600897923
UTM,114,tm,67.36999999999999,0.5583497019979404,0.0738720259978436
UTM,115,tm,68.25,0.5565710140072042,0.07177272900298703
UTM,116,tm,68.26,0.5592393730039475,0.07582880400877912
UTM,117,tm,68.21000000000001,0.5544580369896721,0.0729240509972442
UTM,118,tm,68.13,0.562580761994468,0.07912722398759797
UTM,119,tm,68.12,0.560082178999437,0.07576434800284915
UTM,120,tm,68.17,0.5576021500019124,0.07291440300468821
UTM,121,tm,68.19,0.5448599599912995,0.07384786999318749
UTM,122,tm,68.03,0.5564203149988316,0.07380630700208712
UTM,123,tm,67.81,0.5679582669981755,0.07400609999604058
UTM,124,tm,67.82000000000001,0.5620266729965806,0.07165738099138252
UTM,125,tm,67.7,0.5576210110011743,0.07378458500897978
UTM,126,tm,67.63,0.5707074890087824,0.07234568700368982
UTM,127,tm,67.97,0.5454288949986221,0.0713144920009654
UTM,128,tm,67.61,0.5487033980025444,0.07271191199833993
UTM,129,tm,67.78999999999999,0.5603455419914098,0.0755932309984928
UTM,130,tm,67.86,0.5475479439919582,0.07288986200001091
UTM,131,tm,68.33,0.558090694990824,0.07418613000481855
UTM,132,tm,68.66,0.5569582939933753,0.07279995900171343
UTM,133,tm,68.81,0.5524849119974533,0.07369194299099036
UTM,134,tm,68.54,0.5686296810017666,0.07174314600706566
UTM,135,tm,68.14,0.5623639100085711,0.07159210900135804
UTM,136,tm,67.80000000000001,0.5483705780061428,0.07020646499586292
UTM,137,tm,67.86,0.5592738600098528,0.07010414099204354
UTM,138,tm,67.46,0.5536497180000879,0.0717792979994556
UTM,139,tm,67.52,0.5306102570029907,0.07485473700216971
UTM,140,tm,67.84,0.542094320000615,0.07157552200078499
UTM,141,tm,68.10000000000001,0.5587482069968246,0.07318360800854862
UTM,142,tm,68.67999999999999,0.553680744007579,0.07038061200000811
UTM,143,tm,68.37,0.5664192249969346,0.07304486700741109
UTM,144,tm,68.66,0.5650054799916688,0.07264476199634373
UTM,145,tm,68.58,0.5638484369992511,0.07322598199243657
UTM,146,tm,68.58999999999999,0.556596772003104,0.07401278900215402
UTM,147,tm,68.28999999999999,0.5301010069961194,0.07153802600805648
UTM,148,tm,68.10000000000001,0.5496791920013493,0.07163458499417175
UTM,149,tm,68.39,0.5606471620121738,0.07972445299674291
UTM,150,tm,68.67,0.5577947639976628,0.07465483900159597
UTM,151,tm,68.30000000000001,0.5633153380040312,0.07224563299678266
UTM,152,tm,68.47,0.5576882860041223,0.07297067399485968
UTM,153,tm,67.94,0.5602687150094425,0.07342644399614073
UTM,154,tm,68.10000000000001,0.5677917300054105,0.07797465000476222
UTM,155,tm,68.13,0.5531430060073035,0.07285637300810777
UTM,156,tm,68.52000000000001,0.5399955829925602,0.07289166598638985
UTM,157,tm,68.54,0.5702002869948046,0.07426829299947713
UTM,158,tm,68.46,0.5538668730005156,0.07805070899485145
UTM,159,tm,68.69,0.5580957680067513,0.0723175809980603
UTM,160,tm,68.53,0.5583198669919511,0.07249495398718864
UTM,161,tm,68.74,0.5534535560000222,0.07343971100635827
UTM,162,tm,68.37,0.5559642509906553,0.07303886000590865
UTM,163,tm,68.32000000000001,0.5614475600013975,0.07311262600705959
UTM,164,tm,68.38,0.5342596670088824,0.0730035019951174
UTM,165,tm,68.42,0.5617898170021363,0.07221471899538301
UTM,166,tm,68.39,0.5638188180018915,0.07416866000858136
UTM,167,tm,68.51,0.5624423489934998,0.0713081330031855
UTM,168,tm,68.08,0.5622029430087423,0.07476350999786519
UTM,169,tm,68.03,0.5627182169992011,0.07354928899439983
UTM,170,tm,67.47999999999999,0.5565928599971812,0.07109546699211933
UTM,171,tm,67.47,0.5451715660019545,0.07363175999489613
UTM,172,tm,67.57,0.5569420059910044,0.07140130799962208
UTM,173,tm,67.91,0.5532937950047199,0.07368455501273274
UTM,174,tm,67.96,0.5581343980011297,0.07200580299831927
UTM,175,tm,67.78999999999999,0.5522342979966197,0.07314397300069686
UTM,176,tm,68.04,0.5612999690056313,0.0740162820002297
UTM,177,tm,68.17999999999999,0.5662089960096637,0.07377142598852515
UTM,178,tm,68.01,0.5492714839929249,0.07263008599693421
UTM,179,tm,67.96,0.563463750993833,0.0740030779998051
UTM,180,tm,67.66,0.567646926996531,0.06976724301057402
UTM,181,tm,67.66,0.5535177700076019,0.0731633649993455
UTM,182,tm,67.71000000000001,0.5321859910036437,0.07357003400102258
UTM,183,tm,67.69,0.5489949799957685,0.07396825499017723
UTM,184,tm,67.89,0.5578451540059177,0.07266745500965044
UTM,185,tm,68.14,0.5616620130022056,0.0706212399963988
UTM,186,tm,68.2,0.5629139639931964,0.07285631199192721
UTM,187,tm,68.44,0.551662343001226,0.07300094699894544
UTM,188,tm,68.53,0.5606624250067398,0.07130059700284619
UTM,189,tm,68.37,0.5588091899990104,0.07451617199694738
UTM,190,tm,68.08,0.5419859840039862,0.07270856198738329
UTM,191,tm,67.94,0.5532754159939941,0.07239716600452084
UTM,192,tm,67.7,0.5631314549973467,0.0730749479989754
UTM,193,tm,67.84,0.5588352440099698,0.07097488599538337
UTM,194,tm,67.57,0.5559277220017975,0.07355598699359689
UTM,195,tm,67.93,0.5604595999902813,0.07263376300397795
UTM,196,tm,67.77,0.5626783250045264,0.07254751899745315
UTM,197,tm,68.23,0.5467425509996247,0.0706092920008814
UTM,198,tm,68.47999999999999,0.5554057430126704,0.07239062899316195
UTM,199,tm,68.64,0.5672197710082401,0.0685651559906546
UTM,200,tm,68.28,0.5609061010036385,0.07312878100492526
UTM,201,tm,68.61,0.5587472619954497,0.07467596700007562
UTM,202,tm,68.61,0.5606251059944043,0.07206647799466737
UTM,203,tm,68.13,0.5539412389916833,0.07173940200300422
UTM,204,tm,67.91,0.5598563149978872,0.07182632200419903
UTM,205,tm,67.56,0.5607209540030453,0.0725735880114371
UTM,206,tm,68.02,0.549740684000426,0.06992966300458647
UTM,207,tm,68.11,0.5597418810066301,0.0720726330036996
UTM,208,tm,68.28,0.5451805689954199,0.07418493300792761
UTM,209,tm,68.61,0.5607337110122899,0.07293370200204663
UTM,210,tm,68.24,0.5671985480003059,0.07340058899717405
UTM,211,tm,68.61,0.5529685100045754,0.0737421680096304
UTM,212,tm,68.63,0.5556368539982941,0.07444814599875826
UTM,213,tm,68.28999999999999,0.555733973000315,0.07113342900993302
UTM,214,tm,68.30000000000001,0.5552966510003898,0.07429634599247947
UTM,215,tm,68.64,0.553390009998111,0.07284644398896489
UTM,216,tm,68.63,0.5619979329931084,0.0719148719945224
UTM,217,tm,67.9,0.5468734149908414,0.06955867500801105
UTM,218,tm,68.08999999999999,0.5607446069916477,0.07058018700627144
UTM,219,tm,67.86999999999999,0.5558789580099983,0.07010440199519508
UTM,220,tm,67.88,0.5452122099959524,0.07478709999122657
UTM,221,tm,68.04,0.5650957059988286,0.07458834600402042
UTM,222,tm,68.32000000000001,0.5583084630052326,0.0737253370025428
UTM,223,tm,68.56,0.5614572199992836,0.07082039500528481
UTM,224,tm,68.45,0.5557769570004893,0.07192075598868541
UTM,225,tm,68.39,0.5498896380013321,0.07260890198813286
UTM,226,tm,68.4,0.5369268079957692,0.07075182300468441
UTM,227,tm,68.58,0.5551415889931377,0.07330088800517842
UTM,228,tm,68.38,0.5544445470004575,0.0725478210079018
UTM,229,tm,68.38,0.5674872899980983,0.07159344600222539
UTM,230,tm,68.46,0.5691858859936474,0.07279981099418364
UTM,231,tm,68.28999999999999,0.5660346889926586,0.07280521500797477
UTM,232,tm,68.30000000000001,0.56027272301435,0.07278873599716462
UTM,233,tm,68.57,0.5598829170048703,0.07319482399907429
UTM,234,tm,68.53,0.5561061970074661,0.0715916029876098
UTM,235,tm,68.8,0.5601799269934418,0.07113052500062622
UTM,236,tm,68.92,0.5646431549976114,0.07234594201145228
UTM,237,tm,68.28999999999999,0.5557667919929372,0.07248152101237793
UTM,238,tm,68.24,0.55499656801112,0.07265413999266457
UTM,239,tm,68.26,0.5450219649937935,0.0725783899979433
UTM,240,tm,68.37,0.518632979990798,0.07259613000496756
UTM,241,tm,68.34,0.5557710809953278,0.07293046299309935
UTM,242,tm,68.14,0.5687581380043412,0.07330814200395253
UTM,243,tm,67.92,0.572394249989884,0.07390969499829225
UTM,244,tm,68.34,0.5602836870093597,0.07037556300929282
UTM,245,tm,68.23,0.5557714409951586,0.07148105799569748
UTM,246,tm,68.2,0.5663569760072278,0.07102326900348999
UTM,247,tm,68.45,0.5661488600017037,0.07140468900615815
UTM,248,tm,67.93,0.5564075790025527,0.07317923200025689
UTM,249,tm,68.21000000000001,0.5557834469946101,0.07298960699699819
UTM,250,tm,68.55,0.5633696010045242,0.07350433300598525
UTM,251,tm,68.62,0.5636603839957388,0.07299527700524777
UTM,252,tm,68.35,0.5506600630033063,0.06982442499429453
UTM,253,tm,68.49,0.5649774680059636,0.07276938299764879
UTM,254,tm,68.02,0.5539231630100403,0.07426675599708688
UTM,255,tm,68.04,0.5618213940033456,0.07378976698964834
UTM,256,tm,67.73,0.5679175769910216,0.07177243800833821
UTM,257,tm,67.64,0.5604864960041596,0.07270756999787409
UTM,258,tm,67.24,0.5569375649938593,0.07098177299485542
UTM,259,tm,67.96,0.5569388090079883,0.07338552200235426
UTM,260,tm,68.43,0.5391241770121269,0.0797221120010363
UTM,261,tm,68.78999999999999,0.5517592830001377,0.07334245499805547
UTM,262,tm,68.82000000000001,0.5598269089969108,0.07376615901011974
UTM,263,tm,68.76,0.5599811379943276,0.07320093500311486
UTM,264,tm,68.86,0.5628376330132596,0.06936627899995074
UTM,265,tm,68.78,0.5565361730114091,0.071421869986807
UTM,266,tm,68.42,0.5591740399977425,0.07360747100028675
UTM,267,tm,68.28,0.5708580750069814,0.07754374199430458
UTM,268,tm,67.95,0.5593155410024337,0.07260079099796712
UTM,269,tm,67.74,0.5639076619991101,0.07286115200258791
UTM,270,tm,67.55,0.5566897579992656,0.07432052701187786
UTM,271,tm,67.17,0.5693164919939591,0.07384506500966381
UTM,272,tm,67.58999999999999,0.5587868529983098,0.0721306019986514
UTM,273,tm,68.16,0.5504350480041467,0.07338081300258636
UTM,274,tm,68.32000000000001,0.5599429810099537,0.0690804530022433
UTM,275,tm,68.97999999999999,0.5650616089988034,0.07184400499681942
UTM,276,tm,68.30000000000001,0.5661860770051135,0.07220601401058957
UTM,277,tm,68.45,0.5642867440037662,0.07286740899144206
UTM,278,tm,68.23,0.5621106829930795,0.07212797900137957
UTM,279,tm,68.2,0.5550601729919435,0.07259992200124543
UTM,280,tm,68.5,0.5640403010038426,0.07679726601054426
UTM,281,tm,68.27,0.5560632109991275,0.07348702300805598
UTM,282,tm,68.42,0.5547550620103721,0.074241811002139
UTM,283,tm,68.58,0.5508132820104947,0.0705196400085697
UTM,284,tm,68.60000000000001,0.562979374997667,0.07325257100455929
UTM,285,tm,68.5,0.5657481180096511,0.07331292700837366
UTM,286,tm,68.71000000000001,0.5580376980069559,0.07254655299766455
UTM,287,tm,68.23,0.5615232230047695,0.07295789699128363
UTM,288,tm,68.14,0.5555788310011849,0.07312933399225585
UTM,289,tm,68.46,0.5690922420035349,0.07467457999882754
UTM,290,tm,68.32000000000001,0.5082578180008568,0.07358805600961205
UTM,291,tm,68.34,0.5526390599989099,0.07178647500404622
UTM,292,tm,68.58,0.5539093900006264,0.07061171600071248
UTM,293,tm,68.42,0.5497416170110228,0.0727408279926749
UTM,294,tm,68.7,0.561032541008899,0.07208445799187757
UTM,295,tm,68.4,0.5514374199992744,0.07127886499802116
UTM,296,tm,68.55,0.5628621900104918,0.07375035699806176
UTM,297,tm,68.5,0.5696424119960284,0.07329013099661097
UTM,298,tm,68.41000000000001,0.5588447379996069,0.07349136099219322
UTM,299,tm,68.52000000000001,0.5212148150021676,0.07187964000331704
UTM,300,tm,68.61,0.5484126469964394,0.07042319500760641
UTM,301,tm,68.53,0.5521722879930167,0.07209084999340121
UTM,302,tm,68.52000000000001,0.5552110580028966,0.07181956099520903
UTM,303,tm,68.67,0.5599720950121991,0.07546292898769025
UTM,304,tm,68.30000000000001,0.5617329329979839,0.07573321700328961
UTM,305,tm,68.17999999999999,0.5697403140075039,0.07065832399530336
UTM,306,tm,68.30000000000001,0.5552938030014047,0.07444526600011159
UTM,307,tm,68.47,0.5544115800003055,0.07269539599656127
UTM,308,tm,68.22,0.5637722950050374,0.0719148569914978
UTM,309,tm,68.89,0.5619587510009296,0.07307757799571846
UTM,310,tm,68.51,0.5565522539982339,0.06893292999302503
UTM,311,tm,68.56,0.5533869509963552,0.07173420800245367
UTM,312,tm,68.78,0.5403245699999388,0.07244240799627732
UTM,313,tm,68.69,0.560469773990917,0.07492011699650902
UTM,314,tm,68.67,0.5507119550020434,0.07350413700623903
UTM,315,tm,68.85,0.5699226799915778,0.07116559699352365
UTM,316,tm,68.30000000000001,0.5596926580037689,0.07184749899897724
UTM,317,tm,68.34,0.5561965740052983,0.0742783340101596
UTM,318,tm,68.31,0.5648544980067527,0.07267406600294635
UTM,319,tm,68.14,0.5490593940048711,0.0721385959914187
UTM,320,tm,68.08999999999999,0.5487122670019744,0.07099913600541186
UTM,321,tm,67.99,0.5465049659978831,0.06934941500367131
UTM,322,tm,68.31,0.5667548640049063,0.07032850800896995
UTM,323,tm,68.05,0.5539297940122196,0.07079327700193971
UTM,324,tm,68.28999999999999,0.5536572980054189,0.07411554000282194
UTM,325,tm,68.36,0.5468018129904522,0.0722518120019231
UTM,326,tm,68.0,0.5755198059923714,0.0739375220000511
UTM,327,tm,67.81,0.5569440639956156,0.07318828000279609
UTM,328,tm,67.78999999999999,0.5578105460008373,0.07221099600428715
UTM,329,tm,67.92,0.5592461120104417,0.07223226698988583
UTM,330,tm,67.78999999999999,0.5542091829993296,0.07152835799206514
UTM,331,tm,67.84,0.5531568829901516,0.07266925400472246
UTM,332,tm,67.38,0.5574243459996069,0.0784617079916643
UTM,333,tm,67.78999999999999,0.5493354719947092,0.07236472000658978
UTM,334,tm,67.94,0.567383344998234,0.07118108600843698
UTM,335,tm,68.47999999999999,0.5549783829919761,0.07010815000103321
UTM,336,tm,68.34,0.5597096080018673,0.07302206500025932
UTM,337,tm,68.57,0.5590314080036478,0.07186781799828168
UTM,338,tm,68.16,0.5614966550056124,0.07679386300151236
UTM,339,tm,67.95,0.5577055259927874,0.07484012498753145
UTM,340,tm,67.75,0.5585689279978396,0.07173033300205134
UTM,341,tm,67.84,0.5558308449981268,0.07404952398792375
UTM,342,tm,67.41,0.5477792080055224,0.07251598199945875
UTM,343,tm,67.61,0.5555954379960895,0.07204750100208912
UTM,344,tm,67.72,0.559004628987168,0.07124369899975136
UTM,345,tm,67.7,0.5557501019939082,0.07263374999456573
UTM,346,tm,67.64,0.5653977199981455,0.07328376300574746
UTM,347,tm,68.42,0.5495365359965945,0.07032415400317404
UTM,348,tm,68.77,0.5571841540077003,0.07087197300279513
UTM,349,tm,68.83,0.5639929720055079,0.07528124800592195
UTM,350,tm,68.52000000000001,0.5579149539989885,0.07080469600623474
UTM,351,tm,68.30000000000001,0.5544236549903871,0.07159518200205639
UTM,352,tm,68.51,0.5562230479990831,0.07166528899688274
UTM,353,tm,68.19,0.5600251450086944,0.07536929099296685
UTM,354,tm,68.05,0.5789700890018139,0.07176317099947482
UTM,355,tm,68.23,0.5661087080079596,0.07235106200096197
UTM,356,tm,67.78999999999999,0.5455040189990541,0.07131513700005598
UTM,357,tm,68.25,0.5607290629995987,0.0740017269999953
UTM,358,tm,68.49,0.5520518319972325,0.07198259700089693
UTM,359,tm,68.41000000000001,0.5684932750009466,0.0720172739966074
UTM,360,tm,68.67,0.5555665360006969,0.07395624100172427
UTM,361,tm,68.43,0.5594232559960801,0.07338483500643633
UTM,362,tm,68.58999999999999,0.5725761859939666,0.07395447499584407
UTM,363,tm,68.47,0.5473989449965302,0.07260706700617447
UTM,364,tm,68.49,0.5592693949874956,0.0714237499923911
UTM,365,tm,68.24,0.5205534999986412,0.0730413050041534
UTM,366,tm,68.02,0.5604229649907211,0.07248688500840217
UTM,367,tm,68.45,0.5522830160043668,0.07329279000987299
UTM,368,tm,68.46,0.556570514003397,0.07185709099576343
UTM,369,tm,68.21000000000001,0.5623489449935732,0.07221926000784151
UTM,370,tm,68.17,0.567646406008862,0.0740983400028199
UTM,371,tm,68.28,0.5662107609969098,0.07200049399398267
UTM,372,tm,67.92,0.5561715259973425,0.07066582799598109
UTM,373,tm,67.89,0.5627632859977894,0.0741491860098904
UTM,374,tm,67.67999999999999,0.5576196259935386,0.07131770500564016
UTM,375,tm,68.11,0.5520750029972987,0.07410272400011308
UTM,376,tm,68.38,0.5555111619905801,0.07310300000244752
UTM,377,tm,68.5,0.5588523250044091,0.07394645699241664
UTM,378,tm,68.55,0.5479667889885604,0.07360885299567599
UTM,379,tm,68.75,0.5547178970009554,0.07310995800071396
UTM,380,tm,68.63,0.5650579560024198,0.0718444860103773
UTM,381,tm,68.47,0.5695718759961892,0.07359195999742951
UTM,382,tm,68.96,0.5572101510042557,0.07456162999733351
UTM,383,tm,68.53,0.550234847003594,0.07389513100497425
UTM,384,tm,68.57,0.5483325499953935,0.0736669120087754
UTM,385,tm,68.32000000000001,0.5702926969970576,0.07305149600142613
UTM,386,tm,68.03,0.5582308880111668,0.07297830800234806
UTM,387,tm,68.21000000000001,0.5541711279947776,0.07453800000075717
UTM,388,tm,68.14,0.5581393100001151,0.07600365400139708
UTM,389,tm,68.10000000000001,0.5730937339976663,0.07395627698861063
UTM,390,tm,67.74,0.5512682520056842,0.07222175999777392
UTM,391,tm,68.23,0.548766000996693,0.07386284199310467
UTM,392,tm,68.37,0.5636241669999436,0.07411407599283848
UTM,393,tm,68.58,0.5610750100022415,0.07274163300462533
UTM,394,tm,68.45,0.5597731860034401,0.07341044300119393
UTM,395,tm,68.06,0.5739814160042442,0.07266679200984072
UTM,396,tm,68.63,0.5571916339977179,0.07293391499842983
UTM,397,tm,68.45,0.5581424169940874,0.07101023799623363
UTM,398,tm,68.75,0.5536873730015941,0.07370944699505344
UTM,399,tm,68.64,0.5492936249938793,0.07072545599658042
UTM,400,tm,68.2,0.5525204659934388,0.07306380600493867
UTM,401,tm,68.02,0.5633967670000857,0.0723148599936394
UTM,402,tm,68.17999999999999,0.5594755279889796,0.07263638199947309
UTM,403,tm,68.35,0.5542284609982744,0.07275225200282875
UTM,404,tm,68.07,0.5591574940044666,0.07189292200200725
UTM,405,tm,68.04,0.5527337550010998,0.07321240998862777
UTM,406,tm,68.4,0.5546198029915104,0.07364961699931882
UTM,407,tm,67.86,0.5551865019951947,0.07298633400932886
UTM,408,tm,68.30000000000001,0.5661540669971146,0.07142012199619785
UTM,409,tm,68.33,0.5613098769972567,0.07322255701001268
UTM,410,tm,68.33,0.5665097189921653,0.07147565799823496
UTM,411,tm,68.36,0.5517736619949574,0.0728116910031531
UTM,412,tm,68.65,0.5756936719990335,0.06950195900571998
UTM,413,tm,68.53,0.5572925309970742,0.07293230200593825
UTM,414,tm,68.55,0.5641514849994564,0.07079477299703285
UTM,415,tm,68.03,0.5298853790009161,0.07151145800889935
UTM,416,tm,67.97,0.5592525999963982,0.0725234049896244
UTM,417,tm,67.96,0.5563729499990586,0.07367116000386886
UTM,418,tm,68.64,0.5614471969893202,0.07167649999610148
UTM,419,tm,68.94,0.5577621069969609,0.0719143019960029
UTM,420,tm,68.63,0.5608195839886321,0.07271475601010025
UTM,421,tm,68.17999999999999,0.5720344180008397,0.07288547299685888
UTM,422,tm,67.97,0.5614853500010213,0.07229016900237184
UTM,423,tm,68.33,0.5562307049985975,0.07309258700115606
UTM,424,tm,68.21000000000001,0.5597783130069729,0.07065259899536613
UTM,425,tm,67.73,0.5743513299967162,0.07345133701164741
UTM,426,tm,68.04,0.5528249589988263,0.0727595029893564
UTM,427,tm,67.88,0.560242779989494,0.07069241399585735
UTM,428,tm,68.67999999999999,0.5651193640078418,0.07323287300823722
UTM,429,tm,68.51,0.573041761002969,0.0732352260092739
UTM,430,tm,68.55,0.5551836009981344,0.07324838799831923
UTM,431,tm,68.78,0.5665946210065158,0.07343133400718216
UTM,432,tm,69.04,0.5717103680071887,0.07337276299949735
UTM,433,tm,68.58999999999999,0.5657925849955063,0.07356397499097511
UTM,434,tm,68.49,0.5690599240042502,0.07301938699674793
UTM,435,tm,68.10000000000001,0.5594710360019235,0.07215294901106972
UTM,436,tm,67.75999999999999,0.559882228000788,0.07399165799142793
UTM,437,tm,67.99,0.5586689210031182,0.07239804400887806
UTM,438,tm,68.51,0.5586738050042186,0.07429996800783556
UTM,439,tm,68.13,0.5543251849885564,0.07334887799515855
UTM,440,tm,68.4,0.5652925100002903,0.0734197830024641
UTM,441,tm,68.67,0.5698639109905344,0.07147454700316302
UTM,442,tm,68.15,0.5608843819936737,0.07118829600221943
UTM,443,tm,68.45,0.5185850620036945,0.07282490500074346
UTM,444,tm,68.49,0.5559154130023671,0.07367035800416488
UTM,445,tm,68.38,0.5627561080036685,0.07244986100704409
UTM,446,tm,68.28999999999999,0.5621634440030903,0.07464431801054161
UTM,447,tm,68.44,0.5604940940102097,0.07298129799892195
UTM,448,tm,68.06,0.5581120750139235,0.07151357700058725
UTM,449,tm,68.24,0.5660520029923646,0.06942070199875161
UTM,450,tm,68.43,0.558425808994798,0.07089769099547993
UTM,451,tm,67.86,0.5529404349945253,0.07257000700337812
UTM,452,tm,68.11,0.5690885130024981,0.07384526899841148
UTM,453,tm,68.49,0.5583732410013909,0.072956960008014
UTM,454,tm,68.51,0.5617574339994462,0.07396208700083662
UTM,455,tm,68.43,0.5581417430075817,0.07197452599939425
UTM,456,tm,68.2,0.549100082993391,0.07319820400152821
UTM,457,tm,68.39,0.5610752450011205,0.07333708000078332
UTM,458,tm,68.67999999999999,0.5591773180058226,0.07099944500077982
UTM,459,tm,68.74,0.5594944830081658,0.07143118399835657
UTM,460,tm,68.30000000000001,0.5634762769914232,0.07021933599025942
UTM,461,tm,68.17,0.5619286529981764,0.0719805569970049
UTM,462,tm,67.67999999999999,0.5615101419971325,0.07366872399870772
UTM,463,tm,68.2,0.5688740959885763,0.07390811799268704
UTM,464,tm,68.11,0.5557170999964001,0.0728218729927903
UTM,465,tm,68.37,0.5604919730103575,0.07218819699482992
UTM,466,tm,67.81,0.5523901520064101,0.07396933200652711
UTM,467,tm,68.36,0.5473913690075278,0.0742979510105215
UTM,468,tm,67.81,0.5625048689980758,0.07054534400231205
UTM,469,tm,67.96,0.5564870659873122,0.07382783900538925
UTM,470,tm,68.56,0.5655784240079811,0.07268068300618324
UTM,471,tm,68.39,0.5738451479992364,0.07082327900570817
UTM,472,tm,68.41000000000001,0.543349331986974,0.0739755510003306
UTM,473,tm,68.11,0.5734430960001191,0.07366376000572927
UTM,474,tm,68.41000000000001,0.5688148479966912,0.07509606699750293
UTM,475,tm,68.25,0.5648444179969374,0.07118525399710052
UTM,476,tm,68.07,0.554395495011704,0.07297038500837516
UTM,477,tm,68.07,0.5596815930039156,0.07480391999706626
UTM,478,tm,68.07,0.5557093410025118,0.07210315599513706
UTM,479,tm,68.28999999999999,0.559246662989608,0.07230630599951837
UTM,480,tm,68.57,0.5581442800030345,0.07322797099186573
UTM,481,tm,68.25,0.5581678129965439,0.0710812530014664
UTM,482,tm,68.71000000000001,0.5690655939979479,0.07258913000987377
UTM,483,tm,68.84,0.5600201409979491,0.07240395901317243
UTM,484,tm,68.45,0.5728231840039371,0.0749621660070261
UTM,485,tm,68.44,0.5620823740027845,0.07291726800031029
UTM,486,tm,68.56,0.5686494230030803,0.07384001500031445
UTM,487,tm,68.37,0.5595375830016565,0.07159742899239063
UTM,488,tm,68.19,0.5587760760099627,0.07316901300509926
UTM,489,tm,68.51,0.5637580400070874,0.07150820200331509
UTM,490,tm,68.61,0.5668474079866428,0.07293917999777477
UTM,491,tm,68.44,0.5471161140012555,0.07141288999991957
UTM,492,tm,68.44,0.5572955600073328,0.07258660800289363
UTM,493,tm,68.02,0.5646507920027943,0.07376736999140121
UTM,494,tm,68.25,0.5586394290003227,0.07419318199390545
UTM,495,tm,68.11,0.5630931329942541,0.07262747100321576
UTM,496,tm,67.94,0.5703354130091611,0.07234753700322472
UTM,497,tm,68.26,0.5646442810102599,0.07346555299591273
UTM,498,tm,67.86,0.5636286869994365,0.07432827599404845
UTM,499,tm,68.41000000000001,0.5700574869988486,0.07544713300012518
UTM,500,tm,68.49,0.5708139089983888,0.0738796219957294
WTM,1,tm,61.199999999999996,0.46984087201417424,0.06454413100436796
WTM,2,tm,66.12,0.41294392199779395,0.06432530700112693
WTM,3,tm,66.13,0.4054402879992267,0.0647376659908332
WTM,4,tm,65.68,0.3923933850019239,0.06346920299984049
WTM,5,tm,69.11,0.37741019600071013,0.06419934899895452
WTM,6,tm,70.7,0.36335986299673095,0.06406773299386259
WTM,7,tm,67.9,0.3568266520014731,0.064432309998665
WTM,8,tm,70.53,0.35812156299653,0.0637275530025363
WTM,9,tm,69.78,0.3581986030039843,0.06453817000146955
WTM,10,tm,69.66,0.3452623589982977,0.066037390002748
WTM,11,tm,66.17,0.34209266099787783,0.06622315999993589
WTM,12,tm,67.7,0.34892307499831077,0.06479975799447857
WTM,13,tm,68.2,0.34057010199467186,0.06391078600427136
WTM,14,tm,71.73,0.3486586910003098,0.0644627430010587
WTM,15,tm,71.97,0.34209848499449436,0.06421366300492082
WTM,16,tm,70.41,0.3360462779965019,0.06223797700658906
WTM,17,tm,68.23,0.3331576019991189,0.0660061050002696
WTM,18,tm,70.54,0.3369778199994471,0.06473960100265685
WTM,19,tm,70.24000000000001,0.3353852019936312,0.06568464099837001
WTM,20,tm,72.49,0.3364673629985191,0.06497303300420754
WTM,21,tm,72.95,0.33162906700454187,0.06460372998844832
WTM,22,tm,70.95,0.33685866999439895,0.06582191199413501
WTM,23,tm,71.45,0.33340532099828124,0.06595519799157046
WTM,24,tm,69.35,0.332430522001232,0.06424705201061442
WTM,25,tm,67.72,0.3359430929995142,0.06432615200174041
WTM,26,tm,72.11999999999999,0.32786537100037094,0.06547202799993102
WTM,27,tm,73.49,0.33471144699433353,0.06588232700596564
WTM,28,tm,71.24000000000001,0.32789065899851266,0.06990218001010362
WTM,29,tm,72.23,0.3254516960005276,0.06559896600083448
WTM,30,tm,70.24000000000001,0.33781916700536385,0.06553643899678718
WTM,31,tm,73.04,0.3247843919962179,0.06466828599513974
WTM,32,tm,74.8,0.3121820789965568,0.06506591000652406
WTM,33,tm,66.88,0.34029938399908133,0.06721311900764704
WTM,34,tm,74.55000000000001,0.3315443729952676,0.06468679998943117
WTM,35,tm,73.64,0.33928205400297884,0.06436910800402984
WTM,36,tm,74.57000000000001,0.3214682559919311,0.06504273798782378
WTM,37,tm,71.31,0.3284887059999164,0.06300691900833044
WTM,38,tm,72.02,0.32240937200549524,0.06447885200032033
WTM,39,tm,71.36,0.32816166599513963,0.06557740400603507
WTM,40,tm,73.3,0.3263999159971718,0.06475237700215075
WTM,41,tm,71.22,0.32822560699423775,0.06480989699775819
WTM,42,tm,70.42,0.33626153400109615,0.06525248799880501
WTM,43,tm,72.11,0.33348081599979196,0.06706034700619057
WTM,44,tm,69.89,0.32333658600691706,0.06503583000448998
WTM,45,tm,70.19,0.3286460779927438,0.06595407200802583
WTM,46,tm,74.29,0.3266251090099104,0.06406825900194235
WTM,47,tm,70.93,0.32019813198712654,0.06593423499725759
WTM,48,tm,73.09,0.3234205769986147,0.06563639000523835
WTM,49,tm,74.02,0.3273898170009488,0.0664788169960957
WTM,50,tm,70.53,0.32553665500017814,0.0660545050050132
WTM,51,tm,72.85000000000001,0.3202247279987205,0.06662507899454795
WTM,52,tm,73.03,0.3170266880042618,0.06670307299646083
WTM,53,tm,68.57,0.3218984909908613,0.06419161200756207
WTM,54,tm,69.03,0.32044471200788394,0.0644942000071751
WTM,55,tm,70.07,0.3231834010075545,0.06493553800100926
WTM,56,tm,72.3,0.3299038340046536,0.06429240699799266
WTM,57,tm,71.15,0.3235963269980857,0.06600391899701208
WTM,58,tm,73.86,0.31327729200711474,0.06477170500147622
WTM,59,tm,74.03,0.33015883099869825,0.06706025199673604
WTM,60,tm,71.89999999999999,0.3314634280104656,0.06554210299509577
WTM,61,tm,72.96000000000001,0.3120060039946111,0.06500094399962109
WTM,62,tm,73.19,0.3239199809904676,0.06433359599031974
WTM,63,tm,74.49,0.3201928729977226,0.06610788800753653
WTM,64,tm,71.83,0.3184318340063328,0.06533558899536729
WTM,65,tm,70.1,0.32684905199857894,0.06726801900367718
WTM,66,tm,73.57000000000001,0.3268838449876057,0.06414150999626145
WTM,67,tm,74.97,0.33093689000816084,0.06522366999706719
WTM,68,tm,74.41,0.329326551000122,0.0645593219960574
WTM,69,tm,75.66000000000001,0.3277765340026235,0.06433894899964798
WTM,70,tm,72.55,0.3214578680053819,0.06510565300413873
WTM,71,tm,72.31,0.3194022509997012,0.0648810249986127
WTM,72,tm,72.41,0.3231896250072168,0.06600977299967781
WTM,73,tm,71.56,0.32218260900117457,0.06463682900357526
WTM,74,tm,73.34,0.3287886000034632,0.06512854300672188
WTM,75,tm,72.0,0.312152544996934,0.06551074900198728
WTM,76,tm,73.46000000000001,0.3223589919944061,0.0656651850003982
WTM,77,tm,73.2,0.320887035006308,0.06482548399071675
WTM,78,tm,72.61,0.32918122499540914,0.07023435999872163
WTM,79,tm,71.57,0.3134560010075802,0.06562634999863803
WTM,80,tm,72.99,0.3247593389969552,0.065764084996772
WTM,81,tm,73.61999999999999,0.3172978240036173,0.06576932899770327
WTM,82,tm,73.64,0.31389168598980177,0.06506700400495902
WTM,83,tm,71.94,0.3211281650001183,0.06474692799383774
WTM,84,tm,65.89,0.3227256079990184,0.06501808900793549
WTM,85,tm,71.41999999999999,0.31995726699824445,0.06593914500263054
WTM,86,tm,70.04,0.31965342701005284,0.06673241200041957
WTM,87,tm,74.38,0.3273811300023226,0.06650131600326858
WTM,88,tm,70.61,0.31976232599117793,0.06634907600528095
WTM,89,tm,71.98,0.30827757400402334,0.0651439310022397
WTM,90,tm,72.8,0.31787732799421065,0.0648340960033238
WTM,91,tm,73.92,0.3179634249972878,0.06635207300132606
WTM,92,tm,74.75,0.3178302930027712,0.06584384500456508
WTM,93,tm,74.02,0.32121595900389366,0.06477976699534338
WTM,94,tm,73.50999999999999,0.32822047399531584,0.0676084790029563
WTM,95,tm,73.28,0.3167413210030645,0.06537091499194503
WTM,96,tm,74.0,0.31908431299962103,0.06357652400038205
WTM,97,tm,74.64,0.31769419499323703,0.06533700600266457
WTM,98,tm,72.68,0.313314052997157,0.0649023110017879
WTM,99,tm,71.92,0.322805898002116,0.06491276400629431
WTM,100,tm,73.08,0.3238524269982008,0.06592971200007014
WTM,101,tm,71.87,0.31357697599742096,0.06481199599511456
WTM,102,tm,70.44,0.31810604299244005,0.06417375100136269
WTM,103,tm,74.07000000000001,0.32682786200894043,0.06685687499702908
WTM,104,tm,70.96000000000001,0.3178146669961279,0.06495026701304596
WTM,105,tm,70.1,0.33707835798850283,0.06537153500539716
WTM,106,tm,73.45,0.3210158220026642,0.06631638700491749
WTM,107,tm,72.08,0.3197097709926311,0.06576200800191145
WTM,108,tm,71.87,0.31692179800302256,0.06466812999860849
WTM,109,tm,74.2,0.3177866170008201,0.07219297600386199
WTM,110,tm,72.95,0.31966280000051484,0.06464828799653333
WTM,111,tm,74.52,0.3221415560110472,0.06434430400258861
WTM,112,tm,73.22999999999999,0.3212985219870461,0.06442635199346114
WTM,113,tm,71.95,0.32666742699802853,0.0650669220049167
WTM,114,tm,72.74000000000001,0.3244290400034515,0.0648109190078685
WTM,115,tm,74.0,0.32461382099427283,0.0646403709979495
WTM,116,tm,72.28,0.3173601260059513,0.06540094999945723
WTM,117,tm,71.91,0.3175740160077112,0.06477864900080021
WTM,118,tm,73.52,0.32103409599221777,0.06431033299304545
WTM,119,tm,70.42,0.3156220789969666,0.06536542999674566
WTM,120,tm,71.41,0.3149077600101009,0.06480143900262192
WTM,121,tm,73.19,0.3242543569940608,0.06603820700547658
WTM,122,tm,73.33,0.320456439992995,0.06472193800436798
WTM,123,tm,70.0,0.31447573700279463,0.0667414369963808
WTM,124,tm,72.53,0.3135919860069407,0.06524145900039002
WTM,125,tm,73.61,0.32019803700677585,0.06449009000789374
WTM,126,tm,72.22,0.31137705699075013,0.06516426400048658
WTM,127,tm,72.84,0.31829012400703505,0.06467586899816524
WTM,128,tm,70.92,0.3173622710019117,0.06473099799768534
WTM,129,tm,72.56,0.3209979039966129,0.06365850499423686
WTM,130,tm,75.07000000000001,0.324109913999564,0.06623503399896435
WTM,131,tm,70.87,0.3247169090027455,0.0646341990068322
WTM,132,tm,72.39999999999999,0.32472068099013995,0.06783643299422693
WTM,133,tm,69.71000000000001,0.3186482460005209,0.06476304499665275
WTM,134,tm,73.41,0.32082999500562437,0.06683694399544038
WTM,135,tm,70.72,0.3189439260022482,0.0654480910015991
WTM,136,tm,74.92,0.31761476999963634,0.06612340699939523
WTM,137,tm,70.72,0.31674691500666086,0.06587029100046493
WTM,138,tm,72.74000000000001,0.30374076700536534,0.06392417300958186
WTM,139,tm,71.78999999999999,0.3094775200006552,0.06514208400039934
WTM,140,tm,73.27,0.3120341159956297,0.06682600101339631
WTM,141,tm,72.87,0.3105457369965734,0.0660574220091803
WTM,142,tm,74.29,0.31687864400737453,0.06850299698999152
WTM,143,tm,73.25,0.32013193200691603,0.06491599799483083
WTM,144,tm,74.77000000000001,0.32151398999849334,0.06523464199563023
WTM,145,tm,74.22999999999999,0.31324902099731844,0.06390624900814146
WTM,146,tm,72.95,0.3121029080066364,0.0642025709967129
WTM,147,tm,74.39,0.3100771879981039,0.06622395099839196
WTM,148,tm,73.9,0.319311443992774,0.06508982600644231
WTM,149,tm,74.71,0.31681227100489195,0.06514180700469296
WTM,150,tm,76.02,0.3177449539944064,0.06571585399797186
WTM,151,tm,73.47,0.3205637030041544,0.06586818399955519
WTM,152,tm,73.45,0.3118342420057161,0.06471070100087672
WTM,153,tm,73.22999999999999,0.31807921499421354,0.06552360000205226
WTM,154,tm,71.03,0.3118395299970871,0.06611998999142088
WTM,155,tm,71.92,0.30784814299840946,0.06508410700189415
WTM,156,tm,73.15,0.310984414012637,0.06764142400061246
WTM,157,tm,74.22999999999999,0.31316932300978806,0.06453170500753913
WTM,158,tm,73.94,0.31464317899371963,0.06481919399811886
WTM,159,tm,72.56,0.3253839990065899,0.06494397000642493
WTM,160,tm,72.87,0.3165183149976656,0.06526661499810871
WTM,161,tm,74.28,0.3210456609958783,0.06480824100435711
WTM,162,tm,72.49,0.3191984550066991,0.0659392539964756
WTM,163,tm,73.83,0.31906260100367945,0.07136942700890359
WTM,164,tm,71.7,0.3154763860075036,0.06627531300182454
WTM,165,tm,74.53999999999999,0.30779904300288763,0.0663353760028258
WTM,166,tm,73.13,0.3152896460087504,0.06665999299730174
WTM,167,tm,74.51,0.3171553040010622,0.06607037800131366
WTM,168,tm,70.22,0.3111483540124027,0.06647289599641226
WTM,169,tm,75.14,0.31318146400735714,0.06562780700915027
WTM,170,tm,71.19,0.31731405400205404,0.0658841160038719
WTM,171,tm,72.3,0.31136084799072705,0.06745407699781936
WTM,172,tm,72.64,0.31575133300793823,0.06854073199792765
WTM,173,tm,72.72,0.3222010629979195,0.06484898200142197
WTM,174,tm,73.22999999999999,0.31633742299163714,0.0674975089932559
WTM,175,tm,70.87,0.312706974989851,0.06477438099682331
WTM,176,tm,73.26,0.3115735309984302,0.06539359499583952
WTM,177,tm,71.13000000000001,0.31533122099062894,0.0662133809964871
WTM,178,tm,75.44999999999999,0.3207028180040652,0.06559417500102427
WTM,179,tm,72.03,0.3265836799982935,0.06831912099733017
WTM,180,tm,74.11999999999999,0.3164353820029646,0.0656201170058921
WTM,181,tm,72.66,0.31437765699229203,0.06598888800363056
WTM,182,tm,74.6,0.3105665820039576,0.06777679600054398
WTM,183,tm,71.92,0.3156739239930175,0.06511821899039205
WTM,184,tm,71.13000000000001,0.32065670799056534,0.06777337299718056
WTM,185,tm,72.11,0.32666109199635684,0.07138139000744559
WTM,186,tm,74.65,0.3253773850010475,0.06620414200006053
WTM,187,tm,73.1,0.31779372300661635,0.066208459000336
WTM,188,tm,69.1,0.3184374919947004,0.06542626899317838
WTM,189,tm,74.91,0.3155747909913771,0.0645893850014545
WTM,190,tm,73.07000000000001,0.3120266820042161,0.06372768100118265
WTM,191,tm,72.43,0.314519969993853,0.06573297300201375
WTM,192,tm,73.91,0.31194921099813655,0.06846635199326556
WTM,193,tm,71.09,0.33037201799743343,0.06557271500059869
WTM,194,tm,73.88,0.31471897900337353,0.06596646099933423
WTM,195,tm,74.35000000000001,0.32955633800884243,0.0672495579929091
WTM,196,tm,73.19,0.3143878879927797,0.06736770599673036
WTM,197,tm,72.31,0.31500678599695675,0.06536440299532842
WTM,198,tm,71.09,0.3120698990096571,0.06579974300984759
WTM,199,tm,72.57000000000001,0.31150651500502136,0.06659928199951537
WTM,200,tm,72.67,0.31447278399718925,0.06497342899092473
WTM,201,tm,74.19,0.3148073959891917,0.06658095298917033
WTM,202,tm,74.69,0.30901376900146715,0.06937436599400826
WTM,203,tm,73.18,0.3099021999951219,0.0647022269986337
WTM,204,tm,73.37,0.3077496030018665,0.06618468101078179
WTM,205,tm,72.28999999999999,0.30408716399688274,0.06480287699378096
WTM,206,tm,74.87,0.3117331009998452,0.06523396499687806
WTM,207,tm,67.60000000000001,0.3173530489875702,0.06582233500375878
WTM,208,tm,72.8,0.3174040080048144,0.06484420399647206
WTM,209,tm,74.18,0.3055566739931237,0.06492572899151128
WTM,210,tm,72.26,0.3124948030017549,0.06623890400805976
WTM,211,tm,72.39,0.3155042529979255,0.06557919199985918
WTM,212,tm,72.14,0.32539531200018246,0.06564753199927509
WTM,213,tm,71.75,0.3215522590035107,0.0659449160011718
WTM,214,tm,75.42999999999999,0.3138234240032034,0.06671137698867824
WTM,215,tm,71.53,0.3100511689990526,0.06564987100136932
WTM,216,tm,72.86,0.3157550949981669,0.06766672199591994
WTM,217,tm,73.9,0.3176331809954718,0.06375440199917648
WTM,218,tm,73.8,0.31703185399237555,0.0648154170048656
WTM,219,tm,72.33000000000001,0.31602104399644304,0.06569156500336248
WTM,220,tm,74.65,0.30832088299212046,0.06627557300089393
WTM,221,tm,71.83,0.3041230880044168,0.06699353001022246
WTM,222,tm,72.98,0.3211423499888042,0.06625035799515899
WTM,223,tm,73.36,0.31570816700696014,0.0663131670007715
WTM,224,tm,72.2,0.32374073400569614,0.06640433600114193
WTM,225,tm,73.49,0.3163768430094933,0.0647343120072037
WTM,226,tm,72.74000000000001,0.3156100190099096,0.06544132700946648
WTM,227,tm,73.53,0.3079467729985481,0.06500344300002325
WTM,228,tm,72.45,0.3094822769926395,0.0659584469976835
WTM,229,tm,73.96000000000001,0.31074005900882185,0.06605548200604971
WTM,230,tm,71.66,0.31561948799935635,0.06591708499763627
WTM,231,tm,69.31,0.31109362600545865,0.0670426519936882
WTM,232,tm,68.43,0.3139232579997042,0.0667146090127062
WTM,233,tm,73.33,0.3189339989912696,0.06568667599640321
WTM,234,tm,71.00999999999999,0.3164981309964787,0.06676183101080824
WTM,235,tm,70.02000000000001,0.3189614650036674,0.06543764000525698
WTM,236,tm,74.9,0.31817210699955467,0.0659925609943457
WTM,237,tm,73.85000000000001,0.31292062799911946,0.06650167900079396
WTM,238,tm,72.38,0.3119666129932739,0.06629719899501652
WTM,239,tm,75.22,0.31079068999679293,0.06553224299568683
WTM,240,tm,74.66000000000001,0.316241558000911,0.06511198000225704
WTM,241,tm,73.00999999999999,0.32019744798890315,0.06849629999487661
WTM,242,tm,73.03,0.31481659700511955,0.06565991799288895
WTM,243,tm,71.50999999999999,0.3097919970023213,0.06654825700388756
WTM,244,tm,74.9,0.3105375860031927,0.06732733600074425
WTM,245,tm,74.35000000000001,0.30971457999839913,0.0660672749945661
WTM,246,tm,75.19,0.31611327499558683,0.06804285799444187
WTM,247,tm,73.82,0.3048074319958687,0.06611015299858991
WTM,248,tm,73.94,0.30910885900084395,0.06625323100888636
WTM,249,tm,72.86,0.31820771099592093,0.06628721300512552
WTM,250,tm,73.83,0.3210622469923692,0.0683859639975708
WTM,251,tm,75.03,0.32038687700696755,0.06550909799989313
WTM,252,tm,72.27,0.3192457750119502,0.06548952100274619
WTM,253,tm,72.07000000000001,0.31698067400429863,0.06686530499428045
WTM,254,tm,72.92,0.3206791789998533,0.06615959299961105
WTM,255,tm,70.21,0.31544482699246146,0.06626634299755096
WTM,256,tm,75.56,0.3097024309972767,0.0654939809901407
WTM,257,tm,71.37,0.309018482992542,0.06692863898933865
WTM,258,tm,72.48,0.310692047001794,0.0654636959952768
WTM,259,tm,74.2,0.3193608919973485,0.06662481300008949
WTM,260,tm,71.82,0.3149299479991896,0.06533982300607022
WTM,261,tm,70.39999999999999,0.32159469899488613,0.06559304599068128
WTM,262,tm,75.16000000000001,0.31275162000383716,0.06541789500624873
WTM,263,tm,72.98,0.30001394099963363,0.06625437400361989
WTM,264,tm,74.6,0.3188132719951682,0.06483405000471976
WTM,265,tm,73.87,0.3103828660096042,0.06627544799994212
WTM,266,tm,72.7,0.3127255569997942,0.06505357999412809
WTM,267,tm,72.67,0.31876737100537866,0.0648150320048444
WTM,268,tm,70.84,0.3121849919989472,0.06831215300189797
WTM,269,tm,73.63,0.32163200799550395,0.06546852500468958
WTM,270,tm,74.97,0.3228695119905751,0.06484753999393433
WTM,271,tm,71.84,0.314935415997752,0.06728128700342495
WTM,272,tm,71.6,0.3118616209976608,0.06563909399847034
WTM,273,tm,72.48,0.3194454599870369,0.06667987300897948
WTM,274,tm,73.22,0.3142927600129042,0.06543092500942294
WTM,275,tm,74.71,0.32530038300319575,0.0650725710002007
WTM,276,tm,75.02,0.3215780719910981,0.06655317801050842
WTM,277,tm,72.89999999999999,0.3218558730004588,0.0670135350083001
WTM,278,tm,74.15,0.3174276390054729,0.06808624500990845
WTM,279,tm,73.72999999999999,0.31469711200043093,0.06696191400988027
WTM,280,tm,73.03,0.31795334299386013,0.06571365598938428
WTM,281,tm,71.04,0.3123692280059913,0.06402082300337497
WTM,282,tm,75.27000000000001,0.313956618992961,0.06611979199806228
WTM,283,tm,71.3,0.3202749330084771,0.06431125100061763
WTM,284,tm,74.88,0.31700672999431845,0.06553277499915566
WTM,285,tm,74.08,0.3167025370057672,0.06543535299715586
WTM,286,tm,69.1,0.31257553699833807,0.06691172100545373
WTM,287,tm,72.75,0.3176321310020285,0.06521603600413073
WTM,288,tm,71.67999999999999,0.3183189279952785,0.06633451000379864
WTM,289,tm,73.74000000000001,0.30147666300763376,0.06700625900703017
WTM,290,tm,72.18,0.3212645469902782,0.06528615400020499
WTM,291,tm,73.42999999999999,0.3255483139946591,0.06655110498832073
WTM,292,tm,73.28,0.3172320129961008,0.0662908289959887
WTM,293,tm,69.93,0.31490943700191565,0.06658159899234306
WTM,294,tm,73.02,0.31361015199217945,0.06564130100014154
WTM,295,tm,74.27,0.30872000199451577,0.06623419700190425
WTM,296,tm,72.92,0.312544637999963,0.06668262399034575
WTM,297,tm,74.08,0.3209370249969652,0.06757892100722529
WTM,298,tm,73.76,0.31447759000002407,0.06571197399171069
WTM,299,tm,76.08,0.319823185011046,0.06601357500767335
WTM,300,tm,74.17,0.31040106700675096,0.06613380399357993
WTM,301,tm,69.78999999999999,0.31412293600442354,0.06550933899416123
WTM,302,tm,74.45,0.3123206379968906,0.06470250600250438
WTM,303,tm,73.47,0.3129250579950167,0.06602187700627837
WTM,304,tm,73.26,0.3012206499988679,0.06572592500015162
WTM,305,tm,71.69,0.3184137509961147,0.0659358959965175
WTM,306,tm,74.35000000000001,0.3158640690089669,0.06708421799703501
WTM,307,tm,73.72,0.30822945600084495,0.06634297799610067
WTM,308,tm,74.16,0.3097554010018939,0.06749924599716906
WTM,309,tm,74.49,0.31483881300664507,0.0649048280029092
WTM,310,tm,73.11999999999999,0.3066358130017761,0.06613318501331378
WTM,311,tm,70.46,0.31953540100948885,0.06625046601402573
WTM,312,tm,73.0,0.31145016200025566,0.06756912500713952
WTM,313,tm,73.24000000000001,0.31142451699997764,0.06569134199526161
WTM,314,tm,74.02,0.3141302449948853,0.06649465698865242
WTM,315,tm,71.04,0.31265739400987513,0.06214309501228854
WTM,316,tm,74.83999999999999,0.31397990000550635,0.06576018300256692
WTM,317,tm,74.29,0.30902087899448816,0.06427065101161133
WTM,318,tm,75.42999999999999,0.31580922899593133,0.06605756799399387
WTM,319,tm,76.0,0.309375518001616,0.0661297610058682
WTM,320,tm,73.26,0.3144638880039565,0.06591124599799514
WTM,321,tm,72.63,0.31796552501327824,0.06539466300455388
WTM,322,tm,72.66,0.3147716249950463,0.06500349300040398
WTM,323,tm,72.92999999999999,0.3073963939968962,0.06458229500276502
WTM,324,tm,75.25,0.3110978129989235,0.06547354400390759
WTM,325,tm,74.8,0.31152816899702884,0.06507591699482873
WTM,326,tm,75.39,0.318420101000811,0.06522503799351398
WTM,327,tm,73.61,0.31533657701220363,0.06705253799736965
WTM,328,tm,73.18,0.311066498994478,0.0654851800063625
WTM,329,tm,75.47,0.3203591570054414,0.06776804898981936
WTM,330,tm,70.24000000000001,0.31904533501074184,0.06586887501180172
WTM,331,tm,75.8,0.321019939990947,0.06546007499855477
WTM,332,tm,69.63000000000001,0.31828260600741487,0.06673658300132956
WTM,333,tm,73.89,0.3155782289977651,0.06209120100538712
WTM,334,tm,74.48,0.3144664949941216,0.06614083200111054
WTM,335,tm,72.94,0.3062508529983461,0.06664976700267289
WTM,336,tm,74.22,0.31354159499460366,0.06712418899405748
WTM,337,tm,75.31,0.31833341300080065,0.06628095101041254
WTM,338,tm,73.57000000000001,0.3184926149988314,0.06543394400796387
WTM,339,tm,75.06,0.3110733499925118,0.06485955299285706
WTM,340,tm,73.85000000000001,0.31048427399946377,0.06783366498711985
WTM,341,tm,73.27,0.3176856689970009,0.06471323299047071
WTM,342,tm,73.46000000000001,0.31496226899616886,0.06678644199564587
WTM,343,tm,70.7,0.3149605209910078,0.06605154799763113
WTM,344,tm,66.66,0.30866630299715325,0.0678698709962191
WTM,345,tm,68.99,0.30664062600408215,0.06620148499496281
WTM,346,tm,76.17,0.31403696299821604,0.06591445700905751
WTM,347,tm,74.71,0.30305641300219577,0.06746269599534571
WTM,348,tm,72.96000000000001,0.30925667799601797,0.06776182999601588
WTM,349,tm,74.08,0.3118012110062409,0.0667899769905489
WTM,350,tm,74.3,0.3103302689996781,0.06737800200062338
WTM,351,tm,71.67,0.31503259400778916,0.06825306300015654
WTM,352,tm,72.57000000000001,0.31296183599624783,0.06697115000861231
WTM,353,tm,73.57000000000001,0.3186849479970988,0.06552648100478109
WTM,354,tm,72.11999999999999,0.3134047319908859,0.06542679600534029
WTM,355,tm,74.39,0.31087179499445483,0.06522439100081101
WTM,356,tm,70.59,0.3195681999932276,0.0666719720029505
WTM,357,tm,74.28,0.3124137230042834,0.06605358100205194
WTM,358,tm,71.86,0.31441146999713965,0.06596263199753594
WTM,359,tm,72.15,0.3103807709994726,0.0653567139961524
WTM,360,tm,74.32,0.319071535996045,0.06633794700610451
WTM,361,tm,74.26,0.31415328300499823,0.06563914399885107
WTM,362,tm,72.19,0.3155069909989834,0.06448597898997832
WTM,363,tm,74.33999999999999,0.3148697870055912,0.06677174899959937
WTM,364,tm,73.96000000000001,0.3068628970067948,0.066783176996978
WTM,365,tm,74.31,0.3048451670038048,0.06471255999349523
WTM,366,tm,73.00999999999999,0.3097009489865741,0.06730032300401945
WTM,367,tm,73.68,0.311151226007496,0.06640911300200969
WTM,368,tm,72.26,0.3143758150108624,0.06609530499554239
WTM,369,tm,74.83,0.32276481499138754,0.06663395999930799
WTM,370,tm,74.38,0.3140769010060467,0.06520100399211515
WTM,371,tm,70.06,0.308093198997085,0.06607488100416958
WTM,372,tm,70.72,0.32118817599257454,0.06607550600892864
WTM,373,tm,71.09,0.3165208230057033,0.06700412099598907
WTM,374,tm,72.1,0.32035141899541486,0.06781468700501136
WTM,375,tm,74.03,0.3133443039987469,0.06698396700085141
WTM,376,tm,74.97,0.30678987300780136,0.06565385499561671
WTM,377,tm,74.79,0.31269703900034074,0.06674040100187995
WTM,378,tm,73.3,0.3132861370104365,0.06700290899607353
WTM,379,tm,74.27,0.3109564829937881,0.06665369399706833
WTM,380,tm,73.45,0.308235037009581,0.06721325698890723
WTM,381,tm,71.67999999999999,0.29504809000354726,0.06498651100264397
WTM,382,tm,73.58,0.31605106600909494,0.0656922539928928
WTM,383,tm,74.5,0.3130481229891302,0.06704602000536397
WTM,384,tm,71.59,0.316025444000843,0.06609838399162982
WTM,385,tm,68.01,0.3185048360028304,0.0667605999915395
WTM,386,tm,69.54,0.30873097899893764,0.06831067500752397
WTM,387,tm,75.37,0.31438264400640037,0.06773313900339417
WTM,388,tm,72.09,0.31354223300877493,0.06580317299813032
WTM,389,tm,74.08,0.30755580599361565,0.06481621599232312
WTM,390,tm,70.78,0.3153925509977853,0.06501355099317152
WTM,391,tm,72.04,0.3169207989994902,0.06689957100024913
WTM,392,tm,74.44,0.31249601299350616,0.0651632080116542
WTM,393,tm,73.68,0.32488169000134803,0.06725927701336332
WTM,394,tm,74.94,0.31576630400377326,0.06881556200096384
WTM,395,tm,72.82,0.3157669630018063,0.066597703989828
WTM,396,tm,75.8,0.317577676003566,0.06656707701040432
WTM,397,tm,74.09,0.3093481090036221,0.06635963299777359
WTM,398,tm,71.31,0.3171922080073273,0.06470092300151009
WTM,399,tm,74.49,0.31513905299652833,0.06517404799524229
WTM,400,tm,72.24000000000001,0.3092009450047044,0.06814916600706056
WTM,401,tm,72.68,0.31011365000449587,0.06833923200611025
WTM,402,tm,71.08,0.31036550799035467,0.06622355199942831
WTM,403,tm,72.37,0.312381636002101,0.06305943299958017
WTM,404,tm,73.55000000000001,0.31374170900380705,0.06411774500156753
WTM,405,tm,74.83999999999999,0.30717377200198825,0.06649827900400851
WTM,406,tm,71.83,0.31394950598769356,0.06563997799821664
WTM,407,tm,73.91,0.30827036799746566,0.06587314599892125
WTM,408,tm,73.37,0.3063683910004329,0.06550709299335722
WTM,409,tm,74.76,0.3161931399954483,0.06591039799968712
WTM,410,tm,73.57000000000001,0.3165669989975868,0.0660570780019043
WTM,411,tm,74.59,0.3088149789982708,0.06677064800169319
WTM,412,tm,73.36,0.32092697999905795,0.06625562498811632
WTM,413,tm,70.86,0.32203596700855996,0.06645821100391913
WTM,414,tm,72.81,0.3174345639999956,0.06428183200478088
WTM,415,tm,73.44000000000001,0.31122598799993284,0.06543720100307837
WTM,416,tm,71.12,0.3211390860087704,0.06554714198864531
WTM,417,tm,72.13000000000001,0.31133078401035164,0.06512233600369655
WTM,418,tm,74.4,0.3135922460060101,0.06510854000225663
WTM,419,tm,72.6,0.3089671640045708,0.06624694300990086
WTM,420,tm,73.13,0.3212782890041126,0.06680000000051223
WTM,421,tm,70.78,0.31309174999478273,0.06577886801096611
WTM,422,tm,74.45,0.31227852700976655,0.070882864005398
WTM,423,tm,72.24000000000001,0.3252590250049252,0.06701252500351984
WTM,424,tm,73.18,0.315780580000137,0.06596930501109455
WTM,425,tm,73.63,0.3141292229993269,0.06503038101072889
WTM,426,tm,72.86,0.3132847629894968,0.06503075100772548
WTM,427,tm,68.93,0.31356862699612975,0.06542761299351696
WTM,428,tm,73.92,0.31553966899809893,0.06742574399686418
WTM,429,tm,74.9,0.32173008599784225,0.06635605200426653
WTM,430,tm,73.36,0.3160854459856637,0.06579988799057901
WTM,431,tm,75.39,0.31433682500210125,0.06567752100818325
WTM,432,tm,73.94,0.31219919701106846,0.06563340198772494
WTM,433,tm,74.58,0.3148978390090633,0.06687163500464521
WTM,434,tm,74.83999999999999,0.31967302301200107,0.06582593600614928
WTM,435,tm,74.64,0.30950540299818385,0.06608041501021944
WTM,436,tm,71.61,0.3130739580083173,0.06670714799838606
WTM,437,tm,74.31,0.3122661780071212,0.06714132499473635
WTM,438,tm,72.97,0.31388146700919606,0.06653525499859825
WTM,439,tm,71.47,0.3159846290072892,0.06574505499156658
WTM,440,tm,74.31,0.3096108730096603,0.06752743700053543
WTM,441,tm,75.19,0.3102930250024656,0.06594216699886601
WTM,442,tm,75.87,0.3122992529970361,0.0649144399940269
WTM,443,tm,73.55000000000001,0.3095843470073305,0.0651112219929928
WTM,444,tm,74.83999999999999,0.3202385780023178,0.06648722999671008
WTM,445,tm,74.42,0.31292275500891265,0.0652275809989078
WTM,446,tm,74.66000000000001,0.3095194509951398,0.06530528000439517
WTM,447,tm,74.29,0.322863592999056,0.06538336600351613
WTM,448,tm,74.94,0.3125974739959929,0.06564377500035334
WTM,449,tm,72.95,0.3092204720014706,0.0664815899945097
WTM,450,tm,70.48,0.31194834799680393,0.06511452799895778
WTM,451,tm,75.01,0.30936540200491436,0.0636586820037337
WTM,452,tm,71.71,0.3098997729975963,0.06361882499186322
WTM,453,tm,72.18,0.3096795080055017,0.0660310740058776
WTM,454,tm,74.02,0.30911460299103055,0.06481765999342315
WTM,455,tm,72.48,0.3097004609880969,0.0661225609946996
WTM,456,tm,72.31,0.30941413099935744,0.06537205599306617
WTM,457,tm,74.03999999999999,0.31371439299255144,0.0664269639964914
WTM,458,tm,74.42999999999999,0.3143640449998202,0.06662115400831681
WTM,459,tm,73.05,0.31050314400636125,0.06710191599268
WTM,460,tm,71.45,0.31064563199470285,0.06411834999744315
WTM,461,tm,72.26,0.3163842389913043,0.06510300299851224
WTM,462,tm,73.28,0.311601242996403,0.06955437301076017
WTM,463,tm,75.29,0.30998327599081676,0.06616900100198109
WTM,464,tm,68.06,0.317502350997529,0.0660266490012873
WTM,465,tm,73.35000000000001,0.3064202870009467,0.06528135199914686
WTM,466,tm,73.18,0.31192437300342135,0.0663583080022363
WTM,467,tm,74.11999999999999,0.3166402180067962,0.0655315020121634
WTM,468,tm,73.4,0.30245080099848565,0.06532488300581463
WTM,469,tm,74.17,0.30536756000947207,0.06538074200216215
WTM,470,tm,75.05,0.3071066420088755,0.06568956999399234
WTM,471,tm,72.77,0.3006288040051004,0.06663953000679612
WTM,472,tm,73.89,0.31143769399204757,0.06691493299149442
WTM,473,tm,73.03,0.30765312499715947,0.06665922699903604
WTM,474,tm,72.92,0.30813548000878654,0.06634409599064384
WTM,475,tm,74.27,0.312350610998692,0.06572414201218635
WTM,476,tm,74.82,0.3069536939874524,0.06633223198878113
WTM,477,tm,73.19,0.3277621199958958,0.0673422640102217
WTM,478,tm,73.50999999999999,0.3257525900116889,0.06664167500275653
WTM,479,tm,72.96000000000001,0.3114141020050738,0.06636837699625175
WTM,480,tm,74.61,0.3083755229890812,0.0699022100016009
WTM,481,tm,73.7,0.31974545899720397,0.07025507900107186
WTM,482,tm,73.0,0.3135484880040167,0.06823657899803948
WTM,483,tm,74.46000000000001,0.3132211990014184,0.06661614999757148
WTM,484,tm,74.63,0.3088677450141404,0.06518079699890222
WTM,485,tm,74.77000000000001,0.3056771029951051,0.06517085099767428
WTM,486,tm,74.03999999999999,0.30763312701310497,0.06491157099662814
WTM,487,tm,75.64,0.31420526299916673,0.06592948299658019
WTM,488,tm,74.16,0.31770251200941857,0.06666343299730215
WTM,489,tm,73.78,0.3057412030029809,0.06539174899808131
WTM,490,tm,73.66,0.3146681520011043,0.06757438401109539
WTM,491,tm,74.67,0.3116046000068309,0.06582673599768896
WTM,492,tm,70.46,0.3119015780102927,0.06564097499358468
WTM,493,tm,74.32,0.31342256399511825,0.06683849199907854
WTM,494,tm,75.14999999999999,0.316952195003978,0.0669776529975934
WTM,495,tm,74.44,0.3028948530118214,0.06599975599965546
WTM,496,tm,74.81,0.30922898001153953,0.06679339199035894
WTM,497,tm,74.5,0.315172716989764,0.0657259829895338
WTM,498,tm,74.33999999999999,0.311652062999201,0.06638234900310636
WTM,499,tm,73.2,0.31628578501113225,0.06675746499968227
WTM,500,tm,73.54,0.3068046379921725,0.06546946099842899
WTM-NN,1,tm,61.199999999999996,0.46984087201417424,0.06454413100436796
WTM-NN,2,tm,66.12,0.41294392199779395,0.06432530700112693
WTM-NN,3,tm,66.13,0.4054402879992267,0.0647376659908332
WTM-NN,4,tm,65.68,0.3923933850019239,0.06346920299984049
WTM-NN,5,tm,69.11,0.37741019600071013,0.06419934899895452
WTM-NN,6,tm,70.7,0.36335986299673095,0.06406773299386259
WTM-NN,7,tm,67.9,0.3568266520014731,0.064432309998665
WTM-NN,8,tm,70.53,0.35812156299653,0.0637275530025363
WTM-NN,9,tm,69.78,0.3581986030039843,0.06453817000146955
WTM-NN,10,tm,69.66,0.3452623589982977,0.066037390002748
WTM-NN,11,tm,66.17,0.34209266099787783,0.06622315999993589
WTM-NN,12,tm,67.7,0.34892307499831077,0.06479975799447857
WTM-NN,13,tm,68.2,0.34057010199467186,0.06391078600427136
WTM-NN,14,tm,71.73,0.3486586910003098,0.0644627430010587
WTM-NN,15,tm,71.97,0.34209848499449436,0.06421366300492082
WTM-NN,16,tm,70.41,0.3360462779965019,0.06223797700658906
WTM-NN,17,tm,68.23,0.3331576019991189,0.0660061050002696
WTM-NN,18,tm,70.54,0.3369778199994471,0.06473960100265685
WTM-NN,19,tm,70.24000000000001,0.3353852019936312,0.06568464099837001
WTM-NN,20,tm,72.49,0.3364673629985191,0.06497303300420754
WTM-NN,21,tm,72.95,0.33162906700454187,0.06460372998844832
WTM-NN,22,tm,70.95,0.33685866999439895,0.06582191199413501
WTM-NN,23,tm,71.45,0.33340532099828124,0.06595519799157046
WTM-NN,24,tm,69.35,0.332430522001232,0.06424705201061442
WTM-NN,25,tm,67.72,0.3359430929995142,0.06432615200174041
WTM-NN,26,tm,72.11999999999999,0.32786537100037094,0.06547202799993102
WTM-NN,27,tm,73.49,0.33471144699433353,0.06588232700596564
WTM-NN,28,tm,71.24000000000001,0.32789065899851266,0.06990218001010362
WTM-NN,29,tm,72.23,0.3254516960005276,0.06559896600083448
WTM-NN,30,tm,70.24000000000001,0.33781916700536385,0.06553643899678718
WTM-NN,31,tm,73.04,0.3247843919962179,0.06466828599513974
WTM-NN,32,tm,74.8,0.3121820789965568,0.06506591000652406
WTM-NN,33,tm,66.88,0.34029938399908133,0.06721311900764704
WTM-NN,34,tm,74.55000000000001,0.3315443729952676,0.06468679998943117
WTM-NN,35,tm,73.64,0.33928205400297884,0.06436910800402984
WTM-NN,36,tm,74.57000000000001,0.3214682559919311,0.06504273798782378
WTM-NN,37,tm,71.31,0.3284887059999164,0.06300691900833044
WTM-NN,38,tm,72.02,0.32240937200549524,0.06447885200032033
WTM-NN,39,tm,71.36,0.32816166599513963,0.06557740400603507
WTM-NN,40,tm,73.3,0.3263999159971718,0.06475237700215075
WTM-NN,41,tm,71.22,0.32822560699423775,0.06480989699775819
WTM-NN,42,tm,70.42,0.33626153400109615,0.06525248799880501
WTM-NN,43,tm,72.11,0.33348081599979196,0.06706034700619057
WTM-NN,44,tm,69.89,0.32333658600691706,0.06503583000448998
WTM-NN,45,tm,70.19,0.3286460779927438,0.06595407200802583
WTM-NN,46,tm,74.29,0.3266251090099104,0.06406825900194235
WTM-NN,47,tm,70.93,0.32019813198712654,0.06593423499725759
WTM-NN,48,tm,73.09,0.3234205769986147,0.06563639000523835
WTM-NN,49,tm,74.02,0.3273898170009488,0.0664788169960957
WTM-NN,50,tm,70.53,0.32553665500017814,0.0660545050050132
WTM-NN,51,tm,72.85000000000001,0.3202247279987205,0.06662507899454795
WTM-NN,52,tm,73.03,0.3170266880042618,0.06670307299646083
WTM-NN,53,tm,68.57,0.3218984909908613,0.06419161200756207
WTM-NN,54,tm,69.03,0.32044471200788394,0.0644942000071751
WTM-NN,55,tm,70.07,0.3231834010075545,0.06493553800100926
WTM-NN,56,tm,72.3,0.3299038340046536,0.06429240699799266
WTM-NN,57,tm,71.15,0.3235963269980857,0.06600391899701208
WTM-NN,58,tm,73.86,0.31327729200711474,0.06477170500147622
WTM-NN,59,tm,74.03,0.33015883099869825,0.06706025199673604
WTM-NN,60,tm,71.89999999999999,0.3314634280104656,0.06554210299509577
WTM-NN,61,tm,72.96000000000001,0.3120060039946111,0.06500094399962109
WTM-NN,62,tm,73.19,0.3239199809904676,0.06433359599031974
WTM-NN,63,tm,74.49,0.3201928729977226,0.06610788800753653
WTM-NN,64,tm,71.83,0.3184318340063328,0.06533558899536729
WTM-NN,65,tm,70.1,0.32684905199857894,0.06726801900367718
WTM-NN,66,tm,73.57000000000001,0.3268838449876057,0.06414150999626145
WTM-NN,67,tm,74.97,0.33093689000816084,0.06522366999706719
WTM-NN,68,tm,74.41,0.329326551000122,0.0645593219960574
WTM-NN,69,tm,75.66000000000001,0.3277765340026235,0.06433894899964798
WTM-NN,70,tm,72.55,0.3214578680053819,0.06510565300413873
WTM-NN,71,tm,72.31,0.3194022509997012,0.0648810249986127
WTM-NN,72,tm,72.41,0.3231896250072168,0.06600977299967781
WTM-NN,73,tm,71.56,0.32218260900117457,0.06463682900357526
WTM-NN,74,tm,73.34,0.3287886000034632,0.06512854300672188
WTM-NN,75,tm,72.0,0.312152544996934,0.06551074900198728
WTM-NN,76,tm,73.46000000000001,0.3223589919944061,0.0656651850003982
WTM-NN,77,tm,73.2,0.320887035006308,0.06482548399071675
WTM-NN,78,tm,72.61,0.32918122499540914,0.07023435999872163
WTM-NN,79,tm,71.57,0.3134560010075802,0.06562634999863803
WTM-NN,80,tm,72.99,0.3247593389969552,0.065764084996772
WTM-NN,81,tm,73.61999999999999,0.3172978240036173,0.06576932899770327
WTM-NN,82,tm,73.64,0.31389168598980177,0.06506700400495902
WTM-NN,83,tm,71.94,0.3211281650001183,0.06474692799383774
WTM-NN,84,tm,65.89,0.3227256079990184,0.06501808900793549
WTM-NN,85,tm,71.41999999999999,0.31995726699824445,0.06593914500263054
WTM-NN,86,tm,70.04,0.31965342701005284,0.06673241200041957
WTM-NN,87,tm,74.38,0.3273811300023226,0.06650131600326858
WTM-NN,88,tm,70.61,0.31976232599117793,0.06634907600528095
WTM-NN,89,tm,71.98,0.30827757400402334,0.0651439310022397
WTM-NN,90,tm,72.8,0.31787732799421065,0.0648340960033238
WTM-NN,91,tm,73.92,0.3179634249972878,0.06635207300132606
WTM-NN,92,tm,74.75,0.3178302930027712,0.06584384500456508
WTM-NN,93,tm,74.02,0.32121595900389366,0.06477976699534338
WTM-NN,94,tm,73.50999999999999,0.32822047399531584,0.0676084790029563
WTM-NN,95,tm,73.28,0.3167413210030645,0.06537091499194503
WTM-NN,96,tm,74.0,0.31908431299962103,0.06357652400038205
WTM-NN,97,tm,74.64,0.31769419499323703,0.06533700600266457
WTM-NN,98,tm,72.68,0.313314052997157,0.0649023110017879
WTM-NN,99,tm,71.92,0.322805898002116,0.06491276400629431
WTM-NN,100,tm,73.08,0.3238524269982008,0.06592971200007014
WTM-NN,101,tm,71.87,0.31357697599742096,0.06481199599511456
WTM-NN,102,tm,70.44,0.31810604299244005,0.06417375100136269
WTM-NN,103,tm,74.07000000000001,0.32682786200894043,0.06685687499702908
WTM-NN,104,tm,70.96000000000001,0.3178146669961279,0.06495026701304596
WTM-NN,105,tm,70.1,0.33707835798850283,0.06537153500539716
WTM-NN,106,tm,73.45,0.3210158220026642,0.06631638700491749
WTM-NN,107,tm,72.08,0.3197097709926311,0.06576200800191145
WTM-NN,108,tm,71.87,0.31692179800302256,0.06466812999860849
WTM-NN,109,tm,74.2,0.3177866170008201,0.07219297600386199
WTM-NN,110,tm,72.95,0.31966280000051484,0.06464828799653333
WTM-NN,111,tm,74.52,0.3221415560110472,0.06434430400258861
WTM-NN,112,tm,73.22999999999999,0.3212985219870461,0.06442635199346114
WTM-NN,113,tm,71.95,0.32666742699802853,0.0650669220049167
WTM-NN,114,tm,72.74000000000001,0.3244290400034515,0.0648109190078685
WTM-NN,115,tm,74.0,0.32461382099427283,0.0646403709979495
WTM-NN,116,tm,72.28,0.3173601260059513,0.06540094999945723
WTM-NN,117,tm,71.91,0.3175740160077112,0.06477864900080021
WTM-NN,118,tm,73.52,0.32103409599221777,0.06431033299304545
WTM-NN,119,tm,70.42,0.3156220789969666,0.06536542999674566
WTM-NN,120,tm,71.41,0.3149077600101009,0.06480143900262192
WTM-NN,121,tm,73.19,0.3242543569940608,0.06603820700547658
WTM-NN,122,tm,73.33,0.320456439992995,0.06472193800436798
WTM-NN,123,tm,70.0,0.31447573700279463,0.0667414369963808
WTM-NN,124,tm,72.53,0.3135919860069407,0.06524145900039002
WTM-NN,125,tm,73.61,0.32019803700677585,0.06449009000789374
WTM-NN,126,tm,72.22,0.31137705699075013,0.06516426400048658
WTM-NN,127,tm,72.84,0.31829012400703505,0.06467586899816524
WTM-NN,128,tm,70.92,0.3173622710019117,0.06473099799768534
WTM-NN,129,tm,72.56,0.3209979039966129,0.06365850499423686
WTM-NN,130,tm,75.07000000000001,0.324109913999564,0.06623503399896435
WTM-NN,131,tm,70.87,0.3247169090027455,0.0646341990068322
WTM-NN,132,tm,72.39999999999999,0.32472068099013995,0.06783643299422693
WTM-NN,133,tm,69.71000000000001,0.3186482460005209,0.06476304499665275
WTM-NN,134,tm,73.41,0.32082999500562437,0.06683694399544038
WTM-NN,135,tm,70.72,0.3189439260022482,0.0654480910015991
WTM-NN,136,tm,74.92,0.31761476999963634,0.06612340699939523
WTM-NN,137,tm,70.72,0.31674691500666086,0.06587029100046493
WTM-NN,138,tm,72.74000000000001,0.30374076700536534,0.06392417300958186
WTM-NN,139,tm,71.78999999999999,0.3094775200006552,0.06514208400039934
WTM-NN,140,tm,73.27,0.3120341159956297,0.06682600101339631
WTM-NN,141,tm,72.87,0.3105457369965734,0.0660574220091803
WTM-NN,142,tm,74.29,0.31687864400737453,0.06850299698999152
WTM-NN,143,tm,73.25,0.32013193200691603,0.06491599799483083
WTM-NN,144,tm,74.77000000000001,0.32151398999849334,0.06523464199563023
WTM-NN,145,tm,74.22999999999999,0.31324902099731844,0.06390624900814146
WTM-NN,146,tm,72.95,0.3121029080066364,0.0642025709967129
WTM-NN,147,tm,74.39,0.3100771879981039,0.06622395099839196
WTM-NN,148,tm,73.9,0.319311443992774,0.06508982600644231
WTM-NN,149,tm,74.71,0.31681227100489195,0.06514180700469296
WTM-NN,150,tm,76.02,0.3177449539944064,0.06571585399797186
WTM-NN,151,nn,79.78,0.24591809100820683,0.0679478200036101
WTM-NN,152,nn,80.4,0.19342220600810833,0.06720017299812753
WTM-NN,153,nn,80.36999999999999,0.20067999900493305,0.0671019459987292
WTM-NN,154,nn,80.58999999999999,0.2080562579940306,0.06905305699910969
WTM-NN,155,nn,80.55,0.2676762030023383,0.06786156799353193
WTM-NN,156,nn,80.57,0.21843129499757197,0.06828671399853192
WTM-NN,157,nn,80.47,0.2188134890020592,0.06828340000356548
WTM-NN,158,nn,80.67999999999999,0.19383650500094518,0.06841463199816644
WTM-NN,159,nn,80.58,0.26751551499182824,0.06742579299316276
WTM-NN,160,nn,80.58,0.21754167799372226,0.06827626300218981
WTM-NN,161,nn,80.47999999999999,0.20788567799900193,0.06786181099596433
WTM-NN,162,nn,80.43,0.19374210199748632,0.06832315000065137
WTM-NN,163,nn,80.43,0.19336568700964563,0.06604182699811645
WTM-NN,164,nn,80.4,0.24378235399490222,0.06568002299172804
WTM-NN,165,nn,80.46,0.1954693860025145,0.06715245699160732
WTM-NN,166,nn,80.39,0.19342258598771878,0.06657477300905157
WTM-NN,167,nn,80.5,0.19302656699437648,0.06880159600405023
WTM-NN,168,nn,80.53,0.24416033799934667,0.0685079140093876
WTM-NN,169,nn,80.66,0.19672928299405612,0.06724840099923313
WTM-NN,170,nn,80.51,0.1935619870055234,0.06720695400144905
WTM-NN,171,nn,80.60000000000001,0.19441207700583618,0.06692159699741751
WTM-NN,172,nn,80.60000000000001,0.24541619000956416,0.06717245299660135
WTM-NN,173,nn,80.78,0.19428204800351523,0.06909959598851856
WTM-NN,174,nn,80.61,0.19376268600171898,0.06869463199109305
WTM-NN,175,nn,80.63,0.1949888090020977,0.06700999900931492
WTM-NN,176,nn,80.56,0.25080616198829375,0.06964354500814807
WTM-NN,177,nn,80.63,0.21530685199832078,0.06685535800352227
WTM-NN,178,nn,80.64,0.21696472000621725,0.06710797100095078
WTM-NN,179,nn,80.63,0.21858489699661732,0.0683079309965251
WTM-NN,180,nn,80.7,0.21573858898773324,0.06798195799638052
WTM-NN,181,nn,80.81,0.2693301229883218,0.06874095200328156
WTM-NN,182,nn,80.74,0.21673111099516973,0.06699576499522664
WTM-NN,183,nn,80.67999999999999,0.21531341900117695,0.06472581699199509
WTM-NN,184,nn,80.63,0.21770447300514206,0.06722742100828327
WTM-NN,185,nn,80.74,0.260436500000651,0.06779792100132909
WTM-NN,186,nn,80.82000000000001,0.20908573499764316,0.06880002400430385
WTM-NN,187,nn,80.78999999999999,0.21573195399832912,0.06930391400237568
WTM-NN,188,nn,80.92,0.21688231300504413,0.0663856889877934
WTM-NN,189,nn,80.94,0.2526304619968869,0.06991894599923398
WTM-NN,190,nn,80.81,0.21611253800801933,0.06832573399879038
WTM-NN,191,nn,80.95,0.21585148401209153,0.06832843700249214
WTM-NN,192,nn,81.01,0.20760978100588545,0.06851930399716366
WTM-NN,193,nn,80.97,0.2095353479962796,0.06433311899309047
WTM-NN,194,nn,81.2,0.2674615360010648,0.06716317099926528
WTM-NN,195,nn,81.15,0.19495978899067268,0.06827642700227443
WTM-NN,196,nn,81.04,0.1942682859953493,0.06817543700162787
WTM-NN,197,nn,81.11,0.2048349750111811,0.06738947999838274
WTM-NN,198,nn,80.9,0.26886913800262846,0.06667070400726516
WTM-NN,199,nn,81.11,0.21676095499424264,0.06835874500393402
WTM-NN,200,nn,80.84,0.2169219359930139,0.06549819700012449
WTM-NN,201,nn,80.96,0.21874294699227903,0.06780261699168477
WTM-NN,202,nn,81.31,0.26820968599349726,0.06834471999900416
WTM-NN,203,nn,81.01,0.21730512999056373,0.06843425300030503
WTM-NN,204,nn,81.05,0.2132412060018396,0.06629972798691597
WTM-NN,205,nn,81.0,0.20294377500249539,0.06751051099854521
WTM-NN,206,nn,81.27,0.2707555050001247,0.066281565988902
WTM-NN,207,nn,81.16,0.19332683201355394,0.06570983699930366
WTM-NN,208,nn,81.02000000000001,0.21657997800502926,0.06725873400864657
WTM-NN,209,nn,81.23,0.21438905200921,0.06807900400599465
WTM-NN,210,nn,80.97,0.20902298200235236,0.0674841540021589
WTM-NN,211,nn,80.97999999999999,0.2657479379995493,0.06836513199959882
WTM-NN,212,nn,81.06,0.1921498339943355,0.06806685699848458
WTM-NN,213,nn,80.89,0.19411859799583908,0.0673124829918379
WTM-NN,214,nn,80.96,0.20315687300171703,0.06898911201278679
WTM-NN,215,nn,81.07,0.267492005994427,0.06917006100411527
WTM-NN,216,nn,81.08999999999999,0.21464963200560305,0.06700886500766501
WTM-NN,217,nn,81.02000000000001,0.21369352599140257,0.06910172700008843
WTM-NN,218,nn,81.05,0.2164313859975664,0.06670752100762911
WTM-NN,219,nn,81.10000000000001,0.2525318330008304,0.06771280399698298
WTM-NN,220,nn,80.95,0.21546916199440602,0.06647023299592547
WTM-NN,221,nn,81.02000000000001,0.19644040400453378,0.06729771500977222
WTM-NN,222,nn,81.12,0.21695604499836918,0.06938631199591327
WTM-NN,223,nn,81.19,0.20779100801155437,0.06895267099025659
WTM-NN,224,nn,81.11,0.26083329098764807,0.06883946400193963
WTM-NN,225,nn,81.11,0.21667896599683445,0.06613105299766175
WTM-NN,226,nn,81.17999999999999,0.1964691510074772,0.06761853699572384
WTM-NN,227,nn,80.94,0.21763896799529903,0.06976518100418616
WTM-NN,228,nn,81.08999999999999,0.26518511500034947,0.06838684900139924
WTM-NN,229,nn,81.08999999999999,0.21509030400193296,0.0673063519934658
WTM-NN,230,nn,81.22,0.2154778780095512,0.0683686919946922
WTM-NN,231,nn,81.21000000000001,0.2086440189887071,0.06666563599719666
WTM-NN,232,nn,81.08,0.261805866000941,0.06931282099685632
WTM-NN,233,nn,81.02000000000001,0.19587957600015216,0.06755374000931624
WTM-NN,234,nn,81.17999999999999,0.2138969969964819,0.06809571199119091
WTM-NN,235,nn,81.08,0.21138684199831914,0.06909435600391589
WTM-NN,236,nn,81.10000000000001,0.26546189199143555,0.06752663699444383
WTM-NN,237,nn,80.99,0.2139397889986867,0.06714806299714837
WTM-NN,238,nn,81.16,0.2029493040026864,0.06845891900593415
WTM-NN,239,nn,81.07,0.19722057699982543,0.0674746930017136
WTM-NN,240,nn,81.13,0.19747500799712725,0.06915768000180833
WTM-NN,241,nn,81.03,0.2696726489957655,0.06811744600418024
WTM-NN,242,nn,81.08,0.19918775199039374,0.06739511399064213
WTM-NN,243,nn,81.10000000000001,0.19437712299986742,0.06846070800384041
WTM-NN,244,nn,81.26,0.2010771659988677,0.06811410299269482
WTM-NN,245,nn,81.01,0.2560260339960223,0.06691214199236128
WTM-NN,246,nn,80.9,0.21595589000207838,0.06731161099742167
WTM-NN,247,nn,81.13,0.2001462990010623,0.06877718699979596
WTM-NN,248,nn,80.95,0.19578955000906717,0.0674540239997441
WTM-NN,249,nn,81.23,0.25378143599664327,0.06927847099723294
WTM-NN,250,nn,81.33,0.2170237500104122,0.06919812399428338
WTM-NN,251,nn,81.08,0.20253629100625403,0.06755596399307251
WTM-NN,252,nn,81.08999999999999,0.2131402040104149,0.06846661600866355
WTM-NN,253,nn,81.01,0.25416894200316165,0.0668503420019988
WTM-NN,254,nn,81.25,0.2024821769882692,0.06823096099833492
WTM-NN,255,nn,81.08,0.19353677600156516,0.06803535600192845
WTM-NN,256,nn,81.12,0.19499560500844382,0.06712316400080454
WTM-NN,257,nn,81.11,0.1934936280013062,0.06721739900240209
WTM-NN,258,nn,81.08,0.2550234219961567,0.06720188200415578
WTM-NN,259,nn,81.06,0.19604334198811557,0.06734284000413027
WTM-NN,260,nn,81.22,0.19546493199595716,0.06643525599793065
WTM-NN,261,nn,81.03,0.19283485499909148,0.06833612199989147
WTM-NN,262,nn,81.07,0.2502053869975498,0.06730543199228123
WTM-NN,263,nn,81.11,0.19653334900795016,0.06911009400209878
WTM-NN,264,nn,81.33,0.1923788929998409,0.06581817899132147
WTM-NN,265,nn,81.12,0.19297206700139213,0.06780619799974374
WTM-NN,266,nn,81.21000000000001,0.2430204150005011,0.06851682800333947
WTM-NN,267,nn,81.07,0.19465995699283667,0.06711909899604507
WTM-NN,268,nn,81.2,0.192964595000376,0.06743962799373548
WTM-NN,269,nn,80.94,0.1943017309968127,0.06907932600006461
WTM-NN,270,nn,81.11,0.24575179000385106,0.06787633401108906
WTM-NN,271,nn,81.21000000000001,0.20423024099727627,0.06891004799399525
WTM-NN,272,nn,80.91000000000001,0.21619621499849018,0.0670115369866835
WTM-NN,273,nn,81.3,0.19277840599534102,0.0685553719958989
WTM-NN,274,nn,81.25,0.1964298980019521,0.0670586890046252
WTM-NN,275,nn,81.28,0.24419629501062445,0.06745753300492652
WTM-NN,276,nn,81.0,0.19506250400445424,0.06898325700603891
WTM-NN,277,nn,81.05,0.19963567900413182,0.06702725899231154
WTM-NN,278,nn,81.17,0.19492889298999216,0.06742201000452042
WTM-NN,279,nn,81.08,0.24487949498870876,0.06712975900154561
WTM-NN,280,nn,81.02000000000001,0.195484967000084,0.06877117999829352
WTM-NN,281,nn,81.15,0.19681035600660834,0.06779507199826185
WTM-NN,282,nn,81.19,0.2144387389998883,0.06869437600835226
WTM-NN,283,nn,81.10000000000001,0.26753602499957196,0.06796001399925444
WTM-NN,284,nn,81.2,0.2097042759996839,0.06844438400003128
WTM-NN,285,nn,81.33,0.215388538010302,0.06717606401070952
WTM-NN,286,nn,81.28,0.2168415210035164,0.06819496100069955
WTM-NN,287,nn,81.26,0.21705567999742925,0.0672149210004136
WTM-NN,288,nn,81.24,0.2542271190031897,0.0685052830085624
WTM-NN,289,nn,81.35,0.2172289699956309,0.06761689198901877
WTM-NN,290,nn,81.33,0.21586619199661072,0.06932767599937506
WTM-NN,291,nn,81.37,0.21411049700691365,0.06576102899271064
WTM-NN,292,nn,80.95,0.26311576200532727,0.06898211700899992
WTM-NN,293,nn,81.08,0.1954241479979828,0.06781037799373735
WTM-NN,294,nn,81.23,0.21243252800195478,0.06829526499495842
WTM-NN,295,nn,81.04,0.21697004900488537,0.06419224699493498
WTM-NN,296,nn,81.08,0.2702757720107911,0.06804060000285972
WTM-NN,297,nn,81.21000000000001,0.22029231999476906,0.06758884400187526
WTM-NN,298,nn,81.0,0.21766847799881361,0.0692899660061812
WTM-NN,299,nn,81.03,0.21280640999611933,0.06856352000613697
WTM-NN,300,nn,81.12,0.2527609849930741,0.06699838500935584
WTM-NN,301,nn,81.06,0.19595601099717896,0.06907927100837696
WTM-NN,302,nn,80.88,0.1944850059953751,0.0682604750036262
WTM-NN,303,nn,80.88,0.19978096798877232,0.06923130400537048
WTM-NN,304,nn,81.25,0.21275795600377023,0.068220040993765
WTM-NN,305,nn,81.03,0.2583417880086927,0.06614509300561622
WTM-NN,306,nn,80.97999999999999,0.21701546000258531,0.06778307000058703
WTM-NN,307,nn,81.10000000000001,0.21787911899446044,0.06699520199617837
WTM-NN,308,nn,80.99,0.21622808199026622,0.06815560199902393
WTM-NN,309,nn,81.38,0.26657462399452925,0.06743372499477118
WTM-NN,310,nn,81.38,0.19615233100194018,0.06737336999503896
WTM-NN,311,nn,81.07,0.19583112499094568,0.06710794501123019
WTM-NN,312,nn,81.15,0.19667902500077616,0.07023580199165735
WTM-NN,313,nn,81.04,0.250906400004169,0.06810285100073088
WTM-NN,314,nn,81.23,0.20651034399634227,0.064257328005624
WTM-NN,315,nn,81.17,0.21623514300154056,0.0669691450020764
WTM-NN,316,nn,81.07,0.19744179799454287,0.06744179999805056
WTM-NN,317,nn,80.80000000000001,0.20481832799850963,0.06652980399667285
WTM-NN,318,nn,80.97,0.265635233008652,0.06777344898728188
WTM-NN,319,nn,81.03,0.2146423640078865,0.06589480300317518
WTM-NN,320,nn,80.96,0.19635398700484075,0.0675141139945481
WTM-NN,321,nn,80.97999999999999,0.2173881440103287,0.06821601800038479
WTM-NN,322,nn,81.08,0.2678583200031426,0.06746203399961814
WTM-NN,323,nn,81.04,0.19846878400130663,0.0690093790035462
WTM-NN,324,nn,81.02000000000001,0.21693100899574347,0.06790540501242504
WTM-NN,325,nn,81.21000000000001,0.21794605899776798,0.06725825900502969
WTM-NN,326,nn,81.17999999999999,0.2628343169926666,0.06810462800785899
WTM-NN,327,nn,80.93,0.19807829699129798,0.06667148000269663
WTM-NN,328,nn,81.06,0.1953426039981423,0.06603514800372068
WTM-NN,329,nn,81.10000000000001,0.19363352700020187,0.0653290430054767
WTM-NN,330,nn,81.15,0.2631149049993837,0.06704256898956373
WTM-NN,331,nn,80.75,0.21671010300633498,0.06568618500023149
WTM-NN,332,nn,81.34,0.22172031000081915,0.0651450110017322
WTM-NN,333,nn,81.11,0.19468726799823344,0.06765777998953126
WTM-NN,334,nn,81.17999999999999,0.19775611600198317,0.06494910499895923
WTM-NN,335,nn,80.9,0.24326181400101632,0.06511866100481711
WTM-NN,336,nn,80.99,0.1934374230040703,0.06396644200140145
WTM-NN,337,nn,80.88,0.19635989599919412,0.06406198900367599
WTM-NN,338,nn,81.04,0.19290796099812724,0.0660523109982023
WTM-NN,339,nn,81.08999999999999,0.24358110599860083,0.06700874200032558
WTM-NN,340,nn,81.10000000000001,0.1937461780034937,0.06724463499267586
WTM-NN,341,nn,81.08,0.1965694300015457,0.06550638499902561
WTM-NN,342,nn,81.14,0.1974539720104076,0.06636918100412004
WTM-NN,343,nn,80.94,0.2437081149982987,0.06780069699743763
WTM-NN,344,nn,81.26,0.19606054900214076,0.06778662599390373
WTM-NN,345,nn,81.17,0.1933234430034645,0.0659869700029958
WTM-NN,346,nn,81.11,0.19356015099037904,0.06795080100710038
WTM-NN,347,nn,81.02000000000001,0.1927628090052167,0.0690147099958267
WTM-NN,348,nn,81.04,0.24755844099854585,0.06762937999155838
WTM-NN,349,nn,81.21000000000001,0.199600030988222,0.06765895300486591
WTM-NN,350,nn,80.94,0.20091914798831567,0.0682209359947592
WTM-NN,351,nn,80.94,0.21676254300109576,0.06464259000495076
WTM-NN,352,nn,81.06,0.2541581660043448,0.06595417899370659
WTM-NN,353,nn,81.10000000000001,0.19330651700147428,0.06790603199624456
WTM-NN,354,nn,81.14,0.19282278699392918,0.06732765599736013
WTM-NN,355,nn,81.10000000000001,0.19469082399155013,0.0679625579941785
WTM-NN,356,nn,80.9,0.24563530100567732,0.06896543900074903
WTM-NN,357,nn,81.16,0.19695297800353728,0.06826821800495964
WTM-NN,358,nn,81.12,0.19528863400046248,0.06708136000088416
WTM-NN,359,nn,81.01,0.19759714799874928,0.06828107000910677
WTM-NN,360,nn,81.10000000000001,0.24426609999500215,0.06841242199880071
WTM-NN,361,nn,81.14,0.19391702799475752,0.06867062099627219
WTM-NN,362,nn,81.21000000000001,0.19380931399064139,0.06481013400480151
WTM-NN,363,nn,81.05,0.20728026500728447,0.065109860006487
WTM-NN,364,nn,81.10000000000001,0.19931252099922858,0.06855963901034556
WTM-NN,365,nn,81.04,0.24443219900422264,0.0683113169943681
WTM-NN,366,nn,81.08,0.19656088200281374,0.06805171699670609
WTM-NN,367,nn,81.10000000000001,0.19364401100028772,0.06832924399350304
WTM-NN,368,nn,81.15,0.19541984800889622,0.0687722099974053
WTM-NN,369,nn,80.86,0.24372526700608432,0.0686842919967603
WTM-NN,370,nn,80.99,0.1962998489907477,0.06898518399975728
WTM-NN,371,nn,81.11,0.19363479300227482,0.06886312500864733
WTM-NN,372,nn,80.99,0.20600773200567346,0.0671898809960112
WTM-NN,373,nn,80.94,0.2666397490102099,0.06593585800146684
WTM-NN,374,nn,81.02000000000001,0.19320909600355662,0.06732462500804104
WTM-NN,375,nn,81.04,0.19395740100299008,0.06788483299897052
WTM-NN,376,nn,81.10000000000001,0.19574066199129447,0.06739746700623073
WTM-NN,377,nn,81.01,0.1966920900013065,0.0682468900049571
WTM-NN,378,nn,81.16,0.24403615199844353,0.06818105099955574
WTM-NN,379,nn,81.17,0.19916043999546673,0.0677525630017044
WTM-NN,380,nn,80.87,0.19360955800220836,0.06712285800313111
WTM-NN,381,nn,81.15,0.19571230000292417,0.06796067400136963
WTM-NN,382,nn,80.96,0.24562722699192818,0.06758060000720434
WTM-NN,383,nn,81.05,0.19425721699371934,0.06820203299866989
WTM-NN,384,nn,81.03,0.1984985129965935,0.06752514900290407
WTM-NN,385,nn,80.97,0.19324494700413197,0.06708046401035972
WTM-NN,386,nn,81.10000000000001,0.2518108479998773,0.06863172599696554
WTM-NN,387,nn,81.22,0.1946317940019071,0.0682891079923138
WTM-NN,388,nn,81.14,0.2113896740047494,0.06732103299873415
WTM-NN,389,nn,81.08999999999999,0.19320342199353036,0.06724521599244326
WTM-NN,390,nn,81.17999999999999,0.2449009300034959,0.06590348099416588
WTM-NN,391,nn,81.02000000000001,0.19428316000266932,0.06531995799741708
WTM-NN,392,nn,81.04,0.1937386659992626,0.06566480400215369
WTM-NN,393,nn,80.97999999999999,0.19379188200400677,0.06582914201135281
WTM-NN,394,nn,81.21000000000001,0.19933626700367313,0.06811960200138856
WTM-NN,395,nn,81.06,0.2475262730004033,0.06637854200380389
WTM-NN,396,nn,81.23,0.1949555879982654,0.0668522780033527
WTM-NN,397,nn,81.11,0.19389045900607016,0.06723659799899906
WTM-NN,398,nn,80.94,0.1939864880114328,0.06733673099370208
WTM-NN,399,nn,81.25,0.26154234699788503,0.06919570799800567
WTM-NN,400,nn,81.02000000000001,0.19358888200076763,0.06610084399289917
WTM-NN,401,nn,81.11,0.20112269298988394,0.06795273399620783
WTM-NN,402,nn,81.17999999999999,0.1950500840030145,0.06813061899447348
WTM-NN,403,nn,81.0,0.24541412400139961,0.06730021600378677
WTM-NN,404,nn,81.3,0.1962105990096461,0.06785935199877713
WTM-NN,405,nn,80.95,0.1934340589941712,0.06731950199173298
WTM-NN,406,nn,81.07,0.19695877798949368,0.06728957399900537
WTM-NN,407,nn,81.23,0.24328055301157292,0.06735822001064662
WTM-NN,408,nn,81.15,0.19308741499844473,0.06898514500062447
WTM-NN,409,nn,81.12,0.1990170520002721,0.06445714700384997
WTM-NN,410,nn,81.26,0.19517711299704388,0.06409847499162424
WTM-NN,411,nn,81.25,0.1929303069919115,0.06580857600783929
WTM-NN,412,nn,80.95,0.24452495100558735,0.06725095900765155
WTM-NN,413,nn,81.14,0.19948444901092444,0.06871456500084605
WTM-NN,414,nn,80.88,0.2178789609897649,0.06815368600655347
WTM-NN,415,nn,81.0,0.21826231200248003,0.06805843200709205
WTM-NN,416,nn,81.13,0.2704100380069576,0.06784467799298
WTM-NN,417,nn,81.06,0.19464829300704878,0.06782423998811282
WTM-NN,418,nn,81.31,0.21711169098853134,0.06798071799858008
WTM-NN,419,nn,80.95,0.2180882760003442,0.06746045999170747
WTM-NN,420,nn,81.17,0.26878765400033444,0.06800792399735656
WTM-NN,421,nn,81.04,0.2167490409919992,0.068808784999419
WTM-NN,422,nn,81.27,0.19429643801413476,0.0680437810078729
WTM-NN,423,nn,81.28,0.20839938199787866,0.06721922200813424
WTM-NN,424,nn,81.05,0.19651140899804886,0.0677827809995506
WTM-NN,425,nn,81.07,0.2684321499982616,0.06830535699555185
WTM-NN,426,nn,81.10000000000001,0.2176915580057539,0.06620763699174859
WTM-NN,427,nn,81.03,0.21337472699815407,0.06859848399471957
WTM-NN,428,nn,81.36,0.20670604000042658,0.06722959599574097
WTM-NN,429,nn,81.01,0.26498905100743286,0.06734259800578002
WTM-NN,430,nn,81.06,0.2124700819986174,0.06626383399998304
WTM-NN,431,nn,81.26,0.19444629200734198,0.06830925500253215
WTM-NN,432,nn,81.17999999999999,0.21596993599087,0.06782201598980464
WTM-NN,433,nn,81.0,0.27839808800490573,0.0681999829976121
WTM-NN,434,nn,81.23,0.19398614300007466,0.06625399099721108
WTM-NN,435,nn,81.16,0.21696762200735975,0.06884838099358603
WTM-NN,436,nn,80.89,0.1953621389984619,0.06689875399752054
WTM-NN,437,nn,81.17,0.2721999890054576,0.06772790099785198
WTM-NN,438,nn,80.95,0.21751955500803888,0.06607542099663988
WTM-NN,439,nn,81.15,0.21972264999931213,0.06751749299291987
WTM-NN,440,nn,81.17,0.21735800500027835,0.0677348840108607
WTM-NN,441,nn,81.02000000000001,0.19213721800770145,0.06774403699091636
WTM-NN,442,nn,81.31,0.26788775000022724,0.06794308299140539
WTM-NN,443,nn,81.22,0.21700281799712684,0.06448203600302804
WTM-NN,444,nn,81.28,0.21935400000074878,0.07108427899947856
WTM-NN,445,nn,80.91000000000001,0.19401084099081345,0.0673320310015697
WTM-NN,446,nn,81.17,0.25868298100249376,0.06460970098851249
WTM-NN,447,nn,81.35,0.19791097899724264,0.06815482799720485
WTM-NN,448,nn,80.97,0.20290985899919178,0.06863893801346421
WTM-NN,449,nn,81.17,0.19555688099353574,0.0675362239999231
WTM-NN,450,nn,81.12,0.2512872410006821,0.0682743009965634
WTM-NN,451,nn,80.96,0.20212740199349355,0.06940744900202844
WTM-NN,452,nn,81.08,0.19748926399915945,0.06782684400968719
WTM-NN,453,nn,81.11,0.20199497899739072,0.0661387940053828
WTM-NN,454,nn,81.10000000000001,0.2011783500056481,0.06853044200397562
WTM-NN,455,nn,81.01,0.26121460599824786,0.06826804400770925
WTM-NN,456,nn,81.21000000000001,0.19560583599377424,0.06850475700048264
WTM-NN,457,nn,81.10000000000001,0.20595444799982943,0.06786548999662045
WTM-NN,458,nn,80.97,0.219072634994518,0.06778581699472852
WTM-NN,459,nn,81.15,0.2618570170016028,0.0660692689998541
WTM-NN,460,nn,81.35,0.20593796799948905,0.06894440099131316
WTM-NN,461,nn,81.13,0.2083419300033711,0.0673188289947575
WTM-NN,462,nn,80.95,0.21973275700293016,0.06838642699585762
WTM-NN,463,nn,80.99,0.2444345000112662,0.06729613999777939
WTM-NN,464,nn,81.24,0.20268267000210471,0.0677304809942143
WTM-NN,465,nn,81.04,0.21643261999997776,0.06711046599957626
WTM-NN,466,nn,81.17,0.2056767710018903,0.06744917201285716
WTM-NN,467,nn,81.08999999999999,0.26627250098681543,0.06838430500647519
WTM-NN,468,nn,81.08,0.21673259300587233,0.06844247499248013
WTM-NN,469,nn,80.96,0.20733116300834808,0.06759383899043314
WTM-NN,470,nn,81.3,0.21707643099944107,0.06779090799682308
WTM-NN,471,nn,81.31,0.2169703659892548,0.06753543298691511
WTM-NN,472,nn,80.96,0.25424820600892417,0.06886454099731054
WTM-NN,473,nn,80.9,0.19788933399831876,0.06741949799470603
WTM-NN,474,nn,81.14,0.1981508019962348,0.06687542000145186
WTM-NN,475,nn,81.12,0.21998638700461015,0.06637479999335483
WTM-NN,476,nn,80.99,0.2591704149963334,0.06898642399755772
WTM-NN,477,nn,80.91000000000001,0.19875226500153076,0.06691819700063206
WTM-NN,478,nn,81.07,0.21626496700628195,0.06802449800306931
WTM-NN,479,nn,81.17999999999999,0.218697632997646,0.06722211500164121
WTM-NN,480,nn,80.96,0.2686798840004485,0.06709526799386367
WTM-NN,481,nn,80.95,0.1936341969994828,0.06716178100032266
WTM-NN,482,nn,81.08,0.1940933839941863,0.06759114800661337
WTM-NN,483,nn,81.02000000000001,0.21177539799828082,0.0642057850054698
WTM-NN,484,nn,80.93,0.19272795200231485,0.06448610899678897
WTM-NN,485,nn,81.07,0.24419785900681745,0.06758166299550794
WTM-NN,486,nn,81.12,0.20211706800910179,0.06555736598966178
WTM-NN,487,nn,81.04,0.1958102799981134,0.06733666099898983
WTM-NN,488,nn,81.07,0.20414774199889507,0.067499044991564
WTM-NN,489,nn,81.02000000000001,0.2668488890049048,0.06731427999329753
WTM-NN,490,nn,81.14,0.21219037999981083,0.06431777399848215
WTM-NN,491,nn,80.88,0.1926545279857237,0.06507187600072939
WTM-NN,492,nn,81.17,0.19665346200054046,0.06637973399483599
WTM-NN,493,nn,81.07,0.25200755200057756,0.0675305449985899
WTM-NN,494,nn,81.13,0.19813627000257839,0.06815736900898628
WTM-NN,495,nn,81.13,0.20374379299755674,0.07017999301024247
WTM-NN,496,nn,81.16,0.21821493899915367,0.06721572400419973
WTM-NN,497,nn,81.23,0.24762063400703482,0.06436865900468547
WTM-NN,498,nn,81.15,0.19448752200696617,0.06400760800170247
WTM-NN,499,nn,81.08,0.21458548899681773,0.06726776200230233
WTM-NN,500,nn,81.12,0.21649088599951938,0.06521501099632587
UTM-NN,1,tm,63.29,0.644317159007187,0.07265629500034265
UTM-NN,2,tm,66.28,0.5949397389922524,0.07184280001092702
UTM-NN,3,tm,66.17,0.5576003500027582,0.07238599500851706
UTM-NN,4,tm,66.86999999999999,0.5761661649885355,0.07219619701209012
UTM-NN,5,tm,66.3,0.5763155010063201,0.07274297899857629
UTM-NN,6,tm,66.66,0.5722877200023504,0.07137493499612901
UTM-NN,7,tm,66.64,0.5703444789978676,0.07295757799874991
UTM-NN,8,tm,66.88,0.5650228750018869,0.07345165399601683
UTM-NN,9,tm,67.31,0.5563651959964773,0.07113262300845236
UTM-NN,10,tm,67.58999999999999,0.5649299740034621,0.07097334800346289
UTM-NN,11,tm,67.04,0.5661852710036328,0.07180167199112475
UTM-NN,12,tm,67.58,0.5738135349965887,0.07300841399410274
UTM-NN,13,tm,67.13,0.5691725329961628,0.07244273100513965
UTM-NN,14,tm,67.09,0.5637551770050777,0.07359210100548808
UTM-NN,15,tm,66.95,0.5603348000004189,0.07338149799034
UTM-NN,16,tm,67.32000000000001,0.5659467969962861,0.07169892700039782
UTM-NN,17,tm,67.42,0.5562711219972698,0.07251775301119778
UTM-NN,18,tm,67.36,0.56531782100501,0.070950762994471
UTM-NN,19,tm,67.01,0.5582522320037242,0.07254811000893824
UTM-NN,20,tm,67.15,0.5551142889889888,0.07014334200357553
UTM-NN,21,tm,67.51,0.5750116069975775,0.07250353200652171
UTM-NN,22,tm,67.25,0.5655095519905444,0.07093454500136431
UTM-NN,23,tm,67.74,0.5624656700092601,0.07198806300584693
UTM-NN,24,tm,67.9,0.5581211780081503,0.07434252499660943
UTM-NN,25,tm,68.12,0.5510417720070109,0.07130838101147674
UTM-NN,26,tm,68.2,0.560552226001164,0.07234129500284325
UTM-NN,27,tm,67.85,0.5351668039947981,0.07259063300443813
UTM-NN,28,tm,67.01,0.555632923002122,0.07053035800345242
UTM-NN,29,tm,67.14,0.5554240119963652,0.0762631359975785
UTM-NN,30,tm,67.08,0.5690788260108093,0.07151290299952962
UTM-NN,31,tm,67.89,0.5603234759910265,0.07286454600398429
UTM-NN,32,tm,67.97,0.5507028050051304,0.07348825599183328
UTM-NN,33,tm,67.74,0.5593547559983563,0.07173619901004713
UTM-NN,34,tm,67.78,0.560786226997152,0.07497271000465844
UTM-NN,35,tm,67.5,0.5458042379905237,0.0738163700007135
UTM-NN,36,tm,67.42,0.5581852180039277,0.07192175599629991
UTM-NN,37,tm,67.11,0.5494009780086344,0.07139269099570811
UTM-NN,38,tm,67.13,0.5640300740051316,0.07097226699988823
UTM-NN,39,tm,67.25999999999999,0.5540066230023513,0.07133797400456388
UTM-NN,40,tm,67.92,0.5538788229896454,0.07293683401076123
UTM-NN,41,tm,67.78999999999999,0.5298059499909868,0.07045930500316899
UTM-NN,42,tm,67.54,0.5576836779946461,0.07371886100736447
UTM-NN,43,tm,67.67,0.5687818290025461,0.07078243700379971
UTM-NN,44,tm,67.58999999999999,0.5573362499999348,0.07364514499204233
UTM-NN,45,tm,67.91,0.5539251240115846,0.07455028399999719
UTM-NN,46,tm,67.57,0.5582253590109758,0.07372041700000409
UTM-NN,47,tm,67.63,0.5555348630005028,0.07302330099628307
UTM-NN,48,tm,68.13,0.5412296669965144,0.07260271899576765
UTM-NN,49,tm,67.96,0.5588535479910206,0.07310738100204617
UTM-NN,50,tm,68.03,0.5562839670019457,0.07423469499917701
UTM-NN,51,tm,67.88,0.5533562470081961,0.07084640699031297
UTM-NN,52,tm,68.25,0.5622439029975794,0.07067592200473882
UTM-NN,53,tm,67.60000000000001,0.5538767159887357,0.07243415899574757
UTM-NN,54,tm,67.63,0.5265903670078842,0.07167696199030615
UTM-NN,55,tm,67.94,0.5516585250006756,0.0719459870015271
UTM-NN,56,tm,67.75999999999999,0.561001081005088,0.07113393100735266
UTM-NN,57,tm,68.07,0.5601834660046734,0.0760683929984225
UTM-NN,58,tm,67.62,0.5599936439975863,0.07140507000440266
UTM-NN,59,tm,67.92,0.5601505030062981,0.07244794399593957
UTM-NN,60,tm,67.57,0.5582291839964455,0.07271445100195706
UTM-NN,61,tm,67.82000000000001,0.555997393996222,0.07272823399398476
UTM-NN,62,tm,67.61,0.563673076001578,0.07292411099479068
UTM-NN,63,tm,67.36999999999999,0.5575002800032962,0.07210718300484587
UTM-NN,64,tm,68.01,0.5563989020010922,0.07260034698992968
UTM-NN,65,tm,67.85,0.5574958419892937,0.07167931299773045
UTM-NN,66,tm,67.95,0.5555774289969122,0.0733065109961899
UTM-NN,67,tm,67.86999999999999,0.5602484910050407,0.07321493698691484
UTM-NN,68,tm,67.75,0.5530434959946433,0.07469395999214612
UTM-NN,69,tm,67.61,0.5537837330048205,0.07388224900932983
UTM-NN,70,tm,67.85,0.5580578830122249,0.07216584999696352
UTM-NN,71,tm,68.39,0.5624269120016834,0.07237746800819878
UTM-NN,72,tm,68.35,0.5616511739935959,0.07128076699154917
UTM-NN,73,tm,68.05,0.5533867119956994,0.07361842200043611
UTM-NN,74,tm,67.78,0.5480418600054691,0.07345033901219722
UTM-NN,75,tm,68.08,0.5486596119881142,0.07276963800541125
UTM-NN,76,tm,67.81,0.5661944409948774,0.07380311499582604
UTM-NN,77,tm,67.80000000000001,0.5622519739990821,0.07232837598712649
UTM-NN,78,tm,67.84,0.5643608410027809,0.07330030300363433
UTM-NN,79,tm,68.02,0.54981186700752,0.07359927200013772
UTM-NN,80,tm,67.94,0.5605781310005113,0.07274509299895726
UTM-NN,81,tm,68.03,0.5622288180020405,0.07341654199990444
UTM-NN,82,tm,68.13,0.5567574479937321,0.0741321120003704
UTM-NN,83,tm,68.04,0.5679751360003138,0.07384482299676165
UTM-NN,84,tm,67.91,0.5582415440003388,0.07262314899708144
UTM-NN,85,tm,67.78,0.5536335330107249,0.07512631200370379
UTM-NN,86,tm,67.38,0.5507420599897159,0.07095054700039327
UTM-NN,87,tm,67.91,0.5679188329959288,0.07041695999214426
UTM-NN,88,tm,67.69,0.5554156930011231,0.07322628398833331
UTM-NN,89,tm,68.31,0.5608335790020647,0.07245374000922311
UTM-NN,90,tm,68.07,0.5594452040095348,0.07298830700165126
UTM-NN,91,tm,68.06,0.5609308660059469,0.06895220499427523
UTM-NN,92,tm,67.95,0.5524777790124062,0.07302086900745053
UTM-NN,93,tm,68.0,0.5540029560070252,0.07203845199546777
UTM-NN,94,tm,67.97999999999999,0.5564010119996965,0.07149831499555148
UTM-NN,95,tm,68.08999999999999,0.5541455479979049,0.07226109699695371
UTM-NN,96,tm,68.19,0.5591153270070208,0.07286084198858589
UTM-NN,97,tm,68.04,0.5516991969925584,0.07267998400493525
UTM-NN,98,tm,67.83,0.5640195930027403,0.07431304499914404
UTM-NN,99,tm,67.97999999999999,0.5626352390099782,0.07242112299718428
UTM-NN,100,tm,67.80000000000001,0.5822389999957522,0.07160115998703986
UTM-NN,101,tm,67.96,0.5581458420056151,0.0711632469901815
UTM-NN,102,tm,67.51,0.5506080299965106,0.07283310900675133
UTM-NN,103,tm,67.62,0.5693459670001175,0.0727303320018109
UTM-NN,104,tm,67.67999999999999,0.5600134129927028,0.07271421399491373
UTM-NN,105,tm,68.04,0.5618149429938057,0.07413239200832322
UTM-NN,106,tm,68.02,0.5539125310024247,0.07313070599047933
UTM-NN,107,tm,68.04,0.5675551910098875,0.0729281899984926
UTM-NN,108,tm,68.2,0.5577834360010456,0.07326468899555039
UTM-NN,109,tm,68.07,0.5362771720101591,0.07086269299907144
UTM-NN,110,tm,68.08,0.5572156529960921,0.06993532901105937
UTM-NN,111,tm,67.96,0.548254798995913,0.07347408300847746
UTM-NN,112,tm,67.67999999999999,0.5601199509983417,0.07400825999502558
UTM-NN,113,tm,67.27,0.5629425619990798,0.07395757600897923
UTM-NN,114,tm,67.36999999999999,0.5583497019979404,0.0738720259978436
UTM-NN,115,tm,68.25,0.5565710140072042,0.07177272900298703
UTM-NN,116,tm,68.26,0.5592393730039475,0.07582880400877912
UTM-NN,117,tm,68.21000000000001,0.5544580369896721,0.0729240509972442
UTM-NN,118,tm,68.13,0.562580761994468,0.07912722398759797
UTM-NN,119,tm,68.12,0.560082178999437,0.07576434800284915
UTM-NN,120,tm,68.17,0.5576021500019124,0.07291440300468821
UTM-NN,121,tm,68.19,0.5448599599912995,0.07384786999318749
UTM-NN,122,tm,68.03,0.5564203149988316,0.07380630700208712
UTM-NN,123,tm,67.81,0.5679582669981755,0.07400609999604058
UTM-NN,124,tm,67.82000000000001,0.5620266729965806,0.07165738099138252
UTM-NN,125,tm,67.7,0.5576210110011743,0.07378458500897978
UTM-NN,126,tm,67.63,0.5707074890087824,0.07234568700368982
UTM-NN,127,tm,67.97,0.5454288949986221,0.0713144920009654
UTM-NN,128,tm,67.61,0.5487033980025444,0.07271191199833993
UTM-NN,129,tm,67.78999999999999,0.5603455419914098,0.0755932309984928
UTM-NN,130,tm,67.86,0.5475479439919582,0.07288986200001091
UTM-NN,131,tm,68.33,0.558090694990824,0.07418613000481855
UTM-NN,132,tm,68.66,0.5569582939933753,0.07279995900171343
UTM-NN,133,tm,68.81,0.5524849119974533,0.07369194299099036
UTM-NN,134,tm,68.54,0.5686296810017666,0.07174314600706566
UTM-NN,135,tm,68.14,0.5623639100085711,0.07159210900135804
UTM-NN,136,tm,67.80000000000001,0.5483705780061428,0.07020646499586292
UTM-NN,137,tm,67.86,0.5592738600098528,0.07010414099204354
UTM-NN,138,tm,67.46,0.5536497180000879,0.0717792979994556
UTM-NN,139,tm,67.52,0.5306102570029907,0.07485473700216971
UTM-NN,140,tm,67.84,0.542094320000615,0.07157552200078499
UTM-NN,141,tm,68.10000000000001,0.5587482069968246,0.07318360800854862
UTM-NN,142,tm,68.67999999999999,0.553680744007579,0.07038061200000811
UTM-NN,143,tm,68.37,0.5664192249969346,0.07304486700741109
UTM-NN,144,tm,68.66,0.5650054799916688,0.07264476199634373
UTM-NN,145,tm,68.58,0.5638484369992511,0.07322598199243657
UTM-NN,146,tm,68.58999999999999,0.556596772003104,0.07401278900215402
UTM-NN,147,tm,68.28999999999999,0.5301010069961194,0.07153802600805648
UTM-NN,148,tm,68.10000000000001,0.5496791920013493,0.07163458499417175
UTM-NN,149,tm,68.39,0.5606471620121738,0.07972445299674291
UTM-NN,150,tm,68.67,0.5577947639976628,0.07465483900159597
UTM-NN,151,nn,70.56,0.2508662229956826,0.0742844370106468
UTM-NN,152,nn,71.09,0.2025413499941351,0.07449136200011708
UTM-NN,153,nn,71.41999999999999,0.21633585800009314,0.07315527800528798
UTM-NN,154,nn,71.73,0.19284566199348774,0.07386409099854063
UTM-NN,155,nn,71.76,0.24888282499159686,0.07333119498798624
UTM-NN,156,nn,71.86,0.19737568899290636,0.07353245699778199
UTM-NN,157,nn,71.85000000000001,0.19751233200076967,0.07259916099428665
UTM-NN,158,nn,71.88,0.20009053600369953,0.07217910799954552
UTM-NN,159,nn,71.92,0.21860309499606956,0.07531323700095527
UTM-NN,160,nn,72.06,0.2672905080107739,0.07442369899945334
UTM-NN,161,nn,72.11,0.18917906600108836,0.07223221499589272
UTM-NN,162,nn,71.93,0.21794208999199327,0.07378137300838716
UTM-NN,163,nn,71.99,0.20248602499486879,0.0749903469986748
UTM-NN,164,nn,72.08,0.2680396380019374,0.07729126200138126
UTM-NN,165,nn,72.02,0.19543419299589004,0.07372877599846106
UTM-NN,166,nn,72.02,0.21509620000142604,0.0760566669923719
UTM-NN,167,nn,72.05,0.21525630599353462,0.07410691000404768
UTM-NN,168,nn,72.1,0.26678464098949917,0.07467901099880692
UTM-NN,169,nn,71.99,0.21804008800245356,0.072166167999967
UTM-NN,170,nn,72.04,0.21727120700234082,0.07553953399474267
UTM-NN,171,nn,72.03,0.20811351999873295,0.07400611300545279
UTM-NN,172,nn,72.15,0.271028736999142,0.0748437139991438
UTM-NN,173,nn,72.00999999999999,0.2020513149909675,0.07320984000398312
UTM-NN,174,nn,72.14,0.22254128199710976,0.07227093099209014
UTM-NN,175,nn,72.11999999999999,0.21803244100010488,0.07582084499881603
UTM-NN,176,nn,72.04,0.21546893699269276,0.07301664700207766
UTM-NN,177,nn,72.05,0.2671096879930701,0.07494071801193058
UTM-NN,178,nn,72.06,0.21501455899851862,0.07504960701044183
UTM-NN,179,nn,71.8,0.2096761040011188,0.07354999300150666
UTM-NN,180,nn,72.11999999999999,0.21995674198842607,0.07242101099109277
UTM-NN,181,nn,72.19,0.26759377399866935,0.07254485800513066
UTM-NN,182,nn,71.96000000000001,0.21346106899727602,0.0748513959988486
UTM-NN,183,nn,72.19,0.20364257600158453,0.07497480799793266
UTM-NN,184,nn,72.15,0.21788535700761713,0.07478865599841811
UTM-NN,185,nn,72.00999999999999,0.27104228700045496,0.07407316900207661
UTM-NN,186,nn,72.13000000000001,0.20072507600707468,0.07461629000317771
UTM-NN,187,nn,72.11999999999999,0.2037090500089107,0.07472345999849495
UTM-NN,188,nn,71.91,0.21923305800009985,0.07531495699367952
UTM-NN,189,nn,72.16,0.20858341798884794,0.07350190400029533
UTM-NN,190,nn,72.14,0.269961690006312,0.07302568200975657
UTM-NN,191,nn,72.11,0.22138432299834676,0.07515747399884276
UTM-NN,192,nn,72.11999999999999,0.21341882199340034,0.07375474300351925
UTM-NN,193,nn,72.09,0.21685190399875864,0.07575041100790258
UTM-NN,194,nn,72.03,0.2618263280019164,0.07389672100543976
UTM-NN,195,nn,72.2,0.21824650499911513,0.07433606601262
UTM-NN,196,nn,72.18,0.21703829898615368,0.0739661609986797
UTM-NN,197,nn,72.13000000000001,0.21635953600343782,0.07369236298836768
UTM-NN,198,nn,72.18,0.2654380099993432,0.07293951499741524
UTM-NN,199,nn,72.09,0.20452817001205403,0.07672896300209686
UTM-NN,200,nn,72.11999999999999,0.1979022140003508,0.07324349899135996
UTM-NN,201,nn,72.11999999999999,0.1975106609897921,0.07248921900463756
UTM-NN,202,nn,72.08,0.24857908599369694,0.07291098799032625
UTM-NN,203,nn,72.05,0.2076068820024375,0.07395141400047578
UTM-NN,204,nn,72.11,0.21162351600651164,0.0745873539999593
UTM-NN,205,nn,71.99,0.21739175399125088,0.07520104899595026
UTM-NN,206,nn,72.04,0.21063575099105947,0.07500053600233514
UTM-NN,207,nn,72.11,0.2667972070048563,0.0762085769965779
UTM-NN,208,nn,72.13000000000001,0.20927134600060526,0.07359392600483261
UTM-NN,209,nn,72.11,0.22160718200029805,0.07285333800246008
UTM-NN,210,nn,72.11999999999999,0.2046622159978142,0.07415505801327527
UTM-NN,211,nn,72.16,0.2726043200091226,0.07547335499839392
UTM-NN,212,nn,71.93,0.21753055599401705,0.07301413800450973
UTM-NN,213,nn,72.09,0.21166954300133511,0.0736113939929055
UTM-NN,214,nn,71.98,0.19847762300923932,0.0732791300106328
UTM-NN,215,nn,72.07000000000001,0.25523335800971836,0.07401109099737369
UTM-NN,216,nn,72.14,0.2175062610040186,0.07522278699616436
UTM-NN,217,nn,72.15,0.1928735190012958,0.07330410300346557
UTM-NN,218,nn,71.97,0.19075455100391991,0.07510585398995318
UTM-NN,219,nn,72.03,0.21605785499559715,0.07215305200952571
UTM-NN,220,nn,72.05,0.2596967449935619,0.07264717000361998
UTM-NN,221,nn,72.1,0.21886379599163774,0.07370469201123342
UTM-NN,222,nn,72.15,0.2116375240002526,0.07504059799248353
UTM-NN,223,nn,72.08,0.21533576400543097,0.07390651600144338
UTM-NN,224,nn,71.98,0.25996570799907204,0.07583028200315312
UTM-NN,225,nn,72.06,0.1931478979968233,0.07482398700085469
UTM-NN,226,nn,72.13000000000001,0.21642081100435462,0.07447671100089792
UTM-NN,227,nn,72.0,0.21440144900407176,0.07350637399940751
UTM-NN,228,nn,72.08,0.2671615400031442,0.0724212329951115
UTM-NN,229,nn,72.14,0.19910182600142434,0.07573103799950331
UTM-NN,230,nn,72.16,0.2144665800005896,0.07583194700418971
UTM-NN,231,nn,72.00999999999999,0.21520047400554176,0.07631042299908586
UTM-NN,232,nn,72.06,0.26685524100321345,0.0756222250056453
UTM-NN,233,nn,71.94,0.21563233000051696,0.07646338999620639
UTM-NN,234,nn,71.99,0.20014137600082904,0.07392141901073046
UTM-NN,235,nn,72.05,0.1981120199925499,0.08320082900172565
UTM-NN,236,nn,71.96000000000001,0.1972438780067023,0.07370796200120822
UTM-NN,237,nn,72.03,0.25575945198943373,0.07536891799827572
UTM-NN,238,nn,72.00999999999999,0.2188764590100618,0.0747140880121151
UTM-NN,239,nn,71.94,0.1929622719908366,0.0749624159943778
UTM-NN,240,nn,72.08,0.19505455599573907,0.07462244700582232
UTM-NN,241,nn,71.97,0.24822857799881604,0.07499942000140436
UTM-NN,242,nn,72.1,0.19312374999572057,0.07356882300518919
UTM-NN,243,nn,71.97,0.1946762119914638,0.07435689998965245
UTM-NN,244,nn,71.96000000000001,0.19547154399333522,0.07447651799884625
UTM-NN,245,nn,71.98,0.2441649140091613,0.07424681200063787
UTM-NN,246,nn,72.07000000000001,0.19398103500134312,0.07443481599329971
UTM-NN,247,nn,72.07000000000001,0.1947758669994073,0.07340154699340928
UTM-NN,248,nn,72.0,0.19820602600520942,0.07565400000021327
UTM-NN,249,nn,72.11,0.19273260798945557,0.07419118599500507
UTM-NN,250,nn,72.09,0.24403288299799897,0.07455187500454485
UTM-NN,251,nn,72.11,0.19722255000669975,0.07349611200334039
UTM-NN,252,nn,72.02,0.19432011900062207,0.07389866199810058
UTM-NN,253,nn,72.13000000000001,0.1943696620000992,0.07276831100170966
UTM-NN,254,nn,72.0,0.24449430700042285,0.07548160100122914
UTM-NN,255,nn,72.06,0.19655833100841846,0.07669458699820098
UTM-NN,256,nn,72.25,0.19836533699708525,0.07238121799309738
UTM-NN,257,nn,72.11999999999999,0.19779725599801168,0.07354437399771996
UTM-NN,258,nn,72.04,0.26604099800169934,0.07248134199471679
UTM-NN,259,nn,72.15,0.192275323002832,0.07259332700050436
UTM-NN,260,nn,72.06,0.2017320469894912,0.07448002899764106
UTM-NN,261,nn,72.11,0.1907830889977049,0.07488605398975778
UTM-NN,262,nn,72.00999999999999,0.25112154499220196,0.0755765009962488
UTM-NN,263,nn,72.13000000000001,0.19754423400445376,0.0722275290027028
UTM-NN,264,nn,72.04,0.2072180870018201,0.07303919899277389
UTM-NN,265,nn,72.1,0.21640217999811284,0.07349922899447847
UTM-NN,266,nn,71.88,0.19139748498855624,0.07385726600477938
UTM-NN,267,nn,71.89,0.2510353529942222,0.0736994620092446
UTM-NN,268,nn,72.09,0.21623755899781827,0.07387955400918145
UTM-NN,269,nn,72.15,0.20532027799345087,0.07245064299786463
UTM-NN,270,nn,72.15,0.19980397399922367,0.07217857999785338
UTM-NN,271,nn,71.94,0.2686805919947801,0.07185701798880473
UTM-NN,272,nn,72.11,0.2086652579891961,0.07430451200343668
UTM-NN,273,nn,72.18,0.19664471299620345,0.0736740090069361
UTM-NN,274,nn,72.00999999999999,0.19278950300940778,0.0733354169933591
UTM-NN,275,nn,72.14,0.2446274169924436,0.07555256399791688
UTM-NN,276,nn,72.11,0.19466143799945712,0.07472895398677792
UTM-NN,277,nn,72.06,0.19829057999595534,0.07419765499071218
UTM-NN,278,nn,72.11,0.19501609000144526,0.07651563799299765
UTM-NN,279,nn,71.98,0.21701757299888413,0.07432141499884892
UTM-NN,280,nn,71.89,0.24530773900914937,0.07356670100125484
UTM-NN,281,nn,72.0,0.19508591400517616,0.07222168399312068
UTM-NN,282,nn,72.08,0.19433593199937604,0.07247785900835879
UTM-NN,283,nn,72.16,0.1949699239921756,0.07471431100566406
UTM-NN,284,nn,72.09,0.24617395199311431,0.07594818698999006
UTM-NN,285,nn,72.07000000000001,0.19442280200019013,0.07640230600372888
UTM-NN,286,nn,72.02,0.19528072699904442,0.07359817800170276
UTM-NN,287,nn,72.14,0.19393249200948048,0.07227983200573362
UTM-NN,288,nn,72.04,0.24379046900139656,0.07320932899892796
UTM-NN,289,nn,72.00999999999999,0.19397425500210375,0.0723641270014923
UTM-NN,290,nn,72.11999999999999,0.19635688899143133,0.07213930200668983
UTM-NN,291,nn,72.06,0.1978084619913716,0.07469934699474834
UTM-NN,292,nn,72.05,0.24936067400267348,0.07249427800707053
UTM-NN,293,nn,72.04,0.2089932980015874,0.07456836898927577
UTM-NN,294,nn,72.15,0.1968031569995219,0.0758778279996477
UTM-NN,295,nn,72.16,0.2206125160009833,0.07189489899610635
UTM-NN,296,nn,71.96000000000001,0.21894391800742596,0.07193954699323513
UTM-NN,297,nn,71.86,0.2457730580063071,0.07092634399305098
UTM-NN,298,nn,72.24000000000001,0.21799422599724494,0.07411897799465805
UTM-NN,299,nn,72.18,0.20676072800415568,0.07386466299067251
UTM-NN,300,nn,72.14,0.21452511199458968,0.07285999300074764
UTM-NN,301,nn,71.95,0.26265176200831775,0.0733600009989459
UTM-NN,302,nn,72.09,0.21750418200099375,0.07238126199808903
UTM-NN,303,nn,72.16,0.21896451400243677,0.07687863300088793
UTM-NN,304,nn,72.14,0.19341334600176197,0.07441814200137742
UTM-NN,305,nn,71.98,0.2693391320062801,0.07507666900346521
UTM-NN,306,nn,72.11999999999999,0.20648621600412298,0.07208760500361677
UTM-NN,307,nn,72.1,0.20538138499250636,0.07600511799682863
UTM-NN,308,nn,72.19,0.22188183300022501,0.07152648299233988
UTM-NN,309,nn,72.27,0.27069233800284564,0.0740235230041435
UTM-NN,310,nn,72.06,0.21317485900362954,0.07406802599143703
UTM-NN,311,nn,72.04,0.22400585399009287,0.07192150798800867
UTM-NN,312,nn,72.13000000000001,0.1964776380045805,0.07652447999862488
UTM-NN,313,nn,72.16,0.19744830200215802,0.07137444100226276
UTM-NN,314,nn,72.00999999999999,0.24734607301070355,0.0739300379937049
UTM-NN,315,nn,72.02,0.1936609989934368,0.07166930400126148
UTM-NN,316,nn,71.93,0.19387330699828453,0.0736464349902235
UTM-NN,317,nn,72.11999999999999,0.19392518399399705,0.07401623199984897
UTM-NN,318,nn,72.0,0.24365511200448964,0.07374185799562838
UTM-NN,319,nn,72.05,0.20237479399656877,0.07232949900208041
UTM-NN,320,nn,72.06,0.19826987099077087,0.0729793889913708
UTM-NN,321,nn,72.16,0.21749182100757025,0.07440219499403611
UTM-NN,322,nn,72.13000000000001,0.2670612530055223,0.07352174600237049
UTM-NN,323,nn,72.04,0.19673633700585924,0.0738897800038103
UTM-NN,324,nn,72.03,0.21660701600194443,0.07192449599097017
UTM-NN,325,nn,72.23,0.21735807199729607,0.07240847700450104
UTM-NN,326,nn,72.06,0.2695234599959804,0.07711820298573002
UTM-NN,327,nn,72.2,0.21474384900648147,0.07509602000936866
UTM-NN,328,nn,72.18,0.2240762720030034,0.07268505298998207
UTM-NN,329,nn,71.96000000000001,0.21850757799984422,0.07404336699983105
UTM-NN,330,nn,72.23,0.19731182299437933,0.07415712100919336
UTM-NN,331,nn,72.06,0.2542539529968053,0.07356948900269344
UTM-NN,332,nn,72.11999999999999,0.19510692100448068,0.07295575599709991
UTM-NN,333,nn,72.07000000000001,0.20574842199857812,0.07585471299535129
UTM-NN,334,nn,71.98,0.20508913899539039,0.0733359309961088
UTM-NN,335,nn,72.1,0.26443611399736255,0.07542333500168752
UTM-NN,336,nn,71.89999999999999,0.21988045400939882,0.07421531500585843
UTM-NN,337,nn,72.02,0.21965836999879684,0.07299732499814127
UTM-NN,338,nn,71.97,0.19925744998909067,0.07553861300402787
UTM-NN,339,nn,72.1,0.266831301007187,0.07219576800707728
UTM-NN,340,nn,72.13000000000001,0.1954428829922108,0.07276436100073624
UTM-NN,341,nn,71.94,0.19560992199694738,0.07517397199990228
UTM-NN,342,nn,72.14,0.1991173029964557,0.07469005401071627
UTM-NN,343,nn,72.34,0.21309742399898823,0.07303288299590349
UTM-NN,344,nn,72.16,0.2600100990093779,0.07496333100425545
UTM-NN,345,nn,72.08,0.19362012601050083,0.07573660500929691
UTM-NN,346,nn,72.11999999999999,0.21627071900002193,0.07317069300916046
UTM-NN,347,nn,71.92,0.19889879600668792,0.07542561199807096
UTM-NN,348,nn,72.00999999999999,0.251921108996612,0.07238774999859743
UTM-NN,349,nn,71.96000000000001,0.19353981700260192,0.07298810800421052
UTM-NN,350,nn,71.99,0.20547626601182856,0.07402506200014614
UTM-NN,351,nn,72.1,0.21937356499256566,0.07361776300240308
UTM-NN,352,nn,72.15,0.2515852030046517,0.07527963600296061
UTM-NN,353,nn,72.14,0.21388795399980154,0.07382198300911114
UTM-NN,354,nn,72.13000000000001,0.21278643400000874,0.07460792499477975
UTM-NN,355,nn,72.16,0.20638180499372538,0.07518642299692146
UTM-NN,356,nn,72.22,0.26992203599365894,0.07450220499595162
UTM-NN,357,nn,72.17,0.22340436400554609,0.07510883999930229
UTM-NN,358,nn,72.05,0.216539090994047,0.07577863900223747
UTM-NN,359,nn,72.11,0.19506534600805026,0.07507754300604574
UTM-NN,360,nn,72.16,0.21524185199814383,0.0748030600079801
UTM-NN,361,nn,72.00999999999999,0.2672417610010598,0.07217398000648245
UTM-NN,362,nn,72.17,0.20162329899903852,0.0741286099946592
UTM-NN,363,nn,72.16,0.2205713740113424,0.07197720700060017
UTM-NN,364,nn,72.24000000000001,0.20156564099306706,0.07402425300097093
UTM-NN,365,nn,71.91,0.2581873489980353,0.07090652399347164
UTM-NN,366,nn,72.03,0.21921379999548662,0.0733412270055851
UTM-NN,367,nn,72.15,0.21707868500379845,0.07327058599912561
UTM-NN,368,nn,72.06,0.20130710399826057,0.07496713600994553
UTM-NN,369,nn,72.06,0.2580278000095859,0.07341379500576295
UTM-NN,370,nn,72.06,0.2180101699923398,0.07358420900709461
UTM-NN,371,nn,72.08,0.21705583001312334,0.07346986699849367
UTM-NN,372,nn,71.96000000000001,0.20307237400265876,0.0753467600006843
UTM-NN,373,nn,71.97,0.21665548600140028,0.07642518699867651
UTM-NN,374,nn,72.16,0.26982301399402786,0.07300754700554535
UTM-NN,375,nn,72.08,0.19658498300123028,0.0745664999994915
UTM-NN,376,nn,71.86,0.19862848898628727,0.07689258799655363
UTM-NN,377,nn,72.08,0.21449018799467012,0.07310736901126802
UTM-NN,378,nn,72.15,0.2684827579942066,0.07451328200113494
UTM-NN,379,nn,72.18,0.20519474499451462,0.07430319800914731
UTM-NN,380,nn,72.13000000000001,0.1994497749983566,0.07432911300566047
UTM-NN,381,nn,72.15,0.21705099899554625,0.07207907800329849
UTM-NN,382,nn,72.00999999999999,0.26736601001175586,0.0761447870027041
UTM-NN,383,nn,72.0,0.22145573499437887,0.0750192959967535
UTM-NN,384,nn,72.04,0.21588111600431148,0.07364623399917036
UTM-NN,385,nn,72.17,0.21651543299958576,0.07657752500381321
UTM-NN,386,nn,72.1,0.2696200990030775,0.07214179298898671
UTM-NN,387,nn,71.96000000000001,0.21639829099876806,0.0720387300098082
UTM-NN,388,nn,71.98,0.23110570599965286,0.07183223699394148
UTM-NN,389,nn,72.02,0.22020337900903542,0.07476785700418986
UTM-NN,390,nn,72.17,0.19479554099962115,0.07126448200142477
UTM-NN,391,nn,72.06,0.24389555701054633,0.0726002269948367
UTM-NN,392,nn,72.21,0.2011037699994631,0.07349241900374182
UTM-NN,393,nn,72.08,0.2195006789988838,0.07511684999917634
UTM-NN,394,nn,72.00999999999999,0.22040675999596715,0.07277174199407455
UTM-NN,395,nn,72.04,0.267244524002308,0.07609971299825702
UTM-NN,396,nn,72.02,0.22272880301170517,0.07584721699822694
UTM-NN,397,nn,71.93,0.21776023801066913,0.0720560560002923
UTM-NN,398,nn,72.06,0.21726441700593568,0.07423163899511565
UTM-NN,399,nn,72.1,0.24900115600030404,0.0735886080074124
UTM-NN,400,nn,72.03,0.1943582109961426,0.07271165899874177
UTM-NN,401,nn,72.16,0.21144666700274684,0.07364966798922978
UTM-NN,402,nn,72.11999999999999,0.21221376900211908,0.07358387899876107
UTM-NN,403,nn,72.0,0.2181974179984536,0.07304469900554977
UTM-NN,404,nn,72.24000000000001,0.27046377399528865,0.0734345939999912
UTM-NN,405,nn,71.83,0.20457291200000327,0.07557697100855876
UTM-NN,406,nn,71.99,0.20963544999540318,0.07391043601091951
UTM-NN,407,nn,72.11999999999999,0.19135440498939715,0.07357607400626875
UTM-NN,408,nn,72.13000000000001,0.26852006699482445,0.07449737298884429
UTM-NN,409,nn,72.04,0.20846265299769584,0.07439787300245371
UTM-NN,410,nn,72.25,0.21940296198590659,0.07342865499958862
UTM-NN,411,nn,72.11,0.21338326000841334,0.07131656199635472
UTM-NN,412,nn,72.06,0.25589273899095133,0.07302631500351708
UTM-NN,413,nn,72.03,0.19722919100604486,0.07411927900102455
UTM-NN,414,nn,72.06,0.1954416049993597,0.07157304199063219
UTM-NN,415,nn,72.1,0.19362184499914292,0.0724717909906758
UTM-NN,416,nn,72.02,0.25937756200437434,0.07418443499773275
UTM-NN,417,nn,71.97,0.2057845660019666,0.07514030100719538
UTM-NN,418,nn,72.06,0.2195293950062478,0.07097941500251181
UTM-NN,419,nn,71.92,0.21590953700069804,0.0728738289908506
UTM-NN,420,nn,71.97,0.1957841300027212,0.075417236002977
UTM-NN,421,nn,72.14,0.2654176619980717,0.07326066899986472
UTM-NN,422,nn,72.15,0.2177059690002352,0.07218050501251128
UTM-NN,423,nn,72.0,0.19773852299840655,0.07356044500193093
UTM-NN,424,nn,71.98,0.20156134299759287,0.07327184999303427
UTM-NN,425,nn,71.99,0.2693849200004479,0.07429504299943801
UTM-NN,426,nn,72.07000000000001,0.21050331900187302,0.07283041000482626
UTM-NN,427,nn,72.21,0.21617757799685933,0.0722076280071633
UTM-NN,428,nn,72.02,0.2014798299933318,0.07185034800204448
UTM-NN,429,nn,72.04,0.2527133919938933,0.07130470601259731
UTM-NN,430,nn,72.14,0.2187841160048265,0.0747685870010173
UTM-NN,431,nn,72.02,0.2183927249861881,0.07304917900182772
UTM-NN,432,nn,71.99,0.21898368699476123,0.07194073099526577
UTM-NN,433,nn,72.17,0.2028117529989686,0.07395722799992654
UTM-NN,434,nn,72.18,0.2678753859945573,0.0737162180012092
UTM-NN,435,nn,72.06,0.22103746999346185,0.07401384100376163
UTM-NN,436,nn,71.93,0.21295384199765977,0.07425758898898493
UTM-NN,437,nn,72.21,0.2174751439888496,0.07074516000284348
UTM-NN,438,nn,72.17,0.2603127340116771,0.07559161700191908
UTM-NN,439,nn,72.15,0.2172964339988539,0.07511462199909147
UTM-NN,440,nn,72.18,0.21744600099918898,0.07519938999030273
UTM-NN,441,nn,71.99,0.2090581660013413,0.07324658099969383
UTM-NN,442,nn,72.15,0.2623883889900753,0.07127457299793605
UTM-NN,443,nn,72.21,0.1974681120045716,0.07426292200398166
UTM-NN,444,nn,72.0,0.21740134499850683,0.07476385700283572
UTM-NN,445,nn,72.15,0.19773382699349895,0.07048648298950866
UTM-NN,446,nn,72.06,0.2437739440065343,0.07466456599649973
UTM-NN,447,nn,72.07000000000001,0.19488143399939872,0.0716377310018288
UTM-NN,448,nn,72.1,0.1953867080010241,0.07200432900572196
UTM-NN,449,nn,72.05,0.19320073899871204,0.07365168200340122
UTM-NN,450,nn,72.11999999999999,0.19601279399648774,0.07368564399075694
UTM-NN,451,nn,72.15,0.26607162499567494,0.07288766201236285
UTM-NN,452,nn,72.17,0.2062601539946627,0.07338093299767934
UTM-NN,453,nn,72.2,0.19511135200446006,0.07242024500737898
UTM-NN,454,nn,71.94,0.1937598170043202,0.07210059999488294
UTM-NN,455,nn,72.04,0.2446509270084789,0.07631513099477161
UTM-NN,456,nn,72.02,0.19349289499223232,0.0734420630033128
UTM-NN,457,nn,72.23,0.19585197301057633,0.07360701500147115
UTM-NN,458,nn,72.27,0.1931864150101319,0.07201649899070617
UTM-NN,459,nn,72.14,0.24569270499341656,0.07371650899585802
UTM-NN,460,nn,72.1,0.19793882900557946,0.07378019200405106
UTM-NN,461,nn,72.08,0.19764912000391632,0.07398330500291195
UTM-NN,462,nn,72.02,0.19363706999865826,0.07398390299931634
UTM-NN,463,nn,72.08,0.2441297530021984,0.07504271200741641
UTM-NN,464,nn,71.85000000000001,0.19598986400524154,0.0716551259974949
UTM-NN,465,nn,72.1,0.21590265299892053,0.07443854100711178
UTM-NN,466,nn,72.04,0.21563718000834342,0.07481499899586197
UTM-NN,467,nn,72.07000000000001,0.21409791099722497,0.07391749598900788
UTM-NN,468,nn,71.99,0.2693081110046478,0.0742959010094637
UTM-NN,469,nn,72.05,0.2203858339926228,0.07448858200223185
UTM-NN,470,nn,72.14,0.2182166909915395,0.07357233599759638
UTM-NN,471,nn,72.11999999999999,0.21513964200858027,0.0741483989986591
UTM-NN,472,nn,72.2,0.2651721239963081,0.07422285199572798
UTM-NN,473,nn,72.02,0.21795976599969435,0.0737190080108121
UTM-NN,474,nn,71.97,0.20054619500297122,0.0734614520042669
UTM-NN,475,nn,72.11999999999999,0.21522411300975364,0.07311138398654293
UTM-NN,476,nn,72.13000000000001,0.26676168700214475,0.07386323298851494
UTM-NN,477,nn,72.21,0.19531647898838855,0.07096184400143102
UTM-NN,478,nn,72.11999999999999,0.1914019909891067,0.07246671500615776
UTM-NN,479,nn,72.25,0.216228488003253,0.07367455298663117
UTM-NN,480,nn,72.03,0.21989278099499643,0.07285805500578135
UTM-NN,481,nn,71.95,0.26265759000671096,0.07395861600525677
UTM-NN,482,nn,72.08,0.22240170299482998,0.0732080500019947
UTM-NN,483,nn,72.08,0.22192006900149863,0.07478966598864645
UTM-NN,484,nn,72.00999999999999,0.20628143999783788,0.07493455700750928
UTM-NN,485,nn,72.19,0.2600156780099496,0.07357073800812941
UTM-NN,486,nn,72.00999999999999,0.21924159899936058,0.07282804799615405
UTM-NN,487,nn,72.1,0.19902490101230796,0.0741094469995005
UTM-NN,488,nn,72.07000000000001,0.1947983879945241,0.07416366899269633
UTM-NN,489,nn,71.99,0.2715667529992061,0.07521116400312167
UTM-NN,490,nn,72.14,0.21710638699005358,0.07347646199923474
UTM-NN,491,nn,72.11,0.21043223200831562,0.07405316000222228
UTM-NN,492,nn,72.06,0.21495604200754315,0.0725814059987897
UTM-NN,493,nn,72.14,0.2696480979939224,0.07498099400254432
UTM-NN,494,nn,72.13000000000001,0.2197461449977709,0.07692529399355408
UTM-NN,495,nn,72.18,0.21769298700382933,0.073333456995897
UTM-NN,496,nn,72.15,0.2184551249956712,0.07161416500457563
UTM-NN,497,nn,72.04,0.22219521600345615,0.07431961700785905
UTM-NN,498,nn,72.03,0.2557476210058667,0.07339690800290555
UTM-NN,499,nn,72.14,0.22358752200671006,0.07433568600390572
UTM-NN,500,nn,72.11,0.21640143600234296,0.07255620899377391
