method,epoch,model_type,test_accuracy,train_time,test_time
Cyclic,1,tm,65.75,1.895038984999701,0.7200210080045508
Cyclic,2,tm,67.33653846153847,1.5787919279973721,0.740669691003859
Cyclic,3,tm,68.90384615384615,1.4832488489992102,0.7496350439978414
Cyclic,4,tm,69.4951923076923,1.4074440100011998,0.7597152360031032
Cyclic,5,tm,71.57692307692308,1.346870700996078,0.7661683879996417
Cyclic,6,tm,71.40865384615384,1.3106357050055522,0.7519691639972734
Cyclic,7,tm,71.90865384615385,1.2695366510015447,0.7421324640017701
Cyclic,8,tm,74.04807692307692,1.2725145980002708,0.7464109769935021
Cyclic,9,tm,73.04326923076923,1.232808111999475,0.7358323590015061
Cyclic,10,tm,74.7451923076923,1.2354673170048045,0.7433639200025937
Cyclic,11,tm,74.71634615384616,1.207025085001078,0.7417546430006041
Cyclic,12,tm,75.16346153846155,1.18514751100156,0.748629351001
Cyclic,13,tm,75.2548076923077,1.1685020950026228,0.7408556950031198
Cyclic,14,tm,74.27403846153847,1.1761593499977607,0.7499956440005917
Cyclic,15,tm,74.96153846153845,1.1621247920047608,0.7438231890046154
Cyclic,16,tm,74.86057692307693,1.137606363001396,0.7517875190023915
Cyclic,17,tm,75.14423076923077,1.1535814840026433,0.7609690509998472
Cyclic,18,tm,74.33173076923076,1.117838270001812,0.7522784609973314
Cyclic,19,tm,77.59134615384615,1.1201078360027168,0.7487231210034224
Cyclic,20,tm,75.9423076923077,1.1216205320015433,0.7439630169974407
Cyclic,21,tm,75.83173076923076,1.1170489009964513,0.7523300739994738
Cyclic,22,tm,77.26442307692307,1.1126817900003516,0.7437113449996104
Cyclic,23,tm,76.1875,1.093385918000422,0.7469793589989422
Cyclic,24,tm,76.9423076923077,1.0835332369970274,0.7423599550020299
Cyclic,25,tm,76.03846153846155,1.0828538450004999,0.7392625650027185
Cyclic,26,tm,76.96634615384616,1.0763565790039138,0.7549951109976973
Cyclic,27,tm,77.0576923076923,1.0721110189988394,0.7437740199966356
Cyclic,28,tm,77.85576923076924,1.0685405699987314,0.7461889410042204
Cyclic,29,tm,78.1875,1.071322895004414,0.7527495210015331
Cyclic,30,tm,77.57211538461539,1.0619892209942918,0.7519174359986209
Cyclic,31,tm,76.54326923076923,1.0625263280016952,0.752528107004764
Cyclic,32,tm,78.28846153846155,1.0555007549992297,0.7506156800009194
Cyclic,33,tm,78.1923076923077,1.0670821430030628,0.7567891020007664
Cyclic,34,tm,77.09615384615385,1.0550985610025236,0.7547372250046465
Cyclic,35,tm,77.65384615384615,1.0510865390024264,0.7464601390020107
Cyclic,36,tm,78.00961538461539,1.0465097810010775,0.7643179520018748
Cyclic,37,tm,77.82692307692308,1.0461291190003976,0.7586921640031505
Cyclic,38,tm,77.41826923076923,1.0453861720015993,0.7579506559995934
Cyclic,39,tm,77.36057692307692,1.03975855599856,0.7434520130045712
Cyclic,40,tm,76.8798076923077,1.0343566130031832,0.7528672560001723
Cyclic,41,tm,79.15865384615385,1.037381362002634,0.7587560680040042
Cyclic,42,tm,76.48076923076923,1.016657653002767,0.7516255489972536
Cyclic,43,tm,77.96153846153845,1.0231441049982095,0.7613789830065798
Cyclic,44,tm,78.24038461538461,1.0413682949947543,0.7530198480017134
Cyclic,45,tm,77.82211538461539,1.0192555600006017,0.7663103230006527
Cyclic,46,tm,78.05288461538461,1.0247164539978257,0.7315435510026873
Cyclic,47,tm,76.3173076923077,1.0221335390015156,0.7482189430011204
Cyclic,48,tm,78.7451923076923,1.0184443250036566,0.7493071130011231
Cyclic,49,tm,77.42307692307693,1.0017777969987947,0.7502397670032224
Cyclic,50,tm,78.55288461538461,1.0080456619980396,0.7531560009956593
Cyclic,51,nn,84.8173076923077,0.6249596950001433,0.7708069779982907
Cyclic,52,nn,85.02884615384615,0.5901326360035455,0.7701718419993995
Cyclic,53,nn,85.0625,0.6427377860018169,0.777443286999187
Cyclic,54,nn,85.21153846153847,0.5810256160038989,0.7416743819994736
Cyclic,55,nn,85.15384615384616,0.6282842319997144,0.7598031230008928
Cyclic,56,nn,85.14903846153847,0.5855944209979498,0.7693853110031341
Cyclic,57,nn,84.85576923076923,0.638564798005973,0.7511067829982494
Cyclic,58,nn,85.14423076923077,0.5751345139942714,0.7608528010023292
Cyclic,59,nn,84.8701923076923,0.615810358998715,0.773953635005455
Cyclic,60,nn,84.82211538461539,0.5931111879981472,0.7548862229959923
Cyclic,61,nn,84.9423076923077,0.6452876260009361,0.7611945259995991
Cyclic,62,nn,84.96153846153847,0.5829174000027706,0.7667655249970267
Cyclic,63,nn,84.88461538461539,0.626331877996563,0.75962322599662
Cyclic,64,nn,85.01442307692308,0.5860925169981783,0.7624979710017215
Cyclic,65,tm,79.50961538461539,1.0578075909943436,0.7430927860041265
Cyclic,66,tm,79.02884615384616,1.0335400449985173,0.7360136280040024
Cyclic,67,tm,78.30288461538461,1.01832180400379,0.7501654090010561
Cyclic,68,tm,78.84134615384616,1.0118242720054695,0.7497037539942539
Cyclic,69,tm,80.00961538461539,1.0058862989972113,0.7542658480015234
Cyclic,70,tm,79.28846153846155,0.9988329350017011,0.7459997709956951
Cyclic,71,tm,78.2451923076923,1.0036147209975752,0.7461167169967666
Cyclic,72,tm,78.5048076923077,1.009274465002818,0.7551845929992851
Cyclic,73,tm,80.11538461538461,0.9941161669994472,0.7497200959987822
Cyclic,74,tm,79.1875,0.9928247390053002,0.7704314800066641
Cyclic,75,tm,78.55288461538461,0.9913773860025685,0.749310516002879
Cyclic,76,tm,79.02884615384616,1.0070942089951131,0.7596109639998758
Cyclic,77,tm,78.67788461538461,0.981484250005451,0.7537750499977847
Cyclic,78,tm,79.84615384615384,1.0018746329951682,0.751134408004873
Cyclic,79,tm,80.32211538461539,0.9838662370020756,0.7613445810056874
Cyclic,80,tm,78.89423076923077,0.990184362999571,0.7557160350042977
Cyclic,81,tm,79.76923076923077,1.0023240410009748,0.7535645739990287
Cyclic,82,tm,79.04807692307692,0.9828682899969863,0.7512626219977392
Cyclic,83,tm,79.1298076923077,0.9813962409971282,0.7509787380040507
Cyclic,84,tm,80.14903846153845,0.9952223829968716,0.7626068239987944
Cyclic,85,tm,78.0673076923077,0.9817328130011447,0.7584547719961847
Cyclic,86,tm,80.11057692307692,0.9925127480019,0.7544132019975223
Cyclic,87,tm,79.40865384615384,0.9774081720024697,0.7699566950032022
Cyclic,88,tm,79.60096153846153,0.9764409109993721,0.7386292100054561
Cyclic,89,tm,78.63942307692308,0.9873155319946818,0.758430950998445
Cyclic,90,tm,78.8701923076923,0.9690582820039708,0.7549364549995516
Cyclic,91,tm,79.22596153846155,0.9938524370008963,0.749994185003743
Cyclic,92,tm,78.83173076923077,0.9820298630002071,0.7450002779951319
Cyclic,93,tm,77.27884615384616,0.9600091770043946,0.7643001329997787
Cyclic,94,tm,78.01442307692308,0.96870022299845,0.748254721002013
Cyclic,95,tm,78.61538461538461,0.971003238002595,0.7489621709974017
Cyclic,96,tm,79.23557692307692,0.9650086399997235,0.744692145002773
Cyclic,97,tm,79.29807692307692,0.9800175950003904,0.7521945749977021
Cyclic,98,tm,79.78846153846155,0.9654063010020764,0.7480540620017564
Cyclic,99,tm,77.8173076923077,0.9621111539963749,0.7525576370026101
Cyclic,100,tm,79.125,0.959131627001625,0.756769876999897
Cyclic,101,tm,78.96153846153847,0.9577247279958101,0.7503239229990868
Cyclic,102,tm,78.74038461538461,0.9689770369950566,0.7422223449975718
Cyclic,103,tm,79.8798076923077,0.9694382949965075,0.7571935419982765
Cyclic,104,tm,80.14903846153845,0.9825571100009256,0.7564836279998417
Cyclic,105,tm,80.90865384615384,0.9466732059954666,0.7590700880027725
Cyclic,106,tm,79.24038461538461,0.962560519001272,0.7425815149981645
Cyclic,107,tm,78.1923076923077,0.9812499149993528,0.7513604979976662
Cyclic,108,tm,78.99038461538461,0.9684876780011109,0.7555935400014278
Cyclic,109,tm,79.19711538461539,0.954885197999829,0.7564698440037319
Cyclic,110,tm,79.13461538461539,0.95947154800524,0.7567304179974599
Cyclic,111,tm,78.79807692307692,0.9514445050008362,0.7647410770005081
Cyclic,112,tm,79.54326923076923,0.956429574995127,0.7680080840000301
Cyclic,113,tm,79.0625,0.9524884689963073,0.7523005050024949
Cyclic,114,tm,79.3701923076923,0.9641690770004061,0.7627864419991965
Cyclic,115,nn,85.46634615384615,0.6372137409998686,0.7797510079981294
Cyclic,116,nn,85.52403846153847,0.5918628590006847,0.769418495001446
Cyclic,117,nn,85.66346153846153,0.6244915950010181,0.7663634150012513
Cyclic,118,nn,85.58173076923077,0.5927510249966872,0.7638142950017937
Cyclic,119,nn,85.5,0.6418408999961684,0.7737638229955337
Cyclic,120,nn,85.59615384615384,0.5655984559998615,0.7639463290033746
Cyclic,121,nn,85.4326923076923,0.6310811419971287,0.771463450997544
Cyclic,122,nn,85.36057692307692,0.5883707710017916,0.7642819839966251
Cyclic,123,nn,85.48076923076923,0.6138819429979776,0.7657977890048642
Cyclic,124,nn,85.47115384615384,0.5869371939988923,0.7704627459970652
Cyclic,125,nn,85.44711538461539,0.6239691920054611,0.7603698599996278
Cyclic,126,nn,85.38461538461539,0.5782921520003583,0.7752619919992867
Cyclic,127,nn,85.44711538461539,0.6360615429948666,0.7702145739967818
Cyclic,128,tm,79.70673076923077,0.9779292889943463,0.7418826709981658
Cyclic,129,tm,79.625,0.972325570997782,0.7603069859978859
Cyclic,130,tm,80.21153846153845,0.97933757899591,0.7548097480030265
Cyclic,131,tm,79.9375,0.9683217929996317,0.7429198960016947
Cyclic,132,tm,78.77403846153847,0.9542408639972564,0.7657422460033558
Cyclic,133,tm,79.78846153846155,0.9621595360003994,0.7507948450002004
Cyclic,134,tm,79.76442307692308,0.9529835020002793,0.7399196280020988
Cyclic,135,tm,80.4423076923077,0.9413303750043269,0.7608477880057762
Cyclic,136,tm,78.53846153846153,0.9613727429969003,0.7631521670045913
Cyclic,137,tm,80.3076923076923,0.9470838360066409,0.7438763089958229
Cyclic,138,tm,78.76442307692308,0.9524528679976356,0.7485700749966782
Cyclic,139,tm,79.42788461538461,0.9498593589960365,0.7544406510060071
Cyclic,140,tm,79.6201923076923,0.9586088639989612,0.7440356179940864
Cyclic,141,tm,79.00961538461539,0.952093113999581,0.7519539450004231
Cyclic,142,tm,79.9326923076923,0.9621411620028084,0.7649692970007891
Cyclic,143,tm,78.53846153846153,0.9418419869980426,0.7530514519967255
Cyclic,144,tm,80.82692307692308,0.9444871809973847,0.7571469470058219
Cyclic,145,tm,78.97596153846153,0.951635689001705,0.7531520789998467
Cyclic,146,tm,79.47596153846153,0.9560514589975355,0.7477294689961127
Cyclic,147,tm,78.80288461538461,0.9588409740026691,0.7580524020013399
Cyclic,148,tm,80.48557692307692,0.9541312820001622,0.747608516998298
Cyclic,149,tm,79.89423076923077,0.9380335270034266,0.7420511279997299
Cyclic,150,tm,80.0576923076923,0.9497769720037468,0.752127499996277
Cyclic,151,tm,78.70192307692308,0.9363874330010731,0.7582076299950131
Cyclic,152,tm,79.67307692307692,0.9468303739995463,0.766896976994758
Cyclic,153,tm,79.3173076923077,0.9532156689965632,0.7622103340036119
Cyclic,154,tm,78.78846153846155,0.9511017370023183,0.7430367609995301
Cyclic,155,tm,79.30288461538461,0.9468600359978154,0.7530167669974617
Cyclic,156,tm,78.92307692307692,0.9413616999954684,0.7567945339978905
Cyclic,157,tm,80.39423076923077,0.9446150129952002,0.7565816649948829
Cyclic,158,tm,79.69711538461539,0.9391712529977667,0.7493853979976848
Cyclic,159,tm,79.86057692307692,0.9474830990002374,0.7468032230026438
Cyclic,160,tm,79.08653846153845,0.9515077099931659,0.7590123890040559
Cyclic,161,tm,80.08173076923077,0.9377568199997768,0.7423324549963581
Cyclic,162,tm,79.16346153846155,0.9549245890011662,0.7572891020026873
Cyclic,163,tm,78.21153846153847,0.9453859899949748,0.7552071129975957
Cyclic,164,tm,80.25961538461537,0.9353981930034934,0.7476523510049446
Cyclic,165,tm,79.71153846153847,0.9403236279977136,0.7543481749962666
Cyclic,166,tm,78.72596153846155,0.9440097999977297,0.7587296060009976
Cyclic,167,tm,80.6826923076923,0.9531928520009387,0.7466159769974183
Cyclic,168,tm,78.66826923076923,0.9375824530070531,0.7540797879992169
Cyclic,169,tm,78.21634615384615,0.9399009390035644,0.7549370330016245
Cyclic,170,tm,79.10576923076923,0.9350445009986288,0.7665234870000859
Cyclic,171,tm,80.2548076923077,0.9327920659998199,0.7649272530034068
Cyclic,172,tm,79.0673076923077,0.9562199629945098,0.755049778999819
Cyclic,173,tm,80.14903846153845,0.9326719329983462,0.7579712330043549
Cyclic,174,tm,79.89423076923077,0.9292185340018477,0.7543197580016567
Cyclic,175,tm,79.51442307692308,0.946941035996133,0.7552400179993128
Cyclic,176,tm,78.85576923076924,0.9436618850013474,0.7497682270040968
Cyclic,177,tm,78.34615384615384,0.9303987690000213,0.7442755459996988
Cyclic,178,nn,85.16346153846153,0.5232326710029156,0.7779192490052083
Cyclic,179,nn,85.20192307692308,0.6358667040040018,0.7675116329992306
Cyclic,180,nn,85.32211538461539,0.5648589359989273,0.7736768169997958
Cyclic,181,nn,85.36538461538463,0.6439208810043056,0.7692034899955615
Cyclic,182,nn,85.20673076923076,0.5794941689964617,0.7683154820042546
Cyclic,183,nn,85.29807692307692,0.5950232640025206,0.7847316780025722
Cyclic,184,nn,85.3125,0.5898807090052287,0.7603412780008512
Cyclic,185,nn,85.21153846153847,0.5706792869968922,0.7667032919998746
Cyclic,186,nn,85.22115384615384,0.5276868579967413,0.7634336280025309
Cyclic,187,nn,85.09615384615384,0.570157187001314,0.773381677994621
Cyclic,188,nn,85.05288461538461,0.555988955005887,0.7721671210019849
Cyclic,189,nn,85.1298076923077,0.5769819560009637,0.7735516570028267
Cyclic,190,nn,85.02403846153847,0.5245967969967751,0.7641881839954294
Cyclic,191,nn,85.05288461538461,0.6177705139998579,0.7646760909992736
Cyclic,192,tm,80.20192307692308,0.9545468419964891,0.7468125660016085
Cyclic,193,tm,79.82692307692307,0.9480192940027337,0.7581290629968862
Cyclic,194,tm,78.82211538461539,0.9573849049993441,0.7542802820025827
Cyclic,195,tm,80.69711538461539,0.940576749999309,0.7452798380036256
Cyclic,196,tm,80.1201923076923,0.9470646339977975,0.7643805049956427
Cyclic,197,tm,78.55288461538461,0.9266255879992968,0.7615998200053582
Cyclic,198,tm,79.7548076923077,0.9395582299985108,0.7585353740068967
Cyclic,199,tm,80.10096153846153,0.9451006360031897,0.7583445490017766
Cyclic,200,tm,79.59134615384616,0.9568293880001875,0.7595236869965447
Cyclic,201,tm,80.10576923076923,0.939282371000445,0.776244515000144
Cyclic,202,tm,79.32211538461539,0.9412867100036237,0.7597277029999532
Cyclic,203,tm,79.49038461538461,0.9210864229971776,0.7663760509967688
Cyclic,204,tm,78.53846153846153,0.9381383340005414,0.7609697480002069
Cyclic,205,tm,80.2451923076923,0.9353528470019228,0.7526864350002143
Cyclic,206,tm,80.35096153846155,0.9214939610028523,0.7444297920010285
Cyclic,207,tm,79.17788461538461,0.938191798995831,0.7464671429988812
Cyclic,208,tm,79.33173076923077,0.9309233789972495,0.7718908230017405
Cyclic,209,tm,80.21634615384615,0.9303747290032334,0.7544647640024778
Cyclic,210,tm,80.375,0.936717579003016,0.7536023249995196
Cyclic,211,tm,80.42788461538461,0.9341523429975496,0.7683563829996274
Cyclic,212,tm,79.28365384615384,0.9365565219995915,0.7566244679983356
Cyclic,213,tm,80.10576923076923,0.9215167169968481,0.7668302439997206
Cyclic,214,tm,79.9423076923077,0.950108896002348,0.7719283590049599
Cyclic,215,tm,80.3076923076923,0.9295193260040833,0.7576972489987384
Cyclic,216,tm,80.76923076923077,0.9210274599972763,0.7515538010047749
Cyclic,217,tm,79.66346153846153,0.919251171995711,0.7619528209979762
Cyclic,218,tm,80.27403846153847,0.9238126889977138,0.7570467089972226
Cyclic,219,tm,79.70192307692308,0.9341441720025614,0.7603602559975116
Cyclic,220,tm,80.3125,0.9298513309986447,0.7485793399973772
Cyclic,221,tm,80.80288461538461,0.9392523150017951,0.750923468003748
Cyclic,222,tm,81.19711538461539,0.9386897649965249,0.7519455840010778
Cyclic,223,tm,79.7548076923077,0.9266531019966351,0.7559431089975988
Cyclic,224,tm,78.70673076923077,0.932983710001281,0.7526202629960608
Cyclic,225,tm,80.53365384615384,0.9244358350042603,0.7553449890037882
Cyclic,226,tm,79.5576923076923,0.9328267439996125,0.7697719679999864
Cyclic,227,tm,79.90384615384616,0.9314347590043326,0.7461962009983836
Cyclic,228,tm,78.6826923076923,0.9347012360012741,0.7689638390002074
Cyclic,229,tm,80.5048076923077,0.9167743200014229,0.7461808560037753
Cyclic,230,tm,79.5048076923077,0.9164175389960292,0.7650520789975417
Cyclic,231,tm,80.50961538461539,0.9262800860014977,0.7509960390016204
Cyclic,232,tm,79.57211538461539,0.9198349489961402,0.753419884997129
Cyclic,233,tm,80.10096153846153,0.9140453220024938,0.7577914720022818
Cyclic,234,tm,80.65384615384616,0.9140873450014624,0.761953632994846
Cyclic,235,tm,79.53846153846153,0.9184879300009925,0.7601855930042802
Cyclic,236,tm,79.29807692307692,0.910830447995977,0.7644381089994567
Cyclic,237,tm,80.5048076923077,0.9287969309953041,0.7622616380031104
Cyclic,238,tm,80.33653846153847,0.9170625909973751,0.7640786839983775
Cyclic,239,tm,81.1201923076923,0.9200280129953171,0.7543429939978523
Cyclic,240,tm,79.89423076923077,0.9050999829996726,0.7497616609980469
Cyclic,241,tm,79.57211538461539,0.9012905839990708,0.7590071910017286
Cyclic,242,nn,85.77884615384616,0.5764066219999222,0.7725594619987532
Cyclic,243,nn,85.98076923076923,0.5736355370027013,0.7812565789936343
Cyclic,244,nn,85.88942307692308,0.5223282629958703,0.7635701410035836
Cyclic,245,nn,85.86057692307692,0.5803149359999225,0.7741097129983245
Cyclic,246,nn,85.8701923076923,0.5257373089989414,0.7727919319950161
Cyclic,247,nn,85.8173076923077,0.5823831349989632,0.7578452539964928
Cyclic,248,nn,85.83173076923077,0.5264024999996764,0.7643266459999722
Cyclic,249,nn,85.86538461538461,0.5793253790034214,0.7609580260032089
Cyclic,250,nn,85.73557692307693,0.5285457220015815,0.7766648729957524
Cyclic,251,nn,85.7548076923077,0.5728339919951395,0.7722039600048447
Cyclic,252,nn,85.77403846153845,0.5222241619994747,0.768651067999599
Cyclic,253,nn,85.6875,0.5911747930003912,0.7729358529977617
Cyclic,254,tm,81.07211538461539,0.9516118080064189,0.7667217609996442
Cyclic,255,tm,80.95192307692308,0.9243960890016751,0.7552196140022716
Cyclic,256,tm,80.88942307692307,0.9162343660063925,0.764900813002896
Cyclic,257,tm,80.91346153846153,0.9177862590004224,0.7580337350009358
Cyclic,258,tm,80.17788461538461,0.9276428520024638,0.7639362269983394
Cyclic,259,tm,80.24038461538461,0.9223430630008806,0.7507340800002567
Cyclic,260,tm,80.40384615384616,0.9212710869978764,0.7637326609983575
Cyclic,261,tm,79.80288461538461,0.9308024599959026,0.7489537290020962
Cyclic,262,tm,80.59615384615385,0.9176488629964297,0.7671103340035188
Cyclic,263,tm,80.5576923076923,0.9128486410045298,0.7566427169949748
Cyclic,264,tm,79.1923076923077,0.9192193640046753,0.7663654940042761
Cyclic,265,tm,80.6923076923077,0.9165920270024799,0.7631377309953677
Cyclic,266,tm,79.95192307692308,0.9182944490021328,0.7569598440022673
Cyclic,267,tm,80.71634615384615,0.9231996200032881,0.7544137270015199
Cyclic,268,tm,80.3798076923077,0.9097608649972244,0.7648413059941959
Cyclic,269,tm,79.6923076923077,0.92006192500412,0.7595547140008421
Cyclic,270,tm,80.25,0.9250267969982815,0.7488082910058438
Cyclic,271,tm,79.83653846153847,0.9225292029950651,0.7630648900012602
Cyclic,272,tm,80.01442307692308,0.9148325479982304,0.7589540939952713
Cyclic,273,tm,80.66346153846153,0.920080900999892,0.7530167950026225
Cyclic,274,tm,78.09615384615385,0.9150630160002038,0.7618215950060403
Cyclic,275,tm,79.82692307692307,0.9241074140009005,0.7786982979960158
Cyclic,276,tm,81.30288461538461,0.9170797889964888,0.7595955720025813
Cyclic,277,tm,80.70192307692308,0.9169747799969628,0.7534082600031979
Cyclic,278,tm,79.6923076923077,0.9153281779945246,0.7529350890035857
Cyclic,279,tm,81.39423076923077,0.9269626329987659,0.7586338100009016
Cyclic,280,tm,79.88942307692307,0.9244830980023835,0.758109490001516
Cyclic,281,tm,80.91826923076924,0.9149907669998356,0.7694122739994782
Cyclic,282,tm,80.42788461538461,0.9299884669962921,0.7732405879942235
Cyclic,283,tm,80.64903846153845,0.9139454839969403,0.7451672850002069
Cyclic,284,tm,79.85576923076924,0.9394009849929716,0.7689147060009418
Cyclic,285,tm,80.41346153846153,0.9128874579982948,0.7509935109992512
Cyclic,286,tm,79.6826923076923,0.9187070039988612,0.750243684000452
Cyclic,287,tm,80.60576923076923,0.9098401139999623,0.7547565909990226
Cyclic,288,tm,80.34615384615384,0.9203434099981678,0.7527684029992088
Cyclic,289,tm,80.29807692307692,0.913938669997151,0.7590080990048591
Cyclic,290,tm,80.78365384615384,0.9139977730010287,0.7636615730007179
Cyclic,291,tm,79.5576923076923,0.9154409819966531,0.7555765409997548
Cyclic,292,tm,80.60096153846153,0.9228665209957398,0.7575069720041938
Cyclic,293,tm,79.64903846153845,0.9212170870014234,0.759749937999004
Cyclic,294,tm,80.86538461538461,0.9293952510051895,0.7527891579957213
Cyclic,295,tm,79.96153846153847,0.9165284619957674,0.7640418949958985
Cyclic,296,tm,79.36057692307692,0.9086693149947678,0.7553570180025417
Cyclic,297,tm,80.1923076923077,0.9174642950019916,0.7586635340048815
Cyclic,298,tm,80.47596153846153,0.9118708269961644,0.7477471360034542
Cyclic,299,tm,78.42788461538461,0.9077289339984418,0.7552985430011177
Cyclic,300,tm,80.5673076923077,0.9089536579995183,0.7516485899977852
Cyclic,301,tm,80.3125,0.9126835400020354,0.7500625160027994
Cyclic,302,tm,79.45673076923076,0.9176535999940825,0.7519568130010157
Cyclic,303,tm,79.57211538461539,0.9258348099974683,0.7479559710045578
Cyclic,304,nn,85.53365384615384,0.5779512500012061,0.777976622004644
Cyclic,305,nn,85.69711538461539,0.5964956570023787,0.7704469020027318
Cyclic,306,nn,85.65865384615384,0.5232561399971019,0.7627781899936963
Cyclic,307,nn,85.60576923076924,0.6381770899970434,0.7663072389987065
Cyclic,308,nn,85.59134615384615,0.5694821860015509,0.7624942709953757
Cyclic,309,nn,85.73076923076923,0.5926957339979708,0.7842315290035913
Cyclic,310,nn,85.63942307692308,0.5938144180036034,0.7686868429955211
Cyclic,311,nn,85.50961538461539,0.5814792739984114,0.760119851998752
Cyclic,312,nn,85.64903846153847,0.5899825300002703,0.7852139270034968
Cyclic,313,nn,85.49038461538461,0.5712299079968943,0.7717585900027188
Cyclic,314,nn,85.54807692307692,0.5740426679985831,0.7694709299976239
Cyclic,315,nn,85.5,0.6410172939940821,0.7880454699989059
Cyclic,316,nn,85.45673076923077,0.5187308189997566,0.7671276359978947
Cyclic,317,nn,85.55288461538461,0.6379201079980703,0.7649825490007061
Cyclic,318,nn,85.52403846153847,0.593242074995942,0.7763621779959067
Cyclic,319,nn,85.71153846153847,0.5725700370021514,0.7748851159994956
UTM,1,tm,69.03846153846153,3.0644479420006974,0.7762670240044827
UTM,2,tm,70.23076923076923,2.798064870003145,0.7959943519963417
UTM,3,tm,71.42788461538461,2.7220933770004194,0.7867381160031073
UTM,4,tm,71.3701923076923,2.6900480889962637,0.7994809829979204
UTM,5,tm,71.67307692307693,2.6679306009973516,0.7802458470032434
UTM,6,tm,71.66346153846153,2.677873089996865,0.7867304100000183
UTM,7,tm,71.78365384615385,2.648198089998914,0.798774050999782
UTM,8,tm,72.20192307692308,2.6774300440010848,0.7764018599991687
UTM,9,tm,72.3173076923077,2.6571539090000442,0.7742918889998691
UTM,10,tm,72.25,2.622846722995746,0.7837049459994887
UTM,11,tm,72.14903846153847,2.656779209006345,0.7879013609999674
UTM,12,tm,72.17307692307692,2.6500680600001942,0.788996364994091
UTM,13,tm,72.48076923076923,2.6331303780025337,0.7760360379979829
UTM,14,tm,72.63461538461539,2.6533300310038612,0.792854567996983
UTM,15,tm,72.92788461538461,2.622499005003192,0.7966456900030607
UTM,16,tm,72.6201923076923,2.629038890998345,0.7906233009998687
UTM,17,tm,72.5576923076923,2.6388172109946026,0.7861289840002428
UTM,18,tm,72.60096153846153,2.6308371259947307,0.7707414460019208
UTM,19,tm,72.79807692307692,2.6446363409995683,0.7985017730024992
UTM,20,tm,72.67788461538461,2.641067580996605,0.7901434890009114
UTM,21,tm,72.83173076923077,2.631422968006518,0.7864418760000262
UTM,22,tm,72.79326923076923,2.6473559419973753,0.7931585690021166
UTM,23,tm,72.66346153846153,2.6202133689948823,0.7807629340022686
UTM,24,tm,72.96153846153847,2.601800013995671,0.7869138809983269
UTM,25,tm,72.64903846153847,2.626850155000284,0.77177546400344
UTM,26,tm,72.9423076923077,2.640811956000107,0.7818652129935799
UTM,27,tm,72.9951923076923,2.6111367150006117,0.7995968609975534
UTM,28,tm,73.03846153846155,2.6088392840028973,0.7999499060024391
UTM,29,tm,72.94711538461539,2.614252530001977,0.7927226850006264
UTM,30,tm,72.64903846153847,2.629577997002343,0.7819649160010158
UTM,31,tm,72.88942307692308,2.6162841669938643,0.7898381910054013
UTM,32,tm,73.0625,2.642983429002925,0.7868370650030556
UTM,33,tm,72.99038461538461,2.6173832819986274,0.7861677830005647
UTM,34,tm,73.1298076923077,2.6098714390027453,0.7805603800006793
UTM,35,tm,72.86538461538463,2.636699017995852,0.772536301999935
UTM,36,tm,72.95673076923077,2.623032082003192,0.787430165000842
UTM,37,tm,73.11057692307692,2.6322685350023676,0.7805196039989823
UTM,38,tm,73.07211538461539,2.6170893520029495,0.7820469169964781
UTM,39,tm,72.6923076923077,2.6101382889974047,0.7937200790038332
UTM,40,tm,73.11538461538461,2.623315136996098,0.7724732509959722
UTM,41,tm,72.78365384615385,2.624585849996947,0.788652381997963
UTM,42,tm,73.26923076923076,2.6092747840011725,0.7912310009996872
UTM,43,tm,73.0625,2.624071541999001,0.7873587510039215
UTM,44,tm,72.92307692307692,2.611298096999235,0.7941956680006115
UTM,45,tm,72.9375,2.631827883000369,0.7784786530028214
UTM,46,tm,73.03846153846155,2.619191691002925,0.7920127739998861
UTM,47,tm,72.95192307692308,2.6097179549979046,0.7860417539995979
UTM,48,tm,73.11057692307692,2.6031514659989625,0.7865177069979836
UTM,49,tm,72.97596153846155,2.6215945559961256,0.7934222409967333
UTM,50,tm,73.10096153846153,2.6128221770050004,0.7663183519980521
UTM,51,tm,72.92788461538461,2.6052134609999484,0.7665662270010216
UTM,52,tm,73.01923076923077,2.621656371993595,0.7686093709999113
UTM,53,tm,72.72115384615384,2.6130357709989767,0.7710470359961619
UTM,54,tm,73.17788461538461,2.612100129997998,0.774452053999994
UTM,55,tm,73.1826923076923,2.628083207004238,0.789488636997703
UTM,56,tm,73.3173076923077,2.6091210759987007,0.7988573539987556
UTM,57,tm,73.13461538461539,2.6301136080001015,0.8021376780015999
UTM,58,tm,73.13942307692308,2.621518912994361,0.7806264340033522
UTM,59,tm,73.11538461538461,2.620371389995853,0.8102315590003855
UTM,60,tm,73.32211538461539,2.6490007629981847,0.7958523699999205
UTM,61,tm,73.41826923076923,2.6213732579999487,0.8030033969989745
UTM,62,tm,73.34615384615385,2.615959714996279,0.7839609360016766
UTM,63,tm,73.38461538461539,2.640749259997392,0.7909148170001572
UTM,64,tm,72.96634615384615,2.6380587739986368,0.7949933769996278
UTM,65,tm,73.23557692307693,2.6229793390011764,0.792506334000791
UTM,66,tm,73.04326923076923,2.6203159030046663,0.7708924519974971
UTM,67,tm,72.75,2.6009456789979595,0.7927347410004586
UTM,68,tm,73.19711538461539,2.6146462600008817,0.7791636809997726
UTM,69,tm,73.15384615384616,2.626906154000608,0.7838464880042011
UTM,70,tm,73.24038461538461,2.63163831300335,0.7864180119941011
UTM,71,tm,73.17788461538461,2.6002593239973066,0.7914866380015155
UTM,72,tm,73.32211538461539,2.6208444479998434,0.779217401999631
UTM,73,tm,73.15865384615384,2.6281362020017696,0.7895288540021284
UTM,74,tm,73.46634615384615,2.6216314350022003,0.7740204430010635
UTM,75,tm,73.26923076923076,2.6268045690012514,0.7894380360012292
UTM,76,tm,73.40865384615385,2.6152272659965092,0.7910426550006378
UTM,77,tm,73.32692307692308,2.617983677002485,0.7820663210004568
UTM,78,tm,73.2451923076923,2.6073268800028018,0.7685014960006811
UTM,79,tm,73.10576923076924,2.618671516000177,0.7780858179976349
UTM,80,tm,73.23557692307693,2.6225823600034346,0.7897130109995487
UTM,81,tm,73.15384615384616,2.6046320289970026,0.7883456569979899
UTM,82,tm,73.3076923076923,2.6378651460036053,0.8025509889994282
UTM,83,tm,73.33653846153845,2.6236383669966017,0.7852368410021882
UTM,84,tm,73.35576923076923,2.6188056799946935,0.7857699759988463
UTM,85,tm,73.48557692307692,2.619875084994419,0.776145939998969
UTM,86,tm,73.3076923076923,2.6095006620016648,0.7952488779992564
UTM,87,tm,73.15384615384616,2.6326953589959885,0.788666940999974
UTM,88,tm,73.11538461538461,2.6018601569958264,0.7802653769977042
UTM,89,tm,73.03846153846155,2.6576713119939086,0.7891186470005778
UTM,90,tm,73.25961538461539,2.6863634699984686,0.7875562170011108
UTM,91,tm,73.28365384615385,2.622798568001599,0.777313228994899
UTM,92,tm,73.09615384615384,2.6264340720008477,0.792557515000226
UTM,93,tm,73.41346153846153,2.625764128002629,0.7830444010032807
UTM,94,tm,73.61538461538461,2.6333362020013737,0.7753894289999153
UTM,95,tm,73.2451923076923,2.639991834999819,0.7924584299980779
UTM,96,tm,73.5048076923077,2.6405777170002693,0.784441727999365
UTM,97,tm,73.4423076923077,2.623277352999139,0.7701643749969662
UTM,98,tm,73.2451923076923,2.6198240890007582,0.7751235760006239
UTM,99,tm,73.2451923076923,2.6383557329972973,0.7809344660054194
UTM,100,tm,73.53365384615384,2.62541488900024,0.773729758002446
UTM,101,tm,73.3701923076923,2.6214367569991737,0.7877529870020226
UTM,102,tm,73.02884615384615,2.623933308001142,0.7864375540011679
UTM,103,tm,73.29807692307693,2.6227421920048073,0.7846718110013171
UTM,104,tm,72.86057692307692,2.6070374609989813,0.7762229879954248
UTM,105,tm,73.04807692307692,2.6361815519994707,0.7822223209950607
UTM,106,tm,73.4375,2.6283776910058805,0.7763668970001163
UTM,107,tm,73.35576923076923,2.6387641039982555,0.7829474009995465
UTM,108,tm,73.46153846153847,2.619235000995104,0.8092601270036539
UTM,109,tm,73.34615384615385,2.596297323005274,0.7916790029994445
UTM,110,tm,73.29326923076923,2.647481271997094,0.7831259390004561
UTM,111,tm,73.34134615384616,2.63368120600353,0.7845131499998388
UTM,112,tm,73.3173076923077,2.650990381000156,0.7970728190048249
UTM,113,tm,73.14423076923077,2.626308760998654,0.7853219190001255
UTM,114,tm,72.83653846153845,2.6230875629989896,0.7866841290015145
UTM,115,tm,72.86057692307692,2.619378030001826,0.7914859680022346
UTM,116,tm,73.05288461538461,2.614586297000642,0.7758473760040943
UTM,117,tm,73.35576923076923,2.6214382329999353,0.7866959309976664
UTM,118,tm,73.46153846153847,2.641811298999528,0.7870588650039281
UTM,119,tm,73.36538461538461,2.6252282860004925,0.7984291410029982
UTM,120,tm,73.3701923076923,2.629880040003627,0.7893067190016154
UTM,121,tm,73.3173076923077,2.624660829998902,0.7878915010005585
UTM,122,tm,73.42307692307692,2.6271775269997306,0.7774995739964652
UTM,123,tm,73.21153846153847,2.639300226001069,0.7807895369987818
UTM,124,tm,73.13942307692308,2.6038019210027414,0.7859641169998213
UTM,125,tm,73.10096153846153,2.6178237090061884,0.7988105500044185
UTM,126,tm,73.3701923076923,2.6285678109998116,0.782844435001607
UTM,127,tm,73.1826923076923,2.6299285519999103,0.7917873839978711
UTM,128,tm,73.22115384615384,2.6196245169994654,0.7933617890012101
UTM,129,tm,73.39423076923077,2.6277032119978685,0.7831759149994468
UTM,130,tm,73.3701923076923,2.6386055019975174,0.7928741549985716
UTM,131,tm,73.3701923076923,2.6278582950035343,0.7950612160057062
UTM,132,tm,73.5576923076923,2.64338276500348,0.7876747779955622
UTM,133,tm,73.53846153846155,2.6238933019994874,0.7932544329960365
UTM,134,tm,73.51923076923077,2.6087108259962406,0.7820216519976384
UTM,135,tm,73.42788461538461,2.6173816969967447,0.7686859099994763
UTM,136,tm,73.3173076923077,2.6229019020029227,0.7700209850008832
UTM,137,tm,73.26442307692308,2.641422362998128,0.7758344869944267
UTM,138,tm,73.14423076923077,2.618608304997906,0.7755851010006154
UTM,139,tm,73.63942307692307,2.6237343569955556,0.7791454370017163
UTM,140,tm,73.51442307692308,2.622672613004397,0.7722528189988225
UTM,141,tm,73.40384615384615,2.6249785629988764,0.7895146090013441
UTM,142,tm,73.42307692307692,2.6207023520037183,0.7928484860021854
UTM,143,tm,73.39423076923077,2.6496551249947515,0.7829091699968558
UTM,144,tm,73.38942307692308,2.651285314001143,0.7769822710033623
UTM,145,tm,73.42307692307692,2.652695839002263,0.7798128270005691
UTM,146,tm,73.29326923076923,2.631253162995563,0.7810596560011618
UTM,147,tm,73.32211538461539,2.609742393004126,0.7758293529986986
UTM,148,tm,73.2548076923077,2.6077200020008604,0.7930671489957604
UTM,149,tm,73.47115384615385,2.628124269998807,0.7942173319970607
UTM,150,tm,73.34134615384616,2.627187835998484,0.7900963569991291
UTM,151,tm,73.34134615384616,2.6148697509997874,0.7814377780014183
UTM,152,tm,73.22115384615384,2.633112851995975,0.7756707640000968
UTM,153,tm,73.21153846153847,2.6168688959951396,0.7778947629994946
UTM,154,tm,73.36538461538461,2.610374950003461,0.7937894249989768
UTM,155,tm,73.30288461538461,2.6225776319988654,0.7932447619969025
UTM,156,tm,73.53846153846155,2.604981181997573,0.7904398169994238
UTM,157,tm,73.42788461538461,2.6153015899981256,0.7812409930047579
UTM,158,tm,73.4326923076923,2.6336355909952545,0.7872494069961249
UTM,159,tm,73.38461538461539,2.626543699996546,0.7846780430045328
UTM,160,tm,73.39903846153845,2.63293097299902,0.7777983549967757
UTM,161,tm,73.44711538461539,2.6316422399977455,0.791691386999446
UTM,162,tm,73.42307692307692,2.6209455339994747,0.7997796509953332
UTM,163,tm,73.5576923076923,2.6217882569981157,0.7686774649992003
UTM,164,tm,73.22596153846153,2.623627888999181,0.7820942329999525
UTM,165,tm,72.9375,2.640393600995594,0.7924177329987288
UTM,166,tm,72.85096153846153,2.623595180004486,0.7835345790008432
UTM,167,tm,73.41346153846153,2.637894564999442,0.7743319779983722
UTM,168,tm,73.28365384615385,2.6325009040010627,0.802924413997971
UTM,169,tm,73.46153846153847,2.6332881199996336,0.7944981859982363
UTM,170,tm,73.60096153846155,2.6377628650006955,0.7824754270041012
UTM,171,tm,73.52884615384615,2.6226402789980057,0.7985397649972583
UTM,172,tm,73.47596153846155,2.6369073440000648,0.7766925999967498
UTM,173,tm,73.45673076923077,2.62595216200134,0.7717623680000543
UTM,174,tm,73.35096153846153,2.62199955899996,0.7776578220000374
UTM,175,tm,73.53846153846155,2.6334869649945176,0.7819193989998894
UTM,176,tm,73.23076923076923,2.631935858000361,0.7788182770018466
UTM,177,tm,73.3125,2.623923316998116,0.7792855360021349
UTM,178,tm,73.15865384615384,2.6340563539997675,0.789944136995473
UTM,179,tm,73.51442307692308,2.6376918710011523,0.7737841870039119
UTM,180,tm,73.48557692307692,2.6338856460060924,0.787503823004954
UTM,181,tm,73.39903846153845,2.6326952570016147,0.776132986000448
UTM,182,tm,73.47596153846155,2.638031355003477,0.7887725549953757
UTM,183,tm,73.4326923076923,2.6422903040001984,0.7725640779972309
UTM,184,tm,73.3798076923077,2.6350528600014513,0.779148225003155
UTM,185,tm,73.42788461538461,2.6397529559981194,0.7718967909968342
UTM,186,tm,73.41826923076923,2.6419889719982166,0.7742230479998398
UTM,187,tm,73.55288461538461,2.638588271001936,0.7865818179998314
UTM,188,tm,73.51923076923077,2.636873162999109,0.769657796001411
UTM,189,tm,73.54326923076923,2.629105318002985,0.7929395339961047
UTM,190,tm,73.60096153846155,2.624477436998859,0.777474415001052
UTM,191,tm,73.5048076923077,2.6366803999990225,0.784109925996745
UTM,192,tm,73.27403846153845,2.6265453239975614,0.7924739530062652
UTM,193,tm,73.36057692307692,2.644791842001723,0.7834505650025676
UTM,194,tm,73.2548076923077,2.6381892089993926,0.7873928280023392
UTM,195,tm,73.41826923076923,2.646175903995754,0.7697931579969008
UTM,196,tm,73.1875,2.6412847460014746,0.7681219259975478
UTM,197,tm,73.46634615384615,2.636779608001234,0.7889981090047513
UTM,198,tm,73.4951923076923,2.628365880002093,0.7808643370008213
UTM,199,tm,73.47115384615385,2.6383040959990467,0.7964692739988095
UTM,200,tm,73.46153846153847,2.6517815409970353,0.7949755720037501
UTM,201,tm,73.48076923076923,2.6533901040020282,0.7833305379972444
UTM,202,tm,73.44711538461539,2.6565407719972427,0.7806046129990136
UTM,203,tm,73.42307692307692,2.641315337001288,0.7751684019967797
UTM,204,tm,73.46153846153847,2.466640840000764,0.7720151920002536
UTM,205,tm,73.35096153846153,2.645513382005447,0.7859161130036227
UTM,206,tm,73.33173076923077,2.627643468003953,0.7743081029984751
UTM,207,tm,73.3173076923077,2.6388215090046288,0.7795983820033143
UTM,208,tm,72.89903846153845,2.6255417479987955,0.7796849139995174
UTM,209,tm,73.16826923076924,2.6399390950027737,0.7907347009968362
UTM,210,tm,73.48557692307692,2.641309471997374,0.7995353070000419
UTM,211,tm,73.42788461538461,2.646223395000561,0.7890207980017294
UTM,212,tm,73.48557692307692,2.655478166998364,0.8123224990049493
UTM,213,tm,73.5576923076923,2.6479103489982663,0.7794922839966603
UTM,214,tm,73.47596153846155,2.638726320998103,0.7869356829978642
UTM,215,tm,73.44711538461539,2.633342122004251,0.7870053680017008
UTM,216,tm,73.54807692307692,2.6581601990037598,0.7756167519983137
UTM,217,tm,73.5576923076923,2.6480208479988505,0.7906335840016254
UTM,218,tm,73.5625,2.6341008590025012,0.781808699000976
UTM,219,tm,73.5673076923077,2.678275002996088,0.7760668150003767
UTM,220,tm,73.4375,2.6279511350003304,0.7850397600050201
UTM,221,tm,73.05288461538461,2.654538037997554,0.7859369319994585
UTM,222,tm,73.125,2.640833350000321,0.7787875089998124
UTM,223,tm,72.97596153846155,2.6397221310035093,0.7844365719938651
UTM,224,tm,72.83173076923077,2.634203564004565,0.7732371730016894
UTM,225,tm,73.04807692307692,2.644397978998313,0.788680014993588
UTM,226,tm,73.0673076923077,2.6422616229974665,0.7757887929983553
UTM,227,tm,73.28846153846153,2.654631616998813,0.7824702200014144
UTM,228,tm,73.5625,2.644635416996607,0.7822074680007063
UTM,229,tm,73.51442307692308,2.660021540003072,0.7859235419964534
UTM,230,tm,73.27403846153845,2.6472316500003217,0.7967219659985858
UTM,231,tm,73.36057692307692,2.6562651330023073,0.789091507998819
UTM,232,tm,73.41826923076923,2.6253484850021778,0.8135500470016268
UTM,233,tm,73.58653846153847,2.644534017999831,0.7859988400014117
UTM,234,tm,73.39423076923077,2.6413635380013147,0.7891714119978133
UTM,235,tm,73.38461538461539,2.635760571996798,0.7959194049981306
UTM,236,tm,73.16346153846153,2.6353631549936836,0.7815082050001365
UTM,237,tm,73.4375,2.63093050000316,0.781485491002968
UTM,238,tm,73.45192307692308,2.6509078119997866,0.7929816430041683
UTM,239,tm,73.28846153846153,2.6370774039969547,0.766403061003075
UTM,240,tm,73.19711538461539,2.643362910996075,0.7904014119994827
UTM,241,tm,73.40865384615385,2.640902074002952,0.7927766909997445
UTM,242,tm,73.52403846153847,2.658657021995168,0.7854241530003492
UTM,243,tm,73.52403846153847,2.652592630001891,0.784577698999783
UTM,244,tm,73.47115384615385,2.6520625519988243,0.7932228770005167
UTM,245,tm,73.5576923076923,2.636800629996287,0.7807535829997505
UTM,246,tm,73.57692307692307,2.6503752690041438,0.7880050989988376
UTM,247,tm,73.45192307692308,2.6458418070033076,0.8032164899996133
UTM,248,tm,73.46153846153847,2.5404689439965296,0.7891803590027848
UTM,249,tm,73.39903846153845,2.5602631560032023,0.7684813289961312
UTM,250,tm,73.41826923076923,2.637575585002196,0.7982132050019572
UTM,251,tm,73.1201923076923,2.6466639909995138,0.7985312119999435
UTM,252,tm,73.46153846153847,2.6398554030020023,0.783932926999114
UTM,253,tm,73.69711538461539,2.643136652004614,0.7786119069933193
UTM,254,tm,73.52884615384615,2.6512504650017945,0.7886316389995045
UTM,255,tm,73.38942307692308,2.6542372920011985,0.7847269170015352
UTM,256,tm,73.57211538461539,2.6456607799991616,0.7888618239958305
UTM,257,tm,73.39423076923077,2.643159393002861,0.7943241180037148
UTM,258,tm,73.4951923076923,2.6581462859976455,0.7931040139956167
UTM,259,tm,73.54326923076923,2.651059490002808,0.7831041660028859
UTM,260,tm,73.5673076923077,2.653700346003461,0.784496243999456
UTM,261,tm,73.41346153846153,2.643610507999256,0.7682904839966795
UTM,262,tm,73.39423076923077,2.626521636004327,0.7819927719974658
UTM,263,tm,73.3701923076923,2.656608674005838,0.788755065004807
UTM,264,tm,72.91826923076923,2.6454850480004097,0.792652698000893
UTM,265,tm,72.88942307692308,2.655177274005837,0.7890535670012468
UTM,266,tm,73.11538461538461,2.644139741998515,0.7787839689990506
UTM,267,tm,73.44711538461539,2.6314423240037286,0.7761425470016547
UTM,268,tm,73.47596153846155,2.6553886529945885,0.7795090059953509
UTM,269,tm,73.52884615384615,2.644634075004433,0.7898603310022736
UTM,270,tm,73.3798076923077,2.6506742279962054,0.791072295003687
UTM,271,tm,73.36538461538461,2.639771179005038,0.7866595369996503
UTM,272,tm,73.44711538461539,2.6453237300011097,0.7969737690000329
UTM,273,tm,73.29807692307693,2.6491622300018207,0.7835362670011818
UTM,274,tm,73.35096153846153,2.6512356189996353,0.7890480720016058
UTM,275,tm,73.38942307692308,2.6506269210003666,0.7754310239979532
UTM,276,tm,73.3173076923077,2.63316901899816,0.7730633640021551
UTM,277,tm,73.39423076923077,2.638778437001747,0.783707473994582
UTM,278,tm,73.11057692307692,2.6450701779976953,0.7802841820011963
UTM,279,tm,73.36057692307692,2.6481583950007916,0.7890731549996417
UTM,280,tm,73.3125,2.648162646997662,0.7804611399988062
UTM,281,tm,73.1201923076923,2.642619624006329,0.7875787730008597
UTM,282,tm,73.19711538461539,2.63932467399718,0.7936729419961921
UTM,283,tm,72.83173076923077,2.6206003240004065,0.7896212830019067
UTM,284,tm,73.13942307692308,2.644857191997289,0.794610898999963
UTM,285,tm,73.28846153846153,2.6314449130004505,0.7958135640001274
UTM,286,tm,73.35576923076923,2.6636616830001003,0.7933855490045971
UTM,287,tm,73.1875,2.638069322994852,0.7845348050032044
UTM,288,tm,73.3798076923077,2.6412972370017087,0.77804799900332
UTM,289,tm,73.32211538461539,2.6763923649996286,0.7960181369999191
UTM,290,tm,73.29807692307693,2.646365993001382,0.7920471309989807
UTM,291,tm,73.32692307692308,2.651804340996023,0.7926183819945436
UTM,292,tm,73.26442307692308,2.6419781540025724,0.7814446459960891
UTM,293,tm,73.39903846153845,2.6580181310055195,0.7921442629958619
UTM,294,tm,72.92788461538461,2.6652061939967098,0.7827842529950431
UTM,295,tm,72.66826923076923,2.6437586820029537,0.7834626019975985
UTM,296,tm,72.83653846153845,2.648282082998776,0.7827610289969016
UTM,297,tm,73.07211538461539,2.6481991010005004,0.7746843389977585
UTM,298,tm,73.14903846153847,2.650741725003172,0.7668442709982628
UTM,299,tm,73.32211538461539,2.6530148809979437,0.7858256719991914
UTM,300,tm,73.4423076923077,2.6547130740000284,0.7925257930037333
UTM,301,tm,73.3173076923077,2.6530416349996813,0.7879178119983408
UTM,302,tm,73.41346153846153,2.6583833539989428,0.7813253970016376
UTM,303,tm,73.4423076923077,2.6591655270021874,0.7867468240001472
UTM,304,tm,73.48076923076923,2.6661605240005883,0.7831074800051283
UTM,305,tm,73.38942307692308,2.6561271689934074,0.7693487979995552
UTM,306,tm,73.33653846153845,2.6370567199992365,0.7924881349972566
UTM,307,tm,73.38461538461539,2.672660698000982,0.7690206690022023
UTM,308,tm,73.33653846153845,2.651384391996544,0.7947261779991095
UTM,309,tm,73.27403846153845,2.660332332998223,0.7887717379999231
UTM,310,tm,73.3076923076923,2.653883113001939,0.7691330030065728
UTM,311,tm,73.1875,2.6597569700024906,0.7856499339977745
UTM,312,tm,73.1826923076923,2.6522380610040273,0.7832039410059224
UTM,313,tm,73.14423076923077,2.650677204001113,0.7909002829983365
UTM,314,tm,72.97596153846155,2.6472156340023503,0.7929624909957056
UTM,315,tm,73.32211538461539,2.645023624005262,0.7915409280030872
UTM,316,tm,73.16346153846153,2.63602763399831,0.7940993209995213
UTM,317,tm,73.28365384615385,2.6445858590013813,0.7642849609983386
UTM,318,tm,73.28365384615385,2.649049684005149,0.7841525409967289
UTM,319,tm,73.3173076923077,2.6662528130036662,0.776518460996158
UTM,320,tm,73.4326923076923,2.65507724499912,0.7880676629938534
UTM,321,tm,73.36538461538461,2.6412677420012187,0.8094447730036336
UTM,322,tm,73.52403846153847,2.655362789002538,0.7752195050052251
UTM,323,tm,73.40384615384615,2.650740215998667,0.7855912730010459
UTM,324,tm,73.1875,2.6393064289950416,0.803089403998456
UTM,325,tm,73.25961538461539,2.6629946590037434,0.7921595010047895
UTM,326,tm,73.21153846153847,2.6538670630034176,0.7880175660029636
UTM,327,tm,73.21634615384616,2.6538266140050837,0.7863148229953367
UTM,328,tm,72.98076923076923,2.6466940060054185,0.7950389940015157
UTM,329,tm,73.07211538461539,2.6573573790010414,0.7950474120007129
UTM,330,tm,72.8125,2.65038607599854,0.7950746060014353
UTM,331,tm,72.54807692307692,2.6437489909949363,0.7820191780047026
UTM,332,tm,72.6923076923077,2.654979803999595,0.7889543389974278
UTM,333,tm,73.125,2.6534934880037326,0.7854829240022809
UTM,334,tm,73.28365384615385,2.6703387330053374,0.7805899910017615
UTM,335,tm,73.23076923076923,2.6627907619986217,0.77104426400183
UTM,336,tm,73.0673076923077,2.6654915649996838,0.7874230679954053
UTM,337,tm,73.1875,2.6607540029945085,0.7698474489952787
UTM,338,tm,73.22115384615384,2.6547268309950596,0.7699302429973613
UTM,339,tm,73.32211538461539,2.653399021997757,0.7729725220051478
UTM,340,tm,73.25961538461539,2.651348361003329,0.7730429529983667
UTM,341,tm,73.42307692307692,2.645922944000631,0.7837486069984152
UTM,342,tm,73.22115384615384,2.653671651998593,0.7986893500055885
UTM,343,tm,73.38942307692308,2.6693135230016196,0.7874891140018008
UTM,344,tm,73.1875,2.644487089004542,0.7832500130025437
UTM,345,tm,73.26923076923076,2.6472433369999635,0.7911504990042886
UTM,346,tm,73.28846153846153,2.655726421995496,0.804513697999937
UTM,347,tm,73.29326923076923,2.652099097998871,0.7986331190040801
UTM,348,tm,73.02403846153847,2.6542280490029952,0.7846196780010359
UTM,349,tm,73.13461538461539,2.6464752059982857,0.7910309479993884
UTM,350,tm,73.33653846153845,2.6594853710048483,0.8037208979949355
UTM,351,tm,73.36538461538461,2.6499131279997528,0.7955263639960322
UTM,352,tm,73.14903846153847,2.6411230220037396,0.77069906599354
UTM,353,tm,73.21634615384616,2.66385440799786,0.7649191620002966
UTM,354,tm,73.1923076923077,2.6477054269998916,0.790304243004357
UTM,355,tm,73.1923076923077,2.6748049779998837,0.8053911320021143
UTM,356,tm,73.36538461538461,2.6489234659966314,0.785718094004551
UTM,357,tm,73.3076923076923,2.6631548489967827,0.7874729950053734
UTM,358,tm,73.33653846153845,2.653377046000969,0.7643169029979617
UTM,359,tm,73.26442307692308,2.652768879001087,0.780457266002486
UTM,360,tm,73.33173076923077,2.6486911550018704,0.7799195910047274
UTM,361,tm,73.16826923076924,2.655421816998569,0.7853260499978205
UTM,362,tm,73.14903846153847,2.647559237004316,0.7999465969987796
UTM,363,tm,73.16346153846153,2.6533174959986354,0.8007104939970304
UTM,364,tm,73.25961538461539,2.654708419999224,0.7897023199984687
UTM,365,tm,73.07692307692307,2.635350208998716,0.7874586329999147
UTM,366,tm,73.13461538461539,2.645915301000059,0.8196613430045545
UTM,367,tm,73.1875,2.641055799998867,0.7871646369967493
UTM,368,tm,73.27884615384616,2.5318357950018253,0.7932198490016162
UTM,369,tm,73.1923076923077,2.65517880400148,0.7961550629988778
UTM,370,tm,72.91346153846155,2.6554069919948233,0.7834528750026948
UTM,371,tm,73.08653846153847,2.6565921479996177,0.7781122520027566
UTM,372,tm,73.34615384615385,2.6585074350005016,0.7843978220043937
UTM,373,tm,73.26442307692308,2.6661912859999575,0.7839029070019023
UTM,374,tm,73.21634615384616,2.6567010790022323,0.7922237110033166
UTM,375,tm,73.28846153846153,2.6395395709987497,0.7951830920064822
UTM,376,tm,73.21153846153847,2.658940569999686,0.7858172289998038
UTM,377,tm,73.16826923076924,2.651736733998405,0.7876502889994299
UTM,378,tm,73.25,2.653076508002414,0.7879855930004851
UTM,379,tm,73.28846153846153,2.643033412998193,0.7947291980017326
UTM,380,tm,73.3798076923077,2.6614666919995216,0.7939413040003274
UTM,381,tm,73.28365384615385,2.6674517309947987,0.7815314129984472
UTM,382,tm,73.28846153846153,2.671145323998644,0.776848344001337
UTM,383,tm,73.30288461538461,2.6494794829995953,0.781547780999972
UTM,384,tm,73.3125,2.631885217000672,0.7877688340013265
UTM,385,tm,73.03365384615384,2.648513517997344,0.7823105460047373
UTM,386,tm,73.15384615384616,2.634710856997117,0.7903517369995825
UTM,387,tm,73.01923076923077,2.657573616997979,0.7882346539990976
UTM,388,tm,73.23076923076923,2.666131117999612,0.7878172809942043
UTM,389,tm,72.9423076923077,2.6388240119995316,0.7873703680015751
UTM,390,tm,73.32211538461539,2.6531064820010215,0.7825737099992693
UTM,391,tm,73.3173076923077,2.6708598020049976,0.7908694599973387
UTM,392,tm,73.25961538461539,2.660534132999601,0.765295156998036
UTM,393,tm,73.22115384615384,2.6641690709948307,0.7837659119977616
UTM,394,tm,73.2548076923077,2.6544616400060477,0.8016039209978771
UTM,395,tm,73.21153846153847,2.650180096999975,0.7624960589964758
UTM,396,tm,73.24038461538461,2.6579275269978098,0.7888409450024483
UTM,397,tm,73.20673076923076,2.6464349259986193,0.7938397059988347
UTM,398,tm,73.10096153846153,2.65814749099809,0.7818326659980812
UTM,399,tm,73.20192307692308,2.658078022002883,0.7790249149984447
UTM,400,tm,73.1875,2.664644631004194,0.7801508750053472
UTM,401,tm,73.34134615384616,2.6589473389976774,0.7878606369995396
UTM,402,tm,73.375,2.654922263995104,0.7729921229984029
UTM,403,tm,73.40384615384615,2.6435153009952046,0.7769770929953665
UTM,404,tm,73.35096153846153,2.6415539809968323,0.785721995998756
UTM,405,tm,73.3173076923077,2.6527471279987367,0.7821944059978705
UTM,406,tm,73.39423076923077,2.648285693001526,0.7790522010036511
UTM,407,tm,73.11538461538461,2.6630386489996454,0.7668125530035468
UTM,408,tm,73.05288461538461,2.6577897230017697,0.7864057709957706
UTM,409,tm,72.89423076923077,2.635025802999735,0.7818338889992447
UTM,410,tm,73.41826923076923,2.652146469998115,0.7999957279971568
UTM,411,tm,73.3173076923077,2.655868112000462,0.777205929000047
UTM,412,tm,73.32692307692308,2.671724355997867,0.7827139669971075
UTM,413,tm,73.29807692307693,2.675000587005343,0.7856987159975688
UTM,414,tm,73.30288461538461,2.649733575002756,0.7945033239957411
UTM,415,tm,73.375,2.6613408339981106,0.7629666840002756
UTM,416,tm,73.47115384615385,2.652207464001549,0.7877365489985095
UTM,417,tm,73.52884615384615,2.651716849002696,0.787507845001528
UTM,418,tm,73.39903846153845,2.640815096994629,0.7814415899993037
UTM,419,tm,73.25,2.662863819001359,0.775983722996898
UTM,420,tm,73.20192307692308,2.651406452001538,0.7859355500040692
UTM,421,tm,73.10576923076924,2.6668959770031506,0.7705761500037625
UTM,422,tm,73.07692307692307,2.648006780000287,0.7941157539971755
UTM,423,tm,73.21634615384616,2.665071794006508,0.7996108499937691
UTM,424,tm,73.45673076923077,2.6782748120022006,0.7731876010002452
UTM,425,tm,73.48557692307692,2.655880846999935,0.7701024710040656
UTM,426,tm,73.38461538461539,2.6706717490014853,0.7962616570002865
UTM,427,tm,73.4326923076923,2.6984052389962017,0.7817582610005047
UTM,428,tm,73.34615384615385,2.477141137998842,0.7796598649947555
UTM,429,tm,73.35576923076923,2.663209068996366,0.7901124209965928
UTM,430,tm,73.28365384615385,2.6532060469980934,0.7707490820030216
UTM,431,tm,73.36057692307692,2.6616430479989504,0.782857382997463
UTM,432,tm,73.34134615384616,2.6472430460053147,0.7879783239986864
UTM,433,tm,73.34134615384616,2.684929718998319,0.8038643159961794
UTM,434,tm,73.38942307692308,2.643415521000861,0.7859239190001972
UTM,435,tm,73.29326923076923,2.6673732780036516,0.7705411099959747
UTM,436,tm,72.84134615384616,2.6476156520002405,0.7704388300044229
UTM,437,tm,72.79326923076923,2.6622532849942218,0.7914536820026115
UTM,438,tm,73.40384615384615,2.67078794700501,0.7922969709979952
UTM,439,tm,73.3125,2.6626955019964953,0.7736931740000728
UTM,440,tm,73.32692307692308,2.660629999001685,0.7841578689985909
UTM,441,tm,73.24038461538461,2.6627724040008616,0.7900274339990574
UTM,442,tm,73.45192307692308,2.661453637003433,0.7932052699979977
UTM,443,tm,73.50961538461539,2.6542746010018163,0.7800939110020408
UTM,444,tm,73.22596153846153,2.661418525996851,0.7898028859999613
UTM,445,tm,73.40384615384615,2.679914086998906,0.765306358000089
UTM,446,tm,73.39423076923077,2.6874248489984893,0.7787652789993444
UTM,447,tm,73.42307692307692,2.6669106910048868,0.7826999219978461
UTM,448,tm,73.28365384615385,2.6390567800044664,0.781493522998062
UTM,449,tm,73.44711538461539,2.44429761399806,0.7819476810036576
UTM,450,tm,73.19711538461539,2.6547851549985353,0.7930303660032223
UTM,451,tm,73.33653846153845,2.659488624005462,0.781847086000198
UTM,452,tm,73.2548076923077,2.648813160994905,0.7833093500012183
UTM,453,tm,73.03846153846155,2.6649806190034724,0.7859414400008973
UTM,454,tm,73.07211538461539,2.6730148239948903,0.7873811700046645
UTM,455,tm,73.22115384615384,2.671904087997973,0.7797503439942375
UTM,456,tm,73.19711538461539,2.677076200998272,0.7838872899956186
UTM,457,tm,73.4375,2.656535645997792,0.7856630130045232
UTM,458,tm,73.33653846153845,2.6743829300030484,0.7940341770008672
UTM,459,tm,73.3173076923077,2.6737165429949528,0.7776508910028497
UTM,460,tm,73.46634615384615,2.6709229379994213,0.7897963309951592
UTM,461,tm,73.3076923076923,2.652259120004601,0.7696012529995642
UTM,462,tm,73.52403846153847,2.6556268770000315,0.7847097010017023
UTM,463,tm,73.4423076923077,2.6514729949994944,0.7693846019974444
UTM,464,tm,73.44711538461539,2.6598938059978536,0.7646982980004395
UTM,465,tm,73.36057692307692,2.656580324997776,0.7910917109984439
UTM,466,tm,73.1826923076923,2.679940608002653,0.7908101940047345
UTM,467,tm,73.41346153846153,2.6779497820025426,0.7888624679981149
UTM,468,tm,73.07692307692307,2.666748522002308,0.7853497870019055
UTM,469,tm,73.28846153846153,2.65385326899559,0.7766615099972114
UTM,470,tm,73.08173076923077,2.6459727850015042,0.7793582899976172
UTM,471,tm,73.15865384615384,2.6596584510043613,0.7815841760020703
UTM,472,tm,73.4326923076923,2.6468992520021857,0.7838419029940269
UTM,473,tm,73.04326923076923,2.6602843399959966,0.779450875998009
UTM,474,tm,73.26923076923076,2.648193840002932,0.7794281039969064
UTM,475,tm,73.3173076923077,2.696399422995455,0.7739609560012468
UTM,476,tm,73.27403846153845,2.655262905995187,0.78195390500332
UTM,477,tm,73.08173076923077,2.683272059999581,0.7937695270011318
UTM,478,tm,73.33173076923077,2.6911992649984313,0.7709513720037648
UTM,479,tm,73.38942307692308,2.676536547995056,0.7746747609999147
UTM,480,tm,73.41346153846153,2.673252363994834,0.7858003010042012
UTM,481,tm,73.34134615384616,2.6582172909984365,0.7784890920011094
UTM,482,tm,73.3798076923077,2.6731013049939065,0.7920166449985118
UTM,483,tm,73.35096153846153,2.663004658999853,0.7900615929975174
UTM,484,tm,73.3798076923077,2.665554847997555,0.8004022340028314
UTM,485,tm,73.46153846153847,2.6587446609992185,0.7718508559992188
UTM,486,tm,73.22115384615384,2.658102549998148,0.772968965000473
UTM,487,tm,73.07211538461539,2.68813035000494,0.7703463559955708
UTM,488,tm,73.20192307692308,2.661715374000778,0.783211009002116
UTM,489,tm,73.19711538461539,2.6677689900025143,0.792859387001954
UTM,490,tm,73.03846153846155,2.6726232579967473,0.7933825969957979
UTM,491,tm,73.09134615384615,2.6580747769985464,0.7959904660019674
UTM,492,tm,73.28846153846153,2.6489270689999103,0.7915891160009778
UTM,493,tm,72.91826923076923,2.6629149240034167,0.8029920879998826
UTM,494,tm,73.33173076923077,2.6736420480010565,0.7878966770003899
UTM,495,tm,73.32211538461539,2.647917618000065,0.79851846100064
UTM,496,tm,73.13461538461539,2.6742476660001557,0.7991953109958558
UTM,497,tm,73.25,2.662210739996226,0.7820075530034956
UTM,498,tm,73.3076923076923,2.658297534006124,0.7844918340051663
UTM,499,tm,73.21634615384616,2.654804828001943,0.7922938609990524
UTM,500,tm,73.3701923076923,2.662011601998529,0.7906754300056491
WTM,1,tm,62.97596153846153,1.8877645190004841,0.7375385839986848
WTM,2,tm,69.65865384615385,1.5706707640056266,0.7373376460018335
WTM,3,tm,69.19711538461539,1.4737514180014841,0.7330327070012572
WTM,4,tm,66.70673076923077,1.4018325099968934,0.7318661539975437
WTM,5,tm,70.04326923076924,1.3669931330005056,0.7343483399963588
WTM,6,tm,72.88942307692308,1.3262877949964604,0.7432717480041902
WTM,7,tm,73.57692307692307,1.2785755439981585,0.7418808259972138
WTM,8,tm,74.71153846153847,1.2775414169955184,0.7402842659939779
WTM,9,tm,74.7548076923077,1.2430722189965309,0.7388059000004432
WTM,10,tm,73.75,1.2265467760007596,0.7546624169990537
WTM,11,tm,75.5625,1.2181541020036093,0.7451978149983916
WTM,12,tm,72.8798076923077,1.1970531109982403,0.7420648589977645
WTM,13,tm,73.58173076923077,1.187448194999888,0.7568252959972597
WTM,14,tm,75.10096153846155,1.1711220750003122,0.7511519500039867
WTM,15,tm,74.64903846153847,1.1586221960023977,0.7612175609974656
WTM,16,tm,74.14903846153847,1.1581470029996126,0.7343854869977804
WTM,17,tm,76.08653846153847,1.1362256889988203,0.7517351209971821
WTM,18,tm,76.80288461538461,1.155621934994997,0.752196843001002
WTM,19,tm,76.23557692307692,1.123859352999716,0.7451948309972067
WTM,20,tm,78.25,1.101043454997125,0.754657721001422
WTM,21,tm,76.05288461538461,1.1135139539983356,0.7514382430017577
WTM,22,tm,75.58653846153847,1.126525578001747,0.7490973849999136
WTM,23,tm,76.32692307692308,1.1119340069999453,0.7551299039987498
WTM,24,tm,76.85576923076923,1.1059493089996977,0.7317141180028557
WTM,25,tm,78.25,1.1019009730007383,0.7562468010000885
WTM,26,tm,76.23557692307692,1.0832730430047377,0.7565000229951693
WTM,27,tm,78.19711538461539,1.081301133002853,0.7543104529977427
WTM,28,tm,77.5048076923077,1.0835888189976686,0.7556832619957277
WTM,29,tm,77.14903846153847,1.0652199120013393,0.769289520001621
WTM,30,tm,77.16826923076923,1.0743341150009655,0.7522907759994268
WTM,31,tm,77.01923076923077,1.0706771900004242,0.7628961529990193
WTM,32,tm,76.80288461538461,1.0620256600013818,0.7615405239994288
WTM,33,tm,77.29326923076924,1.0560056079993956,0.7499081139976624
WTM,34,tm,77.39903846153847,1.0458441059963661,0.7590241840007366
WTM,35,tm,78.21153846153847,1.0570153700027731,0.7482696479928563
WTM,36,tm,77.34615384615384,1.0464916860000812,0.7537700649991166
WTM,37,tm,77.60576923076923,1.0473864759987919,0.7660121739972965
WTM,38,tm,76.69711538461539,1.04016140299791,0.7588129089999711
WTM,39,tm,78.11057692307692,1.0413641589984763,0.7444416719954461
WTM,40,tm,77.88461538461539,1.0251736620048177,0.7570822869965923
WTM,41,tm,78.3173076923077,1.030077743998845,0.755042589000368
WTM,42,tm,75.63461538461539,1.0418268369976431,0.7599067429982824
WTM,43,tm,77.60096153846155,1.0303611800045474,0.7552556329974323
WTM,44,tm,77.96634615384616,1.033821288998297,0.7655849840011797
WTM,45,tm,76.72115384615384,1.0267818270003772,0.7576477040056488
WTM,46,tm,76.61538461538461,1.0260102469983394,0.7534202259994345
WTM,47,tm,77.02403846153845,1.0197220789996209,0.7628209710019291
WTM,48,tm,76.67307692307692,1.022163661000377,0.7513995920016896
WTM,49,tm,76.41346153846153,1.0167687899956945,0.739324377005687
WTM,50,tm,77.88461538461539,0.9945248650037684,0.752560076994996
WTM,51,tm,77.99038461538461,1.0011058290037909,0.7591776400004164
WTM,52,tm,77.27403846153847,1.0064352689951193,0.7488830860020244
WTM,53,tm,78.05288461538461,1.0055475190019934,0.7555318209997495
WTM,54,tm,78.3798076923077,1.0122371050019865,0.7437030240034801
WTM,55,tm,78.79807692307692,1.0121555619989522,0.7555738390001352
WTM,56,tm,77.77884615384615,1.0100825230038026,0.7530441479975707
WTM,57,tm,78.85096153846153,0.9879298070009099,0.7488021879980806
WTM,58,tm,76.90865384615385,0.995872004001285,0.7692988870039699
WTM,59,tm,78.88461538461539,0.995108329996583,0.7557683080012794
WTM,60,tm,78.3076923076923,1.006338211002003,0.7608538209969993
WTM,61,tm,78.10096153846153,1.0016285519959638,0.7673863749951124
WTM,62,tm,79.28365384615384,0.9986681570007931,0.7670320109973545
WTM,63,tm,78.5576923076923,0.9903134749984019,0.75834470600239
WTM,64,tm,78.02403846153845,1.0031665679998696,0.7581633619993227
WTM,65,tm,77.84615384615384,1.0011791919969255,0.7688301889938884
WTM,66,tm,78.07692307692308,0.9920553589981864,0.7497625659962068
WTM,67,tm,77.42307692307693,0.9843407980006305,0.7527072869997937
WTM,68,tm,78.90865384615384,0.9963640339992708,0.7567434900047374
WTM,69,tm,78.97596153846153,0.998086895000597,0.7612413669994567
WTM,70,tm,79.72596153846155,0.9971581399950082,0.7585209730023053
WTM,71,tm,78.72115384615384,0.9822241790025146,0.7554203190011322
WTM,72,tm,80.28365384615384,0.9813375040030223,0.7574509500045679
WTM,73,tm,79.07692307692308,0.9831420890041045,0.7585839199964539
WTM,74,tm,78.59134615384616,0.989432433998445,0.7522404129995266
WTM,75,tm,78.16826923076923,0.9738184449961409,0.7436946250018082
WTM,76,tm,79.8125,0.9851867550023599,0.7603511800043634
WTM,77,tm,77.5048076923077,0.9705042250061524,0.759700911003165
WTM,78,tm,78.57692307692308,0.973681666997436,0.755045441997936
WTM,79,tm,79.77884615384615,0.9898861039982876,0.7585435240034712
WTM,80,tm,78.59134615384616,0.9690106409980217,0.7490184940033942
WTM,81,tm,77.91826923076923,0.9726641060042311,0.7526873859969783
WTM,82,tm,79.0625,0.9790948450026917,0.7647009919965058
WTM,83,tm,79.02403846153845,0.960186607997457,0.7670313440030441
WTM,84,tm,78.39903846153847,0.9810488680013805,0.753899540999555
WTM,85,tm,79.63461538461539,0.9673168779991101,0.7535320370006957
WTM,86,tm,78.01923076923077,0.9780867840017891,0.7584132129995851
WTM,87,tm,79.65865384615385,0.9707745060004527,0.7587822529967525
WTM,88,tm,78.08653846153845,0.9662796050033648,0.7580210650048684
WTM,89,tm,78.86538461538461,0.9591761339979712,0.7576809860038338
WTM,90,tm,79.15384615384615,0.9682394650008064,0.7615997079992667
WTM,91,tm,78.21634615384615,0.9784594240045408,0.7605501899961382
WTM,92,tm,78.2548076923077,0.9670302660015295,0.7656773159978911
WTM,93,tm,78.98076923076923,0.9687190249969717,0.7489701060039806
WTM,94,tm,77.78846153846153,0.96936197100149,0.7565831780011649
WTM,95,tm,79.63942307692308,0.9645186990019283,0.7644965949948528
WTM,96,tm,79.9951923076923,0.9625478230009321,0.7617963599986979
WTM,97,tm,77.95192307692308,0.9649608929976239,0.7563246640056605
WTM,98,tm,79.46153846153847,0.974618084001122,0.7570578099985141
WTM,99,tm,78.39903846153847,0.9544002300026477,0.7465117290048511
WTM,100,tm,79.9326923076923,0.9486673430001247,0.7596279039935325
WTM,101,tm,78.7548076923077,0.9759299200013629,0.7675329320045421
WTM,102,tm,78.0625,0.9622668600059114,0.7652810600047815
WTM,103,tm,78.8798076923077,0.9608463760014274,0.7519637049990706
WTM,104,tm,78.83173076923077,0.955340303000412,0.7646311630014679
WTM,105,tm,79.82211538461539,0.9615678549962468,0.7608109400025569
WTM,106,tm,79.36057692307692,0.9614291859979858,0.7604874620010378
WTM,107,tm,79.3076923076923,0.949537237000186,0.7587881819999893
WTM,108,tm,80.08653846153845,0.9636278110046987,0.7715530260029482
WTM,109,tm,79.39903846153847,0.9588355410014628,0.7606004539993592
WTM,110,tm,78.33653846153847,0.9598399280002923,0.7530830279938527
WTM,111,tm,79.8173076923077,0.9525572979982826,0.7765186350006843
WTM,112,tm,78.58173076923077,0.9671068059979007,0.7579140100060613
WTM,113,tm,80.88942307692307,0.9576163930032635,0.7635855280022952
WTM,114,tm,78.34615384615384,0.9422411880004802,0.7581011400034185
WTM,115,tm,79.79807692307692,0.9551825059970724,0.7475764579940005
WTM,116,tm,80.46634615384616,0.9545920360033051,0.757890929999121
WTM,117,tm,79.46153846153847,0.9563159870012896,0.7582620220055105
WTM,118,tm,80.16346153846153,0.9574612090000301,0.7622066740004811
WTM,119,tm,78.72115384615384,0.946998399005679,0.7578370639967034
WTM,120,tm,78.91346153846153,0.939425996002683,0.7664600150019396
WTM,121,tm,80.20673076923077,0.9700400169967907,0.75535306600068
WTM,122,tm,80.4326923076923,0.9400391640010639,0.7559308749987395
WTM,123,tm,80.50961538461539,0.9686864679970313,0.7600088890030747
WTM,124,tm,80.86057692307692,0.9585338269971544,0.7609588710038224
WTM,125,tm,79.21634615384615,0.9462440670031356,0.7624475729971891
WTM,126,tm,78.99038461538461,0.9419725350016961,0.7617067050014157
WTM,127,tm,78.00961538461539,0.9527265869983239,0.7602309670037357
WTM,128,tm,78.8125,0.9349259340015124,0.7659270599979209
WTM,129,tm,79.28365384615384,0.9518233220005641,0.7654291900034877
WTM,130,tm,79.2451923076923,0.9396154950009077,0.7655828040005872
WTM,131,tm,79.76442307692308,0.9599814739995054,0.7719198159975349
WTM,132,tm,79.6923076923077,0.9461294310021913,0.762096965998353
WTM,133,tm,79.3701923076923,0.9507118909968995,0.7589204079995397
WTM,134,tm,79.27403846153847,0.9387514440022642,0.7600581100050476
WTM,135,tm,79.77884615384615,0.9371830410018447,0.7641663480026182
WTM,136,tm,79.40865384615384,0.9442138410013285,0.7641896350032766
WTM,137,tm,80.02403846153847,0.9441924560014741,0.7579955370019889
WTM,138,tm,78.49038461538461,0.9351411729949177,0.7652885960051208
WTM,139,tm,79.76442307692308,0.9380125120005687,0.7571179299993673
WTM,140,tm,79.16826923076923,0.941253515004064,0.7461259190022247
WTM,141,tm,79.3701923076923,0.9302723330038134,0.760396370998933
WTM,142,tm,79.52403846153845,0.9428606030051014,0.7620015459979186
WTM,143,tm,79.42788461538461,0.9316274700031499,0.7470405849962845
WTM,144,tm,78.83653846153847,0.9388482580034179,0.7442110650008544
WTM,145,tm,78.58653846153845,0.9361074289990938,0.7523001080044196
WTM,146,tm,79.57692307692308,0.9378833779992419,0.751755992998369
WTM,147,tm,79.84615384615384,0.9360356409961241,0.7581306810025126
WTM,148,tm,78.94711538461539,0.9423166909982683,0.7844310439977562
WTM,149,tm,78.71634615384615,0.9295691370061832,0.7636581690021558
WTM,150,tm,78.36057692307692,0.9372071019970463,0.7574171039959765
WTM,151,tm,78.4326923076923,0.9451586889990722,0.7634220039981301
WTM,152,tm,78.45192307692308,0.9405548379945685,0.7704520580009557
WTM,153,tm,79.875,0.9502811900019879,0.7731352819973836
WTM,154,tm,80.36057692307692,0.9315572940031416,0.769775672997639
WTM,155,tm,79.63461538461539,0.9514683500019601,0.7557694420029293
WTM,156,tm,79.38461538461539,0.9402990189992124,0.7537503139974433
WTM,157,tm,79.0576923076923,0.9244340720033506,0.7591863019988523
WTM,158,tm,79.70192307692308,0.9302095699968049,0.767199982998136
WTM,159,tm,79.04326923076923,0.9433866309991572,0.7602199129978544
WTM,160,tm,77.22115384615384,0.934563820999756,0.7591039609978907
WTM,161,tm,79.5,0.9241289700003108,0.7635638269930496
WTM,162,tm,78.91826923076923,0.9329510300012771,0.7553412010020111
WTM,163,tm,80.39903846153847,0.933280007004214,0.7641780050034868
WTM,164,tm,79.5576923076923,0.9406875110071269,0.7626815399999032
WTM,165,tm,79.01923076923076,0.9332321570036584,0.7644775869994191
WTM,166,tm,80.28365384615384,0.937898395000957,0.7582631670011324
WTM,167,tm,79.52884615384616,0.9328438169977744,0.7595106840017252
WTM,168,tm,80.23076923076923,0.929416189006588,0.7535742859981838
WTM,169,tm,79.82692307692307,0.9350598590026493,0.7582892130012624
WTM,170,tm,79.69711538461539,0.9440765559993451,0.7611074930027826
WTM,171,tm,79.76923076923077,0.9493459470031667,0.7562360230003833
WTM,172,tm,80.55288461538461,0.9333493469966925,0.7572430460058968
WTM,173,tm,79.91826923076924,0.9290977409982588,0.7664155020029284
WTM,174,tm,80.95673076923077,0.9313106340050581,0.7686023989954265
WTM,175,tm,79.89903846153847,0.9259184459951939,0.7657068750049802
WTM,176,tm,79.24038461538461,0.9371003199994448,0.7782514629943762
WTM,177,tm,80.28365384615384,0.927553583002009,0.758717885997612
WTM,178,tm,80.27884615384615,0.9437865559957572,0.7601775149960304
WTM,179,tm,80.1201923076923,0.9242606400002842,0.752313837998372
WTM,180,tm,80.60096153846153,0.9505798719983432,0.7593595039943466
WTM,181,tm,78.3125,0.9398429650027538,0.7588683550056885
WTM,182,tm,79.2548076923077,0.9282652760011842,0.7525147269989247
WTM,183,tm,79.51923076923076,0.9131266429976677,0.7576866210001754
WTM,184,tm,79.53846153846153,0.9281044410017785,0.7636507999995956
WTM,185,tm,79.22596153846155,0.9475702970012208,0.7689530089992331
WTM,186,tm,80.33653846153847,0.93177195500175,0.7693542749984772
WTM,187,tm,79.5576923076923,0.924283888998616,0.7674225690061576
WTM,188,tm,79.75,0.9322914779986604,0.7503815969976131
WTM,189,tm,78.1201923076923,0.9239188700012164,0.7589494720014045
WTM,190,tm,78.9423076923077,0.9354111249995185,0.7570581690015388
WTM,191,tm,79.09615384615385,0.9463362079986837,0.7568227279989514
WTM,192,tm,79.34615384615384,0.9247965940012364,0.7583404290053295
WTM,193,tm,78.91826923076923,0.9238673020008719,0.7627746009966359
WTM,194,tm,80.65865384615385,0.9222920870015514,0.7621179389971076
WTM,195,tm,80.25,0.9234574820002308,0.7516056730019045
WTM,196,tm,79.72596153846155,0.9262261830008356,0.7633569540048484
WTM,197,tm,80.0576923076923,0.9309912699973211,0.7605997329956153
WTM,198,tm,79.72115384615385,0.9260918630025117,0.7701546730022528
WTM,199,tm,80.4326923076923,0.9294162169971969,0.7631069510025554
WTM,200,tm,81.0,0.9266488889988977,0.7563023650000105
WTM,201,tm,79.05288461538461,0.9276144380055484,0.7581968730009976
WTM,202,tm,80.0673076923077,0.9239865300041856,0.7595164099984686
WTM,203,tm,80.61538461538461,0.9377909390022978,0.7613458429987077
WTM,204,tm,78.79807692307692,0.9325608209983329,0.7590524740007822
WTM,205,tm,79.64903846153845,0.9317668479998247,0.7774830529961037
WTM,206,tm,79.41826923076924,0.9241064469970297,0.7565134020042024
WTM,207,tm,80.07692307692308,0.9314503669957048,0.7686030170007143
WTM,208,tm,79.1923076923077,0.9178060109989019,0.763152588995581
WTM,209,tm,79.8173076923077,0.9222468039952219,0.7635758470059955
WTM,210,tm,79.84134615384615,0.9261816080033896,0.7638865180051653
WTM,211,tm,80.03846153846153,0.9176442660027533,0.770939490001183
WTM,212,tm,79.59134615384616,0.935732732003089,0.7591761209987453
WTM,213,tm,80.42307692307692,0.9120604769996135,0.7527741090016207
WTM,214,tm,80.02884615384616,0.9298146110013477,0.7688757150026504
WTM,215,tm,81.51442307692308,0.9289259120050701,0.7491101159976097
WTM,216,tm,80.66826923076923,0.9268782270009979,0.7574518429973978
WTM,217,tm,78.71153846153847,0.9146045689994935,0.7704994630039437
WTM,218,tm,80.03365384615385,0.9176351580026676,0.766830601998663
WTM,219,tm,79.1875,0.9149736699982896,0.7684618190032779
WTM,220,tm,80.5,0.9310885290033184,0.7643234370043501
WTM,221,tm,79.7451923076923,0.9217349090031348,0.7653314859999227
WTM,222,tm,80.20673076923077,0.9234164299996337,0.7611757680060691
WTM,223,tm,80.16346153846153,0.9251187389963889,0.7563610669967602
WTM,224,tm,79.73076923076923,0.9226758079967112,0.7760912850062596
WTM,225,tm,79.65865384615385,0.9202333069988526,0.7665804159987601
WTM,226,tm,79.07211538461539,0.9095939300023019,0.7697370499954559
WTM,227,tm,78.84134615384616,0.9296756249968894,0.7636819339968497
WTM,228,tm,80.83173076923077,0.9313399780003238,0.7398288929980481
WTM,229,tm,80.46634615384616,0.9276862289989367,0.7722645920002833
WTM,230,tm,80.15384615384616,0.9200312819957617,0.7737326019996544
WTM,231,tm,80.78365384615384,0.9333292309966055,0.7674367650033673
WTM,232,tm,79.13461538461539,0.9236786820038105,0.7718173329994897
WTM,233,tm,79.70192307692308,0.9016374369966798,0.7555328960006591
WTM,234,tm,79.4375,0.916720080000232,0.7680644869979005
WTM,235,tm,80.65384615384616,0.9145450240030186,0.7629681280013756
WTM,236,tm,79.3701923076923,0.9170144050003728,0.7620614909974393
WTM,237,tm,79.40865384615384,0.9258453689981252,0.7672260129984352
WTM,238,tm,79.34615384615384,0.9233055439981399,0.7675160340004368
WTM,239,tm,80.34615384615384,0.901420367998071,0.7573919510032283
WTM,240,tm,80.0625,0.9210787170013646,0.7601227349950932
WTM,241,tm,80.2548076923077,0.9233228829980362,0.7663054470031057
WTM,242,tm,80.8798076923077,0.9129864930000622,0.75395435399696
WTM,243,tm,80.64903846153845,0.9208066270002746,0.7658789010019973
WTM,244,tm,79.54326923076923,0.9171846879980876,0.7584956790014985
WTM,245,tm,80.28846153846155,0.9267229050019523,0.7534172750019934
WTM,246,tm,80.02403846153847,0.9199336100064102,0.7613260430007358
WTM,247,tm,79.17788461538461,0.9194816019953578,0.7715934199950425
WTM,248,tm,79.97596153846153,0.9152635489954264,0.7620809339932748
WTM,249,tm,79.85576923076924,0.9066167499986477,0.7607880279974779
WTM,250,tm,79.76442307692308,0.9335491660021944,0.7487393509945832
WTM,251,tm,80.13942307692308,0.9107265479979105,0.7615252059986233
WTM,252,tm,80.3125,0.9078583390000858,0.7645648920006352
WTM,253,tm,80.52403846153847,0.9093065629931516,0.7655672659966513
WTM,254,tm,81.21634615384615,0.9121770330020809,0.7569851570005994
WTM,255,tm,79.52884615384616,0.9113252690003719,0.7634753910024301
WTM,256,tm,79.66346153846153,0.91693023499829,0.7677235349983675
WTM,257,tm,80.53365384615384,0.9232293989989557,0.7655801610017079
WTM,258,tm,80.0625,0.90993556399917,0.7652306649979437
WTM,259,tm,79.8076923076923,0.9184053110002424,0.7780932710011257
WTM,260,tm,79.36057692307692,0.9077178980005556,0.7626723479988868
WTM,261,tm,79.96153846153847,0.9115233209959115,0.7674902489961823
WTM,262,tm,80.84134615384615,0.917469802996493,0.7690703330008546
WTM,263,tm,80.04807692307693,0.9201623359986115,0.770489993999945
WTM,264,tm,80.4423076923077,0.919799780996982,0.759619777003536
WTM,265,tm,79.63461538461539,0.9082915420003701,0.759885254999972
WTM,266,tm,80.46153846153847,0.9102929839937133,0.754995734001568
WTM,267,tm,80.82211538461539,0.9120428809983423,0.7666687390010338
WTM,268,tm,79.92307692307692,0.9156263129989384,0.7769675699964864
WTM,269,tm,80.89423076923077,0.9106642159968033,0.7530921479992685
WTM,270,tm,80.63942307692308,0.9210478460008744,0.758771674001764
WTM,271,tm,80.1298076923077,0.9114950729999691,0.7731344190033269
WTM,272,tm,80.8125,0.9159653999959119,0.7576809720048914
WTM,273,tm,80.17788461538461,0.9034633080009371,0.7769455000016023
WTM,274,tm,81.53846153846153,0.9128581080003642,0.7643750099960016
WTM,275,tm,80.09134615384616,0.9032688950028387,0.7624368190008681
WTM,276,tm,80.09615384615385,0.9032423380049295,0.768998947001819
WTM,277,tm,81.09134615384616,0.9092318139955751,0.7698999659987749
WTM,278,tm,80.53365384615384,0.9060504070002935,0.7734280469958321
WTM,279,tm,81.45673076923077,0.9048493279988179,0.7591190690000076
WTM,280,tm,80.10576923076923,0.9161539580018143,0.764377601997694
WTM,281,tm,81.0,0.9070934039991698,0.7590482789964881
WTM,282,tm,81.01442307692308,0.909190280995972,0.7748887139969156
WTM,283,tm,79.73076923076923,0.9078601520013763,0.769905834000383
WTM,284,tm,78.02884615384616,0.8991045679940726,0.7617292529976112
WTM,285,tm,80.85096153846155,0.9062862279970432,0.7688632240024162
WTM,286,tm,80.65384615384616,0.9063552160005202,0.7752999410004122
WTM,287,tm,80.26442307692308,0.9117049780033994,0.7511304300060146
WTM,288,tm,80.02884615384616,0.8985081320060999,0.7826496470006532
WTM,289,tm,79.95673076923076,0.9111684710005648,0.7706663979988662
WTM,290,tm,81.01923076923076,0.9160319689981407,0.766181831000722
WTM,291,tm,79.48076923076923,0.9091751089945319,0.7880774309960543
WTM,292,tm,81.41346153846155,0.9187064479992841,0.7533568889994058
WTM,293,tm,81.09615384615385,0.9181269660039106,0.7710357700052555
WTM,294,tm,80.20673076923077,0.9167234139968059,0.7697637489982299
WTM,295,tm,79.32692307692307,0.9116091890027747,0.7626973970036488
WTM,296,tm,80.08653846153845,0.9056202069987194,0.7606222360045649
WTM,297,tm,80.27403846153847,0.9073469069990097,0.7576414020004449
WTM,298,tm,80.38461538461539,0.9006039169980795,0.7575130600016564
WTM,299,tm,80.22596153846155,0.9055385649990058,0.7597037450032076
WTM,300,tm,81.20192307692308,0.9105514159964514,0.7667998299948522
WTM,301,tm,79.14423076923077,0.9162737219958217,0.7701042710032198
WTM,302,tm,79.45673076923076,0.9114796089997981,0.7718456870061345
WTM,303,tm,79.49038461538461,0.9118724959989777,0.7585562809981639
WTM,304,tm,80.8173076923077,0.9202139240005636,0.7532570470066275
WTM,305,tm,80.04326923076923,0.8878076930050156,0.7675943309950526
WTM,306,tm,79.98557692307692,0.9063019850000273,0.7523993300055736
WTM,307,tm,80.9326923076923,0.9048500130011234,0.7499290080013452
WTM,308,tm,80.54326923076923,0.8994607429995085,0.7496535410027718
WTM,309,tm,81.10096153846153,0.9044296089996351,0.7677434049983276
WTM,310,tm,81.29326923076923,0.9265500250039622,0.779202241996245
WTM,311,tm,80.3701923076923,0.9091895179954008,0.7646627709982567
WTM,312,tm,80.91826923076924,0.9066538059996674,0.7677170880051563
WTM,313,tm,81.3125,0.9062083059980068,0.7635989150003297
WTM,314,tm,80.64423076923077,0.9075573320005788,0.7571606730052736
WTM,315,tm,79.48557692307693,0.9196188390051248,0.7704192050005076
WTM,316,tm,79.86057692307692,0.9013490990037099,0.7713347730023088
WTM,317,tm,79.6298076923077,0.9086929280019831,0.7624543799975072
WTM,318,tm,79.75961538461539,0.9131438710028306,0.7634604600025341
WTM,319,tm,80.2548076923077,0.9013280359940836,0.7682672589944559
WTM,320,tm,80.69711538461539,0.8947530959994765,0.7587348179949913
WTM,321,tm,80.64423076923077,0.8898913340017316,0.7641494630006491
WTM,322,tm,80.46153846153847,0.9000093159993412,0.7602372509936686
WTM,323,tm,79.25,0.913737039998523,0.7569594759988831
WTM,324,tm,81.04326923076923,0.9132052610002575,0.7670000539947068
WTM,325,tm,80.63461538461539,0.9107988690011553,0.7638342570062377
WTM,326,tm,80.10096153846153,0.8998843230001512,0.7803367320011603
WTM,327,tm,80.61538461538461,0.9286415620008484,0.7759743780043209
WTM,328,tm,80.20192307692308,0.90239564699732,0.7688378859966178
WTM,329,tm,80.58653846153845,0.9126445160000003,0.7679740649982705
WTM,330,tm,80.19711538461539,0.9170378709968645,0.766614269996353
WTM,331,tm,79.99038461538461,0.8915005089947954,0.7670513439952629
WTM,332,tm,80.08173076923077,0.9096709979930893,0.7578711729947827
WTM,333,tm,77.52403846153845,0.891145626999787,0.7683935570021276
WTM,334,tm,80.625,0.9005421209949418,0.7700789190057549
WTM,335,tm,79.79326923076923,0.8995025269978214,0.7623498019966064
WTM,336,tm,80.83653846153847,0.9038982320053037,0.7889108180024778
WTM,337,tm,79.86538461538461,0.9030600930054788,0.7662269670036039
WTM,338,tm,79.9423076923077,0.8996526800037827,0.7610833500002627
WTM,339,tm,80.29807692307692,0.9051436689987895,0.7656201089994283
WTM,340,tm,80.70192307692308,0.8990023080041283,0.7676388220061199
WTM,341,tm,80.85576923076923,0.9072208829966257,0.769420999000431
WTM,342,tm,79.47596153846153,0.8902238360024057,0.7682832529972075
WTM,343,tm,79.48076923076923,0.9109623440017458,0.7698707720046514
WTM,344,tm,80.48076923076923,0.9058072170009837,0.764109768999333
WTM,345,tm,80.03846153846153,0.8976016029992024,0.7690659869986121
WTM,346,tm,80.17788461538461,0.8945925910011283,0.7599398859965731
WTM,347,tm,81.11538461538461,0.9021642270017765,0.7589502390037524
WTM,348,tm,80.35096153846155,0.9102966200007359,0.7568796870036749
WTM,349,tm,79.67788461538461,0.916162549998262,0.7580556460015941
WTM,350,tm,80.78846153846155,0.9105158979946282,0.7608744949975517
WTM,351,tm,81.14903846153845,0.8994227509974735,0.7674099130017566
WTM,352,tm,81.125,0.9034707300015725,0.7739654819961288
WTM,353,tm,80.04807692307693,0.9106969350032159,0.7601937919971533
WTM,354,tm,80.25961538461537,0.917670150003687,0.7624303769989638
WTM,355,tm,79.125,0.9168255619952106,0.7562334690010175
WTM,356,tm,80.61538461538461,0.8884429110039491,0.7554492109993589
WTM,357,tm,80.46634615384616,0.8979470910053351,0.7723763289977796
WTM,358,tm,79.76442307692308,0.9003717189989402,0.765366059000371
WTM,359,tm,80.5625,0.8976336560008349,0.7635859579968383
WTM,360,tm,80.65384615384616,0.9037416829960421,0.7678260579996277
WTM,361,tm,80.125,0.9099127389999921,0.75618263999786
WTM,362,tm,80.86057692307692,0.9022545289990376,0.7707714470016072
WTM,363,tm,80.26923076923077,0.9004715669943835,0.770959863999451
WTM,364,tm,80.52884615384616,0.9084091830009129,0.7693772479979089
WTM,365,tm,80.0048076923077,0.9103777659984189,0.7619884939995245
WTM,366,tm,80.88942307692307,0.9074665859952802,0.7590061000009882
WTM,367,tm,80.64423076923077,0.9079330480017234,0.7817445649998263
WTM,368,tm,79.71153846153847,0.8998645550018409,0.7670270720045664
WTM,369,tm,80.82211538461539,0.9022761160013033,0.7590876300018863
WTM,370,tm,80.00961538461539,0.9162092200058396,0.770081670001673
WTM,371,tm,80.48557692307692,0.9053845970047405,0.7677634810024756
WTM,372,tm,80.25,0.9124985560047207,0.7688189949985826
WTM,373,tm,80.24038461538461,0.9217939469963312,0.7675335439998889
WTM,374,tm,80.72115384615385,0.9151970480015734,0.781517283001449
WTM,375,tm,80.41826923076924,0.8961529669977608,0.7661058810044779
WTM,376,tm,80.77403846153847,0.912822108999535,0.7587251549994107
WTM,377,tm,78.22596153846155,0.9111361539980862,0.7717149509990122
WTM,378,tm,80.50961538461539,0.8979167189972941,0.7676493840044714
WTM,379,tm,79.91826923076924,0.9101600350040826,0.7528338359988993
WTM,380,tm,80.10096153846153,0.9050131740004872,0.7593051730000298
WTM,381,tm,80.54807692307693,0.9192027910030447,0.7657061469944892
WTM,382,tm,80.89903846153847,0.9050994889985304,0.7619342570033041
WTM,383,tm,80.17307692307692,0.9013237489998573,0.7741239750030218
WTM,384,tm,80.67788461538463,0.9072835749975638,0.758351994001714
WTM,385,tm,81.03365384615384,0.906875033993856,0.7702677920024144
WTM,386,tm,81.36057692307692,0.902740202996938,0.7639195610026945
WTM,387,tm,80.70192307692308,0.9002867189992685,0.7614134100003866
WTM,388,tm,80.79807692307692,0.8947331460003625,0.7763862880019587
WTM,389,tm,79.47596153846153,0.8876473389973398,0.7669523399963509
WTM,390,tm,80.34134615384615,0.9016620760012302,0.7614152930036653
WTM,391,tm,80.21634615384615,0.9040894120043959,0.7632997330001672
WTM,392,tm,80.67307692307692,0.8963692040051683,0.7648408179957187
WTM,393,tm,80.8125,0.8956061569988378,0.76299664000544
WTM,394,tm,80.0,0.9000331759962137,0.7708746030039038
WTM,395,tm,80.5048076923077,0.9026772340002935,0.7651135819978663
WTM,396,tm,80.75961538461539,0.9041291449975688,0.7729441030023736
WTM,397,tm,81.17307692307692,0.9132301709978492,0.7646347590052756
WTM,398,tm,81.33173076923077,0.8997878019945347,0.7663490129998536
WTM,399,tm,80.52403846153847,0.8987861109999358,0.7541717689964571
WTM,400,tm,80.4326923076923,0.9008442170015769,0.7593365300053847
WTM,401,tm,79.16826923076923,0.9093003999951179,0.7619094190013129
WTM,402,tm,81.33653846153847,0.9129838720036787,0.7558772539996426
WTM,403,tm,79.91826923076924,0.9058728349991725,0.7634798700019019
WTM,404,tm,80.98076923076924,0.9094156680002925,0.7709318020060891
WTM,405,tm,81.30288461538461,0.9198282770012156,0.7778142989991466
WTM,406,tm,80.02403846153847,0.9123606490029488,0.7713324270007433
WTM,407,tm,80.64423076923077,0.893813944006979,0.7558887310005957
WTM,408,tm,80.38461538461539,0.9001284139958443,0.7790249389945529
WTM,409,tm,81.0048076923077,0.9118317409956944,0.7751252579982975
WTM,410,tm,81.0576923076923,0.884453651997319,0.7507141160022002
WTM,411,tm,80.64903846153845,0.9044775650036172,0.7670929190062452
WTM,412,tm,80.52884615384616,0.9039470629941206,0.7583920859979116
WTM,413,tm,82.71634615384616,0.8977505639995798,0.7545514839948737
WTM,414,tm,81.26442307692308,0.8939786719929543,0.7768278259973158
WTM,415,tm,80.92788461538461,0.9001003849989502,0.7634091389991227
WTM,416,tm,81.38942307692307,0.9111600399992312,0.7667299430031562
WTM,417,tm,79.375,0.8961886260003666,0.7746996450005099
WTM,418,tm,80.82211538461539,0.9040976989999763,0.7600811259981128
WTM,419,tm,80.19711538461539,0.8963072620026651,0.763023259001784
WTM,420,tm,80.8125,0.9079082640018896,0.7693677279967233
WTM,421,tm,80.78846153846155,0.8997981720021926,0.7568589090005844
WTM,422,tm,80.7548076923077,0.9136944210040383,0.7721957710018614
WTM,423,tm,78.61057692307692,0.9066813480021665,0.7617151680024108
WTM,424,tm,81.1201923076923,0.9035783229992376,0.7747321960050613
WTM,425,tm,80.71634615384615,0.8888338719989406,0.7690924150010687
WTM,426,tm,80.36057692307692,0.9094904559970018,0.7623928030006937
WTM,427,tm,78.8173076923077,0.9079583519996959,0.7621057630021824
WTM,428,tm,81.40865384615384,0.8943330889960635,0.7595082629995886
WTM,429,tm,80.53846153846153,0.9103811059976579,0.7652624059992377
WTM,430,tm,80.02884615384616,0.8977773610022268,0.770589858002495
WTM,431,tm,80.88942307692307,0.9055346349996398,0.747315847002028
WTM,432,tm,81.4951923076923,0.8957066950024455,0.7773788940030499
WTM,433,tm,79.64423076923077,0.9197346799992374,0.7603436099961982
WTM,434,tm,79.38942307692308,0.8950749009964056,0.7666321270007757
WTM,435,tm,81.09134615384616,0.9032581620049314,0.7773657830039156
WTM,436,tm,78.47596153846153,0.9097673029973521,0.7600542000000132
WTM,437,tm,79.52884615384616,0.9040267849995871,0.757020103999821
WTM,438,tm,81.2548076923077,0.909320275997743,0.7729015859949868
WTM,439,tm,80.8173076923077,0.9011590119989705,0.7636766889991122
WTM,440,tm,81.51923076923076,0.9128900669966242,0.7694807220032089
WTM,441,tm,80.42788461538461,0.8979876249941299,0.7709682009954122
WTM,442,tm,81.23557692307692,0.9063288489996921,0.7662817829987034
WTM,443,tm,80.64903846153845,0.8887304020026932,0.7577035810027155
WTM,444,tm,80.21153846153845,0.8945041679980932,0.7638444410040393
WTM,445,tm,79.55288461538461,0.8926505859999452,0.7690937660008785
WTM,446,tm,80.76442307692308,0.9072492749983212,0.7622174280040781
WTM,447,tm,80.08653846153845,0.9157297779966029,0.7625038159967517
WTM,448,tm,80.95192307692308,0.8982051749990205,0.7598083030025009
WTM,449,tm,80.59615384615385,0.890544346999377,0.7719456350023393
WTM,450,tm,81.1298076923077,0.9089611109957332,0.7581370970001444
WTM,451,tm,79.76442307692308,0.9045922329969471,0.757366505000391
WTM,452,tm,78.73557692307692,0.8873170510050841,0.7558246079934179
WTM,453,tm,79.1826923076923,0.8952039599971613,0.7732463060019654
WTM,454,tm,80.67788461538463,0.9043765499955043,0.7647820380007033
WTM,455,tm,80.97115384615384,0.8940565859957132,0.755680788999598
WTM,456,tm,80.25961538461537,0.8931866080019972,0.770531319998554
WTM,457,tm,81.39423076923077,0.905552042000636,0.7552072250036872
WTM,458,tm,80.86538461538461,0.9050332330007222,0.7597306280003977
WTM,459,tm,80.67307692307692,0.898414306997438,0.7701092270071968
WTM,460,tm,79.89903846153847,0.8959761000005528,0.7726449360052356
WTM,461,tm,79.85576923076924,0.90947517099994,0.762901251000585
WTM,462,tm,80.01923076923076,0.9021970390022034,0.7595704170016688
WTM,463,tm,80.82692307692308,0.9021656370023265,0.7560301619960228
WTM,464,tm,79.46634615384616,0.9078919980020146,0.7702491890013334
WTM,465,tm,80.45673076923077,0.8967691939978977,0.7672928079991834
WTM,466,tm,80.10576923076923,0.8982568420033203,0.761705491997418
WTM,467,tm,80.9375,0.9086117170008947,0.7699809760015341
WTM,468,tm,80.04326923076923,0.8984480319995782,0.7650957099976949
WTM,469,tm,81.3173076923077,0.9090837879994069,0.7656436500037671
WTM,470,tm,80.92307692307692,0.8967647699973895,0.7698425089984084
WTM,471,tm,81.20192307692308,0.8901707900004112,0.7832517439965159
WTM,472,tm,80.76442307692308,0.9026177240011748,0.7772640740004135
WTM,473,tm,80.15384615384616,0.903158428001916,0.7530294570024125
WTM,474,tm,81.03846153846153,0.9111399640023592,0.7687363040022319
WTM,475,tm,80.34134615384615,0.8998659229982877,0.7753527280001435
WTM,476,tm,80.0576923076923,0.9036758910006029,0.7762468329965486
WTM,477,tm,81.04807692307693,0.9033222040015971,0.768830902998161
WTM,478,tm,80.90384615384615,0.8954872849935782,0.7619581600010861
WTM,479,tm,81.10576923076923,0.8826771239982918,0.7587712870008545
WTM,480,tm,79.7451923076923,0.8973011889975169,0.7624566349986708
WTM,481,tm,80.79326923076923,0.9048435390068335,0.7684452820030856
WTM,482,tm,80.77403846153847,0.8998922489990946,0.7627671529990039
WTM,483,tm,81.23076923076923,0.9091269439959433,0.7716099379977095
WTM,484,tm,80.41346153846153,0.8973410129983677,0.7724588300043251
WTM,485,tm,81.84134615384615,0.8923550340041402,0.7604572039999766
WTM,486,tm,80.65865384615385,0.886928699001146,0.7700965269978042
WTM,487,tm,81.1923076923077,0.8997590790022514,0.7675020589958876
WTM,488,tm,80.39903846153847,0.9101333299986436,0.7566078939998988
WTM,489,tm,79.95673076923076,0.9146427000014228,0.7686679489997914
WTM,490,tm,80.28846153846155,0.9103328600031091,0.758137198004988
WTM,491,tm,80.8125,0.8945637140059262,0.7645245509993401
WTM,492,tm,80.10096153846153,0.885308304001228,0.7677240170014556
WTM,493,tm,80.15384615384616,0.9052483319974272,0.7666472350028926
WTM,494,tm,80.42788461538461,0.9026908180021564,0.7653589050023584
WTM,495,tm,81.34615384615384,0.90208829799667,0.7696632749939454
WTM,496,tm,80.96634615384616,0.9062528569993447,0.7684282920017722
WTM,497,tm,79.94711538461539,0.8817580479953904,0.7591644170024665
WTM,498,tm,81.19711538461539,0.894553284997528,0.7747724829969229
WTM,499,tm,80.5576923076923,0.910437341000943,0.7634228070019162
WTM,500,tm,81.53846153846153,0.8990288650020375,0.7484000010008458
WTM-NN,1,tm,62.97596153846153,1.8877645190004841,0.7375385839986848
WTM-NN,2,tm,69.65865384615385,1.5706707640056266,0.7373376460018335
WTM-NN,3,tm,69.19711538461539,1.4737514180014841,0.7330327070012572
WTM-NN,4,tm,66.70673076923077,1.4018325099968934,0.7318661539975437
WTM-NN,5,tm,70.04326923076924,1.3669931330005056,0.7343483399963588
WTM-NN,6,tm,72.88942307692308,1.3262877949964604,0.7432717480041902
WTM-NN,7,tm,73.57692307692307,1.2785755439981585,0.7418808259972138
WTM-NN,8,tm,74.71153846153847,1.2775414169955184,0.7402842659939779
WTM-NN,9,tm,74.7548076923077,1.2430722189965309,0.7388059000004432
WTM-NN,10,tm,73.75,1.2265467760007596,0.7546624169990537
WTM-NN,11,tm,75.5625,1.2181541020036093,0.7451978149983916
WTM-NN,12,tm,72.8798076923077,1.1970531109982403,0.7420648589977645
WTM-NN,13,tm,73.58173076923077,1.187448194999888,0.7568252959972597
WTM-NN,14,tm,75.10096153846155,1.1711220750003122,0.7511519500039867
WTM-NN,15,tm,74.64903846153847,1.1586221960023977,0.7612175609974656
WTM-NN,16,tm,74.14903846153847,1.1581470029996126,0.7343854869977804
WTM-NN,17,tm,76.08653846153847,1.1362256889988203,0.7517351209971821
WTM-NN,18,tm,76.80288461538461,1.155621934994997,0.752196843001002
WTM-NN,19,tm,76.23557692307692,1.123859352999716,0.7451948309972067
WTM-NN,20,tm,78.25,1.101043454997125,0.754657721001422
WTM-NN,21,tm,76.05288461538461,1.1135139539983356,0.7514382430017577
WTM-NN,22,tm,75.58653846153847,1.126525578001747,0.7490973849999136
WTM-NN,23,tm,76.32692307692308,1.1119340069999453,0.7551299039987498
WTM-NN,24,tm,76.85576923076923,1.1059493089996977,0.7317141180028557
WTM-NN,25,tm,78.25,1.1019009730007383,0.7562468010000885
WTM-NN,26,tm,76.23557692307692,1.0832730430047377,0.7565000229951693
WTM-NN,27,tm,78.19711538461539,1.081301133002853,0.7543104529977427
WTM-NN,28,tm,77.5048076923077,1.0835888189976686,0.7556832619957277
WTM-NN,29,tm,77.14903846153847,1.0652199120013393,0.769289520001621
WTM-NN,30,tm,77.16826923076923,1.0743341150009655,0.7522907759994268
WTM-NN,31,tm,77.01923076923077,1.0706771900004242,0.7628961529990193
WTM-NN,32,tm,76.80288461538461,1.0620256600013818,0.7615405239994288
WTM-NN,33,tm,77.29326923076924,1.0560056079993956,0.7499081139976624
WTM-NN,34,tm,77.39903846153847,1.0458441059963661,0.7590241840007366
WTM-NN,35,tm,78.21153846153847,1.0570153700027731,0.7482696479928563
WTM-NN,36,tm,77.34615384615384,1.0464916860000812,0.7537700649991166
WTM-NN,37,tm,77.60576923076923,1.0473864759987919,0.7660121739972965
WTM-NN,38,tm,76.69711538461539,1.04016140299791,0.7588129089999711
WTM-NN,39,tm,78.11057692307692,1.0413641589984763,0.7444416719954461
WTM-NN,40,tm,77.88461538461539,1.0251736620048177,0.7570822869965923
WTM-NN,41,tm,78.3173076923077,1.030077743998845,0.755042589000368
WTM-NN,42,tm,75.63461538461539,1.0418268369976431,0.7599067429982824
WTM-NN,43,tm,77.60096153846155,1.0303611800045474,0.7552556329974323
WTM-NN,44,tm,77.96634615384616,1.033821288998297,0.7655849840011797
WTM-NN,45,tm,76.72115384615384,1.0267818270003772,0.7576477040056488
WTM-NN,46,tm,76.61538461538461,1.0260102469983394,0.7534202259994345
WTM-NN,47,tm,77.02403846153845,1.0197220789996209,0.7628209710019291
WTM-NN,48,tm,76.67307692307692,1.022163661000377,0.7513995920016896
WTM-NN,49,tm,76.41346153846153,1.0167687899956945,0.739324377005687
WTM-NN,50,tm,77.88461538461539,0.9945248650037684,0.752560076994996
WTM-NN,51,tm,77.99038461538461,1.0011058290037909,0.7591776400004164
WTM-NN,52,tm,77.27403846153847,1.0064352689951193,0.7488830860020244
WTM-NN,53,tm,78.05288461538461,1.0055475190019934,0.7555318209997495
WTM-NN,54,tm,78.3798076923077,1.0122371050019865,0.7437030240034801
WTM-NN,55,tm,78.79807692307692,1.0121555619989522,0.7555738390001352
WTM-NN,56,tm,77.77884615384615,1.0100825230038026,0.7530441479975707
WTM-NN,57,tm,78.85096153846153,0.9879298070009099,0.7488021879980806
WTM-NN,58,tm,76.90865384615385,0.995872004001285,0.7692988870039699
WTM-NN,59,tm,78.88461538461539,0.995108329996583,0.7557683080012794
WTM-NN,60,tm,78.3076923076923,1.006338211002003,0.7608538209969993
WTM-NN,61,tm,78.10096153846153,1.0016285519959638,0.7673863749951124
WTM-NN,62,tm,79.28365384615384,0.9986681570007931,0.7670320109973545
WTM-NN,63,tm,78.5576923076923,0.9903134749984019,0.75834470600239
WTM-NN,64,tm,78.02403846153845,1.0031665679998696,0.7581633619993227
WTM-NN,65,tm,77.84615384615384,1.0011791919969255,0.7688301889938884
WTM-NN,66,tm,78.07692307692308,0.9920553589981864,0.7497625659962068
WTM-NN,67,tm,77.42307692307693,0.9843407980006305,0.7527072869997937
WTM-NN,68,tm,78.90865384615384,0.9963640339992708,0.7567434900047374
WTM-NN,69,tm,78.97596153846153,0.998086895000597,0.7612413669994567
WTM-NN,70,tm,79.72596153846155,0.9971581399950082,0.7585209730023053
WTM-NN,71,tm,78.72115384615384,0.9822241790025146,0.7554203190011322
WTM-NN,72,tm,80.28365384615384,0.9813375040030223,0.7574509500045679
WTM-NN,73,tm,79.07692307692308,0.9831420890041045,0.7585839199964539
WTM-NN,74,tm,78.59134615384616,0.989432433998445,0.7522404129995266
WTM-NN,75,tm,78.16826923076923,0.9738184449961409,0.7436946250018082
WTM-NN,76,tm,79.8125,0.9851867550023599,0.7603511800043634
WTM-NN,77,tm,77.5048076923077,0.9705042250061524,0.759700911003165
WTM-NN,78,tm,78.57692307692308,0.973681666997436,0.755045441997936
WTM-NN,79,tm,79.77884615384615,0.9898861039982876,0.7585435240034712
WTM-NN,80,tm,78.59134615384616,0.9690106409980217,0.7490184940033942
WTM-NN,81,tm,77.91826923076923,0.9726641060042311,0.7526873859969783
WTM-NN,82,tm,79.0625,0.9790948450026917,0.7647009919965058
WTM-NN,83,tm,79.02403846153845,0.960186607997457,0.7670313440030441
WTM-NN,84,tm,78.39903846153847,0.9810488680013805,0.753899540999555
WTM-NN,85,tm,79.63461538461539,0.9673168779991101,0.7535320370006957
WTM-NN,86,tm,78.01923076923077,0.9780867840017891,0.7584132129995851
WTM-NN,87,tm,79.65865384615385,0.9707745060004527,0.7587822529967525
WTM-NN,88,tm,78.08653846153845,0.9662796050033648,0.7580210650048684
WTM-NN,89,tm,78.86538461538461,0.9591761339979712,0.7576809860038338
WTM-NN,90,tm,79.15384615384615,0.9682394650008064,0.7615997079992667
WTM-NN,91,tm,78.21634615384615,0.9784594240045408,0.7605501899961382
WTM-NN,92,tm,78.2548076923077,0.9670302660015295,0.7656773159978911
WTM-NN,93,tm,78.98076923076923,0.9687190249969717,0.7489701060039806
WTM-NN,94,tm,77.78846153846153,0.96936197100149,0.7565831780011649
WTM-NN,95,tm,79.63942307692308,0.9645186990019283,0.7644965949948528
WTM-NN,96,tm,79.9951923076923,0.9625478230009321,0.7617963599986979
WTM-NN,97,tm,77.95192307692308,0.9649608929976239,0.7563246640056605
WTM-NN,98,tm,79.46153846153847,0.974618084001122,0.7570578099985141
WTM-NN,99,tm,78.39903846153847,0.9544002300026477,0.7465117290048511
WTM-NN,100,tm,79.9326923076923,0.9486673430001247,0.7596279039935325
WTM-NN,101,tm,78.7548076923077,0.9759299200013629,0.7675329320045421
WTM-NN,102,tm,78.0625,0.9622668600059114,0.7652810600047815
WTM-NN,103,tm,78.8798076923077,0.9608463760014274,0.7519637049990706
WTM-NN,104,tm,78.83173076923077,0.955340303000412,0.7646311630014679
WTM-NN,105,tm,79.82211538461539,0.9615678549962468,0.7608109400025569
WTM-NN,106,tm,79.36057692307692,0.9614291859979858,0.7604874620010378
WTM-NN,107,tm,79.3076923076923,0.949537237000186,0.7587881819999893
WTM-NN,108,tm,80.08653846153845,0.9636278110046987,0.7715530260029482
WTM-NN,109,tm,79.39903846153847,0.9588355410014628,0.7606004539993592
WTM-NN,110,tm,78.33653846153847,0.9598399280002923,0.7530830279938527
WTM-NN,111,tm,79.8173076923077,0.9525572979982826,0.7765186350006843
WTM-NN,112,tm,78.58173076923077,0.9671068059979007,0.7579140100060613
WTM-NN,113,tm,80.88942307692307,0.9576163930032635,0.7635855280022952
WTM-NN,114,tm,78.34615384615384,0.9422411880004802,0.7581011400034185
WTM-NN,115,tm,79.79807692307692,0.9551825059970724,0.7475764579940005
WTM-NN,116,tm,80.46634615384616,0.9545920360033051,0.757890929999121
WTM-NN,117,tm,79.46153846153847,0.9563159870012896,0.7582620220055105
WTM-NN,118,tm,80.16346153846153,0.9574612090000301,0.7622066740004811
WTM-NN,119,tm,78.72115384615384,0.946998399005679,0.7578370639967034
WTM-NN,120,tm,78.91346153846153,0.939425996002683,0.7664600150019396
WTM-NN,121,tm,80.20673076923077,0.9700400169967907,0.75535306600068
WTM-NN,122,tm,80.4326923076923,0.9400391640010639,0.7559308749987395
WTM-NN,123,tm,80.50961538461539,0.9686864679970313,0.7600088890030747
WTM-NN,124,tm,80.86057692307692,0.9585338269971544,0.7609588710038224
WTM-NN,125,tm,79.21634615384615,0.9462440670031356,0.7624475729971891
WTM-NN,126,tm,78.99038461538461,0.9419725350016961,0.7617067050014157
WTM-NN,127,tm,78.00961538461539,0.9527265869983239,0.7602309670037357
WTM-NN,128,tm,78.8125,0.9349259340015124,0.7659270599979209
WTM-NN,129,tm,79.28365384615384,0.9518233220005641,0.7654291900034877
WTM-NN,130,tm,79.2451923076923,0.9396154950009077,0.7655828040005872
WTM-NN,131,tm,79.76442307692308,0.9599814739995054,0.7719198159975349
WTM-NN,132,tm,79.6923076923077,0.9461294310021913,0.762096965998353
WTM-NN,133,tm,79.3701923076923,0.9507118909968995,0.7589204079995397
WTM-NN,134,tm,79.27403846153847,0.9387514440022642,0.7600581100050476
WTM-NN,135,tm,79.77884615384615,0.9371830410018447,0.7641663480026182
WTM-NN,136,tm,79.40865384615384,0.9442138410013285,0.7641896350032766
WTM-NN,137,tm,80.02403846153847,0.9441924560014741,0.7579955370019889
WTM-NN,138,tm,78.49038461538461,0.9351411729949177,0.7652885960051208
WTM-NN,139,tm,79.76442307692308,0.9380125120005687,0.7571179299993673
WTM-NN,140,tm,79.16826923076923,0.941253515004064,0.7461259190022247
WTM-NN,141,tm,79.3701923076923,0.9302723330038134,0.760396370998933
WTM-NN,142,tm,79.52403846153845,0.9428606030051014,0.7620015459979186
WTM-NN,143,tm,79.42788461538461,0.9316274700031499,0.7470405849962845
WTM-NN,144,tm,78.83653846153847,0.9388482580034179,0.7442110650008544
WTM-NN,145,tm,78.58653846153845,0.9361074289990938,0.7523001080044196
WTM-NN,146,tm,79.57692307692308,0.9378833779992419,0.751755992998369
WTM-NN,147,tm,79.84615384615384,0.9360356409961241,0.7581306810025126
WTM-NN,148,tm,78.94711538461539,0.9423166909982683,0.7844310439977562
WTM-NN,149,tm,78.71634615384615,0.9295691370061832,0.7636581690021558
WTM-NN,150,tm,78.36057692307692,0.9372071019970463,0.7574171039959765
WTM-NN,151,nn,85.33653846153845,0.5583506260009017,0.7693680520023918
WTM-NN,152,nn,85.53365384615384,0.6392346810025629,0.7714739950024523
WTM-NN,153,nn,85.3798076923077,0.5704214090001187,0.770253173999663
WTM-NN,154,nn,85.35576923076923,0.6223819310034742,0.7654454439980327
WTM-NN,155,nn,85.42788461538461,0.5926952730005723,0.7578451549998135
WTM-NN,156,nn,85.1298076923077,0.6234569769949303,0.7692864269993152
WTM-NN,157,nn,85.3173076923077,0.5865069399951608,0.7627166130041587
WTM-NN,158,nn,85.17307692307692,0.642905635999341,0.7724673729971983
WTM-NN,159,nn,85.1201923076923,0.5815080940010375,0.7757938169961562
WTM-NN,160,nn,85.1201923076923,0.6364566449992708,0.7647217260018806
WTM-NN,161,nn,85.07211538461539,0.5920476080063963,0.7655931429981138
WTM-NN,162,nn,85.04326923076924,0.6345567780008423,0.7691201370034833
WTM-NN,163,nn,85.1298076923077,0.5843733959991368,0.7678452449981705
WTM-NN,164,nn,85.02403846153847,0.6313587999975425,0.770528987995931
WTM-NN,165,nn,85.03846153846155,0.5833070080043399,0.7583456259962986
WTM-NN,166,nn,85.14903846153847,0.6373568979979609,0.785498262004694
WTM-NN,167,nn,84.98557692307692,0.5966115799965337,0.7758148400025675
WTM-NN,168,nn,85.21634615384616,0.6340903870004695,0.7534164039971074
WTM-NN,169,nn,85.10576923076924,0.5879768279992277,0.764323292998597
WTM-NN,170,nn,84.88942307692308,0.6379231690007146,0.7680543290043715
WTM-NN,171,nn,84.99038461538461,0.5852909489985905,0.7688170070032356
WTM-NN,172,nn,84.97596153846155,0.6422051350018592,0.7632766869937768
WTM-NN,173,nn,85.00961538461539,0.5894436659946223,0.7634441850022995
WTM-NN,174,nn,85.0048076923077,0.6476122730018687,0.7822215620035422
WTM-NN,175,nn,85.08173076923077,0.5836302299940144,0.7848795800018706
WTM-NN,176,nn,84.84615384615385,0.6215680980021716,0.7769653299983474
WTM-NN,177,nn,84.96634615384615,0.5472691590039176,0.7819585600009304
WTM-NN,178,nn,85.0576923076923,0.588964788003068,0.7685360469986335
WTM-NN,179,nn,84.97596153846155,0.5183139509972534,0.7622900560018024
WTM-NN,180,nn,84.91826923076923,0.5978267890022835,0.7546185219980543
WTM-NN,181,nn,85.15384615384616,0.5724352970064501,0.7734379850007826
WTM-NN,182,nn,85.21153846153847,0.6230665650000446,0.7641570350024267
WTM-NN,183,nn,85.0625,0.5824588139948901,0.755910154999583
WTM-NN,184,nn,85.15865384615384,0.5778023789971485,0.767518900000141
WTM-NN,185,nn,85.0048076923077,0.588741219995427,0.7540218830035883
WTM-NN,186,nn,84.89423076923077,0.6402493240020704,0.7609989959964878
WTM-NN,187,nn,85.14423076923077,0.5654055659979349,0.7686398090008879
WTM-NN,188,nn,84.83653846153845,0.6387581220042193,0.7643859829986468
WTM-NN,189,nn,85.07211538461539,0.575865254002565,0.7691378980016452
WTM-NN,190,nn,85.16346153846153,0.631026044000464,0.7688411050039576
WTM-NN,191,nn,85.04807692307692,0.5908988780065556,0.7684929839961114
WTM-NN,192,nn,84.98557692307692,0.6122055199957686,0.7575039579969598
WTM-NN,193,nn,85.05288461538461,0.59214364199579,0.7623594579999917
WTM-NN,194,nn,84.96634615384615,0.6336424969995278,0.7656964449997758
WTM-NN,195,nn,85.01923076923077,0.5945171089988435,0.7709733090014197
WTM-NN,196,nn,84.8701923076923,0.6414512709961855,0.7710771320053027
WTM-NN,197,nn,85.10096153846153,0.5934922839951469,0.768923250005173
WTM-NN,198,nn,84.97115384615384,0.6415259260029416,0.7618177049953374
WTM-NN,199,nn,85.03365384615384,0.5888661539938767,0.7728225749960984
WTM-NN,200,nn,85.07692307692307,0.5990321249992121,0.7764716060046339
WTM-NN,201,nn,85.01923076923077,0.5238712200007285,0.7711764499981655
WTM-NN,202,nn,85.13942307692308,0.5708814160025213,0.7824376209973707
WTM-NN,203,nn,85.15865384615384,0.5845112199967843,0.7683455400037928
WTM-NN,204,nn,85.00961538461539,0.6235280120017705,0.7616106450004736
WTM-NN,205,nn,85.01442307692308,0.5751779080019332,0.7556332210006076
WTM-NN,206,nn,85.125,0.645948319004674,0.7751567239974975
WTM-NN,207,nn,85.01923076923077,0.5859815069998149,0.7773394940013532
WTM-NN,208,nn,85.01442307692308,0.6392455739987781,0.7741830680024577
WTM-NN,209,nn,85.23076923076923,0.5906076729952474,0.7635968050017254
WTM-NN,210,nn,85.15384615384616,0.633606151001004,0.7666394490006496
WTM-NN,211,nn,85.19711538461539,0.5798126169975149,0.768099633998645
WTM-NN,212,nn,85.17307692307692,0.6403646219987422,0.75979796199681
WTM-NN,213,nn,85.1201923076923,0.5777676189973135,0.7683655149958213
WTM-NN,214,nn,85.21153846153847,0.6344028530002106,0.7876348440040601
WTM-NN,215,nn,85.25961538461539,0.5919387260000804,0.773133606002375
WTM-NN,216,nn,85.22596153846153,0.5845018059990252,0.7689397380017908
WTM-NN,217,nn,85.16826923076923,0.5771794799948111,0.766464743996039
WTM-NN,218,nn,85.33173076923077,0.6316820980064222,0.7675157609992311
WTM-NN,219,nn,85.3076923076923,0.5798412660005852,0.7850917920004576
WTM-NN,220,nn,84.94711538461537,0.6348565119988052,0.7774736720020883
WTM-NN,221,nn,85.28365384615385,0.579676228997414,0.7723489609998069
WTM-NN,222,nn,85.48557692307692,0.6304216489952523,0.7713270940002985
WTM-NN,223,nn,85.02884615384615,0.5872216189964092,0.7857226500054821
WTM-NN,224,nn,85.3125,0.6310221109961276,0.7684804599994095
WTM-NN,225,nn,85.13461538461539,0.5911584689965821,0.767210639998666
WTM-NN,226,nn,85.33173076923077,0.6285769500027527,0.792192196000542
WTM-NN,227,nn,85.27403846153845,0.580080239000381,0.789613063003344
WTM-NN,228,nn,85.15384615384616,0.6414145240050857,0.7704966489982326
WTM-NN,229,nn,85.17307692307692,0.5952634710047278,0.7778760749934008
WTM-NN,230,nn,85.20192307692308,0.6322263020047103,0.7784291069983738
WTM-NN,231,nn,85.28846153846153,0.5869686299993191,0.7711975730053382
WTM-NN,232,nn,85.20673076923076,0.6322043660038617,0.7766581519972533
WTM-NN,233,nn,85.20673076923076,0.5816629019973334,0.7782889600057388
WTM-NN,234,nn,85.3076923076923,0.6365330629996606,0.7701096629971289
WTM-NN,235,nn,85.45673076923077,0.5810915359979845,0.7761630640015937
WTM-NN,236,nn,85.26923076923076,0.6396629619994201,0.7584326590003911
WTM-NN,237,nn,85.1875,0.578506608006137,0.7609076039952924
WTM-NN,238,nn,85.22115384615384,0.6377874019963201,0.76937963799719
WTM-NN,239,nn,85.1923076923077,0.5817237320006825,0.7749647239979822
WTM-NN,240,nn,85.44711538461539,0.630853169997863,0.7658346529933624
WTM-NN,241,nn,85.47115384615384,0.5833646499959286,0.7676308449954377
WTM-NN,242,nn,85.26923076923076,0.5964101759964251,0.7665024079979048
WTM-NN,243,nn,85.35096153846153,0.5765239499960444,0.7747828110004775
WTM-NN,244,nn,85.44711538461539,0.6404041179994238,0.7679806640007882
WTM-NN,245,nn,85.46634615384615,0.5927038470035768,0.7704963779979153
WTM-NN,246,nn,85.29807692307692,0.6329673930013087,0.7709109200004605
WTM-NN,247,nn,85.32211538461539,0.5877533270031563,0.7762310180041823
WTM-NN,248,nn,85.125,0.6254964740001014,0.7697085879990482
WTM-NN,249,nn,85.33653846153845,0.52846585700172,0.7747438970036455
WTM-NN,250,nn,85.26923076923076,0.5706751539983088,0.77023515500332
WTM-NN,251,nn,85.34134615384616,0.5254010569988168,0.7672781450019102
WTM-NN,252,nn,85.38461538461539,0.6308375170046929,0.7719847090047551
WTM-NN,253,nn,85.11057692307692,0.5823940620030044,0.7723415809959988
WTM-NN,254,nn,85.22115384615384,0.6242010970017873,0.7628146670031128
WTM-NN,255,nn,85.27884615384616,0.5889893219937221,0.7648536560009234
WTM-NN,256,nn,85.33173076923077,0.6047682429998531,0.7741346839975449
WTM-NN,257,nn,85.52403846153847,0.524495678000676,0.7705844449956203
WTM-NN,258,nn,85.46153846153847,0.631823985997471,0.7769198200039682
WTM-NN,259,nn,85.54326923076923,0.5767406619997928,0.7904016149987001
WTM-NN,260,nn,85.30288461538461,0.5712987419974525,0.779644840004039
WTM-NN,261,nn,85.3125,0.5216801989954547,0.7711742729952675
WTM-NN,262,nn,85.36057692307692,0.5696378020002157,0.7760012259968789
WTM-NN,263,nn,85.21153846153847,0.5279885580021073,0.7622395789949223
WTM-NN,264,nn,85.20673076923076,0.5691179190034745,0.7699966860018321
WTM-NN,265,nn,85.3701923076923,0.5216743999990285,0.7942813459958415
WTM-NN,266,nn,85.45673076923077,0.5773687469991273,0.7719901410018792
WTM-NN,267,nn,85.19711538461539,0.5261952949949773,0.7725661599979503
WTM-NN,268,nn,85.2548076923077,0.6393336130058742,0.7727639639997506
WTM-NN,269,nn,85.3798076923077,0.5613729679971584,0.779676730002393
WTM-NN,270,nn,85.30288461538461,0.587876932004292,0.7630500220038812
WTM-NN,271,nn,85.24038461538461,0.5776420740003232,0.7755504450033186
WTM-NN,272,nn,85.24038461538461,0.6347207360013272,0.7834076700019068
WTM-NN,273,nn,85.3173076923077,0.5876797669989173,0.7622976009952254
WTM-NN,274,nn,85.3076923076923,0.6336549960033153,0.767498216999229
WTM-NN,275,nn,85.14423076923077,0.585582842999429,0.7617849289963488
WTM-NN,276,nn,85.16346153846153,0.6220641270047054,0.7747401619999437
WTM-NN,277,nn,85.34615384615385,0.5912215310017928,0.7639871800056426
WTM-NN,278,nn,85.35576923076923,0.6125697220049915,0.7601717380021
WTM-NN,279,nn,85.50961538461539,0.592212108997046,0.7677254880036344
WTM-NN,280,nn,85.44711538461539,0.5965021430019988,0.7746994560002349
WTM-NN,281,nn,85.41826923076923,0.5710817389990552,0.7727120660056244
WTM-NN,282,nn,85.4375,0.573224551997555,0.7821658289976767
WTM-NN,283,nn,85.52403846153847,0.5902584430004936,0.7722237999987556
WTM-NN,284,nn,85.38942307692308,0.6313981100029196,0.7666849279994494
WTM-NN,285,nn,85.29807692307692,0.5803662239995901,0.7807711419955012
WTM-NN,286,nn,85.34134615384616,0.6343608980023419,0.7700022080025519
WTM-NN,287,nn,85.39423076923077,0.5815680980012985,0.762974758996279
WTM-NN,288,nn,85.23076923076923,0.6241795220048516,0.7589878319995478
WTM-NN,289,nn,85.45192307692308,0.5842781550018117,0.7627613660006318
WTM-NN,290,nn,85.3173076923077,0.6151044379948871,0.7612531449995004
WTM-NN,291,nn,85.49038461538461,0.5215937089960789,0.7681083930001478
WTM-NN,292,nn,85.42307692307692,0.577498849001131,0.7723046989995055
WTM-NN,293,nn,85.42307692307692,0.5257011909998255,0.7611582960016676
WTM-NN,294,nn,85.3076923076923,0.630943012998614,0.781653678001021
WTM-NN,295,nn,85.41826923076923,0.5654896490013925,0.7696229720022529
WTM-NN,296,nn,85.20192307692308,0.6303536080013146,0.7766947679992882
WTM-NN,297,nn,85.20673076923076,0.5837965019964031,0.7733442859971547
WTM-NN,298,nn,85.10096153846153,0.6360945729975356,0.7815054960010457
WTM-NN,299,nn,85.35576923076923,0.5198614009932498,0.7759754470025655
WTM-NN,300,nn,85.46153846153847,0.5703241029987112,0.7814598390032188
WTM-NN,301,nn,85.16826923076923,0.5718037389960955,0.769248251002864
WTM-NN,302,nn,85.32211538461539,0.6240430650068447,0.7762524739955552
WTM-NN,303,nn,85.36538461538463,0.5774558229968534,0.7711113080003997
WTM-NN,304,nn,85.32692307692308,0.6367536679972545,0.7684391110014985
WTM-NN,305,nn,85.35096153846153,0.5826301220004098,0.7673905060000834
WTM-NN,306,nn,85.32211538461539,0.6294841960043414,0.7643373850005446
WTM-NN,307,nn,85.26442307692308,0.5812852879971615,0.7734682779991999
WTM-NN,308,nn,85.35576923076923,0.6286190620012349,0.790102940001816
WTM-NN,309,nn,85.46634615384615,0.592039349998231,0.7770002980032586
WTM-NN,310,nn,85.38942307692308,0.6352110049992916,0.763932150999608
WTM-NN,311,nn,85.3798076923077,0.5768250180044561,0.7624010680010542
WTM-NN,312,nn,85.39423076923077,0.6422347980042105,0.7576718619966414
WTM-NN,313,nn,85.2451923076923,0.5305252190009924,0.758397010002227
WTM-NN,314,nn,85.28365384615385,0.6058236300013959,0.7682581070039305
WTM-NN,315,nn,85.26923076923076,0.5913854169994011,0.7791337819944602
WTM-NN,316,nn,85.3125,0.6134957059985027,0.7968417869997211
WTM-NN,317,nn,85.34615384615385,0.5226464069928625,0.7687810159986839
WTM-NN,318,nn,85.23557692307693,0.5694449669972528,0.7649042670018389
WTM-NN,319,nn,85.23557692307693,0.5262240880038007,0.7605248910040245
WTM-NN,320,nn,85.49038461538461,0.5737043840053957,0.7654059599954053
WTM-NN,321,nn,85.28365384615385,0.5190516849979758,0.7562892269997974
WTM-NN,322,nn,85.32211538461539,0.5755586300001596,0.7562360129959416
WTM-NN,323,nn,85.48076923076923,0.5860399900047923,0.7793474749996676
WTM-NN,324,nn,85.51442307692308,0.6418934439934674,0.7741731000060099
WTM-NN,325,nn,85.42788461538461,0.5815780359989731,0.7622765439955401
WTM-NN,326,nn,85.32692307692308,0.6404758419957943,0.788768001999415
WTM-NN,327,nn,85.40865384615385,0.5843397889984772,0.7749263410005369
WTM-NN,328,nn,85.29807692307692,0.6162316889967769,0.7753693830018165
WTM-NN,329,nn,85.29807692307692,0.5858887229987886,0.7862981569996919
WTM-NN,330,nn,85.19711538461539,0.6323920770009863,0.7669350819996907
WTM-NN,331,nn,85.41346153846155,0.5775221049989341,0.7741382929962128
WTM-NN,332,nn,85.34134615384616,0.6377163829965866,0.7807145080005284
WTM-NN,333,nn,85.48557692307692,0.5699259289976908,0.7812459100023261
WTM-NN,334,nn,85.39903846153845,0.5846939719995135,0.7687884140032111
WTM-NN,335,nn,85.52403846153847,0.5896336439982406,0.7717639260008582
WTM-NN,336,nn,85.41346153846155,0.6068277550002676,0.7687787790055154
WTM-NN,337,nn,85.26442307692308,0.5931784109998262,0.7780189580007573
WTM-NN,338,nn,85.3125,0.6406144630018389,0.7776226970017888
WTM-NN,339,nn,85.2451923076923,0.5780326000021887,0.7820422579970909
WTM-NN,340,nn,85.4326923076923,0.6383923239991418,0.7657508519987459
WTM-NN,341,nn,85.34134615384616,0.5596107379969908,0.7696126800001366
WTM-NN,342,nn,85.38942307692308,0.6414277030053199,0.7606223210023018
WTM-NN,343,nn,85.23557692307693,0.5798852730004,0.7752275179955177
WTM-NN,344,nn,85.36538461538463,0.6373760079950443,0.7737598329986213
WTM-NN,345,nn,85.25,0.5876445100002456,0.7698864070043783
WTM-NN,346,nn,85.34134615384616,0.6319155340024736,0.7689132579980651
WTM-NN,347,nn,85.52403846153847,0.5766284790006466,0.7759626939950977
WTM-NN,348,nn,85.3125,0.6446624599993811,0.7639014789965586
WTM-NN,349,nn,85.22596153846153,0.5779781299934257,0.7761952180007938
WTM-NN,350,nn,85.25961538461539,0.6310825289983768,0.7699192250001943
WTM-NN,351,nn,85.45673076923077,0.5181203120009741,0.7678310600022087
WTM-NN,352,nn,85.29807692307692,0.6304856969945831,0.7641928380035097
WTM-NN,353,nn,85.39903846153845,0.5822488570047426,0.7684001570014516
WTM-NN,354,nn,85.65865384615384,0.6412589479950839,0.7790262510025059
WTM-NN,355,nn,85.3798076923077,0.5828059100022074,0.7782843410022906
WTM-NN,356,nn,85.46153846153847,0.6403329460008536,0.769588274997659
WTM-NN,357,nn,85.49038461538461,0.5900603659974877,0.7734973480037297
WTM-NN,358,nn,85.4375,0.6413430089960457,0.7677462030042079
WTM-NN,359,nn,85.29807692307692,0.5723819790000562,0.7692742140061455
WTM-NN,360,nn,85.26923076923076,0.6203143349994207,0.7653044010003214
WTM-NN,361,nn,85.33653846153845,0.5322782799994457,0.7673870500002522
WTM-NN,362,nn,85.34134615384616,0.6291947440040531,0.7762318019958911
WTM-NN,363,nn,85.27403846153845,0.5812272309995024,0.7671312410020619
WTM-NN,364,nn,85.28365384615385,0.625657411001157,0.7602989200022421
WTM-NN,365,nn,85.35096153846153,0.5706358349998482,0.7686098720005248
WTM-NN,366,nn,85.27884615384616,0.6437090260005789,0.7708869870039052
WTM-NN,367,nn,85.36057692307692,0.5933665959964856,0.7638445089978632
WTM-NN,368,nn,85.41826923076923,0.6411594820019673,0.7761052230052883
WTM-NN,369,nn,85.41826923076923,0.5779228240062366,0.7719982449998497
WTM-NN,370,nn,85.29326923076923,0.6279210720022093,0.7728355119979824
WTM-NN,371,nn,85.3701923076923,0.5823462979969918,0.7831139029949554
WTM-NN,372,nn,85.53846153846155,0.6221140980051132,0.7641803169972263
WTM-NN,373,nn,85.42788461538461,0.5803020530001959,0.7655229730007704
WTM-NN,374,nn,85.48076923076923,0.6421517320050043,0.7684504939970793
WTM-NN,375,nn,85.3125,0.5867791500058956,0.7669984960011789
WTM-NN,376,nn,85.4423076923077,0.6386546869980521,0.7668824370048242
WTM-NN,377,nn,85.52884615384615,0.5865379620008753,0.7697721479999018
WTM-NN,378,nn,85.46634615384615,0.5754677789955167,0.7681218439975055
WTM-NN,379,nn,85.40384615384615,0.5683688509961939,0.7702705320043606
WTM-NN,380,nn,85.375,0.6356251500037615,0.7812273270028527
WTM-NN,381,nn,85.41826923076923,0.5872978660045192,0.7661878600047203
WTM-NN,382,nn,85.36057692307692,0.641775249998318,0.7825386650001747
WTM-NN,383,nn,85.38461538461539,0.5878189460054273,0.7648883880028734
WTM-NN,384,nn,85.32211538461539,0.6398059940038365,0.7797046929990756
WTM-NN,385,nn,85.29807692307692,0.587234273996728,0.7835904829989886
WTM-NN,386,nn,85.28846153846153,0.6384061860007932,0.7787166569978581
WTM-NN,387,nn,85.36538461538463,0.5845912049990147,0.7638803310037474
WTM-NN,388,nn,85.33173076923077,0.6431377409971901,0.7650933429977158
WTM-NN,389,nn,85.38461538461539,0.5900115849944996,0.7787324669989175
WTM-NN,390,nn,85.40384615384615,0.6100923249978223,0.7570126809951034
WTM-NN,391,nn,85.36538461538463,0.5780901209946023,0.7790448809973896
WTM-NN,392,nn,85.44711538461539,0.6289056550012901,0.7895989319949877
WTM-NN,393,nn,85.25961538461539,0.5903781480010366,0.7626411719975295
WTM-NN,394,nn,85.48557692307692,0.5844758349994663,0.7608481510033016
WTM-NN,395,nn,85.30288461538461,0.5275353170000017,0.7834123430002364
WTM-NN,396,nn,85.4375,0.5750913480005693,0.7750590970026678
WTM-NN,397,nn,85.28365384615385,0.5225964030032628,0.7635391279982287
WTM-NN,398,nn,85.48557692307692,0.5756442839992815,0.7587330469978042
WTM-NN,399,nn,85.39903846153845,0.5252378220029641,0.765223034999508
WTM-NN,400,nn,85.33653846153845,0.578910096999607,0.7651123839968932
WTM-NN,401,nn,85.26923076923076,0.5212641660036752,0.7680512939987238
WTM-NN,402,nn,85.3125,0.6291449779964751,0.7700773090036819
WTM-NN,403,nn,85.13461538461539,0.5894948209970607,0.7640118310009711
WTM-NN,404,nn,85.54326923076923,0.5714716009970289,0.7721530490016448
WTM-NN,405,nn,85.40865384615385,0.5286457100010011,0.7719347970050876
WTM-NN,406,nn,85.46153846153847,0.5710111910011619,0.7631110610018368
WTM-NN,407,nn,85.38461538461539,0.5202157580060884,0.7683918949987856
WTM-NN,408,nn,85.33173076923077,0.5806018699950073,0.753321855001559
WTM-NN,409,nn,85.35096153846153,0.5193446350021986,0.7771126349980477
WTM-NN,410,nn,85.40384615384615,0.5719541299986304,0.770760480001627
WTM-NN,411,nn,85.3701923076923,0.5251089010052965,0.7603962540015345
WTM-NN,412,nn,85.42788461538461,0.5751948359975358,0.7616739129953203
WTM-NN,413,nn,85.47596153846155,0.5229743019954185,0.7721874859998934
WTM-NN,414,nn,85.33653846153845,0.5769934399941121,0.7737018700063345
WTM-NN,415,nn,85.36057692307692,0.5208009370035143,0.7686616809951374
WTM-NN,416,nn,85.33173076923077,0.5802536080009304,0.7866162999998778
WTM-NN,417,nn,85.30288461538461,0.5212021519982954,0.7610980440003914
WTM-NN,418,nn,85.20192307692308,0.5752712769972277,0.7742665180048789
WTM-NN,419,nn,85.30288461538461,0.526347163002356,0.7811148630062235
WTM-NN,420,nn,85.27884615384616,0.629323060005845,0.773266162002983
WTM-NN,421,nn,85.32692307692308,0.5210950289983884,0.7634490880009253
WTM-NN,422,nn,85.34134615384616,0.5775654070021119,0.7611394220002694
WTM-NN,423,nn,85.42307692307692,0.5434005390052334,0.7777771210021456
WTM-NN,424,nn,85.29326923076923,0.5717162269938854,0.7641475870041177
WTM-NN,425,nn,85.38942307692308,0.5907398049967014,0.7745273580003413
WTM-NN,426,nn,85.26923076923076,0.640044122999825,0.770663315001002
WTM-NN,427,nn,85.40865384615385,0.5797106489990256,0.7762992050047615
WTM-NN,428,nn,85.30288461538461,0.6191476469975896,0.7789678919943981
WTM-NN,429,nn,85.3125,0.5743252259999281,0.7802779699995881
WTM-NN,430,nn,85.42307692307692,0.6450291559958714,0.766940578003414
WTM-NN,431,nn,85.46153846153847,0.5875205990014365,0.7715902480049408
WTM-NN,432,nn,85.35096153846153,0.6375590279931203,0.7701493370041135
WTM-NN,433,nn,85.55288461538461,0.5892746630051988,0.7654440960031934
WTM-NN,434,nn,85.40384615384615,0.6256271550009842,0.7770446430004085
WTM-NN,435,nn,85.34134615384616,0.5808618200026103,0.7872100599997793
WTM-NN,436,nn,85.44711538461539,0.6465822939935606,0.779528206003306
WTM-NN,437,nn,85.42788461538461,0.5805034920049366,0.7729922529979376
WTM-NN,438,nn,85.26442307692308,0.620416325997212,0.7694649660043069
WTM-NN,439,nn,85.38461538461539,0.5876450899959309,0.7618527510057902
WTM-NN,440,nn,85.36057692307692,0.584828707993438,0.7650875809995341
WTM-NN,441,nn,85.40865384615385,0.5564115430024685,0.7782577710022451
WTM-NN,442,nn,85.27403846153845,0.6245813809946412,0.7725640380012919
WTM-NN,443,nn,85.57692307692307,0.5580730810033856,0.7787821919991984
WTM-NN,444,nn,85.44711538461539,0.6391880279988982,0.7671311820013216
WTM-NN,445,nn,85.36538461538463,0.5875818330023321,0.7656213219961501
WTM-NN,446,nn,85.40384615384615,0.6433547230044496,0.7568731510036741
WTM-NN,447,nn,85.3701923076923,0.5902061050001066,0.7715979499989771
WTM-NN,448,nn,85.29807692307692,0.6286449390026974,0.7575574649963528
WTM-NN,449,nn,85.40865384615385,0.5647123169983388,0.7678312860007281
WTM-NN,450,nn,85.4423076923077,0.5704224740038626,0.7865370240033371
WTM-NN,451,nn,85.34615384615385,0.5250096689997008,0.7626932830025908
WTM-NN,452,nn,85.57211538461539,0.5717242469982011,0.7695209379962762
WTM-NN,453,nn,85.28846153846153,0.5192063650029013,0.7756778210023185
WTM-NN,454,nn,85.2548076923077,0.5785441799962427,0.7625359640005627
WTM-NN,455,nn,85.21153846153847,0.5212333930030582,0.7613917010021396
WTM-NN,456,nn,85.42307692307692,0.5706032470043283,0.7627889290015446
WTM-NN,457,nn,85.47115384615384,0.5638087309998809,0.7647879929936607
WTM-NN,458,nn,85.42788461538461,0.5902332370023942,0.7659992740009329
WTM-NN,459,nn,85.2548076923077,0.5208345249993727,0.7623255779981264
WTM-NN,460,nn,85.3798076923077,0.5799000440019881,0.7635443999970448
WTM-NN,461,nn,85.42307692307692,0.5221700789988972,0.7802154829987558
WTM-NN,462,nn,85.39903846153845,0.5965700669985381,0.7591976430048817
WTM-NN,463,nn,85.17788461538461,0.5657028579953476,0.7617625250059064
WTM-NN,464,nn,85.33653846153845,0.6124795800060383,0.7690932830009842
WTM-NN,465,nn,85.3701923076923,0.5736262540012831,0.7622942660018452
WTM-NN,466,nn,85.4423076923077,0.6157044389983639,0.762391927994031
WTM-NN,467,nn,85.28365384615385,0.5221576350013493,0.7767248360032681
WTM-NN,468,nn,85.25961538461539,0.5748984919991926,0.7738459619940841
WTM-NN,469,nn,85.28846153846153,0.5319959289990948,0.7829903039964847
WTM-NN,470,nn,85.3701923076923,0.5745579590002308,0.7660837709991029
WTM-NN,471,nn,85.4375,0.5257994460043847,0.7697917729965411
WTM-NN,472,nn,85.41826923076923,0.5700772740019602,0.7649180879961932
WTM-NN,473,nn,85.35576923076923,0.5777758510012063,0.7664804050000384
WTM-NN,474,nn,85.28846153846153,0.641416054997535,0.7692635049970704
WTM-NN,475,nn,85.46153846153847,0.5792932819967973,0.7700186209985986
WTM-NN,476,nn,85.40865384615385,0.6418478510022396,0.763755897001829
WTM-NN,477,nn,85.22115384615384,0.5524138779946952,0.7670849040005123
WTM-NN,478,nn,85.34134615384616,0.5748879929960822,0.7673082219989737
WTM-NN,479,nn,85.47115384615384,0.5202808710018871,0.7807718879994354
WTM-NN,480,nn,85.48557692307692,0.5764935810002498,0.7774710140001844
WTM-NN,481,nn,85.47596153846155,0.5220820539980195,0.7734470100040198
WTM-NN,482,nn,85.42788461538461,0.6307766369936871,0.773235756001668
WTM-NN,483,nn,85.4326923076923,0.589056545002677,0.7725165039955755
WTM-NN,484,nn,85.3798076923077,0.6339951030022348,0.783518179996463
WTM-NN,485,nn,85.32692307692308,0.570470357000886,0.7698143870002241
WTM-NN,486,nn,85.3701923076923,0.5801624250016175,0.7708012119983323
WTM-NN,487,nn,85.4375,0.5690141360028065,0.776663495998946
WTM-NN,488,nn,85.38942307692308,0.6041670909980894,0.7655380519936443
WTM-NN,489,nn,85.32211538461539,0.5678863720022491,0.7777571170008741
WTM-NN,490,nn,85.28846153846153,0.6200293880028767,0.7680247280004551
WTM-NN,491,nn,85.40865384615385,0.5818907649954781,0.7675989779963857
WTM-NN,492,nn,85.35096153846153,0.6209915099971113,0.7653316829964751
WTM-NN,493,nn,85.32211538461539,0.5830032579979161,0.7753518760000588
WTM-NN,494,nn,85.39903846153845,0.6304572350054514,0.7737296049963334
WTM-NN,495,nn,85.20673076923076,0.5761672320004436,0.7559914000012213
WTM-NN,496,nn,85.22596153846153,0.5727992699976312,0.7851289589962107
WTM-NN,497,nn,85.38942307692308,0.585800119995838,0.7703534329994
WTM-NN,498,nn,85.42307692307692,0.6264143409935059,0.7785550769986003
WTM-NN,499,nn,85.40384615384615,0.586042205002741,0.7701110989946756
WTM-NN,500,nn,85.38942307692308,0.6368658510036767,0.7616358399973251
UTM-NN,1,tm,69.03846153846153,3.0644479420006974,0.7762670240044827
UTM-NN,2,tm,70.23076923076923,2.798064870003145,0.7959943519963417
UTM-NN,3,tm,71.42788461538461,2.7220933770004194,0.7867381160031073
UTM-NN,4,tm,71.3701923076923,2.6900480889962637,0.7994809829979204
UTM-NN,5,tm,71.67307692307693,2.6679306009973516,0.7802458470032434
UTM-NN,6,tm,71.66346153846153,2.677873089996865,0.7867304100000183
UTM-NN,7,tm,71.78365384615385,2.648198089998914,0.798774050999782
UTM-NN,8,tm,72.20192307692308,2.6774300440010848,0.7764018599991687
UTM-NN,9,tm,72.3173076923077,2.6571539090000442,0.7742918889998691
UTM-NN,10,tm,72.25,2.622846722995746,0.7837049459994887
UTM-NN,11,tm,72.14903846153847,2.656779209006345,0.7879013609999674
UTM-NN,12,tm,72.17307692307692,2.6500680600001942,0.788996364994091
UTM-NN,13,tm,72.48076923076923,2.6331303780025337,0.7760360379979829
UTM-NN,14,tm,72.63461538461539,2.6533300310038612,0.792854567996983
UTM-NN,15,tm,72.92788461538461,2.622499005003192,0.7966456900030607
UTM-NN,16,tm,72.6201923076923,2.629038890998345,0.7906233009998687
UTM-NN,17,tm,72.5576923076923,2.6388172109946026,0.7861289840002428
UTM-NN,18,tm,72.60096153846153,2.6308371259947307,0.7707414460019208
UTM-NN,19,tm,72.79807692307692,2.6446363409995683,0.7985017730024992
UTM-NN,20,tm,72.67788461538461,2.641067580996605,0.7901434890009114
UTM-NN,21,tm,72.83173076923077,2.631422968006518,0.7864418760000262
UTM-NN,22,tm,72.79326923076923,2.6473559419973753,0.7931585690021166
UTM-NN,23,tm,72.66346153846153,2.6202133689948823,0.7807629340022686
UTM-NN,24,tm,72.96153846153847,2.601800013995671,0.7869138809983269
UTM-NN,25,tm,72.64903846153847,2.626850155000284,0.77177546400344
UTM-NN,26,tm,72.9423076923077,2.640811956000107,0.7818652129935799
UTM-NN,27,tm,72.9951923076923,2.6111367150006117,0.7995968609975534
UTM-NN,28,tm,73.03846153846155,2.6088392840028973,0.7999499060024391
UTM-NN,29,tm,72.94711538461539,2.614252530001977,0.7927226850006264
UTM-NN,30,tm,72.64903846153847,2.629577997002343,0.7819649160010158
UTM-NN,31,tm,72.88942307692308,2.6162841669938643,0.7898381910054013
UTM-NN,32,tm,73.0625,2.642983429002925,0.7868370650030556
UTM-NN,33,tm,72.99038461538461,2.6173832819986274,0.7861677830005647
UTM-NN,34,tm,73.1298076923077,2.6098714390027453,0.7805603800006793
UTM-NN,35,tm,72.86538461538463,2.636699017995852,0.772536301999935
UTM-NN,36,tm,72.95673076923077,2.623032082003192,0.787430165000842
UTM-NN,37,tm,73.11057692307692,2.6322685350023676,0.7805196039989823
UTM-NN,38,tm,73.07211538461539,2.6170893520029495,0.7820469169964781
UTM-NN,39,tm,72.6923076923077,2.6101382889974047,0.7937200790038332
UTM-NN,40,tm,73.11538461538461,2.623315136996098,0.7724732509959722
UTM-NN,41,tm,72.78365384615385,2.624585849996947,0.788652381997963
UTM-NN,42,tm,73.26923076923076,2.6092747840011725,0.7912310009996872
UTM-NN,43,tm,73.0625,2.624071541999001,0.7873587510039215
UTM-NN,44,tm,72.92307692307692,2.611298096999235,0.7941956680006115
UTM-NN,45,tm,72.9375,2.631827883000369,0.7784786530028214
UTM-NN,46,tm,73.03846153846155,2.619191691002925,0.7920127739998861
UTM-NN,47,tm,72.95192307692308,2.6097179549979046,0.7860417539995979
UTM-NN,48,tm,73.11057692307692,2.6031514659989625,0.7865177069979836
UTM-NN,49,tm,72.97596153846155,2.6215945559961256,0.7934222409967333
UTM-NN,50,tm,73.10096153846153,2.6128221770050004,0.7663183519980521
UTM-NN,51,tm,72.92788461538461,2.6052134609999484,0.7665662270010216
UTM-NN,52,tm,73.01923076923077,2.621656371993595,0.7686093709999113
UTM-NN,53,tm,72.72115384615384,2.6130357709989767,0.7710470359961619
UTM-NN,54,tm,73.17788461538461,2.612100129997998,0.774452053999994
UTM-NN,55,tm,73.1826923076923,2.628083207004238,0.789488636997703
UTM-NN,56,tm,73.3173076923077,2.6091210759987007,0.7988573539987556
UTM-NN,57,tm,73.13461538461539,2.6301136080001015,0.8021376780015999
UTM-NN,58,tm,73.13942307692308,2.621518912994361,0.7806264340033522
UTM-NN,59,tm,73.11538461538461,2.620371389995853,0.8102315590003855
UTM-NN,60,tm,73.32211538461539,2.6490007629981847,0.7958523699999205
UTM-NN,61,tm,73.41826923076923,2.6213732579999487,0.8030033969989745
UTM-NN,62,tm,73.34615384615385,2.615959714996279,0.7839609360016766
UTM-NN,63,tm,73.38461538461539,2.640749259997392,0.7909148170001572
UTM-NN,64,tm,72.96634615384615,2.6380587739986368,0.7949933769996278
UTM-NN,65,tm,73.23557692307693,2.6229793390011764,0.792506334000791
UTM-NN,66,tm,73.04326923076923,2.6203159030046663,0.7708924519974971
UTM-NN,67,tm,72.75,2.6009456789979595,0.7927347410004586
UTM-NN,68,tm,73.19711538461539,2.6146462600008817,0.7791636809997726
UTM-NN,69,tm,73.15384615384616,2.626906154000608,0.7838464880042011
UTM-NN,70,tm,73.24038461538461,2.63163831300335,0.7864180119941011
UTM-NN,71,tm,73.17788461538461,2.6002593239973066,0.7914866380015155
UTM-NN,72,tm,73.32211538461539,2.6208444479998434,0.779217401999631
UTM-NN,73,tm,73.15865384615384,2.6281362020017696,0.7895288540021284
UTM-NN,74,tm,73.46634615384615,2.6216314350022003,0.7740204430010635
UTM-NN,75,tm,73.26923076923076,2.6268045690012514,0.7894380360012292
UTM-NN,76,tm,73.40865384615385,2.6152272659965092,0.7910426550006378
UTM-NN,77,tm,73.32692307692308,2.617983677002485,0.7820663210004568
UTM-NN,78,tm,73.2451923076923,2.6073268800028018,0.7685014960006811
UTM-NN,79,tm,73.10576923076924,2.618671516000177,0.7780858179976349
UTM-NN,80,tm,73.23557692307693,2.6225823600034346,0.7897130109995487
UTM-NN,81,tm,73.15384615384616,2.6046320289970026,0.7883456569979899
UTM-NN,82,tm,73.3076923076923,2.6378651460036053,0.8025509889994282
UTM-NN,83,tm,73.33653846153845,2.6236383669966017,0.7852368410021882
UTM-NN,84,tm,73.35576923076923,2.6188056799946935,0.7857699759988463
UTM-NN,85,tm,73.48557692307692,2.619875084994419,0.776145939998969
UTM-NN,86,tm,73.3076923076923,2.6095006620016648,0.7952488779992564
UTM-NN,87,tm,73.15384615384616,2.6326953589959885,0.788666940999974
UTM-NN,88,tm,73.11538461538461,2.6018601569958264,0.7802653769977042
UTM-NN,89,tm,73.03846153846155,2.6576713119939086,0.7891186470005778
UTM-NN,90,tm,73.25961538461539,2.6863634699984686,0.7875562170011108
UTM-NN,91,tm,73.28365384615385,2.622798568001599,0.777313228994899
UTM-NN,92,tm,73.09615384615384,2.6264340720008477,0.792557515000226
UTM-NN,93,tm,73.41346153846153,2.625764128002629,0.7830444010032807
UTM-NN,94,tm,73.61538461538461,2.6333362020013737,0.7753894289999153
UTM-NN,95,tm,73.2451923076923,2.639991834999819,0.7924584299980779
UTM-NN,96,tm,73.5048076923077,2.6405777170002693,0.784441727999365
UTM-NN,97,tm,73.4423076923077,2.623277352999139,0.7701643749969662
UTM-NN,98,tm,73.2451923076923,2.6198240890007582,0.7751235760006239
UTM-NN,99,tm,73.2451923076923,2.6383557329972973,0.7809344660054194
UTM-NN,100,tm,73.53365384615384,2.62541488900024,0.773729758002446
UTM-NN,101,tm,73.3701923076923,2.6214367569991737,0.7877529870020226
UTM-NN,102,tm,73.02884615384615,2.623933308001142,0.7864375540011679
UTM-NN,103,tm,73.29807692307693,2.6227421920048073,0.7846718110013171
UTM-NN,104,tm,72.86057692307692,2.6070374609989813,0.7762229879954248
UTM-NN,105,tm,73.04807692307692,2.6361815519994707,0.7822223209950607
UTM-NN,106,tm,73.4375,2.6283776910058805,0.7763668970001163
UTM-NN,107,tm,73.35576923076923,2.6387641039982555,0.7829474009995465
UTM-NN,108,tm,73.46153846153847,2.619235000995104,0.8092601270036539
UTM-NN,109,tm,73.34615384615385,2.596297323005274,0.7916790029994445
UTM-NN,110,tm,73.29326923076923,2.647481271997094,0.7831259390004561
UTM-NN,111,tm,73.34134615384616,2.63368120600353,0.7845131499998388
UTM-NN,112,tm,73.3173076923077,2.650990381000156,0.7970728190048249
UTM-NN,113,tm,73.14423076923077,2.626308760998654,0.7853219190001255
UTM-NN,114,tm,72.83653846153845,2.6230875629989896,0.7866841290015145
UTM-NN,115,tm,72.86057692307692,2.619378030001826,0.7914859680022346
UTM-NN,116,tm,73.05288461538461,2.614586297000642,0.7758473760040943
UTM-NN,117,tm,73.35576923076923,2.6214382329999353,0.7866959309976664
UTM-NN,118,tm,73.46153846153847,2.641811298999528,0.7870588650039281
UTM-NN,119,tm,73.36538461538461,2.6252282860004925,0.7984291410029982
UTM-NN,120,tm,73.3701923076923,2.629880040003627,0.7893067190016154
UTM-NN,121,tm,73.3173076923077,2.624660829998902,0.7878915010005585
UTM-NN,122,tm,73.42307692307692,2.6271775269997306,0.7774995739964652
UTM-NN,123,tm,73.21153846153847,2.639300226001069,0.7807895369987818
UTM-NN,124,tm,73.13942307692308,2.6038019210027414,0.7859641169998213
UTM-NN,125,tm,73.10096153846153,2.6178237090061884,0.7988105500044185
UTM-NN,126,tm,73.3701923076923,2.6285678109998116,0.782844435001607
UTM-NN,127,tm,73.1826923076923,2.6299285519999103,0.7917873839978711
UTM-NN,128,tm,73.22115384615384,2.6196245169994654,0.7933617890012101
UTM-NN,129,tm,73.39423076923077,2.6277032119978685,0.7831759149994468
UTM-NN,130,tm,73.3701923076923,2.6386055019975174,0.7928741549985716
UTM-NN,131,tm,73.3701923076923,2.6278582950035343,0.7950612160057062
UTM-NN,132,tm,73.5576923076923,2.64338276500348,0.7876747779955622
UTM-NN,133,tm,73.53846153846155,2.6238933019994874,0.7932544329960365
UTM-NN,134,tm,73.51923076923077,2.6087108259962406,0.7820216519976384
UTM-NN,135,tm,73.42788461538461,2.6173816969967447,0.7686859099994763
UTM-NN,136,tm,73.3173076923077,2.6229019020029227,0.7700209850008832
UTM-NN,137,tm,73.26442307692308,2.641422362998128,0.7758344869944267
UTM-NN,138,tm,73.14423076923077,2.618608304997906,0.7755851010006154
UTM-NN,139,tm,73.63942307692307,2.6237343569955556,0.7791454370017163
UTM-NN,140,tm,73.51442307692308,2.622672613004397,0.7722528189988225
UTM-NN,141,tm,73.40384615384615,2.6249785629988764,0.7895146090013441
UTM-NN,142,tm,73.42307692307692,2.6207023520037183,0.7928484860021854
UTM-NN,143,tm,73.39423076923077,2.6496551249947515,0.7829091699968558
UTM-NN,144,tm,73.38942307692308,2.651285314001143,0.7769822710033623
UTM-NN,145,tm,73.42307692307692,2.652695839002263,0.7798128270005691
UTM-NN,146,tm,73.29326923076923,2.631253162995563,0.7810596560011618
UTM-NN,147,tm,73.32211538461539,2.609742393004126,0.7758293529986986
UTM-NN,148,tm,73.2548076923077,2.6077200020008604,0.7930671489957604
UTM-NN,149,tm,73.47115384615385,2.628124269998807,0.7942173319970607
UTM-NN,150,tm,73.34134615384616,2.627187835998484,0.7900963569991291
UTM-NN,151,nn,76.89423076923076,0.5339952669964987,0.8267971219975152
UTM-NN,152,nn,77.57211538461539,0.5912914489963441,0.8337630059977528
UTM-NN,153,nn,77.91826923076923,0.5754256239961251,0.8256718159973389
UTM-NN,154,nn,78.08173076923077,0.6260621290057315,0.8289182959997561
UTM-NN,155,nn,78.2548076923077,0.5791907090024324,0.8192198519973317
UTM-NN,156,nn,78.35576923076924,0.6427590949970181,0.8327632270011236
UTM-NN,157,nn,78.4951923076923,0.5638154039988876,0.8400635379948653
UTM-NN,158,nn,78.59134615384616,0.6142440659968997,0.8231194319960196
UTM-NN,159,nn,78.60096153846153,0.5189437509980053,0.8389252169945394
UTM-NN,160,nn,78.58653846153845,0.6198022709941142,0.8311377289937809
UTM-NN,161,nn,78.65384615384615,0.5872968670009868,0.823196053999709
UTM-NN,162,nn,78.8125,0.6301124120000168,0.8239164749975316
UTM-NN,163,nn,78.78365384615384,0.5995818020019215,0.8241503460012609
UTM-NN,164,nn,78.76923076923077,0.5919160689954879,0.8252280460001202
UTM-NN,165,nn,78.77403846153847,0.5211785860010423,0.8275369889961439
UTM-NN,166,nn,78.72596153846155,0.5705358519990114,0.8227346099956776
UTM-NN,167,nn,78.8076923076923,0.5749571900014416,0.8165030319942161
UTM-NN,168,nn,78.8173076923077,0.6278658230003202,0.8253874209985952
UTM-NN,169,nn,78.71153846153847,0.5865191859993502,0.8291907890015864
UTM-NN,170,nn,78.83653846153847,0.6358212010018178,0.8190816060014185
UTM-NN,171,nn,78.72596153846155,0.5658217360032722,0.832838003996585
UTM-NN,172,nn,78.92307692307692,0.627491844999895,0.8252270579978358
UTM-NN,173,nn,78.77403846153847,0.5824996980009018,0.8224092150048818
UTM-NN,174,nn,78.80288461538461,0.6254540070003713,0.8213462540006731
UTM-NN,175,nn,78.71634615384615,0.5876246059997356,0.830084684996109
UTM-NN,176,nn,78.70673076923077,0.6068042250044527,0.8290582400004496
UTM-NN,177,nn,78.67788461538461,0.5983519169967622,0.8297043109996594
UTM-NN,178,nn,78.77403846153847,0.6160725099980482,0.8329013300026418
UTM-NN,179,nn,78.78365384615384,0.5341896629979601,0.8261250240029767
UTM-NN,180,nn,78.7548076923077,0.6383534979977412,0.8240535929944599
UTM-NN,181,nn,78.77884615384615,0.5355723449974903,0.8364661560044624
UTM-NN,182,nn,78.78846153846155,0.6282498239961569,0.8112999540026067
UTM-NN,183,nn,78.76923076923077,0.5714691850007512,0.8148597330000484
UTM-NN,184,nn,78.8076923076923,0.6132158100008382,0.8197898689977592
UTM-NN,185,nn,78.78365384615384,0.5605909829973825,0.8223848340057884
UTM-NN,186,nn,78.625,0.611663014999067,0.8402139569952851
UTM-NN,187,nn,78.50961538461539,0.5820994269961375,0.8167176159986411
UTM-NN,188,nn,78.8798076923077,0.6417103940038942,0.8338644359973841
UTM-NN,189,nn,78.71153846153847,0.5886526410031365,0.8073375840031076
UTM-NN,190,nn,78.8076923076923,0.6251024809971568,0.801554537996708
UTM-NN,191,nn,78.79807692307692,0.536256614002923,0.8207032209975296
UTM-NN,192,nn,78.85096153846153,0.5664813140028855,0.8197022489985102
UTM-NN,193,nn,78.8125,0.5262782689969754,0.8091211509963614
UTM-NN,194,nn,78.5673076923077,0.6296990519986139,0.8121471210033633
UTM-NN,195,nn,78.78846153846155,0.5863917870010482,0.8219893880013842
UTM-NN,196,nn,78.77884615384615,0.6423063990005176,0.8126076429980458
UTM-NN,197,nn,78.92788461538461,0.5905960340023739,0.8095740930002648
UTM-NN,198,nn,78.78846153846155,0.6465326590041514,0.8104086719977204
UTM-NN,199,nn,78.71634615384615,0.5347085550019983,0.8174340519981342
UTM-NN,200,nn,78.70673076923077,0.6255777549959021,0.812445833995298
UTM-NN,201,nn,78.75961538461539,0.5744640260018059,0.816058817996236
UTM-NN,202,nn,78.7451923076923,0.6387247149978066,0.8116527320016758
UTM-NN,203,nn,78.72115384615384,0.5527383160006138,0.8205195019982057
UTM-NN,204,nn,78.78846153846155,0.6387398379956721,0.8132787409995217
UTM-NN,205,nn,78.84134615384616,0.5816387469967594,0.827881935001642
UTM-NN,206,nn,78.72115384615384,0.634051864995854,0.8114006050018361
UTM-NN,207,nn,78.71634615384615,0.5648126680025598,0.8225455470019369
UTM-NN,208,nn,78.82211538461539,0.628898693001247,0.8374179320016992
UTM-NN,209,nn,78.71634615384615,0.5831239949984592,0.8107537390023936
UTM-NN,210,nn,78.79326923076924,0.617518237006152,0.8137106710055377
UTM-NN,211,nn,78.8125,0.5626371109974571,0.8155781490058871
UTM-NN,212,nn,78.75961538461539,0.6307259889945271,0.8248056130032637
UTM-NN,213,nn,78.8173076923077,0.5659582410007715,0.8141796060008346
UTM-NN,214,nn,78.7451923076923,0.6313805800018599,0.8093879120060592
UTM-NN,215,nn,78.69711538461537,0.5721830929978751,0.8244974219996948
UTM-NN,216,nn,78.8125,0.640190772995993,0.8079319299940835
UTM-NN,217,nn,78.76442307692308,0.5749215870018816,0.8138255579979159
UTM-NN,218,nn,78.80288461538461,0.5780073670030106,0.8163464480021503
UTM-NN,219,nn,78.75961538461539,0.5164439600048354,0.8091812700004084
UTM-NN,220,nn,78.8076923076923,0.573063126001216,0.8056661810041987
UTM-NN,221,nn,78.8173076923077,0.5425716629979433,0.8219387179997284
UTM-NN,222,nn,78.79807692307692,0.5936711649992503,0.8163112299953355
UTM-NN,223,nn,78.7451923076923,0.5229155400011223,0.8107469259994105
UTM-NN,224,nn,78.5576923076923,0.6208890369962319,0.8110641780003789
UTM-NN,225,nn,78.86057692307692,0.5898335509991739,0.8173087210016092
UTM-NN,226,nn,78.58173076923077,0.5825252680006088,0.8134286659987993
UTM-NN,227,nn,78.84615384615384,0.5235647049994441,0.817740213999059
UTM-NN,228,nn,78.75,0.6127093989998684,0.8196324050004478
UTM-NN,229,nn,78.75,0.5886239809988183,0.8057142129982822
UTM-NN,230,nn,78.8798076923077,0.5821249849977903,0.8277972020005109
UTM-NN,231,nn,78.7548076923077,0.572631688999536,0.8224708099951386
UTM-NN,232,nn,78.78365384615384,0.6392356699943775,0.8150919460022124
UTM-NN,233,nn,78.74038461538461,0.5749347550008679,0.8110460730022169
UTM-NN,234,nn,78.8076923076923,0.6433360809969599,0.8186288729993976
UTM-NN,235,nn,78.70673076923077,0.5663928479989409,0.8283006779965945
UTM-NN,236,nn,78.79326923076924,0.6173022329967353,0.8142311580013484
UTM-NN,237,nn,78.82692307692307,0.574074552001548,0.8239471439956105
UTM-NN,238,nn,78.72115384615384,0.5713642199989408,0.8252116630028468
UTM-NN,239,nn,78.83173076923077,0.587370795001334,0.8237068460002774
UTM-NN,240,nn,78.58653846153845,0.6295721509959549,0.8297205589988152
UTM-NN,241,nn,78.76442307692308,0.5278715169988573,0.8302816880022874
UTM-NN,242,nn,78.76442307692308,0.5688467020008829,0.8226867920020595
UTM-NN,243,nn,78.86057692307692,0.5264104980014963,0.8264798169984715
UTM-NN,244,nn,78.78365384615384,0.6391381539942813,0.8330479249998461
UTM-NN,245,nn,78.6923076923077,0.5819323959949543,0.8418424920018879
UTM-NN,246,nn,78.75961538461539,0.6173010580023401,0.823030216000916
UTM-NN,247,nn,78.6826923076923,0.5598238090024097,0.8183459119973122
UTM-NN,248,nn,78.85096153846153,0.6269939089979744,0.8322839359971113
UTM-NN,249,nn,78.75,0.5843747399994754,0.8261618670003372
UTM-NN,250,nn,78.8798076923077,0.6237504919990897,0.8260164520033868
UTM-NN,251,nn,78.83173076923077,0.5847341890039388,0.8288056680030422
UTM-NN,252,nn,78.78846153846155,0.6279907999996794,0.817356211002334
UTM-NN,253,nn,78.72115384615384,0.5682352770018042,0.826791448998847
UTM-NN,254,nn,78.77884615384615,0.6172570539929438,0.8303383720049169
UTM-NN,255,nn,78.6875,0.5665885849957704,0.8257255400021677
UTM-NN,256,nn,78.8798076923077,0.6083852590018068,0.8199812159946305
UTM-NN,257,nn,78.82692307692307,0.5229615759963053,0.8356714780020411
UTM-NN,258,nn,78.8173076923077,0.6308305280035711,0.8201309430005495
UTM-NN,259,nn,78.83653846153847,0.5640965349957696,0.8400728720007464
UTM-NN,260,nn,78.77884615384615,0.6300955029946635,0.8314840639941394
UTM-NN,261,nn,78.88461538461539,0.5848218750033993,0.8157714350018068
UTM-NN,262,nn,78.78846153846155,0.6031648350035539,0.820657324999047
UTM-NN,263,nn,78.78846153846155,0.5401590740002575,0.8249671249941457
UTM-NN,264,nn,78.82211538461539,0.626571173001139,0.8265375310002128
UTM-NN,265,nn,78.74038461538461,0.575250040004903,0.8251190680020954
UTM-NN,266,nn,78.66826923076923,0.6305138790048659,0.8350970769970445
UTM-NN,267,nn,78.625,0.5824961000034818,0.8236984739996842
UTM-NN,268,nn,78.54326923076923,0.6370024999996531,0.8212601960040047
UTM-NN,269,nn,78.71634615384615,0.5784079349978128,0.8134180990018649
UTM-NN,270,nn,78.8125,0.6220576240011724,0.8210185369971441
UTM-NN,271,nn,78.83173076923077,0.5222521620016778,0.8216750950014102
UTM-NN,272,nn,78.8125,0.5813919479987817,0.8261457039989182
UTM-NN,273,nn,78.75,0.522884994999913,0.8136400710063754
UTM-NN,274,nn,78.8076923076923,0.6386827979949885,0.807850352000969
UTM-NN,275,nn,78.70192307692308,0.5693435790017247,0.8116435379997711
UTM-NN,276,nn,78.875,0.6306046359968605,0.810702028000378
UTM-NN,277,nn,78.63461538461539,0.5928260560031049,0.8193089179985691
UTM-NN,278,nn,78.77884615384615,0.652837608999107,0.8096336719972896
UTM-NN,279,nn,78.75,0.5877091290021781,0.817711303003307
UTM-NN,280,nn,78.71153846153847,0.6407063030055724,0.8081664950004779
UTM-NN,281,nn,78.83653846153847,0.5347432420021505,0.8199519909976516
UTM-NN,282,nn,78.82211538461539,0.570694319998438,0.8244071640001494
UTM-NN,283,nn,78.79326923076924,0.5172788679992664,0.8230728969938355
UTM-NN,284,nn,78.82692307692307,0.5769149780026055,0.8284621389975655
UTM-NN,285,nn,78.77403846153847,0.5221028300002217,0.8303089479959453
UTM-NN,286,nn,78.67788461538461,0.6215576280010282,0.8239695630036294
UTM-NN,287,nn,78.70673076923077,0.5706439750065329,0.8222115469980054
UTM-NN,288,nn,78.7548076923077,0.6243505079983152,0.8143581580006867
UTM-NN,289,nn,78.7451923076923,0.5761790100004873,0.8203965420034365
UTM-NN,290,nn,78.77884615384615,0.6229691359985736,0.813377186001162
UTM-NN,291,nn,78.65865384615385,0.5899861080033588,0.8248188929937896
UTM-NN,292,nn,78.66346153846155,0.6210033180032042,0.8367837569967378
UTM-NN,293,nn,78.71634615384615,0.5807799449976301,0.8054495169999427
UTM-NN,294,nn,78.63942307692308,0.6229717239984893,0.8182127089967253
UTM-NN,295,nn,78.90865384615384,0.5749149679977563,0.8119742319977377
UTM-NN,296,nn,78.76923076923077,0.635178131997236,0.8221978550063795
UTM-NN,297,nn,78.64903846153845,0.5295634510039235,0.8268618389993208
UTM-NN,298,nn,78.76923076923077,0.6420820790008293,0.8083511919976445
UTM-NN,299,nn,78.79807692307692,0.5212199099987629,0.8113086260054843
UTM-NN,300,nn,78.71634615384615,0.6341137690033065,0.8135643719942891
UTM-NN,301,nn,78.80288461538461,0.5252977709969855,0.8149051630025497
UTM-NN,302,nn,78.80288461538461,0.6297417880050489,0.8319609089958249
UTM-NN,303,nn,78.79326923076924,0.5447373779970803,0.8308568799984641
UTM-NN,304,nn,78.77884615384615,0.6277382679982111,0.8275692609968246
UTM-NN,305,nn,78.64903846153845,0.5224847339995904,0.8288564680042327
UTM-NN,306,nn,78.8173076923077,0.5841860029977397,0.8254801509974641
UTM-NN,307,nn,78.72115384615384,0.5329911829976481,0.8326373189993319
UTM-NN,308,nn,78.76442307692308,0.6397446240007412,0.814538819999143
UTM-NN,309,nn,78.78846153846155,0.5763864930049749,0.8198228339970228
UTM-NN,310,nn,78.72596153846155,0.6302684719994431,0.8264643349975813
UTM-NN,311,nn,78.69711538461537,0.532995816996845,0.8214651910020621
UTM-NN,312,nn,78.8076923076923,0.6395397250016686,0.8161163650001981
UTM-NN,313,nn,78.79807692307692,0.5907718499947805,0.8095603049951023
UTM-NN,314,nn,78.72115384615384,0.6316572549985722,0.8187897199968575
UTM-NN,315,nn,78.82692307692307,0.5901059829993756,0.8281110230018385
UTM-NN,316,nn,78.47596153846153,0.6175703529952443,0.8145070929967915
UTM-NN,317,nn,78.84615384615384,0.556343864001974,0.8155637319941889
UTM-NN,318,nn,78.80288461538461,0.6389810760010732,0.8169714239993482
UTM-NN,319,nn,78.72596153846155,0.5736230190013885,0.8131389349946403
UTM-NN,320,nn,78.8173076923077,0.5747112860044581,0.7968642519990681
UTM-NN,321,nn,78.80288461538461,0.5207569069971214,0.8126187719972222
UTM-NN,322,nn,78.78846153846155,0.5763635429975693,0.8163700379955117
UTM-NN,323,nn,78.76442307692308,0.5188392319978448,0.8110837829954107
UTM-NN,324,nn,78.86057692307692,0.5689987809964805,0.8141555270049139
UTM-NN,325,nn,78.83173076923077,0.5282478619992617,0.8141134020042955
UTM-NN,326,nn,78.77884615384615,0.5729904160034494,0.8103484380044392
UTM-NN,327,nn,78.82692307692307,0.5187440640002023,0.8153251870025997
UTM-NN,328,nn,78.76923076923077,0.5772350050028763,0.8166108849982265
UTM-NN,329,nn,78.75961538461539,0.5235742430013488,0.8347662320011295
UTM-NN,330,nn,78.77884615384615,0.6329931189975468,0.8417143879996729
UTM-NN,331,nn,78.69711538461537,0.584676935999596,0.8174699259980116
UTM-NN,332,nn,78.8076923076923,0.6365519739993033,0.8261995960056083
UTM-NN,333,nn,78.76442307692308,0.5767106709972722,0.8212869510025484
UTM-NN,334,nn,78.77403846153847,0.6278458279994084,0.8207261749994359
UTM-NN,335,nn,78.79807692307692,0.5728317440007231,0.8172693379965494
UTM-NN,336,nn,78.72115384615384,0.5973796059988672,0.8237362020008732
UTM-NN,337,nn,78.80288461538461,0.5593740640033502,0.8246755820000544
UTM-NN,338,nn,78.57211538461539,0.5822408710009768,0.8221573939954396
UTM-NN,339,nn,78.85096153846153,0.5181598649942316,0.8363236279983539
UTM-NN,340,nn,78.72596153846155,0.5772642279989668,0.8216282569992472
UTM-NN,341,nn,78.8125,0.5195321490027709,0.8124210819951259
UTM-NN,342,nn,78.74038461538461,0.569913135994284,0.8176047269953415
UTM-NN,343,nn,78.77403846153847,0.535070703997917,0.8328643499989994
UTM-NN,344,nn,78.75961538461539,0.5702775949976058,0.8249883949974901
UTM-NN,345,nn,78.8173076923077,0.519253717000538,0.807313368000905
UTM-NN,346,nn,78.71634615384615,0.5760456040006829,0.8193918249962735
UTM-NN,347,nn,78.73557692307692,0.598120647999167,0.8048647609975887
UTM-NN,348,nn,78.76442307692308,0.595173234003596,0.8336001650022808
UTM-NN,349,nn,78.80288461538461,0.5717811230060761,0.8185435030027293
UTM-NN,350,nn,78.91346153846153,0.6333534020013758,0.8167754660025821
UTM-NN,351,nn,78.84134615384616,0.5512331780046225,0.8255760910033132
UTM-NN,352,nn,78.72596153846155,0.6416331190048368,0.8096549830006552
UTM-NN,353,nn,78.8076923076923,0.5229179540037876,0.8219707399985055
UTM-NN,354,nn,78.8125,0.6041609849999077,0.8310135310020996
UTM-NN,355,nn,78.76442307692308,0.5941603120008949,0.821902454001247
UTM-NN,356,nn,78.76442307692308,0.5789091610058676,0.8029422190011246
UTM-NN,357,nn,78.82211538461539,0.5221649599989178,0.8345395290016313
UTM-NN,358,nn,78.7548076923077,0.5728468620000058,0.8095533720043022
UTM-NN,359,nn,78.77884615384615,0.5213788700057194,0.8081682219999493
UTM-NN,360,nn,78.75961538461539,0.6294838129979325,0.8248400980010047
UTM-NN,361,nn,78.6875,0.5829827720008325,0.8190528420018381
UTM-NN,362,nn,78.7548076923077,0.6364916019956581,0.8124312330037355
UTM-NN,363,nn,78.73076923076923,0.5686048909992678,0.8080057719998877
UTM-NN,364,nn,78.85576923076924,0.6260450929985382,0.8279492769943317
UTM-NN,365,nn,78.66826923076923,0.5798627949989168,0.8295083839984727
UTM-NN,366,nn,78.8798076923077,0.6369084199977806,0.8225265470027807
UTM-NN,367,nn,78.79326923076924,0.5855635129992152,0.8245760299978429
UTM-NN,368,nn,78.72596153846155,0.6153844349973951,0.8480810610053595
UTM-NN,369,nn,78.76923076923077,0.5929980330038234,0.8284852939978009
UTM-NN,370,nn,78.63461538461539,0.6342968169992673,0.8375058640012867
UTM-NN,371,nn,78.6923076923077,0.5288145390004502,0.8179103930015117
UTM-NN,372,nn,78.79807692307692,0.6336146239991649,0.8319727319976664
UTM-NN,373,nn,78.75961538461539,0.5884138289984548,0.8498171420069411
UTM-NN,374,nn,78.72596153846155,0.6381346279958962,0.832188116000907
UTM-NN,375,nn,78.79326923076924,0.5650089330010815,0.8293219480037806
UTM-NN,376,nn,78.83653846153847,0.5730265419988427,0.8319294159955462
UTM-NN,377,nn,78.86057692307692,0.5184882129979087,0.8383500409981934
UTM-NN,378,nn,78.8173076923077,0.5806772209980409,0.8358816269974341
UTM-NN,379,nn,78.75961538461539,0.5918418779983767,0.8308892040004139
UTM-NN,380,nn,78.77403846153847,0.628097604996583,0.820803808994242
UTM-NN,381,nn,78.82211538461539,0.5473953479959164,0.825709058000939
UTM-NN,382,nn,78.77884615384615,0.5805153879991849,0.8220023100002436
UTM-NN,383,nn,78.72596153846155,0.5487126909938524,0.8345959760044934
UTM-NN,384,nn,78.80288461538461,0.6344560080033261,0.8310264890023973
UTM-NN,385,nn,78.70192307692308,0.5917892809957266,0.8362639889965067
UTM-NN,386,nn,78.6875,0.638124061995768,0.8384264370033634
UTM-NN,387,nn,78.7451923076923,0.5827755069985869,0.830756178998854
UTM-NN,388,nn,78.77403846153847,0.6446364909934346,0.8330782289995113
UTM-NN,389,nn,78.6875,0.5872976900063804,0.8257687619989156
UTM-NN,390,nn,78.73076923076923,0.6434340000050724,0.8346891120017972
UTM-NN,391,nn,78.70673076923077,0.5869740580019425,0.8260253900007228
UTM-NN,392,nn,78.74038461538461,0.6322672469977988,0.8221832230046857
UTM-NN,393,nn,78.75961538461539,0.5778389949991833,0.822691085995757
UTM-NN,394,nn,78.73076923076923,0.5960435640008654,0.8390374419977888
UTM-NN,395,nn,78.67788461538461,0.527978368998447,0.834215792005125
UTM-NN,396,nn,78.74038461538461,0.5718199580005603,0.8342404880022514
UTM-NN,397,nn,78.63461538461539,0.5779483139995136,0.8322227669996209
UTM-NN,398,nn,78.8125,0.631932506999874,0.817749294998066
UTM-NN,399,nn,78.8125,0.5814606499989168,0.8302485060048639
UTM-NN,400,nn,78.84615384615384,0.6359013660039636,0.8393255170012708
UTM-NN,401,nn,78.76442307692308,0.5832144380037789,0.8225725070005865
UTM-NN,402,nn,78.90384615384616,0.638114029999997,0.8380954909953289
UTM-NN,403,nn,78.78365384615384,0.5737692260008771,0.8493564720047289
UTM-NN,404,nn,78.71634615384615,0.6413012970006093,0.8192038340057479
UTM-NN,405,nn,78.71634615384615,0.5872467980007059,0.8223711000027834
UTM-NN,406,nn,78.73557692307692,0.604461816001276,0.8444368559939903
UTM-NN,407,nn,78.65865384615385,0.5748806490009883,0.8297381570009748
UTM-NN,408,nn,78.75,0.6380405249947216,0.8244553100012126
UTM-NN,409,nn,78.82211538461539,0.5887674460027483,0.8232730380041176
UTM-NN,410,nn,78.91346153846153,0.6365567809989443,0.8273686279935646
UTM-NN,411,nn,78.8173076923077,0.57931508099864,0.8288978549971944
UTM-NN,412,nn,78.85576923076924,0.640573102995404,0.8379032820012071
UTM-NN,413,nn,78.80288461538461,0.5842909530038014,0.8239818829970318
UTM-NN,414,nn,78.72115384615384,0.6330129170019063,0.8271912240015808
UTM-NN,415,nn,78.80288461538461,0.5744280919971061,0.8287964279952575
UTM-NN,416,nn,78.82692307692307,0.6288566809962504,0.8268288630060852
UTM-NN,417,nn,78.71153846153847,0.5801006249967031,0.8277331320059602
UTM-NN,418,nn,78.64903846153845,0.6194837450020714,0.8238226619941997
UTM-NN,419,nn,78.72596153846155,0.5973364500023308,0.8014915539970389
UTM-NN,420,nn,78.57692307692308,0.5962748659949284,0.8161293910015956
UTM-NN,421,nn,78.72115384615384,0.5191287189954892,0.8118426480068592
UTM-NN,422,nn,78.70192307692308,0.5697401980069117,0.8126806000000215
UTM-NN,423,nn,78.67788461538461,0.5842846550003742,0.8119945110011031
UTM-NN,424,nn,78.73076923076923,0.6395623119969969,0.8131338829989545
UTM-NN,425,nn,78.65384615384615,0.579450466997514,0.8264600780021283
UTM-NN,426,nn,78.77884615384615,0.631772993998311,0.8104406869970262
UTM-NN,427,nn,78.77884615384615,0.569492659997195,0.8257896549985162
UTM-NN,428,nn,78.80288461538461,0.6340085030024056,0.8299210089971893
UTM-NN,429,nn,78.8173076923077,0.5753250220004702,0.8160584180004662
UTM-NN,430,nn,78.6298076923077,0.6399469340030919,0.8292254150001099
UTM-NN,431,nn,78.73557692307692,0.5872735989978537,0.81506235699635
UTM-NN,432,nn,78.80288461538461,0.6265771329999552,0.8207754380055121
UTM-NN,433,nn,78.74038461538461,0.5317019529975369,0.8236254650037154
UTM-NN,434,nn,78.70192307692308,0.5698539359946153,0.8273844889990869
UTM-NN,435,nn,78.8173076923077,0.5257942840034957,0.8204424399955315
UTM-NN,436,nn,78.78365384615384,0.6537795109979925,0.8226505839993479
UTM-NN,437,nn,78.79807692307692,0.5804694280013791,0.8238191210039076
UTM-NN,438,nn,78.77403846153847,0.6363255440010107,0.8089636779986904
UTM-NN,439,nn,78.78846153846155,0.5880474800069351,0.8143937029963126
UTM-NN,440,nn,78.75961538461539,0.5715789719979512,0.8165023959954851
UTM-NN,441,nn,78.83653846153847,0.5187556669989135,0.8064477760053705
UTM-NN,442,nn,78.75961538461539,0.5911815330036916,0.8221990579986596
UTM-NN,443,nn,78.79807692307692,0.5214956010022433,0.8136195590050193
UTM-NN,444,nn,78.64903846153845,0.6288703359969077,0.8202240340033313
UTM-NN,445,nn,78.83653846153847,0.5426556700040237,0.8212712829990778
UTM-NN,446,nn,78.89423076923077,0.5724813280030503,0.8254191529995296
UTM-NN,447,nn,78.90384615384616,0.5184206209960394,0.8285720940039027
UTM-NN,448,nn,78.70673076923077,0.6067755760013824,0.8204674369990244
UTM-NN,449,nn,78.67788461538461,0.5759838029989623,0.8072540529974503
UTM-NN,450,nn,78.74038461538461,0.6358193420019234,0.8132098419955582
UTM-NN,451,nn,78.75961538461539,0.578380905004451,0.8221142260008492
UTM-NN,452,nn,78.83173076923077,0.6300550929954625,0.8198377609951422
UTM-NN,453,nn,78.63461538461539,0.544257497000217,0.8087947890016949
UTM-NN,454,nn,78.79326923076924,0.5756366700006765,0.821881376003148
UTM-NN,455,nn,78.73076923076923,0.5856171060004272,0.8294216369977221
UTM-NN,456,nn,78.85096153846153,0.6361021359989536,0.8190841220057337
UTM-NN,457,nn,78.75,0.5878541639976902,0.8136648270010483
UTM-NN,458,nn,78.8076923076923,0.6394015670011868,0.8107237990043359
UTM-NN,459,nn,78.78365384615384,0.5761906640036614,0.8412894600041909
UTM-NN,460,nn,78.78365384615384,0.6014923929978977,0.8425778999953764
UTM-NN,461,nn,78.84615384615384,0.5272162010005559,0.831023170001572
UTM-NN,462,nn,78.58173076923077,0.5723447429991211,0.8290616619997309
UTM-NN,463,nn,78.80288461538461,0.5631385509987012,0.8194041669994476
UTM-NN,464,nn,78.85096153846153,0.6109189569979208,0.818015948003449
UTM-NN,465,nn,78.76442307692308,0.5212355820040102,0.8255776190053439
UTM-NN,466,nn,78.7548076923077,0.5709246249971329,0.8334228730018367
UTM-NN,467,nn,78.76923076923077,0.5279501330005587,0.835793835001823
UTM-NN,468,nn,78.64903846153845,0.5913705470011337,0.8226985119981691
UTM-NN,469,nn,78.79326923076924,0.5210795609964407,0.8173881449984037
UTM-NN,470,nn,78.6826923076923,0.5795010060028289,0.8304683250025846
UTM-NN,471,nn,78.74038461538461,0.5215205550048267,0.8353429150010925
UTM-NN,472,nn,78.71634615384615,0.5843391089947545,0.8182745130034164
UTM-NN,473,nn,78.70673076923077,0.5273812960003852,0.8196160049992613
UTM-NN,474,nn,78.74038461538461,0.5751779899946996,0.8215803340062848
UTM-NN,475,nn,78.6826923076923,0.5916725460047019,0.8275910259981174
UTM-NN,476,nn,78.69711538461537,0.609542202000739,0.8249437869963003
UTM-NN,477,nn,78.76442307692308,0.5190549150065635,0.8346059620016604
UTM-NN,478,nn,78.77884615384615,0.5771011780016124,0.8236840719982865
UTM-NN,479,nn,78.70192307692308,0.5894677499964018,0.8304846750033903
UTM-NN,480,nn,78.69711538461537,0.5791870300017763,0.8340937070024665
UTM-NN,481,nn,78.79807692307692,0.5579851360016619,0.8206996910012094
UTM-NN,482,nn,78.72596153846155,0.6437733409984503,0.818724826000107
UTM-NN,483,nn,78.78365384615384,0.5810894980022567,0.8264738029974978
UTM-NN,484,nn,78.80288461538461,0.6333707650046563,0.8279836459987564
UTM-NN,485,nn,78.7548076923077,0.5914763300024788,0.8226090959942667
UTM-NN,486,nn,78.42307692307692,0.634987835001084,0.8190371859964216
UTM-NN,487,nn,78.69711538461537,0.5815325860021403,0.8229003439992084
UTM-NN,488,nn,78.75,0.6355140439991374,0.8237499960014247
UTM-NN,489,nn,78.73076923076923,0.5844274629998836,0.8204319220021716
UTM-NN,490,nn,78.75,0.6385847000055946,0.8227302000013879
UTM-NN,491,nn,78.72596153846155,0.5692798439995386,0.829240329003369
UTM-NN,492,nn,78.7548076923077,0.5876710140000796,0.8300779660057742
UTM-NN,493,nn,78.75961538461539,0.5204278669989435,0.8343026910006301
UTM-NN,494,nn,78.8125,0.5722095219971379,0.8213227419983014
UTM-NN,495,nn,78.84134615384616,0.5281667309973272,0.8216530520003289
UTM-NN,496,nn,78.72596153846155,0.5761018210032489,0.8272355559965945
UTM-NN,497,nn,78.8173076923077,0.5187954509965493,0.8252454530011164
UTM-NN,498,nn,78.77403846153847,0.6086054740007967,0.8212413380024373
UTM-NN,499,nn,78.89903846153847,0.5305908560039825,0.8212184289950528
UTM-NN,500,nn,78.76923076923077,0.6229029230016749,0.8194520050019491
