method,epoch,model_type,test_accuracy,train_time,test_time
UTM,1,tm,79.03,0.4740243169999303,0.0632561069996882
UTM,2,tm,78.86,0.43376582299970323,0.06358315599982234
UTM,3,tm,79.77,0.42573282500006826,0.06406321900021794
UTM,4,tm,79.74,0.43119163900018975,0.06451452999999674
UTM,5,tm,79.86999999999999,0.4335993560002862,0.06455847100005485
UTM,6,tm,80.33,0.4284528660000433,0.0638551560000451
UTM,7,tm,80.28,0.41941267399988647,0.06415576700010206
UTM,8,tm,80.19,0.42411839799979134,0.06429480799988596
UTM,9,tm,80.5,0.42761283700019703,0.06371933999980683
UTM,10,tm,80.22,0.41367807300002823,0.06343066899989935
UTM,11,tm,80.38,0.417663378999805,0.06419331999995848
UTM,12,tm,80.57,0.41436862099999416,0.06407640800034642
UTM,13,tm,80.63,0.4131007519999912,0.06359281599998212
UTM,14,tm,80.38,0.4174731210000573,0.06403872400005639
UTM,15,tm,80.43,0.4181437110000843,0.06416530799970133
UTM,16,tm,80.64,0.3990766249999069,0.06407237900020846
UTM,17,tm,80.35,0.4221139880000919,0.06455060500002219
UTM,18,tm,80.78,0.42060736199982784,0.06376275299999179
UTM,19,tm,80.47999999999999,0.4081423200000245,0.0641531810001652
UTM,20,tm,80.67,0.43418542599965804,0.06529088099978253
UTM,21,tm,80.67999999999999,0.40774086000010357,0.06465729899991857
UTM,22,tm,80.66,0.4194499979998909,0.06472857600010684
UTM,23,tm,80.67999999999999,0.4153708909998386,0.0646027759999015
UTM,24,tm,80.88,0.41798965700036206,0.06348504200013849
UTM,25,tm,80.73,0.41485774600005243,0.06404845500037482
UTM,26,tm,80.52,0.4175305379999372,0.063324411999929
UTM,27,tm,80.47999999999999,0.4198051589996794,0.06305039500011844
UTM,28,tm,80.43,0.41811874099994384,0.06387650700025915
UTM,29,tm,80.76,0.4104641140002059,0.06568438600015725
UTM,30,tm,80.57,0.4206281179999678,0.06452595599967026
UTM,31,tm,80.72,0.4103275330003271,0.063695116999952
UTM,32,tm,80.69,0.40382464100002835,0.0638928449998275
UTM,33,tm,80.49,0.40691361100016366,0.06365709000010611
UTM,34,tm,80.60000000000001,0.4022833509998236,0.06381817699957537
UTM,35,tm,80.64,0.41773334000026807,0.0631239449999157
UTM,36,tm,80.73,0.41081185200027903,0.06404494800017346
UTM,37,tm,80.85,0.4118357880001895,0.06018225700017865
UTM,38,tm,80.72,0.40861739899992244,0.06495134899978439
UTM,39,tm,80.84,0.4050378209999508,0.063833152999905
UTM,40,tm,80.84,0.41737276399999246,0.06382181500021034
UTM,41,tm,81.02000000000001,0.41560857200011014,0.06385540899964326
UTM,42,tm,81.05,0.41483336600003895,0.06400287200040111
UTM,43,tm,80.84,0.41594744199983325,0.0632001730000411
UTM,44,tm,80.73,0.41497798599993985,0.06457541800000399
UTM,45,tm,80.67,0.4217095949998111,0.06416343000000779
UTM,46,tm,80.67,0.4169604159997107,0.0638021029999436
UTM,47,tm,80.71000000000001,0.41779182500022216,0.06381601400016734
UTM,48,tm,80.82000000000001,0.412298243999885,0.06341820199986614
UTM,49,tm,80.89,0.42150944400009394,0.06354981899994527
UTM,50,tm,80.85,0.4100761889999376,0.06366810200006512
UTM,51,tm,80.63,0.4178157259998443,0.06387711700017462
UTM,52,tm,80.74,0.41954522700007146,0.06409164899969255
UTM,53,tm,80.64,0.4181275010000718,0.06380314900025041
UTM,54,tm,80.62,0.4244661190000443,0.0633653370000502
UTM,55,tm,80.75,0.40902442600008726,0.06359917600002518
UTM,56,tm,80.75,0.41790059799996015,0.06367850399965391
UTM,57,tm,80.82000000000001,0.4189030300003651,0.06340048000038223
UTM,58,tm,80.78999999999999,0.4147710279999046,0.06383831500033921
UTM,59,tm,80.58,0.4175949049999872,0.06340562100012903
UTM,60,tm,80.63,0.4129101339999579,0.06372368500024095
UTM,61,tm,80.53,0.4071645730000455,0.06398388700017676
UTM,62,tm,80.83,0.4200998310002433,0.06363188000023001
UTM,63,tm,80.76,0.41149522299974706,0.06446889100016051
UTM,64,tm,80.80000000000001,0.41425145199991675,0.06418333600004189
UTM,65,tm,80.52,0.40794741299987436,0.06610180300003776
UTM,66,tm,80.93,0.42483642299976054,0.06432500700020682
UTM,67,tm,80.75,0.4096477180000875,0.06436003500039078
UTM,68,tm,80.86,0.42113218600024993,0.06350186700001359
UTM,69,tm,80.67999999999999,0.41827997900008995,0.06397423099997468
UTM,70,tm,80.77,0.4224947359998623,0.06394623100004537
UTM,71,tm,80.85,0.4136795459999121,0.06397363199994288
UTM,72,tm,80.76,0.4061530630001471,0.06476807499984716
UTM,73,tm,80.84,0.42086086600011186,0.06389706999971168
UTM,74,tm,80.65,0.42966307500000767,0.06355579499995656
UTM,75,tm,80.74,0.4181229969999549,0.06350349600006666
UTM,76,tm,80.76,0.41402894600014406,0.06362751100004971
UTM,77,tm,80.89,0.42127635599990754,0.06376747200010868
UTM,78,tm,80.82000000000001,0.4186829640002543,0.06349922100025651
UTM,79,tm,80.75,0.4169061809998311,0.06352189699964583
UTM,80,tm,80.81,0.4171433060000709,0.06349932500006616
UTM,81,tm,80.96,0.4272955690003073,0.06334680500003742
UTM,82,tm,80.85,0.4133847039997818,0.06371976499985976
UTM,83,tm,81.13,0.41086387299992566,0.06390613700023096
UTM,84,tm,81.0,0.42262555199977214,0.0636890810001205
UTM,85,tm,81.04,0.42729574099985257,0.06873657200003436
UTM,86,tm,81.03,0.4286200030001055,0.06369662199995219
UTM,87,tm,80.9,0.42516588699982094,0.06354314899999736
UTM,88,tm,80.86,0.4097230630000013,0.06386653100025796
UTM,89,tm,80.94,0.42081693699992684,0.06534491499996875
UTM,90,tm,80.80000000000001,0.42035518099964975,0.06357179499991616
UTM,91,tm,80.80000000000001,0.4305134880000878,0.06397151300006954
UTM,92,tm,80.75,0.4282404380001026,0.06347167200010517
UTM,93,tm,80.86,0.4147184680000464,0.063310014000308
UTM,94,tm,81.02000000000001,0.4246049420003146,0.06373467100002017
UTM,95,tm,81.01,0.4322039489998133,0.06376199300029839
UTM,96,tm,80.83,0.408332239000174,0.06373364599994602
UTM,97,tm,80.96,0.4186591940001563,0.06368639900028938
UTM,98,tm,80.80000000000001,0.41834007599982215,0.0636652220000542
UTM,99,tm,80.87,0.42658467999990535,0.06316925600003742
UTM,100,tm,80.82000000000001,0.4238399399996524,0.06333517900020524
UTM,101,tm,80.75,0.4226594860001569,0.0639954260000195
UTM,102,tm,81.03,0.41556257000002006,0.06356495699992593
UTM,103,tm,80.78999999999999,0.4258646680000311,0.06287548499994955
UTM,104,tm,80.62,0.4217187350000131,0.06386010899996108
UTM,105,tm,80.78999999999999,0.4278987140000936,0.0633764730000621
UTM,106,tm,80.78999999999999,0.4188940009998987,0.06371675500031415
UTM,107,tm,80.99,0.42356159800010573,0.06367410500024562
UTM,108,tm,80.97999999999999,0.42915678199960894,0.06390791500007253
UTM,109,tm,80.82000000000001,0.4181066959999953,0.0637902580001537
UTM,110,tm,80.86,0.422253997000098,0.06353176200036614
UTM,111,tm,80.80000000000001,0.4246947500000715,0.06352275100016413
UTM,112,tm,80.83,0.4268650799999705,0.06336561599982815
UTM,113,tm,80.77,0.4277435199996944,0.06393123700036085
UTM,114,tm,80.89,0.4253358959999787,0.06381855500012534
UTM,115,tm,80.99,0.42568079599959674,0.06249963600021147
UTM,116,tm,80.96,0.42142260199989323,0.06375016699985281
UTM,117,tm,81.03,0.4250866010002028,0.06528499600017312
UTM,118,tm,81.0,0.41401204700014205,0.06352130499999475
UTM,119,tm,80.91000000000001,0.41847001099995396,0.06420305600022402
UTM,120,tm,80.76,0.4240417440000783,0.06305337799994959
UTM,121,tm,80.78999999999999,0.42716032999987874,0.0634184999998979
UTM,122,tm,80.97999999999999,0.4222013940002398,0.06331572199997026
UTM,123,tm,81.0,0.41529628100033733,0.061911892000352964
UTM,124,tm,80.86,0.4302341789998536,0.06163967900010903
UTM,125,tm,80.94,0.42673067800024,0.06308075200013263
UTM,126,tm,80.76,0.4190457479999168,0.06353536400001758
UTM,127,tm,80.75,0.42650893400013956,0.06142826299992521
UTM,128,tm,80.80000000000001,0.42802132899987555,0.06389876300045216
UTM,129,tm,80.89,0.4322938069999509,0.06725193799957196
UTM,130,tm,81.02000000000001,0.428344011000263,0.06505859300023076
UTM,131,tm,80.94,0.4211593200002426,0.06417393399988214
UTM,132,tm,80.96,0.413511028999892,0.06325232000017422
UTM,133,tm,81.12,0.42755829099996845,0.06538177899983566
UTM,134,tm,80.99,0.4190619779997178,0.06326751100004913
UTM,135,tm,80.87,0.41753406899988477,0.06333883000024798
UTM,136,tm,80.84,0.4227289519999431,0.06428432899974723
UTM,137,tm,80.85,0.4265004090002549,0.063583620999907
UTM,138,tm,80.91000000000001,0.4187110739999298,0.06261842100002468
UTM,139,tm,80.96,0.42494577000024947,0.06384683800024504
UTM,140,tm,80.75,0.4208624879997842,0.06220993799979624
UTM,141,tm,80.80000000000001,0.41528769299975465,0.06331113699980051
UTM,142,tm,81.0,0.42443387299999813,0.06280050499981371
UTM,143,tm,80.93,0.4223185900000317,0.0636663000000226
UTM,144,tm,81.04,0.42008224899973357,0.06151204700017843
UTM,145,tm,81.07,0.42864737599984437,0.06377615200017317
UTM,146,tm,81.06,0.418576590000157,0.06427827299967248
UTM,147,tm,80.97,0.4221147420003035,0.0631087359997764
UTM,148,tm,80.94,0.42974103400001695,0.06394653300003483
UTM,149,tm,81.21000000000001,0.42592068100020697,0.06337179000001925
UTM,150,tm,80.83,0.4240816569999879,0.06400810500008447
UTM,151,tm,80.85,0.42753429899994444,0.06391985799973554
UTM,152,tm,81.05,0.4316288190002524,0.06523337699991316
UTM,153,tm,80.89,0.42733248200011076,0.06376460699993913
UTM,154,tm,80.78999999999999,0.42257725900026344,0.06438072399987504
UTM,155,tm,81.08,0.42593719599972246,0.06380171999990125
UTM,156,tm,80.97999999999999,0.4239449980000245,0.06344628000033481
UTM,157,tm,80.89,0.4269654989998344,0.06298320399992008
UTM,158,tm,80.96,0.41856888499978595,0.06353526800012332
UTM,159,tm,80.93,0.424744278000162,0.0638106589999552
UTM,160,tm,80.83,0.42820711500007747,0.0634926100001394
UTM,161,tm,80.74,0.4208069900000737,0.06454521900013788
UTM,162,tm,80.88,0.4210023489999912,0.06410141100013789
UTM,163,tm,80.84,0.42316013100025884,0.06390347099977589
UTM,164,tm,80.95,0.4206460559998959,0.06300405499996486
UTM,165,tm,80.94,0.4137001229996713,0.06311149200018917
UTM,166,tm,80.86,0.4290538230002312,0.06334248399980424
UTM,167,tm,80.86,0.4161324910000985,0.06345975999965958
UTM,168,tm,80.7,0.42983182500029216,0.06347263599991493
UTM,169,tm,80.67999999999999,0.4223196430002645,0.06348131300001114
UTM,170,tm,80.81,0.42652515600002516,0.06328323399975488
UTM,171,tm,80.92,0.4302552310000465,0.06343568200009031
UTM,172,tm,81.10000000000001,0.4186585379998178,0.06280496199997287
UTM,173,tm,81.04,0.41616546899967943,0.0644648640000014
UTM,174,tm,81.02000000000001,0.42996646900019186,0.06434988699993482
UTM,175,tm,80.97,0.41967883100005565,0.0646114750002198
UTM,176,tm,80.95,0.4280814960002317,0.06376423599976988
UTM,177,tm,80.78999999999999,0.42044255599967073,0.06445621600005325
UTM,178,tm,80.77,0.4245890950001012,0.06951314700017974
UTM,179,tm,80.89,0.4250636010001472,0.0696968399997786
UTM,180,tm,80.99,0.42629494199991314,0.06406793099995411
UTM,181,tm,80.85,0.4207866599999761,0.06519918899994082
UTM,182,tm,80.92,0.425685629000327,0.06467447299974083
UTM,183,tm,80.99,0.4249383350002063,0.06430025300005582
UTM,184,tm,81.03,0.42518254400010846,0.06366773000036119
UTM,185,tm,80.96,0.43130046200030847,0.06258870700003172
UTM,186,tm,81.0,0.4233597719999125,0.0635786510001708
UTM,187,tm,80.97999999999999,0.436995152000236,0.06381118900026195
UTM,188,tm,80.86,0.4330535859999145,0.06529736600032265
UTM,189,tm,80.93,0.4334329550001712,0.0640680080000493
UTM,190,tm,80.82000000000001,0.43393902800016804,0.0638818249999531
UTM,191,tm,80.67,0.42650252100020225,0.06476279199978308
UTM,192,tm,80.82000000000001,0.4259226569997736,0.06410784599984254
UTM,193,tm,80.85,0.43025561200011,0.06298424099986732
UTM,194,tm,80.85,0.42148968100036655,0.06446050100021239
UTM,195,tm,80.87,0.4194213559999298,0.06370810299995355
UTM,196,tm,80.84,0.4191775289996258,0.06374209400019026
UTM,197,tm,80.92,0.4242633939998086,0.06308272200021747
UTM,198,tm,80.74,0.41706708899982914,0.064048074999846
UTM,199,tm,80.76,0.42828365400009716,0.06353344899980584
UTM,200,tm,81.08,0.41742390600029466,0.06495358999973178
UTM,201,tm,80.78999999999999,0.42582405799976186,0.0639982559996497
UTM,202,tm,80.82000000000001,0.41957694299981085,0.06392503500001112
UTM,203,tm,80.63,0.424555349000002,0.06450117899976249
UTM,204,tm,80.87,0.4209089560004031,0.06415883399995437
UTM,205,tm,80.85,0.41361523800014766,0.06555623999975069
UTM,206,tm,80.78999999999999,0.42256889800000863,0.06390522399988185
UTM,207,tm,80.47999999999999,0.4323702370002138,0.06439632999990863
UTM,208,tm,80.74,0.4082531660001223,0.06366565200005425
UTM,209,tm,80.56,0.4219610529999045,0.06485185299970908
UTM,210,tm,80.81,0.42773412499991537,0.06504381800004921
UTM,211,tm,80.76,0.42875507300004756,0.06326533699984793
UTM,212,tm,80.85,0.42131935099996554,0.06364069599976574
UTM,213,tm,80.76,0.4247234950003076,0.06282536700018682
UTM,214,tm,80.97,0.4169669889997749,0.06397868099975312
UTM,215,tm,80.84,0.4247510479999619,0.06449324200002593
UTM,216,tm,80.9,0.4147027640001397,0.06473400400000173
UTM,217,tm,81.01,0.4294368509999913,0.06402641799968478
UTM,218,tm,80.95,0.4208200759999272,0.06383407500015892
UTM,219,tm,80.93,0.4248337179997179,0.06378287400002591
UTM,220,tm,80.97,0.4296992929998851,0.06466974000022674
UTM,221,tm,80.94,0.42354186700003993,0.06278622900026676
UTM,222,tm,80.7,0.4317468099998223,0.06533220299979803
UTM,223,tm,80.76,0.43836553499977526,0.06366777199991702
UTM,224,tm,80.93,0.4227309430002606,0.06403535299978103
UTM,225,tm,80.81,0.423200794999957,0.06449775500004762
UTM,226,tm,80.74,0.4307812800002466,0.06407015300010244
UTM,227,tm,80.82000000000001,0.43025554499990903,0.06450479099976292
UTM,228,tm,80.73,0.4369067510001514,0.06669940299980226
UTM,229,tm,80.85,0.43293662599990057,0.06389332000026116
UTM,230,tm,80.66,0.4273457940003027,0.06324119400005657
UTM,231,tm,80.74,0.41998658400007116,0.06548195899995335
UTM,232,tm,80.67999999999999,0.42936916899998323,0.06419853599982162
UTM,233,tm,80.72,0.42701683899986165,0.06444289699993533
UTM,234,tm,80.75,0.4266452660003779,0.06525314999998955
UTM,235,tm,80.72,0.42104772699985915,0.06388379300005909
UTM,236,tm,80.7,0.4222617440000249,0.06387909200020658
UTM,237,tm,80.78,0.4210599889997866,0.06343274799974097
UTM,238,tm,80.91000000000001,0.4292345230001047,0.06354625099993427
UTM,239,tm,80.86,0.4222137570000086,0.06376628799989703
UTM,240,tm,80.78,0.4316768459998457,0.06421783299992967
UTM,241,tm,80.85,0.4298123039998245,0.06339950000028693
UTM,242,tm,80.85,0.43361017500001253,0.06401522999976805
UTM,243,tm,80.78,0.4198735489999308,0.06338003400014713
UTM,244,tm,80.86,0.4177177980000124,0.06314331400017181
UTM,245,tm,80.81,0.41924643099991954,0.06375728099965272
UTM,246,tm,80.89,0.4182502690000547,0.06325905999983661
UTM,247,tm,80.83,0.41867788199988354,0.06411653499981185
UTM,248,tm,80.92,0.4294176260000313,0.06369428400012112
UTM,249,tm,80.83,0.42464804400015055,0.06367957300017224
UTM,250,tm,80.80000000000001,0.42570119499987413,0.06501083099965399
UTM,251,tm,80.77,0.4362455309997131,0.06406705500012322
UTM,252,tm,80.73,0.431549817999894,0.06367220800029827
UTM,253,tm,80.78999999999999,0.42791428400005316,0.064021005000086
UTM,254,tm,80.85,0.4290056840000034,0.06385327800035157
UTM,255,tm,80.69,0.4320387769998888,0.06418611700019028
UTM,256,tm,80.62,0.42876735399977406,0.06327915500014569
UTM,257,tm,80.57,0.4230915510001978,0.06428399700007503
UTM,258,tm,80.7,0.42636484700005894,0.06398124299994379
UTM,259,tm,80.81,0.4170531059999121,0.06303213799992591
UTM,260,tm,80.93,0.3965309359996354,0.06309679400010282
UTM,261,tm,80.69,0.42747360800012757,0.06319329200005086
UTM,262,tm,80.78,0.4228212570001233,0.06291947999989134
UTM,263,tm,80.73,0.42845412899987423,0.06199458900027821
UTM,264,tm,80.76,0.42929501299977346,0.06432039700030145
UTM,265,tm,80.62,0.42936497400023654,0.06402754200007621
UTM,266,tm,80.56,0.41848702500010404,0.06362706299978527
UTM,267,tm,80.56,0.4318747469997106,0.06447180800023489
UTM,268,tm,80.63,0.429420041999947,0.06362518400010231
UTM,269,tm,80.71000000000001,0.43676236600003904,0.06464641899992785
UTM,270,tm,80.72,0.4308819760003644,0.06398861099978603
UTM,271,tm,80.43,0.4368194900002891,0.064696548000029
UTM,272,tm,80.63,0.43142172899979414,0.06353330399997503
UTM,273,tm,80.82000000000001,0.4356573390000449,0.06418423000013718
UTM,274,tm,80.61,0.4369234650002909,0.06388713099977394
UTM,275,tm,80.80000000000001,0.44002073000001474,0.0642154029997073
UTM,276,tm,80.66,0.42492817199990895,0.06466726200005724
UTM,277,tm,80.65,0.4348830019998786,0.06597029299973656
UTM,278,tm,80.53,0.42503603799968914,0.06362073200034501
UTM,279,tm,80.60000000000001,0.43110107300026357,0.06378300400001535
UTM,280,tm,80.65,0.426021695000145,0.06614021599989428
UTM,281,tm,80.4,0.4269169280000824,0.06300515399971118
UTM,282,tm,80.73,0.4310778030003348,0.06440784500000518
UTM,283,tm,80.54,0.42406295599994337,0.06245149300002595
UTM,284,tm,80.81,0.4294669280002381,0.06357139300007475
UTM,285,tm,80.64,0.4257518230001551,0.06524479400013661
UTM,286,tm,80.64,0.42449662600029114,0.06528418700008842
UTM,287,tm,80.60000000000001,0.4255535509996662,0.06360712099967714
UTM,288,tm,80.47999999999999,0.4234804739999163,0.06405078199986747
UTM,289,tm,80.56,0.42821420400014176,0.06375528899980054
UTM,290,tm,80.33,0.4245075960002396,0.06459887800019715
UTM,291,tm,80.46,0.4428682040002059,0.06444583700022122
UTM,292,tm,80.60000000000001,0.43398089800029993,0.06337591099963902
UTM,293,tm,80.46,0.4296409019998464,0.06473673199980112
UTM,294,tm,80.60000000000001,0.4241135550000763,0.0646549570001298
UTM,295,tm,80.46,0.4317138920000616,0.06395544200040604
UTM,296,tm,80.60000000000001,0.4296323600001415,0.06412789600017277
UTM,297,tm,80.51,0.4329965160000029,0.06352126599995245
UTM,298,tm,80.61,0.41912944100022287,0.06387234100020578
UTM,299,tm,80.56,0.4330238630000167,0.06420709899975918
UTM,300,tm,80.66,0.42936795100013114,0.06321800100022301
UTM,301,tm,80.63,0.4217379589999837,0.06357912699968438
UTM,302,tm,80.65,0.4234800530002758,0.06416139300017676
UTM,303,tm,80.67999999999999,0.42211848300030397,0.06429133699975864
UTM,304,tm,80.58999999999999,0.427763087999665,0.0640155460000642
UTM,305,tm,80.63,0.42686845100024584,0.06303462300002138
UTM,306,tm,80.71000000000001,0.4274382260000493,0.06528364399991915
UTM,307,tm,80.49,0.42628156099999615,0.06434177400024055
UTM,308,tm,80.51,0.434717467000155,0.06516723200002161
UTM,309,tm,80.34,0.4272769559997869,0.06379774900005941
UTM,310,tm,80.44,0.4230007400001341,0.06444416900012584
UTM,311,tm,80.54,0.43127159100004064,0.06433690799985925
UTM,312,tm,80.65,0.432337207999808,0.06572412900004565
UTM,313,tm,80.75,0.42729997300011746,0.06850705699980608
UTM,314,tm,80.67,0.4284685120001086,0.0691516040001261
UTM,315,tm,80.96,0.42309197700024015,0.06494389099998443
UTM,316,tm,80.52,0.4286685770002805,0.06362786599993342
UTM,317,tm,80.71000000000001,0.4311075370001163,0.06398000700028206
UTM,318,tm,80.94,0.4317566549998446,0.06444629999987228
UTM,319,tm,80.73,0.43484431400020185,0.06437130099993738
UTM,320,tm,80.93,0.42441338099979475,0.06360638299975108
UTM,321,tm,80.95,0.43210639100016124,0.06461227999989205
UTM,322,tm,81.02000000000001,0.43601050600000235,0.06486449400017591
UTM,323,tm,80.84,0.43335748700019394,0.06449370000018462
UTM,324,tm,80.92,0.43402518799985046,0.06393809599967426
UTM,325,tm,80.77,0.4302033589997336,0.06522260800011281
UTM,326,tm,80.89,0.4395971480003027,0.0643553529998826
UTM,327,tm,80.7,0.4359506989999318,0.06494077100023787
UTM,328,tm,80.7,0.4329483519995847,0.06354858900022009
UTM,329,tm,80.61,0.43231010099998457,0.06321511399983137
UTM,330,tm,80.76,0.4290769839999484,0.06533517900015795
UTM,331,tm,80.61,0.4356721419999303,0.06507979799971508
UTM,332,tm,80.65,0.43485211600000184,0.06404449599995132
UTM,333,tm,80.73,0.4339942040001006,0.0639801800002715
UTM,334,tm,80.73,0.4310021059995961,0.06577288900007261
UTM,335,tm,80.83,0.43671795599993857,0.06513292999989062
UTM,336,tm,80.82000000000001,0.4327983459997995,0.06378510299964546
UTM,337,tm,80.94,0.43267441699981646,0.06461530399974436
UTM,338,tm,80.96,0.43140142800029935,0.06376766999983374
UTM,339,tm,80.77,0.4306776749999699,0.06470643099964946
UTM,340,tm,80.82000000000001,0.4191772500003026,0.064409199000238
UTM,341,tm,80.78999999999999,0.4333366829996521,0.06358148599974811
UTM,342,tm,80.66,0.43387701400024525,0.0643524370002524
UTM,343,tm,80.74,0.4309568710000349,0.06754058600017743
UTM,344,tm,80.77,0.43362786399984543,0.06449361099976159
UTM,345,tm,80.89,0.42549316899976475,0.06355118800001947
UTM,346,tm,80.82000000000001,0.4266164480000043,0.06393805500010785
UTM,347,tm,80.94,0.4309664089996659,0.06349932800003444
UTM,348,tm,80.78999999999999,0.42502858199986804,0.06335746200011272
UTM,349,tm,80.82000000000001,0.4246828010000172,0.06334314600007929
UTM,350,tm,80.65,0.4306670400001167,0.06359129900010885
UTM,351,tm,80.7,0.4357058020000295,0.06344467700000678
UTM,352,tm,80.82000000000001,0.43705002200022136,0.0641694760001883
UTM,353,tm,80.91000000000001,0.4334186569999474,0.06469993600012458
UTM,354,tm,80.85,0.4363121000001229,0.06347601400011627
UTM,355,tm,80.81,0.4310654840001007,0.063453440000103
UTM,356,tm,80.66,0.4256023500001902,0.06364733099962905
UTM,357,tm,80.80000000000001,0.43142342000010103,0.06357936599988534
UTM,358,tm,80.74,0.4270651040001212,0.0634559300001456
UTM,359,tm,80.64,0.4254050310000821,0.06344735999982731
UTM,360,tm,80.53,0.43053529500002696,0.06438021400026628
UTM,361,tm,80.56,0.42892593799979295,0.06392084600020098
UTM,362,tm,80.7,0.4341845919998377,0.0638818249999531
UTM,363,tm,80.44,0.430141060999631,0.06360808199997336
UTM,364,tm,80.57,0.42123495500027275,0.0637648540000555
UTM,365,tm,80.5,0.4245795389997511,0.06380899699979636
UTM,366,tm,80.36,0.4345866990001923,0.06379701399964688
UTM,367,tm,80.54,0.43936679799980993,0.06345396799997616
UTM,368,tm,80.52,0.43240694699989035,0.06366481899976861
UTM,369,tm,80.73,0.4294858279999971,0.06381167700010337
UTM,370,tm,80.7,0.4261363830000846,0.06323310099969603
UTM,371,tm,80.55,0.4304313729999194,0.06388659599997482
UTM,372,tm,80.63,0.4270134919997872,0.06386956500000451
UTM,373,tm,80.49,0.42183037199993123,0.06357933400022375
UTM,374,tm,80.65,0.42368224100027874,0.06282684100006009
UTM,375,tm,80.7,0.43319550300020637,0.06355343600034757
UTM,376,tm,80.67999999999999,0.42012170199996035,0.06354385799977535
UTM,377,tm,80.62,0.432422631999998,0.06501876999982414
UTM,378,tm,80.85,0.4395881890000055,0.06358141900000192
UTM,379,tm,80.74,0.4366912099999354,0.06302940199975637
UTM,380,tm,80.76,0.4362169010000798,0.06387884300011137
UTM,381,tm,80.67999999999999,0.4295986460001586,0.06377314499968634
UTM,382,tm,80.64,0.42286307299991677,0.06522869199989145
UTM,383,tm,80.74,0.42202138200036643,0.0645751410002049
UTM,384,tm,80.78,0.43405459199993857,0.06344704499997533
UTM,385,tm,80.91000000000001,0.4347845170000255,0.0646779339999739
UTM,386,tm,80.69,0.4391179069998543,0.0647244930000852
UTM,387,tm,80.84,0.4283057379998354,0.06455126799983191
UTM,388,tm,80.72,0.42931433300009303,0.06399813500001983
UTM,389,tm,80.74,0.4325235250003061,0.0636861959997077
UTM,390,tm,80.94,0.43047423699999854,0.0643333459997848
UTM,391,tm,80.87,0.4309806330002175,0.06418975300039165
UTM,392,tm,80.87,0.4262602109997715,0.06381219600007171
UTM,393,tm,80.94,0.4328247759999613,0.06379603999994288
UTM,394,tm,80.78,0.4308220110001457,0.06625349199975972
UTM,395,tm,80.75,0.4249690169999667,0.06412921899982393
UTM,396,tm,80.77,0.4213213140001244,0.06389009800022905
UTM,397,tm,80.63,0.4237715859999298,0.06474308499991821
UTM,398,tm,80.67999999999999,0.43441313799985437,0.0663946719996602
UTM,399,tm,80.58,0.438842250000107,0.06441058300015357
UTM,400,tm,80.74,0.42613620600013746,0.06374344000005294
UTM,401,tm,80.51,0.4250477929999761,0.06333050000012008
UTM,402,tm,80.63,0.43362339399982375,0.06324602499989851
UTM,403,tm,80.85,0.43608564499982094,0.0637139609998485
UTM,404,tm,80.89,0.4349420929997905,0.06387204100019517
UTM,405,tm,80.58999999999999,0.4343172570002025,0.06397543899993252
UTM,406,tm,80.65,0.4297047400000338,0.06351627300000473
UTM,407,tm,80.72,0.4331251240000711,0.0642126989996541
UTM,408,tm,80.75,0.4333289269998204,0.065364640000098
UTM,409,tm,80.87,0.43538315200021316,0.06546395800023674
UTM,410,tm,80.54,0.43391543799998544,0.06310859299992444
UTM,411,tm,80.61,0.4353611329997875,0.06529834000002666
UTM,412,tm,80.58,0.43350570299980973,0.0636207799998374
UTM,413,tm,80.76,0.42722210600004473,0.06420911900022475
UTM,414,tm,80.61,0.42453797300004226,0.06348635700032901
UTM,415,tm,80.64,0.42357720600011817,0.06500374900042516
UTM,416,tm,80.67,0.43282460000000356,0.06374573199991573
UTM,417,tm,80.7,0.43365916799984916,0.0638554759998442
UTM,418,tm,80.74,0.4400543189999553,0.06374667699992642
UTM,419,tm,80.7,0.42655095700001766,0.06351082599985602
UTM,420,tm,80.81,0.4370904369998243,0.06369817600034366
UTM,421,tm,80.85,0.42343973099968935,0.06383258000005299
UTM,422,tm,80.81,0.43089059999965684,0.06349311500025578
UTM,423,tm,80.72,0.42655618100025094,0.06352232199969876
UTM,424,tm,80.78,0.4368777740000951,0.06400653900027464
UTM,425,tm,80.88,0.43391674400027114,0.06326947300021857
UTM,426,tm,80.81,0.4448802199999591,0.06340023200027645
UTM,427,tm,80.75,0.4348549540000022,0.06339755699991656
UTM,428,tm,80.69,0.4367754039999454,0.06453782600010527
UTM,429,tm,80.92,0.42961996900021404,0.06327530699991257
UTM,430,tm,80.67999999999999,0.4341139360003581,0.06372062499985987
UTM,431,tm,80.57,0.43579625200027294,0.06312048799964032
UTM,432,tm,80.73,0.43589460299972416,0.06400417999975616
UTM,433,tm,80.74,0.4222711709999203,0.06371558000000732
UTM,434,tm,80.58999999999999,0.434889357999964,0.06432134300030157
UTM,435,tm,80.74,0.43718003999993016,0.06478422899999714
UTM,436,tm,80.75,0.4321023799998329,0.06910057599998254
UTM,437,tm,80.69,0.42157327199993233,0.06333762499980367
UTM,438,tm,80.75,0.4238146970001253,0.06424499200011269
UTM,439,tm,80.78999999999999,0.4350915220002207,0.06328911599985076
UTM,440,tm,80.92,0.43101440500004173,0.06346889399992506
UTM,441,tm,80.91000000000001,0.42682100199999695,0.06541381999977602
UTM,442,tm,80.89,0.4380094289999761,0.06388859999970009
UTM,443,tm,80.73,0.43590692399993713,0.0638269239998408
UTM,444,tm,80.71000000000001,0.43287594599996737,0.06379388000004838
UTM,445,tm,81.0,0.42963809100001527,0.06453422000004139
UTM,446,tm,80.81,0.4280020869996406,0.06422115699979258
UTM,447,tm,80.89,0.43679401100007453,0.06483144799994989
UTM,448,tm,80.83,0.4300414129997989,0.06376118200023484
UTM,449,tm,80.85,0.4339858439998352,0.06439063699963299
UTM,450,tm,80.81,0.43248031800021636,0.06460322000020824
UTM,451,tm,80.82000000000001,0.4252744359996541,0.06762133799975345
UTM,452,tm,80.84,0.4353331900001649,0.06332877000022563
UTM,453,tm,80.92,0.43192753400035144,0.06352126699994187
UTM,454,tm,80.77,0.43583799599991835,0.06392308499971477
UTM,455,tm,81.05,0.43385264500011544,0.06333356100003584
UTM,456,tm,80.83,0.43408315700025923,0.06369347600002584
UTM,457,tm,80.77,0.43235468600005333,0.06360975200004759
UTM,458,tm,80.97,0.43464645999983986,0.06364412899984018
UTM,459,tm,80.93,0.42307253599983596,0.06383463600013783
UTM,460,tm,80.83,0.43001337099985903,0.06852521800010436
UTM,461,tm,80.9,0.4277303869998832,0.06754721900006189
UTM,462,tm,80.89,0.42280878299970936,0.06454705899977853
UTM,463,tm,80.77,0.4341237779999574,0.06429550500024561
UTM,464,tm,80.85,0.4346273369997107,0.06464850499969543
UTM,465,tm,80.94,0.4231053910002629,0.06412390700006654
UTM,466,tm,80.9,0.4362814440000875,0.06422749799958183
UTM,467,tm,80.69,0.43075102799957676,0.06326129400031277
UTM,468,tm,80.61,0.43336708200013163,0.06345726899962756
UTM,469,tm,80.66,0.4343399539998245,0.06320310999990397
UTM,470,tm,80.56,0.43595654199998535,0.06505561800031501
UTM,471,tm,80.71000000000001,0.44081192100020417,0.06454457299969363
UTM,472,tm,80.71000000000001,0.4285534559999178,0.06386941199980356
UTM,473,tm,80.72,0.4298395179998806,0.06361118699987856
UTM,474,tm,80.67999999999999,0.4224546659997941,0.06426188800014643
UTM,475,tm,80.77,0.43412441500004206,0.06393661699985387
UTM,476,tm,80.80000000000001,0.43138968699986435,0.06435835599995698
UTM,477,tm,80.69,0.43331518500008315,0.06433742300032463
UTM,478,tm,80.71000000000001,0.42876749099968947,0.063850230999833
UTM,479,tm,80.75,0.4350808910003252,0.06408651999981885
UTM,480,tm,80.56,0.4338392750000821,0.06315942199989877
UTM,481,tm,80.66,0.4266175109996766,0.06408639900018898
UTM,482,tm,80.57,0.4389157199998408,0.06442925999999716
UTM,483,tm,80.61,0.43339068500017675,0.06443133699985992
UTM,484,tm,80.53,0.4359568509999008,0.06421008600000278
UTM,485,tm,80.74,0.437297578000198,0.06437686499975825
UTM,486,tm,80.72,0.43715733499993803,0.06479609000007258
UTM,487,tm,80.9,0.43239175600001545,0.06492264200005593
UTM,488,tm,80.66,0.44301972699986436,0.06442522499992265
UTM,489,tm,80.82000000000001,0.4335726940003042,0.06450967599994328
UTM,490,tm,80.78,0.43737832899978457,0.06333181499985585
UTM,491,tm,80.67999999999999,0.4293709600001421,0.0634972029997698
UTM,492,tm,80.60000000000001,0.4362734520000231,0.06355608500007293
UTM,493,tm,80.74,0.439855677000196,0.0641785620000519
UTM,494,tm,80.71000000000001,0.43057475300020087,0.06341253199980201
UTM,495,tm,80.66,0.4261495969999487,0.06345899500001906
UTM,496,tm,80.67999999999999,0.4316262400002415,0.06509007599970573
UTM,497,tm,80.66,0.4301803270000164,0.06374309900002118
UTM,498,tm,80.71000000000001,0.4396520260002035,0.0653800670002056
UTM,499,tm,80.74,0.43541932700009056,0.06443488600007186
UTM,500,tm,80.64,0.4398474999998143,0.06505161099994439
WTM,1,tm,76.55999999999999,0.35658141599969895,0.0649660149997544
WTM,2,tm,77.4,0.3365194379998684,0.06697837699994125
WTM,3,tm,78.67,0.3221342410001853,0.06603407300008257
WTM,4,tm,79.28,0.31937422400005744,0.06621911100000943
WTM,5,tm,79.33,0.3176261569997223,0.0670831319998797
WTM,6,tm,79.49000000000001,0.31276943700004267,0.06720975799998996
WTM,7,tm,79.56,0.31608381099977123,0.06694198800005324
WTM,8,tm,79.96,0.3084289019998323,0.06781008799998745
WTM,9,tm,80.21000000000001,0.30384067599970876,0.06667855800014877
WTM,10,tm,81.08,0.29961606899996696,0.06771859699983906
WTM,11,tm,80.89,0.3147987090001152,0.06761219400004848
WTM,12,tm,81.01,0.2982578889996148,0.06625337900004524
WTM,13,tm,80.31,0.29095955899992987,0.06816280100019867
WTM,14,tm,81.07,0.2859952449998673,0.0665788070000417
WTM,15,tm,80.25999999999999,0.2941854099999546,0.06706305699981385
WTM,16,tm,80.25,0.28490306999992754,0.06869563600002948
WTM,17,tm,80.30000000000001,0.29616064199990433,0.06817583800011562
WTM,18,tm,81.04,0.28929629999993267,0.06770680799991169
WTM,19,tm,80.35,0.288977844999863,0.06769414899963522
WTM,20,tm,79.91,0.29745130800029074,0.06603283200001897
WTM,21,tm,81.42,0.29014322400007586,0.06724064100035321
WTM,22,tm,81.05,0.2914737219998642,0.06795714099962424
WTM,23,tm,80.69,0.28572508400020524,0.06778910699995322
WTM,24,tm,81.10000000000001,0.283539620999818,0.06750538599999345
WTM,25,tm,81.16,0.29075181100006375,0.06759024700022565
WTM,26,tm,80.71000000000001,0.2902504409998983,0.06646369599957325
WTM,27,tm,81.63,0.2803107050003746,0.06643928900030005
WTM,28,tm,81.47,0.2846613540000362,0.06693983400009529
WTM,29,tm,80.32000000000001,0.28617344900021635,0.06654084399997373
WTM,30,tm,80.74,0.285873889999948,0.0676787229999718
WTM,31,tm,81.42,0.2902099019997877,0.06693963499992606
WTM,32,tm,81.69999999999999,0.28057450200003586,0.06720925699983127
WTM,33,tm,80.82000000000001,0.2847651100000803,0.06679968200023723
WTM,34,tm,81.17999999999999,0.2872186999998121,0.06670768899994073
WTM,35,tm,81.28999999999999,0.28576452300012534,0.06816889399988213
WTM,36,tm,81.67999999999999,0.28625272899989795,0.06823534099976314
WTM,37,tm,79.74,0.28023746200005917,0.06806948100029331
WTM,38,tm,81.38,0.2856734469996809,0.06820886099967538
WTM,39,tm,80.72,0.2877366800003074,0.06731341600016094
WTM,40,tm,80.61,0.2923900880000474,0.06655086399996435
WTM,41,tm,82.08,0.2814918019998913,0.0670332600002439
WTM,42,tm,80.31,0.2861979250001241,0.06704135300014968
WTM,43,tm,80.78,0.2843415190000087,0.06655041700014408
WTM,44,tm,80.91000000000001,0.283604607000143,0.06607684800019342
WTM,45,tm,81.27,0.286838563999936,0.06716258300002664
WTM,46,tm,81.45,0.2842797650000648,0.06808360500008348
WTM,47,tm,81.74,0.2881284349996349,0.06780330799983858
WTM,48,tm,81.78,0.2874791350000123,0.06683652200035795
WTM,49,tm,81.33,0.27857049700014613,0.06864490499992826
WTM,50,tm,81.3,0.28677847700009806,0.06663914299997487
WTM,51,tm,80.88,0.276774764000038,0.06766457200001241
WTM,52,tm,81.91000000000001,0.2869340319998628,0.06739253400019152
WTM,53,tm,81.23,0.2855646670000169,0.06698245300003691
WTM,54,tm,81.77,0.2822822369998903,0.06720987399967271
WTM,55,tm,80.03,0.2899413329996605,0.06640872799971476
WTM,56,tm,81.24,0.2867964829997618,0.06674634799992418
WTM,57,tm,81.45,0.28320757499977844,0.06678175500019279
WTM,58,tm,81.34,0.27440513200008354,0.0690152729998772
WTM,59,tm,81.78999999999999,0.2867928910000046,0.06704074199979004
WTM,60,tm,80.60000000000001,0.28467513299983693,0.06765845699965212
WTM,61,tm,81.76,0.27743054399979883,0.06823229999963587
WTM,62,tm,80.82000000000001,0.27478249199975835,0.06640532600022198
WTM,63,tm,80.99,0.28791560199988453,0.06690289699963614
WTM,64,tm,80.55,0.2692413040003885,0.06772345299987137
WTM,65,tm,80.83,0.2816294899998866,0.06709417899992332
WTM,66,tm,81.46,0.28912381999998615,0.06631393399993613
WTM,67,tm,80.78999999999999,0.2747663410000314,0.06738708700004281
WTM,68,tm,81.22,0.2798322180001378,0.0655450149997705
WTM,69,tm,82.04,0.28769926499990106,0.06710922999991453
WTM,70,tm,81.23,0.2814075380001668,0.06651510399979088
WTM,71,tm,81.28,0.2702249829999346,0.06514287900017735
WTM,72,tm,81.12,0.271913023000252,0.06500297200000205
WTM,73,tm,81.22,0.28464408900026683,0.0682051799999499
WTM,74,tm,82.17,0.2765993959997104,0.0673831189997145
WTM,75,tm,82.16,0.26881362499989336,0.06663131400000566
WTM,76,tm,82.01,0.27535854200004906,0.06689830700042876
WTM,77,tm,80.61,0.2727901200000815,0.06585701900030472
WTM,78,tm,80.81,0.28495323799961625,0.06620140499990157
WTM,79,tm,81.58999999999999,0.2873725879999256,0.06793854800025656
WTM,80,tm,81.54,0.2828132199997526,0.06639497900005153
WTM,81,tm,79.72,0.2826552409997021,0.06823264700005893
WTM,82,tm,79.93,0.2818452100000286,0.0722115019998455
WTM,83,tm,80.81,0.28711699999985285,0.06641253199995845
WTM,84,tm,81.5,0.28050457300014386,0.06712121400005344
WTM,85,tm,82.08,0.27860980900004506,0.06797652900013418
WTM,86,tm,81.23,0.2867939769998884,0.068065377000039
WTM,87,tm,81.89,0.2789994929999011,0.06690028100001655
WTM,88,tm,80.58,0.2836532299997998,0.06848476300001494
WTM,89,tm,81.67999999999999,0.2730731800002104,0.06729219599992575
WTM,90,tm,80.52,0.2767248430000109,0.06842853999978615
WTM,91,tm,82.03,0.2839869610002097,0.06665583200037872
WTM,92,tm,81.64,0.28763009099975534,0.06769722599983652
WTM,93,tm,80.87,0.27235121200010326,0.06745588400008273
WTM,94,tm,81.16,0.2802512680000291,0.06817352300004131
WTM,95,tm,81.58999999999999,0.27648686399970757,0.06801532199961002
WTM,96,tm,81.46,0.279565231000106,0.06860068700007105
WTM,97,tm,81.67,0.28137015700031043,0.06692496000005121
WTM,98,tm,81.75,0.27476139099962893,0.06776695099961216
WTM,99,tm,81.2,0.2819538700000521,0.06767386100000294
WTM,100,tm,80.51,0.283638104000147,0.06753441299997576
WTM,101,tm,80.87,0.27795840499993574,0.06798502500032555
WTM,102,tm,82.07,0.2776508750002904,0.06822798399980456
WTM,103,tm,78.96,0.2805335139996714,0.06750822699996206
WTM,104,tm,80.58,0.27777431200001956,0.06846337700017102
WTM,105,tm,81.42,0.2797471950002546,0.06804381499978263
WTM,106,tm,80.63,0.2769185459997061,0.06800300399982007
WTM,107,tm,81.19,0.2806307129999368,0.06845083899997917
WTM,108,tm,80.35,0.28600070199991023,0.0680813560002207
WTM,109,tm,81.16,0.28420535699979155,0.06762989200024094
WTM,110,tm,82.25,0.27865967500019906,0.0675882359996649
WTM,111,tm,80.82000000000001,0.27382814700013114,0.06514923899976566
WTM,112,tm,81.45,0.27097460000004503,0.06737255199959691
WTM,113,tm,80.69,0.27671180300012566,0.06734833000018625
WTM,114,tm,82.37,0.28790091300015774,0.06668005100027585
WTM,115,tm,81.41000000000001,0.27269975799981694,0.06658299700029602
WTM,116,tm,81.43,0.27333357899988187,0.06631282199987254
WTM,117,tm,81.32000000000001,0.28074736500002473,0.0675321610001447
WTM,118,tm,81.89,0.27293887399991945,0.06791902499981006
WTM,119,tm,81.54,0.27987550399984684,0.06737102099987169
WTM,120,tm,81.77,0.2718843069997092,0.06749329100011892
WTM,121,tm,81.54,0.2727615460003108,0.06675960199982
WTM,122,tm,82.3,0.2773769660002472,0.06663506499990035
WTM,123,tm,81.91000000000001,0.28701852299991515,0.06609856399973069
WTM,124,tm,81.61,0.2761316060000354,0.06645451099984712
WTM,125,tm,81.28,0.27511051600004066,0.06698783999991065
WTM,126,tm,81.27,0.27876432699986253,0.06773191399997813
WTM,127,tm,81.6,0.27282701399963116,0.06780739999976504
WTM,128,tm,81.75,0.2884246839998923,0.0677125239999441
WTM,129,tm,81.28,0.2802196269999513,0.06698538800037568
WTM,130,tm,81.61,0.2731423300001552,0.06736324500025148
WTM,131,tm,80.44,0.28888651299985213,0.06733884499999476
WTM,132,tm,81.64,0.27699758300013855,0.06827962899978957
WTM,133,tm,81.84,0.27655920099959985,0.0666583169995647
WTM,134,tm,81.0,0.2725846140001522,0.06810910400008652
WTM,135,tm,82.53,0.28084096799966574,0.06775236599969503
WTM,136,tm,81.17999999999999,0.27929933199993684,0.06779026399999566
WTM,137,tm,81.84,0.2755644969997775,0.06684680700027457
WTM,138,tm,81.52000000000001,0.2861532500000976,0.0690818500002024
WTM,139,tm,81.15,0.2810843029997159,0.06862648000014815
WTM,140,tm,80.38,0.2761048320003283,0.0681146679999074
WTM,141,tm,81.67,0.2676106779999827,0.06755817199973535
WTM,142,tm,81.71000000000001,0.27671096299991405,0.06790819700017892
WTM,143,tm,80.22,0.28096813999991355,0.06763657000010426
WTM,144,tm,80.67,0.27572394099979647,0.066981448000206
WTM,145,tm,81.38,0.2857803319998311,0.06739053599994804
WTM,146,tm,80.45,0.2780513960001372,0.06826677400022163
WTM,147,tm,81.14,0.2745513410000058,0.06656740500011438
WTM,148,tm,81.42,0.2895840959999987,0.06653391300005751
WTM,149,tm,80.94,0.27737269500039474,0.06817323199993552
WTM,150,tm,79.89,0.28653408099989974,0.06806895399995483
WTM,151,tm,82.1,0.277610814000127,0.06863387499970486
WTM,152,tm,81.76,0.28542417600010594,0.06799484000021039
WTM,153,tm,82.23,0.27026441299994985,0.06784834200016121
WTM,154,tm,81.67999999999999,0.28474975099970834,0.06855213199969512
WTM,155,tm,81.07,0.2741577279998637,0.06723271700002442
WTM,156,tm,82.12,0.2695789069998682,0.06773767999993652
WTM,157,tm,81.32000000000001,0.27547296300008384,0.06794766999973945
WTM,158,tm,82.27,0.26710457800027143,0.06710536100035824
WTM,159,tm,81.39999999999999,0.28345960000024206,0.06737040000007255
WTM,160,tm,81.84,0.27406371999995827,0.06715755200002604
WTM,161,tm,81.51,0.27912159399966185,0.06669594699997106
WTM,162,tm,81.89,0.26939049299971884,0.06639465700027358
WTM,163,tm,81.81,0.2775599900000998,0.06891284599987557
WTM,164,tm,82.0,0.2781016210001326,0.06852581700013616
WTM,165,tm,81.94,0.282923627999935,0.06737386600025275
WTM,166,tm,81.63,0.2824181410001074,0.06890654800008633
WTM,167,tm,82.69,0.2781377199999042,0.06660015499983274
WTM,168,tm,81.52000000000001,0.2781050650000907,0.06837890199994945
WTM,169,tm,81.75,0.27005221800027357,0.06727444900025148
WTM,170,tm,82.47,0.2796036820000154,0.06649083100001008
WTM,171,tm,81.39999999999999,0.2866482819999874,0.07309464100035257
WTM,172,tm,81.81,0.27129210199973386,0.0668813020001835
WTM,173,tm,82.38,0.26774160600007235,0.0673988379999173
WTM,174,tm,81.78,0.27785493300007147,0.06762246299967956
WTM,175,tm,81.5,0.28169037899988325,0.06728261200032648
WTM,176,tm,82.04,0.2804424270002528,0.06686191099970529
WTM,177,tm,81.64,0.2741292280002199,0.06636633499965683
WTM,178,tm,81.93,0.27576553800008696,0.06694513399997959
WTM,179,tm,80.62,0.2744892630003051,0.0677654099999927
WTM,180,tm,81.36,0.2732915890001095,0.06829528400021445
WTM,181,tm,81.17,0.26879086999997526,0.06696966300023632
WTM,182,tm,81.91000000000001,0.2698430959999314,0.06670256200004587
WTM,183,tm,81.55,0.27742143699970256,0.06856021400017198
WTM,184,tm,82.07,0.28710287400008383,0.06688815099960266
WTM,185,tm,82.07,0.275186224999743,0.06748338399984277
WTM,186,tm,81.2,0.26910750400020333,0.06672196299996358
WTM,187,tm,81.98,0.274222495000231,0.06760180399987803
WTM,188,tm,82.31,0.2779051600000457,0.0673411389998364
WTM,189,tm,82.28999999999999,0.27860375799991743,0.06588781699974788
WTM,190,tm,82.77,0.2720689540001331,0.06723496399990836
WTM,191,tm,82.3,0.27420807099997546,0.06757213299988507
WTM,192,tm,82.17,0.2735768430002281,0.06889206000005288
WTM,193,tm,81.83,0.2828209220001554,0.06601884499968946
WTM,194,tm,81.08999999999999,0.2717022669999096,0.0660190909998164
WTM,195,tm,81.72,0.275036554000053,0.06746773399981976
WTM,196,tm,80.81,0.2691453940001338,0.06769277800003692
WTM,197,tm,81.19,0.2768085840002641,0.06662667099999453
WTM,198,tm,81.56,0.28167114999996556,0.06709123500013447
WTM,199,tm,81.52000000000001,0.28244515300002604,0.06839283899989823
WTM,200,tm,81.31,0.2710800529998778,0.06878087799987043
WTM,201,tm,81.89999999999999,0.28063162300031763,0.06745100299986007
WTM,202,tm,81.26,0.27590104099999735,0.06733917600013228
WTM,203,tm,81.95,0.2784303430003092,0.06703370099967287
WTM,204,tm,82.14,0.2763222300000052,0.06749525699979131
WTM,205,tm,81.25,0.2777763579997554,0.06665390699981799
WTM,206,tm,81.42,0.2734559400000762,0.0667715020003925
WTM,207,tm,81.96,0.2785603060001449,0.06754261100013537
WTM,208,tm,82.06,0.2736815600001137,0.06678589800003465
WTM,209,tm,81.19,0.2736751910001658,0.06663384600005884
WTM,210,tm,81.82000000000001,0.27612506000014037,0.06839817400032189
WTM,211,tm,82.31,0.27822264899987204,0.06621466699971279
WTM,212,tm,81.83,0.277107051999792,0.06675328800019997
WTM,213,tm,81.91000000000001,0.2741183460002503,0.06843441199998779
WTM,214,tm,81.37,0.27402605399993263,0.06735339499982729
WTM,215,tm,81.31,0.282479469000009,0.06735695599991232
WTM,216,tm,80.97,0.28199115100005656,0.06748238199998013
WTM,217,tm,81.5,0.28128007900022567,0.06713715199975923
WTM,218,tm,81.34,0.27623543299978337,0.06669665599974905
WTM,219,tm,81.81,0.27136253800017585,0.06693265099966084
WTM,220,tm,81.08,0.2769168790000549,0.06681862999994337
WTM,221,tm,81.93,0.2739523690001988,0.06775512199965306
WTM,222,tm,81.62,0.2797656719999395,0.0672072920001483
WTM,223,tm,81.31,0.2619523950002076,0.06873893700003464
WTM,224,tm,81.87,0.27986242000042694,0.06696049399988624
WTM,225,tm,82.06,0.2802418670003135,0.06674856300014653
WTM,226,tm,81.21000000000001,0.26574501100003545,0.06647088399995482
WTM,227,tm,81.58,0.27973106600029496,0.06772184900000866
WTM,228,tm,81.14,0.2746500890002608,0.06679348699981347
WTM,229,tm,81.38,0.25559445699991556,0.0664433070000996
WTM,230,tm,81.89999999999999,0.27495493299966256,0.06855767300021398
WTM,231,tm,81.77,0.2797558570000547,0.06680901400022776
WTM,232,tm,81.95,0.2707394240001122,0.06725854300020728
WTM,233,tm,80.76,0.2773348740001893,0.0670098370001142
WTM,234,tm,81.91000000000001,0.27514090300019234,0.06738161300017964
WTM,235,tm,82.17,0.2750057020002714,0.06618163400025878
WTM,236,tm,81.23,0.2757560680001916,0.06632231399999
WTM,237,tm,80.83,0.277317739999944,0.06863114899988432
WTM,238,tm,81.52000000000001,0.27904737600010776,0.06746799499978806
WTM,239,tm,82.38,0.2730406780001431,0.06856807499980277
WTM,240,tm,80.81,0.2740471450001678,0.06696553499978108
WTM,241,tm,81.54,0.2860049590003655,0.06834195000010368
WTM,242,tm,81.98,0.266349160000118,0.06872108700008539
WTM,243,tm,81.69,0.27713250299984793,0.0670589880000989
WTM,244,tm,82.28999999999999,0.2734637170001406,0.06736565300025177
WTM,245,tm,81.71000000000001,0.2755978079999295,0.06703607500003272
WTM,246,tm,82.17999999999999,0.2652822099998957,0.06701287099986075
WTM,247,tm,81.35,0.2818983140000455,0.06804181000006793
WTM,248,tm,80.80000000000001,0.27923216199997114,0.06838313200023549
WTM,249,tm,80.96,0.2718752680002581,0.0669427870002437
WTM,250,tm,81.84,0.2775842850001027,0.066786016000151
WTM,251,tm,81.65,0.2834277199999633,0.06762359699996523
WTM,252,tm,81.96,0.27666850500008877,0.0682276760003333
WTM,253,tm,80.67,0.2780929929999729,0.06723039100006645
WTM,254,tm,80.91000000000001,0.27469369199980065,0.067667197999981
WTM,255,tm,81.3,0.28026344499994593,0.06780358300011358
WTM,256,tm,82.02000000000001,0.27235628900007214,0.06765418099985254
WTM,257,tm,81.28999999999999,0.28104812299989135,0.06852868200030571
WTM,258,tm,81.01,0.28016859099989233,0.06830008499991891
WTM,259,tm,80.61,0.28063235699983125,0.06737755500034837
WTM,260,tm,81.94,0.2758181039998817,0.06688436600006753
WTM,261,tm,80.36999999999999,0.2821734969998033,0.06774536200009607
WTM,262,tm,81.5,0.2806118560001778,0.0684458360001372
WTM,263,tm,81.25,0.28065904000004593,0.06634301199983383
WTM,264,tm,81.37,0.2805445800004236,0.0665279750000991
WTM,265,tm,81.16,0.27895447400032936,0.06885642099996403
WTM,266,tm,81.67999999999999,0.2823422860001301,0.06653110299976106
WTM,267,tm,81.69999999999999,0.2778201330002048,0.067125679000128
WTM,268,tm,81.73,0.2799484020001728,0.06763895999984015
WTM,269,tm,80.77,0.2715971890002038,0.0669504119996418
WTM,270,tm,80.81,0.2803218100002596,0.06748021499970491
WTM,271,tm,82.08,0.27159352699982264,0.06744279699978506
WTM,272,tm,80.88,0.2724586040003487,0.06658084199989389
WTM,273,tm,81.2,0.2773381980000522,0.06674543600001925
WTM,274,tm,81.92,0.27634181899975374,0.06778577500017491
WTM,275,tm,81.19,0.2840605440001127,0.06735432400000718
WTM,276,tm,80.46,0.281164539999736,0.06741045799981293
WTM,277,tm,80.08,0.28189708600029917,0.06744954500027234
WTM,278,tm,81.54,0.28729884200038214,0.06822847700004786
WTM,279,tm,80.85,0.2834551939999983,0.06826275999992504
WTM,280,tm,80.46,0.2743800700000065,0.06733768200001577
WTM,281,tm,81.78,0.28627742700018644,0.06798554099987086
WTM,282,tm,81.67,0.2796346579998499,0.06700565900018773
WTM,283,tm,81.41000000000001,0.2804097120001643,0.06819284799985326
WTM,284,tm,81.51,0.27951739899981476,0.06785431200023595
WTM,285,tm,81.93,0.273210224000195,0.06799329099976603
WTM,286,tm,80.87,0.2709598430001279,0.06739754899990658
WTM,287,tm,81.69,0.28583866300004956,0.06741476300021532
WTM,288,tm,81.43,0.2774314729999787,0.0676710269999603
WTM,289,tm,80.61,0.27716458499980945,0.06625701400025719
WTM,290,tm,81.73,0.277628199999981,0.06721584799970515
WTM,291,tm,81.67999999999999,0.27337722399988706,0.06716091699991011
WTM,292,tm,81.57,0.2731079229997704,0.06686341000022367
WTM,293,tm,80.55,0.2800791700001355,0.06806158699964726
WTM,294,tm,81.75,0.2795956859999933,0.06705727700000352
WTM,295,tm,82.07,0.2788879180002368,0.06659992999993847
WTM,296,tm,81.38,0.2735769269997945,0.066865389999748
WTM,297,tm,80.55,0.2725419589996818,0.06816189499977554
WTM,298,tm,81.56,0.2770920859998114,0.06695278699999108
WTM,299,tm,82.43,0.27565727100000004,0.06693166200011547
WTM,300,tm,81.44,0.27835354400031065,0.06751485199993112
WTM,301,tm,81.25,0.27461783299986564,0.06663173800006916
WTM,302,tm,81.54,0.2744170999999369,0.0676414500003375
WTM,303,tm,82.15,0.2736893190003684,0.06644670500008942
WTM,304,tm,81.49,0.28279759899987766,0.0674503420000292
WTM,305,tm,82.23,0.27109782700017604,0.06652089899989733
WTM,306,tm,80.32000000000001,0.2798264250000102,0.0677086870000494
WTM,307,tm,82.13000000000001,0.2748422969998501,0.06675958599998921
WTM,308,tm,81.13,0.27203063300021313,0.06486302100029206
WTM,309,tm,81.26,0.2751982609997867,0.06763950499998828
WTM,310,tm,82.23,0.2695852530000593,0.06760324400011086
WTM,311,tm,81.72,0.2829272599997239,0.0676683469996533
WTM,312,tm,82.09,0.2657762020003247,0.06492912600015188
WTM,313,tm,81.78,0.26400524499968014,0.06686267199984286
WTM,314,tm,82.09,0.2772667979998005,0.06737329499992484
WTM,315,tm,81.84,0.2761109719999695,0.06677315899969472
WTM,316,tm,81.81,0.26992359899986695,0.06716598100001647
WTM,317,tm,82.69999999999999,0.27509134100000665,0.06716621300029146
WTM,318,tm,81.41000000000001,0.2717909590001,0.06651613100029863
WTM,319,tm,82.14,0.27536612199992305,0.0672506189998785
WTM,320,tm,81.26,0.27565922599978876,0.06758955500026786
WTM,321,tm,82.04,0.27572864400008257,0.06735729199999696
WTM,322,tm,81.17,0.27528775200016753,0.0675347100000181
WTM,323,tm,82.06,0.27712756299979446,0.06674693999957526
WTM,324,tm,81.69,0.27784208499997476,0.0686859130000812
WTM,325,tm,81.83,0.27226400700010345,0.06717436000008092
WTM,326,tm,81.93,0.2785508160000063,0.0670466739998119
WTM,327,tm,81.08999999999999,0.28192375500020717,0.0665454459999637
WTM,328,tm,80.39,0.2800427120000677,0.06811371999992843
WTM,329,tm,81.55,0.28385366600014095,0.06869259199993394
WTM,330,tm,82.28,0.2763542590000725,0.06782099899965033
WTM,331,tm,80.17999999999999,0.27642424099985874,0.06804680699997334
WTM,332,tm,81.78999999999999,0.2714529949998905,0.06842941700006122
WTM,333,tm,82.44,0.27576125600035084,0.06438136199994915
WTM,334,tm,81.55,0.271639438999955,0.06749112199986484
WTM,335,tm,81.75,0.27124475599975995,0.06674169699999766
WTM,336,tm,80.54,0.26898210299987113,0.06799897600012628
WTM,337,tm,81.13,0.27389983199964263,0.06664798600013455
WTM,338,tm,81.67999999999999,0.2924941940000281,0.06821352299994032
WTM,339,tm,80.7,0.28299094700014393,0.07309411400001409
WTM,340,tm,81.62,0.2728165599996828,0.06755836799993631
WTM,341,tm,81.5,0.2703847920001863,0.07172166400005153
WTM,342,tm,81.44,0.26769198100009817,0.06621443399990312
WTM,343,tm,81.55,0.2766272280000521,0.0668021339997722
WTM,344,tm,81.57,0.27505768399987574,0.06711279099999956
WTM,345,tm,81.32000000000001,0.26975283499996294,0.06635145600012038
WTM,346,tm,81.56,0.27140166600020166,0.06726948499999708
WTM,347,tm,81.47999999999999,0.2687761160000264,0.06764013599968166
WTM,348,tm,81.78,0.2785274060001939,0.06689748000007967
WTM,349,tm,81.92,0.27175625000018044,0.06706709399986721
WTM,350,tm,81.67999999999999,0.2776247000001604,0.0679095270002108
WTM,351,tm,82.48,0.2763054050001301,0.06732850999969742
WTM,352,tm,80.5,0.27770708600019134,0.06631341499996779
WTM,353,tm,81.39,0.2770671680000305,0.06641743300042435
WTM,354,tm,81.36,0.2788858660001097,0.06620538900006068
WTM,355,tm,80.97999999999999,0.27736240500007625,0.06725383799994233
WTM,356,tm,81.08999999999999,0.2701246510000601,0.06853687600005287
WTM,357,tm,81.88,0.272034808999706,0.06742568700019547
WTM,358,tm,81.83,0.2743238259999998,0.06751350900003672
WTM,359,tm,82.17999999999999,0.2808191760000227,0.06842928300011408
WTM,360,tm,81.24,0.2786882370000967,0.06667977300003258
WTM,361,tm,82.27,0.282320909000191,0.06728427699999884
WTM,362,tm,81.37,0.28046421500039287,0.06711082499987242
WTM,363,tm,81.78,0.27587813899981484,0.06735275900018678
WTM,364,tm,80.65,0.28083336899999267,0.06656897400034723
WTM,365,tm,80.51,0.27442827699996997,0.06759874700037471
WTM,366,tm,81.53,0.2748789720003515,0.06644025200012038
WTM,367,tm,79.33,0.27310899099984454,0.06581993999998303
WTM,368,tm,81.88,0.2705640439999115,0.06668075399966256
WTM,369,tm,81.05,0.2735284750001483,0.06978016299990486
WTM,370,tm,81.62,0.2691136219996224,0.0647760910001125
WTM,371,tm,81.51,0.2729595179998796,0.06808592600009433
WTM,372,tm,82.22,0.27734886799999003,0.06659409099984259
WTM,373,tm,82.21000000000001,0.27412383099999715,0.06805485099994257
WTM,374,tm,82.11,0.28142878899961943,0.0681944959997054
WTM,375,tm,81.8,0.2758151990001352,0.06831932999966739
WTM,376,tm,81.37,0.2710606350001399,0.0687240990000646
WTM,377,tm,81.73,0.28251118300022426,0.07136906400000953
WTM,378,tm,82.66,0.2767798700001549,0.06733752599984655
WTM,379,tm,81.69,0.2846820489999118,0.06798194500015597
WTM,380,tm,81.61,0.27482047000012244,0.06796259499969892
WTM,381,tm,80.62,0.2726992729999438,0.06822570399981487
WTM,382,tm,81.81,0.2761337629999616,0.06789545000037833
WTM,383,tm,81.21000000000001,0.2715760119999686,0.06826198599992495
WTM,384,tm,81.0,0.2765733179999188,0.06817689000035898
WTM,385,tm,81.71000000000001,0.27576446700004453,0.06686958899990714
WTM,386,tm,81.74,0.27450655999973606,0.07171271100014565
WTM,387,tm,80.65,0.2800488860002588,0.06742770099981499
WTM,388,tm,81.67,0.27276464700025826,0.06711520700036999
WTM,389,tm,81.94,0.2727537639998445,0.06854729400038195
WTM,390,tm,82.32000000000001,0.27900563799994416,0.0688235520001399
WTM,391,tm,82.28999999999999,0.2753457100002379,0.06733285199970851
WTM,392,tm,82.08,0.27272164599980897,0.06763769500003036
WTM,393,tm,81.96,0.28082348599991747,0.06714609500022561
WTM,394,tm,81.32000000000001,0.28646390799985966,0.06722108499980095
WTM,395,tm,81.06,0.27593616400008614,0.06795360699970843
WTM,396,tm,80.78999999999999,0.27713943200024005,0.06768047799960186
WTM,397,tm,81.28999999999999,0.278529737000099,0.0681548530001237
WTM,398,tm,80.85,0.27871154900003603,0.06995505900022181
WTM,399,tm,81.28,0.26586442100006025,0.06823213400002714
WTM,400,tm,81.81,0.2759269879998101,0.06865577499956999
WTM,401,tm,81.99,0.28143615399994815,0.06860559000006106
WTM,402,tm,80.7,0.2729463509999732,0.06773342799988313
WTM,403,tm,80.04,0.283138678999876,0.06604933600010554
WTM,404,tm,81.62,0.2784703079996689,0.06685065800002121
WTM,405,tm,81.05,0.2800210299997161,0.06738786200003233
WTM,406,tm,81.84,0.275748224000381,0.06744518499999685
WTM,407,tm,82.27,0.273144486000092,0.0680079650001062
WTM,408,tm,80.91000000000001,0.27395607500011465,0.06823421099988991
WTM,409,tm,81.55,0.2755197260003115,0.06765688199993747
WTM,410,tm,82.34,0.27268882499993197,0.06735047899974234
WTM,411,tm,81.92,0.2813470710002548,0.06814754300012282
WTM,412,tm,82.50999999999999,0.2682736289998502,0.06645335799976237
WTM,413,tm,81.49,0.2797618990002775,0.06552092699985224
WTM,414,tm,81.43,0.2798420359999909,0.06680334400016363
WTM,415,tm,80.21000000000001,0.27615035999997417,0.06819132300006459
WTM,416,tm,82.09,0.28783482699964225,0.06692785399991408
WTM,417,tm,80.92,0.27249515400035307,0.06720709699993677
WTM,418,tm,81.06,0.279336967999825,0.06717552400004934
WTM,419,tm,81.65,0.2748721529997056,0.06775548999985403
WTM,420,tm,82.14,0.2767550549997395,0.06675425399998858
WTM,421,tm,81.78,0.2766793149999103,0.0661833259996456
WTM,422,tm,82.17999999999999,0.27530224600013753,0.0675136099998781
WTM,423,tm,82.04,0.26616377899972576,0.06641669999999067
WTM,424,tm,80.36999999999999,0.2646783499999401,0.06717869500016604
WTM,425,tm,81.34,0.27862422899988815,0.06637112799990064
WTM,426,tm,81.69999999999999,0.2780900689999726,0.06720737800014831
WTM,427,tm,81.39999999999999,0.27214842200010025,0.06714863800016246
WTM,428,tm,81.11,0.2710442820002754,0.06679630099961287
WTM,429,tm,82.12,0.2643640649998815,0.06651759599981233
WTM,430,tm,80.06,0.27441962200009584,0.06371922600010294
WTM,431,tm,82.01,0.27108158800001547,0.06619709200003854
WTM,432,tm,81.67,0.2676263180001115,0.06701322399976561
WTM,433,tm,82.44,0.2760723549999966,0.06643224999970698
WTM,434,tm,82.45,0.2705440530003216,0.06574751800008016
WTM,435,tm,82.19,0.2682582550000916,0.06750501299984535
WTM,436,tm,81.64,0.2720221730000958,0.06744529899970075
WTM,437,tm,81.72,0.2790251580004224,0.06682946099999754
WTM,438,tm,82.0,0.2764814719998867,0.06658650800000032
WTM,439,tm,81.74,0.2733172339999328,0.06704736299980141
WTM,440,tm,81.97,0.2735118609998608,0.06737800400014748
WTM,441,tm,81.47,0.27428183100028036,0.06770953000022928
WTM,442,tm,80.97,0.273762092999732,0.06702790299959815
WTM,443,tm,82.16,0.27544835700018666,0.06624590599994917
WTM,444,tm,81.75,0.27884434999987207,0.06651659499993912
WTM,445,tm,82.1,0.2701520140003595,0.06720759100016949
WTM,446,tm,81.86,0.2793617990000712,0.06855254399988553
WTM,447,tm,82.28,0.2779537540000092,0.06774272000029669
WTM,448,tm,81.44,0.27641517099982593,0.06713915999989695
WTM,449,tm,81.43,0.2811109099998248,0.0681297959999938
WTM,450,tm,81.27,0.2757514899999478,0.06841954399988026
WTM,451,tm,82.28,0.27996010900005786,0.0673763930003588
WTM,452,tm,81.21000000000001,0.275418585999887,0.06709872300007191
WTM,453,tm,81.17999999999999,0.2765540659997896,0.06840802200031249
WTM,454,tm,81.47,0.27887087299995983,0.06891893400006666
WTM,455,tm,81.23,0.2728596590000052,0.06747924899991631
WTM,456,tm,81.69,0.27722284700030286,0.06896832599977643
WTM,457,tm,82.15,0.2734893070000908,0.0660075210003015
WTM,458,tm,81.99,0.27230764999967505,0.06767490599986559
WTM,459,tm,81.04,0.2716926789998979,0.06697634100009964
WTM,460,tm,81.53,0.28125558100009584,0.06717088599998533
WTM,461,tm,81.39,0.2792636180001864,0.06736653500001921
WTM,462,tm,82.28,0.2790578710000773,0.06701476099988213
WTM,463,tm,81.78999999999999,0.28373012300016853,0.06555830600018453
WTM,464,tm,82.45,0.2772282680002718,0.0670532799999819
WTM,465,tm,80.80000000000001,0.27893654599984075,0.06724179599996205
WTM,466,tm,82.49,0.272435803999997,0.06733496900005775
WTM,467,tm,82.27,0.2758731670000998,0.06694594900000084
WTM,468,tm,81.63,0.2825844280000638,0.06712373999971533
WTM,469,tm,81.78,0.2816811699999562,0.0668525099999897
WTM,470,tm,81.88,0.27535361900027056,0.06707226399976207
WTM,471,tm,81.78,0.2829293909999251,0.0669650219997493
WTM,472,tm,81.93,0.2801377969999521,0.06718892400022014
WTM,473,tm,80.95,0.279529729999922,0.0682509339999342
WTM,474,tm,82.3,0.2794243160001315,0.06801378399995883
WTM,475,tm,81.21000000000001,0.2815801950000605,0.06765771400023368
WTM,476,tm,81.64,0.27535089299999527,0.06811666799967497
WTM,477,tm,82.19999999999999,0.27283988299996054,0.0671708029999536
WTM,478,tm,82.55,0.28153701699966405,0.06836154899974645
WTM,479,tm,82.47,0.2704851210000925,0.06763552299980802
WTM,480,tm,82.24000000000001,0.2745455769995715,0.0684029220001321
WTM,481,tm,82.3,0.27494790399987323,0.06793166499983272
WTM,482,tm,81.74,0.27295058000026984,0.06684366699983002
WTM,483,tm,80.69,0.2680008040001667,0.06696530399995027
WTM,484,tm,81.62,0.27419285399992077,0.06807312299997648
WTM,485,tm,82.25,0.2780797380000877,0.06683320799993453
WTM,486,tm,81.23,0.27899665699987963,0.06732229199997164
WTM,487,tm,81.27,0.2784799680002834,0.06822158200020567
WTM,488,tm,81.72,0.2752009609998822,0.06615649500008658
WTM,489,tm,82.01,0.27225774699991234,0.06758346199967491
WTM,490,tm,81.76,0.26780732899987925,0.0668323079999027
WTM,491,tm,81.81,0.2745162579999487,0.0663666580003337
WTM,492,tm,81.53,0.2744136950000211,0.06630329899962817
WTM,493,tm,79.66,0.26740537599971503,0.0668559389996517
WTM,494,tm,81.92,0.27438081499985856,0.06588890100010758
WTM,495,tm,82.08,0.26878792700017584,0.06701499800010424
WTM,496,tm,81.67,0.27768014999992374,0.06666982600017946
WTM,497,tm,81.49,0.2693523469997672,0.06728143999998792
WTM,498,tm,81.69,0.27125776500042775,0.06685322400016958
WTM,499,tm,81.46,0.2703989410001668,0.06681225500005894
WTM,500,tm,81.05,0.27976554400038367,0.06690140299997438
WTM-NN,1,tm,76.55999999999999,0.35658141599969895,0.0649660149997544
WTM-NN,2,tm,77.4,0.3365194379998684,0.06697837699994125
WTM-NN,3,tm,78.67,0.3221342410001853,0.06603407300008257
WTM-NN,4,tm,79.28,0.31937422400005744,0.06621911100000943
WTM-NN,5,tm,79.33,0.3176261569997223,0.0670831319998797
WTM-NN,6,tm,79.49000000000001,0.31276943700004267,0.06720975799998996
WTM-NN,7,tm,79.56,0.31608381099977123,0.06694198800005324
WTM-NN,8,tm,79.96,0.3084289019998323,0.06781008799998745
WTM-NN,9,tm,80.21000000000001,0.30384067599970876,0.06667855800014877
WTM-NN,10,tm,81.08,0.29961606899996696,0.06771859699983906
WTM-NN,11,tm,80.89,0.3147987090001152,0.06761219400004848
WTM-NN,12,tm,81.01,0.2982578889996148,0.06625337900004524
WTM-NN,13,tm,80.31,0.29095955899992987,0.06816280100019867
WTM-NN,14,tm,81.07,0.2859952449998673,0.0665788070000417
WTM-NN,15,tm,80.25999999999999,0.2941854099999546,0.06706305699981385
WTM-NN,16,tm,80.25,0.28490306999992754,0.06869563600002948
WTM-NN,17,tm,80.30000000000001,0.29616064199990433,0.06817583800011562
WTM-NN,18,tm,81.04,0.28929629999993267,0.06770680799991169
WTM-NN,19,tm,80.35,0.288977844999863,0.06769414899963522
WTM-NN,20,tm,79.91,0.29745130800029074,0.06603283200001897
WTM-NN,21,tm,81.42,0.29014322400007586,0.06724064100035321
WTM-NN,22,tm,81.05,0.2914737219998642,0.06795714099962424
WTM-NN,23,tm,80.69,0.28572508400020524,0.06778910699995322
WTM-NN,24,tm,81.10000000000001,0.283539620999818,0.06750538599999345
WTM-NN,25,tm,81.16,0.29075181100006375,0.06759024700022565
WTM-NN,26,tm,80.71000000000001,0.2902504409998983,0.06646369599957325
WTM-NN,27,tm,81.63,0.2803107050003746,0.06643928900030005
WTM-NN,28,tm,81.47,0.2846613540000362,0.06693983400009529
WTM-NN,29,tm,80.32000000000001,0.28617344900021635,0.06654084399997373
WTM-NN,30,tm,80.74,0.285873889999948,0.0676787229999718
WTM-NN,31,tm,81.42,0.2902099019997877,0.06693963499992606
WTM-NN,32,tm,81.69999999999999,0.28057450200003586,0.06720925699983127
WTM-NN,33,tm,80.82000000000001,0.2847651100000803,0.06679968200023723
WTM-NN,34,tm,81.17999999999999,0.2872186999998121,0.06670768899994073
WTM-NN,35,tm,81.28999999999999,0.28576452300012534,0.06816889399988213
WTM-NN,36,tm,81.67999999999999,0.28625272899989795,0.06823534099976314
WTM-NN,37,tm,79.74,0.28023746200005917,0.06806948100029331
WTM-NN,38,tm,81.38,0.2856734469996809,0.06820886099967538
WTM-NN,39,tm,80.72,0.2877366800003074,0.06731341600016094
WTM-NN,40,tm,80.61,0.2923900880000474,0.06655086399996435
WTM-NN,41,tm,82.08,0.2814918019998913,0.0670332600002439
WTM-NN,42,tm,80.31,0.2861979250001241,0.06704135300014968
WTM-NN,43,tm,80.78,0.2843415190000087,0.06655041700014408
WTM-NN,44,tm,80.91000000000001,0.283604607000143,0.06607684800019342
WTM-NN,45,tm,81.27,0.286838563999936,0.06716258300002664
WTM-NN,46,tm,81.45,0.2842797650000648,0.06808360500008348
WTM-NN,47,tm,81.74,0.2881284349996349,0.06780330799983858
WTM-NN,48,tm,81.78,0.2874791350000123,0.06683652200035795
WTM-NN,49,tm,81.33,0.27857049700014613,0.06864490499992826
WTM-NN,50,tm,81.3,0.28677847700009806,0.06663914299997487
WTM-NN,51,tm,80.88,0.276774764000038,0.06766457200001241
WTM-NN,52,tm,81.91000000000001,0.2869340319998628,0.06739253400019152
WTM-NN,53,tm,81.23,0.2855646670000169,0.06698245300003691
WTM-NN,54,tm,81.77,0.2822822369998903,0.06720987399967271
WTM-NN,55,tm,80.03,0.2899413329996605,0.06640872799971476
WTM-NN,56,tm,81.24,0.2867964829997618,0.06674634799992418
WTM-NN,57,tm,81.45,0.28320757499977844,0.06678175500019279
WTM-NN,58,tm,81.34,0.27440513200008354,0.0690152729998772
WTM-NN,59,tm,81.78999999999999,0.2867928910000046,0.06704074199979004
WTM-NN,60,tm,80.60000000000001,0.28467513299983693,0.06765845699965212
WTM-NN,61,tm,81.76,0.27743054399979883,0.06823229999963587
WTM-NN,62,tm,80.82000000000001,0.27478249199975835,0.06640532600022198
WTM-NN,63,tm,80.99,0.28791560199988453,0.06690289699963614
WTM-NN,64,tm,80.55,0.2692413040003885,0.06772345299987137
WTM-NN,65,tm,80.83,0.2816294899998866,0.06709417899992332
WTM-NN,66,tm,81.46,0.28912381999998615,0.06631393399993613
WTM-NN,67,tm,80.78999999999999,0.2747663410000314,0.06738708700004281
WTM-NN,68,tm,81.22,0.2798322180001378,0.0655450149997705
WTM-NN,69,tm,82.04,0.28769926499990106,0.06710922999991453
WTM-NN,70,tm,81.23,0.2814075380001668,0.06651510399979088
WTM-NN,71,tm,81.28,0.2702249829999346,0.06514287900017735
WTM-NN,72,tm,81.12,0.271913023000252,0.06500297200000205
WTM-NN,73,tm,81.22,0.28464408900026683,0.0682051799999499
WTM-NN,74,tm,82.17,0.2765993959997104,0.0673831189997145
WTM-NN,75,tm,82.16,0.26881362499989336,0.06663131400000566
WTM-NN,76,tm,82.01,0.27535854200004906,0.06689830700042876
WTM-NN,77,tm,80.61,0.2727901200000815,0.06585701900030472
WTM-NN,78,tm,80.81,0.28495323799961625,0.06620140499990157
WTM-NN,79,tm,81.58999999999999,0.2873725879999256,0.06793854800025656
WTM-NN,80,tm,81.54,0.2828132199997526,0.06639497900005153
WTM-NN,81,tm,79.72,0.2826552409997021,0.06823264700005893
WTM-NN,82,tm,79.93,0.2818452100000286,0.0722115019998455
WTM-NN,83,tm,80.81,0.28711699999985285,0.06641253199995845
WTM-NN,84,tm,81.5,0.28050457300014386,0.06712121400005344
WTM-NN,85,tm,82.08,0.27860980900004506,0.06797652900013418
WTM-NN,86,tm,81.23,0.2867939769998884,0.068065377000039
WTM-NN,87,tm,81.89,0.2789994929999011,0.06690028100001655
WTM-NN,88,tm,80.58,0.2836532299997998,0.06848476300001494
WTM-NN,89,tm,81.67999999999999,0.2730731800002104,0.06729219599992575
WTM-NN,90,tm,80.52,0.2767248430000109,0.06842853999978615
WTM-NN,91,tm,82.03,0.2839869610002097,0.06665583200037872
WTM-NN,92,tm,81.64,0.28763009099975534,0.06769722599983652
WTM-NN,93,tm,80.87,0.27235121200010326,0.06745588400008273
WTM-NN,94,tm,81.16,0.2802512680000291,0.06817352300004131
WTM-NN,95,tm,81.58999999999999,0.27648686399970757,0.06801532199961002
WTM-NN,96,tm,81.46,0.279565231000106,0.06860068700007105
WTM-NN,97,tm,81.67,0.28137015700031043,0.06692496000005121
WTM-NN,98,tm,81.75,0.27476139099962893,0.06776695099961216
WTM-NN,99,tm,81.2,0.2819538700000521,0.06767386100000294
WTM-NN,100,tm,80.51,0.283638104000147,0.06753441299997576
WTM-NN,101,tm,80.87,0.27795840499993574,0.06798502500032555
WTM-NN,102,tm,82.07,0.2776508750002904,0.06822798399980456
WTM-NN,103,tm,78.96,0.2805335139996714,0.06750822699996206
WTM-NN,104,tm,80.58,0.27777431200001956,0.06846337700017102
WTM-NN,105,tm,81.42,0.2797471950002546,0.06804381499978263
WTM-NN,106,tm,80.63,0.2769185459997061,0.06800300399982007
WTM-NN,107,tm,81.19,0.2806307129999368,0.06845083899997917
WTM-NN,108,tm,80.35,0.28600070199991023,0.0680813560002207
WTM-NN,109,tm,81.16,0.28420535699979155,0.06762989200024094
WTM-NN,110,tm,82.25,0.27865967500019906,0.0675882359996649
WTM-NN,111,tm,80.82000000000001,0.27382814700013114,0.06514923899976566
WTM-NN,112,tm,81.45,0.27097460000004503,0.06737255199959691
WTM-NN,113,tm,80.69,0.27671180300012566,0.06734833000018625
WTM-NN,114,tm,82.37,0.28790091300015774,0.06668005100027585
WTM-NN,115,tm,81.41000000000001,0.27269975799981694,0.06658299700029602
WTM-NN,116,tm,81.43,0.27333357899988187,0.06631282199987254
WTM-NN,117,tm,81.32000000000001,0.28074736500002473,0.0675321610001447
WTM-NN,118,tm,81.89,0.27293887399991945,0.06791902499981006
WTM-NN,119,tm,81.54,0.27987550399984684,0.06737102099987169
WTM-NN,120,tm,81.77,0.2718843069997092,0.06749329100011892
WTM-NN,121,tm,81.54,0.2727615460003108,0.06675960199982
WTM-NN,122,tm,82.3,0.2773769660002472,0.06663506499990035
WTM-NN,123,tm,81.91000000000001,0.28701852299991515,0.06609856399973069
WTM-NN,124,tm,81.61,0.2761316060000354,0.06645451099984712
WTM-NN,125,tm,81.28,0.27511051600004066,0.06698783999991065
WTM-NN,126,tm,81.27,0.27876432699986253,0.06773191399997813
WTM-NN,127,tm,81.6,0.27282701399963116,0.06780739999976504
WTM-NN,128,tm,81.75,0.2884246839998923,0.0677125239999441
WTM-NN,129,tm,81.28,0.2802196269999513,0.06698538800037568
WTM-NN,130,tm,81.61,0.2731423300001552,0.06736324500025148
WTM-NN,131,tm,80.44,0.28888651299985213,0.06733884499999476
WTM-NN,132,tm,81.64,0.27699758300013855,0.06827962899978957
WTM-NN,133,tm,81.84,0.27655920099959985,0.0666583169995647
WTM-NN,134,tm,81.0,0.2725846140001522,0.06810910400008652
WTM-NN,135,tm,82.53,0.28084096799966574,0.06775236599969503
WTM-NN,136,tm,81.17999999999999,0.27929933199993684,0.06779026399999566
WTM-NN,137,tm,81.84,0.2755644969997775,0.06684680700027457
WTM-NN,138,tm,81.52000000000001,0.2861532500000976,0.0690818500002024
WTM-NN,139,tm,81.15,0.2810843029997159,0.06862648000014815
WTM-NN,140,tm,80.38,0.2761048320003283,0.0681146679999074
WTM-NN,141,tm,81.67,0.2676106779999827,0.06755817199973535
WTM-NN,142,tm,81.71000000000001,0.27671096299991405,0.06790819700017892
WTM-NN,143,tm,80.22,0.28096813999991355,0.06763657000010426
WTM-NN,144,tm,80.67,0.27572394099979647,0.066981448000206
WTM-NN,145,tm,81.38,0.2857803319998311,0.06739053599994804
WTM-NN,146,tm,80.45,0.2780513960001372,0.06826677400022163
WTM-NN,147,tm,81.14,0.2745513410000058,0.06656740500011438
WTM-NN,148,tm,81.42,0.2895840959999987,0.06653391300005751
WTM-NN,149,tm,80.94,0.27737269500039474,0.06817323199993552
WTM-NN,150,tm,79.89,0.28653408099989974,0.06806895399995483
WTM-NN,151,nn,83.48,0.16942445099994075,0.06503339099981531
WTM-NN,152,nn,83.85000000000001,0.27044121599965365,0.06575284599966835
WTM-NN,153,nn,83.67,0.1891484450002281,0.06732780199990884
WTM-NN,154,nn,83.42,0.188240837000194,0.068548612000086
WTM-NN,155,nn,83.7,0.18674622100024862,0.06696054700023524
WTM-NN,156,nn,83.52000000000001,0.18535448300008284,0.06672062200004802
WTM-NN,157,nn,83.56,0.1917511349997767,0.06762551800011352
WTM-NN,158,nn,83.63000000000001,0.18357240399973307,0.06723782200015194
WTM-NN,159,nn,83.6,0.2404884249999668,0.06747827200024403
WTM-NN,160,nn,83.58,0.18454203800001778,0.0678765390002809
WTM-NN,161,nn,83.46000000000001,0.18133836300012263,0.06575358100008089
WTM-NN,162,nn,83.6,0.17820935200006716,0.06848726999987775
WTM-NN,163,nn,83.59,0.23628676599992104,0.06778217900000527
WTM-NN,164,nn,83.72,0.18182394599989493,0.0679653230004078
WTM-NN,165,nn,83.50999999999999,0.1784040890001961,0.06571273300005487
WTM-NN,166,nn,83.58,0.1783406270001251,0.06829252900024585
WTM-NN,167,nn,83.63000000000001,0.17925217099991642,0.06593798799985962
WTM-NN,168,nn,83.72,0.17837771300037275,0.06784884199987573
WTM-NN,169,nn,83.76,0.17839526199986722,0.06745081999997637
WTM-NN,170,nn,83.85000000000001,0.17966597399981765,0.06703407299983155
WTM-NN,171,nn,83.78999999999999,0.2403280159996939,0.0673172489996432
WTM-NN,172,nn,83.95,0.17823579600008088,0.06725426200000584
WTM-NN,173,nn,83.91,0.17937051299986706,0.06708406200004902
WTM-NN,174,nn,83.91999999999999,0.17998063999993974,0.067229899999802
WTM-NN,175,nn,83.89999999999999,0.23645878999968772,0.06760192399997322
WTM-NN,176,nn,84.00999999999999,0.1777689030000147,0.06674380200001906
WTM-NN,177,nn,84.06,0.1788466520001748,0.06772892099979799
WTM-NN,178,nn,84.11999999999999,0.17994511100005184,0.06805259900011151
WTM-NN,179,nn,84.05,0.17816850300005171,0.06689824099976249
WTM-NN,180,nn,84.17,0.17907783800001198,0.066911422999965
WTM-NN,181,nn,84.21,0.1809320369998204,0.06959178000033717
WTM-NN,182,nn,84.25,0.19257184400021288,0.065338815999894
WTM-NN,183,nn,84.21,0.2511424200001784,0.06643245099985506
WTM-NN,184,nn,84.22,0.19228388700003052,0.06812923999996201
WTM-NN,185,nn,84.33,0.19207275700000537,0.06672788200012292
WTM-NN,186,nn,84.33,0.19060825100041257,0.07423891600001298
WTM-NN,187,nn,84.31,0.2513923120000072,0.067586289999781
WTM-NN,188,nn,84.41,0.19240586399973836,0.06663114699995276
WTM-NN,189,nn,84.33,0.19273562199987282,0.06765196800006379
WTM-NN,190,nn,84.37,0.19131866599991554,0.06773922599995785
WTM-NN,191,nn,84.37,0.17878475799989246,0.06855844099982278
WTM-NN,192,nn,84.41,0.19110898500002804,0.06693595699971411
WTM-NN,193,nn,84.39999999999999,0.19286184900010994,0.06622566999976698
WTM-NN,194,nn,84.50999999999999,0.2523322309998548,0.06813313300017398
WTM-NN,195,nn,84.72,0.18151365299991085,0.0657529070003875
WTM-NN,196,nn,84.56,0.19460440000011658,0.06640346499989391
WTM-NN,197,nn,84.56,0.19003297400013253,0.06868980500030375
WTM-NN,198,nn,84.57000000000001,0.24153187799993248,0.06860194300043077
WTM-NN,199,nn,84.72,0.18959763200018642,0.06819531400014966
WTM-NN,200,nn,84.68,0.192737753000074,0.06703314700007468
WTM-NN,201,nn,84.50999999999999,0.18990246699968338,0.0680156920002446
WTM-NN,202,nn,84.81,0.182404466999742,0.06774947000030807
WTM-NN,203,nn,84.66,0.191945893999673,0.06719936199988297
WTM-NN,204,nn,84.61999999999999,0.1947742229999676,0.06846742400011863
WTM-NN,205,nn,84.66,0.19157796400031657,0.06735435599966877
WTM-NN,206,nn,84.7,0.2492756139999983,0.06718474199988123
WTM-NN,207,nn,84.68,0.1896835210000063,0.06891800299990791
WTM-NN,208,nn,84.74000000000001,0.1981071959999099,0.0676158790001864
WTM-NN,209,nn,84.85000000000001,0.19161173300017253,0.06767241700026716
WTM-NN,210,nn,84.7,0.25004185299985693,0.06845064199978879
WTM-NN,211,nn,84.78,0.19276197799990769,0.06733126500012077
WTM-NN,212,nn,84.81,0.18546484299986332,0.06730056100013826
WTM-NN,213,nn,84.81,0.1899913799998103,0.06793308099986461
WTM-NN,214,nn,84.87,0.17386795800030086,0.06926741899997069
WTM-NN,215,nn,84.76,0.19261849600025016,0.06685946699963097
WTM-NN,216,nn,84.88,0.1909392569996271,0.0679346700003407
WTM-NN,217,nn,84.78999999999999,0.24422651600025347,0.0667272860000594
WTM-NN,218,nn,84.91,0.19302027200001248,0.06769305900024847
WTM-NN,219,nn,84.8,0.19390461400007553,0.06692240099982882
WTM-NN,220,nn,84.74000000000001,0.1899675429999661,0.06717366199973185
WTM-NN,221,nn,84.93,0.25043584100012595,0.06800756700022248
WTM-NN,222,nn,84.84,0.1917145980000896,0.06857105300014155
WTM-NN,223,nn,84.67,0.1931184810000559,0.0681831830002011
WTM-NN,224,nn,84.76,0.19373877299995002,0.06846659299981184
WTM-NN,225,nn,84.83000000000001,0.19153279300007853,0.06847821999963344
WTM-NN,226,nn,84.85000000000001,0.19342179200020837,0.06601510900009089
WTM-NN,227,nn,84.8,0.17150521499979732,0.06652122100013003
WTM-NN,228,nn,84.75,0.18435916800035557,0.06554735700001402
WTM-NN,229,nn,84.77,0.25089246300012746,0.06603202699989197
WTM-NN,230,nn,84.75,0.18348542200010343,0.07235977900018042
WTM-NN,231,nn,84.85000000000001,0.19342404300005,0.06773464000025342
WTM-NN,232,nn,84.86,0.1947500480000599,0.06759308900018368
WTM-NN,233,nn,84.83000000000001,0.24653049199969246,0.06748419499990632
WTM-NN,234,nn,84.81,0.18422155999996903,0.06811994299960134
WTM-NN,235,nn,84.81,0.18360358300014923,0.06762974200000826
WTM-NN,236,nn,84.92,0.18226298999979917,0.06489228700002059
WTM-NN,237,nn,84.73,0.19288296200011246,0.06812943800014182
WTM-NN,238,nn,84.93,0.18899491899992427,0.06728911000027438
WTM-NN,239,nn,84.77,0.18919241200001125,0.06878298099991298
WTM-NN,240,nn,84.77,0.18072152800004915,0.06904399299992292
WTM-NN,241,nn,84.82,0.24994025900014094,0.06774545400003262
WTM-NN,242,nn,84.88,0.19071738299999197,0.06741600299983475
WTM-NN,243,nn,84.82,0.18752875900008803,0.06801156399978936
WTM-NN,244,nn,84.73,0.18603517900010047,0.0675020910002786
WTM-NN,245,nn,84.85000000000001,0.247905045999687,0.0675984019999305
WTM-NN,246,nn,84.82,0.18488372999991043,0.06701122799995574
WTM-NN,247,nn,84.65,0.17935852300024635,0.06785997799988763
WTM-NN,248,nn,84.86,0.17775983100000303,0.06884164700022666
WTM-NN,249,nn,84.8,0.17853984800012768,0.06712174499989487
WTM-NN,250,nn,84.77,0.18110350500001005,0.06457033000015144
WTM-NN,251,nn,84.81,0.17873707399985506,0.06580740799972773
WTM-NN,252,nn,84.82,0.23780171199996403,0.06871746499973597
WTM-NN,253,nn,84.88,0.18089800600000672,0.06797410799981662
WTM-NN,254,nn,84.86,0.17807342000014614,0.06683866899993518
WTM-NN,255,nn,84.73,0.1794624079998357,0.068794662000073
WTM-NN,256,nn,84.83000000000001,0.23522331100002702,0.06718447699995522
WTM-NN,257,nn,84.76,0.1787740899999335,0.06767040899967469
WTM-NN,258,nn,84.72,0.17830155299998296,0.06758202000037272
WTM-NN,259,nn,84.83000000000001,0.184485106000011,0.06746081400024195
WTM-NN,260,nn,84.86,0.17825016300002972,0.06623330499996882
WTM-NN,261,nn,84.84,0.17940004000001863,0.06632122300015908
WTM-NN,262,nn,84.81,0.1871240690002196,0.06806286899973202
WTM-NN,263,nn,84.64,0.1860442279999006,0.06701352899972335
WTM-NN,264,nn,84.78999999999999,0.24546210600010454,0.0666720469998836
WTM-NN,265,nn,84.89999999999999,0.1858327999998437,0.06473236900001211
WTM-NN,266,nn,84.78999999999999,0.18320734799999627,0.06629163500019786
WTM-NN,267,nn,84.8,0.1888460049999594,0.06666526400022121
WTM-NN,268,nn,84.81,0.24743862900004387,0.06779267500041897
WTM-NN,269,nn,84.81,0.17788106900025014,0.06406895899999654
WTM-NN,270,nn,84.89999999999999,0.17561075699995854,0.06757058299990604
WTM-NN,271,nn,84.6,0.19160900599990782,0.0676449530001264
WTM-NN,272,nn,84.78,0.19096691799995824,0.06653190699989864
WTM-NN,273,nn,84.89999999999999,0.19103531700011445,0.0651076170001943
WTM-NN,274,nn,84.76,0.17775799499986533,0.06752549900011218
WTM-NN,275,nn,84.81,0.17827609899995878,0.06666296100002
WTM-NN,276,nn,84.84,0.24825284600001396,0.06581316599977072
WTM-NN,277,nn,84.86,0.18732348899993667,0.06774815100015985
WTM-NN,278,nn,84.89999999999999,0.19233376399961344,0.06731353599980139
WTM-NN,279,nn,84.84,0.1913378740000553,0.06617740100000447
WTM-NN,280,nn,84.73,0.23520895599995129,0.06718897900009324
WTM-NN,281,nn,84.77,0.17300464899972212,0.06730347600023379
WTM-NN,282,nn,84.83000000000001,0.18974844800004576,0.0687950980000096
WTM-NN,283,nn,84.81,0.18085446700024477,0.06696860299962282
WTM-NN,284,nn,84.95,0.1784400070000629,0.06774823500018101
WTM-NN,285,nn,84.83000000000001,0.17836744800024462,0.06845269799987364
WTM-NN,286,nn,84.99,0.17873460700002397,0.06639181699983965
WTM-NN,287,nn,84.85000000000001,0.23662874699994063,0.06694416300024386
WTM-NN,288,nn,84.83000000000001,0.17824029399980645,0.06686512900023445
WTM-NN,289,nn,84.71,0.1795905680000942,0.0666253859999415
WTM-NN,290,nn,84.8,0.18094172500013883,0.06784865100007664
WTM-NN,291,nn,84.8,0.2372079379997558,0.06666031200029465
WTM-NN,292,nn,84.82,0.17837865699993927,0.06711418000031699
WTM-NN,293,nn,84.85000000000001,0.17959966899979918,0.06668793900007586
WTM-NN,294,nn,84.87,0.17903369800023938,0.06825442299987117
WTM-NN,295,nn,84.63000000000001,0.1784182440001132,0.06775132899974778
WTM-NN,296,nn,84.87,0.1791245340000387,0.0672064790001059
WTM-NN,297,nn,84.86,0.18120217700015928,0.0666551360000085
WTM-NN,298,nn,84.72,0.18020942799967088,0.0676352410000618
WTM-NN,299,nn,84.91,0.23635162700020373,0.06679742999995142
WTM-NN,300,nn,84.8,0.18133838499988997,0.06811044500000207
WTM-NN,301,nn,84.72,0.1795798680000189,0.06769347899989953
WTM-NN,302,nn,84.85000000000001,0.19423286000028384,0.06502590000036435
WTM-NN,303,nn,84.78999999999999,0.2500711269999556,0.06644239600018409
WTM-NN,304,nn,84.82,0.19086899100011578,0.06745819599973402
WTM-NN,305,nn,84.78,0.19208126500006983,0.06708359100002781
WTM-NN,306,nn,84.76,0.19098051299988583,0.06434610199994495
WTM-NN,307,nn,84.75,0.19212020799977836,0.0687397320002674
WTM-NN,308,nn,84.67,0.18999556400012807,0.06468850400005977
WTM-NN,309,nn,84.83000000000001,0.19337653700040391,0.06804115700015245
WTM-NN,310,nn,84.73,0.24405495000019073,0.06737198899963914
WTM-NN,311,nn,84.74000000000001,0.17846792199998163,0.0655452289997811
WTM-NN,312,nn,84.76,0.1785988419997011,0.0680041099999471
WTM-NN,313,nn,84.81,0.17882106399974873,0.06587342100010574
WTM-NN,314,nn,84.72,0.2365157200001704,0.06807231599987063
WTM-NN,315,nn,84.83000000000001,0.17888583499961896,0.06664635500010263
WTM-NN,316,nn,84.75,0.17778646699980527,0.06658649199971478
WTM-NN,317,nn,84.73,0.1786621539999942,0.06694148399992628
WTM-NN,318,nn,84.84,0.17950566300032733,0.06821224699979211
WTM-NN,319,nn,84.76,0.1804976890002763,0.06591973600006895
WTM-NN,320,nn,84.71,0.18007707199967626,0.06793851600014023
WTM-NN,321,nn,84.76,0.17858456700014358,0.06671925299997383
WTM-NN,322,nn,84.73,0.23692053800004942,0.06691651400024057
WTM-NN,323,nn,84.91,0.1785959499998171,0.06646909199980655
WTM-NN,324,nn,84.87,0.17876345999957266,0.0662748439999632
WTM-NN,325,nn,84.77,0.17890757400027724,0.06720100900020043
WTM-NN,326,nn,84.78999999999999,0.23605268000028445,0.06811743999969622
WTM-NN,327,nn,84.84,0.1803041140001369,0.06625896600007763
WTM-NN,328,nn,84.83000000000001,0.17750403099989853,0.06526489999987461
WTM-NN,329,nn,84.73,0.17814381500011223,0.06789509100008218
WTM-NN,330,nn,84.91,0.18052840600012132,0.06657152299976588
WTM-NN,331,nn,84.78999999999999,0.18360620399971594,0.06565506300012203
WTM-NN,332,nn,84.71,0.18039330600004178,0.0671137440003804
WTM-NN,333,nn,84.85000000000001,0.17860770100014633,0.06631451599969296
WTM-NN,334,nn,84.78,0.23810266700002103,0.06831480400023793
WTM-NN,335,nn,84.83000000000001,0.17873945999963325,0.06749525399982303
WTM-NN,336,nn,84.85000000000001,0.17863346100011768,0.06727974400018866
WTM-NN,337,nn,84.73,0.23882088200025464,0.06698615999994217
WTM-NN,338,nn,84.87,0.17767854699968666,0.06831420500020613
WTM-NN,339,nn,84.83000000000001,0.17775487300013992,0.06475399500004642
WTM-NN,340,nn,84.78,0.1792893790002381,0.06788205900011235
WTM-NN,341,nn,84.83000000000001,0.17927353599998241,0.06644027599986657
WTM-NN,342,nn,84.88,0.17986754100002145,0.06749304499999198
WTM-NN,343,nn,84.84,0.17939582999997583,0.06850847300029272
WTM-NN,344,nn,84.82,0.18236881199982236,0.06804959800001598
WTM-NN,345,nn,84.73,0.23764310499973362,0.06654783899966787
WTM-NN,346,nn,84.7,0.17844481999964046,0.06726252799990107
WTM-NN,347,nn,84.83000000000001,0.18114248999972915,0.06750222000027861
WTM-NN,348,nn,84.71,0.17896960899997794,0.06550174399990283
WTM-NN,349,nn,84.82,0.23657538999987082,0.06473578699979043
WTM-NN,350,nn,84.82,0.1779275779999807,0.06782023899995693
WTM-NN,351,nn,84.92,0.18525137300002825,0.06675398300012603
WTM-NN,352,nn,84.71,0.1841716889998679,0.06626706999986709
WTM-NN,353,nn,84.75,0.1918035690000579,0.06699309100031314
WTM-NN,354,nn,84.81,0.18096460999959163,0.06566016999977364
WTM-NN,355,nn,84.76,0.19153669600018475,0.0675045630000568
WTM-NN,356,nn,84.94,0.19184632499991494,0.06745385400017767
WTM-NN,357,nn,84.74000000000001,0.24384790400017664,0.06667750299993713
WTM-NN,358,nn,84.83000000000001,0.19187679600008778,0.06670298900007765
WTM-NN,359,nn,84.75,0.19388499700016837,0.06487912200009305
WTM-NN,360,nn,84.85000000000001,0.19368466399964746,0.0673472970001967
WTM-NN,361,nn,84.8,0.2492477239998152,0.06589049100011835
WTM-NN,362,nn,84.68,0.1937221899997894,0.06435541300015757
WTM-NN,363,nn,84.77,0.19177505900006508,0.06661443999973926
WTM-NN,364,nn,84.83000000000001,0.19291685300004247,0.06468865999977425
WTM-NN,365,nn,84.88,0.1912732450000476,0.06523538800001916
WTM-NN,366,nn,84.81,0.1907877799999369,0.06695538000030865
WTM-NN,367,nn,84.8,0.18278879599984066,0.0644257980002294
WTM-NN,368,nn,84.82,0.24714085300001898,0.06787728099970991
WTM-NN,369,nn,84.88,0.1944739609998578,0.06764448500007347
WTM-NN,370,nn,84.85000000000001,0.1919251819999772,0.06786662900003648
WTM-NN,371,nn,84.93,0.1914178649999485,0.06748120899965215
WTM-NN,372,nn,84.81,0.236806990000332,0.0677920120001545
WTM-NN,373,nn,84.93,0.19221278500026528,0.06452150599989182
WTM-NN,374,nn,84.8,0.17550841599995692,0.06787474000020666
WTM-NN,375,nn,84.85000000000001,0.1925704680002127,0.06715568099980374
WTM-NN,376,nn,84.83000000000001,0.191612429000088,0.06393129799971575
WTM-NN,377,nn,84.87,0.17665153500001907,0.06607198199981212
WTM-NN,378,nn,84.81,0.19380494300003193,0.06689315599987822
WTM-NN,379,nn,84.77,0.17902493200017489,0.07219810200012944
WTM-NN,380,nn,84.77,0.24537430700002005,0.0666288830002486
WTM-NN,381,nn,84.82,0.1781950939998751,0.06407977300023049
WTM-NN,382,nn,84.83000000000001,0.17923897099990427,0.06613713300021118
WTM-NN,383,nn,84.82,0.1791393670000616,0.06781254100042133
WTM-NN,384,nn,84.73,0.23585553899965817,0.06738995800014891
WTM-NN,385,nn,84.78,0.1805299620000369,0.06798578600000837
WTM-NN,386,nn,84.76,0.17792608899981133,0.06585189199995511
WTM-NN,387,nn,84.75,0.1767096630001106,0.06695700099999158
WTM-NN,388,nn,84.81,0.17849953700033439,0.06762712199997623
WTM-NN,389,nn,84.87,0.18047247399999833,0.07340183899987096
WTM-NN,390,nn,84.85000000000001,0.17934878999994908,0.06686737700010781
WTM-NN,391,nn,84.85000000000001,0.1785093369999231,0.07400218499969924
WTM-NN,392,nn,84.78,0.23715637900022557,0.06734149000021716
WTM-NN,393,nn,84.68,0.18010586299988063,0.0737413869996999
WTM-NN,394,nn,84.87,0.18103993099975924,0.06818062000002101
WTM-NN,395,nn,84.67,0.19755929800021477,0.06761115300014353
WTM-NN,396,nn,84.82,0.23648874599984993,0.06935699599989675
WTM-NN,397,nn,84.8,0.18045998099978533,0.06719750899992505
WTM-NN,398,nn,84.86,0.1858752490002189,0.07375431799982834
WTM-NN,399,nn,84.78999999999999,0.1787796570001774,0.06680096199988839
WTM-NN,400,nn,84.89999999999999,0.19569120599999223,0.06756456399989474
WTM-NN,401,nn,84.83000000000001,0.18778790500027753,0.06748846600021352
WTM-NN,402,nn,84.77,0.19262867099996583,0.06768812600012097
WTM-NN,403,nn,84.78999999999999,0.2517720199998621,0.06718061599985958
WTM-NN,404,nn,84.72,0.18948305599997184,0.07265852299997277
WTM-NN,405,nn,84.75,0.1938340439996864,0.06874122499993973
WTM-NN,406,nn,84.84,0.19194941200021276,0.07428788400011399
WTM-NN,407,nn,84.83000000000001,0.2414782800001376,0.07239739300030124
WTM-NN,408,nn,84.8,0.18139646800000264,0.07331237400012469
WTM-NN,409,nn,84.82,0.17909789899977113,0.07347884599994359
WTM-NN,410,nn,84.82,0.1824185390000821,0.07339745199988101
WTM-NN,411,nn,84.85000000000001,0.18260342700023102,0.06987263100018026
WTM-NN,412,nn,84.85000000000001,0.17834067500007222,0.07295869699964896
WTM-NN,413,nn,84.77,0.180854072999864,0.07255746600003476
WTM-NN,414,nn,84.78999999999999,0.17940880400010428,0.06902088299966636
WTM-NN,415,nn,84.78,0.251884828999664,0.06736906500009354
WTM-NN,416,nn,84.74000000000001,0.1820862249996935,0.07329480699991109
WTM-NN,417,nn,84.76,0.18149407300006715,0.07411175200013531
WTM-NN,418,nn,84.83000000000001,0.1827174320001177,0.07383647599999676
WTM-NN,419,nn,84.73,0.25204588099995817,0.06717789499998617
WTM-NN,420,nn,84.77,0.17413358200019502,0.07366472600006091
WTM-NN,421,nn,84.78,0.19170542400024715,0.07248134299970843
WTM-NN,422,nn,84.78999999999999,0.1830875189998551,0.06864725900004487
WTM-NN,423,nn,84.83000000000001,0.18173868500025492,0.06799102799959655
WTM-NN,424,nn,84.78,0.17769715199983693,0.0751951749998625
WTM-NN,425,nn,84.76,0.19370054899991374,0.07713980000016818
WTM-NN,426,nn,84.92,0.2578045700001894,0.06852538400016783
WTM-NN,427,nn,84.76,0.18412251000017932,0.07450675100017179
WTM-NN,428,nn,84.74000000000001,0.178607307999755,0.06848314799981381
WTM-NN,429,nn,84.89999999999999,0.1781445819997316,0.0718175599999995
WTM-NN,430,nn,84.66,0.25886613800003033,0.06825110999989192
WTM-NN,431,nn,84.82,0.1929308700000547,0.0683342989996163
WTM-NN,432,nn,84.71,0.17878659799998786,0.06768674900013139
WTM-NN,433,nn,84.74000000000001,0.18254163900019194,0.06761798500019722
WTM-NN,434,nn,84.74000000000001,0.19716715899994597,0.0685494029999063
WTM-NN,435,nn,84.82,0.17987296399996922,0.07397615100035182
WTM-NN,436,nn,84.68,0.18902515399986441,0.06795245600005728
WTM-NN,437,nn,84.89,0.17915531200014811,0.06709905000025174
WTM-NN,438,nn,84.85000000000001,0.24839665000035893,0.06680135699980383
WTM-NN,439,nn,84.78,0.17975404400021944,0.06720218600003136
WTM-NN,440,nn,84.83000000000001,0.18593620000001465,0.06905445599977611
WTM-NN,441,nn,84.75,0.19977717399979156,0.07083829999965019
WTM-NN,442,nn,84.89999999999999,0.24934029199994256,0.07361574400010795
WTM-NN,443,nn,84.84,0.1793598290000773,0.06777591700029006
WTM-NN,444,nn,84.78,0.18025693800018416,0.07303655300029277
WTM-NN,445,nn,84.74000000000001,0.19407847899992703,0.06650302900015959
WTM-NN,446,nn,84.84,0.1840771530000893,0.06815917499989155
WTM-NN,447,nn,84.87,0.17932117500004097,0.06726697800013426
WTM-NN,448,nn,84.81,0.17819826599998123,0.06827975800024433
WTM-NN,449,nn,84.77,0.17724993899992114,0.06826394300014726
WTM-NN,450,nn,84.72,0.2470252459997937,0.06773622600030649
WTM-NN,451,nn,84.89,0.19154306700011148,0.06662118800022654
WTM-NN,452,nn,84.81,0.19331496699987838,0.06749312600004487
WTM-NN,453,nn,84.91,0.1917421140001352,0.06778432999999495
WTM-NN,454,nn,84.69,0.2529101889999765,0.0679766500002188
WTM-NN,455,nn,84.8,0.19265831900020203,0.06684318999987227
WTM-NN,456,nn,84.78,0.17407397399983893,0.06845806699993773
WTM-NN,457,nn,84.78999999999999,0.180492736999895,0.06586089700022058
WTM-NN,458,nn,84.82,0.19142964999991818,0.06667400100013765
WTM-NN,459,nn,84.8,0.1884632349997446,0.06657302099984008
WTM-NN,460,nn,84.71,0.19048637200012308,0.06825355800037869
WTM-NN,461,nn,84.72,0.2505385060003391,0.06678743199972814
WTM-NN,462,nn,84.86,0.19085930199980794,0.06793537399971683
WTM-NN,463,nn,84.84,0.19316524099986054,0.06665315300006114
WTM-NN,464,nn,84.89,0.1907862939997358,0.0671317569999701
WTM-NN,465,nn,84.83000000000001,0.25100137900017216,0.06526367399965238
WTM-NN,466,nn,84.82,0.17628920300012396,0.06715954599985707
WTM-NN,467,nn,84.81,0.17950691399983043,0.06681229099967823
WTM-NN,468,nn,84.89,0.19242742999995244,0.06874970399985614
WTM-NN,469,nn,84.78,0.18001345600032437,0.0683723629999804
WTM-NN,470,nn,84.78,0.19028613799991945,0.06755282199992507
WTM-NN,471,nn,84.83000000000001,0.18933105400037675,0.0668252800001028
WTM-NN,472,nn,84.78999999999999,0.1922566410003128,0.067105827999967
WTM-NN,473,nn,84.93,0.25230786600013744,0.06599653300008868
WTM-NN,474,nn,84.8,0.1921369350002351,0.06641437899997982
WTM-NN,475,nn,84.8,0.1921275820000119,0.06782795800017993
WTM-NN,476,nn,84.77,0.19217286200000672,0.06822888600027
WTM-NN,477,nn,84.87,0.25085285600016505,0.0666619560001891
WTM-NN,478,nn,84.8,0.18172950400003174,0.07322589199975482
WTM-NN,479,nn,84.94,0.1757928499996524,0.06750788500039562
WTM-NN,480,nn,84.8,0.19289234999996552,0.06744314599973222
WTM-NN,481,nn,84.67,0.1814202160003333,0.06743952700026057
WTM-NN,482,nn,84.69,0.1894687620001605,0.0668196970000281
WTM-NN,483,nn,84.65,0.1915861809998205,0.06677610599990658
WTM-NN,484,nn,84.86,0.1929139949997989,0.06701521600007254
WTM-NN,485,nn,84.76,0.2505995820001772,0.0672211400001288
WTM-NN,486,nn,84.93,0.18287343400015743,0.06750116300008813
WTM-NN,487,nn,84.82,0.1777103160002298,0.06601919600007022
WTM-NN,488,nn,84.89,0.1754738970003018,0.07419438599981731
WTM-NN,489,nn,84.8,0.25117963200000304,0.06752856399998564
WTM-NN,490,nn,84.78,0.18529221200014945,0.066525282999919
WTM-NN,491,nn,84.74000000000001,0.19013573199981693,0.06727038400003948
WTM-NN,492,nn,84.76,0.17681318999984796,0.06734059400014303
WTM-NN,493,nn,84.98,0.19149370200011617,0.06705192099980195
WTM-NN,494,nn,84.81,0.19173391600043033,0.0675391770000715
WTM-NN,495,nn,84.85000000000001,0.19099823399983507,0.0651944980004373
WTM-NN,496,nn,84.8,0.24595111999997243,0.06881434000024456
WTM-NN,497,nn,84.85000000000001,0.19327497899985246,0.06842730100015615
WTM-NN,498,nn,84.84,0.17547148900030152,0.06420936700033053
WTM-NN,499,nn,84.71,0.1927778199997192,0.06658794699978898
WTM-NN,500,nn,84.78999999999999,0.24913483099999212,0.06754541999998764
UTM-NN,1,tm,79.03,0.4740243169999303,0.0632561069996882
UTM-NN,2,tm,78.86,0.43376582299970323,0.06358315599982234
UTM-NN,3,tm,79.77,0.42573282500006826,0.06406321900021794
UTM-NN,4,tm,79.74,0.43119163900018975,0.06451452999999674
UTM-NN,5,tm,79.86999999999999,0.4335993560002862,0.06455847100005485
UTM-NN,6,tm,80.33,0.4284528660000433,0.0638551560000451
UTM-NN,7,tm,80.28,0.41941267399988647,0.06415576700010206
UTM-NN,8,tm,80.19,0.42411839799979134,0.06429480799988596
UTM-NN,9,tm,80.5,0.42761283700019703,0.06371933999980683
UTM-NN,10,tm,80.22,0.41367807300002823,0.06343066899989935
UTM-NN,11,tm,80.38,0.417663378999805,0.06419331999995848
UTM-NN,12,tm,80.57,0.41436862099999416,0.06407640800034642
UTM-NN,13,tm,80.63,0.4131007519999912,0.06359281599998212
UTM-NN,14,tm,80.38,0.4174731210000573,0.06403872400005639
UTM-NN,15,tm,80.43,0.4181437110000843,0.06416530799970133
UTM-NN,16,tm,80.64,0.3990766249999069,0.06407237900020846
UTM-NN,17,tm,80.35,0.4221139880000919,0.06455060500002219
UTM-NN,18,tm,80.78,0.42060736199982784,0.06376275299999179
UTM-NN,19,tm,80.47999999999999,0.4081423200000245,0.0641531810001652
UTM-NN,20,tm,80.67,0.43418542599965804,0.06529088099978253
UTM-NN,21,tm,80.67999999999999,0.40774086000010357,0.06465729899991857
UTM-NN,22,tm,80.66,0.4194499979998909,0.06472857600010684
UTM-NN,23,tm,80.67999999999999,0.4153708909998386,0.0646027759999015
UTM-NN,24,tm,80.88,0.41798965700036206,0.06348504200013849
UTM-NN,25,tm,80.73,0.41485774600005243,0.06404845500037482
UTM-NN,26,tm,80.52,0.4175305379999372,0.063324411999929
UTM-NN,27,tm,80.47999999999999,0.4198051589996794,0.06305039500011844
UTM-NN,28,tm,80.43,0.41811874099994384,0.06387650700025915
UTM-NN,29,tm,80.76,0.4104641140002059,0.06568438600015725
UTM-NN,30,tm,80.57,0.4206281179999678,0.06452595599967026
UTM-NN,31,tm,80.72,0.4103275330003271,0.063695116999952
UTM-NN,32,tm,80.69,0.40382464100002835,0.0638928449998275
UTM-NN,33,tm,80.49,0.40691361100016366,0.06365709000010611
UTM-NN,34,tm,80.60000000000001,0.4022833509998236,0.06381817699957537
UTM-NN,35,tm,80.64,0.41773334000026807,0.0631239449999157
UTM-NN,36,tm,80.73,0.41081185200027903,0.06404494800017346
UTM-NN,37,tm,80.85,0.4118357880001895,0.06018225700017865
UTM-NN,38,tm,80.72,0.40861739899992244,0.06495134899978439
UTM-NN,39,tm,80.84,0.4050378209999508,0.063833152999905
UTM-NN,40,tm,80.84,0.41737276399999246,0.06382181500021034
UTM-NN,41,tm,81.02000000000001,0.41560857200011014,0.06385540899964326
UTM-NN,42,tm,81.05,0.41483336600003895,0.06400287200040111
UTM-NN,43,tm,80.84,0.41594744199983325,0.0632001730000411
UTM-NN,44,tm,80.73,0.41497798599993985,0.06457541800000399
UTM-NN,45,tm,80.67,0.4217095949998111,0.06416343000000779
UTM-NN,46,tm,80.67,0.4169604159997107,0.0638021029999436
UTM-NN,47,tm,80.71000000000001,0.41779182500022216,0.06381601400016734
UTM-NN,48,tm,80.82000000000001,0.412298243999885,0.06341820199986614
UTM-NN,49,tm,80.89,0.42150944400009394,0.06354981899994527
UTM-NN,50,tm,80.85,0.4100761889999376,0.06366810200006512
UTM-NN,51,tm,80.63,0.4178157259998443,0.06387711700017462
UTM-NN,52,tm,80.74,0.41954522700007146,0.06409164899969255
UTM-NN,53,tm,80.64,0.4181275010000718,0.06380314900025041
UTM-NN,54,tm,80.62,0.4244661190000443,0.0633653370000502
UTM-NN,55,tm,80.75,0.40902442600008726,0.06359917600002518
UTM-NN,56,tm,80.75,0.41790059799996015,0.06367850399965391
UTM-NN,57,tm,80.82000000000001,0.4189030300003651,0.06340048000038223
UTM-NN,58,tm,80.78999999999999,0.4147710279999046,0.06383831500033921
UTM-NN,59,tm,80.58,0.4175949049999872,0.06340562100012903
UTM-NN,60,tm,80.63,0.4129101339999579,0.06372368500024095
UTM-NN,61,tm,80.53,0.4071645730000455,0.06398388700017676
UTM-NN,62,tm,80.83,0.4200998310002433,0.06363188000023001
UTM-NN,63,tm,80.76,0.41149522299974706,0.06446889100016051
UTM-NN,64,tm,80.80000000000001,0.41425145199991675,0.06418333600004189
UTM-NN,65,tm,80.52,0.40794741299987436,0.06610180300003776
UTM-NN,66,tm,80.93,0.42483642299976054,0.06432500700020682
UTM-NN,67,tm,80.75,0.4096477180000875,0.06436003500039078
UTM-NN,68,tm,80.86,0.42113218600024993,0.06350186700001359
UTM-NN,69,tm,80.67999999999999,0.41827997900008995,0.06397423099997468
UTM-NN,70,tm,80.77,0.4224947359998623,0.06394623100004537
UTM-NN,71,tm,80.85,0.4136795459999121,0.06397363199994288
UTM-NN,72,tm,80.76,0.4061530630001471,0.06476807499984716
UTM-NN,73,tm,80.84,0.42086086600011186,0.06389706999971168
UTM-NN,74,tm,80.65,0.42966307500000767,0.06355579499995656
UTM-NN,75,tm,80.74,0.4181229969999549,0.06350349600006666
UTM-NN,76,tm,80.76,0.41402894600014406,0.06362751100004971
UTM-NN,77,tm,80.89,0.42127635599990754,0.06376747200010868
UTM-NN,78,tm,80.82000000000001,0.4186829640002543,0.06349922100025651
UTM-NN,79,tm,80.75,0.4169061809998311,0.06352189699964583
UTM-NN,80,tm,80.81,0.4171433060000709,0.06349932500006616
UTM-NN,81,tm,80.96,0.4272955690003073,0.06334680500003742
UTM-NN,82,tm,80.85,0.4133847039997818,0.06371976499985976
UTM-NN,83,tm,81.13,0.41086387299992566,0.06390613700023096
UTM-NN,84,tm,81.0,0.42262555199977214,0.0636890810001205
UTM-NN,85,tm,81.04,0.42729574099985257,0.06873657200003436
UTM-NN,86,tm,81.03,0.4286200030001055,0.06369662199995219
UTM-NN,87,tm,80.9,0.42516588699982094,0.06354314899999736
UTM-NN,88,tm,80.86,0.4097230630000013,0.06386653100025796
UTM-NN,89,tm,80.94,0.42081693699992684,0.06534491499996875
UTM-NN,90,tm,80.80000000000001,0.42035518099964975,0.06357179499991616
UTM-NN,91,tm,80.80000000000001,0.4305134880000878,0.06397151300006954
UTM-NN,92,tm,80.75,0.4282404380001026,0.06347167200010517
UTM-NN,93,tm,80.86,0.4147184680000464,0.063310014000308
UTM-NN,94,tm,81.02000000000001,0.4246049420003146,0.06373467100002017
UTM-NN,95,tm,81.01,0.4322039489998133,0.06376199300029839
UTM-NN,96,tm,80.83,0.408332239000174,0.06373364599994602
UTM-NN,97,tm,80.96,0.4186591940001563,0.06368639900028938
UTM-NN,98,tm,80.80000000000001,0.41834007599982215,0.0636652220000542
UTM-NN,99,tm,80.87,0.42658467999990535,0.06316925600003742
UTM-NN,100,tm,80.82000000000001,0.4238399399996524,0.06333517900020524
UTM-NN,101,tm,80.75,0.4226594860001569,0.0639954260000195
UTM-NN,102,tm,81.03,0.41556257000002006,0.06356495699992593
UTM-NN,103,tm,80.78999999999999,0.4258646680000311,0.06287548499994955
UTM-NN,104,tm,80.62,0.4217187350000131,0.06386010899996108
UTM-NN,105,tm,80.78999999999999,0.4278987140000936,0.0633764730000621
UTM-NN,106,tm,80.78999999999999,0.4188940009998987,0.06371675500031415
UTM-NN,107,tm,80.99,0.42356159800010573,0.06367410500024562
UTM-NN,108,tm,80.97999999999999,0.42915678199960894,0.06390791500007253
UTM-NN,109,tm,80.82000000000001,0.4181066959999953,0.0637902580001537
UTM-NN,110,tm,80.86,0.422253997000098,0.06353176200036614
UTM-NN,111,tm,80.80000000000001,0.4246947500000715,0.06352275100016413
UTM-NN,112,tm,80.83,0.4268650799999705,0.06336561599982815
UTM-NN,113,tm,80.77,0.4277435199996944,0.06393123700036085
UTM-NN,114,tm,80.89,0.4253358959999787,0.06381855500012534
UTM-NN,115,tm,80.99,0.42568079599959674,0.06249963600021147
UTM-NN,116,tm,80.96,0.42142260199989323,0.06375016699985281
UTM-NN,117,tm,81.03,0.4250866010002028,0.06528499600017312
UTM-NN,118,tm,81.0,0.41401204700014205,0.06352130499999475
UTM-NN,119,tm,80.91000000000001,0.41847001099995396,0.06420305600022402
UTM-NN,120,tm,80.76,0.4240417440000783,0.06305337799994959
UTM-NN,121,tm,80.78999999999999,0.42716032999987874,0.0634184999998979
UTM-NN,122,tm,80.97999999999999,0.4222013940002398,0.06331572199997026
UTM-NN,123,tm,81.0,0.41529628100033733,0.061911892000352964
UTM-NN,124,tm,80.86,0.4302341789998536,0.06163967900010903
UTM-NN,125,tm,80.94,0.42673067800024,0.06308075200013263
UTM-NN,126,tm,80.76,0.4190457479999168,0.06353536400001758
UTM-NN,127,tm,80.75,0.42650893400013956,0.06142826299992521
UTM-NN,128,tm,80.80000000000001,0.42802132899987555,0.06389876300045216
UTM-NN,129,tm,80.89,0.4322938069999509,0.06725193799957196
UTM-NN,130,tm,81.02000000000001,0.428344011000263,0.06505859300023076
UTM-NN,131,tm,80.94,0.4211593200002426,0.06417393399988214
UTM-NN,132,tm,80.96,0.413511028999892,0.06325232000017422
UTM-NN,133,tm,81.12,0.42755829099996845,0.06538177899983566
UTM-NN,134,tm,80.99,0.4190619779997178,0.06326751100004913
UTM-NN,135,tm,80.87,0.41753406899988477,0.06333883000024798
UTM-NN,136,tm,80.84,0.4227289519999431,0.06428432899974723
UTM-NN,137,tm,80.85,0.4265004090002549,0.063583620999907
UTM-NN,138,tm,80.91000000000001,0.4187110739999298,0.06261842100002468
UTM-NN,139,tm,80.96,0.42494577000024947,0.06384683800024504
UTM-NN,140,tm,80.75,0.4208624879997842,0.06220993799979624
UTM-NN,141,tm,80.80000000000001,0.41528769299975465,0.06331113699980051
UTM-NN,142,tm,81.0,0.42443387299999813,0.06280050499981371
UTM-NN,143,tm,80.93,0.4223185900000317,0.0636663000000226
UTM-NN,144,tm,81.04,0.42008224899973357,0.06151204700017843
UTM-NN,145,tm,81.07,0.42864737599984437,0.06377615200017317
UTM-NN,146,tm,81.06,0.418576590000157,0.06427827299967248
UTM-NN,147,tm,80.97,0.4221147420003035,0.0631087359997764
UTM-NN,148,tm,80.94,0.42974103400001695,0.06394653300003483
UTM-NN,149,tm,81.21000000000001,0.42592068100020697,0.06337179000001925
UTM-NN,150,tm,80.83,0.4240816569999879,0.06400810500008447
UTM-NN,151,nn,81.31,0.17969264400016982,0.0662499659997593
UTM-NN,152,nn,81.72,0.1927324339999359,0.06018846200004191
UTM-NN,153,nn,81.52000000000001,0.19206516700023712,0.059153836000405136
UTM-NN,154,nn,81.69999999999999,0.23676378199979808,0.05928283299999748
UTM-NN,155,nn,81.86,0.18585337700005766,0.0563417280000067
UTM-NN,156,nn,81.92,0.19042404699985127,0.059527419000005466
UTM-NN,157,nn,81.89,0.18186353000010058,0.05963677599993389
UTM-NN,158,nn,81.95,0.18228372700014006,0.05955957000014678
UTM-NN,159,nn,82.04,0.1890405130002364,0.05979065100018488
UTM-NN,160,nn,82.03,0.18638188399972933,0.05992388699996809
UTM-NN,161,nn,82.09,0.19127647300001627,0.058731084000100964
UTM-NN,162,nn,82.06,0.2442336469998736,0.06083856700024626
UTM-NN,163,nn,82.16,0.18129535600019153,0.05984324100018057
UTM-NN,164,nn,82.27,0.1791546819999894,0.05953618200010169
UTM-NN,165,nn,82.19999999999999,0.17680774799964638,0.05940600799976892
UTM-NN,166,nn,82.3,0.24249070099995151,0.06029945500040412
UTM-NN,167,nn,82.22,0.1901758389999486,0.06000175799999852
UTM-NN,168,nn,82.26,0.18116512800042983,0.06037271100012731
UTM-NN,169,nn,82.23,0.17823798800009172,0.05996623500004716
UTM-NN,170,nn,82.33,0.17502349599999434,0.06000344799986124
UTM-NN,171,nn,82.35,0.1851957419999053,0.06579029900012756
UTM-NN,172,nn,82.37,0.1781113799997911,0.05911032999983945
UTM-NN,173,nn,82.36,0.19126873699997304,0.05981261099987023
UTM-NN,174,nn,82.53,0.2431238909998683,0.059603231999972195
UTM-NN,175,nn,82.35,0.1790112489998137,0.059506063000299037
UTM-NN,176,nn,82.41000000000001,0.174837984000078,0.06109655600039332
UTM-NN,177,nn,82.42,0.248143114999948,0.059646481999607204
UTM-NN,178,nn,82.48,0.18377595399988422,0.06730109399995854
UTM-NN,179,nn,82.35,0.1806021470001724,0.05902907100016819
UTM-NN,180,nn,82.31,0.18996493499980716,0.058567907999986346
UTM-NN,181,nn,82.41000000000001,0.18308950699974957,0.0610468499999115
UTM-NN,182,nn,82.41000000000001,0.1915935030001492,0.05932878699968569
UTM-NN,183,nn,82.34,0.1909011580000879,0.059983901000123296
UTM-NN,184,nn,82.32000000000001,0.1911517130001812,0.059649145000093995
UTM-NN,185,nn,82.35,0.2500981690000117,0.060025799999948504
UTM-NN,186,nn,82.47,0.18993541700001515,0.06045314899984078
UTM-NN,187,nn,82.37,0.19064528500030065,0.06014417099959246
UTM-NN,188,nn,82.36,0.17649240999980975,0.0594520729996475
UTM-NN,189,nn,82.41000000000001,0.2492980419997366,0.05963448200009225
UTM-NN,190,nn,82.47,0.1911204819998602,0.06002131199966243
UTM-NN,191,nn,82.36,0.18388626399973873,0.05945335600017643
UTM-NN,192,nn,82.48,0.1921254849999059,0.05904985100005433
UTM-NN,193,nn,82.43,0.19018087899985403,0.06013762399970801
UTM-NN,194,nn,82.34,0.19087068199996793,0.0607713640001748
UTM-NN,195,nn,82.38,0.17011726699956853,0.06011738500001229
UTM-NN,196,nn,82.37,0.19191281800021898,0.05961929000022792
UTM-NN,197,nn,82.36,0.24997306199975355,0.059033003999957145
UTM-NN,198,nn,82.35,0.18029876600030548,0.05939399599992612
UTM-NN,199,nn,82.38,0.19334597399983977,0.05947679800010519
UTM-NN,200,nn,82.39999999999999,0.1898905510001896,0.05962915100008104
UTM-NN,201,nn,82.33,0.2434857909997845,0.0595849989999806
UTM-NN,202,nn,82.39,0.19199730199989062,0.06020317899992733
UTM-NN,203,nn,82.50999999999999,0.19150474700018094,0.05950177500017162
UTM-NN,204,nn,82.38,0.19020208199981425,0.05958918599981189
UTM-NN,205,nn,82.36,0.1824930669999958,0.06106982099981906
UTM-NN,206,nn,82.49,0.18839199300009568,0.05987186999982441
UTM-NN,207,nn,82.46,0.17175528699999631,0.060160995999922307
UTM-NN,208,nn,82.25,0.2509871679999378,0.05957459299997936
UTM-NN,209,nn,82.34,0.18193519899978128,0.060265306000019336
UTM-NN,210,nn,82.52000000000001,0.17516564500010645,0.05952670800024862
UTM-NN,211,nn,82.41000000000001,0.1727608739997777,0.05947074999994584
UTM-NN,212,nn,82.38,0.23553373000004285,0.05972197699975368
UTM-NN,213,nn,82.34,0.18147308000015983,0.059432560999994166
UTM-NN,214,nn,82.3,0.19139119100009339,0.059471013999882416
UTM-NN,215,nn,82.42,0.1814960820001943,0.06048488999977053
UTM-NN,216,nn,82.38,0.19266329099991708,0.06035893999978725
UTM-NN,217,nn,82.35,0.1896019390001129,0.060396258999844576
UTM-NN,218,nn,82.39999999999999,0.1859884969999257,0.05948196100007408
UTM-NN,219,nn,82.33,0.17135830400002305,0.05947196800025267
UTM-NN,220,nn,82.47,0.2492989040001703,0.0608661100000063
UTM-NN,221,nn,82.42,0.19113800300010553,0.06008480899981805
UTM-NN,222,nn,82.38,0.1825916259999758,0.06079106500010312
UTM-NN,223,nn,82.34,0.19182400399995458,0.05935853499977384
UTM-NN,224,nn,82.32000000000001,0.24985363599989796,0.060415005999857385
UTM-NN,225,nn,82.35,0.19033155099987198,0.05985802199984391
UTM-NN,226,nn,82.34,0.18989900299993678,0.06007769999996526
UTM-NN,227,nn,82.41000000000001,0.19049806600014563,0.05931608099990626
UTM-NN,228,nn,82.39999999999999,0.19069109100018977,0.059972146000291104
UTM-NN,229,nn,82.43,0.17449620200022764,0.058922777000134374
UTM-NN,230,nn,82.36,0.19167443399965123,0.059106303000135085
UTM-NN,231,nn,82.47,0.19130106300008265,0.05986172099983378
UTM-NN,232,nn,82.36,0.23374047200013592,0.05955214300001899
UTM-NN,233,nn,82.35,0.1922192100000757,0.06039426600000297
UTM-NN,234,nn,82.42,0.19162302599988834,0.05844808899973941
UTM-NN,235,nn,82.39,0.18888450499980536,0.06055250800000067
UTM-NN,236,nn,82.45,0.24144431400009125,0.06054299800007357
UTM-NN,237,nn,82.36,0.1784761779999826,0.056816788999640266
UTM-NN,238,nn,82.33,0.1911747290000676,0.05938934400001017
UTM-NN,239,nn,82.42,0.18396787900019262,0.05963051099979566
UTM-NN,240,nn,82.42,0.19272786700003053,0.05961727099975178
UTM-NN,241,nn,82.5,0.178816979000203,0.060127462000309606
UTM-NN,242,nn,82.45,0.18556954800033054,0.060513852999974915
UTM-NN,243,nn,82.32000000000001,0.24989219999997658,0.059951665999960824
UTM-NN,244,nn,82.46,0.18427556799997546,0.05987227299965525
UTM-NN,245,nn,82.35,0.19160506499974872,0.06025602299996535
UTM-NN,246,nn,82.46,0.17705584299983457,0.059438047999719856
UTM-NN,247,nn,82.39999999999999,0.24929626199991617,0.06035224700008257
UTM-NN,248,nn,82.35,0.1854281840001022,0.06043092500021885
UTM-NN,249,nn,82.44,0.1773719030002212,0.05957255300018005
UTM-NN,250,nn,82.53,0.19194266500016965,0.060482051000235515
UTM-NN,251,nn,82.55,0.1911323760000414,0.06010590999994747
UTM-NN,252,nn,82.25,0.18489822099991216,0.06110023200017167
UTM-NN,253,nn,82.36,0.17540825400010363,0.06133901399971364
UTM-NN,254,nn,82.39,0.18503413100006583,0.05906624400040528
UTM-NN,255,nn,82.39,0.2495492899997771,0.05959983100001409
UTM-NN,256,nn,82.25,0.17389133699998638,0.06041261199970904
UTM-NN,257,nn,82.31,0.1875595550000071,0.05913705500006472
UTM-NN,258,nn,82.38,0.19101154000009046,0.06040091300019412
UTM-NN,259,nn,82.41000000000001,0.24819470300008106,0.05983889699973588
UTM-NN,260,nn,82.39,0.1812733990000197,0.0595765019997998
UTM-NN,261,nn,82.33,0.19061926399990625,0.060415822000322805
UTM-NN,262,nn,82.44,0.18727964900017469,0.05913167500011696
UTM-NN,263,nn,82.42,0.1781898170002023,0.06078273299999637
UTM-NN,264,nn,82.43,0.1923088089997691,0.06047266099994886
UTM-NN,265,nn,82.45,0.1895552759997372,0.060151232999942295
UTM-NN,266,nn,82.39999999999999,0.2376634069996726,0.06060105599999588
UTM-NN,267,nn,82.43,0.19199971199986976,0.05923786600033054
UTM-NN,268,nn,82.50999999999999,0.18888921500001743,0.061197663999791985
UTM-NN,269,nn,82.38,0.19147040300003937,0.05931683999961024
UTM-NN,270,nn,82.27,0.23660236699970483,0.059370237000166526
UTM-NN,271,nn,82.38,0.1904274409998834,0.05930306100026428
UTM-NN,272,nn,82.44,0.19144567000012103,0.059000026999910915
UTM-NN,273,nn,82.39999999999999,0.18846518899999865,0.05620423100026528
UTM-NN,274,nn,82.36,0.18403163799985123,0.05965887599995767
UTM-NN,275,nn,82.48,0.1904490869997062,0.06009177500027363
UTM-NN,276,nn,82.34,0.19180215100004716,0.05953794300012305
UTM-NN,277,nn,82.45,0.19085628599987103,0.05975033899994742
UTM-NN,278,nn,82.44,0.2490802209999856,0.06100511099975847
UTM-NN,279,nn,82.46,0.19101229199986847,0.05975800999976855
UTM-NN,280,nn,82.44,0.18571475599992482,0.06125777900024332
UTM-NN,281,nn,82.43,0.19267283799990764,0.061263806999704684
UTM-NN,282,nn,82.42,0.24953035900034592,0.059871656999803236
UTM-NN,283,nn,82.37,0.19539534299974548,0.05943888000001607
UTM-NN,284,nn,82.3,0.19161202500026775,0.05996218099971884
UTM-NN,285,nn,82.32000000000001,0.18942715799994403,0.06003852900039419
UTM-NN,286,nn,82.42,0.19078538199983086,0.05933092099985515
UTM-NN,287,nn,82.37,0.19206204900001467,0.05990691499982859
UTM-NN,288,nn,82.38,0.19158515000026455,0.06010804700008521
UTM-NN,289,nn,82.39,0.19193859899996824,0.05986107099988658
UTM-NN,290,nn,82.39999999999999,0.2381245710002986,0.060161446999700274
UTM-NN,291,nn,82.34,0.19030981300011263,0.0588471640003263
UTM-NN,292,nn,82.26,0.1914336300001196,0.05936744699965857
UTM-NN,293,nn,82.38,0.1858284210002239,0.05946199300024091
UTM-NN,294,nn,82.41000000000001,0.2505627679997815,0.06037914200032901
UTM-NN,295,nn,82.39,0.18015792599999259,0.06000759500011554
UTM-NN,296,nn,82.35,0.18969752300017717,0.06635978199983583
UTM-NN,297,nn,82.41000000000001,0.19132229899969388,0.05975734399999055
UTM-NN,298,nn,82.36,0.1913757130000704,0.05954912200013496
UTM-NN,299,nn,82.39,0.1911161230000289,0.06073395600014919
UTM-NN,300,nn,82.39999999999999,0.19434622600010698,0.058008708999750525
UTM-NN,301,nn,82.45,0.2495229080000172,0.05940245600004346
UTM-NN,302,nn,82.39999999999999,0.19208466300005966,0.061319970000113244
UTM-NN,303,nn,82.33,0.1914585529998476,0.059408750999864424
UTM-NN,304,nn,82.39,0.17749997700002496,0.06048828199982381
UTM-NN,305,nn,82.44,0.2487566679997144,0.059917571999903885
UTM-NN,306,nn,82.37,0.18571539100003065,0.06026665899980799
UTM-NN,307,nn,82.31,0.17379948000007062,0.060402423000141425
UTM-NN,308,nn,82.46,0.19100880099995265,0.05999826099969141
UTM-NN,309,nn,82.35,0.19257596300030855,0.05950589099984427
UTM-NN,310,nn,82.44,0.186464277000141,0.05992653400016934
UTM-NN,311,nn,82.28999999999999,0.18361745699985477,0.06056180999985372
UTM-NN,312,nn,82.37,0.18923854400009077,0.06003292700006568
UTM-NN,313,nn,82.34,0.2503052330002902,0.059690354999929696
UTM-NN,314,nn,82.36,0.19277586200041696,0.059846582999853126
UTM-NN,315,nn,82.27,0.1885248460002913,0.06034950100001879
UTM-NN,316,nn,82.39,0.19145874800005913,0.060348212999997486
UTM-NN,317,nn,82.31,0.2525675140000203,0.061026309999761
UTM-NN,318,nn,82.39,0.1908413969999856,0.06023259599987796
UTM-NN,319,nn,82.46,0.19021714500013331,0.05983881600013774
UTM-NN,320,nn,82.38,0.19084178499997506,0.059583359000043856
UTM-NN,321,nn,82.37,0.19148802900008377,0.0603037310002037
UTM-NN,322,nn,82.39,0.1914392579997184,0.06032597800003714
UTM-NN,323,nn,82.3,0.19017409700018106,0.06014650099996288
UTM-NN,324,nn,82.42,0.19372236500021245,0.05958967600008691
UTM-NN,325,nn,82.41000000000001,0.2502539400002206,0.059369946000060736
UTM-NN,326,nn,82.39999999999999,0.19075236000026052,0.06064548900030786
UTM-NN,327,nn,82.5,0.18179357300004995,0.060865768999974534
UTM-NN,328,nn,82.31,0.19201613899986114,0.06053496799995628
UTM-NN,329,nn,82.41000000000001,0.2471117109998886,0.05979133399978309
UTM-NN,330,nn,82.36,0.1903059689998372,0.0605657500000234
UTM-NN,331,nn,82.42,0.1900221490000149,0.06095639100021799
UTM-NN,332,nn,82.38,0.1746817819998796,0.06007898400002887
UTM-NN,333,nn,82.41000000000001,0.19151822999992874,0.05973113599975477
UTM-NN,334,nn,82.39999999999999,0.1808948180000698,0.059666452999863395
UTM-NN,335,nn,82.32000000000001,0.1766381200000069,0.059559544999956415
UTM-NN,336,nn,82.47,0.2351492020002297,0.05981968700007201
UTM-NN,337,nn,82.42,0.18688979299986386,0.05956181400006244
UTM-NN,338,nn,82.3,0.19139245599990318,0.058414937000179634
UTM-NN,339,nn,82.38,0.1910764500003097,0.06011501600005431
UTM-NN,340,nn,82.35,0.24888741799986747,0.06041918499977328
UTM-NN,341,nn,82.42,0.19219317099987165,0.060272380000242265
UTM-NN,342,nn,82.43,0.17924068100001023,0.059278250999796
UTM-NN,343,nn,82.37,0.18972269400001096,0.059756744999958755
UTM-NN,344,nn,82.46,0.1903187779998916,0.05837675499969919
UTM-NN,345,nn,82.28,0.17049313400002575,0.059482650000063586
UTM-NN,346,nn,82.37,0.1910259030000816,0.060347799000282976
UTM-NN,347,nn,82.48,0.1908843880000859,0.058811035999951855
UTM-NN,348,nn,82.36,0.25039762799997334,0.05986378599982345
UTM-NN,349,nn,82.45,0.17658730599987393,0.06108358400024372
UTM-NN,350,nn,82.39999999999999,0.19129438600020876,0.05920790500022122
UTM-NN,351,nn,82.42,0.1941579429999365,0.059640420000050653
UTM-NN,352,nn,82.39,0.24967411699981312,0.05900211199968908
UTM-NN,353,nn,82.37,0.18364974399992207,0.06150472999979684
UTM-NN,354,nn,82.34,0.18572301899985177,0.05940108499999042
UTM-NN,355,nn,82.36,0.19017537099989568,0.05971630800013372
UTM-NN,356,nn,82.42,0.18979391700031556,0.05860054999993736
UTM-NN,357,nn,82.38,0.19189644700009012,0.05906125800038353
UTM-NN,358,nn,82.46,0.1787974630001372,0.0592380640000556
UTM-NN,359,nn,82.5,0.24904593199971714,0.05936230199995407
UTM-NN,360,nn,82.37,0.17884022699990965,0.06010441800026456
UTM-NN,361,nn,82.48,0.18700633299977198,0.05629325700010668
UTM-NN,362,nn,82.48,0.19098646900010863,0.059697729000163235
UTM-NN,363,nn,82.44,0.24620495699991807,0.05825713500007623
UTM-NN,364,nn,82.38,0.19200813799989191,0.059832272000221565
UTM-NN,365,nn,82.34,0.19088349499998003,0.05986264000011943
UTM-NN,366,nn,82.39999999999999,0.1915872570002648,0.05983200200034844
UTM-NN,367,nn,82.42,0.17867382999975234,0.058908828000312496
UTM-NN,368,nn,82.44,0.17789522200018837,0.06012331000010818
UTM-NN,369,nn,82.36,0.19150119300002189,0.06368399799976032
UTM-NN,370,nn,82.37,0.17914871899984064,0.05971363199978441
UTM-NN,371,nn,82.34,0.24903659200026595,0.06133703000023161
UTM-NN,372,nn,82.35,0.19111484199993356,0.06327340000007098
UTM-NN,373,nn,82.33,0.19230908500003352,0.059750284000074316
UTM-NN,374,nn,82.32000000000001,0.1822665549998419,0.06515709499990407
UTM-NN,375,nn,82.39999999999999,0.23964891800005717,0.0605967330002386
UTM-NN,376,nn,82.35,0.17584224600022935,0.06401727699994808
UTM-NN,377,nn,82.46,0.19319706900023448,0.06002745500018136
UTM-NN,378,nn,82.39,0.18629990799990992,0.06307781400028034
UTM-NN,379,nn,82.43,0.18534206699996503,0.05968584099991858
UTM-NN,380,nn,82.38,0.19491946200014354,0.06074079100017116
UTM-NN,381,nn,82.3,0.18658435899988035,0.0623576029997821
UTM-NN,382,nn,82.3,0.17924683799992636,0.059529150999878766
UTM-NN,383,nn,82.43,0.23608780399990792,0.059476407000147447
UTM-NN,384,nn,82.41000000000001,0.17852881299995715,0.05959578500005591
UTM-NN,385,nn,82.43,0.18095613800005594,0.05948336300025403
UTM-NN,386,nn,82.35,0.17821763000029023,0.05947253299973454
UTM-NN,387,nn,82.32000000000001,0.23450947499986796,0.05922207599996909
UTM-NN,388,nn,82.34,0.17841963999990185,0.05972980499973346
UTM-NN,389,nn,82.38,0.17728623399989374,0.0603842479999912
UTM-NN,390,nn,82.36,0.17722073599998112,0.0609247439997489
UTM-NN,391,nn,82.39999999999999,0.17760030599993115,0.0608654170000591
UTM-NN,392,nn,82.33,0.1792525010000645,0.059876435000205674
UTM-NN,393,nn,82.44,0.17817281999987244,0.06076893599993127
UTM-NN,394,nn,82.5,0.23414460100002543,0.05957786900034989
UTM-NN,395,nn,82.39999999999999,0.17873479299987594,0.06010380799989434
UTM-NN,396,nn,82.46,0.17803086100002474,0.0608385220002674
UTM-NN,397,nn,82.46,0.1778997530000197,0.059506608999981836
UTM-NN,398,nn,82.41000000000001,0.23504343100012193,0.06030621199988673
UTM-NN,399,nn,82.44,0.17975778199979686,0.059964411000237305
UTM-NN,400,nn,82.34,0.17841773700001795,0.05917982600021787
UTM-NN,401,nn,82.42,0.17719972900022185,0.060509940999963874
UTM-NN,402,nn,82.36,0.17767376200026774,0.059364309999637044
UTM-NN,403,nn,82.34,0.1778404589999809,0.05979589400021723
UTM-NN,404,nn,82.43,0.17789679099996647,0.05982377299960717
UTM-NN,405,nn,82.43,0.1777518100002453,0.05838365099998555
UTM-NN,406,nn,82.44,0.2372393480000028,0.06038670499992804
UTM-NN,407,nn,82.35,0.1794403379999494,0.058659436000198184
UTM-NN,408,nn,82.39,0.19399855700021362,0.06064527000035014
UTM-NN,409,nn,82.41000000000001,0.18149945999994088,0.058610549999684736
UTM-NN,410,nn,82.49,0.24941846199999418,0.06025139300027149
UTM-NN,411,nn,82.39,0.17666428899974562,0.05945755199991254
UTM-NN,412,nn,82.37,0.17654455599995345,0.06029997399991771
UTM-NN,413,nn,82.47,0.17284167600018918,0.06037772399986352
UTM-NN,414,nn,82.37,0.17343272300013268,0.0598170029998073
UTM-NN,415,nn,82.33,0.18896952500017505,0.05865267400031371
UTM-NN,416,nn,82.32000000000001,0.17955432200005816,0.05974814000001061
UTM-NN,417,nn,82.39,0.18459587899997132,0.05919198899982803
UTM-NN,418,nn,82.47,0.2486673140001585,0.05955214799996611
UTM-NN,419,nn,82.28,0.18036817499978497,0.059393101000296156
UTM-NN,420,nn,82.39999999999999,0.19438614799992138,0.05932828100003462
UTM-NN,421,nn,82.33,0.19166275399993538,0.06076382899982491
UTM-NN,422,nn,82.34,0.24535475099992254,0.05897097799970652
UTM-NN,423,nn,82.43,0.1842371570000978,0.056619088999923406
UTM-NN,424,nn,82.3,0.1906157430003077,0.05961585599970931
UTM-NN,425,nn,82.35,0.18182288599973617,0.05915545700008806
UTM-NN,426,nn,82.3,0.18247707299997273,0.059707506999984616
UTM-NN,427,nn,82.44,0.19180854999967778,0.058601526000074955
UTM-NN,428,nn,82.46,0.1918189309999434,0.0600643099996887
UTM-NN,429,nn,82.37,0.24512519800009613,0.06011747299999115
UTM-NN,430,nn,82.32000000000001,0.1781632490001357,0.0592712779998692
UTM-NN,431,nn,82.46,0.1871818429999621,0.05976238599987482
UTM-NN,432,nn,82.39999999999999,0.18026080600020578,0.05985979999968549
UTM-NN,433,nn,82.47,0.24068050400001084,0.059522509000089485
UTM-NN,434,nn,82.39999999999999,0.1867387800002689,0.06306598399987706
UTM-NN,435,nn,82.42,0.18946421600003305,0.05886066499988374
UTM-NN,436,nn,82.44,0.18199472500009506,0.05924899599995115
UTM-NN,437,nn,82.45,0.17586327300023186,0.06001333499989414
UTM-NN,438,nn,82.37,0.19060988299997916,0.06031876300039585
UTM-NN,439,nn,82.36,0.19039711299956252,0.05968388000019331
UTM-NN,440,nn,82.45,0.19193537000001015,0.05978531799974007
UTM-NN,441,nn,82.41000000000001,0.24979595200011318,0.059745137999925646
UTM-NN,442,nn,82.46,0.18851887699975123,0.05939984699989509
UTM-NN,443,nn,82.53,0.181276909999724,0.05701810500022475
UTM-NN,444,nn,82.5,0.18211346499992942,0.05941930800008777
UTM-NN,445,nn,82.36,0.24127280099992277,0.060310370000024704
UTM-NN,446,nn,82.31,0.18461955500015392,0.06028775999993741
UTM-NN,447,nn,82.39999999999999,0.1814801499999703,0.05990962699979718
UTM-NN,448,nn,82.48,0.19347821400015164,0.059988404999785416
UTM-NN,449,nn,82.37,0.1927745629996025,0.0601054120002118
UTM-NN,450,nn,82.44,0.17581151600006706,0.06120743499968739
UTM-NN,451,nn,82.41000000000001,0.17484911299970918,0.059316682999906334
UTM-NN,452,nn,82.39,0.24358400399978564,0.05999444000008225
UTM-NN,453,nn,82.39999999999999,0.1940032379998229,0.05952461599963499
UTM-NN,454,nn,82.39,0.17492345800019393,0.06008272200006104
UTM-NN,455,nn,82.39,0.17806518799989135,0.05943220100016333
UTM-NN,456,nn,82.28999999999999,0.23520524799960185,0.06082445500032918
UTM-NN,457,nn,82.36,0.18018472699986887,0.05991119600003003
UTM-NN,458,nn,82.46,0.19274127600010615,0.0595906250000553
UTM-NN,459,nn,82.37,0.19100231199990958,0.060348094000346464
UTM-NN,460,nn,82.35,0.1908644820000518,0.05996053800026857
UTM-NN,461,nn,82.35,0.18961983700000928,0.06017788700000892
UTM-NN,462,nn,82.36,0.19032820500024172,0.06123738999986017
UTM-NN,463,nn,82.44,0.18084273600015877,0.061126975000206585
UTM-NN,464,nn,82.37,0.24449618500011638,0.06079260200021963
UTM-NN,465,nn,82.38,0.18894242900023528,0.06040977499969813
UTM-NN,466,nn,82.39,0.18938029100036147,0.06118500299999141
UTM-NN,467,nn,82.49,0.19141873700027645,0.06002550599987444
UTM-NN,468,nn,82.42,0.24998859700008325,0.06171619799988548
UTM-NN,469,nn,82.46,0.1920378059999166,0.061079939999672206
UTM-NN,470,nn,82.42,0.1919740229996023,0.06060134500012282
UTM-NN,471,nn,82.37,0.19380239199972493,0.06085474500014243
UTM-NN,472,nn,82.33,0.1873302760000115,0.05994027899987486
UTM-NN,473,nn,82.35,0.1918715639999391,0.06108013200037021
UTM-NN,474,nn,82.34,0.1907764790003057,0.05968128599988631
UTM-NN,475,nn,82.38,0.17715840899973045,0.06111043400005656
UTM-NN,476,nn,82.42,0.2352969479998137,0.060823964000064734
UTM-NN,477,nn,82.45,0.17774650199999087,0.060926822000055836
UTM-NN,478,nn,82.32000000000001,0.17595209000000978,0.06103447799978312
UTM-NN,479,nn,82.35,0.24925996199999645,0.05984985999975834
UTM-NN,480,nn,82.33,0.1748909719999574,0.06034669100017709
UTM-NN,481,nn,82.36,0.1742470310000499,0.06052873599992381
UTM-NN,482,nn,82.48,0.1740100199999688,0.06103219199985688
UTM-NN,483,nn,82.38,0.19041492499991364,0.060334563000196795
UTM-NN,484,nn,82.39999999999999,0.1887493229996835,0.06057245299962233
UTM-NN,485,nn,82.39,0.17551227600006314,0.06016376499974285
UTM-NN,486,nn,82.45,0.18520961800004443,0.05987440099988817
UTM-NN,487,nn,82.46,0.24163960699979725,0.06053587999986121
UTM-NN,488,nn,82.32000000000001,0.17779675499969017,0.06061235399965881
UTM-NN,489,nn,82.39999999999999,0.19201920699970287,0.06039514900021459
UTM-NN,490,nn,82.39999999999999,0.1912030120001873,0.06023907600001621
UTM-NN,491,nn,82.39999999999999,0.2464915759996984,0.05985233399997014
UTM-NN,492,nn,82.35,0.19076333300017723,0.060557666000022436
UTM-NN,493,nn,82.49,0.19214104000002408,0.06163084499985416
UTM-NN,494,nn,82.42,0.19296042499991017,0.05919452400030423
UTM-NN,495,nn,82.33,0.1748829560001468,0.06080872700022155
UTM-NN,496,nn,82.36,0.1907704370000829,0.05959614900029919
UTM-NN,497,nn,82.42,0.1893729099997472,0.06009025499997733
UTM-NN,498,nn,82.32000000000001,0.19288288500001727,0.06093011300026774
UTM-NN,499,nn,82.33,0.2465971029996581,0.061378757000056794
UTM-NN,500,nn,82.39,0.18866024299995843,0.06112620899966714
