method,epoch,model_type,test_accuracy,train_time,test_time
Cyclic,1,tm,59.95,0.488779916006024,0.062183816990000196
Cyclic,2,tm,63.04,0.4214357029995881,0.06381582899484783
Cyclic,3,tm,66.12,0.390985455000191,0.06331497899373062
Cyclic,4,tm,63.65,0.37938664299144875,0.06194835700443946
Cyclic,5,tm,69.61,0.38274842900864314,0.06378402600239497
Cyclic,6,tm,71.43,0.3776438080094522,0.063709939000546
Cyclic,7,tm,69.47,0.36358752399974037,0.065722375002224
Cyclic,8,tm,70.24000000000001,0.3571856030030176,0.06333231199823786
Cyclic,9,tm,70.46,0.3557480059971567,0.06576235099055339
Cyclic,10,tm,68.85,0.3508211769949412,0.06419282400747761
Cyclic,11,tm,69.28,0.3470239629969001,0.06705124099971727
Cyclic,12,tm,71.16,0.3575831019988982,0.0654526730068028
Cyclic,13,tm,70.46,0.3414362990006339,0.06444103000103496
Cyclic,14,tm,70.02000000000001,0.33963661099551246,0.06289457599632442
Cyclic,15,tm,70.7,0.3417304090107791,0.06498193800507579
Cyclic,16,tm,70.07,0.34242777999315877,0.06743667999398895
Cyclic,17,tm,70.66,0.33937921599135734,0.0661086339969188
Cyclic,18,tm,73.8,0.33489339699735865,0.06731716799549758
Cyclic,19,tm,73.63,0.34169123400351964,0.06696933499188162
Cyclic,20,tm,71.93,0.32996509499207605,0.06844565000210423
Cyclic,21,tm,67.58999999999999,0.3329167839983711,0.06674198099062778
Cyclic,22,tm,71.61999999999999,0.33273544200346805,0.06563772600202356
Cyclic,23,tm,71.41999999999999,0.3291386219934793,0.06509041500976309
Cyclic,24,tm,68.55,0.3329097150126472,0.06546624899783637
Cyclic,25,tm,71.03,0.33525246000499465,0.06217247899621725
Cyclic,26,tm,72.77,0.33576880699547473,0.066034531002515
Cyclic,27,tm,70.33,0.3308465420122957,0.06664220499806106
Cyclic,28,tm,73.63,0.3292516609944869,0.06548591899627354
Cyclic,29,tm,74.15,0.30428048499743454,0.06349954100733157
Cyclic,30,tm,74.72,0.32791570300469175,0.06605334999039769
Cyclic,31,tm,70.38,0.3301652700029081,0.06586320599308237
Cyclic,32,tm,70.92,0.32461907000106294,0.0654748200031463
Cyclic,33,tm,72.64,0.32600629900116473,0.06409220499335788
Cyclic,34,tm,74.75,0.32241342299676035,0.06725363599252887
Cyclic,35,tm,72.14,0.3255774319986813,0.06600697699468583
Cyclic,36,tm,70.0,0.32711070000368636,0.06660641400958411
Cyclic,37,tm,73.3,0.3330786000005901,0.06613809500413481
Cyclic,38,tm,72.8,0.32229272100084927,0.0672750689991517
Cyclic,39,tm,75.08,0.3410795490053715,0.06701557099586353
Cyclic,40,tm,73.53,0.33754653499636333,0.06543062700075097
Cyclic,41,tm,73.38,0.334672954006237,0.06741014101135079
Cyclic,42,tm,73.68,0.33519322601205204,0.06568708800477907
Cyclic,43,tm,71.44,0.3139796300092712,0.066463739000028
Cyclic,44,tm,71.34,0.3253771290037548,0.06496017701283563
Cyclic,45,tm,73.83999999999999,0.31606116199691314,0.06690303100913297
Cyclic,46,tm,72.06,0.3219657799927518,0.06374940999376122
Cyclic,47,tm,72.3,0.3238851010100916,0.06672715599415824
Cyclic,48,tm,74.74,0.3368607169977622,0.0656652259931434
Cyclic,49,tm,73.77,0.3209080309898127,0.0649026640021475
Cyclic,50,tm,69.84,0.3213924949959619,0.06760742799087893
Cyclic,51,nn,78.36,0.19865287399443332,0.06806253599643242
Cyclic,52,nn,78.92,0.2501521550002508,0.0674806000024546
Cyclic,53,nn,79.2,0.19548107699665707,0.06918515000143088
Cyclic,54,nn,79.46,0.1940238549868809,0.06828542599396314
Cyclic,55,nn,79.55,0.19499203500163276,0.0659270199976163
Cyclic,56,nn,79.84,0.24784811699646525,0.06759099000191782
Cyclic,57,nn,79.86,0.19655999400129076,0.06601175700780004
Cyclic,58,nn,79.77,0.19673839698953088,0.06938721500046086
Cyclic,59,nn,79.89,0.19835715400404297,0.0680609459959669
Cyclic,60,nn,79.74,0.24564329200075008,0.06788266600051429
Cyclic,61,nn,79.71000000000001,0.2088585269957548,0.06962593299977016
Cyclic,62,nn,79.74,0.19509193299745675,0.0686597189924214
Cyclic,63,nn,79.86,0.19599858099536505,0.06883961100538727
Cyclic,64,nn,79.85,0.2171129720081808,0.06865433001075871
Cyclic,65,nn,79.74,0.2501714730024105,0.06825552400550805
Cyclic,66,nn,79.86999999999999,0.20281830101157539,0.06856340500235092
Cyclic,67,nn,79.66,0.19460218399763107,0.0663449359999504
Cyclic,68,nn,79.91,0.19562029399094172,0.06659496499923989
Cyclic,69,nn,79.83,0.2674061809957493,0.06466906100104097
Cyclic,70,nn,79.77,0.20604334399104118,0.0674720620008884
Cyclic,71,nn,79.97999999999999,0.20550817500043195,0.0679086099989945
Cyclic,72,nn,79.85,0.19270217399753164,0.06508400599705055
Cyclic,73,nn,79.9,0.2686346090049483,0.0679075859952718
Cyclic,74,nn,79.89,0.19632657698821276,0.06563442498736549
Cyclic,75,nn,79.94,0.19710679601121228,0.06735587998991832
Cyclic,76,nn,80.01,0.19468606000009459,0.06648333198972978
Cyclic,77,nn,80.10000000000001,0.24757741899520624,0.06790128600550815
Cyclic,78,nn,79.9,0.19847463999758475,0.06813871400663629
Cyclic,79,nn,80.08,0.19966440000280272,0.06783242100209463
Cyclic,80,nn,80.07,0.2068732479965547,0.06895058699592482
Cyclic,81,nn,80.08999999999999,0.19650910100608598,0.06806900999799836
Cyclic,82,nn,80.25999999999999,0.2712700280098943,0.06825204398774076
Cyclic,83,nn,80.08,0.1941195920080645,0.06545697199180722
Cyclic,84,nn,80.16,0.214178410009481,0.0680135309958132
Cyclic,85,nn,80.12,0.19892008899478242,0.06813000699912664
Cyclic,86,nn,80.17999999999999,0.2454292530019302,0.06815572800405789
Cyclic,87,nn,80.08999999999999,0.19504055198922288,0.06776989999343641
Cyclic,88,nn,80.28999999999999,0.2068456629931461,0.0687730490026297
Cyclic,89,nn,80.4,0.20029738399898633,0.06846473600307945
Cyclic,90,nn,80.23,0.2683272290014429,0.06885221900301985
Cyclic,91,nn,80.43,0.20458602299913764,0.06810751199373044
Cyclic,92,nn,80.32000000000001,0.20252327399794012,0.06549960499978624
Cyclic,93,nn,80.36999999999999,0.20212864500354044,0.06807072700757999
Cyclic,94,nn,80.28,0.2144993559923023,0.0676844640111085
Cyclic,95,nn,80.22,0.25389595999149606,0.06819008600723464
Cyclic,96,nn,80.36999999999999,0.21622852300060913,0.06602353500784375
Cyclic,97,nn,80.45,0.2190093979879748,0.0664984379982343
Cyclic,98,nn,80.5,0.20980872400105,0.06838951700774487
Cyclic,99,nn,80.28999999999999,0.27119278300961014,0.06824516299820971
Cyclic,100,nn,80.39,0.20117813599063084,0.06674969900632277
Cyclic,101,tm,73.3,0.32918436199543066,0.06786638199992012
Cyclic,102,tm,70.75,0.32112268000491895,0.06560222100233659
Cyclic,103,tm,68.88,0.31995851898682304,0.06773750300635584
Cyclic,104,tm,74.46000000000001,0.3244114209956024,0.0662285380094545
Cyclic,105,tm,71.04,0.3201105079933768,0.06549827200069558
Cyclic,106,tm,71.21,0.3192544259945862,0.06591894899611361
Cyclic,107,tm,74.74,0.3238588130043354,0.06511552700249013
Cyclic,108,tm,70.99,0.31846293799753767,0.06656978899263777
Cyclic,109,tm,75.01,0.3250048329937272,0.06558993599901441
Cyclic,110,tm,72.65,0.322569541996927,0.06611551700916607
Cyclic,111,tm,72.83,0.32938655599718913,0.06781697200494818
Cyclic,112,tm,74.39,0.32339250500081107,0.06635938200633973
Cyclic,113,tm,72.53,0.3212207229953492,0.06562006000604015
Cyclic,114,tm,73.06,0.32475588300439995,0.06607425300171599
Cyclic,115,tm,75.76,0.3296174560091458,0.06560196699865628
Cyclic,116,tm,74.19,0.3215805350046139,0.06653762799396645
Cyclic,117,tm,73.82,0.3227603159903083,0.06665337299637031
Cyclic,118,tm,71.57,0.3219971579965204,0.06529131600109395
Cyclic,119,tm,73.11,0.317497046009521,0.06710378600109834
Cyclic,120,tm,74.05000000000001,0.32987009501084685,0.06678915100928862
Cyclic,121,tm,72.78999999999999,0.32231460300681647,0.06547144599608146
Cyclic,122,tm,74.72999999999999,0.32454576599411666,0.06835344000137411
Cyclic,123,tm,73.17,0.322648561996175,0.06596982300106902
Cyclic,124,tm,73.2,0.3292339589970652,0.06613193199154921
Cyclic,125,tm,72.42,0.31985302599787246,0.06464827600575518
Cyclic,126,tm,72.58,0.3141134809993673,0.06500330301059876
Cyclic,127,tm,72.92999999999999,0.32515966999926604,0.06649206599104218
Cyclic,128,tm,71.44,0.3236166080023395,0.0672657370014349
Cyclic,129,tm,71.33,0.33078152299276553,0.06740578600147273
Cyclic,130,tm,72.84,0.31582607299787924,0.06686693899973761
Cyclic,131,tm,73.47,0.32290368199755903,0.06736741500208154
Cyclic,132,tm,71.54,0.3161045360029675,0.06545934001042042
Cyclic,133,tm,70.33,0.3201771559979534,0.06636944301135372
Cyclic,134,tm,73.94,0.3189637860050425,0.06500601000152528
Cyclic,135,tm,73.46000000000001,0.3240633169916691,0.06532509799581021
Cyclic,136,tm,74.00999999999999,0.3159638119977899,0.06595680600730702
Cyclic,137,tm,71.21,0.3148634929966647,0.06698369199875742
Cyclic,138,tm,71.14,0.31366755500494037,0.06673336699896026
Cyclic,139,tm,69.94,0.3200907659920631,0.06684162799501792
Cyclic,140,tm,74.53,0.3198529840010451,0.0657245179900201
Cyclic,141,tm,72.46000000000001,0.32023652899079025,0.0655051069916226
Cyclic,142,tm,75.16000000000001,0.31401807800284587,0.06764202199701685
Cyclic,143,tm,74.00999999999999,0.32219968500430696,0.0669016419997206
Cyclic,144,tm,70.22,0.31518360499467235,0.06536824400245678
Cyclic,145,tm,74.78,0.3175461600039853,0.06587638599739876
Cyclic,146,tm,73.33,0.3208103020006092,0.06463165300374385
Cyclic,147,tm,73.49,0.3217370910133468,0.06524008999986108
Cyclic,148,tm,73.00999999999999,0.31570246699266136,0.06272961098875385
Cyclic,149,tm,73.2,0.3098943649965804,0.06607354899460915
Cyclic,150,tm,72.83,0.32009199100139085,0.0661175679997541
Cyclic,151,nn,79.47,0.19842879701172933,0.06672567699570209
Cyclic,152,nn,79.58,0.21788061200641096,0.06720385199878365
Cyclic,153,nn,79.86999999999999,0.26996755799336825,0.06816509600321297
Cyclic,154,nn,79.80000000000001,0.2194289140024921,0.06824797501030844
Cyclic,155,nn,80.21000000000001,0.22379872800956946,0.06762041299953125
Cyclic,156,nn,80.10000000000001,0.19802561000688002,0.0683663579984568
Cyclic,157,nn,80.34,0.2663817349966848,0.06815049699798692
Cyclic,158,nn,80.15,0.20107969899254385,0.06784482899820432
Cyclic,159,nn,80.17999999999999,0.20775711900205351,0.06908872199710459
Cyclic,160,nn,80.4,0.22047579599893652,0.06703119599842466
Cyclic,161,nn,80.34,0.25234867799736094,0.07132898998679593
Cyclic,162,nn,80.44,0.1995539909985382,0.06933804800792132
Cyclic,163,nn,80.41,0.2162510280031711,0.06682010799704585
Cyclic,164,nn,80.24,0.20571110499440692,0.06612619600491598
Cyclic,165,nn,80.27,0.2050965589878615,0.06524527999863494
Cyclic,166,nn,80.45,0.2505709469987778,0.06578930000250693
Cyclic,167,nn,80.54,0.20439361700846348,0.06540570699144155
Cyclic,168,nn,80.57,0.19457688000693452,0.0650877070002025
Cyclic,169,nn,80.55,0.20492486300645396,0.0671385120076593
Cyclic,170,nn,80.47999999999999,0.2616612509882543,0.06832249900617171
Cyclic,171,nn,80.55,0.1988213500007987,0.0693423589982558
Cyclic,172,nn,80.67999999999999,0.2020170110045001,0.06914798000070732
Cyclic,173,nn,80.72,0.20945805600786116,0.06579426799726207
Cyclic,174,nn,80.67,0.26073072500003036,0.06912319800176192
Cyclic,175,nn,80.71000000000001,0.21772717199928593,0.06586035499640275
Cyclic,176,nn,80.88,0.21288257000560407,0.06642803199065384
Cyclic,177,nn,80.86,0.2079265270003816,0.06640124699333683
Cyclic,178,nn,80.94,0.19948922299954575,0.06541300800745375
Cyclic,179,nn,80.83,0.2666556049953215,0.06809844900271855
Cyclic,180,nn,80.9,0.20302284900390077,0.06936616700841114
Cyclic,181,nn,80.97999999999999,0.19844818601268344,0.06807472399668768
Cyclic,182,nn,80.88,0.2168052259949036,0.0692679679923458
Cyclic,183,nn,80.88,0.2590780989994528,0.06657726899720728
Cyclic,184,nn,80.96,0.20809956100129057,0.06670679099624977
Cyclic,185,nn,81.05,0.2198795699951006,0.06790773299871944
Cyclic,186,nn,81.01,0.22153953700035345,0.06674625100276899
Cyclic,187,nn,80.89,0.2694515629991656,0.0690179170051124
Cyclic,188,nn,80.96,0.21723419798945542,0.06950615400273819
Cyclic,189,nn,80.81,0.21770508799818344,0.06817179601057433
Cyclic,190,nn,80.89,0.20746830699499696,0.06927324501157273
Cyclic,191,nn,80.9,0.2749927900003968,0.06775184599973727
Cyclic,192,nn,80.99,0.19921090500429273,0.06881503900513053
Cyclic,193,nn,81.05,0.20204423199174926,0.06892959099786822
Cyclic,194,nn,81.07,0.2054057370114606,0.06964675600465853
Cyclic,195,nn,81.11,0.19740473700221628,0.06810565400519408
Cyclic,196,nn,81.19,0.25756126499618404,0.06966302401269786
Cyclic,197,nn,81.21000000000001,0.22015657999145333,0.07070413400651887
Cyclic,198,nn,81.3,0.22016355700907297,0.0649396540102316
Cyclic,199,nn,81.22,0.21918577399628703,0.068133235006826
Cyclic,200,nn,81.02000000000001,0.274683454001206,0.06970736299990676
Cyclic,201,tm,73.99,0.32302060100482777,0.06739694401039742
Cyclic,202,tm,72.92,0.32270647000405006,0.06576773698907346
Cyclic,203,tm,73.85000000000001,0.3147815830016043,0.06306692500947975
Cyclic,204,tm,74.15,0.31445017899386585,0.0655290629947558
Cyclic,205,tm,73.42,0.318353577007656,0.06362312399141956
Cyclic,206,tm,72.21,0.31880566199833993,0.06522175800637342
Cyclic,207,tm,75.74,0.30895758800033946,0.06607312000414822
Cyclic,208,tm,72.06,0.31384180500754155,0.06624573400767986
Cyclic,209,tm,74.15,0.3176067860040348,0.06661366099433508
Cyclic,210,tm,74.68,0.32322481999290176,0.06650659500155598
Cyclic,211,tm,70.03,0.3105836430040654,0.06577608599036466
Cyclic,212,tm,74.83999999999999,0.3128423760063015,0.06727915199007839
Cyclic,213,tm,73.86,0.3180092320108088,0.06583190399396699
Cyclic,214,tm,74.9,0.3112213679996785,0.06516775400086772
Cyclic,215,tm,72.58,0.31660969099903014,0.06578961499326397
Cyclic,216,tm,69.8,0.3126484139938839,0.06549229499069043
Cyclic,217,tm,73.25,0.3211787720065331,0.06627290000324138
Cyclic,218,tm,73.35000000000001,0.3107495149888564,0.06576416299503762
Cyclic,219,tm,71.22,0.3171522909979103,0.06738627699087374
Cyclic,220,tm,72.48,0.3125963810016401,0.06574463698780164
Cyclic,221,tm,72.99,0.3150182209938066,0.06598913999914657
Cyclic,222,tm,75.26,0.3249046089913463,0.0668012490059482
Cyclic,223,tm,74.09,0.32285125899943523,0.06719788300688379
Cyclic,224,tm,75.03,0.316230476993951,0.06571946199983358
Cyclic,225,tm,74.11,0.322254751008586,0.06574829400051385
Cyclic,226,tm,75.07000000000001,0.3163153079949552,0.0656367719930131
Cyclic,227,tm,72.16,0.3139574300003005,0.0668873300019186
Cyclic,228,tm,68.32000000000001,0.315000713992049,0.06687631001113914
Cyclic,229,tm,75.03999999999999,0.31534312199801207,0.06583597499411553
Cyclic,230,tm,72.59,0.3143413350044284,0.06740837699908298
Cyclic,231,tm,73.52,0.31556887400802225,0.06588599400129169
Cyclic,232,tm,74.33,0.3137763400009135,0.06697959199664183
Cyclic,233,tm,75.05,0.32515871500072535,0.06596243300009519
Cyclic,234,tm,74.5,0.3146303810062818,0.06836439899052493
Cyclic,235,tm,74.51,0.31385771799250506,0.06868912100617308
Cyclic,236,tm,73.17,0.3131011740042595,0.0679801829974167
Cyclic,237,tm,73.9,0.31461162799678277,0.06818833299621474
Cyclic,238,tm,73.21,0.3226100970059633,0.06591800499882083
Cyclic,239,tm,73.21,0.3088191610004287,0.0655554389959434
Cyclic,240,tm,72.61,0.30842699798813555,0.06618052900012117
Cyclic,241,tm,72.91,0.3123014479933772,0.06611649598926306
Cyclic,242,tm,73.32,0.30821130199183244,0.06660799800010864
Cyclic,243,tm,74.0,0.3133774109883234,0.067136870988179
Cyclic,244,tm,72.28999999999999,0.3080476239993004,0.06692273200314958
Cyclic,245,tm,74.45,0.30643727199640125,0.06605011700594332
Cyclic,246,tm,75.56,0.31366112700197846,0.06751876999624074
Cyclic,247,tm,72.45,0.3128891009982908,0.06601158301054966
Cyclic,248,tm,73.03,0.31623886300076265,0.06546605701441877
Cyclic,249,tm,72.48,0.31754305301001295,0.0656045079958858
Cyclic,250,tm,74.38,0.31870014999003615,0.06591285600734409
Cyclic,251,nn,79.36,0.2125881130050402,0.0696927529934328
Cyclic,252,nn,79.67999999999999,0.1969663700001547,0.06873144400015008
Cyclic,253,nn,80.07,0.21324075800657738,0.0692999799939571
Cyclic,254,nn,80.27,0.26876373898994643,0.06801534100668505
Cyclic,255,nn,80.16,0.22271122298843693,0.06524608100880869
Cyclic,256,nn,80.36,0.20983249599521514,0.06801434900262393
Cyclic,257,nn,80.33,0.20412033300090116,0.0656594840111211
Cyclic,258,nn,80.36,0.22753439900407102,0.0678597279911628
Cyclic,259,nn,80.4,0.2637545809993753,0.0677667480049422
Cyclic,260,nn,80.47,0.2204175619990565,0.06550891100778244
Cyclic,261,nn,80.47999999999999,0.21875309899041895,0.06727194899576716
Cyclic,262,nn,80.47,0.22234535099414643,0.06891112300218083
Cyclic,263,nn,80.51,0.26747252300265245,0.06706077299895696
Cyclic,264,nn,80.62,0.1954294119932456,0.06841447400802281
Cyclic,265,nn,80.47,0.21054310401086695,0.06780151200655382
Cyclic,266,nn,80.67999999999999,0.20697165800083894,0.0671309010067489
Cyclic,267,nn,80.66,0.25928215599560644,0.06899146000796463
Cyclic,268,nn,80.52,0.21656237500428688,0.0704239909973694
Cyclic,269,nn,80.60000000000001,0.2115180800028611,0.06762989099661354
Cyclic,270,nn,80.57,0.20088294000015594,0.06722561600327026
Cyclic,271,nn,80.51,0.19564355901093222,0.06626584299374372
Cyclic,272,nn,80.49,0.2662847559986403,0.06765328200708609
Cyclic,273,nn,80.62,0.2061881400004495,0.06704311500652693
Cyclic,274,nn,80.63,0.21894948800036218,0.06823456801066641
Cyclic,275,nn,80.80000000000001,0.21940682499553077,0.06807988000218756
Cyclic,276,nn,80.80000000000001,0.26800889101286884,0.06637612098711543
Cyclic,277,nn,80.74,0.19945675299095456,0.0654454559989972
Cyclic,278,nn,80.73,0.19469541100261267,0.06771823301096447
Cyclic,279,nn,80.61,0.1953631630021846,0.06957163399783894
Cyclic,280,nn,80.71000000000001,0.25934628400136717,0.06834376900224015
Cyclic,281,nn,80.88,0.19595054800447542,0.06893890499486588
Cyclic,282,nn,80.81,0.19711092401121277,0.06717703999311198
Cyclic,283,nn,80.69,0.19716433399298694,0.06728991999989375
Cyclic,284,nn,80.96,0.2486039490031544,0.06790213398926426
Cyclic,285,nn,81.04,0.19607101900328416,0.07899978100613225
Cyclic,286,nn,80.9,0.19799045400577597,0.06959219499549363
Cyclic,287,nn,81.02000000000001,0.20326048599963542,0.06738900400523562
Cyclic,288,nn,80.87,0.19750961200043093,0.06938924599671736
Cyclic,289,nn,81.04,0.26515948699670844,0.06835198198677972
Cyclic,290,nn,81.10000000000001,0.19620248500723392,0.06793999001092743
Cyclic,291,nn,80.96,0.20017842600645963,0.06950943300034851
Cyclic,292,nn,81.11,0.19631665700580925,0.06768382398877293
Cyclic,293,nn,81.02000000000001,0.24677282200718764,0.06692591500177514
Cyclic,294,nn,80.89,0.20252112799789757,0.0690627570002107
Cyclic,295,nn,81.08,0.19806307399994694,0.06893601700721774
Cyclic,296,nn,80.93,0.19601234600122552,0.0674860470026033
Cyclic,297,nn,81.08999999999999,0.24526350000815,0.06776051899942104
Cyclic,298,nn,80.97999999999999,0.19803286099340767,0.06934340699808672
Cyclic,299,nn,81.2,0.19627200199465733,0.06724783800018486
Cyclic,300,nn,81.25,0.19660270599706564,0.06901633500820026
Cyclic,301,tm,75.75,0.32448461699823383,0.06590985400544014
Cyclic,302,tm,74.7,0.3085058619908523,0.06596507100039162
Cyclic,303,tm,73.37,0.3161058330006199,0.06541984100476839
Cyclic,304,tm,73.34,0.3140796980005689,0.06829124099749606
Cyclic,305,tm,74.78,0.31141103598929476,0.0666283390019089
Cyclic,306,tm,74.03,0.3122472000104608,0.06790416299190838
Cyclic,307,tm,75.68,0.31260265699529555,0.0671384669985855
Cyclic,308,tm,73.16,0.30955418199300766,0.0652946539921686
Cyclic,309,tm,72.05,0.3109599339950364,0.06929772598959971
Cyclic,310,tm,75.57000000000001,0.3085951499961084,0.06675908398756292
Cyclic,311,tm,72.99,0.3147975540050538,0.0665933389973361
Cyclic,312,tm,72.24000000000001,0.31097402100567706,0.06871427698933985
Cyclic,313,tm,73.47,0.31049121198884677,0.06689816700236406
Cyclic,314,tm,73.74000000000001,0.3244490399956703,0.06744562499807216
Cyclic,315,tm,75.17,0.31360555499850307,0.06817585400131065
Cyclic,316,tm,73.19,0.32101336200139485,0.06581757198728155
Cyclic,317,tm,73.82,0.320142570999451,0.0662204539985396
Cyclic,318,tm,74.09,0.308124144008616,0.06714144199213479
Cyclic,319,tm,75.32,0.3114375120057957,0.06732831199769862
Cyclic,320,tm,73.34,0.3137031539954478,0.0652923369925702
Cyclic,321,tm,74.52,0.32411116299044807,0.06587397499242797
Cyclic,322,tm,74.2,0.31133572399266995,0.06669230900297407
Cyclic,323,tm,72.78,0.31847788199956995,0.06776133600214962
Cyclic,324,tm,73.98,0.3178304130124161,0.06794768900726922
Cyclic,325,tm,73.29,0.31715515100222547,0.06662689799850341
Cyclic,326,tm,72.69,0.31052116298815235,0.06357712199678645
Cyclic,327,tm,72.43,0.319990272007999,0.06602133899286855
Cyclic,328,tm,74.76,0.3184842269984074,0.06707515400194097
Cyclic,329,tm,75.61,0.31802212599723134,0.06611347000580281
Cyclic,330,tm,75.09,0.3085412349901162,0.06809423900267575
Cyclic,331,tm,73.47,0.32228147800196894,0.0662207980058156
Cyclic,332,tm,74.83999999999999,0.3036774179927306,0.07037131900142413
Cyclic,333,tm,75.92999999999999,0.31161095899005886,0.06858665999607183
Cyclic,334,tm,71.74000000000001,0.32075967999116983,0.06638742100039963
Cyclic,335,tm,74.95,0.31403027100895997,0.06596366799203679
Cyclic,336,tm,73.5,0.30916361999697983,0.07315654298872687
Cyclic,337,tm,73.77,0.31670956801099237,0.06579502001113724
Cyclic,338,tm,73.61,0.31395185700966977,0.06649905300582759
Cyclic,339,tm,74.31,0.31834586399781983,0.0663965760031715
Cyclic,340,tm,75.63,0.31582521900418214,0.06380931999592576
Cyclic,341,tm,73.92,0.30933665100019425,0.06567920099769253
Cyclic,342,tm,75.32,0.3122085280047031,0.0665154110029107
Cyclic,343,tm,73.11,0.30813910500728525,0.068192712002201
Cyclic,344,tm,75.33999999999999,0.31465503499202896,0.06836981400556397
Cyclic,345,tm,73.68,0.3162032489926787,0.06685068800288718
Cyclic,346,tm,75.36,0.2986580670112744,0.06679557499592192
Cyclic,347,tm,75.12,0.30530024200561456,0.06711163900035899
Cyclic,348,tm,73.00999999999999,0.3073206970002502,0.06228844200086314
Cyclic,349,tm,74.47,0.31108727998798713,0.0683311899920227
Cyclic,350,tm,74.63,0.3289990420016693,0.06634165499417577
Cyclic,351,nn,80.08,0.21767177199944854,0.06761548400390893
Cyclic,352,nn,80.43,0.26699399000790436,0.0680030630028341
Cyclic,353,nn,80.35,0.20164439399377443,0.06634089699946344
Cyclic,354,nn,80.4,0.19866274199739564,0.06819096200342756
Cyclic,355,nn,80.62,0.2229110549960751,0.06785791600123048
Cyclic,356,nn,80.61,0.2688401250052266,0.06546609500946943
Cyclic,357,nn,80.52,0.21109635800530668,0.06745986999885645
Cyclic,358,nn,80.71000000000001,0.21948866599996109,0.06872806799947284
Cyclic,359,nn,80.61,0.21955962000356521,0.06803787501121406
Cyclic,360,nn,80.61,0.2673168109904509,0.06756321599823423
Cyclic,361,nn,80.57,0.2015483910072362,0.06725367400213145
Cyclic,362,nn,80.63,0.21033696799713653,0.06961492900154553
Cyclic,363,nn,80.74,0.21916403499199077,0.06801960000302643
Cyclic,364,nn,80.56,0.20696701400447637,0.0660874270106433
Cyclic,365,nn,80.57,0.26708148600300774,0.06837290999828838
Cyclic,366,nn,80.65,0.19420296599855646,0.0677847839979222
Cyclic,367,nn,80.66,0.2224610169942025,0.06884268700378016
Cyclic,368,nn,80.80000000000001,0.21851992300071288,0.06734309101011604
Cyclic,369,nn,80.71000000000001,0.2592268040025374,0.06763610300549772
Cyclic,370,nn,80.58999999999999,0.21696006899583153,0.06834552199870814
Cyclic,371,nn,80.89,0.19607573900429998,0.06806418100313749
Cyclic,372,nn,80.82000000000001,0.2071115079888841,0.06911464099539444
Cyclic,373,nn,80.72,0.26795026801119093,0.06801346800057217
Cyclic,374,nn,80.97,0.19921486800012644,0.06807027199829463
Cyclic,375,nn,80.9,0.21530173800420016,0.06927995600563008
Cyclic,376,nn,80.78,0.2187924410100095,0.06983072699222248
Cyclic,377,nn,80.84,0.19744898000499234,0.06894124099926557
Cyclic,378,nn,80.95,0.24723773999721743,0.06785377900814638
Cyclic,379,nn,81.03,0.19605209400469903,0.06814580499485601
Cyclic,380,nn,81.0,0.19557011198776308,0.06824449400301091
Cyclic,381,nn,80.80000000000001,0.19923498199204914,0.06940814100380521
Cyclic,382,nn,81.07,0.2454687949939398,0.06841442300355993
Cyclic,383,nn,81.0,0.19813201999932062,0.06811059699975885
Cyclic,384,nn,81.03,0.2145781440049177,0.06811952199495863
Cyclic,385,nn,80.99,0.20335119099763688,0.06849732401315123
Cyclic,386,nn,81.08,0.26401333199464716,0.06847638600447681
Cyclic,387,nn,81.10000000000001,0.22405351400084328,0.06707144199754111
Cyclic,388,nn,81.10000000000001,0.20563506800681353,0.06827472799341194
Cyclic,389,nn,81.07,0.2029386939975666,0.06808639201335609
Cyclic,390,nn,81.13,0.19541098999616224,0.06850665299862158
Cyclic,391,nn,81.02000000000001,0.2538162220007507,0.06809600599808618
Cyclic,392,nn,81.08,0.19788337699719705,0.06812881499354262
Cyclic,393,nn,80.94,0.19858322100481018,0.06775395399017725
Cyclic,394,nn,81.28,0.19675764700514264,0.06755551599781029
Cyclic,395,nn,81.17999999999999,0.24788707500556484,0.06805788600468077
Cyclic,396,nn,81.2,0.19297241800813936,0.06903776699618902
Cyclic,397,nn,81.17999999999999,0.19442241599608678,0.0668590780114755
Cyclic,398,nn,81.33,0.1951518819987541,0.06905882799765095
Cyclic,399,nn,81.36,0.2656407839967869,0.06952455299324356
Cyclic,400,nn,81.32000000000001,0.20186812699830625,0.06740841899591032
Cyclic,401,tm,74.74,0.3202825769985793,0.06604391700238921
Cyclic,402,tm,73.00999999999999,0.30919019800785463,0.06687629400403239
Cyclic,403,tm,74.49,0.305922047002241,0.066871966002509
Cyclic,404,tm,74.62,0.3121260680054547,0.0662471740070032
Cyclic,405,tm,70.72,0.30636208099895157,0.06656163001025561
Cyclic,406,tm,72.06,0.30667237199668307,0.06599048800126184
Cyclic,407,tm,74.81,0.30695792099868413,0.06608906599285547
Cyclic,408,tm,69.34,0.3091158729948802,0.06588899600319564
Cyclic,409,tm,71.09,0.3092231780028669,0.06651283599785529
Cyclic,410,tm,76.64,0.31339488399680704,0.06708666899066884
Cyclic,411,tm,74.65,0.30857715000456665,0.06744271800562274
Cyclic,412,tm,73.1,0.31394318700768054,0.06639245999394916
Cyclic,413,tm,68.71000000000001,0.3104321139981039,0.06711583299329504
Cyclic,414,tm,73.99,0.31360037199920043,0.06720135700015817
Cyclic,415,tm,72.78999999999999,0.30542394499934744,0.06736274299328215
Cyclic,416,tm,74.92999999999999,0.3168093610001961,0.06600849400274456
Cyclic,417,tm,76.78,0.3103892770013772,0.06945231898862403
Cyclic,418,tm,72.71,0.31481865400564857,0.0669493580062408
Cyclic,419,tm,74.95,0.325090606987942,0.0664339360082522
Cyclic,420,tm,74.15,0.3133029740129132,0.06833106199337635
Cyclic,421,tm,75.8,0.312738516004174,0.0651062890101457
Cyclic,422,tm,74.07000000000001,0.3081572490045801,0.06552993299555965
Cyclic,423,tm,71.19,0.3098613399924943,0.06568970100488514
Cyclic,424,tm,73.15,0.3098565610125661,0.06388333099312149
Cyclic,425,tm,74.08,0.3114217819966143,0.06653790800191928
Cyclic,426,tm,74.11,0.31160570999782067,0.06524365699442569
Cyclic,427,tm,72.17,0.3077802879997762,0.06580754100286867
Cyclic,428,tm,73.61,0.31520468500093557,0.06697442900622264
Cyclic,429,tm,75.82,0.309064432993182,0.06604660200537182
Cyclic,430,tm,74.74,0.3120290560036665,0.06448457700025756
Cyclic,431,tm,74.74,0.3106217799941078,0.06930740000098012
Cyclic,432,tm,74.08,0.30918228400696535,0.06617867299064528
Cyclic,433,tm,75.0,0.31299701299576554,0.06732382299378514
Cyclic,434,tm,73.05,0.3092792279931018,0.06664699700195342
Cyclic,435,tm,75.19,0.3094620930060046,0.06682840798748657
Cyclic,436,tm,75.02,0.308553077004035,0.06763841499923728
Cyclic,437,tm,75.79,0.307113536997349,0.06638686500082258
Cyclic,438,tm,75.33999999999999,0.32021988900669385,0.0657567449961789
Cyclic,439,tm,73.8,0.31290666699351277,0.06605977000435814
Cyclic,440,tm,73.48,0.30319142500229646,0.06672973300737794
Cyclic,441,tm,74.83,0.31563845100754406,0.06704894900030922
Cyclic,442,tm,73.36,0.30617943000106607,0.06762934300058987
Cyclic,443,tm,71.64,0.30928926699562,0.06556705899129156
Cyclic,444,tm,73.76,0.3090177970007062,0.06709479399432894
Cyclic,445,tm,75.48,0.3162995220045559,0.06663441800628789
Cyclic,446,tm,73.58,0.3102907749998849,0.06545088600250892
Cyclic,447,tm,74.38,0.3106708859995706,0.07164558899239637
Cyclic,448,tm,74.38,0.30457126900728326,0.06751385499956086
Cyclic,449,tm,75.22,0.3110264019924216,0.06711953699414153
Cyclic,450,tm,74.56,0.30701164600031916,0.06754368299152702
Cyclic,451,nn,79.47999999999999,0.20644343800086062,0.06891099500353448
Cyclic,452,nn,79.80000000000001,0.21915200699004345,0.06844672400620766
Cyclic,453,nn,79.9,0.2678514620056376,0.06841111399990041
Cyclic,454,nn,80.01,0.2203103200008627,0.06968732899986207
Cyclic,455,nn,80.15,0.19927818501309957,0.0690683180000633
Cyclic,456,nn,80.36999999999999,0.1978749020054238,0.06907622001017444
Cyclic,457,nn,80.15,0.2704775919992244,0.06947695200506132
Cyclic,458,nn,80.47,0.22282281999650877,0.06812510998861399
Cyclic,459,nn,80.33,0.2227910320070805,0.06953245800104924
Cyclic,460,nn,80.13,0.21989381000457797,0.07018104700546246
Cyclic,461,nn,80.27,0.268575640002382,0.06859011600317899
Cyclic,462,nn,80.17999999999999,0.22105417800776195,0.06878367200260982
Cyclic,463,nn,80.22,0.21770767599809915,0.06716630500159226
Cyclic,464,nn,80.25999999999999,0.21901724700001068,0.06922786199720576
Cyclic,465,nn,80.21000000000001,0.22026938700582832,0.06675296100729611
Cyclic,466,nn,80.25999999999999,0.26884322000842076,0.0682830779987853
Cyclic,467,nn,80.28,0.21840132999932393,0.06837588100461289
Cyclic,468,nn,80.23,0.2031651500001317,0.0685783619992435
UTM,1,tm,64.62,0.6354496779968031,0.06889634700200986
UTM,2,tm,66.2,0.587464929005364,0.07287501900282223
UTM,3,tm,66.18,0.5846634689951316,0.07091679600125644
UTM,4,tm,66.63,0.5760981780040311,0.07099575499887578
UTM,5,tm,66.75999999999999,0.5680961170000955,0.07317559799412265
UTM,6,tm,67.14,0.5652275500033284,0.07210103700344916
UTM,7,tm,66.59,0.5715585290017771,0.07020290799846407
UTM,8,tm,67.15,0.5795080340030836,0.07132897700648755
UTM,9,tm,67.30000000000001,0.5639190819929354,0.07095993400434963
UTM,10,tm,67.34,0.5557496560068103,0.0707312550075585
UTM,11,tm,67.17999999999999,0.5623644619918196,0.07527691600262187
UTM,12,tm,66.66,0.5613614589965437,0.0738542850012891
UTM,13,tm,66.99000000000001,0.5647304240119411,0.07581198500702158
UTM,14,tm,66.92,0.5604294100048719,0.07197408701176755
UTM,15,tm,67.46,0.5594736350030871,0.07426659499469679
UTM,16,tm,67.36,0.5570723889977671,0.0699556610052241
UTM,17,tm,67.35,0.5635122620005859,0.06899834000796545
UTM,18,tm,66.97999999999999,0.5577395419968525,0.07038307598850224
UTM,19,tm,67.29,0.5685977179964539,0.07077715000195894
UTM,20,tm,67.42,0.5489770480053267,0.07104559999424964
UTM,21,tm,67.47,0.5539213360025315,0.07221949100494385
UTM,22,tm,67.53,0.5556077779910993,0.0721829969988903
UTM,23,tm,67.7,0.5553320149920182,0.07155376099399291
UTM,24,tm,67.78999999999999,0.5569514849921688,0.07377264399838168
UTM,25,tm,67.61,0.5473882619990036,0.07419767499959562
UTM,26,tm,68.04,0.5678340909944382,0.0726621320063714
UTM,27,tm,67.80000000000001,0.5510197279945714,0.07183826799155213
UTM,28,tm,67.65,0.5717824840103276,0.07386967800266575
UTM,29,tm,66.96,0.5697760860057315,0.072394484988763
UTM,30,tm,67.4,0.5664646229997743,0.07124362098693382
UTM,31,tm,67.44,0.5578015610080911,0.07278751600824762
UTM,32,tm,67.55,0.5212226400035433,0.07020024000667036
UTM,33,tm,67.67999999999999,0.5416971939994255,0.07330471700697672
UTM,34,tm,68.25,0.5559951650066068,0.07150895900849719
UTM,35,tm,67.99,0.5587034820055123,0.07505545199092012
UTM,36,tm,67.83,0.5606719409988727,0.07276412501232699
UTM,37,tm,67.52,0.5572373920003884,0.07260172499809414
UTM,38,tm,67.62,0.5618214860005537,0.07337407898739912
UTM,39,tm,67.81,0.5609719649946783,0.07242668700928334
UTM,40,tm,67.84,0.5584874449996278,0.07253212200885173
UTM,41,tm,67.77,0.5518410890072118,0.07363940999493934
UTM,42,tm,67.94,0.5553593100048602,0.0710599840094801
UTM,43,tm,67.53,0.5510334459977457,0.07207567199657205
UTM,44,tm,67.88,0.550932547004777,0.0704982099996414
UTM,45,tm,67.80000000000001,0.55177529300272,0.07223461799731012
UTM,46,tm,67.29,0.5710993999964558,0.07363900599011686
UTM,47,tm,67.58,0.5591160229960224,0.07237033799174242
UTM,48,tm,67.86999999999999,0.5521998080075718,0.0736592839966761
UTM,49,tm,67.97999999999999,0.5689658409974072,0.07199418800882995
UTM,50,tm,67.74,0.5555171930027427,0.07100325801002327
UTM,51,tm,68.26,0.5522569190070499,0.07238864099781495
UTM,52,tm,67.93,0.5567880070011597,0.0725706499943044
UTM,53,tm,67.84,0.5503840550081804,0.07018455299839843
UTM,54,tm,67.82000000000001,0.5630754449957749,0.07277429700479843
UTM,55,tm,68.23,0.5492855399934342,0.06984376900072675
UTM,56,tm,67.83,0.5086799399869051,0.07224814700020943
UTM,57,tm,67.47999999999999,0.5507467510033166,0.07251928100595251
UTM,58,tm,67.85,0.5577253770024981,0.07030381300137378
UTM,59,tm,67.86999999999999,0.5583781940076733,0.0707310529978713
UTM,60,tm,68.42,0.5550553070061142,0.07152156200027093
UTM,61,tm,67.99,0.5538827870041132,0.07418723800219595
UTM,62,tm,67.99,0.5567286360019352,0.07347809799830429
UTM,63,tm,67.77,0.5617551940085832,0.07050937700842042
UTM,64,tm,68.22,0.5712488080025651,0.07231142801174428
UTM,65,tm,67.62,0.5544175459945109,0.07112801300536375
UTM,66,tm,68.08,0.5427313200052595,0.0720514050044585
UTM,67,tm,68.08,0.5539053160027834,0.06923976899997797
UTM,68,tm,68.17,0.5453342179971514,0.07158734499535058
UTM,69,tm,68.11,0.5501119220134569,0.06842113600578159
UTM,70,tm,68.11,0.5510986700101057,0.07099560499773361
UTM,71,tm,68.24,0.5327667059900705,0.07261879699944984
UTM,72,tm,68.13,0.5575141269946471,0.07220798000344075
UTM,73,tm,68.28,0.5567766040039714,0.07902436099539045
UTM,74,tm,67.97,0.5589930829883087,0.07210402700002305
UTM,75,tm,68.01,0.5299784770031692,0.07397483300883323
UTM,76,tm,67.61,0.5608587659953628,0.07318189399666153
UTM,77,tm,67.49000000000001,0.5597969689988531,0.07090481498744339
UTM,78,tm,67.31,0.5539386279997416,0.07016582699725404
UTM,79,tm,67.7,0.5291240850056056,0.07102949800901115
UTM,80,tm,67.88,0.5591363929997897,0.07106361899059266
UTM,81,tm,67.82000000000001,0.5538639549922664,0.07682068200665526
UTM,82,tm,67.63,0.5577227329922607,0.07150030799675733
UTM,83,tm,67.69,0.5511489509954117,0.07574014300189447
UTM,84,tm,68.14,0.5600872770010028,0.07362410299538169
UTM,85,tm,68.02,0.5610314859950449,0.07353959300962742
UTM,86,tm,67.67999999999999,0.548668645991711,0.07035792300303001
UTM,87,tm,67.82000000000001,0.5575897539965808,0.07204623500001617
UTM,88,tm,68.12,0.5574744579935214,0.07202751199656632
UTM,89,tm,68.30000000000001,0.536424152989639,0.07155640400014818
UTM,90,tm,68.05,0.5560781339881942,0.07350682499236427
UTM,91,tm,68.21000000000001,0.5559894649923081,0.07548105499881785
UTM,92,tm,67.97,0.5445783610048238,0.07100346499646548
UTM,93,tm,67.99,0.5513558700040448,0.073453185003018
UTM,94,tm,67.92,0.548664222995285,0.071316683999612
UTM,95,tm,67.13,0.5478262079996057,0.07310455899278168
UTM,96,tm,67.78999999999999,0.5481295070057968,0.07194971600256395
UTM,97,tm,67.73,0.5477765160030685,0.07215859399002511
UTM,98,tm,67.78999999999999,0.5524374500091653,0.07022115899599157
UTM,99,tm,67.60000000000001,0.5536013039964018,0.07118067098781466
UTM,100,tm,67.72,0.559807555997395,0.0726659809879493
UTM,101,tm,67.88,0.5622533659916371,0.07231824100017548
UTM,102,tm,67.78999999999999,0.5579204679961549,0.07272244300111197
UTM,103,tm,67.88,0.5544933170021977,0.07297418799134903
UTM,104,tm,67.54,0.553866096001002,0.07255522099148948
UTM,105,tm,68.02,0.5634323380072601,0.07283316599205136
UTM,106,tm,67.74,0.5510472899914021,0.0720071630057646
UTM,107,tm,67.72,0.5487968400120735,0.07226032199105248
UTM,108,tm,67.96,0.5573067520017503,0.07091001300432254
UTM,109,tm,67.93,0.5593287119991146,0.07205663299828302
UTM,110,tm,67.66,0.5594011580105871,0.07283484400250018
UTM,111,tm,67.67999999999999,0.5573095389991067,0.07190065100439824
UTM,112,tm,67.69,0.5510801950003952,0.07374437000544276
UTM,113,tm,67.35,0.5635879790061153,0.07414294300542679
UTM,114,tm,67.86,0.5624280890042428,0.08014091299264692
UTM,115,tm,67.92,0.5493218789924867,0.07776963101059664
UTM,116,tm,68.51,0.5583477199979825,0.072548812997411
UTM,117,tm,68.37,0.5632399359892588,0.07133746899489779
UTM,118,tm,68.10000000000001,0.5566416899964679,0.0727256079990184
UTM,119,tm,68.03,0.5499142680055229,0.07793637400027364
UTM,120,tm,68.17999999999999,0.5493544509954518,0.07227021901053376
UTM,121,tm,67.97,0.5478779699915322,0.07268420299806166
UTM,122,tm,68.08,0.5508760820084717,0.07306206700741313
UTM,123,tm,67.82000000000001,0.5483074430085253,0.07316086899663787
UTM,124,tm,67.89,0.5551479919959093,0.073068718003924
UTM,125,tm,68.04,0.5641504150116816,0.07316064299084246
UTM,126,tm,68.19,0.552897881003446,0.07142289500916377
UTM,127,tm,67.9,0.5536719750089105,0.0762424410058884
UTM,128,tm,67.86999999999999,0.55485225499433,0.07165220699971542
UTM,129,tm,67.9,0.5498659639997641,0.07210670900531113
UTM,130,tm,67.94,0.5563727480039233,0.07191954601148609
UTM,131,tm,68.08999999999999,0.5507838009943953,0.07322772599582095
UTM,132,tm,67.77,0.5656284620054066,0.07357623500865884
UTM,133,tm,67.66,0.5598454869905254,0.07124748200294562
UTM,134,tm,67.61,0.5636376650072634,0.07299999899987597
UTM,135,tm,68.04,0.5595526700053597,0.07140452999738045
UTM,136,tm,68.03,0.5529636900027981,0.07322360201214906
UTM,137,tm,68.2,0.5573364289884921,0.07394019200000912
UTM,138,tm,68.05,0.5666796470031841,0.07216761801100802
UTM,139,tm,67.75,0.5471345980040496,0.07269973399525043
UTM,140,tm,68.11,0.5585581279883627,0.07294417200319003
UTM,141,tm,68.06,0.5589820379973389,0.0745091249991674
UTM,142,tm,67.65,0.5596933919878211,0.07897918800881598
UTM,143,tm,68.15,0.5643241340003442,0.07369764300528914
UTM,144,tm,68.11,0.554079630994238,0.07183972900384106
UTM,145,tm,68.13,0.563436709009693,0.07359560299664736
UTM,146,tm,68.02,0.5451019559986889,0.07174778099579271
UTM,147,tm,67.89,0.5539986030053115,0.07232045300770551
UTM,148,tm,68.13,0.5630568040069193,0.07183429700671695
UTM,149,tm,67.72,0.5447735810012091,0.07191990800492931
UTM,150,tm,67.84,0.5584532339998987,0.07405747199663892
UTM,151,tm,67.56,0.5536658839992015,0.07296532001055311
UTM,152,tm,67.71000000000001,0.5591244999959599,0.07112499300274067
UTM,153,tm,67.56,0.5368503780046012,0.0736594949994469
UTM,154,tm,67.44,0.5664563280006405,0.07337591100076679
UTM,155,tm,67.78999999999999,0.561364687004243,0.07230236500618048
UTM,156,tm,68.06,0.5625508840021212,0.07286744900920894
UTM,157,tm,67.92,0.5574712170055136,0.07241013398743235
UTM,158,tm,67.78999999999999,0.5565417429897934,0.07189072300388943
UTM,159,tm,67.93,0.5536435569956666,0.07324863300891593
UTM,160,tm,67.72,0.561863061011536,0.07532605600135867
UTM,161,tm,67.83,0.5658168200025102,0.07281858001078945
UTM,162,tm,67.97,0.5515337609976996,0.07166324200807139
UTM,163,tm,67.86999999999999,0.5565221559954807,0.07146650900540408
UTM,164,tm,67.86999999999999,0.5735317600046983,0.07290373599971645
UTM,165,tm,67.64,0.5420111159910448,0.0730450849951012
UTM,166,tm,67.77,0.5670847500005038,0.0751184109976748
UTM,167,tm,67.53,0.5614662900043186,0.07128699700115249
UTM,168,tm,67.82000000000001,0.5558855929994024,0.07301505900977645
UTM,169,tm,68.03,0.5599127379973652,0.07266842499666382
UTM,170,tm,68.21000000000001,0.5613980339985574,0.07320694399822969
UTM,171,tm,68.28,0.560084247001214,0.0736523290106561
UTM,172,tm,68.30000000000001,0.5734614520042669,0.07194652300677262
UTM,173,tm,68.17,0.5364668429974699,0.07123687599960249
UTM,174,tm,67.97,0.5642997629911406,0.07127493800362572
UTM,175,tm,67.67999999999999,0.5653413060063031,0.07296506001148373
UTM,176,tm,67.58999999999999,0.5485515229956945,0.07282666899845935
UTM,177,tm,67.39,0.5610734310030239,0.07255053900007624
UTM,178,tm,67.42,0.5583961679949425,0.0731418420036789
UTM,179,tm,67.30000000000001,0.5545151139958762,0.07124825498613063
UTM,180,tm,67.63,0.5625264489935944,0.07120700299856253
UTM,181,tm,67.21000000000001,0.5606627999950433,0.07409345399355516
UTM,182,tm,67.42,0.551856473000953,0.07273124399944209
UTM,183,tm,67.34,0.5493596300075296,0.07332915200095158
UTM,184,tm,67.47,0.5588331549952272,0.07435615400027018
UTM,185,tm,67.53,0.5472669029986719,0.0727889809932094
UTM,186,tm,67.43,0.555738561990438,0.07380479300627485
UTM,187,tm,67.25,0.5534329039946897,0.07092954900872428
UTM,188,tm,67.29,0.5488780740124639,0.08221966099517886
UTM,189,tm,67.27,0.5482030820130603,0.07245471500209533
UTM,190,tm,67.49000000000001,0.5465970299992478,0.07135231299616862
UTM,191,tm,67.29,0.5611381460039411,0.07269516799715348
UTM,192,tm,67.67999999999999,0.5531925180112012,0.07250966099672951
UTM,193,tm,67.84,0.5609311489970423,0.07161366900254507
UTM,194,tm,67.85,0.5698750379960984,0.07305367600929458
UTM,195,tm,67.77,0.5524796359968605,0.07095283099624794
UTM,196,tm,67.78999999999999,0.5582534269924508,0.07291837099182885
UTM,197,tm,67.77,0.554525478000869,0.07018377499480266
UTM,198,tm,67.67,0.5488191159965936,0.07183968399476726
UTM,199,tm,67.9,0.5566110759973526,0.07350589000270702
UTM,200,tm,67.77,0.5590731120028067,0.07105706800939515
UTM,201,tm,67.80000000000001,0.5650879099994199,0.07429066300392151
UTM,202,tm,67.93,0.5618219830066664,0.07376125900191255
UTM,203,tm,67.74,0.5603989619994536,0.07144078599230852
UTM,204,tm,67.45,0.5568707490019733,0.0718265559989959
UTM,205,tm,67.65,0.5601258739916375,0.07347604699316435
UTM,206,tm,67.5,0.5578049769974314,0.07414008300111163
UTM,207,tm,67.5,0.5601754420058569,0.07268281200958882
UTM,208,tm,67.57,0.5598158200009493,0.07380442100111395
UTM,209,tm,67.46,0.5687595509953098,0.07439500899636187
UTM,210,tm,67.67999999999999,0.5611053299944615,0.07321902699186467
UTM,211,tm,67.61,0.5574668139888672,0.07223694698768668
UTM,212,tm,67.73,0.5505023619916756,0.0694242489989847
UTM,213,tm,67.71000000000001,0.5655011259950697,0.07155236900143791
UTM,214,tm,67.58,0.5550874070031568,0.07357462600339204
UTM,215,tm,67.67999999999999,0.5649753850011621,0.07276745099807158
UTM,216,tm,66.64,0.5633737559983274,0.07227647100808099
UTM,217,tm,67.09,0.5648801630013622,0.07272636900597718
UTM,218,tm,67.75,0.5487211069994373,0.07429288499406539
UTM,219,tm,68.08,0.5611417079926468,0.07118279799760785
UTM,220,tm,68.12,0.5549614949995885,0.07213456700264942
UTM,221,tm,67.9,0.5551951760135125,0.07281324500218034
UTM,222,tm,67.94,0.5649941029987531,0.07407016500656027
UTM,223,tm,67.84,0.5632941340008983,0.07323896400339436
UTM,224,tm,67.66,0.5398333310004091,0.07291651800915133
UTM,225,tm,67.72,0.5555631520110182,0.07510851499682758
UTM,226,tm,67.57,0.5588607999961823,0.07243242500408087
UTM,227,tm,67.38,0.5664572000096086,0.07423107798967976
UTM,228,tm,68.0,0.5550256520073162,0.07096214099146891
UTM,229,tm,67.86,0.5496772780024912,0.07516215000941884
UTM,230,tm,67.80000000000001,0.5518875759880757,0.07449274900136515
UTM,231,tm,67.5,0.5614132500049891,0.0750456870009657
UTM,232,tm,68.05,0.5739892650017282,0.07541502299136482
UTM,233,tm,67.91,0.5591089600056875,0.07236657899920829
UTM,234,tm,67.60000000000001,0.5555465259967605,0.07355318299960345
UTM,235,tm,67.64,0.5630255889991531,0.07473532599397004
UTM,236,tm,67.73,0.5613731140037999,0.07334735499171074
UTM,237,tm,67.39,0.5513848690025043,0.07400323099864181
UTM,238,tm,66.97999999999999,0.5560420719993999,0.07260340500215534
UTM,239,tm,67.33,0.5493326709984103,0.07340116200794
UTM,240,tm,67.28,0.5594729480071692,0.07118166101281531
UTM,241,tm,67.7,0.5477183459879598,0.07307490600214805
UTM,242,tm,67.67999999999999,0.5633884159906302,0.07284234200778883
UTM,243,tm,67.58999999999999,0.5614469980064314,0.07120717799989507
UTM,244,tm,67.77,0.5506427340005757,0.07205595000414178
UTM,245,tm,67.72,0.5625980719923973,0.07178358700184617
UTM,246,tm,67.77,0.5604108819970861,0.07101170900568832
UTM,247,tm,67.57,0.5564694689965108,0.07469368100282736
UTM,248,tm,67.55,0.561691641996731,0.07243905399809591
UTM,249,tm,67.78,0.564810445997864,0.07407389899890404
UTM,250,tm,67.75999999999999,0.5495426300039981,0.07180851099838037
UTM,251,tm,67.78,0.559472029999597,0.07022446999326348
UTM,252,tm,67.75999999999999,0.5594411039928673,0.07442512499983422
UTM,253,tm,67.73,0.5685871870082337,0.0730403950001346
UTM,254,tm,67.91,0.560899806994712,0.07346091700310353
UTM,255,tm,67.94,0.5631298469961621,0.07183976500527933
UTM,256,tm,67.83,0.5579194619931513,0.07182942199870013
UTM,257,tm,68.19,0.5579597019968787,0.07266122600412928
UTM,258,tm,67.84,0.5565914350008825,0.06976760999532416
UTM,259,tm,67.66,0.5560320250078803,0.0726791180059081
UTM,260,tm,67.58,0.5612600110034691,0.07312254600401502
UTM,261,tm,67.75,0.5563686259993119,0.0712159129907377
UTM,262,tm,67.47999999999999,0.5581099569972139,0.07291865600564051
UTM,263,tm,67.06,0.5569859840034042,0.07378444701316766
UTM,264,tm,67.73,0.56327067600796,0.07223445001000073
UTM,265,tm,67.9,0.565867798999534,0.07619908900232986
UTM,266,tm,68.07,0.559415812997031,0.07046861600247212
UTM,267,tm,68.0,0.5628431750083109,0.07102450598904397
UTM,268,tm,67.69,0.5550596099928953,0.07292832499661017
UTM,269,tm,67.44,0.5598261530103628,0.07419851199665572
UTM,270,tm,67.39,0.5599746279913234,0.0729568180104252
UTM,271,tm,67.45,0.5542043370078318,0.07408842499717139
UTM,272,tm,67.4,0.5642743170028552,0.073718354004086
UTM,273,tm,67.57,0.5538802730006864,0.07283482699131127
UTM,274,tm,67.75,0.5650915019941749,0.07162446501024533
UTM,275,tm,67.58999999999999,0.5626549930020701,0.07170496199978516
UTM,276,tm,67.41,0.5631480049923994,0.07101585798955057
UTM,277,tm,67.44,0.5590008279978065,0.07271765399491414
UTM,278,tm,67.39,0.5583382039912976,0.0711670220043743
UTM,279,tm,67.2,0.543676155997673,0.07250092799949925
UTM,280,tm,67.72,0.5548134339915123,0.07085819200437982
UTM,281,tm,67.95,0.5542502549942583,0.07241475400223862
UTM,282,tm,67.9,0.5443788479897194,0.07228573900647461
UTM,283,tm,67.9,0.5607970720011508,0.07301956099399831
UTM,284,tm,68.25,0.5670026250008959,0.07426069100620225
UTM,285,tm,68.02,0.5660632619983517,0.07195225200848654
UTM,286,tm,68.16,0.5578138319979189,0.07021507900208235
UTM,287,tm,68.01,0.5530869700014591,0.07407647900981829
UTM,288,tm,67.80000000000001,0.5533131169941043,0.07140006900590379
UTM,289,tm,67.69,0.5646925479959464,0.07404563299496658
UTM,290,tm,67.44,0.5563972419913625,0.07155620200501289
UTM,291,tm,67.04,0.5573601360083558,0.07232532800117042
UTM,292,tm,66.9,0.5630276569863781,0.07176659599645063
UTM,293,tm,67.45,0.5644837120053126,0.07464729598723352
UTM,294,tm,67.28,0.5612542900053086,0.07443134300410748
UTM,295,tm,67.88,0.5607306890015025,0.07279679000203032
UTM,296,tm,68.19,0.5675505980034359,0.07359616000030655
UTM,297,tm,68.0,0.5632825310021872,0.0730803710030159
UTM,298,tm,68.27,0.5629591610049829,0.07273136399453506
UTM,299,tm,68.15,0.5611251039954368,0.07286048099922482
UTM,300,tm,67.75,0.5617509299918311,0.07150362800166477
UTM,301,tm,67.54,0.5581304480001563,0.07355612500396091
UTM,302,tm,67.89,0.5657636219984852,0.07111489700037055
UTM,303,tm,67.69,0.5523816770000849,0.07353280000097584
UTM,304,tm,67.7,0.5673006190045271,0.07336315400607418
UTM,305,tm,67.56,0.56256317300722,0.07224186600069515
UTM,306,tm,67.75999999999999,0.5537239609984681,0.07089644599182066
UTM,307,tm,68.15,0.5656508969987044,0.0720942420011852
UTM,308,tm,67.77,0.5648706609936198,0.07220827000855934
UTM,309,tm,68.15,0.5548604429932311,0.07107068700133823
UTM,310,tm,68.16,0.5590680459863506,0.07127618799859192
UTM,311,tm,67.84,0.562419370005955,0.07225310000649188
UTM,312,tm,67.88,0.553498335997574,0.07189876999473199
UTM,313,tm,68.06,0.5577061990043148,0.07273711099696811
UTM,314,tm,67.64,0.5593377469922416,0.07350734699866734
UTM,315,tm,67.5,0.5621680359909078,0.07260174099064898
UTM,316,tm,67.72,0.5518658829969354,0.0727125050034374
UTM,317,tm,67.97,0.5735748349979986,0.07259707400226034
UTM,318,tm,67.60000000000001,0.5592609309969703,0.0712146479927469
UTM,319,tm,67.88,0.5656707710004412,0.07422954500361811
UTM,320,tm,67.69,0.5534787090000464,0.07450328700360842
UTM,321,tm,67.51,0.5607562859950121,0.07182856499275658
UTM,322,tm,67.78999999999999,0.5611832669965224,0.07168106100289151
UTM,323,tm,67.89,0.5605381310015218,0.07205715899181087
UTM,324,tm,67.97,0.5639102389977779,0.0731048519955948
UTM,325,tm,67.99,0.5564501029875828,0.07070818799547851
UTM,326,tm,68.03,0.5626083230017684,0.07253680800204165
UTM,327,tm,68.13,0.5574671950016636,0.0721288380009355
UTM,328,tm,67.66,0.5486772659933195,0.07339148499886505
UTM,329,tm,67.52,0.5606180890026735,0.0739961100043729
UTM,330,tm,67.99,0.5598515659949044,0.07456519000697881
UTM,331,tm,68.23,0.5631635379977524,0.07305086599080823
UTM,332,tm,68.01,0.5765260490006767,0.07308032899163663
UTM,333,tm,67.92,0.5729308840091107,0.07174580699938815
UTM,334,tm,68.01,0.5604453489941079,0.06983994699839968
UTM,335,tm,67.53,0.5564384989993414,0.07266674800484907
UTM,336,tm,67.25999999999999,0.5559291709942045,0.07215261299279518
UTM,337,tm,67.71000000000001,0.5605900299997302,0.07794354899669997
UTM,338,tm,67.89,0.5624252820125548,0.07193151400133502
UTM,339,tm,67.85,0.5578702200000407,0.07231355999829248
UTM,340,tm,67.81,0.5529575570108136,0.07321155499084853
UTM,341,tm,67.95,0.5536942110047676,0.07330846399418078
UTM,342,tm,67.72,0.5504611880023731,0.07271686900639907
UTM,343,tm,67.83,0.556153056997573,0.07197780199931003
UTM,344,tm,68.35,0.5499354700004915,0.07292471700930037
UTM,345,tm,68.08999999999999,0.5564799050043803,0.0736100729991449
UTM,346,tm,67.54,0.570881569001358,0.07597582798916847
UTM,347,tm,67.33,0.5561813099920982,0.07422557499376126
UTM,348,tm,67.39,0.5583422850031639,0.072590866999235
UTM,349,tm,67.9,0.5597847699973499,0.07099332800135016
UTM,350,tm,67.75999999999999,0.5496237159968587,0.07338782399892807
UTM,351,tm,67.83,0.5630474850040628,0.07303049600159284
UTM,352,tm,67.93,0.5549150150036439,0.07337802700931206
UTM,353,tm,67.97999999999999,0.5609560649900232,0.07282168899837416
UTM,354,tm,68.42,0.5638526459952118,0.07269025999994483
UTM,355,tm,68.0,0.5516305869969074,0.07439628400607035
UTM,356,tm,67.58,0.5656566580000799,0.07205955999961589
UTM,357,tm,67.55,0.5558720660046674,0.07341637100034859
UTM,358,tm,67.75,0.5631633250013692,0.07014307400095277
UTM,359,tm,67.75,0.5583969340077601,0.07241023999813478
UTM,360,tm,68.02,0.5654007620032644,0.07384282701241318
UTM,361,tm,67.69,0.5594892130029621,0.07334489999630023
UTM,362,tm,67.53,0.5682172980014002,0.0728562579897698
UTM,363,tm,67.96,0.5672081179945963,0.0725089379993733
UTM,364,tm,67.96,0.5672833860007813,0.072431933003827
UTM,365,tm,68.12,0.5618427529989276,0.07254129799548537
UTM,366,tm,67.65,0.5573443720059004,0.07245948100171518
UTM,367,tm,67.73,0.5509697069937829,0.07240146900585387
UTM,368,tm,67.57,0.5613587029947666,0.07427699999243487
UTM,369,tm,67.25,0.570415836002212,0.07192847700207494
UTM,370,tm,67.96,0.5644413400004851,0.07197841300512664
UTM,371,tm,67.24,0.5582933160039829,0.07187407700985204
UTM,372,tm,67.46,0.5635928370029433,0.07161345500207972
UTM,373,tm,67.24,0.5647415160055971,0.0731398390053073
UTM,374,tm,67.34,0.5660035960027017,0.0734718830062775
UTM,375,tm,67.24,0.5752926169952843,0.07311218799441122
UTM,376,tm,67.17,0.5686288769938983,0.07337930399808101
UTM,377,tm,67.69,0.5541612319939304,0.07117441100126598
UTM,378,tm,67.61,0.5558919449977111,0.0710431379993679
UTM,379,tm,67.75999999999999,0.559424234990729,0.07396344500011764
UTM,380,tm,67.64,0.5559206569887465,0.07281275100831408
UTM,381,tm,67.78,0.5573640949878609,0.07367985299788415
UTM,382,tm,67.53,0.5553022820095066,0.0724618370004464
UTM,383,tm,67.9,0.5673238650051644,0.07350210699951276
UTM,384,tm,67.58999999999999,0.5609446519956691,0.07115469100244809
UTM,385,tm,67.81,0.5556202120060334,0.07302460000209976
UTM,386,tm,67.63,0.5515931859990815,0.07192061199748423
UTM,387,tm,67.84,0.5592126039991854,0.07318356999894604
UTM,388,tm,67.33,0.5516068029974122,0.07339122499979567
UTM,389,tm,67.34,0.5724353919940768,0.07398587300849613
UTM,390,tm,67.27,0.5696039000031305,0.07578551200276706
UTM,391,tm,67.42,0.5548532969987718,0.07132049799838569
UTM,392,tm,67.86999999999999,0.5613356840040069,0.07323295599780977
UTM,393,tm,67.72,0.5560747179988539,0.07248077800613828
UTM,394,tm,67.80000000000001,0.5544184570026118,0.07229310700495262
UTM,395,tm,68.21000000000001,0.5579104460048256,0.07397133299673442
UTM,396,tm,68.35,0.5657538929954171,0.07242057600524276
UTM,397,tm,68.05,0.5621280240011401,0.0731549449992599
UTM,398,tm,67.97999999999999,0.5619624410028337,0.07317813699773978
UTM,399,tm,67.66,0.571318012996926,0.0726138979953248
UTM,400,tm,67.46,0.5543437570013339,0.0739815679989988
UTM,401,tm,67.25,0.5544306809897535,0.07402840998838656
UTM,402,tm,67.54,0.5665430910012219,0.07316519699816126
UTM,403,tm,67.58,0.5689533640106674,0.0784531910030637
UTM,404,tm,67.93,0.5101542260090355,0.07462669699452817
UTM,405,tm,67.53,0.5624956989922794,0.07136683299904689
UTM,406,tm,67.97,0.5599311469995882,0.0740569079935085
UTM,407,tm,68.17999999999999,0.5649795450008241,0.07507096399785951
UTM,408,tm,68.10000000000001,0.5696567190025235,0.07276573599665426
UTM,409,tm,68.05,0.564190728997346,0.07266508101020008
UTM,410,tm,68.07,0.5664097449916881,0.07387579600617755
UTM,411,tm,68.39,0.5577349530067295,0.0707564070035005
UTM,412,tm,67.75999999999999,0.5542931660020258,0.0715486040135147
UTM,413,tm,67.91,0.5533153650030727,0.07401717400352936
UTM,414,tm,68.25,0.5595532789884601,0.07252805000462104
UTM,415,tm,67.82000000000001,0.5609698240004946,0.07244847000401933
UTM,416,tm,67.74,0.5618608819931978,0.07274455401056912
UTM,417,tm,67.52,0.5601962189975893,0.06990081700496376
UTM,418,tm,67.94,0.5707193269918207,0.0687689960032003
UTM,419,tm,67.95,0.5620173439965583,0.0711585310054943
UTM,420,tm,67.86999999999999,0.5563233260036213,0.07354149800084997
UTM,421,tm,68.17,0.557808917001239,0.06964714800415095
UTM,422,tm,67.88,0.5673938710096991,0.0729619319899939
UTM,423,tm,67.80000000000001,0.5716812129976461,0.07393717599916272
UTM,424,tm,67.36,0.5605393160076346,0.07217402600508649
UTM,425,tm,67.72,0.5624384160037152,0.07253209300688468
UTM,426,tm,67.56,0.5594326330028707,0.07161762600298971
UTM,427,tm,67.28,0.5576455929985968,0.07142976199975237
UTM,428,tm,67.67,0.5578296579915332,0.07213564599805977
UTM,429,tm,67.71000000000001,0.5497817689902149,0.07125964100123383
UTM,430,tm,68.28999999999999,0.5723689110018313,0.07264164699881803
UTM,431,tm,68.4,0.563389337999979,0.07102959199983161
UTM,432,tm,68.44,0.5686805869918317,0.07136151699523907
UTM,433,tm,68.4,0.5602698360016802,0.07373474899213761
UTM,434,tm,68.43,0.5635653639910743,0.0745564560056664
UTM,435,tm,68.47,0.56338803700055,0.0725459690002026
UTM,436,tm,68.0,0.5594513980031479,0.07260878100350965
UTM,437,tm,68.24,0.5361837189993821,0.07305924400861841
UTM,438,tm,68.08999999999999,0.5605530979955802,0.07097846400574781
UTM,439,tm,67.75999999999999,0.5556435439939378,0.07354237198887859
UTM,440,tm,67.97,0.5617377699963981,0.07219006700324826
UTM,441,tm,67.47999999999999,0.5513396869937424,0.07420790000469424
UTM,442,tm,67.84,0.5603910990030272,0.07495926899719052
UTM,443,tm,68.08999999999999,0.5602192140067928,0.07315113199001644
UTM,444,tm,68.21000000000001,0.5655649749969598,0.07150768200517632
UTM,445,tm,68.19,0.5658747300039977,0.07095879000553396
UTM,446,tm,68.01,0.552939304994652,0.07359807800094131
UTM,447,tm,67.73,0.5663019659987185,0.07327396399341524
UTM,448,tm,68.0,0.5556176840036642,0.07166701200185344
UTM,449,tm,68.25,0.5500535800092621,0.07278062199475244
UTM,450,tm,67.66,0.5281854429922532,0.07096701499540359
UTM,451,tm,67.39,0.5625759200047469,0.07353766399319284
UTM,452,tm,67.61,0.5557487769983709,0.07120900900918059
UTM,453,tm,67.72,0.5581888249871554,0.07128475999343209
UTM,454,tm,67.74,0.5575321159994928,0.07241018400236499
UTM,455,tm,67.5,0.5463901970069855,0.07069489799323492
UTM,456,tm,67.58999999999999,0.5512427349895006,0.07168636300775688
UTM,457,tm,67.73,0.5591098089935258,0.0741963559994474
UTM,458,tm,67.97999999999999,0.5648814599990146,0.07351284800097346
UTM,459,tm,68.05,0.5652270079881418,0.07523735600989312
UTM,460,tm,67.97999999999999,0.5654338029999053,0.07303439200040884
UTM,461,tm,68.01,0.5694834260066273,0.07403671200154349
UTM,462,tm,67.78,0.5522112119942904,0.07314166899595875
UTM,463,tm,68.17,0.5577974140032893,0.07112764701014385
UTM,464,tm,68.35,0.5561791049985914,0.06784841099579353
UTM,465,tm,68.32000000000001,0.5552971830038587,0.07288486699690111
UTM,466,tm,68.08999999999999,0.554894974004128,0.07384428499790374
UTM,467,tm,67.62,0.5674317869998049,0.06859195799916051
UTM,468,tm,67.75,0.5620245760073885,0.07377890500356443
UTM,469,tm,67.67999999999999,0.5479087599960621,0.07248403299308848
UTM,470,tm,67.54,0.5622492680122377,0.07010542201169301
UTM,471,tm,67.49000000000001,0.5528779120068066,0.07221809099428356
UTM,472,tm,67.80000000000001,0.5588395509985276,0.07269179901049938
UTM,473,tm,67.66,0.556983690999914,0.07313943600456696
UTM,474,tm,68.01,0.5658627490047365,0.07302821699704509
UTM,475,tm,67.92,0.562547049994464,0.07291693201113958
UTM,476,tm,67.5,0.557474283996271,0.07308549000299536
UTM,477,tm,67.69,0.5579346009908477,0.0736563049867982
UTM,478,tm,67.45,0.5610347379988525,0.07303157899877988
UTM,479,tm,67.78999999999999,0.5552405929920496,0.07262913600425236
UTM,480,tm,67.99,0.5524710500030778,0.07303860998945311
UTM,481,tm,67.88,0.5551546460046666,0.07280775900289882
UTM,482,tm,68.12,0.5597785360005219,0.07278643499012105
UTM,483,tm,68.28,0.5613894309935858,0.07341134200396482
UTM,484,tm,67.97,0.5607916250010021,0.07327209699724335
UTM,485,tm,68.21000000000001,0.5618189540109597,0.07228355799452402
UTM,486,tm,68.10000000000001,0.5727681540010963,0.07719283598999027
UTM,487,tm,68.34,0.5559134650102351,0.07304210000438616
UTM,488,tm,68.24,0.548926488001598,0.07179342399467714
UTM,489,tm,67.81,0.5608131979970494,0.07133353200333659
UTM,490,tm,67.63,0.5569172550021904,0.07091709099768195
UTM,491,tm,67.74,0.5557293239980936,0.07271719099662732
UTM,492,tm,67.78,0.5695114359987201,0.07698162199812941
UTM,493,tm,68.19,0.562453178994474,0.07366945799731184
UTM,494,tm,68.35,0.5601026210060809,0.07562773299287073
UTM,495,tm,68.25,0.5688746880041435,0.07162163499742746
UTM,496,tm,68.16,0.5618741840007715,0.07301462499890476
UTM,497,tm,68.27,0.5609124990005512,0.07214238999586087
UTM,498,tm,68.36,0.5560051499924157,0.07261921498866286
UTM,499,tm,68.04,0.56175085499126,0.0731262500048615
UTM,500,tm,67.73,0.5632926969992695,0.071806508989539
WTM,1,tm,56.68,0.46554861299227923,0.06241889401280787
WTM,2,tm,59.78,0.42611989699071273,0.06418841099366546
WTM,3,tm,63.74999999999999,0.4032322160055628,0.06531445500149857
WTM,4,tm,64.89,0.3927936770051019,0.06598850199952722
WTM,5,tm,67.42,0.37044510699342936,0.06684132099326234
WTM,6,tm,67.77,0.3698983850044897,0.06294040899956599
WTM,7,tm,66.78,0.3598323479964165,0.06460793598671444
WTM,8,tm,64.14,0.3614615069964202,0.06363846399472095
WTM,9,tm,67.09,0.3569483280007262,0.06529323500581086
WTM,10,tm,70.85000000000001,0.3585794730024645,0.06516694600577466
WTM,11,tm,69.36,0.34733783701085486,0.06424074299866334
WTM,12,tm,72.50999999999999,0.3563228779967176,0.06418001600832213
WTM,13,tm,69.25,0.3503314340050565,0.0690149099973496
WTM,14,tm,73.37,0.34161940500780474,0.0653682380070677
WTM,15,tm,67.62,0.3465427389892284,0.06450337899150327
WTM,16,tm,70.27,0.33984154400241096,0.06471540499478579
WTM,17,tm,70.57,0.3438867590011796,0.0643615220033098
WTM,18,tm,70.96000000000001,0.3435324780002702,0.06689619399548974
WTM,19,tm,70.09,0.350757567997789,0.0663556770014111
WTM,20,tm,72.64,0.34528624899394345,0.06459155199991073
WTM,21,tm,70.23,0.3455352229939308,0.06562069000210613
WTM,22,tm,67.36999999999999,0.32583593600429595,0.06489318399690092
WTM,23,tm,73.38,0.34244156000204384,0.0653453770064516
WTM,24,tm,73.25,0.33963985899754334,0.06636174699815456
WTM,25,tm,67.9,0.3370572129933862,0.0642574270023033
WTM,26,tm,70.09,0.3358748290047515,0.06542765900667291
WTM,27,tm,70.37,0.3364686580025591,0.0688172800000757
WTM,28,tm,70.96000000000001,0.3300572320003994,0.0692157900048187
WTM,29,tm,73.37,0.3346471849945374,0.06620953899982851
WTM,30,tm,74.46000000000001,0.3342328590078978,0.06574291799915954
WTM,31,tm,70.14,0.32918562000850216,0.0646873360092286
WTM,32,tm,72.03,0.33363795100012794,0.06474967200483661
WTM,33,tm,72.0,0.33978708399808966,0.06730351099395193
WTM,34,tm,69.94,0.3058220790117048,0.06607205800537486
WTM,35,tm,72.66,0.32511523699213285,0.06437965200166218
WTM,36,tm,71.17999999999999,0.32871205800620373,0.06474241100659128
WTM,37,tm,66.89,0.3273679370031459,0.06511237000813708
WTM,38,tm,71.59,0.33625615399796516,0.06461628699616995
WTM,39,tm,72.34,0.33173780200013425,0.0649551450042054
WTM,40,tm,73.65,0.3269368680048501,0.06470279300992843
WTM,41,tm,70.63000000000001,0.3253992029931396,0.0649705000105314
WTM,42,tm,74.37,0.32860810599231627,0.06550315600179601
WTM,43,tm,71.04,0.33430607098853216,0.06556532200193033
WTM,44,tm,72.15,0.32190783800615463,0.06611685999087058
WTM,45,tm,72.17,0.3317844560078811,0.06650895799975842
WTM,46,tm,71.43,0.3279420119943097,0.06427359400549904
WTM,47,tm,73.61,0.3286678950098576,0.06523189099971205
WTM,48,tm,73.76,0.3409183040057542,0.06496186000003945
WTM,49,tm,72.31,0.32130303099984303,0.06448490600450896
WTM,50,tm,74.59,0.332268911995925,0.06644104700535536
WTM,51,tm,71.99,0.3196298599941656,0.06345278400112875
WTM,52,tm,72.64,0.32999214899609797,0.06443697099166457
WTM,53,tm,72.61999999999999,0.3304915040062042,0.0657277940044878
WTM,54,tm,72.82,0.3238688270066632,0.06688725399726536
WTM,55,tm,72.7,0.31903330600471236,0.06904363699140958
WTM,56,tm,75.01,0.3301829059928423,0.06280660199990962
WTM,57,tm,72.65,0.3273880090127932,0.06567984400317073
WTM,58,tm,71.46000000000001,0.334102676002658,0.06760665000183508
WTM,59,tm,73.22999999999999,0.3223517599981278,0.06510654400335625
WTM,60,tm,72.16,0.331111677995068,0.06616052599565592
WTM,61,tm,72.41,0.32125478399393614,0.06476186099462211
WTM,62,tm,72.99,0.32496552300290205,0.06458638099138625
WTM,63,tm,73.11999999999999,0.325182506989222,0.06551648399909027
WTM,64,tm,73.11,0.30625518200395163,0.065728447996662
WTM,65,tm,75.24,0.3215263930032961,0.0665752880013315
WTM,66,tm,73.87,0.3307531159953214,0.06380838200857397
WTM,67,tm,72.31,0.3246901000093203,0.06455837898829486
WTM,68,tm,73.39,0.3356883060041582,0.0649232919968199
WTM,69,tm,73.6,0.32506628999544773,0.06362442900717724
WTM,70,tm,73.4,0.318182554008672,0.064399021997815
WTM,71,tm,74.53999999999999,0.3288186540012248,0.06684778499766253
WTM,72,tm,73.66,0.32120984900393523,0.06607277000148315
WTM,73,tm,74.51,0.3355467770015821,0.06496444200456608
WTM,74,tm,71.66,0.3318785830051638,0.06543295399751514
WTM,75,tm,71.72,0.32603093900252134,0.06588795100105926
WTM,76,tm,69.97,0.3153444819909055,0.06528846900619101
WTM,77,tm,73.31,0.3281464000028791,0.06585110900050495
WTM,78,tm,73.66,0.3284589090035297,0.06564286700449884
WTM,79,tm,72.66,0.32157836499391124,0.06463922299735714
WTM,80,tm,71.53,0.3146653229923686,0.06557815700944047
WTM,81,tm,73.11,0.3218217370013008,0.06693626899505034
WTM,82,tm,74.11999999999999,0.3185405819967855,0.06479013001080602
WTM,83,tm,70.62,0.31553127999359276,0.06643169900053181
WTM,84,tm,69.51,0.32031230798747856,0.06566025500069372
WTM,85,tm,73.61999999999999,0.32729366699641105,0.0657310619862983
WTM,86,tm,70.32000000000001,0.3272559719916899,0.06674988100712653
WTM,87,tm,74.6,0.3226002370065544,0.06612124899402261
WTM,88,tm,74.67,0.32017703900055494,0.06606459399336018
WTM,89,tm,69.85,0.3271128369960934,0.06642843699955847
WTM,90,tm,72.58,0.32210581000254024,0.06415166800434235
WTM,91,tm,73.03,0.317240591000882,0.06390382899553515
WTM,92,tm,71.97,0.33489839399408083,0.06139137799618766
WTM,93,tm,72.87,0.3311037719977321,0.06553932100359816
WTM,94,tm,72.94,0.3261733120016288,0.06561389900161885
WTM,95,tm,73.08,0.32106133599882014,0.06488668099336792
WTM,96,tm,73.71,0.32457662498927675,0.06477145799726713
WTM,97,tm,72.36,0.3328792929969495,0.06519502800074406
WTM,98,tm,72.06,0.3231909909954993,0.06536728599166963
WTM,99,tm,69.43,0.32894202999887057,0.06547437299741432
WTM,100,tm,72.76,0.3227329609944718,0.06495270499726757
WTM,101,tm,71.6,0.32212626800173894,0.06583586199849378
WTM,102,tm,73.29,0.3350227460032329,0.0652995410055155
WTM,103,tm,69.83,0.32237005000934005,0.06695567800488789
WTM,104,tm,75.31,0.31849864599644206,0.06556983300833963
WTM,105,tm,71.82,0.32847114698961377,0.06408044599811547
WTM,106,tm,73.13,0.3199242830014555,0.06501204799860716
WTM,107,tm,72.03,0.3208877519937232,0.06439560500439256
WTM,108,tm,74.69,0.32507611499750055,0.06832564900105353
WTM,109,tm,72.84,0.31569210599991493,0.06240868200256955
WTM,110,tm,73.98,0.3095164520054823,0.06619261599553283
WTM,111,tm,72.92999999999999,0.3242017720040167,0.0655279829952633
WTM,112,tm,74.08,0.3206361540069338,0.06569226800638717
WTM,113,tm,73.09,0.3161359560035635,0.06478132899792399
WTM,114,tm,74.59,0.32391696800186764,0.06619942300312687
WTM,115,tm,72.8,0.3218278770073084,0.06483259800006635
WTM,116,tm,73.46000000000001,0.326195314002689,0.06641324900556356
WTM,117,tm,69.88,0.3250999789888738,0.06618176099436823
WTM,118,tm,71.99,0.32418623300327454,0.06347697200544644
WTM,119,tm,74.03999999999999,0.32574012999248225,0.06588184500287753
WTM,120,tm,67.12,0.31433642499905545,0.06521541600523051
WTM,121,tm,72.02,0.3165124359948095,0.06405559899576474
WTM,122,tm,73.68,0.32909880600345787,0.06576425899402238
WTM,123,tm,75.59,0.31991817700327374,0.06618485000217333
WTM,124,tm,71.84,0.32399749000614975,0.06570463100797497
WTM,125,tm,73.54,0.3300021920003928,0.06599634900339879
WTM,126,tm,74.89,0.3255197090038564,0.06349322698952165
WTM,127,tm,71.06,0.3250379469973268,0.06527857799665071
WTM,128,tm,70.88,0.32568843000626657,0.06728922099864576
WTM,129,tm,74.02,0.3220551630074624,0.06488938900292851
WTM,130,tm,73.59,0.31863718299428,0.06497848599974532
WTM,131,tm,74.52,0.31233506700664293,0.06757583800936118
WTM,132,tm,70.81,0.3112729780114023,0.06405791500583291
WTM,133,tm,72.52,0.3128421589935897,0.066503884998383
WTM,134,tm,71.28999999999999,0.31431840200093575,0.06894512700091582
WTM,135,tm,71.89999999999999,0.3155707830010215,0.06556873999943491
WTM,136,tm,72.98,0.31494117400143296,0.06487892799486872
WTM,137,tm,73.7,0.31652174500050023,0.0663304089976009
WTM,138,tm,70.54,0.32501618198875804,0.0675137740036007
WTM,139,tm,73.19,0.32436495400907006,0.06590974300343078
WTM,140,tm,74.46000000000001,0.31665904900000896,0.06476626399671659
WTM,141,tm,72.07000000000001,0.32308838100288995,0.06612990100984462
WTM,142,tm,72.67,0.32151800200517755,0.0671501610049745
WTM,143,tm,73.35000000000001,0.31231252699217293,0.06570092399488203
WTM,144,tm,72.63,0.3183745239948621,0.06572118499025237
WTM,145,tm,69.6,0.31845212800544687,0.0653628060099436
WTM,146,tm,73.26,0.32010466599604115,0.06524799200997222
WTM,147,tm,73.00999999999999,0.32536619300663006,0.06487379300233442
WTM,148,tm,72.06,0.3203050160082057,0.0648893479956314
WTM,149,tm,74.1,0.3159274890058441,0.06556613599241246
WTM,150,tm,73.07000000000001,0.3172498850035481,0.06536386199877597
WTM,151,tm,71.47,0.31834566399629693,0.0651742610061774
WTM,152,tm,72.37,0.313432416995056,0.06647177999548148
WTM,153,tm,71.58,0.3272996180021437,0.06307410399313085
WTM,154,tm,72.26,0.31872527999803424,0.06496482000511605
WTM,155,tm,73.3,0.32487897999817505,0.06576281299930997
WTM,156,tm,71.94,0.32911867900111247,0.06552813599410001
WTM,157,tm,73.72999999999999,0.3216633950069081,0.06488248800451402
WTM,158,tm,74.52,0.3182197980058845,0.06659112400666345
WTM,159,tm,71.46000000000001,0.3242744379967917,0.06709638999018352
WTM,160,tm,74.03,0.3173293529980583,0.06694260799849872
WTM,161,tm,69.53,0.3212351469992427,0.06667734700022265
WTM,162,tm,73.09,0.3265166580094956,0.06447421599295922
WTM,163,tm,71.77,0.316930767003214,0.06577139400178567
WTM,164,tm,72.06,0.331424098010757,0.06644956499803811
WTM,165,tm,74.22999999999999,0.31738211000629235,0.06585410700063221
WTM,166,tm,75.14999999999999,0.32051600101112854,0.06660063400340732
WTM,167,tm,72.49,0.33496325099258684,0.06179503598832525
WTM,168,tm,70.96000000000001,0.3206152680068044,0.06582938099745661
WTM,169,tm,72.61,0.31753930999548174,0.06420519801031332
WTM,170,tm,72.42,0.32051363500067964,0.06601488900196273
WTM,171,tm,71.67,0.3230818099982571,0.06460600999707822
WTM,172,tm,70.57,0.32265062400256284,0.06539482400694396
WTM,173,tm,74.72999999999999,0.31735725900216494,0.06733856600476429
WTM,174,tm,69.47,0.32476183101243805,0.06750750300125219
WTM,175,tm,71.84,0.31757248200301547,0.06659579899860546
WTM,176,tm,72.14,0.32589982099307235,0.06530122600088362
WTM,177,tm,72.49,0.32047045401122887,0.06523461600590963
WTM,178,tm,70.78,0.33196409899392165,0.06601677600701805
WTM,179,tm,72.7,0.32307189199491404,0.06483066600048915
WTM,180,tm,70.0,0.3202566519903485,0.06560803300817497
WTM,181,tm,73.79,0.3284067509957822,0.06351406700559892
WTM,182,tm,73.06,0.3318505930074025,0.06392574700294062
WTM,183,tm,73.06,0.3255126139993081,0.06473681399074849
WTM,184,tm,72.81,0.32214936999662314,0.06449021099251695
WTM,185,tm,75.64999999999999,0.31164853999507613,0.06520464099594392
WTM,186,tm,70.39999999999999,0.3222985089960275,0.06659759899775963
WTM,187,tm,73.21,0.3153217609942658,0.06591633299831301
WTM,188,tm,72.24000000000001,0.3158247320097871,0.06640538599458523
WTM,189,tm,74.46000000000001,0.332489191001514,0.06532207899726927
WTM,190,tm,74.05000000000001,0.3218683349987259,0.06536193699866999
WTM,191,tm,73.22,0.3169853540020995,0.06609612400643528
WTM,192,tm,72.18,0.32050892199913505,0.06524986399745103
WTM,193,tm,72.65,0.32155446699471213,0.067068004005705
WTM,194,tm,72.26,0.3294715599913616,0.06639854999957606
WTM,195,tm,72.85000000000001,0.34140147699508816,0.06760637699335348
WTM,196,tm,73.22,0.31751166499452665,0.06555980299890507
WTM,197,tm,70.11,0.31889988800685387,0.06316717699519359
WTM,198,tm,73.16,0.3192697789927479,0.06533296000270639
WTM,199,tm,73.45,0.32226851300220005,0.06596082699252293
WTM,200,tm,72.17,0.3184585780109046,0.06501105599454604
WTM,201,tm,72.14,0.31260769699292723,0.06568714899185579
WTM,202,tm,72.61999999999999,0.31773536099353805,0.06483210599981248
WTM,203,tm,71.64,0.31755984500341583,0.06262541600153781
WTM,204,tm,71.23,0.3179471019975608,0.06607096300285775
WTM,205,tm,75.11,0.3225127409968991,0.06306015100562945
WTM,206,tm,75.03999999999999,0.31166880299861077,0.06611160599277355
WTM,207,tm,73.04,0.3175544039986562,0.06489901899476536
WTM,208,tm,72.87,0.3090501260012388,0.0649086960038403
WTM,209,tm,69.63000000000001,0.32090032698761206,0.06574671401176602
WTM,210,tm,73.21,0.3281473730021389,0.06562405299337115
WTM,211,tm,73.66,0.32970576800289564,0.0676343259983696
WTM,212,tm,72.67,0.32468035799684003,0.0661623820051318
WTM,213,tm,72.42,0.3216586149937939,0.06608581499313004
WTM,214,tm,71.13000000000001,0.3245464360079495,0.0668764770089183
WTM,215,tm,70.92,0.3190392810065532,0.06589287699898705
WTM,216,tm,74.32,0.3152105560002383,0.0660772929986706
WTM,217,tm,73.41,0.3290956529963296,0.06544709000445437
WTM,218,tm,71.88,0.3194977600069251,0.06578048199298792
WTM,219,tm,73.16,0.310982437003986,0.06621604099927936
WTM,220,tm,71.74000000000001,0.32030330000270624,0.06592845200793818
WTM,221,tm,73.69,0.3251149649877334,0.06478399300249293
WTM,222,tm,71.6,0.3160087440046482,0.0653613949980354
WTM,223,tm,71.75,0.32003747099952307,0.06491389000439085
WTM,224,tm,70.12,0.32113170900265686,0.06696996800019406
WTM,225,tm,70.89,0.3214673399925232,0.06507873699592892
WTM,226,tm,72.84,0.3112407529988559,0.06449467600032222
WTM,227,tm,72.37,0.31095808700774796,0.06615018600132316
WTM,228,tm,72.32,0.317649493998033,0.06525521799630951
WTM,229,tm,72.09,0.3183875560062006,0.06525019000400789
WTM,230,tm,74.59,0.3159853069955716,0.06695561700325925
WTM,231,tm,74.08,0.32043996699212585,0.06664115798776038
WTM,232,tm,70.08,0.3167987299966626,0.06508677300007548
WTM,233,tm,72.8,0.31451021900284104,0.06474173499736935
WTM,234,tm,72.66,0.3159306620073039,0.0658808139996836
WTM,235,tm,73.76,0.32176059200719465,0.06677599699469283
WTM,236,tm,71.28,0.3195513409882551,0.06426659099815879
WTM,237,tm,71.57,0.31910826099920087,0.0658321320079267
WTM,238,tm,71.6,0.3178191600018181,0.06632529899070505
WTM,239,tm,73.88,0.32408698099607136,0.06592780699429568
WTM,240,tm,73.55000000000001,0.324685668994789,0.066884800005937
WTM,241,tm,69.31,0.321587875005207,0.07073578900599387
WTM,242,tm,73.97,0.31994167099765036,0.0648339909967035
WTM,243,tm,71.64,0.3144926170061808,0.06560784099565353
WTM,244,tm,73.97,0.3241687169938814,0.06485827898723073
WTM,245,tm,73.02,0.32253194399527274,0.06590570000116713
WTM,246,tm,74.03999999999999,0.32253328000660986,0.06480427300266456
WTM,247,tm,69.47,0.3188414750038646,0.0660336319997441
WTM,248,tm,74.52,0.31897276900417637,0.062353126995731145
WTM,249,tm,70.47,0.3119839239952853,0.06552409200230613
WTM,250,tm,74.05000000000001,0.3224952299933648,0.06490194999787491
WTM,251,tm,73.41,0.3165785079909256,0.06539630198676605
WTM,252,tm,74.83999999999999,0.319293391003157,0.06460628600325435
WTM,253,tm,72.21,0.3175103769899579,0.06471029900421854
WTM,254,tm,73.61,0.3163092649920145,0.06496474199229851
WTM,255,tm,71.24000000000001,0.3099289459933061,0.06561520299874246
WTM,256,tm,72.92,0.3187960239883978,0.06483781899441965
WTM,257,tm,73.05,0.32496874300704803,0.06565306699485518
WTM,258,tm,74.76,0.3174890029913513,0.06673885899363086
WTM,259,tm,70.28,0.32326787400234025,0.06742490599572193
WTM,260,tm,70.7,0.32403333399270196,0.07099570600257721
WTM,261,tm,73.64,0.31540666401269846,0.0663666529871989
WTM,262,tm,75.68,0.3178845490037929,0.0637708549911622
WTM,263,tm,71.99,0.3188916469953256,0.06585122398973908
WTM,264,tm,72.92,0.3253583249897929,0.06364870199467987
WTM,265,tm,75.46000000000001,0.32967045799887273,0.06579210500058252
WTM,266,tm,74.45,0.31902578999870457,0.06663154099078383
WTM,267,tm,74.19,0.3257509810064221,0.06543900999531616
WTM,268,tm,74.71,0.31699580200074706,0.06620003300486133
WTM,269,tm,74.91,0.32050512099522166,0.06469026899139863
WTM,270,tm,76.12,0.3119741380069172,0.06499703800363932
WTM,271,tm,71.26,0.3193546719994629,0.06473549800284673
WTM,272,tm,73.5,0.3126904389937408,0.06626331299776211
WTM,273,tm,72.8,0.3190432720002718,0.06539947100100107
WTM,274,tm,73.09,0.31659839999338146,0.06567270899540745
WTM,275,tm,74.65,0.3111073820036836,0.06582359700405505
WTM,276,tm,73.77,0.3131360639963532,0.06717509099689778
WTM,277,tm,71.37,0.31786410399945453,0.06700917500711512
WTM,278,tm,73.49,0.3141951430006884,0.06540753599256277
WTM,279,tm,72.38,0.32337368100706954,0.06550957699073479
WTM,280,tm,75.76,0.30713299599301536,0.06607999000698328
WTM,281,tm,70.87,0.31535785499727353,0.06608122200123034
WTM,282,tm,74.62,0.3151557050005067,0.06694161999621429
WTM,283,tm,71.08,0.32397087500430644,0.06525383899861481
WTM,284,tm,73.72,0.3156900699977996,0.06682714399357792
WTM,285,tm,73.56,0.31879399600438774,0.0663073609903222
WTM,286,tm,75.12,0.32157277199439704,0.06552821700461209
WTM,287,tm,73.39,0.32343761999800336,0.06531870500475634
WTM,288,tm,70.62,0.3255464050016599,0.06559491100779269
WTM,289,tm,71.19,0.3134932239918271,0.06740465499751735
WTM,290,tm,72.11999999999999,0.3208180520014139,0.06644683600461576
WTM,291,tm,73.49,0.31817240099189803,0.06568367399449926
WTM,292,tm,73.92999999999999,0.31842564899125136,0.06529554100416135
WTM,293,tm,73.42,0.3212476909975521,0.06535084699862637
WTM,294,tm,70.39999999999999,0.317259905001265,0.06721712900616694
WTM,295,tm,72.14,0.3273006590025034,0.06530494800244924
WTM,296,tm,71.6,0.3177640630019596,0.06529822399897967
WTM,297,tm,72.66,0.3079879750002874,0.06611317599890754
WTM,298,tm,72.07000000000001,0.3158599169983063,0.06512351598939858
WTM,299,tm,69.96,0.3135889739933191,0.06570449699938763
WTM,300,tm,73.63,0.3243174709932646,0.06448444399575237
WTM,301,tm,70.52000000000001,0.31080925099377055,0.06586186299682595
WTM,302,tm,74.32,0.3135286819888279,0.06361252401256934
WTM,303,tm,73.42999999999999,0.3055579629872227,0.065428347006673
WTM,304,tm,72.92999999999999,0.3172634309885325,0.06387608998920768
WTM,305,tm,72.77,0.3131057709979359,0.06650943899876438
WTM,306,tm,68.58999999999999,0.31499615700158756,0.06594911099819001
WTM,307,tm,72.28999999999999,0.31795432600483764,0.06621093599824235
WTM,308,tm,71.54,0.31770878699899185,0.06545397700392641
WTM,309,tm,72.99,0.3214261510001961,0.06834711499686819
WTM,310,tm,72.78999999999999,0.3136441350070527,0.06769745600468013
WTM,311,tm,74.57000000000001,0.3195893030060688,0.0651794519944815
WTM,312,tm,71.23,0.3224967980058864,0.06558544099971186
WTM,313,tm,73.06,0.3193055879964959,0.06660879300034139
WTM,314,tm,75.11,0.32018183400214184,0.06552536100207362
WTM,315,tm,73.86,0.3112215820001438,0.06627411500085145
WTM,316,tm,72.76,0.32076285299262963,0.0665878639993025
WTM,317,tm,72.25,0.32483713400142733,0.06523940699116793
WTM,318,tm,73.71,0.317533141002059,0.0649385119904764
WTM,319,tm,72.31,0.3196652580081718,0.06620928300253581
WTM,320,tm,71.61999999999999,0.32749925600364804,0.06650598401029129
WTM,321,tm,73.22999999999999,0.3204489430063404,0.06497426300484221
WTM,322,tm,72.76,0.3169938469945919,0.06414191500516608
WTM,323,tm,67.69,0.3227240639971569,0.06452736799838021
WTM,324,tm,72.95,0.3164659160102019,0.06557697999232914
WTM,325,tm,74.13,0.3084223689947976,0.06482562099699862
WTM,326,tm,71.83,0.31522229699476156,0.06601475700153969
WTM,327,tm,69.22,0.31763749600213487,0.06627017000573687
WTM,328,tm,73.0,0.31339296099031344,0.06509454699698836
WTM,329,tm,69.77,0.3093834640021669,0.06479764899995644
WTM,330,tm,73.49,0.31487272899539676,0.06525932101067156
WTM,331,tm,71.24000000000001,0.3117653609951958,0.06716623500688002
WTM,332,tm,71.85000000000001,0.31252955899981316,0.06530301900056656
WTM,333,tm,73.4,0.31714110300526954,0.06609589800063986
WTM,334,tm,68.08999999999999,0.3175841279880842,0.06538769899634644
WTM,335,tm,71.86,0.3230594310007291,0.06610893699689768
WTM,336,tm,73.78,0.31321060500340536,0.06454716699954588
WTM,337,tm,72.5,0.31603706401074305,0.06685342799755745
WTM,338,tm,73.32,0.31186580698704347,0.06584300799295306
WTM,339,tm,73.57000000000001,0.3092573559988523,0.06582247800542973
WTM,340,tm,74.68,0.31796169899462257,0.06627123799989931
WTM,341,tm,73.07000000000001,0.3148826450051274,0.06595972800278105
WTM,342,tm,71.82,0.31811020299210213,0.06533877000038046
WTM,343,tm,73.52,0.31004679399484303,0.06639882099989336
WTM,344,tm,72.28,0.31888812698889524,0.06625306900241412
WTM,345,tm,73.26,0.31520030500541907,0.06591553401085548
WTM,346,tm,75.52,0.3201495260000229,0.0652186619990971
WTM,347,tm,75.33,0.317252795008244,0.06583119899732992
WTM,348,tm,72.96000000000001,0.30650968999543693,0.06437506999645848
WTM,349,tm,74.65,0.31061628099996597,0.066282168001635
WTM,350,tm,73.33,0.31428647799475584,0.06517473499116022
WTM,351,tm,75.66000000000001,0.31242509400181007,0.06971108700963669
WTM,352,tm,73.11,0.310562534010387,0.06509288199595176
WTM,353,tm,74.81,0.32041657499212306,0.06627641200611833
WTM,354,tm,74.5,0.31537692999700084,0.06961180600046646
WTM,355,tm,74.39,0.31712681100179907,0.0663321750034811
WTM,356,tm,74.92,0.31382434599800035,0.06475191000208724
WTM,357,tm,72.57000000000001,0.32015739400230814,0.065151483999216
WTM,358,tm,73.83,0.3112930339993909,0.06558529399626423
WTM,359,tm,73.16,0.3193749560014112,0.06557429900567513
WTM,360,tm,73.72999999999999,0.31220810300146695,0.06698018099996261
WTM,361,tm,72.46000000000001,0.31207631900906563,0.06304039699898567
WTM,362,tm,73.37,0.30572606100759003,0.06654266599798575
WTM,363,tm,74.5,0.31880298198666424,0.06657328800065443
WTM,364,tm,73.32,0.3272182509972481,0.06504046799091157
WTM,365,tm,72.47,0.31220319999556523,0.06574848100717645
WTM,366,tm,71.6,0.30663350500981323,0.0663868870033184
WTM,367,tm,72.39,0.3185759460029658,0.06685355900845025
WTM,368,tm,73.74000000000001,0.3152543059986783,0.0649746929993853
WTM,369,tm,73.54,0.3113274080096744,0.06715912101208232
WTM,370,tm,75.16000000000001,0.3099018359935144,0.06704505599918775
WTM,371,tm,76.14999999999999,0.31804330299200956,0.06681992798985448
WTM,372,tm,73.22,0.3166281219891971,0.06658600999799091
WTM,373,tm,71.94,0.318785220006248,0.06642893000389449
WTM,374,tm,72.41,0.31799090599815827,0.06597114900068846
WTM,375,tm,75.14999999999999,0.3209399330080487,0.06571156800782774
WTM,376,tm,73.33,0.32316365400038194,0.0663467970007332
WTM,377,tm,72.35000000000001,0.3190123949898407,0.06759885200881399
WTM,378,tm,74.83,0.3112781630043173,0.06538348099275026
WTM,379,tm,73.38,0.31108567799674347,0.06922442199720535
WTM,380,tm,70.99,0.30638794699916616,0.06515148699691053
WTM,381,tm,73.89,0.316625349005335,0.06822465499863029
WTM,382,tm,71.08,0.32346605900966097,0.0652619809989119
WTM,383,tm,72.8,0.31665052300377283,0.06612022999615874
WTM,384,tm,74.17,0.31328971800394356,0.06552726699737832
WTM,385,tm,74.29,0.3109073320083553,0.06553402700228617
WTM,386,tm,73.08,0.31579159600369167,0.06626467499881983
WTM,387,tm,75.9,0.3122970370022813,0.06771496799774468
WTM,388,tm,73.2,0.3166843829967547,0.0674226939881919
WTM,389,tm,71.83,0.31459943199297413,0.06555335500161164
WTM,390,tm,73.47,0.3157888220011955,0.06629272599820979
WTM,391,tm,74.13,0.3216508940095082,0.06516742399253417
WTM,392,tm,73.8,0.3059678050049115,0.0660123629932059
WTM,393,tm,71.45,0.3112259529880248,0.06459038201137446
WTM,394,tm,73.50999999999999,0.30820511101046577,0.06551330100046471
WTM,395,tm,74.29,0.314597087999573,0.06511207899893634
WTM,396,tm,73.75,0.3119520449981792,0.06655532700824551
WTM,397,tm,74.4,0.309492294996744,0.06456518299819436
WTM,398,tm,73.37,0.3185300220065983,0.06495974199788179
WTM,399,tm,67.27,0.30870437499834225,0.06716149199928623
WTM,400,tm,75.48,0.31282976499642245,0.06567037700733636
WTM,401,tm,74.28,0.31019589099742007,0.06514229900494684
WTM,402,tm,72.22,0.31499639799585566,0.06650071000331081
WTM,403,tm,75.33999999999999,0.31461140399915166,0.06659607200708706
WTM,404,tm,69.19,0.32103576899680775,0.06596156499290373
WTM,405,tm,70.57,0.3066715789900627,0.0641366449999623
WTM,406,tm,72.74000000000001,0.3053555810038233,0.06690459100354929
WTM,407,tm,75.12,0.31773012700432446,0.06694569298997521
WTM,408,tm,74.3,0.31229078900651075,0.0664833839982748
WTM,409,tm,74.22,0.31863045299542136,0.06491133398958482
WTM,410,tm,73.22999999999999,0.31729401600023266,0.0671438770077657
WTM,411,tm,72.21,0.3166492019954603,0.0682788099948084
WTM,412,tm,70.37,0.30713994801044464,0.06439084900193848
WTM,413,tm,67.66,0.3174362919962732,0.06584968000242952
WTM,414,tm,69.13,0.3226986770023359,0.06428437201248016
WTM,415,tm,71.78999999999999,0.31515902699902654,0.06602274099714123
WTM,416,tm,72.15,0.31819387699943036,0.06540464899444487
WTM,417,tm,74.06,0.31458496500272304,0.0650972519943025
WTM,418,tm,75.66000000000001,0.3093808359990362,0.06730128900380805
WTM,419,tm,74.89,0.30912615900160745,0.06514664999849629
WTM,420,tm,69.64,0.32287506500142626,0.06495925098715816
WTM,421,tm,72.82,0.3105456460034475,0.06590041100571398
WTM,422,tm,72.50999999999999,0.3146122390025994,0.06956891500158235
WTM,423,tm,73.28,0.31156117099453695,0.06524798199825455
WTM,424,tm,74.27,0.31560747799812816,0.06630360599956475
WTM,425,tm,72.39,0.3173078690015245,0.06537071299680974
WTM,426,tm,74.71,0.3153358240087982,0.0661588860093616
WTM,427,tm,73.91,0.31247592299769167,0.06625096101197414
WTM,428,tm,71.59,0.3058051370026078,0.06572818299173377
WTM,429,tm,75.22,0.31250521799665876,0.06476892199134454
WTM,430,tm,75.76,0.3138998719950905,0.0700637359987013
WTM,431,tm,73.92999999999999,0.31976976100122556,0.06709629400575068
WTM,432,tm,73.37,0.30829769499541726,0.06540495000081137
WTM,433,tm,69.25,0.31068306499219034,0.06674325998756103
WTM,434,tm,73.91,0.3170064580044709,0.06534867300069891
WTM,435,tm,75.74,0.3080615119979484,0.06502534200262744
WTM,436,tm,72.33000000000001,0.30226087299524806,0.06580152000242379
WTM,437,tm,75.0,0.31411565899907146,0.06552602800366003
WTM,438,tm,71.44,0.31556325699784793,0.06544069400115404
WTM,439,tm,70.48,0.31430842500412837,0.0660910199949285
WTM,440,tm,74.16,0.31326015399827156,0.06699847799609415
WTM,441,tm,74.28,0.31387332700251136,0.06918883899925277
WTM,442,tm,74.69,0.3120989219896728,0.06651715200860053
WTM,443,tm,72.89999999999999,0.3086346599884564,0.06615653999324422
WTM,444,tm,71.78,0.309714137998526,0.06798659201012924
WTM,445,tm,73.52,0.31680707600025926,0.06573916500201449
WTM,446,tm,70.00999999999999,0.3161244049988454,0.06666485000459943
WTM,447,tm,74.33999999999999,0.3124616240093019,0.06506802399235312
WTM,448,tm,73.98,0.3065057760104537,0.0661267880059313
WTM,449,tm,70.3,0.322474444998079,0.06657805400027428
WTM,450,tm,74.57000000000001,0.31040833100269083,0.0647729759948561
WTM,451,tm,72.02,0.3068730660015717,0.06485778400383424
WTM,452,tm,72.49,0.30704693400184624,0.06807819500681944
WTM,453,tm,73.22999999999999,0.31455935499980114,0.06627206699340604
WTM,454,tm,71.98,0.3149336069909623,0.06573818500328343
WTM,455,tm,73.21,0.31030783300229814,0.06651234198943712
WTM,456,tm,73.55000000000001,0.31577934000233654,0.06778288600617088
WTM,457,tm,74.35000000000001,0.30972848398960195,0.06532746399170719
WTM,458,tm,74.22,0.3097947289934382,0.06784644200524781
WTM,459,tm,73.49,0.3224407999950927,0.06628310101223178
WTM,460,tm,73.04,0.31139329899451695,0.06614362500840798
WTM,461,tm,72.02,0.3085994979919633,0.06741130299633369
WTM,462,tm,75.12,0.309027559007518,0.06561763500212692
WTM,463,tm,72.75,0.3041438910004217,0.0679245460050879
WTM,464,tm,72.21,0.31636004499159753,0.065803187986603
WTM,465,tm,72.17,0.3137855350069003,0.06572936101292726
WTM,466,tm,72.55,0.3174810350028565,0.06418989300436806
WTM,467,tm,72.69,0.30762677200254984,0.06569401000160724
WTM,468,tm,74.3,0.3187162459944375,0.06706303999817465
WTM,469,tm,74.8,0.3049706409947248,0.06598670600214973
WTM,470,tm,74.42999999999999,0.314113892003661,0.06625983999401797
WTM,471,tm,74.02,0.3099769669934176,0.06660145599744283
WTM,472,tm,74.31,0.3066437490051612,0.06483601599757094
WTM,473,tm,73.39,0.3067778039985569,0.06562244299857412
WTM,474,tm,73.8,0.31443457599380054,0.06714657199336216
WTM,475,tm,74.27,0.3090370680001797,0.06524842198996339
WTM,476,tm,73.66,0.3103721209918149,0.06630350400519092
WTM,477,tm,72.61,0.3039095400017686,0.06631216799723916
WTM,478,tm,73.14,0.30871334100083914,0.06590999399486464
WTM,479,tm,74.45,0.31189456100401003,0.06530576100340113
WTM,480,tm,72.28,0.31829259400547016,0.0667252490093233
WTM,481,tm,74.81,0.305768699006876,0.06597660999977961
WTM,482,tm,73.31,0.31655595000484027,0.06731965100334492
WTM,483,tm,74.64,0.30705112300347537,0.06471833499381319
WTM,484,tm,74.16,0.30759120600123424,0.06588553900655825
WTM,485,tm,73.18,0.3158150689996546,0.06623666100495029
WTM,486,tm,73.67,0.3131801270064898,0.066201005000039
WTM,487,tm,73.41,0.30964345700340346,0.06808397600252647
WTM,488,tm,74.37,0.31083428900456056,0.0653621650126297
WTM,489,tm,73.82,0.30975042599311564,0.06642142598866485
WTM,490,tm,71.78,0.30905955299385823,0.06623784199473448
WTM,491,tm,73.78,0.3146000309934607,0.06658356700791046
WTM,492,tm,73.0,0.3155213209975045,0.06551568799477536
WTM,493,tm,73.13,0.3061456610012101,0.06569603399839252
WTM,494,tm,74.02,0.30546177600626834,0.06520884200290311
WTM,495,tm,73.06,0.3145064190030098,0.06517305299348664
WTM,496,tm,72.02,0.3169127849978395,0.06567142899439204
WTM,497,tm,72.32,0.3154092250042595,0.06538285799615551
WTM,498,tm,74.95,0.309885259004659,0.06529455799318384
WTM,499,tm,75.32,0.30669899699569214,0.065825814002892
WTM,500,tm,71.85000000000001,0.30673108699556906,0.06466199300484732
WTM-NN,1,tm,56.68,0.46554861299227923,0.06241889401280787
WTM-NN,2,tm,59.78,0.42611989699071273,0.06418841099366546
WTM-NN,3,tm,63.74999999999999,0.4032322160055628,0.06531445500149857
WTM-NN,4,tm,64.89,0.3927936770051019,0.06598850199952722
WTM-NN,5,tm,67.42,0.37044510699342936,0.06684132099326234
WTM-NN,6,tm,67.77,0.3698983850044897,0.06294040899956599
WTM-NN,7,tm,66.78,0.3598323479964165,0.06460793598671444
WTM-NN,8,tm,64.14,0.3614615069964202,0.06363846399472095
WTM-NN,9,tm,67.09,0.3569483280007262,0.06529323500581086
WTM-NN,10,tm,70.85000000000001,0.3585794730024645,0.06516694600577466
WTM-NN,11,tm,69.36,0.34733783701085486,0.06424074299866334
WTM-NN,12,tm,72.50999999999999,0.3563228779967176,0.06418001600832213
WTM-NN,13,tm,69.25,0.3503314340050565,0.0690149099973496
WTM-NN,14,tm,73.37,0.34161940500780474,0.0653682380070677
WTM-NN,15,tm,67.62,0.3465427389892284,0.06450337899150327
WTM-NN,16,tm,70.27,0.33984154400241096,0.06471540499478579
WTM-NN,17,tm,70.57,0.3438867590011796,0.0643615220033098
WTM-NN,18,tm,70.96000000000001,0.3435324780002702,0.06689619399548974
WTM-NN,19,tm,70.09,0.350757567997789,0.0663556770014111
WTM-NN,20,tm,72.64,0.34528624899394345,0.06459155199991073
WTM-NN,21,tm,70.23,0.3455352229939308,0.06562069000210613
WTM-NN,22,tm,67.36999999999999,0.32583593600429595,0.06489318399690092
WTM-NN,23,tm,73.38,0.34244156000204384,0.0653453770064516
WTM-NN,24,tm,73.25,0.33963985899754334,0.06636174699815456
WTM-NN,25,tm,67.9,0.3370572129933862,0.0642574270023033
WTM-NN,26,tm,70.09,0.3358748290047515,0.06542765900667291
WTM-NN,27,tm,70.37,0.3364686580025591,0.0688172800000757
WTM-NN,28,tm,70.96000000000001,0.3300572320003994,0.0692157900048187
WTM-NN,29,tm,73.37,0.3346471849945374,0.06620953899982851
WTM-NN,30,tm,74.46000000000001,0.3342328590078978,0.06574291799915954
WTM-NN,31,tm,70.14,0.32918562000850216,0.0646873360092286
WTM-NN,32,tm,72.03,0.33363795100012794,0.06474967200483661
WTM-NN,33,tm,72.0,0.33978708399808966,0.06730351099395193
WTM-NN,34,tm,69.94,0.3058220790117048,0.06607205800537486
WTM-NN,35,tm,72.66,0.32511523699213285,0.06437965200166218
WTM-NN,36,tm,71.17999999999999,0.32871205800620373,0.06474241100659128
WTM-NN,37,tm,66.89,0.3273679370031459,0.06511237000813708
WTM-NN,38,tm,71.59,0.33625615399796516,0.06461628699616995
WTM-NN,39,tm,72.34,0.33173780200013425,0.0649551450042054
WTM-NN,40,tm,73.65,0.3269368680048501,0.06470279300992843
WTM-NN,41,tm,70.63000000000001,0.3253992029931396,0.0649705000105314
WTM-NN,42,tm,74.37,0.32860810599231627,0.06550315600179601
WTM-NN,43,tm,71.04,0.33430607098853216,0.06556532200193033
WTM-NN,44,tm,72.15,0.32190783800615463,0.06611685999087058
WTM-NN,45,tm,72.17,0.3317844560078811,0.06650895799975842
WTM-NN,46,tm,71.43,0.3279420119943097,0.06427359400549904
WTM-NN,47,tm,73.61,0.3286678950098576,0.06523189099971205
WTM-NN,48,tm,73.76,0.3409183040057542,0.06496186000003945
WTM-NN,49,tm,72.31,0.32130303099984303,0.06448490600450896
WTM-NN,50,tm,74.59,0.332268911995925,0.06644104700535536
WTM-NN,51,tm,71.99,0.3196298599941656,0.06345278400112875
WTM-NN,52,tm,72.64,0.32999214899609797,0.06443697099166457
WTM-NN,53,tm,72.61999999999999,0.3304915040062042,0.0657277940044878
WTM-NN,54,tm,72.82,0.3238688270066632,0.06688725399726536
WTM-NN,55,tm,72.7,0.31903330600471236,0.06904363699140958
WTM-NN,56,tm,75.01,0.3301829059928423,0.06280660199990962
WTM-NN,57,tm,72.65,0.3273880090127932,0.06567984400317073
WTM-NN,58,tm,71.46000000000001,0.334102676002658,0.06760665000183508
WTM-NN,59,tm,73.22999999999999,0.3223517599981278,0.06510654400335625
WTM-NN,60,tm,72.16,0.331111677995068,0.06616052599565592
WTM-NN,61,tm,72.41,0.32125478399393614,0.06476186099462211
WTM-NN,62,tm,72.99,0.32496552300290205,0.06458638099138625
WTM-NN,63,tm,73.11999999999999,0.325182506989222,0.06551648399909027
WTM-NN,64,tm,73.11,0.30625518200395163,0.065728447996662
WTM-NN,65,tm,75.24,0.3215263930032961,0.0665752880013315
WTM-NN,66,tm,73.87,0.3307531159953214,0.06380838200857397
WTM-NN,67,tm,72.31,0.3246901000093203,0.06455837898829486
WTM-NN,68,tm,73.39,0.3356883060041582,0.0649232919968199
WTM-NN,69,tm,73.6,0.32506628999544773,0.06362442900717724
WTM-NN,70,tm,73.4,0.318182554008672,0.064399021997815
WTM-NN,71,tm,74.53999999999999,0.3288186540012248,0.06684778499766253
WTM-NN,72,tm,73.66,0.32120984900393523,0.06607277000148315
WTM-NN,73,tm,74.51,0.3355467770015821,0.06496444200456608
WTM-NN,74,tm,71.66,0.3318785830051638,0.06543295399751514
WTM-NN,75,tm,71.72,0.32603093900252134,0.06588795100105926
WTM-NN,76,tm,69.97,0.3153444819909055,0.06528846900619101
WTM-NN,77,tm,73.31,0.3281464000028791,0.06585110900050495
WTM-NN,78,tm,73.66,0.3284589090035297,0.06564286700449884
WTM-NN,79,tm,72.66,0.32157836499391124,0.06463922299735714
WTM-NN,80,tm,71.53,0.3146653229923686,0.06557815700944047
WTM-NN,81,tm,73.11,0.3218217370013008,0.06693626899505034
WTM-NN,82,tm,74.11999999999999,0.3185405819967855,0.06479013001080602
WTM-NN,83,tm,70.62,0.31553127999359276,0.06643169900053181
WTM-NN,84,tm,69.51,0.32031230798747856,0.06566025500069372
WTM-NN,85,tm,73.61999999999999,0.32729366699641105,0.0657310619862983
WTM-NN,86,tm,70.32000000000001,0.3272559719916899,0.06674988100712653
WTM-NN,87,tm,74.6,0.3226002370065544,0.06612124899402261
WTM-NN,88,tm,74.67,0.32017703900055494,0.06606459399336018
WTM-NN,89,tm,69.85,0.3271128369960934,0.06642843699955847
WTM-NN,90,tm,72.58,0.32210581000254024,0.06415166800434235
WTM-NN,91,tm,73.03,0.317240591000882,0.06390382899553515
WTM-NN,92,tm,71.97,0.33489839399408083,0.06139137799618766
WTM-NN,93,tm,72.87,0.3311037719977321,0.06553932100359816
WTM-NN,94,tm,72.94,0.3261733120016288,0.06561389900161885
WTM-NN,95,tm,73.08,0.32106133599882014,0.06488668099336792
WTM-NN,96,tm,73.71,0.32457662498927675,0.06477145799726713
WTM-NN,97,tm,72.36,0.3328792929969495,0.06519502800074406
WTM-NN,98,tm,72.06,0.3231909909954993,0.06536728599166963
WTM-NN,99,tm,69.43,0.32894202999887057,0.06547437299741432
WTM-NN,100,tm,72.76,0.3227329609944718,0.06495270499726757
WTM-NN,101,tm,71.6,0.32212626800173894,0.06583586199849378
WTM-NN,102,tm,73.29,0.3350227460032329,0.0652995410055155
WTM-NN,103,tm,69.83,0.32237005000934005,0.06695567800488789
WTM-NN,104,tm,75.31,0.31849864599644206,0.06556983300833963
WTM-NN,105,tm,71.82,0.32847114698961377,0.06408044599811547
WTM-NN,106,tm,73.13,0.3199242830014555,0.06501204799860716
WTM-NN,107,tm,72.03,0.3208877519937232,0.06439560500439256
WTM-NN,108,tm,74.69,0.32507611499750055,0.06832564900105353
WTM-NN,109,tm,72.84,0.31569210599991493,0.06240868200256955
WTM-NN,110,tm,73.98,0.3095164520054823,0.06619261599553283
WTM-NN,111,tm,72.92999999999999,0.3242017720040167,0.0655279829952633
WTM-NN,112,tm,74.08,0.3206361540069338,0.06569226800638717
WTM-NN,113,tm,73.09,0.3161359560035635,0.06478132899792399
WTM-NN,114,tm,74.59,0.32391696800186764,0.06619942300312687
WTM-NN,115,tm,72.8,0.3218278770073084,0.06483259800006635
WTM-NN,116,tm,73.46000000000001,0.326195314002689,0.06641324900556356
WTM-NN,117,tm,69.88,0.3250999789888738,0.06618176099436823
WTM-NN,118,tm,71.99,0.32418623300327454,0.06347697200544644
WTM-NN,119,tm,74.03999999999999,0.32574012999248225,0.06588184500287753
WTM-NN,120,tm,67.12,0.31433642499905545,0.06521541600523051
WTM-NN,121,tm,72.02,0.3165124359948095,0.06405559899576474
WTM-NN,122,tm,73.68,0.32909880600345787,0.06576425899402238
WTM-NN,123,tm,75.59,0.31991817700327374,0.06618485000217333
WTM-NN,124,tm,71.84,0.32399749000614975,0.06570463100797497
WTM-NN,125,tm,73.54,0.3300021920003928,0.06599634900339879
WTM-NN,126,tm,74.89,0.3255197090038564,0.06349322698952165
WTM-NN,127,tm,71.06,0.3250379469973268,0.06527857799665071
WTM-NN,128,tm,70.88,0.32568843000626657,0.06728922099864576
WTM-NN,129,tm,74.02,0.3220551630074624,0.06488938900292851
WTM-NN,130,tm,73.59,0.31863718299428,0.06497848599974532
WTM-NN,131,tm,74.52,0.31233506700664293,0.06757583800936118
WTM-NN,132,tm,70.81,0.3112729780114023,0.06405791500583291
WTM-NN,133,tm,72.52,0.3128421589935897,0.066503884998383
WTM-NN,134,tm,71.28999999999999,0.31431840200093575,0.06894512700091582
WTM-NN,135,tm,71.89999999999999,0.3155707830010215,0.06556873999943491
WTM-NN,136,tm,72.98,0.31494117400143296,0.06487892799486872
WTM-NN,137,tm,73.7,0.31652174500050023,0.0663304089976009
WTM-NN,138,tm,70.54,0.32501618198875804,0.0675137740036007
WTM-NN,139,tm,73.19,0.32436495400907006,0.06590974300343078
WTM-NN,140,tm,74.46000000000001,0.31665904900000896,0.06476626399671659
WTM-NN,141,tm,72.07000000000001,0.32308838100288995,0.06612990100984462
WTM-NN,142,tm,72.67,0.32151800200517755,0.0671501610049745
WTM-NN,143,tm,73.35000000000001,0.31231252699217293,0.06570092399488203
WTM-NN,144,tm,72.63,0.3183745239948621,0.06572118499025237
WTM-NN,145,tm,69.6,0.31845212800544687,0.0653628060099436
WTM-NN,146,tm,73.26,0.32010466599604115,0.06524799200997222
WTM-NN,147,tm,73.00999999999999,0.32536619300663006,0.06487379300233442
WTM-NN,148,tm,72.06,0.3203050160082057,0.0648893479956314
WTM-NN,149,tm,74.1,0.3159274890058441,0.06556613599241246
WTM-NN,150,tm,73.07000000000001,0.3172498850035481,0.06536386199877597
WTM-NN,151,nn,78.77,0.19429353199666366,0.06570274100522511
WTM-NN,152,nn,79.28,0.2724509929976193,0.06769882699882146
WTM-NN,153,nn,79.65,0.20413042299333028,0.06758485299360473
WTM-NN,154,nn,79.57,0.2179008840030292,0.06690224100020714
WTM-NN,155,nn,79.59,0.2172317839867901,0.06853311099985149
WTM-NN,156,nn,79.73,0.2473175189952599,0.0684757920098491
WTM-NN,157,nn,79.97999999999999,0.20124536500952672,0.06846615299582481
WTM-NN,158,nn,80.04,0.19776801799889654,0.06742913500056602
WTM-NN,159,nn,80.02,0.20152805099496618,0.06692777799617033
WTM-NN,160,nn,79.89,0.19452063899370842,0.06909208798606414
WTM-NN,161,nn,79.81,0.25683960200694855,0.06906012499530334
WTM-NN,162,nn,80.13,0.20058326800062787,0.06512224000471178
WTM-NN,163,nn,79.99000000000001,0.1974873610015493,0.06692170299356803
WTM-NN,164,nn,80.0,0.19774476200109348,0.06760417499754112
WTM-NN,165,nn,80.12,0.258148730994435,0.0692046920012217
WTM-NN,166,nn,80.01,0.1969313629961107,0.06714203101000749
WTM-NN,167,nn,80.15,0.19616356199549045,0.06941197099513374
WTM-NN,168,nn,80.08999999999999,0.21522884999285452,0.06742889800807461
WTM-NN,169,nn,79.97,0.25742107900441624,0.06740864900348242
WTM-NN,170,nn,80.2,0.19853296599467285,0.06716903699270915
WTM-NN,171,nn,80.13,0.19146036400343291,0.06892791100835893
WTM-NN,172,nn,80.14,0.21890867700858507,0.06930961899342947
WTM-NN,173,nn,80.22,0.24538956600008532,0.06794195300608408
WTM-NN,174,nn,80.21000000000001,0.2165079069964122,0.06727196701103821
WTM-NN,175,nn,80.2,0.2045474379992811,0.06897560400830116
WTM-NN,176,nn,80.25,0.19551282499742229,0.06739053000637796
WTM-NN,177,nn,80.25,0.19981232199643273,0.06844696699408814
WTM-NN,178,nn,80.24,0.24992345900682267,0.06839228900207672
WTM-NN,179,nn,80.24,0.19388119599898346,0.06854235699574929
WTM-NN,180,nn,80.35,0.20699461600452196,0.06800081100664102
WTM-NN,181,nn,80.41,0.2168364100070903,0.06873129200539552
WTM-NN,182,nn,80.38,0.2692435509961797,0.06656120999832638
WTM-NN,183,nn,80.44,0.2206889999943087,0.0684299410058884
WTM-NN,184,nn,80.41,0.19769556100072805,0.0689360399992438
WTM-NN,185,nn,80.25999999999999,0.19634399100323208,0.06939346999570262
WTM-NN,186,nn,80.47999999999999,0.24813654799072538,0.06497651898826007
WTM-NN,187,nn,80.57,0.21213820899720304,0.07150502198783215
WTM-NN,188,nn,80.61,0.22007154099992476,0.06739388100686483
WTM-NN,189,nn,80.54,0.21796838799491525,0.06853898899862543
WTM-NN,190,nn,80.55,0.21877895800571423,0.06768255500355735
WTM-NN,191,nn,80.47999999999999,0.2710236299899407,0.06783315699431114
WTM-NN,192,nn,80.47999999999999,0.21659099200041965,0.06830388300295454
WTM-NN,193,nn,80.66,0.21241437600110658,0.06490430999838281
WTM-NN,194,nn,80.65,0.19876928800658789,0.06758513799286447
WTM-NN,195,nn,80.63,0.27390415100671817,0.06768317699606996
WTM-NN,196,nn,80.60000000000001,0.21991934599645901,0.06748076299845707
WTM-NN,197,nn,80.71000000000001,0.22125844001129735,0.06659945999854244
WTM-NN,198,nn,80.65,0.20344714300881606,0.06735642900457606
WTM-NN,199,nn,80.7,0.26751757600868586,0.06712438999966253
WTM-NN,200,nn,80.78999999999999,0.21910546498838812,0.06766538899682928
WTM-NN,201,nn,80.66,0.21859691700956319,0.06554532100562938
WTM-NN,202,nn,80.58,0.21753851301036775,0.06832005400792696
WTM-NN,203,nn,80.54,0.2669038320018444,0.06919407899840735
WTM-NN,204,nn,80.75,0.22020446599344723,0.06842913400032558
WTM-NN,205,nn,80.78999999999999,0.19634640699950978,0.06807055098761339
WTM-NN,206,nn,80.82000000000001,0.1960552149976138,0.06552550700143911
WTM-NN,207,nn,80.81,0.19447194199892692,0.06649844800995197
WTM-NN,208,nn,80.76,0.2515697250055382,0.06890301199746318
WTM-NN,209,nn,80.74,0.21734034399560187,0.06781319899891969
WTM-NN,210,nn,80.65,0.21686324699840043,0.06836434199067298
WTM-NN,211,nn,80.78,0.21378820900281426,0.06847050700162072
WTM-NN,212,nn,80.67999999999999,0.2663876669976162,0.06733578100102022
WTM-NN,213,nn,80.67,0.1966011409967905,0.06702059699455276
WTM-NN,214,nn,80.87,0.21242096900823526,0.0682270860124845
WTM-NN,215,nn,80.82000000000001,0.20220514401444234,0.06751008599530905
WTM-NN,216,nn,80.64,0.2579113740066532,0.06807145600032527
WTM-NN,217,nn,80.78999999999999,0.1993403710075654,0.06475956999929622
WTM-NN,218,nn,80.71000000000001,0.2154546640085755,0.06793199699313845
WTM-NN,219,nn,80.73,0.21810499500134028,0.06934593000914901
WTM-NN,220,nn,80.81,0.19996280600025784,0.06744243300636299
WTM-NN,221,nn,80.85,0.26893922399904113,0.06870676099788398
WTM-NN,222,nn,80.91000000000001,0.2116469680040609,0.06845780000730883
WTM-NN,223,nn,80.72,0.2188996750046499,0.06719427500502206
WTM-NN,224,nn,80.80000000000001,0.21720222900330555,0.06775711200316437
WTM-NN,225,nn,80.7,0.2611507379915565,0.06966228800592944
WTM-NN,226,nn,80.85,0.21910453999589663,0.06821644799492788
WTM-NN,227,nn,80.74,0.2200623450044077,0.06592455200734548
WTM-NN,228,nn,80.66,0.20441506999486592,0.06793872799607925
WTM-NN,229,nn,80.67,0.2703595530038001,0.06711287399230059
WTM-NN,230,nn,80.92,0.21882935900066514,0.06668396100576501
WTM-NN,231,nn,80.75,0.2192842299991753,0.06737719499506056
WTM-NN,232,nn,80.83,0.21204462301102467,0.06646974199975375
WTM-NN,233,nn,80.78,0.2712491339916596,0.06783585199445952
WTM-NN,234,nn,80.73,0.21953994101204444,0.06764665398804937
WTM-NN,235,nn,80.69,0.22317126499547157,0.06836322999151889
WTM-NN,236,nn,80.77,0.21453534100146499,0.06753297000250313
WTM-NN,237,nn,80.80000000000001,0.2180848019925179,0.0669480329961516
WTM-NN,238,nn,80.64,0.26704617199720815,0.06760176400712226
WTM-NN,239,nn,80.73,0.20775495799898636,0.06807263600057922
WTM-NN,240,nn,80.87,0.21994333299517166,0.06673346699972171
WTM-NN,241,nn,80.85,0.21237582800677046,0.06747388899384532
WTM-NN,242,nn,80.77,0.27512994200515095,0.06692331899830606
WTM-NN,243,nn,80.92,0.22292945999652147,0.0669572359911399
WTM-NN,244,nn,80.78999999999999,0.20313661599357147,0.06709626098745503
WTM-NN,245,nn,80.75,0.2229465950076701,0.06770055000379216
WTM-NN,246,nn,80.80000000000001,0.25278160799643956,0.06567134898796212
WTM-NN,247,nn,80.77,0.20809330900374334,0.0678094499889994
WTM-NN,248,nn,80.77,0.2005833160073962,0.06769585100119002
WTM-NN,249,nn,80.88,0.19726121699204668,0.06734402400616091
WTM-NN,250,nn,80.71000000000001,0.20462482800940052,0.06766688599600457
WTM-NN,251,nn,80.67999999999999,0.24656688699906226,0.06672717900073621
WTM-NN,252,nn,80.85,0.19546477300173137,0.06652855900756549
WTM-NN,253,nn,80.66,0.19919044300331734,0.06577580999874044
WTM-NN,254,nn,80.72,0.19493661700107623,0.06378906799363904
WTM-NN,255,nn,80.82000000000001,0.24537820799741894,0.06661125099344645
WTM-NN,256,nn,80.81,0.21125802399183158,0.06892053699993994
WTM-NN,257,nn,80.81,0.2213902329967823,0.0687873760034563
WTM-NN,258,nn,80.81,0.1995658870000625,0.06504966800275724
WTM-NN,259,nn,80.82000000000001,0.26468258500972297,0.06875523700728081
WTM-NN,260,nn,80.75,0.20265478499641176,0.06749216900789179
WTM-NN,261,nn,80.64,0.21617353399051353,0.0673570280050626
WTM-NN,262,nn,80.73,0.21932696300791577,0.06703059199207928
WTM-NN,263,nn,80.78999999999999,0.27394334600830916,0.06700157299928833
WTM-NN,264,nn,80.84,0.22289020000607707,0.06864596900413744
WTM-NN,265,nn,80.92,0.22060500500083435,0.0652802039985545
WTM-NN,266,nn,80.76,0.2124683050060412,0.06671045599796344
WTM-NN,267,nn,80.99,0.21941190600045957,0.06821425800444558
WTM-NN,268,nn,80.89,0.2720869749900885,0.06667232399922796
WTM-NN,269,nn,80.84,0.2180040130042471,0.06831586199405137
WTM-NN,270,nn,80.9,0.19609472301090136,0.06839340798615012
WTM-NN,271,nn,80.72,0.19486006099032238,0.06741726599284448
WTM-NN,272,nn,80.76,0.25573281799734104,0.06567749798705336
WTM-NN,273,nn,80.74,0.19427136199374218,0.06383403099607676
WTM-NN,274,nn,80.78,0.19859518799057696,0.06715078800334595
WTM-NN,275,nn,80.86,0.21900048399402294,0.06682989899127278
WTM-NN,276,nn,80.77,0.2713473229960073,0.06874939499539323
WTM-NN,277,nn,81.03,0.2039144260052126,0.06765123199147638
WTM-NN,278,nn,80.97,0.2191636650095461,0.06735690700588748
WTM-NN,279,nn,80.74,0.2077263560058782,0.06884910700318869
WTM-NN,280,nn,80.72,0.26199247100157663,0.06641665400820784
WTM-NN,281,nn,80.75,0.2037040680006612,0.06848472899582703
WTM-NN,282,nn,80.62,0.20093961199745536,0.06946497199533042
WTM-NN,283,nn,80.82000000000001,0.21338424501300324,0.0650431789981667
WTM-NN,284,nn,80.89,0.2198441670043394,0.06625481399532873
WTM-NN,285,nn,80.78999999999999,0.26872234500478953,0.06655795899860095
WTM-NN,286,nn,80.58999999999999,0.2070799619978061,0.06704597499629017
WTM-NN,287,nn,80.71000000000001,0.2031575180008076,0.06717401200148743
WTM-NN,288,nn,80.74,0.204095534994849,0.06484358200395945
WTM-NN,289,nn,80.78999999999999,0.24767904498730786,0.06659574699006043
WTM-NN,290,nn,80.85,0.21898696199059486,0.06837635800184216
WTM-NN,291,nn,80.7,0.2174432220053859,0.06707356800325215
WTM-NN,292,nn,80.83,0.21795852600189392,0.06771498400485143
WTM-NN,293,nn,80.78999999999999,0.26529082900378853,0.0677897080022376
WTM-NN,294,nn,80.91000000000001,0.21709992800606415,0.06853834100184031
WTM-NN,295,nn,80.63,0.2000757719943067,0.06786193601146806
WTM-NN,296,nn,80.76,0.1947875889891293,0.06734098000742961
WTM-NN,297,nn,80.75,0.19465443499211688,0.06696246200590394
WTM-NN,298,nn,80.80000000000001,0.2496552119991975,0.06773546600015834
WTM-NN,299,nn,80.77,0.1955267890007235,0.06829877599375322
WTM-NN,300,nn,80.81,0.1954749769938644,0.07028974501008634
WTM-NN,301,nn,80.73,0.19633379399601836,0.06731170100101735
WTM-NN,302,nn,80.73,0.25233056298748124,0.06766931999300141
WTM-NN,303,nn,80.78,0.19567884400021285,0.07347619699430652
WTM-NN,304,nn,80.83,0.19700743700377643,0.06738405900250655
WTM-NN,305,nn,80.60000000000001,0.19641222499194555,0.06828170598600991
WTM-NN,306,nn,80.73,0.24750581099942792,0.06853107499773614
WTM-NN,307,nn,80.83,0.1960278560000006,0.06677497799682897
WTM-NN,308,nn,80.78,0.200394277999294,0.06731979099276941
WTM-NN,309,nn,80.84,0.1975401929958025,0.06853471799695399
WTM-NN,310,nn,80.71000000000001,0.19587760999274906,0.0668077009904664
WTM-NN,311,nn,80.73,0.2464302640000824,0.06605125400528777
WTM-NN,312,nn,80.85,0.19474714700481854,0.06756244899588637
WTM-NN,313,nn,80.86,0.19617349999316502,0.06653284501226153
WTM-NN,314,nn,80.97999999999999,0.19482175700250082,0.06663102300080936
WTM-NN,315,nn,80.76,0.258940176005126,0.06772234599338844
WTM-NN,316,nn,80.85,0.2013937270094175,0.06766643800074235
WTM-NN,317,nn,80.69,0.21265402699646074,0.06622798500757199
WTM-NN,318,nn,80.71000000000001,0.20030407000740524,0.06741928900009952
WTM-NN,319,nn,80.81,0.2689921729906928,0.06721681098861154
WTM-NN,320,nn,80.92,0.2006292510050116,0.06741764699108899
WTM-NN,321,nn,80.7,0.19576541300921235,0.0686805919976905
WTM-NN,322,nn,80.78999999999999,0.1972946660098387,0.06860764599696267
WTM-NN,323,nn,80.85,0.2584674930112669,0.06595766500686295
WTM-NN,324,nn,80.82000000000001,0.2194788350025192,0.06440557401219849
WTM-NN,325,nn,80.77,0.19944344800023828,0.06692123699758667
WTM-NN,326,nn,80.86,0.1967103860079078,0.06761963000462856
WTM-NN,327,nn,80.72,0.21266170100716408,0.06765168599667959
WTM-NN,328,nn,80.84,0.26763151100021787,0.0682818990026135
WTM-NN,329,nn,80.87,0.22071634599706158,0.06908788101281971
WTM-NN,330,nn,80.67999999999999,0.20485159099916928,0.06675636400177609
WTM-NN,331,nn,80.89,0.1946966380055528,0.06730777199845761
WTM-NN,332,nn,80.7,0.2464785629999824,0.06629289301054087
WTM-NN,333,nn,80.78999999999999,0.19888591099879704,0.06722682098916266
WTM-NN,334,nn,80.72,0.20804679801221937,0.06807609100360423
WTM-NN,335,nn,80.60000000000001,0.2007360159914242,0.06935970699123573
WTM-NN,336,nn,80.91000000000001,0.26939177699387074,0.06919643899891526
WTM-NN,337,nn,80.64,0.2101907429896528,0.06868751700676512
WTM-NN,338,nn,80.7,0.19624696699611377,0.0672415400040336
WTM-NN,339,nn,80.7,0.19644786899152678,0.067583142008516
WTM-NN,340,nn,80.75,0.19538537100015674,0.06757416999607813
WTM-NN,341,nn,80.78999999999999,0.2514184259925969,0.06826391800132114
WTM-NN,342,nn,80.78,0.19543038299889304,0.06835580999904778
WTM-NN,343,nn,80.66,0.1950845980027225,0.06717461500375066
WTM-NN,344,nn,80.83,0.1957057310064556,0.06652508200204466
WTM-NN,345,nn,80.76,0.24813534300483298,0.06689752500096802
WTM-NN,346,nn,80.95,0.19866973400348797,0.06936916201084387
WTM-NN,347,nn,80.92,0.20221056298760232,0.06794985200394876
WTM-NN,348,nn,80.9,0.2025191949942382,0.06872789899352938
WTM-NN,349,nn,80.69,0.24648034801066387,0.06758365800487809
WTM-NN,350,nn,80.61,0.19759943599638063,0.06843019599909894
WTM-NN,351,nn,80.65,0.19530261799809523,0.06722583901137114
WTM-NN,352,nn,80.67999999999999,0.20353396599239204,0.06749565499194432
WTM-NN,353,nn,80.82000000000001,0.24605309599428438,0.06485538301058114
WTM-NN,354,nn,80.78999999999999,0.19552144900080748,0.0670692320127273
WTM-NN,355,nn,80.71000000000001,0.1965068019926548,0.06844797599478625
WTM-NN,356,nn,80.74,0.19635542698961217,0.0683187429967802
WTM-NN,357,nn,80.74,0.19576889800373465,0.06780345299921464
WTM-NN,358,nn,80.84,0.24547033999988344,0.0683064659970114
WTM-NN,359,nn,80.80000000000001,0.20016797800781205,0.06793329201173037
WTM-NN,360,nn,80.91000000000001,0.19539933299529366,0.06701020999753382
WTM-NN,361,nn,80.7,0.19646664200990926,0.06795776799845044
WTM-NN,362,nn,80.82000000000001,0.2483532679907512,0.0676498190005077
WTM-NN,363,nn,80.97999999999999,0.19693237300089095,0.06706075600231998
WTM-NN,364,nn,80.77,0.19526082900119945,0.06753034199937247
WTM-NN,365,nn,80.71000000000001,0.20120325400785077,0.06740378300310113
WTM-NN,366,nn,80.61,0.24956418700458016,0.0682580229913583
WTM-NN,367,nn,80.78999999999999,0.20158416499907617,0.06731911801034585
WTM-NN,368,nn,80.78,0.19552790399757214,0.06809650200011674
WTM-NN,369,nn,80.64,0.19470806900062598,0.06831726399832405
WTM-NN,370,nn,80.95,0.25116591999540105,0.0675705250032479
WTM-NN,371,nn,80.73,0.19543351799075026,0.06775959899823647
WTM-NN,372,nn,80.65,0.1954376039939234,0.0681359070003964
WTM-NN,373,nn,80.67,0.1973836450051749,0.06763055500050541
WTM-NN,374,nn,80.80000000000001,0.19927064501098357,0.06786932500835974
WTM-NN,375,nn,80.7,0.24627408699598163,0.06902965898916591
WTM-NN,376,nn,80.92,0.196388027005014,0.06877264600188937
WTM-NN,377,nn,80.9,0.19808327200007625,0.06769144200370647
WTM-NN,378,nn,80.97999999999999,0.19512739099445753,0.06715276499744505
WTM-NN,379,nn,80.93,0.25758472600136884,0.0695013119984651
WTM-NN,380,nn,80.74,0.21974884500377811,0.0695511039957637
WTM-NN,381,nn,80.78,0.20451081400096882,0.06957176201103721
WTM-NN,382,nn,80.84,0.19916966299933847,0.0684561969974311
WTM-NN,383,nn,80.7,0.25174278099439107,0.06746210700657684
WTM-NN,384,nn,80.85,0.19789414199476596,0.06567124200228136
WTM-NN,385,nn,80.92,0.21797746999072842,0.06729701500444207
WTM-NN,386,nn,80.78,0.1985688279964961,0.06822656800795812
WTM-NN,387,nn,80.9,0.19846297999902163,0.06969454600766767
WTM-NN,388,nn,80.77,0.2529037310014246,0.06861315299465787
WTM-NN,389,nn,80.78999999999999,0.19685950900020543,0.06737908799550496
WTM-NN,390,nn,80.62,0.21766781400947366,0.06761818900122307
WTM-NN,391,nn,80.75,0.21539303100144025,0.06880148399795871
WTM-NN,392,nn,80.7,0.24650228000245988,0.06895285699283704
WTM-NN,393,nn,80.74,0.19976890399993863,0.06802273698849604
WTM-NN,394,nn,80.78999999999999,0.19501416599086951,0.0677885399927618
WTM-NN,395,nn,80.91000000000001,0.1978615389962215,0.06726906100811902
WTM-NN,396,nn,80.85,0.25051841299864464,0.06736053799977526
WTM-NN,397,nn,80.63,0.19521900799009018,0.06904010601283517
WTM-NN,398,nn,80.84,0.19563057299819775,0.0686994600109756
WTM-NN,399,nn,80.94,0.19632077300047968,0.06688915700942744
WTM-NN,400,nn,80.73,0.24672414299857337,0.06714779000321869
WTM-NN,401,nn,80.81,0.19474709600035567,0.06718110799556598
WTM-NN,402,nn,80.63,0.19948072999250144,0.06812942400574684
WTM-NN,403,nn,80.77,0.1958430770027917,0.06868999201105908
WTM-NN,404,nn,80.72,0.20164221800223459,0.06706987301004119
WTM-NN,405,nn,80.73,0.2460832930082688,0.0661624659987865
WTM-NN,406,nn,80.73,0.19871274699107744,0.06728621800721157
WTM-NN,407,nn,80.97999999999999,0.19544488898827694,0.06716095299634617
WTM-NN,408,nn,80.77,0.19939913900452666,0.06840369800920598
WTM-NN,409,nn,80.82000000000001,0.26171923300717026,0.0670507210015785
WTM-NN,410,nn,80.76,0.22515256599581335,0.06763834999583196
WTM-NN,411,nn,80.89,0.20653870799287688,0.06661223201081157
WTM-NN,412,nn,80.85,0.1946950590063352,0.06729289700160734
WTM-NN,413,nn,80.72,0.2481320439983392,0.06822433300840203
WTM-NN,414,nn,80.67999999999999,0.19625134499801788,0.06554978300118819
WTM-NN,415,nn,80.67,0.19990827499714214,0.06719802299630828
WTM-NN,416,nn,80.73,0.2188368549977895,0.06808737199753523
WTM-NN,417,nn,80.66,0.19407983300334308,0.0685990630008746
WTM-NN,418,nn,80.97999999999999,0.2526158940017922,0.06753880198812112
WTM-NN,419,nn,80.87,0.19426168898644391,0.06779593600367662
WTM-NN,420,nn,80.72,0.19705664600769524,0.06620419200044125
WTM-NN,421,nn,80.81,0.19721937099529896,0.06603132899908815
WTM-NN,422,nn,80.64,0.2687921470060246,0.06715677199827041
WTM-NN,423,nn,80.57,0.19898869599273894,0.06778340401069727
WTM-NN,424,nn,80.67999999999999,0.20001959899673238,0.0667506979953032
WTM-NN,425,nn,80.78,0.22001013600674924,0.06779026800359134
WTM-NN,426,nn,80.84,0.2598655019974103,0.06672148499637842
WTM-NN,427,nn,80.67999999999999,0.20457765999890398,0.06755651599087287
WTM-NN,428,nn,80.74,0.21069339000678156,0.06548821699107066
WTM-NN,429,nn,80.69,0.21736145799513906,0.06828750799468253
WTM-NN,430,nn,80.53,0.2648782280011801,0.06686720899597276
WTM-NN,431,nn,80.84,0.20968939700105693,0.06793537600606214
WTM-NN,432,nn,80.84,0.21903335499519017,0.06771115999436006
WTM-NN,433,nn,80.78,0.2122458829981042,0.06749935999687295
WTM-NN,434,nn,80.75,0.20900374800839927,0.06749798699456733
WTM-NN,435,nn,80.80000000000001,0.25202590199478436,0.0654718879959546
WTM-NN,436,nn,80.63,0.19689952800399624,0.06469526501314249
WTM-NN,437,nn,80.89,0.21118907199706882,0.06846232300449628
WTM-NN,438,nn,80.92,0.21537610499945004,0.0671762420097366
WTM-NN,439,nn,80.75,0.2706966029945761,0.06830527499550954
WTM-NN,440,nn,80.9,0.20092368600307964,0.0677702329994645
WTM-NN,441,nn,80.92,0.20127119100652635,0.06807449999905657
WTM-NN,442,nn,80.64,0.20143975800601766,0.06861406299867667
WTM-NN,443,nn,80.83,0.26092051999876276,0.06749621799099259
WTM-NN,444,nn,80.88,0.2041395569976885,0.06772625898884144
WTM-NN,445,nn,80.69,0.1951412010093918,0.06723750100354664
WTM-NN,446,nn,80.74,0.1961155199969653,0.06722322899440769
WTM-NN,447,nn,80.66,0.25287064899748657,0.0673086129972944
WTM-NN,448,nn,80.9,0.19522001600125805,0.06863248199806549
WTM-NN,449,nn,80.73,0.20369014900643378,0.06883217800350394
WTM-NN,450,nn,80.74,0.1973693650070345,0.06993184400198516
WTM-NN,451,nn,80.77,0.20255913300206885,0.06693196301057469
WTM-NN,452,nn,80.73,0.24824770100531168,0.06720810300612357
WTM-NN,453,nn,80.81,0.19620668899733573,0.0690106289985124
WTM-NN,454,nn,80.78,0.1994135940039996,0.06672953598899767
WTM-NN,455,nn,80.83,0.1986303779995069,0.06854106500395574
WTM-NN,456,nn,80.80000000000001,0.24681134799902793,0.06739916100923438
WTM-NN,457,nn,81.03,0.19538190099410713,0.06816439099202398
WTM-NN,458,nn,80.67999999999999,0.19465530199522618,0.06741115899058059
WTM-NN,459,nn,80.63,0.19947559099819046,0.06770153000252321
WTM-NN,460,nn,80.71000000000001,0.24502123500860762,0.06886804699024651
WTM-NN,461,nn,80.67,0.19495377299608663,0.06660549399384763
WTM-NN,462,nn,80.81,0.20353084099770058,0.06865264500083867
WTM-NN,463,nn,80.66,0.2136574120086152,0.06800457999634091
WTM-NN,464,nn,80.75,0.2705896039988147,0.06858217500848696
WTM-NN,465,nn,80.66,0.21329736700863577,0.06818977200600784
WTM-NN,466,nn,80.99,0.19729358100448735,0.06744179800443817
WTM-NN,467,nn,80.82000000000001,0.1960551030060742,0.06816990500374231
WTM-NN,468,nn,80.83,0.19596525600354653,0.06809453999449033
WTM-NN,469,nn,80.60000000000001,0.2732409970049048,0.06791862499085255
WTM-NN,470,nn,80.89,0.19479203000082634,0.06843293800193351
WTM-NN,471,nn,80.75,0.19531298500078265,0.06908892700448632
WTM-NN,472,nn,80.66,0.19487645600747783,0.06845045299269259
WTM-NN,473,nn,80.80000000000001,0.2485602579981787,0.06876576699141879
WTM-NN,474,nn,80.66,0.19550206999701913,0.06690816799527965
WTM-NN,475,nn,80.81,0.19526582000253256,0.06858600200212095
WTM-NN,476,nn,80.73,0.19729221699526533,0.06922904500970617
WTM-NN,477,nn,80.65,0.24979299400001764,0.06886227600625716
WTM-NN,478,nn,80.97999999999999,0.19565870700171217,0.06671168500906788
WTM-NN,479,nn,80.86,0.19444461299281102,0.06685680399823468
WTM-NN,480,nn,80.87,0.20014323700161185,0.06416417298896704
WTM-NN,481,nn,80.83,0.20302354700106662,0.06870201100537088
WTM-NN,482,nn,80.88,0.24777222400007304,0.06722929600800853
WTM-NN,483,nn,80.77,0.1958511080010794,0.06857382399903145
WTM-NN,484,nn,80.81,0.20162610399711411,0.06819283700315282
WTM-NN,485,nn,80.69,0.19522302600671537,0.06839220099209342
WTM-NN,486,nn,80.86,0.246854199009249,0.0685772199940402
WTM-NN,487,nn,80.69,0.19724135199794546,0.06743058399297297
WTM-NN,488,nn,80.74,0.2056870969972806,0.06732208399625961
WTM-NN,489,nn,80.82000000000001,0.21924438499263488,0.06803496200882364
WTM-NN,490,nn,80.83,0.26001284399535507,0.06735178199596703
WTM-NN,491,nn,80.69,0.20170338999014348,0.06815525000274647
WTM-NN,492,nn,80.84,0.21728978400642518,0.06917603200417943
WTM-NN,493,nn,80.84,0.20921317400643602,0.06633303700073157
WTM-NN,494,nn,80.75,0.2643532090005465,0.06816624299972318
WTM-NN,495,nn,80.84,0.21854701200209092,0.06858184399607126
WTM-NN,496,nn,80.84,0.2181644679949386,0.06754301198816393
WTM-NN,497,nn,80.77,0.20829648700600956,0.065293773994199
WTM-NN,498,nn,80.72,0.21785979099513497,0.06850156499422155
WTM-NN,499,nn,80.67999999999999,0.27288773900363594,0.06671851000282913
WTM-NN,500,nn,80.78,0.21959724300540984,0.06807819900859613
UTM-NN,1,tm,64.62,0.6354496779968031,0.06889634700200986
UTM-NN,2,tm,66.2,0.587464929005364,0.07287501900282223
UTM-NN,3,tm,66.18,0.5846634689951316,0.07091679600125644
UTM-NN,4,tm,66.63,0.5760981780040311,0.07099575499887578
UTM-NN,5,tm,66.75999999999999,0.5680961170000955,0.07317559799412265
UTM-NN,6,tm,67.14,0.5652275500033284,0.07210103700344916
UTM-NN,7,tm,66.59,0.5715585290017771,0.07020290799846407
UTM-NN,8,tm,67.15,0.5795080340030836,0.07132897700648755
UTM-NN,9,tm,67.30000000000001,0.5639190819929354,0.07095993400434963
UTM-NN,10,tm,67.34,0.5557496560068103,0.0707312550075585
UTM-NN,11,tm,67.17999999999999,0.5623644619918196,0.07527691600262187
UTM-NN,12,tm,66.66,0.5613614589965437,0.0738542850012891
UTM-NN,13,tm,66.99000000000001,0.5647304240119411,0.07581198500702158
UTM-NN,14,tm,66.92,0.5604294100048719,0.07197408701176755
UTM-NN,15,tm,67.46,0.5594736350030871,0.07426659499469679
UTM-NN,16,tm,67.36,0.5570723889977671,0.0699556610052241
UTM-NN,17,tm,67.35,0.5635122620005859,0.06899834000796545
UTM-NN,18,tm,66.97999999999999,0.5577395419968525,0.07038307598850224
UTM-NN,19,tm,67.29,0.5685977179964539,0.07077715000195894
UTM-NN,20,tm,67.42,0.5489770480053267,0.07104559999424964
UTM-NN,21,tm,67.47,0.5539213360025315,0.07221949100494385
UTM-NN,22,tm,67.53,0.5556077779910993,0.0721829969988903
UTM-NN,23,tm,67.7,0.5553320149920182,0.07155376099399291
UTM-NN,24,tm,67.78999999999999,0.5569514849921688,0.07377264399838168
UTM-NN,25,tm,67.61,0.5473882619990036,0.07419767499959562
UTM-NN,26,tm,68.04,0.5678340909944382,0.0726621320063714
UTM-NN,27,tm,67.80000000000001,0.5510197279945714,0.07183826799155213
UTM-NN,28,tm,67.65,0.5717824840103276,0.07386967800266575
UTM-NN,29,tm,66.96,0.5697760860057315,0.072394484988763
UTM-NN,30,tm,67.4,0.5664646229997743,0.07124362098693382
UTM-NN,31,tm,67.44,0.5578015610080911,0.07278751600824762
UTM-NN,32,tm,67.55,0.5212226400035433,0.07020024000667036
UTM-NN,33,tm,67.67999999999999,0.5416971939994255,0.07330471700697672
UTM-NN,34,tm,68.25,0.5559951650066068,0.07150895900849719
UTM-NN,35,tm,67.99,0.5587034820055123,0.07505545199092012
UTM-NN,36,tm,67.83,0.5606719409988727,0.07276412501232699
UTM-NN,37,tm,67.52,0.5572373920003884,0.07260172499809414
UTM-NN,38,tm,67.62,0.5618214860005537,0.07337407898739912
UTM-NN,39,tm,67.81,0.5609719649946783,0.07242668700928334
UTM-NN,40,tm,67.84,0.5584874449996278,0.07253212200885173
UTM-NN,41,tm,67.77,0.5518410890072118,0.07363940999493934
UTM-NN,42,tm,67.94,0.5553593100048602,0.0710599840094801
UTM-NN,43,tm,67.53,0.5510334459977457,0.07207567199657205
UTM-NN,44,tm,67.88,0.550932547004777,0.0704982099996414
UTM-NN,45,tm,67.80000000000001,0.55177529300272,0.07223461799731012
UTM-NN,46,tm,67.29,0.5710993999964558,0.07363900599011686
UTM-NN,47,tm,67.58,0.5591160229960224,0.07237033799174242
UTM-NN,48,tm,67.86999999999999,0.5521998080075718,0.0736592839966761
UTM-NN,49,tm,67.97999999999999,0.5689658409974072,0.07199418800882995
UTM-NN,50,tm,67.74,0.5555171930027427,0.07100325801002327
UTM-NN,51,tm,68.26,0.5522569190070499,0.07238864099781495
UTM-NN,52,tm,67.93,0.5567880070011597,0.0725706499943044
UTM-NN,53,tm,67.84,0.5503840550081804,0.07018455299839843
UTM-NN,54,tm,67.82000000000001,0.5630754449957749,0.07277429700479843
UTM-NN,55,tm,68.23,0.5492855399934342,0.06984376900072675
UTM-NN,56,tm,67.83,0.5086799399869051,0.07224814700020943
UTM-NN,57,tm,67.47999999999999,0.5507467510033166,0.07251928100595251
UTM-NN,58,tm,67.85,0.5577253770024981,0.07030381300137378
UTM-NN,59,tm,67.86999999999999,0.5583781940076733,0.0707310529978713
UTM-NN,60,tm,68.42,0.5550553070061142,0.07152156200027093
UTM-NN,61,tm,67.99,0.5538827870041132,0.07418723800219595
UTM-NN,62,tm,67.99,0.5567286360019352,0.07347809799830429
UTM-NN,63,tm,67.77,0.5617551940085832,0.07050937700842042
UTM-NN,64,tm,68.22,0.5712488080025651,0.07231142801174428
UTM-NN,65,tm,67.62,0.5544175459945109,0.07112801300536375
UTM-NN,66,tm,68.08,0.5427313200052595,0.0720514050044585
UTM-NN,67,tm,68.08,0.5539053160027834,0.06923976899997797
UTM-NN,68,tm,68.17,0.5453342179971514,0.07158734499535058
UTM-NN,69,tm,68.11,0.5501119220134569,0.06842113600578159
UTM-NN,70,tm,68.11,0.5510986700101057,0.07099560499773361
UTM-NN,71,tm,68.24,0.5327667059900705,0.07261879699944984
UTM-NN,72,tm,68.13,0.5575141269946471,0.07220798000344075
UTM-NN,73,tm,68.28,0.5567766040039714,0.07902436099539045
UTM-NN,74,tm,67.97,0.5589930829883087,0.07210402700002305
UTM-NN,75,tm,68.01,0.5299784770031692,0.07397483300883323
UTM-NN,76,tm,67.61,0.5608587659953628,0.07318189399666153
UTM-NN,77,tm,67.49000000000001,0.5597969689988531,0.07090481498744339
UTM-NN,78,tm,67.31,0.5539386279997416,0.07016582699725404
UTM-NN,79,tm,67.7,0.5291240850056056,0.07102949800901115
UTM-NN,80,tm,67.88,0.5591363929997897,0.07106361899059266
UTM-NN,81,tm,67.82000000000001,0.5538639549922664,0.07682068200665526
UTM-NN,82,tm,67.63,0.5577227329922607,0.07150030799675733
UTM-NN,83,tm,67.69,0.5511489509954117,0.07574014300189447
UTM-NN,84,tm,68.14,0.5600872770010028,0.07362410299538169
UTM-NN,85,tm,68.02,0.5610314859950449,0.07353959300962742
UTM-NN,86,tm,67.67999999999999,0.548668645991711,0.07035792300303001
UTM-NN,87,tm,67.82000000000001,0.5575897539965808,0.07204623500001617
UTM-NN,88,tm,68.12,0.5574744579935214,0.07202751199656632
UTM-NN,89,tm,68.30000000000001,0.536424152989639,0.07155640400014818
UTM-NN,90,tm,68.05,0.5560781339881942,0.07350682499236427
UTM-NN,91,tm,68.21000000000001,0.5559894649923081,0.07548105499881785
UTM-NN,92,tm,67.97,0.5445783610048238,0.07100346499646548
UTM-NN,93,tm,67.99,0.5513558700040448,0.073453185003018
UTM-NN,94,tm,67.92,0.548664222995285,0.071316683999612
UTM-NN,95,tm,67.13,0.5478262079996057,0.07310455899278168
UTM-NN,96,tm,67.78999999999999,0.5481295070057968,0.07194971600256395
UTM-NN,97,tm,67.73,0.5477765160030685,0.07215859399002511
UTM-NN,98,tm,67.78999999999999,0.5524374500091653,0.07022115899599157
UTM-NN,99,tm,67.60000000000001,0.5536013039964018,0.07118067098781466
UTM-NN,100,tm,67.72,0.559807555997395,0.0726659809879493
UTM-NN,101,tm,67.88,0.5622533659916371,0.07231824100017548
UTM-NN,102,tm,67.78999999999999,0.5579204679961549,0.07272244300111197
UTM-NN,103,tm,67.88,0.5544933170021977,0.07297418799134903
UTM-NN,104,tm,67.54,0.553866096001002,0.07255522099148948
UTM-NN,105,tm,68.02,0.5634323380072601,0.07283316599205136
UTM-NN,106,tm,67.74,0.5510472899914021,0.0720071630057646
UTM-NN,107,tm,67.72,0.5487968400120735,0.07226032199105248
UTM-NN,108,tm,67.96,0.5573067520017503,0.07091001300432254
UTM-NN,109,tm,67.93,0.5593287119991146,0.07205663299828302
UTM-NN,110,tm,67.66,0.5594011580105871,0.07283484400250018
UTM-NN,111,tm,67.67999999999999,0.5573095389991067,0.07190065100439824
UTM-NN,112,tm,67.69,0.5510801950003952,0.07374437000544276
UTM-NN,113,tm,67.35,0.5635879790061153,0.07414294300542679
UTM-NN,114,tm,67.86,0.5624280890042428,0.08014091299264692
UTM-NN,115,tm,67.92,0.5493218789924867,0.07776963101059664
UTM-NN,116,tm,68.51,0.5583477199979825,0.072548812997411
UTM-NN,117,tm,68.37,0.5632399359892588,0.07133746899489779
UTM-NN,118,tm,68.10000000000001,0.5566416899964679,0.0727256079990184
UTM-NN,119,tm,68.03,0.5499142680055229,0.07793637400027364
UTM-NN,120,tm,68.17999999999999,0.5493544509954518,0.07227021901053376
UTM-NN,121,tm,67.97,0.5478779699915322,0.07268420299806166
UTM-NN,122,tm,68.08,0.5508760820084717,0.07306206700741313
UTM-NN,123,tm,67.82000000000001,0.5483074430085253,0.07316086899663787
UTM-NN,124,tm,67.89,0.5551479919959093,0.073068718003924
UTM-NN,125,tm,68.04,0.5641504150116816,0.07316064299084246
UTM-NN,126,tm,68.19,0.552897881003446,0.07142289500916377
UTM-NN,127,tm,67.9,0.5536719750089105,0.0762424410058884
UTM-NN,128,tm,67.86999999999999,0.55485225499433,0.07165220699971542
UTM-NN,129,tm,67.9,0.5498659639997641,0.07210670900531113
UTM-NN,130,tm,67.94,0.5563727480039233,0.07191954601148609
UTM-NN,131,tm,68.08999999999999,0.5507838009943953,0.07322772599582095
UTM-NN,132,tm,67.77,0.5656284620054066,0.07357623500865884
UTM-NN,133,tm,67.66,0.5598454869905254,0.07124748200294562
UTM-NN,134,tm,67.61,0.5636376650072634,0.07299999899987597
UTM-NN,135,tm,68.04,0.5595526700053597,0.07140452999738045
UTM-NN,136,tm,68.03,0.5529636900027981,0.07322360201214906
UTM-NN,137,tm,68.2,0.5573364289884921,0.07394019200000912
UTM-NN,138,tm,68.05,0.5666796470031841,0.07216761801100802
UTM-NN,139,tm,67.75,0.5471345980040496,0.07269973399525043
UTM-NN,140,tm,68.11,0.5585581279883627,0.07294417200319003
UTM-NN,141,tm,68.06,0.5589820379973389,0.0745091249991674
UTM-NN,142,tm,67.65,0.5596933919878211,0.07897918800881598
UTM-NN,143,tm,68.15,0.5643241340003442,0.07369764300528914
UTM-NN,144,tm,68.11,0.554079630994238,0.07183972900384106
UTM-NN,145,tm,68.13,0.563436709009693,0.07359560299664736
UTM-NN,146,tm,68.02,0.5451019559986889,0.07174778099579271
UTM-NN,147,tm,67.89,0.5539986030053115,0.07232045300770551
UTM-NN,148,tm,68.13,0.5630568040069193,0.07183429700671695
UTM-NN,149,tm,67.72,0.5447735810012091,0.07191990800492931
UTM-NN,150,tm,67.84,0.5584532339998987,0.07405747199663892
UTM-NN,151,nn,70.27,0.20954376499867067,0.07427776299300604
UTM-NN,152,nn,70.95,0.20016707199101802,0.0738418209948577
UTM-NN,153,nn,71.03,0.2549798370018834,0.07327934600471053
UTM-NN,154,nn,71.25,0.22187408000172582,0.07322842499706894
UTM-NN,155,nn,71.37,0.218265549003263,0.07449932700546924
UTM-NN,156,nn,71.39999999999999,0.20047618099488318,0.0736819169978844
UTM-NN,157,nn,71.52,0.21322964499995578,0.07526520399551373
UTM-NN,158,nn,71.56,0.26781506299448665,0.07484276600007433
UTM-NN,159,nn,71.48,0.2120206180115929,0.07481437400565483
UTM-NN,160,nn,71.44,0.2070666419895133,0.07417579900356941
UTM-NN,161,nn,71.41999999999999,0.2161043499945663,0.07319844400626607
UTM-NN,162,nn,71.41,0.26735650400223676,0.07479201299429405
UTM-NN,163,nn,71.43,0.20144861399603542,0.07354515299084596
UTM-NN,164,nn,71.49,0.21476442899438553,0.07391677700798027
UTM-NN,165,nn,71.5,0.21894662200065795,0.07418509900162462
UTM-NN,166,nn,71.52,0.257981597998878,0.07435530998918694
UTM-NN,167,nn,71.45,0.21523793500091415,0.07109275000402704
UTM-NN,168,nn,71.53,0.20431766600813717,0.07270602500648238
UTM-NN,169,nn,71.52,0.20089454599656165,0.07446943200193346
UTM-NN,170,nn,71.54,0.20259047999570612,0.07314467000833247
UTM-NN,171,nn,71.5,0.24677082999551203,0.07206831200164743
UTM-NN,172,nn,71.64,0.19459888999699615,0.07454719200904947
UTM-NN,173,nn,71.67999999999999,0.19868053900427185,0.07466085199848749
UTM-NN,174,nn,71.50999999999999,0.19868477499403525,0.07483301700267475
UTM-NN,175,nn,71.48,0.24552614800632,0.07281429300201125
UTM-NN,176,nn,71.5,0.19804090999241453,0.0755140749970451
UTM-NN,177,nn,71.53,0.19772190299408976,0.0735022389999358
UTM-NN,178,nn,71.58,0.19568860599247273,0.07447173199034296
UTM-NN,179,nn,71.58,0.24524932498752605,0.0734742409986211
UTM-NN,180,nn,71.58,0.19919788000697736,0.07339192400104366
UTM-NN,181,nn,71.57,0.19638507299532648,0.07354692999797408
UTM-NN,182,nn,71.61999999999999,0.196207086002687,0.0738323319965275
UTM-NN,183,nn,71.59,0.2471637350099627,0.07465268699161243
UTM-NN,184,nn,71.55,0.2027527179889148,0.07423745001142379
UTM-NN,185,nn,71.55,0.1950102910050191,0.075587639992591
UTM-NN,186,nn,71.50999999999999,0.19507350199273787,0.0735738570074318
UTM-NN,187,nn,71.61,0.19609685300383717,0.07318809900607448
UTM-NN,188,nn,71.59,0.24631314100406598,0.07314641799894162
UTM-NN,189,nn,71.61999999999999,0.19939603100647219,0.07252764399163425
UTM-NN,190,nn,71.45,0.19789594900794327,0.0721830959955696
UTM-NN,191,nn,71.61999999999999,0.20457694500510115,0.07574629598821048
UTM-NN,192,nn,71.52,0.24525851600628812,0.07412087000557221
UTM-NN,193,nn,71.53,0.20142485899850726,0.07352723300573416
UTM-NN,194,nn,71.58,0.19856919899757486,0.07152853898878675
UTM-NN,195,nn,71.35000000000001,0.19600429500860628,0.07209210499422625
UTM-NN,196,nn,71.71,0.25387142499675974,0.07304494999698363
UTM-NN,197,nn,71.49,0.1959756069991272,0.0720347439928446
UTM-NN,198,nn,71.45,0.1979878839920275,0.07449664500018116
UTM-NN,199,nn,71.6,0.19665644499764312,0.07349100500869099
UTM-NN,200,nn,71.53,0.19636205499409698,0.07166731100005563
UTM-NN,201,nn,71.67,0.24820292899676133,0.07487429399043322
UTM-NN,202,nn,71.53,0.19620365899754688,0.07194339299167041
UTM-NN,203,nn,71.52,0.20050612700288184,0.07336153299547732
UTM-NN,204,nn,71.65,0.19490966200828552,0.07376190599461552
UTM-NN,205,nn,71.43,0.24899500599713065,0.07242151400714647
UTM-NN,206,nn,71.59,0.1949255740037188,0.07307520900212694
UTM-NN,207,nn,71.59,0.19516716500220355,0.07261042800382711
UTM-NN,208,nn,71.59,0.19632325999555178,0.0717922420008108
UTM-NN,209,nn,71.39,0.2474216830014484,0.0716213000123389
UTM-NN,210,nn,71.53,0.19541351000953,0.07392584798799362
UTM-NN,211,nn,71.57,0.1966583440080285,0.07158246698963922
UTM-NN,212,nn,71.46000000000001,0.19925351900747046,0.07139199299854226
UTM-NN,213,nn,71.53,0.2452243029983947,0.07460861299477983
UTM-NN,214,nn,71.67999999999999,0.19562334699730854,0.07401145700714551
UTM-NN,215,nn,71.57,0.19909295199613553,0.07301168699632399
UTM-NN,216,nn,71.59,0.19669091700052377,0.07378066700766794
UTM-NN,217,nn,71.53,0.1960407629958354,0.07349180799792521
UTM-NN,218,nn,71.61,0.25514358199143317,0.07236863300204277
UTM-NN,219,nn,71.53,0.19751964301394764,0.07433517200115602
UTM-NN,220,nn,71.50999999999999,0.19563251099316403,0.07026151999889407
UTM-NN,221,nn,71.59,0.19484266400104389,0.07221211100113578
UTM-NN,222,nn,71.64,0.24568134000583086,0.07366976600314956
UTM-NN,223,nn,71.56,0.19724128900270443,0.07305405699298717
UTM-NN,224,nn,71.56,0.19526248300098814,0.07150188600644469
UTM-NN,225,nn,71.55,0.19762327399803326,0.07397248600318562
UTM-NN,226,nn,71.56,0.24663585299276747,0.07519451499683782
UTM-NN,227,nn,71.53,0.19884814499528147,0.07322595600271598
UTM-NN,228,nn,71.56,0.19481597300909925,0.07400018400221597
UTM-NN,229,nn,71.57,0.19593990000430495,0.07537427800707519
UTM-NN,230,nn,71.52,0.2004224630072713,0.075173935998464
UTM-NN,231,nn,71.49,0.27222417600569315,0.07363573100883514
UTM-NN,232,nn,71.55,0.2151657909998903,0.0763399259885773
UTM-NN,233,nn,71.52,0.21593504000338726,0.07416646700585261
UTM-NN,234,nn,71.46000000000001,0.21654963100445457,0.07256366599176545
UTM-NN,235,nn,71.58,0.24584851998952217,0.07240082499629352
UTM-NN,236,nn,71.64,0.19938443599676248,0.07300405600108206
UTM-NN,237,nn,71.61999999999999,0.19659794100152794,0.07283961799112149
UTM-NN,238,nn,71.52,0.19708997299312614,0.07285902199510019
UTM-NN,239,nn,71.49,0.24819059899891727,0.07640068299951963
UTM-NN,240,nn,71.61,0.1960898149991408,0.07520394198945723
UTM-NN,241,nn,71.58,0.19697463800548576,0.07589853800891433
UTM-NN,242,nn,71.53,0.1956916880008066,0.07640606201312039
UTM-NN,243,nn,71.5,0.24791769500006922,0.07330323199857958
UTM-NN,244,nn,71.49,0.19740419299341738,0.07424190000165254
UTM-NN,245,nn,71.61,0.19442820899712387,0.07499311599531211
UTM-NN,246,nn,71.45,0.1976719849917572,0.076136592993862
UTM-NN,247,nn,71.59,0.20234339899616316,0.07494754999061115
UTM-NN,248,nn,71.53,0.2460136880108621,0.07526780500484165
UTM-NN,249,nn,71.52,0.19599163900420535,0.07305905300017912
UTM-NN,250,nn,71.61999999999999,0.19715533299313392,0.07512648600095417
UTM-NN,251,nn,71.59,0.19705074199009687,0.07450953200168442
UTM-NN,252,nn,71.52,0.24613038699317258,0.07344741800625343
UTM-NN,253,nn,71.50999999999999,0.19471071299631149,0.0742087660037214
UTM-NN,254,nn,71.56,0.2012131310038967,0.0734443090041168
UTM-NN,255,nn,71.45,0.19556383599410765,0.07210533898614813
UTM-NN,256,nn,71.50999999999999,0.2460051649977686,0.07088845501129981
UTM-NN,257,nn,71.61999999999999,0.19524367299163714,0.07499080499110278
UTM-NN,258,nn,71.5,0.1963696660095593,0.07180524499563035
UTM-NN,259,nn,71.61999999999999,0.1953195560054155,0.07319195299351122
UTM-NN,260,nn,71.52,0.24581593699986115,0.07375697800307535
UTM-NN,261,nn,71.48,0.19986499000515323,0.07384555599128362
UTM-NN,262,nn,71.59,0.19908012100495398,0.07057949299633037
UTM-NN,263,nn,71.48,0.20119407199672423,0.0736035890004132
UTM-NN,264,nn,71.49,0.20213230900117196,0.07313811799394898
UTM-NN,265,nn,71.61999999999999,0.26161531900288537,0.07340404599381145
UTM-NN,266,nn,71.54,0.19505758599552792,0.07416839701181743
UTM-NN,267,nn,71.50999999999999,0.19632313099282328,0.07412596099311486
UTM-NN,268,nn,71.44,0.19766227599757258,0.07278407699777745
UTM-NN,269,nn,71.61999999999999,0.2653642789955484,0.07575381800415926
UTM-NN,270,nn,71.65,0.1948814250063151,0.07144342899846379
UTM-NN,271,nn,71.52,0.19549415601068176,0.0740365570090944
UTM-NN,272,nn,71.57,0.19654256300418638,0.07352972000080626
UTM-NN,273,nn,71.56,0.24560279099387117,0.07167501701042056
UTM-NN,274,nn,71.61,0.19548125799337868,0.07232750600087456
UTM-NN,275,nn,71.54,0.1992029319953872,0.0730361099995207
UTM-NN,276,nn,71.61,0.21284466699580662,0.07336583599681035
UTM-NN,277,nn,71.46000000000001,0.24674671501270495,0.07342438399791718
UTM-NN,278,nn,71.56,0.1948322050011484,0.07256260399299208
UTM-NN,279,nn,71.58,0.1955410279915668,0.07364429900189862
UTM-NN,280,nn,71.49,0.19591245900664944,0.07313854999665637
UTM-NN,281,nn,71.55,0.1949110019922955,0.07359027799975593
UTM-NN,282,nn,71.54,0.25239520298782736,0.07270231799338944
UTM-NN,283,nn,71.53,0.19971969600010198,0.07207675300014671
UTM-NN,284,nn,71.63000000000001,0.19549820199608803,0.07379791000857949
UTM-NN,285,nn,71.49,0.19548254099208862,0.0742730400088476
UTM-NN,286,nn,71.50999999999999,0.24647020699921995,0.07382556599623058
UTM-NN,287,nn,71.52,0.2071705389971612,0.0741230359999463
UTM-NN,288,nn,71.56,0.20998642599442974,0.07347296799707692
UTM-NN,289,nn,71.5,0.19947047800815199,0.07325129200762603
UTM-NN,290,nn,71.63000000000001,0.26463732299453113,0.07411107499501668
UTM-NN,291,nn,71.56,0.21804461200372316,0.07273491700470913
UTM-NN,292,nn,71.54,0.22082603300805204,0.07390289100294467
UTM-NN,293,nn,71.6,0.21103083500929642,0.07365628200932406
UTM-NN,294,nn,71.46000000000001,0.2011868580011651,0.07159040200349409
UTM-NN,295,nn,71.50999999999999,0.2525050409894902,0.07251159899169579
UTM-NN,296,nn,71.58,0.20463129399286117,0.07337841400294565
UTM-NN,297,nn,71.47,0.20379942499857862,0.07322408100299072
UTM-NN,298,nn,71.67,0.19932609899842646,0.0729511370009277
UTM-NN,299,nn,71.58,0.27270736001082696,0.07383696899341885
UTM-NN,300,nn,71.53,0.20667107999906875,0.07515513100952376
UTM-NN,301,nn,71.36,0.2121188710007118,0.07337250899581704
UTM-NN,302,nn,71.46000000000001,0.20455853300518356,0.07286808599019423
UTM-NN,303,nn,71.50999999999999,0.27131190200452693,0.07389423600398004
UTM-NN,304,nn,71.48,0.21097067699884064,0.07189744699280709
UTM-NN,305,nn,71.61999999999999,0.19337956699018832,0.07367312299902551
UTM-NN,306,nn,71.55,0.19652070400479715,0.07254963800369296
UTM-NN,307,nn,71.50999999999999,0.24752917799924035,0.07179478400212247
UTM-NN,308,nn,71.48,0.1952638719958486,0.071960750996368
UTM-NN,309,nn,71.57,0.19675806400482543,0.07575731301039923
UTM-NN,310,nn,71.5,0.1953808010002831,0.07183032399916556
UTM-NN,311,nn,71.63000000000001,0.19653164500778075,0.07243408399517648
UTM-NN,312,nn,71.39,0.27239674000884406,0.07132192900462542
UTM-NN,313,nn,71.57,0.20101159100886434,0.07356985300430097
UTM-NN,314,nn,71.59,0.20402099700004328,0.07451646198751405
UTM-NN,315,nn,71.63000000000001,0.19156368299445603,0.07308050700521562
UTM-NN,316,nn,71.63000000000001,0.2591817039938178,0.0735564839997096
UTM-NN,317,nn,71.63000000000001,0.201782488002209,0.07193299700156786
UTM-NN,318,nn,71.5,0.19663187098922208,0.07553204799478408
UTM-NN,319,nn,71.44,0.1980639209941728,0.07164786399516743
UTM-NN,320,nn,71.73,0.27408508300140966,0.07226312000420876
UTM-NN,321,nn,71.63000000000001,0.19720670899550896,0.07320217399683315
UTM-NN,322,nn,71.52,0.20220238699403126,0.07328818600217346
UTM-NN,323,nn,71.6,0.19641939199937042,0.07146096299402416
UTM-NN,324,nn,71.55,0.19349102000705898,0.07290493899199646
UTM-NN,325,nn,71.52,0.27401101899158675,0.07332237799710128
UTM-NN,326,nn,71.50999999999999,0.1991091070085531,0.07133014299324714
UTM-NN,327,nn,71.55,0.21119466901291162,0.0706239740102319
UTM-NN,328,nn,71.59,0.20577374901040457,0.07293855400348548
UTM-NN,329,nn,71.59,0.26042756500828546,0.07203623700479511
UTM-NN,330,nn,71.53,0.21877599800063763,0.0734387050033547
UTM-NN,331,nn,71.59,0.19508201399003156,0.07458089401188772
UTM-NN,332,nn,71.61999999999999,0.19825471700460184,0.07409903900406789
UTM-NN,333,nn,71.46000000000001,0.25187984500371385,0.07455852300336119
UTM-NN,334,nn,71.57,0.19581153499893844,0.07251479700789787
UTM-NN,335,nn,71.44,0.20075536699732766,0.07370858799549751
UTM-NN,336,nn,71.67,0.22012543499295134,0.07448606300749816
UTM-NN,337,nn,71.57,0.267141377000371,0.0755529580055736
UTM-NN,338,nn,71.57,0.21330149300047196,0.073028840997722
UTM-NN,339,nn,71.58,0.19754344200191554,0.07417330199677963
UTM-NN,340,nn,71.52,0.21338126600312535,0.07387003499025013
UTM-NN,341,nn,71.65,0.21989110199501738,0.07519975499599241
UTM-NN,342,nn,71.58,0.2663797849963885,0.07061121200968046
UTM-NN,343,nn,71.6,0.19599775700771715,0.07268390100216493
UTM-NN,344,nn,71.66,0.21534033100761008,0.07370547199388966
UTM-NN,345,nn,71.54,0.20993219601223245,0.07343854699865915
UTM-NN,346,nn,71.58,0.26739444899430964,0.07278901399695314
UTM-NN,347,nn,71.56,0.20403762099158484,0.07292002000031061
UTM-NN,348,nn,71.50999999999999,0.2170144080009777,0.07521467300830409
UTM-NN,349,nn,71.57,0.20352223500958644,0.07318018600926735
UTM-NN,350,nn,71.55,0.24679995299084112,0.07196691200078931
UTM-NN,351,nn,71.61999999999999,0.22167817999434192,0.07328744899132289
UTM-NN,352,nn,71.6,0.1959556439978769,0.07042571100464556
UTM-NN,353,nn,71.56,0.19633341100416146,0.07470125600229949
UTM-NN,354,nn,71.43,0.20865118100482505,0.07411016899277456
UTM-NN,355,nn,71.59,0.24415160599164665,0.07434451300650835
UTM-NN,356,nn,71.61,0.2180715460126521,0.07312158000422642
UTM-NN,357,nn,71.5,0.21585111100284848,0.07206731999758631
UTM-NN,358,nn,71.46000000000001,0.21844367501034867,0.07311626900627743
UTM-NN,359,nn,71.55,0.2518746040004771,0.07165791399893351
UTM-NN,360,nn,71.57,0.19536524199065752,0.07480947699514218
UTM-NN,361,nn,71.41999999999999,0.19987076500547118,0.07084830901294481
UTM-NN,362,nn,71.49,0.19644913299998734,0.07313725100539159
UTM-NN,363,nn,71.6,0.2546242000098573,0.07375757800764404
UTM-NN,364,nn,71.57,0.19750588700117078,0.07312535100209061
UTM-NN,365,nn,71.66,0.19516141500207596,0.07234789099311456
UTM-NN,366,nn,71.43,0.19652072299504653,0.07365636699250899
UTM-NN,367,nn,71.50999999999999,0.24892729400016833,0.07172093998815399
UTM-NN,368,nn,71.50999999999999,0.20084852099535055,0.0738615820009727
UTM-NN,369,nn,71.53,0.1959048429998802,0.0724186839943286
UTM-NN,370,nn,71.52,0.19526558701181784,0.07521076899138279
UTM-NN,371,nn,71.61,0.19530771400604863,0.0735137370065786
UTM-NN,372,nn,71.52,0.26948372399783693,0.07328232399595436
UTM-NN,373,nn,71.6,0.2022789299953729,0.0715881820069626
UTM-NN,374,nn,71.53,0.2005606250022538,0.07252535400039051
UTM-NN,375,nn,71.59,0.21793369299848564,0.07467985000403132
UTM-NN,376,nn,71.54,0.2703023889916949,0.07199572201352566
UTM-NN,377,nn,71.5,0.21773084900632966,0.07145622000098228
UTM-NN,378,nn,71.55,0.21752052100782748,0.0754418069991516
UTM-NN,379,nn,71.59,0.19561858801171184,0.07456116800312884
UTM-NN,380,nn,71.48,0.2574866600043606,0.07385336699371692
UTM-NN,381,nn,71.5,0.2188065509981243,0.07363454101141542
UTM-NN,382,nn,71.66,0.21817420700972434,0.07333794700389262
UTM-NN,383,nn,71.47,0.20085724999080412,0.07359035800618585
UTM-NN,384,nn,71.54,0.20152520699775778,0.07360847700329032
UTM-NN,385,nn,71.52,0.25555519699992146,0.07270735199563205
UTM-NN,386,nn,71.58,0.20141740699182265,0.07316833299410064
UTM-NN,387,nn,71.45,0.20731907300068997,0.07264430899522267
UTM-NN,388,nn,71.50999999999999,0.194136799997068,0.07197078398894519
UTM-NN,389,nn,71.55,0.2564635900052963,0.0730189110036008
UTM-NN,390,nn,71.53,0.19904757199401502,0.0730222819984192
UTM-NN,391,nn,71.58,0.1953277909924509,0.07303404799313284
UTM-NN,392,nn,71.58,0.19622547600010876,0.07236370899772737
UTM-NN,393,nn,71.5,0.24893887600046583,0.07564584699866828
UTM-NN,394,nn,71.50999999999999,0.1952674320054939,0.07394002100045327
UTM-NN,395,nn,71.56,0.19486352500098292,0.0713810010056477
UTM-NN,396,nn,71.56,0.19483322599262465,0.0733538829954341
UTM-NN,397,nn,71.61,0.25235396399511956,0.07219578098738566
UTM-NN,398,nn,71.56,0.19660578700131737,0.07342546099971514
UTM-NN,399,nn,71.50999999999999,0.19479505100753158,0.07338731100026052
UTM-NN,400,nn,71.5,0.19620880400179885,0.07344013200781774
UTM-NN,401,nn,71.54,0.19734517000324558,0.07290650600043591
UTM-NN,402,nn,71.45,0.2528637509967666,0.07069682699511759
UTM-NN,403,nn,71.61999999999999,0.199545028997818,0.07429376800428145
UTM-NN,404,nn,71.67,0.2011484289978398,0.07168919399555307
UTM-NN,405,nn,71.59,0.19652406199020334,0.07204850399284624
UTM-NN,406,nn,71.56,0.2462952909991145,0.07283472300332505
UTM-NN,407,nn,71.59,0.19586737800273113,0.07262697600526735
UTM-NN,408,nn,71.5,0.1970803580043139,0.0719690050027566
UTM-NN,409,nn,71.50999999999999,0.19537970300007146,0.07300761899386998
UTM-NN,410,nn,71.6,0.24721481700544246,0.07372981500520837
UTM-NN,411,nn,71.56,0.19920219799678307,0.07489785600046162
UTM-NN,412,nn,71.48,0.2144998310104711,0.07219340599840507
UTM-NN,413,nn,71.45,0.20459458499681205,0.0731414979964029
UTM-NN,414,nn,71.55,0.2675843789911596,0.07325092201062944
UTM-NN,415,nn,71.58,0.21277916101098526,0.07313162701029796
UTM-NN,416,nn,71.57,0.21550507300707977,0.07336080400273204
UTM-NN,417,nn,71.61999999999999,0.19844028800434899,0.07419509699684568
UTM-NN,418,nn,71.59,0.22007909200328868,0.07363278299453668
UTM-NN,419,nn,71.56,0.2640424260025611,0.07204274801188149
UTM-NN,420,nn,71.55,0.2223863160033943,0.07221606399980374
UTM-NN,421,nn,71.41999999999999,0.20165065000765026,0.07653615300660022
UTM-NN,422,nn,71.59,0.19255763999535702,0.070420888994704
UTM-NN,423,nn,71.5,0.2586628340068273,0.07318350000423379
UTM-NN,424,nn,71.58,0.19803982001030818,0.07387507999374066
UTM-NN,425,nn,71.57,0.203922557993792,0.07317957899067551
UTM-NN,426,nn,71.56,0.19540704699466005,0.07172808099130634
UTM-NN,427,nn,71.69,0.25007721000292804,0.0747652010031743
UTM-NN,428,nn,71.63000000000001,0.1977868100075284,0.07456685500801541
UTM-NN,429,nn,71.56,0.21773821899842005,0.07218985800864175
UTM-NN,430,nn,71.57,0.1960622900078306,0.07252273699850775
UTM-NN,431,nn,71.52,0.2190738220087951,0.07204871400608681
UTM-NN,432,nn,71.48,0.25956736999796703,0.0725048870081082
UTM-NN,433,nn,71.53,0.19752700001117773,0.07528810900112148
UTM-NN,434,nn,71.52,0.19723662499745842,0.07469725399278104
UTM-NN,435,nn,71.52,0.19379136599309277,0.07339594900258817
UTM-NN,436,nn,71.64,0.24681913999665994,0.07379338999453466
UTM-NN,437,nn,71.63000000000001,0.19653945400204975,0.07556184500572272
UTM-NN,438,nn,71.44,0.19594903700635768,0.07401153500541113
UTM-NN,439,nn,71.53,0.20119687500118744,0.0716907369933324
UTM-NN,440,nn,71.5,0.251112596000894,0.07156869400932919
UTM-NN,441,nn,71.50999999999999,0.19914668099954724,0.07187513499229681
UTM-NN,442,nn,71.50999999999999,0.1957313860038994,0.0725751670106547
UTM-NN,443,nn,71.61999999999999,0.19632425099553075,0.0736585720005678
UTM-NN,444,nn,71.44,0.19512962200678885,0.07203566700627562
UTM-NN,445,nn,71.50999999999999,0.24654664799163584,0.07455053499143105
UTM-NN,446,nn,71.48,0.19729854000615887,0.07423475501127541
UTM-NN,447,nn,71.57,0.2020436130114831,0.07368095900164917
UTM-NN,448,nn,71.61999999999999,0.1965925469994545,0.07368548000522424
UTM-NN,449,nn,71.50999999999999,0.246573492011521,0.07194869899831247
UTM-NN,450,nn,71.50999999999999,0.19713383699127007,0.0729432570078643
UTM-NN,451,nn,71.53,0.19464116801100317,0.07374497500131838
UTM-NN,452,nn,71.5,0.1959281080053188,0.07484524500614498
UTM-NN,453,nn,71.6,0.2502779499918688,0.07226053200429305
UTM-NN,454,nn,71.6,0.2062889009976061,0.07329567499982659
UTM-NN,455,nn,71.61999999999999,0.19867040700046346,0.07451705799030606
UTM-NN,456,nn,71.67999999999999,0.19509280400234275,0.07329510001000017
UTM-NN,457,nn,71.58,0.2476382520108018,0.0740852779999841
UTM-NN,458,nn,71.56,0.19451911200303584,0.07290905900299549
UTM-NN,459,nn,71.57,0.19695190399943385,0.07378329799394123
UTM-NN,460,nn,71.58,0.1969495130033465,0.07657073400332592
UTM-NN,461,nn,71.54,0.19651024500490166,0.0727043110091472
UTM-NN,462,nn,71.53,0.24918589599838015,0.0736344030010514
UTM-NN,463,nn,71.57,0.1970653969910927,0.07559618099185172
UTM-NN,464,nn,71.59,0.22029042900248896,0.07255191399599425
UTM-NN,465,nn,71.53,0.21992977599438746,0.07316629300476052
UTM-NN,466,nn,71.46000000000001,0.27038411900866777,0.07358131700311787
UTM-NN,467,nn,71.58,0.20324871700722724,0.075628812002833
UTM-NN,468,nn,71.56,0.21935067400045227,0.07603231800021604
UTM-NN,469,nn,71.57,0.19879217600100674,0.07316500900196843
UTM-NN,470,nn,71.54,0.2721486679947702,0.07192244600446429
UTM-NN,471,nn,71.6,0.19614578199980315,0.07298185500258114
UTM-NN,472,nn,71.52,0.20119804299611133,0.07400017500913236
UTM-NN,473,nn,71.55,0.19545865400868934,0.07266789700952359
UTM-NN,474,nn,71.49,0.20368980900093447,0.07163966400548816
UTM-NN,475,nn,71.66,0.2479481710033724,0.07423038000706583
UTM-NN,476,nn,71.52,0.22166707100404892,0.07357412899727933
UTM-NN,477,nn,71.6,0.20201038300001528,0.07191726300516166
UTM-NN,478,nn,71.55,0.20102029899135232,0.07400207499449607
UTM-NN,479,nn,71.63000000000001,0.27198326800134964,0.07531783801096026
UTM-NN,480,nn,71.45,0.19739535299595445,0.07327209500363097
UTM-NN,481,nn,71.59,0.20691639199503697,0.07375476299785078
UTM-NN,482,nn,71.47,0.19691108200640883,0.07359719400119502
UTM-NN,483,nn,71.57,0.2503523319901433,0.07185471599223092
UTM-NN,484,nn,71.59,0.19667073599703144,0.07457607300602831
UTM-NN,485,nn,71.66,0.19459460300276987,0.0734671980026178
UTM-NN,486,nn,71.35000000000001,0.1951245760137681,0.07469884399324656
UTM-NN,487,nn,71.61999999999999,0.24527238600421697,0.07270530999812763
UTM-NN,488,nn,71.41999999999999,0.1974184709979454,0.0723806309979409
UTM-NN,489,nn,71.53,0.1946003750053933,0.07372274200315587
UTM-NN,490,nn,71.58,0.2031229069980327,0.07359236699994653
UTM-NN,491,nn,71.57,0.19550172999151982,0.07311308999487665
UTM-NN,492,nn,71.43,0.24789932700514328,0.07052642699272837
UTM-NN,493,nn,71.5,0.19588044799456839,0.07378639999660663
UTM-NN,494,nn,71.50999999999999,0.19627247098833323,0.0726135320001049
UTM-NN,495,nn,71.61,0.19929670500278007,0.07502437800576445
UTM-NN,496,nn,71.54,0.24600654300593305,0.0746375610033283
UTM-NN,497,nn,71.65,0.20024459400156047,0.07232513999042567
UTM-NN,498,nn,71.52,0.19954234099714085,0.07196686600218527
UTM-NN,499,nn,71.43,0.20356458199967165,0.07158007701218594
UTM-NN,500,nn,71.65,0.24604149599326774,0.07339967599546071
