method,epoch,model_type,test_accuracy,train_time,test_time
Cyclic,1,tm,60.07,0.47439748399483506,0.06362128300679615
Cyclic,2,tm,66.18,0.42031052100355737,0.06398364900087472
Cyclic,3,tm,64.24,0.39518031300394796,0.0639769410045119
Cyclic,4,tm,63.93,0.37868774999515153,0.06664116300089518
Cyclic,5,tm,67.72,0.37272989800112555,0.06481126599828713
Cyclic,6,tm,69.5,0.37137725399952615,0.0653716219967464
Cyclic,7,tm,65.07,0.36712965900369454,0.06484068300051149
Cyclic,8,tm,69.32000000000001,0.3561986530039576,0.06551579499500804
Cyclic,9,tm,70.58,0.36247865600307705,0.06103724899730878
Cyclic,10,tm,70.13000000000001,0.35180893900542287,0.06613701199967181
Cyclic,11,tm,69.45,0.34628605500620324,0.06577144400216639
Cyclic,12,tm,71.17999999999999,0.34641950700461166,0.06555044600099791
Cyclic,13,tm,69.69999999999999,0.34203586299554445,0.06476778099749936
Cyclic,14,tm,72.17,0.3457108389993664,0.0659576920006657
Cyclic,15,tm,70.87,0.3416078279988142,0.066493217003881
Cyclic,16,tm,73.18,0.3447323430009419,0.06627080799808027
Cyclic,17,tm,70.05,0.3341942580009345,0.06390800400549779
Cyclic,18,tm,70.53,0.3429602440010058,0.06265719299699413
Cyclic,19,tm,71.25,0.33015834300022107,0.06635573999665212
Cyclic,20,tm,72.72999999999999,0.34231140300107654,0.06578483100020094
Cyclic,21,tm,71.6,0.3554788319961517,0.06650265300413594
Cyclic,22,tm,71.75,0.33811700499791186,0.06731516700529028
Cyclic,23,tm,71.78,0.32929954899736913,0.06481337299919687
Cyclic,24,tm,70.66,0.3324060989980353,0.06492389299819479
Cyclic,25,tm,70.47,0.3373092859983444,0.06594220799888717
Cyclic,26,tm,73.42999999999999,0.34075163299712585,0.06532181300281081
Cyclic,27,tm,73.74000000000001,0.33112040500418516,0.06576730900269467
Cyclic,28,tm,71.24000000000001,0.32929850200162036,0.06452573600108735
Cyclic,29,tm,71.82,0.33069104199967114,0.06823190599970985
Cyclic,30,tm,67.72,0.33890410699677886,0.06525379599770531
Cyclic,31,tm,72.33000000000001,0.33301381199999014,0.0649461409993819
Cyclic,32,tm,72.45,0.3330663969973102,0.06641986300382996
Cyclic,33,tm,71.74000000000001,0.3374478010009625,0.06412286900012987
Cyclic,34,tm,70.89999999999999,0.33627649399568327,0.06467755699850386
Cyclic,35,tm,70.57,0.32655305299704196,0.0635066429967992
Cyclic,36,tm,71.21,0.33092976400075713,0.06805387799977325
Cyclic,37,tm,73.48,0.33259862300474197,0.0642418909992557
Cyclic,38,tm,72.85000000000001,0.326310652999382,0.06589637199795106
Cyclic,39,tm,70.65,0.32677505400351947,0.06602959599695168
Cyclic,40,tm,72.44,0.3352002809988335,0.06637524999678135
Cyclic,41,tm,71.6,0.3396118570017279,0.0641048769975896
Cyclic,42,tm,71.13000000000001,0.3183348320017103,0.06413963800150668
Cyclic,43,tm,74.51,0.3267412389977835,0.062020383003982715
Cyclic,44,tm,72.61,0.31769392000569496,0.06609485299850348
Cyclic,45,tm,70.58,0.32376400099747116,0.06554978399799438
Cyclic,46,tm,70.61,0.33070553300058236,0.06491717499739025
Cyclic,47,tm,72.75,0.32525944799999706,0.06544306199793937
Cyclic,48,tm,71.89,0.3396045449990197,0.06535394399543293
Cyclic,49,tm,71.96000000000001,0.332277432004048,0.06691943100304343
Cyclic,50,tm,69.38,0.33603452800161904,0.06626094200328225
Cyclic,51,nn,77.35,0.21597836600267328,0.06827244099986274
Cyclic,52,nn,77.97,0.19218842400005087,0.06829530600225553
Cyclic,53,nn,78.19,0.2548217410003417,0.06787928700214252
Cyclic,54,nn,78.25999999999999,0.20072893000178738,0.06638790699798847
Cyclic,55,nn,78.28,0.1945724289980717,0.06645141199987847
Cyclic,56,nn,78.47,0.22003875500377035,0.0679674260027241
Cyclic,57,nn,78.25999999999999,0.25992523199965945,0.06676072499976726
Cyclic,58,nn,78.48,0.20228599999973085,0.06755996699939715
Cyclic,59,nn,78.64999999999999,0.19754718599870102,0.0691213690006407
Cyclic,60,nn,78.45,0.20645450099982554,0.0667071069983649
Cyclic,61,nn,78.56,0.19679724399611587,0.06872545400256058
Cyclic,62,nn,78.56,0.25075596399983624,0.06836113199824467
Cyclic,63,nn,78.67,0.2034939909935929,0.06722241500392556
Cyclic,64,nn,78.64,0.20334942699992098,0.06486865199985914
Cyclic,65,nn,78.61,0.19660754399956204,0.06836443700012751
Cyclic,66,nn,78.62,0.24757411999598844,0.06782422700052848
Cyclic,67,nn,78.60000000000001,0.20342300400079694,0.06794305200310191
Cyclic,68,nn,78.66,0.2206509840034414,0.06687765599781414
Cyclic,69,nn,78.72,0.21085198999935528,0.06514308199984953
Cyclic,70,nn,78.89,0.2652663310000207,0.06718639800237725
Cyclic,71,nn,78.56,0.19576500500261318,0.06690981199790258
Cyclic,72,nn,78.71000000000001,0.2027588850032771,0.06551916900207289
Cyclic,73,nn,78.78,0.1957118040008936,0.06728598399786279
Cyclic,74,nn,78.7,0.24782873499498237,0.07101662400236819
Cyclic,75,nn,78.78,0.21728485399944475,0.0673766740001156
Cyclic,76,nn,78.74,0.19601013099600095,0.06736914000066463
Cyclic,77,nn,78.61,0.20083472999976948,0.06838347899611108
Cyclic,78,nn,78.75999999999999,0.2679846810060553,0.06852526500006206
Cyclic,79,nn,78.79,0.20991692000097828,0.06672077500115847
Cyclic,80,nn,78.88,0.1999960179964546,0.0671559940019506
Cyclic,81,tm,71.21,0.3355159979983,0.06582684499880997
Cyclic,82,tm,72.39999999999999,0.3191042699982063,0.06584588200348662
Cyclic,83,tm,72.64,0.32860954599891556,0.06477522700151894
Cyclic,84,tm,72.41,0.32010727699525887,0.0651912480025203
Cyclic,85,tm,75.55,0.31844463699962944,0.06632174600235885
Cyclic,86,tm,71.04,0.3239379579972592,0.06729141899995739
Cyclic,87,tm,70.32000000000001,0.32715826299681794,0.06672135600092588
Cyclic,88,tm,71.52,0.3176808930002153,0.06612935199518688
Cyclic,89,tm,70.61,0.3225337380063138,0.06584941199980676
Cyclic,90,tm,71.94,0.3271166769991396,0.06459583999821916
Cyclic,91,tm,72.14,0.32531884500349406,0.06520457199803786
Cyclic,92,tm,73.92,0.32589262300461996,0.06519119699805742
Cyclic,93,tm,74.42,0.31955522399948677,0.06598379999923054
Cyclic,94,tm,72.23,0.3171304979987326,0.0660100009990856
Cyclic,95,tm,72.32,0.3239326219991199,0.06557752899971092
Cyclic,96,tm,71.66,0.31537795499752974,0.06577827699948102
Cyclic,97,tm,73.92,0.3305217469969648,0.07270026700280141
Cyclic,98,tm,73.11999999999999,0.3178157270012889,0.06580736299656564
Cyclic,99,tm,72.72999999999999,0.31845827799406834,0.06472963000123855
Cyclic,100,tm,73.91,0.3107091819983907,0.06511814000259619
Cyclic,101,tm,72.45,0.32765243200265104,0.06484572400222532
Cyclic,102,tm,74.62,0.31672254300065106,0.06728804899466923
Cyclic,103,tm,74.72999999999999,0.3215368179953657,0.06706093800312374
Cyclic,104,tm,73.64,0.3251095220039133,0.06558626299374737
Cyclic,105,tm,74.77000000000001,0.3257468140000128,0.06522595699789235
Cyclic,106,tm,75.37,0.3214623340027174,0.06506863899994642
Cyclic,107,tm,73.8,0.3166694449973875,0.06648135399882449
Cyclic,108,tm,73.8,0.32353931500256294,0.06491509600164136
Cyclic,109,tm,73.75,0.3143506249980419,0.06698717000108445
Cyclic,110,tm,71.92,0.3217371689970605,0.06487514499895042
Cyclic,111,tm,72.72,0.3306264509956236,0.06506937099766219
Cyclic,112,tm,74.58,0.31716802800656296,0.06585313899995526
Cyclic,113,tm,74.9,0.31421001799753867,0.06519176000438165
Cyclic,114,tm,70.93,0.3159456140056136,0.06504008300544228
Cyclic,115,tm,77.03999999999999,0.3252600589985377,0.06619571399642155
Cyclic,116,tm,72.1,0.3205798780036275,0.06578473700210452
Cyclic,117,tm,73.55000000000001,0.31445836600323673,0.064771257006214
Cyclic,118,tm,69.62,0.3227953660025378,0.06853770899761003
Cyclic,119,tm,74.83,0.32515000399871496,0.06512492099864176
Cyclic,120,tm,72.37,0.319403625006089,0.0659059809986502
Cyclic,121,tm,74.45,0.3127012940021814,0.06755849700130057
Cyclic,122,tm,74.14,0.3288923759973841,0.06576625900197541
Cyclic,123,tm,71.1,0.3197517830049037,0.06400958700396586
Cyclic,124,tm,74.76,0.31569988199771615,0.06746031700458843
Cyclic,125,tm,73.72,0.32371932099340484,0.06442929999320768
Cyclic,126,tm,71.24000000000001,0.3146310779993655,0.06402589000208536
Cyclic,127,tm,74.16,0.3104321510036243,0.0653497140010586
Cyclic,128,tm,75.64,0.3174756839944166,0.06624912500410574
Cyclic,129,tm,73.92,0.31723819699982414,0.06437038700096309
Cyclic,130,tm,69.5,0.31773771299776854,0.06544330900214845
Cyclic,131,nn,78.75999999999999,0.2135318830041797,0.0675251409993507
Cyclic,132,nn,79.2,0.2166659240028821,0.06734812600188889
Cyclic,133,nn,79.59,0.2572033780015772,0.06776770899887197
Cyclic,134,nn,79.47,0.21977902399521554,0.06907754699932411
Cyclic,135,nn,79.43,0.21942093399411533,0.06810864699946251
Cyclic,136,nn,79.67999999999999,0.19997107300150674,0.06858621499850415
Cyclic,137,nn,79.60000000000001,0.2715095880048466,0.06774129199766321
Cyclic,138,nn,79.72,0.21787209600006463,0.06794520300172735
Cyclic,139,nn,79.51,0.21988485499605304,0.06923054600338219
Cyclic,140,nn,79.73,0.20454798699938692,0.0695331079987227
Cyclic,141,nn,79.79,0.26065363400266506,0.06814829400536837
Cyclic,142,nn,79.82000000000001,0.19646001199726015,0.06853552800021134
Cyclic,143,nn,79.91,0.19560790900141,0.06804237600590568
Cyclic,144,nn,79.7,0.19673347900243243,0.06708488099684473
Cyclic,145,nn,79.75,0.24642768400372006,0.06879649100301322
Cyclic,146,nn,79.84,0.19487870300508803,0.06609081200440414
Cyclic,147,nn,79.75999999999999,0.20019575399783207,0.06900827800564002
Cyclic,148,nn,79.75,0.19490783700166503,0.06774364299781155
Cyclic,149,nn,79.84,0.2030060559991398,0.0669005450035911
Cyclic,150,nn,79.97999999999999,0.25343569299730007,0.06782101999851875
Cyclic,151,nn,80.0,0.20200238099641865,0.06534044900035951
Cyclic,152,nn,79.96,0.1978063700007624,0.06844979400193552
Cyclic,153,nn,79.93,0.2058504320011707,0.06731093500275165
Cyclic,154,nn,79.91,0.24684991499816533,0.06616619099804666
Cyclic,155,nn,80.02,0.1962316959979944,0.06830159699893557
Cyclic,156,nn,80.0,0.19674036500509828,0.0675982219981961
Cyclic,157,nn,80.06,0.1969543560044258,0.06608098899596371
Cyclic,158,nn,80.05,0.2529555600049207,0.06513999500020873
Cyclic,159,nn,80.0,0.19462325600034092,0.06751702500332613
Cyclic,160,nn,80.07,0.19588703999761492,0.0647822519968031
Cyclic,161,nn,79.97999999999999,0.19478899200476008,0.0680485279954155
Cyclic,162,nn,80.13,0.24599048299569404,0.0676073409995297
Cyclic,163,nn,80.19,0.19532649200118612,0.06748377299663844
Cyclic,164,nn,80.17999999999999,0.20108487899415195,0.06456936100585153
Cyclic,165,nn,80.0,0.19732689199736342,0.065253187000053
Cyclic,166,nn,80.17999999999999,0.19652089599549072,0.06738693499937654
Cyclic,167,nn,80.25999999999999,0.26912117000028957,0.06739177500276128
Cyclic,168,nn,80.25,0.21912134600279387,0.06696627599740168
Cyclic,169,nn,80.28,0.20210524599679047,0.06488465199799975
Cyclic,170,nn,80.30000000000001,0.19600528400042094,0.06733064100262709
Cyclic,171,nn,80.22,0.25045720300113317,0.06596017799893161
Cyclic,172,nn,80.25999999999999,0.1964322150015505,0.06634313699760241
Cyclic,173,nn,80.43,0.2005040009971708,0.06515158399997745
Cyclic,174,nn,80.31,0.1960585010019713,0.0669327420037007
Cyclic,175,nn,80.31,0.2593843270005891,0.06749958800355671
Cyclic,176,nn,80.38,0.20433454000158235,0.06813133200193988
Cyclic,177,nn,80.30000000000001,0.2187163150010747,0.06459769700450124
Cyclic,178,nn,80.34,0.19810924700141186,0.06960951799555914
Cyclic,179,nn,80.45,0.2551770310019492,0.0677534900023602
Cyclic,180,nn,80.46,0.19557764700584812,0.06755904600140639
Cyclic,181,tm,74.9,0.3270247640029993,0.06515572100033751
Cyclic,182,tm,73.32,0.322246877993166,0.06533792700065533
Cyclic,183,tm,73.69,0.3133360680003534,0.06622113999765133
Cyclic,184,tm,75.69,0.32207770599779906,0.06517785199685022
Cyclic,185,tm,74.69,0.3180428980049328,0.06719007399806287
Cyclic,186,tm,73.15,0.31591593700431986,0.06675059699773556
Cyclic,187,tm,73.89,0.3134168079996016,0.06639542400080245
Cyclic,188,tm,72.63,0.31331709799997043,0.06556075000116834
Cyclic,189,tm,72.71,0.32282454099913593,0.067161484999815
Cyclic,190,tm,69.92,0.31636776700179325,0.06586367999989307
Cyclic,191,tm,72.50999999999999,0.32286168000428006,0.06527186500170501
Cyclic,192,tm,73.16,0.3264299930015113,0.06460562400025083
Cyclic,193,tm,73.58,0.31406816100206925,0.06448974100203486
Cyclic,194,tm,74.31,0.31612371699884534,0.06623441800184082
Cyclic,195,tm,73.11999999999999,0.32505000800301787,0.06682895900303265
Cyclic,196,tm,71.82,0.3135954179961118,0.06549726099910913
Cyclic,197,tm,73.17,0.3119774860024336,0.06617497899424052
Cyclic,198,tm,73.08,0.31422316699899966,0.06630136699823197
Cyclic,199,tm,73.22,0.3157805830051075,0.0652392600022722
Cyclic,200,tm,74.21,0.3280948140018154,0.06587732800107915
Cyclic,201,tm,72.6,0.3141239910037257,0.06467586000508163
Cyclic,202,tm,72.27,0.32361139400018146,0.06598470099561382
Cyclic,203,tm,72.7,0.3118134399992414,0.0653998479974689
Cyclic,204,tm,74.29,0.3181213720017695,0.06694778399833012
Cyclic,205,tm,72.8,0.32090370500372956,0.06453750799846603
Cyclic,206,tm,72.99,0.3127770370047074,0.06564240199804772
Cyclic,207,tm,74.99,0.3114944490007474,0.06618960099876858
Cyclic,208,tm,72.28999999999999,0.3196361970040016,0.06716346999746747
Cyclic,209,tm,74.35000000000001,0.31024036099552177,0.06626155100093456
Cyclic,210,tm,74.41,0.3173762849983177,0.06710741799906828
Cyclic,211,tm,73.55000000000001,0.3231734310029424,0.06586255599540891
Cyclic,212,tm,73.54,0.3143397869935143,0.06702830299764173
Cyclic,213,tm,72.97,0.32131018500513164,0.06627483600459527
Cyclic,214,tm,73.72,0.32099032700352836,0.0648562279966427
Cyclic,215,tm,75.92,0.3146810780017404,0.0663112900001579
Cyclic,216,tm,73.71,0.3240478549996624,0.06644358999619726
Cyclic,217,tm,74.25,0.3281314250052674,0.0691619270000956
Cyclic,218,tm,73.36,0.30837280500418274,0.06637464600498788
Cyclic,219,tm,72.58,0.3189190210032393,0.0659068210006808
Cyclic,220,tm,74.28,0.31393100599962054,0.06504460999713046
Cyclic,221,tm,73.44000000000001,0.3156895150023047,0.06567047900171019
Cyclic,222,tm,75.05,0.31351862700103084,0.06529968100221595
Cyclic,223,tm,76.42,0.31176566099748015,0.06610755099973176
Cyclic,224,tm,75.44,0.3216347570050857,0.06553827999596251
Cyclic,225,tm,72.36,0.3214648089997354,0.06502501600334654
Cyclic,226,tm,73.68,0.31567805299710017,0.06491269700200064
Cyclic,227,tm,71.39999999999999,0.32048824099911144,0.06507320499804337
Cyclic,228,tm,74.1,0.31709441999555565,0.06544123600178864
Cyclic,229,tm,71.67,0.31223573299939744,0.0654030049990979
Cyclic,230,tm,72.63,0.31798153500130866,0.06566205800481839
Cyclic,231,nn,79.28,0.1977982360040187,0.06828228799713543
Cyclic,232,nn,79.96,0.2005987350057694,0.06731897399731679
Cyclic,233,nn,80.0,0.206546077002713,0.06809609799529426
Cyclic,234,nn,80.07,0.2602832580014365,0.06742705799842952
Cyclic,235,nn,80.0,0.21116521699877921,0.06547345899889478
Cyclic,236,nn,80.24,0.20074094599840464,0.06633189099375159
Cyclic,237,nn,80.13,0.20583809999516234,0.06900317200052086
Cyclic,238,nn,80.2,0.253027208003914,0.06817726699955529
Cyclic,239,nn,80.32000000000001,0.20481193299929146,0.06788016700011212
Cyclic,240,nn,80.24,0.21970851499645505,0.06762768800399499
Cyclic,241,nn,80.27,0.1965869690029649,0.06826914400153328
Cyclic,242,nn,80.31,0.25959092400444206,0.06644424400292337
Cyclic,243,nn,80.34,0.20199591900018277,0.06791615900147008
Cyclic,244,nn,80.44,0.2023787700018147,0.0690513049994479
Cyclic,245,nn,80.44,0.20788178200018592,0.06867252899974119
Cyclic,246,nn,80.47,0.21742981799616246,0.06820184900425375
Cyclic,247,nn,80.36999999999999,0.24665565800387412,0.06891263099532807
Cyclic,248,nn,80.52,0.20202761499967892,0.06700395599909825
Cyclic,249,nn,80.54,0.19935646600060863,0.06800168699555798
Cyclic,250,nn,80.33,0.20057914999779314,0.0697257339998032
Cyclic,251,nn,80.45,0.2692567640042398,0.0675562389951665
Cyclic,252,nn,80.58999999999999,0.1965295280024293,0.06872638300410472
Cyclic,253,nn,80.53,0.19690279699716484,0.06980548599676695
Cyclic,254,nn,80.64,0.19641588300146395,0.06791626300400821
Cyclic,255,nn,80.60000000000001,0.2636664399979054,0.06819333999737864
Cyclic,256,nn,80.56,0.19562529000540962,0.06769850000273436
Cyclic,257,nn,80.58999999999999,0.19611452200479107,0.06694079900626093
Cyclic,258,nn,80.67,0.19470922800246626,0.06746791700425092
Cyclic,259,nn,80.7,0.24649658900307259,0.06561266700009583
Cyclic,260,nn,80.67,0.19587414900161093,0.06363969599624397
Cyclic,261,nn,80.78999999999999,0.20006977800221648,0.06872950900287833
Cyclic,262,nn,80.66,0.194651427998906,0.06856437800161075
Cyclic,263,nn,80.78,0.20171143500192557,0.06747448799433187
Cyclic,264,nn,80.86,0.24562354399677133,0.06874601200252073
Cyclic,265,nn,80.86,0.19489997700293316,0.06938904300477589
Cyclic,266,nn,80.9,0.19717411400051787,0.06765307399473386
Cyclic,267,nn,80.87,0.2203846690026694,0.06855027399433311
Cyclic,268,nn,80.93,0.2624911829989287,0.06808297899988247
Cyclic,269,nn,80.91000000000001,0.19514618100220105,0.0647044889992685
Cyclic,270,nn,80.84,0.19824357699690154,0.06612928999675205
Cyclic,271,nn,80.95,0.19949393600109033,0.06625544800044736
Cyclic,272,nn,81.03,0.25036467499739956,0.06861134999780916
Cyclic,273,nn,80.9,0.2064787380004418,0.06831867099390365
Cyclic,274,nn,80.97,0.19559867499629036,0.06791041700489586
Cyclic,275,nn,81.06,0.19511623599828454,0.06632508800248615
Cyclic,276,nn,80.89,0.25049912800022867,0.06740859000274213
Cyclic,277,nn,81.03,0.19751049700425938,0.06641904500429519
Cyclic,278,nn,81.12,0.21840549199987436,0.06780854600219755
Cyclic,279,nn,81.07,0.21784499599743867,0.06792284900438972
Cyclic,280,nn,81.17,0.2138929709981312,0.06843476399808424
Cyclic,281,tm,73.1,0.3199464639983489,0.06459982399974251
Cyclic,282,tm,72.86,0.31469103699782863,0.06325788300455315
Cyclic,283,tm,72.47,0.3125678509968566,0.06651914800022496
Cyclic,284,tm,75.57000000000001,0.31149456500133965,0.06520098600594793
Cyclic,285,tm,74.98,0.3103374199999962,0.0653258409947739
Cyclic,286,tm,72.47,0.3123903320010868,0.06574998699943535
Cyclic,287,tm,75.31,0.3157231610020972,0.06813967200287152
Cyclic,288,tm,74.86,0.31358752800588263,0.06609970299905399
Cyclic,289,tm,73.8,0.3191429569997126,0.06624009399820352
Cyclic,290,tm,75.33,0.31199177500093356,0.06630215500626946
Cyclic,291,tm,74.57000000000001,0.32467317799455486,0.06722292399354046
Cyclic,292,tm,74.49,0.31464331399911316,0.06676934400456958
Cyclic,293,tm,74.8,0.31149601499782875,0.06589163400349207
Cyclic,294,tm,73.86,0.3127358540004934,0.06597923599474598
Cyclic,295,tm,74.57000000000001,0.31245976900390815,0.06626796699856641
Cyclic,296,tm,70.53,0.3168411409933469,0.06688669700088212
Cyclic,297,tm,73.72999999999999,0.3109357409994118,0.06595162200392224
Cyclic,298,tm,73.42999999999999,0.31814095699519385,0.06582935099868337
Cyclic,299,tm,73.42999999999999,0.3235337139994954,0.06633197000337532
Cyclic,300,tm,74.48,0.31690482099656947,0.0657521800021641
Cyclic,301,tm,74.47,0.3163331329997163,0.06698599099763669
Cyclic,302,tm,75.3,0.3163869439958944,0.0660533909976948
Cyclic,303,tm,74.48,0.32389013200008776,0.07214637900324306
Cyclic,304,tm,73.54,0.31705344800138846,0.06544323299749522
Cyclic,305,tm,73.38,0.31577034200017806,0.06710500299959676
Cyclic,306,tm,74.95,0.3108964700004435,0.06627668600413017
Cyclic,307,tm,73.46000000000001,0.3116571990030934,0.0669261250004638
Cyclic,308,tm,72.55,0.31162774900440127,0.06632937899848912
Cyclic,309,tm,73.22999999999999,0.30755473300087033,0.0662539149998338
Cyclic,310,tm,73.44000000000001,0.3097018440021202,0.06522018300165655
Cyclic,311,tm,72.04,0.3159049580062856,0.06746752699837089
Cyclic,312,tm,73.42,0.32026813099946594,0.06561162499565398
Cyclic,313,tm,75.22,0.3102715499990154,0.0651833359952434
Cyclic,314,tm,75.03999999999999,0.30791739399865037,0.06489376899844501
Cyclic,315,tm,72.63,0.31720772499829764,0.06680168500315631
Cyclic,316,tm,72.87,0.3193809950025752,0.06581524699868169
Cyclic,317,tm,72.84,0.3136224870031583,0.0662021040043328
Cyclic,318,tm,75.19,0.3138935829992988,0.06543528899783269
Cyclic,319,tm,73.86,0.31280232800054364,0.0658492029979243
Cyclic,320,tm,75.28,0.31399885800055927,0.06591722799930722
Cyclic,321,tm,73.83,0.31186768200132065,0.06445014700148022
Cyclic,322,tm,72.53,0.31233891200099606,0.07214251999539556
Cyclic,323,tm,72.76,0.3088327030054643,0.06544535699504195
Cyclic,324,tm,73.07000000000001,0.31064136199711356,0.06587802100693807
Cyclic,325,tm,74.55000000000001,0.31194452199997613,0.06695892199786613
Cyclic,326,tm,74.45,0.31242909299908206,0.06631318799918517
Cyclic,327,tm,73.68,0.3124982130029821,0.06577611499960767
Cyclic,328,tm,76.44999999999999,0.31288624700391665,0.0647460600011982
Cyclic,329,tm,73.61999999999999,0.3247827579980367,0.06763557800150011
Cyclic,330,tm,72.92,0.30866448400047375,0.06793155500054127
Cyclic,331,nn,79.52,0.26960769000288565,0.06813725500251167
Cyclic,332,nn,80.27,0.21181405600509606,0.06873851500131423
Cyclic,333,nn,80.49,0.19629853899823502,0.06797343600192107
Cyclic,334,nn,80.54,0.19556645799457328,0.0679165510009625
Cyclic,335,nn,80.51,0.24466030100302305,0.06885448100365466
Cyclic,336,nn,80.76,0.19799144699936733,0.06764913399820216
Cyclic,337,nn,80.53,0.19825257699994836,0.06744068200350739
Cyclic,338,nn,80.67999999999999,0.19565802600118332,0.06844650900166016
Cyclic,339,nn,80.9,0.2505266730004223,0.06760824299999513
Cyclic,340,nn,80.72,0.19461044399940874,0.0686756570066791
Cyclic,341,nn,80.82000000000001,0.21223110600112705,0.06758518800052116
Cyclic,342,nn,80.74,0.19684707199485274,0.06702431099984096
Cyclic,343,nn,80.84,0.263317750999704,0.06925034899904858
Cyclic,344,nn,80.86,0.2145605020050425,0.06798942800378427
Cyclic,345,nn,80.81,0.2169833230000222,0.06467619700561045
Cyclic,346,nn,80.9,0.22045677000278374,0.0679396529958467
Cyclic,347,nn,80.76,0.19821514900104376,0.06486457599385176
Cyclic,348,nn,80.93,0.259519581006316,0.06818582899722969
Cyclic,349,nn,80.94,0.20642904700071085,0.06638058200041996
Cyclic,350,nn,80.96,0.21518977899540914,0.0704508380003972
Cyclic,351,nn,81.0,0.21495623000373598,0.06809365400113165
Cyclic,352,nn,80.96,0.26970232199528255,0.06876653900690144
Cyclic,353,nn,81.02000000000001,0.20867802199791186,0.06534205100615509
Cyclic,354,nn,80.9,0.21509210699878167,0.06832749499881174
Cyclic,355,nn,80.97,0.20499081399611896,0.06758322899986524
Cyclic,356,nn,81.03,0.2633157769960235,0.06962997699883999
Cyclic,357,nn,81.16,0.22281241299788235,0.064574606003589
Cyclic,358,nn,81.05,0.208035520001431,0.06768334899970796
Cyclic,359,nn,81.07,0.21862932699878002,0.06884554499993101
Cyclic,360,nn,81.03,0.25229204300558195,0.06824185900040902
Cyclic,361,nn,81.15,0.20710784399852855,0.06827769099618308
Cyclic,362,nn,81.10000000000001,0.19726682599866763,0.06721890599874314
Cyclic,363,nn,81.13,0.19543415599764558,0.06836167000437854
Cyclic,364,nn,81.19,0.19675984700006666,0.06988113000261365
Cyclic,365,nn,81.2,0.24974283300252864,0.06840119699336356
Cyclic,366,nn,81.27,0.1946138159983093,0.06704316299874336
Cyclic,367,nn,81.21000000000001,0.19719161399552831,0.06882409800164169
Cyclic,368,nn,81.25,0.19591980200493708,0.06790102700324496
Cyclic,369,nn,81.11,0.24488595700677251,0.06794375599565683
Cyclic,370,nn,81.16,0.19549795399507275,0.06768788699992001
Cyclic,371,nn,81.17999999999999,0.19769195300614228,0.06798350700410083
Cyclic,372,nn,81.2,0.19479216699983226,0.06812134199572029
Cyclic,373,nn,81.17,0.24952532799943583,0.06820239900116576
Cyclic,374,nn,81.23,0.19683821099897614,0.06921075600257609
Cyclic,375,nn,81.12,0.20069854300527368,0.06460020299709868
Cyclic,376,nn,81.16,0.19444276300055208,0.06683223800064297
Cyclic,377,tm,72.58,0.3189225809983327,0.0655880630001775
Cyclic,378,tm,73.39,0.3075466250011232,0.0656282099953387
Cyclic,379,tm,75.71,0.3203937020007288,0.06800540900439955
Cyclic,380,tm,75.1,0.3047124320000876,0.06675103200541344
Cyclic,381,tm,74.33,0.3243053029946168,0.06660008899780223
Cyclic,382,tm,72.59,0.3133429520021309,0.06650032300240127
Cyclic,383,tm,73.29,0.30993704900174635,0.06575393900129711
Cyclic,384,tm,72.81,0.3116294779974851,0.06673222700192127
Cyclic,385,tm,74.83999999999999,0.31915189499704866,0.06498757300141733
Cyclic,386,tm,75.21,0.31389255900285207,0.06619027299893787
Cyclic,387,tm,74.28,0.31339839899737854,0.06607807300315471
Cyclic,388,tm,71.89999999999999,0.30888080700242426,0.0714469110025675
Cyclic,389,tm,75.33999999999999,0.3151453720056452,0.06601777799369302
Cyclic,390,tm,75.21,0.31243934699887177,0.06348783799330704
Cyclic,391,tm,74.92999999999999,0.32347686900175177,0.06638902200211305
Cyclic,392,tm,73.37,0.3098523280059453,0.06563495300360955
Cyclic,393,tm,73.95,0.3165488899976481,0.0673931459969026
Cyclic,394,tm,69.51,0.307844084003591,0.06594195299840067
Cyclic,395,tm,72.04,0.3120817379967775,0.06762123000225984
Cyclic,396,tm,74.86,0.3103653910002322,0.06542275499668904
Cyclic,397,tm,70.89,0.31193925499974284,0.06591069899877766
Cyclic,398,tm,73.46000000000001,0.3140822909990675,0.06589434899797197
Cyclic,399,tm,74.28,0.31086843099910766,0.06669187700026669
Cyclic,400,tm,71.33,0.3163580229957006,0.06632483200519346
Cyclic,401,tm,72.1,0.3144344340034877,0.0660302620017319
Cyclic,402,tm,70.59,0.314573161995213,0.06459155600168742
Cyclic,403,tm,73.87,0.32141963700269116,0.06582980499661062
Cyclic,404,tm,73.86,0.31587523999769473,0.06540009599848418
Cyclic,405,tm,73.3,0.3065046009942307,0.06484744199406123
Cyclic,406,tm,73.56,0.3077023170044413,0.0656635630002711
Cyclic,407,tm,74.39,0.3102522730041528,0.06392329799564322
Cyclic,408,tm,73.25,0.3138642810008605,0.06683173600322334
Cyclic,409,tm,73.83,0.31398771300155204,0.06551927200052887
Cyclic,410,tm,72.37,0.3153595399999176,0.06570270600059303
Cyclic,411,tm,74.0,0.3130278669996187,0.06574999900476541
Cyclic,412,tm,74.08,0.32290462699893396,0.0670264629952726
Cyclic,413,tm,75.66000000000001,0.32135283800016623,0.06613623700104654
Cyclic,414,tm,73.67,0.31440944500354817,0.06672827799775405
Cyclic,415,tm,73.41,0.31683726600022055,0.06557663199782837
Cyclic,416,tm,71.87,0.3164154289988801,0.06669083800079534
Cyclic,417,tm,75.74,0.3230860080002458,0.06688061999739148
Cyclic,418,tm,71.72,0.3075186420028331,0.06671754599665292
Cyclic,419,tm,71.46000000000001,0.3086298300040653,0.06657892699877266
Cyclic,420,tm,73.36,0.314002293998783,0.06737226199766155
Cyclic,421,tm,73.1,0.3226204800012056,0.06560591499874135
Cyclic,422,tm,73.58,0.3154408499976853,0.06747947999974713
Cyclic,423,tm,74.61,0.3096125279989792,0.06572639700607397
Cyclic,424,tm,73.67,0.3084568060003221,0.06679202999657718
Cyclic,425,tm,74.32,0.3093182459997479,0.0655730409998796
Cyclic,426,tm,73.2,0.3143526960047893,0.06658726400200976
Cyclic,427,nn,79.82000000000001,0.19869914100127062,0.06709859499824233
Cyclic,428,nn,80.38,0.2624915060005151,0.06801090299995849
Cyclic,429,nn,80.47999999999999,0.19717499800026417,0.0688283350027632
Cyclic,430,nn,80.60000000000001,0.19688639000378316,0.06772093199833762
Cyclic,431,nn,80.76,0.19485567399533466,0.06492238699865993
Cyclic,432,nn,80.60000000000001,0.24493567399622407,0.06749437200051034
Cyclic,433,nn,80.89,0.19538075900345575,0.06856519600114552
Cyclic,434,nn,80.83,0.20216184700257145,0.06916107300639851
Cyclic,435,nn,81.02000000000001,0.19530865699925926,0.06806775699806167
Cyclic,436,nn,80.89,0.25040397200064035,0.06962874899909366
Cyclic,437,nn,80.81,0.20322097700409358,0.0691087380037061
Cyclic,438,nn,80.86,0.20164740399923176,0.06975016399519518
Cyclic,439,nn,80.88,0.1948873180008377,0.06902393699419918
Cyclic,440,nn,80.97,0.2002372409988311,0.06730160600272939
Cyclic,441,nn,81.04,0.2492935500049498,0.06908335199841531
Cyclic,442,nn,80.9,0.192480395999155,0.06687496900121914
Cyclic,443,nn,80.88,0.20546793299581623,0.06916615000227466
Cyclic,444,nn,81.13,0.19867012000031536,0.06567088000156218
Cyclic,445,nn,81.04,0.2666045879959711,0.06883966399618657
Cyclic,446,nn,80.94,0.21989006999501726,0.06589959399570944
Cyclic,447,nn,81.10000000000001,0.20882463100133464,0.06809146599698579
Cyclic,448,nn,80.95,0.20053392299450934,0.06687346399849048
Cyclic,449,nn,80.86,0.2653435430038371,0.06745288799720583
Cyclic,450,nn,80.95,0.19802320900635095,0.0676872350013582
Cyclic,451,nn,80.82000000000001,0.19712465000338852,0.06907354499708163
Cyclic,452,nn,81.02000000000001,0.19663004099857062,0.06862450299377088
Cyclic,453,nn,81.02000000000001,0.24479189999692608,0.06754111699410714
Cyclic,454,nn,81.08,0.19451946900517214,0.0683884960017167
UTM,1,tm,63.46000000000001,0.6386825990048237,0.07067143000313081
UTM,2,tm,65.64999999999999,0.593829083001765,0.07258018600259675
UTM,3,tm,66.67999999999999,0.5811120200014557,0.07098072399821831
UTM,4,tm,67.5,0.5733047129979241,0.07123319499805802
UTM,5,tm,67.74,0.567927738004073,0.07323003600322409
UTM,6,tm,67.12,0.5708545230008895,0.07276704700052505
UTM,7,tm,67.47,0.572930438000185,0.07167549300356768
UTM,8,tm,67.64,0.5704757410057937,0.07254942500003381
UTM,9,tm,66.7,0.5657227880001301,0.0705900849934551
UTM,10,tm,67.71000000000001,0.5739206969956285,0.07264614100131439
UTM,11,tm,67.7,0.5746567120004329,0.07365082000615075
UTM,12,tm,68.06,0.578542864001065,0.07431397800246486
UTM,13,tm,68.37,0.5647489419934573,0.07236165900394553
UTM,14,tm,68.01,0.5402515919995494,0.06984260799799813
UTM,15,tm,67.85,0.5687503929948434,0.07139609899604693
UTM,16,tm,68.25,0.5601317010005005,0.07171923699934268
UTM,17,tm,68.47,0.5585985889993026,0.0717943900017417
UTM,18,tm,68.06,0.5538618520004093,0.07216675100062275
UTM,19,tm,68.02,0.5629807570003322,0.07388849500421202
UTM,20,tm,68.14,0.5726432850060519,0.07291014100337634
UTM,21,tm,68.34,0.5638845949943061,0.07163043499895139
UTM,22,tm,68.11,0.5544262249968597,0.07624217899865471
UTM,23,tm,68.08999999999999,0.5615269410045585,0.07434440299402922
UTM,24,tm,67.75,0.5605851619984605,0.0723065830025007
UTM,25,tm,67.94,0.5531364889975521,0.07279671700234758
UTM,26,tm,68.31,0.5622196969998186,0.07322389299952192
UTM,27,tm,68.33,0.5555623610052862,0.06945137000002433
UTM,28,tm,68.05,0.564053687005071,0.07161600199469831
UTM,29,tm,68.17,0.5561583870003233,0.07393410600343486
UTM,30,tm,68.67999999999999,0.5695247529947665,0.07258450199879007
UTM,31,tm,68.67999999999999,0.5650527070029057,0.07429852699715411
UTM,32,tm,68.8,0.5582431829971028,0.07220592699741246
UTM,33,tm,68.23,0.5684335070036468,0.07355361599911703
UTM,34,tm,68.4,0.5542267480050214,0.07545451599435182
UTM,35,tm,68.46,0.550533148998511,0.07193362199905096
UTM,36,tm,68.47,0.5504471500025829,0.07246312600182137
UTM,37,tm,68.47999999999999,0.5551089700020384,0.074091023998335
UTM,38,tm,68.60000000000001,0.5537307089980459,0.07174512999336002
UTM,39,tm,68.17,0.557412458001636,0.07228791200031992
UTM,40,tm,68.47999999999999,0.5476237280017813,0.07137295699794777
UTM,41,tm,68.49,0.5617091209933278,0.07064206600625766
UTM,42,tm,68.63,0.5541709460012498,0.07418878500175197
UTM,43,tm,68.52000000000001,0.5587537279934622,0.07131252100225538
UTM,44,tm,67.82000000000001,0.5515684120036894,0.0751626969940844
UTM,45,tm,67.77,0.5634819799961406,0.07365821999701438
UTM,46,tm,67.86,0.5550635210020118,0.07484825699793873
UTM,47,tm,68.4,0.5530044150000322,0.07370772700232919
UTM,48,tm,68.45,0.5448651619954035,0.07216582700493746
UTM,49,tm,68.42,0.5510125319997314,0.07237045199872227
UTM,50,tm,68.61,0.5549420169991208,0.07483890200091992
UTM,51,tm,68.53,0.5613005519990111,0.07150834499771008
UTM,52,tm,68.82000000000001,0.5565311329992255,0.07171922899578931
UTM,53,tm,68.33,0.550726321998809,0.07230640399939148
UTM,54,tm,68.30000000000001,0.5608947869986878,0.07235822299844585
UTM,55,tm,68.49,0.5641975789985736,0.07392966099723708
UTM,56,tm,68.0,0.5577631319974898,0.07398733699665172
UTM,57,tm,68.03,0.5570872759999475,0.07175731300230836
UTM,58,tm,68.15,0.5444119489984587,0.0731077290038229
UTM,59,tm,68.61,0.5564761810019263,0.07314171000325587
UTM,60,tm,68.81,0.5558081740018679,0.07203180700162193
UTM,61,tm,69.13,0.5560814640048193,0.07167234999360517
UTM,62,tm,68.67,0.5431415379935061,0.06906257600348908
UTM,63,tm,68.56,0.553311740004574,0.07380540399753954
UTM,64,tm,68.47999999999999,0.5637100000021746,0.07176742199953878
UTM,65,tm,68.64,0.5489953159994911,0.06984963299328228
UTM,66,tm,68.24,0.5628420829962124,0.07096518799517071
UTM,67,tm,68.43,0.5592034450019128,0.07410660899768118
UTM,68,tm,68.13,0.5594952920000651,0.0717464179979288
UTM,69,tm,68.11,0.5540563860049588,0.07753291099652415
UTM,70,tm,67.99,0.5572851010001614,0.07225969499995699
UTM,71,tm,67.92,0.549471247002657,0.07201280599838356
UTM,72,tm,68.86,0.5553081310063135,0.07478313500178047
UTM,73,tm,68.54,0.562492992998159,0.07470437099982519
UTM,74,tm,68.57,0.5609532579983352,0.07396131700079422
UTM,75,tm,68.95,0.5592044899967732,0.0706871209986275
UTM,76,tm,68.69,0.5468386100037606,0.07341276099759853
UTM,77,tm,68.86,0.5681882689968916,0.07222473000001628
UTM,78,tm,68.81,0.5611992479971377,0.07392501900176285
UTM,79,tm,68.24,0.5644680240002344,0.07287912900210358
UTM,80,tm,68.58,0.5577818150050007,0.07378150599834044
UTM,81,tm,68.65,0.5628936299981433,0.07451467800274258
UTM,82,tm,68.26,0.561282779002795,0.07293102500261739
UTM,83,tm,68.47999999999999,0.546498645999236,0.07035044400254264
UTM,84,tm,68.31,0.5567325179945328,0.07446923999668797
UTM,85,tm,68.86,0.564042154001072,0.07370321000053082
UTM,86,tm,68.52000000000001,0.5591288530049496,0.0736057360045379
UTM,87,tm,68.41000000000001,0.5615749100034009,0.07304294699861202
UTM,88,tm,68.61,0.555163386001368,0.07357571199827362
UTM,89,tm,68.89,0.5632115909975255,0.07329031399422092
UTM,90,tm,68.54,0.55854021399864,0.0729475089974585
UTM,91,tm,68.26,0.5621350649962551,0.07107157300197287
UTM,92,tm,68.53,0.5526700760019594,0.07299285399494693
UTM,93,tm,68.88,0.5561745749946567,0.07301416400150629
UTM,94,tm,68.62,0.5421316209976794,0.07264130600378849
UTM,95,tm,68.56,0.5556088759985869,0.07731965200218838
UTM,96,tm,68.54,0.5536825640010647,0.07315497800300363
UTM,97,tm,68.41000000000001,0.5440524730001925,0.07324804599920753
UTM,98,tm,68.41000000000001,0.5471025780061609,0.07289154200407211
UTM,99,tm,68.37,0.5583597299992107,0.07305021399952238
UTM,100,tm,68.60000000000001,0.5534325289991102,0.07266788400011137
UTM,101,tm,68.38,0.5496474890023819,0.07115303999307798
UTM,102,tm,68.53,0.5508964690016,0.07168886499857763
UTM,103,tm,68.8,0.5675647969983402,0.07442749899928458
UTM,104,tm,68.63,0.5607262530029402,0.07276880199788138
UTM,105,tm,68.62,0.5497553640016122,0.07224525899800938
UTM,106,tm,68.37,0.5531041329959407,0.07152712300012354
UTM,107,tm,68.73,0.5539429740019841,0.07236412899510469
UTM,108,tm,68.24,0.55084311599785,0.07234276199596934
UTM,109,tm,68.26,0.5647635709974566,0.07382092800253304
UTM,110,tm,68.46,0.5493856420071097,0.0740935579960933
UTM,111,tm,68.52000000000001,0.559490260995517,0.07034324899723288
UTM,112,tm,68.58,0.5494205180002609,0.07194939500186592
UTM,113,tm,68.65,0.5601206040009856,0.07413393499882659
UTM,114,tm,68.08999999999999,0.5599968589958735,0.07390991699503502
UTM,115,tm,68.37,0.566746101998433,0.07347776200185763
UTM,116,tm,68.25,0.5633681379986228,0.07252578600309789
UTM,117,tm,68.53,0.5620236180038773,0.0708198669963167
UTM,118,tm,68.10000000000001,0.5545872820002842,0.07305335999990348
UTM,119,tm,68.06,0.5434743299992988,0.07198476300254697
UTM,120,tm,68.52000000000001,0.5572984110040125,0.0713422350017936
UTM,121,tm,68.61,0.556636894994881,0.07243742799619213
UTM,122,tm,68.96,0.5633377589983866,0.07244693699612981
UTM,123,tm,68.77,0.5485727080013021,0.0706676769987098
UTM,124,tm,68.42,0.5604396019989508,0.07060956400528084
UTM,125,tm,68.01,0.5673821390009834,0.07367481600522297
UTM,126,tm,68.03,0.545103978998668,0.07206027500069467
UTM,127,tm,68.46,0.5565541579999262,0.0725503400026355
UTM,128,tm,68.2,0.5509348399937153,0.07185188999574166
UTM,129,tm,68.24,0.560278360004304,0.07124240200209897
UTM,130,tm,67.95,0.5561367219997919,0.07270238099590642
UTM,131,tm,68.12,0.5482690749995527,0.07251918700058013
UTM,132,tm,68.21000000000001,0.5577095429980545,0.0728683990018908
UTM,133,tm,68.43,0.5630251800030237,0.07269168200582499
UTM,134,tm,68.17999999999999,0.5596903800033033,0.07096756200189702
UTM,135,tm,68.11,0.558117886997934,0.07149566599400714
UTM,136,tm,67.99,0.5521761600030004,0.0722261030023219
UTM,137,tm,67.66,0.5538597129998379,0.07057464600075036
UTM,138,tm,67.57,0.5622605320022558,0.08101879100286169
UTM,139,tm,67.55,0.5609420900000259,0.07049078099953476
UTM,140,tm,67.65,0.5495083130008425,0.06939910700020846
UTM,141,tm,67.71000000000001,0.5506307969990303,0.07209344600414624
UTM,142,tm,67.94,0.5511205840011826,0.07235876799677499
UTM,143,tm,67.75,0.5523527080003987,0.07205591000092681
UTM,144,tm,68.13,0.5553180220013019,0.07164994699996896
UTM,145,tm,68.21000000000001,0.5529579239955638,0.0720097480007098
UTM,146,tm,68.24,0.5467030079962569,0.07390277100057574
UTM,147,tm,68.52000000000001,0.5600464569943142,0.07265015500161098
UTM,148,tm,68.37,0.5659866150017479,0.07359781800187193
UTM,149,tm,67.92,0.5600641439959873,0.07118022599752294
UTM,150,tm,68.15,0.550487377004174,0.07235955900250701
UTM,151,tm,68.06,0.5658030179984053,0.07276521599851549
UTM,152,tm,68.04,0.5655489779965137,0.07355418799852487
UTM,153,tm,67.99,0.5571837780007627,0.07242509700154187
UTM,154,tm,68.30000000000001,0.5637120610044803,0.0708639590011444
UTM,155,tm,68.34,0.5553727689984953,0.07449975200142944
UTM,156,tm,68.07,0.5511833229975309,0.07269244500639616
UTM,157,tm,68.10000000000001,0.5553567519964417,0.07238878800126258
UTM,158,tm,68.08999999999999,0.5556090960017173,0.07187487400369719
UTM,159,tm,68.14,0.5601763379963813,0.07092117999854963
UTM,160,tm,68.16,0.5586587649959256,0.07562836799479555
UTM,161,tm,68.22,0.5557037539983867,0.07355501999700209
UTM,162,tm,68.44,0.5578277070017066,0.07324220000009518
UTM,163,tm,68.35,0.5623721980009577,0.07110036100493744
UTM,164,tm,68.75,0.5597111920069437,0.07471593499940354
UTM,165,tm,68.38,0.5572873930068454,0.07260791000589961
UTM,166,tm,68.14,0.5336937199972454,0.07288799399975687
UTM,167,tm,68.01,0.5542085529959877,0.07000667200190946
UTM,168,tm,68.14,0.5689625939994585,0.07410737500322284
UTM,169,tm,67.81,0.5526312579968362,0.07344024800113402
UTM,170,tm,68.12,0.5536141830016277,0.07316751300095348
UTM,171,tm,67.91,0.5542761899996549,0.07179446899681352
UTM,172,tm,67.99,0.5492802699955064,0.07270185300149024
UTM,173,tm,68.24,0.5621647320003831,0.07176994500332512
UTM,174,tm,68.22,0.5527407439949457,0.07490484099980677
UTM,175,tm,68.47,0.5589424229983706,0.0722825120028574
UTM,176,tm,68.28,0.5591365459986264,0.07430104199738707
UTM,177,tm,68.06,0.5646745489939349,0.07037432600191096
UTM,178,tm,68.39,0.5564868599976762,0.07075355599954491
UTM,179,tm,68.60000000000001,0.5594413769940729,0.07344152300356654
UTM,180,tm,68.47,0.5545505720001529,0.07352264299697708
UTM,181,tm,69.08999999999999,0.5621217399966554,0.07422662799945101
UTM,182,tm,68.22,0.5580135400014115,0.0719304820013349
UTM,183,tm,68.5,0.5270370949947392,0.07072259799315361
UTM,184,tm,68.11,0.5542278940047254,0.07237362100568134
UTM,185,tm,68.77,0.5572045880035148,0.07348272400122369
UTM,186,tm,68.04,0.5607726849993924,0.07102452000253834
UTM,187,tm,68.23,0.5412455840050825,0.07315441199898487
UTM,188,tm,68.41000000000001,0.5591240150024532,0.07248431100015296
UTM,189,tm,67.97999999999999,0.5683231869988958,0.07256949000293389
UTM,190,tm,68.17,0.5598725980016752,0.07389956100087147
UTM,191,tm,68.34,0.5609334699984174,0.07271510400460102
UTM,192,tm,68.15,0.5743131109993556,0.07274957099434687
UTM,193,tm,68.0,0.5548839480034076,0.0726608490003855
UTM,194,tm,68.19,0.5618890619953163,0.07247918299981393
UTM,195,tm,68.17999999999999,0.5466902569969534,0.07304045699856943
UTM,196,tm,68.42,0.5644503189978423,0.07341114800510695
UTM,197,tm,67.89,0.5624551610017079,0.07080734599730931
UTM,198,tm,67.89,0.5634733260012581,0.07346006199804833
UTM,199,tm,68.10000000000001,0.5474322800000664,0.07452140300301835
UTM,200,tm,68.15,0.5546456719966955,0.0733000410036766
UTM,201,tm,68.21000000000001,0.5631591370038223,0.07301317900419235
UTM,202,tm,68.31,0.556234448995383,0.07072946800326463
UTM,203,tm,68.27,0.5663360089965863,0.0716970669964212
UTM,204,tm,67.97,0.5518296119989827,0.07304232599562965
UTM,205,tm,68.06,0.5656828860010137,0.072196951994556
UTM,206,tm,68.17,0.5584680399988429,0.07428652600356145
UTM,207,tm,68.15,0.557200142997317,0.07242395000503166
UTM,208,tm,68.35,0.5542546319993562,0.07337637599994196
UTM,209,tm,68.63,0.5609641709961579,0.07189096699585207
UTM,210,tm,68.8,0.5627752600048552,0.0766748770038248
UTM,211,tm,68.16,0.5555858570005512,0.07255138100299519
UTM,212,tm,68.03,0.553069019006216,0.07146819899935508
UTM,213,tm,68.39,0.5637943399997312,0.07124681999994209
UTM,214,tm,67.95,0.5639453030016739,0.07695876499929
UTM,215,tm,67.78,0.5507620860007592,0.0740825630055042
UTM,216,tm,68.0,0.5484282549950876,0.071211846996448
UTM,217,tm,68.19,0.5537106759948074,0.07251355899643386
UTM,218,tm,68.61,0.5554694919992471,0.07352595400152495
UTM,219,tm,68.37,0.554254882998066,0.07296951600437751
UTM,220,tm,69.01,0.5483614629993099,0.07239853899955051
UTM,221,tm,68.76,0.5600460990026477,0.0717717410007026
UTM,222,tm,68.01,0.5411717500028317,0.07163043899345212
UTM,223,tm,68.08,0.5619587440014584,0.07517902700055856
UTM,224,tm,67.81,0.5610483339987695,0.07252822800364811
UTM,225,tm,68.13,0.5558725529990625,0.07365434499661205
UTM,226,tm,67.78999999999999,0.5582435569958761,0.07143958000233397
UTM,227,tm,68.31,0.5582651209988398,0.07321403300011298
UTM,228,tm,68.47,0.5580223229990224,0.07303502099966863
UTM,229,tm,68.88,0.5538713460045983,0.07173980699735694
UTM,230,tm,68.7,0.5794166140040033,0.07402208100393182
UTM,231,tm,68.36,0.5547762060014065,0.0733513929953915
UTM,232,tm,68.28999999999999,0.5340427589981118,0.0733289900017553
UTM,233,tm,68.05,0.5623868140028208,0.07139274500514148
UTM,234,tm,68.05,0.5584351590005099,0.07022365399461705
UTM,235,tm,67.75999999999999,0.5486105410018354,0.07333925100101624
UTM,236,tm,68.30000000000001,0.5647476619997178,0.07262276200344786
UTM,237,tm,68.16,0.5585672129964223,0.07460312100010924
UTM,238,tm,68.67,0.5555472859996371,0.07295280799735337
UTM,239,tm,68.83,0.5590912830011803,0.07369611899775919
UTM,240,tm,68.67,0.5603840190015035,0.07068185399839422
UTM,241,tm,68.89,0.5522390580008505,0.07236992099933559
UTM,242,tm,68.58999999999999,0.5131943990054424,0.07098701299401
UTM,243,tm,68.78999999999999,0.562204849004047,0.07319312199979322
UTM,244,tm,68.61,0.5592855180002516,0.06928993499604985
UTM,245,tm,68.53,0.5542896819970338,0.07219312799861655
UTM,246,tm,68.61,0.5540994399998453,0.07093310200434644
UTM,247,tm,68.05,0.5424361100012902,0.07478401400294388
UTM,248,tm,68.13,0.5536046470006113,0.07082528599858051
UTM,249,tm,68.10000000000001,0.5641579789953539,0.07201928299764404
UTM,250,tm,68.07,0.5340862930024741,0.07074032200034708
UTM,251,tm,68.03,0.5572450479958206,0.0724636980012292
UTM,252,tm,68.37,0.55831277899415,0.07303865099675022
UTM,253,tm,68.14,0.564191341996775,0.07132822999847122
UTM,254,tm,68.58999999999999,0.5589878750033677,0.07484485000168206
UTM,255,tm,68.5,0.5652813849956146,0.0724279759961064
UTM,256,tm,68.28999999999999,0.563886398995237,0.07306465000147
UTM,257,tm,67.89,0.5545265819964698,0.07204432199796429
UTM,258,tm,67.88,0.5494191439938731,0.07158018299378455
UTM,259,tm,67.56,0.5568081039964454,0.07382380699709756
UTM,260,tm,67.94,0.5584928039970691,0.07176647099549882
UTM,261,tm,68.15,0.5487291169993114,0.07101377499930095
UTM,262,tm,68.30000000000001,0.5594924770048237,0.07258268199802842
UTM,263,tm,68.52000000000001,0.5582647050032392,0.07172971899854019
UTM,264,tm,68.28,0.5682025170026463,0.0707362760003889
UTM,265,tm,68.22,0.5561771420034347,0.07360166899889009
UTM,266,tm,68.43,0.5659499629982747,0.07390275200305041
UTM,267,tm,68.52000000000001,0.5547363110017614,0.07098059699637815
UTM,268,tm,68.14,0.5549756250038627,0.07107376299973112
UTM,269,tm,67.86,0.5538317129976349,0.0709693620010512
UTM,270,tm,68.04,0.55708016299468,0.07337417999951867
UTM,271,tm,67.99,0.5471575109986588,0.07360978600627277
UTM,272,tm,67.34,0.5453218429975095,0.07172452499798965
UTM,273,tm,67.96,0.5517913520016009,0.07272391700098524
UTM,274,tm,67.73,0.5425705460002064,0.07316344999708235
UTM,275,tm,67.83,0.5689091200038092,0.07024413599719992
UTM,276,tm,68.07,0.548077690997161,0.07264933400438167
UTM,277,tm,68.44,0.5619262819964206,0.07313611500285333
UTM,278,tm,68.28999999999999,0.5673953739969875,0.0722019469976658
UTM,279,tm,68.14,0.5590818299970124,0.07512769599998137
UTM,280,tm,67.9,0.5566593010007637,0.07468859700020403
UTM,281,tm,67.7,0.5571828039974207,0.07247214500239352
UTM,282,tm,67.88,0.5520745970061398,0.0725387740021688
UTM,283,tm,67.75999999999999,0.5546932249999372,0.07221668000420323
UTM,284,tm,67.49000000000001,0.5640345339998021,0.07345402400096646
UTM,285,tm,67.73,0.5639976630045567,0.07306486999732442
UTM,286,tm,68.51,0.5595636529978947,0.07417720899684355
UTM,287,tm,67.75,0.5719803100000718,0.07292995900206733
UTM,288,tm,68.31,0.554212342001847,0.0733406970030046
UTM,289,tm,67.97,0.5547920989993145,0.07389300499926321
UTM,290,tm,68.08999999999999,0.5554849680047482,0.07483903100364842
UTM,291,tm,67.97,0.5621515500024543,0.0713664190043346
UTM,292,tm,67.54,0.548732650000602,0.07091389800189063
UTM,293,tm,67.12,0.5311970700058737,0.07280411200190429
UTM,294,tm,66.52,0.5727490919962293,0.0723309069944662
UTM,295,tm,67.08,0.5715879449999193,0.07418070799758425
UTM,296,tm,67.32000000000001,0.5764052470040042,0.07410716599406442
UTM,297,tm,67.60000000000001,0.5462409129977459,0.07399844100291375
UTM,298,tm,68.36,0.5658278259943472,0.07364809600403532
UTM,299,tm,68.37,0.5634320739991381,0.07336832999862963
UTM,300,tm,68.31,0.5705783090015757,0.07353431999945315
UTM,301,tm,68.31,0.5614248839992797,0.07362468499923125
UTM,302,tm,68.2,0.5605093209960614,0.07396111699927133
UTM,303,tm,68.39,0.5570388400010415,0.07303521200083196
UTM,304,tm,67.74,0.5606106910054223,0.06976739699894097
UTM,305,tm,68.06,0.55162766900321,0.07092606500373222
UTM,306,tm,68.01,0.5683737219951581,0.07100411000283202
UTM,307,tm,67.97,0.5500159479997819,0.07090809700457612
UTM,308,tm,68.06,0.5694437830024981,0.07246362500154646
UTM,309,tm,68.06,0.563563878997229,0.07235600900457939
UTM,310,tm,68.01,0.5470408939945628,0.07112601499829907
UTM,311,tm,67.85,0.5591173569991952,0.06984641299641225
UTM,312,tm,68.15,0.5622254469999461,0.07189942900004098
UTM,313,tm,68.67999999999999,0.5390946490006172,0.07019820399727905
UTM,314,tm,68.46,0.5603175669966731,0.07447882600536104
UTM,315,tm,68.38,0.5641904549993342,0.07450057200185256
UTM,316,tm,67.91,0.5572855479986174,0.07008970499737188
UTM,317,tm,67.95,0.5603186849984922,0.07421303699811688
UTM,318,tm,68.11,0.5315447350003524,0.07240201600507135
UTM,319,tm,68.62,0.5680483760006609,0.07240521399944555
UTM,320,tm,68.46,0.5389479500008747,0.07075409599929117
UTM,321,tm,68.30000000000001,0.5563996459968621,0.07021356299810577
UTM,322,tm,68.11,0.5546028569951886,0.0725712339990423
UTM,323,tm,68.37,0.5442911140053184,0.07293031799781602
UTM,324,tm,67.97999999999999,0.5526205639980617,0.07291982099559391
UTM,325,tm,68.30000000000001,0.564468314005353,0.07206374399538618
UTM,326,tm,67.85,0.5505485589965247,0.06989333799720043
UTM,327,tm,68.0,0.5482087759955903,0.0723759339962271
UTM,328,tm,68.05,0.558778838996659,0.07182897699385649
UTM,329,tm,67.80000000000001,0.5567561969946837,0.07280251000338467
UTM,330,tm,68.03,0.5602027170025394,0.07209077700099442
UTM,331,tm,68.62,0.556297433002328,0.07441683999786619
UTM,332,tm,68.26,0.5620794759961427,0.07330100299441256
UTM,333,tm,68.25,0.5553403520025313,0.07115389200043865
UTM,334,tm,68.01,0.5535199660007493,0.0732487690038397
UTM,335,tm,68.25,0.5650009179953486,0.0730805560015142
UTM,336,tm,67.62,0.5614534609994735,0.0721355939967907
UTM,337,tm,67.96,0.564516212005401,0.0792240149967256
UTM,338,tm,67.56,0.569028404999699,0.07293744000344304
UTM,339,tm,67.31,0.5539232699957211,0.07149298000149429
UTM,340,tm,68.23,0.5615729069977533,0.07174171500082593
UTM,341,tm,68.77,0.5559473379980773,0.0747662659996422
UTM,342,tm,68.86,0.563350945005368,0.07278681900061201
UTM,343,tm,68.86,0.5579842799998005,0.07346055800007889
UTM,344,tm,68.58999999999999,0.5651222820015391,0.07402112099953229
UTM,345,tm,68.27,0.5612825169955613,0.07460081400495255
UTM,346,tm,68.44,0.5738209289993392,0.07345863599766744
UTM,347,tm,68.38,0.5663603279972449,0.07270362800045405
UTM,348,tm,67.81,0.5571046379991458,0.07318942800338846
UTM,349,tm,68.14,0.5704062730001169,0.07355017100053374
UTM,350,tm,68.03,0.5585888960049488,0.07402439800353022
UTM,351,tm,67.86999999999999,0.5749053399995319,0.07240092199936043
UTM,352,tm,68.11,0.5674014949981938,0.07427779400313739
UTM,353,tm,68.28999999999999,0.5675751359958667,0.07159892900381237
UTM,354,tm,68.61,0.5508483939993312,0.07202535899705254
UTM,355,tm,68.11,0.5579079239978455,0.07126768200396327
UTM,356,tm,68.07,0.5557350829985808,0.0727450820049853
UTM,357,tm,68.14,0.5679383070018957,0.07126786500157323
UTM,358,tm,68.30000000000001,0.5658653259961284,0.07084255000518169
UTM,359,tm,68.47,0.5549867609952344,0.07294844499847386
UTM,360,tm,68.22,0.5598529670023709,0.07355011400068179
UTM,361,tm,68.02,0.5527691280003637,0.07287038999493234
UTM,362,tm,67.63,0.5556962400005432,0.0718265010000323
UTM,363,tm,68.26,0.5560724410024704,0.0714461300012772
UTM,364,tm,68.47999999999999,0.5554965150004136,0.07729213099810295
UTM,365,tm,68.88,0.5635590570018394,0.07338405000336934
UTM,366,tm,68.78999999999999,0.5567410470030154,0.0728561760042794
UTM,367,tm,68.45,0.5540383659972576,0.07450959099514876
UTM,368,tm,68.45,0.5646905620014877,0.07202560100267874
UTM,369,tm,68.23,0.5338654080042033,0.07146907599963015
UTM,370,tm,68.15,0.5670026930019958,0.0727863520005485
UTM,371,tm,68.30000000000001,0.5578808700010995,0.07244224099849816
UTM,372,tm,68.26,0.5667808950020117,0.07266879500093637
UTM,373,tm,68.28999999999999,0.5621875340002589,0.07439074200374307
UTM,374,tm,68.02,0.5656077950043255,0.07338259100652067
UTM,375,tm,68.52000000000001,0.5469981009955518,0.07313088299997617
UTM,376,tm,68.58999999999999,0.5625963979982771,0.0729529710006318
UTM,377,tm,68.22,0.5531719040009193,0.07167900400236249
UTM,378,tm,68.28999999999999,0.5481077570002526,0.0712859990017023
UTM,379,tm,67.91,0.55973681499745,0.08098287100438029
UTM,380,tm,68.16,0.5484803569997894,0.07135532600659644
UTM,381,tm,67.9,0.5565244899989921,0.07285712000157218
UTM,382,tm,68.33,0.5590154439996695,0.07325429600314237
UTM,383,tm,68.47999999999999,0.5569862219999777,0.07274055299785687
UTM,384,tm,68.31,0.5618770789951668,0.07089199099573307
UTM,385,tm,68.12,0.5588565720026963,0.07398296599421883
UTM,386,tm,68.27,0.5644213400009903,0.07190057899424573
UTM,387,tm,68.15,0.5720347030000994,0.07308390500111273
UTM,388,tm,68.36,0.5573086520016659,0.07214941100392025
UTM,389,tm,68.14,0.5512295459993766,0.07219465100206435
UTM,390,tm,67.67,0.5526954340020893,0.07265965599799529
UTM,391,tm,67.97999999999999,0.5542457289993763,0.07259229500050424
UTM,392,tm,68.06,0.555088812005124,0.07512747299915645
UTM,393,tm,68.30000000000001,0.5627243429989903,0.07282289300201228
UTM,394,tm,68.67999999999999,0.559322647000954,0.07347909899544902
UTM,395,tm,68.89999999999999,0.5612213659987901,0.0719104329982656
UTM,396,tm,68.52000000000001,0.5723403219963075,0.07005049999861512
UTM,397,tm,68.54,0.5531369020027341,0.07048340299661504
UTM,398,tm,68.27,0.5514037320026546,0.07351206099701812
UTM,399,tm,68.08999999999999,0.5548085930058733,0.07268930800637463
UTM,400,tm,67.9,0.5321701469947584,0.07459358499909285
UTM,401,tm,67.71000000000001,0.5732077220018255,0.07032493199949386
UTM,402,tm,67.5,0.5632136929998524,0.07277742299629608
UTM,403,tm,67.5,0.5645381919966894,0.07134265299828257
UTM,404,tm,67.91,0.5618820699964999,0.07281746299850056
UTM,405,tm,68.06,0.5586889940022957,0.07231517000036547
UTM,406,tm,68.01,0.5535274810026749,0.07152199099800782
UTM,407,tm,67.96,0.5561172320012702,0.07094178200350143
UTM,408,tm,68.47999999999999,0.567783912003506,0.07265877300233115
UTM,409,tm,68.65,0.5567490729954443,0.07294430299953092
UTM,410,tm,68.35,0.5531091560042114,0.07356910700036678
UTM,411,tm,67.85,0.5589507719996618,0.07178512799873715
UTM,412,tm,67.99,0.5550419479986886,0.07284717000584351
UTM,413,tm,67.47,0.5645644719988923,0.07180719800089719
UTM,414,tm,67.34,0.5609828169981483,0.07248607499786885
UTM,415,tm,67.97999999999999,0.5599580030029756,0.07128924499556888
UTM,416,tm,67.80000000000001,0.552135748002911,0.07235621300060302
UTM,417,tm,68.06,0.5570014949989854,0.07218728300358634
UTM,418,tm,67.93,0.559362540996517,0.07389929300552467
UTM,419,tm,67.88,0.5574772199979634,0.07128315699810628
UTM,420,tm,67.75,0.5584392879973166,0.07260015099745942
UTM,421,tm,68.25,0.5583171399994171,0.07073194399708882
UTM,422,tm,68.17999999999999,0.5548892229999183,0.07135836299858056
UTM,423,tm,68.46,0.5706545030043344,0.07392844700370915
UTM,424,tm,68.28,0.5584852629981469,0.07456842200190295
UTM,425,tm,68.13,0.5695711419975851,0.07382974699430633
UTM,426,tm,68.41000000000001,0.5650502130010864,0.07361693600250874
UTM,427,tm,67.78,0.576433068003098,0.06990314600261627
UTM,428,tm,68.04,0.5562842260042089,0.0726309159945231
UTM,429,tm,67.88,0.5405747609984246,0.07438626699877204
UTM,430,tm,67.60000000000001,0.5624534610033152,0.07302663200243842
UTM,431,tm,67.69,0.5580079880019184,0.07271301199943991
UTM,432,tm,67.63,0.5597721059966716,0.0730114269972546
UTM,433,tm,67.36,0.5525388570022187,0.07200333900254918
UTM,434,tm,67.94,0.5653984460004722,0.07220914199569961
UTM,435,tm,68.67999999999999,0.5557231650018366,0.07260807899729116
UTM,436,tm,68.74,0.5694610430000466,0.07376548400497995
UTM,437,tm,68.63,0.5399627310034703,0.07328980600141222
UTM,438,tm,68.36,0.5561355359968729,0.07356807500036666
UTM,439,tm,68.32000000000001,0.5563985789995058,0.07414022399461828
UTM,440,tm,67.95,0.5597636730017257,0.07279232700238936
UTM,441,tm,67.97999999999999,0.5573593720037024,0.0726669520008727
UTM,442,tm,68.08,0.5505979860026855,0.07127866600058042
UTM,443,tm,68.28999999999999,0.5497536070033675,0.07148186200356577
UTM,444,tm,68.14,0.5675526129998616,0.07300065700110281
UTM,445,tm,68.11,0.5639007549980306,0.07254093599476619
UTM,446,tm,67.74,0.5583494430029532,0.07020539900258882
UTM,447,tm,67.97,0.5559960669997963,0.07253044499520911
UTM,448,tm,68.19,0.5633279829999083,0.07251950600038981
UTM,449,tm,68.05,0.5690465610023239,0.07048485999985132
UTM,450,tm,68.17999999999999,0.5609138009967864,0.07163056100398535
UTM,451,tm,68.41000000000001,0.5598514399971464,0.07298034300038125
UTM,452,tm,68.39,0.5717538200042327,0.07413000400265446
UTM,453,tm,68.53,0.5558965669988538,0.07406492299924139
UTM,454,tm,68.35,0.5557199269969715,0.07594240499747684
UTM,455,tm,68.42,0.5699064189975616,0.07291968700155849
UTM,456,tm,68.23,0.5576405940009863,0.0713486800013925
UTM,457,tm,68.23,0.555926430002728,0.07333194199600257
UTM,458,tm,68.0,0.5549150930019096,0.07298181400255999
UTM,459,tm,68.32000000000001,0.5525848170000245,0.07115173599595437
UTM,460,tm,67.99,0.5578460739998263,0.07178356000076747
UTM,461,tm,68.33,0.5614321120010572,0.07204856499447487
UTM,462,tm,68.61,0.5566463020004448,0.07504416199662955
UTM,463,tm,68.28999999999999,0.5581558740013861,0.07306829499430023
UTM,464,tm,68.12,0.5552853010012768,0.07333066099818097
UTM,465,tm,68.4,0.5560545949992957,0.0719267230015248
UTM,466,tm,68.66,0.561954541997693,0.07166249599686125
UTM,467,tm,68.39,0.5346049099971424,0.07414220800274052
UTM,468,tm,68.63,0.5580146189968218,0.07035678999818629
UTM,469,tm,68.63,0.5637298350047786,0.07316022799932398
UTM,470,tm,68.54,0.5567527829989558,0.07478905199968722
UTM,471,tm,68.11,0.558771190000698,0.07289230600144947
UTM,472,tm,68.28,0.5662875660054851,0.0732779190002475
UTM,473,tm,68.37,0.5622840040014125,0.07521841100242455
UTM,474,tm,68.55,0.565414068994869,0.07715605800331105
UTM,475,tm,68.56,0.5637832200009143,0.0767263629968511
UTM,476,tm,68.86,0.5638213720012573,0.07486761899781413
UTM,477,tm,68.14,0.5685080840048613,0.07326392699906137
UTM,478,tm,67.91,0.5590929749960196,0.0744227300019702
UTM,479,tm,67.92,0.5616142110011424,0.0717005410042475
UTM,480,tm,68.01,0.5517162850010209,0.07384717900276883
UTM,481,tm,68.24,0.5562439019995509,0.07042047999857459
UTM,482,tm,67.56,0.5574079850048292,0.07260640800086549
UTM,483,tm,68.25,0.5445106980041601,0.07489723100297851
UTM,484,tm,68.5,0.5677968640011386,0.07319962499605026
UTM,485,tm,68.67,0.5697904629996629,0.0759214220015565
UTM,486,tm,68.56,0.5518611619991134,0.0692491340014385
UTM,487,tm,68.27,0.5643198659963673,0.07188676499936264
UTM,488,tm,68.27,0.5654053620019113,0.07346444999711821
UTM,489,tm,68.01,0.5548965220004902,0.07365476900304202
UTM,490,tm,67.56,0.562381383999309,0.072596985999553
UTM,491,tm,67.86,0.5588138820021413,0.07191293099458562
UTM,492,tm,68.0,0.5739115129981656,0.07293007899716031
UTM,493,tm,68.37,0.5699252920021536,0.07179689100303221
UTM,494,tm,68.58,0.5592552649977733,0.07265983099932782
UTM,495,tm,68.26,0.5735226199976751,0.07435200499458006
UTM,496,tm,68.88,0.5624208700028248,0.0735832010032027
UTM,497,tm,68.49,0.5681631290062796,0.07409666199964704
UTM,498,tm,68.54,0.563557565001247,0.07628142800240312
UTM,499,tm,68.46,0.5549892260023626,0.07299389100080589
UTM,500,tm,67.85,0.5607267259983928,0.07276136099972064
WTM,1,tm,61.33,0.4800870639955974,0.06476055800158065
WTM,2,tm,64.79,0.4098576729957131,0.06591795200074557
WTM,3,tm,66.10000000000001,0.4004663130035624,0.06436678700265475
WTM,4,tm,67.34,0.3702369460006594,0.06435554999916349
WTM,5,tm,67.02,0.3712534799997229,0.06394300299871247
WTM,6,tm,66.60000000000001,0.36332582499744603,0.06612350999785122
WTM,7,tm,67.44,0.3628256650044932,0.06664970899873879
WTM,8,tm,70.42,0.3519186869962141,0.06481754400010686
WTM,9,tm,71.00999999999999,0.35171113300020806,0.06422741399728693
WTM,10,tm,71.61999999999999,0.34873791100108065,0.06375005099835107
WTM,11,tm,68.97999999999999,0.339808937998896,0.06485799800429959
WTM,12,tm,68.26,0.35387427000387106,0.06615663500269875
WTM,13,tm,70.7,0.34254832300212,0.06523667400324484
WTM,14,tm,71.47,0.3424183430033736,0.0649252559960587
WTM,15,tm,70.15,0.3437326179991942,0.06555720699543599
WTM,16,tm,69.97,0.3331455899970024,0.06530991099862149
WTM,17,tm,70.62,0.3369805129987071,0.0659129630003008
WTM,18,tm,69.67,0.3441275239965762,0.065300661000947
WTM,19,tm,72.34,0.33769706200109795,0.06627100699552102
WTM,20,tm,72.55,0.3298308140001609,0.06667372200172395
WTM,21,tm,72.15,0.3436811369974748,0.06551742799638305
WTM,22,tm,71.23,0.33782501999667147,0.06473149800149258
WTM,23,tm,71.27,0.3292319160027546,0.06549069099855842
WTM,24,tm,71.33,0.33213505599997006,0.06502996099879965
WTM,25,tm,71.64,0.3388555620040279,0.06552323299547425
WTM,26,tm,70.30999999999999,0.328005632996792,0.06643811099638697
WTM,27,tm,72.94,0.33336673200392397,0.06610366700624581
WTM,28,tm,72.45,0.32699784899887163,0.06464013300137594
WTM,29,tm,73.82,0.32827231800183654,0.06594951099395985
WTM,30,tm,71.48,0.32557173499662895,0.06415776500216452
WTM,31,tm,72.74000000000001,0.3243436720003956,0.06413794499530923
WTM,32,tm,73.07000000000001,0.3262438550009392,0.06563283200375736
WTM,33,tm,72.24000000000001,0.3300822379969759,0.061625823997019324
WTM,34,tm,73.68,0.32708743800321827,0.06977889700647211
WTM,35,tm,73.25,0.33282052999857115,0.06603990300209261
WTM,36,tm,73.66,0.32647515799908433,0.06667027199728182
WTM,37,tm,69.81,0.32480807899992215,0.06426403800287517
WTM,38,tm,73.81,0.3246158749971073,0.064786221999384
WTM,39,tm,75.09,0.31752589299867395,0.0645472750038607
WTM,40,tm,71.12,0.3270607409940567,0.06549800300126662
WTM,41,tm,71.71,0.32228575099725276,0.06394513600389473
WTM,42,tm,73.11,0.32275248800578993,0.06627735400252277
WTM,43,tm,73.38,0.3149753649995546,0.065697491998435
WTM,44,tm,72.28999999999999,0.32602635600051144,0.06555166099860799
WTM,45,tm,72.8,0.3329818290003459,0.0661256340026739
WTM,46,tm,74.09,0.3309892389952438,0.06804281500080833
WTM,47,tm,73.19,0.33909540100285085,0.06509629100037273
WTM,48,tm,69.71000000000001,0.32132242499938,0.06599834500229917
WTM,49,tm,71.92,0.31983347299683373,0.06394095399446087
WTM,50,tm,68.28,0.3334357359999558,0.06576287299685646
WTM,51,tm,72.78999999999999,0.32801114200265147,0.06729575800272869
WTM,52,tm,72.32,0.3209205019957153,0.06637231600325322
WTM,53,tm,72.34,0.3138669070031028,0.06608467000478413
WTM,54,tm,74.58,0.3224176459989394,0.06576539399975445
WTM,55,tm,73.47,0.31533927800046513,0.06587120000040159
WTM,56,tm,72.2,0.3159759080008371,0.06623541100270813
WTM,57,tm,73.42,0.32181832900096197,0.06560072899446823
WTM,58,tm,71.92,0.31582133100164356,0.06743314200139139
WTM,59,tm,73.35000000000001,0.32476162400416797,0.06524134500068612
WTM,60,tm,73.21,0.33076998699834803,0.06658473499555839
WTM,61,tm,73.89,0.32241135699587176,0.06627218299399829
WTM,62,tm,73.95,0.32463067199569196,0.0631251670056372
WTM,63,tm,73.9,0.319050938996952,0.06627609499992104
WTM,64,tm,71.46000000000001,0.32400797800073633,0.06508065800153418
WTM,65,tm,72.55,0.320787823999126,0.06515925599524053
WTM,66,tm,72.11,0.3197005399997579,0.06712492299993755
WTM,67,tm,71.8,0.3116348090043175,0.0662082199996803
WTM,68,tm,74.38,0.3153171129961265,0.06425082399800885
WTM,69,tm,72.31,0.319266089994926,0.06561264899937669
WTM,70,tm,71.31,0.31526242299878504,0.06652524599485332
WTM,71,tm,73.5,0.3156103719957173,0.06748297699959949
WTM,72,tm,72.45,0.3240067650040146,0.0678996510032448
WTM,73,tm,73.08,0.31593508700461825,0.06502036699384917
WTM,74,tm,72.75,0.3138778530046693,0.06415944800392026
WTM,75,tm,71.27,0.32323426099901553,0.06530670700158225
WTM,76,tm,71.81,0.3223057399954996,0.06521929500013357
WTM,77,tm,72.92,0.3166561149992049,0.06549734500003979
WTM,78,tm,73.52,0.3214378199991188,0.06534174199623521
WTM,79,tm,74.47,0.31688370700430823,0.06569205300183967
WTM,80,tm,73.61999999999999,0.32135798699891893,0.06480687799921725
WTM,81,tm,71.22,0.32042258600267814,0.06559121999453055
WTM,82,tm,73.28,0.3153623100006371,0.06526943900098559
WTM,83,tm,74.28,0.31765958799951477,0.06643583299592137
WTM,84,tm,74.05000000000001,0.3119935990034719,0.06585352199908812
WTM,85,tm,71.63000000000001,0.3167301290013711,0.06749272600427503
WTM,86,tm,72.98,0.3173896070002229,0.06699757900059922
WTM,87,tm,72.21,0.31773587200586917,0.06590122000488918
WTM,88,tm,72.89,0.30988842099759495,0.06549104699661257
WTM,89,tm,71.64,0.31091762900177855,0.06580232400301611
WTM,90,tm,72.58,0.31463472500036005,0.06689077900227858
WTM,91,tm,72.71,0.32398041000124067,0.06758969299698947
WTM,92,tm,75.16000000000001,0.319373259000713,0.06625931700546062
WTM,93,tm,72.26,0.32353321399568813,0.06380543299746932
WTM,94,tm,71.89,0.3178499599962379,0.0674067220024881
WTM,95,tm,71.67,0.31475888500426663,0.06618531900312519
WTM,96,tm,74.56,0.3168333579960745,0.06750660199759295
WTM,97,tm,73.92,0.31316235499980394,0.06535817300027702
WTM,98,tm,70.14,0.3215333050029585,0.06657462700241012
WTM,99,tm,72.13000000000001,0.32114316600200254,0.0667148639986408
WTM,100,tm,74.08,0.3130057999951532,0.06628092999744695
WTM,101,tm,73.4,0.313264803000493,0.06835222799418261
WTM,102,tm,71.12,0.3149022740035434,0.06511781700100983
WTM,103,tm,72.13000000000001,0.3093055019999156,0.07088944599672686
WTM,104,tm,73.13,0.3195607800007565,0.06623160200251732
WTM,105,tm,72.57000000000001,0.31205200900149066,0.06648476100235712
WTM,106,tm,70.71,0.3279933710000478,0.06773630800307728
WTM,107,tm,73.95,0.3185311900015222,0.06711510499735596
WTM,108,tm,73.44000000000001,0.3077236039971467,0.06521110299945576
WTM,109,tm,73.87,0.3180805260053603,0.06698120100190863
WTM,110,tm,70.49,0.3130096609966131,0.06663838499662234
WTM,111,tm,73.22,0.32050459899619455,0.06703241200011689
WTM,112,tm,73.27,0.317119241997716,0.0655569899972761
WTM,113,tm,72.84,0.3208813539968105,0.06532227600109763
WTM,114,tm,74.8,0.31687620299635455,0.06589573599922005
WTM,115,tm,73.53,0.3205471840046812,0.0667484370060265
WTM,116,tm,71.73,0.3142383329977747,0.06557700200210093
WTM,117,tm,74.98,0.3172217460014508,0.06567608199839015
WTM,118,tm,71.96000000000001,0.3213530749999336,0.0666719259970705
WTM,119,tm,70.93,0.3118638779997127,0.06744930700369878
WTM,120,tm,72.55,0.3215520710000419,0.06615523599612061
WTM,121,tm,72.22,0.3120022950024577,0.06529005300399149
WTM,122,tm,72.7,0.32007822500600014,0.06664603800163604
WTM,123,tm,74.76,0.3220746439983486,0.06590746699657757
WTM,124,tm,71.37,0.32192094399943016,0.06751871400047094
WTM,125,tm,74.49,0.3188690669994685,0.06683182899723761
WTM,126,tm,71.5,0.31477145200187806,0.06701016599981813
WTM,127,tm,70.88,0.31487533900508424,0.0671477580035571
WTM,128,tm,73.27,0.32903159199486254,0.06586906399752479
WTM,129,tm,75.6,0.3228796159964986,0.06786637799814343
WTM,130,tm,72.7,0.32421355299447896,0.068071459994826
WTM,131,tm,72.22,0.31728013399697375,0.0671784580044914
WTM,132,tm,72.45,0.30907593900337815,0.06829792699863901
WTM,133,tm,71.67,0.31189813499804586,0.0669934280012967
WTM,134,tm,70.54,0.3263254780031275,0.06676834399695508
WTM,135,tm,73.0,0.31609854999987874,0.06526655700145056
WTM,136,tm,74.88,0.3164132989986683,0.06598577000113437
WTM,137,tm,75.72,0.3095464450016152,0.06324189800216118
WTM,138,tm,72.88,0.31412193699361524,0.06665012799930992
WTM,139,tm,73.59,0.3093177510017995,0.06680747200152837
WTM,140,tm,74.64,0.3145532339985948,0.06666489000053843
WTM,141,tm,71.49,0.31798757100477815,0.06615669999882812
WTM,142,tm,74.1,0.3150498139948468,0.0661989279979025
WTM,143,tm,69.72,0.3213664860013523,0.06508438799937721
WTM,144,tm,74.55000000000001,0.32306513599905884,0.06768559599731816
WTM,145,tm,74.83999999999999,0.3168878600044991,0.06675613400147995
WTM,146,tm,72.92999999999999,0.3194044810006744,0.06714228900091257
WTM,147,tm,73.91,0.31426198800181737,0.06686946999980137
WTM,148,tm,75.82,0.31198654000036186,0.0674864160027937
WTM,149,tm,72.87,0.3095218210000894,0.06647445500129834
WTM,150,tm,73.97,0.3176498859975254,0.07050770999921951
WTM,151,tm,73.75,0.31966837999789277,0.0657133549975697
WTM,152,tm,74.49,0.31299039899749914,0.06776765800168505
WTM,153,tm,71.73,0.3065545639983611,0.06538586600072449
WTM,154,tm,73.2,0.314924300997518,0.06524134199571563
WTM,155,tm,75.28,0.3158782969985623,0.06584754600044107
WTM,156,tm,73.36,0.31446201800281415,0.06689700800052378
WTM,157,tm,71.36,0.3151209400020889,0.06534249099786393
WTM,158,tm,74.63,0.32224834999942686,0.06707017900043866
WTM,159,tm,73.0,0.31391210300353123,0.06595927900343668
WTM,160,tm,72.74000000000001,0.3117296199998236,0.06605493299866794
WTM,161,tm,76.16000000000001,0.31591049000417115,0.06470150599488989
WTM,162,tm,74.39,0.3107611250015907,0.06587474499974633
WTM,163,tm,72.54,0.3195153130000108,0.06574926599569153
WTM,164,tm,76.64,0.31834512500063283,0.06553057100245496
WTM,165,tm,73.59,0.31978054600040196,0.06587599300110014
WTM,166,tm,70.26,0.3114449490021798,0.06780392999644391
WTM,167,tm,73.02,0.3157590499977232,0.0656737340032123
WTM,168,tm,73.9,0.3147816069977125,0.06600682600401342
WTM,169,tm,75.25,0.3106701369979419,0.06361890200059861
WTM,170,tm,76.03999999999999,0.31787997200444806,0.06646259300032398
WTM,171,tm,75.42999999999999,0.32100465199619066,0.06721144300536253
WTM,172,tm,74.97,0.3137904079994769,0.06730098799744155
WTM,173,tm,73.11999999999999,0.3178482540024561,0.06548490599379875
WTM,174,tm,74.21,0.30786862099921564,0.06567301600443898
WTM,175,tm,74.48,0.31559686599939596,0.06545921299402835
WTM,176,tm,74.74,0.30717560600169236,0.06641167799534742
WTM,177,tm,72.75,0.31743266499688616,0.0676636049975059
WTM,178,tm,75.49,0.31482716200116556,0.06612548499833792
WTM,179,tm,72.32,0.3195151170002646,0.0682154910027748
WTM,180,tm,72.95,0.31214053599978797,0.06767289900017204
WTM,181,tm,72.44,0.3097202290009591,0.06627431500237435
WTM,182,tm,71.32,0.31191617799777305,0.06994077700073831
WTM,183,tm,73.8,0.3122822850054945,0.06553765699936775
WTM,184,tm,72.50999999999999,0.31394457099668216,0.06533277799462667
WTM,185,tm,73.77,0.31630043600307545,0.06783011100196745
WTM,186,tm,74.22,0.31415265299438033,0.06655645399587229
WTM,187,tm,73.67,0.31155900599696906,0.06464724200486671
WTM,188,tm,75.32,0.3144592930038925,0.0627051859992207
WTM,189,tm,76.02,0.302444786997512,0.06610371499846224
WTM,190,tm,73.92999999999999,0.31046160000551026,0.06676867700298317
WTM,191,tm,75.33999999999999,0.3125629479982308,0.06617503600136843
WTM,192,tm,73.69,0.3115698999972665,0.06739022900001146
WTM,193,tm,73.86,0.3171610969948233,0.06712708700069925
WTM,194,tm,71.61999999999999,0.31707897200249135,0.0650318670013803
WTM,195,tm,70.98,0.3095764079989749,0.0656077949970495
WTM,196,tm,75.91,0.30913224200048717,0.06587863899767399
WTM,197,tm,72.92,0.3176140849973308,0.0665961300037452
WTM,198,tm,71.53,0.3172579530000803,0.0659909400055767
WTM,199,tm,72.16,0.31767926100292243,0.06684653399861418
WTM,200,tm,72.87,0.3075881650001975,0.06184295099956216
WTM,201,tm,73.66,0.31196697000268614,0.06666521800070768
WTM,202,tm,74.58,0.3097308139986126,0.06656681500317063
WTM,203,tm,74.6,0.30722839800000656,0.0657054719995358
WTM,204,tm,73.22999999999999,0.3154050160010229,0.06699706599465571
WTM,205,tm,74.09,0.3167254209984094,0.06580123800085858
WTM,206,tm,72.59,0.313942101005523,0.06586745400272775
WTM,207,tm,73.83,0.31890222399670165,0.06622500900266459
WTM,208,tm,74.48,0.3170325480023166,0.06740489199728472
WTM,209,tm,72.6,0.3149826290027704,0.0666644839948276
WTM,210,tm,69.75,0.3240032390021952,0.0666175540027325
WTM,211,tm,73.72999999999999,0.31054722699627746,0.06519697099429322
WTM,212,tm,74.29,0.31205607499578036,0.06490029500128003
WTM,213,tm,74.13,0.30969560200173873,0.06597405800130218
WTM,214,tm,72.64,0.3124375580009655,0.0686767500010319
WTM,215,tm,72.11,0.31376552199799335,0.06534486000600737
WTM,216,tm,68.22,0.3132062760050758,0.06626442199922167
WTM,217,tm,71.25,0.31425526599923614,0.06566912599373609
WTM,218,tm,75.06,0.3068924449980841,0.06610890899901278
WTM,219,tm,72.54,0.3145357929970487,0.06692935000319267
WTM,220,tm,74.33999999999999,0.3123484220050159,0.0664932720028446
WTM,221,tm,75.18,0.318374173999473,0.06617078599811066
WTM,222,tm,75.11,0.31302589400002034,0.06722066200018162
WTM,223,tm,71.85000000000001,0.31557096100004856,0.06554656899970723
WTM,224,tm,71.50999999999999,0.3266079360037111,0.06648409299668856
WTM,225,tm,72.82,0.3164735030004522,0.06669482000143034
WTM,226,tm,74.36,0.3165526409939048,0.0652192589986953
WTM,227,tm,72.41,0.31451294900034554,0.06728855700202985
WTM,228,tm,75.0,0.31133010199846467,0.06810370099992724
WTM,229,tm,75.09,0.3149269390050904,0.06636700699891662
WTM,230,tm,70.75,0.3077860060002422,0.06596463100140681
WTM,231,tm,71.77,0.31336573400039924,0.067345348004892
WTM,232,tm,67.36,0.3219253930001287,0.06688729500456247
WTM,233,tm,73.75,0.31425201000092784,0.06667224199918564
WTM,234,tm,73.78,0.3127909089962486,0.06690943200374022
WTM,235,tm,72.25,0.31084961900342023,0.06659328199748415
WTM,236,tm,72.63,0.31355153799813706,0.06516272799490253
WTM,237,tm,72.66,0.3133441829995718,0.0660239190037828
WTM,238,tm,72.39999999999999,0.30860982799640624,0.06616215600661235
WTM,239,tm,72.64,0.3101402069951291,0.0659322700012126
WTM,240,tm,69.85,0.3036693460016977,0.06673929500539089
WTM,241,tm,73.06,0.31216596699960064,0.06752804999996442
WTM,242,tm,72.63,0.31862579500011634,0.06633295900246594
WTM,243,tm,73.22,0.3109555060000275,0.06647658099973341
WTM,244,tm,74.08,0.3073459779989207,0.06612156199844321
WTM,245,tm,73.11999999999999,0.3078377509955317,0.06733843200345291
WTM,246,tm,72.1,0.314081028001965,0.07149197699618526
WTM,247,tm,74.62,0.30920585399871925,0.06892801399953896
WTM,248,tm,72.41,0.3130049409955973,0.06595132000074955
WTM,249,tm,73.71,0.30941095299931476,0.06743519299925538
WTM,250,tm,72.07000000000001,0.31380541999533307,0.06547104699711781
WTM,251,tm,72.63,0.3111391950005782,0.06676476300344802
WTM,252,tm,74.91,0.3062236469995696,0.06705645900365198
WTM,253,tm,74.18,0.314986752004188,0.06758368300506845
WTM,254,tm,73.71,0.31266650700126775,0.06718512999941595
WTM,255,tm,73.31,0.30975059299817076,0.06634843800566159
WTM,256,tm,69.28,0.3077246920001926,0.06662889799918048
WTM,257,tm,74.22999999999999,0.3112052790020243,0.06581353100045817
WTM,258,tm,71.3,0.31274587599909864,0.06585170100152027
WTM,259,tm,73.46000000000001,0.31280168300145306,0.06653984299919102
WTM,260,tm,72.68,0.3125204020034289,0.0648928340015118
WTM,261,tm,73.05,0.30525726600171765,0.06724758299969835
WTM,262,tm,73.56,0.3060114940017229,0.06646912699943641
WTM,263,tm,73.05,0.3177907600038452,0.06657711699517677
WTM,264,tm,73.72999999999999,0.31964413200330455,0.06690281299961498
WTM,265,tm,74.11,0.3073212879971834,0.06601819999923464
WTM,266,tm,74.06,0.3117657590046292,0.06660944900067989
WTM,267,tm,72.44,0.3050732570045511,0.06709899500128813
WTM,268,tm,74.83,0.31045699599781074,0.06616719299927354
WTM,269,tm,74.66000000000001,0.30406256100104656,0.06589945800078567
WTM,270,tm,76.16000000000001,0.3156641559980926,0.06676014699769439
WTM,271,tm,76.44,0.3131070690069464,0.0660339770038263
WTM,272,tm,72.55,0.31592931299383054,0.06711838900082512
WTM,273,tm,74.11,0.3081899389944738,0.06671898200147552
WTM,274,tm,73.58,0.3111635110035422,0.06582606500160182
WTM,275,tm,75.96000000000001,0.3047463629991398,0.06809103300474817
WTM,276,tm,73.36,0.302636803004134,0.06444143700355198
WTM,277,tm,74.14,0.3185382169976947,0.06694874899403658
WTM,278,tm,72.87,0.3102188080010819,0.06654180400073528
WTM,279,tm,71.81,0.31574274099693866,0.06671768199885264
WTM,280,tm,74.67,0.3102948770028888,0.06651815700024599
WTM,281,tm,73.97,0.31208061600045767,0.06556749599985778
WTM,282,tm,72.47,0.3068696199989063,0.066348022002785
WTM,283,tm,74.17,0.3134928060026141,0.0697763779971865
WTM,284,tm,73.82,0.3137473440001486,0.06610755500150844
WTM,285,tm,72.07000000000001,0.3104964820013265,0.06688961399777327
WTM,286,tm,74.83999999999999,0.30079068600025494,0.06662286999926437
WTM,287,tm,74.05000000000001,0.3138378519943217,0.06738177400256973
WTM,288,tm,74.83999999999999,0.31881420600257115,0.06490495299658505
WTM,289,tm,73.96000000000001,0.31300340600137133,0.06648734500049613
WTM,290,tm,75.37,0.3089729810017161,0.06665340999461478
WTM,291,tm,74.85000000000001,0.30756803799886256,0.06779832799657015
WTM,292,tm,74.02,0.3161906850000378,0.06603597000503214
WTM,293,tm,75.78,0.3161557610001182,0.06605567599763162
WTM,294,tm,74.71,0.31430301199725363,0.0662426630005939
WTM,295,tm,74.21,0.31032438299735077,0.06580646100337617
WTM,296,tm,72.21,0.31160146599722793,0.06602015899989055
WTM,297,tm,73.92999999999999,0.3133744349979679,0.06751677000283962
WTM,298,tm,74.72999999999999,0.31383722099417355,0.06811238100635819
WTM,299,tm,74.09,0.30987468300008914,0.06518745499488432
WTM,300,tm,72.34,0.31048897999426117,0.06628752299729967
WTM,301,tm,73.45,0.32345438600168563,0.06629982499725884
WTM,302,tm,71.34,0.3057574790000217,0.06834761999925831
WTM,303,tm,73.69,0.31223722999857273,0.0680054080003174
WTM,304,tm,74.38,0.30280724000476766,0.06723776999569964
WTM,305,tm,73.76,0.31027617800282314,0.06796320700232172
WTM,306,tm,73.9,0.31112546700023813,0.06576700000005076
WTM,307,tm,75.11,0.3120828920000349,0.06633360800333321
WTM,308,tm,75.31,0.31057978599710623,0.06608734899782576
WTM,309,tm,73.32,0.3159244439957547,0.06613737199950265
WTM,310,tm,72.53,0.3115063600052963,0.0668148740005563
WTM,311,tm,72.34,0.30670786099653924,0.06719315599912079
WTM,312,tm,74.45,0.30745767099870136,0.0653665159989032
WTM,313,tm,75.14,0.3089004930006922,0.06718082799488911
WTM,314,tm,74.64,0.31307646900677355,0.0672281520019169
WTM,315,tm,73.29,0.31118663599772844,0.06587077899894211
WTM,316,tm,72.99,0.3142973959984374,0.0673175500051002
WTM,317,tm,72.09,0.31618926100054523,0.06673428900103318
WTM,318,tm,73.85000000000001,0.3120409870025469,0.06720374800352147
WTM,319,tm,72.21,0.3138001980041736,0.06707419799931813
WTM,320,tm,71.61,0.3101897129963618,0.06749504800245631
WTM,321,tm,73.82,0.31316642399906414,0.06698800299636787
WTM,322,tm,74.24,0.30650828900252236,0.06728885899792658
WTM,323,tm,68.17999999999999,0.3156154229945969,0.06748273599805543
WTM,324,tm,75.53999999999999,0.3165519940012018,0.06688551599654602
WTM,325,tm,72.02,0.3125154760055011,0.06545467300020391
WTM,326,tm,73.61999999999999,0.3117272179952124,0.06814881999889622
WTM,327,tm,71.34,0.3108821200003149,0.06864223700540606
WTM,328,tm,70.30999999999999,0.3152351289973012,0.06678752500010887
WTM,329,tm,72.74000000000001,0.3053765279983054,0.06795967800280778
WTM,330,tm,75.94999999999999,0.31621518899919465,0.06677385000512004
WTM,331,tm,72.76,0.31047307400149293,0.066648954001721
WTM,332,tm,75.33,0.314978105998307,0.06672885299485642
WTM,333,tm,73.38,0.3187215270008892,0.06652314500388457
WTM,334,tm,74.9,0.3072801789967343,0.06850766299612587
WTM,335,tm,71.11,0.31073035999725107,0.0674045580017264
WTM,336,tm,73.1,0.3101205079947249,0.06531907000317005
WTM,337,tm,73.22,0.3130115290041431,0.0675289380014874
WTM,338,tm,72.19,0.32127299899730133,0.06618632799654733
WTM,339,tm,71.56,0.3055348940033582,0.06401781699969433
WTM,340,tm,73.98,0.3111546510044718,0.06849236600100994
WTM,341,tm,75.05,0.3252416129980702,0.06656725699576782
WTM,342,tm,69.38,0.3113296019946574,0.06676747800520388
WTM,343,tm,74.74,0.3137684379980783,0.06822876600199379
WTM,344,tm,74.45,0.3118093679950107,0.0666265849940828
WTM,345,tm,74.07000000000001,0.30828249600017443,0.06519676100288052
WTM,346,tm,76.25,0.3028937679991941,0.06537260200275341
WTM,347,tm,73.25,0.3123887999972794,0.0663603129942203
WTM,348,tm,72.89999999999999,0.3179870839958312,0.06598762900102884
WTM,349,tm,71.28999999999999,0.32222696900134906,0.06691752799815731
WTM,350,tm,72.22,0.307174371999281,0.06670560899510747
WTM,351,tm,73.00999999999999,0.31088240199460415,0.06820855199475773
WTM,352,tm,72.88,0.31167385099979583,0.06494011400354793
WTM,353,tm,74.55000000000001,0.30686405899905367,0.06726058899948839
WTM,354,tm,74.26,0.3074437899995246,0.06552744500368135
WTM,355,tm,72.89,0.31327593800233444,0.06548062300134916
WTM,356,tm,75.02,0.3138196430008975,0.06608692000008887
WTM,357,tm,75.0,0.3087870390008902,0.06821721599408193
WTM,358,tm,73.74000000000001,0.31319910699676257,0.06694324700220022
WTM,359,tm,72.92999999999999,0.31206194600235904,0.06597708800109103
WTM,360,tm,76.42999999999999,0.31136318399512675,0.06699524999567075
WTM,361,tm,75.64,0.308427167001355,0.0670406599965645
WTM,362,tm,72.39999999999999,0.30519768899830524,0.06567001000075834
WTM,363,tm,73.13,0.3107005050042062,0.06463354000152322
WTM,364,tm,75.2,0.30875292400014587,0.06642078200093238
WTM,365,tm,73.89,0.30691710300015984,0.0664664000069024
WTM,366,tm,72.23,0.3095275110026705,0.0666435709936195
WTM,367,tm,71.56,0.3245828110011644,0.06586279800103512
WTM,368,tm,73.3,0.31935728800453944,0.06779271000414155
WTM,369,tm,72.11,0.3079922779943445,0.0662210079972283
WTM,370,tm,72.74000000000001,0.314624028003891,0.06573414000013145
WTM,371,tm,74.61,0.31368183599988697,0.066119205999712
WTM,372,tm,74.72999999999999,0.31377693499962334,0.06590874699759297
WTM,373,tm,74.72,0.3076639040009468,0.0689891889996943
WTM,374,tm,72.28,0.307708227999683,0.06647058700036723
WTM,375,tm,72.57000000000001,0.3092045009980211,0.06672482700378168
WTM,376,tm,73.63,0.31127022900182055,0.06494609000219498
WTM,377,tm,70.42,0.31165937300102087,0.06627390700305114
WTM,378,tm,72.85000000000001,0.3173146019980777,0.0671079110034043
WTM,379,tm,74.35000000000001,0.3207345390037517,0.06712348599830875
WTM,380,tm,72.95,0.3137952530014445,0.06588249500055099
WTM,381,tm,74.0,0.3043316479961504,0.06676246000279207
WTM,382,tm,74.21,0.30530149799596984,0.06538103099592263
WTM,383,tm,74.33999999999999,0.3086637329979567,0.0646448390034493
WTM,384,tm,74.2,0.30912472500494914,0.06802840300224489
WTM,385,tm,73.03,0.3124662449990865,0.06602558599843178
WTM,386,tm,73.82,0.31585473899758654,0.06599964099586941
WTM,387,tm,73.56,0.3194923019982525,0.06616332799603697
WTM,388,tm,73.33,0.32289806500193663,0.06460018800135003
WTM,389,tm,75.22999999999999,0.3170812879980076,0.06624919200112345
WTM,390,tm,75.28,0.3166264930041507,0.06423966900183586
WTM,391,tm,74.13,0.3079528529997333,0.06500823000533273
WTM,392,tm,74.66000000000001,0.307245331001468,0.06611820700345561
WTM,393,tm,74.83,0.31046455000614515,0.06679123500362039
WTM,394,tm,75.71,0.3075300630007405,0.06499764999898616
WTM,395,tm,75.55,0.30339554700185545,0.06892686499486445
WTM,396,tm,73.04,0.3102020510050352,0.06769946699932916
WTM,397,tm,72.83,0.3109851629997138,0.0671206560000428
WTM,398,tm,71.86,0.31015031499555334,0.06432232999941334
WTM,399,tm,69.73,0.306011999004113,0.06566313299845206
WTM,400,tm,73.99,0.30641500600177096,0.06540452400076902
WTM,401,tm,74.52,0.3095755510003073,0.06649369699880481
WTM,402,tm,74.81,0.31852743499621283,0.06679675199848134
WTM,403,tm,73.59,0.3071230909990845,0.06595177800045349
WTM,404,tm,74.31,0.3138489000048139,0.06585838699538726
WTM,405,tm,75.7,0.3117761339963181,0.0677187019973644
WTM,406,tm,74.48,0.31689899799675914,0.06638878599915188
WTM,407,tm,73.9,0.3160073749968433,0.06587733500055037
WTM,408,tm,74.37,0.3070643859973643,0.06548324000323191
WTM,409,tm,75.19,0.3135564779950073,0.0672113230029936
WTM,410,tm,74.74,0.3090306279991637,0.06593165999947814
WTM,411,tm,76.44,0.3127893229975598,0.06717815999581944
WTM,412,tm,74.11,0.30921899700479116,0.06673769500048365
WTM,413,tm,72.81,0.3081184049951844,0.06856717399932677
WTM,414,tm,73.03,0.31625154799985467,0.06570676699629985
WTM,415,tm,75.06,0.3149109949954436,0.066945102000318
WTM,416,tm,74.83,0.30955132400413277,0.06422416499844985
WTM,417,tm,73.9,0.3066544600005727,0.06614675699529471
WTM,418,tm,75.53999999999999,0.3081318529948476,0.06556915000692243
WTM,419,tm,74.56,0.3203599350017612,0.06499232500209473
WTM,420,tm,75.77000000000001,0.31061716099793557,0.06616153499635402
WTM,421,tm,74.05000000000001,0.30884155099920463,0.06776369499857537
WTM,422,tm,73.9,0.3048190289991908,0.06436340300570009
WTM,423,tm,73.96000000000001,0.309348199996748,0.06620000900147716
WTM,424,tm,74.82,0.3043576140044024,0.06600214300124208
WTM,425,tm,74.00999999999999,0.3048294270047336,0.06748798499756958
WTM,426,tm,74.22999999999999,0.31518518100347137,0.06691594499716302
WTM,427,tm,72.22,0.31615537999459775,0.06680801800393965
WTM,428,tm,73.67,0.3171919379965402,0.06618605100084096
WTM,429,tm,72.50999999999999,0.30660396800521994,0.06724576799751958
WTM,430,tm,73.97,0.30772434899699874,0.06673884900374105
WTM,431,tm,75.08,0.3033000649957103,0.0655377299990505
WTM,432,tm,72.43,0.3059112720002304,0.06571946100302739
WTM,433,tm,74.13,0.31535901799361454,0.06554757399862865
WTM,434,tm,76.05,0.31197112100198865,0.06733792999875732
WTM,435,tm,73.4,0.3062536950019421,0.06523996100440854
WTM,436,tm,69.55,0.31008885499613825,0.06816944700403837
WTM,437,tm,72.83,0.3135089259958477,0.06850193799618864
WTM,438,tm,72.77,0.3115557990022353,0.06703961899620481
WTM,439,tm,71.91,0.31039790700015146,0.06727523099834798
WTM,440,tm,74.25,0.3052127750052023,0.06767930299974978
WTM,441,tm,73.88,0.3146078159988974,0.06838258299831068
WTM,442,tm,74.39,0.314077440998517,0.06793908699910389
WTM,443,tm,71.06,0.3087303600041196,0.0659547039977042
WTM,444,tm,75.08,0.312157988002582,0.066882547995192
WTM,445,tm,73.0,0.310465970003861,0.06758809300663415
WTM,446,tm,71.56,0.3088007819969789,0.06574455500231124
WTM,447,tm,74.2,0.31609615300112637,0.06625020999490516
WTM,448,tm,72.21,0.30960310899536125,0.06735246899916092
WTM,449,tm,74.2,0.3095242510025855,0.06624494699644856
WTM,450,tm,71.74000000000001,0.31731222600501496,0.06705634600075427
WTM,451,tm,72.66,0.31287344000156736,0.06701216800138354
WTM,452,tm,74.19,0.302869193998049,0.06633820800198009
WTM,453,tm,73.50999999999999,0.30570837700361153,0.066054474998964
WTM,454,tm,72.6,0.3145926610013703,0.0663612540010945
WTM,455,tm,71.61999999999999,0.3028705539982184,0.06641884800046682
WTM,456,tm,75.05,0.3134194869999192,0.06612816399865551
WTM,457,tm,73.1,0.31016136999824084,0.06747005000215722
WTM,458,tm,74.41,0.31272042799537303,0.06776383700344013
WTM,459,tm,74.49,0.3078060230036499,0.0638047269967501
WTM,460,tm,74.21,0.3082133209973108,0.06626443500135792
WTM,461,tm,73.7,0.30718761200114386,0.06606647000444354
WTM,462,tm,73.38,0.3078774940004223,0.06596364400320454
WTM,463,tm,71.75,0.3098568129935302,0.06565678100014338
WTM,464,tm,73.22999999999999,0.3103504440005054,0.06630736499937484
WTM,465,tm,74.07000000000001,0.3120143620035378,0.06657610699767247
WTM,466,tm,72.44,0.31412146200455027,0.0670751459983876
WTM,467,tm,74.22999999999999,0.3123498500062851,0.06649009200191358
WTM,468,tm,72.48,0.31536603400309104,0.06568255899765063
WTM,469,tm,75.53,0.310743440000806,0.06607787999382708
WTM,470,tm,72.61,0.31042317699757405,0.06646663099672878
WTM,471,tm,72.14,0.31424337399948854,0.06608037700061686
WTM,472,tm,71.65,0.31278941700293217,0.07030027300061192
WTM,473,tm,73.46000000000001,0.30937824199645547,0.06623026500164997
WTM,474,tm,73.50999999999999,0.31143420100124786,0.06609880900214193
WTM,475,tm,72.74000000000001,0.3058093639992876,0.0667826650023926
WTM,476,tm,72.89,0.31183718600368593,0.06703266400290886
WTM,477,tm,75.21,0.30478536000009626,0.06868015099462355
WTM,478,tm,73.82,0.31163658299919916,0.06676543500361731
WTM,479,tm,75.18,0.31060367199825123,0.06622889899881557
WTM,480,tm,73.78,0.30962869899667567,0.06655519300693413
WTM,481,tm,74.21,0.3070368680055253,0.06644761200004723
WTM,482,tm,74.76,0.3194862830059719,0.0665322249988094
WTM,483,tm,74.3,0.3104585830005817,0.06806199099810328
WTM,484,tm,73.32,0.30994435799948405,0.06603445499786176
WTM,485,tm,74.39,0.3152329250006005,0.06628730800002813
WTM,486,tm,72.88,0.30587687400111463,0.06755363300180761
WTM,487,tm,73.94,0.30524337200040463,0.06547945799684385
WTM,488,tm,75.53999999999999,0.30358293499739375,0.0687581969978055
WTM,489,tm,75.07000000000001,0.31542273800005205,0.06586898100067629
WTM,490,tm,74.24,0.3060075230023358,0.06640108200372197
WTM,491,tm,72.61999999999999,0.3154051099991193,0.06689936100156046
WTM,492,tm,72.78999999999999,0.3149347519938601,0.06589399500080617
WTM,493,tm,73.91,0.3067531080014305,0.0669342190012685
WTM,494,tm,74.31,0.3140286880006897,0.06432150600448949
WTM,495,tm,76.22,0.3195258859996102,0.06649233299685875
WTM,496,tm,75.87,0.30613961400376866,0.06567216000257758
WTM,497,tm,73.00999999999999,0.31038864600122906,0.06685330300388159
WTM,498,tm,73.56,0.30653123799856985,0.0676650419991347
WTM,499,tm,75.62,0.3108269209988066,0.068189429002814
WTM,500,tm,73.68,0.3135472690046299,0.06598477300576633
WTM-NN,1,tm,61.33,0.4800870639955974,0.06476055800158065
WTM-NN,2,tm,64.79,0.4098576729957131,0.06591795200074557
WTM-NN,3,tm,66.10000000000001,0.4004663130035624,0.06436678700265475
WTM-NN,4,tm,67.34,0.3702369460006594,0.06435554999916349
WTM-NN,5,tm,67.02,0.3712534799997229,0.06394300299871247
WTM-NN,6,tm,66.60000000000001,0.36332582499744603,0.06612350999785122
WTM-NN,7,tm,67.44,0.3628256650044932,0.06664970899873879
WTM-NN,8,tm,70.42,0.3519186869962141,0.06481754400010686
WTM-NN,9,tm,71.00999999999999,0.35171113300020806,0.06422741399728693
WTM-NN,10,tm,71.61999999999999,0.34873791100108065,0.06375005099835107
WTM-NN,11,tm,68.97999999999999,0.339808937998896,0.06485799800429959
WTM-NN,12,tm,68.26,0.35387427000387106,0.06615663500269875
WTM-NN,13,tm,70.7,0.34254832300212,0.06523667400324484
WTM-NN,14,tm,71.47,0.3424183430033736,0.0649252559960587
WTM-NN,15,tm,70.15,0.3437326179991942,0.06555720699543599
WTM-NN,16,tm,69.97,0.3331455899970024,0.06530991099862149
WTM-NN,17,tm,70.62,0.3369805129987071,0.0659129630003008
WTM-NN,18,tm,69.67,0.3441275239965762,0.065300661000947
WTM-NN,19,tm,72.34,0.33769706200109795,0.06627100699552102
WTM-NN,20,tm,72.55,0.3298308140001609,0.06667372200172395
WTM-NN,21,tm,72.15,0.3436811369974748,0.06551742799638305
WTM-NN,22,tm,71.23,0.33782501999667147,0.06473149800149258
WTM-NN,23,tm,71.27,0.3292319160027546,0.06549069099855842
WTM-NN,24,tm,71.33,0.33213505599997006,0.06502996099879965
WTM-NN,25,tm,71.64,0.3388555620040279,0.06552323299547425
WTM-NN,26,tm,70.30999999999999,0.328005632996792,0.06643811099638697
WTM-NN,27,tm,72.94,0.33336673200392397,0.06610366700624581
WTM-NN,28,tm,72.45,0.32699784899887163,0.06464013300137594
WTM-NN,29,tm,73.82,0.32827231800183654,0.06594951099395985
WTM-NN,30,tm,71.48,0.32557173499662895,0.06415776500216452
WTM-NN,31,tm,72.74000000000001,0.3243436720003956,0.06413794499530923
WTM-NN,32,tm,73.07000000000001,0.3262438550009392,0.06563283200375736
WTM-NN,33,tm,72.24000000000001,0.3300822379969759,0.061625823997019324
WTM-NN,34,tm,73.68,0.32708743800321827,0.06977889700647211
WTM-NN,35,tm,73.25,0.33282052999857115,0.06603990300209261
WTM-NN,36,tm,73.66,0.32647515799908433,0.06667027199728182
WTM-NN,37,tm,69.81,0.32480807899992215,0.06426403800287517
WTM-NN,38,tm,73.81,0.3246158749971073,0.064786221999384
WTM-NN,39,tm,75.09,0.31752589299867395,0.0645472750038607
WTM-NN,40,tm,71.12,0.3270607409940567,0.06549800300126662
WTM-NN,41,tm,71.71,0.32228575099725276,0.06394513600389473
WTM-NN,42,tm,73.11,0.32275248800578993,0.06627735400252277
WTM-NN,43,tm,73.38,0.3149753649995546,0.065697491998435
WTM-NN,44,tm,72.28999999999999,0.32602635600051144,0.06555166099860799
WTM-NN,45,tm,72.8,0.3329818290003459,0.0661256340026739
WTM-NN,46,tm,74.09,0.3309892389952438,0.06804281500080833
WTM-NN,47,tm,73.19,0.33909540100285085,0.06509629100037273
WTM-NN,48,tm,69.71000000000001,0.32132242499938,0.06599834500229917
WTM-NN,49,tm,71.92,0.31983347299683373,0.06394095399446087
WTM-NN,50,tm,68.28,0.3334357359999558,0.06576287299685646
WTM-NN,51,tm,72.78999999999999,0.32801114200265147,0.06729575800272869
WTM-NN,52,tm,72.32,0.3209205019957153,0.06637231600325322
WTM-NN,53,tm,72.34,0.3138669070031028,0.06608467000478413
WTM-NN,54,tm,74.58,0.3224176459989394,0.06576539399975445
WTM-NN,55,tm,73.47,0.31533927800046513,0.06587120000040159
WTM-NN,56,tm,72.2,0.3159759080008371,0.06623541100270813
WTM-NN,57,tm,73.42,0.32181832900096197,0.06560072899446823
WTM-NN,58,tm,71.92,0.31582133100164356,0.06743314200139139
WTM-NN,59,tm,73.35000000000001,0.32476162400416797,0.06524134500068612
WTM-NN,60,tm,73.21,0.33076998699834803,0.06658473499555839
WTM-NN,61,tm,73.89,0.32241135699587176,0.06627218299399829
WTM-NN,62,tm,73.95,0.32463067199569196,0.0631251670056372
WTM-NN,63,tm,73.9,0.319050938996952,0.06627609499992104
WTM-NN,64,tm,71.46000000000001,0.32400797800073633,0.06508065800153418
WTM-NN,65,tm,72.55,0.320787823999126,0.06515925599524053
WTM-NN,66,tm,72.11,0.3197005399997579,0.06712492299993755
WTM-NN,67,tm,71.8,0.3116348090043175,0.0662082199996803
WTM-NN,68,tm,74.38,0.3153171129961265,0.06425082399800885
WTM-NN,69,tm,72.31,0.319266089994926,0.06561264899937669
WTM-NN,70,tm,71.31,0.31526242299878504,0.06652524599485332
WTM-NN,71,tm,73.5,0.3156103719957173,0.06748297699959949
WTM-NN,72,tm,72.45,0.3240067650040146,0.0678996510032448
WTM-NN,73,tm,73.08,0.31593508700461825,0.06502036699384917
WTM-NN,74,tm,72.75,0.3138778530046693,0.06415944800392026
WTM-NN,75,tm,71.27,0.32323426099901553,0.06530670700158225
WTM-NN,76,tm,71.81,0.3223057399954996,0.06521929500013357
WTM-NN,77,tm,72.92,0.3166561149992049,0.06549734500003979
WTM-NN,78,tm,73.52,0.3214378199991188,0.06534174199623521
WTM-NN,79,tm,74.47,0.31688370700430823,0.06569205300183967
WTM-NN,80,tm,73.61999999999999,0.32135798699891893,0.06480687799921725
WTM-NN,81,tm,71.22,0.32042258600267814,0.06559121999453055
WTM-NN,82,tm,73.28,0.3153623100006371,0.06526943900098559
WTM-NN,83,tm,74.28,0.31765958799951477,0.06643583299592137
WTM-NN,84,tm,74.05000000000001,0.3119935990034719,0.06585352199908812
WTM-NN,85,tm,71.63000000000001,0.3167301290013711,0.06749272600427503
WTM-NN,86,tm,72.98,0.3173896070002229,0.06699757900059922
WTM-NN,87,tm,72.21,0.31773587200586917,0.06590122000488918
WTM-NN,88,tm,72.89,0.30988842099759495,0.06549104699661257
WTM-NN,89,tm,71.64,0.31091762900177855,0.06580232400301611
WTM-NN,90,tm,72.58,0.31463472500036005,0.06689077900227858
WTM-NN,91,tm,72.71,0.32398041000124067,0.06758969299698947
WTM-NN,92,tm,75.16000000000001,0.319373259000713,0.06625931700546062
WTM-NN,93,tm,72.26,0.32353321399568813,0.06380543299746932
WTM-NN,94,tm,71.89,0.3178499599962379,0.0674067220024881
WTM-NN,95,tm,71.67,0.31475888500426663,0.06618531900312519
WTM-NN,96,tm,74.56,0.3168333579960745,0.06750660199759295
WTM-NN,97,tm,73.92,0.31316235499980394,0.06535817300027702
WTM-NN,98,tm,70.14,0.3215333050029585,0.06657462700241012
WTM-NN,99,tm,72.13000000000001,0.32114316600200254,0.0667148639986408
WTM-NN,100,tm,74.08,0.3130057999951532,0.06628092999744695
WTM-NN,101,tm,73.4,0.313264803000493,0.06835222799418261
WTM-NN,102,tm,71.12,0.3149022740035434,0.06511781700100983
WTM-NN,103,tm,72.13000000000001,0.3093055019999156,0.07088944599672686
WTM-NN,104,tm,73.13,0.3195607800007565,0.06623160200251732
WTM-NN,105,tm,72.57000000000001,0.31205200900149066,0.06648476100235712
WTM-NN,106,tm,70.71,0.3279933710000478,0.06773630800307728
WTM-NN,107,tm,73.95,0.3185311900015222,0.06711510499735596
WTM-NN,108,tm,73.44000000000001,0.3077236039971467,0.06521110299945576
WTM-NN,109,tm,73.87,0.3180805260053603,0.06698120100190863
WTM-NN,110,tm,70.49,0.3130096609966131,0.06663838499662234
WTM-NN,111,tm,73.22,0.32050459899619455,0.06703241200011689
WTM-NN,112,tm,73.27,0.317119241997716,0.0655569899972761
WTM-NN,113,tm,72.84,0.3208813539968105,0.06532227600109763
WTM-NN,114,tm,74.8,0.31687620299635455,0.06589573599922005
WTM-NN,115,tm,73.53,0.3205471840046812,0.0667484370060265
WTM-NN,116,tm,71.73,0.3142383329977747,0.06557700200210093
WTM-NN,117,tm,74.98,0.3172217460014508,0.06567608199839015
WTM-NN,118,tm,71.96000000000001,0.3213530749999336,0.0666719259970705
WTM-NN,119,tm,70.93,0.3118638779997127,0.06744930700369878
WTM-NN,120,tm,72.55,0.3215520710000419,0.06615523599612061
WTM-NN,121,tm,72.22,0.3120022950024577,0.06529005300399149
WTM-NN,122,tm,72.7,0.32007822500600014,0.06664603800163604
WTM-NN,123,tm,74.76,0.3220746439983486,0.06590746699657757
WTM-NN,124,tm,71.37,0.32192094399943016,0.06751871400047094
WTM-NN,125,tm,74.49,0.3188690669994685,0.06683182899723761
WTM-NN,126,tm,71.5,0.31477145200187806,0.06701016599981813
WTM-NN,127,tm,70.88,0.31487533900508424,0.0671477580035571
WTM-NN,128,tm,73.27,0.32903159199486254,0.06586906399752479
WTM-NN,129,tm,75.6,0.3228796159964986,0.06786637799814343
WTM-NN,130,tm,72.7,0.32421355299447896,0.068071459994826
WTM-NN,131,tm,72.22,0.31728013399697375,0.0671784580044914
WTM-NN,132,tm,72.45,0.30907593900337815,0.06829792699863901
WTM-NN,133,tm,71.67,0.31189813499804586,0.0669934280012967
WTM-NN,134,tm,70.54,0.3263254780031275,0.06676834399695508
WTM-NN,135,tm,73.0,0.31609854999987874,0.06526655700145056
WTM-NN,136,tm,74.88,0.3164132989986683,0.06598577000113437
WTM-NN,137,tm,75.72,0.3095464450016152,0.06324189800216118
WTM-NN,138,tm,72.88,0.31412193699361524,0.06665012799930992
WTM-NN,139,tm,73.59,0.3093177510017995,0.06680747200152837
WTM-NN,140,tm,74.64,0.3145532339985948,0.06666489000053843
WTM-NN,141,tm,71.49,0.31798757100477815,0.06615669999882812
WTM-NN,142,tm,74.1,0.3150498139948468,0.0661989279979025
WTM-NN,143,tm,69.72,0.3213664860013523,0.06508438799937721
WTM-NN,144,tm,74.55000000000001,0.32306513599905884,0.06768559599731816
WTM-NN,145,tm,74.83999999999999,0.3168878600044991,0.06675613400147995
WTM-NN,146,tm,72.92999999999999,0.3194044810006744,0.06714228900091257
WTM-NN,147,tm,73.91,0.31426198800181737,0.06686946999980137
WTM-NN,148,tm,75.82,0.31198654000036186,0.0674864160027937
WTM-NN,149,tm,72.87,0.3095218210000894,0.06647445500129834
WTM-NN,150,tm,73.97,0.3176498859975254,0.07050770999921951
WTM-NN,151,nn,78.39,0.19528105200151913,0.06954507600312354
WTM-NN,152,nn,79.0,0.19465962200047215,0.06845537800109014
WTM-NN,153,nn,79.4,0.19551844600209733,0.06890591000410495
WTM-NN,154,nn,79.74,0.2480509870001697,0.06781373700505355
WTM-NN,155,nn,79.58,0.19974315299623413,0.06962286899943138
WTM-NN,156,nn,79.47999999999999,0.2047314829978859,0.06874894499924267
WTM-NN,157,nn,79.60000000000001,0.2096092290012166,0.06963710299896775
WTM-NN,158,nn,79.67999999999999,0.2647302999976091,0.06675733900192427
WTM-NN,159,nn,79.43,0.2190189510001801,0.06696819799981313
WTM-NN,160,nn,79.64,0.20108617000369122,0.06798389400501037
WTM-NN,161,nn,79.72,0.1973849260029965,0.06876594400091562
WTM-NN,162,nn,79.65,0.2557973260045401,0.06824544800474541
WTM-NN,163,nn,79.61,0.20685136200336274,0.06900954699813155
WTM-NN,164,nn,79.63,0.2005434270031401,0.06996690300002228
WTM-NN,165,nn,79.69000000000001,0.2162172339958488,0.06749156899604714
WTM-NN,166,nn,79.67,0.2542614709964255,0.06895435899787117
WTM-NN,167,nn,79.86,0.2165574890022981,0.06650317100138636
WTM-NN,168,nn,79.77,0.20682510299957357,0.06755788200098323
WTM-NN,169,nn,79.74,0.1985667669941904,0.06803720099560451
WTM-NN,170,nn,79.86,0.2500500629976159,0.06815102700056741
WTM-NN,171,nn,79.84,0.19785991800017655,0.06708299100137083
WTM-NN,172,nn,79.97,0.19128109099983703,0.06756334999954561
WTM-NN,173,nn,79.82000000000001,0.19670124199910788,0.06815203999576624
WTM-NN,174,nn,79.95,0.19551655599934747,0.06739372100128094
WTM-NN,175,nn,80.05,0.26872993700089864,0.0680288270013989
WTM-NN,176,nn,79.80000000000001,0.2010965869994834,0.07202929900086019
WTM-NN,177,nn,79.89,0.20361056399997324,0.06938150399946608
WTM-NN,178,nn,79.97,0.1965799999961746,0.06875376099924324
WTM-NN,179,nn,80.03,0.24530799399508396,0.06804468200425617
WTM-NN,180,nn,79.94,0.19531283900141716,0.06933176100574201
WTM-NN,181,nn,80.15,0.19464452000102028,0.06789149399992311
WTM-NN,182,nn,80.17999999999999,0.1974169899986009,0.06895411200093804
WTM-NN,183,nn,80.22,0.24331716700544348,0.06880121999711264
WTM-NN,184,nn,80.16,0.20070693299931008,0.06739807700068923
WTM-NN,185,nn,80.15,0.19297975900553865,0.06774030799715547
WTM-NN,186,nn,80.06,0.19841069899848662,0.06718897699465742
WTM-NN,187,nn,80.47999999999999,0.25704379500530194,0.07471615800022846
WTM-NN,188,nn,80.27,0.20811964500171598,0.06835962199693313
WTM-NN,189,nn,80.41,0.21008847299526678,0.06811958800244611
WTM-NN,190,nn,80.5,0.20780662100150948,0.0688386910042027
WTM-NN,191,nn,80.45,0.21528786500130082,0.06742142599978251
WTM-NN,192,nn,80.22,0.25165186599770095,0.06731551200209651
WTM-NN,193,nn,80.31,0.21955983400403056,0.06968906000111019
WTM-NN,194,nn,80.31,0.21424159000162035,0.06902881300629815
WTM-NN,195,nn,80.31,0.21630685700074537,0.06912204000400379
WTM-NN,196,nn,80.27,0.272008491003362,0.06811999600176932
WTM-NN,197,nn,80.53,0.2189576599994325,0.06774751500051934
WTM-NN,198,nn,80.34,0.2148631160016521,0.06823838299897034
WTM-NN,199,nn,80.36999999999999,0.2136340789948008,0.06928665000305045
WTM-NN,200,nn,80.27,0.2639935309998691,0.06707988899870543
WTM-NN,201,nn,80.36999999999999,0.21890677599731134,0.06876923599338625
WTM-NN,202,nn,80.56,0.21543724199727876,0.06752250799763715
WTM-NN,203,nn,80.44,0.21892282600310864,0.06909694799833233
WTM-NN,204,nn,80.24,0.2661148230035906,0.06966419200034579
WTM-NN,205,nn,80.35,0.21275926399539458,0.06916957499925047
WTM-NN,206,nn,80.41,0.1981332220020704,0.06791610099753598
WTM-NN,207,nn,80.33,0.19407779599714559,0.06938600200373912
WTM-NN,208,nn,80.41,0.19412481700419448,0.0694224109975039
WTM-NN,209,nn,80.58,0.24554943600378465,0.06728687300346792
WTM-NN,210,nn,80.14,0.19826157799980137,0.06695707600010792
WTM-NN,211,nn,80.57,0.2165351500007091,0.06735845599905588
WTM-NN,212,nn,80.13,0.2178619330006768,0.06841442400036613
WTM-NN,213,nn,80.47999999999999,0.2686718590048258,0.06568929999775719
WTM-NN,214,nn,80.67999999999999,0.214203406998422,0.0681490520000807
WTM-NN,215,nn,80.54,0.1912872620014241,0.06843684200430289
WTM-NN,216,nn,80.58,0.21840233099646866,0.06820736000372563
WTM-NN,217,nn,80.55,0.2534484540010453,0.06573025800025789
WTM-NN,218,nn,80.43,0.20755959099915344,0.06820719000097597
WTM-NN,219,nn,80.08999999999999,0.2180349829941406,0.06907932700414676
WTM-NN,220,nn,80.52,0.20053627299785148,0.06471716200030642
WTM-NN,221,nn,80.34,0.2529378440012806,0.06907507200230611
WTM-NN,222,nn,80.22,0.22159094100061338,0.0678604419954354
WTM-NN,223,nn,80.28999999999999,0.20291381399874808,0.06849445799889509
WTM-NN,224,nn,80.21000000000001,0.19599624500551727,0.06813217000308214
WTM-NN,225,nn,80.52,0.21711498300282983,0.06738736799889011
WTM-NN,226,nn,80.30000000000001,0.2697663140061195,0.0684665259977919
WTM-NN,227,nn,80.35,0.20040751800115686,0.06828466199658578
WTM-NN,228,nn,80.31,0.2166030820008018,0.0684324099929654
WTM-NN,229,nn,80.56,0.2065872609964572,0.06820196899934672
WTM-NN,230,nn,80.36,0.26629584500187775,0.06772788500529714
WTM-NN,231,nn,80.27,0.20312304999970365,0.06696077399828937
WTM-NN,232,nn,80.45,0.21737976800068282,0.06612843000038993
WTM-NN,233,nn,80.34,0.21824465899408096,0.06725976299640024
WTM-NN,234,nn,80.58,0.26261730400437955,0.06797941800323315
WTM-NN,235,nn,80.28999999999999,0.21557840299647069,0.06584491499961587
WTM-NN,236,nn,80.32000000000001,0.2207506979975733,0.06638810499862302
WTM-NN,237,nn,80.4,0.21880433800106402,0.06840255000133766
WTM-NN,238,nn,80.27,0.25306728499708697,0.06939376199443359
WTM-NN,239,nn,80.4,0.2114621359942248,0.06760692500392906
WTM-NN,240,nn,80.23,0.21808277800300857,0.06801520199951483
WTM-NN,241,nn,80.46,0.20154660000116564,0.06671638800617075
WTM-NN,242,nn,80.08999999999999,0.21720070100127487,0.06854605999978958
WTM-NN,243,nn,80.55,0.24418561899801716,0.06698553000023821
WTM-NN,244,nn,80.65,0.20735237700137077,0.0692988860027981
WTM-NN,245,nn,80.25,0.21120011399762006,0.06680217999382876
WTM-NN,246,nn,80.57,0.19319902099960018,0.06748486799915554
WTM-NN,247,nn,80.10000000000001,0.2680184190030559,0.06744609399902401
WTM-NN,248,nn,80.32000000000001,0.2027008389995899,0.06919039700005669
WTM-NN,249,nn,80.46,0.20305790900602005,0.0668360150011722
WTM-NN,250,nn,80.38,0.21727954000380123,0.06812572899798397
WTM-NN,251,nn,80.5,0.26986781199957477,0.06786309299786808
WTM-NN,252,nn,80.38,0.21828927299793577,0.06824212100036675
WTM-NN,253,nn,80.36999999999999,0.2072483590018237,0.07012991599913221
WTM-NN,254,nn,79.97999999999999,0.2145242149999831,0.06885757500276668
WTM-NN,255,nn,80.34,0.2604628810004215,0.06776601599995047
WTM-NN,256,nn,80.28,0.21997682400251506,0.0678048010013299
WTM-NN,257,nn,80.33,0.21795851999922888,0.06914194300043164
WTM-NN,258,nn,80.28,0.22045046000130242,0.06748198700370267
WTM-NN,259,nn,80.2,0.2653074400004698,0.06650103699939791
WTM-NN,260,nn,80.35,0.19260977800149703,0.06824334900011308
WTM-NN,261,nn,80.55,0.19335183899966069,0.06861028200364672
WTM-NN,262,nn,80.28,0.198726924994844,0.06846438800130272
WTM-NN,263,nn,80.2,0.19552927599579562,0.06714306300273165
WTM-NN,264,nn,80.42,0.2450946449971525,0.06878249400324421
WTM-NN,265,nn,80.23,0.19847481900069397,0.06886559299891815
WTM-NN,266,nn,80.32000000000001,0.19429115100501804,0.06962484199902974
WTM-NN,267,nn,80.39,0.1974440920021152,0.06745838500501122
WTM-NN,268,nn,80.25999999999999,0.24415977299941005,0.06775628700415837
WTM-NN,269,nn,80.17,0.19581615700008115,0.06850597799348179
WTM-NN,270,nn,80.52,0.19918058199982625,0.06876258299598703
WTM-NN,271,nn,80.28999999999999,0.19727666999824578,0.06876112399913836
WTM-NN,272,nn,80.44,0.24542637699778425,0.06934288299817126
WTM-NN,273,nn,80.23,0.19725893000577344,0.06781020800553961
WTM-NN,274,nn,80.19,0.19568506399809849,0.06795126700308174
WTM-NN,275,nn,80.41,0.19436110599781387,0.06784638799581444
WTM-NN,276,nn,80.47,0.2510368910006946,0.06886708299862221
WTM-NN,277,nn,80.76,0.2014650700002676,0.06908493700029794
WTM-NN,278,nn,80.45,0.21548013400024502,0.06927702599932672
WTM-NN,279,nn,80.35,0.21501013100350974,0.06904378599574557
WTM-NN,280,nn,80.42,0.2185747040057322,0.06923684899811633
WTM-NN,281,nn,80.39,0.2673329410026781,0.06959168399771443
WTM-NN,282,nn,80.44,0.2176118019997375,0.07007507300295401
WTM-NN,283,nn,80.38,0.20411474400316365,0.06683875700400677
WTM-NN,284,nn,80.36999999999999,0.20463782300066669,0.0681776040000841
WTM-NN,285,nn,80.52,0.268116444000043,0.0678456899986486
WTM-NN,286,nn,80.36,0.20127929899899755,0.06562981300521642
WTM-NN,287,nn,80.36,0.2082333349972032,0.06687390299339313
WTM-NN,288,nn,80.31,0.2082503199999337,0.06592509400070412
WTM-NN,289,nn,80.52,0.26044191399705596,0.06694080799934454
WTM-NN,290,nn,80.25,0.1984508800014737,0.06897189900337253
WTM-NN,291,nn,80.35,0.21400328599702334,0.0692234570014989
WTM-NN,292,nn,80.46,0.19898297100007767,0.06689621699479176
WTM-NN,293,nn,80.27,0.24308103899966227,0.06750713899964467
WTM-NN,294,nn,80.34,0.21752910999930464,0.06756075199518818
WTM-NN,295,nn,80.2,0.197366817999864,0.06822806199488696
WTM-NN,296,nn,80.32000000000001,0.19755332200293196,0.06888083800004097
WTM-NN,297,nn,80.28,0.19654144000378437,0.06699687799846288
WTM-NN,298,nn,80.21000000000001,0.2659536940045655,0.07179049700062023
WTM-NN,299,nn,80.44,0.21268509200308472,0.07012968300114153
WTM-NN,300,nn,80.35,0.20600505900074495,0.06889713800046593
WTM-NN,301,nn,80.5,0.20785924499796238,0.06789161999768112
WTM-NN,302,nn,80.17,0.26604906000284245,0.06871404400590109
WTM-NN,303,nn,80.28999999999999,0.21558400499634445,0.06972336099715903
WTM-NN,304,nn,80.36999999999999,0.2024105780001264,0.0675723559979815
WTM-NN,305,nn,80.23,0.19239131999347592,0.06962199699773919
WTM-NN,306,nn,80.47,0.2570896899997024,0.06936479399882955
WTM-NN,307,nn,80.45,0.21637255899986485,0.06619452300219564
WTM-NN,308,nn,80.4,0.2171524449950084,0.06887006900069537
WTM-NN,309,nn,80.43,0.2198360659967875,0.06747529900167137
WTM-NN,310,nn,80.32000000000001,0.26618420999875525,0.06831940299889538
WTM-NN,311,nn,80.28999999999999,0.19827177099796245,0.06826465299673146
WTM-NN,312,nn,80.33,0.19299897799646715,0.06910133700148435
WTM-NN,313,nn,80.22,0.1989681830018526,0.06775525899865897
WTM-NN,314,nn,80.36,0.19407333400158677,0.06833716099936282
WTM-NN,315,nn,80.47,0.24317558800248662,0.06866548800462624
WTM-NN,316,nn,80.4,0.19335431599756703,0.06788327900721924
WTM-NN,317,nn,80.61,0.19296508600382367,0.06869746300071711
WTM-NN,318,nn,80.36,0.19719995399645995,0.06836309599748347
WTM-NN,319,nn,80.61,0.2581354759968235,0.06816782300302293
WTM-NN,320,nn,80.58,0.20841094299976248,0.06775222800206393
WTM-NN,321,nn,80.36,0.21802913200372132,0.06580977699923096
WTM-NN,322,nn,80.15,0.20916377400135389,0.06474348500341875
WTM-NN,323,nn,80.58,0.27261585599626414,0.06689953100431012
WTM-NN,324,nn,80.60000000000001,0.21586829299485544,0.068878283003869
WTM-NN,325,nn,80.47,0.21869667500141077,0.06818933600152377
WTM-NN,326,nn,80.28999999999999,0.216278225001588,0.0684502420044737
WTM-NN,327,nn,80.21000000000001,0.26690295500156935,0.06917463699937798
WTM-NN,328,nn,80.25999999999999,0.21662758300226415,0.0685755450031138
WTM-NN,329,nn,80.5,0.21912564200465567,0.06965475600009086
WTM-NN,330,nn,80.31,0.21704828099609585,0.06785386600677157
WTM-NN,331,nn,80.45,0.2685553670016816,0.0680064170010155
WTM-NN,332,nn,80.25999999999999,0.1964970870030811,0.06753708299947903
WTM-NN,333,nn,80.38,0.21654291700542672,0.0681652590064914
WTM-NN,334,nn,80.36,0.21343182399868965,0.06858528399607167
WTM-NN,335,nn,80.45,0.22022448899951996,0.06810472599318018
WTM-NN,336,nn,80.54,0.26527861099748407,0.06869220600492554
WTM-NN,337,nn,80.39,0.19405535400437657,0.06920920399716124
WTM-NN,338,nn,80.38,0.19264616999862483,0.06854834999830928
WTM-NN,339,nn,80.27,0.20055975500144996,0.06932730699918466
WTM-NN,340,nn,80.17,0.26461711100273533,0.06884031100344146
WTM-NN,341,nn,80.38,0.20863318999909097,0.06984567199833691
WTM-NN,342,nn,80.39,0.21457271200051764,0.06909572899894556
WTM-NN,343,nn,80.28,0.19186398899910273,0.06824791899998672
WTM-NN,344,nn,80.62,0.2701202429961995,0.06890103199839359
WTM-NN,345,nn,80.41,0.21708160799607867,0.06636098599847173
WTM-NN,346,nn,80.12,0.21771296500082826,0.06718418099626433
WTM-NN,347,nn,80.24,0.21059846699790796,0.06791260900354246
WTM-NN,348,nn,80.34,0.19487334699806524,0.06776978400012013
WTM-NN,349,nn,80.25,0.2540040579988272,0.06653773299331078
WTM-NN,350,nn,80.12,0.21810537300189026,0.06613574599759886
WTM-NN,351,nn,80.31,0.21437788999901386,0.06796584599942435
WTM-NN,352,nn,80.4,0.21749968000221997,0.06672393599728821
WTM-NN,353,nn,80.57,0.26025508099701256,0.06785027599835303
WTM-NN,354,nn,80.42,0.21497683000052348,0.0681031720014289
WTM-NN,355,nn,80.42,0.1948275949980598,0.07004311500350013
WTM-NN,356,nn,80.25999999999999,0.19598623799538473,0.06431080699985614
WTM-NN,357,nn,80.46,0.26876587600418134,0.06906199899822241
WTM-NN,358,nn,80.36,0.21820489600213477,0.06827456100290874
WTM-NN,359,nn,80.28,0.21781032899889397,0.06726385599904461
WTM-NN,360,nn,80.55,0.19354100700002164,0.06710061899502762
WTM-NN,361,nn,80.46,0.24512154200056102,0.06691503200272564
WTM-NN,362,nn,80.38,0.20013309399655554,0.06828983499872265
WTM-NN,363,nn,80.27,0.20050321199960308,0.0658872310013976
WTM-NN,364,nn,80.45,0.21639478400174994,0.0666986559954239
WTM-NN,365,nn,80.24,0.2681272400004673,0.06839619699894683
WTM-NN,366,nn,80.49,0.19448853799985955,0.06822822600224754
WTM-NN,367,nn,80.58,0.2122410169977229,0.06836606499564368
WTM-NN,368,nn,80.24,0.19296811400272418,0.06794066700240364
WTM-NN,369,nn,80.34,0.21684057200036477,0.06786850199569017
WTM-NN,370,nn,80.30000000000001,0.25390183000126854,0.06910146600421285
WTM-NN,371,nn,80.06,0.19752486400102498,0.06796099699568003
WTM-NN,372,nn,80.31,0.2180162190052215,0.06659863099775976
WTM-NN,373,nn,80.43,0.1930875929974718,0.06803743400087114
WTM-NN,374,nn,80.4,0.24639946299430449,0.06628766799985897
WTM-NN,375,nn,80.30000000000001,0.20889189000445185,0.06688436800322961
WTM-NN,376,nn,80.32000000000001,0.2174377170013031,0.06971497199992882
WTM-NN,377,nn,80.13,0.21324681100668386,0.0676464770003804
WTM-NN,378,nn,80.4,0.24434385499625932,0.06893230900459457
WTM-NN,379,nn,80.22,0.19345247699675383,0.06664967500546481
WTM-NN,380,nn,80.33,0.1933263140017516,0.06705291199614294
WTM-NN,381,nn,80.28999999999999,0.19681878000119468,0.06661852599791018
WTM-NN,382,nn,80.46,0.2421972049996839,0.06690247300139163
WTM-NN,383,nn,80.38,0.19488913700479316,0.06791583299491322
WTM-NN,384,nn,80.31,0.19505246100015938,0.06663300399668515
WTM-NN,385,nn,80.47,0.19698849599808455,0.0668321859993739
WTM-NN,386,nn,80.23,0.19317385499743978,0.06794661699677818
WTM-NN,387,nn,80.63,0.2445715259964345,0.06864547599980142
WTM-NN,388,nn,80.36999999999999,0.19626477400015574,0.06795884299936006
WTM-NN,389,nn,80.30000000000001,0.19356908099871362,0.06750963599915849
WTM-NN,390,nn,80.32000000000001,0.19273310100106755,0.06840801100042881
WTM-NN,391,nn,80.27,0.24628374700114364,0.06816020000405842
WTM-NN,392,nn,80.36999999999999,0.2019911460010917,0.06821893999585882
WTM-NN,393,nn,80.34,0.2206155879975995,0.06892333699943265
WTM-NN,394,nn,80.35,0.22096751299977768,0.06848077399627073
WTM-NN,395,nn,80.36,0.2711770370005979,0.06975814600446029
WTM-NN,396,nn,80.46,0.21545678599795792,0.06874010899628047
WTM-NN,397,nn,80.25999999999999,0.21906952900462784,0.069442114996491
WTM-NN,398,nn,80.36,0.21916906000114977,0.06921088400122244
WTM-NN,399,nn,80.32000000000001,0.26457009900332196,0.06693243199697463
WTM-NN,400,nn,80.56,0.21668718599539716,0.06782355899485992
WTM-NN,401,nn,80.39,0.2066250019997824,0.06869838000420714
WTM-NN,402,nn,80.27,0.20284725300007267,0.06689102899690624
WTM-NN,403,nn,80.16,0.2169054749974748,0.06827838599565439
WTM-NN,404,nn,80.49,0.26939389199833386,0.07005340100295143
WTM-NN,405,nn,80.27,0.22073418699437752,0.06822289200499654
WTM-NN,406,nn,80.13,0.2134815159952268,0.06762728300236631
WTM-NN,407,nn,80.54,0.21822669399989536,0.06807626100635389
WTM-NN,408,nn,80.36999999999999,0.2649541459977627,0.06567282000469277
WTM-NN,409,nn,80.33,0.19709335900552105,0.06907022799714468
WTM-NN,410,nn,80.25999999999999,0.2177207950007869,0.06783900300069945
WTM-NN,411,nn,80.36,0.2180618959973799,0.06894102600199403
WTM-NN,412,nn,80.49,0.26060066900390666,0.06890050799847813
WTM-NN,413,nn,80.64,0.20765418800147017,0.06808596999326255
WTM-NN,414,nn,80.39,0.20287025600555353,0.06793532500159927
WTM-NN,415,nn,80.44,0.2197011050011497,0.06726934600010281
WTM-NN,416,nn,80.35,0.24849387499853037,0.06668237499980023
WTM-NN,417,nn,80.4,0.21652634700149065,0.0678290419964469
WTM-NN,418,nn,80.44,0.21818523099500453,0.06786160299816402
WTM-NN,419,nn,80.5,0.21223565899708774,0.06662859100470087
WTM-NN,420,nn,80.47999999999999,0.2652511600026628,0.06795668900304008
WTM-NN,421,nn,80.34,0.20071454600110883,0.06907279499864671
WTM-NN,422,nn,80.32000000000001,0.21332638199965004,0.06531620100577129
WTM-NN,423,nn,80.49,0.19200552599795628,0.06806525400315877
WTM-NN,424,nn,80.32000000000001,0.2152531729952898,0.06778932800079929
WTM-NN,425,nn,80.34,0.26490430899866624,0.07132211499992991
WTM-NN,426,nn,80.35,0.1968630170013057,0.06530230600037612
WTM-NN,427,nn,80.36,0.20324289400014095,0.06936431999929482
WTM-NN,428,nn,80.42,0.2009974729953683,0.06837155199900735
WTM-NN,429,nn,80.4,0.2567325299969525,0.06827539200457977
WTM-NN,430,nn,80.36999999999999,0.19491360900428845,0.06898447199637303
WTM-NN,431,nn,80.47999999999999,0.2025462159945164,0.06743392500357004
WTM-NN,432,nn,80.31,0.19678041500446852,0.06817198699718574
WTM-NN,433,nn,80.41,0.24703507300000638,0.06716019599844003
WTM-NN,434,nn,80.54,0.21541034400434,0.06934128000284545
WTM-NN,435,nn,80.56,0.20733560399821727,0.06890186699456535
WTM-NN,436,nn,80.34,0.21763881600054447,0.06784224900184199
WTM-NN,437,nn,80.31,0.255320105003193,0.06818402699718717
WTM-NN,438,nn,80.4,0.19117779299995163,0.06463020099909045
WTM-NN,439,nn,80.32000000000001,0.19534679200296523,0.06819495300442213
WTM-NN,440,nn,80.64,0.19515015600336483,0.06885729799978435
WTM-NN,441,nn,80.43,0.21505649400205584,0.06804122400353663
WTM-NN,442,nn,80.25999999999999,0.2491642180029885,0.06732926200493239
WTM-NN,443,nn,80.61,0.20436260600399692,0.06626131600205554
WTM-NN,444,nn,80.38,0.21560647700243862,0.06635061600536574
WTM-NN,445,nn,80.27,0.21725270000024466,0.06616380099876551
WTM-NN,446,nn,80.15,0.26360843000293244,0.06466122999700019
WTM-NN,447,nn,80.60000000000001,0.21161392700014403,0.06779472400376108
WTM-NN,448,nn,80.33,0.19301414900110103,0.06823779600381386
WTM-NN,449,nn,80.44,0.1977996109999367,0.06825051199848531
WTM-NN,450,nn,80.25,0.2494905290004681,0.06605532299727201
WTM-NN,451,nn,80.31,0.1984003670004313,0.0645790569978999
WTM-NN,452,nn,80.45,0.21789598999748705,0.06792950600356562
WTM-NN,453,nn,80.25,0.21620806700229878,0.06508519199996954
WTM-NN,454,nn,80.31,0.2658364070011885,0.06773360599618172
WTM-NN,455,nn,80.23,0.2173991660019965,0.06802579200302716
WTM-NN,456,nn,80.31,0.21495952300028875,0.06773188499937532
WTM-NN,457,nn,80.35,0.20052690100419568,0.06818672800000058
WTM-NN,458,nn,80.4,0.21436027299932903,0.06747174500196707
WTM-NN,459,nn,80.47,0.25347693799994886,0.06879041800129926
WTM-NN,460,nn,80.44,0.19682859999738866,0.06848827100475319
WTM-NN,461,nn,80.32000000000001,0.19917329100280767,0.06721848699817201
WTM-NN,462,nn,80.38,0.21788992399524432,0.06753208000009181
WTM-NN,463,nn,80.14,0.2646132790032425,0.06723066799895605
WTM-NN,464,nn,80.43,0.2189687119971495,0.06767609999951674
WTM-NN,465,nn,80.24,0.19483609599410556,0.06777441099984571
WTM-NN,466,nn,80.28,0.2178410039996379,0.06882343200413743
WTM-NN,467,nn,80.58,0.26962777900189394,0.06852034500479931
WTM-NN,468,nn,80.39,0.20325317600509152,0.06896335299825296
WTM-NN,469,nn,80.46,0.21784388199739624,0.06996124600118492
WTM-NN,470,nn,80.47999999999999,0.2186419899953762,0.07239802700496512
WTM-NN,471,nn,80.42,0.2808500600003754,0.06744177299697185
WTM-NN,472,nn,80.46,0.20116713900642935,0.06728323800052749
WTM-NN,473,nn,80.25,0.22591643300256692,0.0669957029967918
WTM-NN,474,nn,80.46,0.23320066199812572,0.06949187699501636
WTM-NN,475,nn,80.30000000000001,0.2501861580021796,0.06780585699743824
WTM-NN,476,nn,80.25,0.20429828299529618,0.06785531599598471
WTM-NN,477,nn,80.24,0.21708837199548725,0.0692610730038723
WTM-NN,478,nn,80.30000000000001,0.22074848299962468,0.06745720699836966
WTM-NN,479,nn,80.32000000000001,0.2012130029979744,0.06760406200191937
WTM-NN,480,nn,80.61,0.26854188699508086,0.06921839799906593
WTM-NN,481,nn,80.30000000000001,0.20725169400247978,0.0681466050009476
WTM-NN,482,nn,80.56,0.19799961899843765,0.06894523600203684
WTM-NN,483,nn,80.22,0.2206325189981726,0.06758490199717926
WTM-NN,484,nn,80.33,0.2704255450007622,0.07049523299792781
WTM-NN,485,nn,80.58,0.2079874490009388,0.06725609800196253
WTM-NN,486,nn,80.27,0.20671462300379062,0.0678420490003191
WTM-NN,487,nn,80.27,0.21204029299406102,0.06803275299898814
WTM-NN,488,nn,80.53,0.25466200200025924,0.06802620899543399
WTM-NN,489,nn,80.54,0.1969763619999867,0.06795243500528159
WTM-NN,490,nn,80.44,0.19638556800055085,0.06874161800078582
WTM-NN,491,nn,80.45,0.19677489699824946,0.06824929799768142
WTM-NN,492,nn,80.11,0.26264174099924276,0.06778538600337924
WTM-NN,493,nn,80.19,0.21672595999552868,0.06766658600099618
WTM-NN,494,nn,80.44,0.21803253799589584,0.0650748200059752
WTM-NN,495,nn,80.34,0.2180656429991359,0.06725323099817615
WTM-NN,496,nn,80.39,0.19587534599850187,0.06555795799795305
WTM-NN,497,nn,80.27,0.2687623360034195,0.06807405399740674
WTM-NN,498,nn,80.44,0.1974349189986242,0.06720516300265444
WTM-NN,499,nn,80.45,0.20385466400330188,0.06763069899898255
WTM-NN,500,nn,80.51,0.19483063100051368,0.06904580399714177
UTM-NN,1,tm,63.46000000000001,0.6386825990048237,0.07067143000313081
UTM-NN,2,tm,65.64999999999999,0.593829083001765,0.07258018600259675
UTM-NN,3,tm,66.67999999999999,0.5811120200014557,0.07098072399821831
UTM-NN,4,tm,67.5,0.5733047129979241,0.07123319499805802
UTM-NN,5,tm,67.74,0.567927738004073,0.07323003600322409
UTM-NN,6,tm,67.12,0.5708545230008895,0.07276704700052505
UTM-NN,7,tm,67.47,0.572930438000185,0.07167549300356768
UTM-NN,8,tm,67.64,0.5704757410057937,0.07254942500003381
UTM-NN,9,tm,66.7,0.5657227880001301,0.0705900849934551
UTM-NN,10,tm,67.71000000000001,0.5739206969956285,0.07264614100131439
UTM-NN,11,tm,67.7,0.5746567120004329,0.07365082000615075
UTM-NN,12,tm,68.06,0.578542864001065,0.07431397800246486
UTM-NN,13,tm,68.37,0.5647489419934573,0.07236165900394553
UTM-NN,14,tm,68.01,0.5402515919995494,0.06984260799799813
UTM-NN,15,tm,67.85,0.5687503929948434,0.07139609899604693
UTM-NN,16,tm,68.25,0.5601317010005005,0.07171923699934268
UTM-NN,17,tm,68.47,0.5585985889993026,0.0717943900017417
UTM-NN,18,tm,68.06,0.5538618520004093,0.07216675100062275
UTM-NN,19,tm,68.02,0.5629807570003322,0.07388849500421202
UTM-NN,20,tm,68.14,0.5726432850060519,0.07291014100337634
UTM-NN,21,tm,68.34,0.5638845949943061,0.07163043499895139
UTM-NN,22,tm,68.11,0.5544262249968597,0.07624217899865471
UTM-NN,23,tm,68.08999999999999,0.5615269410045585,0.07434440299402922
UTM-NN,24,tm,67.75,0.5605851619984605,0.0723065830025007
UTM-NN,25,tm,67.94,0.5531364889975521,0.07279671700234758
UTM-NN,26,tm,68.31,0.5622196969998186,0.07322389299952192
UTM-NN,27,tm,68.33,0.5555623610052862,0.06945137000002433
UTM-NN,28,tm,68.05,0.564053687005071,0.07161600199469831
UTM-NN,29,tm,68.17,0.5561583870003233,0.07393410600343486
UTM-NN,30,tm,68.67999999999999,0.5695247529947665,0.07258450199879007
UTM-NN,31,tm,68.67999999999999,0.5650527070029057,0.07429852699715411
UTM-NN,32,tm,68.8,0.5582431829971028,0.07220592699741246
UTM-NN,33,tm,68.23,0.5684335070036468,0.07355361599911703
UTM-NN,34,tm,68.4,0.5542267480050214,0.07545451599435182
UTM-NN,35,tm,68.46,0.550533148998511,0.07193362199905096
UTM-NN,36,tm,68.47,0.5504471500025829,0.07246312600182137
UTM-NN,37,tm,68.47999999999999,0.5551089700020384,0.074091023998335
UTM-NN,38,tm,68.60000000000001,0.5537307089980459,0.07174512999336002
UTM-NN,39,tm,68.17,0.557412458001636,0.07228791200031992
UTM-NN,40,tm,68.47999999999999,0.5476237280017813,0.07137295699794777
UTM-NN,41,tm,68.49,0.5617091209933278,0.07064206600625766
UTM-NN,42,tm,68.63,0.5541709460012498,0.07418878500175197
UTM-NN,43,tm,68.52000000000001,0.5587537279934622,0.07131252100225538
UTM-NN,44,tm,67.82000000000001,0.5515684120036894,0.0751626969940844
UTM-NN,45,tm,67.77,0.5634819799961406,0.07365821999701438
UTM-NN,46,tm,67.86,0.5550635210020118,0.07484825699793873
UTM-NN,47,tm,68.4,0.5530044150000322,0.07370772700232919
UTM-NN,48,tm,68.45,0.5448651619954035,0.07216582700493746
UTM-NN,49,tm,68.42,0.5510125319997314,0.07237045199872227
UTM-NN,50,tm,68.61,0.5549420169991208,0.07483890200091992
UTM-NN,51,tm,68.53,0.5613005519990111,0.07150834499771008
UTM-NN,52,tm,68.82000000000001,0.5565311329992255,0.07171922899578931
UTM-NN,53,tm,68.33,0.550726321998809,0.07230640399939148
UTM-NN,54,tm,68.30000000000001,0.5608947869986878,0.07235822299844585
UTM-NN,55,tm,68.49,0.5641975789985736,0.07392966099723708
UTM-NN,56,tm,68.0,0.5577631319974898,0.07398733699665172
UTM-NN,57,tm,68.03,0.5570872759999475,0.07175731300230836
UTM-NN,58,tm,68.15,0.5444119489984587,0.0731077290038229
UTM-NN,59,tm,68.61,0.5564761810019263,0.07314171000325587
UTM-NN,60,tm,68.81,0.5558081740018679,0.07203180700162193
UTM-NN,61,tm,69.13,0.5560814640048193,0.07167234999360517
UTM-NN,62,tm,68.67,0.5431415379935061,0.06906257600348908
UTM-NN,63,tm,68.56,0.553311740004574,0.07380540399753954
UTM-NN,64,tm,68.47999999999999,0.5637100000021746,0.07176742199953878
UTM-NN,65,tm,68.64,0.5489953159994911,0.06984963299328228
UTM-NN,66,tm,68.24,0.5628420829962124,0.07096518799517071
UTM-NN,67,tm,68.43,0.5592034450019128,0.07410660899768118
UTM-NN,68,tm,68.13,0.5594952920000651,0.0717464179979288
UTM-NN,69,tm,68.11,0.5540563860049588,0.07753291099652415
UTM-NN,70,tm,67.99,0.5572851010001614,0.07225969499995699
UTM-NN,71,tm,67.92,0.549471247002657,0.07201280599838356
UTM-NN,72,tm,68.86,0.5553081310063135,0.07478313500178047
UTM-NN,73,tm,68.54,0.562492992998159,0.07470437099982519
UTM-NN,74,tm,68.57,0.5609532579983352,0.07396131700079422
UTM-NN,75,tm,68.95,0.5592044899967732,0.0706871209986275
UTM-NN,76,tm,68.69,0.5468386100037606,0.07341276099759853
UTM-NN,77,tm,68.86,0.5681882689968916,0.07222473000001628
UTM-NN,78,tm,68.81,0.5611992479971377,0.07392501900176285
UTM-NN,79,tm,68.24,0.5644680240002344,0.07287912900210358
UTM-NN,80,tm,68.58,0.5577818150050007,0.07378150599834044
UTM-NN,81,tm,68.65,0.5628936299981433,0.07451467800274258
UTM-NN,82,tm,68.26,0.561282779002795,0.07293102500261739
UTM-NN,83,tm,68.47999999999999,0.546498645999236,0.07035044400254264
UTM-NN,84,tm,68.31,0.5567325179945328,0.07446923999668797
UTM-NN,85,tm,68.86,0.564042154001072,0.07370321000053082
UTM-NN,86,tm,68.52000000000001,0.5591288530049496,0.0736057360045379
UTM-NN,87,tm,68.41000000000001,0.5615749100034009,0.07304294699861202
UTM-NN,88,tm,68.61,0.555163386001368,0.07357571199827362
UTM-NN,89,tm,68.89,0.5632115909975255,0.07329031399422092
UTM-NN,90,tm,68.54,0.55854021399864,0.0729475089974585
UTM-NN,91,tm,68.26,0.5621350649962551,0.07107157300197287
UTM-NN,92,tm,68.53,0.5526700760019594,0.07299285399494693
UTM-NN,93,tm,68.88,0.5561745749946567,0.07301416400150629
UTM-NN,94,tm,68.62,0.5421316209976794,0.07264130600378849
UTM-NN,95,tm,68.56,0.5556088759985869,0.07731965200218838
UTM-NN,96,tm,68.54,0.5536825640010647,0.07315497800300363
UTM-NN,97,tm,68.41000000000001,0.5440524730001925,0.07324804599920753
UTM-NN,98,tm,68.41000000000001,0.5471025780061609,0.07289154200407211
UTM-NN,99,tm,68.37,0.5583597299992107,0.07305021399952238
UTM-NN,100,tm,68.60000000000001,0.5534325289991102,0.07266788400011137
UTM-NN,101,tm,68.38,0.5496474890023819,0.07115303999307798
UTM-NN,102,tm,68.53,0.5508964690016,0.07168886499857763
UTM-NN,103,tm,68.8,0.5675647969983402,0.07442749899928458
UTM-NN,104,tm,68.63,0.5607262530029402,0.07276880199788138
UTM-NN,105,tm,68.62,0.5497553640016122,0.07224525899800938
UTM-NN,106,tm,68.37,0.5531041329959407,0.07152712300012354
UTM-NN,107,tm,68.73,0.5539429740019841,0.07236412899510469
UTM-NN,108,tm,68.24,0.55084311599785,0.07234276199596934
UTM-NN,109,tm,68.26,0.5647635709974566,0.07382092800253304
UTM-NN,110,tm,68.46,0.5493856420071097,0.0740935579960933
UTM-NN,111,tm,68.52000000000001,0.559490260995517,0.07034324899723288
UTM-NN,112,tm,68.58,0.5494205180002609,0.07194939500186592
UTM-NN,113,tm,68.65,0.5601206040009856,0.07413393499882659
UTM-NN,114,tm,68.08999999999999,0.5599968589958735,0.07390991699503502
UTM-NN,115,tm,68.37,0.566746101998433,0.07347776200185763
UTM-NN,116,tm,68.25,0.5633681379986228,0.07252578600309789
UTM-NN,117,tm,68.53,0.5620236180038773,0.0708198669963167
UTM-NN,118,tm,68.10000000000001,0.5545872820002842,0.07305335999990348
UTM-NN,119,tm,68.06,0.5434743299992988,0.07198476300254697
UTM-NN,120,tm,68.52000000000001,0.5572984110040125,0.0713422350017936
UTM-NN,121,tm,68.61,0.556636894994881,0.07243742799619213
UTM-NN,122,tm,68.96,0.5633377589983866,0.07244693699612981
UTM-NN,123,tm,68.77,0.5485727080013021,0.0706676769987098
UTM-NN,124,tm,68.42,0.5604396019989508,0.07060956400528084
UTM-NN,125,tm,68.01,0.5673821390009834,0.07367481600522297
UTM-NN,126,tm,68.03,0.545103978998668,0.07206027500069467
UTM-NN,127,tm,68.46,0.5565541579999262,0.0725503400026355
UTM-NN,128,tm,68.2,0.5509348399937153,0.07185188999574166
UTM-NN,129,tm,68.24,0.560278360004304,0.07124240200209897
UTM-NN,130,tm,67.95,0.5561367219997919,0.07270238099590642
UTM-NN,131,tm,68.12,0.5482690749995527,0.07251918700058013
UTM-NN,132,tm,68.21000000000001,0.5577095429980545,0.0728683990018908
UTM-NN,133,tm,68.43,0.5630251800030237,0.07269168200582499
UTM-NN,134,tm,68.17999999999999,0.5596903800033033,0.07096756200189702
UTM-NN,135,tm,68.11,0.558117886997934,0.07149566599400714
UTM-NN,136,tm,67.99,0.5521761600030004,0.0722261030023219
UTM-NN,137,tm,67.66,0.5538597129998379,0.07057464600075036
UTM-NN,138,tm,67.57,0.5622605320022558,0.08101879100286169
UTM-NN,139,tm,67.55,0.5609420900000259,0.07049078099953476
UTM-NN,140,tm,67.65,0.5495083130008425,0.06939910700020846
UTM-NN,141,tm,67.71000000000001,0.5506307969990303,0.07209344600414624
UTM-NN,142,tm,67.94,0.5511205840011826,0.07235876799677499
UTM-NN,143,tm,67.75,0.5523527080003987,0.07205591000092681
UTM-NN,144,tm,68.13,0.5553180220013019,0.07164994699996896
UTM-NN,145,tm,68.21000000000001,0.5529579239955638,0.0720097480007098
UTM-NN,146,tm,68.24,0.5467030079962569,0.07390277100057574
UTM-NN,147,tm,68.52000000000001,0.5600464569943142,0.07265015500161098
UTM-NN,148,tm,68.37,0.5659866150017479,0.07359781800187193
UTM-NN,149,tm,67.92,0.5600641439959873,0.07118022599752294
UTM-NN,150,tm,68.15,0.550487377004174,0.07235955900250701
UTM-NN,151,nn,70.33,0.2532469489960931,0.07454105700162472
UTM-NN,152,nn,71.02000000000001,0.19373060300131328,0.07310593799775233
UTM-NN,153,nn,71.53,0.1958056739968015,0.07316836999962106
UTM-NN,154,nn,71.5,0.19625825399998575,0.07338857599825133
UTM-NN,155,nn,71.55,0.2468213550018845,0.07180319000326563
UTM-NN,156,nn,71.6,0.1959579329995904,0.07320007499947678
UTM-NN,157,nn,71.69,0.19556266500148922,0.07072210300248116
UTM-NN,158,nn,71.69,0.19789682300324785,0.07272840999939945
UTM-NN,159,nn,71.84,0.24444391800352605,0.07317159899685066
UTM-NN,160,nn,71.83,0.19478470600006403,0.07327729700045893
UTM-NN,161,nn,71.96000000000001,0.21109906399942702,0.07384033800190082
UTM-NN,162,nn,71.86,0.20386796400271123,0.0723352779968991
UTM-NN,163,nn,71.89,0.20142016199679347,0.0733709269989049
UTM-NN,164,nn,71.92,0.2687406679979176,0.07145326000318164
UTM-NN,165,nn,71.93,0.20435032300156308,0.07226989199989475
UTM-NN,166,nn,71.89,0.22046313399914652,0.07214611699600937
UTM-NN,167,nn,71.95,0.21422803899622522,0.07203479100280674
UTM-NN,168,nn,71.89,0.2607938410001225,0.07528650000313064
UTM-NN,169,nn,71.94,0.19769895300123608,0.07248523399903206
UTM-NN,170,nn,71.87,0.19659485499869334,0.07345744500344153
UTM-NN,171,nn,72.06,0.2029787560022669,0.07356205300311558
UTM-NN,172,nn,72.0,0.2539633030028199,0.07216578700172249
UTM-NN,173,nn,72.06,0.2202392450053594,0.07320667600288289
UTM-NN,174,nn,72.00999999999999,0.21158766400185414,0.07318871399911586
UTM-NN,175,nn,72.04,0.2153752920057741,0.07224761600082275
UTM-NN,176,nn,72.09,0.2519260800036136,0.07165531600185204
UTM-NN,177,nn,72.11,0.21826390599744627,0.07272291399567621
UTM-NN,178,nn,72.08,0.2002361490012845,0.07425838599738199
UTM-NN,179,nn,72.06,0.19516063899936853,0.07446233100199606
UTM-NN,180,nn,72.07000000000001,0.19466081199789187,0.07398557399574202
UTM-NN,181,nn,72.02,0.24586525699851336,0.07107081899448531
UTM-NN,182,nn,72.05,0.1975451889957185,0.0719954379965202
UTM-NN,183,nn,72.0,0.19651265800348483,0.07368788500025403
UTM-NN,184,nn,72.14,0.2025106639994192,0.07396072000119602
UTM-NN,185,nn,72.11,0.24543774299672805,0.07510367799841333
UTM-NN,186,nn,72.06,0.19627467700047418,0.0707370570016792
UTM-NN,187,nn,72.02,0.19425044099625666,0.0730849940009648
UTM-NN,188,nn,72.09,0.19511867799883476,0.07310177099861903
UTM-NN,189,nn,72.07000000000001,0.2651481830034754,0.07107797199569177
UTM-NN,190,nn,72.17,0.20472498000162886,0.0737749470063136
UTM-NN,191,nn,72.14,0.20084118099475745,0.0721881889985525
UTM-NN,192,nn,71.91,0.19576643699838314,0.07309768599952804
UTM-NN,193,nn,72.06,0.24673823899502167,0.0734845850020065
UTM-NN,194,nn,72.06,0.19472940300329356,0.07555218500056071
UTM-NN,195,nn,72.03,0.1958317309981794,0.075117271997442
UTM-NN,196,nn,71.99,0.19493053999758558,0.07254621900210623
UTM-NN,197,nn,72.02,0.1982740629973705,0.07693263300461695
UTM-NN,198,nn,71.91,0.25601947699760785,0.07362021900189575
UTM-NN,199,nn,72.0,0.21824673299852293,0.07560675100103253
UTM-NN,200,nn,72.00999999999999,0.1969742090004729,0.07255239500227617
UTM-NN,201,nn,72.14,0.1941052230031346,0.07333197999832919
UTM-NN,202,nn,72.17,0.2489077019999968,0.0710613910050597
UTM-NN,203,nn,72.15,0.21711021599912783,0.0741665980021935
UTM-NN,204,nn,72.1,0.2176225869989139,0.07196699699852616
UTM-NN,205,nn,72.11999999999999,0.19426951100467704,0.07266590100334724
UTM-NN,206,nn,72.1,0.27031188899854897,0.07299295400298433
UTM-NN,207,nn,72.02,0.1999904330004938,0.07306010199681623
UTM-NN,208,nn,72.08,0.19765756400011014,0.07151280299876817
UTM-NN,209,nn,72.11,0.19692731000395725,0.07273931199597428
UTM-NN,210,nn,71.95,0.24759290699876146,0.07060191899654455
UTM-NN,211,nn,71.94,0.2114306889998261,0.0738323190016672
UTM-NN,212,nn,72.13000000000001,0.1976747640001122,0.07372407700313488
UTM-NN,213,nn,71.95,0.20936296199943172,0.0732032870000694
UTM-NN,214,nn,72.06,0.20455497199873207,0.07419600000139326
UTM-NN,215,nn,72.11,0.25152560800052015,0.07359670900041237
UTM-NN,216,nn,71.98,0.21894877999875462,0.07259098200302105
UTM-NN,217,nn,72.03,0.20504374200390885,0.07123646700347308
UTM-NN,218,nn,72.0,0.21151153599930694,0.07472323899855837
UTM-NN,219,nn,72.11,0.2709414520068094,0.0723599179982557
UTM-NN,220,nn,72.08,0.21419548599806149,0.07290559499961091
UTM-NN,221,nn,72.04,0.19773289199656574,0.07384458899468882
UTM-NN,222,nn,72.15,0.19708498800173402,0.07368296299682697
UTM-NN,223,nn,72.06,0.26812943600089056,0.07220197200513212
UTM-NN,224,nn,71.98,0.20558732700010296,0.07239626499358565
UTM-NN,225,nn,72.14,0.19896446000348078,0.07453907700255513
UTM-NN,226,nn,72.08,0.2088402590015903,0.07457134299329482
UTM-NN,227,nn,72.02,0.2665289380020113,0.07122528500622138
UTM-NN,228,nn,72.00999999999999,0.2178996160000679,0.07359233500028495
UTM-NN,229,nn,72.07000000000001,0.22151564100204268,0.0721875929957605
UTM-NN,230,nn,71.97,0.22505459799867822,0.07224235899775522
UTM-NN,231,nn,72.00999999999999,0.2544373569980962,0.07477235999976983
UTM-NN,232,nn,72.07000000000001,0.19477413700224133,0.07504199300456094
UTM-NN,233,nn,72.07000000000001,0.19816865099710412,0.07128978599939728
UTM-NN,234,nn,72.22,0.1976718149962835,0.07338661800167756
UTM-NN,235,nn,72.18,0.19767509400116978,0.073029453997151
UTM-NN,236,nn,72.06,0.2448209029971622,0.07199280100030592
UTM-NN,237,nn,71.99,0.19410870200226782,0.07395329700375441
UTM-NN,238,nn,71.95,0.19674642899917671,0.07328757599316305
UTM-NN,239,nn,72.19,0.1947021650048555,0.07345320400054334
UTM-NN,240,nn,72.08,0.25284856899816077,0.07256924100511242
UTM-NN,241,nn,72.14,0.19485995000286493,0.07419974900403759
UTM-NN,242,nn,72.00999999999999,0.19486447899544146,0.07483377700555138
UTM-NN,243,nn,72.17,0.19388409800012596,0.07369297900004312
UTM-NN,244,nn,72.04,0.24491009999474045,0.07231992600281956
UTM-NN,245,nn,72.11,0.19825513200339628,0.0737157039984595
UTM-NN,246,nn,72.19,0.19528635800088523,0.07220413300092332
UTM-NN,247,nn,72.05,0.19552223999926355,0.07273160600016126
UTM-NN,248,nn,71.97,0.19677339399640914,0.07196335600019665
UTM-NN,249,nn,72.14,0.2501044250020641,0.07546357999672182
UTM-NN,250,nn,71.99,0.19650855399959255,0.0740002060047118
UTM-NN,251,nn,72.14,0.1963081220019376,0.07201303400506731
UTM-NN,252,nn,72.05,0.19903541000530822,0.07174415200279327
UTM-NN,253,nn,71.97,0.2456756259998656,0.07400811800471274
UTM-NN,254,nn,72.13000000000001,0.19709252099710284,0.07540378599514952
UTM-NN,255,nn,72.21,0.19682242700218922,0.07227861200226471
UTM-NN,256,nn,72.02,0.21728104900103062,0.07414616500318516
UTM-NN,257,nn,72.14,0.2633360999971046,0.0715455009994912
UTM-NN,258,nn,72.11999999999999,0.19873956800438464,0.07294051399367163
UTM-NN,259,nn,72.18,0.20438822799769696,0.07313816200621659
UTM-NN,260,nn,72.17,0.1942159870013711,0.07282760399539256
UTM-NN,261,nn,72.06,0.2509986739969463,0.07229351800197037
UTM-NN,262,nn,72.0,0.20281366600102047,0.07146636900142767
UTM-NN,263,nn,72.28,0.2108488160010893,0.07550941700174008
UTM-NN,264,nn,72.07000000000001,0.21597099800419528,0.07392912499926751
UTM-NN,265,nn,72.03,0.26536092499736696,0.07242005599982804
UTM-NN,266,nn,72.02,0.20096643100259826,0.07250016400212189
UTM-NN,267,nn,72.1,0.21633479199954309,0.07297841000399785
UTM-NN,268,nn,72.11999999999999,0.21844827399763744,0.07199744999525137
UTM-NN,269,nn,72.03,0.20211697799823014,0.07259281299775466
UTM-NN,270,nn,72.09,0.2475529599978472,0.07320738900307333
UTM-NN,271,nn,72.08,0.1948640289992909,0.07425628600321943
UTM-NN,272,nn,72.03,0.20623765600612387,0.07255513899872312
UTM-NN,273,nn,72.06,0.1982194609954604,0.07377916000405094
UTM-NN,274,nn,72.09,0.24427057199500268,0.07304827199550346
UTM-NN,275,nn,71.99,0.21966843200061703,0.07468572100333404
UTM-NN,276,nn,71.98,0.20433915399917169,0.07539513099618489
UTM-NN,277,nn,72.06,0.19838530600100057,0.07316884800093248
UTM-NN,278,nn,72.21,0.25675148900336353,0.07415636500081746
UTM-NN,279,nn,72.03,0.19874990999960573,0.07250966299761785
UTM-NN,280,nn,71.91,0.19920861599530326,0.07229607699991902
UTM-NN,281,nn,72.08,0.20191483599774074,0.07284968099702382
UTM-NN,282,nn,72.02,0.2456648529987433,0.07584266999765532
UTM-NN,283,nn,72.04,0.20022762200096622,0.07260766900435556
UTM-NN,284,nn,72.11999999999999,0.2210877929974231,0.07336792800197145
UTM-NN,285,nn,72.13000000000001,0.22015698100585723,0.07334616599837318
UTM-NN,286,nn,71.98,0.20229474100051448,0.07221856999967713
UTM-NN,287,nn,72.0,0.2501547779975226,0.0727878760008025
UTM-NN,288,nn,72.08,0.19758999300393043,0.07219906899990747
UTM-NN,289,nn,71.89999999999999,0.1973897619973286,0.0751610309962416
UTM-NN,290,nn,72.05,0.19763048100139713,0.07580385300389025
UTM-NN,291,nn,72.09,0.24446646599972155,0.07237863699992886
UTM-NN,292,nn,72.00999999999999,0.19676826000068104,0.07346244999644114
UTM-NN,293,nn,71.89999999999999,0.1958712240011664,0.07301773400104139
UTM-NN,294,nn,71.94,0.19820423499913886,0.07217120599671034
UTM-NN,295,nn,72.11,0.24589999300224008,0.07355224200000521
UTM-NN,296,nn,71.88,0.19510995499877026,0.07372327899793163
UTM-NN,297,nn,72.03,0.19502671000373084,0.07412130999728106
UTM-NN,298,nn,72.1,0.1978542299984838,0.07189714400010416
UTM-NN,299,nn,71.94,0.2442891620012233,0.07260693800344598
UTM-NN,300,nn,72.11,0.21616940000239993,0.07431118700333172
UTM-NN,301,nn,71.76,0.2032202699992922,0.07169873800012283
UTM-NN,302,nn,72.05,0.19458032499824185,0.0717999390035402
UTM-NN,303,nn,72.07000000000001,0.19736980499874335,0.0741740369994659
UTM-NN,304,nn,72.08,0.25465196000004653,0.07478363099653507
UTM-NN,305,nn,71.99,0.20319032300176332,0.07283829399966635
UTM-NN,306,nn,72.04,0.19362000199907925,0.07313245300611015
UTM-NN,307,nn,72.14,0.19515076400421094,0.07346754299942404
UTM-NN,308,nn,71.97,0.24723617499694228,0.08086027300305432
UTM-NN,309,nn,72.03,0.1949918769969372,0.07260214700363576
UTM-NN,310,nn,72.07000000000001,0.19644609299575677,0.07271497199690202
UTM-NN,311,nn,72.1,0.19498558300256263,0.07286282999848481
UTM-NN,312,nn,72.1,0.253529850000632,0.07310157299798448
UTM-NN,313,nn,71.92,0.19572947900451254,0.07303716499882285
UTM-NN,314,nn,72.04,0.19513646000268636,0.07277614600025117
UTM-NN,315,nn,71.99,0.20219087399891578,0.07208754300518194
UTM-NN,316,nn,72.02,0.2482604709948646,0.0733526059993892
UTM-NN,317,nn,72.13000000000001,0.19541452499834122,0.07187347999570193
UTM-NN,318,nn,72.18,0.19569391299592098,0.07189555599325104
UTM-NN,319,nn,71.86,0.2002995560033014,0.07482065899966983
UTM-NN,320,nn,72.09,0.2459913799975766,0.07340561700402759
UTM-NN,321,nn,72.11,0.19594981399859535,0.07497327999590198
UTM-NN,322,nn,71.93,0.19791210299445083,0.07377235699823359
UTM-NN,323,nn,72.05,0.1982353069979581,0.07352147900382988
UTM-NN,324,nn,71.95,0.19539145700400695,0.07108421900193207
UTM-NN,325,nn,72.28,0.24499022999953013,0.07257689199468587
UTM-NN,326,nn,72.09,0.19876814999588532,0.07780786999501288
UTM-NN,327,nn,72.05,0.19741147799504688,0.07203514700086089
UTM-NN,328,nn,72.03,0.19560858800105052,0.07379307199880714
UTM-NN,329,nn,71.96000000000001,0.2618744620049256,0.07148687599692494
UTM-NN,330,nn,71.96000000000001,0.211971940996591,0.07231526800023858
UTM-NN,331,nn,72.1,0.19687747299758485,0.07366724999883445
UTM-NN,332,nn,72.15,0.2177400549990125,0.07501435199810658
UTM-NN,333,nn,72.22,0.25869852900359547,0.07579925200116122
UTM-NN,334,nn,72.19,0.22099537400208646,0.07222321199515136
UTM-NN,335,nn,72.0,0.21486507399822585,0.07367371099826414
UTM-NN,336,nn,72.18,0.20757578500342788,0.0720446190025541
UTM-NN,337,nn,72.15,0.2654662429995369,0.07327419899957022
UTM-NN,338,nn,71.95,0.21762679800303886,0.07491169100103434
UTM-NN,339,nn,72.05,0.21608738799841376,0.074681120000605
UTM-NN,340,nn,71.92,0.22241916899656644,0.07534016300633084
UTM-NN,341,nn,72.06,0.2108519850007724,0.07456768499832833
UTM-NN,342,nn,72.02,0.27060675099346554,0.07381636599893682
UTM-NN,343,nn,72.09,0.21422576500481227,0.07426937799755251
UTM-NN,344,nn,72.0,0.2174153519954416,0.0719960800051922
UTM-NN,345,nn,72.14,0.21896640899649356,0.07139990400173701
UTM-NN,346,nn,71.81,0.2537828139975318,0.07374859200353967
UTM-NN,347,nn,72.1,0.20313927099778084,0.07617016499716556
UTM-NN,348,nn,72.08,0.21742036499927053,0.07192098199448083
UTM-NN,349,nn,71.97,0.20527349099575076,0.07482444700144697
UTM-NN,350,nn,72.1,0.25845266000396805,0.07346708799741464
UTM-NN,351,nn,72.02,0.21887196200259496,0.0732464640022954
UTM-NN,352,nn,71.92,0.2179821190002258,0.07390654399932828
UTM-NN,353,nn,71.94,0.19803906099696178,0.07349993900425034
UTM-NN,354,nn,71.97,0.26360541099711554,0.0749990939948475
UTM-NN,355,nn,71.89999999999999,0.2227543120025075,0.0730397700026515
UTM-NN,356,nn,72.06,0.2136646799990558,0.07270126899675233
UTM-NN,357,nn,72.15,0.20800895200227387,0.07458878799661761
UTM-NN,358,nn,72.00999999999999,0.21899011799541768,0.07568161700328346
UTM-NN,359,nn,72.1,0.27003933399828384,0.07434881800145376
UTM-NN,360,nn,72.04,0.2174961130003794,0.07424182500108145
UTM-NN,361,nn,72.11,0.19907353300368413,0.07431146800081478
UTM-NN,362,nn,72.03,0.19514898499619449,0.07543166799587198
UTM-NN,363,nn,72.16,0.24713353699917207,0.07339489099831553
UTM-NN,364,nn,72.00999999999999,0.19457475700619398,0.07244192600046517
UTM-NN,365,nn,71.84,0.19630205900466535,0.07328885499737225
UTM-NN,366,nn,72.03,0.19387306700082263,0.07264322899573017
UTM-NN,367,nn,72.13000000000001,0.2449266709954827,0.0717169570052647
UTM-NN,368,nn,72.13000000000001,0.19742820099781966,0.0726532379994751
UTM-NN,369,nn,71.97,0.22034574200370116,0.0738557770018815
UTM-NN,370,nn,72.14,0.21199167799932184,0.07473516699974425
UTM-NN,371,nn,72.13000000000001,0.268909121004981,0.07417155300208833
UTM-NN,372,nn,72.14,0.2194379119973746,0.0749338820023695
UTM-NN,373,nn,72.14,0.21533731700037606,0.07420607699896209
UTM-NN,374,nn,71.97,0.21740005000174278,0.07249875999696087
UTM-NN,375,nn,72.05,0.2580331529970863,0.07425992599746678
UTM-NN,376,nn,72.18,0.19462100700184237,0.0739852240003529
UTM-NN,377,nn,72.11999999999999,0.19625005200214218,0.07249527100066189
UTM-NN,378,nn,72.08,0.21908488600456621,0.07481769099831581
UTM-NN,379,nn,71.89999999999999,0.19648271299956832,0.07566738299647113
UTM-NN,380,nn,72.1,0.24838508600078057,0.07539380899834214
UTM-NN,381,nn,72.14,0.19581531600124435,0.07485286800510949
UTM-NN,382,nn,72.09,0.19548965799913276,0.07254541499423794
UTM-NN,383,nn,72.11,0.1992075960006332,0.07306014299683738
UTM-NN,384,nn,72.04,0.2623226659998181,0.07376910099992529
UTM-NN,385,nn,72.22,0.19475386300473474,0.07516454099823022
UTM-NN,386,nn,72.07000000000001,0.20161176600231556,0.0734254340059124
UTM-NN,387,nn,72.08,0.22000583999761147,0.07451299099921016
UTM-NN,388,nn,71.94,0.26271246500255074,0.07516636599757476
UTM-NN,389,nn,71.95,0.21893603100033943,0.0757508440001402
UTM-NN,390,nn,72.05,0.2116951269999845,0.07616343200061237
UTM-NN,391,nn,72.03,0.21199449200503295,0.07312064900179394
UTM-NN,392,nn,72.14,0.26580377599748317,0.07349981200241018
UTM-NN,393,nn,72.05,0.21514452200062806,0.07336619000125211
UTM-NN,394,nn,71.94,0.20012830299674533,0.07406651200290071
UTM-NN,395,nn,72.00999999999999,0.21680142900004284,0.07655139800044708
UTM-NN,396,nn,72.1,0.21918548800022108,0.07200766599999042
UTM-NN,397,nn,71.99,0.2616012310027145,0.0735227679979289
UTM-NN,398,nn,72.26,0.1955412180031999,0.07325435700477101
UTM-NN,399,nn,72.11,0.196133990000817,0.07459629700315418
UTM-NN,400,nn,72.17,0.19375371999922208,0.07515173499996308
UTM-NN,401,nn,72.1,0.24563736100390088,0.07539032899512677
UTM-NN,402,nn,72.11999999999999,0.19607115300459554,0.07308037400071044
UTM-NN,403,nn,72.05,0.19626683599926764,0.07310581700585317
UTM-NN,404,nn,72.09,0.20406098999956157,0.07361559399578255
UTM-NN,405,nn,72.17,0.2521257079934003,0.07361627100181067
UTM-NN,406,nn,72.17,0.19585932300105924,0.07296625999879325
UTM-NN,407,nn,72.03,0.1949166679987684,0.07245947200135561
UTM-NN,408,nn,71.96000000000001,0.19347508999635465,0.07376152399956482
UTM-NN,409,nn,72.02,0.26567643899761606,0.0719052720014588
UTM-NN,410,nn,72.06,0.21733907299494604,0.07347858499997528
UTM-NN,411,nn,72.05,0.20211540599848377,0.07263202300237026
UTM-NN,412,nn,72.04,0.22229021500243107,0.0722562619994278
UTM-NN,413,nn,71.99,0.21347946699825116,0.07253641800343757
UTM-NN,414,nn,72.11,0.25193184499948984,0.07248907100438373
UTM-NN,415,nn,72.04,0.21466572099598125,0.07456609300425043
UTM-NN,416,nn,72.06,0.21746978200098965,0.07265456899767742
UTM-NN,417,nn,71.97,0.2129649389971746,0.07306142400193494
UTM-NN,418,nn,71.96000000000001,0.2561564420029754,0.07479352699738229
UTM-NN,419,nn,72.03,0.1938586949981982,0.07317509999847971
UTM-NN,420,nn,71.99,0.19579522200365318,0.07397026899707271
UTM-NN,421,nn,71.93,0.19626288500148803,0.07358154399844352
UTM-NN,422,nn,72.09,0.2665385799991782,0.07356198200432118
UTM-NN,423,nn,72.11,0.2174718039968866,0.07262181300029624
UTM-NN,424,nn,72.08,0.21698488100082614,0.07106769099482335
UTM-NN,425,nn,72.06,0.20663685999898007,0.07187465100287227
UTM-NN,426,nn,71.93,0.2619557630023337,0.07403473700105678
UTM-NN,427,nn,71.99,0.21497366699622944,0.0738595759976306
UTM-NN,428,nn,72.09,0.1997425950030447,0.07376256399584236
UTM-NN,429,nn,72.03,0.21703428100590827,0.07264893999672495
UTM-NN,430,nn,72.09,0.2663482659991132,0.07222810300299898
UTM-NN,431,nn,72.09,0.21402164299797732,0.07477384500089101
UTM-NN,432,nn,72.11,0.19662003800476668,0.07307415000104811
UTM-NN,433,nn,72.27,0.21347331500146538,0.07349898800021037
UTM-NN,434,nn,72.08,0.2049202999987756,0.07487038699764526
UTM-NN,435,nn,72.07000000000001,0.24875029499526136,0.07231723199947737
UTM-NN,436,nn,72.13000000000001,0.19423030000325525,0.07035578100476414
UTM-NN,437,nn,72.1,0.1950528300003498,0.07348121300310595
UTM-NN,438,nn,72.1,0.19583758500084514,0.07420198599720607
UTM-NN,439,nn,72.09,0.25613536099990597,0.07341416100098286
UTM-NN,440,nn,72.08,0.19671050800388912,0.07356740099930903
UTM-NN,441,nn,72.11999999999999,0.1952801039951737,0.07164329999795882
UTM-NN,442,nn,72.1,0.19870824800455011,0.07177690899698064
UTM-NN,443,nn,72.11999999999999,0.2617087469989201,0.07412867300445214
UTM-NN,444,nn,72.18,0.21815946199785685,0.07513196900254115
UTM-NN,445,nn,72.11999999999999,0.21608663000370143,0.07240178199572256
UTM-NN,446,nn,72.09,0.20884615999966627,0.07286475799628533
UTM-NN,447,nn,72.05,0.24591749999672174,0.07181162400229368
UTM-NN,448,nn,72.15,0.19449934299336746,0.07306446000438882
UTM-NN,449,nn,72.07000000000001,0.19711485500010895,0.07388033800089033
UTM-NN,450,nn,72.11999999999999,0.19471903699741233,0.07609386200056178
UTM-NN,451,nn,72.1,0.19863710299978266,0.07430981599463848
UTM-NN,452,nn,72.18,0.26563445200008573,0.07341329799965024
UTM-NN,453,nn,72.09,0.2024653069966007,0.07545221199688967
UTM-NN,454,nn,72.09,0.2019072379989666,0.07361724899965338
UTM-NN,455,nn,71.97,0.19451885399757884,0.07156754199968418
UTM-NN,456,nn,71.96000000000001,0.2546299320019898,0.0705285539952456
UTM-NN,457,nn,72.06,0.19838183899992146,0.07279587600351078
UTM-NN,458,nn,72.0,0.19575481699575903,0.07411140199837973
UTM-NN,459,nn,72.08,0.2144322949970956,0.07363726400217274
UTM-NN,460,nn,72.19,0.2609199670041562,0.07307095899886917
UTM-NN,461,nn,72.08,0.22131977700337302,0.07440935899649048
UTM-NN,462,nn,72.09,0.22181400899717119,0.07285983600013424
UTM-NN,463,nn,72.16,0.20892887900117785,0.07121274699602509
UTM-NN,464,nn,72.19,0.26906737399986014,0.07055704199592583
UTM-NN,465,nn,72.07000000000001,0.22042797799804248,0.07358922399725998
UTM-NN,466,nn,71.99,0.21850320100202225,0.07460384099977091
UTM-NN,467,nn,72.11,0.21577037799579557,0.07293661899893777
UTM-NN,468,nn,72.15,0.21937618100491818,0.0745292830033577
UTM-NN,469,nn,72.1,0.2656849279956077,0.07452798599842936
UTM-NN,470,nn,72.2,0.21971053100423887,0.07213175800279714
UTM-NN,471,nn,72.14,0.2195786020020023,0.0746110559994122
UTM-NN,472,nn,72.16,0.22261071600223659,0.07454872200469254
UTM-NN,473,nn,71.99,0.2677909640042344,0.07374000099662226
UTM-NN,474,nn,71.99,0.20269336199999088,0.07358169299550354
UTM-NN,475,nn,72.04,0.20932983600505395,0.07415519800269976
UTM-NN,476,nn,72.2,0.21708489400043618,0.07270391599740833
UTM-NN,477,nn,71.98,0.27388142199924914,0.07400420699559618
UTM-NN,478,nn,72.13000000000001,0.20246893299918156,0.07294910400378285
UTM-NN,479,nn,72.11,0.20262325699877692,0.07484644500073045
UTM-NN,480,nn,72.05,0.20769804299925454,0.07480981699336553
UTM-NN,481,nn,72.05,0.25633695499709575,0.07541766999929678
UTM-NN,482,nn,72.08,0.2181218460027594,0.07538104599370854
UTM-NN,483,nn,72.04,0.20255755499965744,0.07455341800232418
UTM-NN,484,nn,72.17,0.19576449699525256,0.07287239900324494
UTM-NN,485,nn,72.07000000000001,0.26563767100014957,0.07343206999939866
UTM-NN,486,nn,72.11,0.21305837499676272,0.07288366300053895
UTM-NN,487,nn,72.05,0.20677307600271888,0.07573396599764237
UTM-NN,488,nn,71.99,0.20318045200110646,0.07164951600134373
UTM-NN,489,nn,72.18,0.19903215199883562,0.07383869700424839
UTM-NN,490,nn,71.98,0.2504481219948502,0.0741492540037143
UTM-NN,491,nn,72.08,0.19809387699933723,0.07495609799661906
UTM-NN,492,nn,71.92,0.19399575499846833,0.07328094499825966
UTM-NN,493,nn,72.23,0.20579702300165081,0.07350833300006343
UTM-NN,494,nn,71.86,0.2636669239946059,0.07436896400031401
UTM-NN,495,nn,71.98,0.2045638150011655,0.0736269879998872
UTM-NN,496,nn,72.21,0.19339091800065944,0.07273403799626976
UTM-NN,497,nn,72.08,0.2074517000000924,0.07175891799852252
UTM-NN,498,nn,72.0,0.26256570399709744,0.07413317399914376
UTM-NN,499,nn,71.93,0.19763357500050915,0.07252427300409181
UTM-NN,500,nn,71.99,0.21854964399972232,0.0728644560003886
