method,epoch,model_type,test_accuracy,train_time,test_time
Cyclic,1,tm,88.26,0.3437796259968309,0.05990705698786769
Cyclic,2,tm,90.02,0.29839453399472404,0.061116345998016186
Cyclic,3,tm,90.61,0.28721604800375644,0.06115168899123091
Cyclic,4,tm,91.57,0.26913111700559966,0.06277200800832361
Cyclic,5,tm,90.06,0.27192031701270025,0.06153129000449553
Cyclic,6,tm,91.72,0.27542704000370577,0.06401141500100493
Cyclic,7,tm,91.02,0.26086928699805867,0.06177193699113559
Cyclic,8,tm,91.99000000000001,0.25810356700094417,0.06400317800580524
Cyclic,9,tm,90.86999999999999,0.26431583099474665,0.06931664000148885
Cyclic,10,tm,91.95,0.25564529199618846,0.06209876900538802
Cyclic,11,tm,92.22,0.25452423699607607,0.06454883600235917
Cyclic,12,tm,91.97999999999999,0.2513244739966467,0.062482680994435214
Cyclic,13,tm,92.85,0.25373165399651043,0.06386973400367424
Cyclic,14,tm,93.05,0.2549993819993688,0.0625973619899014
Cyclic,15,tm,91.79,0.25061990499671083,0.06316297200100962
Cyclic,16,tm,93.03,0.24982024500786792,0.06293217799975537
Cyclic,17,tm,92.33,0.24962170798971783,0.06282474000181537
Cyclic,18,tm,93.16,0.2504667400062317,0.062168447009753436
Cyclic,19,tm,92.95,0.24776559999736492,0.06333176599582657
Cyclic,20,tm,92.60000000000001,0.24837217300955672,0.06407468000543304
Cyclic,21,tm,93.43,0.2503506569919409,0.062377310008741915
Cyclic,22,tm,93.33,0.23629150100168772,0.062864264997188
Cyclic,23,tm,93.5,0.2394666610052809,0.06286041100975126
Cyclic,24,tm,93.67,0.247797078001895,0.06288777600275353
Cyclic,25,tm,92.9,0.24321237900585402,0.06172382799559273
Cyclic,26,tm,93.06,0.2404458800010616,0.06267231500532944
Cyclic,27,tm,93.14,0.2529797480092384,0.06388201999652665
Cyclic,28,tm,93.15,0.23640138500195462,0.06283354100014549
Cyclic,29,tm,93.47,0.24142216400650796,0.06310043499979656
Cyclic,30,tm,93.02,0.2442447500070557,0.061369267001282424
Cyclic,31,tm,93.82000000000001,0.24114784599805716,0.06187919300282374
Cyclic,32,tm,93.36,0.23471740999957547,0.06123108199972194
Cyclic,33,tm,93.84,0.24431210500188172,0.06311852199723944
Cyclic,34,tm,92.5,0.24157250199641567,0.06111600399890449
Cyclic,35,tm,93.43,0.2347587120020762,0.06481685799371917
Cyclic,36,tm,93.54,0.24556847399799153,0.0621972749941051
Cyclic,37,tm,93.16,0.23761486999865156,0.06413692199566867
Cyclic,38,tm,93.85,0.24716320000879932,0.0630553010123549
Cyclic,39,tm,93.08,0.2409985569975106,0.0641064270021161
Cyclic,40,tm,93.19,0.23547140900336672,0.06160782600636594
Cyclic,41,tm,93.27,0.2363413849961944,0.06259529798990116
Cyclic,42,tm,93.62,0.23663793300511315,0.06467054499080405
Cyclic,43,tm,93.97999999999999,0.24016881799616385,0.07405613099399488
Cyclic,44,tm,94.15,0.23927672101126518,0.062226341004134156
Cyclic,45,tm,93.81,0.23704290900786873,0.06359359000634868
Cyclic,46,tm,92.32000000000001,0.23855301000003237,0.06342939600290265
Cyclic,47,tm,93.7,0.23637736101227347,0.06106889199872967
Cyclic,48,tm,92.58999999999999,0.2320338370045647,0.06287300199619494
Cyclic,49,tm,92.53,0.2349366540001938,0.06322012899909168
Cyclic,50,tm,93.5,0.23590970199438743,0.0619402370066382
Cyclic,51,nn,95.35,0.2723003639985109,0.06400349899195135
Cyclic,52,nn,95.47,0.21850000599806663,0.06529245000274386
Cyclic,53,nn,95.47,0.21950665800250135,0.06442786799743772
Cyclic,54,nn,95.55,0.21864198500406928,0.06697383499704301
Cyclic,55,nn,95.62,0.21752981199824717,0.06538259999069851
Cyclic,56,nn,95.53,0.26802243301062845,0.06541476600978058
Cyclic,57,nn,95.53,0.1941402590018697,0.06505076600296889
Cyclic,58,nn,95.61,0.21193258799030446,0.06273237700224854
Cyclic,59,nn,95.41,0.20355591100815218,0.06685203300730791
Cyclic,60,nn,95.54,0.26634361800097395,0.06560555098985787
Cyclic,61,nn,95.45,0.21691044999170117,0.06656084200949408
Cyclic,62,nn,95.61,0.19306677900021896,0.06591977999778464
Cyclic,63,nn,95.55,0.19993837899528444,0.066238023006008
Cyclic,64,nn,95.5,0.25601677800295874,0.06501997901068535
Cyclic,65,nn,95.54,0.1995765309984563,0.06526384899916593
Cyclic,66,tm,93.28999999999999,0.24262705900764558,0.0677813399961451
Cyclic,67,tm,94.32000000000001,0.24155533900193404,0.062386036006500944
Cyclic,68,tm,93.4,0.23798004000855144,0.0628189130075043
Cyclic,69,tm,93.64,0.23895629499747884,0.06442357899504714
Cyclic,70,tm,93.7,0.23643135800375603,0.06314350399770774
Cyclic,71,tm,94.24,0.23340745200403035,0.0630040809919592
Cyclic,72,tm,94.26,0.2349009239987936,0.06339687400031835
Cyclic,73,tm,93.54,0.23455135899712332,0.06447937600023579
Cyclic,74,tm,93.97999999999999,0.23566846299218014,0.06378162199689541
Cyclic,75,tm,93.44,0.23253366199787706,0.06339577100879978
Cyclic,76,tm,94.26,0.23886068600404542,0.06362449000880588
Cyclic,77,tm,93.58,0.23260826600017026,0.06390684899815824
Cyclic,78,tm,93.61,0.24631574099475984,0.0637672860029852
Cyclic,79,tm,93.78999999999999,0.23662195399811026,0.06938934299978428
Cyclic,80,tm,93.82000000000001,0.22609859200019855,0.06329448700125795
Cyclic,81,tm,93.57,0.22881301199959125,0.06273026199778542
Cyclic,82,tm,93.52000000000001,0.23490815400145948,0.06233892599993851
Cyclic,83,tm,93.71000000000001,0.23524114899919368,0.06272161100059748
Cyclic,84,tm,93.65,0.2327124779985752,0.06385340700217057
Cyclic,85,tm,93.39,0.23210990500228945,0.06183257700467948
Cyclic,86,tm,93.67,0.22800765799183864,0.0615383990079863
Cyclic,87,tm,93.23,0.23216527300246526,0.06218994899245445
Cyclic,88,tm,93.23,0.23745195999799762,0.06419135000032838
Cyclic,89,tm,92.05,0.2316129649989307,0.06205551000311971
Cyclic,90,tm,93.97,0.23214949099929072,0.06108193199906964
Cyclic,91,tm,93.72,0.22983938100514933,0.06136123000760563
Cyclic,92,tm,92.88,0.24212225299561396,0.062000967998756096
Cyclic,93,tm,92.10000000000001,0.2401384440017864,0.06270330199913587
Cyclic,94,tm,94.08999999999999,0.2302300300070783,0.06269529700512066
Cyclic,95,tm,94.33,0.23645842500263825,0.06216718901123386
Cyclic,96,tm,93.28999999999999,0.23117038499913178,0.06193321700266097
Cyclic,97,tm,94.24,0.22728091999306343,0.06341280099877622
Cyclic,98,tm,94.19999999999999,0.23189205200469587,0.062143050992744975
Cyclic,99,tm,94.12,0.2347468179941643,0.06044840899994597
Cyclic,100,tm,93.47999999999999,0.24120231901179068,0.0635574610059848
Cyclic,101,tm,93.75,0.2379932410112815,0.06101549799495842
Cyclic,102,tm,93.92,0.23663511000631843,0.063705161010148
Cyclic,103,tm,93.86,0.2343195160065079,0.06234780000522733
Cyclic,104,tm,92.74,0.2274346750054974,0.06691180700727273
Cyclic,105,tm,94.12,0.23304174598888494,0.062289071996929124
Cyclic,106,tm,94.23,0.239299659995595,0.0630672210099874
Cyclic,107,tm,93.91000000000001,0.22951970300346147,0.0628260700032115
Cyclic,108,tm,93.61,0.23928236399660818,0.06078467800398357
Cyclic,109,tm,93.77,0.23020479999831878,0.06349075099569745
Cyclic,110,tm,93.85,0.23544235499866772,0.06294228699698579
Cyclic,111,tm,94.13,0.22913386899745092,0.06180494600266684
Cyclic,112,tm,92.58,0.23636615301074926,0.06424744898686185
Cyclic,113,tm,92.94,0.23206441500224173,0.06521231999795418
Cyclic,114,tm,93.74,0.23239764499885496,0.06230492299073376
Cyclic,115,tm,93.84,0.23509394100983627,0.06609213398769498
Cyclic,116,nn,95.17999999999999,0.20482268500200007,0.06502537299820688
Cyclic,117,nn,95.27,0.21829134700237773,0.06544263300020248
Cyclic,118,nn,95.28,0.261254965007538,0.06544847399345599
Cyclic,119,nn,95.33,0.22535230799985584,0.06420715100830421
Cyclic,120,nn,95.32000000000001,0.21724375600751955,0.06535936699947342
Cyclic,121,nn,95.37,0.21520969300763682,0.0641792410024209
Cyclic,122,nn,95.36,0.26920831699681,0.06571882699790876
Cyclic,123,nn,95.38,0.21560226299334317,0.06500633001269307
Cyclic,124,nn,95.36,0.21727765700779855,0.062678970003617
Cyclic,125,nn,95.46,0.21661760000279173,0.0654757149895886
Cyclic,126,nn,95.38,0.19692533199850004,0.06313016801141202
Cyclic,127,nn,95.30999999999999,0.27161010399868246,0.06544360901170876
Cyclic,128,nn,95.43,0.22300513699883595,0.06471625399717595
Cyclic,129,nn,95.46,0.2020536659983918,0.06430220398760866
Cyclic,130,nn,95.5,0.2162271349952789,0.06379074598953594
Cyclic,131,nn,95.41,0.27027779100171756,0.06434142999933101
Cyclic,132,nn,95.41,0.19769033299235161,0.0631095569988247
Cyclic,133,nn,95.39,0.19525830999191385,0.06334921799134463
Cyclic,134,nn,95.52000000000001,0.19578142900718376,0.06398380298924167
Cyclic,135,nn,95.5,0.2572629119968042,0.06499093399906997
Cyclic,136,nn,95.33,0.19674469099845737,0.0648528849997092
Cyclic,137,nn,95.43,0.19447320900508203,0.06458951499371324
Cyclic,138,nn,95.35,0.19507093699940015,0.06401773900142871
Cyclic,139,nn,95.41,0.24767566499940585,0.0648743130004732
Cyclic,140,nn,95.45,0.19780901899503078,0.06472908200521488
Cyclic,141,nn,95.45,0.19618454200099222,0.06243386000278406
Cyclic,142,nn,95.43,0.19606803100032266,0.06595055499929003
Cyclic,143,nn,95.42,0.20060305700462777,0.06655537700862624
Cyclic,144,nn,95.53,0.2471746549999807,0.06425107200630009
Cyclic,145,nn,95.39999999999999,0.1972251109982608,0.062004948005778715
Cyclic,146,nn,95.43,0.1972111240029335,0.06454517500242218
Cyclic,147,nn,95.49,0.19570935900264885,0.06360286299604923
Cyclic,148,nn,95.39,0.24493789700500201,0.06439482601126656
Cyclic,149,nn,95.45,0.19812425000418443,0.06542984599946067
Cyclic,150,nn,95.50999999999999,0.2006720880017383,0.06388032500399277
Cyclic,151,nn,95.50999999999999,0.19724405099987052,0.06508689699694514
Cyclic,152,nn,95.47,0.2457891339872731,0.06466843800444622
Cyclic,153,nn,95.48,0.1962810770055512,0.06531109201023355
Cyclic,154,nn,95.56,0.19445352800539695,0.06522028699691873
Cyclic,155,nn,95.49,0.1945450099883601,0.06382746000599582
Cyclic,156,nn,95.52000000000001,0.2450589130021399,0.06406399799743667
Cyclic,157,nn,95.56,0.1973946570069529,0.06398700599675067
Cyclic,158,nn,95.52000000000001,0.20547344400256407,0.06429289600055199
Cyclic,159,nn,95.57,0.19447354698786512,0.06556533899856731
Cyclic,160,nn,95.52000000000001,0.20367882199934684,0.06492500999593176
Cyclic,161,nn,95.59,0.26560112700099126,0.06390622000617441
Cyclic,162,nn,95.53,0.2173056860046927,0.06389132999174763
Cyclic,163,nn,95.64,0.2196949959907215,0.06457960300031118
Cyclic,164,nn,95.58,0.2125793640007032,0.06401482601359021
Cyclic,165,nn,95.61,0.26180055100121535,0.06390294099401217
Cyclic,166,tm,94.22,0.23535831799381413,0.06146507900848519
Cyclic,167,tm,94.31,0.23019168501195963,0.0630506159941433
Cyclic,168,tm,94.24,0.22805627700290643,0.06299471300735604
Cyclic,169,tm,94.08,0.2277339519932866,0.05939515099453274
Cyclic,170,tm,94.06,0.22773959700134583,0.060288698005024344
Cyclic,171,tm,93.84,0.23021878600411583,0.06194823399710003
Cyclic,172,tm,93.26,0.23084361200744752,0.06368341299821623
Cyclic,173,tm,93.0,0.2303457029920537,0.06426128599559888
Cyclic,174,tm,93.52000000000001,0.22966880399326328,0.06378675800806377
Cyclic,175,tm,93.4,0.23366467699815985,0.06329886399907991
Cyclic,176,tm,93.31,0.23129762199823745,0.06336135399760678
Cyclic,177,tm,93.07,0.23529396200319752,0.062367876002099365
Cyclic,178,tm,93.87,0.23665555199841037,0.06405682800686918
Cyclic,179,tm,93.22,0.2401550189970294,0.06309315201360732
Cyclic,180,tm,93.34,0.2333055310009513,0.063124139996944
Cyclic,181,tm,94.17,0.2348516399943037,0.06314416200621054
Cyclic,182,tm,92.17999999999999,0.23534093200578354,0.06295844500709791
Cyclic,183,tm,93.82000000000001,0.23180756300280336,0.06273918499937281
Cyclic,184,tm,93.5,0.24234635500761215,0.06364069099072367
Cyclic,185,tm,93.46,0.23594482500629965,0.0673017289955169
Cyclic,186,tm,93.8,0.23267206500167958,0.06367766400217079
Cyclic,187,tm,94.16,0.23032475198851898,0.0606008210015716
Cyclic,188,tm,93.83,0.23254621699743439,0.06212024900014512
Cyclic,189,tm,93.65,0.2290121359983459,0.06334752899419982
Cyclic,190,tm,93.11,0.2298384250025265,0.0618777960044099
Cyclic,191,tm,93.58999999999999,0.2336578520043986,0.059144147991901264
Cyclic,192,tm,93.92,0.22991971799638122,0.06362701099715196
Cyclic,193,tm,94.02000000000001,0.23616547000710852,0.06349195500661153
Cyclic,194,tm,93.05,0.23390854799072258,0.06453508899721783
Cyclic,195,tm,92.35,0.2322066720080329,0.06061823399795685
Cyclic,196,tm,93.96,0.2398030030017253,0.06258657400030643
Cyclic,197,tm,93.44,0.2370392000011634,0.06363545599742793
Cyclic,198,tm,93.41000000000001,0.2423922610032605,0.062941955999122
Cyclic,199,tm,93.61,0.23577945699798875,0.06412203398940619
Cyclic,200,tm,93.02,0.2340809400047874,0.06409147100930568
Cyclic,201,tm,93.89,0.22936069300340023,0.06388026100466959
Cyclic,202,tm,93.69,0.23320794898609165,0.06471737600804772
Cyclic,203,tm,94.08999999999999,0.23394898799597286,0.06163302499044221
Cyclic,204,tm,94.25,0.22803342100814916,0.06341122899902984
Cyclic,205,tm,93.74,0.22859100600180682,0.06327955999586266
Cyclic,206,tm,93.69,0.23613458100589924,0.06369874300435185
Cyclic,207,tm,93.28,0.23845679700025357,0.06392085101106204
Cyclic,208,tm,93.07,0.23140964699268807,0.06292083401058335
Cyclic,209,tm,91.53999999999999,0.2310200889914995,0.06447350099915639
Cyclic,210,tm,93.89,0.22916210700350348,0.06487097500939853
Cyclic,211,tm,92.95,0.24140522500965744,0.06403618700278457
Cyclic,212,tm,93.33,0.22920747500029393,0.06328286499774549
Cyclic,213,tm,93.4,0.23026228799426463,0.06448828600696288
Cyclic,214,tm,93.01,0.2346977510023862,0.06201568301185034
Cyclic,215,tm,92.81,0.23156823099998292,0.06361812699469738
Cyclic,216,nn,95.24000000000001,0.22336504199483898,0.06573524800478481
Cyclic,217,nn,95.48,0.19783330999780446,0.06615402500028722
Cyclic,218,nn,95.39,0.20517119301075581,0.06553745600103866
Cyclic,219,nn,95.52000000000001,0.2766996590071358,0.06469275399285834
Cyclic,220,nn,95.55,0.21517739800037816,0.06696808799460996
Cyclic,221,nn,95.56,0.22095922799780965,0.06482356000924483
Cyclic,222,nn,95.63000000000001,0.21998661100224126,0.06526308499451261
Cyclic,223,nn,95.58,0.20614500000374392,0.06329020598786883
Cyclic,224,nn,95.65,0.2718698810058413,0.06428721199335996
Cyclic,225,nn,95.7,0.21235943499777932,0.06639945799543057
Cyclic,226,nn,95.65,0.21297710901126266,0.0654521289980039
Cyclic,227,nn,95.72,0.2107382289977977,0.062374144996283576
Cyclic,228,nn,95.67999999999999,0.26471754000522196,0.06427247999818064
Cyclic,229,nn,95.73,0.2261229360010475,0.06462918200122658
Cyclic,230,nn,95.7,0.2192569589969935,0.06570831200224347
Cyclic,231,nn,95.72,0.20801506700809114,0.06480412499513477
Cyclic,232,nn,95.74000000000001,0.26928600600513164,0.06455369098694064
Cyclic,233,nn,95.67999999999999,0.20312506100162864,0.0633201520104194
Cyclic,234,nn,95.64,0.1968453879962908,0.0619595509924693
Cyclic,235,nn,95.69,0.19492032499692868,0.06341606201021932
Cyclic,236,nn,95.78,0.19446068299293984,0.06393706898961682
Cyclic,237,nn,95.69,0.24544862199400086,0.06421119401056785
Cyclic,238,nn,95.66,0.1949580640066415,0.0679878689988982
Cyclic,239,nn,95.67999999999999,0.19441624599858187,0.06484184399596415
Cyclic,240,nn,95.78,0.1954716379987076,0.06622351999976672
Cyclic,241,nn,95.67999999999999,0.25842612200358417,0.06502723600715399
Cyclic,242,nn,95.72,0.1985529689991381,0.06482497799152043
Cyclic,243,nn,95.72,0.2183311010012403,0.06417540600523353
Cyclic,244,nn,95.64,0.2174354259914253,0.06323865299054887
Cyclic,245,nn,95.75,0.25899069700972177,0.06409781100228429
Cyclic,246,nn,95.73,0.2177463130065007,0.06612823900650255
Cyclic,247,tm,94.62,0.23840966299758293,0.06323626200901344
Cyclic,248,tm,94.05,0.23759916999551933,0.06395937899651472
Cyclic,249,tm,93.44,0.23264600199763663,0.06338864599820226
Cyclic,250,tm,93.76,0.22896365998894908,0.06224738799210172
Cyclic,251,tm,94.26,0.22598349300096743,0.06204791599884629
Cyclic,252,tm,93.53,0.23314086299797054,0.06270216200209688
Cyclic,253,tm,93.91000000000001,0.23145745799411088,0.061947484995471314
Cyclic,254,tm,93.42,0.23024006199557334,0.06166663201292977
Cyclic,255,tm,93.78,0.22933888398983981,0.06244782199792098
Cyclic,256,tm,93.62,0.2362082850013394,0.06288317799044307
Cyclic,257,tm,94.02000000000001,0.2271335419936804,0.06278434599516913
Cyclic,258,tm,93.96,0.23312765899754595,0.061487312996177934
Cyclic,259,tm,93.58999999999999,0.2380384360003518,0.06324856900027953
Cyclic,260,tm,93.89,0.22503992498968728,0.06138495799677912
Cyclic,261,tm,93.71000000000001,0.23359665198950097,0.062327485997229815
Cyclic,262,tm,93.33,0.24170218799554277,0.06218911200994626
Cyclic,263,tm,93.53,0.2331214089936111,0.06667261599795893
Cyclic,264,tm,94.46,0.2386935730028199,0.061945574008859694
Cyclic,265,tm,93.93,0.23605271900305524,0.06292403899715282
Cyclic,266,tm,93.94,0.2248946859908756,0.06379812199156731
Cyclic,267,tm,93.46,0.23429398900771048,0.062412204992142506
Cyclic,268,tm,93.30000000000001,0.2383480040007271,0.06283216500014532
Cyclic,269,tm,94.01,0.2399898769945139,0.06475993500498589
Cyclic,270,tm,93.23,0.22778061500866897,0.06224980400293134
Cyclic,271,tm,93.42,0.2301086090010358,0.06270786799723282
Cyclic,272,tm,92.73,0.2292899479944026,0.063760414996068
Cyclic,273,tm,94.01,0.23259874701034278,0.06171799900766928
Cyclic,274,tm,93.94,0.2270114389975788,0.06321775700780563
Cyclic,275,tm,93.58,0.22771621198626235,0.0629754930123454
Cyclic,276,tm,94.19,0.2372704700101167,0.06290526800148655
Cyclic,277,tm,94.42,0.22811102800187655,0.061924970999825746
Cyclic,278,tm,93.41000000000001,0.23270108399447054,0.061840187991037965
Cyclic,279,tm,94.1,0.23762062400055584,0.0626752809912432
Cyclic,280,tm,92.35,0.22771445900434628,0.06284946399682667
Cyclic,281,tm,93.71000000000001,0.23150714801158756,0.06020500999875367
Cyclic,282,tm,93.84,0.23837455299508292,0.0650799389986787
Cyclic,283,tm,93.32000000000001,0.2349644820060348,0.06280311100999825
Cyclic,284,tm,93.30000000000001,0.22926296399964485,0.06373343200539239
Cyclic,285,tm,94.44,0.22920458599401172,0.06316312900162302
Cyclic,286,tm,93.96,0.24571837500843685,0.06362648899084888
Cyclic,287,tm,93.96,0.23665857200103346,0.06349667000176851
Cyclic,288,tm,93.5,0.22730839900032151,0.06305317700025626
Cyclic,289,tm,93.69,0.22863041299569886,0.0626909309939947
Cyclic,290,tm,93.55,0.23563004900643136,0.06333978200564161
Cyclic,291,tm,93.62,0.23360936300014146,0.06284896700526588
Cyclic,292,tm,94.46,0.2287424899986945,0.06451684799685609
Cyclic,293,tm,94.54,0.23343408999789972,0.0642817939951783
Cyclic,294,tm,94.01,0.23066778499924112,0.06269844200869557
Cyclic,295,tm,93.47,0.232666132011218,0.06309547400451265
Cyclic,296,tm,93.54,0.23148653500538785,0.06348238400823902
Cyclic,297,nn,95.39,0.21908622299088165,0.06375210500846151
Cyclic,298,nn,95.69,0.2189804850058863,0.06394843899761327
Cyclic,299,nn,95.73,0.2728059700020822,0.0661346270062495
Cyclic,300,nn,95.75,0.2268343100004131,0.06535802299913485
Cyclic,301,nn,95.8,0.22050786200270522,0.06531923699367326
Cyclic,302,nn,95.83,0.22079465199203696,0.06444597399968188
Cyclic,303,nn,95.91,0.2711107439972693,0.064257076010108
Cyclic,304,nn,95.8,0.22084040600748267,0.06380581799021456
Cyclic,305,nn,95.94,0.20863466999435332,0.06315002100018319
Cyclic,306,nn,95.82000000000001,0.21729394899739418,0.06257535399345215
Cyclic,307,nn,95.98,0.21711339699686505,0.06186331401113421
Cyclic,308,nn,95.83,0.2685138570086565,0.06542030000127852
Cyclic,309,nn,95.98,0.21351917200081516,0.06458857899997383
Cyclic,310,nn,95.87,0.204338394003571,0.06597944199165795
Cyclic,311,nn,96.00999999999999,0.19877115100098308,0.0662053760024719
Cyclic,312,nn,95.92,0.2598758639942389,0.061700203994405456
Cyclic,313,nn,96.02000000000001,0.20515050600806717,0.06359107099706307
Cyclic,314,nn,95.94,0.21971958699577954,0.06406763799895998
Cyclic,315,nn,95.88,0.2112439530028496,0.06471364499884658
Cyclic,316,nn,95.89999999999999,0.27005260600708425,0.06435599899850786
Cyclic,317,nn,95.96000000000001,0.1970034889964154,0.06596779800020158
Cyclic,318,nn,95.88,0.21193083698744886,0.06576527300057933
Cyclic,319,nn,95.94,0.21706292100134306,0.06500419399526436
Cyclic,320,nn,95.94,0.2734881439973833,0.06685603799996898
Cyclic,321,nn,95.98,0.21942965099879075,0.06587396599934436
Cyclic,322,nn,95.95,0.22239930399518926,0.06589278399769682
Cyclic,323,nn,95.86,0.21831194299738854,0.06619579999824055
Cyclic,324,tm,93.71000000000001,0.23848330898908898,0.06263589998707175
Cyclic,325,tm,92.51,0.22850060400378425,0.06318365600600373
Cyclic,326,tm,93.31,0.23860953400435392,0.06269676699594129
Cyclic,327,tm,93.89999999999999,0.22696225700201467,0.06289658400055487
Cyclic,328,tm,94.15,0.2259312390087871,0.06279030800214969
Cyclic,329,tm,92.64,0.22560279599565547,0.061648502000025474
Cyclic,330,tm,93.97,0.23478568700375035,0.06216052699892316
Cyclic,331,tm,93.83,0.22549345500010531,0.06255836598575115
Cyclic,332,tm,94.6,0.22799653200490866,0.06257040600758046
Cyclic,333,tm,93.8,0.2321065760042984,0.06247624699608423
Cyclic,334,tm,94.48,0.23307640600251034,0.06327927199890837
Cyclic,335,tm,93.73,0.23589790500409435,0.06307877899962477
Cyclic,336,tm,94.44,0.2387921070039738,0.0614538739901036
Cyclic,337,tm,94.04,0.22817896099877544,0.06250884900509845
Cyclic,338,tm,93.81,0.2283051180129405,0.0630591629887931
Cyclic,339,tm,93.66,0.23308759200153872,0.062479904998326674
Cyclic,340,tm,92.78,0.22837750701000914,0.06257662299321964
Cyclic,341,tm,93.5,0.2313733629998751,0.061167220992501825
Cyclic,342,tm,93.65,0.2307215350010665,0.06210047200147528
Cyclic,343,tm,94.52000000000001,0.2287629219936207,0.062055953007075004
Cyclic,344,tm,94.24,0.22946253199188504,0.06530047999694943
Cyclic,345,tm,93.91000000000001,0.23324016299739014,0.06217659599496983
Cyclic,346,tm,94.08,0.2273799800022971,0.06254137700307183
Cyclic,347,tm,93.60000000000001,0.23038555700622965,0.06327499900362454
Cyclic,348,tm,93.92,0.2286801779991947,0.06201174600573722
Cyclic,349,tm,94.1,0.23097248299745843,0.06273554899962619
Cyclic,350,tm,94.27,0.22746297498815693,0.06333403200551402
Cyclic,351,tm,93.81,0.22860193499946035,0.06322932599869091
Cyclic,352,tm,93.91000000000001,0.23255083498952445,0.06399139099812601
Cyclic,353,tm,93.58,0.2265649030014174,0.06522291200235486
Cyclic,354,tm,93.99,0.23296346300048754,0.06390081100107636
Cyclic,355,tm,93.64,0.22759764498914592,0.06453874500584789
Cyclic,356,tm,93.17,0.23387323100178037,0.06372399600513745
Cyclic,357,tm,94.08999999999999,0.22682073200121522,0.06359838000207674
Cyclic,358,tm,92.42,0.22974230999534484,0.06403436900291126
Cyclic,359,tm,94.55,0.2322214319865452,0.06124591099796817
Cyclic,360,tm,93.36,0.22882202400069218,0.06183559200144373
Cyclic,361,tm,93.02,0.2286528660042677,0.06546285899821669
Cyclic,362,tm,92.60000000000001,0.23297517800529022,0.06397790799383074
Cyclic,363,tm,93.64,0.2300659610045841,0.0648742269986542
Cyclic,364,tm,93.28,0.23588542100333143,0.0619459509907756
Cyclic,365,tm,93.21000000000001,0.22484368999721482,0.06383985700085759
Cyclic,366,tm,93.89999999999999,0.2290048600116279,0.06327737400715705
Cyclic,367,tm,92.61,0.22456298899487592,0.0625940489990171
Cyclic,368,tm,94.11,0.23142959299730137,0.06290063699998427
Cyclic,369,tm,94.11,0.23218861500208732,0.06337648000044283
Cyclic,370,tm,93.76,0.23220861099252943,0.06263030800619163
Cyclic,371,tm,94.25,0.23372495599323884,0.06281203900289256
Cyclic,372,tm,94.08,0.22393499099416658,0.06256977398879826
Cyclic,373,tm,93.87,0.23752874399360735,0.06650159299897496
Cyclic,374,nn,95.42,0.2647898090071976,0.06702488899463788
Cyclic,375,nn,95.61,0.20385956000245642,0.06515463799587451
Cyclic,376,nn,95.67,0.2177706539951032,0.06429140300315339
Cyclic,377,nn,95.77,0.21706280700163916,0.06490715300606098
Cyclic,378,nn,95.78999999999999,0.2707194209942827,0.06546027799777221
Cyclic,379,nn,95.76,0.22038928599795327,0.06628480400831904
Cyclic,380,nn,95.76,0.22171125900058541,0.06667256099171937
Cyclic,381,nn,95.83,0.22255118199973367,0.06706389998726081
Cyclic,382,nn,95.78999999999999,0.19494682500953786,0.06520556200121064
Cyclic,383,nn,95.77,0.2641050070087658,0.0654547449958045
Cyclic,384,nn,95.81,0.2195906809938606,0.06669914000667632
Cyclic,385,nn,95.74000000000001,0.20629113499308005,0.06557649299793411
Cyclic,386,nn,95.78,0.2207594329956919,0.0652239390037721
Cyclic,387,nn,95.71,0.2710816289909417,0.0667876020015683
Cyclic,388,nn,95.89,0.2152856799948495,0.06650380398787092
Cyclic,389,nn,95.81,0.2186255179985892,0.06513016700046137
Cyclic,390,nn,95.81,0.21830496500479057,0.06475846200191882
Cyclic,391,nn,95.78,0.2677738729980774,0.06479528300405946
Cyclic,392,nn,95.7,0.1993542809941573,0.06572025599598419
Cyclic,393,nn,95.71,0.21047613699920475,0.06411967899475712
Cyclic,394,nn,95.67999999999999,0.2182582560053561,0.06499501800863072
Cyclic,395,nn,95.78999999999999,0.2696302920085145,0.06502667799941264
Cyclic,396,nn,95.77,0.2183731569966767,0.06432877499901224
Cyclic,397,nn,95.72,0.22049650400003884,0.06488610499945935
Cyclic,398,nn,95.63000000000001,0.22015363800164778,0.0654463659884641
UTM,1,tm,90.44,0.5489673599950038,0.06624435499543324
UTM,2,tm,90.42,0.49012885500269476,0.06692937201296445
UTM,3,tm,90.77,0.4765184040006716,0.06774989300174639
UTM,4,tm,90.75,0.4745834269997431,0.0690268360049231
UTM,5,tm,90.62,0.46903243999986444,0.06879596100770868
UTM,6,tm,90.57,0.47842271300032735,0.06772248800552916
UTM,7,tm,91.10000000000001,0.4688959039922338,0.06884548900416121
UTM,8,tm,90.85,0.4775173890084261,0.07344694501080085
UTM,9,tm,91.06,0.46908003400312737,0.06899806400178932
UTM,10,tm,91.13,0.4680565330054378,0.06902435500524007
UTM,11,tm,91.14,0.4654166800028179,0.06549980500130914
UTM,12,tm,91.16,0.4585172139923088,0.06751288600207772
UTM,13,tm,91.06,0.4625043249980081,0.06763237999984995
UTM,14,tm,91.03999999999999,0.46438561800459865,0.06790792400715873
UTM,15,tm,91.28,0.4617331949993968,0.07021660699683707
UTM,16,tm,90.95,0.45959669300646055,0.0701602759945672
UTM,17,tm,90.85,0.4635959220031509,0.07078251701022964
UTM,18,tm,90.97,0.46025304999784566,0.0685254679992795
UTM,19,tm,91.35,0.4488040689902846,0.06983981899975333
UTM,20,tm,91.2,0.46539996200590394,0.06791684099880513
UTM,21,tm,91.22,0.4604238780011656,0.06798827199963853
UTM,22,tm,91.01,0.46166685699427035,0.06724368099821731
UTM,23,tm,90.75999999999999,0.4651554860029137,0.06899251099093817
UTM,24,tm,90.82000000000001,0.45650597699568607,0.06777925600181334
UTM,25,tm,91.07,0.45362556500185747,0.0702621440141229
UTM,26,tm,91.10000000000001,0.45544165799219627,0.06971267799963243
UTM,27,tm,91.06,0.4506916399986949,0.06933827999455389
UTM,28,tm,91.03999999999999,0.46888213900092524,0.07001386799674947
UTM,29,tm,91.02,0.4383932820055634,0.06878444500034675
UTM,30,tm,91.25,0.45482585098943673,0.06792055399273522
UTM,31,tm,91.21000000000001,0.44992398799513467,0.06860169200808741
UTM,32,tm,91.19,0.46264547800819855,0.06545062900113408
UTM,33,tm,91.08000000000001,0.44829466799274087,0.06727621599566191
UTM,34,tm,91.21000000000001,0.4511963469994953,0.06946042599156499
UTM,35,tm,91.06,0.45498463801050093,0.06770222200429998
UTM,36,tm,90.98,0.4510625569964759,0.06960499100387096
UTM,37,tm,91.03,0.46112519899907056,0.06946381600573659
UTM,38,tm,91.19,0.45880435399885755,0.06881139599136077
UTM,39,tm,91.05,0.45043879000877496,0.07078952599840704
UTM,40,tm,91.12,0.4602346110041253,0.06830658999388106
UTM,41,tm,91.16,0.45877618799568154,0.06949517500470392
UTM,42,tm,90.98,0.46198538099997677,0.0680082239996409
UTM,43,tm,90.99000000000001,0.45604529400588945,0.06743806198937818
UTM,44,tm,90.74,0.4571071850077715,0.06977072499284986
UTM,45,tm,90.98,0.45489601000736,0.06836887799727265
UTM,46,tm,91.0,0.4582961500127567,0.0699482329946477
UTM,47,tm,91.0,0.4514796919975197,0.06721516700054053
UTM,48,tm,91.06,0.46443110100517515,0.06742508598836139
UTM,49,tm,91.07,0.43660565100435633,0.06895995300146751
UTM,50,tm,90.86999999999999,0.45178308300091885,0.06896138700540178
UTM,51,tm,90.96,0.47028783000132535,0.0705996030010283
UTM,52,tm,91.02,0.4543723250098992,0.06972870900062844
UTM,53,tm,90.96,0.457731974995113,0.0723716259963112
UTM,54,tm,91.2,0.4644343010004377,0.0688862110109767
UTM,55,tm,90.91,0.4474090720032109,0.06783842699951492
UTM,56,tm,91.05,0.45438963499327656,0.07035291800275445
UTM,57,tm,91.19,0.45210466199205257,0.06891246099257842
UTM,58,tm,90.95,0.4523138479999034,0.06755410799814854
UTM,59,tm,90.91,0.4497648390097311,0.07042362600623164
UTM,60,tm,91.07,0.44789937099267263,0.07020527200074866
UTM,61,tm,91.11,0.45816287500201724,0.0686506729980465
UTM,62,tm,91.25,0.4491442529979395,0.06910234301176388
UTM,63,tm,91.13,0.45442906398966443,0.06966387199645396
UTM,64,tm,91.33,0.4591211469960399,0.06927799999539275
UTM,65,tm,91.09,0.4537858029943891,0.0694931309990352
UTM,66,tm,90.93,0.44983267699717544,0.06950555699586403
UTM,67,tm,91.03999999999999,0.4483016279991716,0.06832145400403533
UTM,68,tm,91.14,0.45301805999770295,0.06870470599096734
UTM,69,tm,91.16,0.4573715050064493,0.06991444699815474
UTM,70,tm,91.25999999999999,0.4487801689974731,0.07037976800347678
UTM,71,tm,91.23,0.4590689280012157,0.06868601900350768
UTM,72,tm,91.10000000000001,0.4483923590014456,0.0680496819986729
UTM,73,tm,91.18,0.45627651699760463,0.06959634400845971
UTM,74,tm,91.18,0.45052362300339155,0.07030012499308214
UTM,75,tm,91.33,0.4599178549979115,0.07024005299899727
UTM,76,tm,91.01,0.4572781919996487,0.07116209399828222
UTM,77,tm,91.2,0.4517418169998564,0.07078215399815235
UTM,78,tm,91.3,0.45990951400017366,0.06866432300012093
UTM,79,tm,91.23,0.4570913939969614,0.06987616000697017
UTM,80,tm,91.25999999999999,0.4489021150075132,0.06892985999002121
UTM,81,tm,91.08000000000001,0.45312339199881535,0.06562549599038903
UTM,82,tm,91.12,0.45436738900025375,0.06922239100094885
UTM,83,tm,91.11,0.44508680899161845,0.0680793190113036
UTM,84,tm,91.03999999999999,0.457343846996082,0.06956205899768975
UTM,85,tm,91.08000000000001,0.4484068710007705,0.06888940099452157
UTM,86,tm,91.2,0.456842042010976,0.06931766400521155
UTM,87,tm,91.14,0.45887528800813016,0.0697762739873724
UTM,88,tm,91.11,0.46311770999454893,0.06840594401000999
UTM,89,tm,90.95,0.45109183399472386,0.07001410999509972
UTM,90,tm,91.12,0.43673660801141523,0.0691106989979744
UTM,91,tm,90.91,0.4563630640041083,0.06941427700803615
UTM,92,tm,91.3,0.45539612899301574,0.06926651499816217
UTM,93,tm,91.07,0.4585099529940635,0.06666391000908334
UTM,94,tm,91.22,0.45487607999530155,0.06980252500216011
UTM,95,tm,91.24,0.4602329460030887,0.0674695429916028
UTM,96,tm,91.14,0.4515689029940404,0.06748790899291635
UTM,97,tm,91.19,0.44991037900035735,0.06941756700689439
UTM,98,tm,91.41,0.45674694199988153,0.07086670800345019
UTM,99,tm,91.33,0.4689840159990126,0.06977249500050675
UTM,100,tm,91.46,0.4521554380044108,0.07065953499113675
UTM,101,tm,91.31,0.4562505389912985,0.07052668000687845
UTM,102,tm,91.25999999999999,0.4660249310109066,0.07079618200077675
UTM,103,tm,91.42,0.45998493098886684,0.07076816300104838
UTM,104,tm,91.14,0.46193536699865945,0.07123938700533472
UTM,105,tm,91.08000000000001,0.451562500995351,0.06814062400371768
UTM,106,tm,91.24,0.46424646901141386,0.07232970799668692
UTM,107,tm,90.93,0.45718179900723044,0.0696462780033471
UTM,108,tm,91.03999999999999,0.4523012319987174,0.06677532200410496
UTM,109,tm,91.10000000000001,0.4603802729980089,0.07095895799284335
UTM,110,tm,90.93,0.4639543740049703,0.07073386599950027
UTM,111,tm,90.86999999999999,0.45710689200495835,0.07048327699885704
UTM,112,tm,90.93,0.44123769499128684,0.0688508540042676
UTM,113,tm,90.92,0.45455804400262423,0.06730069899640512
UTM,114,tm,90.75,0.42437614999653306,0.07124533399473876
UTM,115,tm,90.84,0.47463911000522785,0.06748453598993365
UTM,116,tm,90.94,0.4432982180005638,0.07074729099986143
UTM,117,tm,90.93,0.45750060099817347,0.07070305799425114
UTM,118,tm,90.8,0.45734660999733023,0.07024245499633253
UTM,119,tm,90.97,0.46609347200137563,0.06790491699939594
UTM,120,tm,90.91,0.46095243000308983,0.0690282860014122
UTM,121,tm,90.97,0.4639503189973766,0.06929812899034005
UTM,122,tm,91.03999999999999,0.46574858399981167,0.06934851099504158
UTM,123,tm,90.94,0.46693025800050236,0.06930002100125421
UTM,124,tm,91.2,0.457344121998176,0.07081800801097415
UTM,125,tm,91.11,0.46426910201262217,0.06830867700045928
UTM,126,tm,91.10000000000001,0.4658897560002515,0.06851853099942673
UTM,127,tm,91.06,0.4489897750027012,0.07022386800963432
UTM,128,tm,91.06,0.4535723150038393,0.0687106550030876
UTM,129,tm,91.10000000000001,0.45394070699694566,0.07000041300489102
UTM,130,tm,91.02,0.45269230401027016,0.07028681399242487
UTM,131,tm,91.03999999999999,0.46144983399426565,0.06941196200205013
UTM,132,tm,91.05,0.4496140499977628,0.06958210900484119
UTM,133,tm,91.13,0.45235630399838556,0.0700044010009151
UTM,134,tm,91.18,0.4641738729987992,0.06626053700165357
UTM,135,tm,91.0,0.4675458860001527,0.06769862899091095
UTM,136,tm,91.07,0.4426878049998777,0.06893849901098292
UTM,137,tm,91.11,0.4568440660077613,0.0688386609981535
UTM,138,tm,91.08000000000001,0.4668603359896224,0.06881577000604011
UTM,139,tm,90.93,0.4647711330035236,0.06738571899768431
UTM,140,tm,90.93,0.4533808440028224,0.07185349900100846
UTM,141,tm,90.96,0.4578953599993838,0.06902493399684317
UTM,142,tm,91.0,0.458625122992089,0.069880260998616
UTM,143,tm,90.93,0.45352378400275484,0.06991532500251196
UTM,144,tm,91.01,0.46638386700942647,0.06719148500997107
UTM,145,tm,91.11,0.46106161500210874,0.06967838099808432
UTM,146,tm,91.22,0.46149925600911956,0.06951119100267533
UTM,147,tm,91.02,0.4677589549974073,0.07311371999094263
UTM,148,tm,91.05,0.46167862199945375,0.06758248900587205
UTM,149,tm,91.02,0.4437587559950771,0.06750842899782583
UTM,150,tm,91.06,0.46302316499350127,0.06779526300670113
UTM,151,tm,91.07,0.4538464540091809,0.06746077400748618
UTM,152,tm,91.03999999999999,0.46715269499691203,0.06775544400443323
UTM,153,tm,91.03999999999999,0.4569799909950234,0.06948387199372519
UTM,154,tm,91.08000000000001,0.4641897639958188,0.0692121030006092
UTM,155,tm,91.06,0.46583395899506286,0.07016846699116286
UTM,156,tm,91.09,0.4581536449986743,0.06873265099420678
UTM,157,tm,91.11,0.46496294099779334,0.07073156999831554
UTM,158,tm,91.03,0.4702412299957359,0.07160473700787406
UTM,159,tm,90.98,0.44995626900345087,0.06953407698892988
UTM,160,tm,91.03,0.4527556749962969,0.06927892699604854
UTM,161,tm,90.98,0.45513971699983813,0.07014060400251765
UTM,162,tm,90.96,0.449190394996549,0.06822000400279649
UTM,163,tm,91.09,0.45955689100082964,0.06862438700045459
UTM,164,tm,90.97,0.4507192020100774,0.06822753800952341
UTM,165,tm,90.9,0.4619645430066157,0.0693398160074139
UTM,166,tm,90.99000000000001,0.4578809899976477,0.0708745000010822
UTM,167,tm,90.92,0.4666340319963638,0.06912191200535744
UTM,168,tm,91.0,0.45460394700057805,0.07152100899838842
UTM,169,tm,90.86,0.45155656499264296,0.0682752970024012
UTM,170,tm,91.10000000000001,0.4617765419970965,0.06669974699616432
UTM,171,tm,91.08000000000001,0.4632057759881718,0.06802483799401671
UTM,172,tm,91.21000000000001,0.4575714389939094,0.069779584009666
UTM,173,tm,91.05,0.4511926519917324,0.07335188500292134
UTM,174,tm,91.06,0.46305013200617395,0.06741434200375807
UTM,175,tm,91.13,0.4580183689977275,0.06920463699498214
UTM,176,tm,91.05,0.45930908899754286,0.06920138800342102
UTM,177,tm,91.09,0.46176627100794576,0.0685075399960624
UTM,178,tm,91.0,0.4614955159922829,0.06914553900423925
UTM,179,tm,90.98,0.4680036060017301,0.06713851600943599
UTM,180,tm,91.03,0.4551235330000054,0.06925854600558523
UTM,181,tm,91.19,0.46092936300556175,0.06943796901032329
UTM,182,tm,91.3,0.4581282229919452,0.06831925400183536
UTM,183,tm,91.07,0.4519528560049366,0.06762270300532691
UTM,184,tm,91.05,0.4491687100089621,0.070840896005393
UTM,185,tm,91.10000000000001,0.4566864639928099,0.06966528898919933
UTM,186,tm,91.14,0.45189305298845284,0.06972341799701098
UTM,187,tm,90.98,0.4552645530056907,0.07045344800280873
UTM,188,tm,91.11,0.44766128600167576,0.06994677100738045
UTM,189,tm,91.13,0.45722229199600406,0.06837931000336539
UTM,190,tm,91.06,0.44604207699012477,0.07174813700839877
UTM,191,tm,91.25999999999999,0.4541097869951045,0.06994873900839593
UTM,192,tm,91.22,0.4644955979892984,0.06941060000099242
UTM,193,tm,91.02,0.460214963008184,0.06704062200151384
UTM,194,tm,91.23,0.4608281190012349,0.06820114199945237
UTM,195,tm,91.13,0.43492856599914376,0.06882222199055832
UTM,196,tm,91.03,0.4648215670022182,0.07158407500537578
UTM,197,tm,90.98,0.45806797400291543,0.067556023990619
UTM,198,tm,91.10000000000001,0.45560026400198694,0.07114227399870288
UTM,199,tm,91.10000000000001,0.45410259600612335,0.07003240998892579
UTM,200,tm,91.10000000000001,0.4583242499938933,0.07178330099850427
UTM,201,tm,91.16,0.4733418399991933,0.06886255700374022
UTM,202,tm,91.14999999999999,0.45793031599896494,0.07098418800160289
UTM,203,tm,91.18,0.45457498499308713,0.0697114619979402
UTM,204,tm,91.4,0.45666164498834405,0.07012257300084457
UTM,205,tm,91.39,0.4514333760016598,0.06901578699762467
UTM,206,tm,91.35,0.4597213609958999,0.06743338999513071
UTM,207,tm,91.45,0.46902340299857315,0.06743919200380333
UTM,208,tm,91.35,0.46265160699840635,0.06839681199926417
UTM,209,tm,91.29,0.4567181820020778,0.06785671100078616
UTM,210,tm,91.36,0.46287159199710004,0.07190308900317177
UTM,211,tm,91.31,0.46267838998755906,0.06726388999959454
UTM,212,tm,91.36,0.4548221349978121,0.06857075399602763
UTM,213,tm,91.57,0.45460678900417406,0.06879519300127868
UTM,214,tm,91.38,0.45896445799735375,0.06889208800566848
UTM,215,tm,91.52,0.4622431660100119,0.06958074000431225
UTM,216,tm,91.45,0.45617037899501156,0.07042936800280586
UTM,217,tm,91.43,0.4644119439908536,0.06971375399734825
UTM,218,tm,91.21000000000001,0.4567327040131204,0.06868252900312655
UTM,219,tm,91.12,0.45756580500165,0.0702171519951662
UTM,220,tm,91.18,0.4603118800005177,0.0678969050059095
UTM,221,tm,91.22,0.4603805750084575,0.06874028500169516
UTM,222,tm,91.23,0.4674729709950043,0.06900018099986482
UTM,223,tm,91.11,0.45170498700463213,0.06932482299453113
UTM,224,tm,91.10000000000001,0.46072678799100686,0.07070922300044913
UTM,225,tm,91.23,0.46910000100615434,0.06660680800268892
UTM,226,tm,91.14,0.4553178580099484,0.06907510200107936
UTM,227,tm,91.16,0.4534397380048176,0.06955833500251174
UTM,228,tm,91.25,0.46618018600565847,0.06947780899645295
UTM,229,tm,91.10000000000001,0.4507122659997549,0.07040671099093743
UTM,230,tm,91.06,0.4574190899875248,0.06964377200347371
UTM,231,tm,91.13,0.46381011500488967,0.06878789300390054
UTM,232,tm,91.21000000000001,0.4619889099994907,0.06726014699961524
UTM,233,tm,91.2,0.4565889139921637,0.06733299400366377
UTM,234,tm,91.19,0.46350706300290767,0.06897445498907473
UTM,235,tm,91.03999999999999,0.4587615929922322,0.07190694099699613
UTM,236,tm,91.07,0.46512054599588737,0.06899604698992334
UTM,237,tm,90.96,0.4488517510035308,0.06948806099535432
UTM,238,tm,91.12,0.46328037900093477,0.06890875799581409
UTM,239,tm,91.23,0.4621379029995296,0.07070161600131541
UTM,240,tm,91.12,0.4598467550094938,0.06951816799119115
UTM,241,tm,91.10000000000001,0.4607117640116485,0.06672871700720862
UTM,242,tm,91.07,0.46170589899702463,0.07008575399231631
UTM,243,tm,91.03999999999999,0.4627323169988813,0.06970281500252895
UTM,244,tm,91.06,0.45685494800272863,0.06800458100042306
UTM,245,tm,90.94,0.4638271230069222,0.06861422599467915
UTM,246,tm,91.01,0.45994531600445043,0.06869687298603822
UTM,247,tm,91.16,0.4626386379968608,0.0695407289895229
UTM,248,tm,91.02,0.45949388699955307,0.0655161339964252
UTM,249,tm,91.17,0.4528588779940037,0.06976854799722787
UTM,250,tm,91.25999999999999,0.4454904220037861,0.0694088720047148
UTM,251,tm,91.10000000000001,0.458770277997246,0.06742245399800595
UTM,252,tm,91.17,0.46214301500003785,0.06899999899906106
UTM,253,tm,91.19,0.4479601749917492,0.0698025829915423
UTM,254,tm,91.12,0.4621476409956813,0.06965545100683812
UTM,255,tm,91.24,0.46216655599710066,0.06874166599300224
UTM,256,tm,91.10000000000001,0.4663813359948108,0.06661200900271069
UTM,257,tm,91.05,0.453223482996691,0.07029508700361475
UTM,258,tm,91.29,0.45261267499881797,0.06734899600269273
UTM,259,tm,91.21000000000001,0.47457120098988526,0.06956568099849392
UTM,260,tm,91.25999999999999,0.46250449000217486,0.06988344300771132
UTM,261,tm,91.23,0.4607150929950876,0.06966612600081135
UTM,262,tm,91.24,0.46835123299388215,0.07005947700235993
UTM,263,tm,91.24,0.4642021460022079,0.06902110100782011
UTM,264,tm,91.28,0.4556582850054838,0.0683276250056224
UTM,265,tm,91.21000000000001,0.46780924398626667,0.07024175999686122
UTM,266,tm,91.25,0.45465518499258906,0.06909152399748564
UTM,267,tm,91.06,0.4701957500074059,0.0684845820069313
UTM,268,tm,91.2,0.45898874299018644,0.06935297900054138
UTM,269,tm,91.14999999999999,0.46196066700213123,0.0691040949895978
UTM,270,tm,91.16,0.46142636401054915,0.07000317600613926
UTM,271,tm,91.34,0.46561037299397867,0.07045047800056636
UTM,272,tm,91.09,0.46683754099649377,0.06630980300542433
UTM,273,tm,91.05,0.45577583099657204,0.07052331400336698
UTM,274,tm,91.33,0.4636581910017412,0.07092955299594905
UTM,275,tm,91.17,0.457338655993226,0.06534259200270753
UTM,276,tm,91.14,0.4594899009971414,0.06836835099966265
UTM,277,tm,91.14999999999999,0.4643310340034077,0.06989357600104995
UTM,278,tm,91.14999999999999,0.4700920579925878,0.0708849099901272
UTM,279,tm,91.11,0.46301858199876733,0.06901104799180757
UTM,280,tm,91.22,0.46095297500141896,0.06809346399677452
UTM,281,tm,91.14,0.46724484200240113,0.06927582000207622
UTM,282,tm,91.07,0.46507311100140214,0.06890837800165173
UTM,283,tm,91.03,0.47297789400909096,0.06745043299451936
UTM,284,tm,90.86999999999999,0.44543957299902104,0.07242329699511174
UTM,285,tm,91.11,0.4618180669931462,0.06951127899810672
UTM,286,tm,90.93,0.4626904509932501,0.06916384099167772
UTM,287,tm,91.08000000000001,0.4650422559934668,0.0668926200014539
UTM,288,tm,91.09,0.4607180570019409,0.07164313099929132
UTM,289,tm,91.12,0.46412867998878937,0.07013262600230519
UTM,290,tm,91.06,0.46463639099965803,0.06869663200632203
UTM,291,tm,91.14,0.45629495799948927,0.07059250999009237
UTM,292,tm,91.28,0.45544230300583877,0.06902032700600103
UTM,293,tm,91.11,0.4578799660084769,0.06779306998942047
UTM,294,tm,91.18,0.43362578000233043,0.06755224100197665
UTM,295,tm,91.02,0.45828272799553815,0.0693867619993398
UTM,296,tm,91.2,0.46949495100125205,0.06932014599442482
UTM,297,tm,91.36999999999999,0.4637758300086716,0.06774350100022275
UTM,298,tm,91.27,0.45703814100124873,0.06910281399905216
UTM,299,tm,91.17,0.4629120660101762,0.0704405189899262
UTM,300,tm,91.23,0.480219118995592,0.06847923299937975
UTM,301,tm,91.22,0.4626618350011995,0.06760474499606062
UTM,302,tm,91.2,0.464920569997048,0.07024839700898156
UTM,303,tm,91.21000000000001,0.46381441901030485,0.06798254899331369
UTM,304,tm,91.05,0.4692337599990424,0.06943310800124891
UTM,305,tm,91.18,0.46151425399875734,0.06998344100429676
UTM,306,tm,91.0,0.4606196759996237,0.06714065599953756
UTM,307,tm,91.03,0.4581380529998569,0.07000168599188328
UTM,308,tm,91.06,0.46187216900580097,0.06616546800069045
UTM,309,tm,91.06,0.4557878640043782,0.07493374499608763
UTM,310,tm,91.13,0.4685442059999332,0.06934475198795553
UTM,311,tm,91.24,0.447267808005563,0.06923276401357725
UTM,312,tm,91.10000000000001,0.47097382799256593,0.06949964199156966
UTM,313,tm,91.22,0.46216270499280654,0.07037474699609447
UTM,314,tm,91.13,0.4661347420042148,0.0695439080009237
UTM,315,tm,91.18,0.4724897830019472,0.06723977999354247
UTM,316,tm,91.29,0.45322013199620415,0.06916690300568007
UTM,317,tm,91.31,0.4691227169969352,0.07058750400028657
UTM,318,tm,91.29,0.4634374480083352,0.0690501530043548
UTM,319,tm,91.28,0.46255641199240927,0.06913348700618371
UTM,320,tm,91.2,0.4617287639994174,0.0719311220018426
UTM,321,tm,91.2,0.45484279601078015,0.06999367800017353
UTM,322,tm,91.25999999999999,0.4540501720039174,0.06882680600392632
UTM,323,tm,91.29,0.4658545299898833,0.07002574800571892
UTM,324,tm,91.27,0.474258991991519,0.0696612139872741
UTM,325,tm,91.32000000000001,0.46649186000286136,0.070146460988326
UTM,326,tm,91.23,0.4686454509937903,0.06918453899561428
UTM,327,tm,91.18,0.4755040690070018,0.06912694699713029
UTM,328,tm,91.0,0.4628878479998093,0.07023463099903893
UTM,329,tm,91.18,0.4621909389970824,0.07048265000048559
UTM,330,tm,91.08000000000001,0.45749707899813075,0.07026498200139031
UTM,331,tm,91.08000000000001,0.45776641998963896,0.06803495199710596
UTM,332,tm,91.16,0.44523262399889063,0.06781093700556085
UTM,333,tm,91.21000000000001,0.4553891560062766,0.07002301199827343
UTM,334,tm,91.14,0.46181823300139513,0.06999510900641326
UTM,335,tm,91.31,0.45940941300068516,0.06825854699127376
UTM,336,tm,91.24,0.45319517100870144,0.07008356500591617
UTM,337,tm,91.32000000000001,0.45342533200164326,0.0682075530057773
UTM,338,tm,91.24,0.43928756499371957,0.06686938100028783
UTM,339,tm,91.2,0.46431003100587986,0.07047598200733773
UTM,340,tm,91.17,0.45994888700079173,0.06907645500905346
UTM,341,tm,91.16,0.4586426939931698,0.06860813598905224
UTM,342,tm,91.23,0.46212419000221416,0.06921333199716173
UTM,343,tm,91.10000000000001,0.4657672290049959,0.06944254199333955
UTM,344,tm,91.23,0.459756191004999,0.06978133600205183
UTM,345,tm,91.09,0.4624822710029548,0.06908674299484119
UTM,346,tm,91.07,0.46513255999889225,0.06790607600123622
UTM,347,tm,91.10000000000001,0.46058246899337973,0.06744542600063141
UTM,348,tm,91.0,0.47340599200106226,0.07016635900072288
UTM,349,tm,91.10000000000001,0.46089026900881436,0.06874045400763862
UTM,350,tm,91.11,0.46162910299608484,0.06818377600575332
UTM,351,tm,91.08000000000001,0.45959700499952305,0.07010661199456081
UTM,352,tm,91.12,0.46032433699292596,0.0695899010024732
UTM,353,tm,90.91,0.4757251190021634,0.06847599799220916
UTM,354,tm,91.24,0.4537144319911022,0.07013846100016963
UTM,355,tm,91.02,0.45979166599863674,0.06957078399136662
UTM,356,tm,91.22,0.4594856210023863,0.06932516099186614
UTM,357,tm,91.16,0.4548478570068255,0.0693457900051726
UTM,358,tm,91.24,0.47093850901001133,0.06981116300448775
UTM,359,tm,91.35,0.4679151460004505,0.06975459300156217
UTM,360,tm,91.2,0.4603958179941401,0.07302118300867733
UTM,361,tm,91.29,0.4533725119981682,0.06886466099240351
UTM,362,tm,91.29,0.47034256800543517,0.06831677399168257
UTM,363,tm,91.17,0.45552991300064605,0.0690284839947708
UTM,364,tm,91.3,0.4632160110049881,0.06889466699794866
UTM,365,tm,91.23,0.45767324599728454,0.06831314999726601
UTM,366,tm,91.34,0.46877256900188513,0.06962060999649111
UTM,367,tm,91.21000000000001,0.46651412799838,0.0660330059909029
UTM,368,tm,91.19,0.46417014600592665,0.07022620900534093
UTM,369,tm,91.27,0.4708735290041659,0.06810774300538469
UTM,370,tm,91.24,0.42992728999524843,0.06689033799921162
UTM,371,tm,91.18,0.46912356800748967,0.0697997840034077
UTM,372,tm,91.28,0.4747113579942379,0.0669059380015824
UTM,373,tm,91.17,0.4780248669994762,0.0705726720043458
UTM,374,tm,91.13,0.46139478600525763,0.0702559380006278
UTM,375,tm,91.14,0.4589261049986817,0.06712377100484446
UTM,376,tm,91.09,0.460010073002195,0.07122949400218204
UTM,377,tm,91.01,0.4589452619984513,0.06940687099995557
UTM,378,tm,91.03,0.4748099029966397,0.06724596999993082
UTM,379,tm,91.03,0.4582642499881331,0.06962311601091642
UTM,380,tm,91.2,0.45938511299027596,0.06840693000413012
UTM,381,tm,91.24,0.4659675289876759,0.06877261500630993
UTM,382,tm,91.25,0.4606681699951878,0.06938956900557969
UTM,383,tm,91.27,0.46362124000734184,0.07119942299323156
UTM,384,tm,91.14999999999999,0.4683185890025925,0.0680423830053769
UTM,385,tm,91.14,0.46298618099535815,0.06984959400142543
UTM,386,tm,91.18,0.45869903500715736,0.06948650898993947
UTM,387,tm,91.14,0.45880060900526587,0.0690142900130013
UTM,388,tm,91.14999999999999,0.46307139200507663,0.0679955100058578
UTM,389,tm,91.22,0.4640045019914396,0.07010407300549559
UTM,390,tm,91.18,0.46438330099044833,0.07102123199729249
UTM,391,tm,91.29,0.4696707900002366,0.06747546599945053
UTM,392,tm,91.2,0.46306300700234715,0.06838607499958016
UTM,393,tm,91.24,0.45019399900047574,0.06917291801073588
UTM,394,tm,91.2,0.46004087799519766,0.06974677699327003
UTM,395,tm,91.28,0.4859236479969695,0.0701596069993684
UTM,396,tm,91.22,0.4704216190002626,0.06912443200417329
UTM,397,tm,91.08000000000001,0.4517912440060172,0.06569167900306638
UTM,398,tm,91.06,0.46522635298606474,0.06778559100348502
UTM,399,tm,91.16,0.4652087489957921,0.06870145699940622
UTM,400,tm,91.06,0.46219539899902884,0.06704578798962757
UTM,401,tm,90.95,0.4614843769959407,0.06786333299532998
UTM,402,tm,91.03999999999999,0.4632300600060262,0.06872914300765842
UTM,403,tm,90.84,0.4654396920086583,0.06843388700508513
UTM,404,tm,91.25,0.46077086799778044,0.06766466300177854
UTM,405,tm,91.31,0.45765367000421975,0.06792543199844658
UTM,406,tm,91.16,0.46583367000857834,0.069228985987138
UTM,407,tm,91.09,0.4801259579980979,0.07024140699650161
UTM,408,tm,91.10000000000001,0.462400794000132,0.06858201399154495
UTM,409,tm,91.09,0.4583389699982945,0.06775910299620591
UTM,410,tm,91.07,0.45486049600003753,0.06940778100397438
UTM,411,tm,91.05,0.46547476800333243,0.06982879999850411
UTM,412,tm,91.17,0.46718397599761374,0.07086030399659649
UTM,413,tm,91.01,0.46132136099913623,0.0674804430018412
UTM,414,tm,91.23,0.4576544110022951,0.07075279200216755
UTM,415,tm,91.2,0.46601025300333276,0.06967399899440352
UTM,416,tm,91.33,0.4677490230096737,0.06814584400854073
UTM,417,tm,91.25999999999999,0.46629665499494877,0.06890438099799212
UTM,418,tm,91.31,0.4673963690001983,0.06865190000098664
UTM,419,tm,91.03999999999999,0.45531116299389396,0.06839408000814728
UTM,420,tm,91.10000000000001,0.4678273659956176,0.0676487820019247
UTM,421,tm,91.14,0.45766827900661156,0.06901888000720646
UTM,422,tm,91.0,0.4613081630086526,0.06965462799416855
UTM,423,tm,91.03,0.4569798229931621,0.06789914899854921
UTM,424,tm,91.08000000000001,0.4575435189908603,0.0692296030028956
UTM,425,tm,91.19,0.470956118995673,0.06972043600399047
UTM,426,tm,91.07,0.4616428979934426,0.06820022901229095
UTM,427,tm,91.09,0.4665964760060888,0.06735531199956313
UTM,428,tm,91.21000000000001,0.45013169400044717,0.07061146899650339
UTM,429,tm,90.96,0.4607171829993604,0.06996388199331705
UTM,430,tm,91.05,0.47434539899404626,0.06968521200178657
UTM,431,tm,91.07,0.4682205699937185,0.0718678400007775
UTM,432,tm,91.18,0.462654950999422,0.06956416201137472
UTM,433,tm,91.0,0.4592285120015731,0.07216999199590646
UTM,434,tm,91.08000000000001,0.4770559489988955,0.06755380099639297
UTM,435,tm,91.07,0.46529863600153476,0.06990758499887306
UTM,436,tm,90.85,0.47175142499327194,0.07033580300048925
UTM,437,tm,90.95,0.45567108399700373,0.0680654720054008
UTM,438,tm,90.94,0.4642185510019772,0.06813395999779459
UTM,439,tm,91.07,0.4622714069992071,0.06813192898698617
UTM,440,tm,91.02,0.46411038300720975,0.07074381200072821
UTM,441,tm,90.94,0.4629541680042166,0.06751287200313527
UTM,442,tm,90.86999999999999,0.4626469780050684,0.07030351400317159
UTM,443,tm,91.01,0.4429276269947877,0.07003578799776733
UTM,444,tm,91.01,0.4648449439991964,0.0695417870010715
UTM,445,tm,90.95,0.46645045701006893,0.06888368699583225
UTM,446,tm,91.08000000000001,0.4446609019942116,0.06921276199864224
UTM,447,tm,91.13,0.4632765480055241,0.06706827400194015
UTM,448,tm,91.05,0.448444505003863,0.06784814399725292
UTM,449,tm,91.02,0.4652386950037908,0.06888828999944963
UTM,450,tm,91.03,0.45049687099526636,0.06794916700164322
UTM,451,tm,91.21000000000001,0.44709519400203135,0.06663822599512059
UTM,452,tm,91.25999999999999,0.47698322699579876,0.06903349699859973
UTM,453,tm,91.06,0.47032012800627854,0.06783318798989058
UTM,454,tm,91.21000000000001,0.4595473580120597,0.067580810005893
UTM,455,tm,91.09,0.4743174079922028,0.06976476201089099
UTM,456,tm,90.9,0.45680299900413956,0.06969807299901731
UTM,457,tm,90.93,0.4551255220139865,0.07015483200666495
UTM,458,tm,91.12,0.45689333000336774,0.0676451290055411
UTM,459,tm,91.05,0.46574540800065733,0.06883680100145284
UTM,460,tm,91.07,0.45953378100239206,0.06719670799793676
UTM,461,tm,91.0,0.46083103300770745,0.06913885999529157
UTM,462,tm,90.95,0.4688470429973677,0.07087275000230875
UTM,463,tm,91.03999999999999,0.4761707249999745,0.06955686399305705
UTM,464,tm,90.78,0.47031452700321097,0.06877394000184722
UTM,465,tm,91.08000000000001,0.4768773280084133,0.06896771899482701
UTM,466,tm,90.93,0.4696639430039795,0.07059054799901787
UTM,467,tm,90.88000000000001,0.4628732670098543,0.06973619099881034
UTM,468,tm,90.97,0.46214666101150215,0.06778944199322723
UTM,469,tm,90.98,0.4639395590056665,0.06923836200439837
UTM,470,tm,90.99000000000001,0.46893517700664233,0.06782643299084157
UTM,471,tm,91.06,0.45756265400268603,0.06844925599580165
UTM,472,tm,91.02,0.4577563269995153,0.06627517499146052
UTM,473,tm,90.99000000000001,0.4758666540001286,0.06997756300552282
UTM,474,tm,90.97,0.46225831999618094,0.07082192601228599
UTM,475,tm,91.03,0.4618549080041703,0.07033972498902585
UTM,476,tm,90.98,0.4687856929958798,0.06790804798947647
UTM,477,tm,90.98,0.4715429629868595,0.06931377699947916
UTM,478,tm,91.10000000000001,0.45913764300348703,0.0670214819983812
UTM,479,tm,91.12,0.4627640320104547,0.0692630499979714
UTM,480,tm,91.22,0.4739047299954109,0.06835555999714416
UTM,481,tm,91.05,0.46144582600391004,0.06905122500029393
UTM,482,tm,91.13,0.4566104120021919,0.06908743800886441
UTM,483,tm,91.06,0.4702234459982719,0.07043151000107173
UTM,484,tm,91.03,0.45808983698952943,0.07099681100226007
UTM,485,tm,91.07,0.4555914149968885,0.06842611299362034
UTM,486,tm,91.12,0.45581078199029434,0.0685637059941655
UTM,487,tm,90.86,0.45607496399316005,0.06834112499200273
UTM,488,tm,91.19,0.4632875950046582,0.06966352999734227
UTM,489,tm,91.11,0.46517208000295796,0.07083737199718598
UTM,490,tm,91.07,0.46694986800139304,0.06917653299751692
UTM,491,tm,91.23,0.4608392800000729,0.06818994799687061
UTM,492,tm,91.09,0.4576010090095224,0.0695854910009075
UTM,493,tm,91.2,0.46107401700282935,0.07039442700624932
UTM,494,tm,91.03,0.47191991200088523,0.07042553799692541
UTM,495,tm,91.02,0.45378901800722815,0.06926036800723523
UTM,496,tm,91.12,0.4607433880009921,0.06809806199453305
UTM,497,tm,91.09,0.4591568809992168,0.06933024500904139
UTM,498,tm,90.95,0.46936512799584307,0.07008520800445694
UTM,499,tm,90.98,0.46547816100064665,0.06807868200121447
UTM,500,tm,90.98,0.4607137239945587,0.06980893800209742
WTM,1,tm,87.03,0.35118922700348776,0.06117383899982087
WTM,2,tm,89.7,0.30079531999945175,0.06013652100227773
WTM,3,tm,90.46,0.2849473889946239,0.0577330430096481
WTM,4,tm,90.84,0.2778438489913242,0.06170852200011723
WTM,5,tm,91.14999999999999,0.27300359700166155,0.06230693600082304
WTM,6,tm,90.73,0.2654925969982287,0.062059242991381325
WTM,7,tm,90.25999999999999,0.2738708599936217,0.0627501259878045
WTM,8,tm,91.45,0.26301462500123307,0.0607934299914632
WTM,9,tm,92.33,0.2597907300078077,0.062102264986606315
WTM,10,tm,92.24,0.2639982700056862,0.06187245099863503
WTM,11,tm,91.94,0.26015556599304546,0.06434188000275753
WTM,12,tm,93.04,0.25531968200812116,0.06197423199773766
WTM,13,tm,92.47999999999999,0.25249633500061464,0.06303554300393444
WTM,14,tm,93.04,0.2519578530045692,0.061060222986270674
WTM,15,tm,92.97999999999999,0.25318221100314986,0.061436705000232905
WTM,16,tm,92.60000000000001,0.2550015599990729,0.061925134010380134
WTM,17,tm,92.25999999999999,0.24663446299382485,0.06155821699940134
WTM,18,tm,92.67999999999999,0.2554268259991659,0.06375110399676487
WTM,19,tm,91.82000000000001,0.2447285039961571,0.06312798800354358
WTM,20,tm,92.57,0.24229349999222904,0.06281725500593893
WTM,21,tm,93.4,0.24651981999340933,0.06252726400271058
WTM,22,tm,93.22,0.24226978101069108,0.0595124899991788
WTM,23,tm,93.53,0.2333496240025852,0.06325051799649373
WTM,24,tm,92.95,0.25125243100046646,0.06470129599620122
WTM,25,tm,93.47999999999999,0.24203770801250357,0.06287213100586087
WTM,26,tm,92.58,0.23614167899359018,0.06318022399500478
WTM,27,tm,93.19,0.2410692820121767,0.063403673004359
WTM,28,tm,92.67,0.23646975599694997,0.06308186100795865
WTM,29,tm,92.86,0.23140101099852473,0.062043937999987975
WTM,30,tm,93.05,0.23841054299555253,0.06388185599644203
WTM,31,tm,93.99,0.2386736359912902,0.06483407800260466
WTM,32,tm,93.12,0.23137587499513756,0.059894507998251356
WTM,33,tm,93.58999999999999,0.24392471299506724,0.06305856400285847
WTM,34,tm,94.32000000000001,0.23807264299830422,0.06356544099980965
WTM,35,tm,93.75,0.24618889900739305,0.06076280100387521
WTM,36,tm,93.43,0.23502440100128297,0.06257024400110822
WTM,37,tm,93.58,0.23786041499988642,0.061971597009687684
WTM,38,tm,92.30000000000001,0.24361256600241177,0.06230497699289117
WTM,39,tm,93.69,0.23890259501058608,0.06226854799024295
WTM,40,tm,92.44,0.23542058099701535,0.06297952099703252
WTM,41,tm,93.58,0.23508617100014817,0.06266300000424962
WTM,42,tm,93.28,0.23552961999666877,0.06292402499821037
WTM,43,tm,93.11,0.2360757729911711,0.06240444100694731
WTM,44,tm,93.12,0.24138691699772608,0.0627762739895843
WTM,45,tm,93.44,0.24073931699967943,0.0642450790037401
WTM,46,tm,93.51,0.23360288100957405,0.06425575500179548
WTM,47,tm,93.92,0.24624505700194277,0.06280111298838165
WTM,48,tm,93.85,0.2354611219925573,0.0633588930068072
WTM,49,tm,94.22,0.23892699100542814,0.06255088100442663
WTM,50,tm,93.2,0.23093459499068558,0.062181524001061916
WTM,51,tm,93.58,0.23751032500877045,0.06445132200315129
WTM,52,tm,94.01,0.23647904899553396,0.06237082100415137
WTM,53,tm,93.77,0.2342020319920266,0.06710086400562432
WTM,54,tm,93.78999999999999,0.23716649299603887,0.060477512000943534
WTM,55,tm,93.31,0.23405825199733954,0.06097841799783055
WTM,56,tm,92.94,0.23439846400287934,0.06308598499163054
WTM,57,tm,93.60000000000001,0.23225471199839376,0.06101590899925213
WTM,58,tm,93.28,0.22766892200161237,0.06320002900611144
WTM,59,tm,93.28,0.23471267300192267,0.06332133800606243
WTM,60,tm,92.7,0.23040655699151102,0.06287907701334916
WTM,61,tm,93.19,0.23076503600168508,0.06327887700172141
WTM,62,tm,93.88,0.23634939799376298,0.06297717800771352
WTM,63,tm,93.69,0.23958231700817123,0.06333217700012028
WTM,64,tm,94.28,0.2340660170011688,0.06230335999862291
WTM,65,tm,93.08999999999999,0.23104697300004773,0.06365931799518876
WTM,66,tm,93.60000000000001,0.23264929000288248,0.061807508012861945
WTM,67,tm,93.74,0.23264361498877406,0.0639311590057332
WTM,68,tm,93.88,0.22880946499935817,0.0622783260041615
WTM,69,tm,93.39,0.23490498500177637,0.06206594000104815
WTM,70,tm,93.96,0.23604185500880703,0.06349807701190002
WTM,71,tm,94.14,0.24251788000401575,0.06256077499710955
WTM,72,tm,93.69,0.23728419899998698,0.05972511100117117
WTM,73,tm,93.77,0.23833529801049735,0.06478878000052646
WTM,74,tm,93.97,0.23601588000019547,0.06447189899336081
WTM,75,tm,93.37,0.23355991899734363,0.06434193700260948
WTM,76,tm,93.71000000000001,0.2320123099925695,0.06363789300667122
WTM,77,tm,94.43,0.22806165600195527,0.06416413000260945
WTM,78,tm,92.21000000000001,0.23043803899781778,0.0648068660084391
WTM,79,tm,93.4,0.2404414829943562,0.0633187259954866
WTM,80,tm,94.43,0.23103761400852818,0.06285622900759336
WTM,81,tm,93.47,0.23967101699963678,0.062864791994798
WTM,82,tm,93.76,0.22933228500187397,0.061192709996248595
WTM,83,tm,94.08999999999999,0.22869972499029245,0.060129285993753
WTM,84,tm,93.64,0.2348191310011316,0.06303115699847694
WTM,85,tm,93.58,0.236583119010902,0.06197117600822821
WTM,86,tm,93.60000000000001,0.22948284799349494,0.06578599200292956
WTM,87,tm,93.56,0.2346449429896893,0.06301795599574689
WTM,88,tm,93.23,0.22929768600442912,0.06262303100083955
WTM,89,tm,93.11,0.2329725400049938,0.0636916020011995
WTM,90,tm,93.91000000000001,0.2330491600005189,0.06410361699818168
WTM,91,tm,93.01,0.22653782600536942,0.06436499700066634
WTM,92,tm,93.63,0.22857377800391987,0.06432633099029772
WTM,93,tm,93.72,0.23311103800369892,0.06240129700745456
WTM,94,tm,93.89999999999999,0.2357346570061054,0.06286312999145593
WTM,95,tm,93.60000000000001,0.23179439599334728,0.06320735700137448
WTM,96,tm,93.26,0.22829528299917,0.06250607800029684
WTM,97,tm,93.61,0.23736183499568142,0.06396937499812339
WTM,98,tm,94.42,0.22840083499613684,0.06354926600761246
WTM,99,tm,91.77,0.23641070400481112,0.06373857700964436
WTM,100,tm,93.07,0.2350019389996305,0.06424598299781792
WTM,101,tm,94.27,0.2441933490044903,0.06323908000194933
WTM,102,tm,93.85,0.22800057899439707,0.0629261940048309
WTM,103,tm,93.49,0.22979590299655683,0.06398387601075228
WTM,104,tm,93.27,0.2249436949932715,0.06611102100578137
WTM,105,tm,93.52000000000001,0.22594648400263395,0.06388158600020688
WTM,106,tm,93.56,0.2390189419966191,0.06285308199585415
WTM,107,tm,93.49,0.23057177400914952,0.062112291998346336
WTM,108,tm,94.02000000000001,0.23369113099761307,0.06223379200673662
WTM,109,tm,93.54,0.23478878900641575,0.063284203002695
WTM,110,tm,93.66,0.23313381199841388,0.06290196999907494
WTM,111,tm,94.08,0.24400157300988212,0.06328534999920521
WTM,112,tm,94.04,0.23602848200243898,0.06420625100145116
WTM,113,tm,92.23,0.23107809899374843,0.06258354999590665
WTM,114,tm,93.91000000000001,0.22735624200140592,0.0639727419911651
WTM,115,tm,92.89,0.2329215240024496,0.06341134899412282
WTM,116,tm,93.53,0.23711202898994088,0.06310421900707297
WTM,117,tm,93.75,0.23094679998757783,0.06378430500626564
WTM,118,tm,93.56,0.2397271230001934,0.0644038879981963
WTM,119,tm,92.93,0.23305866599548608,0.06461111499811523
WTM,120,tm,93.67999999999999,0.2315312989958329,0.06349308999779169
WTM,121,tm,93.97999999999999,0.23191088699968532,0.06343134300550446
WTM,122,tm,93.85,0.24300151299394201,0.06275316300161649
WTM,123,tm,93.28,0.22862236700893845,0.06393127801129594
WTM,124,tm,93.37,0.2313585539959604,0.06269432499539107
WTM,125,tm,93.65,0.23143498900753912,0.06238775799283758
WTM,126,tm,93.61,0.22891602099116426,0.06448944799194578
WTM,127,tm,92.78999999999999,0.23868089099414647,0.06298906500160228
WTM,128,tm,94.07,0.24093527199875098,0.06547335900540929
WTM,129,tm,93.17999999999999,0.23441084098885767,0.062586622996605
WTM,130,tm,93.10000000000001,0.22762649299693294,0.06369896000251174
WTM,131,tm,93.85,0.2311386700021103,0.06354322499828413
WTM,132,tm,93.31,0.23016742999607231,0.06007836900244001
WTM,133,tm,93.66,0.22459423000691459,0.06430124399776105
WTM,134,tm,93.73,0.23724098400271032,0.06246593401010614
WTM,135,tm,93.28,0.2357200219994411,0.06120917698717676
WTM,136,tm,93.71000000000001,0.2382930860039778,0.06343354500131682
WTM,137,tm,93.43,0.23119147299439646,0.06361900900083128
WTM,138,tm,93.53,0.22716720300377347,0.06212827000126708
WTM,139,tm,93.27,0.23874458399950527,0.06405662000179291
WTM,140,tm,93.5,0.2317444669897668,0.06131397599529009
WTM,141,tm,92.92,0.23090054700151086,0.062321924007846974
WTM,142,tm,92.24,0.2321469949965831,0.06338615399727132
WTM,143,tm,93.36,0.24088507499254774,0.060817853998742066
WTM,144,tm,93.83,0.23975638899719343,0.06315091799478978
WTM,145,tm,92.36,0.2371857839898439,0.06378533899260219
WTM,146,tm,93.75,0.22943882600520737,0.0610761959978845
WTM,147,tm,93.63,0.23025934300676454,0.06356064099236391
WTM,148,tm,93.63,0.2312715029984247,0.06347989100322593
WTM,149,tm,93.33,0.22503328700258862,0.06202573899645358
WTM,150,tm,93.32000000000001,0.23897893499815837,0.06458240700885653
WTM,151,tm,93.2,0.23141647198644932,0.06360628199763596
WTM,152,tm,94.03,0.22876781299419235,0.06187481699453201
WTM,153,tm,93.26,0.23276845400687307,0.06430362199898809
WTM,154,tm,93.34,0.23329476799699478,0.06257783800538164
WTM,155,tm,93.69,0.22981314999924507,0.06311412299692165
WTM,156,tm,94.28,0.23557139199692756,0.06085211399476975
WTM,157,tm,93.93,0.2313982399937231,0.06325592500797939
WTM,158,tm,92.97999999999999,0.23400548700010404,0.06326914299279451
WTM,159,tm,93.61,0.23516449799353722,0.06174132200249005
WTM,160,tm,93.74,0.2351879280031426,0.06324037599551957
WTM,161,tm,93.46,0.23281525100173894,0.06500440499803517
WTM,162,tm,92.63,0.23693037500197534,0.06372485699830577
WTM,163,tm,93.67,0.23724032600875944,0.0670416280045174
WTM,164,tm,92.95,0.23293553899566177,0.06198539999604691
WTM,165,tm,93.12,0.22980128799099475,0.0632506099937018
WTM,166,tm,93.52000000000001,0.23447303200373426,0.0624567390041193
WTM,167,tm,93.36,0.23087820899672806,0.062389381011598743
WTM,168,tm,93.82000000000001,0.22851099199033342,0.06235197000205517
WTM,169,tm,93.28,0.23255852200964,0.06202628999017179
WTM,170,tm,94.19999999999999,0.2282027420005761,0.06279023800743744
WTM,171,tm,94.05,0.23765315698983613,0.0625320359977195
WTM,172,tm,93.89999999999999,0.23309714801143855,0.062377993992413394
WTM,173,tm,93.61,0.2335133680026047,0.06272949199774303
WTM,174,tm,93.46,0.23290604399517179,0.06218175499816425
WTM,175,tm,93.78,0.22772100700240117,0.06199821199697908
WTM,176,tm,92.89,0.22728255300899036,0.06483198299247306
WTM,177,tm,93.46,0.23453207001148257,0.05975198499800172
WTM,178,tm,93.81,0.2336583230062388,0.06270755300647579
WTM,179,tm,93.25,0.2266248030064162,0.06244643099489622
WTM,180,tm,93.19,0.23359473700111266,0.06276742600311991
WTM,181,tm,93.10000000000001,0.23198998199950438,0.06280031200731173
WTM,182,tm,92.96,0.23173958400730044,0.06424063300073612
WTM,183,tm,93.44,0.2298434699914651,0.06282946201099548
WTM,184,tm,93.71000000000001,0.23435352501110174,0.06262841199350078
WTM,185,tm,93.64,0.23445100100070704,0.06354733000625856
WTM,186,tm,94.32000000000001,0.2278779560001567,0.0624257659947034
WTM,187,tm,93.55,0.22903290099930018,0.06401416000153404
WTM,188,tm,93.33,0.2360181160038337,0.06391013100801501
WTM,189,tm,93.67,0.22928254700673278,0.06301538000116125
WTM,190,tm,93.23,0.22812409099424258,0.06119929300621152
WTM,191,tm,93.8,0.23054797899385449,0.06382939299510326
WTM,192,tm,94.03,0.2315936340019107,0.0624726320093032
WTM,193,tm,94.39999999999999,0.22781997499987483,0.0628150429984089
WTM,194,tm,93.36,0.22542625200003386,0.06034905400883872
WTM,195,tm,93.58999999999999,0.22419754299335182,0.062347304992727004
WTM,196,tm,93.72,0.22767146499245428,0.0642431340093026
WTM,197,tm,94.27,0.23206871800357476,0.06273826799588278
WTM,198,tm,94.35,0.23338176599645521,0.06132992399216164
WTM,199,tm,93.47,0.231872756005032,0.06228359800297767
WTM,200,tm,92.88,0.2393556949973572,0.06317765200219583
WTM,201,tm,93.97,0.23365645500598475,0.0651186609902652
WTM,202,tm,94.16,0.23023436199582648,0.06854261399712414
WTM,203,tm,94.01,0.2275466499995673,0.06076132899033837
WTM,204,tm,92.96,0.23012857300636824,0.06200431700563058
WTM,205,tm,93.05,0.2305849760014098,0.06307418299547862
WTM,206,tm,94.03,0.23632197399274446,0.06198319200484548
WTM,207,tm,93.73,0.22814144199946895,0.06321725199813955
WTM,208,tm,93.66,0.22792560700327158,0.0627356030017836
WTM,209,tm,92.97999999999999,0.22843542600458022,0.06258341700595338
WTM,210,tm,93.91000000000001,0.22714440400886815,0.06368261699390132
WTM,211,tm,93.7,0.22824157500872388,0.062418132001766935
WTM,212,tm,92.36,0.22665863801375963,0.06985302999964915
WTM,213,tm,91.88,0.23355778699624352,0.06811695199576207
WTM,214,tm,93.32000000000001,0.23433740400651004,0.062097973001073115
WTM,215,tm,93.82000000000001,0.23803926499385852,0.0643432259967085
WTM,216,tm,92.49000000000001,0.23915852699428797,0.06371068400039803
WTM,217,tm,93.21000000000001,0.2326231189945247,0.062937178008724
WTM,218,tm,93.74,0.22888825699919835,0.06575174500176217
WTM,219,tm,92.71000000000001,0.23269537500164006,0.06279916399216745
WTM,220,tm,93.67999999999999,0.23068038900964893,0.0620034419989679
WTM,221,tm,93.62,0.23376035600085743,0.062396463996265084
WTM,222,tm,93.73,0.23932613899523858,0.06402154899842571
WTM,223,tm,93.8,0.22634219299652614,0.06369392700435128
WTM,224,tm,92.54,0.23612878400308546,0.06227972300257534
WTM,225,tm,93.81,0.2294690039998386,0.06369033400551416
WTM,226,tm,93.62,0.235144884994952,0.06316643199534155
WTM,227,tm,93.94,0.2368530359963188,0.06211548700230196
WTM,228,tm,94.0,0.23230312099622097,0.06313574301020708
WTM,229,tm,94.27,0.24525288499717135,0.06249676200968679
WTM,230,tm,93.31,0.22642183100106195,0.06317080200824421
WTM,231,tm,92.86999999999999,0.23362308600917459,0.0607219450030243
WTM,232,tm,93.46,0.2313916010025423,0.06279190699569881
WTM,233,tm,93.58999999999999,0.2316177470056573,0.06369568800437264
WTM,234,tm,93.96,0.23420771499513648,0.061425761989085004
WTM,235,tm,92.82000000000001,0.22761787299532443,0.06255951299681328
WTM,236,tm,93.45,0.23239432099217083,0.062360188996535726
WTM,237,tm,93.55,0.23136500500550028,0.061790799009031616
WTM,238,tm,93.28999999999999,0.22992109699407592,0.06307837399072014
WTM,239,tm,92.65,0.23189196700695902,0.06333818600978702
WTM,240,tm,93.51,0.22524668999540154,0.06791501300176606
WTM,241,tm,94.01,0.2373512249905616,0.063338644002215
WTM,242,tm,94.3,0.2271981340018101,0.06262917799176648
WTM,243,tm,93.67,0.2325117959990166,0.060927436003112234
WTM,244,tm,93.54,0.22431319799215999,0.06268775800708681
WTM,245,tm,94.1,0.22951065900269896,0.0600998400041135
WTM,246,tm,93.8,0.23315981100313365,0.06192255699716043
WTM,247,tm,94.24,0.23160602900316007,0.061021753994282335
WTM,248,tm,93.67,0.23485777399037033,0.062082993012154475
WTM,249,tm,94.1,0.22737706200859975,0.06369378500676248
WTM,250,tm,93.42,0.22854062500118744,0.06324979400960729
WTM,251,tm,93.72,0.229979005001951,0.06355465299566276
WTM,252,tm,93.47999999999999,0.22541155900398735,0.0644807380012935
WTM,253,tm,93.33,0.23311902100977022,0.06263544499233831
WTM,254,tm,93.14,0.2270165179943433,0.06364586800918914
WTM,255,tm,94.02000000000001,0.23438993499439675,0.06249549999483861
WTM,256,tm,93.7,0.22739027999341488,0.06393417000072077
WTM,257,tm,94.13,0.2271459370094817,0.06309698599216063
WTM,258,tm,94.15,0.22762614900420886,0.06111021401011385
WTM,259,tm,94.12,0.23116204100369941,0.06384334700123873
WTM,260,tm,94.0,0.23502633000316564,0.06231262200162746
WTM,261,tm,93.2,0.23368474299786612,0.06256661200313829
WTM,262,tm,92.97999999999999,0.23190841199539136,0.06172551499912515
WTM,263,tm,93.64,0.2280418029986322,0.06262722899555229
WTM,264,tm,92.74,0.2265150509920204,0.06436649100214709
WTM,265,tm,93.41000000000001,0.2337434490036685,0.06201583700021729
WTM,266,tm,93.61,0.2344415760017,0.062141731003066525
WTM,267,tm,94.25,0.22808276300202124,0.06254512100713328
WTM,268,tm,93.51,0.23039902800519485,0.06296456199197564
WTM,269,tm,93.75,0.23675353098951746,0.06352900800993666
WTM,270,tm,93.93,0.22569277000729926,0.06266065900854301
WTM,271,tm,93.44,0.22896538500208408,0.06406747600703966
WTM,272,tm,93.33,0.22536768201098312,0.06364797000424005
WTM,273,tm,92.72,0.23454004699306097,0.06461611700069625
WTM,274,tm,93.72,0.22782951399858575,0.061514425004133955
WTM,275,tm,93.88,0.22751120799512137,0.06312842899933457
WTM,276,tm,93.74,0.2276534510019701,0.06267246899369638
WTM,277,tm,92.99,0.24046120001003146,0.062363245990127325
WTM,278,tm,93.33,0.2295261379913427,0.061549236997962
WTM,279,tm,94.0,0.229132380001829,0.06262257900380064
WTM,280,tm,93.58999999999999,0.23074501199880615,0.062313493006513454
WTM,281,tm,93.94,0.2321184939937666,0.06357503699837252
WTM,282,tm,94.15,0.23447635999764316,0.06568163599877153
WTM,283,tm,93.24,0.24150818200723734,0.06377789100224618
WTM,284,tm,93.38,0.23103155099670403,0.06342611099535134
WTM,285,tm,94.26,0.22752514999592677,0.061681400999077596
WTM,286,tm,93.21000000000001,0.2276583710045088,0.06255409400910139
WTM,287,tm,93.85,0.2243501409975579,0.06250407100014854
WTM,288,tm,93.27,0.22873838400118984,0.06444129199371673
WTM,289,tm,93.89999999999999,0.22889423799642827,0.06204223299573641
WTM,290,tm,92.49000000000001,0.24328295901068486,0.06332127800851595
WTM,291,tm,93.38,0.22649525899032596,0.06377187500766013
WTM,292,tm,93.69,0.23654867299774196,0.06193392899876926
WTM,293,tm,94.38,0.23286873499455396,0.06439331799629144
WTM,294,tm,93.99,0.2280955339956563,0.06265877799887676
WTM,295,tm,94.19999999999999,0.23222507500031497,0.06335235499136616
WTM,296,tm,93.5,0.23081319899938535,0.062487415998475626
WTM,297,tm,91.85,0.23696600800030865,0.06333956500748172
WTM,298,tm,93.27,0.23252166000020225,0.06319081799301784
WTM,299,tm,93.07,0.22716469399165362,0.06193672701192554
WTM,300,tm,93.10000000000001,0.23235115500574466,0.06261537499085534
WTM,301,tm,93.37,0.23094275200855918,0.06311683199601248
WTM,302,tm,94.22,0.23553828700096346,0.06711691101372708
WTM,303,tm,93.30000000000001,0.23135867199744098,0.06306326198682655
WTM,304,tm,94.08,0.22775965998880565,0.0642150890053017
WTM,305,tm,93.89,0.23769536000327207,0.0616606289986521
WTM,306,tm,93.89,0.24070710099476855,0.0640252099983627
WTM,307,tm,93.77,0.22834659699583426,0.06389630000921898
WTM,308,tm,94.3,0.23288813399267383,0.06346365700301249
WTM,309,tm,93.84,0.23117332899710163,0.0634442750015296
WTM,310,tm,93.44,0.2267278919898672,0.06125618198711891
WTM,311,tm,92.63,0.23162043599586468,0.061274769992451183
WTM,312,tm,93.77,0.23006633199111093,0.06243602999893483
WTM,313,tm,93.31,0.23008929900242947,0.06217478899634443
WTM,314,tm,93.30000000000001,0.22413128599873744,0.06240583400358446
WTM,315,tm,93.88,0.22617001499747857,0.0625707340077497
WTM,316,tm,93.96,0.23182602399901953,0.06255227800284047
WTM,317,tm,94.13,0.23398912900302093,0.06620241899508983
WTM,318,tm,94.14,0.2360524039977463,0.06491614200058393
WTM,319,tm,94.39,0.22814650999498554,0.06321864899655338
WTM,320,tm,94.07,0.2297344980033813,0.06250683900725562
WTM,321,tm,94.26,0.22071744399727322,0.06332139899313916
WTM,322,tm,93.43,0.22984779300168157,0.060912588000064716
WTM,323,tm,92.24,0.2307825560128549,0.06190484199032653
WTM,324,tm,93.87,0.23275195399764925,0.0629321140004322
WTM,325,tm,94.06,0.23002161001204513,0.062980286005768
WTM,326,tm,93.07,0.23309842399612535,0.06321563900564797
WTM,327,tm,94.15,0.23179891699692234,0.06292345399560872
WTM,328,tm,93.93,0.23302926300675608,0.06280453900399152
WTM,329,tm,94.33,0.2298710850009229,0.06265068799257278
WTM,330,tm,94.07,0.22564332200272474,0.06276357200113125
WTM,331,tm,93.49,0.22224851600185502,0.06262571200204547
WTM,332,tm,93.96,0.22868313700018916,0.06212778498593252
WTM,333,tm,93.13,0.2297363910038257,0.06209509400650859
WTM,334,tm,94.08999999999999,0.23164079200068954,0.06350908300373703
WTM,335,tm,91.74,0.2382158679974964,0.06270099899847992
WTM,336,tm,93.86,0.22848641499876976,0.05996055400464684
WTM,337,tm,93.71000000000001,0.23053227800119203,0.06517969099513721
WTM,338,tm,94.05,0.23266185300599318,0.0628049689985346
WTM,339,tm,93.15,0.23204460900160484,0.06075916200643405
WTM,340,tm,92.5,0.23266071399848443,0.06400632399891037
WTM,341,tm,93.56,0.22788095701253042,0.0639601400034735
WTM,342,tm,94.08,0.2268575130001409,0.06318542000371963
WTM,343,tm,93.22,0.22739524999633431,0.06270465500710998
WTM,344,tm,94.3,0.22380162500485312,0.062389759987127036
WTM,345,tm,94.17,0.22594100500282366,0.06321904200012796
WTM,346,tm,93.99,0.22526881098747253,0.061949388997163624
WTM,347,tm,93.96,0.22341047698864713,0.06292308001138736
WTM,348,tm,94.27,0.23563784299767576,0.0633478380041197
WTM,349,tm,93.8,0.23319418300525285,0.06333856399578508
WTM,350,tm,93.10000000000001,0.22481050100759603,0.06137604200921487
WTM,351,tm,93.62,0.22526912800094578,0.0616805750032654
WTM,352,tm,92.92,0.23423654200450983,0.06345620399224572
WTM,353,tm,94.3,0.2323489879927365,0.0617490869917674
WTM,354,tm,92.85,0.2279254850000143,0.06279659000574611
WTM,355,tm,91.79,0.23749146900081541,0.06251532900205348
WTM,356,tm,93.64,0.2327843480015872,0.06258043598791119
WTM,357,tm,93.32000000000001,0.22881591999612283,0.06361201699473895
WTM,358,tm,93.44,0.23295199699350633,0.0633862459944794
WTM,359,tm,93.99,0.22796549298800528,0.06381019701075274
WTM,360,tm,93.99,0.23215606599114835,0.06439612399844918
WTM,361,tm,94.38,0.23412235001160298,0.06447714900423307
WTM,362,tm,92.94,0.23669881500245538,0.06455374699726235
WTM,363,tm,93.88,0.22581835300661623,0.06402141299622599
WTM,364,tm,93.54,0.2304803300066851,0.06275610100419726
WTM,365,tm,93.77,0.23191058900556527,0.06255901600525249
WTM,366,tm,93.91000000000001,0.22737825999502093,0.062253523006802425
WTM,367,tm,94.39999999999999,0.22354901699873153,0.05975230298645329
WTM,368,tm,94.13,0.23403010399488267,0.06141417699109297
WTM,369,tm,94.27,0.2307355840021046,0.062314417999004945
WTM,370,tm,93.77,0.23011839600803796,0.06201210099970922
WTM,371,tm,94.03,0.2305672540096566,0.06255565599713009
WTM,372,tm,94.39999999999999,0.22927399800391868,0.06156115799967665
WTM,373,tm,93.17999999999999,0.23008844400465023,0.0637106079957448
WTM,374,tm,94.34,0.22931328299455345,0.061699352008872665
WTM,375,tm,93.55,0.22836083600122947,0.06882650600164197
WTM,376,tm,93.71000000000001,0.22234080500493292,0.062372960994252935
WTM,377,tm,92.97,0.22906053400947712,0.06234783299441915
WTM,378,tm,92.97999999999999,0.22535363500355743,0.06373486199299805
WTM,379,tm,94.01,0.2285819960088702,0.06377508198784199
WTM,380,tm,92.19000000000001,0.22701232599501964,0.0625390530040022
WTM,381,tm,94.28,0.2285930259968154,0.061411290007526986
WTM,382,tm,94.04,0.22771232300146949,0.06211605299904477
WTM,383,tm,93.39,0.23399479300132953,0.06178428900602739
WTM,384,tm,92.30000000000001,0.22794256699853577,0.06348458200227469
WTM,385,tm,93.7,0.22693942399928346,0.061966024004505016
WTM,386,tm,93.55,0.22603802899539005,0.059286967996740714
WTM,387,tm,92.09,0.2384801619919017,0.06254920898936689
WTM,388,tm,92.86,0.22507668699836358,0.06342494901036844
WTM,389,tm,93.36,0.22768982200068422,0.06379414199909661
WTM,390,tm,93.84,0.2318158160051098,0.06325515099160839
WTM,391,tm,93.44,0.22775561100570485,0.061065230998792686
WTM,392,tm,94.38,0.2357792429975234,0.06282999100221787
WTM,393,tm,94.14,0.23159089099499397,0.06324464800127316
WTM,394,tm,93.99,0.22865350400388706,0.06205367899383418
WTM,395,tm,94.26,0.22644292601034977,0.06125601900566835
WTM,396,tm,93.36,0.23087743000360206,0.0628120979963569
WTM,397,tm,93.58,0.23314352599845733,0.06318176399508957
WTM,398,tm,93.2,0.2327932069892995,0.06195591799041722
WTM,399,tm,92.42,0.23264022599323653,0.06173872698855121
WTM,400,tm,93.22,0.22622002799471375,0.06290718699165154
WTM,401,tm,92.52,0.22750498801178765,0.06168147698917892
WTM,402,tm,92.63,0.22268043798976578,0.06380334599816706
WTM,403,tm,93.75,0.22992494099889882,0.06398270399949979
WTM,404,tm,93.60000000000001,0.2293254079995677,0.06223166499694344
WTM,405,tm,93.55,0.23524389701196924,0.06260671299241949
WTM,406,tm,93.31,0.23096474300837144,0.06306407200463582
WTM,407,tm,93.35,0.23292982700513676,0.06296541799383704
WTM,408,tm,93.62,0.22563381800136995,0.06171106798865367
WTM,409,tm,93.49,0.23186711400921922,0.0632996189960977
WTM,410,tm,93.93,0.23698541001067497,0.06234944499738049
WTM,411,tm,93.06,0.2315519029943971,0.06198382000729907
WTM,412,tm,93.63,0.230780293000862,0.06183706699812319
WTM,413,tm,93.08999999999999,0.22829465700488072,0.06222028500633314
WTM,414,tm,92.09,0.2290539920068113,0.0632539010111941
WTM,415,tm,93.47999999999999,0.22452952100138646,0.062136208012816496
WTM,416,tm,92.97,0.23322591399482917,0.06154536899703089
WTM,417,tm,93.78,0.2334915829997044,0.06310854099865537
WTM,418,tm,94.1,0.22757472400553524,0.06245672899240162
WTM,419,tm,94.04,0.23569304699776694,0.06270159200357739
WTM,420,tm,94.11,0.23379701300291345,0.06338368699653074
WTM,421,tm,93.73,0.23598644899902865,0.06357558800664265
WTM,422,tm,93.15,0.2376824789971579,0.06337584900029469
WTM,423,tm,92.92,0.22810171300079674,0.06155766900337767
WTM,424,tm,93.7,0.23297118699701969,0.0628720029926626
WTM,425,tm,93.03,0.22803871000360232,0.06169698499434162
WTM,426,tm,93.74,0.22941607600660063,0.062239148013759404
WTM,427,tm,93.97,0.233148416999029,0.06425358100386802
WTM,428,tm,94.01,0.23647896699549165,0.0650968949921662
WTM,429,tm,93.5,0.23093249899102375,0.06336111099517439
WTM,430,tm,93.45,0.227770020996104,0.0638083869998809
WTM,431,tm,93.47,0.23329225199995562,0.06235971100977622
WTM,432,tm,93.04,0.22780069599684794,0.06414423299429473
WTM,433,tm,93.83,0.22612033499171957,0.0630338600021787
WTM,434,tm,93.51,0.2347263599949656,0.063718516001245
WTM,435,tm,93.76,0.2285037549881963,0.06250610799179412
WTM,436,tm,93.87,0.2283763750019716,0.0622190989961382
WTM,437,tm,93.31,0.24235613399650902,0.06283743400126696
WTM,438,tm,92.64,0.2352763450035127,0.061711750997346826
WTM,439,tm,93.74,0.22927859300398268,0.062614027003292
WTM,440,tm,93.38,0.225885906998883,0.06287704200076405
WTM,441,tm,93.46,0.22907412199128885,0.06170069900690578
WTM,442,tm,93.51,0.22663628798909485,0.06304284599900711
WTM,443,tm,93.91000000000001,0.22735256899613887,0.06308843799342867
WTM,444,tm,92.25,0.2276785879948875,0.06404508900595829
WTM,445,tm,93.47,0.23768830300832633,0.060841992002679035
WTM,446,tm,94.25,0.2346130380028626,0.06339969800319523
WTM,447,tm,92.66,0.22957204400154296,0.0634789739997359
WTM,448,tm,93.15,0.23336266899423208,0.06288202799623832
WTM,449,tm,93.08,0.2280589869915275,0.0635965529945679
WTM,450,tm,92.74,0.22580888000084087,0.06777541099290829
WTM,451,tm,93.62,0.23597373500524554,0.06462540799111594
WTM,452,tm,92.67999999999999,0.2336965760041494,0.06323558499570936
WTM,453,tm,92.96,0.22617942800570745,0.06258341000648215
WTM,454,tm,93.34,0.22479763599403668,0.06246788099815603
WTM,455,tm,93.28,0.23004381799546536,0.0614887599949725
WTM,456,tm,94.23,0.22949268799857236,0.06389393399877008
WTM,457,tm,93.95,0.23557479699957184,0.06150371998955961
WTM,458,tm,93.44,0.23404467200452928,0.062283339007990435
WTM,459,tm,92.49000000000001,0.23321646598924417,0.06265568699745927
WTM,460,tm,93.92,0.21974497100745793,0.06198068599042017
WTM,461,tm,93.66,0.23394830399774946,0.06146909800008871
WTM,462,tm,93.47999999999999,0.229319944002782,0.06265644100494683
WTM,463,tm,93.17999999999999,0.22866233000240754,0.06246665598882828
WTM,464,tm,93.03,0.2275811959989369,0.06355881899071392
WTM,465,tm,92.9,0.23255873601010535,0.06320180800685193
WTM,466,tm,92.75,0.24937880899233278,0.06247587098914664
WTM,467,tm,93.97999999999999,0.22902076899481472,0.06347143599123228
WTM,468,tm,93.93,0.2330867330019828,0.06267063099949155
WTM,469,tm,93.16,0.2313286650023656,0.06289882000419311
WTM,470,tm,94.05,0.2309522349969484,0.06394239999644924
WTM,471,tm,92.65,0.23714273500081617,0.06450073499581777
WTM,472,tm,93.86,0.23091662100341637,0.06309234999935143
WTM,473,tm,93.52000000000001,0.23427202500170097,0.062035919007030316
WTM,474,tm,93.62,0.23334383399924263,0.06327382200106513
WTM,475,tm,93.56,0.23040601100365166,0.06316621600126382
WTM,476,tm,93.36,0.22529774199938402,0.06266286999743897
WTM,477,tm,93.52000000000001,0.22643001700635068,0.06297795899445191
WTM,478,tm,93.41000000000001,0.2394087779975962,0.0639732560084667
WTM,479,tm,93.97,0.22196124799665995,0.0627788209967548
WTM,480,tm,93.30000000000001,0.23242082000069786,0.06224758100870531
WTM,481,tm,93.93,0.23380298599659,0.06167159399774391
WTM,482,tm,93.83,0.2335389979998581,0.06395728299685288
WTM,483,tm,93.45,0.23163964999548625,0.06479681399650872
WTM,484,tm,94.11,0.22804380700108595,0.06320831000630278
WTM,485,tm,93.72,0.23114768299274147,0.0639853650063742
WTM,486,tm,92.42,0.22908399799780454,0.06202243600273505
WTM,487,tm,93.44,0.23376615799497813,0.06349246900936123
WTM,488,tm,93.30000000000001,0.22627517700311728,0.0634022919985
WTM,489,tm,93.33,0.2360102270031348,0.06530586299777497
WTM,490,tm,93.06,0.23464643099578097,0.06245888500416186
WTM,491,tm,93.15,0.231768332014326,0.06217681999260094
WTM,492,tm,93.7,0.2313858080015052,0.06303551400196739
WTM,493,tm,93.07,0.224692714997218,0.06329074400127865
WTM,494,tm,93.03,0.23982807800348382,0.06361742100853007
WTM,495,tm,93.81,0.2320000239997171,0.06413084999076091
WTM,496,tm,94.06,0.22956610900291707,0.06299867300549522
WTM,497,tm,92.9,0.22688213299261406,0.0626862799981609
WTM,498,tm,93.63,0.22869578898826148,0.06385946700174827
WTM,499,tm,92.11,0.22621645299659576,0.062655478992383
WTM,500,tm,94.26,0.23180737900838722,0.06276991899358109
WTM-NN,1,tm,87.03,0.35118922700348776,0.06117383899982087
WTM-NN,2,tm,89.7,0.30079531999945175,0.06013652100227773
WTM-NN,3,tm,90.46,0.2849473889946239,0.0577330430096481
WTM-NN,4,tm,90.84,0.2778438489913242,0.06170852200011723
WTM-NN,5,tm,91.14999999999999,0.27300359700166155,0.06230693600082304
WTM-NN,6,tm,90.73,0.2654925969982287,0.062059242991381325
WTM-NN,7,tm,90.25999999999999,0.2738708599936217,0.0627501259878045
WTM-NN,8,tm,91.45,0.26301462500123307,0.0607934299914632
WTM-NN,9,tm,92.33,0.2597907300078077,0.062102264986606315
WTM-NN,10,tm,92.24,0.2639982700056862,0.06187245099863503
WTM-NN,11,tm,91.94,0.26015556599304546,0.06434188000275753
WTM-NN,12,tm,93.04,0.25531968200812116,0.06197423199773766
WTM-NN,13,tm,92.47999999999999,0.25249633500061464,0.06303554300393444
WTM-NN,14,tm,93.04,0.2519578530045692,0.061060222986270674
WTM-NN,15,tm,92.97999999999999,0.25318221100314986,0.061436705000232905
WTM-NN,16,tm,92.60000000000001,0.2550015599990729,0.061925134010380134
WTM-NN,17,tm,92.25999999999999,0.24663446299382485,0.06155821699940134
WTM-NN,18,tm,92.67999999999999,0.2554268259991659,0.06375110399676487
WTM-NN,19,tm,91.82000000000001,0.2447285039961571,0.06312798800354358
WTM-NN,20,tm,92.57,0.24229349999222904,0.06281725500593893
WTM-NN,21,tm,93.4,0.24651981999340933,0.06252726400271058
WTM-NN,22,tm,93.22,0.24226978101069108,0.0595124899991788
WTM-NN,23,tm,93.53,0.2333496240025852,0.06325051799649373
WTM-NN,24,tm,92.95,0.25125243100046646,0.06470129599620122
WTM-NN,25,tm,93.47999999999999,0.24203770801250357,0.06287213100586087
WTM-NN,26,tm,92.58,0.23614167899359018,0.06318022399500478
WTM-NN,27,tm,93.19,0.2410692820121767,0.063403673004359
WTM-NN,28,tm,92.67,0.23646975599694997,0.06308186100795865
WTM-NN,29,tm,92.86,0.23140101099852473,0.062043937999987975
WTM-NN,30,tm,93.05,0.23841054299555253,0.06388185599644203
WTM-NN,31,tm,93.99,0.2386736359912902,0.06483407800260466
WTM-NN,32,tm,93.12,0.23137587499513756,0.059894507998251356
WTM-NN,33,tm,93.58999999999999,0.24392471299506724,0.06305856400285847
WTM-NN,34,tm,94.32000000000001,0.23807264299830422,0.06356544099980965
WTM-NN,35,tm,93.75,0.24618889900739305,0.06076280100387521
WTM-NN,36,tm,93.43,0.23502440100128297,0.06257024400110822
WTM-NN,37,tm,93.58,0.23786041499988642,0.061971597009687684
WTM-NN,38,tm,92.30000000000001,0.24361256600241177,0.06230497699289117
WTM-NN,39,tm,93.69,0.23890259501058608,0.06226854799024295
WTM-NN,40,tm,92.44,0.23542058099701535,0.06297952099703252
WTM-NN,41,tm,93.58,0.23508617100014817,0.06266300000424962
WTM-NN,42,tm,93.28,0.23552961999666877,0.06292402499821037
WTM-NN,43,tm,93.11,0.2360757729911711,0.06240444100694731
WTM-NN,44,tm,93.12,0.24138691699772608,0.0627762739895843
WTM-NN,45,tm,93.44,0.24073931699967943,0.0642450790037401
WTM-NN,46,tm,93.51,0.23360288100957405,0.06425575500179548
WTM-NN,47,tm,93.92,0.24624505700194277,0.06280111298838165
WTM-NN,48,tm,93.85,0.2354611219925573,0.0633588930068072
WTM-NN,49,tm,94.22,0.23892699100542814,0.06255088100442663
WTM-NN,50,tm,93.2,0.23093459499068558,0.062181524001061916
WTM-NN,51,tm,93.58,0.23751032500877045,0.06445132200315129
WTM-NN,52,tm,94.01,0.23647904899553396,0.06237082100415137
WTM-NN,53,tm,93.77,0.2342020319920266,0.06710086400562432
WTM-NN,54,tm,93.78999999999999,0.23716649299603887,0.060477512000943534
WTM-NN,55,tm,93.31,0.23405825199733954,0.06097841799783055
WTM-NN,56,tm,92.94,0.23439846400287934,0.06308598499163054
WTM-NN,57,tm,93.60000000000001,0.23225471199839376,0.06101590899925213
WTM-NN,58,tm,93.28,0.22766892200161237,0.06320002900611144
WTM-NN,59,tm,93.28,0.23471267300192267,0.06332133800606243
WTM-NN,60,tm,92.7,0.23040655699151102,0.06287907701334916
WTM-NN,61,tm,93.19,0.23076503600168508,0.06327887700172141
WTM-NN,62,tm,93.88,0.23634939799376298,0.06297717800771352
WTM-NN,63,tm,93.69,0.23958231700817123,0.06333217700012028
WTM-NN,64,tm,94.28,0.2340660170011688,0.06230335999862291
WTM-NN,65,tm,93.08999999999999,0.23104697300004773,0.06365931799518876
WTM-NN,66,tm,93.60000000000001,0.23264929000288248,0.061807508012861945
WTM-NN,67,tm,93.74,0.23264361498877406,0.0639311590057332
WTM-NN,68,tm,93.88,0.22880946499935817,0.0622783260041615
WTM-NN,69,tm,93.39,0.23490498500177637,0.06206594000104815
WTM-NN,70,tm,93.96,0.23604185500880703,0.06349807701190002
WTM-NN,71,tm,94.14,0.24251788000401575,0.06256077499710955
WTM-NN,72,tm,93.69,0.23728419899998698,0.05972511100117117
WTM-NN,73,tm,93.77,0.23833529801049735,0.06478878000052646
WTM-NN,74,tm,93.97,0.23601588000019547,0.06447189899336081
WTM-NN,75,tm,93.37,0.23355991899734363,0.06434193700260948
WTM-NN,76,tm,93.71000000000001,0.2320123099925695,0.06363789300667122
WTM-NN,77,tm,94.43,0.22806165600195527,0.06416413000260945
WTM-NN,78,tm,92.21000000000001,0.23043803899781778,0.0648068660084391
WTM-NN,79,tm,93.4,0.2404414829943562,0.0633187259954866
WTM-NN,80,tm,94.43,0.23103761400852818,0.06285622900759336
WTM-NN,81,tm,93.47,0.23967101699963678,0.062864791994798
WTM-NN,82,tm,93.76,0.22933228500187397,0.061192709996248595
WTM-NN,83,tm,94.08999999999999,0.22869972499029245,0.060129285993753
WTM-NN,84,tm,93.64,0.2348191310011316,0.06303115699847694
WTM-NN,85,tm,93.58,0.236583119010902,0.06197117600822821
WTM-NN,86,tm,93.60000000000001,0.22948284799349494,0.06578599200292956
WTM-NN,87,tm,93.56,0.2346449429896893,0.06301795599574689
WTM-NN,88,tm,93.23,0.22929768600442912,0.06262303100083955
WTM-NN,89,tm,93.11,0.2329725400049938,0.0636916020011995
WTM-NN,90,tm,93.91000000000001,0.2330491600005189,0.06410361699818168
WTM-NN,91,tm,93.01,0.22653782600536942,0.06436499700066634
WTM-NN,92,tm,93.63,0.22857377800391987,0.06432633099029772
WTM-NN,93,tm,93.72,0.23311103800369892,0.06240129700745456
WTM-NN,94,tm,93.89999999999999,0.2357346570061054,0.06286312999145593
WTM-NN,95,tm,93.60000000000001,0.23179439599334728,0.06320735700137448
WTM-NN,96,tm,93.26,0.22829528299917,0.06250607800029684
WTM-NN,97,tm,93.61,0.23736183499568142,0.06396937499812339
WTM-NN,98,tm,94.42,0.22840083499613684,0.06354926600761246
WTM-NN,99,tm,91.77,0.23641070400481112,0.06373857700964436
WTM-NN,100,tm,93.07,0.2350019389996305,0.06424598299781792
WTM-NN,101,tm,94.27,0.2441933490044903,0.06323908000194933
WTM-NN,102,tm,93.85,0.22800057899439707,0.0629261940048309
WTM-NN,103,tm,93.49,0.22979590299655683,0.06398387601075228
WTM-NN,104,tm,93.27,0.2249436949932715,0.06611102100578137
WTM-NN,105,tm,93.52000000000001,0.22594648400263395,0.06388158600020688
WTM-NN,106,tm,93.56,0.2390189419966191,0.06285308199585415
WTM-NN,107,tm,93.49,0.23057177400914952,0.062112291998346336
WTM-NN,108,tm,94.02000000000001,0.23369113099761307,0.06223379200673662
WTM-NN,109,tm,93.54,0.23478878900641575,0.063284203002695
WTM-NN,110,tm,93.66,0.23313381199841388,0.06290196999907494
WTM-NN,111,tm,94.08,0.24400157300988212,0.06328534999920521
WTM-NN,112,tm,94.04,0.23602848200243898,0.06420625100145116
WTM-NN,113,tm,92.23,0.23107809899374843,0.06258354999590665
WTM-NN,114,tm,93.91000000000001,0.22735624200140592,0.0639727419911651
WTM-NN,115,tm,92.89,0.2329215240024496,0.06341134899412282
WTM-NN,116,tm,93.53,0.23711202898994088,0.06310421900707297
WTM-NN,117,tm,93.75,0.23094679998757783,0.06378430500626564
WTM-NN,118,tm,93.56,0.2397271230001934,0.0644038879981963
WTM-NN,119,tm,92.93,0.23305866599548608,0.06461111499811523
WTM-NN,120,tm,93.67999999999999,0.2315312989958329,0.06349308999779169
WTM-NN,121,tm,93.97999999999999,0.23191088699968532,0.06343134300550446
WTM-NN,122,tm,93.85,0.24300151299394201,0.06275316300161649
WTM-NN,123,tm,93.28,0.22862236700893845,0.06393127801129594
WTM-NN,124,tm,93.37,0.2313585539959604,0.06269432499539107
WTM-NN,125,tm,93.65,0.23143498900753912,0.06238775799283758
WTM-NN,126,tm,93.61,0.22891602099116426,0.06448944799194578
WTM-NN,127,tm,92.78999999999999,0.23868089099414647,0.06298906500160228
WTM-NN,128,tm,94.07,0.24093527199875098,0.06547335900540929
WTM-NN,129,tm,93.17999999999999,0.23441084098885767,0.062586622996605
WTM-NN,130,tm,93.10000000000001,0.22762649299693294,0.06369896000251174
WTM-NN,131,tm,93.85,0.2311386700021103,0.06354322499828413
WTM-NN,132,tm,93.31,0.23016742999607231,0.06007836900244001
WTM-NN,133,tm,93.66,0.22459423000691459,0.06430124399776105
WTM-NN,134,tm,93.73,0.23724098400271032,0.06246593401010614
WTM-NN,135,tm,93.28,0.2357200219994411,0.06120917698717676
WTM-NN,136,tm,93.71000000000001,0.2382930860039778,0.06343354500131682
WTM-NN,137,tm,93.43,0.23119147299439646,0.06361900900083128
WTM-NN,138,tm,93.53,0.22716720300377347,0.06212827000126708
WTM-NN,139,tm,93.27,0.23874458399950527,0.06405662000179291
WTM-NN,140,tm,93.5,0.2317444669897668,0.06131397599529009
WTM-NN,141,tm,92.92,0.23090054700151086,0.062321924007846974
WTM-NN,142,tm,92.24,0.2321469949965831,0.06338615399727132
WTM-NN,143,tm,93.36,0.24088507499254774,0.060817853998742066
WTM-NN,144,tm,93.83,0.23975638899719343,0.06315091799478978
WTM-NN,145,tm,92.36,0.2371857839898439,0.06378533899260219
WTM-NN,146,tm,93.75,0.22943882600520737,0.0610761959978845
WTM-NN,147,tm,93.63,0.23025934300676454,0.06356064099236391
WTM-NN,148,tm,93.63,0.2312715029984247,0.06347989100322593
WTM-NN,149,tm,93.33,0.22503328700258862,0.06202573899645358
WTM-NN,150,tm,93.32000000000001,0.23897893499815837,0.06458240700885653
WTM-NN,151,nn,95.32000000000001,0.1979030380025506,0.06470946599438321
WTM-NN,152,nn,95.33,0.25684410899702925,0.06690446200082079
WTM-NN,153,nn,95.52000000000001,0.19967276300303638,0.06442047699238174
WTM-NN,154,nn,95.56,0.20316504599759355,0.0641027999954531
WTM-NN,155,nn,95.53,0.19341695499315392,0.06572626499109901
WTM-NN,156,nn,95.47,0.2671553560066968,0.06848598399665207
WTM-NN,157,nn,95.45,0.19465703799505718,0.06188326900883112
WTM-NN,158,nn,95.50999999999999,0.20204606199695263,0.06474689500464592
WTM-NN,159,nn,95.47,0.21588994600460865,0.06552692399418447
WTM-NN,160,nn,95.59,0.26737461599987,0.06504676899930928
WTM-NN,161,nn,95.56,0.2146249649958918,0.06398736499249935
WTM-NN,162,nn,95.49,0.19407581999257673,0.06452773400815204
WTM-NN,163,nn,95.48,0.21536213399667758,0.06531706200621556
WTM-NN,164,nn,95.50999999999999,0.24783169399597682,0.06453725299797952
WTM-NN,165,nn,95.49,0.21177338100096676,0.06484929099678993
WTM-NN,166,nn,95.53,0.21777887200005352,0.06317889899946749
WTM-NN,167,nn,95.44,0.20381604399881326,0.06512833399756346
WTM-NN,168,nn,95.5,0.21678053600771818,0.06378522398881614
WTM-NN,169,nn,95.47,0.2605505880055716,0.06369319799705409
WTM-NN,170,nn,95.55,0.1932411269954173,0.06235442799516022
WTM-NN,171,nn,95.42,0.19825466499605682,0.06251039500057232
WTM-NN,172,nn,95.56,0.20419761499215383,0.06491248900420032
WTM-NN,173,nn,95.36,0.26474078198953066,0.06187579900142737
WTM-NN,174,nn,95.56,0.20849039500171784,0.06257544799882453
WTM-NN,175,nn,95.44,0.21602971699030604,0.06448916700901464
WTM-NN,176,nn,95.43,0.20199904999753926,0.062268898996990174
WTM-NN,177,nn,95.47,0.26886503500281833,0.06538570199336391
WTM-NN,178,nn,95.5,0.21566344000166282,0.06509578099939972
WTM-NN,179,nn,95.5,0.21707871300168335,0.06431963200157043
WTM-NN,180,nn,95.62,0.2205341389926616,0.06529036999563687
WTM-NN,181,nn,95.5,0.1957190380053362,0.06453048600815237
WTM-NN,182,nn,95.5,0.26611048700578976,0.0649039419949986
WTM-NN,183,nn,95.61,0.21753887900558766,0.06496862399217207
WTM-NN,184,nn,95.58,0.2172170929989079,0.06271001699496992
WTM-NN,185,nn,95.56,0.21936449799977709,0.06486606299586128
WTM-NN,186,nn,95.58,0.2624123459972907,0.06365624599857256
WTM-NN,187,nn,95.67999999999999,0.2184231190040009,0.062354815992875956
WTM-NN,188,nn,95.58,0.21721270600392018,0.06328587500320282
WTM-NN,189,nn,95.66,0.20007463500951417,0.0644930709968321
WTM-NN,190,nn,95.67999999999999,0.25989894299709704,0.06499333800456952
WTM-NN,191,nn,95.67,0.2172190849960316,0.06430912300129421
WTM-NN,192,nn,95.63000000000001,0.21721590800734702,0.06441645500308368
WTM-NN,193,nn,95.69,0.1970402400038438,0.06480111100245267
WTM-NN,194,nn,95.54,0.24574511899845675,0.06393109500641003
WTM-NN,195,nn,95.71,0.19467719599197153,0.06411252499674447
WTM-NN,196,nn,95.56,0.19416522100800648,0.06392663301085122
WTM-NN,197,nn,95.67999999999999,0.19698073800827842,0.061712960989098065
WTM-NN,198,nn,95.71,0.1939026210020529,0.06352000500191934
WTM-NN,199,nn,95.69,0.24512009099998977,0.06482943599985447
WTM-NN,200,nn,95.67999999999999,0.20023732499976177,0.06462911200651433
WTM-NN,201,nn,95.74000000000001,0.19494037800177466,0.061652529999264516
WTM-NN,202,nn,95.72,0.19343621699954383,0.06497831801243592
WTM-NN,203,nn,95.77,0.24624539699289016,0.06577370999730192
WTM-NN,204,nn,95.71,0.19680376999895088,0.06451328699768055
WTM-NN,205,nn,95.83,0.19391973099845927,0.06532890099333599
WTM-NN,206,nn,95.73,0.19637825099925976,0.06652819200826343
WTM-NN,207,nn,95.82000000000001,0.24910993200319353,0.06539638599497266
WTM-NN,208,nn,95.81,0.19876156900136266,0.06526330100314226
WTM-NN,209,nn,95.76,0.19466141500743106,0.06422316298994701
WTM-NN,210,nn,95.86,0.1955142969964072,0.0657823100045789
WTM-NN,211,nn,95.73,0.19676107799750753,0.06424359099764843
WTM-NN,212,nn,95.81,0.2502531420032028,0.06505156600906048
WTM-NN,213,nn,95.88,0.2184955390112009,0.06440941798791755
WTM-NN,214,nn,95.84,0.21815985700231977,0.06466072500916198
WTM-NN,215,nn,95.82000000000001,0.20621424599085003,0.06528818998776842
WTM-NN,216,nn,95.81,0.26880764499946963,0.06457056700310204
WTM-NN,217,nn,95.91,0.21829636899929028,0.06419956100580748
WTM-NN,218,nn,95.87,0.2209401820000494,0.06525244101067074
WTM-NN,219,nn,95.78,0.21605828900646884,0.06273872099700384
WTM-NN,220,nn,95.93,0.24515846199938096,0.0638744789903285
WTM-NN,221,nn,95.89,0.19457120800507255,0.06545136099157389
WTM-NN,222,nn,95.89,0.20100993099913467,0.06198019799194299
WTM-NN,223,nn,95.94,0.20741654800076503,0.06246771699807141
WTM-NN,224,nn,95.95,0.2449696529947687,0.06548425900109578
WTM-NN,225,nn,95.84,0.1984797629993409,0.06420934399648104
WTM-NN,226,nn,95.92,0.19641006799065508,0.06505675199150573
WTM-NN,227,nn,95.85000000000001,0.21908474899828434,0.06526824198954273
WTM-NN,228,nn,95.94,0.2192827800026862,0.06504883199522737
WTM-NN,229,nn,95.91,0.26532539499748964,0.0623263519955799
WTM-NN,230,nn,95.92,0.19652462800149806,0.06524741899920627
WTM-NN,231,nn,95.94,0.19501563299854752,0.06475175599916838
WTM-NN,232,nn,95.92,0.19375906999630388,0.06614157999865711
WTM-NN,233,nn,95.94,0.2695741469942732,0.06478047999553382
WTM-NN,234,nn,95.93,0.1983619410020765,0.06517502300266642
WTM-NN,235,nn,95.95,0.21747190700261854,0.0646596370061161
WTM-NN,236,nn,96.02000000000001,0.19451381800172385,0.06551636899530422
WTM-NN,237,nn,95.86,0.2530628069944214,0.06508650101022795
WTM-NN,238,nn,95.91,0.2204734789993381,0.06530904899409506
WTM-NN,239,nn,95.94,0.1993494619964622,0.0638912690046709
WTM-NN,240,nn,95.99,0.20336814699112438,0.06361962300434243
WTM-NN,241,nn,96.00999999999999,0.2012503230071161,0.06387662100314628
WTM-NN,242,nn,95.92,0.2468295980070252,0.06493043299997225
WTM-NN,243,nn,95.97,0.19687039099517278,0.06387071299832314
WTM-NN,244,nn,95.97,0.20629534499312285,0.06579688900092151
WTM-NN,245,nn,95.96000000000001,0.19787277599971276,0.0648583360016346
WTM-NN,246,nn,96.00999999999999,0.263213377998909,0.06298242400225718
WTM-NN,247,nn,96.02000000000001,0.20297661400400102,0.06286598699807655
WTM-NN,248,nn,95.94,0.2186661349987844,0.06361953599844128
WTM-NN,249,nn,96.0,0.19575646700104699,0.0656820419972064
WTM-NN,250,nn,96.00999999999999,0.25047724500473123,0.06529796498944052
WTM-NN,251,nn,95.92,0.19846917400718667,0.062092521009617485
WTM-NN,252,nn,96.0,0.19920891600486357,0.06490708899218589
WTM-NN,253,nn,96.07,0.19457431801129133,0.06360889399365988
WTM-NN,254,nn,95.88,0.24811495600442868,0.06554220599355176
WTM-NN,255,nn,96.0,0.1951715760078514,0.06436456700612325
WTM-NN,256,nn,95.93,0.2234703830035869,0.062924440993811
WTM-NN,257,nn,95.94,0.21645794301002752,0.06364415300777182
WTM-NN,258,nn,95.94,0.21604535600636154,0.06456995100597851
WTM-NN,259,nn,96.00999999999999,0.25319527300598565,0.06421378999948502
WTM-NN,260,nn,96.04,0.2209195650066249,0.06538758099486586
WTM-NN,261,nn,95.89,0.2208882949926192,0.0645666680065915
WTM-NN,262,nn,95.93,0.21879753201210406,0.0629739619907923
WTM-NN,263,nn,96.03,0.2729983519966481,0.06492877099663019
WTM-NN,264,nn,95.93,0.21755049900093582,0.06435806700028479
WTM-NN,265,nn,96.03,0.20496066400664859,0.06453772399981972
WTM-NN,266,nn,95.99,0.21855037900968455,0.06450913700973615
WTM-NN,267,nn,95.93,0.27335427899379283,0.06427540400181897
WTM-NN,268,nn,95.97,0.21212285100773443,0.06408904399722815
WTM-NN,269,nn,95.98,0.20948520499223378,0.0640144710050663
WTM-NN,270,nn,95.93,0.2179036699963035,0.06399409899313468
WTM-NN,271,nn,96.02000000000001,0.26629621601023246,0.06168623700796161
WTM-NN,272,nn,96.03,0.2165247509983601,0.06139077899570111
WTM-NN,273,nn,95.99,0.20255725900642574,0.06430845799332019
WTM-NN,274,nn,96.02000000000001,0.2099593840102898,0.06157898700621445
WTM-NN,275,nn,95.99,0.22923096299928147,0.06099669000832364
WTM-NN,276,nn,95.95,0.24502781699993648,0.06345703899569344
WTM-NN,277,nn,95.99,0.21709552498941775,0.06448729200928938
WTM-NN,278,nn,95.99,0.19802206600434147,0.06482266999955755
WTM-NN,279,nn,96.0,0.20590878601069562,0.06457625199982431
WTM-NN,280,nn,95.99,0.2710901090031257,0.06373475400323514
WTM-NN,281,nn,96.0,0.22018781299993861,0.0644466260127956
WTM-NN,282,nn,95.98,0.21191856000223197,0.06408457599172834
WTM-NN,283,nn,96.00999999999999,0.2163919330050703,0.06259459699504077
WTM-NN,284,nn,96.00999999999999,0.2429849979962455,0.06383539100352209
WTM-NN,285,nn,96.0,0.21739792700100224,0.06092522598919459
WTM-NN,286,nn,96.0,0.197951659996761,0.06336115699377842
WTM-NN,287,nn,95.94,0.2189230500080157,0.06567125800938811
WTM-NN,288,nn,96.00999999999999,0.2182429590029642,0.06342346999736037
WTM-NN,289,nn,95.99,0.261589625995839,0.06079690100159496
WTM-NN,290,nn,95.95,0.21798937499988824,0.06293647500569932
WTM-NN,291,nn,95.93,0.21315591200254858,0.06466204200114589
WTM-NN,292,nn,96.05,0.19404444900283124,0.06485431100009009
WTM-NN,293,nn,96.0,0.2486902359960368,0.06383480799559038
WTM-NN,294,nn,95.99,0.19785888500337023,0.06527583999559283
WTM-NN,295,nn,96.07,0.20316862499748822,0.06342510099057108
WTM-NN,296,nn,95.95,0.1947025129920803,0.06420134300424252
WTM-NN,297,nn,95.95,0.26319837001210544,0.06462630700843874
WTM-NN,298,nn,95.97,0.21851193299517035,0.06336622200615238
WTM-NN,299,nn,95.99,0.1957345400005579,0.06476547999773175
WTM-NN,300,nn,95.91,0.20364452499779873,0.06395768800575752
WTM-NN,301,nn,95.97,0.2174342579965014,0.06323552600224502
WTM-NN,302,nn,96.00999999999999,0.2577742150024278,0.06351982599881012
WTM-NN,303,nn,95.95,0.19397616499918513,0.06305634099408053
WTM-NN,304,nn,95.89,0.2178433689987287,0.06285247100458946
WTM-NN,305,nn,95.95,0.2152306029893225,0.06439662899356335
WTM-NN,306,nn,96.00999999999999,0.27046225900994614,0.06373852799879387
WTM-NN,307,nn,95.99,0.19833339299657382,0.06448223200277425
WTM-NN,308,nn,95.97,0.21379614900797606,0.06679706199793145
WTM-NN,309,nn,95.94,0.1981066570006078,0.06463069299934432
WTM-NN,310,nn,96.08,0.26537277799798176,0.06331796900485642
WTM-NN,311,nn,95.94,0.19354100398777518,0.06494556000689045
WTM-NN,312,nn,95.96000000000001,0.19504601700464264,0.06269823299953714
WTM-NN,313,nn,95.96000000000001,0.19823623799311463,0.06473282199294772
WTM-NN,314,nn,96.00999999999999,0.2494131729908986,0.06438076999620534
WTM-NN,315,nn,95.89999999999999,0.19473383801232558,0.06045298000390176
WTM-NN,316,nn,95.99,0.19581647201266605,0.06442638199951034
WTM-NN,317,nn,96.03,0.20457654898928013,0.06410912399587687
WTM-NN,318,nn,95.96000000000001,0.19717947499884758,0.0648441230005119
WTM-NN,319,nn,95.93,0.2611203690030379,0.0645834390015807
WTM-NN,320,nn,95.95,0.21766806300729513,0.06608241899812128
WTM-NN,321,nn,95.97,0.214103674996295,0.06527091699535958
WTM-NN,322,nn,95.89,0.2220725549996132,0.06423647099290974
WTM-NN,323,nn,95.98,0.2571827170031611,0.06546160200377926
WTM-NN,324,nn,95.97,0.19901587899948936,0.0655154650012264
WTM-NN,325,nn,95.96000000000001,0.20095786500314716,0.06309875599981751
WTM-NN,326,nn,95.98,0.2166597629984608,0.06526872899848968
WTM-NN,327,nn,95.97,0.257980795999174,0.06436681700870395
WTM-NN,328,nn,96.0,0.21206820799852721,0.06621870399976615
WTM-NN,329,nn,95.94,0.20460470199759584,0.06521394199808128
WTM-NN,330,nn,95.98,0.19673749100184068,0.06486766299349256
WTM-NN,331,nn,96.00999999999999,0.19884097299654968,0.06473662299686112
WTM-NN,332,nn,95.94,0.25528512500750367,0.06391178799094632
WTM-NN,333,nn,96.00999999999999,0.21742367700790055,0.06529195100301877
WTM-NN,334,nn,95.94,0.21995025299838744,0.06505287499749102
WTM-NN,335,nn,95.97,0.2187848300090991,0.06637844399665482
WTM-NN,336,nn,96.02000000000001,0.267575455000042,0.06369673999142833
WTM-NN,337,nn,95.97,0.21823246199346613,0.06464489099744242
WTM-NN,338,nn,96.02000000000001,0.2180059449892724,0.06524834599986207
WTM-NN,339,nn,96.04,0.2069776480057044,0.06534018999082036
WTM-NN,340,nn,96.05,0.27006209699902683,0.0650261219998356
WTM-NN,341,nn,95.95,0.2205075129895704,0.06451211099920329
WTM-NN,342,nn,96.02000000000001,0.2181010219937889,0.06617047199688386
WTM-NN,343,nn,96.03,0.2205598389991792,0.0659379610005999
WTM-NN,344,nn,96.04,0.2703203990095062,0.06434353800432291
WTM-NN,345,nn,95.97,0.19597573699138593,0.06351566199737135
WTM-NN,346,nn,96.07,0.20444051201047841,0.06474699100363068
WTM-NN,347,nn,95.97,0.19718486101191957,0.0639628119970439
WTM-NN,348,nn,95.96000000000001,0.21682286700524855,0.06679999899643008
WTM-NN,349,nn,95.96000000000001,0.26574753399472684,0.06499518200871535
WTM-NN,350,nn,95.89,0.21543558599660173,0.06383943000400905
WTM-NN,351,nn,96.06,0.22266338601184543,0.06551051199494395
WTM-NN,352,nn,96.02000000000001,0.2149764130008407,0.06499980700027663
WTM-NN,353,nn,95.99,0.2638699910021387,0.0640607200039085
WTM-NN,354,nn,96.04,0.2188143149978714,0.06681735199526884
WTM-NN,355,nn,95.98,0.21695788600482047,0.06424743999377824
WTM-NN,356,nn,96.04,0.19904477799718734,0.06445982199511491
WTM-NN,357,nn,95.93,0.26766803200007416,0.06344312999863178
WTM-NN,358,nn,96.05,0.2105873169930419,0.06400075000419747
WTM-NN,359,nn,96.06,0.2195765580108855,0.06297528099094052
WTM-NN,360,nn,95.92,0.19856589898699895,0.06433936399116646
WTM-NN,361,nn,95.95,0.27078567900753114,0.06463105099101085
WTM-NN,362,nn,95.96000000000001,0.21683118399232626,0.06350358300551306
WTM-NN,363,nn,95.98,0.20836008198966738,0.0644419150048634
WTM-NN,364,nn,95.95,0.21941618199343793,0.06450799699814525
WTM-NN,365,nn,96.00999999999999,0.19638595898868516,0.0644886910013156
WTM-NN,366,nn,95.98,0.26696553600777406,0.0642351059941575
WTM-NN,367,nn,96.0,0.20332312399114016,0.06399704799696337
WTM-NN,368,nn,95.94,0.2133600130036939,0.06127477499831002
WTM-NN,369,nn,95.94,0.2121715710090939,0.06312220699328464
WTM-NN,370,nn,95.88,0.2705869669880485,0.06285263600875624
WTM-NN,371,nn,96.0,0.21773646399378777,0.06421519200375769
WTM-NN,372,nn,96.0,0.21397256800264586,0.06450653600040823
WTM-NN,373,nn,96.0,0.217838501004735,0.06258949800394475
WTM-NN,374,nn,96.04,0.25756805700075347,0.06520714999351185
WTM-NN,375,nn,95.94,0.19795101600175258,0.06338297500042245
WTM-NN,376,nn,95.99,0.2154090929980157,0.06367877501179464
WTM-NN,377,nn,96.00999999999999,0.20491876000596676,0.06557655699725728
WTM-NN,378,nn,96.00999999999999,0.21911408900632523,0.06291928800055757
WTM-NN,379,nn,95.92,0.2525442629994359,0.0642733050044626
WTM-NN,380,nn,96.00999999999999,0.1945323149993783,0.06311486900085583
WTM-NN,381,nn,95.99,0.20181825899635442,0.06473902899597306
WTM-NN,382,nn,95.95,0.1957169259985676,0.0640116680006031
WTM-NN,383,nn,96.00999999999999,0.2546495869901264,0.06556801799160894
WTM-NN,384,nn,95.96000000000001,0.20861943600175437,0.06586348300334066
WTM-NN,385,nn,96.02000000000001,0.21767578899743967,0.06425934200524352
WTM-NN,386,nn,96.03,0.2084085169917671,0.06466356699820608
WTM-NN,387,nn,96.00999999999999,0.24618766899220645,0.06315904599614441
WTM-NN,388,nn,95.99,0.1974075339967385,0.06364633899647743
WTM-NN,389,nn,95.94,0.19604418000380974,0.0634747209987836
WTM-NN,390,nn,95.93,0.21689211699413136,0.06388070200046059
WTM-NN,391,nn,95.96000000000001,0.26936742999532726,0.06415697101328988
WTM-NN,392,nn,95.93,0.2105666480056243,0.06264941299741622
WTM-NN,393,nn,96.0,0.19427277300565038,0.06303259400010575
WTM-NN,394,nn,95.97,0.19427538600575645,0.061371671996312216
WTM-NN,395,nn,95.93,0.1962413379951613,0.06414437798957806
WTM-NN,396,nn,96.0,0.2507181540131569,0.06400036600825842
WTM-NN,397,nn,95.95,0.19385083399538416,0.06421416500234045
WTM-NN,398,nn,95.89999999999999,0.19476993300486356,0.061764358993968926
WTM-NN,399,nn,95.89999999999999,0.19760831200983375,0.06544815399684012
WTM-NN,400,nn,95.91,0.26963416699436493,0.06609799701254815
WTM-NN,401,nn,95.93,0.22208906699961517,0.06383981299586594
WTM-NN,402,nn,95.98,0.2089873459917726,0.06490432200371288
WTM-NN,403,nn,95.91,0.1969437560037477,0.06671600800473243
WTM-NN,404,nn,95.95,0.2654844829958165,0.06636494799749926
WTM-NN,405,nn,95.97,0.2173191250039963,0.06288620900886599
WTM-NN,406,nn,96.04,0.21865059999981895,0.06450166500872001
WTM-NN,407,nn,96.05,0.22008601800189354,0.06509440000809263
WTM-NN,408,nn,96.03,0.205205410005874,0.06515160600247327
WTM-NN,409,nn,95.87,0.25603428299655207,0.06469539699901361
WTM-NN,410,nn,96.00999999999999,0.21778525799163617,0.0637643710069824
WTM-NN,411,nn,95.91,0.19486020199838094,0.06390719600312877
WTM-NN,412,nn,96.0,0.1944264259946067,0.06604154600063339
WTM-NN,413,nn,96.03,0.2650815350061748,0.06604148400947452
WTM-NN,414,nn,96.04,0.21933441000874154,0.0645818750053877
WTM-NN,415,nn,96.04,0.21897724499285687,0.06345833299565129
WTM-NN,416,nn,95.94,0.2130599060037639,0.06449138800962828
WTM-NN,417,nn,95.98,0.2627083489933284,0.06778744800249115
WTM-NN,418,nn,96.0,0.19616565298929345,0.06458643299993128
WTM-NN,419,nn,96.00999999999999,0.21792378500686027,0.06596045799960848
WTM-NN,420,nn,96.02000000000001,0.20415096799843013,0.06518973399943206
WTM-NN,421,nn,95.99,0.27487783100514207,0.06502923899097368
WTM-NN,422,nn,95.98,0.21737060499435756,0.06698999799846206
WTM-NN,423,nn,95.98,0.20516740500170272,0.06373626600543503
WTM-NN,424,nn,95.98,0.19703197899798397,0.06412101599562448
WTM-NN,425,nn,95.95,0.2224976260040421,0.06499609700404108
WTM-NN,426,nn,95.88,0.27100182900903746,0.06606445999932475
WTM-NN,427,nn,95.96000000000001,0.22254543499730062,0.06521617500402499
WTM-NN,428,nn,95.92,0.22140704300545622,0.0662119740009075
WTM-NN,429,nn,96.05,0.22031946000060998,0.061440882986062206
WTM-NN,430,nn,95.94,0.26821853399451356,0.06265031200018711
WTM-NN,431,nn,95.99,0.2206205569964368,0.06394538099993952
WTM-NN,432,nn,96.00999999999999,0.20378192400676198,0.06438109900045674
WTM-NN,433,nn,95.92,0.19792578800115734,0.0647695899970131
WTM-NN,434,nn,95.97,0.2701001799869118,0.06555968400789425
WTM-NN,435,nn,95.97,0.20799800001259428,0.06462705999729224
WTM-NN,436,nn,95.93,0.19631548300094437,0.06196444600936957
WTM-NN,437,nn,95.94,0.20677389299089555,0.06418141299218405
WTM-NN,438,nn,96.02000000000001,0.25639300199691206,0.06272811199596617
WTM-NN,439,nn,95.94,0.19905052999092732,0.06303426600061357
WTM-NN,440,nn,96.0,0.1941099139949074,0.06410359899746254
WTM-NN,441,nn,96.0,0.1938346639944939,0.06449459299619775
WTM-NN,442,nn,95.93,0.19522702600806952,0.0647176550119184
WTM-NN,443,nn,96.02000000000001,0.24600782699417323,0.0647619100054726
WTM-NN,444,nn,95.91,0.21176605600339826,0.06437268000445329
WTM-NN,445,nn,95.98,0.21803074498893693,0.06582719700236339
WTM-NN,446,nn,95.95,0.21802655300416518,0.0634168899996439
WTM-NN,447,nn,96.09,0.260626356001012,0.0648420579964295
WTM-NN,448,nn,96.0,0.22079782700166106,0.06460642001184169
WTM-NN,449,nn,95.92,0.21676934001152404,0.06515083598787896
WTM-NN,450,nn,96.08,0.21862496699031908,0.06674648199987132
WTM-NN,451,nn,96.0,0.2521241890062811,0.06554233899805695
WTM-NN,452,nn,95.91,0.19418760201369878,0.0648525019933004
WTM-NN,453,nn,95.93,0.19803117199626286,0.06566962599754333
WTM-NN,454,nn,95.96000000000001,0.20879166199301835,0.06513471499783918
WTM-NN,455,nn,96.0,0.24681307398714125,0.06397820400889032
WTM-NN,456,nn,96.04,0.19600082600663882,0.06326444100704975
WTM-NN,457,nn,96.0,0.1938645250047557,0.0644463100034045
WTM-NN,458,nn,95.99,0.19507438600703608,0.06498644100793172
WTM-NN,459,nn,95.94,0.19511906699335668,0.06499346799682826
WTM-NN,460,nn,95.95,0.24497793699265458,0.06536279399006162
WTM-NN,461,nn,96.06,0.19537512899842113,0.06641481899714563
WTM-NN,462,nn,95.95,0.20421465099207126,0.06525228799728211
WTM-NN,463,nn,96.04,0.20670361099473666,0.06534371699672192
WTM-NN,464,nn,95.97,0.2679727929935325,0.06512419501086697
WTM-NN,465,nn,95.97,0.21698898500471842,0.06484763699700125
WTM-NN,466,nn,95.94,0.21390688000246882,0.06571638700552285
WTM-NN,467,nn,96.0,0.21708511999167968,0.0629121010133531
WTM-NN,468,nn,95.97,0.26859227000386454,0.06552342200302519
WTM-NN,469,nn,95.96000000000001,0.20371969700499903,0.06565404799766839
WTM-NN,470,nn,95.99,0.21968470700085163,0.06169549700280186
WTM-NN,471,nn,95.93,0.21828789300343487,0.06410303099255543
WTM-NN,472,nn,96.05,0.19633215099747758,0.06450276699615642
WTM-NN,473,nn,95.94,0.2693515919963829,0.06446638899797108
WTM-NN,474,nn,96.05,0.2187841419945471,0.06469998699321877
WTM-NN,475,nn,95.97,0.2010184249957092,0.06220134599425364
WTM-NN,476,nn,95.98,0.20304331299848855,0.06178161299612839
WTM-NN,477,nn,95.97,0.2470050900010392,0.06462088999978732
WTM-NN,478,nn,95.98,0.19380261699552648,0.06393906600715127
WTM-NN,479,nn,95.98,0.20354701300675515,0.06742352900619153
WTM-NN,480,nn,96.00999999999999,0.1947412580047967,0.0622956970037194
WTM-NN,481,nn,95.93,0.26843539999390487,0.06479652400594205
WTM-NN,482,nn,96.0,0.21648768198792823,0.06409187799727079
WTM-NN,483,nn,95.96000000000001,0.2080534630076727,0.06352395899011753
WTM-NN,484,nn,95.89,0.21631559600064065,0.06370268599130213
WTM-NN,485,nn,95.95,0.26878994100843556,0.06385909000528045
WTM-NN,486,nn,96.03,0.21719616500195116,0.06411740600015037
WTM-NN,487,nn,95.98,0.2186072150070686,0.06641746900277212
WTM-NN,488,nn,95.91,0.22035458599566482,0.06344077500398271
WTM-NN,489,nn,95.89999999999999,0.2044737050018739,0.06140346601023339
WTM-NN,490,nn,95.88,0.25930463400436565,0.06459372698736843
WTM-NN,491,nn,95.96000000000001,0.2155451160069788,0.06349750500521623
WTM-NN,492,nn,95.98,0.2201570269971853,0.06325278199801687
WTM-NN,493,nn,96.04,0.218867137999041,0.06320717399648856
WTM-NN,494,nn,95.98,0.2675470550020691,0.06538287599687465
WTM-NN,495,nn,95.98,0.21887865600001533,0.06351859199639875
WTM-NN,496,nn,95.97,0.21822492500359658,0.06408770399866626
WTM-NN,497,nn,96.04,0.20293245499487966,0.06374662798771169
WTM-NN,498,nn,96.02000000000001,0.24539208599890117,0.06518360700283665
WTM-NN,499,nn,96.02000000000001,0.1934716039977502,0.06317567100632004
WTM-NN,500,nn,95.93,0.19467594000161625,0.06399848299042787
UTM-NN,1,tm,90.44,0.5489673599950038,0.06624435499543324
UTM-NN,2,tm,90.42,0.49012885500269476,0.06692937201296445
UTM-NN,3,tm,90.77,0.4765184040006716,0.06774989300174639
UTM-NN,4,tm,90.75,0.4745834269997431,0.0690268360049231
UTM-NN,5,tm,90.62,0.46903243999986444,0.06879596100770868
UTM-NN,6,tm,90.57,0.47842271300032735,0.06772248800552916
UTM-NN,7,tm,91.10000000000001,0.4688959039922338,0.06884548900416121
UTM-NN,8,tm,90.85,0.4775173890084261,0.07344694501080085
UTM-NN,9,tm,91.06,0.46908003400312737,0.06899806400178932
UTM-NN,10,tm,91.13,0.4680565330054378,0.06902435500524007
UTM-NN,11,tm,91.14,0.4654166800028179,0.06549980500130914
UTM-NN,12,tm,91.16,0.4585172139923088,0.06751288600207772
UTM-NN,13,tm,91.06,0.4625043249980081,0.06763237999984995
UTM-NN,14,tm,91.03999999999999,0.46438561800459865,0.06790792400715873
UTM-NN,15,tm,91.28,0.4617331949993968,0.07021660699683707
UTM-NN,16,tm,90.95,0.45959669300646055,0.0701602759945672
UTM-NN,17,tm,90.85,0.4635959220031509,0.07078251701022964
UTM-NN,18,tm,90.97,0.46025304999784566,0.0685254679992795
UTM-NN,19,tm,91.35,0.4488040689902846,0.06983981899975333
UTM-NN,20,tm,91.2,0.46539996200590394,0.06791684099880513
UTM-NN,21,tm,91.22,0.4604238780011656,0.06798827199963853
UTM-NN,22,tm,91.01,0.46166685699427035,0.06724368099821731
UTM-NN,23,tm,90.75999999999999,0.4651554860029137,0.06899251099093817
UTM-NN,24,tm,90.82000000000001,0.45650597699568607,0.06777925600181334
UTM-NN,25,tm,91.07,0.45362556500185747,0.0702621440141229
UTM-NN,26,tm,91.10000000000001,0.45544165799219627,0.06971267799963243
UTM-NN,27,tm,91.06,0.4506916399986949,0.06933827999455389
UTM-NN,28,tm,91.03999999999999,0.46888213900092524,0.07001386799674947
UTM-NN,29,tm,91.02,0.4383932820055634,0.06878444500034675
UTM-NN,30,tm,91.25,0.45482585098943673,0.06792055399273522
UTM-NN,31,tm,91.21000000000001,0.44992398799513467,0.06860169200808741
UTM-NN,32,tm,91.19,0.46264547800819855,0.06545062900113408
UTM-NN,33,tm,91.08000000000001,0.44829466799274087,0.06727621599566191
UTM-NN,34,tm,91.21000000000001,0.4511963469994953,0.06946042599156499
UTM-NN,35,tm,91.06,0.45498463801050093,0.06770222200429998
UTM-NN,36,tm,90.98,0.4510625569964759,0.06960499100387096
UTM-NN,37,tm,91.03,0.46112519899907056,0.06946381600573659
UTM-NN,38,tm,91.19,0.45880435399885755,0.06881139599136077
UTM-NN,39,tm,91.05,0.45043879000877496,0.07078952599840704
UTM-NN,40,tm,91.12,0.4602346110041253,0.06830658999388106
UTM-NN,41,tm,91.16,0.45877618799568154,0.06949517500470392
UTM-NN,42,tm,90.98,0.46198538099997677,0.0680082239996409
UTM-NN,43,tm,90.99000000000001,0.45604529400588945,0.06743806198937818
UTM-NN,44,tm,90.74,0.4571071850077715,0.06977072499284986
UTM-NN,45,tm,90.98,0.45489601000736,0.06836887799727265
UTM-NN,46,tm,91.0,0.4582961500127567,0.0699482329946477
UTM-NN,47,tm,91.0,0.4514796919975197,0.06721516700054053
UTM-NN,48,tm,91.06,0.46443110100517515,0.06742508598836139
UTM-NN,49,tm,91.07,0.43660565100435633,0.06895995300146751
UTM-NN,50,tm,90.86999999999999,0.45178308300091885,0.06896138700540178
UTM-NN,51,tm,90.96,0.47028783000132535,0.0705996030010283
UTM-NN,52,tm,91.02,0.4543723250098992,0.06972870900062844
UTM-NN,53,tm,90.96,0.457731974995113,0.0723716259963112
UTM-NN,54,tm,91.2,0.4644343010004377,0.0688862110109767
UTM-NN,55,tm,90.91,0.4474090720032109,0.06783842699951492
UTM-NN,56,tm,91.05,0.45438963499327656,0.07035291800275445
UTM-NN,57,tm,91.19,0.45210466199205257,0.06891246099257842
UTM-NN,58,tm,90.95,0.4523138479999034,0.06755410799814854
UTM-NN,59,tm,90.91,0.4497648390097311,0.07042362600623164
UTM-NN,60,tm,91.07,0.44789937099267263,0.07020527200074866
UTM-NN,61,tm,91.11,0.45816287500201724,0.0686506729980465
UTM-NN,62,tm,91.25,0.4491442529979395,0.06910234301176388
UTM-NN,63,tm,91.13,0.45442906398966443,0.06966387199645396
UTM-NN,64,tm,91.33,0.4591211469960399,0.06927799999539275
UTM-NN,65,tm,91.09,0.4537858029943891,0.0694931309990352
UTM-NN,66,tm,90.93,0.44983267699717544,0.06950555699586403
UTM-NN,67,tm,91.03999999999999,0.4483016279991716,0.06832145400403533
UTM-NN,68,tm,91.14,0.45301805999770295,0.06870470599096734
UTM-NN,69,tm,91.16,0.4573715050064493,0.06991444699815474
UTM-NN,70,tm,91.25999999999999,0.4487801689974731,0.07037976800347678
UTM-NN,71,tm,91.23,0.4590689280012157,0.06868601900350768
UTM-NN,72,tm,91.10000000000001,0.4483923590014456,0.0680496819986729
UTM-NN,73,tm,91.18,0.45627651699760463,0.06959634400845971
UTM-NN,74,tm,91.18,0.45052362300339155,0.07030012499308214
UTM-NN,75,tm,91.33,0.4599178549979115,0.07024005299899727
UTM-NN,76,tm,91.01,0.4572781919996487,0.07116209399828222
UTM-NN,77,tm,91.2,0.4517418169998564,0.07078215399815235
UTM-NN,78,tm,91.3,0.45990951400017366,0.06866432300012093
UTM-NN,79,tm,91.23,0.4570913939969614,0.06987616000697017
UTM-NN,80,tm,91.25999999999999,0.4489021150075132,0.06892985999002121
UTM-NN,81,tm,91.08000000000001,0.45312339199881535,0.06562549599038903
UTM-NN,82,tm,91.12,0.45436738900025375,0.06922239100094885
UTM-NN,83,tm,91.11,0.44508680899161845,0.0680793190113036
UTM-NN,84,tm,91.03999999999999,0.457343846996082,0.06956205899768975
UTM-NN,85,tm,91.08000000000001,0.4484068710007705,0.06888940099452157
UTM-NN,86,tm,91.2,0.456842042010976,0.06931766400521155
UTM-NN,87,tm,91.14,0.45887528800813016,0.0697762739873724
UTM-NN,88,tm,91.11,0.46311770999454893,0.06840594401000999
UTM-NN,89,tm,90.95,0.45109183399472386,0.07001410999509972
UTM-NN,90,tm,91.12,0.43673660801141523,0.0691106989979744
UTM-NN,91,tm,90.91,0.4563630640041083,0.06941427700803615
UTM-NN,92,tm,91.3,0.45539612899301574,0.06926651499816217
UTM-NN,93,tm,91.07,0.4585099529940635,0.06666391000908334
UTM-NN,94,tm,91.22,0.45487607999530155,0.06980252500216011
UTM-NN,95,tm,91.24,0.4602329460030887,0.0674695429916028
UTM-NN,96,tm,91.14,0.4515689029940404,0.06748790899291635
UTM-NN,97,tm,91.19,0.44991037900035735,0.06941756700689439
UTM-NN,98,tm,91.41,0.45674694199988153,0.07086670800345019
UTM-NN,99,tm,91.33,0.4689840159990126,0.06977249500050675
UTM-NN,100,tm,91.46,0.4521554380044108,0.07065953499113675
UTM-NN,101,tm,91.31,0.4562505389912985,0.07052668000687845
UTM-NN,102,tm,91.25999999999999,0.4660249310109066,0.07079618200077675
UTM-NN,103,tm,91.42,0.45998493098886684,0.07076816300104838
UTM-NN,104,tm,91.14,0.46193536699865945,0.07123938700533472
UTM-NN,105,tm,91.08000000000001,0.451562500995351,0.06814062400371768
UTM-NN,106,tm,91.24,0.46424646901141386,0.07232970799668692
UTM-NN,107,tm,90.93,0.45718179900723044,0.0696462780033471
UTM-NN,108,tm,91.03999999999999,0.4523012319987174,0.06677532200410496
UTM-NN,109,tm,91.10000000000001,0.4603802729980089,0.07095895799284335
UTM-NN,110,tm,90.93,0.4639543740049703,0.07073386599950027
UTM-NN,111,tm,90.86999999999999,0.45710689200495835,0.07048327699885704
UTM-NN,112,tm,90.93,0.44123769499128684,0.0688508540042676
UTM-NN,113,tm,90.92,0.45455804400262423,0.06730069899640512
UTM-NN,114,tm,90.75,0.42437614999653306,0.07124533399473876
UTM-NN,115,tm,90.84,0.47463911000522785,0.06748453598993365
UTM-NN,116,tm,90.94,0.4432982180005638,0.07074729099986143
UTM-NN,117,tm,90.93,0.45750060099817347,0.07070305799425114
UTM-NN,118,tm,90.8,0.45734660999733023,0.07024245499633253
UTM-NN,119,tm,90.97,0.46609347200137563,0.06790491699939594
UTM-NN,120,tm,90.91,0.46095243000308983,0.0690282860014122
UTM-NN,121,tm,90.97,0.4639503189973766,0.06929812899034005
UTM-NN,122,tm,91.03999999999999,0.46574858399981167,0.06934851099504158
UTM-NN,123,tm,90.94,0.46693025800050236,0.06930002100125421
UTM-NN,124,tm,91.2,0.457344121998176,0.07081800801097415
UTM-NN,125,tm,91.11,0.46426910201262217,0.06830867700045928
UTM-NN,126,tm,91.10000000000001,0.4658897560002515,0.06851853099942673
UTM-NN,127,tm,91.06,0.4489897750027012,0.07022386800963432
UTM-NN,128,tm,91.06,0.4535723150038393,0.0687106550030876
UTM-NN,129,tm,91.10000000000001,0.45394070699694566,0.07000041300489102
UTM-NN,130,tm,91.02,0.45269230401027016,0.07028681399242487
UTM-NN,131,tm,91.03999999999999,0.46144983399426565,0.06941196200205013
UTM-NN,132,tm,91.05,0.4496140499977628,0.06958210900484119
UTM-NN,133,tm,91.13,0.45235630399838556,0.0700044010009151
UTM-NN,134,tm,91.18,0.4641738729987992,0.06626053700165357
UTM-NN,135,tm,91.0,0.4675458860001527,0.06769862899091095
UTM-NN,136,tm,91.07,0.4426878049998777,0.06893849901098292
UTM-NN,137,tm,91.11,0.4568440660077613,0.0688386609981535
UTM-NN,138,tm,91.08000000000001,0.4668603359896224,0.06881577000604011
UTM-NN,139,tm,90.93,0.4647711330035236,0.06738571899768431
UTM-NN,140,tm,90.93,0.4533808440028224,0.07185349900100846
UTM-NN,141,tm,90.96,0.4578953599993838,0.06902493399684317
UTM-NN,142,tm,91.0,0.458625122992089,0.069880260998616
UTM-NN,143,tm,90.93,0.45352378400275484,0.06991532500251196
UTM-NN,144,tm,91.01,0.46638386700942647,0.06719148500997107
UTM-NN,145,tm,91.11,0.46106161500210874,0.06967838099808432
UTM-NN,146,tm,91.22,0.46149925600911956,0.06951119100267533
UTM-NN,147,tm,91.02,0.4677589549974073,0.07311371999094263
UTM-NN,148,tm,91.05,0.46167862199945375,0.06758248900587205
UTM-NN,149,tm,91.02,0.4437587559950771,0.06750842899782583
UTM-NN,150,tm,91.06,0.46302316499350127,0.06779526300670113
UTM-NN,151,nn,91.93,0.19603978699888103,0.07039317199087236
UTM-NN,152,nn,92.14,0.1935515730001498,0.07180429800064303
UTM-NN,153,nn,92.34,0.254296865008655,0.06932595399848651
UTM-NN,154,nn,92.41,0.1977584400010528,0.06825699500041083
UTM-NN,155,nn,92.51,0.1949560999928508,0.06845380700542592
UTM-NN,156,nn,92.56,0.19630002100893762,0.06963830000313465
UTM-NN,157,nn,92.58,0.24678949901135638,0.06937091999861877
UTM-NN,158,nn,92.56,0.19396830999176018,0.06992545799585059
UTM-NN,159,nn,92.60000000000001,0.19547258999955375,0.06949957099277526
UTM-NN,160,nn,92.57,0.19735505200515036,0.0709643519949168
UTM-NN,161,nn,92.62,0.2764859940070892,0.0691569780028658
UTM-NN,162,nn,92.66,0.19476271900930442,0.0681398999877274
UTM-NN,163,nn,92.65,0.1975456420041155,0.07037337000656407
UTM-NN,164,nn,92.67,0.19471951900050044,0.06771683300030418
UTM-NN,165,nn,92.62,0.24525340399122797,0.06772215499950107
UTM-NN,166,nn,92.65,0.196178117999807,0.0676268160023028
UTM-NN,167,nn,92.71000000000001,0.21177157800411806,0.07427179500518832
UTM-NN,168,nn,92.69,0.19538809200457763,0.06823969799734186
UTM-NN,169,nn,92.67,0.19840567800565623,0.06880965299205855
UTM-NN,170,nn,92.69,0.2577582290105056,0.06754638599522877
UTM-NN,171,nn,92.7,0.2177137609978672,0.0716899109975202
UTM-NN,172,nn,92.7,0.20339870599855203,0.06858823900984135
UTM-NN,173,nn,92.65,0.2139968170085922,0.06815758199081756
UTM-NN,174,nn,92.74,0.26225950301159173,0.06913329300004989
UTM-NN,175,nn,92.69,0.19938208800158463,0.06755023600999266
UTM-NN,176,nn,92.77,0.20348313999420498,0.06934935500612482
UTM-NN,177,nn,92.72,0.20420234400080517,0.06883098000253085
UTM-NN,178,nn,92.69,0.2701232440012973,0.06969251899863593
UTM-NN,179,nn,92.64,0.2158406930102501,0.06994825298897922
UTM-NN,180,nn,92.67999999999999,0.217450069001643,0.07086914300452918
UTM-NN,181,nn,92.71000000000001,0.2191829660005169,0.070678328993381
UTM-NN,182,nn,92.74,0.198744446010096,0.06849881401285529
UTM-NN,183,nn,92.7,0.2453817350033205,0.06707267099409364
UTM-NN,184,nn,92.7,0.19723150500794873,0.06961790299101267
UTM-NN,185,nn,92.72,0.19549938300042413,0.06869370100321248
UTM-NN,186,nn,92.64,0.1933986799995182,0.07098237599711865
UTM-NN,187,nn,92.73,0.24598479000269435,0.06912839200231247
UTM-NN,188,nn,92.69,0.19542439299402758,0.06951799300441053
UTM-NN,189,nn,92.67999999999999,0.19866131099115591,0.07060884799284395
UTM-NN,190,nn,92.67999999999999,0.19397757199476473,0.07029693899676204
UTM-NN,191,nn,92.71000000000001,0.2468243210023502,0.06912765299784951
UTM-NN,192,nn,92.69,0.19404772199050058,0.06936597199819516
UTM-NN,193,nn,92.67999999999999,0.19635269799618982,0.06969896401278675
UTM-NN,194,nn,92.72,0.19365377799840644,0.0669682800071314
UTM-NN,195,nn,92.71000000000001,0.2485109730041586,0.07005936700443272
UTM-NN,196,nn,92.74,0.19464133601286449,0.06883905400172807
UTM-NN,197,nn,92.72,0.19276833899493795,0.0710049300105311
UTM-NN,198,nn,92.73,0.22377960800076835,0.068802884008619
UTM-NN,199,nn,92.73,0.21559842501301318,0.06953245199110825
UTM-NN,200,nn,92.67,0.2581373090069974,0.06916999600070994
UTM-NN,201,nn,92.66,0.2200071730039781,0.07052294100867584
UTM-NN,202,nn,92.67999999999999,0.20082612900296226,0.0684897750033997
UTM-NN,203,nn,92.67999999999999,0.21492133699939586,0.07040594199497718
UTM-NN,204,nn,92.71000000000001,0.2664240079902811,0.06886812599259429
UTM-NN,205,nn,92.7,0.21504676699987613,0.06918598400079645
UTM-NN,206,nn,92.69,0.21718741299991962,0.07044509399565868
UTM-NN,207,nn,92.73,0.2071141859923955,0.07069044098898303
UTM-NN,208,nn,92.71000000000001,0.2668099650036311,0.07061157700081822
UTM-NN,209,nn,92.62,0.19630367400532123,0.07102673000190407
UTM-NN,210,nn,92.69,0.2028537279984448,0.07044069800758734
UTM-NN,211,nn,92.71000000000001,0.19946660099958535,0.07221480799489655
UTM-NN,212,nn,92.75,0.2160595550085418,0.07230516300478484
UTM-NN,213,nn,92.63,0.26976165200176183,0.0690124789980473
UTM-NN,214,nn,92.72,0.21710421600437257,0.06992318600532599
UTM-NN,215,nn,92.73,0.21753739099949598,0.06650081700354349
UTM-NN,216,nn,92.7,0.19719226499728393,0.07013013499090448
UTM-NN,217,nn,92.7,0.26830089899885934,0.07129888200142886
UTM-NN,218,nn,92.74,0.19718475099944044,0.06701868399977684
UTM-NN,219,nn,92.67,0.19545502999972086,0.07037062900781166
UTM-NN,220,nn,92.74,0.1952561079961015,0.06960733101004735
UTM-NN,221,nn,92.69,0.24504899299063254,0.07142552200821228
UTM-NN,222,nn,92.67,0.19494198499887716,0.0690262189891655
UTM-NN,223,nn,92.62,0.19595321601082105,0.06898736000584904
UTM-NN,224,nn,92.7,0.19767934799892828,0.07055730000138283
UTM-NN,225,nn,92.72,0.2484953599923756,0.06882424399373122
UTM-NN,226,nn,92.73,0.19586989399977028,0.06925296700501349
UTM-NN,227,nn,92.67999999999999,0.19919769700209145,0.07065043000329752
UTM-NN,228,nn,92.67,0.21886928599269595,0.07142072600254323
UTM-NN,229,nn,92.72,0.19561640899337362,0.06990099299582653
UTM-NN,230,nn,92.72,0.24907164501200896,0.07033437099016737
UTM-NN,231,nn,92.7,0.19276278599863872,0.07005280099110678
UTM-NN,232,nn,92.67999999999999,0.19513751700287685,0.07006811699829996
UTM-NN,233,nn,92.74,0.19518428201263305,0.07085729799291585
UTM-NN,234,nn,92.66,0.2478078620042652,0.07049860300321598
UTM-NN,235,nn,92.69,0.1949675229989225,0.07014306899509393
UTM-NN,236,nn,92.71000000000001,0.21750428999075666,0.06952618900686502
UTM-NN,237,nn,92.74,0.22223290099645965,0.06953191400680225
UTM-NN,238,nn,92.73,0.2597227040096186,0.06935621501179412
UTM-NN,239,nn,92.75,0.203943710992462,0.07008348101226147
UTM-NN,240,nn,92.73,0.1973490919917822,0.07033027200668585
UTM-NN,241,nn,92.65,0.19542483700206503,0.072044262997224
UTM-NN,242,nn,92.73,0.19392343200161122,0.0696675770013826
UTM-NN,243,nn,92.71000000000001,0.2692112479999196,0.0710143460019026
UTM-NN,244,nn,92.71000000000001,0.2061507199978223,0.07125087799795438
UTM-NN,245,nn,92.73,0.22209592298895586,0.07123570799012668
UTM-NN,246,nn,92.69,0.2205968810012564,0.06934786000056192
UTM-NN,247,nn,92.69,0.2523785209923517,0.07100063899997622
UTM-NN,248,nn,92.67999999999999,0.21989109899732284,0.0688225850026356
UTM-NN,249,nn,92.67999999999999,0.2178047290071845,0.06854786000621971
UTM-NN,250,nn,92.67999999999999,0.22542398498626426,0.07079749199328944
UTM-NN,251,nn,92.71000000000001,0.261886111999047,0.0699612650059862
UTM-NN,252,nn,92.65,0.2191739289992256,0.07182701100828126
UTM-NN,253,nn,92.69,0.2186518230009824,0.06998330399801489
UTM-NN,254,nn,92.75,0.20020668899815064,0.07004772601067089
UTM-NN,255,nn,92.71000000000001,0.24538874099380337,0.07085969400941394
UTM-NN,256,nn,92.67999999999999,0.19480685000598896,0.06927156000165269
UTM-NN,257,nn,92.73,0.193538779989467,0.07011544601118658
UTM-NN,258,nn,92.77,0.19768285400641616,0.07104900099511724
UTM-NN,259,nn,92.67,0.19941859800019301,0.07092282599478494
UTM-NN,260,nn,92.75999999999999,0.25158452198957093,0.07010322500718758
UTM-NN,261,nn,92.71000000000001,0.2042341780033894,0.06876612600171939
UTM-NN,262,nn,92.72,0.2196545460028574,0.0723421909933677
UTM-NN,263,nn,92.73,0.21862587600480765,0.06881211200379767
UTM-NN,264,nn,92.73,0.26595448699663393,0.0686801789997844
UTM-NN,265,nn,92.71000000000001,0.19744309000088833,0.07056912500411272
UTM-NN,266,nn,92.74,0.19619474599312525,0.06885337200947106
UTM-NN,267,nn,92.71000000000001,0.21620776200143155,0.0679864170087967
UTM-NN,268,nn,92.71000000000001,0.2672763200098416,0.07161352499679197
UTM-NN,269,nn,92.77,0.2157021400053054,0.06885435000003781
UTM-NN,270,nn,92.67,0.21718593199329916,0.06929175699769985
UTM-NN,271,nn,92.72,0.1941770810080925,0.06799033799325116
UTM-NN,272,nn,92.67,0.2459994560049381,0.07102977900649421
UTM-NN,273,nn,92.7,0.19420704500225838,0.06931010299012996
UTM-NN,274,nn,92.63,0.1942037199914921,0.06878082199546043
UTM-NN,275,nn,92.67999999999999,0.2001631889870623,0.07001292899076361
UTM-NN,276,nn,92.75,0.19731134000176098,0.06958397800917737
UTM-NN,277,nn,92.71000000000001,0.24561873800121248,0.06851665499561932
UTM-NN,278,nn,92.69,0.19388548198912758,0.06783332799386699
UTM-NN,279,nn,92.67999999999999,0.19752612900629174,0.06977099399955478
UTM-NN,280,nn,92.73,0.19763262500055134,0.0694493280025199
UTM-NN,281,nn,92.7,0.24474394498975016,0.06923249601095449
UTM-NN,282,nn,92.69,0.19475284000509419,0.07139773000380956
UTM-NN,283,nn,92.72,0.19942510400142055,0.06909544501104392
UTM-NN,284,nn,92.73,0.19428660700214095,0.06902695300232153
UTM-NN,285,nn,92.72,0.2444744110107422,0.0708449079975253
UTM-NN,286,nn,92.73,0.1973824489978142,0.07014195898955222
UTM-NN,287,nn,92.78,0.19462244000169449,0.07047445001080632
UTM-NN,288,nn,92.71000000000001,0.19462453000596724,0.0694877140049357
UTM-NN,289,nn,92.67,0.19450542599952314,0.06994993999251164
UTM-NN,290,nn,92.7,0.2574497479945421,0.0699655909993453
UTM-NN,291,nn,92.75,0.21632805099943653,0.06841766899742652
UTM-NN,292,nn,92.72,0.21888088900595903,0.06968003099609632
UTM-NN,293,nn,92.7,0.20681256799434777,0.06960432400228456
UTM-NN,294,nn,92.77,0.267928657005541,0.06859306099067908
UTM-NN,295,nn,92.77,0.2170698169938987,0.06903343200974632
UTM-NN,296,nn,92.74,0.1940316740074195,0.07109588901221287
UTM-NN,297,nn,92.7,0.21223473800637294,0.07133208299637772
UTM-NN,298,nn,92.67,0.2451202339871088,0.06950199700077064
UTM-NN,299,nn,92.66,0.193864899003529,0.06689774699043483
UTM-NN,300,nn,92.78,0.19662164500914514,0.07083574100397527
UTM-NN,301,nn,92.72,0.19368325600225944,0.07114005999756046
UTM-NN,302,nn,92.73,0.195824865004397,0.06940195499919355
UTM-NN,303,nn,92.69,0.2601350049953908,0.06962318500154652
UTM-NN,304,nn,92.67,0.19225639100477565,0.07075793499825522
UTM-NN,305,nn,92.75999999999999,0.2202564559993334,0.0707563059986569
UTM-NN,306,nn,92.67999999999999,0.2205282270006137,0.06960315300966613
UTM-NN,307,nn,92.71000000000001,0.2675037959998008,0.0692617010063259
UTM-NN,308,nn,92.77,0.21873855400190223,0.06990877499629278
UTM-NN,309,nn,92.75,0.2093907609960297,0.07065272099862341
UTM-NN,310,nn,92.67,0.1945186400116654,0.06974212000204716
UTM-NN,311,nn,92.75999999999999,0.2732947869953932,0.0691703759948723
UTM-NN,312,nn,92.72,0.19413318199804053,0.06706194399157539
UTM-NN,313,nn,92.73,0.21781232999637723,0.07115247099136468
UTM-NN,314,nn,92.72,0.20416004599246662,0.07071326099685393
UTM-NN,315,nn,92.74,0.2747450229944661,0.07106494400068186
UTM-NN,316,nn,92.72,0.21532467599899974,0.06848026700026821
UTM-NN,317,nn,92.7,0.20855585500248708,0.06860035799036268
UTM-NN,318,nn,92.64,0.21996568101167213,0.06868502500583418
UTM-NN,319,nn,92.75999999999999,0.21289918500406202,0.07086155901197344
UTM-NN,320,nn,92.57,0.2791185329988366,0.0686910080112284
UTM-NN,321,nn,92.67,0.21243554400280118,0.07028585499210749
UTM-NN,322,nn,92.67,0.21936742099933326,0.0701591399993049
UTM-NN,323,nn,92.77,0.21684307800023817,0.06824000700726174
UTM-NN,324,nn,92.75999999999999,0.25997925900446717,0.07074489000660833
UTM-NN,325,nn,92.73,0.21898579598928336,0.0718871749995742
UTM-NN,326,nn,92.72,0.19637353999132756,0.07022354600485414
UTM-NN,327,nn,92.75999999999999,0.19417488599719945,0.06902720899961423
UTM-NN,328,nn,92.73,0.25270308399922214,0.0713987700000871
UTM-NN,329,nn,92.73,0.1959011579892831,0.07139886099321302
UTM-NN,330,nn,92.72,0.194888854995952,0.06984587300394196
UTM-NN,331,nn,92.71000000000001,0.1982428759947652,0.06983115000184625
UTM-NN,332,nn,92.7,0.19707813300192356,0.06916123299743049
UTM-NN,333,nn,92.74,0.2608899390033912,0.07080079599109013
UTM-NN,334,nn,92.7,0.20185793099517468,0.06900567199045327
UTM-NN,335,nn,92.71000000000001,0.19777109700953588,0.07024446300056297
UTM-NN,336,nn,92.7,0.2216640889964765,0.07077628800470848
UTM-NN,337,nn,92.74,0.26822111698857043,0.07064701001218054
UTM-NN,338,nn,92.74,0.20835940400138497,0.0685042229888495
UTM-NN,339,nn,92.7,0.221312346009654,0.06785999400017317
UTM-NN,340,nn,92.73,0.2125110840133857,0.0683050419902429
UTM-NN,341,nn,92.71000000000001,0.2672366500046337,0.0694608670019079
UTM-NN,342,nn,92.72,0.1983920089987805,0.06775594000646379
UTM-NN,343,nn,92.72,0.19649605300219264,0.06770608900114894
UTM-NN,344,nn,92.7,0.21526246900612023,0.0708938439929625
UTM-NN,345,nn,92.72,0.2640714610024588,0.0686891020013718
UTM-NN,346,nn,92.72,0.2192559460090706,0.0703431549918605
UTM-NN,347,nn,92.7,0.20227814000099897,0.0711093159916345
UTM-NN,348,nn,92.7,0.19332519099407364,0.06967424899630714
UTM-NN,349,nn,92.72,0.22281842899974436,0.0727645839942852
UTM-NN,350,nn,92.69,0.26899680199858267,0.0700876639893977
UTM-NN,351,nn,92.75999999999999,0.21750183700351045,0.07185582599777263
UTM-NN,352,nn,92.74,0.20016921499336604,0.06962736501009203
UTM-NN,353,nn,92.71000000000001,0.19352764599898364,0.06955248099984601
UTM-NN,354,nn,92.73,0.2543921920005232,0.06848132998857182
UTM-NN,355,nn,92.7,0.19448791800823528,0.07025512099789921
UTM-NN,356,nn,92.71000000000001,0.19484286599617917,0.07143474099575542
UTM-NN,357,nn,92.72,0.19396984099876136,0.06972843399853446
UTM-NN,358,nn,92.67999999999999,0.2448055219865637,0.06835882899758872
UTM-NN,359,nn,92.71000000000001,0.19681567199586425,0.0683788070018636
UTM-NN,360,nn,92.67999999999999,0.19429720600601286,0.07072686699393671
UTM-NN,361,nn,92.63,0.19465616800880525,0.07188686399604194
UTM-NN,362,nn,92.67999999999999,0.24878642499970738,0.06879871900309809
UTM-NN,363,nn,92.63,0.20566202499321662,0.0685275889991317
UTM-NN,364,nn,92.71000000000001,0.19529617400257848,0.06799736100947484
UTM-NN,365,nn,92.73,0.19405752400052734,0.0695886210014578
UTM-NN,366,nn,92.7,0.19479881000006571,0.0703599450062029
UTM-NN,367,nn,92.72,0.24872570599836763,0.06957768400025088
UTM-NN,368,nn,92.69,0.21890420600539073,0.07056928600650281
UTM-NN,369,nn,92.65,0.20301794599799905,0.06923582400486339
UTM-NN,370,nn,92.7,0.21548772700771224,0.07159901800332591
UTM-NN,371,nn,92.64,0.2693075260031037,0.07007999799679965
UTM-NN,372,nn,92.67,0.22168766800314188,0.06877132000226993
UTM-NN,373,nn,92.64,0.22483417300099973,0.06846303198835813
UTM-NN,374,nn,92.7,0.21746199499466456,0.07145835499977693
UTM-NN,375,nn,92.67999999999999,0.2677426920126891,0.07036548800533637
UTM-NN,376,nn,92.71000000000001,0.198331107996637,0.07009160699089989
UTM-NN,377,nn,92.67,0.22025656499317847,0.07110822199319955
UTM-NN,378,nn,92.67,0.2175365650036838,0.07190004699805286
UTM-NN,379,nn,92.66,0.21697160399344284,0.06886084500001743
UTM-NN,380,nn,92.71000000000001,0.27392853700439446,0.0716916210076306
UTM-NN,381,nn,92.75,0.21778419498878065,0.07012588500219863
UTM-NN,382,nn,92.73,0.19895405699207913,0.06955460899916943
UTM-NN,383,nn,92.65,0.2174610450019827,0.06893100601155311
UTM-NN,384,nn,92.64,0.2743489319982473,0.06999016799090896
UTM-NN,385,nn,92.72,0.21805580600630492,0.06907340200268663
UTM-NN,386,nn,92.63,0.2185711460042512,0.06846574900555424
UTM-NN,387,nn,92.66,0.2178571539989207,0.0701186540100025
UTM-NN,388,nn,92.71000000000001,0.26699744099460077,0.06813610800600145
UTM-NN,389,nn,92.71000000000001,0.21700020899879746,0.06829917599679902
UTM-NN,390,nn,92.75,0.1953805040102452,0.06836658799147699
UTM-NN,391,nn,92.72,0.21829255198827013,0.07072537198837381
UTM-NN,392,nn,92.72,0.2685109989979537,0.06970299300155602
UTM-NN,393,nn,92.72,0.21283064999443013,0.070058359997347
UTM-NN,394,nn,92.67,0.21768210901063867,0.07014605299627874
UTM-NN,395,nn,92.73,0.21763079898664728,0.06819773199094925
UTM-NN,396,nn,92.7,0.21872336900560185,0.07045649499923456
UTM-NN,397,nn,92.63,0.2757036349939881,0.0730577899958007
UTM-NN,398,nn,92.72,0.2173897360044066,0.07127229099569377
UTM-NN,399,nn,92.71000000000001,0.21527610000339337,0.0696765219909139
UTM-NN,400,nn,92.67,0.22533604699128773,0.07273887000337709
UTM-NN,401,nn,92.72,0.2692514890077291,0.06803424899408128
UTM-NN,402,nn,92.75,0.2188747639884241,0.07177859800867736
UTM-NN,403,nn,92.73,0.20025298600376118,0.07207027199910954
UTM-NN,404,nn,92.7,0.21603500400669873,0.0676476590015227
UTM-NN,405,nn,92.65,0.25621484099247027,0.06949348299531266
UTM-NN,406,nn,92.71000000000001,0.21675275699817576,0.0692481420119293
UTM-NN,407,nn,92.71000000000001,0.20111428800737485,0.06772719400760252
UTM-NN,408,nn,92.67,0.19373021999490447,0.07114437999553047
UTM-NN,409,nn,92.77,0.21887838099792134,0.0677848699997412
UTM-NN,410,nn,92.67999999999999,0.2674985729972832,0.07175703199754935
UTM-NN,411,nn,92.67999999999999,0.20801038399804384,0.0706152919883607
UTM-NN,412,nn,92.7,0.21656055300263688,0.0707701940118568
UTM-NN,413,nn,92.72,0.21462064801016822,0.07016665099945385
UTM-NN,414,nn,92.72,0.2740482869994594,0.07130211401090492
UTM-NN,415,nn,92.69,0.21696088601311203,0.06826245800766628
UTM-NN,416,nn,92.71000000000001,0.21791323999059387,0.0681218380050268
UTM-NN,417,nn,92.7,0.20932041500054765,0.0695380310062319
UTM-NN,418,nn,92.71000000000001,0.2564421620045323,0.06811292699421756
UTM-NN,419,nn,92.75,0.2166695530031575,0.06962804099021014
UTM-NN,420,nn,92.69,0.20990121898648795,0.06904372999269981
UTM-NN,421,nn,92.66,0.21528516699618194,0.06739920200197957
UTM-NN,422,nn,92.78999999999999,0.2593147020088509,0.07044726599997375
UTM-NN,423,nn,92.72,0.21735435001028236,0.07029889700061176
UTM-NN,424,nn,92.75999999999999,0.2040781809919281,0.06948976599960588
UTM-NN,425,nn,92.75999999999999,0.1963654909923207,0.06731011100055184
UTM-NN,426,nn,92.72,0.21608200699847657,0.06934707499749493
UTM-NN,427,nn,92.78999999999999,0.2650230739964172,0.0695662270009052
UTM-NN,428,nn,92.69,0.217265357990982,0.07022262399550527
UTM-NN,429,nn,92.69,0.19280654800240882,0.07117378700058907
UTM-NN,430,nn,92.71000000000001,0.21314629701373633,0.06965536199277267
UTM-NN,431,nn,92.66,0.27042290299141314,0.07207348199153785
UTM-NN,432,nn,92.67999999999999,0.19492797000566497,0.0712926830019569
UTM-NN,433,nn,92.74,0.21737651599687524,0.07146400700730737
UTM-NN,434,nn,92.72,0.21255679000751115,0.06950942499679513
UTM-NN,435,nn,92.67,0.26582729899382684,0.07188675600627903
UTM-NN,436,nn,92.77,0.19602429799851961,0.06784876299207099
UTM-NN,437,nn,92.71000000000001,0.20687821399769746,0.07119261501065921
UTM-NN,438,nn,92.71000000000001,0.19737554200401064,0.06956663500750437
UTM-NN,439,nn,92.71000000000001,0.25204645399935544,0.06990456501080189
UTM-NN,440,nn,92.75,0.19390603300416842,0.06999669299693778
UTM-NN,441,nn,92.74,0.1978219480079133,0.07209363600122742
UTM-NN,442,nn,92.71000000000001,0.2198924469994381,0.06784426800732035
UTM-NN,443,nn,92.66,0.21811555601016153,0.07014644700393546
UTM-NN,444,nn,92.72,0.26921098100137897,0.06977623299462721
UTM-NN,445,nn,92.65,0.21807385901047383,0.07139428400842007
UTM-NN,446,nn,92.73,0.21842600099625997,0.06975714000873268
UTM-NN,447,nn,92.75999999999999,0.21700005100865383,0.06783565199293662
UTM-NN,448,nn,92.66,0.2583997379988432,0.06833796499995515
UTM-NN,449,nn,92.73,0.21686386500368826,0.06912227599241305
UTM-NN,450,nn,92.69,0.21936746999563184,0.06974420399637893
UTM-NN,451,nn,92.72,0.2196567920036614,0.07210780199966393
UTM-NN,452,nn,92.73,0.2716064020060003,0.07104685000376776
UTM-NN,453,nn,92.7,0.2146471550076967,0.06885298700944986
UTM-NN,454,nn,92.73,0.21754744900681544,0.06880709600227419
UTM-NN,455,nn,92.65,0.19719260900455993,0.06835387999308296
UTM-NN,456,nn,92.67999999999999,0.26804692699806765,0.06829956200090237
UTM-NN,457,nn,92.75999999999999,0.21829139300098177,0.06802325700118672
UTM-NN,458,nn,92.69,0.21765593100280967,0.06896540700108744
UTM-NN,459,nn,92.7,0.21799255900259595,0.06809925900597591
UTM-NN,460,nn,92.69,0.2028220640058862,0.071172399999341
UTM-NN,461,nn,92.69,0.24522629300190601,0.0710869409958832
UTM-NN,462,nn,92.73,0.19420995000109542,0.06938353998702951
UTM-NN,463,nn,92.72,0.19366785300371703,0.0691399039933458
UTM-NN,464,nn,92.71000000000001,0.19409458599693608,0.06971229100599885
UTM-NN,465,nn,92.7,0.24939669799641706,0.07184583399794064
UTM-NN,466,nn,92.69,0.1953369959956035,0.06962085500708781
UTM-NN,467,nn,92.69,0.19991969999682624,0.06869616999756545
UTM-NN,468,nn,92.67,0.21136022800055798,0.06845609500305727
UTM-NN,469,nn,92.75999999999999,0.2507829600072,0.06974838400492445
UTM-NN,470,nn,92.74,0.22510184400016442,0.07119809799769428
UTM-NN,471,nn,92.69,0.19682771799853072,0.06925950299773831
UTM-NN,472,nn,92.67,0.22134386499237735,0.06964787900506053
UTM-NN,473,nn,92.69,0.21923168099601753,0.06951741200464312
UTM-NN,474,nn,92.74,0.26045377599075437,0.06930029399518389
UTM-NN,475,nn,92.75,0.1961928860109765,0.07178775299689732
UTM-NN,476,nn,92.67999999999999,0.19647653299034573,0.07000104700273369
UTM-NN,477,nn,92.73,0.21691845000896137,0.07008026199764572
UTM-NN,478,nn,92.7,0.25825366300705355,0.06854495500738267
UTM-NN,479,nn,92.71000000000001,0.197376431999146,0.07070319300692063
UTM-NN,480,nn,92.73,0.19496604199230205,0.07002392900176346
UTM-NN,481,nn,92.67999999999999,0.19606918600038625,0.07189623400336131
UTM-NN,482,nn,92.71000000000001,0.2691566740104463,0.0704788899893174
UTM-NN,483,nn,92.74,0.19431402899499517,0.06727488299657125
UTM-NN,484,nn,92.72,0.2175881340081105,0.06971704099851195
UTM-NN,485,nn,92.7,0.21810058499977458,0.06779544400342274
UTM-NN,486,nn,92.69,0.26608817900705617,0.07001996399776544
UTM-NN,487,nn,92.72,0.21719971700804308,0.06805392999376636
UTM-NN,488,nn,92.69,0.2157589429989457,0.0691449290025048
UTM-NN,489,nn,92.75,0.19666349899489433,0.07128357399778906
UTM-NN,490,nn,92.72,0.19570055199437775,0.06858914300391916
UTM-NN,491,nn,92.7,0.2454578879987821,0.06861050899897236
UTM-NN,492,nn,92.67,0.19379838000168093,0.06845697900280356
UTM-NN,493,nn,92.7,0.1975592569942819,0.06788572200457565
UTM-NN,494,nn,92.71000000000001,0.21916233700176235,0.07080318999942392
UTM-NN,495,nn,92.73,0.2682788339880062,0.06689188099699095
UTM-NN,496,nn,92.74,0.221790208001039,0.06966933200601488
UTM-NN,497,nn,92.74,0.1944565390003845,0.06869661399105098
UTM-NN,498,nn,92.67999999999999,0.1964466799981892,0.06909745599841699
UTM-NN,499,nn,92.72,0.2686812730098609,0.07054336300643627
UTM-NN,500,nn,92.69,0.203466627994203,0.06767737200425472
