method,epoch,model_type,test_accuracy,train_time,test_time
UTM,1,tm,64.23,0.5904051709994746,0.06637512699944637
UTM,2,tm,65.29,0.5348165549994519,0.06769892699958291
UTM,3,tm,65.88000000000001,0.5257389670005068,0.067665737000425
UTM,4,tm,66.21000000000001,0.5156561809999403,0.06749789900004544
UTM,5,tm,66.44,0.5166671859997223,0.06783507599993754
UTM,6,tm,66.95,0.5177082099999097,0.06871387099999993
UTM,7,tm,66.18,0.5196513159999085,0.06803678300002503
UTM,8,tm,67.23,0.5200369300000602,0.06846364899956825
UTM,9,tm,66.75999999999999,0.5117767199999435,0.06721966599980078
UTM,10,tm,66.8,0.5148210470006234,0.06875570100055484
UTM,11,tm,67.03,0.5059289770006217,0.06770527100070467
UTM,12,tm,67.15,0.5108400499993877,0.06870150300073874
UTM,13,tm,66.79,0.512975034000192,0.0666499790004309
UTM,14,tm,66.91,0.5016914489997362,0.06612801800019952
UTM,15,tm,67.47999999999999,0.5126363469998978,0.06553280300067854
UTM,16,tm,67.42,0.5027106919997095,0.06801563200042438
UTM,17,tm,67.17999999999999,0.5091118000000279,0.06734788799985836
UTM,18,tm,67.58999999999999,0.5038541399999303,0.06815461499991216
UTM,19,tm,67.69,0.5064579569998386,0.06956972400075756
UTM,20,tm,67.24,0.5091033459993923,0.06888991000050737
UTM,21,tm,67.24,0.5061845810005252,0.06786134999947535
UTM,22,tm,67.45,0.49789538599998195,0.0683001029992738
UTM,23,tm,67.42,0.49186036600076477,0.06844176100003097
UTM,24,tm,67.31,0.5078088710006341,0.06765747200006444
UTM,25,tm,67.49000000000001,0.5071762239995223,0.0696943500006455
UTM,26,tm,67.36,0.5086795589995745,0.06826105199979793
UTM,27,tm,67.67999999999999,0.5097526609997658,0.06845388599958824
UTM,28,tm,67.55,0.488141560999793,0.06812088000060612
UTM,29,tm,67.63,0.5101093430002948,0.06919678699978249
UTM,30,tm,67.55,0.5009439870000278,0.07271863799996936
UTM,31,tm,67.52,0.5016215349996855,0.0687718169992877
UTM,32,tm,67.32000000000001,0.5047071130002223,0.06875762500021665
UTM,33,tm,67.39,0.5056267240006491,0.06896951199996693
UTM,34,tm,67.35,0.4963060790005329,0.06831281899940223
UTM,35,tm,67.56,0.4945924180001384,0.06878340000002936
UTM,36,tm,67.47999999999999,0.5063617360001444,0.06813426999997318
UTM,37,tm,67.89,0.4914508420006314,0.06986298300034832
UTM,38,tm,67.60000000000001,0.5119021700002122,0.0674368529998901
UTM,39,tm,67.71000000000001,0.4960525629994663,0.06732729200030008
UTM,40,tm,67.7,0.5004273129998182,0.06855785799962177
UTM,41,tm,67.86,0.5033277779994023,0.06854923599985341
UTM,42,tm,67.80000000000001,0.4989674439993905,0.06871995700021216
UTM,43,tm,67.69,0.4956637420000334,0.0687921999997343
UTM,44,tm,67.66,0.4959793499992884,0.06853929199951381
UTM,45,tm,67.99,0.497565389000556,0.06819885400000203
UTM,46,tm,67.78,0.50470971499999,0.06825005700011388
UTM,47,tm,67.69,0.5061359019991869,0.06833467800061044
UTM,48,tm,67.60000000000001,0.5040654229997017,0.06848077099948569
UTM,49,tm,67.52,0.5050105079999412,0.07054103900009068
UTM,50,tm,67.9,0.5035082250005871,0.06903313000020717
UTM,51,tm,67.61,0.509690581000541,0.06893123499958165
UTM,52,tm,67.77,0.5052304760001789,0.06806489800055715
UTM,53,tm,67.84,0.5057064279999395,0.06779128900052456
UTM,54,tm,67.63,0.5114571160002015,0.06907626999964123
UTM,55,tm,67.47999999999999,0.5026797450000231,0.06840162600019539
UTM,56,tm,67.67999999999999,0.5169701999993777,0.06813584799965611
UTM,57,tm,67.63,0.4996634080007425,0.06875667900021654
UTM,58,tm,67.78,0.4948762809999607,0.0683860850003839
UTM,59,tm,67.80000000000001,0.5003213979998691,0.0687801110007058
UTM,60,tm,67.9,0.5085371569994095,0.06971178599997074
UTM,61,tm,67.9,0.5054098959999465,0.06862563600043359
UTM,62,tm,68.0,0.5041809610002019,0.06748709800012875
UTM,63,tm,67.71000000000001,0.49626485299995693,0.06925512700036052
UTM,64,tm,67.99,0.5121302710003874,0.06890902299983281
UTM,65,tm,67.78999999999999,0.5059027190000052,0.06712502600021253
UTM,66,tm,67.9,0.5012437929999578,0.07064354199974332
UTM,67,tm,67.74,0.5052407290004339,0.06714783899951726
UTM,68,tm,68.04,0.5027975109996987,0.06880001599984098
UTM,69,tm,68.24,0.5009914209995259,0.0674149189999298
UTM,70,tm,67.81,0.5049681219998092,0.06833524600006058
UTM,71,tm,68.17999999999999,0.4975864409998394,0.06728158900023118
UTM,72,tm,67.95,0.5018482730001779,0.0657250379999823
UTM,73,tm,67.89,0.5045695130002059,0.06673042800048279
UTM,74,tm,67.72,0.491167834999942,0.06990116499946453
UTM,75,tm,67.62,0.503982059000009,0.06956962999993266
UTM,76,tm,67.80000000000001,0.5064284789996236,0.07383985399974335
UTM,77,tm,67.78999999999999,0.5061924400006319,0.06901745799950731
UTM,78,tm,68.14,0.5045169420000093,0.06836383199970442
UTM,79,tm,68.21000000000001,0.5048539079998591,0.0665788349997456
UTM,80,tm,67.84,0.5033467129997007,0.06832890500027133
UTM,81,tm,67.77,0.5123048900004505,0.06878626900015661
UTM,82,tm,67.61,0.49924772399936046,0.06739319100051944
UTM,83,tm,67.61,0.49215867899965815,0.06689818899940292
UTM,84,tm,67.54,0.49364040399996156,0.06847213299988653
UTM,85,tm,67.63,0.503724635999788,0.06844243200066558
UTM,86,tm,67.75999999999999,0.5001161200007118,0.06863899100062554
UTM,87,tm,67.57,0.49254311799995776,0.06698819900066155
UTM,88,tm,67.60000000000001,0.4992716209999344,0.06925171200055047
UTM,89,tm,67.60000000000001,0.5010554620002949,0.06840803700015385
UTM,90,tm,67.80000000000001,0.5031093130000954,0.07005174299956707
UTM,91,tm,67.54,0.5063848089994281,0.06824275799954194
UTM,92,tm,67.41,0.502145410000594,0.06873102400004427
UTM,93,tm,67.38,0.4973833590001959,0.06847409500005597
UTM,94,tm,67.55,0.5034351120002611,0.06857767699966644
UTM,95,tm,67.69,0.503814114999841,0.06901453099999344
UTM,96,tm,67.44,0.5035623670000859,0.07001669900000707
UTM,97,tm,67.58,0.5030310199999803,0.06904490099987015
UTM,98,tm,67.65,0.49950643600004696,0.06775227599973732
UTM,99,tm,67.67999999999999,0.5076747880002586,0.06757243500032928
UTM,100,tm,67.78999999999999,0.5060115169999335,0.06740936400001374
UTM,101,tm,67.86,0.5040018469999268,0.06861773699984042
UTM,102,tm,67.49000000000001,0.503005657000358,0.06854776000000129
UTM,103,tm,68.01,0.5053169000002526,0.06953918100043666
UTM,104,tm,67.58999999999999,0.4956501759997991,0.06925806100025511
UTM,105,tm,67.85,0.4949414570000954,0.06874532799974986
UTM,106,tm,67.60000000000001,0.5081962399999611,0.06928720799987786
UTM,107,tm,67.67999999999999,0.5060386059994926,0.07066860499980976
UTM,108,tm,67.92,0.5019733450008061,0.0689445269999851
UTM,109,tm,67.97999999999999,0.4993551980005577,0.06860077300007106
UTM,110,tm,67.74,0.5037240809997456,0.06861181400017813
UTM,111,tm,67.92,0.5008080489997155,0.06842365900047298
UTM,112,tm,67.94,0.5016624509999019,0.06849381199936033
UTM,113,tm,67.99,0.4966970579998815,0.06878870699983963
UTM,114,tm,67.86999999999999,0.5120764129997042,0.06840442300017457
UTM,115,tm,67.67999999999999,0.4991277319995788,0.0695557059998464
UTM,116,tm,67.75999999999999,0.48942685300062294,0.06972274799954903
UTM,117,tm,67.77,0.5071065629999794,0.06759299499935878
UTM,118,tm,67.78,0.49828219699975307,0.06812442000045849
UTM,119,tm,67.97999999999999,0.5029301279992069,0.06685931400079426
UTM,120,tm,67.72,0.5023852920003264,0.06682912300038879
UTM,121,tm,67.7,0.5116596720008602,0.06731348899938894
UTM,122,tm,67.82000000000001,0.5024432339996565,0.0682094160001725
UTM,123,tm,67.97,0.5112390779995621,0.0689089329998751
UTM,124,tm,67.57,0.5084746239999731,0.06850441099959426
UTM,125,tm,67.94,0.500265994000074,0.06839967999985674
UTM,126,tm,67.97,0.5049868209998749,0.06841774999975314
UTM,127,tm,67.66,0.49411924200012436,0.06797916300001816
UTM,128,tm,67.51,0.4984641790006208,0.06806521199996496
UTM,129,tm,67.86999999999999,0.4962806659996204,0.06792494900037127
UTM,130,tm,67.34,0.5013203960006649,0.06869377700058976
UTM,131,tm,66.97,0.5024663669992151,0.06987338299950352
UTM,132,tm,67.4,0.5191909770001075,0.07037636399945768
UTM,133,tm,67.69,0.5036509649999061,0.06792233999931341
UTM,134,tm,67.94,0.5027386900001147,0.07012063099955412
UTM,135,tm,68.10000000000001,0.5076063449996582,0.06579419599984249
UTM,136,tm,67.69,0.5031081050001376,0.06868973699965863
UTM,137,tm,67.93,0.49936203100060084,0.06727540999963821
UTM,138,tm,68.04,0.49929420799981017,0.06953842399980203
UTM,139,tm,67.55,0.5114754140004152,0.06783082099991589
UTM,140,tm,67.69,0.5027067390001321,0.0685984460005784
UTM,141,tm,67.56,0.4985511590002716,0.06703275899963046
UTM,142,tm,67.77,0.5105078739998135,0.06828449000022374
UTM,143,tm,67.92,0.4991216839998742,0.06833801599987055
UTM,144,tm,68.30000000000001,0.5001178019992949,0.06833803700010321
UTM,145,tm,68.02,0.5084970530006103,0.06906040600006236
UTM,146,tm,68.58999999999999,0.5132893720001448,0.06772773800003051
UTM,147,tm,68.08999999999999,0.5032120480000231,0.06922162299997581
UTM,148,tm,67.74,0.498070122000172,0.0682232089993704
UTM,149,tm,67.57,0.4952649950000705,0.06929404200036515
UTM,150,tm,67.72,0.5050787240006684,0.0684707200007324
UTM,151,tm,67.67,0.5093706620000376,0.06921746599982725
UTM,152,tm,67.95,0.4973627009994743,0.06820978300038405
UTM,153,tm,67.73,0.5042063380005857,0.0688202920000549
UTM,154,tm,67.66,0.4958485390006899,0.06807585500064306
UTM,155,tm,67.77,0.4970390469998165,0.06917586799954734
UTM,156,tm,68.03,0.5032411339998362,0.06736388199988141
UTM,157,tm,67.65,0.5028891270003442,0.06756171100005304
UTM,158,tm,68.10000000000001,0.49644286900002044,0.06817359500018938
UTM,159,tm,67.92,0.5084286620003695,0.06891198399989662
UTM,160,tm,68.17,0.5022670609996567,0.06804130399996211
UTM,161,tm,68.17999999999999,0.5061510880004789,0.06654149000041798
UTM,162,tm,68.34,0.4975362650002353,0.0662109220002094
UTM,163,tm,68.13,0.5020413040001586,0.06847261900020385
UTM,164,tm,68.08,0.5078286329999173,0.0684644089997164
UTM,165,tm,68.08,0.5073528560005798,0.06907976399998006
UTM,166,tm,67.58,0.5089968090005641,0.06806216099994344
UTM,167,tm,67.53,0.5030529420000676,0.06750199799989787
UTM,168,tm,67.89,0.5050365229999443,0.06826039400039008
UTM,169,tm,68.01,0.5026475389995539,0.06653968499995244
UTM,170,tm,68.06,0.5013520180000341,0.06777214399971854
UTM,171,tm,68.08,0.5079670329996588,0.06823480000002746
UTM,172,tm,68.28999999999999,0.5052594720000343,0.06738360800045484
UTM,173,tm,67.63,0.5047224419995473,0.0673957689996314
UTM,174,tm,67.88,0.502140665999832,0.06877965900002891
UTM,175,tm,67.36999999999999,0.5037378249999165,0.06823562299996411
UTM,176,tm,67.78,0.5022876989996803,0.06811884899980214
UTM,177,tm,67.52,0.5174275429999398,0.06706426799973997
UTM,178,tm,67.43,0.5088827090003178,0.06877370599977439
UTM,179,tm,67.57,0.5084799500000372,0.06734819299981609
UTM,180,tm,68.05,0.49957466299929365,0.06778140499955043
UTM,181,tm,67.94,0.5122283399996377,0.06920908800020698
UTM,182,tm,67.67,0.5102290129998437,0.0667699489995357
UTM,183,tm,67.71000000000001,0.4991331410001294,0.06988357299997006
UTM,184,tm,68.10000000000001,0.4958138170004531,0.06855637500029843
UTM,185,tm,68.51,0.49999853699955565,0.06835351300014736
UTM,186,tm,68.14,0.5121224700005769,0.06823279999935039
UTM,187,tm,68.14,0.5175653109999985,0.06927565000023606
UTM,188,tm,67.75,0.49917156500032434,0.06844897100017988
UTM,189,tm,67.80000000000001,0.4982370300003822,0.06951639300041279
UTM,190,tm,67.7,0.4968386760001522,0.07342431300003227
UTM,191,tm,67.82000000000001,0.5045596210002259,0.0691198099993926
UTM,192,tm,67.72,0.5015785240002515,0.06889766799940844
UTM,193,tm,68.03,0.5049067959998865,0.06847102200026711
UTM,194,tm,68.07,0.5048262240006807,0.0689256679997925
UTM,195,tm,67.55,0.5049148779999086,0.06587832599961985
UTM,196,tm,67.66,0.4962820169994302,0.06795745799990982
UTM,197,tm,67.62,0.5060388329993657,0.06872158999976818
UTM,198,tm,67.17,0.49312999099947774,0.06746333400042204
UTM,199,tm,66.79,0.4954739189997781,0.06875614700038568
UTM,200,tm,67.51,0.49708941700009746,0.0692513259991756
UTM,201,tm,67.83,0.5031449379994228,0.06965038599992113
UTM,202,tm,67.86,0.48992497000017465,0.06731699300053151
UTM,203,tm,67.93,0.49172698999973363,0.06918866599971807
UTM,204,tm,68.37,0.503723132000232,0.0686747669997203
UTM,205,tm,68.05,0.48681979599950864,0.06802415099991777
UTM,206,tm,68.02,0.5011682940003084,0.06896377399971243
UTM,207,tm,68.0,0.500973101999989,0.06885373099976277
UTM,208,tm,68.21000000000001,0.5077752979996148,0.0686174510001365
UTM,209,tm,68.32000000000001,0.504672328000197,0.06860998799947993
UTM,210,tm,68.22,0.5035826760004056,0.06884971500039683
UTM,211,tm,68.24,0.5083807139999408,0.06865155200011941
UTM,212,tm,68.11,0.5020000810000056,0.06878981499994552
UTM,213,tm,67.95,0.5041394390000278,0.06854680800006463
UTM,214,tm,67.92,0.5052980800001023,0.06863406100001157
UTM,215,tm,67.95,0.49684298200008925,0.06795752800007904
UTM,216,tm,67.82000000000001,0.49918289499964885,0.06857850000051258
UTM,217,tm,67.95,0.5049835979998534,0.06881478299965238
UTM,218,tm,67.9,0.5017730509998728,0.0690676740005074
UTM,219,tm,68.11,0.5004276859999663,0.06723419199988712
UTM,220,tm,67.94,0.49829698100074893,0.06791869200060319
UTM,221,tm,68.08,0.50748281199958,0.06701986599910015
UTM,222,tm,67.86999999999999,0.5059667149998859,0.06787034099943412
UTM,223,tm,68.11,0.4975396070003626,0.06850004400075704
UTM,224,tm,68.07,0.4997928259999753,0.06740908600022522
UTM,225,tm,68.0,0.4984439959998781,0.06747189499947126
UTM,226,tm,67.46,0.5090673370004879,0.06951787999969383
UTM,227,tm,68.04,0.5098647690001599,0.06662437800059706
UTM,228,tm,68.44,0.5059557129998211,0.06621130999974412
UTM,229,tm,68.08,0.49949128400021436,0.06746946499970363
UTM,230,tm,68.23,0.5081936690003204,0.06817282099927979
UTM,231,tm,67.57,0.5011522100003276,0.06886031400063075
UTM,232,tm,68.34,0.5070778399995106,0.06726830800016614
UTM,233,tm,68.17,0.5071720180003467,0.06689390199971967
UTM,234,tm,67.47,0.49133796199930657,0.06898836100026529
UTM,235,tm,67.52,0.5083859389997087,0.06737711200003105
UTM,236,tm,67.86999999999999,0.5092820310001116,0.06716604800021742
UTM,237,tm,68.06,0.5088079659999494,0.06755858399992576
UTM,238,tm,67.80000000000001,0.49766038300003856,0.06957227600014448
UTM,239,tm,67.99,0.5133621939994555,0.0691241260001334
UTM,240,tm,67.75,0.4984301479998976,0.07025007300035213
UTM,241,tm,68.26,0.5026630180000211,0.06849473900001612
UTM,242,tm,67.72,0.5062536200002796,0.06796224800018535
UTM,243,tm,67.97999999999999,0.4963656469999478,0.07246115200086933
UTM,244,tm,67.36,0.5016086549994725,0.068708310999682
UTM,245,tm,67.78999999999999,0.49271509800018976,0.06936341100026766
UTM,246,tm,68.04,0.5022775970001021,0.06902171500041732
UTM,247,tm,67.92,0.5022496640003737,0.06736521299990272
UTM,248,tm,68.16,0.4942614860001413,0.06767275400034123
UTM,249,tm,68.37,0.5032111699993038,0.06843590500011487
UTM,250,tm,68.25,0.5129236619995936,0.06800794399987353
UTM,251,tm,68.4,0.5049038380002457,0.06915363600001001
UTM,252,tm,68.15,0.5034213789995192,0.06900296900039393
UTM,253,tm,68.38,0.498982096999498,0.06861700399986148
UTM,254,tm,68.34,0.5033992779999608,0.06899026400060393
UTM,255,tm,68.25,0.4904993639993336,0.06851082399953157
UTM,256,tm,68.12,0.4937503020000804,0.06786786600059713
UTM,257,tm,67.99,0.5055029830000421,0.06705664499986597
UTM,258,tm,67.81,0.49968118200013123,0.06733063499996206
UTM,259,tm,68.13,0.4978862960006154,0.06896255500032566
UTM,260,tm,68.08,0.5074740729996847,0.06824114200026088
UTM,261,tm,67.97,0.5010668169998098,0.06756979300007515
UTM,262,tm,68.16,0.4940139430000272,0.06856603600044764
UTM,263,tm,67.49000000000001,0.5122882890000255,0.06852946900016832
UTM,264,tm,67.67,0.5022109470000942,0.06822471199939173
UTM,265,tm,68.21000000000001,0.506407546000446,0.06830554599946481
UTM,266,tm,68.13,0.502692962000765,0.06835277000027418
UTM,267,tm,68.47,0.49505881599998247,0.06884652500048105
UTM,268,tm,67.85,0.5043640869998853,0.06896066500030429
UTM,269,tm,67.88,0.5018377690003035,0.06881443600013881
UTM,270,tm,67.66,0.5003835070001514,0.06743571799961501
UTM,271,tm,67.62,0.4990902849995109,0.06788424999922427
UTM,272,tm,67.99,0.501471739000408,0.06851866899978631
UTM,273,tm,68.0,0.5053540610006166,0.0686304740002015
UTM,274,tm,68.13,0.5103566300003877,0.07108756300021923
UTM,275,tm,68.19,0.5106372059999558,0.06851352499961649
UTM,276,tm,68.23,0.5050905509997392,0.06979666500046733
UTM,277,tm,68.30000000000001,0.5071838470003058,0.06871721200059255
UTM,278,tm,68.08999999999999,0.5009033490005095,0.07172123100008321
UTM,279,tm,67.96,0.5015865820005274,0.068473633999929
UTM,280,tm,67.91,0.5058514180000202,0.06954915599999367
UTM,281,tm,67.65,0.5042953229994964,0.0687552310000683
UTM,282,tm,68.21000000000001,0.5095279380002466,0.06903182000041852
UTM,283,tm,68.16,0.508039803000429,0.07483350199981942
UTM,284,tm,68.08999999999999,0.4988504410002861,0.0702254810003069
UTM,285,tm,68.28,0.5084775209998043,0.06926190200010751
UTM,286,tm,68.16,0.49684271800015267,0.06770863400015514
UTM,287,tm,68.46,0.5073049180000453,0.06951593400026468
UTM,288,tm,68.13,0.5145955480002158,0.06868300000041927
UTM,289,tm,67.99,0.5016394060003222,0.07023128099990572
UTM,290,tm,67.80000000000001,0.5126285240003199,0.06938030199944478
UTM,291,tm,67.85,0.5128292069994131,0.0688108900003499
UTM,292,tm,67.75,0.5068001509998794,0.0674294499995085
UTM,293,tm,67.66,0.5093771629999537,0.0695776009997644
UTM,294,tm,67.84,0.5064184270004262,0.06847203000052104
UTM,295,tm,68.0,0.5047787079993213,0.06831132499974046
UTM,296,tm,67.86999999999999,0.505698427000425,0.06878608199986047
UTM,297,tm,68.19,0.5012406989999363,0.06928216100004647
UTM,298,tm,67.92,0.506203951000316,0.06754574700062221
UTM,299,tm,67.99,0.5078397899997071,0.06812020400047913
UTM,300,tm,68.42,0.5075106970007255,0.06866971300041769
UTM,301,tm,68.51,0.5098897890002263,0.06824095100000704
UTM,302,tm,68.23,0.5074636120007199,0.06861259100060124
UTM,303,tm,68.26,0.5056315210003959,0.06662321999920096
UTM,304,tm,68.17,0.4971236040000804,0.06846827400022448
UTM,305,tm,68.23,0.5123912019998897,0.06896375700034696
UTM,306,tm,68.01,0.5020267910003895,0.06895462900047278
UTM,307,tm,67.82000000000001,0.5116340069998841,0.068421988999944
UTM,308,tm,66.97,0.5024098260000756,0.06907877100002224
UTM,309,tm,67.4,0.5049621099997239,0.0691061659999832
UTM,310,tm,67.61,0.4962285020001218,0.07041992600079539
UTM,311,tm,68.57,0.5182490899996992,0.06820195500040427
UTM,312,tm,68.41000000000001,0.502453381000123,0.06815858600020874
UTM,313,tm,68.85,0.4977791569999681,0.06984462600030383
UTM,314,tm,68.56,0.5003445339998507,0.06794216100024641
UTM,315,tm,68.55,0.49998191600025166,0.07252750499992544
UTM,316,tm,68.15,0.5113063979997605,0.06841527399956249
UTM,317,tm,67.97,0.5094145630000639,0.06822816600015358
UTM,318,tm,67.17999999999999,0.5095734549995541,0.07018023099954007
UTM,319,tm,67.28,0.49929453000004287,0.06839889499951823
UTM,320,tm,67.78999999999999,0.49577762900025846,0.06843012500030454
UTM,321,tm,67.97999999999999,0.5116199840003901,0.06814766699972097
UTM,322,tm,67.67,0.5019137569997838,0.07075817299937626
UTM,323,tm,68.0,0.5065901119996852,0.06791443199927016
UTM,324,tm,67.7,0.4969750019999992,0.06710172800012515
UTM,325,tm,67.88,0.5053149670002313,0.0678605700004482
UTM,326,tm,68.10000000000001,0.5068164469994372,0.06604409600004146
UTM,327,tm,68.35,0.5074212709996573,0.06682913399981771
UTM,328,tm,67.94,0.5096075940000446,0.0675641359994188
UTM,329,tm,67.88,0.5069613020004908,0.06657241199991404
UTM,330,tm,67.58,0.4968112819997259,0.06859443700068368
UTM,331,tm,67.51,0.5051734070002567,0.0675790830000551
UTM,332,tm,68.41000000000001,0.5067278309998073,0.06922046999989107
UTM,333,tm,68.82000000000001,0.5128001729999596,0.06862830999943981
UTM,334,tm,68.63,0.500864071000251,0.068656221999845
UTM,335,tm,68.52000000000001,0.5159651049998502,0.06862114900013694
UTM,336,tm,68.53,0.5043965009999738,0.06870683599936456
UTM,337,tm,68.37,0.5024446229999739,0.06792362900068838
UTM,338,tm,68.08999999999999,0.5063367890006703,0.0687411160006377
UTM,339,tm,68.32000000000001,0.4967679199999111,0.069720860000416
UTM,340,tm,68.5,0.516054274000453,0.068702910999491
UTM,341,tm,68.65,0.5023224329997902,0.06886828500046249
UTM,342,tm,68.10000000000001,0.50308670800041,0.06853930099987338
UTM,343,tm,68.02,0.502230062000308,0.06975138300003891
UTM,344,tm,67.82000000000001,0.5131522430001496,0.0675082290008504
UTM,345,tm,67.99,0.5122399629999563,0.06945323099989764
UTM,346,tm,68.45,0.5049347489994034,0.06862567200005287
UTM,347,tm,68.17,0.5044698639994749,0.06871203999980935
UTM,348,tm,68.41000000000001,0.5063307150003311,0.0702842620003139
UTM,349,tm,68.71000000000001,0.5019428220002737,0.06958939400010422
UTM,350,tm,68.94,0.5054554890002692,0.06918913499976043
UTM,351,tm,69.0,0.5008746929997869,0.06924767999953474
UTM,352,tm,68.58999999999999,0.5217829249995702,0.06829714800005604
UTM,353,tm,68.69,0.5059073069996884,0.06846210899948346
UTM,354,tm,68.54,0.5041782380003497,0.06786290099989856
UTM,355,tm,68.51,0.5010027990001618,0.06854255300004297
UTM,356,tm,68.63,0.5083188309999969,0.06879847900017921
UTM,357,tm,68.11,0.5066799030000766,0.06908140700033982
UTM,358,tm,68.08,0.5047594889992979,0.06904947699968034
UTM,359,tm,68.27,0.5087718419999874,0.06846524700085865
UTM,360,tm,68.07,0.5165723509999225,0.06879285800005164
UTM,361,tm,68.08999999999999,0.5021485110000867,0.06814746199961519
UTM,362,tm,67.88,0.511278828000286,0.06871182800023234
UTM,363,tm,68.26,0.5057405629995628,0.06891015200017137
UTM,364,tm,68.28999999999999,0.5072778670000844,0.06948087599994324
UTM,365,tm,68.75,0.5197413539999616,0.06708956600050442
UTM,366,tm,68.61,0.5003312339995318,0.06948652800019772
UTM,367,tm,68.89,0.5139298540007076,0.06876753500000632
UTM,368,tm,68.35,0.49808780399962416,0.06851885200012475
UTM,369,tm,67.97,0.506164417999571,0.06850470500012307
UTM,370,tm,67.91,0.4948330409997652,0.06893132799996238
UTM,371,tm,68.16,0.5068064170000071,0.06928342799983511
UTM,372,tm,68.08999999999999,0.4948726100001295,0.0676724409995586
UTM,373,tm,68.06,0.5082636730003287,0.0666973279994636
UTM,374,tm,68.67,0.5024694070007172,0.06855489900044631
UTM,375,tm,68.36,0.5085773120008525,0.06842933499956416
UTM,376,tm,68.33,0.5064473780003027,0.06994083200061141
UTM,377,tm,68.03,0.5057660510001369,0.06816333700044197
UTM,378,tm,67.75,0.5171527319998859,0.06915845799994713
UTM,379,tm,68.61,0.504218961999868,0.06823169699964637
UTM,380,tm,68.4,0.5120111980004367,0.06976533600027324
UTM,381,tm,68.23,0.4985716129995126,0.06853187599972443
UTM,382,tm,68.13,0.5048073959997055,0.06808921099946019
UTM,383,tm,67.86,0.5190077739998742,0.06842268900072668
UTM,384,tm,67.89,0.5060040799999115,0.06852872400031629
UTM,385,tm,67.74,0.5013076049999654,0.06726596199951018
UTM,386,tm,67.74,0.5036192910001773,0.06953108299967425
UTM,387,tm,68.25,0.507381178000287,0.06705737300035253
UTM,388,tm,68.12,0.4982650890005971,0.06696753200048988
UTM,389,tm,68.27,0.5060026780001863,0.06725704100063012
UTM,390,tm,68.78,0.5063738369999555,0.06725606200052425
UTM,391,tm,68.43,0.50926870100011,0.0690240999992966
UTM,392,tm,67.69,0.5040580799995951,0.0687675829994987
UTM,393,tm,67.67,0.5060715540003002,0.0684276290003254
UTM,394,tm,68.23,0.5030317050004669,0.06745443100044213
UTM,395,tm,67.73,0.5093174419998832,0.06859044500015443
UTM,396,tm,67.92,0.5017108849997385,0.06607120599983318
UTM,397,tm,67.34,0.5053257440004018,0.06772216900026251
UTM,398,tm,68.14,0.4977995409999494,0.06810613000016019
UTM,399,tm,68.19,0.5031244210003933,0.06906907899974613
UTM,400,tm,67.96,0.5082521809999889,0.06858931700026005
UTM,401,tm,68.21000000000001,0.5033863179996843,0.06875437799953943
UTM,402,tm,68.39,0.5093542909999087,0.06782603899955575
UTM,403,tm,68.05,0.49760230900028546,0.06692137700065359
UTM,404,tm,68.17999999999999,0.5027267460000076,0.0684999360000802
UTM,405,tm,68.16,0.5011920299994017,0.06813429600060772
UTM,406,tm,68.28,0.5014998500000729,0.06969795099939802
UTM,407,tm,68.31,0.5091319339999245,0.06866208300016297
UTM,408,tm,68.05,0.5054997390006974,0.06800136200035922
UTM,409,tm,67.77,0.5022058869999455,0.06839049799964414
UTM,410,tm,67.78999999999999,0.5048928300002444,0.06823451600030239
UTM,411,tm,67.7,0.5114062570000897,0.06973209400075575
UTM,412,tm,68.01,0.5064592079997965,0.06855097399966326
UTM,413,tm,67.92,0.514510015000269,0.06998147800004517
UTM,414,tm,67.80000000000001,0.502265704999445,0.07031020799968246
UTM,415,tm,68.15,0.5057348399996044,0.06757948099948408
UTM,416,tm,68.0,0.49725358900013816,0.06877137599985872
UTM,417,tm,68.03,0.5075862719995712,0.06705415200030984
UTM,418,tm,68.08,0.49781608100056474,0.06784371499998088
UTM,419,tm,67.71000000000001,0.5024064799999906,0.06754177799939498
UTM,420,tm,67.58999999999999,0.5002790290000121,0.06929741299973102
UTM,421,tm,67.80000000000001,0.4997053090000918,0.06901090700011991
UTM,422,tm,67.53,0.5032313059991793,0.06855253699995956
UTM,423,tm,67.63,0.5051865000004909,0.06849737099946651
UTM,424,tm,67.30000000000001,0.5013395089999904,0.07066170899997815
UTM,425,tm,67.44,0.516832305999742,0.06953368399990723
UTM,426,tm,67.72,0.5095101000006252,0.06843272700007219
UTM,427,tm,67.96,0.5018135729997084,0.06937505499990948
UTM,428,tm,68.06,0.497512657999323,0.06863627199982147
UTM,429,tm,68.17999999999999,0.502841912999429,0.06867344700003741
UTM,430,tm,68.11,0.5016981319995466,0.06904971099993418
UTM,431,tm,68.35,0.5056370339998466,0.0681329849994654
UTM,432,tm,68.23,0.5105589759996292,0.06757454900071025
UTM,433,tm,67.97,0.5087120500002129,0.06826203800028452
UTM,434,tm,67.78999999999999,0.5037871320000704,0.06976436700006161
UTM,435,tm,68.0,0.49855234299957374,0.06960145100038062
UTM,436,tm,67.97,0.5049901049997061,0.06875820499953988
UTM,437,tm,67.78,0.4978141969995704,0.06800497499989433
UTM,438,tm,67.92,0.49885448299937707,0.06838318599966442
UTM,439,tm,68.08,0.4974241700001585,0.06893132100049115
UTM,440,tm,68.28,0.5023354009999821,0.0692749569998341
UTM,441,tm,68.06,0.5000336840003001,0.06949012899985973
UTM,442,tm,68.39,0.5026558720001049,0.06876315599947702
UTM,443,tm,68.31,0.511773257000641,0.06704935999914596
UTM,444,tm,68.19,0.5146713130006901,0.06831539300037548
UTM,445,tm,68.13,0.49914719500065985,0.0671553620004488
UTM,446,tm,67.77,0.503789979999965,0.06835519700052828
UTM,447,tm,67.78,0.5026213109995297,0.07282641700021486
UTM,448,tm,67.7,0.5089560070000516,0.06889393500023289
UTM,449,tm,67.58999999999999,0.5082111120000263,0.06878784600030485
UTM,450,tm,67.66,0.50763234400074,0.06954983699961304
UTM,451,tm,67.52,0.5106637609997051,0.06866779800020595
UTM,452,tm,68.22,0.5017886360001285,0.06870029199944838
UTM,453,tm,68.24,0.5148089399999662,0.06840870500036544
UTM,454,tm,68.53,0.5090061460005018,0.0687433980001515
UTM,455,tm,68.05,0.5116754379996564,0.0691592880002645
UTM,456,tm,67.75999999999999,0.5080720730002213,0.06870531000004121
UTM,457,tm,67.86,0.5071751099994799,0.06824204500026099
UTM,458,tm,67.99,0.501711136999802,0.06842966199928924
UTM,459,tm,68.31,0.5032090119993882,0.0681935610000437
UTM,460,tm,67.7,0.49954893400081346,0.06877458100007061
UTM,461,tm,67.83,0.5010963999993692,0.06832390500039764
UTM,462,tm,68.14,0.5067192030001024,0.06967057699966972
UTM,463,tm,67.96,0.5032964339998216,0.06879679199937527
UTM,464,tm,68.28,0.5013226230003056,0.06928888800030109
UTM,465,tm,68.63,0.5104851259993666,0.06896781500017823
UTM,466,tm,67.56,0.5189215860000331,0.06935928300026717
UTM,467,tm,67.25999999999999,0.5168524859991521,0.06926171999930375
UTM,468,tm,68.34,0.5076717920001101,0.07310422099999414
UTM,469,tm,68.2,0.5126442910004698,0.06932009800038941
UTM,470,tm,68.51,0.498128971999904,0.06859638600053586
UTM,471,tm,68.28,0.5083836029998565,0.06878174400026182
UTM,472,tm,67.89,0.5040406130001429,0.06810118700013845
UTM,473,tm,67.71000000000001,0.49869105699963256,0.06872413799919741
UTM,474,tm,67.93,0.5109900509996805,0.06929803000002721
UTM,475,tm,67.62,0.5067358240003159,0.0686776539996572
UTM,476,tm,67.86,0.5057808780002233,0.06905351400018844
UTM,477,tm,67.34,0.49807344599958014,0.06773138599965023
UTM,478,tm,67.54,0.4965801039998041,0.06993561499984935
UTM,479,tm,67.84,0.504962013000295,0.06960393600002135
UTM,480,tm,67.94,0.49824241799979063,0.06695976399987558
UTM,481,tm,68.23,0.4955162400001427,0.0682598079993113
UTM,482,tm,67.84,0.5053795710000486,0.06927490300040517
UTM,483,tm,68.04,0.5118046409997987,0.06963252100013051
UTM,484,tm,68.19,0.5042025180000564,0.06879831399965042
UTM,485,tm,68.14,0.5024713180000617,0.06679274399994028
UTM,486,tm,68.49,0.5031462919996557,0.06824692100053653
UTM,487,tm,67.81,0.5006567299997187,0.06842283099922497
UTM,488,tm,68.04,0.5032101420001709,0.0682829480001601
UTM,489,tm,67.7,0.514685148999888,0.06929103699985717
UTM,490,tm,68.10000000000001,0.5055070940006772,0.06848349400024745
UTM,491,tm,68.15,0.51103724099994,0.06936450499961211
UTM,492,tm,68.04,0.5059559860001173,0.06862791599996854
UTM,493,tm,67.91,0.5123069510000278,0.06886218799991184
UTM,494,tm,68.01,0.5117282229994089,0.06901121200007765
UTM,495,tm,67.78999999999999,0.5103013130001273,0.0687661809997735
UTM,496,tm,67.83,0.5001538369997434,0.07371552200038423
UTM,497,tm,67.58,0.508666962999996,0.06854160100010631
UTM,498,tm,67.67,0.508478906000164,0.06906416700076079
UTM,499,tm,67.39,0.521532204000323,0.0704258949999712
UTM,500,tm,67.38,0.5092198359998292,0.07045094599925505
WTM,1,tm,61.11,0.4375903460004338,0.059527821999836306
WTM,2,tm,63.690000000000005,0.37602965899986884,0.059832187999745656
WTM,3,tm,64.11,0.3695931800002654,0.06020285199974751
WTM,4,tm,67.23,0.3500487770006657,0.059959311000056914
WTM,5,tm,66.03,0.33498569699986547,0.06033947700052522
WTM,6,tm,70.49,0.34687266900073155,0.06051954399936221
WTM,7,tm,66.23,0.3270125809995079,0.06355141799940611
WTM,8,tm,68.17,0.3396171949998461,0.06015068699980475
WTM,9,tm,70.14,0.32854398300059984,0.06071005099965987
WTM,10,tm,69.72,0.31593214199983777,0.06106781900052738
WTM,11,tm,70.15,0.32626704500034975,0.060766372999751184
WTM,12,tm,68.51,0.32345276799969724,0.0601724699999977
WTM,13,tm,69.47,0.312890187999983,0.06036957000014809
WTM,14,tm,70.23,0.309078412999952,0.0603226020002694
WTM,15,tm,71.35000000000001,0.3170626680002897,0.06198577300074248
WTM,16,tm,72.42,0.30794896599945787,0.06104500299989013
WTM,17,tm,71.31,0.3081093030004922,0.06199866499991913
WTM,18,tm,71.15,0.3171411169996645,0.06051389700041909
WTM,19,tm,70.21,0.3156409409994012,0.06088760100010404
WTM,20,tm,70.91,0.3106564089994208,0.0624909040006969
WTM,21,tm,70.03,0.3112088589996347,0.06207339000047796
WTM,22,tm,71.41,0.3170653300003323,0.06077657599962549
WTM,23,tm,71.33,0.30332535699926666,0.061295771000004606
WTM,24,tm,72.59,0.3051040150003246,0.06105584600027214
WTM,25,tm,71.73,0.3009209669999109,0.060291399000561796
WTM,26,tm,72.26,0.3120941160004804,0.06097173400030442
WTM,27,tm,68.19,0.29672104000019317,0.06152374300017982
WTM,28,tm,72.39999999999999,0.29345553299936,0.06062439200013614
WTM,29,tm,72.56,0.3000401919998694,0.060908921000191185
WTM,30,tm,69.19,0.3012821919992348,0.0609812470001998
WTM,31,tm,71.8,0.297061868000128,0.060880330999680154
WTM,32,tm,73.99,0.2990793129993108,0.060521174000314204
WTM,33,tm,72.14,0.30929208399993513,0.060612844999923254
WTM,34,tm,72.11999999999999,0.30202103999999963,0.06028135900032794
WTM,35,tm,71.55,0.2976450180003667,0.06067577599969809
WTM,36,tm,71.31,0.30546072800007096,0.06217931400078669
WTM,37,tm,71.27,0.30135180599972955,0.061696646999735094
WTM,38,tm,70.92,0.29565613199974905,0.061898097000266716
WTM,39,tm,66.77,0.30561251299968717,0.061322221999944304
WTM,40,tm,72.26,0.29817968999941513,0.0609796919998189
WTM,41,tm,74.19,0.3027379760005715,0.060838007999336696
WTM,42,tm,71.09,0.2973237510004765,0.061192762999780825
WTM,43,tm,71.57,0.29877331199986656,0.06216349799979071
WTM,44,tm,69.06,0.2953496609998183,0.061458723999749054
WTM,45,tm,72.86,0.299737174999791,0.06165865399998438
WTM,46,tm,73.45,0.30095692700069776,0.06187241399948107
WTM,47,tm,70.89999999999999,0.30220759300027566,0.06232517800071946
WTM,48,tm,71.71,0.29308569000022544,0.06188901600035024
WTM,49,tm,69.5,0.3036223400004019,0.06151535599929048
WTM,50,tm,71.7,0.2957950209993214,0.06090502400002151
WTM,51,tm,72.27,0.2924555439994947,0.06087964299968007
WTM,52,tm,72.21,0.28681110800062015,0.06094759799998428
WTM,53,tm,72.03,0.29357046200038894,0.06180290399970545
WTM,54,tm,71.35000000000001,0.2930430750002415,0.06093889699968713
WTM,55,tm,72.57000000000001,0.29161085700070544,0.06151278000015736
WTM,56,tm,72.5,0.29659143299977586,0.06114670699935232
WTM,57,tm,73.49,0.29191840200019215,0.06135546699988481
WTM,58,tm,73.34,0.2877216839997345,0.061711521999313845
WTM,59,tm,75.35,0.30176644699986355,0.061451323999790475
WTM,60,tm,72.11,0.2977093749996129,0.06180710300031933
WTM,61,tm,73.7,0.30085988900009397,0.06102187100077572
WTM,62,tm,73.18,0.28699575700011337,0.06123163200027193
WTM,63,tm,74.03,0.2881118429995695,0.0613811210005224
WTM,64,tm,73.99,0.28693965099955676,0.06146520899983443
WTM,65,tm,74.03,0.2854878260004625,0.06178659200031689
WTM,66,tm,74.97,0.28881074200035073,0.06237964499996451
WTM,67,tm,75.16000000000001,0.2898451549999663,0.061302565000005416
WTM,68,tm,71.89999999999999,0.28806981400066434,0.06126423099976819
WTM,69,tm,73.1,0.29399312700024893,0.06118132899973716
WTM,70,tm,72.78,0.2934838959999979,0.06162245699943014
WTM,71,tm,74.45,0.2967621859997962,0.06090629499976785
WTM,72,tm,72.32,0.292551167000056,0.06104494800001703
WTM,73,tm,74.46000000000001,0.29579792699951213,0.06075002399938967
WTM,74,tm,74.5,0.2871396390000882,0.061092925999219005
WTM,75,tm,72.31,0.2885567399998763,0.061790409999957774
WTM,76,tm,72.31,0.2969922080001197,0.06063121399984084
WTM,77,tm,72.57000000000001,0.2971660460007115,0.062268687000141654
WTM,78,tm,74.33999999999999,0.29635446399970533,0.06087360999936209
WTM,79,tm,73.83,0.2904122429999916,0.06107150699972408
WTM,80,tm,75.86,0.2875896109999303,0.061284999000235985
WTM,81,tm,72.36,0.2882150109999202,0.06189961400013999
WTM,82,tm,74.8,0.28820535100021516,0.06118417299967405
WTM,83,tm,69.66,0.2870488540002043,0.061746093999317964
WTM,84,tm,72.89999999999999,0.28277152800001204,0.062111869000545994
WTM,85,tm,71.87,0.28082364900001267,0.06139183699997375
WTM,86,tm,74.21,0.28919282500010013,0.0622957489995315
WTM,87,tm,71.03,0.29460886900051264,0.06102308999925299
WTM,88,tm,70.94,0.29789432500001567,0.061948010999913095
WTM,89,tm,72.86,0.2877140860000509,0.06120770100005757
WTM,90,tm,69.06,0.29664206500001455,0.062249703000816226
WTM,91,tm,72.09,0.2851560539993443,0.06252771599974949
WTM,92,tm,72.88,0.29242065499965975,0.061585278000166
WTM,93,tm,73.41,0.28248654599974543,0.061262189999979455
WTM,94,tm,73.92,0.2855502560005334,0.061660888999540475
WTM,95,tm,73.33,0.29241538099995523,0.06176354900071601
WTM,96,tm,72.43,0.2802821800005404,0.06193983199955255
WTM,97,tm,74.19,0.2933123769998929,0.060659060000034515
WTM,98,tm,73.15,0.2936362939999526,0.061105681999833905
WTM,99,tm,71.57,0.28837553700032004,0.06075976899956004
WTM,100,tm,72.48,0.2897816220001914,0.06062989400015795
WTM,101,tm,74.15,0.29123968000021705,0.061299011999835784
WTM,102,tm,67.69,0.2855586060004498,0.061332869000580104
WTM,103,tm,73.35000000000001,0.29268782999952236,0.06253804700008914
WTM,104,tm,72.17,0.28763485699982994,0.06169367100028467
WTM,105,tm,73.19,0.27365193600053317,0.06245582000065042
WTM,106,tm,71.25,0.28682967300028395,0.0609524359997522
WTM,107,tm,73.88,0.2997928710001361,0.06147518600027979
WTM,108,tm,70.84,0.2799699050001436,0.061644682999940414
WTM,109,tm,74.45,0.2864007470006982,0.061916745000416995
WTM,110,tm,73.89,0.29006047300026694,0.061836315000618924
WTM,111,tm,70.0,0.29044202899967786,0.06135324200022296
WTM,112,tm,72.28999999999999,0.2917624080000678,0.061901927999315376
WTM,113,tm,73.41,0.291172424999786,0.06165756199970929
WTM,114,tm,73.28,0.2926219119999587,0.06193936700037739
WTM,115,tm,73.49,0.29412509899975703,0.06125154599976668
WTM,116,tm,74.87,0.2860871849998148,0.06151680099992518
WTM,117,tm,73.54,0.2932538469995052,0.0681165060004787
WTM,118,tm,72.07000000000001,0.2868313560002207,0.06123980800020945
WTM,119,tm,74.92999999999999,0.2864796280000519,0.06497183400006179
WTM,120,tm,73.94,0.28361417799987976,0.0609609660004935
WTM,121,tm,72.81,0.29186721200039756,0.061776891000590695
WTM,122,tm,70.06,0.2944723359996715,0.060911831999874266
WTM,123,tm,74.46000000000001,0.29872186800002964,0.0612570040002538
WTM,124,tm,74.27,0.28494563500044023,0.06089374700059125
WTM,125,tm,74.25,0.29458983600034117,0.061220890000186046
WTM,126,tm,70.53,0.28035600899966084,0.060988873000496824
WTM,127,tm,73.11999999999999,0.292289338000046,0.06105974700039951
WTM,128,tm,72.42,0.2841436859998794,0.06082186899948283
WTM,129,tm,75.06,0.2890336179998485,0.062207840999690234
WTM,130,tm,71.55,0.2845383280000533,0.06092164099936781
WTM,131,tm,75.26,0.29781465900032345,0.060807584000031056
WTM,132,tm,74.85000000000001,0.2877573730002041,0.062086116000500624
WTM,133,tm,74.55000000000001,0.29080299800079956,0.061270135999620834
WTM,134,tm,74.1,0.28149451700028294,0.06115453799975512
WTM,135,tm,71.26,0.2899164649998056,0.06016676900071616
WTM,136,tm,72.39999999999999,0.28920671200012293,0.0610671389995332
WTM,137,tm,72.92999999999999,0.2995092629998908,0.0623947069998394
WTM,138,tm,74.08,0.2845090729997537,0.06086336599946662
WTM,139,tm,72.86,0.29256106299999374,0.06147951200000534
WTM,140,tm,75.9,0.2925167640005384,0.0607131169999775
WTM,141,tm,71.85000000000001,0.2862857410000288,0.06139592599993193
WTM,142,tm,74.92999999999999,0.288175388000127,0.060602266999921994
WTM,143,tm,74.37,0.2828516120007407,0.061066408999977284
WTM,144,tm,72.46000000000001,0.285019674999603,0.061055022999426
WTM,145,tm,73.39,0.2839381220001087,0.061071342999639455
WTM,146,tm,74.5,0.2858980929995596,0.06123363699953188
WTM,147,tm,74.82,0.2819994470000893,0.06130227199992078
WTM,148,tm,73.25,0.2927044970001589,0.060896402999787824
WTM,149,tm,71.58,0.2858576050002739,0.06111223199968663
WTM,150,tm,74.53999999999999,0.28570447899983265,0.061169750999397365
WTM,151,tm,72.18,0.2851815020003414,0.06099294399973587
WTM,152,tm,73.31,0.2995923369999218,0.06154273900028784
WTM,153,tm,72.6,0.29192485400017176,0.06105381699944701
WTM,154,tm,73.42,0.2918968619997031,0.0613421260004543
WTM,155,tm,74.83,0.28389521300050546,0.06060416499985877
WTM,156,tm,72.57000000000001,0.28818539300027624,0.061447217999557324
WTM,157,tm,73.42,0.29096475200003624,0.06187051100005192
WTM,158,tm,70.81,0.29208842200023355,0.06149724399983825
WTM,159,tm,73.97,0.285536821000278,0.06150164999962726
WTM,160,tm,73.59,0.29234639599962975,0.06185346399979608
WTM,161,tm,74.53,0.2929526830002942,0.06051539899999625
WTM,162,tm,74.0,0.2956103139995321,0.06128666299991892
WTM,163,tm,73.29,0.29125591999945755,0.061199390000183485
WTM,164,tm,69.87,0.29076178899958904,0.0610993589998543
WTM,165,tm,70.36,0.28664313499939453,0.0611095389995171
WTM,166,tm,73.46000000000001,0.2894150490001266,0.061178920999736874
WTM,167,tm,70.85000000000001,0.2849841170000218,0.06079591900015657
WTM,168,tm,71.92,0.28450208800040855,0.061054259999764326
WTM,169,tm,72.1,0.28672703800020827,0.06037069600006362
WTM,170,tm,72.61999999999999,0.2846114169997236,0.061488251999435306
WTM,171,tm,74.81,0.2898945200004164,0.06099842699950386
WTM,172,tm,73.6,0.2922768160005944,0.06045320099929086
WTM,173,tm,73.42,0.28041699700042955,0.06149234299937234
WTM,174,tm,71.52,0.28315443900009996,0.06068394399972021
WTM,175,tm,73.24000000000001,0.2907605190002869,0.0619856940002137
WTM,176,tm,71.77,0.28709767700001976,0.06187928399958764
WTM,177,tm,71.11,0.28674967599999945,0.06207202999939909
WTM,178,tm,73.33,0.29117093500008195,0.06136842500018247
WTM,179,tm,73.16,0.28789626600064366,0.06108717600000091
WTM,180,tm,74.22999999999999,0.28850348299965844,0.061682450999796856
WTM,181,tm,68.49,0.28496267099944816,0.06106127399925754
WTM,182,tm,74.42999999999999,0.28381951299979846,0.06150419799996598
WTM,183,tm,72.78,0.2796478579994073,0.0619853050002348
WTM,184,tm,73.95,0.28771074199994473,0.0614837200000693
WTM,185,tm,71.28999999999999,0.28369875000043976,0.061416259999532485
WTM,186,tm,73.03,0.28601708299993334,0.06147461199998361
WTM,187,tm,73.36,0.2871899579995443,0.06151649899948097
WTM,188,tm,74.48,0.2907531589999053,0.06132520999926783
WTM,189,tm,74.26,0.28597347599952627,0.06121114100005798
WTM,190,tm,74.5,0.2908150450002722,0.06098234799992497
WTM,191,tm,73.61,0.2842334730003131,0.06131461900076829
WTM,192,tm,73.26,0.29233188799935306,0.06100702999992791
WTM,193,tm,73.00999999999999,0.29275721900012286,0.06114928199986025
WTM,194,tm,72.09,0.2883988359999421,0.061317478999626474
WTM,195,tm,68.74,0.29281774099945324,0.06127245000061521
WTM,196,tm,72.13000000000001,0.2869875249998586,0.06185866999931022
WTM,197,tm,71.26,0.2907213150001553,0.061735319000035815
WTM,198,tm,72.48,0.28873282600034145,0.06193524199989042
WTM,199,tm,73.4,0.28739532599956874,0.06200683800034312
WTM,200,tm,73.02,0.2925724410006296,0.06118409300052008
WTM,201,tm,73.76,0.29050067299976945,0.06694436599991604
WTM,202,tm,73.63,0.2904716470002313,0.06152462999943964
WTM,203,tm,74.0,0.2864336350003214,0.06281613400005881
WTM,204,tm,73.15,0.2845087120003882,0.060971525000240945
WTM,205,tm,73.92,0.2836177970002609,0.061624641999515006
WTM,206,tm,73.29,0.28504533900013485,0.0624949729999571
WTM,207,tm,73.15,0.28459858299993357,0.06125454900029581
WTM,208,tm,73.46000000000001,0.2853932479993091,0.061835372999667015
WTM,209,tm,73.07000000000001,0.29132504900007916,0.06124827399980859
WTM,210,tm,73.28,0.294586578000235,0.06138309899961314
WTM,211,tm,73.66,0.28110328700040554,0.060916178000297805
WTM,212,tm,74.19,0.27799120399959065,0.06171848200028762
WTM,213,tm,73.85000000000001,0.283197810999809,0.061784749000253214
WTM,214,tm,74.03999999999999,0.2871938329999466,0.06172651899942139
WTM,215,tm,73.00999999999999,0.295818978999705,0.061454520999177475
WTM,216,tm,74.76,0.28499865400044655,0.06160926099983044
WTM,217,tm,74.4,0.28842394599996624,0.06095727000047191
WTM,218,tm,72.59,0.2915538289998949,0.061215321000418044
WTM,219,tm,74.17,0.2829066819995205,0.0613777120006489
WTM,220,tm,71.8,0.2859695050001392,0.06572172399955889
WTM,221,tm,72.72,0.2887287430003198,0.0623328820001916
WTM,222,tm,73.49,0.28407416899972304,0.06198201700044592
WTM,223,tm,74.11999999999999,0.28627335500004847,0.06161227300071914
WTM,224,tm,73.81,0.2907681289998436,0.06223228300041228
WTM,225,tm,71.44,0.2902686090001225,0.06144169899926055
WTM,226,tm,74.41,0.2845625670006484,0.06168626599992422
WTM,227,tm,73.74000000000001,0.2924472539998533,0.06168538600013562
WTM,228,tm,74.33999999999999,0.28522749799958547,0.06183687199973065
WTM,229,tm,71.59,0.3013266919997477,0.0611914679993788
WTM,230,tm,74.82,0.286134430999482,0.06173783399935928
WTM,231,tm,74.79,0.28553059700061567,0.061983304000023054
WTM,232,tm,72.18,0.28827485400051955,0.06092928300040512
WTM,233,tm,72.67,0.2897731900002327,0.061618025999450765
WTM,234,tm,73.91,0.28756203800003277,0.06143947300006403
WTM,235,tm,73.9,0.2842301660002704,0.06120506800016301
WTM,236,tm,74.53,0.2908506590001707,0.06156055700012075
WTM,237,tm,75.2,0.28185658500024147,0.06202492099964729
WTM,238,tm,74.02,0.2934524860002057,0.06124574899968138
WTM,239,tm,76.05,0.2814491929993892,0.06114804499975435
WTM,240,tm,74.79,0.28234445300040534,0.061856446999627224
WTM,241,tm,73.13,0.28578160899996874,0.06156519700016361
WTM,242,tm,72.98,0.2905311129998154,0.061721546999251586
WTM,243,tm,73.87,0.28584147699984896,0.061798175999683735
WTM,244,tm,74.1,0.2918703450004614,0.06096701599926746
WTM,245,tm,71.97,0.28455070099971635,0.06068372099980479
WTM,246,tm,74.29,0.2795940249998239,0.0612975540007028
WTM,247,tm,72.98,0.28785164399960195,0.06136535600035131
WTM,248,tm,74.16,0.2798905810004726,0.06135876000007556
WTM,249,tm,72.1,0.28810438999971666,0.06140829800006031
WTM,250,tm,73.44000000000001,0.2824526390004394,0.061035249999804364
WTM,251,tm,73.98,0.28006751599968993,0.0614109650005048
WTM,252,tm,73.47,0.2867913640002371,0.0628479580000203
WTM,253,tm,72.63,0.28617775200018514,0.06192645699957211
WTM,254,tm,73.72,0.2914971640002477,0.06112134400063951
WTM,255,tm,70.19999999999999,0.29458390600029816,0.06273219299964694
WTM,256,tm,72.76,0.2884077119997528,0.06127973999991809
WTM,257,tm,75.58,0.2862502560001303,0.0611418060007054
WTM,258,tm,72.31,0.2865253139998458,0.061271237000255496
WTM,259,tm,73.83,0.28353971900014585,0.06131878799988044
WTM,260,tm,73.08,0.28818181499991624,0.06154050799977995
WTM,261,tm,72.36,0.28517508300046757,0.061509425000622286
WTM,262,tm,73.37,0.2786888999999064,0.0626230249999935
WTM,263,tm,70.89,0.2804836149998664,0.06152367499998945
WTM,264,tm,69.93,0.28551891799997975,0.06193043700022827
WTM,265,tm,73.41,0.284632646999853,0.06090519800000038
WTM,266,tm,72.72999999999999,0.28682536799988156,0.06112850899990008
WTM,267,tm,73.47,0.2858245799998258,0.060738829000001715
WTM,268,tm,70.67999999999999,0.28460568100035744,0.06205061599939654
WTM,269,tm,72.66,0.2935924449993763,0.061187278000033984
WTM,270,tm,70.74000000000001,0.2871306739998545,0.06119831200066983
WTM,271,tm,70.82000000000001,0.29731835199982015,0.06105314999967959
WTM,272,tm,73.25,0.2898764800002027,0.06210131700026977
WTM,273,tm,70.30999999999999,0.2867557019999367,0.06179764099942986
WTM,274,tm,74.48,0.28481613299936726,0.06133841900009429
WTM,275,tm,73.05,0.276563296999484,0.061706937000053586
WTM,276,tm,73.65,0.2804588330000115,0.06120066399944335
WTM,277,tm,71.84,0.28340927599947463,0.06143608300044434
WTM,278,tm,70.96000000000001,0.2847454459997607,0.06200030099989817
WTM,279,tm,72.95,0.28681569199943624,0.06173887699969782
WTM,280,tm,73.59,0.2855377199994109,0.060692269999890414
WTM,281,tm,74.25,0.2903807669999878,0.061622485000043525
WTM,282,tm,71.85000000000001,0.28141975599919533,0.06075378300010925
WTM,283,tm,72.07000000000001,0.2858764059992609,0.06137394300003507
WTM,284,tm,72.32,0.2782593330002783,0.060854500000459666
WTM,285,tm,75.87,0.2860989359996893,0.06123583599946869
WTM,286,tm,72.47,0.2864727979995223,0.06106612799976574
WTM,287,tm,72.23,0.28722041099990747,0.06105246700008138
WTM,288,tm,74.35000000000001,0.28217755500008934,0.06224595599996974
WTM,289,tm,73.21,0.28397923200009245,0.06225519800045731
WTM,290,tm,72.09,0.28539863900005,0.06138378499963437
WTM,291,tm,72.56,0.29856945400024415,0.061017649999485
WTM,292,tm,71.84,0.291246214000239,0.061181699000371736
WTM,293,tm,74.6,0.2927080199997363,0.061681063999458274
WTM,294,tm,73.21,0.2882890699993368,0.06153386400001182
WTM,295,tm,71.50999999999999,0.2841573910000079,0.061823154000194336
WTM,296,tm,74.22999999999999,0.2894667259997732,0.061714444999779516
WTM,297,tm,73.26,0.2912961499996527,0.06123778900018806
WTM,298,tm,74.14,0.28755924199958827,0.061227151999446505
WTM,299,tm,72.48,0.2845526399996743,0.06164596899998287
WTM,300,tm,72.36,0.284588960000292,0.06097607100036839
WTM,301,tm,72.6,0.28388094900037686,0.06166515199947753
WTM,302,tm,75.13,0.2955868670005657,0.06235250999998243
WTM,303,tm,73.21,0.2816005939994284,0.061026657999718736
WTM,304,tm,75.19,0.29273605000071257,0.060377497000445146
WTM,305,tm,73.86,0.2938046140006918,0.061156257999755326
WTM,306,tm,73.27,0.2839483689995177,0.061688411999966775
WTM,307,tm,72.89999999999999,0.29036016200007,0.06145940700025676
WTM,308,tm,73.91,0.2903218929996001,0.06091595599991706
WTM,309,tm,73.86,0.28770968899971194,0.06118717800018203
WTM,310,tm,67.96,0.28953027300030953,0.06224889399982203
WTM,311,tm,72.41,0.2891832269997394,0.06173244799992972
WTM,312,tm,74.79,0.29170960299961735,0.060909950999302964
WTM,313,tm,74.08,0.28674938499989366,0.061442766999789455
WTM,314,tm,73.07000000000001,0.27939880099984293,0.06155669199961267
WTM,315,tm,73.57000000000001,0.2838141620004535,0.06194053199942573
WTM,316,tm,72.94,0.28870657500010566,0.06200601300042763
WTM,317,tm,71.07,0.28069563600001857,0.06123234200003935
WTM,318,tm,73.82,0.2899716920001083,0.06154243099990708
WTM,319,tm,72.53,0.28960723399995913,0.06125590700048633
WTM,320,tm,72.18,0.2910997189992486,0.06161098499978834
WTM,321,tm,74.36,0.2892350920001263,0.06197105800038116
WTM,322,tm,73.56,0.2866165839996029,0.0618910440007312
WTM,323,tm,73.91,0.2927041269995243,0.06169227000009414
WTM,324,tm,71.7,0.28346208699986164,0.062132102000759915
WTM,325,tm,72.32,0.281754507000187,0.061647068999263865
WTM,326,tm,71.67,0.2806755700003123,0.061045655999805604
WTM,327,tm,74.29,0.30120955700022023,0.06151255799977662
WTM,328,tm,70.81,0.27840038599970285,0.06259295499967266
WTM,329,tm,73.36,0.2884459810002227,0.06280643599984614
WTM,330,tm,72.49,0.27876368000033835,0.06169984799998929
WTM,331,tm,73.5,0.2789356080002108,0.061364469000182
WTM,332,tm,75.17,0.28394964800008893,0.061516759999904025
WTM,333,tm,73.88,0.28403735299980326,0.06022710300021572
WTM,334,tm,74.24,0.281298066999625,0.062333369000043604
WTM,335,tm,74.13,0.2826680320004016,0.061751533999995445
WTM,336,tm,72.87,0.2882372120002401,0.06228080399978353
WTM,337,tm,73.17,0.28246281900010217,0.06108717099959904
WTM,338,tm,73.69,0.2818803629998001,0.06133928100007324
WTM,339,tm,74.9,0.28821951800000534,0.06120026700045855
WTM,340,tm,72.47,0.28381514600005175,0.0598907080002391
WTM,341,tm,74.83999999999999,0.28874908600027993,0.06130356100038625
WTM,342,tm,69.48,0.2899475929998516,0.06139477799933957
WTM,343,tm,73.83,0.28632097199988493,0.06129633999989892
WTM,344,tm,70.46,0.28713675000017247,0.06142088000069634
WTM,345,tm,72.03,0.29196698799933074,0.061352880999947956
WTM,346,tm,72.21,0.27846001099987916,0.06145565999941027
WTM,347,tm,73.82,0.28753279600005044,0.06156904500039673
WTM,348,tm,72.64,0.2866210799993496,0.061528123000243795
WTM,349,tm,75.03999999999999,0.29278970999985177,0.06085323099978268
WTM,350,tm,73.11999999999999,0.2882135899999412,0.0626364569998259
WTM,351,tm,71.66,0.27151829700051167,0.06099679999988439
WTM,352,tm,71.58,0.2825555640001767,0.06169984500047576
WTM,353,tm,74.33,0.28397132600002806,0.062001252000300155
WTM,354,tm,74.78,0.2820853570001418,0.06181402399943181
WTM,355,tm,73.05,0.2803982019995601,0.06169581100039068
WTM,356,tm,72.56,0.28540562400030467,0.06190968700047961
WTM,357,tm,68.55,0.28827633099990635,0.06142882099993585
WTM,358,tm,69.39999999999999,0.28703477199996996,0.06199478099915723
WTM,359,tm,76.97,0.27622674300073413,0.061133745999541134
WTM,360,tm,73.63,0.2804474449994814,0.060283124000307
WTM,361,tm,73.71,0.27864565799973207,0.0613408220006022
WTM,362,tm,72.63,0.28076297099960357,0.06147157299983519
WTM,363,tm,71.05,0.27981716399972356,0.06155110899999272
WTM,364,tm,68.84,0.28235749499981466,0.06173077099992952
WTM,365,tm,69.75,0.2775693929997942,0.06202802000007068
WTM,366,tm,69.07,0.28577526899971417,0.06182591200013121
WTM,367,tm,74.95,0.2880802190002214,0.06178674299917475
WTM,368,tm,74.13,0.28487199200026225,0.06245740200029104
WTM,369,tm,75.06,0.28953363100026763,0.06160937699951319
WTM,370,tm,72.52,0.2820398660005594,0.06099334100053966
WTM,371,tm,68.39,0.28264929899978597,0.06167130899939366
WTM,372,tm,71.50999999999999,0.29006114000003436,0.061157821000051626
WTM,373,tm,73.49,0.2904055030003292,0.06136372400032997
WTM,374,tm,73.91,0.286370170999362,0.06218754500059731
WTM,375,tm,73.85000000000001,0.28385915200033196,0.06247586300014518
WTM,376,tm,75.66000000000001,0.28926733499974944,0.062262551999992866
WTM,377,tm,75.86,0.28372646900061227,0.06193611799972132
WTM,378,tm,75.02,0.2867316279998704,0.061685982999733824
WTM,379,tm,74.83,0.29372165800032235,0.06195944600040093
WTM,380,tm,74.67,0.28237892700053635,0.06120308400022623
WTM,381,tm,75.21,0.2852148689999012,0.062355875999855925
WTM,382,tm,75.14,0.2919681789999231,0.06626271900040592
WTM,383,tm,74.4,0.2956527790001928,0.0615910670003359
WTM,384,tm,74.15,0.29449187199952576,0.06155741900056455
WTM,385,tm,74.88,0.2836679660003938,0.06127387100059423
WTM,386,tm,70.95,0.28752006300055655,0.061849617999541806
WTM,387,tm,74.5,0.2810324269994453,0.06191517200022645
WTM,388,tm,74.48,0.27525657299975137,0.06172964300003514
WTM,389,tm,73.86,0.28212722199987184,0.06141262699929939
WTM,390,tm,72.37,0.28167165700051555,0.06181661400023586
WTM,391,tm,73.69,0.2921482229994581,0.061399393000101554
WTM,392,tm,75.57000000000001,0.2803246339999532,0.06329624800036981
WTM,393,tm,74.67,0.2850046520006799,0.061375543999929505
WTM,394,tm,71.99,0.2826443260000815,0.06152495900005306
WTM,395,tm,73.53,0.2843890870008181,0.06148760999985825
WTM,396,tm,73.69,0.29093371399994794,0.06262970600073459
WTM,397,tm,73.81,0.2823213110004872,0.06245539000065037
WTM,398,tm,75.82,0.2883721770003831,0.06758508900020388
WTM,399,tm,73.32,0.28952776200003427,0.061504446000071766
WTM,400,tm,71.96000000000001,0.2758405289996517,0.06203709900000831
WTM,401,tm,74.41,0.27909427600025083,0.06113291299971024
WTM,402,tm,75.22,0.2793243040005109,0.06173189600031037
WTM,403,tm,74.53,0.2784663209995415,0.06200735899983556
WTM,404,tm,72.83,0.2816332800002783,0.06265535100010311
WTM,405,tm,73.3,0.29987598699972295,0.05992911800058209
WTM,406,tm,73.61999999999999,0.27267467199999373,0.06392370699995809
WTM,407,tm,74.66000000000001,0.2728747660003137,0.06147057999987737
WTM,408,tm,75.03,0.2793413950003014,0.06229858799997601
WTM,409,tm,71.73,0.2800902730004964,0.061863089000326
WTM,410,tm,73.42,0.27842815599979076,0.06156975500016415
WTM,411,tm,72.78,0.27748783599963645,0.05979738800033374
WTM,412,tm,74.59,0.28009291299986216,0.06067991399959283
WTM,413,tm,75.67,0.2748580919997039,0.0627212449999206
WTM,414,tm,76.25999999999999,0.2801177800001824,0.061726908999844454
WTM,415,tm,75.79,0.27858891100004257,0.062286084000334085
WTM,416,tm,72.78999999999999,0.2872715439998501,0.061741953000819194
WTM,417,tm,72.35000000000001,0.28734886400070536,0.06202621700049349
WTM,418,tm,70.64,0.2845524969998223,0.06195033600033639
WTM,419,tm,72.42,0.2941708970001855,0.06114067700036685
WTM,420,tm,70.8,0.27390878400001384,0.06195317299989256
WTM,421,tm,74.79,0.27439172999947914,0.06155027299973881
WTM,422,tm,74.08,0.2806301020000319,0.061978452000403195
WTM,423,tm,75.09,0.28131758000017726,0.06209632199988846
WTM,424,tm,70.56,0.28033981299995503,0.061293232000025455
WTM,425,tm,75.47,0.27972020499964856,0.06411296599981142
WTM,426,tm,73.92999999999999,0.28547696199984784,0.06114529299975402
WTM,427,tm,73.18,0.2833507429995734,0.061881661000370514
WTM,428,tm,71.64,0.27527825299966935,0.061415054999997665
WTM,429,tm,71.91,0.2869828110005983,0.06164103199989768
WTM,430,tm,71.41999999999999,0.2799185959993338,0.061366353999801504
WTM,431,tm,72.95,0.2738102470002559,0.062164574999769684
WTM,432,tm,71.64,0.2840411920005863,0.06059373600055551
WTM,433,tm,71.36,0.28129482500025915,0.0680388850005329
WTM,434,tm,72.92,0.2813076459997319,0.0619324190001862
WTM,435,tm,74.03999999999999,0.29258312599995406,0.06136824299937871
WTM,436,tm,74.91,0.28703315500024473,0.06132883700047387
WTM,437,tm,74.72999999999999,0.27803488100016693,0.062177679999877
WTM,438,tm,73.50999999999999,0.28162355400036176,0.06198744900029851
WTM,439,tm,73.66,0.2845746789998884,0.06179347899978893
WTM,440,tm,75.35,0.28036850900025456,0.06142681899927993
WTM,441,tm,71.50999999999999,0.28398461600045266,0.061685369999395334
WTM,442,tm,75.41,0.28938207299961505,0.061738169999443926
WTM,443,tm,73.1,0.2825436009998157,0.06156763899980433
WTM,444,tm,72.56,0.2737706289999551,0.06037235199983115
WTM,445,tm,70.02000000000001,0.28102745700016385,0.06074223300038284
WTM,446,tm,73.66,0.28054048099966167,0.06377923299987742
WTM,447,tm,73.54,0.28433338700051536,0.0620904529996551
WTM,448,tm,72.16,0.2815908269994907,0.06224486699920817
WTM,449,tm,73.16,0.28255062800053565,0.06279627200001414
WTM,450,tm,76.32,0.2816608869998163,0.06260399399980088
WTM,451,tm,73.59,0.28886935799982894,0.061887241000476934
WTM,452,tm,74.47,0.27927130100033537,0.06197204599993711
WTM,453,tm,75.79,0.28393858700019337,0.06146691800040571
WTM,454,tm,76.08,0.28456665100020473,0.06274090599981719
WTM,455,tm,74.2,0.2884138609997535,0.062048311000580725
WTM,456,tm,73.83,0.28977348799980973,0.061836575000597804
WTM,457,tm,74.92,0.291590154000005,0.06172183800026687
WTM,458,tm,70.36,0.2804845430000569,0.06320965899976727
WTM,459,tm,71.87,0.2881474119994891,0.06139933699978428
WTM,460,tm,73.35000000000001,0.28223108500060334,0.06321263999961957
WTM,461,tm,73.66,0.29167512000003626,0.06181178299993917
WTM,462,tm,72.23,0.28773326800001087,0.06128827300017292
WTM,463,tm,77.86,0.29109812899969256,0.06109651000042504
WTM,464,tm,74.89,0.2795836999994208,0.06295899999986432
WTM,465,tm,75.21,0.27611256199998024,0.06315128999995068
WTM,466,tm,76.05,0.2793990580003083,0.06194324999978562
WTM,467,tm,73.86,0.28181175099962275,0.06246840899984818
WTM,468,tm,74.21,0.2868888679995507,0.06140634700022929
WTM,469,tm,75.57000000000001,0.27902503600034834,0.061861221000071964
WTM,470,tm,73.61999999999999,0.2807373699997697,0.06291022499954124
WTM,471,tm,74.94,0.2872601939998276,0.06126870699972642
WTM,472,tm,75.9,0.281837104999795,0.06233163199976843
WTM,473,tm,73.61,0.28513729899987084,0.0644207400000596
WTM,474,tm,74.29,0.2821460619998106,0.06251492100000178
WTM,475,tm,73.08,0.2812836900002367,0.0626812209993659
WTM,476,tm,74.4,0.2736357020003197,0.06118082000011782
WTM,477,tm,73.78,0.2831393249998655,0.062023600000429724
WTM,478,tm,75.4,0.2886512710001625,0.06188775800001167
WTM,479,tm,74.46000000000001,0.2801178039999286,0.06212934100040002
WTM,480,tm,75.22999999999999,0.28214251100052934,0.061723993000669
WTM,481,tm,73.0,0.2787725179996414,0.06209523300003639
WTM,482,tm,73.36,0.29015567199985526,0.06203808999998728
WTM,483,tm,72.76,0.2852940270004183,0.06250521000038134
WTM,484,tm,75.12,0.2815892149992578,0.06281839500024944
WTM,485,tm,75.49,0.28679512300004717,0.061468556000363606
WTM,486,tm,74.36,0.28597318599986465,0.06096333399909781
WTM,487,tm,73.3,0.287852348999877,0.06295841999963159
WTM,488,tm,73.24000000000001,0.2851493369998934,0.062304144999870914
WTM,489,tm,74.19,0.2888684089994058,0.06177890799972374
WTM,490,tm,73.56,0.28220011299981707,0.0626676089996181
WTM,491,tm,69.65,0.28470293899954413,0.06163847200059536
WTM,492,tm,75.68,0.2781866719997197,0.0614339089997884
WTM,493,tm,71.65,0.2861377879999054,0.06204893499943864
WTM,494,tm,73.3,0.28337570799976675,0.06212551899989194
WTM,495,tm,74.83,0.2799224270002014,0.06214420099968265
WTM,496,tm,73.9,0.288226671999837,0.06208703099946433
WTM,497,tm,72.00999999999999,0.28256829000019934,0.06200808599987795
WTM,498,tm,71.35000000000001,0.28583998500016605,0.062062289000095916
WTM,499,tm,73.29,0.2855689269999857,0.06312223700024333
WTM,500,tm,74.74,0.2981647990000056,0.06219820699971024
WTM-NN,1,tm,61.11,0.4375903460004338,0.059527821999836306
WTM-NN,2,tm,63.690000000000005,0.37602965899986884,0.059832187999745656
WTM-NN,3,tm,64.11,0.3695931800002654,0.06020285199974751
WTM-NN,4,tm,67.23,0.3500487770006657,0.059959311000056914
WTM-NN,5,tm,66.03,0.33498569699986547,0.06033947700052522
WTM-NN,6,tm,70.49,0.34687266900073155,0.06051954399936221
WTM-NN,7,tm,66.23,0.3270125809995079,0.06355141799940611
WTM-NN,8,tm,68.17,0.3396171949998461,0.06015068699980475
WTM-NN,9,tm,70.14,0.32854398300059984,0.06071005099965987
WTM-NN,10,tm,69.72,0.31593214199983777,0.06106781900052738
WTM-NN,11,tm,70.15,0.32626704500034975,0.060766372999751184
WTM-NN,12,tm,68.51,0.32345276799969724,0.0601724699999977
WTM-NN,13,tm,69.47,0.312890187999983,0.06036957000014809
WTM-NN,14,tm,70.23,0.309078412999952,0.0603226020002694
WTM-NN,15,tm,71.35000000000001,0.3170626680002897,0.06198577300074248
WTM-NN,16,tm,72.42,0.30794896599945787,0.06104500299989013
WTM-NN,17,tm,71.31,0.3081093030004922,0.06199866499991913
WTM-NN,18,tm,71.15,0.3171411169996645,0.06051389700041909
WTM-NN,19,tm,70.21,0.3156409409994012,0.06088760100010404
WTM-NN,20,tm,70.91,0.3106564089994208,0.0624909040006969
WTM-NN,21,tm,70.03,0.3112088589996347,0.06207339000047796
WTM-NN,22,tm,71.41,0.3170653300003323,0.06077657599962549
WTM-NN,23,tm,71.33,0.30332535699926666,0.061295771000004606
WTM-NN,24,tm,72.59,0.3051040150003246,0.06105584600027214
WTM-NN,25,tm,71.73,0.3009209669999109,0.060291399000561796
WTM-NN,26,tm,72.26,0.3120941160004804,0.06097173400030442
WTM-NN,27,tm,68.19,0.29672104000019317,0.06152374300017982
WTM-NN,28,tm,72.39999999999999,0.29345553299936,0.06062439200013614
WTM-NN,29,tm,72.56,0.3000401919998694,0.060908921000191185
WTM-NN,30,tm,69.19,0.3012821919992348,0.0609812470001998
WTM-NN,31,tm,71.8,0.297061868000128,0.060880330999680154
WTM-NN,32,tm,73.99,0.2990793129993108,0.060521174000314204
WTM-NN,33,tm,72.14,0.30929208399993513,0.060612844999923254
WTM-NN,34,tm,72.11999999999999,0.30202103999999963,0.06028135900032794
WTM-NN,35,tm,71.55,0.2976450180003667,0.06067577599969809
WTM-NN,36,tm,71.31,0.30546072800007096,0.06217931400078669
WTM-NN,37,tm,71.27,0.30135180599972955,0.061696646999735094
WTM-NN,38,tm,70.92,0.29565613199974905,0.061898097000266716
WTM-NN,39,tm,66.77,0.30561251299968717,0.061322221999944304
WTM-NN,40,tm,72.26,0.29817968999941513,0.0609796919998189
WTM-NN,41,tm,74.19,0.3027379760005715,0.060838007999336696
WTM-NN,42,tm,71.09,0.2973237510004765,0.061192762999780825
WTM-NN,43,tm,71.57,0.29877331199986656,0.06216349799979071
WTM-NN,44,tm,69.06,0.2953496609998183,0.061458723999749054
WTM-NN,45,tm,72.86,0.299737174999791,0.06165865399998438
WTM-NN,46,tm,73.45,0.30095692700069776,0.06187241399948107
WTM-NN,47,tm,70.89999999999999,0.30220759300027566,0.06232517800071946
WTM-NN,48,tm,71.71,0.29308569000022544,0.06188901600035024
WTM-NN,49,tm,69.5,0.3036223400004019,0.06151535599929048
WTM-NN,50,tm,71.7,0.2957950209993214,0.06090502400002151
WTM-NN,51,tm,72.27,0.2924555439994947,0.06087964299968007
WTM-NN,52,tm,72.21,0.28681110800062015,0.06094759799998428
WTM-NN,53,tm,72.03,0.29357046200038894,0.06180290399970545
WTM-NN,54,tm,71.35000000000001,0.2930430750002415,0.06093889699968713
WTM-NN,55,tm,72.57000000000001,0.29161085700070544,0.06151278000015736
WTM-NN,56,tm,72.5,0.29659143299977586,0.06114670699935232
WTM-NN,57,tm,73.49,0.29191840200019215,0.06135546699988481
WTM-NN,58,tm,73.34,0.2877216839997345,0.061711521999313845
WTM-NN,59,tm,75.35,0.30176644699986355,0.061451323999790475
WTM-NN,60,tm,72.11,0.2977093749996129,0.06180710300031933
WTM-NN,61,tm,73.7,0.30085988900009397,0.06102187100077572
WTM-NN,62,tm,73.18,0.28699575700011337,0.06123163200027193
WTM-NN,63,tm,74.03,0.2881118429995695,0.0613811210005224
WTM-NN,64,tm,73.99,0.28693965099955676,0.06146520899983443
WTM-NN,65,tm,74.03,0.2854878260004625,0.06178659200031689
WTM-NN,66,tm,74.97,0.28881074200035073,0.06237964499996451
WTM-NN,67,tm,75.16000000000001,0.2898451549999663,0.061302565000005416
WTM-NN,68,tm,71.89999999999999,0.28806981400066434,0.06126423099976819
WTM-NN,69,tm,73.1,0.29399312700024893,0.06118132899973716
WTM-NN,70,tm,72.78,0.2934838959999979,0.06162245699943014
WTM-NN,71,tm,74.45,0.2967621859997962,0.06090629499976785
WTM-NN,72,tm,72.32,0.292551167000056,0.06104494800001703
WTM-NN,73,tm,74.46000000000001,0.29579792699951213,0.06075002399938967
WTM-NN,74,tm,74.5,0.2871396390000882,0.061092925999219005
WTM-NN,75,tm,72.31,0.2885567399998763,0.061790409999957774
WTM-NN,76,tm,72.31,0.2969922080001197,0.06063121399984084
WTM-NN,77,tm,72.57000000000001,0.2971660460007115,0.062268687000141654
WTM-NN,78,tm,74.33999999999999,0.29635446399970533,0.06087360999936209
WTM-NN,79,tm,73.83,0.2904122429999916,0.06107150699972408
WTM-NN,80,tm,75.86,0.2875896109999303,0.061284999000235985
WTM-NN,81,tm,72.36,0.2882150109999202,0.06189961400013999
WTM-NN,82,tm,74.8,0.28820535100021516,0.06118417299967405
WTM-NN,83,tm,69.66,0.2870488540002043,0.061746093999317964
WTM-NN,84,tm,72.89999999999999,0.28277152800001204,0.062111869000545994
WTM-NN,85,tm,71.87,0.28082364900001267,0.06139183699997375
WTM-NN,86,tm,74.21,0.28919282500010013,0.0622957489995315
WTM-NN,87,tm,71.03,0.29460886900051264,0.06102308999925299
WTM-NN,88,tm,70.94,0.29789432500001567,0.061948010999913095
WTM-NN,89,tm,72.86,0.2877140860000509,0.06120770100005757
WTM-NN,90,tm,69.06,0.29664206500001455,0.062249703000816226
WTM-NN,91,tm,72.09,0.2851560539993443,0.06252771599974949
WTM-NN,92,tm,72.88,0.29242065499965975,0.061585278000166
WTM-NN,93,tm,73.41,0.28248654599974543,0.061262189999979455
WTM-NN,94,tm,73.92,0.2855502560005334,0.061660888999540475
WTM-NN,95,tm,73.33,0.29241538099995523,0.06176354900071601
WTM-NN,96,tm,72.43,0.2802821800005404,0.06193983199955255
WTM-NN,97,tm,74.19,0.2933123769998929,0.060659060000034515
WTM-NN,98,tm,73.15,0.2936362939999526,0.061105681999833905
WTM-NN,99,tm,71.57,0.28837553700032004,0.06075976899956004
WTM-NN,100,tm,72.48,0.2897816220001914,0.06062989400015795
WTM-NN,101,tm,74.15,0.29123968000021705,0.061299011999835784
WTM-NN,102,tm,67.69,0.2855586060004498,0.061332869000580104
WTM-NN,103,tm,73.35000000000001,0.29268782999952236,0.06253804700008914
WTM-NN,104,tm,72.17,0.28763485699982994,0.06169367100028467
WTM-NN,105,tm,73.19,0.27365193600053317,0.06245582000065042
WTM-NN,106,tm,71.25,0.28682967300028395,0.0609524359997522
WTM-NN,107,tm,73.88,0.2997928710001361,0.06147518600027979
WTM-NN,108,tm,70.84,0.2799699050001436,0.061644682999940414
WTM-NN,109,tm,74.45,0.2864007470006982,0.061916745000416995
WTM-NN,110,tm,73.89,0.29006047300026694,0.061836315000618924
WTM-NN,111,tm,70.0,0.29044202899967786,0.06135324200022296
WTM-NN,112,tm,72.28999999999999,0.2917624080000678,0.061901927999315376
WTM-NN,113,tm,73.41,0.291172424999786,0.06165756199970929
WTM-NN,114,tm,73.28,0.2926219119999587,0.06193936700037739
WTM-NN,115,tm,73.49,0.29412509899975703,0.06125154599976668
WTM-NN,116,tm,74.87,0.2860871849998148,0.06151680099992518
WTM-NN,117,tm,73.54,0.2932538469995052,0.0681165060004787
WTM-NN,118,tm,72.07000000000001,0.2868313560002207,0.06123980800020945
WTM-NN,119,tm,74.92999999999999,0.2864796280000519,0.06497183400006179
WTM-NN,120,tm,73.94,0.28361417799987976,0.0609609660004935
WTM-NN,121,tm,72.81,0.29186721200039756,0.061776891000590695
WTM-NN,122,tm,70.06,0.2944723359996715,0.060911831999874266
WTM-NN,123,tm,74.46000000000001,0.29872186800002964,0.0612570040002538
WTM-NN,124,tm,74.27,0.28494563500044023,0.06089374700059125
WTM-NN,125,tm,74.25,0.29458983600034117,0.061220890000186046
WTM-NN,126,tm,70.53,0.28035600899966084,0.060988873000496824
WTM-NN,127,tm,73.11999999999999,0.292289338000046,0.06105974700039951
WTM-NN,128,tm,72.42,0.2841436859998794,0.06082186899948283
WTM-NN,129,tm,75.06,0.2890336179998485,0.062207840999690234
WTM-NN,130,tm,71.55,0.2845383280000533,0.06092164099936781
WTM-NN,131,tm,75.26,0.29781465900032345,0.060807584000031056
WTM-NN,132,tm,74.85000000000001,0.2877573730002041,0.062086116000500624
WTM-NN,133,tm,74.55000000000001,0.29080299800079956,0.061270135999620834
WTM-NN,134,tm,74.1,0.28149451700028294,0.06115453799975512
WTM-NN,135,tm,71.26,0.2899164649998056,0.06016676900071616
WTM-NN,136,tm,72.39999999999999,0.28920671200012293,0.0610671389995332
WTM-NN,137,tm,72.92999999999999,0.2995092629998908,0.0623947069998394
WTM-NN,138,tm,74.08,0.2845090729997537,0.06086336599946662
WTM-NN,139,tm,72.86,0.29256106299999374,0.06147951200000534
WTM-NN,140,tm,75.9,0.2925167640005384,0.0607131169999775
WTM-NN,141,tm,71.85000000000001,0.2862857410000288,0.06139592599993193
WTM-NN,142,tm,74.92999999999999,0.288175388000127,0.060602266999921994
WTM-NN,143,tm,74.37,0.2828516120007407,0.061066408999977284
WTM-NN,144,tm,72.46000000000001,0.285019674999603,0.061055022999426
WTM-NN,145,tm,73.39,0.2839381220001087,0.061071342999639455
WTM-NN,146,tm,74.5,0.2858980929995596,0.06123363699953188
WTM-NN,147,tm,74.82,0.2819994470000893,0.06130227199992078
WTM-NN,148,tm,73.25,0.2927044970001589,0.060896402999787824
WTM-NN,149,tm,71.58,0.2858576050002739,0.06111223199968663
WTM-NN,150,tm,74.53999999999999,0.28570447899983265,0.061169750999397365
WTM-NN,151,nn,78.2,0.19092808499954117,0.06224685400047747
WTM-NN,152,nn,78.86999999999999,0.25268501400023524,0.06780412399984925
WTM-NN,153,nn,79.39,0.17986553399987315,0.06031360599990876
WTM-NN,154,nn,79.47,0.19399460800013912,0.06691087800027162
WTM-NN,155,nn,79.5,0.1789509750005891,0.06482251800025551
WTM-NN,156,nn,79.67999999999999,0.19362832400020125,0.06685748199925001
WTM-NN,157,nn,79.7,0.17978087800020148,0.06273758399947837
WTM-NN,158,nn,79.67,0.18315372699998989,0.06110821700076485
WTM-NN,159,nn,79.92,0.2368512950006334,0.061874340000031225
WTM-NN,160,nn,79.9,0.18945354199968278,0.06177026100067451
WTM-NN,161,nn,79.89,0.18064902199967037,0.06647676500051602
WTM-NN,162,nn,79.84,0.18008996499975183,0.06014942500041798
WTM-NN,163,nn,79.99000000000001,0.23982506900028966,0.06163307499991788
WTM-NN,164,nn,79.79,0.17920225599937112,0.06010666499969375
WTM-NN,165,nn,80.08999999999999,0.1948652230003063,0.06645887000013317
WTM-NN,166,nn,79.97999999999999,0.1796762439998929,0.059976162000566546
WTM-NN,167,nn,79.92,0.18676628400044137,0.06161080099991523
WTM-NN,168,nn,79.97,0.17976723600077094,0.06203074000040942
WTM-NN,169,nn,79.97999999999999,0.1785662180000145,0.062281802000143216
WTM-NN,170,nn,79.92,0.17922230700060027,0.061264785999810556
WTM-NN,171,nn,80.05,0.24496783499944286,0.06059796799945616
WTM-NN,172,nn,80.06,0.19386811000003945,0.06265880600039964
WTM-NN,173,nn,80.02,0.19337838999945234,0.06110193899985461
WTM-NN,174,nn,80.06,0.17945827000039571,0.060950363999836554
WTM-NN,175,nn,80.02,0.2465327990003061,0.06074446999991778
WTM-NN,176,nn,80.11,0.1786767969997527,0.06037762400046631
WTM-NN,177,nn,80.11,0.18148655200002395,0.06147238500034291
WTM-NN,178,nn,80.05,0.17898115400021197,0.06200329300008889
WTM-NN,179,nn,80.12,0.17915723799978878,0.05998562199965818
WTM-NN,180,nn,80.08999999999999,0.19372022400057176,0.06109115599974757
WTM-NN,181,nn,80.33,0.17509840900038398,0.06132535699998698
WTM-NN,182,nn,80.23,0.19039597800019692,0.05975855300039257
WTM-NN,183,nn,80.22,0.2510171670001,0.06066953000026842
WTM-NN,184,nn,80.17999999999999,0.1845066810001299,0.05968120400029875
WTM-NN,185,nn,80.25,0.19383204100086004,0.06020443199940928
WTM-NN,186,nn,80.25,0.19290735199956544,0.06069853000008152
WTM-NN,187,nn,80.24,0.25161750999996,0.06097569599933195
WTM-NN,188,nn,80.21000000000001,0.19457003200022882,0.06207694599925162
WTM-NN,189,nn,80.32000000000001,0.19394088700028078,0.060132517000056396
WTM-NN,190,nn,80.2,0.1931647499995961,0.06145298799947341
WTM-NN,191,nn,80.35,0.17588197699933517,0.06026467900028365
WTM-NN,192,nn,80.14,0.19307859199943778,0.06024789500042971
WTM-NN,193,nn,80.39,0.19390296099936677,0.06213268999999855
WTM-NN,194,nn,80.36999999999999,0.2498542670000461,0.060968218999732926
WTM-NN,195,nn,80.31,0.1963227830001415,0.059705435000068974
WTM-NN,196,nn,80.24,0.19299285000033706,0.060327117000269936
WTM-NN,197,nn,80.32000000000001,0.19412470899987966,0.0606575170004362
WTM-NN,198,nn,80.44,0.25228251299995463,0.061069180999766104
WTM-NN,199,nn,80.36999999999999,0.19312062700009847,0.05969465899943316
WTM-NN,200,nn,80.28999999999999,0.19286533300055453,0.06127273600031913
WTM-NN,201,nn,80.36999999999999,0.19506983799965383,0.06059477100006916
WTM-NN,202,nn,80.41,0.1919483460005722,0.06109557199943083
WTM-NN,203,nn,80.36999999999999,0.19260825899982592,0.06137250999927346
WTM-NN,204,nn,80.25,0.19471785800033103,0.06045959800030687
WTM-NN,205,nn,80.34,0.1931973120008479,0.06033937899974262
WTM-NN,206,nn,80.44,0.25122937800006184,0.0602995679992091
WTM-NN,207,nn,80.38,0.1935934510001971,0.059872156999517756
WTM-NN,208,nn,80.36999999999999,0.1929673829999956,0.06123076400035643
WTM-NN,209,nn,80.31,0.193939601999773,0.060814565000328
WTM-NN,210,nn,80.47,0.25244763499995315,0.061407361999954446
WTM-NN,211,nn,80.38,0.19511017900003935,0.06126324500019109
WTM-NN,212,nn,80.23,0.19231850799951644,0.061300485000174376
WTM-NN,213,nn,80.54,0.19271776000005048,0.060606190999351384
WTM-NN,214,nn,80.25999999999999,0.18319351799982542,0.060150287999931606
WTM-NN,215,nn,80.21000000000001,0.17911478400037595,0.06094951900013257
WTM-NN,216,nn,80.36,0.1790822559996741,0.06167820300015592
WTM-NN,217,nn,80.62,0.17846884300070087,0.06050170500020613
WTM-NN,218,nn,80.44,0.24630848200013133,0.06029491600020265
WTM-NN,219,nn,80.43,0.19277167200016265,0.06178868999995757
WTM-NN,220,nn,80.57,0.18649199700030294,0.06117109399929177
WTM-NN,221,nn,80.47999999999999,0.18220441799985565,0.06059611999990011
WTM-NN,222,nn,80.36,0.23820763799994893,0.06042015500042908
WTM-NN,223,nn,80.53,0.1794554629996128,0.06167869500040979
WTM-NN,224,nn,80.27,0.18235162400014815,0.060950956000851875
WTM-NN,225,nn,80.36,0.18774444599966955,0.06023116799951822
WTM-NN,226,nn,80.41,0.1939858630003073,0.062482068999997864
WTM-NN,227,nn,80.43,0.18388187599975936,0.06105604699951073
WTM-NN,228,nn,80.63,0.1809380249997048,0.06167081199964741
WTM-NN,229,nn,80.24,0.23736656599976413,0.06016023100073653
WTM-NN,230,nn,80.47999999999999,0.19157798300057038,0.062203307000345376
WTM-NN,231,nn,80.42,0.19445064200044726,0.061418599999342405
WTM-NN,232,nn,80.44,0.1934575160003078,0.06135844799973711
WTM-NN,233,nn,80.49,0.25121970500003954,0.0597222549995422
WTM-NN,234,nn,80.47,0.1915459119991283,0.06615713500013953
WTM-NN,235,nn,80.45,0.19492906100003893,0.061332279999987804
WTM-NN,236,nn,80.32000000000001,0.19351781000023038,0.06372833400018862
WTM-NN,237,nn,80.34,0.19337463100055174,0.061497388999669056
WTM-NN,238,nn,80.23,0.19203016000028583,0.06223277099979896
WTM-NN,239,nn,80.51,0.19270254299954104,0.062157749999641965
WTM-NN,240,nn,80.53,0.19219588400028442,0.060775850000027276
WTM-NN,241,nn,80.36999999999999,0.24702699400040729,0.06035003900069569
WTM-NN,242,nn,80.28999999999999,0.17924430599941843,0.0609827119997135
WTM-NN,243,nn,80.39,0.17942692399992666,0.06099731099948258
WTM-NN,244,nn,80.51,0.17906368400053907,0.0603798199999801
WTM-NN,245,nn,80.43,0.23757251400002133,0.060378435999155045
WTM-NN,246,nn,80.58999999999999,0.17899924399989686,0.06143997999970452
WTM-NN,247,nn,80.25,0.17909266100014065,0.06149657399964781
WTM-NN,248,nn,80.41,0.17411752099997102,0.06159232400023029
WTM-NN,249,nn,80.47,0.1851834869994491,0.06026463300077012
WTM-NN,250,nn,80.31,0.19204177699975844,0.06022681400008878
WTM-NN,251,nn,80.5,0.19246642899997823,0.06028147100005299
WTM-NN,252,nn,80.44,0.1790185930003645,0.060316444999443775
WTM-NN,253,nn,80.35,0.23719333000008191,0.061429931999555265
WTM-NN,254,nn,80.47999999999999,0.18227706299967394,0.06226076100028877
WTM-NN,255,nn,80.27,0.18169724100062012,0.06260794600075315
WTM-NN,256,nn,80.32000000000001,0.17986551099966164,0.06018497999957617
WTM-NN,257,nn,80.46,0.23827966499993636,0.06141086399929918
WTM-NN,258,nn,80.5,0.1818185000001904,0.061493672000324295
WTM-NN,259,nn,80.45,0.17860613600078068,0.06220731099983823
WTM-NN,260,nn,80.51,0.1784101510002074,0.06114379300015571
WTM-NN,261,nn,80.35,0.17939183199996478,0.06127549099983298
WTM-NN,262,nn,80.36999999999999,0.18004895100057183,0.06098214499979804
WTM-NN,263,nn,80.31,0.17826940800023294,0.05949306299953605
WTM-NN,264,nn,80.4,0.17918056300004537,0.06083713099997112
WTM-NN,265,nn,80.43,0.24058682499980932,0.06220619699979579
WTM-NN,266,nn,80.46,0.17878071800078033,0.06135225799971522
WTM-NN,267,nn,80.45,0.19373106000057305,0.06135431199982122
WTM-NN,268,nn,80.53,0.19520317499973316,0.06183006699939142
WTM-NN,269,nn,80.45,0.2534496400003263,0.06054564500027482
WTM-NN,270,nn,80.46,0.191824767000071,0.05959710199931578
WTM-NN,271,nn,80.47,0.1910621999995783,0.06089821499972459
WTM-NN,272,nn,80.5,0.1781787859999895,0.06087445699995442
WTM-NN,273,nn,80.47,0.1919155059995319,0.061236780999934126
WTM-NN,274,nn,80.32000000000001,0.19299903299997823,0.06050915899959364
WTM-NN,275,nn,80.28999999999999,0.19154867399993236,0.060395863999474386
WTM-NN,276,nn,80.43,0.24753956499989727,0.060108122999736224
WTM-NN,277,nn,80.15,0.17949316399972304,0.06116252100036945
WTM-NN,278,nn,80.30000000000001,0.18914324500019575,0.06204954099939641
WTM-NN,279,nn,80.57,0.19005259699952148,0.06077585799994267
WTM-NN,280,nn,80.30000000000001,0.2505319589999999,0.0617766710001888
WTM-NN,281,nn,80.49,0.19299216999934288,0.06028532999971503
WTM-NN,282,nn,80.34,0.1758978540001408,0.060511460000270745
WTM-NN,283,nn,80.47999999999999,0.19310327599941957,0.060314426999866555
WTM-NN,284,nn,80.54,0.192362960000537,0.05943462499999441
WTM-NN,285,nn,80.47,0.1888993130005474,0.059572049000053084
WTM-NN,286,nn,80.42,0.19312469600026816,0.06064790899927175
WTM-NN,287,nn,80.67,0.1913114199996926,0.06043774299996585
WTM-NN,288,nn,80.55,0.25147566800023924,0.06248452899944823
WTM-NN,289,nn,80.4,0.19147903100019903,0.06010756599971501
WTM-NN,290,nn,80.47999999999999,0.19292858999961027,0.06107337900084531
WTM-NN,291,nn,80.39,0.1933922750004058,0.059714967000218167
WTM-NN,292,nn,80.52,0.25403924100010045,0.06052356399959535
WTM-NN,293,nn,80.42,0.19214537599964387,0.06159742999989248
WTM-NN,294,nn,80.28999999999999,0.19140349200006312,0.06145066199951543
WTM-NN,295,nn,80.43,0.18785217900040152,0.0600919429998612
WTM-NN,296,nn,80.41,0.19351644500056864,0.06148952100011229
WTM-NN,297,nn,80.36,0.19223322300058499,0.06230126999980712
WTM-NN,298,nn,80.42,0.18550293799944484,0.06170339299933403
WTM-NN,299,nn,80.30000000000001,0.1778386040004989,0.06113344900040829
WTM-NN,300,nn,80.31,0.23800304300038988,0.061827189999348775
WTM-NN,301,nn,80.49,0.17955132499992033,0.0619124679997185
WTM-NN,302,nn,80.43,0.18279673300003196,0.06007105299977411
WTM-NN,303,nn,80.38,0.18390956100029143,0.06200036600057501
WTM-NN,304,nn,80.36999999999999,0.251138730999628,0.062144026000169106
WTM-NN,305,nn,80.43,0.19278701599978376,0.06054371100071876
WTM-NN,306,nn,80.33,0.19024797700058116,0.061000009999588656
WTM-NN,307,nn,80.24,0.1915260309997393,0.06016535599974304
WTM-NN,308,nn,80.39,0.19109965200004808,0.0602240090001942
WTM-NN,309,nn,80.32000000000001,0.1762304789999689,0.05981919299938454
WTM-NN,310,nn,80.42,0.1917964899994331,0.06068708499969944
WTM-NN,311,nn,80.44,0.2518617969999468,0.06088445800014597
WTM-NN,312,nn,80.42,0.18677967999974499,0.06058174000008876
WTM-NN,313,nn,80.24,0.19329777300026763,0.06028225000045495
WTM-NN,314,nn,80.58,0.18776017899926956,0.06110364699998172
WTM-NN,315,nn,80.39,0.25225796599988826,0.06111514099939086
WTM-NN,316,nn,80.53,0.19469766800011712,0.0597446410001794
WTM-NN,317,nn,80.58,0.19168279699988489,0.0606447059999482
WTM-NN,318,nn,80.4,0.19236828700013575,0.06039515200063761
WTM-NN,319,nn,80.66,0.1772412020000047,0.06042730700028187
WTM-NN,320,nn,80.41,0.1927644240004156,0.059846557999662764
WTM-NN,321,nn,80.46,0.18990952300009667,0.06055547900086822
WTM-NN,322,nn,80.49,0.1928702000004705,0.06054470799972478
WTM-NN,323,nn,80.36,0.2528011329995934,0.062241941999673145
WTM-NN,324,nn,80.35,0.19377040400013357,0.06002728199928242
WTM-NN,325,nn,80.5,0.19295799100018485,0.060059399000238045
WTM-NN,326,nn,80.41,0.1839300439996805,0.060360557999956654
WTM-NN,327,nn,80.31,0.25079820599967206,0.06091222699978971
WTM-NN,328,nn,80.39,0.1813408009993509,0.06211747199995443
WTM-NN,329,nn,80.56,0.18241987399960635,0.06056403900038276
WTM-NN,330,nn,80.46,0.17811294900002395,0.06058730299992021
WTM-NN,331,nn,80.41,0.17899175399998057,0.061460631000045396
WTM-NN,332,nn,80.39,0.18929716200000257,0.05904536399975768
WTM-NN,333,nn,80.43,0.19303452300027857,0.06065887900058442
WTM-NN,334,nn,80.44,0.1928499190007642,0.060997702999884496
WTM-NN,335,nn,80.28999999999999,0.2535949180000898,0.06039039299957949
WTM-NN,336,nn,80.54,0.17468569700031367,0.05905052700018132
WTM-NN,337,nn,80.43,0.19357378800032166,0.05754089600031875
WTM-NN,338,nn,80.36,0.1884261819996027,0.0604604019999897
WTM-NN,339,nn,80.28,0.2415631290004967,0.05947221400037961
WTM-NN,340,nn,80.35,0.19263197600048443,0.060335033999763255
WTM-NN,341,nn,80.35,0.18833301399990887,0.060144713999761734
WTM-NN,342,nn,80.38,0.1849460100002034,0.06172097200033022
WTM-NN,343,nn,80.44,0.1895376259999466,0.06034919500052638
WTM-NN,344,nn,80.51,0.1930000039992592,0.061117967999962275
WTM-NN,345,nn,80.52,0.18913248399985605,0.06039243900067959
WTM-NN,346,nn,80.39,0.24604917600026965,0.060528334000082396
WTM-NN,347,nn,80.4,0.19498211800055287,0.06146146300034161
WTM-NN,348,nn,80.49,0.19395518900000752,0.060685335000016494
WTM-NN,349,nn,80.45,0.1914828890003264,0.06027120399994601
WTM-NN,350,nn,80.44,0.2538078030001998,0.06047577000026649
WTM-NN,351,nn,80.39,0.19184294500064425,0.06161524599974655
WTM-NN,352,nn,80.42,0.19305107399941335,0.060759450999285036
WTM-NN,353,nn,80.32000000000001,0.1917262609995305,0.06166828000004898
WTM-NN,354,nn,80.25999999999999,0.19118689100014308,0.06010190500001045
WTM-NN,355,nn,80.39,0.19358660800025973,0.06127547400046751
WTM-NN,356,nn,80.54,0.17927989599957073,0.060980684000242036
WTM-NN,357,nn,80.46,0.192759157999717,0.06073559300057241
WTM-NN,358,nn,80.56,0.25176652500067576,0.06028445700030716
WTM-NN,359,nn,80.65,0.18995940200056793,0.0600966480005809
WTM-NN,360,nn,80.43,0.19163209999987885,0.0599786029997631
WTM-NN,361,nn,80.35,0.19171412699961365,0.06063018799977726
WTM-NN,362,nn,80.5,0.24674902800052223,0.06083742999999231
WTM-NN,363,nn,80.32000000000001,0.17898640600014915,0.061865441000009014
WTM-NN,364,nn,80.4,0.17896293699959642,0.06083653600035177
WTM-NN,365,nn,80.38,0.17883532499945431,0.06142326799999864
WTM-NN,366,nn,80.34,0.18171246600013546,0.060100034000242886
WTM-NN,367,nn,80.58,0.17880151600002137,0.05967872899964277
WTM-NN,368,nn,80.46,0.17875770600039687,0.0610203520000141
WTM-NN,369,nn,80.44,0.17843851399993582,0.06140521399993304
WTM-NN,370,nn,80.56,0.2385502120005185,0.06073708599979
WTM-NN,371,nn,80.38,0.1792601579991242,0.06144070000027568
WTM-NN,372,nn,80.55,0.18263322100028745,0.06045146199994633
WTM-NN,373,nn,80.33,0.18380355399949622,0.06018736100031674
WTM-NN,374,nn,80.51,0.25175329400008195,0.061346039000454766
WTM-NN,375,nn,80.46,0.19362929099952453,0.061812371000087296
WTM-NN,376,nn,80.35,0.18028010000034556,0.061284872999749496
WTM-NN,377,nn,80.49,0.1766393469997638,0.0601227770002879
WTM-NN,378,nn,80.34,0.19258083800013992,0.05840953500046453
WTM-NN,379,nn,80.4,0.18958363700039627,0.06109075699987443
WTM-NN,380,nn,80.39,0.1774680630005605,0.058994717999667046
WTM-NN,381,nn,80.19,0.250806711000223,0.060939366000638984
WTM-NN,382,nn,80.52,0.17512626999996428,0.05940951600041444
WTM-NN,383,nn,80.31,0.18845754100038903,0.060066251000534976
WTM-NN,384,nn,80.47,0.1917877400001089,0.0598889840002812
WTM-NN,385,nn,80.47999999999999,0.2519799209994744,0.05963206300020829
WTM-NN,386,nn,80.42,0.1928914239997539,0.060376661000191234
WTM-NN,387,nn,80.47999999999999,0.1915545480005676,0.05905740300022444
WTM-NN,388,nn,80.44,0.1916655589993752,0.06129243800023687
WTM-NN,389,nn,80.47999999999999,0.19346914400011883,0.059793522999825655
WTM-NN,390,nn,80.49,0.17871778900007484,0.060911004000445246
WTM-NN,391,nn,80.4,0.19329509899944242,0.061662805000196386
WTM-NN,392,nn,80.21000000000001,0.1922224340005414,0.06062609600030555
WTM-NN,393,nn,80.42,0.25352790400029335,0.060083200999542896
WTM-NN,394,nn,80.38,0.1934189339999648,0.061513175000072806
WTM-NN,395,nn,80.46,0.1905920339995646,0.06180555100036145
WTM-NN,396,nn,80.42,0.19607086299947696,0.061534547000519524
WTM-NN,397,nn,80.49,0.2523842659993534,0.05966680099936639
WTM-NN,398,nn,80.28999999999999,0.19521051300034742,0.05983943299997918
WTM-NN,399,nn,80.36,0.19237787299971387,0.05973838599948067
WTM-NN,400,nn,80.58,0.17570586900001217,0.059434652000163624
WTM-NN,401,nn,80.4,0.19370972999968217,0.06055401300000085
WTM-NN,402,nn,80.42,0.1850806829997964,0.059952104999865696
WTM-NN,403,nn,80.36,0.18044499099960376,0.06032702700031223
WTM-NN,404,nn,80.42,0.17893004000052315,0.06130563499937125
WTM-NN,405,nn,80.53,0.2379817640003239,0.0603114599998662
WTM-NN,406,nn,80.42,0.17958201700002974,0.06044692099931126
WTM-NN,407,nn,80.61,0.18251230500027305,0.057970054000179516
WTM-NN,408,nn,80.21000000000001,0.1797983460000978,0.06124884899963945
WTM-NN,409,nn,80.38,0.23808341500080132,0.061999309999919205
WTM-NN,410,nn,80.54,0.18262480399971537,0.061560021999866876
WTM-NN,411,nn,80.60000000000001,0.17880914499983191,0.06121149899990996
WTM-NN,412,nn,80.43,0.17899146399940946,0.05983157099944947
WTM-NN,413,nn,80.4,0.19338562499979162,0.06123974199999793
WTM-NN,414,nn,80.45,0.19363673600037146,0.058557941999424656
WTM-NN,415,nn,80.47999999999999,0.19198586299989984,0.05972197499977483
WTM-NN,416,nn,80.5,0.24691598899971723,0.06008933400062233
WTM-NN,417,nn,80.2,0.18039122800018959,0.06200865199934924
WTM-NN,418,nn,80.54,0.1941884050002045,0.0604444489999878
WTM-NN,419,nn,80.24,0.1923919239998213,0.06004325499998231
WTM-NN,420,nn,80.56,0.24208072900000843,0.06004804799977137
WTM-NN,421,nn,80.47999999999999,0.19354599400048755,0.06049022699971829
WTM-NN,422,nn,80.22,0.1927061099995626,0.06073057499997958
WTM-NN,423,nn,80.39,0.19211625199932314,0.060956848000387254
WTM-NN,424,nn,80.47,0.17462658400017972,0.06038614600038272
WTM-NN,425,nn,80.36,0.19275894000020344,0.0603445520000605
WTM-NN,426,nn,80.33,0.19265911300044536,0.060349536999638076
WTM-NN,427,nn,80.39,0.19344478899984097,0.06148725999992166
WTM-NN,428,nn,80.39,0.2504974540006515,0.060576652999770886
WTM-NN,429,nn,80.21000000000001,0.19427901600010955,0.06027216199981922
WTM-NN,430,nn,80.35,0.18146602300021186,0.06076931200004765
WTM-NN,431,nn,80.25,0.17715671000041766,0.059684161000404856
WTM-NN,432,nn,80.46,0.24493968099977792,0.06050869199953013
WTM-NN,433,nn,80.4,0.19186351999996987,0.06054890200084628
WTM-NN,434,nn,80.4,0.17584014300064155,0.06007113500072592
WTM-NN,435,nn,80.58999999999999,0.18454585800009227,0.06155290900005639
WTM-NN,436,nn,80.7,0.17721083699962037,0.05958412400013913
WTM-NN,437,nn,80.36999999999999,0.1785699519996342,0.06130462500004796
WTM-NN,438,nn,80.63,0.17336158600028284,0.060119847000351
WTM-NN,439,nn,80.28999999999999,0.17891326200060576,0.060298433999378176
WTM-NN,440,nn,80.47,0.24677881500065268,0.06044511300024169
WTM-NN,441,nn,80.38,0.17498200599948177,0.06102378900050098
WTM-NN,442,nn,80.47999999999999,0.19291747999977815,0.061226995000652096
WTM-NN,443,nn,80.52,0.17243335100010881,0.06103205299950787
WTM-NN,444,nn,80.60000000000001,0.24411889000020892,0.060706106999532494
WTM-NN,445,nn,80.46,0.1931429059995935,0.060176420000061626
WTM-NN,446,nn,80.28999999999999,0.18725211299988587,0.06044964600005187
WTM-NN,447,nn,80.33,0.18465848800042295,0.061673961999986204
WTM-NN,448,nn,80.38,0.19180702200083033,0.06084369900054298
WTM-NN,449,nn,80.47999999999999,0.1850104109998938,0.060134516000289295
WTM-NN,450,nn,80.32000000000001,0.1806351449995418,0.06012744300005579
WTM-NN,451,nn,80.32000000000001,0.1887304639994909,0.05986770500021521
WTM-NN,452,nn,80.5,0.24847653899996658,0.06057312700067996
WTM-NN,453,nn,80.4,0.18461226799990982,0.06042588699983753
WTM-NN,454,nn,80.38,0.1799544010000318,0.05997512900012225
WTM-NN,455,nn,80.43,0.18073655100033648,0.06050947099993209
WTM-NN,456,nn,80.53,0.25238921599975583,0.06077764200017555
WTM-NN,457,nn,80.44,0.18323655400035932,0.05996471999969799
WTM-NN,458,nn,80.30000000000001,0.18240657999922405,0.06042764699941472
WTM-NN,459,nn,80.4,0.1789983349999602,0.06035844800044288
WTM-NN,460,nn,80.56,0.17829610100034188,0.06020854100006545
WTM-NN,461,nn,80.43,0.1791550809994078,0.06038856599934661
WTM-NN,462,nn,80.36999999999999,0.1794240950002859,0.06069257000035577
WTM-NN,463,nn,80.23,0.23717514800046047,0.0608958540005915
WTM-NN,464,nn,80.47,0.17920562699964648,0.06048800600001414
WTM-NN,465,nn,80.57,0.18197077499917214,0.06124206000004051
WTM-NN,466,nn,80.47,0.17970382600015,0.06054993199995806
WTM-NN,467,nn,80.35,0.23702778299957572,0.06103330800033291
WTM-NN,468,nn,80.4,0.1816173360002722,0.060142338999867206
WTM-NN,469,nn,80.34,0.17906929800028593,0.05960738900012075
WTM-NN,470,nn,80.15,0.1796176550005839,0.06056406399966363
WTM-NN,471,nn,80.28999999999999,0.17849048300013237,0.06031249999978172
WTM-NN,472,nn,80.5,0.18200308199993742,0.06034469799942599
WTM-NN,473,nn,80.45,0.17962523200003488,0.06104517899984785
WTM-NN,474,nn,80.21000000000001,0.17862018499999976,0.06036380200021085
WTM-NN,475,nn,80.30000000000001,0.24032847699982085,0.06057907300055376
WTM-NN,476,nn,80.49,0.179145430999597,0.06050463100018533
WTM-NN,477,nn,80.42,0.1787495039998248,0.05953056600083073
WTM-NN,478,nn,80.4,0.17838698899959127,0.05908445500062953
WTM-NN,479,nn,80.46,0.2458907629998066,0.05984540300050867
WTM-NN,480,nn,80.52,0.19342598200000793,0.06130890499935049
WTM-NN,481,nn,80.25,0.17941157199948066,0.06011389800005418
WTM-NN,482,nn,80.52,0.18624046100012492,0.06144469999981084
WTM-NN,483,nn,80.46,0.1925377670004309,0.060418341000513465
WTM-NN,484,nn,80.41,0.19333819700023014,0.060851646000628534
WTM-NN,485,nn,80.39,0.19321857200066006,0.060137550000035844
WTM-NN,486,nn,80.34,0.1828110040005413,0.060925601000235474
WTM-NN,487,nn,80.58999999999999,0.2526942520007651,0.061085240000466
WTM-NN,488,nn,80.25,0.1922859010001048,0.060126876999675005
WTM-NN,489,nn,80.45,0.17686555100044643,0.06027271499988274
WTM-NN,490,nn,80.36999999999999,0.1956114399999933,0.06097943000077066
WTM-NN,491,nn,80.38,0.25151060999996844,0.060399195999707445
WTM-NN,492,nn,80.54,0.18729152499963675,0.06001718100014841
WTM-NN,493,nn,80.51,0.19378197100013494,0.06052745200031495
WTM-NN,494,nn,80.43,0.184048623000308,0.05993237599977874
WTM-NN,495,nn,80.46,0.17883286600044812,0.06038777400044637
WTM-NN,496,nn,80.46,0.17831119399943418,0.06136654500005534
WTM-NN,497,nn,80.54,0.17889232900051866,0.06046724699990591
WTM-NN,498,nn,80.43,0.23812489600004483,0.06176940800014563
WTM-NN,499,nn,80.33,0.17861574500057031,0.05852319699988584
WTM-NN,500,nn,80.44,0.1923855189997994,0.06100865200005501
UTM-NN,1,tm,64.23,0.5904051709994746,0.06637512699944637
UTM-NN,2,tm,65.29,0.5348165549994519,0.06769892699958291
UTM-NN,3,tm,65.88000000000001,0.5257389670005068,0.067665737000425
UTM-NN,4,tm,66.21000000000001,0.5156561809999403,0.06749789900004544
UTM-NN,5,tm,66.44,0.5166671859997223,0.06783507599993754
UTM-NN,6,tm,66.95,0.5177082099999097,0.06871387099999993
UTM-NN,7,tm,66.18,0.5196513159999085,0.06803678300002503
UTM-NN,8,tm,67.23,0.5200369300000602,0.06846364899956825
UTM-NN,9,tm,66.75999999999999,0.5117767199999435,0.06721966599980078
UTM-NN,10,tm,66.8,0.5148210470006234,0.06875570100055484
UTM-NN,11,tm,67.03,0.5059289770006217,0.06770527100070467
UTM-NN,12,tm,67.15,0.5108400499993877,0.06870150300073874
UTM-NN,13,tm,66.79,0.512975034000192,0.0666499790004309
UTM-NN,14,tm,66.91,0.5016914489997362,0.06612801800019952
UTM-NN,15,tm,67.47999999999999,0.5126363469998978,0.06553280300067854
UTM-NN,16,tm,67.42,0.5027106919997095,0.06801563200042438
UTM-NN,17,tm,67.17999999999999,0.5091118000000279,0.06734788799985836
UTM-NN,18,tm,67.58999999999999,0.5038541399999303,0.06815461499991216
UTM-NN,19,tm,67.69,0.5064579569998386,0.06956972400075756
UTM-NN,20,tm,67.24,0.5091033459993923,0.06888991000050737
UTM-NN,21,tm,67.24,0.5061845810005252,0.06786134999947535
UTM-NN,22,tm,67.45,0.49789538599998195,0.0683001029992738
UTM-NN,23,tm,67.42,0.49186036600076477,0.06844176100003097
UTM-NN,24,tm,67.31,0.5078088710006341,0.06765747200006444
UTM-NN,25,tm,67.49000000000001,0.5071762239995223,0.0696943500006455
UTM-NN,26,tm,67.36,0.5086795589995745,0.06826105199979793
UTM-NN,27,tm,67.67999999999999,0.5097526609997658,0.06845388599958824
UTM-NN,28,tm,67.55,0.488141560999793,0.06812088000060612
UTM-NN,29,tm,67.63,0.5101093430002948,0.06919678699978249
UTM-NN,30,tm,67.55,0.5009439870000278,0.07271863799996936
UTM-NN,31,tm,67.52,0.5016215349996855,0.0687718169992877
UTM-NN,32,tm,67.32000000000001,0.5047071130002223,0.06875762500021665
UTM-NN,33,tm,67.39,0.5056267240006491,0.06896951199996693
UTM-NN,34,tm,67.35,0.4963060790005329,0.06831281899940223
UTM-NN,35,tm,67.56,0.4945924180001384,0.06878340000002936
UTM-NN,36,tm,67.47999999999999,0.5063617360001444,0.06813426999997318
UTM-NN,37,tm,67.89,0.4914508420006314,0.06986298300034832
UTM-NN,38,tm,67.60000000000001,0.5119021700002122,0.0674368529998901
UTM-NN,39,tm,67.71000000000001,0.4960525629994663,0.06732729200030008
UTM-NN,40,tm,67.7,0.5004273129998182,0.06855785799962177
UTM-NN,41,tm,67.86,0.5033277779994023,0.06854923599985341
UTM-NN,42,tm,67.80000000000001,0.4989674439993905,0.06871995700021216
UTM-NN,43,tm,67.69,0.4956637420000334,0.0687921999997343
UTM-NN,44,tm,67.66,0.4959793499992884,0.06853929199951381
UTM-NN,45,tm,67.99,0.497565389000556,0.06819885400000203
UTM-NN,46,tm,67.78,0.50470971499999,0.06825005700011388
UTM-NN,47,tm,67.69,0.5061359019991869,0.06833467800061044
UTM-NN,48,tm,67.60000000000001,0.5040654229997017,0.06848077099948569
UTM-NN,49,tm,67.52,0.5050105079999412,0.07054103900009068
UTM-NN,50,tm,67.9,0.5035082250005871,0.06903313000020717
UTM-NN,51,tm,67.61,0.509690581000541,0.06893123499958165
UTM-NN,52,tm,67.77,0.5052304760001789,0.06806489800055715
UTM-NN,53,tm,67.84,0.5057064279999395,0.06779128900052456
UTM-NN,54,tm,67.63,0.5114571160002015,0.06907626999964123
UTM-NN,55,tm,67.47999999999999,0.5026797450000231,0.06840162600019539
UTM-NN,56,tm,67.67999999999999,0.5169701999993777,0.06813584799965611
UTM-NN,57,tm,67.63,0.4996634080007425,0.06875667900021654
UTM-NN,58,tm,67.78,0.4948762809999607,0.0683860850003839
UTM-NN,59,tm,67.80000000000001,0.5003213979998691,0.0687801110007058
UTM-NN,60,tm,67.9,0.5085371569994095,0.06971178599997074
UTM-NN,61,tm,67.9,0.5054098959999465,0.06862563600043359
UTM-NN,62,tm,68.0,0.5041809610002019,0.06748709800012875
UTM-NN,63,tm,67.71000000000001,0.49626485299995693,0.06925512700036052
UTM-NN,64,tm,67.99,0.5121302710003874,0.06890902299983281
UTM-NN,65,tm,67.78999999999999,0.5059027190000052,0.06712502600021253
UTM-NN,66,tm,67.9,0.5012437929999578,0.07064354199974332
UTM-NN,67,tm,67.74,0.5052407290004339,0.06714783899951726
UTM-NN,68,tm,68.04,0.5027975109996987,0.06880001599984098
UTM-NN,69,tm,68.24,0.5009914209995259,0.0674149189999298
UTM-NN,70,tm,67.81,0.5049681219998092,0.06833524600006058
UTM-NN,71,tm,68.17999999999999,0.4975864409998394,0.06728158900023118
UTM-NN,72,tm,67.95,0.5018482730001779,0.0657250379999823
UTM-NN,73,tm,67.89,0.5045695130002059,0.06673042800048279
UTM-NN,74,tm,67.72,0.491167834999942,0.06990116499946453
UTM-NN,75,tm,67.62,0.503982059000009,0.06956962999993266
UTM-NN,76,tm,67.80000000000001,0.5064284789996236,0.07383985399974335
UTM-NN,77,tm,67.78999999999999,0.5061924400006319,0.06901745799950731
UTM-NN,78,tm,68.14,0.5045169420000093,0.06836383199970442
UTM-NN,79,tm,68.21000000000001,0.5048539079998591,0.0665788349997456
UTM-NN,80,tm,67.84,0.5033467129997007,0.06832890500027133
UTM-NN,81,tm,67.77,0.5123048900004505,0.06878626900015661
UTM-NN,82,tm,67.61,0.49924772399936046,0.06739319100051944
UTM-NN,83,tm,67.61,0.49215867899965815,0.06689818899940292
UTM-NN,84,tm,67.54,0.49364040399996156,0.06847213299988653
UTM-NN,85,tm,67.63,0.503724635999788,0.06844243200066558
UTM-NN,86,tm,67.75999999999999,0.5001161200007118,0.06863899100062554
UTM-NN,87,tm,67.57,0.49254311799995776,0.06698819900066155
UTM-NN,88,tm,67.60000000000001,0.4992716209999344,0.06925171200055047
UTM-NN,89,tm,67.60000000000001,0.5010554620002949,0.06840803700015385
UTM-NN,90,tm,67.80000000000001,0.5031093130000954,0.07005174299956707
UTM-NN,91,tm,67.54,0.5063848089994281,0.06824275799954194
UTM-NN,92,tm,67.41,0.502145410000594,0.06873102400004427
UTM-NN,93,tm,67.38,0.4973833590001959,0.06847409500005597
UTM-NN,94,tm,67.55,0.5034351120002611,0.06857767699966644
UTM-NN,95,tm,67.69,0.503814114999841,0.06901453099999344
UTM-NN,96,tm,67.44,0.5035623670000859,0.07001669900000707
UTM-NN,97,tm,67.58,0.5030310199999803,0.06904490099987015
UTM-NN,98,tm,67.65,0.49950643600004696,0.06775227599973732
UTM-NN,99,tm,67.67999999999999,0.5076747880002586,0.06757243500032928
UTM-NN,100,tm,67.78999999999999,0.5060115169999335,0.06740936400001374
UTM-NN,101,tm,67.86,0.5040018469999268,0.06861773699984042
UTM-NN,102,tm,67.49000000000001,0.503005657000358,0.06854776000000129
UTM-NN,103,tm,68.01,0.5053169000002526,0.06953918100043666
UTM-NN,104,tm,67.58999999999999,0.4956501759997991,0.06925806100025511
UTM-NN,105,tm,67.85,0.4949414570000954,0.06874532799974986
UTM-NN,106,tm,67.60000000000001,0.5081962399999611,0.06928720799987786
UTM-NN,107,tm,67.67999999999999,0.5060386059994926,0.07066860499980976
UTM-NN,108,tm,67.92,0.5019733450008061,0.0689445269999851
UTM-NN,109,tm,67.97999999999999,0.4993551980005577,0.06860077300007106
UTM-NN,110,tm,67.74,0.5037240809997456,0.06861181400017813
UTM-NN,111,tm,67.92,0.5008080489997155,0.06842365900047298
UTM-NN,112,tm,67.94,0.5016624509999019,0.06849381199936033
UTM-NN,113,tm,67.99,0.4966970579998815,0.06878870699983963
UTM-NN,114,tm,67.86999999999999,0.5120764129997042,0.06840442300017457
UTM-NN,115,tm,67.67999999999999,0.4991277319995788,0.0695557059998464
UTM-NN,116,tm,67.75999999999999,0.48942685300062294,0.06972274799954903
UTM-NN,117,tm,67.77,0.5071065629999794,0.06759299499935878
UTM-NN,118,tm,67.78,0.49828219699975307,0.06812442000045849
UTM-NN,119,tm,67.97999999999999,0.5029301279992069,0.06685931400079426
UTM-NN,120,tm,67.72,0.5023852920003264,0.06682912300038879
UTM-NN,121,tm,67.7,0.5116596720008602,0.06731348899938894
UTM-NN,122,tm,67.82000000000001,0.5024432339996565,0.0682094160001725
UTM-NN,123,tm,67.97,0.5112390779995621,0.0689089329998751
UTM-NN,124,tm,67.57,0.5084746239999731,0.06850441099959426
UTM-NN,125,tm,67.94,0.500265994000074,0.06839967999985674
UTM-NN,126,tm,67.97,0.5049868209998749,0.06841774999975314
UTM-NN,127,tm,67.66,0.49411924200012436,0.06797916300001816
UTM-NN,128,tm,67.51,0.4984641790006208,0.06806521199996496
UTM-NN,129,tm,67.86999999999999,0.4962806659996204,0.06792494900037127
UTM-NN,130,tm,67.34,0.5013203960006649,0.06869377700058976
UTM-NN,131,tm,66.97,0.5024663669992151,0.06987338299950352
UTM-NN,132,tm,67.4,0.5191909770001075,0.07037636399945768
UTM-NN,133,tm,67.69,0.5036509649999061,0.06792233999931341
UTM-NN,134,tm,67.94,0.5027386900001147,0.07012063099955412
UTM-NN,135,tm,68.10000000000001,0.5076063449996582,0.06579419599984249
UTM-NN,136,tm,67.69,0.5031081050001376,0.06868973699965863
UTM-NN,137,tm,67.93,0.49936203100060084,0.06727540999963821
UTM-NN,138,tm,68.04,0.49929420799981017,0.06953842399980203
UTM-NN,139,tm,67.55,0.5114754140004152,0.06783082099991589
UTM-NN,140,tm,67.69,0.5027067390001321,0.0685984460005784
UTM-NN,141,tm,67.56,0.4985511590002716,0.06703275899963046
UTM-NN,142,tm,67.77,0.5105078739998135,0.06828449000022374
UTM-NN,143,tm,67.92,0.4991216839998742,0.06833801599987055
UTM-NN,144,tm,68.30000000000001,0.5001178019992949,0.06833803700010321
UTM-NN,145,tm,68.02,0.5084970530006103,0.06906040600006236
UTM-NN,146,tm,68.58999999999999,0.5132893720001448,0.06772773800003051
UTM-NN,147,tm,68.08999999999999,0.5032120480000231,0.06922162299997581
UTM-NN,148,tm,67.74,0.498070122000172,0.0682232089993704
UTM-NN,149,tm,67.57,0.4952649950000705,0.06929404200036515
UTM-NN,150,tm,67.72,0.5050787240006684,0.0684707200007324
UTM-NN,151,nn,69.78999999999999,0.17286536099982186,0.07035623199953989
UTM-NN,152,nn,70.3,0.19225042600010056,0.0675014819998978
UTM-NN,153,nn,70.56,0.17174787700059824,0.0722029480002675
UTM-NN,154,nn,70.67,0.24925220000022819,0.06840654600000562
UTM-NN,155,nn,70.81,0.18468247900000279,0.07014545899983204
UTM-NN,156,nn,70.91,0.18200742999943031,0.07049662200006424
UTM-NN,157,nn,70.98,0.17922097700011363,0.06893072300044878
UTM-NN,158,nn,71.03,0.23770585500005836,0.07003224700019928
UTM-NN,159,nn,71.07,0.18014249699990614,0.0691578349997144
UTM-NN,160,nn,70.98,0.17830644700006815,0.06868384100016556
UTM-NN,161,nn,71.00999999999999,0.1794345100006467,0.06811146800009737
UTM-NN,162,nn,71.05,0.1942346460000408,0.07012192100046377
UTM-NN,163,nn,71.09,0.1867493049994664,0.0703118950004864
UTM-NN,164,nn,71.17,0.1820661209994796,0.0690477150001243
UTM-NN,165,nn,71.08,0.18310467200080893,0.06823065200023848
UTM-NN,166,nn,71.17,0.252133042999958,0.07064850400001887
UTM-NN,167,nn,71.13000000000001,0.18745143500018457,0.07205929700012348
UTM-NN,168,nn,71.16,0.18314302900034818,0.0695900900000197
UTM-NN,169,nn,71.32,0.17664328099999693,0.07040307800070877
UTM-NN,170,nn,71.41,0.24439152700051636,0.06863666299977922
UTM-NN,171,nn,71.2,0.18225146700024197,0.06816558499940584
UTM-NN,172,nn,71.21,0.18459969000014098,0.06895461699969019
UTM-NN,173,nn,71.28,0.18070234900005744,0.07059616600054142
UTM-NN,174,nn,71.2,0.18499759799942694,0.07051771300029941
UTM-NN,175,nn,71.33,0.18180298999959632,0.07113736500014056
UTM-NN,176,nn,71.28,0.17607716399925266,0.07215170499966916
UTM-NN,177,nn,71.37,0.17578377800055023,0.0733145259991943
UTM-NN,178,nn,71.31,0.2523509800003012,0.06879395699979796
UTM-NN,179,nn,71.31,0.19730307400004676,0.06952009199994791
UTM-NN,180,nn,71.34,0.18671174099927157,0.06945977100076561
UTM-NN,181,nn,71.3,0.19012100199961424,0.06864321000011842
UTM-NN,182,nn,71.34,0.23823082399940176,0.06958605300042109
UTM-NN,183,nn,71.28999999999999,0.19066237100014405,0.07102609399953508
UTM-NN,184,nn,71.36,0.18915549099983764,0.07024080700011837
UTM-NN,185,nn,71.32,0.18361749200084887,0.06875188599951798
UTM-NN,186,nn,71.32,0.1776655040002879,0.06945543300025747
UTM-NN,187,nn,71.28,0.17805929299993295,0.06819207800072036
UTM-NN,188,nn,71.37,0.17788434399972175,0.06958769299944834
UTM-NN,189,nn,71.36,0.23793178100004297,0.06924770400019042
UTM-NN,190,nn,71.25,0.18044255600034376,0.06945243399968604
UTM-NN,191,nn,71.39999999999999,0.18021542099995713,0.07007489900024666
UTM-NN,192,nn,71.21,0.1783234230006201,0.06933586700051819
UTM-NN,193,nn,71.3,0.24107181100043817,0.06914548599979753
UTM-NN,194,nn,71.34,0.18693833599991194,0.06953579199944215
UTM-NN,195,nn,71.28999999999999,0.19008115299948258,0.06974678799997491
UTM-NN,196,nn,71.36,0.1920220120000522,0.0702355430003081
UTM-NN,197,nn,71.38,0.19298755599993456,0.07588691500041023
UTM-NN,198,nn,71.17,0.18604936200063094,0.06876709700009087
UTM-NN,199,nn,71.25,0.1779719149999437,0.06907060800040199
UTM-NN,200,nn,71.26,0.18101096600003075,0.06942716899993684
UTM-NN,201,nn,71.27,0.2376454029999877,0.0717352169995138
UTM-NN,202,nn,71.28999999999999,0.1786625049999202,0.07036177500049234
UTM-NN,203,nn,71.3,0.1810509050001201,0.06921993699961604
UTM-NN,204,nn,71.37,0.17873442000018258,0.06898718800039205
UTM-NN,205,nn,71.24000000000001,0.23706322900034138,0.06922277299963753
UTM-NN,206,nn,71.26,0.1858429880003314,0.07140556600006676
UTM-NN,207,nn,71.24000000000001,0.1927007020003657,0.07095082399973762
UTM-NN,208,nn,71.34,0.19201699099994585,0.06929254200076684
UTM-NN,209,nn,71.32,0.19232313100019383,0.06999632599945471
UTM-NN,210,nn,71.33,0.19161294599962275,0.06959605300016847
UTM-NN,211,nn,71.33,0.1732240430001184,0.07088256899987755
UTM-NN,212,nn,71.31,0.19188895000024786,0.07047482400048466
UTM-NN,213,nn,71.33,0.25361389699992287,0.0713262509998458
UTM-NN,214,nn,71.28,0.1933394319994477,0.0710832089998803
UTM-NN,215,nn,71.28,0.18774411100002908,0.07266400699973019
UTM-NN,216,nn,71.22,0.23538537199965504,0.06806050500017591
UTM-NN,217,nn,71.2,0.1913973779992375,0.06985221200011438
UTM-NN,218,nn,71.23,0.19250792599996203,0.0696627780007475
UTM-NN,219,nn,71.19,0.1938172489999488,0.07209425600012764
UTM-NN,220,nn,71.13000000000001,0.1877437250004732,0.0720929890012485
UTM-NN,221,nn,71.27,0.17819569899984344,0.0715791349994106
UTM-NN,222,nn,71.24000000000001,0.19127267400108394,0.0708061479999742
UTM-NN,223,nn,71.27,0.1857610540009773,0.06962413300061598
UTM-NN,224,nn,71.32,0.23925806999977794,0.07122149399947375
UTM-NN,225,nn,71.47,0.1801395729999058,0.07228242599921941
UTM-NN,226,nn,71.25,0.1851003989995661,0.07142189200021676
UTM-NN,227,nn,71.28,0.19178312799886044,0.07161885499954224
UTM-NN,228,nn,71.36,0.25132435699924827,0.07117088499944657
UTM-NN,229,nn,71.31,0.17909158099973865,0.07037220200072625
UTM-NN,230,nn,71.23,0.18600720599897613,0.07261806099995738
UTM-NN,231,nn,71.25,0.17742198000087228,0.07178282900167687
UTM-NN,232,nn,71.41999999999999,0.18028062600023986,0.07129019700005301
UTM-NN,233,nn,71.23,0.1782212560010521,0.07007617700037372
UTM-NN,234,nn,71.38,0.17756161299985251,0.07048577299974568
UTM-NN,235,nn,71.3,0.17911268799980462,0.06969623999975738
UTM-NN,236,nn,71.25,0.2373600120008632,0.07012523400044302
UTM-NN,237,nn,71.41999999999999,0.17895902400050545,0.07206713400046283
UTM-NN,238,nn,71.39999999999999,0.1792812559997401,0.06961986799979059
UTM-NN,239,nn,71.26,0.1786337840003398,0.0713307400001213
UTM-NN,240,nn,71.16,0.23662371299906226,0.06757718399967416
UTM-NN,241,nn,71.36,0.17853861000003235,0.06945550099953834
UTM-NN,242,nn,71.24000000000001,0.1883800230007182,0.06856242700087023
UTM-NN,243,nn,71.37,0.187587981001343,0.07075092000013683
UTM-NN,244,nn,71.35000000000001,0.17686992199924134,0.07249923000017588
UTM-NN,245,nn,71.41,0.1890038760011521,0.06814674899942474
UTM-NN,246,nn,71.28999999999999,0.18481010899995454,0.0698115350005537
UTM-NN,247,nn,71.25,0.18391920500107517,0.06986867700106814
UTM-NN,248,nn,71.31,0.2560672089985019,0.06896681900070689
UTM-NN,249,nn,71.23,0.19196555300004547,0.07024589000138803
UTM-NN,250,nn,71.33,0.19537359100104368,0.06882497400147258
UTM-NN,251,nn,71.36,0.17641453100077342,0.06977214800099318
UTM-NN,252,nn,71.33,0.24828983799852722,0.07060120300047856
UTM-NN,253,nn,71.37,0.18392132400003902,0.06869189099961659
UTM-NN,254,nn,71.32,0.17837071999929321,0.06865201699838508
UTM-NN,255,nn,71.34,0.19047836599929724,0.06827029600026435
UTM-NN,256,nn,71.22,0.19280873200114002,0.06981021800129383
UTM-NN,257,nn,71.22,0.1900319659998786,0.0691819999992731
UTM-NN,258,nn,71.28999999999999,0.18885199500073213,0.06966595999983838
UTM-NN,259,nn,71.22,0.25147151300006954,0.0710647149990109
UTM-NN,260,nn,71.43,0.19268599299903144,0.06902851400082
UTM-NN,261,nn,71.03,0.19070584600012808,0.06931357399844273
UTM-NN,262,nn,71.17999999999999,0.17789643600008276,0.07086775899915665
UTM-NN,263,nn,71.22,0.24079632599932665,0.06750746599936974
UTM-NN,264,nn,71.2,0.18347364600049332,0.07042029299918795
UTM-NN,265,nn,71.31,0.19338184800108138,0.06780766900010349
UTM-NN,266,nn,71.26,0.1901263440013281,0.06941184700008307
UTM-NN,267,nn,71.22,0.1760069920001115,0.06973458900029073
UTM-NN,268,nn,71.25,0.1797116969992203,0.0684250369995425
UTM-NN,269,nn,71.28999999999999,0.18224595100036822,0.07141648600008921
UTM-NN,270,nn,71.36,0.188736621001226,0.0708146310007578
UTM-NN,271,nn,71.38,0.2403298189983616,0.07038803599971288
UTM-NN,272,nn,71.35000000000001,0.17158337199907692,0.07039691700083495
UTM-NN,273,nn,71.32,0.1849792199991498,0.07284281900138012
UTM-NN,274,nn,71.27,0.17527845000040543,0.06974997100041946
UTM-NN,275,nn,71.32,0.24878197600082785,0.06950512300136324
UTM-NN,276,nn,71.43,0.19176125100057106,0.07166562199927284
UTM-NN,277,nn,71.35000000000001,0.19046085599984508,0.0723168579988851
UTM-NN,278,nn,71.27,0.18487647199981438,0.07022327199956635
UTM-NN,279,nn,71.34,0.17947167999955127,0.07027884200033441
UTM-NN,280,nn,71.31,0.17520982299902244,0.07132705500043812
UTM-NN,281,nn,71.28,0.1803169209997577,0.07039785899905837
UTM-NN,282,nn,71.21,0.17827666100129136,0.0685720620003849
UTM-NN,283,nn,71.31,0.25649632400018163,0.06718547300079081
UTM-NN,284,nn,71.22,0.18547150100130239,0.06980318400019314
UTM-NN,285,nn,71.46000000000001,0.17154930900142062,0.06823580200034485
UTM-NN,286,nn,71.3,0.19125933600116696,0.0682225569998991
UTM-NN,287,nn,71.33,0.2478080000000773,0.07566786499955924
UTM-NN,288,nn,71.33,0.18094267999913427,0.06973399500020605
UTM-NN,289,nn,71.26,0.17830324299939093,0.07071913499930815
UTM-NN,290,nn,71.3,0.18379756600006658,0.07031680799991591
UTM-NN,291,nn,71.32,0.17832352000004903,0.07058952300030796
UTM-NN,292,nn,71.17,0.18361593000008725,0.06793084099990665
UTM-NN,293,nn,71.26,0.1769715400005225,0.07344570700115582
UTM-NN,294,nn,71.16,0.1851740530000825,0.06954152099933708
UTM-NN,295,nn,71.33,0.24422588300149073,0.0704947149988584
UTM-NN,296,nn,71.43,0.1894256140003563,0.06819251700107998
UTM-NN,297,nn,71.32,0.18930267200084927,0.0705368120015919
UTM-NN,298,nn,71.2,0.19057368799985852,0.07217733000106819
UTM-NN,299,nn,71.28,0.2514635299994552,0.06849254700136953
UTM-NN,300,nn,71.27,0.19277235899971856,0.0693873000000167
UTM-NN,301,nn,71.31,0.19228517100054887,0.07000407399937103
UTM-NN,302,nn,71.31,0.19214940199890407,0.07002708799882384
UTM-NN,303,nn,71.28,0.19055921700055478,0.07230141999934858
UTM-NN,304,nn,71.31,0.182567965999624,0.06970504399942001
UTM-NN,305,nn,71.41,0.1776642909990187,0.07123140800104011
UTM-NN,306,nn,71.32,0.2462708629991539,0.0691504040005384
UTM-NN,307,nn,71.34,0.17392241999914404,0.0700870919990848
UTM-NN,308,nn,71.28,0.1863191709999228,0.06877743500081124
UTM-NN,309,nn,71.23,0.1826290560002235,0.07042452399946342
UTM-NN,310,nn,71.32,0.2521665269996447,0.07068523000089044
UTM-NN,311,nn,71.28,0.18812020500081417,0.06975450600111799
UTM-NN,312,nn,71.22,0.17977321399848734,0.0678087800006324
UTM-NN,313,nn,71.3,0.19379607300106727,0.06955810799991013
UTM-NN,314,nn,71.28,0.19332866799959447,0.06926741899951594
UTM-NN,315,nn,71.28,0.19035571299900766,0.07139436100078456
UTM-NN,316,nn,71.21,0.19109580700023798,0.07074088100125664
UTM-NN,317,nn,71.25,0.19018808799955877,0.06966679099969042
UTM-NN,318,nn,71.2,0.24968978899960348,0.06970554899999115
UTM-NN,319,nn,71.38,0.1933404760002304,0.0696971309989749
UTM-NN,320,nn,71.16,0.19100917000105255,0.06978397499915445
UTM-NN,321,nn,71.23,0.1772432210000261,0.07016993300021568
UTM-NN,322,nn,71.28999999999999,0.252014063000388,0.07260127200061106
UTM-NN,323,nn,71.19,0.17380031399989093,0.06970130700028676
UTM-NN,324,nn,71.28,0.18210675900081696,0.07086085500122863
UTM-NN,325,nn,71.32,0.18424533899997186,0.06936900299842819
UTM-NN,326,nn,71.37,0.17897809500027506,0.07009660699986853
UTM-NN,327,nn,71.28,0.1926556790003815,0.0704879280001478
UTM-NN,328,nn,71.37,0.1926571080002759,0.06986610800049675
UTM-NN,329,nn,71.37,0.19296425199900114,0.07145086999844352
UTM-NN,330,nn,71.34,0.25218664199928753,0.06983244000002742
UTM-NN,331,nn,71.16,0.19276489200092328,0.0705859559984674
UTM-NN,332,nn,71.17999999999999,0.17876250999870535,0.06917297299878555
UTM-NN,333,nn,71.26,0.24981991200002085,0.07009737900079926
UTM-NN,334,nn,71.27,0.19275705499967444,0.069429413000762
UTM-NN,335,nn,71.38,0.19268709099924308,0.06970978900062619
UTM-NN,336,nn,71.23,0.19229881200044474,0.06986884900106816
UTM-NN,337,nn,71.28999999999999,0.19246880700120528,0.07112032099939825
UTM-NN,338,nn,71.26,0.1940641780001897,0.06939362499906565
UTM-NN,339,nn,71.45,0.1817941819990665,0.07085711100080516
UTM-NN,340,nn,71.39,0.191430113000024,0.0714773449999484
UTM-NN,341,nn,71.41999999999999,0.25374747900059447,0.0708095450008841
UTM-NN,342,nn,71.21,0.1817433849992085,0.07097429299938085
UTM-NN,343,nn,71.28,0.1792338449995441,0.06951888200092071
UTM-NN,344,nn,71.24000000000001,0.17837935799980187,0.0702144490005594
UTM-NN,345,nn,71.3,0.23826465599995572,0.07094925800083729
UTM-NN,346,nn,71.25,0.1786999680007284,0.06990064099954907
UTM-NN,347,nn,71.3,0.1783896899996762,0.07031898300010653
UTM-NN,348,nn,71.36,0.17851514900030452,0.06973560599908524
UTM-NN,349,nn,71.28999999999999,0.1726063099995372,0.07121863499924075
UTM-NN,350,nn,71.28,0.19287744800021756,0.06780085399987001
UTM-NN,351,nn,71.25,0.19282627199936542,0.06815894700048375
UTM-NN,352,nn,71.16,0.18554357500033802,0.06990378400041664
UTM-NN,353,nn,71.39999999999999,0.25157399800082203,0.06978323899966199
UTM-NN,354,nn,71.16,0.18200841800171474,0.06957372999931977
UTM-NN,355,nn,71.28999999999999,0.19068109799991362,0.06976139899961709
UTM-NN,356,nn,71.2,0.19347046399889223,0.0696063689993025
UTM-NN,357,nn,71.3,0.2513944900001661,0.06962754099913582
UTM-NN,358,nn,71.33,0.1897302640009002,0.07113517800098634
UTM-NN,359,nn,71.26,0.18989413300005253,0.06973846500113723
UTM-NN,360,nn,71.3,0.19237769400024263,0.06906116900063353
UTM-NN,361,nn,71.25,0.1801968609997857,0.06974247099969944
UTM-NN,362,nn,71.34,0.184195259000262,0.06826933299998927
UTM-NN,363,nn,71.27,0.17548057200110634,0.06916241100043408
UTM-NN,364,nn,71.33,0.19321193399991898,0.06884811400050239
UTM-NN,365,nn,71.34,0.2351455990010436,0.07128711199948157
UTM-NN,366,nn,71.21,0.1947003270015557,0.06918098599999212
UTM-NN,367,nn,71.26,0.19119073000001663,0.07036407499981578
UTM-NN,368,nn,71.39,0.18748829499963904,0.07067032200029644
UTM-NN,369,nn,71.25,0.2505345009994926,0.06993026599957375
UTM-NN,370,nn,71.41,0.17730724799912423,0.06990292499904172
UTM-NN,371,nn,71.34,0.1864240630002314,0.06899253300070995
UTM-NN,372,nn,71.26,0.19138711699997657,0.0713918889996421
UTM-NN,373,nn,71.34,0.18208295700060262,0.07108991399945808
UTM-NN,374,nn,71.24000000000001,0.1929954400002316,0.06745708000016748
UTM-NN,375,nn,71.31,0.19363357800102676,0.070204214000114
UTM-NN,376,nn,71.24000000000001,0.25113045800026157,0.07092082000053779
UTM-NN,377,nn,71.32,0.19310121700073068,0.06936222100011946
UTM-NN,378,nn,71.21,0.19409059600002365,0.0699479800005065
UTM-NN,379,nn,71.38,0.19453438700111292,0.07195520599998417
UTM-NN,380,nn,71.17,0.25246327099921473,0.06816583100044227
UTM-NN,381,nn,71.37,0.17723424499854445,0.0689009489997261
UTM-NN,382,nn,71.19,0.18834401000094658,0.07095274099992821
UTM-NN,383,nn,71.2,0.18363946600038616,0.06986467699971399
UTM-NN,384,nn,71.26,0.18013023600178713,0.07061796400012099
UTM-NN,385,nn,71.24000000000001,0.19307071100047324,0.06959033800012548
UTM-NN,386,nn,71.33,0.19218948200068553,0.07037179899998591
UTM-NN,387,nn,71.33,0.18693756100037717,0.07017931900008989
UTM-NN,388,nn,71.41,0.23833368600026006,0.07231998899987957
UTM-NN,389,nn,71.38,0.19113242399907904,0.07218164100049762
UTM-NN,390,nn,71.28999999999999,0.19279602499955217,0.07133723100014322
UTM-NN,391,nn,71.28,0.1816738150009769,0.07030306100023154
UTM-NN,392,nn,71.34,0.24327547600114485,0.06813834100103122
UTM-NN,393,nn,71.34,0.18419841399918369,0.06980639299945324
UTM-NN,394,nn,71.36,0.17341824499999348,0.06861100000060105
UTM-NN,395,nn,71.24000000000001,0.19284059799974784,0.06977559100050712
UTM-NN,396,nn,71.17999999999999,0.19331308400069247,0.0696933880008146
UTM-NN,397,nn,71.39999999999999,0.2021061790001113,0.06862139199984085
UTM-NN,398,nn,71.34,0.19320727400008764,0.07110286399984034
UTM-NN,399,nn,71.23,0.1926337679997232,0.07005191700045543
UTM-NN,400,nn,71.17999999999999,0.2531491099998675,0.06963045300108206
UTM-NN,401,nn,71.27,0.18576473199937027,0.06929827200110594
UTM-NN,402,nn,71.39,0.1785420360010903,0.06915606799884699
UTM-NN,403,nn,71.15,0.23833915999966848,0.07112904899986461
UTM-NN,404,nn,71.17999999999999,0.17868381799962663,0.06964625700129545
UTM-NN,405,nn,71.28999999999999,0.17935279599987553,0.06918640300136758
UTM-NN,406,nn,71.27,0.17822314600016398,0.07160680400011188
UTM-NN,407,nn,71.38,0.18261956100104726,0.06888461000016832
UTM-NN,408,nn,71.35000000000001,0.17855133800003387,0.0698460059993522
UTM-NN,409,nn,71.28999999999999,0.17969171200093115,0.0716249910001352
UTM-NN,410,nn,71.28,0.1803278629995475,0.0700840089994017
UTM-NN,411,nn,71.3,0.2512048640001012,0.06955084800028999
UTM-NN,412,nn,71.21,0.18809643699933076,0.0698378720007895
UTM-NN,413,nn,71.38,0.17995270900064497,0.06826058399929025
UTM-NN,414,nn,71.33,0.17905077699833782,0.06961496800067835
UTM-NN,415,nn,71.26,0.23754333199940447,0.06922096499874897
UTM-NN,416,nn,71.19,0.17857340199952887,0.06846304399914516
UTM-NN,417,nn,71.32,0.1787807309992786,0.06912279700009094
UTM-NN,418,nn,71.38,0.17786970599991037,0.07013595900025393
UTM-NN,419,nn,71.28999999999999,0.17841890599993349,0.07255863699901965
UTM-NN,420,nn,71.28,0.18415812800049025,0.07075325999903725
UTM-NN,421,nn,71.32,0.177974770000219,0.06976779300021008
UTM-NN,422,nn,71.35000000000001,0.17886085000100138,0.06964293900091434
UTM-NN,423,nn,71.38,0.23936831900027755,0.06775110499984294
UTM-NN,424,nn,71.31,0.19426019599995925,0.06976000299982843
UTM-NN,425,nn,71.22,0.19270938899899193,0.06851402299980691
UTM-NN,426,nn,71.34,0.18310537199977261,0.0681977320000442
UTM-NN,427,nn,71.24000000000001,0.25143993699930434,0.07208770400029607
UTM-NN,428,nn,71.24000000000001,0.1895801560003747,0.07049563600048714
UTM-NN,429,nn,71.2,0.1875463159994979,0.07025412000075448
UTM-NN,430,nn,71.33,0.19159981599841558,0.07078929500130471
UTM-NN,431,nn,71.28999999999999,0.19161105999955907,0.06967826099935337
UTM-NN,432,nn,71.27,0.1922487479987467,0.07006887200077472
UTM-NN,433,nn,71.17999999999999,0.17916272999900684,0.07016278399896692
UTM-NN,434,nn,71.24000000000001,0.19276693999927375,0.06780575400080124
UTM-NN,435,nn,71.36,0.2363854800005356,0.06952950099912414
UTM-NN,436,nn,71.44,0.19102008099980594,0.07233725399964896
UTM-NN,437,nn,71.27,0.19273828199948184,0.06961539399890171
UTM-NN,438,nn,71.48,0.19202723300077196,0.06885493799927644
UTM-NN,439,nn,71.25,0.2472325920007279,0.07675933100108523
UTM-NN,440,nn,71.48,0.18517194099877088,0.07019914600095944
UTM-NN,441,nn,71.22,0.18961736100027338,0.07147002900092048
UTM-NN,442,nn,71.28,0.1824267100000725,0.0720860180008458
UTM-NN,443,nn,71.22,0.18749261199991452,0.06919116300014139
UTM-NN,444,nn,71.22,0.1852003269996203,0.07176754899955995
UTM-NN,445,nn,71.37,0.19008553200001188,0.07008462399971904
UTM-NN,446,nn,71.28,0.23767535600018164,0.07176193699888245
UTM-NN,447,nn,71.16,0.18957682899963402,0.07179154200093762
UTM-NN,448,nn,71.27,0.19308527000066533,0.07286746899990248
UTM-NN,449,nn,71.16,0.18051990999992995,0.07287131500015676
UTM-NN,450,nn,71.28,0.24657090399887238,0.0729994240009546
UTM-NN,451,nn,71.35000000000001,0.1942497510008252,0.07310172199868248
UTM-NN,452,nn,71.44,0.19900026699906448,0.07563188600033754
UTM-NN,453,nn,71.39,0.1793138570010342,0.07099643400033528
UTM-NN,454,nn,71.28,0.189666987000237,0.07091708199914137
UTM-NN,455,nn,71.21,0.19042758700015838,0.07055960500110814
UTM-NN,456,nn,71.36,0.186195410999062,0.0722302550002496
UTM-NN,457,nn,71.35000000000001,0.1931659639994905,0.07698877400071069
UTM-NN,458,nn,71.31,0.25242299099954835,0.07141276500078675
UTM-NN,459,nn,71.41,0.1937889319997339,0.07183957800043572
UTM-NN,460,nn,71.3,0.19236040399846388,0.0717813949995616
UTM-NN,461,nn,71.27,0.17901864600025874,0.07098837299963634
UTM-NN,462,nn,71.31,0.23882286099978955,0.07292240599963407
UTM-NN,463,nn,71.36,0.1786294169996836,0.07231719499941391
UTM-NN,464,nn,71.36,0.19377706600062083,0.07760679499915568
UTM-NN,465,nn,71.26,0.18212237899933825,0.06930025799920259
UTM-NN,466,nn,71.33,0.1910344959997019,0.07735800400041626
UTM-NN,467,nn,71.39,0.19422043399936229,0.07144945800064306
UTM-NN,468,nn,71.27,0.18508794999979727,0.06983148200015421
UTM-NN,469,nn,71.43,0.19283578199974727,0.07045124300020689
UTM-NN,470,nn,71.28999999999999,0.24024351499974728,0.07663392099857447
UTM-NN,471,nn,71.26,0.19585522199849947,0.07148488000166253
UTM-NN,472,nn,71.2,0.19085794799866562,0.07758664900029544
UTM-NN,473,nn,71.15,0.20023737299925415,0.07055325099827314
UTM-NN,474,nn,71.31,0.24932709200038516,0.07199255700106733
UTM-NN,475,nn,71.38,0.19093926999994437,0.07054203600091569
UTM-NN,476,nn,71.26,0.1928505710002355,0.07236147599905962
UTM-NN,477,nn,71.17,0.19341669300047215,0.07065720300124667
UTM-NN,478,nn,71.33,0.18276807900110725,0.06999106200055394
UTM-NN,479,nn,71.31,0.19015580900122586,0.07056041400028334
UTM-NN,480,nn,71.39999999999999,0.19342434000100184,0.06983041499915998
UTM-NN,481,nn,71.32,0.17498186000011628,0.07026886099993135
UTM-NN,482,nn,71.28999999999999,0.24820354500116082,0.0728250609990937
UTM-NN,483,nn,71.35000000000001,0.1819251439992513,0.07109187400055816
UTM-NN,484,nn,71.28999999999999,0.17589724400022533,0.07107917300163535
UTM-NN,485,nn,71.27,0.19272487000125693,0.07059180600117543
UTM-NN,486,nn,71.33,0.2508522410007572,0.0697767900001054
UTM-NN,487,nn,71.21,0.18403937899893208,0.07003434899888816
UTM-NN,488,nn,71.28999999999999,0.1784350859998085,0.06909190399892395
UTM-NN,489,nn,71.24000000000001,0.17835448400001042,0.07056556700081273
UTM-NN,490,nn,71.17999999999999,0.178824190999876,0.0687900359989726
UTM-NN,491,nn,71.32,0.17886072200053604,0.06954942099946493
UTM-NN,492,nn,71.41,0.17780735099950107,0.068686777000039
UTM-NN,493,nn,71.27,0.23745476699878054,0.07155743000112125
UTM-NN,494,nn,71.23,0.18071767800029193,0.07081891099915083
UTM-NN,495,nn,71.33,0.17875385799925425,0.06995609799923841
UTM-NN,496,nn,71.28999999999999,0.17974734000017634,0.0698883780005417
UTM-NN,497,nn,71.28999999999999,0.2386110750012449,0.06965909900100087
UTM-NN,498,nn,71.25,0.17829723800059583,0.07081137099885382
UTM-NN,499,nn,71.31,0.18025458899865043,0.07142724500045006
UTM-NN,500,nn,71.37,0.18131502699907287,0.06962915500116651
