method,epoch,model_type,test_accuracy,train_time,test_time
Cyclic,1,tm,65.1826923076923,1.8962247599993134,0.7269096590025583
Cyclic,2,tm,66.84134615384615,1.5720602719957242,0.7407170689984923
Cyclic,3,tm,69.7451923076923,1.4731390310043935,0.7411392330031958
Cyclic,4,tm,69.8076923076923,1.391075052000815,0.7225728190023801
Cyclic,5,tm,71.72596153846153,1.3484850080058095,0.7325400109984912
Cyclic,6,tm,73.36538461538461,1.303872340999078,0.7363994440020178
Cyclic,7,tm,73.85576923076923,1.2949421480007004,0.7412932480001473
Cyclic,8,tm,74.33173076923076,1.2530647770036012,0.7327721949986881
Cyclic,9,tm,73.2451923076923,1.250820492998173,0.7534992060027434
Cyclic,10,tm,74.86538461538461,1.2296417589968769,0.7395013459972688
Cyclic,11,tm,74.90384615384616,1.2253763970002183,0.7527559809968807
Cyclic,12,tm,76.10576923076923,1.1920954329980304,0.7457908450014656
Cyclic,13,tm,74.04326923076923,1.1907660029974068,0.7402914129997953
Cyclic,14,tm,76.51923076923077,1.1817013139952905,0.7452129280063673
Cyclic,15,tm,74.05288461538461,1.143100064000464,0.7639036879991181
Cyclic,16,tm,77.94711538461539,1.1469823110019206,0.7505090409977129
Cyclic,17,tm,74.72115384615384,1.145450517993595,0.7459198869983084
Cyclic,18,tm,77.91826923076923,1.143993760997546,0.7457093470002292
Cyclic,19,tm,75.92307692307692,1.1387503149962868,0.7498938239950803
Cyclic,20,tm,77.10096153846155,1.1176979610027047,0.7441378969961079
Cyclic,21,tm,77.13942307692308,1.1098332589972415,0.7481543899993994
Cyclic,22,tm,76.94711538461539,1.1154424939959426,0.7612639069993747
Cyclic,23,tm,75.88942307692308,1.0968336500009173,0.7634684479999123
Cyclic,24,tm,76.48076923076923,1.1104104459955124,0.7522882339981152
Cyclic,25,tm,77.375,1.105162506995839,0.7567396000013105
Cyclic,26,tm,76.58653846153847,1.0869091659988044,0.7567399699983071
Cyclic,27,tm,77.6875,1.0844000449942541,0.7512077080027666
Cyclic,28,tm,76.07211538461539,1.0864571480051382,0.7525625320049585
Cyclic,29,tm,76.42307692307693,1.0755917729984503,0.7659457990012015
Cyclic,30,tm,77.35096153846153,1.0709708139984286,0.759307660999184
Cyclic,31,tm,77.26442307692307,1.0770117870051763,0.7584737010038225
Cyclic,32,tm,77.40384615384616,1.0674357050011167,0.7487029519979842
Cyclic,33,tm,78.03846153846153,1.0504729259992018,0.7467135960032465
Cyclic,34,tm,77.24038461538461,1.0556831970025087,0.7565055649974965
Cyclic,35,tm,77.82211538461539,1.0575323770026444,0.7658980299966061
Cyclic,36,tm,78.17788461538461,1.0529542840013164,0.7483821880014148
Cyclic,37,tm,76.94711538461539,1.0572525409952505,0.7475442700015265
Cyclic,38,tm,78.38461538461539,1.0374416650010971,0.7563274470012402
Cyclic,39,tm,78.36538461538461,1.0287914560030913,0.7386509860007209
Cyclic,40,tm,76.92788461538461,1.0395604669975,0.7705932079988997
Cyclic,41,tm,77.88942307692308,1.0428001889958978,0.759560780999891
Cyclic,42,tm,78.2548076923077,1.0383183579979232,0.7759204410031089
Cyclic,43,tm,76.3701923076923,1.0308247610009857,0.7561034509999445
Cyclic,44,tm,79.39903846153847,1.0352656409959309,0.7557164940008079
Cyclic,45,tm,78.34134615384616,1.0399093399973935,0.7509708460056572
Cyclic,46,tm,79.20673076923077,1.0222109219976119,0.7471693959960248
Cyclic,47,tm,78.77884615384615,1.0345697020020452,0.7605052649960271
Cyclic,48,tm,78.85096153846153,1.0359550370048964,0.7437787909948383
Cyclic,49,tm,77.76923076923077,1.0269865250011208,0.7630841499994858
Cyclic,50,tm,78.38942307692308,1.0091908969989163,0.759411540995643
Cyclic,51,nn,84.8798076923077,0.6431644859985681,0.7591416650029714
Cyclic,52,nn,84.84134615384616,0.5853375360020436,0.7780146790028084
Cyclic,53,nn,84.88942307692308,0.6374970580000081,0.7647534950010595
Cyclic,54,nn,84.74038461538461,0.5901484790010727,0.7703125690022716
Cyclic,55,nn,84.91826923076923,0.6293747819945565,0.7666979849964264
Cyclic,56,nn,84.8701923076923,0.586941300003673,0.7709706239984371
Cyclic,57,nn,84.88942307692308,0.6052588120001019,0.7789335069974186
Cyclic,58,nn,84.80288461538461,0.5876018919952912,0.768185649998486
Cyclic,59,nn,84.875,0.6279247850034153,0.7670328110034461
Cyclic,60,nn,84.83653846153845,0.5870418210033677,0.772813021998445
Cyclic,61,nn,84.88461538461539,0.6361817360011628,0.7732385579947731
Cyclic,62,nn,84.72596153846153,0.5733261070054141,0.7760653619989171
Cyclic,63,nn,84.47115384615384,0.6378669120022096,0.7743308790013543
Cyclic,64,nn,84.74038461538461,0.5831484759983141,0.7663370650043362
Cyclic,65,nn,84.71634615384616,0.6360410490015056,0.7672294649964897
Cyclic,66,tm,80.34615384615384,1.064008895002189,0.7605461999992258
Cyclic,67,tm,79.3173076923077,1.0347615930004395,0.7509180119959638
Cyclic,68,tm,79.9951923076923,1.0286586389993317,0.7466750980020151
Cyclic,69,tm,79.51923076923076,1.0122890689963242,0.7580903900015983
Cyclic,70,tm,78.57692307692308,1.0160730329953367,0.7532265669942717
Cyclic,71,tm,79.61057692307692,1.0211825579972356,0.7507884890001151
Cyclic,72,tm,78.6923076923077,1.0046875920015736,0.7588800240046112
Cyclic,73,tm,79.55288461538461,1.0031983250009944,0.7624089990058565
Cyclic,74,tm,79.36057692307692,1.0044369160023052,0.7443729680016986
Cyclic,75,tm,79.26442307692308,1.005177080995054,0.7472151609981665
Cyclic,76,tm,79.39423076923077,0.9898038879982778,0.7455162860060227
Cyclic,77,tm,78.57211538461539,0.990027324995026,0.748378001000674
Cyclic,78,tm,79.9326923076923,1.0020238129945938,0.750948597000388
Cyclic,79,tm,78.11538461538461,0.9976898640015861,0.7730423960019834
Cyclic,80,tm,79.0673076923077,0.995178491997649,0.7529629900018335
Cyclic,81,tm,79.67307692307692,0.9784914379997645,0.750855294005305
Cyclic,82,tm,79.88461538461539,0.984995307000645,0.7657354779948946
Cyclic,83,tm,80.0,0.9997301309995237,0.7563691340037622
Cyclic,84,tm,79.88461538461539,0.9923689229981392,0.7637481660058256
Cyclic,85,tm,78.61057692307692,0.9750217549953959,0.7455805150020751
Cyclic,86,tm,78.80288461538461,0.984006786995451,0.7615853509996668
Cyclic,87,tm,78.0673076923077,0.9727820010011783,0.7559141489982721
Cyclic,88,tm,79.14423076923077,0.9732803180013434,0.7534321030034334
Cyclic,89,tm,77.8798076923077,0.9739730639994377,0.7587051619993872
Cyclic,90,tm,79.07211538461539,0.9816477240019594,0.7544407009991119
Cyclic,91,tm,79.30288461538461,0.9974225649930304,0.7633709459987585
Cyclic,92,tm,79.3076923076923,0.9779315039995709,0.7677578189977794
Cyclic,93,tm,77.92307692307693,0.9859780100014177,0.7563621419976698
Cyclic,94,tm,79.57211538461539,0.975357076000364,0.7509544560016366
Cyclic,95,tm,79.96153846153847,0.9866310770012205,0.7664992100035306
Cyclic,96,tm,80.00961538461539,0.9734055280059692,0.7549120579933515
Cyclic,97,tm,79.16346153846155,0.9593881519977003,0.7636857790057547
Cyclic,98,tm,78.52403846153845,0.9629792260020622,0.7609585629979847
Cyclic,99,tm,78.21153846153847,0.9620159679980134,0.7578860700014047
Cyclic,100,tm,77.67307692307692,0.9809511470011785,0.7587611760027357
Cyclic,101,tm,79.89423076923077,0.9873588460031897,0.760871121994569
Cyclic,102,tm,80.28846153846155,0.9793617670002277,0.7484508970010211
Cyclic,103,tm,79.15384615384615,0.9682888380048098,0.7586418210048578
Cyclic,104,tm,79.76923076923077,0.9710854670047411,0.7591898350001429
Cyclic,105,tm,79.9423076923077,0.9728408239971031,0.7503844540042337
Cyclic,106,tm,80.75,0.9600631889989018,0.7489344390050974
Cyclic,107,tm,79.63942307692308,0.9571563760036952,0.7607113379999646
Cyclic,108,tm,79.10576923076923,0.9690509770007338,0.7566688580045593
Cyclic,109,tm,79.75,0.9812052459965344,0.7582207610030309
Cyclic,110,tm,80.9423076923077,0.9579497960003209,0.7634531479998259
Cyclic,111,tm,79.10576923076923,0.9758722959959414,0.7591958850025549
Cyclic,112,tm,79.03365384615385,0.9706212710007094,0.7586902350012679
Cyclic,113,tm,79.8076923076923,0.9566264829991269,0.7511410160004743
Cyclic,114,tm,79.47596153846153,0.9590992760058725,0.7549492949983687
Cyclic,115,tm,80.38461538461539,0.9501334899978247,0.7534556419996079
Cyclic,116,nn,84.97115384615384,0.5853234120004345,0.7724098480030079
Cyclic,117,nn,85.0576923076923,0.6368757380041643,0.7838395450016833
Cyclic,118,nn,85.21634615384616,0.5828523750024033,0.7813857979999739
Cyclic,119,nn,85.07692307692307,0.6303621680053766,0.7541472259981674
Cyclic,120,nn,85.11538461538461,0.5774251380062196,0.7744850710005267
Cyclic,121,nn,85.16346153846153,0.6314709939979366,0.7699896139965858
Cyclic,122,nn,85.09134615384616,0.577830210000684,0.774939886003267
Cyclic,123,nn,85.24038461538461,0.6300248360057594,0.7727375660033431
Cyclic,124,nn,85.17788461538461,0.5870078309962992,0.7807929570044507
Cyclic,125,nn,85.19711538461539,0.6261514959987835,0.7685703099996317
Cyclic,126,nn,85.03846153846155,0.5732399970002007,0.7840927750003175
Cyclic,127,nn,85.17307692307692,0.6327711990015814,0.7831677670037607
Cyclic,128,nn,85.15384615384616,0.5849306090021855,0.770645857002819
Cyclic,129,nn,85.14423076923077,0.6233488459984073,0.7638833480014
Cyclic,130,nn,85.26442307692308,0.5349873550003394,0.7698795449978206
Cyclic,131,nn,85.13461538461539,0.6446772019990021,0.7693484249975882
Cyclic,132,nn,85.07211538461539,0.5850375549998716,0.7671197980016586
Cyclic,133,nn,84.98076923076923,0.636069388994656,0.7908983770030318
Cyclic,134,nn,84.88942307692308,0.5867548140013241,0.7738214950004476
Cyclic,135,nn,85.1826923076923,0.6321648800003459,0.7707524200013722
Cyclic,136,nn,85.14423076923077,0.5733305999965523,0.7714603120039101
Cyclic,137,nn,85.0,0.6388641360026668,0.7776892120018601
Cyclic,138,nn,85.1201923076923,0.5460230390017387,0.7682183180004358
Cyclic,139,nn,85.02884615384615,0.5695964400001685,0.7702113689956605
Cyclic,140,nn,85.04807692307692,0.5155801549990429,0.7695837569990545
Cyclic,141,tm,81.1201923076923,1.056965654999658,0.7653317720032646
Cyclic,142,tm,81.01442307692308,0.9981517769992934,0.7525835350024863
Cyclic,143,tm,79.40384615384616,0.9796130750037264,0.7569046040007379
Cyclic,144,tm,79.6923076923077,0.9649507919966709,0.7585647949963459
Cyclic,145,tm,80.01442307692308,0.9653101889998652,0.7626113320002332
Cyclic,146,tm,79.32692307692307,0.9635092160024215,0.7543641660013236
Cyclic,147,tm,78.92307692307692,0.9564463099959539,0.7638075950017083
Cyclic,148,tm,79.125,0.9727087400024175,0.7530444340009126
Cyclic,149,tm,80.50961538461539,0.9451557680004044,0.7584631069985335
Cyclic,150,tm,78.57692307692308,0.9621452709980076,0.7530882179999026
Cyclic,151,tm,78.77884615384615,0.9567360239962,0.7521128869993845
Cyclic,152,tm,78.59134615384616,0.939680966999731,0.7507003589998931
Cyclic,153,tm,80.10576923076923,0.9425578869995661,0.7690523390047019
Cyclic,154,tm,80.20192307692308,0.9599445689964341,0.7512453830058803
Cyclic,155,tm,79.61057692307692,0.949597853999876,0.7550136270001531
Cyclic,156,tm,79.72596153846155,0.9436194180016173,0.7650419959973078
Cyclic,157,tm,78.42788461538461,0.9647552010064828,0.747309950995259
Cyclic,158,tm,78.96634615384616,0.9315501359960763,0.7654628810050781
Cyclic,159,tm,80.29326923076923,0.9428971339948475,0.7539127599957283
Cyclic,160,tm,78.54326923076923,0.9517737310015946,0.7599513949971879
Cyclic,161,tm,79.79326923076923,0.9282524369991734,0.7582185330029461
Cyclic,162,tm,79.15384615384615,0.9592254250019323,0.7626548499974888
Cyclic,163,tm,80.3173076923077,0.9433616899987101,0.7546058610023465
Cyclic,164,tm,80.39903846153847,0.944935378000082,0.7734057279958506
Cyclic,165,tm,80.90865384615384,0.9325668169985875,0.7573191769988625
Cyclic,166,tm,79.76923076923077,0.9464870869996957,0.750876875994436
Cyclic,167,tm,79.1826923076923,0.9347769460000563,0.7549295950011583
Cyclic,168,tm,79.0048076923077,0.9417674610012909,0.7520622999945772
Cyclic,169,tm,78.9375,0.9487625230030972,0.7564968180013238
Cyclic,170,tm,79.61057692307692,0.9307503980016918,0.7598788760005846
Cyclic,171,tm,79.15384615384615,0.937188572002924,0.7384584479950718
Cyclic,172,tm,78.25961538461539,0.9354352139998809,0.7643126940020011
Cyclic,173,tm,77.35576923076923,0.9476413000011235,0.7523452210007235
Cyclic,174,tm,78.70673076923077,0.9306383639996056,0.7598343079953338
Cyclic,175,tm,80.42788461538461,0.9308680379981524,0.7694433229989954
Cyclic,176,tm,79.8173076923077,0.9278436009990401,0.7536669570035883
Cyclic,177,tm,79.78846153846155,0.9434503500015126,0.7512934330006829
Cyclic,178,tm,78.72115384615384,0.9358714799964218,0.7475419900001725
Cyclic,179,tm,78.7548076923077,0.9218637379963184,0.7590279930009274
Cyclic,180,tm,80.67788461538463,0.9364418689947343,0.7575978609966114
Cyclic,181,tm,80.48076923076923,0.92757244999666,0.7592972839993308
Cyclic,182,tm,80.2548076923077,0.9520406760057085,0.7550870499981102
Cyclic,183,tm,80.30288461538461,0.9301855190060451,0.7766075089966762
Cyclic,184,tm,79.4951923076923,0.93219249399408,0.7593139579985291
Cyclic,185,tm,79.8076923076923,0.9498273540011724,0.7668209990006289
Cyclic,186,tm,80.58173076923076,0.932411811001657,0.7598163060029037
Cyclic,187,tm,79.0,0.9304604499993729,0.7545596649943036
Cyclic,188,tm,79.96153846153847,0.9394367900022189,0.7644726059952518
Cyclic,189,tm,80.5673076923077,0.9342132230012794,0.7619656509996275
Cyclic,190,tm,79.82211538461539,0.9521228640005575,0.7474075100035407
Cyclic,191,nn,85.40384615384615,0.636474104001536,0.767294908000622
Cyclic,192,nn,85.4951923076923,0.5756240599948796,0.7715883739947458
Cyclic,193,nn,85.47596153846155,0.6292281560017727,0.7767994049936533
Cyclic,194,nn,85.42788461538461,0.583112694999727,0.7716184230012004
Cyclic,195,nn,85.72115384615384,0.6006257869958063,0.778803829998651
Cyclic,196,nn,85.6201923076923,0.5175199249933939,0.7661838300045929
Cyclic,197,nn,85.6201923076923,0.6110091930022463,0.7754075980046764
Cyclic,198,nn,85.5673076923077,0.5675317409986746,0.7838629010002478
Cyclic,199,nn,85.58173076923077,0.5706820140039781,0.7880088809979497
Cyclic,200,nn,85.59615384615384,0.5159670989960432,0.7687664350014529
Cyclic,201,nn,85.47115384615384,0.6366384389984887,0.7690704310007277
Cyclic,202,nn,85.54326923076923,0.5798622829970554,0.7841643550054869
Cyclic,203,nn,85.73076923076923,0.6362841279988061,0.776110566999705
Cyclic,204,nn,85.44711538461539,0.555876617996546,0.7838020580020384
Cyclic,205,nn,85.50961538461539,0.5656358619962703,0.7754408050022903
Cyclic,206,nn,85.7451923076923,0.5205657069964218,0.776620914999512
Cyclic,207,nn,85.36538461538463,0.6170320130040636,0.7851214890033589
Cyclic,208,nn,85.57211538461539,0.515880744002061,0.7798770380031783
Cyclic,209,nn,85.38942307692308,0.5708718070018222,0.7791103409981588
Cyclic,210,nn,85.48557692307692,0.5245109629977378,0.7800456160039175
Cyclic,211,nn,85.40384615384615,0.5662347609977587,0.7756844920004369
Cyclic,212,nn,85.23076923076923,0.5697597510006744,0.772150397002406
Cyclic,213,nn,85.48076923076923,0.5752792569983285,0.7794846590040834
Cyclic,214,nn,85.35096153846153,0.5849083139983122,0.7703494699962903
Cyclic,215,nn,85.36057692307692,0.6236988010059576,0.7802878209986375
Cyclic,216,nn,85.5576923076923,0.5742068190011196,0.7825116820022231
Cyclic,217,tm,82.47596153846153,1.0363801150015206,0.7593360429964378
Cyclic,218,tm,81.36057692307692,0.989177393996215,0.7572179279959528
Cyclic,219,tm,80.2451923076923,0.9634786230017198,0.7659734930057311
Cyclic,220,tm,80.70192307692308,0.9522087149962317,0.7722601759960526
Cyclic,221,tm,80.64423076923077,0.9563150870017125,0.7597548210032983
Cyclic,222,tm,81.13942307692308,0.9393109179945895,0.7623436319991015
Cyclic,223,tm,80.39903846153847,0.9330444349980098,0.7613402059942018
Cyclic,224,tm,81.36057692307692,0.945234665996395,0.774590860994067
Cyclic,225,tm,79.54326923076923,0.9507007579959463,0.7605043200019281
Cyclic,226,tm,80.17307692307692,0.9466060260019731,0.7690167149994522
Cyclic,227,tm,80.51442307692308,0.9314396609988762,0.7543852439994225
Cyclic,228,tm,80.79807692307692,0.9259991940052714,0.7610880140055087
Cyclic,229,tm,79.38461538461539,0.9355026060002274,0.7553196640001261
Cyclic,230,tm,79.89423076923077,0.9203711000009207,0.7566413999957149
Cyclic,231,tm,79.32211538461539,0.9271836970001459,0.7605665000010049
Cyclic,232,tm,80.57211538461539,0.9457778020005208,0.7602697080001235
Cyclic,233,tm,80.38461538461539,0.933763838998857,0.7587843229994178
Cyclic,234,tm,81.0625,0.9333488019983633,0.7671838359965477
Cyclic,235,tm,79.91346153846153,0.9251348190009594,0.7526863480015891
Cyclic,236,tm,81.05288461538461,0.9163181769981747,0.75913447199855
Cyclic,237,tm,79.54807692307693,0.9324584159985534,0.756576074003533
Cyclic,238,tm,79.8173076923077,0.928194081003312,0.7627025379988481
Cyclic,239,tm,80.99038461538461,0.9191919790027896,0.7509471140001551
Cyclic,240,tm,80.48557692307692,0.9315256370027782,0.7538150460022734
Cyclic,241,tm,80.52403846153847,0.9241289349956787,0.7588334859974566
Cyclic,242,tm,80.48557692307692,0.9201517830006196,0.7672290570044424
Cyclic,243,tm,80.45192307692308,0.9340521740014083,0.7746983609977178
Cyclic,244,tm,79.45673076923076,0.9247947769981693,0.7527648280010908
Cyclic,245,tm,80.70192307692308,0.9281371410033898,0.7674498269989272
Cyclic,246,tm,80.6826923076923,0.9169432309936383,0.7638097960007144
Cyclic,247,tm,79.9423076923077,0.9265735750013846,0.752773697997327
Cyclic,248,tm,79.02884615384616,0.9190764739978476,0.7621958569943672
Cyclic,249,tm,79.54807692307693,0.9288488439997309,0.7527963769971393
Cyclic,250,tm,80.40865384615384,0.9294987280009082,0.7608476060049725
Cyclic,251,tm,80.17307692307692,0.9299388400031603,0.7674923470040085
Cyclic,252,tm,79.72596153846155,0.9337495490035508,0.7579603089980083
Cyclic,253,tm,81.14903846153845,0.9407204240051215,0.7632514569995692
Cyclic,254,tm,80.7451923076923,0.9163450129999546,0.7591009980023955
Cyclic,255,tm,79.75961538461539,0.9256917889942997,0.7500176689936779
Cyclic,256,tm,80.03846153846153,0.9280304310013889,0.7459223879995989
Cyclic,257,tm,79.95673076923076,0.9323239509976702,0.766133147997607
Cyclic,258,tm,79.99038461538461,0.9147062649935833,0.7636808650058811
Cyclic,259,tm,80.89903846153847,0.924816598999314,0.7572760789989843
Cyclic,260,tm,79.6298076923077,0.9302325370008475,0.7512635199964279
Cyclic,261,tm,79.38942307692308,0.9113506460053031,0.7533525230028317
Cyclic,262,tm,78.66346153846155,0.9222061910040793,0.7568759700006922
Cyclic,263,tm,80.25961538461537,0.9116327009978704,0.7609321859999909
Cyclic,264,tm,80.24038461538461,0.9190701149927918,0.7656573860003846
Cyclic,265,tm,80.28365384615384,0.91623793799954,0.7637807489954866
Cyclic,266,tm,79.75,0.9211328599994886,0.7660517589974916
Cyclic,267,nn,85.79326923076923,0.6314162929993472,0.777545082004508
Cyclic,268,nn,85.90384615384615,0.5868531489977613,0.7732548659987515
Cyclic,269,nn,85.8798076923077,0.6182350409944775,0.7722444099999848
Cyclic,270,nn,85.72115384615384,0.5847996129959938,0.7724447599975974
Cyclic,271,nn,85.6875,0.6148300690038013,0.7796395379991736
Cyclic,272,nn,85.88461538461539,0.581458702996315,0.7643631879982422
Cyclic,273,nn,85.73557692307693,0.569102739005757,0.7791153020007187
Cyclic,274,nn,85.61057692307692,0.573764476001088,0.7695385820043157
Cyclic,275,nn,85.66346153846153,0.63679654400039,0.7824248869947041
Cyclic,276,nn,85.75961538461539,0.5153988419988309,0.787142765999306
Cyclic,277,nn,85.70192307692308,0.6101033509985427,0.769101475001662
Cyclic,278,nn,85.67307692307692,0.6329334230031236,0.7649617829956696
Cyclic,279,tm,80.125,0.9316591609967873,0.7614960110004176
Cyclic,280,tm,81.00961538461539,0.9397432830010075,0.760050479999336
Cyclic,281,tm,80.59615384615385,0.9256838329965831,0.7585807130017201
Cyclic,282,tm,80.02403846153847,0.9212465060045361,0.7837005090041202
Cyclic,283,tm,81.0576923076923,0.9231597949983552,0.7593525210031657
Cyclic,284,tm,79.8125,0.916741954999452,0.7514082459965721
Cyclic,285,tm,79.3798076923077,0.9426240649991087,0.7736834570023348
Cyclic,286,tm,80.83173076923077,0.8962683979989379,0.7582524380050017
Cyclic,287,tm,79.9375,0.9250915469965548,0.75888740800292
Cyclic,288,tm,80.3701923076923,0.9293700479975087,0.7652147539993166
Cyclic,289,tm,79.41826923076924,0.9162205570028163,0.7558628339975257
Cyclic,290,tm,80.16826923076923,0.9276468730022316,0.7496878700039815
Cyclic,291,tm,80.09615384615385,0.9113081609975779,0.7611869300017133
Cyclic,292,tm,80.17307692307692,0.9150880160013912,0.7639605560034397
Cyclic,293,tm,80.3701923076923,0.9123206829972332,0.7676143249991583
Cyclic,294,tm,79.54807692307693,0.9096194250014378,0.7711939599976176
Cyclic,295,tm,79.98076923076923,0.9131047909977497,0.7575838570046471
Cyclic,296,tm,80.41826923076924,0.9276052560016979,0.7488521230043261
Cyclic,297,tm,80.5625,0.9029837869966286,0.7534911449984065
Cyclic,298,tm,79.85096153846155,0.9269492570019793,0.7696303679986158
Cyclic,299,tm,80.1875,0.9111671529972227,0.7507600969984196
Cyclic,300,tm,79.01923076923076,0.9146040869964054,0.771404093997262
Cyclic,301,tm,81.21153846153845,0.9247782509992248,0.7569107669987716
Cyclic,302,tm,80.32211538461539,0.9217897479975363,0.7535600810006144
Cyclic,303,tm,80.51923076923076,0.932062173000304,0.7752415750001092
Cyclic,304,tm,80.59134615384616,0.9307202729978599,0.7577128550037742
Cyclic,305,tm,80.08173076923077,0.9167048669987707,0.7461265829988406
Cyclic,306,tm,80.07211538461539,0.909355443000095,0.7719537650045822
Cyclic,307,tm,79.50961538461539,0.9171913579993998,0.7775840079993941
Cyclic,308,tm,79.48557692307693,0.9049465600037365,0.7596744969996507
Cyclic,309,tm,79.9423076923077,0.89951298100641,0.7798289499987732
Cyclic,310,tm,80.3798076923077,0.913710380998964,0.7644330909970449
Cyclic,311,tm,79.86538461538461,0.9085972699976992,0.7495121559986728
Cyclic,312,tm,80.29326923076923,0.9148068359936588,0.7556537940035923
Cyclic,313,tm,81.21634615384615,0.9149980590009363,0.7536458000031416
Cyclic,314,tm,80.5576923076923,0.9097848800010979,0.7592898799994146
Cyclic,315,tm,81.2451923076923,0.9078166449980927,0.764006078003149
Cyclic,316,tm,79.24038461538461,0.9266730559975258,0.7565902880014619
Cyclic,317,tm,78.77884615384615,0.9220841380010825,0.7503317980008433
Cyclic,318,tm,80.8076923076923,0.9155630399982329,0.7646256709995214
Cyclic,319,tm,80.14423076923077,0.9154624959992361,0.7677878569957102
Cyclic,320,tm,80.1923076923077,0.9169677530007903,0.7578439659992
Cyclic,321,tm,80.88942307692307,0.9215322279997054,0.7463890319995699
Cyclic,322,tm,80.57211538461539,0.9087110089967609,0.7582139580044895
Cyclic,323,tm,81.10096153846153,0.9087865280016558,0.762120255996706
Cyclic,324,tm,80.57692307692308,0.9091581899992889,0.7600233679986559
Cyclic,325,tm,80.66826923076923,0.9066052880007192,0.775543807001668
Cyclic,326,tm,80.20192307692308,0.9378117209998891,0.764773023998714
Cyclic,327,tm,81.38461538461539,0.9089100009950926,0.7528650339954766
Cyclic,328,tm,80.84134615384615,0.9136244469991652,0.7545060609991197
Cyclic,329,nn,85.70192307692308,0.5794919339969056,0.7831209180003498
Cyclic,330,nn,85.82692307692308,0.6254306150003686,0.7690997850004351
Cyclic,331,nn,85.875,0.5864457979987492,0.7722999649995472
Cyclic,332,nn,86.01442307692308,0.6238009079970652,0.7661108109969064
Cyclic,333,nn,86.13461538461539,0.5830140439938987,0.7725536769939936
Cyclic,334,nn,86.01923076923077,0.6374169050031924,0.7749512779992074
Cyclic,335,nn,85.92788461538461,0.5206626590006636,0.7873629730020184
Cyclic,336,nn,86.04326923076923,0.5717657580025843,0.7730301390038221
Cyclic,337,nn,86.01442307692308,0.5842502939995029,0.7791236709963414
Cyclic,338,nn,85.84134615384616,0.6265890209979261,0.7726710370043293
Cyclic,339,nn,85.88461538461539,0.5820495430016308,0.7718381920058164
Cyclic,340,nn,85.89903846153845,0.6252919710022979,0.7804382699978305
Cyclic,341,nn,85.89423076923077,0.5820697320014006,0.7860693179973168
Cyclic,342,nn,85.86057692307692,0.6136956370028201,0.7864500490031787
Cyclic,343,nn,85.8701923076923,0.5646686940017389,0.7826016859980882
UTM,1,tm,69.17307692307692,3.0633469829990645,0.7675972639990505
UTM,2,tm,70.34134615384615,2.7638800560016534,0.771010065000155
UTM,3,tm,70.83173076923077,2.69085494299361,0.78009571700386
UTM,4,tm,71.53365384615384,2.701205109995499,0.775152887996228
UTM,5,tm,71.57692307692308,2.665701400997932,0.7871849200018914
UTM,6,tm,71.83653846153845,2.6751946510048583,0.7809305400005542
UTM,7,tm,72.04807692307692,2.6537566379993223,0.7599668330003624
UTM,8,tm,72.0576923076923,2.650640518993896,0.7809444869999425
UTM,9,tm,71.80288461538461,2.6569192969982396,0.7812969669976155
UTM,10,tm,72.08653846153847,2.627910104005423,0.7925075019957148
UTM,11,tm,72.3125,2.634159102999547,0.7871391900043818
UTM,12,tm,72.20192307692308,2.6158157710015075,0.7745200830031536
UTM,13,tm,72.1875,2.6365739469983964,0.7746578079968458
UTM,14,tm,72.3798076923077,2.627956695992907,0.776159863002249
UTM,15,tm,72.51923076923077,2.638126364996424,0.7833803870016709
UTM,16,tm,72.53846153846155,2.629634281001927,0.7865569810019224
UTM,17,tm,72.38461538461539,2.6476820719981333,0.7882686409939197
UTM,18,tm,72.71634615384616,2.642200137997861,0.775075523997657
UTM,19,tm,72.71634615384616,2.617677141002787,0.7783265949983615
UTM,20,tm,72.54326923076924,2.6227523100023973,0.7719178659972386
UTM,21,tm,72.86538461538463,2.618499795993557,0.7888888590023271
UTM,22,tm,72.88942307692308,2.6196212299983017,0.7873005460060085
UTM,23,tm,72.57211538461539,2.6155061070021475,0.7666685869990033
UTM,24,tm,72.88461538461539,2.6191484100054367,0.7707424789987272
UTM,25,tm,72.9423076923077,2.609935675005545,0.7871357660042122
UTM,26,tm,72.9375,2.617697836998559,0.7792760320007801
UTM,27,tm,72.8125,2.6138221450019046,0.7807597709979746
UTM,28,tm,73.17788461538461,2.614924029003305,0.7864996400021482
UTM,29,tm,72.8701923076923,2.6278291900016484,0.7825327270038542
UTM,30,tm,72.99038461538461,2.6279875620020903,0.7798687909962609
UTM,31,tm,72.88942307692308,2.6269892409982276,0.7811527820012998
UTM,32,tm,72.92307692307692,2.613002727004641,0.767297915997915
UTM,33,tm,73.0673076923077,2.6215020019953954,0.7796629719960038
UTM,34,tm,72.83653846153845,2.635986845001753,0.7835279040009482
UTM,35,tm,72.72596153846153,2.610669189001783,0.7883332159981364
UTM,36,tm,72.76442307692308,2.5997640790010337,0.7738212870026473
UTM,37,tm,73.25961538461539,2.6251506419939687,0.7841019839979708
UTM,38,tm,73.03846153846155,2.619369715997891,0.7844040519994451
UTM,39,tm,72.85096153846153,2.6060271639944403,0.789003102996503
UTM,40,tm,73.1201923076923,2.616893580001488,0.7794693489995552
UTM,41,tm,73.00961538461539,2.613327155006118,0.8011575950004044
UTM,42,tm,73.41826923076923,2.635993680996762,0.7859530240020831
UTM,43,tm,73.4375,2.6154448890010826,0.7874359030029154
UTM,44,tm,73.4375,2.6326681369973812,0.8079478649960947
UTM,45,tm,73.22596153846153,2.6113858460012125,0.7758456989977276
UTM,46,tm,73.24038461538461,2.6144545120041585,0.7920353250010521
UTM,47,tm,73.1298076923077,2.627966550004203,0.7880556169984629
UTM,48,tm,73.41346153846153,2.6251594689965714,0.7680442900018534
UTM,49,tm,73.36057692307692,2.6074075709984754,0.7867583960032789
UTM,50,tm,73.61538461538461,2.6253298679948784,0.7786482380033704
UTM,51,tm,73.50961538461539,2.6124095720006153,0.7856848989977152
UTM,52,tm,73.48076923076923,2.623207235999871,0.7753101850030362
UTM,53,tm,73.47115384615385,2.6145216840013745,0.7851344860027893
UTM,54,tm,73.48076923076923,2.6267158570044558,0.7821515140021802
UTM,55,tm,73.46153846153847,2.628255845993408,0.7745139189937618
UTM,56,tm,73.05288461538461,2.612206420999428,0.7772460799969849
UTM,57,tm,73.29326923076923,2.6238776050013257,0.7869669080027961
UTM,58,tm,73.2548076923077,2.626511896000011,0.7870866700031911
UTM,59,tm,73.13942307692308,2.600879438999982,0.780803431996901
UTM,60,tm,73.33653846153845,2.605959658998472,0.7931157679995522
UTM,61,tm,73.35576923076923,2.621867261994339,0.8014209030006896
UTM,62,tm,73.27884615384616,2.6107324229960795,0.78350902999955
UTM,63,tm,73.3076923076923,2.631559139001183,0.7790967600012664
UTM,64,tm,73.21153846153847,2.6300057639964507,0.7828292740014149
UTM,65,tm,73.28846153846153,2.630201212996326,0.7871547030008514
UTM,66,tm,73.28365384615385,2.6065001099996152,0.7805674820046988
UTM,67,tm,73.46153846153847,2.603815938004118,0.783786711996072
UTM,68,tm,73.17307692307692,2.620259347000683,0.8056609159975778
UTM,69,tm,73.48076923076923,2.611318590999872,0.7738011049950728
UTM,70,tm,73.57692307692307,2.6113312620000215,0.7785737200028962
UTM,71,tm,73.42307692307692,2.6194239239994204,0.781949097996403
UTM,72,tm,73.54807692307692,2.6208583150000777,0.7950709119977546
UTM,73,tm,73.5,2.6324236180007574,0.773416707997967
UTM,74,tm,73.46153846153847,2.608786255994346,0.7767184270051075
UTM,75,tm,73.5048076923077,2.6267261850007344,0.7719556319934782
UTM,76,tm,73.5048076923077,2.629087779998372,0.7920347939943895
UTM,77,tm,73.73076923076923,2.606726115998754,0.7880004120015656
UTM,78,tm,73.38942307692308,2.626691473000392,0.7714376790027018
UTM,79,tm,73.52884615384615,2.619798946994706,0.7860110830006306
UTM,80,tm,73.46634615384615,2.618433373994776,0.7842405229966971
UTM,81,tm,73.58653846153847,2.6395019660049,0.7878851799978293
UTM,82,tm,73.08653846153847,2.6300006969977403,0.7837426280020736
UTM,83,tm,73.2451923076923,2.608294099001796,0.7883988550020149
UTM,84,tm,73.1923076923077,2.6376042060001055,0.7887586960059707
UTM,85,tm,73.2548076923077,2.6321918009998626,0.7933854310031165
UTM,86,tm,73.52884615384615,2.618414083000971,0.7714121650060406
UTM,87,tm,73.13942307692308,2.622989786003018,0.7750631950038951
UTM,88,tm,73.46634615384615,2.618033786995511,0.7806657300025108
UTM,89,tm,73.57692307692307,2.616365964000579,0.7958756110019749
UTM,90,tm,73.40865384615385,2.612801061004575,0.7599142559993197
UTM,91,tm,73.4423076923077,2.605578807000711,0.7842243189952569
UTM,92,tm,73.5048076923077,2.640426395002578,0.7656862669973634
UTM,93,tm,73.50961538461539,2.6291158590029227,0.7790576850020443
UTM,94,tm,73.51923076923077,2.629588807998516,0.7703072250005789
UTM,95,tm,73.60576923076924,2.618761739002366,0.7709017260058317
UTM,96,tm,73.5673076923077,2.6182704480015673,0.781770534995303
UTM,97,tm,73.4326923076923,2.632974321997608,0.7969915609937743
UTM,98,tm,73.54807692307692,2.6322293970006285,0.7840719159939908
UTM,99,tm,73.5048076923077,2.6153363490011543,0.786531775003823
UTM,100,tm,73.78365384615385,2.605972010002006,0.771714324997447
UTM,101,tm,73.71634615384616,2.6385215379996225,0.7802957789972425
UTM,102,tm,73.46634615384615,2.6198206179979024,0.7743559640002786
UTM,103,tm,73.48076923076923,2.608598938997602,0.7919237800015253
UTM,104,tm,73.42307692307692,2.623803554000915,0.7761143220050144
UTM,105,tm,73.70673076923076,2.6069757619989105,0.7899574170005508
UTM,106,tm,73.32211538461539,2.6191238239989616,0.7792636459998903
UTM,107,tm,73.3701923076923,2.6113763000030303,0.7941863349988125
UTM,108,tm,73.40865384615385,2.6158027760029654,0.7909081020043232
UTM,109,tm,73.58173076923077,2.633395691998885,0.7768180819984991
UTM,110,tm,73.63942307692307,2.6194843940029386,0.7838658040054725
UTM,111,tm,73.4375,2.6110701709985733,0.7937810250004986
UTM,112,tm,73.51442307692308,2.6305989690008573,0.7747234269991168
UTM,113,tm,73.3798076923077,2.623595117001969,0.793190197997319
UTM,114,tm,73.49038461538461,2.617594031995395,0.779194982998888
UTM,115,tm,73.39903846153845,2.6247831200016662,0.7650256900014938
UTM,116,tm,73.5673076923077,2.6355353480030317,0.7766217329990468
UTM,117,tm,73.5,2.4828141469988623,0.7759670230007032
UTM,118,tm,73.58173076923077,2.61596467000345,0.7906638429994928
UTM,119,tm,73.47596153846155,2.6324136280018138,0.784846522998123
UTM,120,tm,73.60576923076924,2.6214386409992585,0.7713342650022241
UTM,121,tm,73.34134615384616,2.6123041390019353,0.7887929349963088
UTM,122,tm,73.66826923076924,2.6263173119950807,0.8074109619992669
UTM,123,tm,73.73557692307692,2.626847977997386,0.7849343580019195
UTM,124,tm,73.63461538461539,2.639965573005611,0.7937129579950124
UTM,125,tm,73.42788461538461,2.6059345030007535,0.7818888230031007
UTM,126,tm,73.60576923076924,2.626357711997116,0.7930991199973505
UTM,127,tm,73.5048076923077,2.6197205659991596,0.7739794879962574
UTM,128,tm,73.4326923076923,2.6188857829984045,0.7859077260000049
UTM,129,tm,73.35576923076923,2.612901252003212,0.8047733350031194
UTM,130,tm,72.99038461538461,2.628398451000976,0.7899810300004901
UTM,131,tm,73.375,2.62110601200402,0.789150308999524
UTM,132,tm,73.44711538461539,2.6372406630034675,0.7788379740013625
UTM,133,tm,73.07692307692307,2.635715796997829,0.7864008540054783
UTM,134,tm,73.48076923076923,2.6326827380034956,0.784746081000776
UTM,135,tm,73.71634615384616,2.627127047002432,0.784341382997809
UTM,136,tm,73.45192307692308,2.6246395410053083,0.7916596460054279
UTM,137,tm,73.63942307692307,2.6232135509999353,0.7793437619984616
UTM,138,tm,73.57692307692307,2.6349574080013554,0.7786394340000697
UTM,139,tm,73.65865384615384,2.619817155995406,0.7875044079992222
UTM,140,tm,73.61057692307692,2.623828403004154,0.7928446709993295
UTM,141,tm,73.50961538461539,2.634770338998351,0.7751354749998427
UTM,142,tm,73.5048076923077,2.6452307189974817,0.777620818997093
UTM,143,tm,73.59134615384615,2.630910287000006,0.7759723839990329
UTM,144,tm,73.42788461538461,2.6326060159990448,0.7830587350035785
UTM,145,tm,73.53846153846155,2.6236237100019935,0.7812354030029383
UTM,146,tm,73.29807692307693,2.635442224003782,0.7902201609977055
UTM,147,tm,73.25,2.6116433200004394,0.7900706850050483
UTM,148,tm,73.48557692307692,2.6286142989993095,0.7841983510006685
UTM,149,tm,73.23557692307693,2.637560677998408,0.7932330759940669
UTM,150,tm,73.42788461538461,2.6281504040016443,0.7693518609958119
UTM,151,tm,73.44711538461539,2.6362501390030957,0.7748940879973816
UTM,152,tm,73.47596153846155,2.6466344729997218,0.7727304990039556
UTM,153,tm,73.67788461538461,2.6375641400009044,0.7772794769989559
UTM,154,tm,73.5673076923077,2.63692314200307,0.7751304240009631
UTM,155,tm,73.61538461538461,2.640207812000881,0.7689772750018165
UTM,156,tm,73.63461538461539,2.635078874998726,0.7854840959989815
UTM,157,tm,73.64423076923077,2.6308296190036344,0.7757767279981636
UTM,158,tm,73.6201923076923,2.634758198997588,0.7682139340031426
UTM,159,tm,73.59134615384615,2.63861636799993,0.7978601950017037
UTM,160,tm,73.80288461538461,2.633279652996862,0.765997354996216
UTM,161,tm,73.40865384615385,2.640317113000492,0.7939047589970869
UTM,162,tm,73.39423076923077,2.636943188001169,0.7832896799955051
UTM,163,tm,73.48557692307692,2.62561202699726,0.7814994040018064
UTM,164,tm,73.58653846153847,2.6224849639984313,0.7882038329989882
UTM,165,tm,73.60096153846155,2.6339266050053993,0.7898011360011878
UTM,166,tm,73.4375,2.635345023001719,0.7898111500035156
UTM,167,tm,73.42788461538461,2.637234173998877,0.7891620899972622
UTM,168,tm,73.3125,2.6298241510012303,0.7936176259972854
UTM,169,tm,73.32211538461539,2.6454500870022457,0.78821681500267
UTM,170,tm,73.48557692307692,2.6423586809978588,0.7954929589977837
UTM,171,tm,73.52403846153847,2.6217278219992295,0.789563869999256
UTM,172,tm,73.59134615384615,2.6525327030030894,0.7860224920004839
UTM,173,tm,73.50961538461539,2.652177787000255,0.7878139640015434
UTM,174,tm,73.4326923076923,2.644548895994376,0.7884586310028681
UTM,175,tm,73.40384615384615,2.66122214999632,0.7951054259974626
UTM,176,tm,73.41346153846153,2.639108950002992,0.7822467809965019
UTM,177,tm,73.47115384615385,2.6427030179984285,0.7805523429997265
UTM,178,tm,73.54326923076923,2.6688686280031106,0.7783249249987421
UTM,179,tm,73.375,2.6573164590008673,0.7774620139971375
UTM,180,tm,73.34615384615385,2.6490240910061402,0.7896797149951453
UTM,181,tm,73.29807692307693,2.6412975450002705,0.7816844749977463
UTM,182,tm,72.9375,2.6332653520003078,0.766835581001942
UTM,183,tm,72.94711538461539,2.6394507690056344,0.7706789459989523
UTM,184,tm,73.4326923076923,2.6335689289990114,0.7832194229995366
UTM,185,tm,73.32211538461539,2.6255066899975645,0.7755991290032398
UTM,186,tm,73.61538461538461,2.6378559159929864,0.7875784920033766
UTM,187,tm,73.28846153846153,2.656451881004614,0.7924991930049146
UTM,188,tm,73.49038461538461,2.6873061590013094,0.7999424270019517
UTM,189,tm,73.46153846153847,2.6485706940002274,0.7740859749974334
UTM,190,tm,73.55288461538461,2.654033149003226,0.7779419619982946
UTM,191,tm,73.59615384615384,2.6416361809970113,0.779682676999073
UTM,192,tm,73.5048076923077,2.6359634959953837,0.7827649309983826
UTM,193,tm,73.45673076923077,2.6651532639953075,0.7861638230024255
UTM,194,tm,73.52403846153847,2.6494730850026826,0.7851982900028815
UTM,195,tm,73.52403846153847,2.6478062980022514,0.7929570909982431
UTM,196,tm,73.625,2.641870611005288,0.7801209400058724
UTM,197,tm,73.45192307692308,2.6307673850024003,0.7870046900061425
UTM,198,tm,73.16826923076924,2.6526640439988114,0.7717452329961816
UTM,199,tm,73.3076923076923,2.644647133995022,0.782856031000847
UTM,200,tm,73.53365384615384,2.6596074669942027,0.7837528550007846
UTM,201,tm,73.4423076923077,2.6410017859961954,0.7866477630013833
UTM,202,tm,73.63461538461539,2.6404298589986865,0.7961405580063001
UTM,203,tm,73.51923076923077,2.637970857002074,0.7799149300044519
UTM,204,tm,73.36538461538461,2.6461700270010624,0.7840814480005065
UTM,205,tm,73.49038461538461,2.646969708999677,0.7791796590026934
UTM,206,tm,73.17307692307692,2.62426894899545,0.803436160000274
UTM,207,tm,73.49038461538461,2.650812551000854,0.7789946699995198
UTM,208,tm,73.375,2.6380762240005424,0.780283487001725
UTM,209,tm,73.35576923076923,2.615769427997293,0.8032638930017129
UTM,210,tm,73.41346153846153,2.65665667400026,0.7836281740019331
UTM,211,tm,73.02403846153847,2.657644402999722,0.7860498770023696
UTM,212,tm,72.96153846153847,2.651782335000462,0.7858600340041448
UTM,213,tm,73.29326923076923,2.6287994399972376,0.7906580389972078
UTM,214,tm,73.51442307692308,2.645678938999481,0.7866021649970207
UTM,215,tm,73.30288461538461,2.6318052829956287,0.7763928929998656
UTM,216,tm,73.5673076923077,2.632786104004481,0.7701950979972025
UTM,217,tm,73.47115384615385,2.6568109309955616,0.780776813000557
UTM,218,tm,73.55288461538461,2.650744124002813,0.794690010996419
UTM,219,tm,73.33653846153845,2.6468886239963467,0.7827683669966063
UTM,220,tm,73.48557692307692,2.663782639996498,0.7909391220018733
UTM,221,tm,73.52884615384615,2.634109524995438,0.7990420579953934
UTM,222,tm,73.32211538461539,2.6396892439952353,0.7825607060003676
UTM,223,tm,73.3701923076923,2.6345337629973073,0.7863364689983428
UTM,224,tm,73.35096153846153,2.5635450650006533,0.7907519250002224
UTM,225,tm,73.3701923076923,2.6331264409964206,0.7901572519986075
UTM,226,tm,73.69711538461539,2.6525171769972076,0.7811263500043424
UTM,227,tm,73.65384615384616,2.641272695000225,0.7812353859990253
UTM,228,tm,73.57211538461539,2.651696864995756,0.7884533120013657
UTM,229,tm,73.65865384615384,2.646838351000042,0.7896626669971738
UTM,230,tm,73.8173076923077,2.6550580770053784,0.7784559990031994
UTM,231,tm,73.66826923076924,2.6680528270007926,0.7749566570055322
UTM,232,tm,73.89423076923077,2.6485629500020877,0.7772508119960548
UTM,233,tm,73.39423076923077,2.663692838003044,0.7983134870009962
UTM,234,tm,73.73557692307692,2.6466299610037822,0.7744410329978564
UTM,235,tm,73.70673076923076,2.6368733150011394,0.765060377001646
UTM,236,tm,73.64903846153847,2.6478123699998832,0.7774228940033936
UTM,237,tm,73.59615384615384,2.6613511289979215,0.7790540819987655
UTM,238,tm,73.58653846153847,2.6428095739975106,0.7802961189954658
UTM,239,tm,73.70673076923076,2.632082652999088,0.7938992749986937
UTM,240,tm,73.36057692307692,2.64632358399831,0.8066402200056473
UTM,241,tm,73.54807692307692,2.6427381120010978,0.793878645003133
UTM,242,tm,73.54326923076923,2.5924100409974926,0.7829421760034165
UTM,243,tm,73.38461538461539,2.633980516999145,0.7756318229949102
UTM,244,tm,73.64423076923077,2.649943976997747,0.7924961850003456
UTM,245,tm,73.42307692307692,2.6499639859976014,0.7862229719976312
UTM,246,tm,73.57692307692307,2.6455540189999738,0.7936040129934554
UTM,247,tm,73.45192307692308,2.6422197990032146,0.7771464239995112
UTM,248,tm,73.22596153846153,2.6731788120014244,0.7774657240006491
UTM,249,tm,73.30288461538461,2.64844925700163,0.7834540719995857
UTM,250,tm,73.48076923076923,2.633511838001141,0.7938801240015891
UTM,251,tm,73.375,2.616542327996285,0.7696796470045228
UTM,252,tm,73.34134615384616,2.648933620999742,0.7799422570024035
UTM,253,tm,73.60576923076924,2.6632716590029304,0.791300886994577
UTM,254,tm,73.58653846153847,2.6344933430009405,0.7953245979952044
UTM,255,tm,73.3798076923077,2.6586353660022723,0.7746560430023237
UTM,256,tm,73.46153846153847,2.6465801570011536,0.7891242330006207
UTM,257,tm,73.38942307692308,2.645619353999791,0.7820744269993156
UTM,258,tm,73.3076923076923,2.6617777189967455,0.7869890259971726
UTM,259,tm,73.44711538461539,2.643721109998296,0.7855547889994341
UTM,260,tm,73.52403846153847,2.6299966599981417,0.7828611610020744
UTM,261,tm,73.41826923076923,2.6711757279990707,0.7731045149994316
UTM,262,tm,73.22596153846153,2.653857096003776,0.7982917100016493
UTM,263,tm,73.32692307692308,2.6452585160004674,0.7884299630022724
UTM,264,tm,73.55288461538461,2.6537309880004614,0.7586457920042449
UTM,265,tm,73.21153846153847,2.6794926860020496,0.77972705099819
UTM,266,tm,73.23076923076923,2.656644621005398,0.7910820960023557
UTM,267,tm,73.42307692307692,2.669751287001418,0.7927839100011624
UTM,268,tm,73.5625,2.6564391040010378,0.7745495199997094
UTM,269,tm,73.39903846153845,2.6276279840021743,0.7920035159986583
UTM,270,tm,73.38461538461539,2.67343521300063,0.7812803749984596
UTM,271,tm,73.30288461538461,2.6647455920028733,0.7891844830010086
UTM,272,tm,73.2548076923077,2.676369460001297,0.7921534470006009
UTM,273,tm,73.375,2.6435955989945796,0.7828219540024293
UTM,274,tm,73.51442307692308,2.6618150979993516,0.7861038889968768
UTM,275,tm,73.65384615384616,2.6682050119998166,0.7866894570033764
UTM,276,tm,73.49038461538461,2.634614712005714,0.7987631270007114
UTM,277,tm,73.20673076923076,2.6553410479973536,0.7845007849973626
UTM,278,tm,73.3125,2.6587304349959595,0.7846543690029648
UTM,279,tm,73.51442307692308,2.665590862001409,0.7723563510007807
UTM,280,tm,73.48557692307692,2.6692644149952685,0.7885296270032995
UTM,281,tm,73.40865384615385,2.6416812780007604,0.7690703749976819
UTM,282,tm,73.41826923076923,2.6534214739949675,0.7746909130000859
UTM,283,tm,73.36538461538461,2.663897744001588,0.7657400589960162
UTM,284,tm,73.27884615384616,2.6783753010022338,0.7646917719976045
UTM,285,tm,73.4326923076923,2.6835742900002515,0.7678831150042242
UTM,286,tm,73.3798076923077,2.6745697599981213,0.7789513649986475
UTM,287,tm,73.5048076923077,2.6615784609966795,0.7815457360047731
UTM,288,tm,73.5048076923077,2.658862650001538,0.7855615670050611
UTM,289,tm,73.30288461538461,2.656452988005185,0.7870280779970926
UTM,290,tm,73.0625,2.660774367999693,0.7823983319976833
UTM,291,tm,73.39423076923077,2.6565018969995435,0.7785076389991445
UTM,292,tm,73.22596153846153,2.6484030909996363,0.7875325120039633
UTM,293,tm,73.35576923076923,2.6538424089958426,0.7849427149994881
UTM,294,tm,73.26442307692308,2.663893584998732,0.7760340609966079
UTM,295,tm,73.38942307692308,2.6532912330003455,0.7732156819984084
UTM,296,tm,73.47596153846155,2.652107462003187,0.7684884960035561
UTM,297,tm,73.38942307692308,2.6640791590034496,0.784450602994184
UTM,298,tm,73.25,2.66157278099854,0.7895848710031714
UTM,299,tm,73.38461538461539,2.640144340999541,0.7874370819990872
UTM,300,tm,73.0625,2.6385673170007067,0.7853967529954389
UTM,301,tm,72.57692307692307,2.647426367002481,0.776549515001534
UTM,302,tm,73.10576923076924,2.6563512360007735,0.7829234710006858
UTM,303,tm,73.34134615384616,2.6625225450043217,0.7829863189981552
UTM,304,tm,73.3076923076923,2.6550342269983958,0.7958253549950314
UTM,305,tm,73.11538461538461,2.653778724001313,0.7838038799964124
UTM,306,tm,73.3701923076923,2.655418253998505,0.7846598689939128
UTM,307,tm,73.3076923076923,2.6550741589962854,0.7983485450022272
UTM,308,tm,72.95673076923077,2.648392456001602,0.7961797259995365
UTM,309,tm,72.8125,2.6682496479988913,0.7911502629940514
UTM,310,tm,72.7548076923077,2.642218278000655,0.7886600799974985
UTM,311,tm,72.8701923076923,2.6499977169951308,0.7968214349966729
UTM,312,tm,73.32692307692308,2.6707599209985347,0.7815846599987708
UTM,313,tm,73.32692307692308,2.6642250359946047,0.7813786179976887
UTM,314,tm,73.57211538461539,2.6525059939958737,0.7828377409969107
UTM,315,tm,73.20673076923076,2.653138264999143,0.796957033999206
UTM,316,tm,73.26442307692308,2.6796520450006938,0.7900594370003091
UTM,317,tm,73.27884615384616,2.6477830479998374,0.7897969320038101
UTM,318,tm,73.22596153846153,2.671558622001612,0.7848604320024606
UTM,319,tm,73.10576923076924,2.668556451004406,0.7743595349966199
UTM,320,tm,73.22115384615384,2.647282105994236,0.7855971899989527
UTM,321,tm,73.13942307692308,2.6501991690020077,0.7822373060043901
UTM,322,tm,73.20192307692308,2.6587652060043183,0.7893011619962635
UTM,323,tm,73.0673076923077,2.644790645004832,0.7691348959997413
UTM,324,tm,73.01923076923077,2.6533271110019996,0.7647575910013984
UTM,325,tm,73.35096153846153,2.639560898001946,0.7817889270008891
UTM,326,tm,73.48076923076923,2.655916049996449,0.7861370079990593
UTM,327,tm,73.34615384615385,2.667312473000493,0.7705858900008025
UTM,328,tm,73.46153846153847,2.6483232070022495,0.7897202349995496
UTM,329,tm,73.42307692307692,2.674012240997399,0.798576952998701
UTM,330,tm,73.49038461538461,2.654121749001206,0.7806572940025944
UTM,331,tm,73.47115384615385,2.675742072002322,0.7955176449977444
UTM,332,tm,73.47115384615385,2.6552942970010918,0.7968963520033867
UTM,333,tm,73.5673076923077,2.674280125000223,0.7985242470022058
UTM,334,tm,73.375,2.643293845001608,0.7814759590037283
UTM,335,tm,73.2451923076923,2.6798030630016,0.7741849619997083
UTM,336,tm,73.15384615384616,2.658436992998759,0.7927235000024666
UTM,337,tm,73.47596153846155,2.635009789999458,0.7746434529981343
UTM,338,tm,73.27403846153845,2.6565990450035315,0.7801814669946907
UTM,339,tm,73.09615384615384,2.627446926002449,0.778869294001197
UTM,340,tm,73.14423076923077,2.647265640000114,0.7980966639952385
UTM,341,tm,73.3701923076923,2.65138769299665,0.77012346599804
UTM,342,tm,73.33173076923077,2.669532257998071,0.7718741439966834
UTM,343,tm,73.40865384615385,2.680074550000427,0.7961965810027323
UTM,344,tm,73.58653846153847,2.6700544209961663,0.7821910999991815
UTM,345,tm,73.6201923076923,2.664873768000689,0.7916824130006717
UTM,346,tm,73.3173076923077,2.6438234699962777,0.7892804590010201
UTM,347,tm,73.51442307692308,2.661447099002544,0.7731686959959916
UTM,348,tm,73.27884615384616,2.6604369989945553,0.7827871839981526
UTM,349,tm,73.5,2.6618028640004923,0.7784993879977264
UTM,350,tm,73.4423076923077,2.663837154999783,0.774963026997284
UTM,351,tm,73.48557692307692,2.639437525998801,0.7831827769987285
UTM,352,tm,73.38461538461539,2.652754384005675,0.7873982850069297
UTM,353,tm,73.34134615384616,2.665186824000557,0.7729321740043815
UTM,354,tm,73.47115384615385,2.6550204739978653,0.793820009996125
UTM,355,tm,73.14423076923077,2.642670367997198,0.7925715090023004
UTM,356,tm,73.21153846153847,2.6470510559956892,0.7793544189989916
UTM,357,tm,73.19711538461539,2.6584540490002837,0.7679268820065772
UTM,358,tm,73.35096153846153,2.6472718820004957,0.7924345200008247
UTM,359,tm,73.34615384615385,2.6761470470009954,0.7912740440006019
UTM,360,tm,73.38461538461539,2.661135946000286,0.778945811005542
UTM,361,tm,73.46634615384615,2.6650566270036506,0.7873167010038742
UTM,362,tm,73.48557692307692,2.6618083879948244,0.7820201390059083
UTM,363,tm,73.29807692307693,2.678581608000968,0.7855771059985273
UTM,364,tm,73.4423076923077,2.6686300549990847,0.7791735600039829
UTM,365,tm,73.375,2.6843874670012156,0.7856156670022756
UTM,366,tm,73.4423076923077,2.6757217369959108,0.7931126980038243
UTM,367,tm,73.36538461538461,2.6638533970035496,0.7816867009969428
UTM,368,tm,73.54326923076923,2.661528762000671,0.7765472109967959
UTM,369,tm,73.38461538461539,2.664235379001184,0.7846220339997672
UTM,370,tm,73.52403846153847,2.652242540003499,0.776410118000058
UTM,371,tm,73.33653846153845,2.6714834310041624,0.7800844940065872
UTM,372,tm,73.4326923076923,2.648159021002357,0.779914511993411
UTM,373,tm,73.29326923076923,2.6703089229995385,0.7869034790055593
UTM,374,tm,73.35576923076923,2.6788968210021267,0.7868094350051251
UTM,375,tm,73.21634615384616,2.663430509994214,0.7955854559986619
UTM,376,tm,73.07692307692307,2.643570798005385,0.7720252790022641
UTM,377,tm,72.92788461538461,2.6590304690034827,0.7840042649986572
UTM,378,tm,73.27403846153845,2.6534131450025598,0.7836380779990577
UTM,379,tm,73.2451923076923,2.665406609994534,0.7905597299977671
UTM,380,tm,73.6298076923077,2.665814423999109,0.7851736669981619
UTM,381,tm,73.59134615384615,2.695537626997975,0.774456207996991
UTM,382,tm,73.42788461538461,2.6770135780025157,0.7819193860050291
UTM,383,tm,73.41346153846153,2.6683297750059864,0.7671935679973103
UTM,384,tm,73.59134615384615,2.67143158899853,0.788656015000015
UTM,385,tm,73.6201923076923,2.6546544520024327,0.77425244099868
UTM,386,tm,73.5625,2.6605333810002776,0.7742934560010326
UTM,387,tm,73.53846153846155,2.659976334995008,0.7652040839966503
UTM,388,tm,73.44711538461539,2.6843013880061335,0.7827626739963307
UTM,389,tm,73.34615384615385,2.66326576800202,0.799136660003569
UTM,390,tm,73.42307692307692,2.6711426729962113,0.7869939970041742
UTM,391,tm,73.42788461538461,2.6444118279978284,0.7816191189995152
UTM,392,tm,73.09134615384615,2.662393366001197,0.7682079549995251
UTM,393,tm,72.8701923076923,2.6527301399983116,0.7798526260012295
UTM,394,tm,73.32211538461539,2.6501515499985544,0.784532779995061
UTM,395,tm,73.39423076923077,2.663546741998289,0.7899804100015899
UTM,396,tm,73.35576923076923,2.6673239750016364,0.776901273005933
UTM,397,tm,73.50961538461539,2.6433233089992427,0.7856329100031871
UTM,398,tm,73.35096153846153,2.658368131997122,0.7901032400041004
UTM,399,tm,73.38461538461539,2.6574270140044973,0.7873899839978549
UTM,400,tm,73.3701923076923,2.6660635529988213,0.7919985810003709
UTM,401,tm,73.39423076923077,2.6490873900038423,0.7659364330029348
UTM,402,tm,73.3125,2.65287872999761,0.7803012920048786
UTM,403,tm,73.47115384615385,2.6444302329982747,0.7780637539981399
UTM,404,tm,73.23076923076923,2.671227225000621,0.7934686539956601
UTM,405,tm,72.97115384615384,2.671539479997591,0.778708177000226
UTM,406,tm,72.80288461538461,2.6471129310011747,0.7930560239983606
UTM,407,tm,73.01442307692308,2.642246556999453,0.7785265589991468
UTM,408,tm,73.1201923076923,2.652423708997958,0.7808247270004358
UTM,409,tm,73.4326923076923,2.6647174160025315,0.7721110909988056
UTM,410,tm,73.3076923076923,2.6655539690036676,0.778495981998276
UTM,411,tm,73.46153846153847,2.664713512000162,0.7778496550017735
UTM,412,tm,73.26923076923076,2.6802603059986723,0.7963153579985374
UTM,413,tm,73.44711538461539,2.6544075409983634,0.7748006580004585
UTM,414,tm,73.3173076923077,2.6562621539997053,0.7850914209993789
UTM,415,tm,73.32211538461539,2.658114174999355,0.7774725810013479
UTM,416,tm,73.2548076923077,2.6561781569980667,0.7728076439962024
UTM,417,tm,73.42307692307692,2.674387155995646,0.7739531429979252
UTM,418,tm,73.25,2.6674576299992623,0.7880228319991147
UTM,419,tm,73.3701923076923,2.6528443549977965,0.7826693120005075
UTM,420,tm,73.2548076923077,2.634712295999634,0.769707682004082
UTM,421,tm,73.15865384615384,2.6602489819997572,0.7903733769999235
UTM,422,tm,73.0048076923077,2.6794307679956546,0.7820819430053234
UTM,423,tm,73.11057692307692,2.6611683390001417,0.7828532260027714
UTM,424,tm,73.19711538461539,2.658702777000144,0.788489890001074
UTM,425,tm,73.10096153846153,2.656941072003974,0.8040977380005643
UTM,426,tm,73.21153846153847,2.670970755003509,0.7826108700028271
UTM,427,tm,73.17788461538461,2.658874648004712,0.7782606969994958
UTM,428,tm,73.40384615384615,2.669384524000634,0.7868908290038235
UTM,429,tm,73.48557692307692,2.6480454729971825,0.7952356450041407
UTM,430,tm,73.50961538461539,2.68115766900155,0.7790804090036545
UTM,431,tm,73.3125,2.660711219999939,0.7735337179983617
UTM,432,tm,73.34615384615385,2.664054685999872,0.7790316739992704
UTM,433,tm,73.4326923076923,2.672733129002154,0.7818209569959436
UTM,434,tm,73.3701923076923,2.6640785870040418,0.779826302001311
UTM,435,tm,73.36057692307692,2.6518787880049786,0.7848101540002972
UTM,436,tm,73.26923076923076,2.632891444998677,0.7895154100042419
UTM,437,tm,73.34134615384616,2.6669071139986045,0.7938085729983868
UTM,438,tm,73.29326923076923,2.6631632240023464,0.7720604200003436
UTM,439,tm,73.125,2.644248635006079,0.8086887509998633
UTM,440,tm,73.30288461538461,2.6655761180008994,0.7840201910003088
UTM,441,tm,73.47596153846155,2.674818627005152,0.7825261499965563
UTM,442,tm,73.4375,2.6627061819963274,0.7825775620003697
UTM,443,tm,73.39903846153845,2.65220420499827,0.7680682560021523
UTM,444,tm,73.30288461538461,2.656194372997561,0.7715832579997368
UTM,445,tm,73.48557692307692,2.679828900996654,0.7853261870041024
UTM,446,tm,73.41826923076923,2.6798644570008037,0.7832249880011659
UTM,447,tm,73.49038461538461,2.686787255006493,0.7783315639971988
UTM,448,tm,73.53846153846155,2.661308165996161,0.785707506001927
UTM,449,tm,73.49038461538461,2.6595542270006263,0.7743457370015676
UTM,450,tm,73.48557692307692,2.671475498995278,0.7766481149956235
UTM,451,tm,73.52884615384615,2.659061264996126,0.7808055880013853
UTM,452,tm,73.47115384615385,2.654988592999871,0.7696148199975141
UTM,453,tm,73.33653846153845,2.649726544004807,0.7789793839983759
UTM,454,tm,73.20673076923076,2.671736135998799,0.7846811310009798
UTM,455,tm,73.29326923076923,2.66596266200213,0.7964112710033078
UTM,456,tm,73.17788461538461,2.6698522840015357,0.7782062719998066
UTM,457,tm,73.22115384615384,2.6439593090035487,0.7779798909978126
UTM,458,tm,73.32211538461539,2.6474899309978355,0.7842369040008634
UTM,459,tm,73.125,2.663895947000128,0.7639191409980413
UTM,460,tm,73.17788461538461,2.650731806999829,0.7917317459941842
UTM,461,tm,73.16346153846153,2.6565020739944885,0.7858687870029826
UTM,462,tm,73.32211538461539,2.659205274001579,0.770484607994149
UTM,463,tm,73.60096153846155,2.6865553859970532,0.7962297249978292
UTM,464,tm,73.47596153846155,2.69067593300133,0.7865660500028753
UTM,465,tm,73.51442307692308,2.6663077999983216,0.7730301390038221
UTM,466,tm,73.39423076923077,2.683907051999995,0.7905179000008502
UTM,467,tm,73.51923076923077,2.6594619149982464,0.7785779080004431
UTM,468,tm,73.20673076923076,2.6727936530005536,0.7958052389949444
UTM,469,tm,73.28365384615385,2.662599522001983,0.7967662579976604
UTM,470,tm,73.14903846153847,2.6519532120000804,0.7918214879973675
UTM,471,tm,73.1298076923077,2.667361803003587,0.7742863180028507
UTM,472,tm,73.41346153846153,2.688574081999832,0.785976978004328
UTM,473,tm,73.3798076923077,2.653899361001095,0.7763604369974928
UTM,474,tm,73.1201923076923,2.677226765001251,0.7795527819980634
UTM,475,tm,73.11538461538461,2.6686072240045178,0.7683339939976577
UTM,476,tm,72.99038461538461,2.661203798998031,0.7735133050009608
UTM,477,tm,73.34134615384616,2.6665877089981223,0.7931714809965342
UTM,478,tm,73.32692307692308,2.667035088998091,0.7847610479948344
UTM,479,tm,73.41346153846153,2.666132947000733,0.7983004459965741
UTM,480,tm,73.46634615384615,2.678057833996718,0.7711382759953267
UTM,481,tm,73.30288461538461,2.666401346999919,0.7971010929977638
UTM,482,tm,73.35576923076923,2.6832276480054134,0.7762247110003955
UTM,483,tm,73.35096153846153,2.66261537399987,0.7677042209979845
UTM,484,tm,73.27403846153845,2.6673895130006713,0.7898168169995188
UTM,485,tm,73.1201923076923,2.660047051998845,0.7845990620044176
UTM,486,tm,73.29807692307693,2.68248914200376,0.7859865710051963
UTM,487,tm,73.4326923076923,2.6532645519982907,0.7806884789970354
UTM,488,tm,73.50961538461539,2.656485129999055,0.7797029959983774
UTM,489,tm,73.42788461538461,2.666799752994848,0.7757468899944797
UTM,490,tm,73.1875,2.66353392599558,0.7760708319983678
UTM,491,tm,73.26442307692308,2.672799694999412,0.7784632909970242
UTM,492,tm,73.05288461538461,2.6872788539985777,0.7979066240004613
UTM,493,tm,73.23557692307693,2.677040085000044,0.7871490870020352
UTM,494,tm,73.3701923076923,2.6626752939992,0.7761924100050237
UTM,495,tm,73.45673076923077,2.682211808001739,0.7820954409980914
UTM,496,tm,73.48076923076923,2.6621030750029604,0.7738623039986123
UTM,497,tm,73.45192307692308,2.665661674000148,0.7870188070010045
UTM,498,tm,73.4423076923077,2.668347527003789,0.7836235990034766
UTM,499,tm,73.29807692307693,2.6854402649987605,0.7803753650005092
UTM,500,tm,73.13461538461539,2.6654584589996375,0.786890087001666
WTM,1,tm,65.33173076923077,1.9026340720010921,0.7057955709969974
WTM,2,tm,70.01442307692308,1.5881291039986536,0.7347843549941899
WTM,3,tm,69.36538461538461,1.4950527359978878,0.7120639850036241
WTM,4,tm,71.61057692307692,1.4002866180017008,0.7391894079992198
WTM,5,tm,70.35096153846155,1.361780068000371,0.7292455659990082
WTM,6,tm,72.9326923076923,1.3131561650006915,0.734593674998905
WTM,7,tm,74.28365384615384,1.2960656270006439,0.7327974599975278
WTM,8,tm,73.67788461538461,1.2591771040024469,0.7402556169981835
WTM,9,tm,71.51442307692307,1.2316437730041798,0.7307824640010949
WTM,10,tm,76.44711538461539,1.2234705880036927,0.7461268109982484
WTM,11,tm,75.45673076923077,1.1950317139999242,0.7399481809989084
WTM,12,tm,74.5048076923077,1.1878615989990067,0.7333964339995873
WTM,13,tm,73.26923076923076,1.1831979400012642,0.7373199770008796
WTM,14,tm,74.33653846153845,1.160188861998904,0.7390935980001814
WTM,15,tm,75.97596153846153,1.150297068998043,0.725741686001129
WTM,16,tm,74.5673076923077,1.1503170089999912,0.7430498210014775
WTM,17,tm,76.39423076923076,1.1403388050021022,0.7580199129952234
WTM,18,tm,76.45192307692308,1.1400083860062296,0.738031916996988
WTM,19,tm,77.11057692307692,1.1114877260042704,0.7270518180012004
WTM,20,tm,76.17307692307692,1.1106715200003237,0.735720950004179
WTM,21,tm,76.3125,1.1143808360066032,0.7355552389999502
WTM,22,tm,75.96153846153845,1.1137157850025687,0.7447579319996294
WTM,23,tm,77.95673076923076,1.0847628780029481,0.7422195879989886
WTM,24,tm,77.10576923076923,1.0926836139988154,0.7513534579993575
WTM,25,tm,77.84134615384616,1.0893491440001526,0.7410930010009906
WTM,26,tm,77.42788461538461,1.0872367849951843,0.7430332980002277
WTM,27,tm,76.41826923076923,1.07651592700131,0.7375385289997212
WTM,28,tm,77.19711538461539,1.0843004139969707,0.7409039959966321
WTM,29,tm,78.01442307692308,1.0794696590019157,0.732239191995177
WTM,30,tm,77.4326923076923,1.0672839789986028,0.731014076001884
WTM,31,tm,77.5576923076923,1.0669008159966324,0.7331349779997254
WTM,32,tm,76.46153846153845,1.064472490004846,0.7420985659991857
WTM,33,tm,76.76923076923077,1.0525274239989812,0.7400857109969365
WTM,34,tm,77.45673076923076,1.0618071790013346,0.7431756099977065
WTM,35,tm,77.8076923076923,1.0434496129964828,0.7423854219960049
WTM,36,tm,78.1826923076923,1.0476771210014704,0.734431154000049
WTM,37,tm,78.19711538461539,1.049282289997791,0.7464088260021526
WTM,38,tm,78.14903846153847,1.037891555999522,0.7453111009963322
WTM,39,tm,77.46634615384616,1.031426797999302,0.7480410749994917
WTM,40,tm,77.48557692307692,1.031591169994499,0.7371208149997983
WTM,41,tm,77.83653846153847,1.0322697709998465,0.7341572389996145
WTM,42,tm,77.98557692307693,1.0247523290017853,0.7338403940011631
WTM,43,tm,76.5,1.0299154370004544,0.7243057410014444
WTM,44,tm,78.8798076923077,1.0179099679953652,0.7306838950025849
WTM,45,tm,78.97115384615384,1.01564235999831,0.7525331249998999
WTM,46,tm,78.25961538461539,1.0270396430059918,0.7488137430045754
WTM,47,tm,78.10096153846153,1.0069866260018898,0.7353618460037978
WTM,48,tm,77.54326923076923,1.0150266169948736,0.762430791000952
WTM,49,tm,78.9423076923077,1.0127325010034838,0.7341125429957174
WTM,50,tm,78.04326923076923,1.0012665890026256,0.7588487149987486
WTM,51,tm,78.75961538461539,1.0331170930003282,0.7496448980018613
WTM,52,tm,78.50961538461539,1.0005929510007263,0.746762763003062
WTM,53,tm,78.2548076923077,0.9933307400060585,0.754303051995521
WTM,54,tm,78.33653846153847,1.0156100839958526,0.7476841230018181
WTM,55,tm,79.4375,1.0058177669998258,0.740804417997424
WTM,56,tm,78.38942307692308,0.9967047990066931,0.7381903630011948
WTM,57,tm,80.14903846153845,1.0015397460010718,0.7357721670050523
WTM,58,tm,78.13942307692308,1.0070294059987646,0.7473943229997531
WTM,59,tm,79.22596153846155,0.9790541990005295,0.7345094900010736
WTM,60,tm,78.61057692307692,1.0044380980034475,0.7471063460034202
WTM,61,tm,78.8173076923077,0.9906936419938575,0.7497843230012222
WTM,62,tm,78.50961538461539,0.9994774289953057,0.7378895110014128
WTM,63,tm,79.38942307692308,0.9938061200009543,0.7424808389987447
WTM,64,tm,78.89903846153847,0.9854386139995768,0.7364746179955546
WTM,65,tm,78.96153846153847,0.9817991820018506,0.7405186409960152
WTM,66,tm,79.07211538461539,0.9964022040003329,0.7351102300017374
WTM,67,tm,79.1201923076923,0.9736835129951942,0.7389281159994425
WTM,68,tm,78.7548076923077,0.9762182289996417,0.740379931005009
WTM,69,tm,79.35096153846153,0.9939780280037667,0.7411181819988997
WTM,70,tm,79.30288461538461,0.98606582100183,0.7487744009995367
WTM,71,tm,79.09615384615385,0.9744492370009539,0.7628063380034291
WTM,72,tm,78.65865384615385,0.9772243529951083,0.7551044589999947
WTM,73,tm,78.40865384615384,0.976265927994973,0.7417794720022357
WTM,74,tm,78.4326923076923,0.9731281499989564,0.75147411099897
WTM,75,tm,78.22115384615384,0.9748188569938065,0.7378024220015504
WTM,76,tm,78.6826923076923,0.9802501380036119,0.7483381740021287
WTM,77,tm,79.75,0.9864121790014906,0.7437934710033005
WTM,78,tm,80.42307692307692,0.971226203997503,0.7484494969976367
WTM,79,tm,79.28846153846155,0.9674341899954015,0.751486034001573
WTM,80,tm,80.0576923076923,0.9834681670035934,0.7426774670020677
WTM,81,tm,78.96153846153847,0.989228220001678,0.7289545629973873
WTM,82,tm,78.97596153846153,0.9687847250024788,0.7406782410034793
WTM,83,tm,78.48076923076923,0.9749503370039747,0.7397826550004538
WTM,84,tm,78.26442307692307,0.968233894003788,0.7523277719956241
WTM,85,tm,79.0048076923077,0.9561461029952625,0.7566272190015297
WTM,86,tm,78.88942307692308,0.9703031480021309,0.7449362460029079
WTM,87,tm,79.13461538461539,0.968411598005332,0.7416143119990011
WTM,88,tm,78.88461538461539,0.9613607580031385,0.7473148409990245
WTM,89,tm,79.00961538461539,0.955661271000281,0.7433647750003729
WTM,90,tm,79.0576923076923,0.9681145950016798,0.7590108060030616
WTM,91,tm,79.98076923076923,0.9773756909999065,0.7448028630024055
WTM,92,tm,78.08173076923077,0.9535546740007703,0.7470822879986372
WTM,93,tm,80.35576923076924,0.9657828540002811,0.7409341279999353
WTM,94,tm,80.19711538461539,0.9671579990026657,0.7493216869988828
WTM,95,tm,78.39903846153847,0.956931157001236,0.7570111230015755
WTM,96,tm,79.85096153846155,0.9591404589955346,0.7353141519997735
WTM,97,tm,78.92788461538461,0.960823638997681,0.7546245519988588
WTM,98,tm,78.38461538461539,0.9550111420030589,0.745907755997905
WTM,99,tm,80.02884615384616,0.9649553950002883,0.7421456759984721
WTM,100,tm,80.39423076923077,0.9486812069953885,0.7434193640001467
WTM,101,tm,79.6826923076923,0.9503691189966048,0.764451734998147
WTM,102,tm,78.51923076923077,0.960751603000972,0.7516754309981479
WTM,103,tm,79.08653846153845,0.9571476899945992,0.7392483389994595
WTM,104,tm,79.4423076923077,0.963693844001682,0.7463976150029339
WTM,105,tm,78.8125,0.9411198700036039,0.7431086440046784
WTM,106,tm,80.1201923076923,0.9583863599982578,0.7570215510058915
WTM,107,tm,79.15865384615385,0.9551461230003042,0.7483101229954627
WTM,108,tm,79.38461538461539,0.9472463019992574,0.7429631959967082
WTM,109,tm,79.86538461538461,0.9521162529999856,0.7459728169997106
WTM,110,tm,79.70673076923077,0.9566179890025523,0.7235360439954093
WTM,111,tm,80.57211538461539,0.9506929169947398,0.7363282290025381
WTM,112,tm,78.64423076923077,0.9453176860042731,0.7507728440032224
WTM,113,tm,79.92307692307692,0.9520435980011825,0.739179989999684
WTM,114,tm,78.95192307692308,0.9531488670036197,0.7428014149991213
WTM,115,tm,80.36057692307692,0.9339544489994296,0.7532436559995404
WTM,116,tm,80.6201923076923,0.9656285230012145,0.7420141399998101
WTM,117,tm,80.21634615384615,0.9507004000042798,0.7359483529944555
WTM,118,tm,78.64423076923077,0.9451511410006788,0.7420492689998355
WTM,119,tm,79.5,0.9452230890019564,0.7451579170010518
WTM,120,tm,79.5673076923077,0.9453126220032573,0.7321384710012353
WTM,121,tm,78.73557692307692,0.952445163995435,0.7454772749988479
WTM,122,tm,79.1875,0.9379152699984843,0.7479056599986507
WTM,123,tm,80.15865384615385,0.9492407950019697,0.7416548729961505
WTM,124,tm,79.16346153846155,0.9384917350034812,0.749129231000552
WTM,125,tm,79.84615384615384,0.956311154004652,0.7412334190012189
WTM,126,tm,79.46634615384616,0.9445981710014166,0.7428983299978427
WTM,127,tm,78.1875,0.9474226629972691,0.739717381002265
WTM,128,tm,79.79807692307692,0.9415320620028069,0.7462840560037876
WTM,129,tm,79.49038461538461,0.9402100880033686,0.7562038319956628
WTM,130,tm,79.1298076923077,0.9382752039964544,0.7402089489987702
WTM,131,tm,79.73076923076923,0.9392386719991919,0.7415931680006906
WTM,132,tm,79.6826923076923,0.9471464790040045,0.751425599999493
WTM,133,tm,78.79807692307692,0.9477288589987438,0.745921501002158
WTM,134,tm,79.78365384615384,0.9378119149987469,0.7492909479988157
WTM,135,tm,77.85576923076924,0.9512721270002658,0.745547540995176
WTM,136,tm,78.73557692307692,0.937723184004426,0.7483311769974534
WTM,137,tm,79.16346153846155,0.9450448549978319,0.7444786229971214
WTM,138,tm,79.71153846153847,0.9436175169976195,0.7486177779937861
WTM,139,tm,80.0625,0.9213649749945034,0.7447530680001364
WTM,140,tm,79.40384615384616,0.9241904770024121,0.7509727659999044
WTM,141,tm,79.3701923076923,0.9447554329963168,0.7521885859969188
WTM,142,tm,79.01923076923076,0.9321319849987049,0.7435691400023643
WTM,143,tm,79.65384615384615,0.9363349329942139,0.7486109470046358
WTM,144,tm,78.91826923076923,0.9323854280009982,0.7449712399975397
WTM,145,tm,79.70673076923077,0.9429311600033543,0.7537494800053537
WTM,146,tm,79.61538461538461,0.9446247000014409,0.7461148719958146
WTM,147,tm,78.90865384615384,0.9344906360056484,0.755726251998567
WTM,148,tm,78.95673076923076,0.9335537679944537,0.7458536519989138
WTM,149,tm,79.98076923076923,0.9258797350048553,0.7459425350025413
WTM,150,tm,79.3173076923077,0.9240511559983133,0.7499046310040285
WTM,151,tm,80.375,0.9264705430032336,0.7460267880014726
WTM,152,tm,79.78846153846155,0.9314954120054608,0.7452560210003867
WTM,153,tm,80.33653846153847,0.9342066370008979,0.7507902539946372
WTM,154,tm,79.84615384615384,0.9349261699971976,0.7444490449997829
WTM,155,tm,79.76923076923077,0.9398588359981659,0.7464683660000446
WTM,156,tm,79.51923076923076,0.9254639899954782,0.7490926140017109
WTM,157,tm,80.23557692307692,0.9273760989963193,0.7380608820021735
WTM,158,tm,79.92788461538461,0.9271109940018505,0.7456286000015098
WTM,159,tm,79.33173076923077,0.9448464540037094,0.7453290859994013
WTM,160,tm,80.0,0.9318170879996615,0.7543602900041151
WTM,161,tm,80.22596153846155,0.9307985769992229,0.7503197909973096
WTM,162,tm,79.90865384615384,0.9317483519989764,0.7323179680024623
WTM,163,tm,79.91826923076924,0.9355743460037047,0.7468973630020628
WTM,164,tm,80.97596153846153,0.925453963005566,0.7470800309965853
WTM,165,tm,79.94711538461539,0.9222369039998739,0.7407976640024572
WTM,166,tm,79.98557692307692,0.9086392210010672,0.7503626120014815
WTM,167,tm,80.9326923076923,0.9410847429971909,0.7392023829961545
WTM,168,tm,78.32692307692307,0.9248042530016392,0.7441747310003848
WTM,169,tm,79.6875,0.9140990509986295,0.7451629259958281
WTM,170,tm,80.07692307692308,0.9089965940002003,0.7587784510033089
WTM,171,tm,80.49038461538461,0.9284762389943353,0.7476989080023486
WTM,172,tm,80.1201923076923,0.925134913995862,0.7475319699951797
WTM,173,tm,80.10576923076923,0.9254454969996004,0.752964252998936
WTM,174,tm,80.88942307692307,0.9242133430016111,0.7507731290024822
WTM,175,tm,80.32211538461539,0.9435574989984161,0.735587413997564
WTM,176,tm,81.03365384615384,0.930872738994367,0.7515810839977348
WTM,177,tm,80.47115384615384,0.9294677470024908,0.764306156001112
WTM,178,tm,80.8173076923077,0.9232459330014535,0.7475849170004949
WTM,179,tm,80.63942307692308,0.9347176910014241,0.7520183640008327
WTM,180,tm,80.35576923076924,0.9215023249998922,0.7484931180006242
WTM,181,tm,79.96634615384616,0.9157992920008837,0.7536975809998694
WTM,182,tm,80.91826923076924,0.9266946909992839,0.7505718390020775
WTM,183,tm,79.90865384615384,0.9242006100030267,0.7528656319991569
WTM,184,tm,80.23557692307692,0.9259742840004037,0.7522060890041757
WTM,185,tm,81.1826923076923,0.9295440400019288,0.7493823830009205
WTM,186,tm,81.11057692307693,0.9172618409938877,0.7446549029991729
WTM,187,tm,80.26442307692308,0.9065472410002258,0.7464424850040814
WTM,188,tm,81.25961538461539,0.9227751739963423,0.7519785630065599
WTM,189,tm,79.76442307692308,0.9175536760012619,0.7501906990000862
WTM,190,tm,80.59134615384616,0.9185811139977886,0.7438437439996051
WTM,191,tm,81.5,0.9238119410001673,0.7408269549996476
WTM,192,tm,79.96634615384616,0.9243771769979503,0.7447134469985031
WTM,193,tm,80.40865384615384,0.9194853470035014,0.7422407370031578
WTM,194,tm,80.26442307692308,0.9270524660023511,0.7428700119999121
WTM,195,tm,80.4423076923077,0.937196752995078,0.7423546940044616
WTM,196,tm,80.20192307692308,0.9211352159982198,0.7425276459980523
WTM,197,tm,78.6298076923077,0.9230720849955105,0.7507186729999376
WTM,198,tm,80.25,0.9083554000026197,0.745337282998662
WTM,199,tm,80.91346153846153,0.9218144929982373,0.7530526319969795
WTM,200,tm,79.5,0.9163833869970404,0.7398768119965098
WTM,201,tm,80.66346153846153,0.9271998459953465,0.7510444349973113
WTM,202,tm,80.35576923076924,0.9265166420009336,0.7579410129983444
WTM,203,tm,80.88942307692307,0.9157486009935383,0.7518485249966034
WTM,204,tm,81.04326923076923,0.9132106760007446,0.7497520600009011
WTM,205,tm,81.07211538461539,0.9195090290013468,0.7497187480039429
WTM,206,tm,79.67307692307692,0.931315498004551,0.7574293380021118
WTM,207,tm,80.52884615384616,0.9116525979989092,0.7492967929938459
WTM,208,tm,79.33173076923077,0.9091383850027341,0.7487779759976547
WTM,209,tm,81.1201923076923,0.9202203210006701,0.7392230759942322
WTM,210,tm,80.0673076923077,0.9114708060005796,0.7456286949964124
WTM,211,tm,80.46634615384616,0.9126153379984316,0.7420016640026006
WTM,212,tm,80.79326923076923,0.9148826640011976,0.7405208970012609
WTM,213,tm,80.45673076923077,0.9318997910013422,0.7547588340021321
WTM,214,tm,81.40865384615384,0.9100159570007236,0.7339849549971404
WTM,215,tm,80.0048076923077,0.9142136930022389,0.7477915440031211
WTM,216,tm,80.92307692307692,0.9181236130025354,0.7441704500015476
WTM,217,tm,79.25961538461539,0.9095775780006079,0.7461970790027408
WTM,218,tm,79.29807692307692,0.9090456670019194,0.7565700699997251
WTM,219,tm,80.375,0.9062893139998778,0.7488772409997182
WTM,220,tm,80.64903846153845,0.9199996620009188,0.7463252320012543
WTM,221,tm,80.26923076923077,0.936192144996312,0.7479777629996534
WTM,222,tm,79.97115384615384,0.9179418760031695,0.7592610700012301
WTM,223,tm,78.95673076923076,0.9138421039970126,0.743358724997961
WTM,224,tm,79.8125,0.9119649659987772,0.7546428210043814
WTM,225,tm,80.38461538461539,0.9232108310025069,0.7458446189993992
WTM,226,tm,80.24038461538461,0.9161256510051317,0.7431741079999483
WTM,227,tm,79.3076923076923,0.9129790959996171,0.744747169999755
WTM,228,tm,80.20192307692308,0.9174662990044453,0.7439757030006149
WTM,229,tm,80.91826923076924,0.9107845510006882,0.7382809710034053
WTM,230,tm,80.73076923076923,0.9189906269966741,0.752424294994853
WTM,231,tm,80.91346153846153,0.9155742369985091,0.7463588979953784
WTM,232,tm,80.1875,0.9237937739962945,0.7507752230012557
WTM,233,tm,80.67307692307692,0.9069502119964454,0.7437984130010591
WTM,234,tm,80.72596153846155,0.9116653419987415,0.7479909739995492
WTM,235,tm,80.47596153846153,0.9262789369968232,0.732488210000156
WTM,236,tm,81.27403846153847,0.9174724010008504,0.7499258550014929
WTM,237,tm,80.3076923076923,0.9061218110000482,0.7424145460026921
WTM,238,tm,79.95673076923076,0.9051919260018622,0.739896872000827
WTM,239,tm,80.6875,0.9109784999964177,0.7483523600021726
WTM,240,tm,80.11538461538461,0.90804032899905,0.748135406000074
WTM,241,tm,79.72596153846155,0.9123320879953098,0.7415757249982562
WTM,242,tm,80.40384615384616,0.9185579049953958,0.7564896680050879
WTM,243,tm,79.5625,0.9166957400011597,0.743418826998095
WTM,244,tm,78.38461538461539,0.905052729001909,0.7569524119971902
WTM,245,tm,78.97115384615384,0.9083060460034176,0.7600884659987059
WTM,246,tm,80.73076923076923,0.9120083589950809,0.7427617110006395
WTM,247,tm,80.7548076923077,0.9196664679984679,0.7655081349948887
WTM,248,tm,80.42307692307692,0.9129514009982813,0.747003678996407
WTM,249,tm,80.07692307692308,0.9146822059992701,0.7547799860039959
WTM,250,tm,80.9423076923077,0.9128195960001904,0.7457499209995149
WTM,251,tm,79.30288461538461,0.9090229900029954,0.7469193159995484
WTM,252,tm,80.53365384615384,0.9199610750001739,0.746642571000848
WTM,253,tm,81.63942307692308,0.8998295720011811,0.7511716679946403
WTM,254,tm,78.54326923076923,0.9124641089947545,0.7487063300068257
WTM,255,tm,80.5,0.9190915309955017,0.7617362899982254
WTM,256,tm,80.50961538461539,0.9209921190049499,0.749841546996322
WTM,257,tm,78.35576923076924,0.9256822930037742,0.7556392629994662
WTM,258,tm,80.05288461538461,0.9139459889993304,0.7462175269974978
WTM,259,tm,80.95673076923077,0.9045294660027139,0.7474618920023204
WTM,260,tm,79.91826923076924,0.909482045994082,0.7516693189973012
WTM,261,tm,79.58173076923077,0.9222740000041085,0.7435843519997434
WTM,262,tm,80.82692307692308,0.9145083799958229,0.7482559230047627
WTM,263,tm,79.07211538461539,0.9117243360014982,0.7525931290001608
WTM,264,tm,79.57211538461539,0.9137398059974657,0.7467257600001176
WTM,265,tm,79.72596153846155,0.9018836640025256,0.7461875279986998
WTM,266,tm,79.86057692307692,0.9184578130007139,0.7481369840024854
WTM,267,tm,80.28846153846155,0.920754439997836,0.742377618997125
WTM,268,tm,79.91346153846153,0.9067855949979275,0.7475461220019497
WTM,269,tm,80.33653846153847,0.9166032700013602,0.741180543001974
WTM,270,tm,79.58653846153845,0.9140813179983525,0.7552541210025083
WTM,271,tm,80.53365384615384,0.9076399559999118,0.7557784249947872
WTM,272,tm,80.75,0.9117585319982027,0.7487260710040573
WTM,273,tm,79.65384615384615,0.9133236470006523,0.7491589509954792
WTM,274,tm,80.875,0.9171958130027633,0.7444813469992368
WTM,275,tm,79.65384615384615,0.9136131429986563,0.7491698419980821
WTM,276,tm,81.07692307692308,0.9156518140007393,0.7365911320011946
WTM,277,tm,79.98557692307692,0.9167198270006338,0.7512799360047211
WTM,278,tm,79.04807692307692,0.9212213450009585,0.7372512170040864
WTM,279,tm,79.08173076923077,0.9030468909986666,0.745355142003973
WTM,280,tm,80.03846153846153,0.9268649050063686,0.758235319997766
WTM,281,tm,79.10096153846153,0.9146845139985089,0.7262283110030694
WTM,282,tm,79.91826923076924,0.9128916589979781,0.7553598189988406
WTM,283,tm,81.00961538461539,0.9074749130013515,0.7487732880035765
WTM,284,tm,80.35576923076924,0.9063372319942573,0.7348000880010659
WTM,285,tm,80.04326923076923,0.9181168319992139,0.7619147730001714
WTM,286,tm,81.2548076923077,0.9032648130014422,0.7508115349992295
WTM,287,tm,80.8125,0.915972620001412,0.7458309810026549
WTM,288,tm,79.32211538461539,0.907272381002258,0.7564783049965627
WTM,289,tm,79.72115384615385,0.911347202003526,0.7452048549967003
WTM,290,tm,79.67788461538461,0.9142972699992242,0.7539284769954975
WTM,291,tm,79.72115384615385,0.9081165929965209,0.7525301490022684
WTM,292,tm,80.34615384615384,0.927452791001997,0.7542847380027524
WTM,293,tm,79.58173076923077,0.9120315930049401,0.7361428889998933
WTM,294,tm,80.2451923076923,0.9158099529959145,0.7540256700012833
WTM,295,tm,81.0673076923077,0.9117557299978216,0.7563211980013875
WTM,296,tm,80.30288461538461,0.9100974699977087,0.7424237020022701
WTM,297,tm,80.625,0.9136532549964613,0.7456119589987793
WTM,298,tm,81.63461538461539,0.9029743520004558,0.7506317020015558
WTM,299,tm,80.51923076923076,0.9073812260030536,0.7515136950023589
WTM,300,tm,80.66826923076923,0.9135737390024588,0.750457768997876
WTM,301,tm,81.14423076923077,0.9296941159991547,0.7523502199983341
WTM,302,tm,79.5673076923077,0.9141195699994569,0.7676130830004695
WTM,303,tm,80.23076923076923,0.9118735020019813,0.758586287003709
WTM,304,tm,79.90384615384616,0.9173807859988301,0.7393054799977108
WTM,305,tm,80.9951923076923,0.9191309529996943,0.7487110270012636
WTM,306,tm,79.27403846153847,0.9000104439983261,0.7517557390019647
WTM,307,tm,80.29807692307692,0.9156041309979628,0.7497223299942561
WTM,308,tm,80.35096153846155,0.9187379909999436,0.7547378039962496
WTM,309,tm,80.0048076923077,0.9032865219996893,0.7561706959968433
WTM,310,tm,80.80288461538461,0.9123486190001131,0.7688346310023917
WTM,311,tm,80.23076923076923,0.9066980009956751,0.7595305689974339
WTM,312,tm,80.25961538461537,0.9142796349988203,0.7610781679977663
WTM,313,tm,80.6826923076923,0.9108373529961682,0.7567483090024325
WTM,314,tm,80.95673076923077,0.9184471129992744,0.7637837319998653
WTM,315,tm,80.09134615384616,0.89531416400132,0.7549148870020872
WTM,316,tm,79.78365384615384,0.8996714210006758,0.7734482569940155
WTM,317,tm,80.15865384615385,0.910063044000708,0.7502352459996473
WTM,318,tm,79.86057692307692,0.907328064997273,0.7561468330022763
WTM,319,tm,80.40384615384616,0.9313569529986125,0.7470753529996728
WTM,320,tm,80.61538461538461,0.9043143290036824,0.7426903579980717
WTM,321,tm,80.22115384615385,0.9152378610015148,0.754953994997777
WTM,322,tm,80.69711538461539,0.9089538170010201,0.7515590100010741
WTM,323,tm,80.25,0.9153643709942116,0.7389992829994299
WTM,324,tm,80.97596153846153,0.9113494519988308,0.7403474689999712
WTM,325,tm,80.10576923076923,0.9010846940000192,0.7488073559943587
WTM,326,tm,80.5048076923077,0.8944785339990631,0.7646047300004284
WTM,327,tm,81.30288461538461,0.9081532740019611,0.7616558169975178
WTM,328,tm,81.1826923076923,0.9162007780032582,0.7437989929967443
WTM,329,tm,81.05288461538461,0.914335106004728,0.7480060029993183
WTM,330,tm,80.59615384615385,0.9083110469946405,0.7492057659983402
WTM,331,tm,80.23076923076923,0.8987501800002065,0.7573560579985497
WTM,332,tm,80.75961538461539,0.9081202520028455,0.760375883000961
WTM,333,tm,80.44711538461539,0.9116171369969379,0.7503260299999965
WTM,334,tm,80.5,0.9024760369939031,0.752990901004523
WTM,335,tm,80.41346153846153,0.9028155820051325,0.7505540369966184
WTM,336,tm,79.4375,0.9025070860006963,0.7595991929993033
WTM,337,tm,78.84134615384616,0.906314009000198,0.7593360460014082
WTM,338,tm,80.4375,0.906628897995688,0.7386906079991604
WTM,339,tm,80.92788461538461,0.9053125150021515,0.7455967349960702
WTM,340,tm,80.53365384615384,0.9069568630002323,0.7493907650059555
WTM,341,tm,81.9951923076923,0.9238854220020585,0.746791839999787
WTM,342,tm,80.29807692307692,0.8995476000054623,0.7553932039954816
WTM,343,tm,79.67307692307692,0.9018800430058036,0.7470119909994537
WTM,344,tm,80.6875,0.9037189209993812,0.750923633997445
WTM,345,tm,80.16826923076923,0.9000497700035339,0.7458841639963794
WTM,346,tm,79.27884615384615,0.9155337139964104,0.7511394120010664
WTM,347,tm,79.625,0.9030240619977121,0.7446678549968055
WTM,348,tm,79.64423076923077,0.9079328849984449,0.745760498000891
WTM,349,tm,81.25,0.9115187800052809,0.7451050310046412
WTM,350,tm,80.58173076923076,0.9142615269956877,0.7366549590005889
WTM,351,tm,79.96153846153847,0.904112829004589,0.7566621859950828
WTM,352,tm,80.1923076923077,0.9072655950003536,0.7439452640028321
WTM,353,tm,81.41826923076924,0.9071324790056678,0.7402705350032193
WTM,354,tm,80.45673076923077,0.9062939819996245,0.751556098999572
WTM,355,tm,81.72596153846153,0.9077143069953308,0.7497363620059332
WTM,356,tm,78.70673076923077,0.9133270159945823,0.7543514999997569
WTM,357,tm,80.48557692307692,0.8982382890026201,0.7739185059981537
WTM,358,tm,82.00961538461539,0.8975475970000844,0.7498234970043995
WTM,359,tm,80.86057692307692,0.897248604997003,0.7551497669992386
WTM,360,tm,80.8701923076923,0.8989822009971249,0.7507910569984233
WTM,361,tm,79.96634615384616,0.8993722070008516,0.7607580719995894
WTM,362,tm,79.72596153846155,0.9053592999989633,0.7467107280026539
WTM,363,tm,80.99038461538461,0.8960366250030347,0.7438804199991864
WTM,364,tm,81.07692307692308,0.902303438000672,0.754657331002818
WTM,365,tm,80.4326923076923,0.9013615799995023,0.756297464002273
WTM,366,tm,81.01923076923076,0.9006335859958199,0.7570997080038069
WTM,367,tm,81.5048076923077,0.8973425669973949,0.7544481829972938
WTM,368,tm,80.1826923076923,0.9078269640012877,0.7390607900015311
WTM,369,tm,81.41346153846155,0.904169613000704,0.7542729540000437
WTM,370,tm,80.625,0.9076736009956221,0.7467643869968015
WTM,371,tm,81.23076923076923,0.8926115240028594,0.7659567230002722
WTM,372,tm,81.0,0.9040433420013869,0.7450833399998373
WTM,373,tm,79.96153846153847,0.9089645179992658,0.7420855119999032
WTM,374,tm,81.24038461538461,0.8966828660049941,0.7529523110060836
WTM,375,tm,81.17307692307692,0.9048901419955655,0.7473786839982495
WTM,376,tm,79.8173076923077,0.8977634719994967,0.7512181519996375
WTM,377,tm,80.1875,0.8933795840057428,0.750072253998951
WTM,378,tm,79.97115384615384,0.8897077559959143,0.7495606209995458
WTM,379,tm,80.53365384615384,0.9160920819995226,0.7544548389996635
WTM,380,tm,80.15384615384616,0.9125572179982555,0.762247060003574
WTM,381,tm,79.70192307692308,0.9004004329981399,0.7463009049970424
WTM,382,tm,80.90865384615384,0.8965578509960324,0.7453515109955333
WTM,383,tm,81.09615384615385,0.9061349559997325,0.750599422994128
WTM,384,tm,80.7451923076923,0.9066062509955373,0.7338615879998542
WTM,385,tm,80.34134615384615,0.9050571999978274,0.7494828720009536
WTM,386,tm,80.4951923076923,0.8982241070043528,0.7518066289994749
WTM,387,tm,80.90384615384615,0.8926428019985906,0.7400790419997065
WTM,388,tm,81.34134615384615,0.900318234002043,0.753564765000192
WTM,389,tm,81.02403846153847,0.9085206599993398,0.7631160780001665
WTM,390,tm,80.72596153846155,0.9001152179989731,0.7501247559994226
WTM,391,tm,79.92788461538461,0.8925041549955495,0.764775854004256
WTM,392,tm,80.3076923076923,0.8964407370003755,0.7525883769994834
WTM,393,tm,80.94711538461539,0.9084278849986731,0.7462825409966172
WTM,394,tm,79.32211538461539,0.8979133320026449,0.7497622989976662
WTM,395,tm,79.90384615384616,0.9136201040018932,0.742716394001036
WTM,396,tm,80.25961538461537,0.8946976630031713,0.7575919439987047
WTM,397,tm,80.26923076923077,0.8965552280060365,0.7395560020013363
WTM,398,tm,79.8798076923077,0.9073048189966357,0.7426284219982335
WTM,399,tm,79.86538461538461,0.9128288989959401,0.746232992001751
WTM,400,tm,81.86057692307692,0.9009294380011852,0.7402029329969082
WTM,401,tm,80.3076923076923,0.8965243070051656,0.7607005620011478
WTM,402,tm,81.27884615384615,0.9063333170051919,0.7468242830000236
WTM,403,tm,80.72596153846155,0.8988906919985311,0.7637999869984924
WTM,404,tm,80.2451923076923,0.9144334360025823,0.7498174650027067
WTM,405,tm,80.67788461538463,0.8996814740021364,0.7555362109997077
WTM,406,tm,79.73076923076923,0.897619825998845,0.7606955150040449
WTM,407,tm,80.21634615384615,0.8912432080032886,0.7499011200052337
WTM,408,tm,80.5673076923077,0.8996263610024471,0.7516955739993136
WTM,409,tm,81.24038461538461,0.9016644509974867,0.7550025070013362
WTM,410,tm,81.05288461538461,0.900855757005047,0.7514696660000482
WTM,411,tm,80.66346153846153,0.892768753998098,0.7907463910014485
WTM,412,tm,80.73076923076923,0.8950331310043111,0.7436712089984212
WTM,413,tm,81.89903846153847,0.9026524410001002,0.7432630880066426
WTM,414,tm,80.92788461538461,0.9006598359992495,0.7528393560060067
WTM,415,tm,80.88942307692307,0.895501664999756,0.7583494430000428
WTM,416,tm,80.70673076923077,0.895127395997406,0.754042357999424
WTM,417,tm,80.10576923076923,0.8909898040001281,0.7481141199968988
WTM,418,tm,82.16346153846153,0.8894324819993926,0.7483880090003368
WTM,419,tm,81.59615384615385,0.9056944999974803,0.7639891400031047
WTM,420,tm,80.82692307692308,0.8992711309983861,0.7540343620057683
WTM,421,tm,81.97115384615384,0.8960833029996138,0.7654363350011408
WTM,422,tm,81.35096153846155,0.9050209810011438,0.7421969920033007
WTM,423,tm,80.5048076923077,0.892957017000299,0.7479968780025956
WTM,424,tm,81.22596153846153,0.8967619579998427,0.7445114110014401
WTM,425,tm,80.22115384615385,0.9130497459991602,0.7377794040003209
WTM,426,tm,80.35576923076924,0.9052136079990305,0.7475451749996864
WTM,427,tm,80.6201923076923,0.8921969329967396,0.7475019659977988
WTM,428,tm,79.97596153846153,0.9035157339967554,0.7418217560043558
WTM,429,tm,80.97115384615384,0.8949283539986936,0.7517124680016423
WTM,430,tm,80.2548076923077,0.9008688989997609,0.745662187000562
WTM,431,tm,81.33653846153847,0.9063864640047541,0.751734181001666
WTM,432,tm,80.22596153846155,0.9097957030026009,0.7440634680024232
WTM,433,tm,81.17307692307692,0.9017873170014354,0.748224447001121
WTM,434,tm,80.2548076923077,0.8917777030001162,0.7540039840023383
WTM,435,tm,81.32692307692308,0.906075366998266,0.7386740909932996
WTM,436,tm,81.54807692307692,0.9061677990030148,0.7630051599990111
WTM,437,tm,80.75961538461539,0.9026459460001206,0.7596037100011017
WTM,438,tm,80.34615384615384,0.9252661630016519,0.7460912759997882
WTM,439,tm,79.89423076923077,0.8975800270054606,0.7621719309972832
WTM,440,tm,80.94711538461539,0.8900630099960836,0.7591753340020659
WTM,441,tm,81.29326923076923,0.9061978030003957,0.7642461539944634
WTM,442,tm,80.34134615384615,0.8860358859965345,0.7420666649995837
WTM,443,tm,80.60096153846153,0.9053582339984132,0.7314014340008725
WTM,444,tm,81.53365384615384,0.9027215490059461,0.7507201379994513
WTM,445,tm,80.5,0.9108735779955168,0.7546369900010177
WTM,446,tm,80.52403846153847,0.8971843230028753,0.7369670679981937
WTM,447,tm,80.20192307692308,0.9099055600017891,0.7380408110038843
WTM,448,tm,81.27884615384615,0.9099300270027015,0.7517551560013089
WTM,449,tm,81.76923076923077,0.8929874889945495,0.7443719880029676
WTM,450,tm,81.27884615384615,0.8899172259989427,0.7456706110024243
WTM,451,tm,80.8076923076923,0.887589959995239,0.7598049070002162
WTM,452,tm,81.63461538461539,0.9268781639984809,0.7571576810005354
WTM,453,tm,81.01923076923076,0.8952600909979083,0.7488718800013885
WTM,454,tm,80.22596153846155,0.8960309419999248,0.753655330001493
WTM,455,tm,81.4326923076923,0.9026972669962561,0.7451671219969285
WTM,456,tm,81.63461538461539,0.906035031999636,0.7465830950022792
WTM,457,tm,81.67307692307692,0.9030931029992644,0.7457344520007609
WTM,458,tm,80.78846153846155,0.9001913580068504,0.7443188859979273
WTM,459,tm,80.92788461538461,0.8985863589987275,0.7455068910057889
WTM,460,tm,81.14423076923077,0.8970598369996878,0.7578044229958323
WTM,461,tm,80.2548076923077,0.9008109930000501,0.7542899789987132
WTM,462,tm,81.00961538461539,0.909193593004602,0.7506905999980518
WTM,463,tm,81.04807692307693,0.8960057069998584,0.7393899200033047
WTM,464,tm,79.1923076923077,0.8989906690039788,0.7555826600000728
WTM,465,tm,81.1923076923077,0.9085824860012508,0.758114452000882
WTM,466,tm,81.53846153846153,0.921195908995287,0.7560265029969742
WTM,467,tm,81.14903846153845,0.9031058690015925,0.7563039859960554
WTM,468,tm,80.84615384615384,0.9002817850050633,0.7418150960002095
WTM,469,tm,81.53365384615384,0.898219410002639,0.7562740860012127
WTM,470,tm,82.08173076923076,0.8992814180019195,0.7487724879974849
WTM,471,tm,81.17788461538461,0.9062378309972701,0.7564387659949716
WTM,472,tm,79.86057692307692,0.9095065370056545,0.7587229300042964
WTM,473,tm,80.5,0.9030717070054379,0.7511139920025016
WTM,474,tm,80.2548076923077,0.9019946839980548,0.7519352570016054
WTM,475,tm,80.73557692307692,0.8856118140029139,0.7440855410022778
WTM,476,tm,80.58173076923076,0.913149872001668,0.7414999589964282
WTM,477,tm,80.69711538461539,0.911039079001057,0.7583818359998986
WTM,478,tm,81.47596153846153,0.9021584700021776,0.742694266999024
WTM,479,tm,79.70192307692308,0.8953892029967392,0.7528075109948986
WTM,480,tm,79.41346153846153,0.8852180449976004,0.7567833819994121
WTM,481,tm,80.3076923076923,0.9092625490011415,0.7414548249944346
WTM,482,tm,80.57692307692308,0.9055944779975107,0.753739368999959
WTM,483,tm,80.8076923076923,0.9145777329977136,0.7611988890057546
WTM,484,tm,80.28846153846155,0.9009272500043153,0.7485657899960643
WTM,485,tm,80.41826923076924,0.9015366910025477,0.7442955000005895
WTM,486,tm,81.26923076923077,0.9027697560013621,0.7510470880006324
WTM,487,tm,80.5048076923077,0.9057564410031773,0.744702160001907
WTM,488,tm,81.46634615384616,0.9103696849997505,0.7464093910020893
WTM,489,tm,80.48076923076923,0.9027123289997689,0.7533023180003511
WTM,490,tm,80.41346153846153,0.8983889040027861,0.7420824069995433
WTM,491,tm,79.6826923076923,0.9068968639985542,0.7591666599983
WTM,492,tm,81.73557692307692,0.887972661999811,0.7418422420014394
WTM,493,tm,80.27884615384615,0.8967267799962428,0.7610130870016292
WTM,494,tm,80.375,0.8928433890032466,0.7516760660000728
WTM,495,tm,80.75,0.8985622609980055,0.7481750570004806
WTM,496,tm,79.5048076923077,0.9097888839969528,0.7517630579968682
WTM,497,tm,81.66826923076923,0.9101538969989633,0.7447272050048923
WTM,498,tm,80.41826923076924,0.8975107439982821,0.7594376999986707
WTM,499,tm,80.1923076923077,0.8992245689951233,0.7434359540056903
WTM,500,tm,81.8125,0.8968730749984388,0.7536085140018258
WTM-NN,1,tm,65.33173076923077,1.9026340720010921,0.7057955709969974
WTM-NN,2,tm,70.01442307692308,1.5881291039986536,0.7347843549941899
WTM-NN,3,tm,69.36538461538461,1.4950527359978878,0.7120639850036241
WTM-NN,4,tm,71.61057692307692,1.4002866180017008,0.7391894079992198
WTM-NN,5,tm,70.35096153846155,1.361780068000371,0.7292455659990082
WTM-NN,6,tm,72.9326923076923,1.3131561650006915,0.734593674998905
WTM-NN,7,tm,74.28365384615384,1.2960656270006439,0.7327974599975278
WTM-NN,8,tm,73.67788461538461,1.2591771040024469,0.7402556169981835
WTM-NN,9,tm,71.51442307692307,1.2316437730041798,0.7307824640010949
WTM-NN,10,tm,76.44711538461539,1.2234705880036927,0.7461268109982484
WTM-NN,11,tm,75.45673076923077,1.1950317139999242,0.7399481809989084
WTM-NN,12,tm,74.5048076923077,1.1878615989990067,0.7333964339995873
WTM-NN,13,tm,73.26923076923076,1.1831979400012642,0.7373199770008796
WTM-NN,14,tm,74.33653846153845,1.160188861998904,0.7390935980001814
WTM-NN,15,tm,75.97596153846153,1.150297068998043,0.725741686001129
WTM-NN,16,tm,74.5673076923077,1.1503170089999912,0.7430498210014775
WTM-NN,17,tm,76.39423076923076,1.1403388050021022,0.7580199129952234
WTM-NN,18,tm,76.45192307692308,1.1400083860062296,0.738031916996988
WTM-NN,19,tm,77.11057692307692,1.1114877260042704,0.7270518180012004
WTM-NN,20,tm,76.17307692307692,1.1106715200003237,0.735720950004179
WTM-NN,21,tm,76.3125,1.1143808360066032,0.7355552389999502
WTM-NN,22,tm,75.96153846153845,1.1137157850025687,0.7447579319996294
WTM-NN,23,tm,77.95673076923076,1.0847628780029481,0.7422195879989886
WTM-NN,24,tm,77.10576923076923,1.0926836139988154,0.7513534579993575
WTM-NN,25,tm,77.84134615384616,1.0893491440001526,0.7410930010009906
WTM-NN,26,tm,77.42788461538461,1.0872367849951843,0.7430332980002277
WTM-NN,27,tm,76.41826923076923,1.07651592700131,0.7375385289997212
WTM-NN,28,tm,77.19711538461539,1.0843004139969707,0.7409039959966321
WTM-NN,29,tm,78.01442307692308,1.0794696590019157,0.732239191995177
WTM-NN,30,tm,77.4326923076923,1.0672839789986028,0.731014076001884
WTM-NN,31,tm,77.5576923076923,1.0669008159966324,0.7331349779997254
WTM-NN,32,tm,76.46153846153845,1.064472490004846,0.7420985659991857
WTM-NN,33,tm,76.76923076923077,1.0525274239989812,0.7400857109969365
WTM-NN,34,tm,77.45673076923076,1.0618071790013346,0.7431756099977065
WTM-NN,35,tm,77.8076923076923,1.0434496129964828,0.7423854219960049
WTM-NN,36,tm,78.1826923076923,1.0476771210014704,0.734431154000049
WTM-NN,37,tm,78.19711538461539,1.049282289997791,0.7464088260021526
WTM-NN,38,tm,78.14903846153847,1.037891555999522,0.7453111009963322
WTM-NN,39,tm,77.46634615384616,1.031426797999302,0.7480410749994917
WTM-NN,40,tm,77.48557692307692,1.031591169994499,0.7371208149997983
WTM-NN,41,tm,77.83653846153847,1.0322697709998465,0.7341572389996145
WTM-NN,42,tm,77.98557692307693,1.0247523290017853,0.7338403940011631
WTM-NN,43,tm,76.5,1.0299154370004544,0.7243057410014444
WTM-NN,44,tm,78.8798076923077,1.0179099679953652,0.7306838950025849
WTM-NN,45,tm,78.97115384615384,1.01564235999831,0.7525331249998999
WTM-NN,46,tm,78.25961538461539,1.0270396430059918,0.7488137430045754
WTM-NN,47,tm,78.10096153846153,1.0069866260018898,0.7353618460037978
WTM-NN,48,tm,77.54326923076923,1.0150266169948736,0.762430791000952
WTM-NN,49,tm,78.9423076923077,1.0127325010034838,0.7341125429957174
WTM-NN,50,tm,78.04326923076923,1.0012665890026256,0.7588487149987486
WTM-NN,51,tm,78.75961538461539,1.0331170930003282,0.7496448980018613
WTM-NN,52,tm,78.50961538461539,1.0005929510007263,0.746762763003062
WTM-NN,53,tm,78.2548076923077,0.9933307400060585,0.754303051995521
WTM-NN,54,tm,78.33653846153847,1.0156100839958526,0.7476841230018181
WTM-NN,55,tm,79.4375,1.0058177669998258,0.740804417997424
WTM-NN,56,tm,78.38942307692308,0.9967047990066931,0.7381903630011948
WTM-NN,57,tm,80.14903846153845,1.0015397460010718,0.7357721670050523
WTM-NN,58,tm,78.13942307692308,1.0070294059987646,0.7473943229997531
WTM-NN,59,tm,79.22596153846155,0.9790541990005295,0.7345094900010736
WTM-NN,60,tm,78.61057692307692,1.0044380980034475,0.7471063460034202
WTM-NN,61,tm,78.8173076923077,0.9906936419938575,0.7497843230012222
WTM-NN,62,tm,78.50961538461539,0.9994774289953057,0.7378895110014128
WTM-NN,63,tm,79.38942307692308,0.9938061200009543,0.7424808389987447
WTM-NN,64,tm,78.89903846153847,0.9854386139995768,0.7364746179955546
WTM-NN,65,tm,78.96153846153847,0.9817991820018506,0.7405186409960152
WTM-NN,66,tm,79.07211538461539,0.9964022040003329,0.7351102300017374
WTM-NN,67,tm,79.1201923076923,0.9736835129951942,0.7389281159994425
WTM-NN,68,tm,78.7548076923077,0.9762182289996417,0.740379931005009
WTM-NN,69,tm,79.35096153846153,0.9939780280037667,0.7411181819988997
WTM-NN,70,tm,79.30288461538461,0.98606582100183,0.7487744009995367
WTM-NN,71,tm,79.09615384615385,0.9744492370009539,0.7628063380034291
WTM-NN,72,tm,78.65865384615385,0.9772243529951083,0.7551044589999947
WTM-NN,73,tm,78.40865384615384,0.976265927994973,0.7417794720022357
WTM-NN,74,tm,78.4326923076923,0.9731281499989564,0.75147411099897
WTM-NN,75,tm,78.22115384615384,0.9748188569938065,0.7378024220015504
WTM-NN,76,tm,78.6826923076923,0.9802501380036119,0.7483381740021287
WTM-NN,77,tm,79.75,0.9864121790014906,0.7437934710033005
WTM-NN,78,tm,80.42307692307692,0.971226203997503,0.7484494969976367
WTM-NN,79,tm,79.28846153846155,0.9674341899954015,0.751486034001573
WTM-NN,80,tm,80.0576923076923,0.9834681670035934,0.7426774670020677
WTM-NN,81,tm,78.96153846153847,0.989228220001678,0.7289545629973873
WTM-NN,82,tm,78.97596153846153,0.9687847250024788,0.7406782410034793
WTM-NN,83,tm,78.48076923076923,0.9749503370039747,0.7397826550004538
WTM-NN,84,tm,78.26442307692307,0.968233894003788,0.7523277719956241
WTM-NN,85,tm,79.0048076923077,0.9561461029952625,0.7566272190015297
WTM-NN,86,tm,78.88942307692308,0.9703031480021309,0.7449362460029079
WTM-NN,87,tm,79.13461538461539,0.968411598005332,0.7416143119990011
WTM-NN,88,tm,78.88461538461539,0.9613607580031385,0.7473148409990245
WTM-NN,89,tm,79.00961538461539,0.955661271000281,0.7433647750003729
WTM-NN,90,tm,79.0576923076923,0.9681145950016798,0.7590108060030616
WTM-NN,91,tm,79.98076923076923,0.9773756909999065,0.7448028630024055
WTM-NN,92,tm,78.08173076923077,0.9535546740007703,0.7470822879986372
WTM-NN,93,tm,80.35576923076924,0.9657828540002811,0.7409341279999353
WTM-NN,94,tm,80.19711538461539,0.9671579990026657,0.7493216869988828
WTM-NN,95,tm,78.39903846153847,0.956931157001236,0.7570111230015755
WTM-NN,96,tm,79.85096153846155,0.9591404589955346,0.7353141519997735
WTM-NN,97,tm,78.92788461538461,0.960823638997681,0.7546245519988588
WTM-NN,98,tm,78.38461538461539,0.9550111420030589,0.745907755997905
WTM-NN,99,tm,80.02884615384616,0.9649553950002883,0.7421456759984721
WTM-NN,100,tm,80.39423076923077,0.9486812069953885,0.7434193640001467
WTM-NN,101,tm,79.6826923076923,0.9503691189966048,0.764451734998147
WTM-NN,102,tm,78.51923076923077,0.960751603000972,0.7516754309981479
WTM-NN,103,tm,79.08653846153845,0.9571476899945992,0.7392483389994595
WTM-NN,104,tm,79.4423076923077,0.963693844001682,0.7463976150029339
WTM-NN,105,tm,78.8125,0.9411198700036039,0.7431086440046784
WTM-NN,106,tm,80.1201923076923,0.9583863599982578,0.7570215510058915
WTM-NN,107,tm,79.15865384615385,0.9551461230003042,0.7483101229954627
WTM-NN,108,tm,79.38461538461539,0.9472463019992574,0.7429631959967082
WTM-NN,109,tm,79.86538461538461,0.9521162529999856,0.7459728169997106
WTM-NN,110,tm,79.70673076923077,0.9566179890025523,0.7235360439954093
WTM-NN,111,tm,80.57211538461539,0.9506929169947398,0.7363282290025381
WTM-NN,112,tm,78.64423076923077,0.9453176860042731,0.7507728440032224
WTM-NN,113,tm,79.92307692307692,0.9520435980011825,0.739179989999684
WTM-NN,114,tm,78.95192307692308,0.9531488670036197,0.7428014149991213
WTM-NN,115,tm,80.36057692307692,0.9339544489994296,0.7532436559995404
WTM-NN,116,tm,80.6201923076923,0.9656285230012145,0.7420141399998101
WTM-NN,117,tm,80.21634615384615,0.9507004000042798,0.7359483529944555
WTM-NN,118,tm,78.64423076923077,0.9451511410006788,0.7420492689998355
WTM-NN,119,tm,79.5,0.9452230890019564,0.7451579170010518
WTM-NN,120,tm,79.5673076923077,0.9453126220032573,0.7321384710012353
WTM-NN,121,tm,78.73557692307692,0.952445163995435,0.7454772749988479
WTM-NN,122,tm,79.1875,0.9379152699984843,0.7479056599986507
WTM-NN,123,tm,80.15865384615385,0.9492407950019697,0.7416548729961505
WTM-NN,124,tm,79.16346153846155,0.9384917350034812,0.749129231000552
WTM-NN,125,tm,79.84615384615384,0.956311154004652,0.7412334190012189
WTM-NN,126,tm,79.46634615384616,0.9445981710014166,0.7428983299978427
WTM-NN,127,tm,78.1875,0.9474226629972691,0.739717381002265
WTM-NN,128,tm,79.79807692307692,0.9415320620028069,0.7462840560037876
WTM-NN,129,tm,79.49038461538461,0.9402100880033686,0.7562038319956628
WTM-NN,130,tm,79.1298076923077,0.9382752039964544,0.7402089489987702
WTM-NN,131,tm,79.73076923076923,0.9392386719991919,0.7415931680006906
WTM-NN,132,tm,79.6826923076923,0.9471464790040045,0.751425599999493
WTM-NN,133,tm,78.79807692307692,0.9477288589987438,0.745921501002158
WTM-NN,134,tm,79.78365384615384,0.9378119149987469,0.7492909479988157
WTM-NN,135,tm,77.85576923076924,0.9512721270002658,0.745547540995176
WTM-NN,136,tm,78.73557692307692,0.937723184004426,0.7483311769974534
WTM-NN,137,tm,79.16346153846155,0.9450448549978319,0.7444786229971214
WTM-NN,138,tm,79.71153846153847,0.9436175169976195,0.7486177779937861
WTM-NN,139,tm,80.0625,0.9213649749945034,0.7447530680001364
WTM-NN,140,tm,79.40384615384616,0.9241904770024121,0.7509727659999044
WTM-NN,141,tm,79.3701923076923,0.9447554329963168,0.7521885859969188
WTM-NN,142,tm,79.01923076923076,0.9321319849987049,0.7435691400023643
WTM-NN,143,tm,79.65384615384615,0.9363349329942139,0.7486109470046358
WTM-NN,144,tm,78.91826923076923,0.9323854280009982,0.7449712399975397
WTM-NN,145,tm,79.70673076923077,0.9429311600033543,0.7537494800053537
WTM-NN,146,tm,79.61538461538461,0.9446247000014409,0.7461148719958146
WTM-NN,147,tm,78.90865384615384,0.9344906360056484,0.755726251998567
WTM-NN,148,tm,78.95673076923076,0.9335537679944537,0.7458536519989138
WTM-NN,149,tm,79.98076923076923,0.9258797350048553,0.7459425350025413
WTM-NN,150,tm,79.3173076923077,0.9240511559983133,0.7499046310040285
WTM-NN,151,nn,85.44711538461539,0.562382633004745,0.7650736840005266
WTM-NN,152,nn,85.58173076923077,0.517088827000407,0.7759983930009184
WTM-NN,153,nn,85.8798076923077,0.6210526779977954,0.7800807059975341
WTM-NN,154,nn,85.75,0.5603712540032575,0.7574904060020344
WTM-NN,155,nn,85.5576923076923,0.6373553369994625,0.7698178630016628
WTM-NN,156,nn,85.7451923076923,0.5834618590015452,0.7822480269969674
WTM-NN,157,nn,85.59615384615384,0.6266184449996217,0.7586131819989532
WTM-NN,158,nn,85.51442307692308,0.5472522440031753,0.7797301059981692
WTM-NN,159,nn,85.6826923076923,0.6311730620000162,0.7690697549987817
WTM-NN,160,nn,85.38942307692308,0.5362048149982002,0.7524328159997822
WTM-NN,161,nn,85.47115384615384,0.6288583100031246,0.7647223840031074
WTM-NN,162,nn,85.66826923076924,0.5170204109963379,0.764124958004686
WTM-NN,163,nn,85.35096153846153,0.5731679279997479,0.7714192980056396
WTM-NN,164,nn,85.67788461538461,0.5608110080065671,0.7769729200008442
WTM-NN,165,nn,85.46634615384615,0.6281290919941966,0.7621998820031877
WTM-NN,166,nn,85.28846153846153,0.5719686650045332,0.7774028159983573
WTM-NN,167,nn,85.5,0.6327103349976824,0.778168992997962
WTM-NN,168,nn,85.33173076923077,0.5854477009997936,0.7708185640003649
WTM-NN,169,nn,85.3173076923077,0.6339609589995234,0.7689064150035847
WTM-NN,170,nn,85.40865384615385,0.5761840520062833,0.7624580749979941
WTM-NN,171,nn,85.34615384615385,0.6305983290003496,0.7640938399999868
WTM-NN,172,nn,85.51923076923077,0.5784608649992151,0.778006425993226
WTM-NN,173,nn,85.52884615384615,0.631090218994359,0.7630409479970695
WTM-NN,174,nn,85.29807692307692,0.5711327030003304,0.7592325649966369
WTM-NN,175,nn,85.45192307692308,0.6386746369971661,0.7840977829982876
WTM-NN,176,nn,85.29326923076923,0.5828209030005382,0.7644124049984384
WTM-NN,177,nn,85.47115384615384,0.6270288500018069,0.7757689000063692
WTM-NN,178,nn,85.3701923076923,0.5717992229983793,0.7746948990024976
WTM-NN,179,nn,85.35576923076923,0.6287110639968887,0.7647975270010647
WTM-NN,180,nn,85.19711538461539,0.582020823007042,0.7688381370026036
WTM-NN,181,nn,85.13942307692308,0.6347109960042872,0.7534917640005006
WTM-NN,182,nn,85.32211538461539,0.5808132230013143,0.7675051080004778
WTM-NN,183,nn,85.25961538461539,0.634694357002445,0.7714958950018627
WTM-NN,184,nn,85.24038461538461,0.5824089300003834,0.7753186720001395
WTM-NN,185,nn,85.40384615384615,0.6385154210001929,0.7628561410019756
WTM-NN,186,nn,85.41826923076923,0.570678593001503,0.7850323070015293
WTM-NN,187,nn,85.39903846153845,0.6331732790058595,0.7826039350038627
WTM-NN,188,nn,85.3798076923077,0.6384857739976724,0.7834824340025079
WTM-NN,189,nn,85.29326923076923,0.5770843409991357,0.7702367219972075
WTM-NN,190,nn,85.44711538461539,0.6315824180055643,0.7758955570025137
WTM-NN,191,nn,85.50961538461539,0.5770533989998512,0.77466344700224
WTM-NN,192,nn,85.34134615384616,0.6331313970003976,0.7670764419963234
WTM-NN,193,nn,85.26442307692308,0.5536777919987799,0.7769983170001069
WTM-NN,194,nn,85.41826923076923,0.6256539859969052,0.7655988719998277
WTM-NN,195,nn,85.4375,0.5822358959994745,0.7728729489972466
WTM-NN,196,nn,85.52884615384615,0.6145235780059011,0.7725376640009927
WTM-NN,197,nn,85.3701923076923,0.5166152970050462,0.7677512070004013
WTM-NN,198,nn,85.4326923076923,0.5648837609987822,0.7632327389947022
WTM-NN,199,nn,85.53846153846155,0.5196838979973109,0.7609160130014061
WTM-NN,200,nn,85.49038461538461,0.5716185630008113,0.7758882729976904
WTM-NN,201,nn,85.48557692307692,0.5818168400001014,0.7710318259996711
WTM-NN,202,nn,85.38461538461539,0.6287698779997299,0.7665662380022695
WTM-NN,203,nn,85.5673076923077,0.5865494850004325,0.7877671440000995
WTM-NN,204,nn,85.53846153846155,0.6365098210008,0.7805499390015029
WTM-NN,205,nn,85.32211538461539,0.519618177000666,0.7687630889995489
WTM-NN,206,nn,85.64903846153847,0.5642152000000351,0.7669253170024604
WTM-NN,207,nn,85.39903846153845,0.5189662079937989,0.775743900994712
WTM-NN,208,nn,85.57692307692307,0.5710231089979061,0.7760325790004572
WTM-NN,209,nn,85.59134615384615,0.5711004859986133,0.7579634080029791
WTM-NN,210,nn,85.46153846153847,0.6173841409981833,0.7678881600004388
WTM-NN,211,nn,85.77403846153845,0.5797767510011909,0.7726157229990349
WTM-NN,212,nn,85.5625,0.6323786670036498,0.7762956280057551
WTM-NN,213,nn,85.38461538461539,0.5763670340020326,0.7708900569996331
WTM-NN,214,nn,85.52403846153847,0.6285441759973764,0.7749533320020419
WTM-NN,215,nn,85.57692307692307,0.5841843050002353,0.7716652960007195
WTM-NN,216,nn,85.51442307692308,0.6335510589997284,0.7612365169989062
WTM-NN,217,nn,85.61538461538461,0.5237562859983882,0.7682568000018364
WTM-NN,218,nn,85.47596153846155,0.5641324440002791,0.7675643490001676
WTM-NN,219,nn,85.65384615384616,0.5262291339968215,0.7586933769998723
WTM-NN,220,nn,85.4423076923077,0.5684874209982809,0.7604283429973293
WTM-NN,221,nn,85.71153846153847,0.5578460600008839,0.7692659050007933
WTM-NN,222,nn,85.3798076923077,0.6196816189985839,0.7549226529954467
WTM-NN,223,nn,85.47596153846155,0.5860995729963179,0.7721214140037773
WTM-NN,224,nn,85.57211538461539,0.6328472340028384,0.7597580660003587
WTM-NN,225,nn,85.6875,0.521236566004518,0.7582220149997738
WTM-NN,226,nn,85.6923076923077,0.5654321900001378,0.7804480159975355
WTM-NN,227,nn,85.70673076923076,0.5138250319942017,0.7723939409988816
WTM-NN,228,nn,85.66826923076924,0.5983054660027847,0.7825678369990783
WTM-NN,229,nn,85.58653846153847,0.5655030249981792,0.7451031659948057
WTM-NN,230,nn,85.71153846153847,0.6310384509997675,0.7767995750036789
WTM-NN,231,nn,85.8076923076923,0.5725060330005363,0.7598259590013186
WTM-NN,232,nn,85.71153846153847,0.6124764470005175,0.7640038050012663
WTM-NN,233,nn,85.75961538461539,0.5724593679988175,0.7655320410049171
WTM-NN,234,nn,85.4951923076923,0.6319227560015861,0.7713975809965632
WTM-NN,235,nn,85.71634615384616,0.5731274709978607,0.7652206900020246
WTM-NN,236,nn,85.84134615384616,0.6214031640047324,0.7745665809998172
WTM-NN,237,nn,85.74038461538461,0.5699674120041891,0.7819502729980741
WTM-NN,238,nn,85.54326923076923,0.5649836730008246,0.7748375380033394
WTM-NN,239,nn,85.88461538461539,0.5497802390018478,0.7641977370003588
WTM-NN,240,nn,85.88942307692308,0.5683037780036102,0.7704596710027545
WTM-NN,241,nn,85.74038461538461,0.5140741420036647,0.766642750997562
WTM-NN,242,nn,85.6298076923077,0.5739469819964143,0.7717145969945705
WTM-NN,243,nn,85.5048076923077,0.5861195879988372,0.7769890100025805
WTM-NN,244,nn,85.63461538461539,0.6350798179992125,0.7671232670036261
WTM-NN,245,nn,85.71153846153847,0.5862987949949456,0.7613514530021348
WTM-NN,246,nn,85.73076923076923,0.6239694640025846,0.7735769760038238
WTM-NN,247,nn,85.71634615384616,0.5731179980066372,0.7536899910046486
WTM-NN,248,nn,85.7451923076923,0.6289762149972375,0.7647424909955589
WTM-NN,249,nn,86.00961538461539,0.5830831300045247,0.7688567089935532
WTM-NN,250,nn,85.9423076923077,0.6305233810053323,0.7768580020056106
WTM-NN,251,nn,85.82692307692308,0.5829239070008043,0.7717764660046669
WTM-NN,252,nn,85.5576923076923,0.6263244340007077,0.7704769560004934
WTM-NN,253,nn,85.5625,0.5923860650000279,0.7711982949986123
WTM-NN,254,nn,85.74038461538461,0.6238576890027616,0.7539817610013415
WTM-NN,255,nn,85.6875,0.5143804539984558,0.7739088089947472
WTM-NN,256,nn,85.88942307692308,0.5679985450042295,0.7661911629984388
WTM-NN,257,nn,85.77403846153845,0.5267880059982417,0.773585324997839
WTM-NN,258,nn,85.65865384615384,0.6331765229988378,0.7691412960048183
WTM-NN,259,nn,85.72596153846153,0.5858237359934719,0.772073284999351
WTM-NN,260,nn,85.95192307692308,0.6232665619972977,0.7784684650032432
WTM-NN,261,nn,85.85096153846153,0.578089253998769,0.7769314229954034
WTM-NN,262,nn,85.61538461538461,0.6063275159976911,0.752087629000016
WTM-NN,263,nn,85.85576923076923,0.5803450280000106,0.7914274610011489
WTM-NN,264,nn,85.78846153846153,0.6140213219987345,0.7695019400052843
WTM-NN,265,nn,85.74038461538461,0.5843511729981401,0.7680827270014561
WTM-NN,266,nn,85.875,0.6217522799997823,0.7710652379973908
WTM-NN,267,nn,85.8173076923077,0.5750653130016872,0.7685122859984403
WTM-NN,268,nn,85.71634615384616,0.6270391939979163,0.766244322003331
WTM-NN,269,nn,85.85096153846153,0.5174666090024402,0.7747690039977897
WTM-NN,270,nn,85.76442307692308,0.5923868430036237,0.7766633400024148
WTM-NN,271,nn,85.86057692307692,0.5643875410023611,0.7650848350021988
WTM-NN,272,nn,85.79807692307693,0.6297663189980085,0.7603911729966057
WTM-NN,273,nn,85.82692307692308,0.5265472939936444,0.7729206419971888
WTM-NN,274,nn,85.61538461538461,0.5725652789988089,0.7584779270036961
WTM-NN,275,nn,85.77403846153845,0.5181574259986519,0.7698510900008841
WTM-NN,276,nn,85.73076923076923,0.5621010860049864,0.7764183979961672
WTM-NN,277,nn,85.8076923076923,0.6284384559985483,0.7644700050004758
WTM-NN,278,nn,85.80288461538461,0.5811739380005747,0.764486804997432
WTM-NN,279,nn,85.73557692307693,0.637223448997247,0.7687112870044075
WTM-NN,280,nn,85.9326923076923,0.5762490300039644,0.7666862530022627
WTM-NN,281,nn,85.90865384615385,0.6331007349945139,0.7675031890030368
WTM-NN,282,nn,85.9375,0.5882868920016335,0.7678646810018108
WTM-NN,283,nn,85.78846153846153,0.6186370130017167,0.7745152419956867
WTM-NN,284,nn,85.58653846153847,0.5868937489940436,0.7726392420008779
WTM-NN,285,nn,85.6298076923077,0.6292516120010987,0.7742222320011933
WTM-NN,286,nn,85.83173076923077,0.5735983080012375,0.7677953540041926
WTM-NN,287,nn,85.75961538461539,0.5672932720044628,0.7764314779997221
WTM-NN,288,nn,85.95673076923077,0.5185955069973716,0.7491303549977602
WTM-NN,289,nn,85.63461538461539,0.6302684449983644,0.7760691380026401
WTM-NN,290,nn,85.66346153846153,0.5546679089966347,0.7760630229968228
WTM-NN,291,nn,85.78365384615385,0.6357127920055063,0.7655325309970067
WTM-NN,292,nn,85.70192307692308,0.5865656030000537,0.7630952459949185
WTM-NN,293,nn,85.77403846153845,0.626987381001527,0.7706371360036428
WTM-NN,294,nn,85.7548076923077,0.5721934899993357,0.7626917520028655
WTM-NN,295,nn,85.8125,0.6348518270024215,0.7655934989961679
WTM-NN,296,nn,85.85096153846153,0.5776108479985851,0.7701721440025722
WTM-NN,297,nn,85.875,0.6190261070005363,0.7640448250022018
WTM-NN,298,nn,85.72115384615384,0.5900456160015892,0.7584486650011968
WTM-NN,299,nn,85.7548076923077,0.6236384609946981,0.7747388209972996
WTM-NN,300,nn,85.75,0.559265479001624,0.7718152390007162
WTM-NN,301,nn,85.48557692307692,0.6325042740063509,0.7732004919962492
WTM-NN,302,nn,85.7548076923077,0.5596020849989145,0.7714196560045821
WTM-NN,303,nn,85.8701923076923,0.6319739389946335,0.7728110079988255
WTM-NN,304,nn,85.73076923076923,0.5854474680018029,0.7842582750017755
WTM-NN,305,nn,85.79807692307693,0.579134036997857,0.7830337539999164
WTM-NN,306,nn,85.85096153846153,0.5848898420008481,0.770332756001153
WTM-NN,307,nn,85.77884615384616,0.6349877300017397,0.7639944309994462
WTM-NN,308,nn,85.8173076923077,0.5761219449996133,0.7809365459979745
WTM-NN,309,nn,85.76442307692308,0.6357991680051782,0.762699047998467
WTM-NN,310,nn,85.78365384615385,0.588348422999843,0.7626318830007222
WTM-NN,311,nn,85.75,0.6046924269976444,0.7793268269961118
WTM-NN,312,nn,85.79326923076923,0.5711443619948113,0.7705320580062107
WTM-NN,313,nn,85.78846153846153,0.6310941640040255,0.7690819809940876
WTM-NN,314,nn,85.67307692307692,0.588333147999947,0.769568812000216
WTM-NN,315,nn,85.84615384615385,0.6251279650023207,0.7661472929976298
WTM-NN,316,nn,85.89903846153845,0.558683112001745,0.7681554770024377
WTM-NN,317,nn,85.77403846153845,0.621319438003411,0.7646427110012155
WTM-NN,318,nn,85.88942307692308,0.5833638949989108,0.7597151570007554
WTM-NN,319,nn,85.7548076923077,0.6338464340005885,0.7708620089979377
WTM-NN,320,nn,85.76923076923076,0.5781850490020588,0.7791879500000505
WTM-NN,321,nn,85.91826923076923,0.618291260994738,0.7609197219935595
WTM-NN,322,nn,85.60096153846153,0.526047440005641,0.7588460020051571
WTM-NN,323,nn,85.8798076923077,0.5660977410007035,0.7634393280022778
WTM-NN,324,nn,85.71153846153847,0.5380922959957388,0.7521827019954799
WTM-NN,325,nn,85.7451923076923,0.6286624889980885,0.763996285997564
WTM-NN,326,nn,85.72596153846153,0.589177321002353,0.7610057849960867
WTM-NN,327,nn,85.73557692307693,0.6340534850023687,0.7670082049953635
WTM-NN,328,nn,85.89423076923077,0.5667263290015399,0.7640772160011693
WTM-NN,329,nn,85.82692307692308,0.6341133700043429,0.7605768849971355
WTM-NN,330,nn,85.72115384615384,0.5755031389999203,0.7639960720043746
WTM-NN,331,nn,85.96153846153847,0.6337715600020601,0.7622402859997237
WTM-NN,332,nn,85.88461538461539,0.5766370440032915,0.7717349510057829
WTM-NN,333,nn,85.80288461538461,0.6328020799992373,0.7701065880028182
WTM-NN,334,nn,85.79807692307693,0.5748585809997167,0.7684820919967024
WTM-NN,335,nn,85.85576923076923,0.6227733819978312,0.7771399439952802
WTM-NN,336,nn,85.65865384615384,0.5485853530044551,0.7793434590057586
WTM-NN,337,nn,85.73076923076923,0.5657913320028456,0.7701460180032882
WTM-NN,338,nn,85.67788461538461,0.5269388870001421,0.7728350430043065
WTM-NN,339,nn,85.625,0.6243104220047826,0.7712291490024654
WTM-NN,340,nn,85.78846153846153,0.5697783360010362,0.7631745019971277
WTM-NN,341,nn,85.7451923076923,0.6354831740027294,0.7603227860017796
WTM-NN,342,nn,85.79326923076923,0.5852511069970205,0.7676604250009404
WTM-NN,343,nn,85.64903846153847,0.6341871520053246,0.7635551190032857
WTM-NN,344,nn,85.71153846153847,0.5819759949954459,0.7562391130049946
WTM-NN,345,nn,85.91826923076923,0.6340169109971612,0.7702523120024125
WTM-NN,346,nn,85.86057692307692,0.5816193270002259,0.7708672810040298
WTM-NN,347,nn,85.88461538461539,0.6341892990021734,0.7629885579954134
WTM-NN,348,nn,85.86057692307692,0.5810704529940267,0.7552643969975179
WTM-NN,349,nn,85.90865384615385,0.6143639130023075,0.7729689869956928
WTM-NN,350,nn,85.52403846153847,0.5765044200015836,0.7639718740028911
WTM-NN,351,nn,85.75961538461539,0.6258417969947914,0.7568131549996906
WTM-NN,352,nn,85.88942307692308,0.5793127650031238,0.773024356996757
WTM-NN,353,nn,85.66826923076924,0.6360780969989719,0.7736900329982745
WTM-NN,354,nn,85.85576923076923,0.5767918210040079,0.7619178919994738
WTM-NN,355,nn,85.74038461538461,0.6259815710000112,0.7713076399959391
WTM-NN,356,nn,85.84134615384616,0.5740567440006998,0.753932381994673
WTM-NN,357,nn,85.69711538461539,0.631677690995275,0.7506072090036469
WTM-NN,358,nn,85.73076923076923,0.5886816419952083,0.7849705179978628
WTM-NN,359,nn,85.72596153846153,0.6342900189993088,0.7705241430012393
WTM-NN,360,nn,85.84615384615385,0.5766936540021561,0.7616001419955865
WTM-NN,361,nn,85.72115384615384,0.6234769009970478,0.7816324340019492
WTM-NN,362,nn,85.58173076923077,0.5718149179956526,0.7739841139991768
WTM-NN,363,nn,85.70673076923076,0.6113390250029624,0.8250093169990578
WTM-NN,364,nn,85.66826923076924,0.5173328300006688,0.7785767280001892
WTM-NN,365,nn,85.71634615384616,0.5627404650003882,0.767387741994753
WTM-NN,366,nn,85.85096153846153,0.5695068939967314,0.7676681769953575
WTM-NN,367,nn,85.77403846153845,0.5204782750006416,0.767913037998369
WTM-NN,368,nn,85.84134615384616,0.5682220189992222,0.7656231250002747
WTM-NN,369,nn,85.8701923076923,0.5702124219969846,0.7625641519989586
WTM-NN,370,nn,85.95673076923077,0.5709394479999901,0.7748230270008207
WTM-NN,371,nn,85.75961538461539,0.5720994500006782,0.7743331950041465
WTM-NN,372,nn,85.90865384615385,0.6131384990003426,0.766705178997654
WTM-NN,373,nn,85.89423076923077,0.5717126809977344,0.7755736770050135
WTM-NN,374,nn,85.77884615384616,0.589448735001497,0.7650370609990205
WTM-NN,375,nn,85.8701923076923,0.5196546299994225,0.7649003160040593
WTM-NN,376,nn,85.78365384615385,0.6250791329948697,0.7747939960026997
WTM-NN,377,nn,85.6923076923077,0.5416667550016427,0.76079722999566
WTM-NN,378,nn,85.88942307692308,0.6196888060003403,0.7706338330026483
WTM-NN,379,nn,85.78846153846153,0.5727360439996119,0.7619835199948284
WTM-NN,380,nn,85.98076923076923,0.6338294830056839,0.7754522010000073
WTM-NN,381,nn,85.67307692307692,0.585661084005551,0.7761538449994987
WTM-NN,382,nn,85.82211538461539,0.619374447996961,0.7667141260026256
WTM-NN,383,nn,85.71153846153847,0.5785782820021268,0.7758110349968774
WTM-NN,384,nn,85.85096153846153,0.5671859539943398,0.7722818280017236
WTM-NN,385,nn,85.7451923076923,0.5151641419943189,0.7650910660013324
WTM-NN,386,nn,85.77884615384616,0.5707186040017405,0.7704710040052305
WTM-NN,387,nn,85.60576923076924,0.5193368210020708,0.7708617099997355
WTM-NN,388,nn,85.7548076923077,0.5639822019948042,0.7676541399996495
WTM-NN,389,nn,85.82692307692308,0.5129979070043191,0.7742889060027665
WTM-NN,390,nn,85.77884615384616,0.6321075369996834,0.776721643997007
WTM-NN,391,nn,85.77403846153845,0.5766145570014487,0.7654271559949848
WTM-NN,392,nn,85.8125,0.6357437990009203,0.7729346940031974
WTM-NN,393,nn,85.7451923076923,0.5181959980036481,0.7629799249989446
WTM-NN,394,nn,85.82211538461539,0.6249925119991531,0.7617672419946757
WTM-NN,395,nn,85.80288461538461,0.5816165920041385,0.7747200129961129
WTM-NN,396,nn,85.88942307692308,0.6134119700000156,0.7704127569959383
WTM-NN,397,nn,85.82692307692308,0.5798780260010972,0.769202443996619
WTM-NN,398,nn,85.92307692307692,0.63216618700244,0.7626683319977019
WTM-NN,399,nn,85.83173076923077,0.5764663420050056,0.7635466899955645
WTM-NN,400,nn,85.6923076923077,0.6367168209981173,0.7741150260044378
WTM-NN,401,nn,85.69711538461539,0.5804404839946073,0.760282350005582
WTM-NN,402,nn,85.80288461538461,0.6273429989960277,0.7619322039972758
WTM-NN,403,nn,85.66346153846153,0.5848353789988323,0.7658518870011903
WTM-NN,404,nn,85.76923076923076,0.6346621930060792,0.7671479580021696
WTM-NN,405,nn,85.98076923076923,0.5688283240015153,0.7653713580002659
WTM-NN,406,nn,85.70192307692308,0.6182562379981391,0.7650208409977495
WTM-NN,407,nn,86.01442307692308,0.5707335429979139,0.768130807999114
WTM-NN,408,nn,85.73076923076923,0.6150245960016036,0.7621380099953967
WTM-NN,409,nn,85.78365384615385,0.5663291919991025,0.7623058099998161
WTM-NN,410,nn,85.89423076923077,0.6337066190026235,0.7685416390013415
WTM-NN,411,nn,85.92788461538461,0.5808665380027378,0.7800511169989477
WTM-NN,412,nn,85.7451923076923,0.6203007739968598,0.7667254229963874
WTM-NN,413,nn,85.76442307692308,0.5782466749951709,0.7646710979970521
WTM-NN,414,nn,85.71634615384616,0.6229436059948057,0.770567341001879
WTM-NN,415,nn,85.71634615384616,0.5261668810053379,0.7620175339980051
WTM-NN,416,nn,85.89423076923077,0.6274339020019397,0.7630971059988951
WTM-NN,417,nn,85.7451923076923,0.5830023080052342,0.7671133979965816
WTM-NN,418,nn,85.85576923076923,0.6187185020025936,0.7648918220002088
WTM-NN,419,nn,85.75,0.5154240189949633,0.7773802859956049
WTM-NN,420,nn,85.84615384615385,0.6311111899995012,0.7595869159995345
WTM-NN,421,nn,85.95192307692308,0.5752581429987913,0.7679888860002393
WTM-NN,422,nn,85.78365384615385,0.5950409479992231,0.7743961910018697
WTM-NN,423,nn,85.78365384615385,0.5258412949988269,0.7643978650012286
WTM-NN,424,nn,85.6875,0.6301792579979519,0.765801478002686
WTM-NN,425,nn,85.75,0.5684262400027364,0.7669399980004528
WTM-NN,426,nn,85.88461538461539,0.6317846520032617,0.7708605919979163
WTM-NN,427,nn,85.92788461538461,0.5751573369998368,0.7694983639958082
WTM-NN,428,nn,85.75961538461539,0.6317118059960194,0.7825267399966833
WTM-NN,429,nn,85.94711538461539,0.5196577090027859,0.768627347999427
WTM-NN,430,nn,85.5625,0.6141023439995479,0.769211497005017
WTM-NN,431,nn,85.57211538461539,0.5744098590002977,0.7718482579948613
WTM-NN,432,nn,85.86057692307692,0.6179573830013396,0.775831200000539
WTM-NN,433,nn,85.79326923076923,0.5756473990040831,0.7770226209977409
WTM-NN,434,nn,85.95192307692308,0.6088568209961522,0.7668081209994853
WTM-NN,435,nn,85.73557692307693,0.56678377299977,0.7782560959967668
WTM-NN,436,nn,85.80288461538461,0.6351798579999013,0.7781811899985769
WTM-NN,437,nn,85.74038461538461,0.5825524820029386,0.7667543749994365
WTM-NN,438,nn,85.8701923076923,0.626043080999807,0.7782480460009538
WTM-NN,439,nn,85.79326923076923,0.5740342209974187,0.7705201259959722
WTM-NN,440,nn,85.76923076923076,0.5829150260033202,0.7560550950001925
WTM-NN,441,nn,85.83173076923077,0.5210299450045568,0.7729022210041876
WTM-NN,442,nn,85.73076923076923,0.5643039069982478,0.7563719800018589
WTM-NN,443,nn,85.90384615384615,0.5169944990047952,0.7775217960006557
WTM-NN,444,nn,85.71634615384616,0.6093636590012466,0.7676326330038137
WTM-NN,445,nn,85.69711538461539,0.585896820994094,0.7727640750017599
WTM-NN,446,nn,85.84615384615385,0.6300632049969863,0.7696080210007494
WTM-NN,447,nn,85.8173076923077,0.5895565769969835,0.7699215350003215
WTM-NN,448,nn,85.86538461538461,0.6371100820033462,0.774620819996926
WTM-NN,449,nn,85.96634615384615,0.5696091060017352,0.7893412029952742
WTM-NN,450,nn,86.01442307692308,0.6252161510055885,0.7709234369976912
WTM-NN,451,nn,85.6826923076923,0.5856942480022553,0.7717401509944466
WTM-NN,452,nn,85.94711538461539,0.6206555739991018,0.7672764400049346
WTM-NN,453,nn,85.88942307692308,0.5568256390033639,0.7592301740005496
WTM-NN,454,nn,85.9326923076923,0.5658948900018004,0.7664534540017485
WTM-NN,455,nn,85.67788461538461,0.5649913399975048,0.772835325995402
WTM-NN,456,nn,85.73557692307693,0.542486006001127,0.763199370005168
WTM-NN,457,nn,85.8076923076923,0.5622043899929849,0.7802168859998346
WTM-NN,458,nn,85.85576923076923,0.5164620709983865,0.7685248409979977
WTM-NN,459,nn,85.875,0.6416252659983002,0.7742333839996718
WTM-NN,460,nn,85.95192307692308,0.5741279739959282,0.775897168998199
WTM-NN,461,nn,85.72596153846153,0.6245082039968111,0.7669125230022473
WTM-NN,462,nn,85.83653846153845,0.5796771710010944,0.7578364059954765
WTM-NN,463,nn,85.74038461538461,0.6373349190034787,0.7739302310001221
WTM-NN,464,nn,85.89903846153845,0.5787983750051353,0.7548963589943014
WTM-NN,465,nn,86.00961538461539,0.632952148996992,0.7678024650012958
WTM-NN,466,nn,85.71634615384616,0.5854017230012687,0.7681647909994354
WTM-NN,467,nn,85.67307692307692,0.6283532960005687,0.7737884050002322
WTM-NN,468,nn,85.78846153846153,0.58246143800352,0.7760892400037847
WTM-NN,469,nn,85.98076923076923,0.5648031279997667,0.782494721999683
WTM-NN,470,nn,85.85096153846153,0.5188157950033201,0.7721183069952531
WTM-NN,471,nn,85.70673076923076,0.5634700340015115,0.7729565789995831
WTM-NN,472,nn,85.72596153846153,0.5649717479973333,0.7639217479954823
WTM-NN,473,nn,85.88942307692308,0.5815424210013589,0.7710036869975738
WTM-NN,474,nn,85.89903846153845,0.5482544589976897,0.7803902669984382
WTM-NN,475,nn,85.78365384615385,0.6231752979947487,0.7677290979991085
WTM-NN,476,nn,85.84134615384616,0.5252484829979949,0.7719166470051277
WTM-NN,477,nn,85.85096153846153,0.5672314589974121,0.7699847309995675
WTM-NN,478,nn,85.85096153846153,0.5686793300046702,0.7630842340004165
WTM-NN,479,nn,85.8076923076923,0.6174837560029118,0.7722660829967936
WTM-NN,480,nn,85.76923076923076,0.5897817769946414,0.7732224900028086
WTM-NN,481,nn,85.59134615384615,0.6255647219950333,0.7667457170027774
WTM-NN,482,nn,85.84134615384616,0.584438019002846,0.7577319870033534
WTM-NN,483,nn,85.73557692307693,0.6330380190047435,0.754184624995105
WTM-NN,484,nn,85.82211538461539,0.5767696070033708,0.7567612639977597
WTM-NN,485,nn,85.84134615384616,0.6371850689974963,0.7595573120051995
WTM-NN,486,nn,85.9951923076923,0.5672810140022193,0.7659816369996406
WTM-NN,487,nn,85.625,0.5667652740012272,0.7659352579939878
WTM-NN,488,nn,85.73557692307693,0.5271478950016899,0.7713707989969407
WTM-NN,489,nn,85.74038461538461,0.5720377569959965,0.7703044070003671
WTM-NN,490,nn,85.79807692307693,0.5629908180053462,0.7667375119999633
WTM-NN,491,nn,85.59134615384615,0.6290879029984353,0.7550372019977658
WTM-NN,492,nn,85.74038461538461,0.5294756349976524,0.7621551159973023
WTM-NN,493,nn,85.85096153846153,0.6342621279982268,0.7575917920039501
WTM-NN,494,nn,85.83653846153845,0.5711918820015853,0.7593414739967557
WTM-NN,495,nn,85.80288461538461,0.6361914299995988,0.7646668680026778
WTM-NN,496,nn,85.63461538461539,0.5742273770010797,0.7554399100044975
WTM-NN,497,nn,85.85576923076923,0.6173208440013696,0.7675339009947493
WTM-NN,498,nn,85.63461538461539,0.5874906979952357,0.7648671429997194
WTM-NN,499,nn,85.70673076923076,0.6407022860003053,0.7651352369939559
WTM-NN,500,nn,85.73557692307693,0.5889824140031124,0.7654570119993878
UTM-NN,1,tm,69.17307692307692,3.0633469829990645,0.7675972639990505
UTM-NN,2,tm,70.34134615384615,2.7638800560016534,0.771010065000155
UTM-NN,3,tm,70.83173076923077,2.69085494299361,0.78009571700386
UTM-NN,4,tm,71.53365384615384,2.701205109995499,0.775152887996228
UTM-NN,5,tm,71.57692307692308,2.665701400997932,0.7871849200018914
UTM-NN,6,tm,71.83653846153845,2.6751946510048583,0.7809305400005542
UTM-NN,7,tm,72.04807692307692,2.6537566379993223,0.7599668330003624
UTM-NN,8,tm,72.0576923076923,2.650640518993896,0.7809444869999425
UTM-NN,9,tm,71.80288461538461,2.6569192969982396,0.7812969669976155
UTM-NN,10,tm,72.08653846153847,2.627910104005423,0.7925075019957148
UTM-NN,11,tm,72.3125,2.634159102999547,0.7871391900043818
UTM-NN,12,tm,72.20192307692308,2.6158157710015075,0.7745200830031536
UTM-NN,13,tm,72.1875,2.6365739469983964,0.7746578079968458
UTM-NN,14,tm,72.3798076923077,2.627956695992907,0.776159863002249
UTM-NN,15,tm,72.51923076923077,2.638126364996424,0.7833803870016709
UTM-NN,16,tm,72.53846153846155,2.629634281001927,0.7865569810019224
UTM-NN,17,tm,72.38461538461539,2.6476820719981333,0.7882686409939197
UTM-NN,18,tm,72.71634615384616,2.642200137997861,0.775075523997657
UTM-NN,19,tm,72.71634615384616,2.617677141002787,0.7783265949983615
UTM-NN,20,tm,72.54326923076924,2.6227523100023973,0.7719178659972386
UTM-NN,21,tm,72.86538461538463,2.618499795993557,0.7888888590023271
UTM-NN,22,tm,72.88942307692308,2.6196212299983017,0.7873005460060085
UTM-NN,23,tm,72.57211538461539,2.6155061070021475,0.7666685869990033
UTM-NN,24,tm,72.88461538461539,2.6191484100054367,0.7707424789987272
UTM-NN,25,tm,72.9423076923077,2.609935675005545,0.7871357660042122
UTM-NN,26,tm,72.9375,2.617697836998559,0.7792760320007801
UTM-NN,27,tm,72.8125,2.6138221450019046,0.7807597709979746
UTM-NN,28,tm,73.17788461538461,2.614924029003305,0.7864996400021482
UTM-NN,29,tm,72.8701923076923,2.6278291900016484,0.7825327270038542
UTM-NN,30,tm,72.99038461538461,2.6279875620020903,0.7798687909962609
UTM-NN,31,tm,72.88942307692308,2.6269892409982276,0.7811527820012998
UTM-NN,32,tm,72.92307692307692,2.613002727004641,0.767297915997915
UTM-NN,33,tm,73.0673076923077,2.6215020019953954,0.7796629719960038
UTM-NN,34,tm,72.83653846153845,2.635986845001753,0.7835279040009482
UTM-NN,35,tm,72.72596153846153,2.610669189001783,0.7883332159981364
UTM-NN,36,tm,72.76442307692308,2.5997640790010337,0.7738212870026473
UTM-NN,37,tm,73.25961538461539,2.6251506419939687,0.7841019839979708
UTM-NN,38,tm,73.03846153846155,2.619369715997891,0.7844040519994451
UTM-NN,39,tm,72.85096153846153,2.6060271639944403,0.789003102996503
UTM-NN,40,tm,73.1201923076923,2.616893580001488,0.7794693489995552
UTM-NN,41,tm,73.00961538461539,2.613327155006118,0.8011575950004044
UTM-NN,42,tm,73.41826923076923,2.635993680996762,0.7859530240020831
UTM-NN,43,tm,73.4375,2.6154448890010826,0.7874359030029154
UTM-NN,44,tm,73.4375,2.6326681369973812,0.8079478649960947
UTM-NN,45,tm,73.22596153846153,2.6113858460012125,0.7758456989977276
UTM-NN,46,tm,73.24038461538461,2.6144545120041585,0.7920353250010521
UTM-NN,47,tm,73.1298076923077,2.627966550004203,0.7880556169984629
UTM-NN,48,tm,73.41346153846153,2.6251594689965714,0.7680442900018534
UTM-NN,49,tm,73.36057692307692,2.6074075709984754,0.7867583960032789
UTM-NN,50,tm,73.61538461538461,2.6253298679948784,0.7786482380033704
UTM-NN,51,tm,73.50961538461539,2.6124095720006153,0.7856848989977152
UTM-NN,52,tm,73.48076923076923,2.623207235999871,0.7753101850030362
UTM-NN,53,tm,73.47115384615385,2.6145216840013745,0.7851344860027893
UTM-NN,54,tm,73.48076923076923,2.6267158570044558,0.7821515140021802
UTM-NN,55,tm,73.46153846153847,2.628255845993408,0.7745139189937618
UTM-NN,56,tm,73.05288461538461,2.612206420999428,0.7772460799969849
UTM-NN,57,tm,73.29326923076923,2.6238776050013257,0.7869669080027961
UTM-NN,58,tm,73.2548076923077,2.626511896000011,0.7870866700031911
UTM-NN,59,tm,73.13942307692308,2.600879438999982,0.780803431996901
UTM-NN,60,tm,73.33653846153845,2.605959658998472,0.7931157679995522
UTM-NN,61,tm,73.35576923076923,2.621867261994339,0.8014209030006896
UTM-NN,62,tm,73.27884615384616,2.6107324229960795,0.78350902999955
UTM-NN,63,tm,73.3076923076923,2.631559139001183,0.7790967600012664
UTM-NN,64,tm,73.21153846153847,2.6300057639964507,0.7828292740014149
UTM-NN,65,tm,73.28846153846153,2.630201212996326,0.7871547030008514
UTM-NN,66,tm,73.28365384615385,2.6065001099996152,0.7805674820046988
UTM-NN,67,tm,73.46153846153847,2.603815938004118,0.783786711996072
UTM-NN,68,tm,73.17307692307692,2.620259347000683,0.8056609159975778
UTM-NN,69,tm,73.48076923076923,2.611318590999872,0.7738011049950728
UTM-NN,70,tm,73.57692307692307,2.6113312620000215,0.7785737200028962
UTM-NN,71,tm,73.42307692307692,2.6194239239994204,0.781949097996403
UTM-NN,72,tm,73.54807692307692,2.6208583150000777,0.7950709119977546
UTM-NN,73,tm,73.5,2.6324236180007574,0.773416707997967
UTM-NN,74,tm,73.46153846153847,2.608786255994346,0.7767184270051075
UTM-NN,75,tm,73.5048076923077,2.6267261850007344,0.7719556319934782
UTM-NN,76,tm,73.5048076923077,2.629087779998372,0.7920347939943895
UTM-NN,77,tm,73.73076923076923,2.606726115998754,0.7880004120015656
UTM-NN,78,tm,73.38942307692308,2.626691473000392,0.7714376790027018
UTM-NN,79,tm,73.52884615384615,2.619798946994706,0.7860110830006306
UTM-NN,80,tm,73.46634615384615,2.618433373994776,0.7842405229966971
UTM-NN,81,tm,73.58653846153847,2.6395019660049,0.7878851799978293
UTM-NN,82,tm,73.08653846153847,2.6300006969977403,0.7837426280020736
UTM-NN,83,tm,73.2451923076923,2.608294099001796,0.7883988550020149
UTM-NN,84,tm,73.1923076923077,2.6376042060001055,0.7887586960059707
UTM-NN,85,tm,73.2548076923077,2.6321918009998626,0.7933854310031165
UTM-NN,86,tm,73.52884615384615,2.618414083000971,0.7714121650060406
UTM-NN,87,tm,73.13942307692308,2.622989786003018,0.7750631950038951
UTM-NN,88,tm,73.46634615384615,2.618033786995511,0.7806657300025108
UTM-NN,89,tm,73.57692307692307,2.616365964000579,0.7958756110019749
UTM-NN,90,tm,73.40865384615385,2.612801061004575,0.7599142559993197
UTM-NN,91,tm,73.4423076923077,2.605578807000711,0.7842243189952569
UTM-NN,92,tm,73.5048076923077,2.640426395002578,0.7656862669973634
UTM-NN,93,tm,73.50961538461539,2.6291158590029227,0.7790576850020443
UTM-NN,94,tm,73.51923076923077,2.629588807998516,0.7703072250005789
UTM-NN,95,tm,73.60576923076924,2.618761739002366,0.7709017260058317
UTM-NN,96,tm,73.5673076923077,2.6182704480015673,0.781770534995303
UTM-NN,97,tm,73.4326923076923,2.632974321997608,0.7969915609937743
UTM-NN,98,tm,73.54807692307692,2.6322293970006285,0.7840719159939908
UTM-NN,99,tm,73.5048076923077,2.6153363490011543,0.786531775003823
UTM-NN,100,tm,73.78365384615385,2.605972010002006,0.771714324997447
UTM-NN,101,tm,73.71634615384616,2.6385215379996225,0.7802957789972425
UTM-NN,102,tm,73.46634615384615,2.6198206179979024,0.7743559640002786
UTM-NN,103,tm,73.48076923076923,2.608598938997602,0.7919237800015253
UTM-NN,104,tm,73.42307692307692,2.623803554000915,0.7761143220050144
UTM-NN,105,tm,73.70673076923076,2.6069757619989105,0.7899574170005508
UTM-NN,106,tm,73.32211538461539,2.6191238239989616,0.7792636459998903
UTM-NN,107,tm,73.3701923076923,2.6113763000030303,0.7941863349988125
UTM-NN,108,tm,73.40865384615385,2.6158027760029654,0.7909081020043232
UTM-NN,109,tm,73.58173076923077,2.633395691998885,0.7768180819984991
UTM-NN,110,tm,73.63942307692307,2.6194843940029386,0.7838658040054725
UTM-NN,111,tm,73.4375,2.6110701709985733,0.7937810250004986
UTM-NN,112,tm,73.51442307692308,2.6305989690008573,0.7747234269991168
UTM-NN,113,tm,73.3798076923077,2.623595117001969,0.793190197997319
UTM-NN,114,tm,73.49038461538461,2.617594031995395,0.779194982998888
UTM-NN,115,tm,73.39903846153845,2.6247831200016662,0.7650256900014938
UTM-NN,116,tm,73.5673076923077,2.6355353480030317,0.7766217329990468
UTM-NN,117,tm,73.5,2.4828141469988623,0.7759670230007032
UTM-NN,118,tm,73.58173076923077,2.61596467000345,0.7906638429994928
UTM-NN,119,tm,73.47596153846155,2.6324136280018138,0.784846522998123
UTM-NN,120,tm,73.60576923076924,2.6214386409992585,0.7713342650022241
UTM-NN,121,tm,73.34134615384616,2.6123041390019353,0.7887929349963088
UTM-NN,122,tm,73.66826923076924,2.6263173119950807,0.8074109619992669
UTM-NN,123,tm,73.73557692307692,2.626847977997386,0.7849343580019195
UTM-NN,124,tm,73.63461538461539,2.639965573005611,0.7937129579950124
UTM-NN,125,tm,73.42788461538461,2.6059345030007535,0.7818888230031007
UTM-NN,126,tm,73.60576923076924,2.626357711997116,0.7930991199973505
UTM-NN,127,tm,73.5048076923077,2.6197205659991596,0.7739794879962574
UTM-NN,128,tm,73.4326923076923,2.6188857829984045,0.7859077260000049
UTM-NN,129,tm,73.35576923076923,2.612901252003212,0.8047733350031194
UTM-NN,130,tm,72.99038461538461,2.628398451000976,0.7899810300004901
UTM-NN,131,tm,73.375,2.62110601200402,0.789150308999524
UTM-NN,132,tm,73.44711538461539,2.6372406630034675,0.7788379740013625
UTM-NN,133,tm,73.07692307692307,2.635715796997829,0.7864008540054783
UTM-NN,134,tm,73.48076923076923,2.6326827380034956,0.784746081000776
UTM-NN,135,tm,73.71634615384616,2.627127047002432,0.784341382997809
UTM-NN,136,tm,73.45192307692308,2.6246395410053083,0.7916596460054279
UTM-NN,137,tm,73.63942307692307,2.6232135509999353,0.7793437619984616
UTM-NN,138,tm,73.57692307692307,2.6349574080013554,0.7786394340000697
UTM-NN,139,tm,73.65865384615384,2.619817155995406,0.7875044079992222
UTM-NN,140,tm,73.61057692307692,2.623828403004154,0.7928446709993295
UTM-NN,141,tm,73.50961538461539,2.634770338998351,0.7751354749998427
UTM-NN,142,tm,73.5048076923077,2.6452307189974817,0.777620818997093
UTM-NN,143,tm,73.59134615384615,2.630910287000006,0.7759723839990329
UTM-NN,144,tm,73.42788461538461,2.6326060159990448,0.7830587350035785
UTM-NN,145,tm,73.53846153846155,2.6236237100019935,0.7812354030029383
UTM-NN,146,tm,73.29807692307693,2.635442224003782,0.7902201609977055
UTM-NN,147,tm,73.25,2.6116433200004394,0.7900706850050483
UTM-NN,148,tm,73.48557692307692,2.6286142989993095,0.7841983510006685
UTM-NN,149,tm,73.23557692307693,2.637560677998408,0.7932330759940669
UTM-NN,150,tm,73.42788461538461,2.6281504040016443,0.7693518609958119
UTM-NN,151,nn,76.9423076923077,0.5655752710008528,0.8178962620004313
UTM-NN,152,nn,77.35096153846153,0.5179147749950062,0.8315021859962144
UTM-NN,153,nn,77.7451923076923,0.573193115000322,0.8164833509945311
UTM-NN,154,nn,77.91826923076923,0.5855391660006717,0.8164833359987824
UTM-NN,155,nn,78.0048076923077,0.6352270490024239,0.8168053629997303
UTM-NN,156,nn,78.11057692307692,0.5718712189991493,0.8158145160050481
UTM-NN,157,nn,78.23557692307692,0.5664515769967693,0.8154014140018262
UTM-NN,158,nn,78.36538461538461,0.5852409180006362,0.810103034003987
UTM-NN,159,nn,78.32211538461539,0.639833572000498,0.8043392439940362
UTM-NN,160,nn,78.41826923076923,0.573206058004871,0.8127052810013993
UTM-NN,161,nn,78.41346153846153,0.6120836949994555,0.8232355580039439
UTM-NN,162,nn,78.48076923076923,0.5774055590009084,0.8149640179981361
UTM-NN,163,nn,78.39903846153847,0.6374675419938285,0.8020888900064165
UTM-NN,164,nn,78.5048076923077,0.5632069639977999,0.8352221390014165
UTM-NN,165,nn,78.46634615384616,0.6166635469999164,0.8121149559956393
UTM-NN,166,nn,78.52403846153845,0.5900995769989095,0.8095787380007096
UTM-NN,167,nn,78.46153846153847,0.5875592339943978,0.816895388001285
UTM-NN,168,nn,78.58173076923077,0.5678379989985842,0.8135660530024325
UTM-NN,169,nn,78.54807692307692,0.6136397770023905,0.8077749689982738
UTM-NN,170,nn,78.59134615384616,0.5873862180014839,0.8144468359969324
UTM-NN,171,nn,78.53365384615385,0.6322665400002734,0.8110640839950065
UTM-NN,172,nn,78.54326923076923,0.525859017005132,0.8058257800003048
UTM-NN,173,nn,78.6298076923077,0.614630116004264,0.8089188970043324
UTM-NN,174,nn,78.6201923076923,0.6149553649956943,0.8154903980030213
UTM-NN,175,nn,78.5625,0.5533345169969834,0.8102943099947879
UTM-NN,176,nn,78.5625,0.5639445210035774,0.8126610459949006
UTM-NN,177,nn,78.5,0.5216160400013905,0.8195460459974129
UTM-NN,178,nn,78.41826923076923,0.5721516449993942,0.8017166589997942
UTM-NN,179,nn,78.4375,0.513786978997814,0.8222445529972902
UTM-NN,180,nn,78.54326923076923,0.573174161996576,0.8250423549980042
UTM-NN,181,nn,78.5576923076923,0.5250446490026661,0.8269284699999844
UTM-NN,182,nn,78.58653846153845,0.5665395210016868,0.8285970509969047
UTM-NN,183,nn,78.52403846153845,0.5584395400001085,0.8427553509973222
UTM-NN,184,nn,78.58653846153845,0.6233562260022154,0.8157009829956223
UTM-NN,185,nn,78.5,0.5807522930044797,0.817056264000712
UTM-NN,186,nn,78.57211538461539,0.5846107580000535,0.8057808800003841
UTM-NN,187,nn,78.54326923076923,0.5232338829955552,0.8064963200013153
UTM-NN,188,nn,78.5,0.5894482329968014,0.8127173989996663
UTM-NN,189,nn,78.61538461538461,0.542640081999707,0.8126882960059447
UTM-NN,190,nn,78.64903846153845,0.5754904759960482,0.8120509259970277
UTM-NN,191,nn,78.57211538461539,0.5632334009933402,0.8187257929967018
UTM-NN,192,nn,78.49038461538461,0.6322424440004397,0.8043247059977148
UTM-NN,193,nn,78.55288461538461,0.5662452050019056,0.8009365929974592
UTM-NN,194,nn,78.48076923076923,0.6016186720007681,0.8156007260040496
UTM-NN,195,nn,78.52884615384616,0.5182164949947037,0.811090712006262
UTM-NN,196,nn,78.6298076923077,0.5767868719995022,0.8247042570001213
UTM-NN,197,nn,78.57211538461539,0.514841014999547,0.8126368140001432
UTM-NN,198,nn,78.50961538461539,0.5870718579972163,0.8126313419998041
UTM-NN,199,nn,78.5625,0.526503032000619,0.8129621369953384
UTM-NN,200,nn,78.52403846153845,0.5732036379995407,0.8125578710023547
UTM-NN,201,nn,78.5625,0.5824845800016192,0.8198942620001617
UTM-NN,202,nn,78.53846153846153,0.5889792859961744,0.8199513500003377
UTM-NN,203,nn,78.53365384615385,0.545630123000592,0.8205572299993946
UTM-NN,204,nn,78.38942307692308,0.6364900580010726,0.8138489510020008
UTM-NN,205,nn,78.54807692307692,0.5650298889959231,0.8230345459960517
UTM-NN,206,nn,78.54807692307692,0.6340040830036742,0.8283602709998377
UTM-NN,207,nn,78.4326923076923,0.5822391969995806,0.8247250639979029
UTM-NN,208,nn,78.5625,0.6162862649944145,0.8291026750011952
UTM-NN,209,nn,78.57211538461539,0.5793189970063395,0.8215965330018662
UTM-NN,210,nn,78.53846153846153,0.6193935300034354,0.8313834680011496
UTM-NN,211,nn,78.55288461538461,0.5713013799977489,0.8250695030001225
UTM-NN,212,nn,78.51923076923077,0.6330361770014861,0.8247107159986626
UTM-NN,213,nn,78.5,0.5618427480003447,0.8325278719930793
UTM-NN,214,nn,78.44711538461539,0.6215580979987863,0.8214532080019126
UTM-NN,215,nn,78.5625,0.5817239140014863,0.8316351039975416
UTM-NN,216,nn,78.55288461538461,0.632007763000729,0.8271060499973828
UTM-NN,217,nn,78.52403846153845,0.5851719579950441,0.8257752619974781
UTM-NN,218,nn,78.58653846153845,0.6359294779977063,0.8216558190033538
UTM-NN,219,nn,78.5673076923077,0.5845638189930469,0.8207079820058425
UTM-NN,220,nn,78.49038461538461,0.5839575980062364,0.8339452680011163
UTM-NN,221,nn,78.44711538461539,0.5854894340009196,0.8319313960018917
UTM-NN,222,nn,78.5576923076923,0.6353323020011885,0.8274719629989704
UTM-NN,223,nn,78.46153846153847,0.5824029959985637,0.8356695269976626
UTM-NN,224,nn,78.48076923076923,0.5650829099977273,0.8373609479967854
UTM-NN,225,nn,78.5048076923077,0.5672492960002273,0.8350245599940536
UTM-NN,226,nn,78.48076923076923,0.5658652990023256,0.8299185450014193
UTM-NN,227,nn,78.48557692307693,0.5850324089988135,0.8140572920019622
UTM-NN,228,nn,78.4951923076923,0.5734451329990407,0.8345131359965308
UTM-NN,229,nn,78.6201923076923,0.5875619619982899,0.834052829995926
UTM-NN,230,nn,78.59134615384616,0.6267302139967796,0.8449268139956985
UTM-NN,231,nn,78.57692307692308,0.5370206759980647,0.8366268859972479
UTM-NN,232,nn,78.5,0.5704122540046228,0.8341131400011363
UTM-NN,233,nn,78.60576923076923,0.5820364889950724,0.8161029070033692
UTM-NN,234,nn,78.58653846153845,0.6426753570049186,0.8337688220053678
UTM-NN,235,nn,78.5625,0.5272481849970063,0.828949183000077
UTM-NN,236,nn,78.58173076923077,0.5678394430069602,0.830972492993169
UTM-NN,237,nn,78.4423076923077,0.5255814470001496,0.8257213280012365
UTM-NN,238,nn,78.4375,0.6370017869994626,0.8227339399963967
UTM-NN,239,nn,78.54807692307692,0.5742717660032213,0.8255614669978968
UTM-NN,240,nn,78.60096153846153,0.6264007069985382,0.8231638180004666
UTM-NN,241,nn,78.52884615384616,0.583673262000957,0.8299419690010836
UTM-NN,242,nn,78.50961538461539,0.6209953880024841,0.8339914860043791
UTM-NN,243,nn,78.54326923076923,0.5822100599980331,0.8186361389962258
UTM-NN,244,nn,78.38942307692308,0.619670241001586,0.8129393229974085
UTM-NN,245,nn,78.65865384615385,0.5221572879963787,0.8275391459974344
UTM-NN,246,nn,78.47115384615385,0.565823614000692,0.8163549050004804
UTM-NN,247,nn,78.59134615384616,0.5225180850029574,0.8290729200016358
UTM-NN,248,nn,78.625,0.5662943330025882,0.8370334509963868
UTM-NN,249,nn,78.51442307692308,0.5168850499976543,0.8285338730056537
UTM-NN,250,nn,78.53365384615385,0.5722029370008386,0.8308158770014415
UTM-NN,251,nn,78.48557692307693,0.5144227319979109,0.8349505420046626
UTM-NN,252,nn,78.58653846153845,0.5669138570010546,0.8363728629992693
UTM-NN,253,nn,78.53365384615385,0.5775140729965642,0.829933897999581
UTM-NN,254,nn,78.6201923076923,0.6359407139971154,0.8217515569995157
UTM-NN,255,nn,78.46634615384616,0.5843904849971295,0.8459862489980878
UTM-NN,256,nn,78.57692307692308,0.6363466280017747,0.8313474560054601
UTM-NN,257,nn,78.50961538461539,0.5696250679975492,0.8344246459964779
UTM-NN,258,nn,78.51923076923077,0.6319923749979353,0.8304207089968259
UTM-NN,259,nn,78.50961538461539,0.5888068929998553,0.8153227809962118
UTM-NN,260,nn,78.53846153846153,0.6302625799944508,0.826408963999711
UTM-NN,261,nn,78.54326923076923,0.579155487997923,0.8398771549982484
UTM-NN,262,nn,78.49038461538461,0.6168389239974204,0.8206022360027418
UTM-NN,263,nn,78.51923076923077,0.6236618129987619,0.8288225300057093
UTM-NN,264,nn,78.44711538461539,0.5175983520020964,0.8296404479988269
UTM-NN,265,nn,78.4951923076923,0.6271662850049324,0.8187686739984201
UTM-NN,266,nn,78.46634615384616,0.5891367420044844,0.8163994939968688
UTM-NN,267,nn,78.55288461538461,0.6278363020028337,0.8241882300062571
UTM-NN,268,nn,78.47115384615385,0.5765264549991116,0.8091940259982948
UTM-NN,269,nn,78.59134615384616,0.6276933100016322,0.8306218620055006
UTM-NN,270,nn,78.57211538461539,0.583734783998807,0.8162367750046542
UTM-NN,271,nn,78.4375,0.6405403489989112,0.8217684230039595
UTM-NN,272,nn,78.55288461538461,0.5839508950011805,0.8204046829996514
UTM-NN,273,nn,78.51923076923077,0.615811819996452,0.8244895649986574
UTM-NN,274,nn,78.49038461538461,0.5757778520055581,0.8261076229973696
UTM-NN,275,nn,78.55288461538461,0.6241902859983384,0.8265967499974067
UTM-NN,276,nn,78.5,0.5838999190018512,0.8436493419940234
UTM-NN,277,nn,78.53365384615385,0.628018895004061,0.824497767003777
UTM-NN,278,nn,78.5048076923077,0.5765944840022712,0.8272357960013323
UTM-NN,279,nn,78.55288461538461,0.6163123129954329,0.8234782840008847
UTM-NN,280,nn,78.64423076923077,0.588266418002604,0.8356196760068997
UTM-NN,281,nn,78.54807692307692,0.6173674710007617,0.8292869299984886
UTM-NN,282,nn,78.52884615384616,0.5788067800021963,0.8214044620035565
UTM-NN,283,nn,78.45192307692308,0.6365081620024284,0.8286190689977957
UTM-NN,284,nn,78.51442307692308,0.5729073019974749,0.8296027760006837
UTM-NN,285,nn,78.52884615384616,0.5767081220037653,0.8367409900019993
UTM-NN,286,nn,78.46153846153847,0.5176489779987605,0.8365263480009162
UTM-NN,287,nn,78.53365384615385,0.5639661440000054,0.8188265190037782
UTM-NN,288,nn,78.40865384615384,0.5766438830032712,0.8291024589998415
UTM-NN,289,nn,78.47115384615385,0.6340248159976909,0.8335778180044144
UTM-NN,290,nn,78.46634615384616,0.5881028949952452,0.8352918739983579
UTM-NN,291,nn,78.51442307692308,0.6275209680025,0.8301539430030971
UTM-NN,292,nn,78.48076923076923,0.5815910999954212,0.818098944000667
UTM-NN,293,nn,78.53365384615385,0.6515048180008307,0.8459220779986936
UTM-NN,294,nn,78.60576923076923,0.5840452949996688,0.8335635789990192
UTM-NN,295,nn,78.4423076923077,0.5899982449991512,0.8311509609993664
UTM-NN,296,nn,78.54326923076923,0.5430727120037773,0.8243641080043744
UTM-NN,297,nn,78.55288461538461,0.6377776010049274,0.8328133500035619
UTM-NN,298,nn,78.375,0.554961349000223,0.8309909629970207
UTM-NN,299,nn,78.50961538461539,0.5653692499981844,0.8230361259993515
UTM-NN,300,nn,78.42788461538461,0.5799865820008563,0.8133618759966339
UTM-NN,301,nn,78.4326923076923,0.6388804189991788,0.827196026002639
UTM-NN,302,nn,78.53365384615385,0.5736883190038498,0.8303440659947228
UTM-NN,303,nn,78.59134615384616,0.6298338370033889,0.8341929960006382
UTM-NN,304,nn,78.5048076923077,0.5825830140020116,0.8271471179978107
UTM-NN,305,nn,78.48557692307693,0.6357575910005835,0.8282922389989835
UTM-NN,306,nn,78.51923076923077,0.5882856539974455,0.8295101059993613
UTM-NN,307,nn,78.48076923076923,0.626122576999478,0.8303109550033696
UTM-NN,308,nn,78.53846153846153,0.5733730240026489,0.8273651260024053
UTM-NN,309,nn,78.5,0.6355712660006247,0.8231101420024061
UTM-NN,310,nn,78.4951923076923,0.5705535849992884,0.8255279950026306
UTM-NN,311,nn,78.42788461538461,0.6391382779984269,0.8268658790038899
UTM-NN,312,nn,78.51442307692308,0.5838405370013788,0.8315039160006563
UTM-NN,313,nn,78.4951923076923,0.6362360170023749,0.8249412520017358
UTM-NN,314,nn,78.47115384615385,0.5777721000049496,0.834987166999781
UTM-NN,315,nn,78.55288461538461,0.6296631799996248,0.8222200229938608
UTM-NN,316,nn,78.49038461538461,0.5622101040062262,0.8352819950014236
UTM-NN,317,nn,78.53846153846153,0.6256102240004111,0.8353410869967774
UTM-NN,318,nn,78.51923076923077,0.5940292259983835,0.8361301119948621
UTM-NN,319,nn,78.52403846153845,0.6300895050007966,0.8404882570030168
UTM-NN,320,nn,78.52884615384616,0.5803747649988509,0.8227890599955572
UTM-NN,321,nn,78.5673076923077,0.6151862570040976,0.8233617960067932
UTM-NN,322,nn,78.57692307692308,0.5855488609959139,0.832530333995237
UTM-NN,323,nn,78.5673076923077,0.6279649989955942,0.8293135320054716
UTM-NN,324,nn,78.59615384615385,0.5818949860040448,0.8277691609982867
UTM-NN,325,nn,78.48557692307693,0.6341206149954814,0.8355655069972272
UTM-NN,326,nn,78.61538461538461,0.5827452739977161,0.8379640549974283
UTM-NN,327,nn,78.47115384615385,0.6354574159995536,0.8303406210034154
UTM-NN,328,nn,78.55288461538461,0.5860074349984643,0.8320050450056442
UTM-NN,329,nn,78.54807692307692,0.6349683249936788,0.8169141089965706
UTM-NN,330,nn,78.48076923076923,0.586044427996967,0.8238956770001096
UTM-NN,331,nn,78.54326923076923,0.6290742429991951,0.8248023539999849
UTM-NN,332,nn,78.52403846153845,0.5849833150059567,0.8240341659984551
UTM-NN,333,nn,78.46634615384616,0.6203030719989329,0.8274108299956424
UTM-NN,334,nn,78.59134615384616,0.5804358289969969,0.8275825980017544
UTM-NN,335,nn,78.47115384615385,0.6272057590031181,0.8332775140006561
UTM-NN,336,nn,78.41826923076923,0.5917405529980897,0.8328654210054083
UTM-NN,337,nn,78.58173076923077,0.6300063360031345,0.8241392870040727
UTM-NN,338,nn,78.53846153846153,0.5717895699999644,0.8290723369937041
UTM-NN,339,nn,78.53365384615385,0.6297384100034833,0.8476396909973118
UTM-NN,340,nn,78.48557692307693,0.5740676970017375,0.8358371969952714
UTM-NN,341,nn,78.53846153846153,0.6265802319976501,0.8188454880000791
UTM-NN,342,nn,78.4326923076923,0.5727079329953995,0.8190957019978669
UTM-NN,343,nn,78.58173076923077,0.6129114459981793,0.8122220039949752
UTM-NN,344,nn,78.6875,0.5634877690026769,0.8113764450026792
UTM-NN,345,nn,78.55288461538461,0.6271232250001049,0.8183305179991294
UTM-NN,346,nn,78.51923076923077,0.5784817779931473,0.8327753510020557
UTM-NN,347,nn,78.625,0.6388793439982692,0.8326358909980627
UTM-NN,348,nn,78.5576923076923,0.5844078289956087,0.8311282680006116
UTM-NN,349,nn,78.4951923076923,0.6287318899994716,0.8217431450029835
UTM-NN,350,nn,78.53365384615385,0.5250184069955139,0.8216688440006692
UTM-NN,351,nn,78.59615384615385,0.5657839120030985,0.8089281200009282
UTM-NN,352,nn,78.4951923076923,0.5783784829982324,0.8161348369976622
UTM-NN,353,nn,78.53846153846153,0.5800849299994297,0.8150976949982578
UTM-NN,354,nn,78.46153846153847,0.6339307840025867,0.8248138440030743
UTM-NN,355,nn,78.51923076923077,0.5905939059957745,0.8307691869995324
UTM-NN,356,nn,78.60576923076923,0.6376282339988393,0.8239778130009654
UTM-NN,357,nn,78.5,0.5861715549981454,0.8220539449976059
UTM-NN,358,nn,78.45673076923076,0.6406636660030927,0.824793222003791
UTM-NN,359,nn,78.45673076923076,0.5860021190019324,0.8278698159992928
UTM-NN,360,nn,78.625,0.6347647619986674,0.8193390410015127
UTM-NN,361,nn,78.50961538461539,0.578389046000666,0.8353723130057915
UTM-NN,362,nn,78.54326923076923,0.6290316149970749,0.8259916730021359
UTM-NN,363,nn,78.51442307692308,0.567450351001753,0.8214961069970741
UTM-NN,364,nn,78.61057692307692,0.632582801998069,0.8336474549942068
UTM-NN,365,nn,78.50961538461539,0.5874597930014716,0.8237573610022082
UTM-NN,366,nn,78.65384615384615,0.6386390379993827,0.8195663410006091
UTM-NN,367,nn,78.60096153846153,0.5882797480007866,0.8298215260001598
UTM-NN,368,nn,78.42788461538461,0.6268295210029464,0.8312709199963138
UTM-NN,369,nn,78.53846153846153,0.5831352480017813,0.8324801749986364
UTM-NN,370,nn,78.49038461538461,0.6379287340023438,0.8099458889992093
UTM-NN,371,nn,78.4951923076923,0.5847221709991572,0.821141811000416
UTM-NN,372,nn,78.58173076923077,0.6414025850026519,0.8110479289971408
UTM-NN,373,nn,78.50961538461539,0.5737030639938894,0.8162262290061335
UTM-NN,374,nn,78.51923076923077,0.6352266320027411,0.8226508339939755
UTM-NN,375,nn,78.61057692307692,0.5862395630028914,0.8227304199972423
UTM-NN,376,nn,78.48076923076923,0.6187292549948324,0.8235410769993905
UTM-NN,377,nn,78.47115384615385,0.5860278140025912,0.8190027110031224
UTM-NN,378,nn,78.52403846153845,0.6279946909999126,0.825755391997518
UTM-NN,379,nn,78.51442307692308,0.55387945700204,0.816752720005752
UTM-NN,380,nn,78.57211538461539,0.6286079839992453,0.8217889340012334
UTM-NN,381,nn,78.65384615384615,0.5826553219958441,0.8573152379976818
UTM-NN,382,nn,78.47596153846153,0.6333546419991762,0.8228513390058652
UTM-NN,383,nn,78.52403846153845,0.5704049410051084,0.8185254570053075
UTM-NN,384,nn,78.42788461538461,0.6314081270029419,0.8151514370038058
UTM-NN,385,nn,78.54326923076923,0.579343687997607,0.8183556410003803
UTM-NN,386,nn,78.51923076923077,0.6414460180021706,0.8186084089975338
UTM-NN,387,nn,78.3798076923077,0.5861879830044927,0.8240996050008107
UTM-NN,388,nn,78.47115384615385,0.624021226001787,0.8286525389994495
UTM-NN,389,nn,78.54807692307692,0.5796186989973648,0.8327829229965573
UTM-NN,390,nn,78.49038461538461,0.6275636930004111,0.8184201679978287
UTM-NN,391,nn,78.49038461538461,0.5859658839981421,0.827138560001913
UTM-NN,392,nn,78.5625,0.6148779899958754,0.8242010220055818
UTM-NN,393,nn,78.5048076923077,0.5826074609940406,0.8314187850046437
UTM-NN,394,nn,78.53846153846153,0.6250743019991205,0.8388936319970526
UTM-NN,395,nn,78.54807692307692,0.5906772980015376,0.8387355329978163
UTM-NN,396,nn,78.54326923076923,0.6149299980024807,0.831007688997488
UTM-NN,397,nn,78.5576923076923,0.5694295809953474,0.8249114220016054
UTM-NN,398,nn,78.53846153846153,0.6352028859982966,0.8102524880014244
UTM-NN,399,nn,78.51442307692308,0.5711628310018568,0.818364961000043
UTM-NN,400,nn,78.59134615384616,0.6404303699964657,0.8126523329992779
UTM-NN,401,nn,78.57692307692308,0.5623573679986293,0.8201018050021958
UTM-NN,402,nn,78.48557692307693,0.5968285190028837,0.8357279409974581
UTM-NN,403,nn,78.47115384615385,0.51938313300343,0.8274978660047054
UTM-NN,404,nn,78.5673076923077,0.6111292179994052,0.828245513002912
UTM-NN,405,nn,78.52403846153845,0.5753887340033543,0.8292063459957717
UTM-NN,406,nn,78.58653846153845,0.6368586149983457,0.8380837610020535
UTM-NN,407,nn,78.52403846153845,0.5232301869982621,0.8322528959979536
UTM-NN,408,nn,78.70673076923077,0.5705268120000255,0.8308903359938995
UTM-NN,409,nn,78.51442307692308,0.5199078549994738,0.8342278650015942
UTM-NN,410,nn,78.45192307692308,0.6394749160026549,0.8280775159946643
UTM-NN,411,nn,78.55288461538461,0.5839727629936533,0.8208297540040803
UTM-NN,412,nn,78.52403846153845,0.6397713659971487,0.8251153110031737
UTM-NN,413,nn,78.54326923076923,0.5847722999969847,0.8314749349956401
UTM-NN,414,nn,78.63942307692308,0.624788871005876,0.8046183019978344
UTM-NN,415,nn,78.5576923076923,0.575719050000771,0.8131609939955524
UTM-NN,416,nn,78.45192307692308,0.6405059219978284,0.8037188380039879
UTM-NN,417,nn,78.46153846153847,0.5858501850016182,0.8145511650000117
UTM-NN,418,nn,78.59134615384616,0.622573767999711,0.8165611169970362
UTM-NN,419,nn,78.51442307692308,0.5857692799982033,0.8216476110028452
UTM-NN,420,nn,78.48557692307693,0.6327390079968609,0.8185125780000817
UTM-NN,421,nn,78.48557692307693,0.5711293649947038,0.8194639479988837
UTM-NN,422,nn,78.61538461538461,0.6382286740044947,0.8112662740022643
UTM-NN,423,nn,78.45192307692308,0.5852979339979356,0.8115043829966453
UTM-NN,424,nn,78.54326923076923,0.64267324499815,0.8230317769994144
UTM-NN,425,nn,78.58653846153845,0.528155878004327,0.8190324809984304
UTM-NN,426,nn,78.46634615384616,0.6329661910058348,0.8344964639982209
UTM-NN,427,nn,78.55288461538461,0.5703165479935706,0.8255435270039015
UTM-NN,428,nn,78.60096153846153,0.6373367699998198,0.8156855710039963
UTM-NN,429,nn,78.4375,0.5855392399971606,0.8412982980007655
UTM-NN,430,nn,78.55288461538461,0.6284724799988908,0.8164297710027313
UTM-NN,431,nn,78.54326923076923,0.5894179989991244,0.8191779539993149
UTM-NN,432,nn,78.54807692307692,0.6352460729976883,0.8273393690033117
UTM-NN,433,nn,78.6298076923077,0.5795252509997226,0.8300967649993254
UTM-NN,434,nn,78.5673076923077,0.6288094060000731,0.8192654559970833
UTM-NN,435,nn,78.52403846153845,0.5196831610010122,0.8166458929990768
UTM-NN,436,nn,78.52884615384616,0.5683778319944395,0.8238363389973529
UTM-NN,437,nn,78.46634615384616,0.5213844169993536,0.8040078260019072
UTM-NN,438,nn,78.625,0.6097423809987959,0.8157483450049767
UTM-NN,439,nn,78.65384615384615,0.587140398005431,0.8226177809992805
UTM-NN,440,nn,78.45192307692308,0.6335590769958799,0.8145354640000733
UTM-NN,441,nn,78.4951923076923,0.6173334620034439,0.8278827619942604
UTM-NN,442,nn,78.52403846153845,0.55066243300098,0.825521487997321
UTM-NN,443,nn,78.58653846153845,0.6107070309953997,0.8234478430022136
UTM-NN,444,nn,78.54807692307692,0.5799759329966037,0.8276645559963072
UTM-NN,445,nn,78.47115384615385,0.6294915780017618,0.8341358620018582
UTM-NN,446,nn,78.64903846153845,0.5763189360004617,0.813640927997767
UTM-NN,447,nn,78.57692307692308,0.6440446720007458,0.816115034998802
UTM-NN,448,nn,78.54807692307692,0.5862248519988498,0.8271722839999711
UTM-NN,449,nn,78.57211538461539,0.6366456269970513,0.8020134329999564
UTM-NN,450,nn,78.57692307692308,0.586357947999204,0.8183914179971907
UTM-NN,451,nn,78.58653846153845,0.6306832059999579,0.8183351650004624
UTM-NN,452,nn,78.375,0.5910956820007414,0.821691285003908
UTM-NN,453,nn,78.54807692307692,0.6355030960039585,0.8332614149985602
UTM-NN,454,nn,78.42307692307692,0.5870269960068981,0.8321767950037611
UTM-NN,455,nn,78.41346153846153,0.5918495730002178,0.8364446850027889
UTM-NN,456,nn,78.45673076923076,0.5202745960050379,0.8245365799957654
UTM-NN,457,nn,78.59615384615385,0.6271831280027982,0.8416239979997044
UTM-NN,458,nn,78.48557692307693,0.5888896379983635,0.8410334649961442
UTM-NN,459,nn,78.59134615384616,0.5700248300054227,0.8114793720014859
UTM-NN,460,nn,78.5673076923077,0.5197158669980126,0.8259668499958934
UTM-NN,461,nn,78.54326923076923,0.6191172569961054,0.8410869400031515
UTM-NN,462,nn,78.54326923076923,0.5888747040007729,0.8240583419974428
UTM-NN,463,nn,78.53846153846153,0.6299239400032093,0.8172317249991465
UTM-NN,464,nn,78.42788461538461,0.5444027139965328,0.8233331869996618
UTM-NN,465,nn,78.45192307692308,0.5688151150025078,0.8030145079974318
UTM-NN,466,nn,78.44711538461539,0.5471263889994589,0.8169503369936137
UTM-NN,467,nn,78.57211538461539,0.6307228630030295,0.8228980400017463
UTM-NN,468,nn,78.58653846153845,0.5723366780002834,0.8325192580014118
UTM-NN,469,nn,78.40865384615384,0.6295786929986207,0.8249344780051615
UTM-NN,470,nn,78.50961538461539,0.5628218639976694,0.8271017389997724
UTM-NN,471,nn,78.51923076923077,0.6344407139986288,0.8161006759983138
UTM-NN,472,nn,78.64423076923077,0.5412354020008934,0.8197377830001642
UTM-NN,473,nn,78.60096153846153,0.5930968079992454,0.8131882269954076
UTM-NN,474,nn,78.52884615384616,0.5834414659984759,0.8209666760012624
UTM-NN,475,nn,78.63942307692308,0.6208274150048965,0.8208154349995311
UTM-NN,476,nn,78.57211538461539,0.5193849919960485,0.8207153050025227
UTM-NN,477,nn,78.5048076923077,0.5675373620033497,0.8259507689945167
UTM-NN,478,nn,78.48557692307693,0.5383336469967617,0.8219298890035134
UTM-NN,479,nn,78.57692307692308,0.5984229959940421,0.8121866940055043
UTM-NN,480,nn,78.57692307692308,0.5838286350044655,0.8149048359991866
UTM-NN,481,nn,78.4951923076923,0.6343990620007389,0.8202633390028495
UTM-NN,482,nn,78.57211538461539,0.58695916999568,0.8221722419984872
UTM-NN,483,nn,78.5576923076923,0.6269537930056686,0.8306269720051205
UTM-NN,484,nn,78.5576923076923,0.5871226579984068,0.8102745860014693
UTM-NN,485,nn,78.50961538461539,0.6086712600008468,0.8172097120041144
UTM-NN,486,nn,78.53846153846153,0.5158749929978512,0.8182529219993739
UTM-NN,487,nn,78.60096153846153,0.5684173699992243,0.8185297960008029
UTM-NN,488,nn,78.59134615384616,0.5851840199975413,0.8147589240033994
UTM-NN,489,nn,78.46153846153847,0.6347918290048256,0.8188798479968682
UTM-NN,490,nn,78.50961538461539,0.5864961350016529,0.8151154070001212
UTM-NN,491,nn,78.49038461538461,0.62399493400153,0.8140984350029612
UTM-NN,492,nn,78.59615384615385,0.5876479910002672,0.8102936799987219
UTM-NN,493,nn,78.5625,0.6218822049995651,0.8063839579990599
UTM-NN,494,nn,78.5,0.5955148520006333,0.8133790749998298
UTM-NN,495,nn,78.45673076923076,0.6412473219970707,0.8131008369964547
UTM-NN,496,nn,78.65384615384615,0.590841334000288,0.8109568740037503
UTM-NN,497,nn,78.53846153846153,0.6332048339972971,0.8111780810068012
UTM-NN,498,nn,78.47115384615385,0.580659724000725,0.8379601269989507
UTM-NN,499,nn,78.5,0.590883147000568,0.8292472429966438
UTM-NN,500,nn,78.60096153846153,0.5196933629995328,0.8222701959966798
