method,epoch,model_type,test_accuracy,train_time,test_time
Cyclic,1,tm,76.81,0.38980483000341337,0.06715594400156988
Cyclic,2,tm,78.53999999999999,0.3561195799993584,0.06715392300247913
Cyclic,3,tm,78.14,0.35096230899944203,0.06687358199997107
Cyclic,4,tm,79.73,0.33561861899943324,0.06818543899862561
Cyclic,5,tm,79.59,0.3505419819994131,0.06805888800590765
Cyclic,6,tm,79.80000000000001,0.3386485309965792,0.06850590400426881
Cyclic,7,tm,79.73,0.34245669299707515,0.06788413100002799
Cyclic,8,tm,80.2,0.34232677100226283,0.06827040800271789
Cyclic,9,tm,79.92,0.33220524399803253,0.0650608780051698
Cyclic,10,tm,76.57000000000001,0.3320277429957059,0.06898518800153397
Cyclic,11,tm,78.97,0.3288469110048027,0.07007029099622741
Cyclic,12,tm,78.56,0.32811003900133073,0.06645642500370741
Cyclic,13,tm,79.39,0.3230939770000987,0.06780803500441834
Cyclic,14,tm,80.05,0.3263168740013498,0.06762603300012415
Cyclic,15,tm,79.31,0.3276000620026025,0.06902952800010098
Cyclic,16,tm,79.69000000000001,0.3261038579948945,0.06759334100206615
Cyclic,17,tm,80.57,0.3267400929980795,0.06806180800049333
Cyclic,18,tm,80.45,0.3362171659973683,0.06848627400177065
Cyclic,19,tm,77.2,0.3308233130010194,0.07084397300059209
Cyclic,20,tm,79.54,0.3294291220008745,0.06815491599991219
Cyclic,21,tm,80.5,0.3276016489980975,0.06780005800101208
Cyclic,22,tm,81.36,0.32851314499566797,0.06834924899885664
Cyclic,23,tm,79.71000000000001,0.31059415899653686,0.06722027899377281
Cyclic,24,tm,80.10000000000001,0.3190444809952169,0.06825945499440422
Cyclic,25,tm,80.32000000000001,0.3218422729987651,0.06683740799780935
Cyclic,26,tm,79.79,0.3112770189982257,0.06781560799572617
Cyclic,27,tm,79.42,0.32150065900350455,0.0720690320013091
Cyclic,28,tm,81.39999999999999,0.3255531270042411,0.06789578500320204
Cyclic,29,tm,81.74,0.3182820560032269,0.06707315699895844
Cyclic,30,tm,79.0,0.3273514660031651,0.07076500100083649
Cyclic,31,tm,80.69,0.31727515700185904,0.0684966019980493
Cyclic,32,tm,81.06,0.3159532270001364,0.06934744599857368
Cyclic,33,tm,80.28999999999999,0.3235237019980559,0.0691360650016577
Cyclic,34,tm,80.69,0.3161608509981306,0.06798990700190188
Cyclic,35,tm,80.10000000000001,0.3143050500002573,0.06898348200047622
Cyclic,36,tm,80.22,0.3237888329967973,0.06912632400053553
Cyclic,37,tm,79.86999999999999,0.31935716699808836,0.06844437299878336
Cyclic,38,tm,80.34,0.3258679930004291,0.06829234400356654
Cyclic,39,tm,81.13,0.3170253850039444,0.07002458100032527
Cyclic,40,tm,80.52,0.3233347479981603,0.06648716299969237
Cyclic,41,tm,80.41,0.31088665899733314,0.06717681000009179
Cyclic,42,tm,79.99000000000001,0.3175467470064177,0.06641040099930251
Cyclic,43,tm,80.46,0.30778014800307574,0.06567002100200625
Cyclic,44,tm,81.26,0.30828815000131726,0.06462223900598474
Cyclic,45,tm,81.04,0.3066728840058204,0.06706430699705379
Cyclic,46,tm,81.31,0.3213963160014828,0.06686459999764338
Cyclic,47,tm,80.42,0.31727109599887626,0.06790086699766107
Cyclic,48,tm,80.58,0.3177689919975819,0.06877004999842029
Cyclic,49,tm,81.26,0.3200003249949077,0.06583579099969938
Cyclic,50,tm,81.25,0.30999135399906663,0.06840291200205684
Cyclic,51,nn,82.74000000000001,0.22107975099788746,0.07051576000230853
Cyclic,52,nn,82.8,0.20678668199980166,0.06899547499779146
Cyclic,53,nn,82.89,0.19212083500315202,0.06805918399913935
Cyclic,54,nn,82.72,0.26851427200017497,0.06808164499670966
Cyclic,55,nn,82.95,0.2136362309975084,0.06975161899754312
Cyclic,56,nn,82.87,0.20273965199885424,0.06929819899960421
Cyclic,57,nn,82.77,0.21783153800060973,0.06814177100022789
Cyclic,58,nn,82.92,0.26725558299949626,0.0679443370027002
Cyclic,59,nn,82.91,0.2066376049988321,0.07027250399551122
Cyclic,60,nn,82.88,0.22550564299308462,0.07133162699756213
Cyclic,61,nn,83.0,0.22401488400646485,0.06963460899714846
Cyclic,62,nn,82.92,0.25619781499699457,0.06821864399535116
Cyclic,63,nn,82.89,0.2041845479980111,0.07079034299385967
Cyclic,64,nn,83.08,0.2032075850002002,0.06692882000061218
Cyclic,65,nn,83.02000000000001,0.19948282399855088,0.07085782699869014
Cyclic,66,nn,83.2,0.2605588010046631,0.06845491500280332
Cyclic,67,nn,83.06,0.21535054400010267,0.07004957800381817
Cyclic,68,nn,83.17999999999999,0.2085447400022531,0.0680822869981057
Cyclic,69,nn,83.13000000000001,0.2004457610019017,0.06607823300146265
Cyclic,70,nn,83.11,0.19815022100374335,0.06722881000314374
Cyclic,71,nn,83.2,0.24708845299755922,0.06944190000649542
Cyclic,72,nn,83.43,0.19706851299997652,0.0671753010028624
Cyclic,73,nn,83.39,0.20067884200398112,0.06701928400434554
Cyclic,74,nn,83.58,0.2204552719995263,0.0674172759972862
Cyclic,75,nn,83.62,0.25932048200047575,0.06626816999778384
Cyclic,76,nn,83.63000000000001,0.19732909699814627,0.06643048400292173
Cyclic,77,nn,83.8,0.20108036999590695,0.06702110500191338
Cyclic,78,nn,83.78,0.19677298700116808,0.0697776890010573
Cyclic,79,nn,83.87,0.24558726100076456,0.06700190900301095
Cyclic,80,nn,83.78,0.19609995399514446,0.06789003800076898
Cyclic,81,nn,83.91999999999999,0.19803971600049408,0.06772205100423889
Cyclic,82,nn,83.89999999999999,0.19989824799995404,0.06867706600314705
Cyclic,83,nn,84.1,0.24552114799735136,0.06789122599730035
Cyclic,84,nn,84.07,0.19934383199870354,0.06643897399771959
Cyclic,85,nn,84.08,0.2147599710006034,0.06849901099485578
Cyclic,86,nn,84.19,0.2028434070016374,0.0697903079999378
Cyclic,87,nn,83.99,0.2491135660020518,0.06916027599800145
Cyclic,88,nn,84.07,0.22045375799643807,0.06855289400118636
Cyclic,89,nn,84.0,0.22237067799869692,0.07144117000279948
Cyclic,90,nn,84.17999999999999,0.20058763599809026,0.06931676899694139
Cyclic,91,nn,84.03,0.24846335399342934,0.06895918100053677
Cyclic,92,nn,84.06,0.19648740700358758,0.06686999100202229
Cyclic,93,nn,84.2,0.19733580100000836,0.06671913299942389
Cyclic,94,nn,84.00999999999999,0.19599001199821942,0.06976417300029425
Cyclic,95,nn,84.15,0.2000689490014338,0.06892348799738102
Cyclic,96,nn,84.16,0.2476742579965503,0.06514277299720561
Cyclic,97,nn,84.11,0.2013411959997029,0.06772721699962858
Cyclic,98,nn,84.17,0.19661169499886455,0.06731994499568827
Cyclic,99,nn,84.26,0.19750816699524876,0.06652178499643924
Cyclic,100,nn,84.16,0.24640766499942401,0.06814641699747881
Cyclic,101,tm,80.60000000000001,0.3126187099987874,0.06712080199940829
Cyclic,102,tm,80.87,0.30598011600523023,0.06741337499988731
Cyclic,103,tm,81.2,0.3126974669939955,0.06707100799394539
Cyclic,104,tm,81.57,0.3140204070004984,0.06780710199382156
Cyclic,105,tm,80.66,0.3176806539995596,0.06786370299960254
Cyclic,106,tm,81.64,0.31184625800233334,0.0675611589977052
Cyclic,107,tm,80.61,0.3074975849958719,0.06676841599983163
Cyclic,108,tm,81.55,0.30414651799947023,0.06836652899801265
Cyclic,109,tm,81.17,0.31006051800068235,0.06699898900114931
Cyclic,110,tm,81.28999999999999,0.31116093099990394,0.06630057399888756
Cyclic,111,tm,79.86999999999999,0.3145575300004566,0.0677755669967155
Cyclic,112,tm,80.86,0.30779469800472725,0.06746988300437806
Cyclic,113,tm,82.17999999999999,0.3075038559982204,0.06681429399759509
Cyclic,114,tm,81.95,0.3073033420005231,0.06929632499668514
Cyclic,115,tm,81.33,0.30412098999659065,0.0677305119970697
Cyclic,116,tm,81.28,0.3149064039971563,0.06708170899946708
Cyclic,117,tm,81.43,0.3074339869999676,0.07029917700128863
Cyclic,118,tm,82.09,0.30805846400471637,0.06686977300705621
Cyclic,119,tm,81.0,0.3077648260004935,0.06631696799740894
Cyclic,120,tm,82.28,0.31054882500029635,0.06857512699934887
Cyclic,121,tm,80.41,0.3019513969993568,0.06740520099992864
Cyclic,122,tm,80.88,0.30518010500236414,0.06819859399547568
Cyclic,123,tm,80.43,0.30726761099504074,0.06805299499683315
Cyclic,124,tm,81.32000000000001,0.31067433299904224,0.06745531500200741
Cyclic,125,tm,81.19,0.3123537799983751,0.06811361300060526
Cyclic,126,tm,82.06,0.30945481899834704,0.06587918400327908
Cyclic,127,tm,82.63000000000001,0.3029564229946118,0.06957344800321152
Cyclic,128,tm,81.36,0.30511020199628547,0.06608972299727611
Cyclic,129,tm,80.17,0.31198789900372503,0.06800015099724988
Cyclic,130,tm,81.89,0.3111239050049335,0.07096865699713817
Cyclic,131,tm,81.83,0.3081686920049833,0.06716113899892662
Cyclic,132,tm,80.15,0.31121801700646756,0.0682223019975936
Cyclic,133,tm,81.52000000000001,0.30227424899931066,0.06837508999888087
Cyclic,134,tm,81.56,0.3141566500053159,0.06600038599572144
Cyclic,135,tm,81.28999999999999,0.3124758109988761,0.06752821400004905
Cyclic,136,tm,80.97,0.3159014199991361,0.06865865400322946
Cyclic,137,tm,80.7,0.31427968900243286,0.0684803730036947
Cyclic,138,tm,82.04,0.3044748329994036,0.06891193800402107
Cyclic,139,tm,81.78999999999999,0.32456893600465264,0.06379530800040811
Cyclic,140,tm,80.39,0.3078969349953695,0.06839680400298676
Cyclic,141,tm,80.71000000000001,0.3042212229993311,0.06791059100214625
Cyclic,142,tm,80.89,0.30300529200030724,0.07060282100428594
Cyclic,143,tm,81.16,0.3128666240008897,0.06648596799641382
Cyclic,144,tm,80.73,0.3083386639991659,0.06796137099445332
Cyclic,145,tm,80.92,0.3101839570008451,0.06737239699577913
Cyclic,146,tm,81.71000000000001,0.30498818199703237,0.06821078400389524
Cyclic,147,tm,81.14,0.30799632699927315,0.06881629599956796
Cyclic,148,tm,80.2,0.3119638789939927,0.06798999899910996
Cyclic,149,tm,80.62,0.3146146020008018,0.0722549260026426
Cyclic,150,tm,80.06,0.3096596920004231,0.06806467100250302
Cyclic,151,nn,83.5,0.2142677800002275,0.06960864500433672
Cyclic,152,nn,83.35000000000001,0.19927760300197406,0.06825873199704802
Cyclic,153,nn,83.26,0.21302501899481285,0.06994375800422858
Cyclic,154,nn,83.16,0.26791473800403764,0.07111314999929164
Cyclic,155,nn,83.13000000000001,0.22186456000054022,0.06933963800111087
Cyclic,156,nn,83.26,0.22153422300470993,0.07006028699834133
Cyclic,157,nn,83.19,0.21995988299750024,0.07082626500050537
Cyclic,158,nn,83.24000000000001,0.25578772800508887,0.06937054900481598
Cyclic,159,nn,83.22,0.2011610799963819,0.06969574799586553
Cyclic,160,nn,83.2,0.20032811199780554,0.06735804599884432
Cyclic,161,nn,83.23,0.19880885100428713,0.06821269100328209
Cyclic,162,tm,81.71000000000001,0.3090601410003728,0.06780597200122429
Cyclic,163,tm,82.38,0.31598166299954755,0.0644045000008191
Cyclic,164,tm,81.85,0.3144188270016457,0.06846832700102823
Cyclic,165,tm,81.57,0.30691100699914386,0.07294287700642599
Cyclic,166,tm,81.44,0.3193493539947667,0.06684884399874136
Cyclic,167,tm,80.34,0.2903917560033733,0.06962452000152553
Cyclic,168,tm,81.08,0.3172836029989412,0.06769556099607144
Cyclic,169,tm,81.78,0.31123291599942604,0.06923271199775627
Cyclic,170,tm,81.41000000000001,0.31013194900151575,0.06642450700019253
Cyclic,171,tm,81.16,0.303481857998122,0.06794645100308117
Cyclic,172,tm,81.3,0.30164404299284797,0.06657255199388601
Cyclic,173,tm,81.82000000000001,0.3070160620045499,0.06725438500143355
Cyclic,174,tm,82.03,0.31096161599998595,0.06820734900247771
Cyclic,175,tm,81.49,0.314331517998653,0.06805608400463825
Cyclic,176,tm,81.46,0.312672592997842,0.06870870400598506
Cyclic,177,tm,79.97999999999999,0.30558646799909184,0.0681102730013663
Cyclic,178,tm,81.87,0.3050634139945032,0.06760256500274409
Cyclic,179,tm,81.92,0.30932655300421175,0.06727109100029338
Cyclic,180,tm,81.53,0.30800614100007806,0.06913707000057912
Cyclic,181,tm,80.66,0.31327935199806234,0.0689129970050999
Cyclic,182,tm,81.63,0.31918211199808866,0.06790798000292853
Cyclic,183,tm,82.05,0.30878253300033975,0.06712875499943038
Cyclic,184,tm,81.31,0.30434285000228556,0.0681485290042474
Cyclic,185,tm,81.56,0.3113025939965155,0.06778230799682206
Cyclic,186,tm,81.98,0.30777299300098093,0.06912932599516353
Cyclic,187,tm,81.63,0.3111664190000738,0.06747793900285615
Cyclic,188,tm,81.58999999999999,0.31065708399546565,0.0673923649956123
Cyclic,189,tm,81.72,0.3098822590036434,0.06711637900298228
Cyclic,190,tm,81.71000000000001,0.3163582069973927,0.07170229299663333
Cyclic,191,tm,82.21000000000001,0.3081830769951921,0.06696227799693588
Cyclic,192,tm,80.73,0.3097087220012327,0.06774267899891129
Cyclic,193,tm,82.44,0.30278964299941435,0.06785132799996063
Cyclic,194,tm,82.37,0.3088409260017215,0.06899894399975892
Cyclic,195,tm,82.07,0.30237045499961823,0.0681893420041888
Cyclic,196,tm,82.01,0.29958157800137997,0.06759995400352636
Cyclic,197,tm,81.03,0.3090662870017695,0.06782455600477988
Cyclic,198,tm,81.35,0.3130898560048081,0.06931263599835802
Cyclic,199,tm,81.97,0.30682460100069875,0.06688535699504428
Cyclic,200,tm,81.12,0.3140180739937932,0.06917120000434807
Cyclic,201,tm,81.43,0.31090312200103654,0.0666813159987214
Cyclic,202,tm,81.92,0.31613557699893136,0.070379218996095
Cyclic,203,tm,82.78,0.31237607899674913,0.06770582200260833
Cyclic,204,tm,81.04,0.304150996998942,0.06801600400649477
Cyclic,205,tm,80.45,0.3097811699990416,0.06883280899637612
Cyclic,206,tm,81.74,0.3122573019936681,0.06880549500056077
Cyclic,207,tm,81.69999999999999,0.3124570079962723,0.06770438099920284
Cyclic,208,tm,81.78,0.3175778549993993,0.06922676500107627
Cyclic,209,tm,81.28,0.3072316010002396,0.06841283399990061
Cyclic,210,tm,81.2,0.3082507950020954,0.06890863500302657
Cyclic,211,tm,81.34,0.3102851189978537,0.06602779099921463
Cyclic,212,nn,83.28999999999999,0.2044071799973608,0.06654215799790109
Cyclic,213,nn,83.17,0.2502667399967322,0.06770518200210063
Cyclic,214,nn,83.32000000000001,0.22012676000304054,0.06888896400050726
Cyclic,215,nn,83.28,0.22015043900319142,0.0701652269999613
Cyclic,216,nn,83.23,0.22153920500568347,0.0698560759992688
Cyclic,217,nn,83.19,0.2607191499992041,0.07043204000365222
Cyclic,218,nn,83.08,0.20165928800270194,0.06896626300294884
Cyclic,219,nn,82.89999999999999,0.20271023900568252,0.07023063499946147
Cyclic,220,nn,83.14,0.19658257799892453,0.0694775820011273
Cyclic,221,nn,83.21,0.2707808449995355,0.06901529600145295
Cyclic,222,nn,83.31,0.19618513099703705,0.06937532799929613
Cyclic,223,nn,83.34,0.22274836800352205,0.06916038700001081
Cyclic,224,nn,83.21,0.21309994499461027,0.07038396500138333
Cyclic,225,nn,83.36,0.19623383500584168,0.06990685300115729
Cyclic,226,nn,83.33,0.261816408004961,0.07017505700059701
Cyclic,227,nn,83.54,0.21480909700039774,0.06886295100412099
Cyclic,228,nn,83.45,0.20104111099499278,0.06922448600380449
Cyclic,229,nn,83.46000000000001,0.2043589829991106,0.0679591559965047
Cyclic,230,nn,83.49,0.27082380399951944,0.06884223700035363
Cyclic,231,nn,83.67,0.19657038899458712,0.06787394700222649
Cyclic,232,nn,83.72,0.2005687359996955,0.06952988100238144
Cyclic,233,nn,83.87,0.20463527899846667,0.06786513899714919
Cyclic,234,nn,83.89,0.26995270200131927,0.0708747550015687
Cyclic,235,nn,84.00999999999999,0.2012969509960385,0.06742173900420312
Cyclic,236,nn,83.99,0.21157497199601494,0.06658952400175622
Cyclic,237,nn,84.06,0.19709829899511533,0.06950927700381726
Cyclic,238,nn,84.11,0.24719054399611196,0.06919223599834368
Cyclic,239,nn,84.2,0.19933652500185417,0.06871038499957649
Cyclic,240,nn,84.24000000000001,0.20308876100170892,0.07084130600560457
Cyclic,241,nn,84.22,0.20668821599974763,0.06843738400493748
Cyclic,242,nn,84.26,0.2536010730036651,0.06684149999637157
Cyclic,243,nn,84.35000000000001,0.20612784499826375,0.06805647299916018
Cyclic,244,nn,84.39999999999999,0.19503475600504316,0.06748486400465481
Cyclic,245,nn,84.44,0.20161236499552615,0.06863601900113281
Cyclic,246,nn,84.43,0.25762910099729197,0.06872554300207412
Cyclic,247,nn,84.55,0.22186166900064563,0.0705427119974047
Cyclic,248,nn,84.5,0.2004162289958913,0.06812111700128298
Cyclic,249,nn,84.39,0.2011238350023632,0.06992756699764868
Cyclic,250,nn,84.64,0.1956744759954745,0.06999067699507577
Cyclic,251,nn,84.61999999999999,0.26558908599690767,0.07016424200264737
Cyclic,252,nn,84.66,0.2010561709976173,0.06906306000018958
Cyclic,253,nn,84.71,0.19980018700152868,0.06878777499514399
Cyclic,254,nn,84.74000000000001,0.20059793099790113,0.06977803700283403
Cyclic,255,nn,84.8,0.2597736210009316,0.07061681900086114
Cyclic,256,nn,84.74000000000001,0.19652145200234372,0.06866761799756205
Cyclic,257,nn,84.87,0.19493889499426587,0.06824353599949973
Cyclic,258,nn,84.84,0.22138029000052484,0.06745971999771427
Cyclic,259,nn,84.8,0.25680518300214317,0.07150109500071267
Cyclic,260,nn,84.76,0.1986817479992169,0.07001985499664443
Cyclic,261,nn,84.81,0.19505948599544354,0.068905681000615
Cyclic,262,tm,81.23,0.31752652100112755,0.066198357999383
Cyclic,263,tm,82.05,0.3058315460002632,0.06893835800292436
Cyclic,264,tm,82.57,0.302569557003153,0.06724305800162256
Cyclic,265,tm,82.14,0.3079695909982547,0.06836812999972608
Cyclic,266,tm,82.01,0.30796168700180715,0.06750245700095547
Cyclic,267,tm,82.39999999999999,0.3052387700008694,0.0654620179993799
Cyclic,268,tm,82.02000000000001,0.30917368999507744,0.06939823400171008
Cyclic,269,tm,81.32000000000001,0.29802175600343617,0.06830569099838613
Cyclic,270,tm,81.42,0.3058895259964629,0.06684333299926948
Cyclic,271,tm,81.16,0.3116429599976982,0.06813479399716016
Cyclic,272,tm,82.27,0.3076755209986004,0.067960864995257
Cyclic,273,tm,82.35,0.30855946000519907,0.06682901400199626
Cyclic,274,tm,82.58,0.30180823899718234,0.0682708569947863
Cyclic,275,tm,82.56,0.31275986500259023,0.06751726399670588
Cyclic,276,tm,82.34,0.3080975840057363,0.06741065000096569
Cyclic,277,tm,82.24000000000001,0.30095848799828673,0.06793912299326621
Cyclic,278,tm,81.56,0.31363374999637017,0.06668918499781284
Cyclic,279,tm,80.80000000000001,0.304722139997466,0.0663986810031929
Cyclic,280,tm,82.39,0.2990317669973592,0.06788872600009199
Cyclic,281,tm,82.39999999999999,0.3066713529988192,0.06828701100312173
Cyclic,282,tm,81.75,0.3086745449982118,0.06842619099916192
Cyclic,283,tm,81.73,0.3166877129988279,0.06820306699955836
Cyclic,284,tm,81.63,0.3110871179960668,0.06757135799853131
Cyclic,285,tm,81.91000000000001,0.3105004259996349,0.06786464000470005
Cyclic,286,tm,82.04,0.3143518259967095,0.06521711400273489
Cyclic,287,tm,80.97999999999999,0.30075475799822016,0.07324066300498089
Cyclic,288,tm,81.94,0.30515418499999214,0.06785904199932702
Cyclic,289,tm,81.76,0.31126772800053004,0.06816062500001863
Cyclic,290,tm,81.16,0.3137612939972314,0.06607315900328103
Cyclic,291,tm,82.73,0.30586380500608357,0.06788412499736296
Cyclic,292,tm,81.76,0.3063928229967132,0.06812365900259465
Cyclic,293,tm,82.21000000000001,0.31040715799463214,0.0673862210023799
Cyclic,294,tm,81.64,0.30697948199667735,0.0640750879974803
Cyclic,295,tm,81.84,0.3095353349999641,0.06846454000333324
Cyclic,296,tm,81.57,0.30390992799948435,0.06823086299846182
Cyclic,297,tm,81.69999999999999,0.29975128599471645,0.06775949599978048
Cyclic,298,tm,81.78,0.30143462299747625,0.06741156300267903
Cyclic,299,tm,81.52000000000001,0.300241155004187,0.06751871600135928
Cyclic,300,tm,81.86,0.306180815998232,0.06778675399982603
Cyclic,301,tm,82.11,0.30620353399717715,0.0671000109941815
Cyclic,302,tm,80.71000000000001,0.30267142500088084,0.06933307500003139
Cyclic,303,tm,82.57,0.3000170879968209,0.06746827299502911
Cyclic,304,tm,82.12,0.31198128500545863,0.06747901699418435
Cyclic,305,tm,81.21000000000001,0.306482979998691,0.06826346200250555
Cyclic,306,tm,81.21000000000001,0.31360529999801656,0.06767551300436025
Cyclic,307,tm,80.91000000000001,0.30749198400008027,0.06845386299391976
Cyclic,308,tm,82.03,0.3148023320027278,0.06899369599705096
Cyclic,309,tm,81.82000000000001,0.3032514330043341,0.0679897890004213
Cyclic,310,tm,81.67999999999999,0.30930084599822294,0.06526692799525335
Cyclic,311,tm,80.41,0.3032808819989441,0.06830416199954925
Cyclic,312,nn,83.05,0.1997174859934603,0.06866382099542534
Cyclic,313,nn,83.32000000000001,0.27544550399761647,0.0697800490015652
Cyclic,314,nn,83.3,0.21720799499598797,0.06817194399627624
Cyclic,315,nn,83.45,0.2129537180007901,0.06618863200128544
Cyclic,316,nn,83.27,0.20660835199669236,0.06857178499922156
Cyclic,317,nn,83.46000000000001,0.26232554799935315,0.06838012699881801
Cyclic,318,nn,83.48,0.21521334399585612,0.06739326899696607
Cyclic,319,nn,83.5,0.22176040400518104,0.06820671199966455
Cyclic,320,nn,83.44,0.20140084300510352,0.06880715399893234
Cyclic,321,nn,83.53,0.2717561090030358,0.06977156700304477
Cyclic,322,nn,83.59,0.20530234200123232,0.06917253300343873
Cyclic,323,nn,83.66,0.2238745509966975,0.0698519639990991
Cyclic,324,nn,83.52000000000001,0.22041418500157306,0.0696797950004111
Cyclic,325,nn,83.52000000000001,0.2721406909986399,0.06714345399814192
Cyclic,326,nn,83.69,0.22182952099683462,0.06949028099916177
Cyclic,327,nn,83.76,0.21235976300522452,0.06922247000329662
Cyclic,328,nn,83.78,0.22491646200069226,0.06689783400361193
Cyclic,329,nn,83.76,0.2196071800062782,0.06956770899705589
Cyclic,330,nn,83.98,0.2678443039985723,0.06960183999763103
Cyclic,331,nn,83.87,0.22390627499407856,0.06616505599959055
Cyclic,332,nn,83.84,0.21888115499314154,0.0671084469940979
Cyclic,333,nn,83.98,0.19947084600426024,0.06742130700149573
Cyclic,334,nn,84.08,0.2476252759952331,0.06905328200082295
Cyclic,335,nn,84.16,0.19656859400129179,0.06705216100090183
Cyclic,336,nn,84.17,0.19708532900403952,0.06857621000381187
Cyclic,337,nn,84.31,0.19575082100345753,0.06995872699917527
Cyclic,338,nn,84.23,0.248634834002587,0.06882051400316413
Cyclic,339,nn,84.28,0.19905719900270924,0.06844852500216803
Cyclic,340,nn,84.43,0.19604900900594657,0.06924535000143806
Cyclic,341,nn,84.33,0.22361401099624345,0.06990603000303963
Cyclic,342,nn,84.47,0.27279153300332837,0.069757255994773
Cyclic,343,nn,84.33,0.2047078249961487,0.06670394699904136
Cyclic,344,nn,84.36,0.22064384300028905,0.07020094999461435
Cyclic,345,nn,84.52,0.20153571399714565,0.06939470399811398
Cyclic,346,nn,84.54,0.2684266540018143,0.06783758399978979
Cyclic,347,nn,84.50999999999999,0.22101775700139115,0.06823003099998459
Cyclic,348,nn,84.65,0.20816450299753342,0.06830881899804808
Cyclic,349,nn,84.52,0.19608494100248208,0.07059668900183169
Cyclic,350,nn,84.56,0.268614268003148,0.06915864100301405
Cyclic,351,nn,84.56,0.22210185100266244,0.06611401000554906
Cyclic,352,nn,84.54,0.20186829999875044,0.06938475400238531
Cyclic,353,nn,84.73,0.20345979899866506,0.06951595400460064
Cyclic,354,nn,84.61999999999999,0.2217230530004599,0.069595800996467
Cyclic,355,nn,84.66,0.2533556840062374,0.06923947299947031
Cyclic,356,nn,84.58,0.22417380200204207,0.070789479999803
Cyclic,357,nn,84.65,0.22487666300003184,0.06713942900387337
Cyclic,358,nn,84.66,0.22106686999904923,0.06966408099833643
Cyclic,359,nn,84.67,0.2586294129941962,0.06903431299724616
Cyclic,360,nn,84.7,0.21466657799464883,0.0706340159958927
Cyclic,361,nn,84.72,0.21409853600198403,0.06985622800129931
Cyclic,362,tm,81.94,0.31574076400283957,0.06644717200106243
Cyclic,363,tm,81.71000000000001,0.3094508560025133,0.06941714199638227
Cyclic,364,tm,82.1,0.3029980099963723,0.07044855399726657
Cyclic,365,tm,82.38,0.3061321429995587,0.06685634500172455
Cyclic,366,tm,81.51,0.30471934399975,0.07039962899580132
Cyclic,367,tm,81.55,0.30910962400230346,0.06657709099818021
Cyclic,368,tm,81.97,0.3042850239944528,0.0683117869994021
Cyclic,369,tm,81.45,0.30771081000420963,0.06769254599930719
Cyclic,370,tm,81.26,0.3018119749976904,0.06944549300533254
Cyclic,371,tm,82.16,0.3003979130007792,0.06804938999994192
Cyclic,372,tm,82.1,0.3052318479967653,0.06791592700028559
Cyclic,373,tm,81.89,0.30117919499753043,0.06754255100531736
Cyclic,374,tm,82.14,0.30530946599901654,0.06690474200149765
Cyclic,375,tm,82.62,0.3088157640013378,0.06839504899835447
Cyclic,376,tm,82.08,0.3151657969938242,0.06689590300084092
Cyclic,377,tm,81.64,0.30478384400339564,0.06800116899830755
Cyclic,378,tm,82.03,0.30590055500215385,0.06644484600110445
Cyclic,379,tm,81.86,0.3041431859965087,0.06981817400082946
Cyclic,380,tm,81.91000000000001,0.3001195489996462,0.06655718699767021
Cyclic,381,tm,81.93,0.31077381700015394,0.06898098799865693
Cyclic,382,tm,81.83,0.3069631059988751,0.06838342500122963
Cyclic,383,tm,82.28999999999999,0.2993017789995065,0.06754953000199748
Cyclic,384,tm,81.72,0.31258422099926975,0.0680601240019314
Cyclic,385,tm,81.24,0.3169540369999595,0.06860584300011396
Cyclic,386,tm,81.71000000000001,0.3071868059996632,0.06758241200441262
Cyclic,387,tm,81.31,0.3095383860054426,0.0677383789952728
Cyclic,388,tm,81.96,0.29395890700106975,0.0678722070006188
Cyclic,389,tm,82.04,0.31024393099505687,0.06871179799782112
Cyclic,390,tm,81.51,0.29335122300108196,0.06839347100321902
Cyclic,391,tm,82.21000000000001,0.3009590770016075,0.06786637399636675
Cyclic,392,tm,81.97,0.30978086100367364,0.06852144999720622
Cyclic,393,tm,81.46,0.3064529199982644,0.06890113700501388
Cyclic,394,tm,82.19999999999999,0.30335155600187136,0.06495674700272502
Cyclic,395,tm,80.33,0.30913333899661666,0.06730575300025521
Cyclic,396,tm,80.97,0.30574746500496985,0.06702514299831819
Cyclic,397,tm,81.8,0.3037488099944312,0.06876908300182549
Cyclic,398,tm,82.48,0.308310011998401,0.07321100700210081
Cyclic,399,tm,81.86,0.3015613329989719,0.06907401399803348
Cyclic,400,tm,82.55,0.3098718830005964,0.0680985500002862
Cyclic,401,tm,81.98,0.3149960149967228,0.06828953399963211
Cyclic,402,tm,81.14,0.3072562859961181,0.06772620599804213
Cyclic,403,tm,80.97,0.296669983996253,0.0679086849995656
Cyclic,404,tm,81.67999999999999,0.3094157020022976,0.06635321800422389
Cyclic,405,tm,82.48,0.3040415990035399,0.06876983200345421
Cyclic,406,tm,81.63,0.31205816400324693,0.06843459099764004
Cyclic,407,tm,82.17,0.2905336969997734,0.06588146200374467
Cyclic,408,tm,81.55,0.2995472930051619,0.06733053000061773
Cyclic,409,tm,82.07,0.30499390800105175,0.06770784100081073
Cyclic,410,tm,82.17999999999999,0.2975803689987515,0.0679722760032746
Cyclic,411,tm,82.26,0.30153727200377034,0.06689642900164472
Cyclic,412,nn,83.7,0.20024679700145498,0.06998900400503771
Cyclic,413,nn,83.47,0.26053545500326436,0.07274305099417688
Cyclic,414,nn,83.67,0.22346359199582366,0.06694024099851958
Cyclic,415,nn,83.7,0.21893917199486168,0.06893713300087256
Cyclic,416,nn,83.56,0.2139506489984342,0.06814271599432686
Cyclic,417,nn,83.8,0.20311248699727003,0.0699537969994708
Cyclic,418,nn,83.72,0.2572656340053072,0.06907451000006404
Cyclic,419,nn,83.75,0.2102726330049336,0.06934765999903902
Cyclic,420,nn,83.74000000000001,0.22138098699360853,0.0703990980036906
Cyclic,421,nn,83.86,0.20508715900359675,0.06990047600265825
Cyclic,422,nn,83.64,0.2703458340038196,0.06526877800206421
Cyclic,423,nn,83.71,0.19676810699456837,0.06901118199311895
Cyclic,424,nn,83.87,0.19808846399973845,0.06841564199567074
Cyclic,425,nn,83.86,0.21961470200039912,0.06815117999940412
Cyclic,426,nn,83.89999999999999,0.26862878600513795,0.0689690299986978
Cyclic,427,nn,83.74000000000001,0.2225369719963055,0.06732001299678814
Cyclic,428,nn,83.94,0.21851849400263745,0.06908524000027683
Cyclic,429,nn,83.99,0.2237224350028555,0.06891752099909354
Cyclic,430,nn,84.0,0.2717853970025317,0.06810354700428434
Cyclic,431,nn,83.99,0.2218476210036897,0.06834510299813701
Cyclic,432,nn,84.0,0.21641460200044094,0.06698792499810224
Cyclic,433,nn,84.08,0.2002347230009036,0.06829785700392677
Cyclic,434,nn,84.1,0.2601972959964769,0.07075971399899572
Cyclic,435,nn,83.99,0.19855258100142237,0.06937682099669473
Cyclic,436,nn,84.21,0.2178675769973779,0.06896453299850691
Cyclic,437,nn,84.24000000000001,0.21194665399525547,0.07052595500135794
Cyclic,438,nn,84.17999999999999,0.2601345690054586,0.06891294099477818
Cyclic,439,nn,84.25,0.2126148879979155,0.06620115999976406
Cyclic,440,nn,84.19,0.22160743400309002,0.06944336899323389
Cyclic,441,nn,84.28999999999999,0.21746875799726695,0.07013277499936521
Cyclic,442,nn,84.32,0.24988063199998578,0.06906631599849788
Cyclic,443,nn,84.47,0.23110407800413668,0.06862525999895297
Cyclic,444,nn,84.50999999999999,0.22072609099996043,0.07004077800229425
Cyclic,445,nn,84.33,0.22265847899689106,0.06982988600066165
Cyclic,446,nn,84.53,0.22223008800210664,0.07005496300553204
Cyclic,447,nn,84.43,0.2542938730039168,0.06986330899962923
Cyclic,448,nn,84.45,0.220057103993895,0.07080089900409803
Cyclic,449,nn,84.45,0.2202436699953978,0.07103452700539492
Cyclic,450,nn,84.46000000000001,0.2083986029974767,0.06921852599771228
Cyclic,451,nn,84.48,0.2558204429951729,0.0670561799997813
Cyclic,452,nn,84.46000000000001,0.21895014099573018,0.0698704269962036
Cyclic,453,nn,84.54,0.22060874000453623,0.06893078899884131
Cyclic,454,nn,84.6,0.20213569499901496,0.06565749499714002
Cyclic,455,nn,84.50999999999999,0.2652586969998083,0.07056705699505983
Cyclic,456,nn,84.57000000000001,0.23034960000222782,0.06871130400395487
Cyclic,457,nn,84.50999999999999,0.22279265800170833,0.06933893000677926
Cyclic,458,nn,84.56,0.20067981199827045,0.06717879899952095
Cyclic,459,nn,84.46000000000001,0.24636859099700814,0.06862939699931303
Cyclic,460,nn,84.56,0.20019058699836023,0.068325348001963
Cyclic,461,nn,84.57000000000001,0.1968160130054457,0.06955982100043911
UTM,1,tm,78.63,0.5168922700031544,0.06428291799966246
UTM,2,tm,80.05,0.47630030900472775,0.06484310200175969
UTM,3,tm,79.75,0.46145999299915275,0.06368978600221453
UTM,4,tm,80.08999999999999,0.4765058890043292,0.06428229800076224
UTM,5,tm,80.35,0.465107663992967,0.06521519200032344
UTM,6,tm,80.25999999999999,0.458438068999385,0.06412030299543403
UTM,7,tm,80.41,0.46749419599655084,0.0645811370050069
UTM,8,tm,80.44,0.4642855830024928,0.06453010599943809
UTM,9,tm,80.57,0.46348050899541704,0.0647942020004848
UTM,10,tm,80.47999999999999,0.4657780220004497,0.07037906700134045
UTM,11,tm,80.32000000000001,0.4601919170017936,0.06459105799876852
UTM,12,tm,80.56,0.46217212599731283,0.06548509500134969
UTM,13,tm,80.67,0.46107860399934,0.06532098700699862
UTM,14,tm,80.66,0.46211970299918903,0.06407194499479374
UTM,15,tm,80.7,0.4622171539958799,0.06642902999737998
UTM,16,tm,80.86,0.46257585100102006,0.06617203899804736
UTM,17,tm,80.99,0.4541370570004801,0.06453874500584789
UTM,18,tm,80.80000000000001,0.4582784850063035,0.06466528399323579
UTM,19,tm,80.87,0.4509301840007538,0.06475045999832219
UTM,20,tm,80.80000000000001,0.462045822001528,0.07183802900544833
UTM,21,tm,80.87,0.4548941930042929,0.06408819199714344
UTM,22,tm,80.82000000000001,0.4580752640031278,0.06570698499854188
UTM,23,tm,80.66,0.45660503699764377,0.06534253499557963
UTM,24,tm,80.73,0.4563361420005094,0.06353030000173021
UTM,25,tm,80.91000000000001,0.46398495500034187,0.06449104399507632
UTM,26,tm,80.93,0.44824383899685927,0.06446856399998069
UTM,27,tm,80.88,0.46050889100297354,0.06308219199854648
UTM,28,tm,80.86,0.4664820000034524,0.06262203300138935
UTM,29,tm,80.86,0.46364015099970857,0.06428680099634221
UTM,30,tm,80.82000000000001,0.4633470810003928,0.06422473499696935
UTM,31,tm,80.96,0.4527267599987681,0.06287684800190618
UTM,32,tm,80.95,0.4596207599970512,0.06328775899601169
UTM,33,tm,80.86,0.4558124510003836,0.06640596799843479
UTM,34,tm,80.83,0.4627852139965398,0.06590002099983394
UTM,35,tm,80.94,0.4612472649969277,0.0649180010004784
UTM,36,tm,80.56,0.4583834040022339,0.06431523300125264
UTM,37,tm,80.71000000000001,0.46181862900266424,0.06483072900300613
UTM,38,tm,80.97,0.4603805719962111,0.06460243900073692
UTM,39,tm,80.85,0.45056515999749536,0.06569912799750455
UTM,40,tm,80.97999999999999,0.4568540379987098,0.06465824299812084
UTM,41,tm,81.02000000000001,0.45594789599999785,0.06359816499752924
UTM,42,tm,80.87,0.45603966099588433,0.0636328600012348
UTM,43,tm,80.80000000000001,0.453610172997287,0.06214040300255874
UTM,44,tm,80.97,0.4613319669952034,0.06459602299582912
UTM,45,tm,80.83,0.4582103979992098,0.06566468199889641
UTM,46,tm,80.66,0.4601200469987816,0.06605878799746279
UTM,47,tm,81.13,0.4612091520029935,0.06483112400019309
UTM,48,tm,80.94,0.4663554569997359,0.06616752900299616
UTM,49,tm,80.9,0.45744422799907625,0.06616576600208646
UTM,50,tm,80.87,0.4637208710046252,0.06481774400162976
UTM,51,tm,80.83,0.458928300999105,0.06334362799680093
UTM,52,tm,80.99,0.46078684700478334,0.06578770899795927
UTM,53,tm,80.97999999999999,0.459587785997428,0.06484607399761444
UTM,54,tm,81.15,0.46310047999577364,0.0643315459965379
UTM,55,tm,80.92,0.4646457970011397,0.06467582000186667
UTM,56,tm,81.31,0.46801807200245094,0.0659248279989697
UTM,57,tm,81.16,0.4615677070032689,0.06449385999439983
UTM,58,tm,81.02000000000001,0.4677559880001354,0.0647101959984866
UTM,59,tm,80.77,0.4704822540006717,0.06590047299687285
UTM,60,tm,80.86,0.4639971109936596,0.06496154900378315
UTM,61,tm,80.84,0.46341730499989353,0.06705898699874524
UTM,62,tm,80.91000000000001,0.45997154700307874,0.06436857499647886
UTM,63,tm,80.9,0.46813411199400434,0.06469456399645424
UTM,64,tm,80.87,0.4762761730016791,0.06370042799971998
UTM,65,tm,80.88,0.4659606339992024,0.06531955800164724
UTM,66,tm,80.73,0.46770209800160956,0.06531536900001811
UTM,67,tm,80.82000000000001,0.46383213799708756,0.06451930499315495
UTM,68,tm,80.73,0.47807741400174564,0.06313989699992817
UTM,69,tm,80.88,0.46767477200046415,0.06272499699844047
UTM,70,tm,80.9,0.4622694670033525,0.06569185800617561
UTM,71,tm,80.80000000000001,0.45667759999923874,0.06436955600656802
UTM,72,tm,80.84,0.46541654400061816,0.06366843300202163
UTM,73,tm,80.95,0.4656662170018535,0.06449895900004776
UTM,74,tm,80.82000000000001,0.46519828599411994,0.06532533000427065
UTM,75,tm,80.62,0.4660881160016288,0.06482647999655455
UTM,76,tm,80.75,0.4670040319979307,0.06554160999803571
UTM,77,tm,80.77,0.46521301399479853,0.06521896500635194
UTM,78,tm,80.73,0.4657361059944378,0.06637156799843069
UTM,79,tm,80.80000000000001,0.4647008949978044,0.06527697300043656
UTM,80,tm,80.57,0.4682777199996053,0.06462378799915314
UTM,81,tm,80.83,0.4584404170018388,0.064433661995281
UTM,82,tm,80.78999999999999,0.456672084001184,0.06558034799672896
UTM,83,tm,80.82000000000001,0.45722164099424845,0.06415510400256608
UTM,84,tm,80.66,0.47483603499858873,0.06497544799640309
UTM,85,tm,80.7,0.4698499840014847,0.06579873699956806
UTM,86,tm,80.78999999999999,0.4666708760050824,0.06473817699588835
UTM,87,tm,80.85,0.46785592200467363,0.06493502000375884
UTM,88,tm,80.64,0.4671311970014358,0.06490789300005417
UTM,89,tm,80.80000000000001,0.46701210099854507,0.06368268199730664
UTM,90,tm,80.72,0.46487651499774074,0.06538900099985767
UTM,91,tm,80.91000000000001,0.47139466000226093,0.06557668999448651
UTM,92,tm,80.99,0.4675173479990917,0.06421259399940027
UTM,93,tm,80.89,0.47350990399718285,0.06876358799490845
UTM,94,tm,80.71000000000001,0.4584936920000473,0.06466741400072351
UTM,95,tm,80.69,0.46956133200001204,0.06401967800047714
UTM,96,tm,80.64,0.46441530500305817,0.06438692600204377
UTM,97,tm,80.78,0.4657260999956634,0.06592972700309474
UTM,98,tm,80.72,0.4636819809966255,0.06494767899857834
UTM,99,tm,80.75,0.46897338800044963,0.06478363100177376
UTM,100,tm,80.97,0.4718412209986127,0.06449534499552101
UTM,101,tm,80.73,0.4758422949962551,0.0628255849951529
UTM,102,tm,80.81,0.4646118830060004,0.06312194299971452
UTM,103,tm,80.74,0.45618388900038553,0.06399989999772515
UTM,104,tm,80.7,0.46616070899472106,0.06478551599866478
UTM,105,tm,80.74,0.4707219179981621,0.06464834699727362
UTM,106,tm,80.77,0.47146920500381384,0.06386068499705289
UTM,107,tm,80.86,0.4581773819954833,0.07012969799689017
UTM,108,tm,80.9,0.46262153599673184,0.06527690799703123
UTM,109,tm,80.83,0.4662462510023033,0.0640783319977345
UTM,110,tm,80.71000000000001,0.467152287994395,0.06615735599916661
UTM,111,tm,80.78,0.45872840999800246,0.063168996006425
UTM,112,tm,80.81,0.4671817800044664,0.06591352800023742
UTM,113,tm,80.80000000000001,0.46903618599753827,0.06493915800092509
UTM,114,tm,80.78,0.4643605219971505,0.06482111399964197
UTM,115,tm,80.72,0.4676436400040984,0.06551058599870885
UTM,116,tm,80.78,0.46635247000085656,0.06461964699701639
UTM,117,tm,80.85,0.4631498660019133,0.06463793399598217
UTM,118,tm,80.97999999999999,0.46868779599753907,0.06582027699914761
UTM,119,tm,80.78999999999999,0.4689443149982253,0.06315490099950694
UTM,120,tm,80.89,0.4626705960035906,0.061850179998145904
UTM,121,tm,80.64,0.4610257210006239,0.06696398700296413
UTM,122,tm,80.89,0.4612787229998503,0.0641839159943629
UTM,123,tm,81.02000000000001,0.44046775400056504,0.06585207000171067
UTM,124,tm,81.12,0.4555747760023223,0.06530539700179361
UTM,125,tm,80.95,0.4626004610036034,0.06667356799880508
UTM,126,tm,81.01,0.4671365419999347,0.06491868000011891
UTM,127,tm,80.77,0.4636406969948439,0.06595855900377501
UTM,128,tm,80.92,0.4553644510015147,0.06500954300281592
UTM,129,tm,80.99,0.4676145560006262,0.06428562000655802
UTM,130,tm,81.07,0.4625776600005338,0.06811135399766499
UTM,131,tm,80.99,0.46795182899950305,0.0663176759990165
UTM,132,tm,81.26,0.4745330459991237,0.06495278700458584
UTM,133,tm,81.08999999999999,0.46313047999865375,0.06463953899947228
UTM,134,tm,81.04,0.47034697599883657,0.06668953500047792
UTM,135,tm,80.92,0.46701222300180234,0.06528130800143117
UTM,136,tm,80.89,0.47118604600109393,0.06488511899806326
UTM,137,tm,80.7,0.4695946880019619,0.06491601399466163
UTM,138,tm,80.82000000000001,0.45041466399561614,0.06538602300133789
UTM,139,tm,80.9,0.4654653099933057,0.06427142699976685
UTM,140,tm,80.94,0.4622447649962851,0.06596054600231582
UTM,141,tm,80.82000000000001,0.4720461049946607,0.06566513100551674
UTM,142,tm,81.08999999999999,0.46325048099970445,0.06427439999970375
UTM,143,tm,80.97999999999999,0.4492610970046371,0.06271458000264829
UTM,144,tm,81.07,0.4540848010001355,0.06478777599841123
UTM,145,tm,80.97999999999999,0.46436033400095766,0.06501228099659784
UTM,146,tm,81.11,0.4764829919949989,0.06333502799679991
UTM,147,tm,81.10000000000001,0.4628334770022775,0.064826579997316
UTM,148,tm,81.03,0.4704482100059977,0.06449372300266987
UTM,149,tm,80.96,0.46260686100140447,0.06395672100188676
UTM,150,tm,80.96,0.4727851200004807,0.06582285199692706
UTM,151,tm,80.97999999999999,0.4645893050037557,0.06469761199696222
UTM,152,tm,81.03,0.4666961680050008,0.06462110100255813
UTM,153,tm,80.85,0.4688250679973862,0.06434264999552397
UTM,154,tm,80.86,0.4712669919972541,0.06423608700424666
UTM,155,tm,80.77,0.4393560829994385,0.06569767700420925
UTM,156,tm,80.83,0.46657481900183484,0.0646634620061377
UTM,157,tm,80.78,0.4689560890037683,0.06581859399739187
UTM,158,tm,80.88,0.4650793290056754,0.06494689600367565
UTM,159,tm,81.01,0.46373429400409805,0.06156290700164391
UTM,160,tm,80.82000000000001,0.4491190109984018,0.0638186269934522
UTM,161,tm,80.7,0.47154799699637806,0.06405203999747755
UTM,162,tm,80.81,0.47006646700174315,0.06401447499956703
UTM,163,tm,80.86,0.4660376279935008,0.0653073739958927
UTM,164,tm,80.74,0.47825851399829844,0.06572236099600559
UTM,165,tm,80.72,0.47059542300121393,0.0646924989996478
UTM,166,tm,80.89,0.46151290900161257,0.0650420270030736
UTM,167,tm,80.77,0.4777774780013715,0.0645576879978762
UTM,168,tm,80.91000000000001,0.4695799029941554,0.06477048099623062
UTM,169,tm,80.66,0.48651891800545854,0.0649259819983854
UTM,170,tm,80.80000000000001,0.4769174920002115,0.06521469399740454
UTM,171,tm,80.99,0.46557453500281554,0.06638531899807276
UTM,172,tm,80.84,0.4772743099965737,0.06540328400296858
UTM,173,tm,80.89,0.4742234360019211,0.06458807099988917
UTM,174,tm,81.02000000000001,0.47544614599610213,0.06471144199895207
UTM,175,tm,80.7,0.4754639379971195,0.06583969500206877
UTM,176,tm,80.85,0.4728699940023944,0.06568121400050586
UTM,177,tm,80.94,0.46476990000519436,0.0643278179995832
UTM,178,tm,80.86,0.46404660899861483,0.06466261299647158
UTM,179,tm,80.91000000000001,0.4684789370003273,0.06379479300085222
UTM,180,tm,80.94,0.46611491400108207,0.06453315600083442
UTM,181,tm,80.96,0.46764384400012204,0.06536754999979166
UTM,182,tm,80.96,0.45714574299927335,0.06399209600203903
UTM,183,tm,80.84,0.47203179899952374,0.06456738999986555
UTM,184,tm,80.92,0.47316321799735306,0.0661771779996343
UTM,185,tm,80.83,0.47475381899857894,0.061262702998647
UTM,186,tm,81.02000000000001,0.4726958990067942,0.065976044999843
UTM,187,tm,80.91000000000001,0.4690629019969492,0.06750056599412346
UTM,188,tm,80.96,0.4572210390033433,0.06458307099819649
UTM,189,tm,80.99,0.47006251999846427,0.06429895699693589
UTM,190,tm,80.95,0.46556350700120674,0.06522006900195265
UTM,191,tm,80.92,0.47104012699855957,0.06597667800087947
UTM,192,tm,80.87,0.47721322699362645,0.06332112599920947
UTM,193,tm,80.80000000000001,0.47176820700406097,0.06591730200307211
UTM,194,tm,80.66,0.4774520319988369,0.06535896599962143
UTM,195,tm,80.73,0.4642454019995057,0.06465182599640684
UTM,196,tm,80.76,0.47120838800037745,0.06414786000095773
UTM,197,tm,80.82000000000001,0.4644455809975625,0.06514143000094919
UTM,198,tm,80.96,0.4705206759972498,0.06351147499663057
UTM,199,tm,81.2,0.4761525620051543,0.064776630999404
UTM,200,tm,80.88,0.4723365190002369,0.06485095400421415
UTM,201,tm,80.81,0.4670251110001118,0.06518737800070085
UTM,202,tm,80.83,0.46367375700356206,0.06347622499743011
UTM,203,tm,80.78999999999999,0.47364181299781194,0.06575706200237619
UTM,204,tm,80.93,0.46455062600580277,0.06476530799409375
UTM,205,tm,80.78,0.4693298869970022,0.06504180299816653
UTM,206,tm,80.93,0.46786461400188273,0.06602719800139312
UTM,207,tm,80.77,0.4732223199971486,0.06465661000402179
UTM,208,tm,80.74,0.4625276750011835,0.06519899699924281
UTM,209,tm,80.71000000000001,0.4681685729956371,0.06625579399405979
UTM,210,tm,80.74,0.5178232069956721,0.06578061999607598
UTM,211,tm,80.77,0.47081694599910406,0.0645812080038013
UTM,212,tm,80.83,0.47730979199695867,0.06621404000179609
UTM,213,tm,80.78,0.47881265800242545,0.06580597699939972
UTM,214,tm,80.88,0.47402341500128387,0.06695783999748528
UTM,215,tm,80.84,0.4767546100047184,0.06483017600112362
UTM,216,tm,80.85,0.4705218960007187,0.06497477700031595
UTM,217,tm,80.96,0.46912862099998165,0.06428835699625779
UTM,218,tm,80.76,0.4641395319995354,0.06317307599965716
UTM,219,tm,80.83,0.479677202005405,0.06540751800639555
UTM,220,tm,80.9,0.47228524499951163,0.0649328229992534
UTM,221,tm,80.94,0.470643011998618,0.06460543999855872
UTM,222,tm,80.97999999999999,0.47983349800051656,0.06516644300427288
UTM,223,tm,80.75,0.4729002450039843,0.06366369299939834
UTM,224,tm,80.7,0.4789212250034325,0.065474565999466
UTM,225,tm,80.82000000000001,0.473511320000398,0.06511586999840802
UTM,226,tm,80.66,0.4823553169990191,0.06643104500108166
UTM,227,tm,80.67999999999999,0.4755846549960552,0.06475610499910545
UTM,228,tm,80.91000000000001,0.4748863650020212,0.0641886829980649
UTM,229,tm,80.76,0.46559712000453146,0.06379537400061963
UTM,230,tm,80.85,0.4684084299951792,0.063889160999679
UTM,231,tm,80.9,0.46486425300099654,0.0635765929982881
UTM,232,tm,80.75,0.47451842299778946,0.06379492899577599
UTM,233,tm,80.78,0.4747944959963206,0.0645347829995444
UTM,234,tm,80.91000000000001,0.47017839799809735,0.06552981000277214
UTM,235,tm,80.83,0.4738295599963749,0.06397396700049285
UTM,236,tm,80.67999999999999,0.46594128599826945,0.0628024519974133
UTM,237,tm,80.87,0.47512565500073833,0.06453219099785201
UTM,238,tm,80.95,0.47754769499442773,0.06576059600047302
UTM,239,tm,80.92,0.4857532239984721,0.06601047799631488
UTM,240,tm,80.83,0.4734059320035158,0.06541836600081297
UTM,241,tm,80.71000000000001,0.47114175600290764,0.06623946400213754
UTM,242,tm,80.92,0.4853078340020147,0.064094154004124
UTM,243,tm,80.69,0.4684088909998536,0.06503483800042886
UTM,244,tm,80.73,0.46183390200167196,0.06536981400131481
UTM,245,tm,80.78,0.47641978599858703,0.06473847899906104
UTM,246,tm,80.74,0.4766000880044885,0.06375087099877419
UTM,247,tm,80.67999999999999,0.4725926230021287,0.06373243500274839
UTM,248,tm,80.7,0.4663761539995903,0.06470494999666698
UTM,249,tm,80.7,0.46732994000194594,0.06540698000026168
UTM,250,tm,80.88,0.49066302600112977,0.06521570200129645
UTM,251,tm,80.58999999999999,0.47173890200065216,0.06532888800575165
UTM,252,tm,80.72,0.47230855700036045,0.06412756600184366
UTM,253,tm,80.63,0.4738681960006943,0.06515845099784201
UTM,254,tm,80.78999999999999,0.4736284219980007,0.06254785799683305
UTM,255,tm,80.69,0.48062770299293334,0.06581641700176988
UTM,256,tm,80.76,0.461857260997931,0.06270409599528648
UTM,257,tm,80.88,0.47258823899755953,0.0649497539998265
UTM,258,tm,80.93,0.4728877490051673,0.0650617589999456
UTM,259,tm,81.04,0.4776386090015876,0.06545348800136708
UTM,260,tm,80.82000000000001,0.47286135000467766,0.06492709099984495
UTM,261,tm,80.83,0.47268849200190743,0.06595620100415545
UTM,262,tm,80.89,0.46864220399584156,0.06360260799556272
UTM,263,tm,80.99,0.46971985200070776,0.06512581500282977
UTM,264,tm,80.80000000000001,0.47574206800345564,0.06432575100188842
UTM,265,tm,80.85,0.4651711949991295,0.06541282100079115
UTM,266,tm,80.96,0.4780569829963497,0.06672589899972081
UTM,267,tm,80.71000000000001,0.4748676040035207,0.06493804499768885
UTM,268,tm,80.84,0.4611223859974416,0.06504083899926627
UTM,269,tm,80.76,0.4829611759996624,0.06402878800145118
UTM,270,tm,80.91000000000001,0.4742176789950463,0.06479478599794675
UTM,271,tm,80.64,0.4733365640058764,0.06494931499764789
UTM,272,tm,80.74,0.47471717200096464,0.06691756500367774
UTM,273,tm,80.91000000000001,0.4695688460051315,0.06565440900158137
UTM,274,tm,80.72,0.4784051910028211,0.06436037299863528
UTM,275,tm,80.75,0.46959360500477487,0.06506212100066477
UTM,276,tm,80.82000000000001,0.47529751600086456,0.06610814200394088
UTM,277,tm,80.75,0.4659169229998952,0.0648136359959608
UTM,278,tm,80.75,0.471094243999687,0.06629565999901388
UTM,279,tm,81.06,0.4759040190037922,0.06501156099693617
UTM,280,tm,80.73,0.46759539299819153,0.064453863997187
UTM,281,tm,80.74,0.46248939399811206,0.06445344100211514
UTM,282,tm,80.78,0.47513110299769323,0.0669591180048883
UTM,283,tm,80.84,0.4775413160023163,0.06439825399866095
UTM,284,tm,80.76,0.47815719400387025,0.06534865400317358
UTM,285,tm,80.78999999999999,0.4728284680022625,0.06481072300084634
UTM,286,tm,80.80000000000001,0.46654288900026586,0.06483685200510081
UTM,287,tm,80.56,0.47153496100509074,0.06492548499954864
UTM,288,tm,80.47999999999999,0.4807277350046206,0.06441966900456464
UTM,289,tm,80.67,0.48929220600257395,0.0639011550010764
UTM,290,tm,80.69,0.47402333300124155,0.06461407800088637
UTM,291,tm,80.54,0.4771516100008739,0.06413685100415023
UTM,292,tm,80.64,0.47140288799710106,0.06704616399656516
UTM,293,tm,80.7,0.4740516239980934,0.06507910799700767
UTM,294,tm,80.80000000000001,0.47135682299995096,0.06532877800054848
UTM,295,tm,80.83,0.48009492099663476,0.06502480500057572
UTM,296,tm,80.72,0.46929022199765313,0.06484557400108315
UTM,297,tm,80.73,0.4782378099989728,0.0645869660002063
UTM,298,tm,80.77,0.4743211080058245,0.06443442699674051
UTM,299,tm,80.87,0.46771797399560455,0.06540779700299026
UTM,300,tm,80.73,0.4731167900026776,0.06284762999712257
UTM,301,tm,80.57,0.48116210499574663,0.06322273999830941
UTM,302,tm,80.53,0.48085239599458873,0.06477712099876953
UTM,303,tm,80.39,0.47101778900105273,0.06484594100038521
UTM,304,tm,80.52,0.4857808439992368,0.06541313200432342
UTM,305,tm,80.67999999999999,0.48226839899871266,0.06571424200228648
UTM,306,tm,80.62,0.47468335799931083,0.0658128659997601
UTM,307,tm,80.72,0.475421777999145,0.06459474100120133
UTM,308,tm,80.51,0.47281207400374115,0.06518576300004497
UTM,309,tm,80.72,0.4768999979933142,0.06585928000276908
UTM,310,tm,80.78999999999999,0.47247642800357426,0.06622803500067675
UTM,311,tm,80.58,0.4768511009970098,0.06443838899576804
UTM,312,tm,80.72,0.46964137100439984,0.06523141199431848
UTM,313,tm,80.54,0.4729210770019563,0.06591366900102003
UTM,314,tm,80.81,0.4725378980001551,0.06445337599870982
UTM,315,tm,80.53,0.4766625499978545,0.06446840800344944
UTM,316,tm,80.75,0.4739561189999222,0.06311687499692198
UTM,317,tm,80.55,0.47495413800061215,0.06512340100016445
UTM,318,tm,80.61,0.47655760300403927,0.06501327700243564
UTM,319,tm,80.62,0.47421650899923407,0.06375535899860552
UTM,320,tm,80.55,0.4653609949964448,0.06449722000252223
UTM,321,tm,80.78,0.479224406000867,0.06489629699353827
UTM,322,tm,80.75,0.4794794900008128,0.06585950400040019
UTM,323,tm,80.69,0.4731200400055968,0.06577804300468415
UTM,324,tm,80.7,0.480979396001203,0.06505062799988082
UTM,325,tm,80.63,0.4819420319981873,0.06460652699752245
UTM,326,tm,80.58,0.4833465560004697,0.06548599799862131
UTM,327,tm,80.5,0.4739817059962661,0.06522052500076825
UTM,328,tm,80.55,0.4730118709994713,0.06458174800354755
UTM,329,tm,80.54,0.4810019599972293,0.06608439800038468
UTM,330,tm,80.61,0.47363340800075093,0.0658423019995098
UTM,331,tm,80.56,0.4743913499987684,0.06433021199336508
UTM,332,tm,80.61,0.47818417999951635,0.06376392200036207
UTM,333,tm,80.61,0.48074835800071014,0.06276889700529864
UTM,334,tm,80.63,0.4818428689977736,0.06440576099703321
UTM,335,tm,80.58999999999999,0.4746806269977242,0.06464992099790834
UTM,336,tm,80.41,0.47313140900223516,0.06440299299720209
UTM,337,tm,80.53,0.4802279470022768,0.06688997099990956
UTM,338,tm,80.65,0.46738506800465984,0.0657533159974264
UTM,339,tm,80.58,0.48730323900235817,0.06466548000025796
UTM,340,tm,80.65,0.47756389799906174,0.06483154899615329
UTM,341,tm,80.65,0.47420695099572185,0.06563414399715839
UTM,342,tm,80.76,0.4812582650047261,0.0643440779967932
UTM,343,tm,80.83,0.47969795200333465,0.0648095389988157
UTM,344,tm,80.75,0.4769673920018249,0.0646299470026861
UTM,345,tm,80.91000000000001,0.479026867003995,0.06485371600138023
UTM,346,tm,80.82000000000001,0.47392542899615364,0.06464428999606753
UTM,347,tm,80.88,0.4752659509977093,0.06355091099976562
UTM,348,tm,80.77,0.477145284996368,0.06509918299707351
UTM,349,tm,80.86,0.4792170080036158,0.06516182299674256
UTM,350,tm,80.76,0.47784673100250075,0.06580709600530099
UTM,351,tm,80.67999999999999,0.47072286999900825,0.06591530799778411
UTM,352,tm,81.07,0.4790787969977828,0.06190369000250939
UTM,353,tm,80.93,0.47577552199800266,0.06539823099592468
UTM,354,tm,80.67,0.4748188730009133,0.0641396029968746
UTM,355,tm,80.81,0.4793100349997985,0.06567765799991321
UTM,356,tm,80.71000000000001,0.47261653400346404,0.06645637800102122
UTM,357,tm,80.93,0.47596094800246647,0.06590067499928409
UTM,358,tm,80.63,0.487983090999478,0.06533153599593788
UTM,359,tm,80.67999999999999,0.4749487119988771,0.06612500200571958
UTM,360,tm,80.7,0.4772342200012645,0.06467955699918093
UTM,361,tm,80.67,0.47410242399928393,0.06584943200141424
UTM,362,tm,80.53,0.47238309500244213,0.06461819000105606
UTM,363,tm,80.85,0.4744654379974236,0.06425257599767065
UTM,364,tm,80.84,0.4793564889987465,0.06422788299823878
UTM,365,tm,80.62,0.4772340039999108,0.06620629000099143
UTM,366,tm,80.76,0.47548951800126815,0.06404638900130522
UTM,367,tm,80.7,0.4762591140024597,0.06401187300070887
UTM,368,tm,80.61,0.465410526994674,0.06437980399641674
UTM,369,tm,80.60000000000001,0.47754365199944004,0.06402232700202148
UTM,370,tm,80.65,0.4759867199973087,0.0646903660017415
UTM,371,tm,80.62,0.47730297400266863,0.06466752100095619
UTM,372,tm,80.78999999999999,0.47571442800108343,0.06491097500111209
UTM,373,tm,80.55,0.4775412529997993,0.06506918399827555
UTM,374,tm,80.58,0.48391548200015677,0.06456020200130297
UTM,375,tm,80.47999999999999,0.4714389899963862,0.06482756900368258
UTM,376,tm,80.38,0.47491872000682633,0.0640385399965453
UTM,377,tm,80.67999999999999,0.47771830500278156,0.0660537790026865
UTM,378,tm,80.69,0.48865660400042543,0.06446363600116456
UTM,379,tm,80.74,0.4775052019977011,0.06448028999875532
UTM,380,tm,80.77,0.48152691799623426,0.06403891400259454
UTM,381,tm,80.54,0.47164219900150783,0.0660244020036771
UTM,382,tm,80.67999999999999,0.4724576650041854,0.06348080000316259
UTM,383,tm,80.47,0.4641958180000074,0.06516242300131125
UTM,384,tm,80.58,0.47354988199367654,0.06542356000136351
UTM,385,tm,80.66,0.4834059470013017,0.06576024200330721
UTM,386,tm,80.60000000000001,0.48145759500039276,0.06488437700318173
UTM,387,tm,80.74,0.48588895699504064,0.06580271299753804
UTM,388,tm,80.72,0.47273980799946,0.06490174899954582
UTM,389,tm,80.78999999999999,0.47333179900306277,0.06306976100313477
UTM,390,tm,80.91000000000001,0.4769349060006789,0.06512416100304108
UTM,391,tm,80.67,0.47489977699297015,0.06575171399890678
UTM,392,tm,80.72,0.47297211400291417,0.06557488199905492
UTM,393,tm,80.63,0.47258560999762267,0.06587974899593974
UTM,394,tm,80.76,0.47253207999892766,0.06435916900227312
UTM,395,tm,80.76,0.4881665389984846,0.06557659299869556
UTM,396,tm,80.86,0.47218189100385644,0.06572470399987651
UTM,397,tm,80.69,0.47519756499968935,0.0643530700035626
UTM,398,tm,80.73,0.4893377340049483,0.06383132299379213
UTM,399,tm,80.63,0.47878479299834,0.06639974599966081
UTM,400,tm,80.88,0.48224433900031727,0.06403734399646055
UTM,401,tm,80.95,0.48068866199901095,0.06525903099827701
UTM,402,tm,80.91000000000001,0.4801255400016089,0.06586930099729216
UTM,403,tm,80.83,0.47257456200168235,0.06506541800627019
UTM,404,tm,80.64,0.47661240299930796,0.06643720799911534
UTM,405,tm,80.54,0.46318820799933746,0.06517996099864831
UTM,406,tm,80.7,0.46338182099862024,0.0647439120002673
UTM,407,tm,80.88,0.48171267400175566,0.06572513100400101
UTM,408,tm,80.77,0.4770853709997027,0.06163952700444497
UTM,409,tm,80.67,0.47375669599568937,0.06579322999459691
UTM,410,tm,80.82000000000001,0.485205845994642,0.06577570700028446
UTM,411,tm,80.63,0.4783137300037197,0.06468684099672828
UTM,412,tm,80.57,0.47307929799717385,0.06477143300435273
UTM,413,tm,80.58,0.47401440300018294,0.06445515899395104
UTM,414,tm,80.7,0.47730856300040614,0.06569839399890043
UTM,415,tm,80.58999999999999,0.4804805050007417,0.06548836099682376
UTM,416,tm,80.55,0.4865731669997331,0.06407459500042023
UTM,417,tm,80.64,0.4830524159988272,0.0654353559948504
UTM,418,tm,80.51,0.4783135730031063,0.06444257700059097
UTM,419,tm,80.63,0.47834069600503426,0.06565981200401438
UTM,420,tm,80.54,0.4814527479975368,0.06370971300202655
UTM,421,tm,80.47999999999999,0.47395782500097994,0.06654721499944571
UTM,422,tm,80.69,0.4818744419972063,0.0662245380008244
UTM,423,tm,80.56,0.4868536470021354,0.06455917999846861
UTM,424,tm,80.44,0.47127768299833406,0.06464413799403701
UTM,425,tm,80.58,0.4550366080002277,0.06587107799714431
UTM,426,tm,80.47999999999999,0.4815846040000906,0.06519659599871375
UTM,427,tm,80.74,0.4820092440058943,0.06430638299934799
UTM,428,tm,80.74,0.48404868000216084,0.06608781200338854
UTM,429,tm,80.65,0.47822807599732187,0.06561733600392472
UTM,430,tm,80.62,0.4891923699979088,0.06629124799655983
UTM,431,tm,80.52,0.4746687360020587,0.06493359099840745
UTM,432,tm,80.71000000000001,0.48325942900555674,0.06286511699727271
UTM,433,tm,80.74,0.4863502379957936,0.0657458610003232
UTM,434,tm,80.41,0.4808035089954501,0.06431721799890511
UTM,435,tm,80.4,0.48197277700091945,0.065494681999553
UTM,436,tm,80.46,0.46295781600201735,0.06311295599880395
UTM,437,tm,80.58999999999999,0.48291404700285057,0.06505121100053657
UTM,438,tm,80.56,0.4742937909977627,0.06596409699704964
UTM,439,tm,80.47999999999999,0.4773153310015914,0.06467952499951934
UTM,440,tm,80.33,0.47847958599595586,0.06498821599961957
UTM,441,tm,80.25,0.4728304499949445,0.06352096299815457
UTM,442,tm,80.60000000000001,0.47857087000011234,0.06548891100101173
UTM,443,tm,80.51,0.4759237660036888,0.06491372300661169
UTM,444,tm,80.5,0.4796717319986783,0.0626943469978869
UTM,445,tm,80.61,0.4804450379961054,0.06484331599494908
UTM,446,tm,80.46,0.48700777500198456,0.06484643700241577
UTM,447,tm,80.57,0.4865676289991825,0.0657102390032378
UTM,448,tm,80.78999999999999,0.479571013005625,0.06528213000274263
UTM,449,tm,80.54,0.473528709000675,0.0658557170027052
UTM,450,tm,80.62,0.4762030540005071,0.06498133300192421
UTM,451,tm,80.7,0.4875449409955763,0.06501683100213995
UTM,452,tm,80.74,0.47619211999699473,0.06563571099832188
UTM,453,tm,80.67999999999999,0.48089880000043195,0.06536652299837442
UTM,454,tm,80.67,0.47515752899926156,0.06308776000514627
UTM,455,tm,80.58999999999999,0.48177467699861154,0.06471181999950204
UTM,456,tm,80.54,0.481945106999774,0.06513071999506792
UTM,457,tm,80.77,0.48602923699945677,0.06546737100143218
UTM,458,tm,80.85,0.4901364469988039,0.0665103139981511
UTM,459,tm,80.66,0.48071892100415425,0.06463227100175573
UTM,460,tm,80.61,0.47487841000111075,0.0622561019990826
UTM,461,tm,80.77,0.4769979729971965,0.06473607400403125
UTM,462,tm,80.73,0.47870901900023455,0.06597515300381929
UTM,463,tm,80.61,0.46375156800058903,0.063908939002431
UTM,464,tm,80.71000000000001,0.480056925000099,0.06413309699564707
UTM,465,tm,80.74,0.474829332997615,0.06519077299890341
UTM,466,tm,80.7,0.49369437099812785,0.06484806699882029
UTM,467,tm,80.7,0.48648748099367367,0.06547206599498168
UTM,468,tm,80.63,0.47807593399920734,0.06430493899824796
UTM,469,tm,80.88,0.48212205700110644,0.06476021100388607
UTM,470,tm,80.76,0.4782249869967927,0.06341801199596375
UTM,471,tm,80.80000000000001,0.47931639900343725,0.06630245200358331
UTM,472,tm,80.92,0.48181462000502506,0.06580024700087961
UTM,473,tm,80.88,0.4800304300006246,0.06515692300308729
UTM,474,tm,80.62,0.485341920000792,0.0635773899994092
UTM,475,tm,80.9,0.4894019109997316,0.06470985199848656
UTM,476,tm,80.94,0.4769321640051203,0.06496783699549269
UTM,477,tm,80.87,0.4791860879995511,0.06588203399587655
UTM,478,tm,80.87,0.4855084469963913,0.06466683100006776
UTM,479,tm,80.60000000000001,0.4759219430052326,0.06605636599852005
UTM,480,tm,80.61,0.4695289329974912,0.06496955100010382
UTM,481,tm,80.65,0.4781836600013776,0.0678854650032008
UTM,482,tm,80.49,0.48521009999967646,0.06528783500107238
UTM,483,tm,80.49,0.484443941997597,0.06656199099961668
UTM,484,tm,80.60000000000001,0.4754870469987509,0.06419048800307792
UTM,485,tm,80.55,0.4757306190003874,0.06477465199714061
UTM,486,tm,80.61,0.48305288400297286,0.06526483899506275
UTM,487,tm,80.76,0.4868213209992973,0.06412188400281593
UTM,488,tm,80.9,0.47713077300431905,0.06610394999734126
UTM,489,tm,80.67999999999999,0.4802825029983069,0.06378940799913835
UTM,490,tm,80.60000000000001,0.47756744000071194,0.06328146599844331
UTM,491,tm,80.7,0.4751405930001056,0.06464092399983201
UTM,492,tm,80.60000000000001,0.4816495080012828,0.06457792800210882
UTM,493,tm,80.7,0.4898797679998097,0.0649113860054058
UTM,494,tm,80.54,0.4768890859995736,0.06508915899757994
UTM,495,tm,80.52,0.4824486520010396,0.06476467000175035
UTM,496,tm,80.53,0.47984284099948127,0.06757392799772788
UTM,497,tm,80.60000000000001,0.47821207100059837,0.06489979000616586
UTM,498,tm,80.76,0.4870332819991745,0.06312434199935524
UTM,499,tm,80.71000000000001,0.47888062599668046,0.06284187000710517
UTM,500,tm,80.44,0.47395742800290463,0.06389197699900251
WTM,1,tm,76.1,0.3952093409970985,0.06497445900458843
WTM,2,tm,79.22,0.371262470005604,0.062422850998700596
WTM,3,tm,78.19,0.35565789400425274,0.06641931299964199
WTM,4,tm,79.88,0.3432874820064171,0.06710489699617028
WTM,5,tm,79.5,0.3330307120049838,0.06730958000116516
WTM,6,tm,79.22,0.34121262800181285,0.0671464780025417
WTM,7,tm,79.14999999999999,0.34161675100040156,0.0667565330004436
WTM,8,tm,80.33,0.3318637429983937,0.06743178000033367
WTM,9,tm,80.52,0.3342651230050251,0.0689144159987336
WTM,10,tm,79.41,0.3422057049974683,0.0703124569990905
WTM,11,tm,80.52,0.330343310997705,0.06662237999989884
WTM,12,tm,80.46,0.3334712580035557,0.06807103200117126
WTM,13,tm,80.17,0.3304207109977142,0.06708022000384517
WTM,14,tm,80.31,0.3220983229984995,0.06886675900022965
WTM,15,tm,80.41,0.33156857200083323,0.06509499800449703
WTM,16,tm,80.58,0.3268474169963156,0.06694664400129113
WTM,17,tm,80.80000000000001,0.3228578100024606,0.06675987999915378
WTM,18,tm,80.73,0.32240562600054545,0.06865230500261532
WTM,19,tm,81.26,0.32969828600471374,0.06731239900545916
WTM,20,tm,80.25999999999999,0.3121117549962946,0.06868193599802908
WTM,21,tm,81.19,0.32302289699873654,0.06681863000267185
WTM,22,tm,81.5,0.31309444199723657,0.06597902700013947
WTM,23,tm,80.43,0.315233449000516,0.06773764600075083
WTM,24,tm,80.36,0.3128366589953657,0.06590083199989749
WTM,25,tm,80.85,0.31995065999944927,0.06755205299850786
WTM,26,tm,81.02000000000001,0.319246610000846,0.06796387699432671
WTM,27,tm,81.28,0.3150388740032213,0.06730992999655427
WTM,28,tm,80.43,0.3178623060011887,0.06804493199888384
WTM,29,tm,80.52,0.3234933500061743,0.06849870999576524
WTM,30,tm,80.4,0.3277428889996372,0.06866359100240516
WTM,31,tm,79.53,0.31864535799832083,0.06738855000003241
WTM,32,tm,80.61,0.30716717500035884,0.06800984700385015
WTM,33,tm,80.61,0.31959211399953347,0.06548530500003835
WTM,34,tm,81.78999999999999,0.305478606998804,0.06773208699451061
WTM,35,tm,80.53,0.3115089370039641,0.06847451700014062
WTM,36,tm,79.74,0.31247946200164733,0.06867091599997366
WTM,37,tm,80.83,0.31804138099687407,0.06708245299523696
WTM,38,tm,81.07,0.3138214859936852,0.06753375200059963
WTM,39,tm,81.06,0.3138650780019816,0.06726700100261951
WTM,40,tm,80.0,0.31478398900071625,0.06734843400045065
WTM,41,tm,81.08,0.3095750799984671,0.06850200099870563
WTM,42,tm,81.62,0.3169796759975725,0.06939218500338029
WTM,43,tm,80.71000000000001,0.3164134699982242,0.06690374400204746
WTM,44,tm,81.31,0.3143155489960918,0.06777466600033222
WTM,45,tm,80.87,0.308583837999322,0.0680522979964735
WTM,46,tm,81.95,0.313883253998938,0.06884789300238481
WTM,47,tm,81.22,0.3130574619935942,0.06729678899864666
WTM,48,tm,80.75,0.3137671650038101,0.06873086099949433
WTM,49,tm,81.28999999999999,0.31169794199377066,0.0676965110033052
WTM,50,tm,81.86,0.31501520599704236,0.06800011599989375
WTM,51,tm,80.61,0.31156835200090427,0.06885925700044027
WTM,52,tm,81.12,0.3118977789999917,0.06842933999723755
WTM,53,tm,81.49,0.3118877919987426,0.06829633800225565
WTM,54,tm,81.62,0.30948426100076176,0.06794230499508558
WTM,55,tm,81.67999999999999,0.3099100540057407,0.06906416200217791
WTM,56,tm,80.74,0.31023514599655755,0.06933751699398272
WTM,57,tm,81.77,0.3226469700020971,0.06797441600065213
WTM,58,tm,80.63,0.3176437869988149,0.06904496200149879
WTM,59,tm,81.14,0.30654170700290706,0.06703310900047654
WTM,60,tm,81.14,0.30559602600260405,0.06738194799982011
WTM,61,tm,81.77,0.31611038600385655,0.06663900399871636
WTM,62,tm,81.34,0.313137122997432,0.0689553310003248
WTM,63,tm,80.65,0.3119032890026574,0.06900808899808908
WTM,64,tm,79.72,0.3130743560031988,0.06717597899842076
WTM,65,tm,80.17999999999999,0.2931223699997645,0.06540052199852653
WTM,66,tm,81.61,0.3057687399996212,0.06766299999435432
WTM,67,tm,80.80000000000001,0.3171432390008704,0.06763709299411858
WTM,68,tm,80.74,0.3140405589947477,0.06765994699526345
WTM,69,tm,81.72,0.31176892300572945,0.0677618949994212
WTM,70,tm,82.23,0.31245276000117883,0.06690959399566054
WTM,71,tm,82.03,0.31552461499813944,0.0675596700020833
WTM,72,tm,81.84,0.3066513590019895,0.06729518999782158
WTM,73,tm,80.83,0.3118496140014031,0.0678743980024592
WTM,74,tm,81.32000000000001,0.30388254200079245,0.06719923699711217
WTM,75,tm,81.78999999999999,0.312268503002997,0.06843799499620218
WTM,76,tm,80.66,0.30936881299567176,0.06694832700304687
WTM,77,tm,79.94,0.316795116996218,0.0679584600002272
WTM,78,tm,81.94,0.3206820509949466,0.06817554499866674
WTM,79,tm,81.6,0.3068652980000479,0.0694213309980114
WTM,80,tm,81.05,0.3032665430000634,0.06807658600155264
WTM,81,tm,81.67,0.30341734400280984,0.06904477899661288
WTM,82,tm,81.28999999999999,0.3093195050023496,0.0679600980001851
WTM,83,tm,79.81,0.3148681839957135,0.0682127119944198
WTM,84,tm,80.22,0.3108343519998016,0.06744725599855883
WTM,85,tm,81.57,0.3193525940005202,0.06745896700158482
WTM,86,tm,81.02000000000001,0.3194011870000395,0.06674779400054831
WTM,87,tm,81.42,0.30817657300212886,0.0677887700003339
WTM,88,tm,81.24,0.3103864600052475,0.06797008200373966
WTM,89,tm,82.42,0.3121096450049663,0.06545920400094474
WTM,90,tm,81.69,0.2986888630039175,0.0668909719970543
WTM,91,tm,80.35,0.31480740400002105,0.06814719099929789
WTM,92,tm,80.03,0.3112922400032403,0.0685643329998129
WTM,93,tm,79.81,0.3052385429982678,0.06810630099789705
WTM,94,tm,81.22,0.31100265299755847,0.06778789399686502
WTM,95,tm,82.53,0.30426215899933595,0.06849654100369662
WTM,96,tm,80.99,0.29936918999737827,0.06925376500294078
WTM,97,tm,81.21000000000001,0.3162943940042169,0.06800025099801132
WTM,98,tm,80.69,0.3108776619992568,0.0679350880018319
WTM,99,tm,79.67999999999999,0.3060566980057047,0.06826043799810577
WTM,100,tm,81.12,0.3136118839975097,0.06880312699649949
WTM,101,tm,80.7,0.3062279869991471,0.06836104999820236
WTM,102,tm,80.43,0.3123187239980325,0.06764665100490674
WTM,103,tm,81.3,0.30630694599676644,0.0678263399968273
WTM,104,tm,80.67,0.3048633769940352,0.06744623900158331
WTM,105,tm,80.7,0.3203593270009151,0.06801720400108024
WTM,106,tm,80.9,0.31286441900010686,0.06786448800266953
WTM,107,tm,80.67999999999999,0.3085903819956002,0.06897597100032726
WTM,108,tm,80.45,0.3226701169987791,0.0686285379997571
WTM,109,tm,81.64,0.30938132900337223,0.06872518199816113
WTM,110,tm,81.10000000000001,0.31146504200296476,0.0679015010027797
WTM,111,tm,81.47,0.31059308700059773,0.06655333500384586
WTM,112,tm,80.60000000000001,0.3022479899955215,0.06664224500127602
WTM,113,tm,80.36999999999999,0.3093284309943556,0.06900535900058458
WTM,114,tm,81.82000000000001,0.30481319099635584,0.06825241300248308
WTM,115,tm,80.51,0.3122688880030182,0.06833272099902388
WTM,116,tm,81.54,0.30561964899970917,0.06755701200017938
WTM,117,tm,80.86,0.30486404999828665,0.06856800400419161
WTM,118,tm,81.08999999999999,0.3118221659970004,0.06922331199893961
WTM,119,tm,80.91000000000001,0.30384468699776335,0.06850286400003824
WTM,120,tm,81.31,0.31070543099485803,0.06602802899578819
WTM,121,tm,81.98,0.3037785230044392,0.0673766580002848
WTM,122,tm,81.85,0.320956251998723,0.06779265699879033
WTM,123,tm,81.34,0.3102520629981882,0.06714529199962271
WTM,124,tm,81.72,0.31365667899808614,0.06805516099848319
WTM,125,tm,80.81,0.3045940470037749,0.06692137400386855
WTM,126,tm,81.61,0.3036797620006837,0.06881190900458023
WTM,127,tm,80.16,0.30863271500129486,0.06905113899847493
WTM,128,tm,81.57,0.3014186750006047,0.06980480500351405
WTM,129,tm,81.17,0.3117837989993859,0.06809055500343675
WTM,130,tm,81.51,0.30967515199881746,0.06952457500301534
WTM,131,tm,80.83,0.31321635500353295,0.06881586900271941
WTM,132,tm,81.74,0.31296565900265705,0.06892883300315589
WTM,133,tm,79.89,0.3100026620013523,0.06791519800026435
WTM,134,tm,80.31,0.31746988800296094,0.06895514299685601
WTM,135,tm,80.67,0.3078901639964897,0.06758417400124017
WTM,136,tm,81.43,0.30796647499664687,0.06880021899996791
WTM,137,tm,80.55,0.3064827459966182,0.06820385500031989
WTM,138,tm,80.31,0.3125016449994291,0.06797047099826159
WTM,139,tm,81.76,0.30850649300555233,0.0676545430033002
WTM,140,tm,80.82000000000001,0.312939623996499,0.06923651700344635
WTM,141,tm,81.57,0.29950044299766887,0.06746892100636614
WTM,142,tm,81.3,0.30189401600364363,0.0678052299990668
WTM,143,tm,81.39999999999999,0.3153423909971025,0.06817107099777786
WTM,144,tm,81.62,0.30999511999834795,0.06781580599636072
WTM,145,tm,81.6,0.3140166240045801,0.06964916500146501
WTM,146,tm,80.41,0.30781278899667086,0.06884283200633945
WTM,147,tm,79.95,0.3040181420001318,0.06756525200034957
WTM,148,tm,81.05,0.3156148319976637,0.07012534399837023
WTM,149,tm,81.47999999999999,0.3068720130031579,0.06682769399776589
WTM,150,tm,78.59,0.31042740200064145,0.06792464899626793
WTM,151,tm,81.45,0.31393366300471826,0.06784293300006539
WTM,152,tm,81.61,0.3080796479989658,0.06678952700167429
WTM,153,tm,81.6,0.30721781800093595,0.0673646680006641
WTM,154,tm,80.04,0.314552518997516,0.06846892199973809
WTM,155,tm,82.17999999999999,0.3114397429962992,0.06836089200078277
WTM,156,tm,81.25,0.3112175259957439,0.06768128799740225
WTM,157,tm,82.39999999999999,0.29976213900226867,0.06767010300245602
WTM,158,tm,81.15,0.31090341699746205,0.06798904299648711
WTM,159,tm,79.56,0.30383054999401793,0.0683887519990094
WTM,160,tm,81.0,0.30451759199786466,0.06636795800295658
WTM,161,tm,80.94,0.30621682300261455,0.06914214800053742
WTM,162,tm,81.38,0.30502094400435453,0.06734595099987928
WTM,163,tm,81.81,0.31311382800049614,0.067273603999638
WTM,164,tm,81.67,0.30433617000380764,0.06821091000165325
WTM,165,tm,81.32000000000001,0.30556692700338317,0.06501705300615868
WTM,166,tm,81.02000000000001,0.30329686099867104,0.06836112499877345
WTM,167,tm,81.13,0.31227328699606005,0.06747519299824489
WTM,168,tm,81.45,0.3133749999979045,0.0687252210045699
WTM,169,tm,81.94,0.309203365999565,0.06936731000314467
WTM,170,tm,80.99,0.30816405600489816,0.072197862995381
WTM,171,tm,81.36,0.3155971320011304,0.06721937200200045
WTM,172,tm,81.43,0.3043057190006948,0.06919739799923263
WTM,173,tm,82.66,0.30604138399939984,0.06823717199586099
WTM,174,tm,82.22,0.30788459799805423,0.06893865799793275
WTM,175,tm,80.82000000000001,0.3045513840042986,0.0678253459991538
WTM,176,tm,81.95,0.3070848630013643,0.06972885700088227
WTM,177,tm,81.88,0.31494435100466944,0.06784794200211763
WTM,178,tm,81.64,0.303961846002494,0.06802629499725299
WTM,179,tm,81.28,0.3112115330004599,0.06696759800252039
WTM,180,tm,80.96,0.30860774100437993,0.06806854999740608
WTM,181,tm,80.47,0.3044536839952343,0.06876762300089467
WTM,182,tm,81.16,0.3089281619977555,0.06809692899696529
WTM,183,tm,81.36,0.30467151400080184,0.06811692100018263
WTM,184,tm,80.34,0.3137996250006836,0.06709548200160498
WTM,185,tm,81.82000000000001,0.3023843830014812,0.06798143999913009
WTM,186,tm,81.12,0.31267195499822265,0.06842076199973235
WTM,187,tm,81.06,0.30358013899967773,0.06862632900447352
WTM,188,tm,81.99,0.3110542729991721,0.0681887149985414
WTM,189,tm,81.74,0.30810800199833466,0.06703700400248636
WTM,190,tm,80.93,0.3077524309992441,0.06858432800072478
WTM,191,tm,81.12,0.3121799119981006,0.06825977999687893
WTM,192,tm,81.08,0.3059412020011223,0.0664272340000025
WTM,193,tm,79.56,0.3000357190030627,0.06806266600324307
WTM,194,tm,80.28,0.3078377839992754,0.07002484400436515
WTM,195,tm,81.67999999999999,0.3121975539979758,0.06798081799934153
WTM,196,tm,80.87,0.3021683889965061,0.06888910500128986
WTM,197,tm,81.67999999999999,0.30457693599601043,0.0687718679982936
WTM,198,tm,81.83,0.30607535099989036,0.06899370600149268
WTM,199,tm,82.92,0.30167475400230614,0.06770119599968893
WTM,200,tm,81.47,0.30582973200216657,0.07102395499532577
WTM,201,tm,80.97,0.30704133000108413,0.06780573399737477
WTM,202,tm,80.85,0.30368449199886527,0.06831436799984658
WTM,203,tm,81.35,0.3103923249946092,0.06723998799861874
WTM,204,tm,81.64,0.3050806570026907,0.06735461799689801
WTM,205,tm,81.87,0.30096099599904846,0.06820828299532877
WTM,206,tm,82.17999999999999,0.31059662099869456,0.06788246300129686
WTM,207,tm,80.66,0.30749664900213247,0.0680389129993273
WTM,208,tm,81.08999999999999,0.3087368330016034,0.06795001399586909
WTM,209,tm,81.65,0.3057137950017932,0.06811124300293159
WTM,210,tm,81.74,0.31214889900002163,0.06633125700318487
WTM,211,tm,80.92,0.30755554500501603,0.06885362100001657
WTM,212,tm,81.55,0.30398150599648943,0.06733241099573206
WTM,213,tm,80.45,0.30451603900291957,0.06663288100389764
WTM,214,tm,80.94,0.30373992499517044,0.06839361600577831
WTM,215,tm,81.12,0.30725299900223035,0.06808080400514882
WTM,216,tm,81.19,0.3037788889996591,0.06894014700083062
WTM,217,tm,80.58999999999999,0.3063606060022721,0.06972242100164294
WTM,218,tm,81.83,0.3033439790015109,0.06778864700027043
WTM,219,tm,80.42,0.30327691499405773,0.0730716210018727
WTM,220,tm,81.22,0.3097745940031018,0.06501296699570958
WTM,221,tm,80.85,0.30444154200085904,0.0683342660049675
WTM,222,tm,80.95,0.30561520300398115,0.06790087999979733
WTM,223,tm,82.25,0.30867679299990414,0.06690054700447945
WTM,224,tm,80.32000000000001,0.3102788980031619,0.06796706200111657
WTM,225,tm,80.71000000000001,0.30673760299396235,0.06801736500347033
WTM,226,tm,80.94,0.3030586579989176,0.06827251100185094
WTM,227,tm,81.24,0.31589418899966404,0.06760647899500327
WTM,228,tm,81.06,0.30977653399895644,0.06870353099657223
WTM,229,tm,80.46,0.30208979500457644,0.06722136499593034
WTM,230,tm,80.22,0.30825373900006525,0.06779413700132864
WTM,231,tm,80.36999999999999,0.3071583759956411,0.06804037999972934
WTM,232,tm,81.31,0.30558523199579213,0.06912757800455438
WTM,233,tm,81.47999999999999,0.30414531400310807,0.0705019099987112
WTM,234,tm,81.58,0.31847042300069006,0.0684410640023998
WTM,235,tm,80.75,0.3052765120010008,0.06725251200259663
WTM,236,tm,81.06,0.3044428520006477,0.06786796300002607
WTM,237,tm,80.92,0.3042619330008165,0.06724837900401326
WTM,238,tm,81.49,0.30820310000126483,0.06706134299747646
WTM,239,tm,82.1,0.299868708003487,0.06773369700385956
WTM,240,tm,81.44,0.29646105199935846,0.06887575399741763
WTM,241,tm,81.15,0.3000977339979727,0.06792202199721942
WTM,242,tm,80.93,0.31620354799815686,0.06784827000228688
WTM,243,tm,80.69,0.3028704989992548,0.06907888199930312
WTM,244,tm,81.11,0.30494271199859213,0.06803103499987628
WTM,245,tm,82.33,0.31057831900398014,0.0693497890024446
WTM,246,tm,82.42,0.3072900160041172,0.06691845999739598
WTM,247,tm,81.47999999999999,0.31446670000150334,0.06777447799686342
WTM,248,tm,82.03,0.3134057670031325,0.06873115099733695
WTM,249,tm,81.76,0.3107290780026233,0.06780404599703616
WTM,250,tm,81.22,0.3040021849956247,0.06899524899927201
WTM,251,tm,82.21000000000001,0.3135785089980345,0.0665395370015176
WTM,252,tm,79.89,0.3254406729975017,0.06659332900017034
WTM,253,tm,82.04,0.30120165099651786,0.06981713399727596
WTM,254,tm,81.23,0.3121672679990297,0.06935673500265693
WTM,255,tm,81.47999999999999,0.3057484629971441,0.06963288499537157
WTM,256,tm,82.05,0.31810987400240265,0.06857072099955985
WTM,257,tm,82.16,0.30217178000020795,0.06900793300155783
WTM,258,tm,82.03,0.30441437699482776,0.06777429000067059
WTM,259,tm,81.76,0.30287490100454306,0.06668751099641668
WTM,260,tm,81.82000000000001,0.31083541899715783,0.06857969200063962
WTM,261,tm,80.78,0.3004881529996055,0.0675572350010043
WTM,262,tm,81.37,0.3064425890042912,0.06813622799381847
WTM,263,tm,81.08,0.3068663160011056,0.06671028699929593
WTM,264,tm,81.0,0.30750022800202714,0.0678994209956727
WTM,265,tm,81.62,0.30510106399742654,0.06594025999947917
WTM,266,tm,81.25,0.29369474700069986,0.06594519400096033
WTM,267,tm,81.89,0.30933568900218233,0.06865469300100813
WTM,268,tm,81.38,0.3043624659985653,0.065548824997677
WTM,269,tm,81.8,0.3022775060017011,0.06695092399604619
WTM,270,tm,81.17999999999999,0.30589835299906554,0.06779403800464934
WTM,271,tm,81.07,0.3109041299976525,0.06729748300131178
WTM,272,tm,81.3,0.30326774200511863,0.06547011899965582
WTM,273,tm,80.81,0.30717061199538875,0.07503328200255055
WTM,274,tm,82.1,0.3013210369972512,0.06862941000144929
WTM,275,tm,81.17999999999999,0.3079914819973055,0.06753180500527378
WTM,276,tm,81.44,0.30130873800226254,0.06796438099991065
WTM,277,tm,81.03,0.30158630400546826,0.06661678100499557
WTM,278,tm,81.78999999999999,0.313772934001463,0.06734273999609286
WTM,279,tm,81.56,0.3084433120020549,0.06756191400199896
WTM,280,tm,82.36,0.3137485539991758,0.06710734199441504
WTM,281,tm,81.12,0.31278194100013934,0.06807516000117175
WTM,282,tm,80.84,0.30756385900167516,0.06549699100287398
WTM,283,tm,81.61,0.3018109769982402,0.06855345999792917
WTM,284,tm,82.1,0.30810549900343176,0.06910600300034275
WTM,285,tm,81.72,0.30785698300314834,0.0694469649970415
WTM,286,tm,80.9,0.31157042999984697,0.06775631100026658
WTM,287,tm,82.37,0.3088244760001544,0.06600846399669535
WTM,288,tm,82.6,0.3014160559978336,0.06746086299972376
WTM,289,tm,81.32000000000001,0.31354681299853837,0.06710686700535007
WTM,290,tm,81.53,0.30102352899848484,0.06616020500223385
WTM,291,tm,80.95,0.3035198260040488,0.06878443599998718
WTM,292,tm,81.52000000000001,0.3061115680029616,0.0684525999968173
WTM,293,tm,80.81,0.29987762500240933,0.06851642399851698
WTM,294,tm,81.05,0.30902731599780964,0.06794196099508554
WTM,295,tm,78.95,0.30031101000349736,0.06882042100187391
WTM,296,tm,81.58999999999999,0.3083251969947014,0.06945872799406061
WTM,297,tm,82.02000000000001,0.3026572050002869,0.0682703600032255
WTM,298,tm,81.13,0.30562691299564904,0.06837734199507395
WTM,299,tm,82.04,0.3114212119980948,0.06762029600213282
WTM,300,tm,81.63,0.3017706829996314,0.06699263700284064
WTM,301,tm,80.81,0.300197892000142,0.06772185800218722
WTM,302,tm,81.96,0.3104815830010921,0.06646254099905491
WTM,303,tm,81.8,0.30698197099991376,0.06697528799850261
WTM,304,tm,81.12,0.3039434540041839,0.06643463500222424
WTM,305,tm,80.85,0.3103238420007983,0.06853008399775717
WTM,306,tm,80.89,0.3047229090007022,0.07025055199483177
WTM,307,tm,80.11,0.3009763230002136,0.07083060999866575
WTM,308,tm,81.33,0.30610404400067637,0.07482104199880268
WTM,309,tm,82.22,0.30583558800572064,0.06708499000524171
WTM,310,tm,82.32000000000001,0.30935374699765816,0.06686156799696619
WTM,311,tm,80.36999999999999,0.31766143500135513,0.06784465899545467
WTM,312,tm,80.25,0.3023422580008628,0.0682460620009806
WTM,313,tm,81.78,0.3112556289997883,0.06891343600000255
WTM,314,tm,82.04,0.30464456399931805,0.06675239699688973
WTM,315,tm,81.49,0.30463590099680005,0.06830424500367371
WTM,316,tm,80.19,0.3091936370037729,0.06930416600516764
WTM,317,tm,81.47,0.30891260800126474,0.0673703860011301
WTM,318,tm,80.87,0.3035859859955963,0.06769714099937119
WTM,319,tm,80.46,0.31044426999869756,0.06828698699973756
WTM,320,tm,81.56,0.3101777050032979,0.06785844700061716
WTM,321,tm,79.75999999999999,0.29751369999576127,0.0646162170014577
WTM,322,tm,81.2,0.30607775999669684,0.06474603099923115
WTM,323,tm,81.23,0.30534141899988754,0.06732873199507594
WTM,324,tm,82.08,0.3063674649965833,0.06789208800182678
WTM,325,tm,80.81,0.30005621800228255,0.06800214900431456
WTM,326,tm,79.53,0.31451996300165774,0.06776606399944285
WTM,327,tm,80.11,0.31217833300615894,0.06834613599494332
WTM,328,tm,81.22,0.3080123910040129,0.06797006099805003
WTM,329,tm,79.94,0.30023862199595897,0.0673154180040001
WTM,330,tm,80.74,0.30573159999767086,0.06758066499605775
WTM,331,tm,81.11,0.3065638259940897,0.06827440400229534
WTM,332,tm,81.45,0.3013875119941076,0.06914823600527598
WTM,333,tm,80.96,0.3052208659937605,0.06743950999953086
WTM,334,tm,81.47,0.30682718100433704,0.06904465700063156
WTM,335,tm,81.45,0.3011595229982049,0.06668443999660667
WTM,336,tm,81.06,0.3052322150033433,0.06867438300105277
WTM,337,tm,81.19,0.30950969200057443,0.0679381049994845
WTM,338,tm,81.76,0.30694034400221426,0.06915811200451571
WTM,339,tm,80.4,0.31342046200006735,0.06675318299676292
WTM,340,tm,81.78999999999999,0.2982490680005867,0.06911289099662099
WTM,341,tm,81.02000000000001,0.31100768400210654,0.06869916099822149
WTM,342,tm,82.14,0.3158238709947909,0.06932078600220848
WTM,343,tm,81.04,0.31050649599637836,0.06803202999435598
WTM,344,tm,81.67,0.31669561200396856,0.06804807300068205
WTM,345,tm,81.93,0.31318680299591506,0.06925369800592307
WTM,346,tm,81.16,0.30979597700206796,0.06839605199638754
WTM,347,tm,81.64,0.3077288510030485,0.06826739000098314
WTM,348,tm,82.06,0.3087426769998274,0.06751563099533087
WTM,349,tm,80.23,0.29899800100247376,0.06437007199565414
WTM,350,tm,82.44,0.2911646339998697,0.06597420300386148
WTM,351,tm,81.01,0.30726948200026527,0.06708571500348626
WTM,352,tm,81.39999999999999,0.3066006829976686,0.06863578400225379
WTM,353,tm,80.84,0.3056032009990304,0.06793927700346103
WTM,354,tm,81.39999999999999,0.3057908690025215,0.0675664840018726
WTM,355,tm,80.01,0.32002696299605304,0.06923976899997797
WTM,356,tm,81.37,0.31160637799621327,0.06801483399613062
WTM,357,tm,81.89,0.3032919299948844,0.06632391099992674
WTM,358,tm,82.27,0.30277680099970894,0.06878039500588784
WTM,359,tm,81.37,0.3155510919968947,0.0690249160034
WTM,360,tm,81.45,0.30928650500572985,0.06849471199529944
WTM,361,tm,82.17,0.3076722600017092,0.06761029999324819
WTM,362,tm,80.66,0.30104611300339457,0.06456850399990799
WTM,363,tm,82.17999999999999,0.3021073220006656,0.06878037799469894
WTM,364,tm,79.92,0.30695716600166634,0.06914335799956461
WTM,365,tm,81.94,0.29691040699981386,0.06798489700304344
WTM,366,tm,82.22,0.3074397900054464,0.06944065999414306
WTM,367,tm,80.15,0.30371968299732544,0.069515949995548
WTM,368,tm,81.51,0.3046919330008677,0.06828531800420024
WTM,369,tm,81.64,0.30502123800397385,0.06706513900280697
WTM,370,tm,82.69999999999999,0.30431487299938453,0.06762534800509457
WTM,371,tm,81.25,0.3046134609976434,0.06840520499827107
WTM,372,tm,82.31,0.30880941900250036,0.06884121299663093
WTM,373,tm,81.2,0.3130442480032798,0.06736673399427673
WTM,374,tm,81.27,0.30025045899674296,0.0670702940042247
WTM,375,tm,81.55,0.30083867099892814,0.06839305099856574
WTM,376,tm,81.16,0.30617118800000753,0.06825929100159556
WTM,377,tm,81.43,0.31636514799902216,0.06839039400074398
WTM,378,tm,81.32000000000001,0.30046884899638826,0.0676848319999408
WTM,379,tm,81.2,0.2994029769979534,0.06671954600460595
WTM,380,tm,81.49,0.3044066760048736,0.06831163499737158
WTM,381,tm,80.42,0.30187699900125153,0.06753572900197469
WTM,382,tm,82.24000000000001,0.3052563650053344,0.06907745199714554
WTM,383,tm,81.67999999999999,0.3027572030041483,0.06859878400427988
WTM,384,tm,80.87,0.30988823400548426,0.06899135700223269
WTM,385,tm,82.59,0.2996029459973215,0.06762056699517416
WTM,386,tm,81.2,0.30205464800383197,0.06785451200266834
WTM,387,tm,81.61,0.3082937849976588,0.06776528799673542
WTM,388,tm,81.78999999999999,0.30020299999887357,0.0694163389998721
WTM,389,tm,82.36,0.3047361729986733,0.06770886600133963
WTM,390,tm,81.54,0.3011301229998935,0.06747414699930232
WTM,391,tm,81.52000000000001,0.3066000120015815,0.06785790800495306
WTM,392,tm,81.45,0.31017464300384745,0.06772939499933273
WTM,393,tm,81.27,0.2960252760021831,0.06833694399392698
WTM,394,tm,81.05,0.30816705700271996,0.06773102699662559
WTM,395,tm,81.19,0.30350984200049425,0.06861592400673544
WTM,396,tm,80.91000000000001,0.30960563400003593,0.06874807699932717
WTM,397,tm,81.31,0.30573648299468914,0.0655380719981622
WTM,398,tm,81.92,0.2993673579985625,0.0686351270051091
WTM,399,tm,81.86,0.3011267090041656,0.06881374100339599
WTM,400,tm,81.04,0.30688016999920364,0.06767909599875566
WTM,401,tm,80.42,0.3081380910007283,0.06858794199797558
WTM,402,tm,81.14,0.30295995099731954,0.06641256899456494
WTM,403,tm,81.06,0.30377855200640624,0.06883900300454115
WTM,404,tm,81.33,0.3063417390003451,0.06844837000244297
WTM,405,tm,81.74,0.30152579300192883,0.06845174000045517
WTM,406,tm,81.69999999999999,0.30396692900103517,0.06889476600190392
WTM,407,tm,82.34,0.314908670996374,0.06731993699941086
WTM,408,tm,82.16,0.3011516050028149,0.0687736030013184
WTM,409,tm,81.35,0.3172622700003558,0.06756433700502384
WTM,410,tm,81.81,0.30337956600124016,0.06759083300130442
WTM,411,tm,80.39,0.30572640799800865,0.06800697699509328
WTM,412,tm,81.08999999999999,0.3086711150026531,0.06847918700077571
WTM,413,tm,81.5,0.29988241600221954,0.06697762599651469
WTM,414,tm,81.94,0.30818271200405434,0.06746448899502866
WTM,415,tm,81.93,0.2986743280052906,0.0685863570033689
WTM,416,tm,80.53,0.3116997750039445,0.06792392699571792
WTM,417,tm,81.35,0.3072517409964348,0.06895616700057872
WTM,418,tm,81.19,0.3069769629946677,0.06845028699899558
WTM,419,tm,81.95,0.29850745599833317,0.06755690299905837
WTM,420,tm,82.49,0.3073990609991597,0.06815050799923483
WTM,421,tm,81.46,0.30637933000252815,0.06775527999707265
WTM,422,tm,81.91000000000001,0.2985740100048133,0.06813992200477514
WTM,423,tm,81.97,0.30626005799422273,0.06853590800164966
WTM,424,tm,81.26,0.3171357609971892,0.06889688099909108
WTM,425,tm,80.95,0.3062654639943503,0.06905138200090732
WTM,426,tm,81.49,0.3071146679940284,0.06885403300111648
WTM,427,tm,82.47,0.31311347400333034,0.06789666700205998
WTM,428,tm,81.82000000000001,0.3021828320052009,0.06768809799541486
WTM,429,tm,81.95,0.3025130719979643,0.06857257500087144
WTM,430,tm,81.14,0.3026203150002402,0.06738436900195666
WTM,431,tm,81.53,0.30755877099727513,0.07009330299479188
WTM,432,tm,81.83,0.3138667599996552,0.06843202500022016
WTM,433,tm,81.28999999999999,0.3057266109972261,0.06801998500304762
WTM,434,tm,81.47999999999999,0.30232794499897864,0.06796504700469086
WTM,435,tm,82.04,0.30598381900199456,0.06878739399689948
WTM,436,tm,82.11,0.3156461600010516,0.0684386010034359
WTM,437,tm,81.42,0.30192153800453525,0.0685476029975689
WTM,438,tm,81.04,0.30409460400551325,0.06930054599797586
WTM,439,tm,81.14,0.30077981400245335,0.06834902600530768
WTM,440,tm,82.06,0.31404384299821686,0.06863903100020252
WTM,441,tm,81.28999999999999,0.3144118609998259,0.06755023999721743
WTM,442,tm,81.56,0.3011189780008863,0.06668643900047755
WTM,443,tm,80.66,0.3071926189950318,0.06826553399878321
WTM,444,tm,80.06,0.3086863019998418,0.06915272600599565
WTM,445,tm,81.10000000000001,0.3045836809978937,0.0709054129983997
WTM,446,tm,81.53,0.309233519998088,0.07297976499830838
WTM,447,tm,80.99,0.3022602960045333,0.06892829800199252
WTM,448,tm,81.08999999999999,0.3138668360043084,0.06909868100046879
WTM,449,tm,80.35,0.3119164810050279,0.06844236800679937
WTM,450,tm,81.78,0.29086789400025737,0.06806607399630593
WTM,451,tm,81.91000000000001,0.31453689000045415,0.06789005000609905
WTM,452,tm,80.23,0.30200061200594064,0.06908060199930333
WTM,453,tm,81.3,0.2990490110023529,0.06779325899697142
WTM,454,tm,80.81,0.31048068400559714,0.06801531699602492
WTM,455,tm,82.15,0.305893033000757,0.06961018000583863
WTM,456,tm,82.94,0.3045689589998801,0.06903677499940386
WTM,457,tm,81.88,0.31045412000094075,0.07141834600042785
WTM,458,tm,81.23,0.30402125700493343,0.06760547200246947
WTM,459,tm,81.22,0.3016659620043356,0.06520972599537345
WTM,460,tm,81.73,0.30915418999938993,0.06765271400217898
WTM,461,tm,80.84,0.30255152299650945,0.0698364150011912
WTM,462,tm,81.28,0.3033323020063108,0.06858303500484908
WTM,463,tm,81.46,0.3137559050010168,0.06737835500098299
WTM,464,tm,81.38,0.2988354419940151,0.06823685999552254
WTM,465,tm,80.71000000000001,0.30903150100493804,0.06733261499903165
WTM,466,tm,81.54,0.2942216899973573,0.06867967300058808
WTM,467,tm,81.47,0.31358500799979083,0.06775188900064677
WTM,468,tm,82.5,0.3049322709994158,0.06765295300283469
WTM,469,tm,81.6,0.31759719300316647,0.06766856100148289
WTM,470,tm,81.39,0.3146582720000879,0.06740540800092276
WTM,471,tm,82.01,0.30608624299929943,0.06742573099472793
WTM,472,tm,81.21000000000001,0.30629788499936694,0.06922541899984935
WTM,473,tm,82.13000000000001,0.30859566999424715,0.06424323299870593
WTM,474,tm,82.85,0.29984493699885206,0.06928713099478045
WTM,475,tm,81.26,0.30652939100400545,0.06540587500057882
WTM,476,tm,81.62,0.3044292549966485,0.06792302500252845
WTM,477,tm,80.9,0.29997596799512394,0.06716942899947753
WTM,478,tm,80.36999999999999,0.2980542700024671,0.06760001400107285
WTM,479,tm,81.52000000000001,0.3026759790009237,0.06623497600230621
WTM,480,tm,80.92,0.30462653600261547,0.06828498200047761
WTM,481,tm,81.73,0.3001234100011061,0.06810049899650039
WTM,482,tm,81.36,0.3108016949990997,0.0687377140056924
WTM,483,tm,81.63,0.30727980199299054,0.06966052600182593
WTM,484,tm,82.14,0.31032738899375545,0.06852930999593809
WTM,485,tm,81.45,0.3113359579947428,0.06949571199947968
WTM,486,tm,81.76,0.2983291599957738,0.06860441299795639
WTM,487,tm,82.1,0.3079653610038804,0.0680544770002598
WTM,488,tm,80.64,0.29942831300286343,0.06833294199896045
WTM,489,tm,80.30000000000001,0.3110026549984468,0.06942121299653081
WTM,490,tm,80.9,0.3045967079960974,0.06686500400246587
WTM,491,tm,81.41000000000001,0.30465709799318574,0.06634601200494217
WTM,492,tm,81.66,0.30525845900410786,0.07273878999694716
WTM,493,tm,81.61,0.30019498099863995,0.06827346900536213
WTM,494,tm,81.33,0.303957817995979,0.06815336999716237
WTM,495,tm,81.52000000000001,0.30857524200109765,0.06962276699778158
WTM,496,tm,81.78999999999999,0.3066216209990671,0.06850543699692935
WTM,497,tm,81.73,0.3070298439997714,0.06845520799834048
WTM,498,tm,81.41000000000001,0.3054386540025007,0.06849689600494457
WTM,499,tm,81.86,0.31121308999718167,0.06916463100060355
WTM,500,tm,81.47999999999999,0.30250336899916874,0.06880885500140721
WTM-NN,1,tm,76.1,0.3952093409970985,0.06497445900458843
WTM-NN,2,tm,79.22,0.371262470005604,0.062422850998700596
WTM-NN,3,tm,78.19,0.35565789400425274,0.06641931299964199
WTM-NN,4,tm,79.88,0.3432874820064171,0.06710489699617028
WTM-NN,5,tm,79.5,0.3330307120049838,0.06730958000116516
WTM-NN,6,tm,79.22,0.34121262800181285,0.0671464780025417
WTM-NN,7,tm,79.14999999999999,0.34161675100040156,0.0667565330004436
WTM-NN,8,tm,80.33,0.3318637429983937,0.06743178000033367
WTM-NN,9,tm,80.52,0.3342651230050251,0.0689144159987336
WTM-NN,10,tm,79.41,0.3422057049974683,0.0703124569990905
WTM-NN,11,tm,80.52,0.330343310997705,0.06662237999989884
WTM-NN,12,tm,80.46,0.3334712580035557,0.06807103200117126
WTM-NN,13,tm,80.17,0.3304207109977142,0.06708022000384517
WTM-NN,14,tm,80.31,0.3220983229984995,0.06886675900022965
WTM-NN,15,tm,80.41,0.33156857200083323,0.06509499800449703
WTM-NN,16,tm,80.58,0.3268474169963156,0.06694664400129113
WTM-NN,17,tm,80.80000000000001,0.3228578100024606,0.06675987999915378
WTM-NN,18,tm,80.73,0.32240562600054545,0.06865230500261532
WTM-NN,19,tm,81.26,0.32969828600471374,0.06731239900545916
WTM-NN,20,tm,80.25999999999999,0.3121117549962946,0.06868193599802908
WTM-NN,21,tm,81.19,0.32302289699873654,0.06681863000267185
WTM-NN,22,tm,81.5,0.31309444199723657,0.06597902700013947
WTM-NN,23,tm,80.43,0.315233449000516,0.06773764600075083
WTM-NN,24,tm,80.36,0.3128366589953657,0.06590083199989749
WTM-NN,25,tm,80.85,0.31995065999944927,0.06755205299850786
WTM-NN,26,tm,81.02000000000001,0.319246610000846,0.06796387699432671
WTM-NN,27,tm,81.28,0.3150388740032213,0.06730992999655427
WTM-NN,28,tm,80.43,0.3178623060011887,0.06804493199888384
WTM-NN,29,tm,80.52,0.3234933500061743,0.06849870999576524
WTM-NN,30,tm,80.4,0.3277428889996372,0.06866359100240516
WTM-NN,31,tm,79.53,0.31864535799832083,0.06738855000003241
WTM-NN,32,tm,80.61,0.30716717500035884,0.06800984700385015
WTM-NN,33,tm,80.61,0.31959211399953347,0.06548530500003835
WTM-NN,34,tm,81.78999999999999,0.305478606998804,0.06773208699451061
WTM-NN,35,tm,80.53,0.3115089370039641,0.06847451700014062
WTM-NN,36,tm,79.74,0.31247946200164733,0.06867091599997366
WTM-NN,37,tm,80.83,0.31804138099687407,0.06708245299523696
WTM-NN,38,tm,81.07,0.3138214859936852,0.06753375200059963
WTM-NN,39,tm,81.06,0.3138650780019816,0.06726700100261951
WTM-NN,40,tm,80.0,0.31478398900071625,0.06734843400045065
WTM-NN,41,tm,81.08,0.3095750799984671,0.06850200099870563
WTM-NN,42,tm,81.62,0.3169796759975725,0.06939218500338029
WTM-NN,43,tm,80.71000000000001,0.3164134699982242,0.06690374400204746
WTM-NN,44,tm,81.31,0.3143155489960918,0.06777466600033222
WTM-NN,45,tm,80.87,0.308583837999322,0.0680522979964735
WTM-NN,46,tm,81.95,0.313883253998938,0.06884789300238481
WTM-NN,47,tm,81.22,0.3130574619935942,0.06729678899864666
WTM-NN,48,tm,80.75,0.3137671650038101,0.06873086099949433
WTM-NN,49,tm,81.28999999999999,0.31169794199377066,0.0676965110033052
WTM-NN,50,tm,81.86,0.31501520599704236,0.06800011599989375
WTM-NN,51,tm,80.61,0.31156835200090427,0.06885925700044027
WTM-NN,52,tm,81.12,0.3118977789999917,0.06842933999723755
WTM-NN,53,tm,81.49,0.3118877919987426,0.06829633800225565
WTM-NN,54,tm,81.62,0.30948426100076176,0.06794230499508558
WTM-NN,55,tm,81.67999999999999,0.3099100540057407,0.06906416200217791
WTM-NN,56,tm,80.74,0.31023514599655755,0.06933751699398272
WTM-NN,57,tm,81.77,0.3226469700020971,0.06797441600065213
WTM-NN,58,tm,80.63,0.3176437869988149,0.06904496200149879
WTM-NN,59,tm,81.14,0.30654170700290706,0.06703310900047654
WTM-NN,60,tm,81.14,0.30559602600260405,0.06738194799982011
WTM-NN,61,tm,81.77,0.31611038600385655,0.06663900399871636
WTM-NN,62,tm,81.34,0.313137122997432,0.0689553310003248
WTM-NN,63,tm,80.65,0.3119032890026574,0.06900808899808908
WTM-NN,64,tm,79.72,0.3130743560031988,0.06717597899842076
WTM-NN,65,tm,80.17999999999999,0.2931223699997645,0.06540052199852653
WTM-NN,66,tm,81.61,0.3057687399996212,0.06766299999435432
WTM-NN,67,tm,80.80000000000001,0.3171432390008704,0.06763709299411858
WTM-NN,68,tm,80.74,0.3140405589947477,0.06765994699526345
WTM-NN,69,tm,81.72,0.31176892300572945,0.0677618949994212
WTM-NN,70,tm,82.23,0.31245276000117883,0.06690959399566054
WTM-NN,71,tm,82.03,0.31552461499813944,0.0675596700020833
WTM-NN,72,tm,81.84,0.3066513590019895,0.06729518999782158
WTM-NN,73,tm,80.83,0.3118496140014031,0.0678743980024592
WTM-NN,74,tm,81.32000000000001,0.30388254200079245,0.06719923699711217
WTM-NN,75,tm,81.78999999999999,0.312268503002997,0.06843799499620218
WTM-NN,76,tm,80.66,0.30936881299567176,0.06694832700304687
WTM-NN,77,tm,79.94,0.316795116996218,0.0679584600002272
WTM-NN,78,tm,81.94,0.3206820509949466,0.06817554499866674
WTM-NN,79,tm,81.6,0.3068652980000479,0.0694213309980114
WTM-NN,80,tm,81.05,0.3032665430000634,0.06807658600155264
WTM-NN,81,tm,81.67,0.30341734400280984,0.06904477899661288
WTM-NN,82,tm,81.28999999999999,0.3093195050023496,0.0679600980001851
WTM-NN,83,tm,79.81,0.3148681839957135,0.0682127119944198
WTM-NN,84,tm,80.22,0.3108343519998016,0.06744725599855883
WTM-NN,85,tm,81.57,0.3193525940005202,0.06745896700158482
WTM-NN,86,tm,81.02000000000001,0.3194011870000395,0.06674779400054831
WTM-NN,87,tm,81.42,0.30817657300212886,0.0677887700003339
WTM-NN,88,tm,81.24,0.3103864600052475,0.06797008200373966
WTM-NN,89,tm,82.42,0.3121096450049663,0.06545920400094474
WTM-NN,90,tm,81.69,0.2986888630039175,0.0668909719970543
WTM-NN,91,tm,80.35,0.31480740400002105,0.06814719099929789
WTM-NN,92,tm,80.03,0.3112922400032403,0.0685643329998129
WTM-NN,93,tm,79.81,0.3052385429982678,0.06810630099789705
WTM-NN,94,tm,81.22,0.31100265299755847,0.06778789399686502
WTM-NN,95,tm,82.53,0.30426215899933595,0.06849654100369662
WTM-NN,96,tm,80.99,0.29936918999737827,0.06925376500294078
WTM-NN,97,tm,81.21000000000001,0.3162943940042169,0.06800025099801132
WTM-NN,98,tm,80.69,0.3108776619992568,0.0679350880018319
WTM-NN,99,tm,79.67999999999999,0.3060566980057047,0.06826043799810577
WTM-NN,100,tm,81.12,0.3136118839975097,0.06880312699649949
WTM-NN,101,tm,80.7,0.3062279869991471,0.06836104999820236
WTM-NN,102,tm,80.43,0.3123187239980325,0.06764665100490674
WTM-NN,103,tm,81.3,0.30630694599676644,0.0678263399968273
WTM-NN,104,tm,80.67,0.3048633769940352,0.06744623900158331
WTM-NN,105,tm,80.7,0.3203593270009151,0.06801720400108024
WTM-NN,106,tm,80.9,0.31286441900010686,0.06786448800266953
WTM-NN,107,tm,80.67999999999999,0.3085903819956002,0.06897597100032726
WTM-NN,108,tm,80.45,0.3226701169987791,0.0686285379997571
WTM-NN,109,tm,81.64,0.30938132900337223,0.06872518199816113
WTM-NN,110,tm,81.10000000000001,0.31146504200296476,0.0679015010027797
WTM-NN,111,tm,81.47,0.31059308700059773,0.06655333500384586
WTM-NN,112,tm,80.60000000000001,0.3022479899955215,0.06664224500127602
WTM-NN,113,tm,80.36999999999999,0.3093284309943556,0.06900535900058458
WTM-NN,114,tm,81.82000000000001,0.30481319099635584,0.06825241300248308
WTM-NN,115,tm,80.51,0.3122688880030182,0.06833272099902388
WTM-NN,116,tm,81.54,0.30561964899970917,0.06755701200017938
WTM-NN,117,tm,80.86,0.30486404999828665,0.06856800400419161
WTM-NN,118,tm,81.08999999999999,0.3118221659970004,0.06922331199893961
WTM-NN,119,tm,80.91000000000001,0.30384468699776335,0.06850286400003824
WTM-NN,120,tm,81.31,0.31070543099485803,0.06602802899578819
WTM-NN,121,tm,81.98,0.3037785230044392,0.0673766580002848
WTM-NN,122,tm,81.85,0.320956251998723,0.06779265699879033
WTM-NN,123,tm,81.34,0.3102520629981882,0.06714529199962271
WTM-NN,124,tm,81.72,0.31365667899808614,0.06805516099848319
WTM-NN,125,tm,80.81,0.3045940470037749,0.06692137400386855
WTM-NN,126,tm,81.61,0.3036797620006837,0.06881190900458023
WTM-NN,127,tm,80.16,0.30863271500129486,0.06905113899847493
WTM-NN,128,tm,81.57,0.3014186750006047,0.06980480500351405
WTM-NN,129,tm,81.17,0.3117837989993859,0.06809055500343675
WTM-NN,130,tm,81.51,0.30967515199881746,0.06952457500301534
WTM-NN,131,tm,80.83,0.31321635500353295,0.06881586900271941
WTM-NN,132,tm,81.74,0.31296565900265705,0.06892883300315589
WTM-NN,133,tm,79.89,0.3100026620013523,0.06791519800026435
WTM-NN,134,tm,80.31,0.31746988800296094,0.06895514299685601
WTM-NN,135,tm,80.67,0.3078901639964897,0.06758417400124017
WTM-NN,136,tm,81.43,0.30796647499664687,0.06880021899996791
WTM-NN,137,tm,80.55,0.3064827459966182,0.06820385500031989
WTM-NN,138,tm,80.31,0.3125016449994291,0.06797047099826159
WTM-NN,139,tm,81.76,0.30850649300555233,0.0676545430033002
WTM-NN,140,tm,80.82000000000001,0.312939623996499,0.06923651700344635
WTM-NN,141,tm,81.57,0.29950044299766887,0.06746892100636614
WTM-NN,142,tm,81.3,0.30189401600364363,0.0678052299990668
WTM-NN,143,tm,81.39999999999999,0.3153423909971025,0.06817107099777786
WTM-NN,144,tm,81.62,0.30999511999834795,0.06781580599636072
WTM-NN,145,tm,81.6,0.3140166240045801,0.06964916500146501
WTM-NN,146,tm,80.41,0.30781278899667086,0.06884283200633945
WTM-NN,147,tm,79.95,0.3040181420001318,0.06756525200034957
WTM-NN,148,tm,81.05,0.3156148319976637,0.07012534399837023
WTM-NN,149,tm,81.47999999999999,0.3068720130031579,0.06682769399776589
WTM-NN,150,tm,78.59,0.31042740200064145,0.06792464899626793
WTM-NN,151,nn,83.00999999999999,0.19829001699690707,0.0701698079938069
WTM-NN,152,nn,83.32000000000001,0.24558805400010897,0.06955691499751993
WTM-NN,153,nn,83.25,0.19860407600208418,0.067931376004708
WTM-NN,154,nn,83.24000000000001,0.19597163899743464,0.06877001399698202
WTM-NN,155,nn,83.45,0.19651191100274445,0.06981763600197155
WTM-NN,156,nn,83.46000000000001,0.19529389799572527,0.07030153200321365
WTM-NN,157,nn,83.5,0.24960668999847258,0.07100138399982825
WTM-NN,158,nn,83.39,0.1953144059953047,0.06822071700298693
WTM-NN,159,nn,83.59,0.1966270880002412,0.07009768799616722
WTM-NN,160,nn,83.66,0.19604257399623748,0.06887184700462967
WTM-NN,161,nn,83.71,0.25634027300111484,0.070185559001402
WTM-NN,162,nn,83.56,0.21748037399811437,0.06955114800075535
WTM-NN,163,nn,83.59,0.2054372259954107,0.06977574800112052
WTM-NN,164,nn,83.67999999999999,0.20974892399681266,0.07009579800069332
WTM-NN,165,nn,83.8,0.2701671940012602,0.06998940100311302
WTM-NN,166,nn,83.87,0.2191096690003178,0.07020609299797798
WTM-NN,167,nn,83.8,0.20379556999978377,0.06719494899880374
WTM-NN,168,nn,83.99,0.2009419180030818,0.07148487400263548
WTM-NN,169,nn,83.82,0.27252008699724684,0.07079639000585303
WTM-NN,170,nn,83.88,0.2194323260046076,0.06816041300044162
WTM-NN,171,nn,83.98,0.21998683999845525,0.0682680839963723
WTM-NN,172,nn,83.95,0.20964526000170736,0.0681984740003827
WTM-NN,173,nn,84.09,0.26811135900061345,0.067704335997405
WTM-NN,174,nn,84.00999999999999,0.2176516690014978,0.07156737300101668
WTM-NN,175,nn,84.0,0.2201490739971632,0.06817259100353112
WTM-NN,176,nn,84.05,0.21161248400312616,0.07019817600667011
WTM-NN,177,nn,84.0,0.1998643590050051,0.06930856400140328
WTM-NN,178,nn,84.2,0.260403211999801,0.07101074000092922
WTM-NN,179,nn,84.21,0.21971536300407024,0.06947148500330513
WTM-NN,180,nn,84.26,0.19864443899859907,0.06989517700276338
WTM-NN,181,nn,84.24000000000001,0.1984712529956596,0.06739264500356512
WTM-NN,182,nn,84.23,0.2504823519993806,0.06984533999639098
WTM-NN,183,nn,84.3,0.19716907499969238,0.07139257899689255
WTM-NN,184,nn,84.28,0.19623611600400181,0.07008223899902077
WTM-NN,185,nn,84.3,0.1999539970056503,0.06700744000409031
WTM-NN,186,nn,84.43,0.27080391999334097,0.0699255829968024
WTM-NN,187,nn,84.34,0.19696499899873743,0.06999212599475868
WTM-NN,188,nn,84.5,0.19690840000112075,0.06946692099882057
WTM-NN,189,nn,84.48,0.2020942519957316,0.07023437399766408
WTM-NN,190,nn,84.57000000000001,0.24639030899561476,0.07049205999646802
WTM-NN,191,nn,84.52,0.19661753800028237,0.0711340170018957
WTM-NN,192,nn,84.57000000000001,0.19823346500197658,0.07027065000147559
WTM-NN,193,nn,84.61,0.22052778400393436,0.07114742299745558
WTM-NN,194,nn,84.61999999999999,0.2660630870013847,0.06725687199650565
WTM-NN,195,nn,84.61999999999999,0.2188843399999314,0.0685639520015684
WTM-NN,196,nn,84.61999999999999,0.22078423800121527,0.07043859199620783
WTM-NN,197,nn,84.5,0.22081414500280516,0.06920191500103101
WTM-NN,198,nn,84.46000000000001,0.25722929300536634,0.0716930720009259
WTM-NN,199,nn,84.54,0.2176024319996941,0.07086067499767523
WTM-NN,200,nn,84.7,0.19771192799817072,0.07122497499949532
WTM-NN,201,nn,84.58,0.19728544099780265,0.0713395019993186
WTM-NN,202,nn,84.63000000000001,0.19990007799788145,0.06856890200288035
WTM-NN,203,nn,84.57000000000001,0.25690386800124543,0.06774222199601354
WTM-NN,204,nn,84.83000000000001,0.22105040599853965,0.06989851500111399
WTM-NN,205,nn,84.61999999999999,0.2188200950040482,0.06678078199911397
WTM-NN,206,nn,84.69,0.21969038599490887,0.06937246899906313
WTM-NN,207,nn,84.6,0.27107870500185527,0.06976708399452036
WTM-NN,208,nn,84.75,0.21769869199488312,0.06931653500214452
WTM-NN,209,nn,84.61,0.2084154190015397,0.07014746099594049
WTM-NN,210,nn,84.66,0.21263952399749542,0.06960692800203105
WTM-NN,211,nn,84.66,0.26608714099711506,0.06993458399665542
WTM-NN,212,nn,84.63000000000001,0.19969177000166383,0.07000562400207855
WTM-NN,213,nn,84.71,0.20116878699627705,0.0712677019982948
WTM-NN,214,nn,84.66,0.19520685500174295,0.07085757899767486
WTM-NN,215,nn,84.66,0.2533049220000976,0.06762336099927779
WTM-NN,216,nn,84.65,0.19868662799854064,0.06931531900045229
WTM-NN,217,nn,84.74000000000001,0.21193931600282667,0.06998843300243607
WTM-NN,218,nn,84.66,0.21802838800067548,0.06749857400427572
WTM-NN,219,nn,84.6,0.2656251730004442,0.07045161099813413
WTM-NN,220,nn,84.64,0.20370830700267106,0.06937496699538315
WTM-NN,221,nn,84.75,0.22065247000136878,0.06918023999605794
WTM-NN,222,nn,84.83000000000001,0.19556970999838086,0.06928490199788939
WTM-NN,223,nn,84.73,0.20097164600156248,0.07089967900537886
WTM-NN,224,nn,84.81,0.25106301400228404,0.07168953999644145
WTM-NN,225,nn,84.67,0.19618108500435483,0.06861797699821182
WTM-NN,226,nn,84.78,0.19641270499414532,0.06903885600331705
WTM-NN,227,nn,84.65,0.22059320800326532,0.06796623000263935
WTM-NN,228,nn,84.73,0.2684547249955358,0.07093344900204102
WTM-NN,229,nn,84.82,0.21047866500157397,0.06736878299852833
WTM-NN,230,nn,84.67,0.20156542800395982,0.06958909399691038
WTM-NN,231,nn,84.77,0.223252103998675,0.06982890300423605
WTM-NN,232,nn,84.67,0.25997604899748694,0.06991670100251213
WTM-NN,233,nn,84.7,0.19926452800427796,0.06696744399960153
WTM-NN,234,nn,84.75,0.20442806299979566,0.0711185369946179
WTM-NN,235,nn,84.89,0.1952246329965419,0.06888995799818076
WTM-NN,236,nn,84.55,0.25970507000602083,0.07084995700279251
WTM-NN,237,nn,84.59,0.20999949800170725,0.06955992100120056
WTM-NN,238,nn,84.64,0.22099159399658674,0.06744312699447619
WTM-NN,239,nn,84.78,0.1993365609960165,0.0698443250003038
WTM-NN,240,nn,84.72,0.24485599400213687,0.07022090300597483
WTM-NN,241,nn,84.86,0.2054013910019421,0.06917074599914486
WTM-NN,242,nn,84.64,0.2179608080041362,0.06952174800244393
WTM-NN,243,nn,84.52,0.21842096900218166,0.06644564399903174
WTM-NN,244,nn,84.92,0.24762154999916675,0.06821519900404382
WTM-NN,245,nn,84.71,0.19492379800067283,0.07030895199568477
WTM-NN,246,nn,84.8,0.20180321799853118,0.0698989359952975
WTM-NN,247,nn,84.69,0.20553543899586657,0.07003439099935349
WTM-NN,248,nn,84.75,0.1945058670025901,0.07021333200100344
WTM-NN,249,nn,84.74000000000001,0.2458377630027826,0.06960975599940866
WTM-NN,250,nn,84.82,0.19631403100356692,0.06835355899966089
WTM-NN,251,nn,84.64,0.1973548120004125,0.06707307000033325
WTM-NN,252,nn,84.63000000000001,0.19942855199769838,0.07017211499623954
WTM-NN,253,nn,84.61,0.24880338399816537,0.07031341900437837
WTM-NN,254,nn,84.6,0.2079502920023515,0.06812486499984516
WTM-NN,255,nn,84.8,0.2030169690042385,0.07167191000189632
WTM-NN,256,nn,84.72,0.2171269289974589,0.06961590299761156
WTM-NN,257,nn,84.67,0.26643282899749465,0.06991746499988949
WTM-NN,258,nn,84.7,0.20140173799882177,0.0695162759948289
WTM-NN,259,nn,84.61,0.2043401150003774,0.0668090829931316
WTM-NN,260,nn,84.75,0.21900165900296997,0.0699609929943108
WTM-NN,261,nn,84.7,0.26964415399561403,0.07088695000129519
WTM-NN,262,nn,84.56,0.2188169650034979,0.06717120900430018
WTM-NN,263,nn,84.53,0.19657534399448195,0.07028070600063074
WTM-NN,264,nn,84.7,0.19677084000431933,0.07072303700260818
WTM-NN,265,nn,84.81,0.2603923999995459,0.07113068499893416
WTM-NN,266,nn,84.64,0.22514794699964114,0.07104368699947372
WTM-NN,267,nn,84.77,0.21015263099980075,0.07037355299689807
WTM-NN,268,nn,84.77,0.21308675600448623,0.06836660399858374
WTM-NN,269,nn,84.56,0.22223794800083851,0.07137140700069722
WTM-NN,270,nn,84.88,0.2690009090001695,0.07043303499813192
WTM-NN,271,nn,84.92,0.22381899500032887,0.07001985099486774
WTM-NN,272,nn,84.74000000000001,0.2163698980002664,0.07091712400142569
WTM-NN,273,nn,84.67,0.21735596700455062,0.07027415899938205
WTM-NN,274,nn,84.58,0.2652557719993638,0.07123563299683155
WTM-NN,275,nn,84.87,0.19841139699565247,0.07168575700052315
WTM-NN,276,nn,84.59,0.21936665000248468,0.07129846799944062
WTM-NN,277,nn,84.81,0.19694824799807975,0.07063468800333794
WTM-NN,278,nn,84.82,0.24640934500348521,0.0721151830002782
WTM-NN,279,nn,84.8,0.19599964399822056,0.06945649399858667
WTM-NN,280,nn,84.73,0.20311348500399617,0.07102529700205196
WTM-NN,281,nn,84.81,0.20651594599621603,0.06752553099795477
WTM-NN,282,nn,84.61,0.26112618800107157,0.0701584720009123
WTM-NN,283,nn,84.87,0.21772395999869332,0.06975864400010323
WTM-NN,284,nn,84.68,0.20761758099979488,0.06977302399900509
WTM-NN,285,nn,84.89,0.21874066199961817,0.06987901799584506
WTM-NN,286,nn,84.55,0.269661073005409,0.07029725299798883
WTM-NN,287,nn,84.6,0.1980190929971286,0.06940375600242987
WTM-NN,288,nn,84.84,0.20044674800010398,0.07025978599995142
WTM-NN,289,nn,84.96000000000001,0.20453485199686838,0.06818778599699726
WTM-NN,290,nn,84.69,0.2557167050035787,0.0684018659958383
WTM-NN,291,nn,84.85000000000001,0.2109409170006984,0.07127994500478962
WTM-NN,292,nn,84.59,0.22541056100453716,0.06948596599977463
WTM-NN,293,nn,84.7,0.21897718599939253,0.06923520699638175
WTM-NN,294,nn,84.59,0.21513171800324926,0.07015140900330152
WTM-NN,295,nn,84.71,0.2693263410037616,0.06614976999844657
WTM-NN,296,nn,84.61999999999999,0.21884870599751594,0.07050854599947343
WTM-NN,297,nn,84.82,0.22016023499600124,0.07050260299729416
WTM-NN,298,nn,84.61999999999999,0.21084080899890978,0.0700409179989947
WTM-NN,299,nn,84.61999999999999,0.2521380929974839,0.07076635499834083
WTM-NN,300,nn,84.66,0.2205580910012941,0.07109426699753385
WTM-NN,301,nn,84.77,0.20094166699709604,0.07082003400137182
WTM-NN,302,nn,84.82,0.1969260849946295,0.07161794500279939
WTM-NN,303,nn,84.86,0.251124707996496,0.06828458300151397
WTM-NN,304,nn,84.74000000000001,0.19639645599818323,0.06957252899883315
WTM-NN,305,nn,84.83000000000001,0.1968125429993961,0.07007861199963372
WTM-NN,306,nn,84.59,0.19710615900112316,0.06981905500288121
WTM-NN,307,nn,84.63000000000001,0.24753733899706276,0.06972368200513301
WTM-NN,308,nn,84.68,0.19590240300021833,0.06936764800047968
WTM-NN,309,nn,84.75,0.2111079009991954,0.07056844099861337
WTM-NN,310,nn,84.82,0.2123997589951614,0.07098242200299865
WTM-NN,311,nn,84.69,0.2693040480007767,0.07077305800339673
WTM-NN,312,nn,84.68,0.2200006429993664,0.0708375110043562
WTM-NN,313,nn,84.61999999999999,0.19832804700126871,0.07151779699779581
WTM-NN,314,nn,84.87,0.2239968889989541,0.0700588269974105
WTM-NN,315,nn,84.66,0.266823039004521,0.07043062599404948
WTM-NN,316,nn,84.77,0.2162491420021979,0.07219331200030865
WTM-NN,317,nn,84.66,0.20178468500671443,0.07015880000108154
WTM-NN,318,nn,84.58,0.20203264699375723,0.07126274299662327
WTM-NN,319,nn,84.63000000000001,0.19529422400228214,0.07004962700011674
WTM-NN,320,nn,84.78999999999999,0.2594238289966597,0.07169807000173023
WTM-NN,321,nn,84.8,0.1950757969971164,0.06847886999457842
WTM-NN,322,nn,84.67,0.19625203299801797,0.06933855800161837
WTM-NN,323,nn,84.72,0.1958832890013582,0.072614895994775
WTM-NN,324,nn,84.63000000000001,0.25268605599558214,0.07025135900039459
WTM-NN,325,nn,84.48,0.1952925410005264,0.07012487500469433
WTM-NN,326,nn,84.66,0.19531600199843524,0.06890122600452742
WTM-NN,327,nn,84.57000000000001,0.19846237499587005,0.0700977390006301
WTM-NN,328,nn,84.68,0.24574746299913386,0.07024410900339717
WTM-NN,329,nn,84.78999999999999,0.1965444750021561,0.07122319799964316
WTM-NN,330,nn,84.81,0.19595276499603642,0.06728028599900426
WTM-NN,331,nn,84.61,0.19848230999923544,0.07241648799390532
WTM-NN,332,nn,84.65,0.25414378799905535,0.07019954499992309
WTM-NN,333,nn,84.6,0.19933072400453966,0.07147678500041366
WTM-NN,334,nn,84.72,0.20992472900252324,0.06899443599832011
WTM-NN,335,nn,84.64,0.2200643760006642,0.07093425199855119
WTM-NN,336,nn,84.55,0.25866123999730917,0.06995640300010564
WTM-NN,337,nn,84.81,0.19990665100340266,0.07046927799819969
WTM-NN,338,nn,84.59,0.20512902699556435,0.07032114500179887
WTM-NN,339,nn,84.8,0.21922594599891454,0.06838055799744325
WTM-NN,340,nn,84.57000000000001,0.21887198500189697,0.06965748399670701
WTM-NN,341,nn,84.6,0.26770367800054373,0.07128320400079247
WTM-NN,342,nn,84.55,0.21666656200250145,0.06865537200064864
WTM-NN,343,nn,84.71,0.20200401500187581,0.07022902100288775
WTM-NN,344,nn,84.6,0.1990819900020142,0.07135304900293704
WTM-NN,345,nn,84.58,0.2744091299973661,0.07067463100247551
WTM-NN,346,nn,84.84,0.22043609699903755,0.07090384799812455
WTM-NN,347,nn,84.59,0.19879677300195908,0.07060741900204448
WTM-NN,348,nn,84.56,0.22177152399672195,0.06856940700527048
WTM-NN,349,nn,84.65,0.24746344100276474,0.0693205499992473
WTM-NN,350,nn,84.67,0.19876219800062245,0.07000495299871545
WTM-NN,351,nn,84.59,0.2190122190004331,0.07063770000240766
WTM-NN,352,nn,84.67,0.1964516369989724,0.06941740799811669
WTM-NN,353,nn,84.69,0.24565559999609832,0.06989496800088091
WTM-NN,354,nn,84.58,0.19489374900149414,0.0701298899948597
WTM-NN,355,nn,84.78999999999999,0.1999678850042983,0.06810439699620474
WTM-NN,356,nn,84.75,0.1947190459977719,0.0689492160017835
WTM-NN,357,nn,84.75,0.24435894100315636,0.06966377799835755
WTM-NN,358,nn,84.73,0.22182250199693954,0.07115344399790047
WTM-NN,359,nn,84.76,0.22248878500249702,0.07018986200273503
WTM-NN,360,nn,84.82,0.19794304000242846,0.07047592799790436
WTM-NN,361,nn,84.67,0.26807441499840934,0.06873543899564538
WTM-NN,362,nn,84.56,0.19905232099699788,0.06988787699810928
WTM-NN,363,nn,84.43,0.21944929599703755,0.07070779600326205
WTM-NN,364,nn,84.71,0.19653569300135132,0.06976909400691511
WTM-NN,365,nn,84.7,0.19776201599597698,0.0699315719975857
WTM-NN,366,nn,84.78999999999999,0.2674996249988908,0.0694790199995623
WTM-NN,367,nn,84.88,0.20073059300193563,0.06975029000022914
WTM-NN,368,nn,84.69,0.19452568200358655,0.06756289199984167
WTM-NN,369,nn,84.74000000000001,0.2091097259981325,0.07090193600015482
WTM-NN,370,nn,84.72,0.2739568729957682,0.0707846739969682
WTM-NN,371,nn,84.78,0.21345395100070164,0.07095802499679849
WTM-NN,372,nn,84.6,0.2106584350040066,0.06757270299567608
WTM-NN,373,nn,84.7,0.2057580210021115,0.0707522520024213
WTM-NN,374,nn,84.74000000000001,0.25314857099874644,0.07012594300613273
WTM-NN,375,nn,84.86,0.21192602399969473,0.06960528800118482
WTM-NN,376,nn,84.78,0.21130778499355074,0.06947860500076786
WTM-NN,377,nn,84.49,0.21773391599708702,0.07386067899642512
WTM-NN,378,nn,84.66,0.2630452340017655,0.07074699799704831
WTM-NN,379,nn,84.58,0.2007691530016018,0.0711691129981773
WTM-NN,380,nn,84.77,0.1936547020013677,0.07009561599988956
WTM-NN,381,nn,84.61999999999999,0.20495695800491376,0.07006121900485596
WTM-NN,382,nn,84.61,0.24911026100016898,0.07021099900157424
WTM-NN,383,nn,84.78999999999999,0.20444114599376917,0.0698586369981058
WTM-NN,384,nn,84.77,0.2180842429952463,0.0690225529979216
WTM-NN,385,nn,84.84,0.19414528800552944,0.0683505979977781
WTM-NN,386,nn,84.58,0.25262989399925573,0.0699309900010121
WTM-NN,387,nn,84.73,0.19335869700444164,0.06912276799994288
WTM-NN,388,nn,84.61999999999999,0.19906824400095502,0.07033456000499427
WTM-NN,389,nn,84.71,0.19486948999838205,0.06970367699977942
WTM-NN,390,nn,84.68,0.19986043199605774,0.06933541699982015
WTM-NN,391,nn,84.73,0.24385195099603152,0.07022236599732423
WTM-NN,392,nn,84.64,0.19569629000034183,0.06995388399809599
WTM-NN,393,nn,84.82,0.19633757100382354,0.0678505129981204
WTM-NN,394,nn,84.67,0.19695678100106306,0.06994426299934275
WTM-NN,395,nn,84.65,0.2448489430025802,0.07545495799422497
WTM-NN,396,nn,84.71,0.21462440199684352,0.06802680900000269
WTM-NN,397,nn,84.71,0.2047504919974017,0.07048365700029535
WTM-NN,398,nn,84.72,0.20376323500386206,0.07129132900445256
WTM-NN,399,nn,84.63000000000001,0.26242367699887836,0.06921662199601997
WTM-NN,400,nn,84.61,0.21427064499584958,0.07214384500548476
WTM-NN,401,nn,84.68,0.21598550499766134,0.07187347899889573
WTM-NN,402,nn,84.68,0.21947623499727342,0.0708227579962113
WTM-NN,403,nn,84.65,0.26126530100009404,0.06861399099580012
WTM-NN,404,nn,84.65,0.21248505399853457,0.07112854599836282
WTM-NN,405,nn,84.63000000000001,0.21883601800072938,0.07008564299758291
WTM-NN,406,nn,84.45,0.21728407200134825,0.06729788300435757
WTM-NN,407,nn,84.59,0.2653962330005015,0.06990702399343718
WTM-NN,408,nn,84.64,0.21486816499964334,0.06959275400004117
WTM-NN,409,nn,84.72,0.21855684500042116,0.07041160500375554
WTM-NN,410,nn,84.6,0.19792403799510794,0.07167821099574212
WTM-NN,411,nn,84.57000000000001,0.19710905700048897,0.06864837399916723
WTM-NN,412,nn,84.78999999999999,0.24634319599863375,0.06882979700458236
WTM-NN,413,nn,84.73,0.19730014499509707,0.07028475499828346
WTM-NN,414,nn,84.64,0.20408985299582127,0.07039838600030635
WTM-NN,415,nn,84.55,0.19681294699694263,0.07025077100115595
WTM-NN,416,nn,84.73,0.24761651599692414,0.06800747999659507
WTM-NN,417,nn,84.77,0.20645765399967786,0.07024564799939981
WTM-NN,418,nn,84.89,0.20881595299579203,0.06937583100079792
WTM-NN,419,nn,84.67,0.21856306699919514,0.06954969200160122
WTM-NN,420,nn,84.61999999999999,0.2621117669987143,0.07012856000073953
WTM-NN,421,nn,84.68,0.2058293079971918,0.07071278499643086
WTM-NN,422,nn,84.89,0.1950807570028701,0.0683055150002474
WTM-NN,423,nn,84.74000000000001,0.19560261099832132,0.06717590100015514
WTM-NN,424,nn,84.65,0.2538536860010936,0.07155152500490658
WTM-NN,425,nn,84.66,0.1978208829968935,0.06945893500233069
WTM-NN,426,nn,84.68,0.1959111460018903,0.06953488099679817
WTM-NN,427,nn,84.73,0.20097006000287365,0.07045561500126496
WTM-NN,428,nn,84.55,0.25904199800424976,0.07104385799902957
WTM-NN,429,nn,84.59,0.2003785710039665,0.06910389399854466
WTM-NN,430,nn,84.55,0.19593077200261177,0.06989837400033139
WTM-NN,431,nn,84.52,0.19789437000144972,0.07162997400155291
WTM-NN,432,nn,84.69,0.24754979100544006,0.06977983000251697
WTM-NN,433,nn,84.71,0.1952628389990423,0.06978254799469141
WTM-NN,434,nn,84.69,0.19537756600038847,0.06750927199755097
WTM-NN,435,nn,84.75,0.21435975799977314,0.0716467080055736
WTM-NN,436,nn,84.6,0.1946526960018673,0.06994618699536659
WTM-NN,437,nn,84.71,0.24570407999999588,0.06673523300560191
WTM-NN,438,nn,84.59,0.1947689430016908,0.07129507100034971
WTM-NN,439,nn,84.61999999999999,0.20176433800224913,0.06933626400132198
WTM-NN,440,nn,84.65,0.19585622799786506,0.07058105900068767
WTM-NN,441,nn,84.5,0.24490211700322106,0.06790797500434564
WTM-NN,442,nn,84.68,0.21218071899784263,0.06962837999890326
WTM-NN,443,nn,84.89,0.21929477599769598,0.06979869800125016
WTM-NN,444,nn,84.8,0.21917462199780857,0.0677093420017627
WTM-NN,445,nn,84.74000000000001,0.25703256300039357,0.06776685499789892
WTM-NN,446,nn,84.78,0.22184379499958595,0.06968351500108838
WTM-NN,447,nn,84.57000000000001,0.2029620950052049,0.0702110080019338
WTM-NN,448,nn,84.63000000000001,0.19421695900382474,0.06794414300384233
WTM-NN,449,nn,84.69,0.24785490799695253,0.06977008299872978
WTM-NN,450,nn,84.61999999999999,0.20069784600491403,0.06772492500022054
WTM-NN,451,nn,84.66,0.19921928500116337,0.06851911900594132
WTM-NN,452,nn,84.7,0.2020474529999774,0.06991549200029112
WTM-NN,453,nn,84.84,0.260233626999252,0.06980215800285805
WTM-NN,454,nn,84.76,0.19620910799858393,0.0681625949946465
WTM-NN,455,nn,84.7,0.21904877499764552,0.06930947499495232
WTM-NN,456,nn,84.78999999999999,0.2037297179995221,0.06932320600026287
WTM-NN,457,nn,84.8,0.2511048390006181,0.06949322099535493
WTM-NN,458,nn,84.7,0.19717184099863516,0.06758587499643909
WTM-NN,459,nn,84.78,0.2118498949930654,0.0714780959970085
WTM-NN,460,nn,84.7,0.2093287209936534,0.0694841130025452
WTM-NN,461,nn,84.71,0.1964248360018246,0.07070844800182385
WTM-NN,462,nn,84.74000000000001,0.26936227100668475,0.06898294999700738
WTM-NN,463,nn,84.81,0.20234288200299488,0.071233745002246
WTM-NN,464,nn,84.81,0.21687831300368998,0.07067499500408303
WTM-NN,465,nn,84.66,0.2150000399997225,0.07029068200063193
WTM-NN,466,nn,84.83000000000001,0.2613119719972019,0.07002515400381526
WTM-NN,467,nn,84.59,0.19957963999331696,0.07213534599577542
WTM-NN,468,nn,84.83000000000001,0.20352854700468015,0.07018615400011186
WTM-NN,469,nn,84.81,0.1935527509995154,0.06975702100316994
WTM-NN,470,nn,84.63000000000001,0.26203250699472846,0.06978327300021192
WTM-NN,471,nn,84.7,0.1949313049990451,0.07100347399682505
WTM-NN,472,nn,84.66,0.1994049900022219,0.07092943799943896
WTM-NN,473,nn,84.72,0.2019165720048477,0.06839946399850305
WTM-NN,474,nn,84.67,0.2600428069999907,0.0715016430040123
WTM-NN,475,nn,84.74000000000001,0.19358858600025997,0.0700645240067388
WTM-NN,476,nn,84.59,0.2006082240040996,0.06933937900612364
WTM-NN,477,nn,84.72,0.20023429799766745,0.07089508499484509
WTM-NN,478,nn,84.75,0.2647473800025182,0.06912461700267158
WTM-NN,479,nn,84.69,0.2205482019999181,0.07036013099423144
WTM-NN,480,nn,84.69,0.20538146299804794,0.06899116100248648
WTM-NN,481,nn,84.61,0.19951257800130406,0.06824189799954183
WTM-NN,482,nn,84.86,0.204481926994049,0.06971225300367223
WTM-NN,483,nn,84.63000000000001,0.2464142860044376,0.07064890499896137
WTM-NN,484,nn,84.76,0.21395469099661568,0.07046305100084282
WTM-NN,485,nn,84.75,0.19368071899953065,0.07017791000544094
WTM-NN,486,nn,84.88,0.19953182099561673,0.06811861599999247
WTM-NN,487,nn,84.75,0.26290629799768794,0.07099568000558065
WTM-NN,488,nn,84.77,0.19805953500326723,0.06847586899675662
WTM-NN,489,nn,84.77,0.2068590700000641,0.06797843300591921
WTM-NN,490,nn,84.82,0.20023422600206686,0.06857284100260586
WTM-NN,491,nn,84.77,0.2659081219971995,0.06764214900613297
WTM-NN,492,nn,84.63000000000001,0.19657585700042546,0.06898702199396212
WTM-NN,493,nn,84.67,0.20014037800137885,0.07150817799993092
WTM-NN,494,nn,84.65,0.20156100500025786,0.07103777500014985
WTM-NN,495,nn,84.69,0.2624764360007248,0.07054772799892817
WTM-NN,496,nn,84.84,0.2086361140027293,0.07109591200423893
WTM-NN,497,nn,84.59,0.19606152699998347,0.06780013700335985
WTM-NN,498,nn,84.58,0.22520054900087416,0.0712299160004477
WTM-NN,499,nn,84.78,0.2610753829940222,0.07088928700250108
WTM-NN,500,nn,84.85000000000001,0.2024564149978687,0.06916326699865749
UTM-NN,1,tm,78.63,0.5168922700031544,0.06428291799966246
UTM-NN,2,tm,80.05,0.47630030900472775,0.06484310200175969
UTM-NN,3,tm,79.75,0.46145999299915275,0.06368978600221453
UTM-NN,4,tm,80.08999999999999,0.4765058890043292,0.06428229800076224
UTM-NN,5,tm,80.35,0.465107663992967,0.06521519200032344
UTM-NN,6,tm,80.25999999999999,0.458438068999385,0.06412030299543403
UTM-NN,7,tm,80.41,0.46749419599655084,0.0645811370050069
UTM-NN,8,tm,80.44,0.4642855830024928,0.06453010599943809
UTM-NN,9,tm,80.57,0.46348050899541704,0.0647942020004848
UTM-NN,10,tm,80.47999999999999,0.4657780220004497,0.07037906700134045
UTM-NN,11,tm,80.32000000000001,0.4601919170017936,0.06459105799876852
UTM-NN,12,tm,80.56,0.46217212599731283,0.06548509500134969
UTM-NN,13,tm,80.67,0.46107860399934,0.06532098700699862
UTM-NN,14,tm,80.66,0.46211970299918903,0.06407194499479374
UTM-NN,15,tm,80.7,0.4622171539958799,0.06642902999737998
UTM-NN,16,tm,80.86,0.46257585100102006,0.06617203899804736
UTM-NN,17,tm,80.99,0.4541370570004801,0.06453874500584789
UTM-NN,18,tm,80.80000000000001,0.4582784850063035,0.06466528399323579
UTM-NN,19,tm,80.87,0.4509301840007538,0.06475045999832219
UTM-NN,20,tm,80.80000000000001,0.462045822001528,0.07183802900544833
UTM-NN,21,tm,80.87,0.4548941930042929,0.06408819199714344
UTM-NN,22,tm,80.82000000000001,0.4580752640031278,0.06570698499854188
UTM-NN,23,tm,80.66,0.45660503699764377,0.06534253499557963
UTM-NN,24,tm,80.73,0.4563361420005094,0.06353030000173021
UTM-NN,25,tm,80.91000000000001,0.46398495500034187,0.06449104399507632
UTM-NN,26,tm,80.93,0.44824383899685927,0.06446856399998069
UTM-NN,27,tm,80.88,0.46050889100297354,0.06308219199854648
UTM-NN,28,tm,80.86,0.4664820000034524,0.06262203300138935
UTM-NN,29,tm,80.86,0.46364015099970857,0.06428680099634221
UTM-NN,30,tm,80.82000000000001,0.4633470810003928,0.06422473499696935
UTM-NN,31,tm,80.96,0.4527267599987681,0.06287684800190618
UTM-NN,32,tm,80.95,0.4596207599970512,0.06328775899601169
UTM-NN,33,tm,80.86,0.4558124510003836,0.06640596799843479
UTM-NN,34,tm,80.83,0.4627852139965398,0.06590002099983394
UTM-NN,35,tm,80.94,0.4612472649969277,0.0649180010004784
UTM-NN,36,tm,80.56,0.4583834040022339,0.06431523300125264
UTM-NN,37,tm,80.71000000000001,0.46181862900266424,0.06483072900300613
UTM-NN,38,tm,80.97,0.4603805719962111,0.06460243900073692
UTM-NN,39,tm,80.85,0.45056515999749536,0.06569912799750455
UTM-NN,40,tm,80.97999999999999,0.4568540379987098,0.06465824299812084
UTM-NN,41,tm,81.02000000000001,0.45594789599999785,0.06359816499752924
UTM-NN,42,tm,80.87,0.45603966099588433,0.0636328600012348
UTM-NN,43,tm,80.80000000000001,0.453610172997287,0.06214040300255874
UTM-NN,44,tm,80.97,0.4613319669952034,0.06459602299582912
UTM-NN,45,tm,80.83,0.4582103979992098,0.06566468199889641
UTM-NN,46,tm,80.66,0.4601200469987816,0.06605878799746279
UTM-NN,47,tm,81.13,0.4612091520029935,0.06483112400019309
UTM-NN,48,tm,80.94,0.4663554569997359,0.06616752900299616
UTM-NN,49,tm,80.9,0.45744422799907625,0.06616576600208646
UTM-NN,50,tm,80.87,0.4637208710046252,0.06481774400162976
UTM-NN,51,tm,80.83,0.458928300999105,0.06334362799680093
UTM-NN,52,tm,80.99,0.46078684700478334,0.06578770899795927
UTM-NN,53,tm,80.97999999999999,0.459587785997428,0.06484607399761444
UTM-NN,54,tm,81.15,0.46310047999577364,0.0643315459965379
UTM-NN,55,tm,80.92,0.4646457970011397,0.06467582000186667
UTM-NN,56,tm,81.31,0.46801807200245094,0.0659248279989697
UTM-NN,57,tm,81.16,0.4615677070032689,0.06449385999439983
UTM-NN,58,tm,81.02000000000001,0.4677559880001354,0.0647101959984866
UTM-NN,59,tm,80.77,0.4704822540006717,0.06590047299687285
UTM-NN,60,tm,80.86,0.4639971109936596,0.06496154900378315
UTM-NN,61,tm,80.84,0.46341730499989353,0.06705898699874524
UTM-NN,62,tm,80.91000000000001,0.45997154700307874,0.06436857499647886
UTM-NN,63,tm,80.9,0.46813411199400434,0.06469456399645424
UTM-NN,64,tm,80.87,0.4762761730016791,0.06370042799971998
UTM-NN,65,tm,80.88,0.4659606339992024,0.06531955800164724
UTM-NN,66,tm,80.73,0.46770209800160956,0.06531536900001811
UTM-NN,67,tm,80.82000000000001,0.46383213799708756,0.06451930499315495
UTM-NN,68,tm,80.73,0.47807741400174564,0.06313989699992817
UTM-NN,69,tm,80.88,0.46767477200046415,0.06272499699844047
UTM-NN,70,tm,80.9,0.4622694670033525,0.06569185800617561
UTM-NN,71,tm,80.80000000000001,0.45667759999923874,0.06436955600656802
UTM-NN,72,tm,80.84,0.46541654400061816,0.06366843300202163
UTM-NN,73,tm,80.95,0.4656662170018535,0.06449895900004776
UTM-NN,74,tm,80.82000000000001,0.46519828599411994,0.06532533000427065
UTM-NN,75,tm,80.62,0.4660881160016288,0.06482647999655455
UTM-NN,76,tm,80.75,0.4670040319979307,0.06554160999803571
UTM-NN,77,tm,80.77,0.46521301399479853,0.06521896500635194
UTM-NN,78,tm,80.73,0.4657361059944378,0.06637156799843069
UTM-NN,79,tm,80.80000000000001,0.4647008949978044,0.06527697300043656
UTM-NN,80,tm,80.57,0.4682777199996053,0.06462378799915314
UTM-NN,81,tm,80.83,0.4584404170018388,0.064433661995281
UTM-NN,82,tm,80.78999999999999,0.456672084001184,0.06558034799672896
UTM-NN,83,tm,80.82000000000001,0.45722164099424845,0.06415510400256608
UTM-NN,84,tm,80.66,0.47483603499858873,0.06497544799640309
UTM-NN,85,tm,80.7,0.4698499840014847,0.06579873699956806
UTM-NN,86,tm,80.78999999999999,0.4666708760050824,0.06473817699588835
UTM-NN,87,tm,80.85,0.46785592200467363,0.06493502000375884
UTM-NN,88,tm,80.64,0.4671311970014358,0.06490789300005417
UTM-NN,89,tm,80.80000000000001,0.46701210099854507,0.06368268199730664
UTM-NN,90,tm,80.72,0.46487651499774074,0.06538900099985767
UTM-NN,91,tm,80.91000000000001,0.47139466000226093,0.06557668999448651
UTM-NN,92,tm,80.99,0.4675173479990917,0.06421259399940027
UTM-NN,93,tm,80.89,0.47350990399718285,0.06876358799490845
UTM-NN,94,tm,80.71000000000001,0.4584936920000473,0.06466741400072351
UTM-NN,95,tm,80.69,0.46956133200001204,0.06401967800047714
UTM-NN,96,tm,80.64,0.46441530500305817,0.06438692600204377
UTM-NN,97,tm,80.78,0.4657260999956634,0.06592972700309474
UTM-NN,98,tm,80.72,0.4636819809966255,0.06494767899857834
UTM-NN,99,tm,80.75,0.46897338800044963,0.06478363100177376
UTM-NN,100,tm,80.97,0.4718412209986127,0.06449534499552101
UTM-NN,101,tm,80.73,0.4758422949962551,0.0628255849951529
UTM-NN,102,tm,80.81,0.4646118830060004,0.06312194299971452
UTM-NN,103,tm,80.74,0.45618388900038553,0.06399989999772515
UTM-NN,104,tm,80.7,0.46616070899472106,0.06478551599866478
UTM-NN,105,tm,80.74,0.4707219179981621,0.06464834699727362
UTM-NN,106,tm,80.77,0.47146920500381384,0.06386068499705289
UTM-NN,107,tm,80.86,0.4581773819954833,0.07012969799689017
UTM-NN,108,tm,80.9,0.46262153599673184,0.06527690799703123
UTM-NN,109,tm,80.83,0.4662462510023033,0.0640783319977345
UTM-NN,110,tm,80.71000000000001,0.467152287994395,0.06615735599916661
UTM-NN,111,tm,80.78,0.45872840999800246,0.063168996006425
UTM-NN,112,tm,80.81,0.4671817800044664,0.06591352800023742
UTM-NN,113,tm,80.80000000000001,0.46903618599753827,0.06493915800092509
UTM-NN,114,tm,80.78,0.4643605219971505,0.06482111399964197
UTM-NN,115,tm,80.72,0.4676436400040984,0.06551058599870885
UTM-NN,116,tm,80.78,0.46635247000085656,0.06461964699701639
UTM-NN,117,tm,80.85,0.4631498660019133,0.06463793399598217
UTM-NN,118,tm,80.97999999999999,0.46868779599753907,0.06582027699914761
UTM-NN,119,tm,80.78999999999999,0.4689443149982253,0.06315490099950694
UTM-NN,120,tm,80.89,0.4626705960035906,0.061850179998145904
UTM-NN,121,tm,80.64,0.4610257210006239,0.06696398700296413
UTM-NN,122,tm,80.89,0.4612787229998503,0.0641839159943629
UTM-NN,123,tm,81.02000000000001,0.44046775400056504,0.06585207000171067
UTM-NN,124,tm,81.12,0.4555747760023223,0.06530539700179361
UTM-NN,125,tm,80.95,0.4626004610036034,0.06667356799880508
UTM-NN,126,tm,81.01,0.4671365419999347,0.06491868000011891
UTM-NN,127,tm,80.77,0.4636406969948439,0.06595855900377501
UTM-NN,128,tm,80.92,0.4553644510015147,0.06500954300281592
UTM-NN,129,tm,80.99,0.4676145560006262,0.06428562000655802
UTM-NN,130,tm,81.07,0.4625776600005338,0.06811135399766499
UTM-NN,131,tm,80.99,0.46795182899950305,0.0663176759990165
UTM-NN,132,tm,81.26,0.4745330459991237,0.06495278700458584
UTM-NN,133,tm,81.08999999999999,0.46313047999865375,0.06463953899947228
UTM-NN,134,tm,81.04,0.47034697599883657,0.06668953500047792
UTM-NN,135,tm,80.92,0.46701222300180234,0.06528130800143117
UTM-NN,136,tm,80.89,0.47118604600109393,0.06488511899806326
UTM-NN,137,tm,80.7,0.4695946880019619,0.06491601399466163
UTM-NN,138,tm,80.82000000000001,0.45041466399561614,0.06538602300133789
UTM-NN,139,tm,80.9,0.4654653099933057,0.06427142699976685
UTM-NN,140,tm,80.94,0.4622447649962851,0.06596054600231582
UTM-NN,141,tm,80.82000000000001,0.4720461049946607,0.06566513100551674
UTM-NN,142,tm,81.08999999999999,0.46325048099970445,0.06427439999970375
UTM-NN,143,tm,80.97999999999999,0.4492610970046371,0.06271458000264829
UTM-NN,144,tm,81.07,0.4540848010001355,0.06478777599841123
UTM-NN,145,tm,80.97999999999999,0.46436033400095766,0.06501228099659784
UTM-NN,146,tm,81.11,0.4764829919949989,0.06333502799679991
UTM-NN,147,tm,81.10000000000001,0.4628334770022775,0.064826579997316
UTM-NN,148,tm,81.03,0.4704482100059977,0.06449372300266987
UTM-NN,149,tm,80.96,0.46260686100140447,0.06395672100188676
UTM-NN,150,tm,80.96,0.4727851200004807,0.06582285199692706
UTM-NN,151,nn,81.82000000000001,0.19690276700566756,0.06754727400402771
UTM-NN,152,nn,81.85,0.1952218910009833,0.06656381899665575
UTM-NN,153,nn,81.93,0.244412635001936,0.06808460600586841
UTM-NN,154,nn,81.96,0.19553608300338965,0.06636547500238521
UTM-NN,155,nn,82.13000000000001,0.19448999399901368,0.06810301799851004
UTM-NN,156,nn,82.23,0.20391915099753533,0.06572883800254203
UTM-NN,157,nn,82.25,0.2520325720033725,0.06675329100107774
UTM-NN,158,nn,82.27,0.2162839980010176,0.06732135800120886
UTM-NN,159,nn,82.53,0.20743972499622032,0.06479513600061182
UTM-NN,160,nn,82.46,0.21062281999911647,0.06428969300031895
UTM-NN,161,nn,82.46,0.24432063799758907,0.06762126999819884
UTM-NN,162,nn,82.57,0.20197975299379323,0.06681766000110656
UTM-NN,163,nn,82.43,0.21889096199447522,0.06802216000505723
UTM-NN,164,nn,82.54,0.21093567999923835,0.0682363429950783
UTM-NN,165,nn,82.56,0.19737919899489498,0.06849012699967716
UTM-NN,166,nn,82.55,0.24782766499993159,0.06529215699993074
UTM-NN,167,nn,82.63000000000001,0.196826912004326,0.06642462300078478
UTM-NN,168,nn,82.59,0.20237945699773263,0.06773800600058166
UTM-NN,169,nn,82.58,0.19642149499850348,0.06770021300326334
UTM-NN,170,nn,82.65,0.27081907499814406,0.06776847899891436
UTM-NN,171,nn,82.48,0.20012893399689347,0.06641447799484013
UTM-NN,172,nn,82.45,0.21394053499534493,0.06686758900468703
UTM-NN,173,nn,82.45,0.21546403899992583,0.06448741700296523
UTM-NN,174,nn,82.54,0.2661138990006293,0.06727154800319113
UTM-NN,175,nn,82.53,0.20151207700109808,0.0672007350003696
UTM-NN,176,nn,82.56,0.19613927400496323,0.06418052800290752
UTM-NN,177,nn,82.36,0.19624235999799566,0.06724399500672007
UTM-NN,178,nn,82.5,0.2492773150006542,0.06704104800155619
UTM-NN,179,nn,82.5,0.21911383800033946,0.06611982699541841
UTM-NN,180,nn,82.66,0.22084953200101154,0.0685454859994934
UTM-NN,181,nn,82.46,0.1997669659976964,0.06708017199707683
UTM-NN,182,nn,82.61,0.2527491440050653,0.06622536999930162
UTM-NN,183,nn,82.77,0.20307151900487952,0.06716885900095804
UTM-NN,184,nn,82.42,0.19775100699916948,0.06785048599704169
UTM-NN,185,nn,82.54,0.2108217679997324,0.06808328600163804
UTM-NN,186,nn,82.52000000000001,0.2451429030043073,0.06705099299870199
UTM-NN,187,nn,82.57,0.2035831489993143,0.06432579199463362
UTM-NN,188,nn,82.59,0.211595587003103,0.06637440899794456
UTM-NN,189,nn,82.53,0.20884258599835448,0.06682002599700354
UTM-NN,190,nn,82.71,0.2190584839991061,0.06621333800285356
UTM-NN,191,nn,82.45,0.26689556000201264,0.0635574180050753
UTM-NN,192,nn,82.47,0.21899955800472526,0.0666813319985522
UTM-NN,193,nn,82.50999999999999,0.21947416700277245,0.06654238999908557
UTM-NN,194,nn,82.45,0.2192155989978346,0.06707952199940337
UTM-NN,195,nn,82.58,0.2533156619974761,0.06595075600489508
UTM-NN,196,nn,82.63000000000001,0.19895544400060317,0.0667839730012929
UTM-NN,197,nn,82.45,0.19644997800060082,0.06673531300475588
UTM-NN,198,nn,82.46,0.1951539510046132,0.06745141500141472
UTM-NN,199,nn,82.54,0.2552329680038383,0.06798412099306006
UTM-NN,200,nn,82.38,0.2191760540008545,0.06735150099848397
UTM-NN,201,nn,82.48,0.21721333200548543,0.06621495199942729
UTM-NN,202,nn,82.54,0.21436157599964645,0.06707118300255388
UTM-NN,203,nn,82.41000000000001,0.24864253900159383,0.06805022399930749
UTM-NN,204,nn,82.48,0.19751448200258892,0.06647075500222854
UTM-NN,205,nn,82.45,0.19548742799815955,0.06575855800474528
UTM-NN,206,nn,82.59,0.19716590499592712,0.06739763999939896
UTM-NN,207,nn,82.42,0.2457562859999598,0.06669310199504253
UTM-NN,208,nn,82.65,0.19506099700083723,0.06774142399808625
UTM-NN,209,nn,82.38,0.2051604000007501,0.06815488099528011
UTM-NN,210,nn,82.38,0.2076852950049215,0.06837244700000156
UTM-NN,211,nn,82.42,0.22032490700075869,0.06607350499689346
UTM-NN,212,nn,82.41000000000001,0.2685072400054196,0.06615242499537999
UTM-NN,213,nn,82.43,0.21916280800360255,0.06825409200246213
UTM-NN,214,nn,82.63000000000001,0.22057956700155046,0.0681895580055425
UTM-NN,215,nn,82.5,0.21991775399510516,0.0667572710008244
UTM-NN,216,nn,82.61,0.2676246010014438,0.06779661899781786
UTM-NN,217,nn,82.39,0.20925651900324738,0.06717247999768006
UTM-NN,218,nn,82.54,0.20941395700356225,0.06669937400147319
UTM-NN,219,nn,82.45,0.22057248700002674,0.06732257999829017
UTM-NN,220,nn,82.39999999999999,0.2652366129987058,0.06638627000211272
UTM-NN,221,nn,82.5,0.2203455609997036,0.06659993599896552
UTM-NN,222,nn,82.54,0.21951066600013291,0.06793717099935748
UTM-NN,223,nn,82.6,0.1975332809961401,0.06821315999695798
UTM-NN,224,nn,82.41000000000001,0.26039925000077346,0.06807055099488935
UTM-NN,225,nn,82.57,0.2197110480046831,0.06644745099765714
UTM-NN,226,nn,82.63000000000001,0.2181021200012765,0.06738409600075101
UTM-NN,227,nn,82.46,0.20358130100066774,0.06757203599408967
UTM-NN,228,nn,82.48,0.26677069700235734,0.06607313400309067
UTM-NN,229,nn,82.47,0.21883006200368982,0.06714510000165319
UTM-NN,230,nn,82.62,0.22672887399676256,0.06790213700151071
UTM-NN,231,nn,82.39999999999999,0.20854691300337436,0.0665821579968906
UTM-NN,232,nn,82.53,0.20825809999951161,0.07112867300020298
UTM-NN,233,nn,82.54,0.2478655510058161,0.06746887999906903
UTM-NN,234,nn,82.6,0.19844680800451897,0.06671971899777418
UTM-NN,235,nn,82.48,0.2046137869983795,0.0687357479982893
UTM-NN,236,nn,82.42,0.21434228099678876,0.0666555529969628
UTM-NN,237,nn,82.47,0.2541857420001179,0.0668734860009863
UTM-NN,238,nn,82.46,0.19960127100057434,0.06696334300067974
UTM-NN,239,nn,82.46,0.19514570699539036,0.0664362799943774
UTM-NN,240,nn,82.56,0.195200381000177,0.06676527899981011
UTM-NN,241,nn,82.45,0.24765705699974205,0.06772612799977651
UTM-NN,242,nn,82.56,0.2079248669979279,0.06678993300010916
UTM-NN,243,nn,82.38,0.20511104000615887,0.06573317000584211
UTM-NN,244,nn,82.53,0.19738544099527644,0.06766408299881732
UTM-NN,245,nn,82.44,0.25437073499779217,0.06730885399883846
UTM-NN,246,nn,82.53,0.19752627600246342,0.0667586659983499
UTM-NN,247,nn,82.59,0.2177648919969215,0.06716963099461282
UTM-NN,248,nn,82.63000000000001,0.21814052700210596,0.06665630299539771
UTM-NN,249,nn,82.5,0.2687523739950848,0.06705895199411316
UTM-NN,250,nn,82.43,0.21989928300172323,0.06682691600144608
UTM-NN,251,nn,82.57,0.20719847299915273,0.06791688100202009
UTM-NN,252,nn,82.44,0.21179047300392995,0.06719796600373229
UTM-NN,253,nn,82.37,0.24480734799726633,0.06722433400136651
UTM-NN,254,nn,82.42,0.1953862750015105,0.06650014899787493
UTM-NN,255,nn,82.64,0.20572103899758076,0.06654957099817693
UTM-NN,256,nn,82.46,0.1975014400013606,0.06552683000336401
UTM-NN,257,nn,82.62,0.19848895999894012,0.06798023800365627
UTM-NN,258,nn,82.47,0.262955417005287,0.0675447979956516
UTM-NN,259,nn,82.59,0.20030683199729538,0.06834489899483742
UTM-NN,260,nn,82.61,0.19235319500148762,0.06677349800156662
UTM-NN,261,nn,82.52000000000001,0.21905063799931668,0.06674662199657178
UTM-NN,262,nn,82.46,0.2611635759967612,0.06681438999657985
UTM-NN,263,nn,82.57,0.21869240399973933,0.06836797700088937
UTM-NN,264,nn,82.55,0.2195497790016816,0.06757988900062628
UTM-NN,265,nn,82.53,0.21288812499551568,0.06687060300464509
UTM-NN,266,nn,82.49,0.26082858399604447,0.06873946199630154
UTM-NN,267,nn,82.66,0.2030559050035663,0.06511311099893646
UTM-NN,268,nn,82.47,0.21778683499724139,0.06646723700396251
UTM-NN,269,nn,82.54,0.21319025700358907,0.06790138199721696
UTM-NN,270,nn,82.50999999999999,0.2684149979977519,0.06630936099827522
UTM-NN,271,nn,82.61,0.2167487440019613,0.06763502899411833
UTM-NN,272,nn,82.35,0.2158345880015986,0.06629638400045224
UTM-NN,273,nn,82.54,0.20088907099852804,0.06657831500342581
UTM-NN,274,nn,82.5,0.260864591000427,0.06548677399405278
UTM-NN,275,nn,82.59,0.21991208800318418,0.0680955469943001
UTM-NN,276,nn,82.53,0.21103526200022316,0.06297062699741218
UTM-NN,277,nn,82.58,0.21820254100020975,0.06823260999954073
UTM-NN,278,nn,82.59,0.2679610780032817,0.06545704900054261
UTM-NN,279,nn,82.54,0.22182892300043022,0.06652614799531875
UTM-NN,280,nn,82.53,0.21629945700260578,0.06750605900015216
UTM-NN,281,nn,82.67999999999999,0.21515578099933919,0.06544653400487732
UTM-NN,282,nn,82.6,0.2265796740030055,0.06595871900208294
UTM-NN,283,nn,82.61,0.2701594379977905,0.0668169639975531
UTM-NN,284,nn,82.56,0.22041882399935275,0.06640980699739885
UTM-NN,285,nn,82.47,0.19948224800464232,0.06634536799538182
UTM-NN,286,nn,82.47,0.22077240199723747,0.06699608700000681
UTM-NN,287,nn,82.52000000000001,0.26165327800117666,0.06665695099945879
UTM-NN,288,nn,82.53,0.21012703199812677,0.06760748899978353
UTM-NN,289,nn,82.50999999999999,0.21652854499552632,0.06614444500155514
UTM-NN,290,nn,82.54,0.19561505800083978,0.06705147100001341
UTM-NN,291,nn,82.59,0.2696211460061022,0.06680567899456946
UTM-NN,292,nn,82.53,0.21889643900067313,0.0670276719974936
UTM-NN,293,nn,82.50999999999999,0.21694677799678175,0.06676848699862603
UTM-NN,294,nn,82.43,0.21732328600046458,0.06720984399726149
UTM-NN,295,nn,82.48,0.2559822589973919,0.06679501400503796
UTM-NN,296,nn,82.55,0.2009888559987303,0.0661541169974953
UTM-NN,297,nn,82.55,0.2205614990016329,0.06719185800466221
UTM-NN,298,nn,82.52000000000001,0.20046854599786457,0.06587960199976806
UTM-NN,299,nn,82.57,0.1980421140033286,0.06716825500188861
UTM-NN,300,nn,82.48,0.2717854130023625,0.06477313600043999
UTM-NN,301,nn,82.42,0.22022761499829357,0.06722481700126082
UTM-NN,302,nn,82.41000000000001,0.20955434899951797,0.06568774000334088
UTM-NN,303,nn,82.46,0.22225245900335722,0.06534613500116393
UTM-NN,304,nn,82.64,0.2671641809938592,0.06663035199744627
UTM-NN,305,nn,82.49,0.21988900200085482,0.06703523699979996
UTM-NN,306,nn,82.34,0.20459769399894867,0.06794193700625328
UTM-NN,307,nn,82.58,0.19926146200305084,0.06638787900010357
UTM-NN,308,nn,82.66,0.2641256630013231,0.06823814800009131
UTM-NN,309,nn,82.49,0.20047734699619468,0.06704338200506754
UTM-NN,310,nn,82.45,0.21970253700419562,0.06659507500444306
UTM-NN,311,nn,82.58,0.20043811499635922,0.0664356580018648
UTM-NN,312,nn,82.6,0.2622426199959591,0.06627582399960374
UTM-NN,313,nn,82.54,0.20131155399576528,0.06690811899898108
UTM-NN,314,nn,82.54,0.19623970999964513,0.06770730400603497
UTM-NN,315,nn,82.59,0.19659939099801704,0.06475234300160082
UTM-NN,316,nn,82.49,0.2567158819947508,0.06563576399639715
UTM-NN,317,nn,82.58,0.22168278800381813,0.06722513200656977
UTM-NN,318,nn,82.42,0.19952257499971893,0.06685770100011723
UTM-NN,319,nn,82.49,0.2001810830042814,0.06519098499848042
UTM-NN,320,nn,82.53,0.21960330699948827,0.06366557199362433
UTM-NN,321,nn,82.53,0.25714632000017446,0.06306698499975028
UTM-NN,322,nn,82.36,0.20008012199832592,0.06660628199460916
UTM-NN,323,nn,82.49,0.20390814800339285,0.0665362079962506
UTM-NN,324,nn,82.69,0.20227036999858683,0.06566324400046142
UTM-NN,325,nn,82.65,0.2693786279996857,0.06637821799813537
UTM-NN,326,nn,82.58,0.19893839900032617,0.06694412200158695
UTM-NN,327,nn,82.58,0.20116650899581145,0.06551262800348923
UTM-NN,328,nn,82.48,0.19745108800270827,0.06477832799282623
UTM-NN,329,nn,82.65,0.26674938399810344,0.065162111997779
UTM-NN,330,nn,82.54,0.20274380799673963,0.0671814870001981
UTM-NN,331,nn,82.54,0.194467948997044,0.06411392400332261
UTM-NN,332,nn,82.49,0.19828903499728767,0.06509491399629042
UTM-NN,333,nn,82.53,0.2594787490015733,0.0679508059984073
UTM-NN,334,nn,82.56,0.20519149900064804,0.06695868899987545
UTM-NN,335,nn,82.54,0.19775222799944459,0.06680172799678985
UTM-NN,336,nn,82.55,0.19590963199880207,0.0666240850041504
UTM-NN,337,nn,82.49,0.2450669210011256,0.06516611499682767
UTM-NN,338,nn,82.59,0.2025382800056832,0.06705751099798363
UTM-NN,339,nn,82.55,0.19902620500215562,0.06567251699743792
UTM-NN,340,nn,82.49,0.1958136229950469,0.06704425100178923
UTM-NN,341,nn,82.50999999999999,0.2451312400007737,0.06632574400282465
UTM-NN,342,nn,82.39,0.19600805699883495,0.06602913499955321
UTM-NN,343,nn,82.33,0.19798261699907016,0.06635989300411893
UTM-NN,344,nn,82.47,0.19623776099615498,0.06595593300153269
UTM-NN,345,nn,82.6,0.19546535200061044,0.06936133200360928
UTM-NN,346,nn,82.44,0.25030831200274406,0.06497543500154279
UTM-NN,347,nn,82.66,0.20795397499750834,0.06703803399432218
UTM-NN,348,nn,82.49,0.20258649800234707,0.06694954299746314
UTM-NN,349,nn,82.58,0.19915170400054194,0.06460430100560188
UTM-NN,350,nn,82.33,0.2585007620000397,0.06641036099608755
UTM-NN,351,nn,82.41000000000001,0.19538775700493716,0.06668473199533764
UTM-NN,352,nn,82.52000000000001,0.2160490039968863,0.06532690900348825
UTM-NN,353,nn,82.45,0.20204147099866532,0.06678838699735934
UTM-NN,354,nn,82.38,0.2702738239968312,0.06660629799443996
UTM-NN,355,nn,82.52000000000001,0.22128588600025978,0.06678686700615799
UTM-NN,356,nn,82.47,0.22267536300205393,0.06716410999797517
UTM-NN,357,nn,82.44,0.21279009700083407,0.06648711999878287
UTM-NN,358,nn,82.52000000000001,0.26318475399602903,0.06616707400098676
UTM-NN,359,nn,82.56,0.2061451340050553,0.0650695980002638
UTM-NN,360,nn,82.47,0.2091333990028943,0.0657250770018436
UTM-NN,361,nn,82.39,0.22579947100166464,0.064663561002817
UTM-NN,362,nn,82.56,0.2504334170007496,0.06660807300067972
UTM-NN,363,nn,82.39,0.22039848499844084,0.06691795799997635
UTM-NN,364,nn,82.53,0.21872094199352432,0.06730823800171493
UTM-NN,365,nn,82.46,0.21782057500240626,0.06421562399918912
UTM-NN,366,nn,82.50999999999999,0.24379071300063515,0.06511198799853446
UTM-NN,367,nn,82.59,0.2019563490030123,0.06766552299814066
UTM-NN,368,nn,82.62,0.21910551600012695,0.0665163739977288
UTM-NN,369,nn,82.64,0.20135279699752573,0.0667324039968662
UTM-NN,370,nn,82.48,0.19903683099983027,0.06509745500079589
UTM-NN,371,nn,82.48,0.26709531199594494,0.06747482599894283
UTM-NN,372,nn,82.50999999999999,0.19669424600579077,0.06488944400189212
UTM-NN,373,nn,82.49,0.20659229600278195,0.06738003599457443
UTM-NN,374,nn,82.45,0.21101215399539797,0.06803082899568835
UTM-NN,375,nn,82.62,0.2689044360013213,0.06747772900416749
UTM-NN,376,nn,82.44,0.219270472000062,0.06716255199717125
UTM-NN,377,nn,82.41000000000001,0.22050633899925742,0.06842768199567217
UTM-NN,378,nn,82.5,0.21590532600384904,0.06815296500280965
UTM-NN,379,nn,82.54,0.2574941860002582,0.0668033660040237
UTM-NN,380,nn,82.55,0.19818211600068025,0.06626736799807986
UTM-NN,381,nn,82.6,0.20968210299906787,0.06533186599699548
UTM-NN,382,nn,82.64,0.19786718300019857,0.06617815399658866
UTM-NN,383,nn,82.6,0.26782347900007153,0.06827551299647894
UTM-NN,384,nn,82.65,0.21870751200185623,0.06720687000051839
UTM-NN,385,nn,82.43,0.21978833400498843,0.06630823700106703
UTM-NN,386,nn,82.43,0.21680522600217955,0.06639888600329868
UTM-NN,387,nn,82.57,0.2704570790010621,0.06740600900229765
UTM-NN,388,nn,82.44,0.20385167600034038,0.06612816699635005
UTM-NN,389,nn,82.46,0.19671852099418174,0.06476352599565871
UTM-NN,390,nn,82.65,0.2232725039939396,0.06615054899884854
UTM-NN,391,nn,82.50999999999999,0.2160036690038396,0.06586043699644506
UTM-NN,392,nn,82.58,0.26942253300512675,0.06709265999961644
UTM-NN,393,nn,82.61,0.205166553001618,0.06692009199468885
UTM-NN,394,nn,82.5,0.20081297800061293,0.06768665900017368
UTM-NN,395,nn,82.56,0.20486464799614623,0.06789255799958482
UTM-NN,396,nn,82.47,0.2683250310001313,0.06662513199989917
UTM-NN,397,nn,82.5,0.2030846810012008,0.06763841999782017
UTM-NN,398,nn,82.5,0.20461294199776603,0.06716361200233223
UTM-NN,399,nn,82.48,0.20220119900477584,0.06514762900042115
UTM-NN,400,nn,82.72,0.2656498259966611,0.06747079599881545
UTM-NN,401,nn,82.52000000000001,0.22002017799968598,0.06738626900187228
UTM-NN,402,nn,82.42,0.2082306599986623,0.06673365699680289
UTM-NN,403,nn,82.5,0.20650369599752594,0.06375249899429036
UTM-NN,404,nn,82.56,0.2615529199974844,0.06449246400006814
UTM-NN,405,nn,82.53,0.19990084199525882,0.06460622599843191
UTM-NN,406,nn,82.57,0.19662430599419167,0.06689813300181413
UTM-NN,407,nn,82.65,0.19959776600444457,0.06362705700303195
UTM-NN,408,nn,82.59,0.25415623300068546,0.0642713389970595
UTM-NN,409,nn,82.57,0.19674008799484,0.06618495599832386
UTM-NN,410,nn,82.54,0.2040961159946164,0.06378272800066043
UTM-NN,411,nn,82.53,0.21894056200108025,0.06591638500685804
UTM-NN,412,nn,82.39999999999999,0.27071336000517476,0.06405387999984669
UTM-NN,413,nn,82.39999999999999,0.21912675299972761,0.06688285400014138
UTM-NN,414,nn,82.56,0.21955245199933415,0.06684485800360562
UTM-NN,415,nn,82.69999999999999,0.21943187899887562,0.06647818700002972
UTM-NN,416,nn,82.46,0.1997560359959607,0.06668697699933546
UTM-NN,417,nn,82.43,0.2521078520003357,0.06758650199481053
UTM-NN,418,nn,82.48,0.20411318499827757,0.06703843700233847
UTM-NN,419,nn,82.52000000000001,0.2041723459988134,0.06674740800372092
UTM-NN,420,nn,82.39,0.1998309680056991,0.06479076199320843
UTM-NN,421,nn,82.46,0.26873910399444867,0.06668766999791842
UTM-NN,422,nn,82.59,0.22051108199957525,0.0660292920001666
UTM-NN,423,nn,82.44,0.19794617199659115,0.06724012599443085
UTM-NN,424,nn,82.50999999999999,0.20779371999378782,0.06422314900555648
UTM-NN,425,nn,82.63000000000001,0.26758787099970505,0.06699064699932933
UTM-NN,426,nn,82.56,0.19632118600566173,0.06706871400092496
UTM-NN,427,nn,82.54,0.20076160399912624,0.067753615003312
UTM-NN,428,nn,82.59,0.19533320500340778,0.06773995100229513
UTM-NN,429,nn,82.5,0.25295330800145166,0.06512483299593441
UTM-NN,430,nn,82.56,0.19704899299540557,0.06738291499641491
UTM-NN,431,nn,82.56,0.20304229199973634,0.06462491799902637
UTM-NN,432,nn,82.48,0.19580592199781677,0.06728702299733413
UTM-NN,433,nn,82.59,0.2497221849989728,0.06923552600346738
UTM-NN,434,nn,82.33,0.19690296200133162,0.06699266899522627
UTM-NN,435,nn,82.52000000000001,0.19660158499755198,0.06719228699512314
UTM-NN,436,nn,82.59,0.19600860199716408,0.06699523300630972
UTM-NN,437,nn,82.41000000000001,0.24661078499775613,0.0655976229973021
UTM-NN,438,nn,82.66,0.19548343600035878,0.06736540500423871
UTM-NN,439,nn,82.5,0.19880831099726493,0.0673757319964352
UTM-NN,440,nn,82.58,0.19736623000062536,0.06626729600247927
UTM-NN,441,nn,82.62,0.20077689000027021,0.06785947099706391
UTM-NN,442,nn,82.47,0.24649489400326274,0.06661822999740252
UTM-NN,443,nn,82.6,0.19875899999897229,0.0655913770024199
UTM-NN,444,nn,82.48,0.19847583699447569,0.06733152399829123
UTM-NN,445,nn,82.42,0.2206524509965675,0.06670161800138885
UTM-NN,446,nn,82.43,0.2539830419991631,0.06615548599802423
UTM-NN,447,nn,82.54,0.19751908400212415,0.06747882800118532
UTM-NN,448,nn,82.50999999999999,0.19685318099800497,0.0661166870049783
UTM-NN,449,nn,82.32000000000001,0.1950329690007493,0.06690635499398923
UTM-NN,450,nn,82.66,0.25909018899983494,0.06683505600085482
UTM-NN,451,nn,82.42,0.19791274900489952,0.06593942699691979
UTM-NN,452,nn,82.57,0.20795834899763577,0.06732362100592582
UTM-NN,453,nn,82.47,0.19920257699413924,0.06900098500045715
UTM-NN,454,nn,82.67999999999999,0.2546435999975074,0.06722675899800379
UTM-NN,455,nn,82.44,0.19936502299970016,0.06752769900049316
UTM-NN,456,nn,82.69999999999999,0.1976559440008714,0.06234818499797257
UTM-NN,457,nn,82.49,0.1964459849987179,0.06581114400614752
UTM-NN,458,nn,82.54,0.250065509993874,0.0662147749972064
UTM-NN,459,nn,82.46,0.1944042699979036,0.06832885400217492
UTM-NN,460,nn,82.48,0.1961488310043933,0.06691391799540725
UTM-NN,461,nn,82.55,0.20451473200228065,0.06715597600123147
UTM-NN,462,nn,82.66,0.22308552500180667,0.06689737800479634
UTM-NN,463,nn,82.47,0.27046026999596506,0.06705736400181195
UTM-NN,464,nn,82.36,0.21973562100174604,0.06626722500368487
UTM-NN,465,nn,82.67,0.20056513000599807,0.06858707500214223
UTM-NN,466,nn,82.53,0.19908626800315687,0.06826275899948087
UTM-NN,467,nn,82.43,0.26874878700618865,0.06664921999617945
UTM-NN,468,nn,82.49,0.21254017899627797,0.0673076890016091
UTM-NN,469,nn,82.42,0.20107301399548305,0.06696646300406428
UTM-NN,470,nn,82.53,0.19537385200237622,0.06743541900505079
UTM-NN,471,nn,82.5,0.2604993770000874,0.0664382309987559
UTM-NN,472,nn,82.53,0.19839794200379401,0.06753877699520672
UTM-NN,473,nn,82.48,0.20052252099412726,0.06766996700025629
UTM-NN,474,nn,82.65,0.19645589499850757,0.06763482300448231
UTM-NN,475,nn,82.55,0.2597280440022587,0.067813539004419
UTM-NN,476,nn,82.46,0.19618238300608937,0.06773758399504004
UTM-NN,477,nn,82.46,0.1962845220041345,0.06746946299972478
UTM-NN,478,nn,82.49,0.1964332679999643,0.06627669400040759
UTM-NN,479,nn,82.41000000000001,0.2556837119991542,0.06692048699915176
UTM-NN,480,nn,82.48,0.19827133399667218,0.06538886499765795
UTM-NN,481,nn,82.69,0.1981789179990301,0.06753486699744826
UTM-NN,482,nn,82.43,0.19761949900566833,0.0671428779969574
UTM-NN,483,nn,82.61,0.2483838719999767,0.06704592700407375
UTM-NN,484,nn,82.6,0.20219653799722437,0.06783032700332114
UTM-NN,485,nn,82.55,0.2014106520000496,0.06415525900229113
UTM-NN,486,nn,82.44,0.201202933996683,0.0663815110019641
UTM-NN,487,nn,82.49,0.20257737999781966,0.06856161799805705
UTM-NN,488,nn,82.39,0.26743138799793087,0.06806773399875965
UTM-NN,489,nn,82.54,0.2009656200025347,0.06847963399923174
UTM-NN,490,nn,82.53,0.203968278998218,0.0670586269989144
UTM-NN,491,nn,82.57,0.1986851609981386,0.06767683999350993
UTM-NN,492,nn,82.50999999999999,0.2692546329999459,0.06711512499896344
UTM-NN,493,nn,82.44,0.19856811800127616,0.06810056199901737
UTM-NN,494,nn,82.57,0.20039189999806695,0.066685329999018
UTM-NN,495,nn,82.34,0.19590879900351865,0.06581437899876619
UTM-NN,496,nn,82.46,0.24658645800082013,0.06671797500166576
UTM-NN,497,nn,82.48,0.19937343699712073,0.06653940399701241
UTM-NN,498,nn,82.54,0.2017469610000262,0.06675950199860381
UTM-NN,499,nn,82.64,0.20144564399379306,0.0670622129982803
UTM-NN,500,nn,82.5,0.2585023259962327,0.06838428400078556
