method,epoch,model_type,test_accuracy,train_time,test_time
UTM,1,tm,63.38,0.5916980809997767,0.07048838699847693
UTM,2,tm,65.61,0.5268481980001525,0.07280639899909147
UTM,3,tm,65.94,0.5293565689989919,0.07176285200148413
UTM,4,tm,65.51,0.5103452450002806,0.07248688700019557
UTM,5,tm,66.67999999999999,0.5108726430007664,0.0711211359994195
UTM,6,tm,65.78,0.5184022600005846,0.0729859729999589
UTM,7,tm,66.01,0.5132641449999937,0.07260344099995564
UTM,8,tm,66.71000000000001,0.5222652979991835,0.07170255700111738
UTM,9,tm,66.69,0.508686076000231,0.071760249998988
UTM,10,tm,66.9,0.5106032100011362,0.07231340099860972
UTM,11,tm,66.56,0.5115731549994962,0.07506871300029161
UTM,12,tm,66.97,0.5133099880004011,0.07181616600064444
UTM,13,tm,67.54,0.5167535370001133,0.07205164200058789
UTM,14,tm,67.24,0.5062932109995018,0.07240819999969972
UTM,15,tm,67.19000000000001,0.5110425110015058,0.07252369599882513
UTM,16,tm,66.92,0.5089382370006206,0.07235548400058178
UTM,17,tm,66.86,0.5015475089985557,0.07230493299903173
UTM,18,tm,66.85,0.5063963459997467,0.07232001000011223
UTM,19,tm,67.57,0.5170897640000476,0.07219162299952586
UTM,20,tm,67.63,0.5077749510001013,0.07234949700068682
UTM,21,tm,67.55,0.5035095460007142,0.072230412000863
UTM,22,tm,67.55,0.513506186000086,0.07235819800007448
UTM,23,tm,67.15,0.506134684999779,0.07093479899958766
UTM,24,tm,67.46,0.5067588549991342,0.0727458530000149
UTM,25,tm,67.72,0.4998516269988613,0.07231949500055634
UTM,26,tm,67.32000000000001,0.5151587559994368,0.07129701099984231
UTM,27,tm,67.86999999999999,0.49720578100095736,0.07230368700038525
UTM,28,tm,68.10000000000001,0.5043729469998652,0.0725741559999733
UTM,29,tm,68.11,0.5151861440008361,0.07187902400073654
UTM,30,tm,67.58,0.5079526090012223,0.07311371600007988
UTM,31,tm,67.13,0.49570700299955206,0.07118477000040002
UTM,32,tm,67.80000000000001,0.49771210299877566,0.07212198399975023
UTM,33,tm,67.85,0.5105215889998362,0.07260898300046392
UTM,34,tm,67.62,0.49112283600152296,0.07232633899911889
UTM,35,tm,67.47999999999999,0.4999542189998465,0.07226889800040226
UTM,36,tm,67.19000000000001,0.5049153010004375,0.07078552800157922
UTM,37,tm,67.80000000000001,0.4929198589998123,0.07196646300144494
UTM,38,tm,67.66,0.4985201089984912,0.0738330500007578
UTM,39,tm,67.65,0.5041192249991582,0.0719146940009523
UTM,40,tm,68.07,0.5068239490010455,0.07126322899966908
UTM,41,tm,67.57,0.5031552220007143,0.07164164099958725
UTM,42,tm,67.75,0.49860062500010827,0.07241575299849501
UTM,43,tm,67.61,0.5107667979991675,0.07229344300139928
UTM,44,tm,67.95,0.5062791820000712,0.07374119000087376
UTM,45,tm,67.93,0.5069111140001041,0.07413257400003204
UTM,46,tm,67.86999999999999,0.5103089650001493,0.07296419500016782
UTM,47,tm,68.2,0.5055411130015273,0.07340322299933177
UTM,48,tm,67.57,0.503667551000035,0.07207965100133151
UTM,49,tm,67.54,0.5027090919993498,0.0722595299994282
UTM,50,tm,67.4,0.5048409390001325,0.07222334600010072
UTM,51,tm,67.44,0.5083064909995301,0.0707373559998814
UTM,52,tm,67.4,0.49758757099880313,0.07381888700001582
UTM,53,tm,67.15,0.5068424169985519,0.07205028099997435
UTM,54,tm,67.36,0.4957781530010834,0.0708862979990954
UTM,55,tm,67.75999999999999,0.49612033300036273,0.07278992499959713
UTM,56,tm,67.47,0.5053361549998954,0.07177311399937025
UTM,57,tm,67.30000000000001,0.5033889879996423,0.0734610330000578
UTM,58,tm,67.49000000000001,0.5042245750009897,0.0703716819989495
UTM,59,tm,67.66,0.5068161899998813,0.0713865479992819
UTM,60,tm,67.78,0.5127381210004387,0.07261322100021061
UTM,61,tm,68.08,0.49366427499990095,0.07133808300022793
UTM,62,tm,67.75,0.5025506729998597,0.07010029099910753
UTM,63,tm,67.97999999999999,0.5024005220002437,0.07201190100022359
UTM,64,tm,67.73,0.5151453440012119,0.07180648000030487
UTM,65,tm,67.69,0.5059778699996968,0.07270719400003145
UTM,66,tm,67.58,0.5036610160004784,0.07237147500018182
UTM,67,tm,67.58999999999999,0.5071381420002581,0.07239946499976213
UTM,68,tm,68.0,0.5036547929994413,0.07331611900008284
UTM,69,tm,67.86999999999999,0.48834874000021955,0.07206790700001875
UTM,70,tm,68.08,0.5017087470005208,0.07076365400098439
UTM,71,tm,67.71000000000001,0.49684949699985737,0.07227058600074088
UTM,72,tm,67.78,0.5011015989985026,0.07059054400087916
UTM,73,tm,68.04,0.5020399039985932,0.07284691600034421
UTM,74,tm,67.65,0.505417126998509,0.07236998400003358
UTM,75,tm,67.66,0.50132767300056,0.07233188499958487
UTM,76,tm,67.51,0.494793607000247,0.0710467000008066
UTM,77,tm,67.73,0.4996156710003561,0.07170670500090637
UTM,78,tm,67.67999999999999,0.49752602000080515,0.07209733800118556
UTM,79,tm,67.72,0.507323155999984,0.07106180300070264
UTM,80,tm,67.89,0.50361489199895,0.07244060599987279
UTM,81,tm,68.04,0.5011476130002848,0.07149874399874534
UTM,82,tm,68.2,0.4978046499982156,0.08022417699976359
UTM,83,tm,68.28,0.5171037950003665,0.07371116099966457
UTM,84,tm,68.07,0.5038364350002666,0.0733733699998993
UTM,85,tm,67.84,0.4984763380016375,0.07321701499859046
UTM,86,tm,67.89,0.510417375000543,0.0738582200010569
UTM,87,tm,67.80000000000001,0.501703712001472,0.0742113390006125
UTM,88,tm,67.62,0.504838437998842,0.07303793800019776
UTM,89,tm,67.69,0.516246515999228,0.0738085820012202
UTM,90,tm,67.82000000000001,0.5069309350001276,0.07281593299921951
UTM,91,tm,67.96,0.5027692229996319,0.07312809200084303
UTM,92,tm,67.93,0.49792471500040847,0.0725819089984725
UTM,93,tm,67.86,0.4950877709998167,0.07189014400137239
UTM,94,tm,67.83,0.5096862490008789,0.0729061530000763
UTM,95,tm,67.69,0.49348363200078893,0.07354102300087106
UTM,96,tm,67.80000000000001,0.511247196000113,0.0725035300001764
UTM,97,tm,67.30000000000001,0.49723381900003005,0.07346588499967766
UTM,98,tm,67.71000000000001,0.5071397190004063,0.07204984000054537
UTM,99,tm,67.85,0.49084858400055964,0.07481823499983875
UTM,100,tm,67.99,0.504953319001288,0.07086885500029894
UTM,101,tm,68.15,0.5023085230004654,0.07237461700060521
UTM,102,tm,68.06,0.5032259910003631,0.0730694220001169
UTM,103,tm,68.05,0.5014247430008254,0.0705920939999487
UTM,104,tm,67.97,0.49808741599917994,0.07229269900017243
UTM,105,tm,67.7,0.49981885200031684,0.07392340799924568
UTM,106,tm,67.63,0.5055360599999403,0.07098231200143346
UTM,107,tm,67.75,0.504485993000344,0.07121913499941002
UTM,108,tm,67.71000000000001,0.5003938899990317,0.07051580100051069
UTM,109,tm,67.83,0.4961412680004287,0.07367739400069695
UTM,110,tm,67.21000000000001,0.5151314570011891,0.07396851500016055
UTM,111,tm,67.63,0.5071645049993094,0.07179095399988
UTM,112,tm,67.71000000000001,0.5078927730010037,0.07342387900098402
UTM,113,tm,67.60000000000001,0.5086951850007608,0.07207665499845461
UTM,114,tm,67.58999999999999,0.5020712960013043,0.07738478899955226
UTM,115,tm,67.77,0.5098933360004594,0.07395526700020127
UTM,116,tm,67.61,0.5028472030007833,0.07256684799904178
UTM,117,tm,67.67999999999999,0.5073800919999485,0.07219015000009676
UTM,118,tm,67.31,0.507212010999865,0.07300117900012992
UTM,119,tm,67.39,0.5100986180004838,0.07253818299977866
UTM,120,tm,67.39,0.5056077939989336,0.07251631899998756
UTM,121,tm,67.31,0.4939994560008927,0.07322150600157329
UTM,122,tm,67.64,0.4977802490011527,0.07152707500063116
UTM,123,tm,67.9,0.5023108949990274,0.07258477499999572
UTM,124,tm,67.62,0.5039262730006158,0.07262268300110009
UTM,125,tm,67.91,0.5024207570004364,0.07193008200010809
UTM,126,tm,67.93,0.49854720099938277,0.07400577800035535
UTM,127,tm,68.05,0.5038859509986651,0.07287287299914169
UTM,128,tm,67.75,0.4991251969986479,0.07263549900017097
UTM,129,tm,67.58999999999999,0.4995691159983835,0.072196848999738
UTM,130,tm,67.58999999999999,0.5058977690005122,0.07176928600165411
UTM,131,tm,67.43,0.5089413980003883,0.07257938900147565
UTM,132,tm,67.16,0.5099190100008855,0.07256404899999325
UTM,133,tm,67.9,0.5033858859987959,0.0727793850001035
UTM,134,tm,67.67999999999999,0.5079334790007124,0.07286980199933168
UTM,135,tm,67.88,0.5049135030003526,0.07095440600096481
UTM,136,tm,68.16,0.506749021998985,0.07233038899903477
UTM,137,tm,67.95,0.49650940999890736,0.07362398700024642
UTM,138,tm,67.61,0.5011943540011998,0.07334832000015012
UTM,139,tm,67.77,0.5001876589994936,0.07371984299970791
UTM,140,tm,67.78,0.5036953409999114,0.07277327699921443
UTM,141,tm,67.45,0.5093832570000814,0.07146269800068694
UTM,142,tm,67.4,0.4910273710011097,0.07353908900040551
UTM,143,tm,67.58,0.5025209110008291,0.07418497700018634
UTM,144,tm,67.5,0.49858842700086825,0.07150849000026938
UTM,145,tm,67.73,0.5006140740006231,0.0729774979990907
UTM,146,tm,67.58,0.5060864730003232,0.07393085699914081
UTM,147,tm,67.75999999999999,0.5113210460003756,0.07352431399885972
UTM,148,tm,67.63,0.5078652900010638,0.0725206259994593
UTM,149,tm,67.55,0.5052542530011124,0.0728961109998636
UTM,150,tm,67.69,0.5031024569998408,0.075142469999264
UTM,151,tm,67.7,0.5118975740006135,0.07377947600070911
UTM,152,tm,67.31,0.5061962639992998,0.07829518200014718
UTM,153,tm,67.58,0.506140110999695,0.07251986899973417
UTM,154,tm,67.49000000000001,0.5143702049990679,0.07240666199868429
UTM,155,tm,67.57,0.5199365179996676,0.07314672599932237
UTM,156,tm,68.15,0.5050573740008986,0.07301952700072434
UTM,157,tm,67.83,0.5149052919987298,0.07373812300102145
UTM,158,tm,67.81,0.5099609839999175,0.07278321600097115
UTM,159,tm,68.17,0.5179759270013164,0.073954193998361
UTM,160,tm,67.99,0.510793414001455,0.07262500400065619
UTM,161,tm,68.03,0.4949966640015191,0.07191257399972528
UTM,162,tm,67.93,0.5080549410013191,0.07251460200131987
UTM,163,tm,67.94,0.503210262999346,0.07453962399995362
UTM,164,tm,67.62,0.5037038949994894,0.07185697100067046
UTM,165,tm,67.65,0.5008264099997177,0.07242122900061077
UTM,166,tm,67.55,0.5042457919989829,0.07480160600061936
UTM,167,tm,67.66,0.49628235300042434,0.07301090699911583
UTM,168,tm,67.78999999999999,0.5024347340004169,0.07310976200096775
UTM,169,tm,67.47,0.5254345710000052,0.0740610970005946
UTM,170,tm,67.54,0.504583118001392,0.07414547100052005
UTM,171,tm,67.52,0.5054143369998201,0.07175089900010789
UTM,172,tm,67.66,0.49608640400037984,0.07066334699993604
UTM,173,tm,67.97,0.5002866849990824,0.07367855400116241
UTM,174,tm,68.02,0.5142536189996463,0.07322469400060072
UTM,175,tm,67.97,0.5080257680001523,0.07350544400105719
UTM,176,tm,67.71000000000001,0.5033375139992131,0.0711758830002509
UTM,177,tm,67.65,0.5041128670000035,0.07117095700050413
UTM,178,tm,67.86,0.5063821060011833,0.0735594219986524
UTM,179,tm,67.75999999999999,0.5121170359998359,0.07348030699904484
UTM,180,tm,67.75,0.5061088700003893,0.07359733499833965
UTM,181,tm,67.61,0.5109341489987855,0.0734428689993365
UTM,182,tm,68.02,0.5032932439989963,0.0712385639999411
UTM,183,tm,67.93,0.4992307999982586,0.07285967600000731
UTM,184,tm,67.97,0.512096696998924,0.07110101299986127
UTM,185,tm,68.08,0.49674643400067,0.07173357400097302
UTM,186,tm,67.95,0.5027633650006464,0.07193787899996096
UTM,187,tm,67.64,0.5058659619990067,0.07061290199999348
UTM,188,tm,67.61,0.5049806600000011,0.07280208599877369
UTM,189,tm,67.81,0.5026059470001201,0.07077510400085885
UTM,190,tm,68.07,0.5090785219999816,0.07260087999929965
UTM,191,tm,67.46,0.5056151780008804,0.07369491700046638
UTM,192,tm,67.88,0.5008061139997153,0.07272863499929372
UTM,193,tm,67.61,0.4937301549998665,0.0729388959989592
UTM,194,tm,67.53,0.5075202769985481,0.07252955200056022
UTM,195,tm,67.91,0.5068907710010535,0.07276937099959468
UTM,196,tm,68.41000000000001,0.5054865879992576,0.07255797099969641
UTM,197,tm,68.33,0.5084691880001628,0.07273265000003448
UTM,198,tm,68.10000000000001,0.510134353000467,0.07252544000039052
UTM,199,tm,67.99,0.5093522490005853,0.0689729650002846
UTM,200,tm,67.57,0.5035376870000619,0.0710141380004643
UTM,201,tm,67.44,0.5022336749989336,0.07143118400017556
UTM,202,tm,67.33,0.5051029339992965,0.0728291800005536
UTM,203,tm,67.44,0.510233185999823,0.07114112900126202
UTM,204,tm,67.36999999999999,0.5023052050000842,0.06931963300121424
UTM,205,tm,67.64,0.49951721799880033,0.07180641800005105
UTM,206,tm,67.78,0.5050688060000539,0.07104766899828974
UTM,207,tm,68.17,0.5077883590001875,0.07253175799996825
UTM,208,tm,68.17999999999999,0.49996244800058776,0.07247927000025811
UTM,209,tm,68.03,0.4987934770015272,0.07192066400057229
UTM,210,tm,67.91,0.5039666489992669,0.07031716900019092
UTM,211,tm,68.08999999999999,0.5033289160001004,0.07309347899899876
UTM,212,tm,68.03,0.4975398940005107,0.07287829400047485
UTM,213,tm,67.85,0.49461951500052237,0.07103435499993793
UTM,214,tm,67.74,0.5024295300008816,0.07217934000073001
UTM,215,tm,67.74,0.5018773150004563,0.07265823799934878
UTM,216,tm,67.38,0.49836028199933935,0.07198676400003023
UTM,217,tm,67.97999999999999,0.5050329469995631,0.0721251699997083
UTM,218,tm,68.0,0.4971186109996779,0.07043461200009915
UTM,219,tm,68.23,0.5000374280007236,0.07341435799935425
UTM,220,tm,68.01,0.49534855900128605,0.06933857200056082
UTM,221,tm,67.84,0.5065203889989789,0.07439161299953412
UTM,222,tm,68.03,0.5060991900008958,0.07214440200004901
UTM,223,tm,68.05,0.5037492370011023,0.07214301500061993
UTM,224,tm,67.72,0.4994988779999403,0.07256759899973986
UTM,225,tm,67.51,0.5037413280006149,0.0707412600004318
UTM,226,tm,67.58,0.5069255990001693,0.07603362400004698
UTM,227,tm,67.54,0.506808968999394,0.07236208400172472
UTM,228,tm,67.65,0.5111597729992354,0.07039139600055933
UTM,229,tm,67.67,0.49744376499984355,0.07106365800063941
UTM,230,tm,67.53,0.5058589709988155,0.07234746599897335
UTM,231,tm,67.75999999999999,0.5009301019999839,0.07102744999974675
UTM,232,tm,67.78,0.5041478779985482,0.07344050699975924
UTM,233,tm,67.36999999999999,0.5098644119989331,0.07267017300000589
UTM,234,tm,67.54,0.4959532670000044,0.07313181199970131
UTM,235,tm,68.05,0.501957037999091,0.0736059849987214
UTM,236,tm,67.80000000000001,0.5042012670000986,0.07338255399918125
UTM,237,tm,67.93,0.5087328429999616,0.07376709199888865
UTM,238,tm,68.05,0.5129679260007833,0.07392421900112822
UTM,239,tm,67.99,0.4935128569995868,0.07162467800117156
UTM,240,tm,67.47999999999999,0.5074172540007567,0.07370044100025552
UTM,241,tm,67.81,0.5037534220009547,0.07103343199923984
UTM,242,tm,67.72,0.5070108589989104,0.07114963099957095
UTM,243,tm,67.58,0.5055717849991197,0.07473362299970177
UTM,244,tm,67.55,0.504905821999273,0.07383213299908675
UTM,245,tm,67.73,0.4949028199989698,0.07266910699945583
UTM,246,tm,67.64,0.5021593800011033,0.0709952710003563
UTM,247,tm,67.78,0.5085140570008662,0.07216961199992511
UTM,248,tm,67.84,0.5009183559996018,0.07197623700085387
UTM,249,tm,67.97,0.5043295019986545,0.07122684299974935
UTM,250,tm,68.07,0.5003359880010976,0.07242591099929996
UTM,251,tm,68.08,0.5065844490000018,0.07388495499981218
UTM,252,tm,67.80000000000001,0.5075000469987572,0.0727364199992735
UTM,253,tm,68.27,0.5077702529997623,0.07110874399950262
UTM,254,tm,68.04,0.5093099619989516,0.07278326300001936
UTM,255,tm,67.85,0.5098524530003488,0.071964732998822
UTM,256,tm,68.14,0.5080147330008913,0.07265903100051219
UTM,257,tm,67.67,0.5001488009984314,0.07067291700150236
UTM,258,tm,67.53,0.504420580000442,0.07190387599985115
UTM,259,tm,67.62,0.5120034060000762,0.07200379000096291
UTM,260,tm,66.81,0.5078137079999578,0.07328767899889499
UTM,261,tm,67.60000000000001,0.5081406740009697,0.07501324099939666
UTM,262,tm,67.44,0.5043885150007554,0.07318455000131507
UTM,263,tm,68.01,0.5026929839987133,0.07488774500052386
UTM,264,tm,68.2,0.5092435989990918,0.07446280799922533
UTM,265,tm,68.25,0.5045050300013827,0.0735353309992206
UTM,266,tm,67.99,0.5127825549989211,0.07157054799972684
UTM,267,tm,68.15,0.4987410159992578,0.07398031199954858
UTM,268,tm,68.43,0.5015977209986886,0.07401457100058906
UTM,269,tm,67.83,0.4973587469994527,0.07128517199998896
UTM,270,tm,67.73,0.4909696899994742,0.07385402899853943
UTM,271,tm,68.17999999999999,0.5059648719998222,0.07140160900053161
UTM,272,tm,67.91,0.49286368300090544,0.07439582199913275
UTM,273,tm,67.75999999999999,0.5003658940004243,0.07260846000099264
UTM,274,tm,67.38,0.5040376900014962,0.07273252999948454
UTM,275,tm,67.64,0.5068269989988039,0.07075960300062434
UTM,276,tm,67.57,0.4889449660004175,0.07298090000040247
UTM,277,tm,67.97,0.4967268390009849,0.07215390400051547
UTM,278,tm,68.08999999999999,0.5044930329986528,0.07237736099887115
UTM,279,tm,67.75999999999999,0.501549492999402,0.07481246300085331
UTM,280,tm,67.94,0.5057028419996641,0.07191569600036019
UTM,281,tm,67.89,0.5069344929997897,0.0728340540008503
UTM,282,tm,67.82000000000001,0.4991815490011504,0.07529321099900699
UTM,283,tm,67.9,0.5075234119995002,0.07270642500043323
UTM,284,tm,67.74,0.5008872799990058,0.07243471999936446
UTM,285,tm,67.78,0.5108439830000862,0.07234160999905725
UTM,286,tm,67.62,0.5111945930002548,0.07420970900057
UTM,287,tm,67.75999999999999,0.5056970589994307,0.07188143799976388
UTM,288,tm,67.73,0.4832071279997763,0.07071456199992099
UTM,289,tm,67.36999999999999,0.4990759120009898,0.07096772300064913
UTM,290,tm,67.49000000000001,0.49274180099928344,0.07135405199915112
UTM,291,tm,67.75,0.505769131001216,0.07280123499913316
UTM,292,tm,67.52,0.5159078929991665,0.07288064999920607
UTM,293,tm,67.7,0.5090644000010798,0.07121354999981122
UTM,294,tm,67.74,0.5129995059996872,0.07271057899924926
UTM,295,tm,67.72,0.5021854459992028,0.07256913400124176
UTM,296,tm,67.60000000000001,0.5044787989991164,0.07284535399958258
UTM,297,tm,67.94,0.5057155490012519,0.07541326200043841
UTM,298,tm,67.88,0.5046025369993004,0.07283001300129399
UTM,299,tm,67.71000000000001,0.5171978220005258,0.07331962799980829
UTM,300,tm,68.05,0.5165462540007866,0.07335713599968585
UTM,301,tm,67.86,0.49925019900001644,0.07409080700017512
UTM,302,tm,67.97999999999999,0.5011528020004334,0.07311221100098919
UTM,303,tm,67.97999999999999,0.509438080000109,0.07152358900020772
UTM,304,tm,67.78,0.5112046009999176,0.07372020299953874
UTM,305,tm,67.58,0.5051579780010798,0.0739868580003531
UTM,306,tm,67.74,0.5162192589996266,0.07318791400030022
UTM,307,tm,67.77,0.4912301570002455,0.07047914500071784
UTM,308,tm,67.78999999999999,0.5012030389989377,0.07367833999887807
UTM,309,tm,67.91,0.5045998320001672,0.07268922899856989
UTM,310,tm,68.32000000000001,0.49661425500016776,0.07090465100009169
UTM,311,tm,68.25,0.5072608690006746,0.07258074799938186
UTM,312,tm,68.03,0.4952132790003816,0.07090253900059906
UTM,313,tm,67.96,0.5045705049997196,0.07253016799950274
UTM,314,tm,68.4,0.5105799440007104,0.07296433000010438
UTM,315,tm,67.86,0.5172436089997063,0.07244810600059282
UTM,316,tm,67.56,0.4978102079985547,0.07358613299948047
UTM,317,tm,67.34,0.4969915450001281,0.07210268000017095
UTM,318,tm,67.85,0.49645469700044487,0.07411031800074852
UTM,319,tm,68.33,0.5079171289999067,0.07349055800114002
UTM,320,tm,68.56,0.5048317649998353,0.0728261839994957
UTM,321,tm,68.36,0.5078209900002548,0.07697676700081502
UTM,322,tm,68.27,0.5054649600006087,0.07010778999938339
UTM,323,tm,67.95,0.49853205399995204,0.07238622499971825
UTM,324,tm,68.23,0.5004689039997174,0.07283565800025826
UTM,325,tm,68.17999999999999,0.5014455349992204,0.07189807299982931
UTM,326,tm,68.13,0.5024238890000561,0.07292977299948689
UTM,327,tm,67.94,0.5004737259987451,0.07308193900098559
UTM,328,tm,67.66,0.5036695950002468,0.0707905839990417
UTM,329,tm,67.73,0.4944090859989956,0.07189438899877132
UTM,330,tm,67.60000000000001,0.5003839350010821,0.0719124709994503
UTM,331,tm,67.73,0.5139799539992964,0.07208885999898484
UTM,332,tm,67.67,0.5061517399990407,0.07349503499972343
UTM,333,tm,67.72,0.5091299390005588,0.07882543599953351
UTM,334,tm,67.75999999999999,0.5158421790001739,0.07327528300083941
UTM,335,tm,67.67999999999999,0.5008858609999152,0.07095963100073277
UTM,336,tm,67.60000000000001,0.49782422200041765,0.07256435599992983
UTM,337,tm,67.58999999999999,0.5084974940000393,0.07281731000148284
UTM,338,tm,68.10000000000001,0.5072124479993363,0.07231594499899074
UTM,339,tm,67.86,0.49889428300048166,0.07174286000008578
UTM,340,tm,68.05,0.5069537340004899,0.07303292399956263
UTM,341,tm,67.92,0.5052586760011764,0.0716845850001846
UTM,342,tm,68.17,0.5041021189990715,0.07255313099994964
UTM,343,tm,68.08999999999999,0.5063142670005618,0.07194929100114678
UTM,344,tm,67.88,0.507179931999417,0.07230819100004737
UTM,345,tm,67.85,0.5081844699998328,0.07366091000039887
UTM,346,tm,67.93,0.509976793999158,0.07198305500060087
UTM,347,tm,67.96,0.5085555980003846,0.07040638199941895
UTM,348,tm,67.89,0.5153619430002436,0.07073847799983923
UTM,349,tm,67.53,0.495817483000792,0.07265898999867204
UTM,350,tm,67.28,0.5067262640004628,0.0749797859989485
UTM,351,tm,67.41,0.5047972590000427,0.07375970700013568
UTM,352,tm,67.19000000000001,0.5068129030005366,0.07433739800035255
UTM,353,tm,67.43,0.5080798790004337,0.07278313099959632
UTM,354,tm,67.47,0.49998982299985073,0.07058587500068825
UTM,355,tm,67.03,0.5036393210011738,0.0725478309996106
UTM,356,tm,67.33,0.5025386930010427,0.07042566400014039
UTM,357,tm,67.78,0.5093213479995029,0.07701840899972012
UTM,358,tm,67.97,0.5003698750006151,0.07479004699962388
UTM,359,tm,68.05,0.5134458929987886,0.07316186200114316
UTM,360,tm,67.77,0.4979092390003643,0.07223147699914989
UTM,361,tm,67.95,0.4935064040000725,0.0710305230004451
UTM,362,tm,67.91,0.5097904229987762,0.0718237670007511
UTM,363,tm,67.5,0.5010959280007228,0.07305269499920541
UTM,364,tm,67.54,0.49821194800097146,0.07143088299926603
UTM,365,tm,67.96,0.506416240001272,0.07262008099860395
UTM,366,tm,67.36,0.5047503100013273,0.0735534989998996
UTM,367,tm,67.65,0.5034018520000245,0.0728918419990805
UTM,368,tm,67.57,0.5055078189998312,0.07681866200073273
UTM,369,tm,67.21000000000001,0.5069452759998967,0.07121966600061569
UTM,370,tm,67.54,0.508643110999401,0.07542918399849441
UTM,371,tm,67.77,0.5057464889996481,0.07420933499997773
UTM,372,tm,67.92,0.5150225540000974,0.07191819199942984
UTM,373,tm,67.64,0.5018319089995202,0.07316519599953608
UTM,374,tm,67.55,0.5017755919998308,0.07237095599884924
UTM,375,tm,67.86,0.497725145000004,0.07274835799944412
UTM,376,tm,67.15,0.4996828259991162,0.0739113029994769
UTM,377,tm,67.58999999999999,0.5063352839988511,0.07073211599890783
UTM,378,tm,67.22,0.504743244000565,0.072680285999013
UTM,379,tm,67.33,0.5122755249994952,0.07195638500161294
UTM,380,tm,67.4,0.5257534409993241,0.07247661799920024
UTM,381,tm,67.85,0.49388392900073086,0.07182288700096251
UTM,382,tm,67.97999999999999,0.5169984090007347,0.07340923800074961
UTM,383,tm,67.88,0.506507492998935,0.07170430299993313
UTM,384,tm,67.66,0.5029466460000549,0.0721886720002658
UTM,385,tm,67.55,0.5134712390008644,0.07121634999930393
UTM,386,tm,67.75,0.5116268490000948,0.07268214400028228
UTM,387,tm,67.88,0.48233395900024334,0.07260589799989248
UTM,388,tm,67.61,0.5105082980007865,0.07215585300036764
UTM,389,tm,67.75,0.49980087900075887,0.07110243500028446
UTM,390,tm,67.67,0.5093440270011342,0.07351924700014933
UTM,391,tm,67.97999999999999,0.5087563710003451,0.07310461199995189
UTM,392,tm,67.80000000000001,0.5026982039998984,0.07276636099959433
UTM,393,tm,67.41,0.4992192240006261,0.0726083240006119
UTM,394,tm,66.89,0.5003440500004217,0.07339644000057888
UTM,395,tm,66.91,0.4948287560000608,0.07265616100085026
UTM,396,tm,67.25,0.4927956120009185,0.07198684600007255
UTM,397,tm,66.74,0.49934185200072534,0.07237242299925128
UTM,398,tm,67.25,0.505706616999305,0.07124266899882059
UTM,399,tm,67.2,0.4916517660003592,0.07280529999843566
UTM,400,tm,67.82000000000001,0.4996210240005894,0.0708472360001906
UTM,401,tm,67.78999999999999,0.501789469999494,0.07030390100044315
UTM,402,tm,67.74,0.5027210530006414,0.073110027000439
UTM,403,tm,67.69,0.48313685300126963,0.07343919999948412
UTM,404,tm,67.71000000000001,0.49702768700080924,0.07252612599950226
UTM,405,tm,67.27,0.4993842860003497,0.07157973799985484
UTM,406,tm,67.25,0.49967022300006647,0.07322770199971274
UTM,407,tm,66.53,0.5036054310003237,0.07228538299932552
UTM,408,tm,66.97,0.5067539219999162,0.07289027899969369
UTM,409,tm,67.02,0.4993297760011046,0.07407329399939044
UTM,410,tm,67.35,0.5026357699989603,0.07233114300106536
UTM,411,tm,67.67,0.5071619710015511,0.07308501599982264
UTM,412,tm,67.62,0.5025022869995155,0.07245527799932461
UTM,413,tm,67.63,0.49834173999988707,0.07210597599987523
UTM,414,tm,67.77,0.49997862099917256,0.07193938599993999
UTM,415,tm,67.53,0.5043527649995667,0.0723008850000042
UTM,416,tm,68.01,0.5002191969997511,0.07120303000010608
UTM,417,tm,67.85,0.5037352170002123,0.07456976100002066
UTM,418,tm,67.65,0.5083561289993668,0.07312388900027145
UTM,419,tm,67.42,0.5051941120000265,0.0721558940003888
UTM,420,tm,67.33,0.5102611270012858,0.07391512699905434
UTM,421,tm,67.0,0.517024789000061,0.07236519300022337
UTM,422,tm,67.36999999999999,0.5014679390005767,0.0704336790004163
UTM,423,tm,67.55,0.5026754769987747,0.07328841700109479
UTM,424,tm,67.75,0.5056009090003499,0.07214770000064163
UTM,425,tm,67.74,0.5054865639995114,0.0775971799994295
UTM,426,tm,67.96,0.507679760999963,0.07219990200064785
UTM,427,tm,67.45,0.5070770990005258,0.07245247700120672
UTM,428,tm,67.55,0.5008997730001283,0.07276205299967842
UTM,429,tm,67.53,0.49773075499979313,0.07071401699977287
UTM,430,tm,67.14,0.5004716039984487,0.0719842200014682
UTM,431,tm,67.06,0.5023281569992832,0.07262886399985291
UTM,432,tm,67.41,0.5003451680004218,0.07278732200029481
UTM,433,tm,66.78,0.4959153250001691,0.07354881799983559
UTM,434,tm,66.85,0.5024279339995701,0.07305715400070767
UTM,435,tm,67.28,0.5033319230005873,0.07259718699970108
UTM,436,tm,67.21000000000001,0.49684035400059656,0.07301652699970873
UTM,437,tm,67.65,0.5147434190002969,0.07895919000111462
UTM,438,tm,68.04,0.5077520380000351,0.07060666199868137
UTM,439,tm,68.07,0.505405478999819,0.07070138299968676
UTM,440,tm,67.9,0.5070619970010739,0.07185950299935939
UTM,441,tm,67.97999999999999,0.5125082190006651,0.0714187959983974
UTM,442,tm,68.0,0.5034423679990141,0.07274646900077641
UTM,443,tm,67.84,0.5170285090007383,0.07197453399930964
UTM,444,tm,67.78999999999999,0.4903310089994193,0.07285114699880069
UTM,445,tm,67.58999999999999,0.5067902829996456,0.07288798800072982
UTM,446,tm,67.47999999999999,0.5049776679989009,0.07299310200141917
UTM,447,tm,67.44,0.497804171000098,0.07339242299894977
UTM,448,tm,67.09,0.5147297470011836,0.07285818300078972
UTM,449,tm,67.08,0.5091197229994577,0.07250954200026172
UTM,450,tm,67.57,0.5013188339999033,0.07198561900077038
UTM,451,tm,67.94,0.5083618030002981,0.07257023700003629
UTM,452,tm,68.32000000000001,0.5092137339997862,0.07096513199940091
UTM,453,tm,68.02,0.4945095429993671,0.0726385570014827
UTM,454,tm,67.9,0.507593595999424,0.07310003400016285
UTM,455,tm,68.49,0.5084228220002842,0.07416726000155904
UTM,456,tm,68.22,0.5144292539989692,0.0707505320006021
UTM,457,tm,67.80000000000001,0.4915376440003456,0.07046067099872744
UTM,458,tm,67.75,0.5061810999995942,0.07324201399933372
UTM,459,tm,67.19000000000001,0.5106827500003419,0.07328996499927598
UTM,460,tm,67.14,0.5082377079997968,0.07144040399907681
UTM,461,tm,67.12,0.5047986969984777,0.07397756200043659
UTM,462,tm,66.61,0.5079021559995454,0.0711520439999731
UTM,463,tm,67.28,0.5130682589988282,0.0733388990011008
UTM,464,tm,67.44,0.5028499750005722,0.07248393199915881
UTM,465,tm,68.13,0.5022580099994229,0.07223200800035556
UTM,466,tm,68.15,0.5079163009995682,0.0720714710005268
UTM,467,tm,67.55,0.5048912199999904,0.0706258850004815
UTM,468,tm,67.54,0.5207751460002328,0.07369307699991623
UTM,469,tm,67.35,0.5035933399994974,0.07417643799999496
UTM,470,tm,67.91,0.5065676909998729,0.07273146400075348
UTM,471,tm,67.58,0.508532356001524,0.07233506400007172
UTM,472,tm,67.27,0.5048015379998105,0.07307689700064657
UTM,473,tm,67.25999999999999,0.5109504860010929,0.07262345699928119
UTM,474,tm,67.16,0.5025235579996661,0.0727646220002498
UTM,475,tm,67.36999999999999,0.5047911239998939,0.0727792089983268
UTM,476,tm,67.89,0.5080382699998154,0.0728538719995413
UTM,477,tm,67.13,0.5091599469997163,0.07198533100017812
UTM,478,tm,67.25999999999999,0.5007745909988444,0.07192733599913481
UTM,479,tm,68.03,0.5125028410002415,0.07169367799906468
UTM,480,tm,68.10000000000001,0.5067733970008703,0.0726573889987776
UTM,481,tm,68.15,0.505582110999967,0.07284411900036503
UTM,482,tm,68.2,0.4933638880011131,0.0751556459999847
UTM,483,tm,67.58,0.4939850269984163,0.0736089889996947
UTM,484,tm,67.43,0.511190383000212,0.07416815499891527
UTM,485,tm,67.25,0.5013566500001616,0.07071364100011124
UTM,486,tm,67.84,0.5089889099999709,0.07304445800036774
UTM,487,tm,67.61,0.5015694350004196,0.07218850600111182
UTM,488,tm,67.82000000000001,0.5110633019994566,0.07236494000062521
UTM,489,tm,68.08999999999999,0.501341412000329,0.07045183300033386
UTM,490,tm,68.07,0.5098803799992311,0.0724874549996457
UTM,491,tm,68.10000000000001,0.49861597800008894,0.07447508900077082
UTM,492,tm,68.12,0.49567071899946313,0.07447401600074954
UTM,493,tm,67.80000000000001,0.5051165859986213,0.073290136999276
UTM,494,tm,68.16,0.5076150219992996,0.07232545399892842
UTM,495,tm,67.7,0.48397582699908526,0.07293811700037622
UTM,496,tm,68.02,0.5046324389986694,0.07273821399940061
UTM,497,tm,67.17,0.5124194489999354,0.07282951599881926
UTM,498,tm,67.28,0.5073823849998007,0.07043860600060725
UTM,499,tm,67.35,0.5035445560006337,0.07076731799861591
UTM,500,tm,67.57,0.5023991729995032,0.07281230899934599
WTM,1,tm,58.9,0.4389391950007848,0.06308090600032301
WTM,2,tm,60.19,0.3647710459990776,0.06493801400029042
WTM,3,tm,65.64999999999999,0.362267686999985,0.06368735100113554
WTM,4,tm,64.55,0.3572677560005104,0.06378409399985685
WTM,5,tm,66.11,0.339306342000782,0.06453515800058085
WTM,6,tm,66.08000000000001,0.3432456299997284,0.06546514199908415
WTM,7,tm,67.85,0.3269568449995859,0.0648975120002433
WTM,8,tm,66.28,0.33024160399872926,0.066124012999353
WTM,9,tm,66.25,0.32329896699957317,0.06401449700024386
WTM,10,tm,64.29,0.3071631239999988,0.06381636900005105
WTM,11,tm,68.03,0.3240218419996381,0.0652060860011261
WTM,12,tm,69.53,0.31273358700127574,0.06498080500023207
WTM,13,tm,65.08,0.3060855219991936,0.06489350499941793
WTM,14,tm,69.27,0.2968947629997274,0.06357655099964177
WTM,15,tm,70.14,0.3019746899990423,0.06497151199982909
WTM,16,tm,67.25999999999999,0.29841615599980287,0.06549217000065255
WTM,17,tm,68.58,0.30720998799915833,0.06450265599960403
WTM,18,tm,70.59,0.3099732999999105,0.06461909700010438
WTM,19,tm,72.3,0.30000180500064744,0.06538818599983642
WTM,20,tm,70.55,0.3104961569988518,0.06519112900059554
WTM,21,tm,69.25,0.30872831099986797,0.06484731499949703
WTM,22,tm,72.57000000000001,0.3043087900005048,0.0646752220000053
WTM,23,tm,70.66,0.3005758369999967,0.0665875260001485
WTM,24,tm,70.19,0.30006682699968223,0.06525537999914377
WTM,25,tm,66.58,0.303674189000958,0.06561581599999045
WTM,26,tm,66.44,0.28949652499977674,0.06498285700035922
WTM,27,tm,72.96000000000001,0.2893624380012625,0.0643951370002469
WTM,28,tm,70.67,0.3008910129992728,0.06505584299884504
WTM,29,tm,66.86,0.2930002590001095,0.06437185499999032
WTM,30,tm,67.75999999999999,0.2972946909994789,0.06468377000055625
WTM,31,tm,69.27,0.301496653999493,0.06496579400118208
WTM,32,tm,70.74000000000001,0.2971721999983856,0.06460923299891874
WTM,33,tm,67.74,0.2997481599995808,0.06363076500019815
WTM,34,tm,69.07,0.2961520919998293,0.06479809300071793
WTM,35,tm,72.09,0.30086183799903665,0.06418181100161746
WTM,36,tm,71.95,0.30234451399883255,0.06681593200119096
WTM,37,tm,69.51,0.2884282919985708,0.06455665199973737
WTM,38,tm,73.37,0.29963962500005437,0.06496877099925769
WTM,39,tm,70.63000000000001,0.293325119999281,0.06613019299948064
WTM,40,tm,68.42,0.30959387400071137,0.06589166400044633
WTM,41,tm,72.63,0.3036124810005276,0.0656067889995029
WTM,42,tm,69.82000000000001,0.29478582100091444,0.06608482499905222
WTM,43,tm,68.87,0.29733013399891206,0.0695385430008173
WTM,44,tm,68.83,0.29602539500046987,0.06530104999910691
WTM,45,tm,71.81,0.2993048780008394,0.06380892200104427
WTM,46,tm,67.32000000000001,0.29125507900062075,0.06498091100002057
WTM,47,tm,69.13,0.29056596500049636,0.06406285299999581
WTM,48,tm,69.08999999999999,0.2948785709995718,0.06664076800007024
WTM,49,tm,69.87,0.2957224679994397,0.064643485000488
WTM,50,tm,68.66,0.2915759830011666,0.06424857499951031
WTM,51,tm,71.0,0.28943967499981227,0.06451597999875958
WTM,52,tm,69.12,0.29047955600071873,0.06423143000029086
WTM,53,tm,71.58,0.2878409089989873,0.06574668299981568
WTM,54,tm,73.63,0.29774281999925734,0.06395511499977147
WTM,55,tm,72.24000000000001,0.29643720899912296,0.06321209899942914
WTM,56,tm,68.26,0.2891414829991845,0.0634976919991459
WTM,57,tm,70.36,0.2922735810006998,0.06501810800000385
WTM,58,tm,73.55000000000001,0.2996800919991074,0.06555595300051209
WTM,59,tm,70.74000000000001,0.29049105800004327,0.06475968499944429
WTM,60,tm,72.67,0.2882346799997322,0.06590250199951697
WTM,61,tm,70.88,0.2911054400010471,0.0643690790002438
WTM,62,tm,72.64,0.2897699659988575,0.06555308499991952
WTM,63,tm,68.94,0.28877874499994505,0.0654818749990227
WTM,64,tm,72.64,0.29032154900050955,0.06365235000157554
WTM,65,tm,67.80000000000001,0.29025622800145356,0.06476425099936023
WTM,66,tm,69.6,0.2867932040007872,0.06520902299962472
WTM,67,tm,71.03,0.29942219899930933,0.06488933299988275
WTM,68,tm,72.04,0.2882389639999019,0.06506183900091855
WTM,69,tm,68.24,0.28674361999946996,0.06357329200000095
WTM,70,tm,74.28,0.2816349619988614,0.06393711000055191
WTM,71,tm,73.22,0.287981811001373,0.06391938999877311
WTM,72,tm,68.5,0.286306076000983,0.06484374100000423
WTM,73,tm,69.05,0.27948083499904897,0.06477873699986958
WTM,74,tm,68.17999999999999,0.2945054310002888,0.06464522299938835
WTM,75,tm,72.22,0.28924682599972584,0.06438689199967484
WTM,76,tm,73.48,0.2977794790003827,0.06483936600125162
WTM,77,tm,72.84,0.286060851000002,0.06464521000089007
WTM,78,tm,73.77,0.2872446569999738,0.06395625000004657
WTM,79,tm,71.02000000000001,0.285900856999433,0.06464399700053036
WTM,80,tm,71.57,0.2878961269998399,0.06448728700161155
WTM,81,tm,70.63000000000001,0.28281398600120156,0.0642017019999912
WTM,82,tm,73.69,0.2848565470012545,0.06464588600101706
WTM,83,tm,74.67,0.2903773979996913,0.06357952000143996
WTM,84,tm,71.25,0.278920750000907,0.06529775000126392
WTM,85,tm,72.09,0.28568692000044393,0.06493146100001468
WTM,86,tm,69.96,0.291420420000577,0.06453619799867738
WTM,87,tm,73.53,0.28237501200055704,0.06485271999918041
WTM,88,tm,71.41999999999999,0.29180690800058073,0.06601023599978362
WTM,89,tm,68.37,0.2899083909996989,0.06553924699983327
WTM,90,tm,71.53,0.27506686100059596,0.06584681599997566
WTM,91,tm,72.82,0.2861388889996306,0.0655265759996837
WTM,92,tm,72.04,0.2870096480000939,0.06504882000081125
WTM,93,tm,69.61,0.29472184800033574,0.06491566200020316
WTM,94,tm,71.85000000000001,0.3044917439983692,0.06393829899934644
WTM,95,tm,73.03,0.28688252400024794,0.06496012400020845
WTM,96,tm,69.21000000000001,0.2852521170007094,0.06454762999965169
WTM,97,tm,71.35000000000001,0.2853217650008446,0.06421907399999327
WTM,98,tm,71.55,0.29093656100121734,0.06486709300043003
WTM,99,tm,72.48,0.29408387299918104,0.06477740999980597
WTM,100,tm,70.45,0.2869509640004253,0.06438996299948485
WTM,101,tm,72.46000000000001,0.2850449750003463,0.06410999599938805
WTM,102,tm,71.5,0.28023129900066124,0.06591486599972995
WTM,103,tm,72.88,0.2860837900007027,0.06457003099967551
WTM,104,tm,70.89999999999999,0.2835275339984946,0.06426830499913194
WTM,105,tm,73.24000000000001,0.27738719999979367,0.0649247559995274
WTM,106,tm,73.96000000000001,0.28581863599902135,0.06575333300133934
WTM,107,tm,70.83,0.28780186800031515,0.06497221999961766
WTM,108,tm,73.52,0.28647924800134206,0.06572292499913601
WTM,109,tm,73.5,0.2757520029990701,0.06483308899987605
WTM,110,tm,69.73,0.2840489170012006,0.06331547899935686
WTM,111,tm,74.91,0.28988403199946333,0.06293958000060229
WTM,112,tm,70.7,0.28398025300157315,0.06516429400107882
WTM,113,tm,73.58,0.28760209800020675,0.06519785499949649
WTM,114,tm,74.36,0.2835512829988147,0.0646564649996435
WTM,115,tm,69.67999999999999,0.2906515480008238,0.06473540300066816
WTM,116,tm,73.52,0.285016961999645,0.06285948200093117
WTM,117,tm,70.67,0.2773257190001459,0.06448865899983502
WTM,118,tm,72.67,0.2796413059986662,0.06425009400118142
WTM,119,tm,72.57000000000001,0.27825451500029885,0.06420858099954785
WTM,120,tm,72.61999999999999,0.2858346409993828,0.06415658500009158
WTM,121,tm,70.7,0.2938992920007877,0.06425231700086442
WTM,122,tm,73.63,0.2850087189999613,0.06432875700011209
WTM,123,tm,72.15,0.28058614499968826,0.06450463300097908
WTM,124,tm,71.76,0.28446946399890294,0.06406777499978489
WTM,125,tm,71.25,0.28523263199895155,0.06490322099853074
WTM,126,tm,70.30999999999999,0.2898530809998192,0.06440783299876784
WTM,127,tm,73.83,0.28624818500065885,0.06505704300070647
WTM,128,tm,70.17,0.28367989500111435,0.06504634600059944
WTM,129,tm,72.78,0.28670487999988836,0.0642748339996615
WTM,130,tm,72.7,0.278012378999847,0.06607275500027754
WTM,131,tm,72.2,0.28500383800019335,0.06524307300060173
WTM,132,tm,69.08999999999999,0.2891850569994858,0.06607043999974849
WTM,133,tm,71.56,0.2846903770005156,0.06518515500101785
WTM,134,tm,72.16,0.2877795590011374,0.06468852599937236
WTM,135,tm,71.64,0.28867773700039834,0.06415441599892802
WTM,136,tm,72.66,0.2863761369990243,0.0641662339985487
WTM,137,tm,73.03,0.2863238649988489,0.06463757900019118
WTM,138,tm,71.2,0.294903942000019,0.06491897399973823
WTM,139,tm,73.18,0.2834700959992915,0.06451848100005009
WTM,140,tm,73.25,0.2792312600013247,0.06484019300114596
WTM,141,tm,70.36,0.29222198500065133,0.06486338800095837
WTM,142,tm,72.94,0.2893081769998389,0.06501882299926365
WTM,143,tm,70.46,0.29195351300040784,0.06440724399908504
WTM,144,tm,68.10000000000001,0.28940217300078075,0.06485002400040685
WTM,145,tm,73.42999999999999,0.28730241999983264,0.06438342399997055
WTM,146,tm,72.95,0.2883814759989036,0.06508955500066804
WTM,147,tm,72.72999999999999,0.2841069690002769,0.06449692900059745
WTM,148,tm,69.63000000000001,0.2843369079982949,0.0657143320004252
WTM,149,tm,73.74000000000001,0.2863106330005394,0.06596362199888972
WTM,150,tm,71.45,0.2891797520005639,0.06434592599907774
WTM,151,tm,70.58,0.27717809100067825,0.06498667300002126
WTM,152,tm,68.62,0.28729308800029685,0.0646917329995631
WTM,153,tm,72.0,0.28765352699883806,0.06511675199908495
WTM,154,tm,71.78,0.29015994099972886,0.06517253600031836
WTM,155,tm,73.39,0.2833142079998652,0.0649397859997407
WTM,156,tm,70.34,0.2889056790008908,0.0648715989991615
WTM,157,tm,70.78999999999999,0.28648779099967214,0.06410584799959906
WTM,158,tm,70.94,0.28377093900053296,0.06465108600059466
WTM,159,tm,72.92999999999999,0.2833066700004565,0.06515271600073902
WTM,160,tm,73.19,0.2855320029993891,0.06511452999984613
WTM,161,tm,72.24000000000001,0.29156014599902846,0.0650143359998765
WTM,162,tm,71.84,0.28690480300065246,0.06534331700095208
WTM,163,tm,72.42,0.2925929419998283,0.06462945400016906
WTM,164,tm,73.36,0.28436398899975757,0.0645640300008381
WTM,165,tm,72.57000000000001,0.28734606900070503,0.06514123600027233
WTM,166,tm,72.64,0.28408972599936533,0.06519497499903082
WTM,167,tm,73.83,0.2832904339993547,0.06478132700067363
WTM,168,tm,73.67,0.2936007440002868,0.06453876699924876
WTM,169,tm,75.0,0.29180492100022093,0.06578875700142817
WTM,170,tm,73.03,0.28663444300036645,0.06551670000044396
WTM,171,tm,73.68,0.29403025099964,0.06525407299886865
WTM,172,tm,73.35000000000001,0.2821348810011841,0.06496904800042103
WTM,173,tm,73.04,0.2938671189986053,0.06591901799947664
WTM,174,tm,75.05,0.2925676239992754,0.06597021699963079
WTM,175,tm,72.26,0.2891057119995821,0.06573320799907378
WTM,176,tm,74.52,0.2821991889995843,0.06435337299990351
WTM,177,tm,69.82000000000001,0.2824357810004585,0.06550184399930004
WTM,178,tm,70.92,0.2830793840003025,0.06548015599946666
WTM,179,tm,73.92,0.28431039200040686,0.06619612400027108
WTM,180,tm,72.82,0.2774010299999645,0.06474211500062665
WTM,181,tm,73.92,0.28405341600046086,0.06425250600113941
WTM,182,tm,74.39,0.28402028800155676,0.06562249299895484
WTM,183,tm,74.18,0.2842672610004229,0.06587679899894283
WTM,184,tm,74.57000000000001,0.27795903799960797,0.06587926300016989
WTM,185,tm,70.55,0.2803115850001632,0.06690958000035607
WTM,186,tm,73.19,0.28638001199942664,0.06611375700049393
WTM,187,tm,73.11999999999999,0.2996381949997158,0.06416201399952115
WTM,188,tm,73.83999999999999,0.29001841500030423,0.07181927300007374
WTM,189,tm,70.83,0.2984467999995104,0.06595931999981985
WTM,190,tm,71.06,0.28350649300045916,0.06461035400025139
WTM,191,tm,71.34,0.28602261200103385,0.06523956499950145
WTM,192,tm,73.45,0.2801338079989364,0.06501057099922036
WTM,193,tm,73.9,0.2858366260006733,0.06481479099966236
WTM,194,tm,72.71,0.28575119500055735,0.06613985000149114
WTM,195,tm,73.69,0.2850425489996269,0.06554918099936913
WTM,196,tm,72.72999999999999,0.28411729900108185,0.06502807100150676
WTM,197,tm,72.89,0.28677251400040404,0.06774150300043402
WTM,198,tm,72.39999999999999,0.2883105410001008,0.06453500200041162
WTM,199,tm,73.95,0.27997422499902314,0.06567433800046274
WTM,200,tm,71.76,0.28214411299995845,0.06485777200032317
WTM,201,tm,72.92,0.2844167960010964,0.06440522499906365
WTM,202,tm,73.47,0.28483902200059674,0.06481902199993783
WTM,203,tm,73.42,0.28900100300052145,0.06514894700012519
WTM,204,tm,72.72,0.28190745699976105,0.06480949300021166
WTM,205,tm,70.99,0.2815239310002653,0.06448629099941172
WTM,206,tm,74.7,0.28298053000071377,0.06417116800002987
WTM,207,tm,74.2,0.28796651499942527,0.06482220499856339
WTM,208,tm,73.44000000000001,0.3045974800006661,0.06503628499922343
WTM,209,tm,71.61999999999999,0.28443766400050663,0.06460879000042041
WTM,210,tm,72.74000000000001,0.2880680630005372,0.06431134800004656
WTM,211,tm,72.94,0.2873847970004135,0.06470754600013606
WTM,212,tm,69.75,0.28928956299932906,0.06472378599937656
WTM,213,tm,71.5,0.281010263999633,0.06656139500046265
WTM,214,tm,72.63,0.2829799440005445,0.06437524499961
WTM,215,tm,69.05,0.28513496900086466,0.06476082400149608
WTM,216,tm,73.77,0.2884477360003075,0.06431704399983573
WTM,217,tm,71.44,0.28633093800090137,0.06466385700150568
WTM,218,tm,72.41,0.28097285500007274,0.06468674399911833
WTM,219,tm,72.09,0.2864816609999252,0.06593418600095902
WTM,220,tm,72.6,0.2838553569999931,0.06432076999954006
WTM,221,tm,72.23,0.2840927479992388,0.06489686299937603
WTM,222,tm,72.28999999999999,0.28596250000009604,0.06509925099999236
WTM,223,tm,72.07000000000001,0.2827951999988727,0.06503282300036517
WTM,224,tm,74.45,0.286367839000377,0.06498320799983048
WTM,225,tm,69.66,0.283243081999899,0.06293460699998832
WTM,226,tm,73.18,0.2881324379995931,0.06490743700123858
WTM,227,tm,73.91,0.28101922600035323,0.06442350699944654
WTM,228,tm,70.86,0.28154404099950625,0.06445380600052886
WTM,229,tm,74.16,0.28403320599863946,0.06482951600082743
WTM,230,tm,70.7,0.284747323999909,0.06520829200053413
WTM,231,tm,71.74000000000001,0.2775755439997738,0.06473856999946292
WTM,232,tm,71.95,0.2798834440000064,0.06437377800102695
WTM,233,tm,70.63000000000001,0.28765123700031836,0.06466155000089202
WTM,234,tm,71.46000000000001,0.28893391200108454,0.06582103499931691
WTM,235,tm,72.0,0.28376881000076537,0.06398822200026189
WTM,236,tm,73.6,0.28564625199942384,0.06472845299867913
WTM,237,tm,69.56,0.28522313599933113,0.06470121900019876
WTM,238,tm,70.97,0.2872355060007976,0.06527155100047821
WTM,239,tm,72.02,0.28287067400015076,0.06483775000015157
WTM,240,tm,71.5,0.28561450199958927,0.06559381500119343
WTM,241,tm,73.83999999999999,0.29067821799981175,0.0646217900011834
WTM,242,tm,74.63,0.2871410779989674,0.06568288100061181
WTM,243,tm,74.42999999999999,0.28654373599965766,0.06464963799953694
WTM,244,tm,69.51,0.28332077500090236,0.06451893099983863
WTM,245,tm,72.11,0.28434610499971313,0.06443357900025148
WTM,246,tm,70.32000000000001,0.28594091899867635,0.06451290100085316
WTM,247,tm,70.05,0.28365045999998983,0.06469279900011315
WTM,248,tm,73.24000000000001,0.285849928000971,0.06459038600041822
WTM,249,tm,71.00999999999999,0.2842814529994939,0.06440507899969816
WTM,250,tm,71.67999999999999,0.29105991600044945,0.06529280600079801
WTM,251,tm,72.85000000000001,0.28780611799993494,0.06443536999904609
WTM,252,tm,72.1,0.2928466270004719,0.06420973600143043
WTM,253,tm,69.03,0.2871942170004331,0.0641631270009384
WTM,254,tm,69.86,0.28777894000086235,0.06486336800116987
WTM,255,tm,73.50999999999999,0.2839323759999388,0.06442243099991174
WTM,256,tm,72.59,0.28115530899958685,0.06557518599947798
WTM,257,tm,69.01,0.2878693149996252,0.06464162799966289
WTM,258,tm,72.07000000000001,0.2883475010003167,0.06516726600057154
WTM,259,tm,74.0,0.28398871200079157,0.06467645699922286
WTM,260,tm,71.89999999999999,0.2831936950005911,0.06430228800127225
WTM,261,tm,71.72,0.28352531700147665,0.06482332999985374
WTM,262,tm,73.59,0.2830233879994921,0.06802459600112343
WTM,263,tm,73.82,0.2834460049998597,0.06461535800008278
WTM,264,tm,73.1,0.28540686999986065,0.06507050300024275
WTM,265,tm,72.13000000000001,0.2872015200009628,0.0649682479997864
WTM,266,tm,70.96000000000001,0.28390230599870847,0.06434727399937401
WTM,267,tm,73.25,0.2852933939993818,0.06428977799987479
WTM,268,tm,73.21,0.2831485890001204,0.06435980599962932
WTM,269,tm,73.69,0.2843813709987444,0.06489794499975687
WTM,270,tm,71.37,0.2887373449993902,0.06422346999897854
WTM,271,tm,72.41,0.2840323600012198,0.06437732700032939
WTM,272,tm,70.75,0.28516292800122756,0.0648824309992051
WTM,273,tm,71.98,0.2835136430003331,0.06377516000065953
WTM,274,tm,71.17999999999999,0.2944406259994139,0.06406399499974214
WTM,275,tm,73.86,0.28196776199911255,0.06430520499998238
WTM,276,tm,70.55,0.2801075890001812,0.06404143699910492
WTM,277,tm,69.99,0.28410627400080557,0.06605004599987296
WTM,278,tm,74.47,0.2870908659988345,0.06436038000174449
WTM,279,tm,73.5,0.28099828400081606,0.0645759969993378
WTM,280,tm,71.91,0.2834756530010054,0.0634098480004468
WTM,281,tm,73.24000000000001,0.278591227999641,0.06416838399854896
WTM,282,tm,72.88,0.2907330809994164,0.06462572700002056
WTM,283,tm,76.24,0.29192587500074296,0.06495817199902376
WTM,284,tm,73.07000000000001,0.2861486860001605,0.06518127500021365
WTM,285,tm,73.21,0.2874317450005037,0.06493127599969739
WTM,286,tm,73.25,0.28386233400124183,0.06444357899999886
WTM,287,tm,73.54,0.28841371500129753,0.064945964000799
WTM,288,tm,73.63,0.28874249999898893,0.06504721400051494
WTM,289,tm,72.39999999999999,0.28583609799898113,0.06504971200047294
WTM,290,tm,71.49,0.2812393539988989,0.06505998699867632
WTM,291,tm,74.91,0.2866381280000496,0.06518843599951651
WTM,292,tm,70.02000000000001,0.28148600299937243,0.06491022699992754
WTM,293,tm,71.38,0.2821963209989917,0.065516894999746
WTM,294,tm,71.98,0.2839236589989014,0.0644467900001473
WTM,295,tm,73.76,0.2920843239990063,0.06494955299967842
WTM,296,tm,73.06,0.29097064300003694,0.06437328799984243
WTM,297,tm,72.75,0.2945186550005019,0.06487178499992297
WTM,298,tm,70.41,0.28869971099993563,0.06519799000125204
WTM,299,tm,74.62,0.29147988300064753,0.06435979999878327
WTM,300,tm,72.69,0.28048791400033224,0.06410223499915446
WTM,301,tm,74.55000000000001,0.2821544210000866,0.06425316500099143
WTM,302,tm,73.71,0.28590430000076594,0.06461883400152146
WTM,303,tm,74.16,0.28062773999954516,0.06610656699922401
WTM,304,tm,72.71,0.2919391079994966,0.06619609399967885
WTM,305,tm,67.58,0.284060378000504,0.0645358279998618
WTM,306,tm,71.93,0.288390014999095,0.06687767900075414
WTM,307,tm,71.69,0.2996520529995905,0.06480944500071928
WTM,308,tm,74.02,0.29454151800018735,0.06839592299911601
WTM,309,tm,71.09,0.29481292299897177,0.06503048299964576
WTM,310,tm,73.32,0.2777542070016352,0.06570813700091094
WTM,311,tm,72.69,0.28616199499992945,0.06438034799975867
WTM,312,tm,71.81,0.28798262599957525,0.06659244199909153
WTM,313,tm,75.33,0.2874285689995304,0.06492680299925269
WTM,314,tm,71.35000000000001,0.28521026899943536,0.06572868900002504
WTM,315,tm,75.28,0.28506389100039087,0.06469374100015557
WTM,316,tm,70.8,0.2777574920000916,0.06616937899889308
WTM,317,tm,70.54,0.28921798699957435,0.06553275599981134
WTM,318,tm,73.66,0.29193283499989775,0.0655597820004914
WTM,319,tm,70.91,0.29307376699944143,0.06613181899956544
WTM,320,tm,68.04,0.28460978399925807,0.06496942499870784
WTM,321,tm,70.67,0.2929287330007355,0.06501575900074386
WTM,322,tm,72.61,0.2950394260005851,0.06677852299981168
WTM,323,tm,71.89,0.2887731000009808,0.06529282800147485
WTM,324,tm,71.78,0.2908282770004007,0.06557587399947806
WTM,325,tm,73.14,0.28102620400022715,0.06513683199955267
WTM,326,tm,73.24000000000001,0.2841715260001365,0.0648395829994115
WTM,327,tm,73.11,0.28263833900018653,0.06475465999938024
WTM,328,tm,74.32,0.2814552180007013,0.0648815199983801
WTM,329,tm,71.39,0.287935357000606,0.06498364099934406
WTM,330,tm,74.06,0.28865178800151625,0.06514970900025219
WTM,331,tm,74.1,0.2843786720004573,0.06500251199940976
WTM,332,tm,72.66,0.2904791140008456,0.07031258300048648
WTM,333,tm,73.27,0.2875869879990205,0.06543669600068824
WTM,334,tm,74.11,0.28990951100058737,0.07211258099960105
WTM,335,tm,69.71000000000001,0.28302681900095195,0.06570493199978955
WTM,336,tm,72.38,0.28206497999963176,0.06464414699985355
WTM,337,tm,73.46000000000001,0.28788799599897175,0.0659472770003049
WTM,338,tm,72.33000000000001,0.2852006690009148,0.06539295800030231
WTM,339,tm,72.64,0.28462950399989495,0.06476856100016448
WTM,340,tm,73.99,0.28148799399968993,0.06624691900105972
WTM,341,tm,72.89999999999999,0.28784340499987593,0.06468151899935037
WTM,342,tm,73.97,0.29846815900054935,0.06580258199937816
WTM,343,tm,74.00999999999999,0.28446364299998095,0.0645269400010875
WTM,344,tm,73.26,0.282121021000421,0.06470258899935288
WTM,345,tm,72.7,0.2831504580008186,0.06442366699957347
WTM,346,tm,67.97999999999999,0.31301664800048457,0.06683241499922588
WTM,347,tm,73.28,0.2810344780009473,0.06452273800096009
WTM,348,tm,73.88,0.27757494900106394,0.06530525500056683
WTM,349,tm,73.64,0.282085950999317,0.06561475099988456
WTM,350,tm,73.69,0.2838053539999237,0.06613265399937518
WTM,351,tm,73.94,0.28911103199970967,0.0654760779998469
WTM,352,tm,72.72999999999999,0.28022909200080903,0.06432944100015447
WTM,353,tm,73.31,0.2827027099992847,0.06491562799965322
WTM,354,tm,73.7,0.2936006780000753,0.06876624799951969
WTM,355,tm,71.85000000000001,0.2863232910003717,0.06470935600009398
WTM,356,tm,72.82,0.28232917100103805,0.06550533100016764
WTM,357,tm,73.28,0.2906283770007576,0.06568357899959665
WTM,358,tm,71.36,0.28724886199961475,0.06515586900059134
WTM,359,tm,73.27,0.2813759540003957,0.06514035500003956
WTM,360,tm,72.14,0.27758080900093773,0.06645137799932854
WTM,361,tm,70.67,0.2823286460006784,0.06534516800093115
WTM,362,tm,73.48,0.28258926999842515,0.06649481000022206
WTM,363,tm,70.39,0.28919693200077745,0.06463022500065563
WTM,364,tm,71.45,0.29106723199947737,0.0660479670004861
WTM,365,tm,71.93,0.28700982200098224,0.06609539700002642
WTM,366,tm,73.27,0.285922347999076,0.0656911879996187
WTM,367,tm,70.97,0.2808175959999062,0.06679687699943315
WTM,368,tm,74.36,0.28981989699968835,0.06558916500034684
WTM,369,tm,73.37,0.29153314100040006,0.065177930999198
WTM,370,tm,76.09,0.293502434000402,0.06583281900020665
WTM,371,tm,72.27,0.28548298599889677,0.06631023299996741
WTM,372,tm,71.38,0.2837451389987109,0.06571170600000187
WTM,373,tm,74.39,0.2887493730013375,0.06643692000034207
WTM,374,tm,71.46000000000001,0.281813964000321,0.0661586599999282
WTM,375,tm,72.84,0.28345525300028385,0.06522506100009196
WTM,376,tm,70.42,0.2842153009987669,0.06649146400013706
WTM,377,tm,75.88000000000001,0.2844317779999983,0.06605839899930288
WTM,378,tm,71.35000000000001,0.2773272659997019,0.06622000300012587
WTM,379,tm,74.57000000000001,0.2795509169991419,0.06541250200098148
WTM,380,tm,72.17,0.2832617439999012,0.06566302799910773
WTM,381,tm,74.21,0.2838960489989404,0.06678247299896611
WTM,382,tm,73.22999999999999,0.2851921769997716,0.06401078599992616
WTM,383,tm,73.72,0.28075173099932726,0.06454780099920754
WTM,384,tm,70.22,0.28356886400069925,0.06482159699953627
WTM,385,tm,70.97,0.2795550690007076,0.06466474199987715
WTM,386,tm,73.72999999999999,0.2917257669996616,0.06417989299916371
WTM,387,tm,71.16,0.2832475440009148,0.06493793499976164
WTM,388,tm,74.38,0.2800912470011099,0.06495948100018722
WTM,389,tm,74.78,0.28784267000082764,0.06412444099987624
WTM,390,tm,74.22,0.28896852799880435,0.06462960600038059
WTM,391,tm,73.96000000000001,0.27948912600004405,0.0649135710009432
WTM,392,tm,74.59,0.2799128659989947,0.0650911630000337
WTM,393,tm,72.69,0.28280467100012174,0.06504210000093735
WTM,394,tm,72.58,0.27979147900077805,0.06437306599946169
WTM,395,tm,73.55000000000001,0.28098101599971415,0.06389716600097017
WTM,396,tm,73.22999999999999,0.28200878399911744,0.0633712260005268
WTM,397,tm,73.95,0.28205456899922865,0.06505264499901386
WTM,398,tm,70.44,0.2844031870008621,0.06465621200004534
WTM,399,tm,73.08,0.2775813099997322,0.06492365499980224
WTM,400,tm,73.81,0.28135985799963237,0.06420845600041503
WTM,401,tm,72.09,0.2755352509993827,0.06453989600049681
WTM,402,tm,69.59,0.2860028040013276,0.06513267400077893
WTM,403,tm,69.35,0.2795804979996319,0.06640589200105751
WTM,404,tm,73.02,0.2783663059999526,0.06484296700000414
WTM,405,tm,70.89,0.28308372699939355,0.06474040100147249
WTM,406,tm,74.06,0.2805307559992798,0.06555578200095624
WTM,407,tm,70.66,0.28290338899932976,0.06508788000064669
WTM,408,tm,71.31,0.28998251499979233,0.06550722399879305
WTM,409,tm,71.46000000000001,0.28090833200076304,0.06484767799884139
WTM,410,tm,71.72,0.28733105799983605,0.06508199199925002
WTM,411,tm,66.13,0.28798339099921577,0.06509473700134549
WTM,412,tm,69.73,0.2873883100000967,0.0649832070012053
WTM,413,tm,73.14,0.2837232120000408,0.06430113800161052
WTM,414,tm,75.3,0.2833692029998929,0.06673251199936203
WTM,415,tm,72.52,0.2865488089992141,0.06523268199998711
WTM,416,tm,70.89999999999999,0.28734053399966797,0.06486587499966845
WTM,417,tm,72.05,0.26881216800029506,0.06536836700070126
WTM,418,tm,74.92,0.2828834240008291,0.06637179599965748
WTM,419,tm,72.68,0.2858334709999326,0.06545320399891352
WTM,420,tm,71.7,0.28444613800093066,0.06676465999953507
WTM,421,tm,68.75,0.28349521400014055,0.0658289059992967
WTM,422,tm,71.55,0.28481437799928244,0.06516099799955555
WTM,423,tm,71.89,0.291145086999677,0.06525624899950344
WTM,424,tm,73.49,0.2848016000007192,0.06493683100052294
WTM,425,tm,73.99,0.28385568500016234,0.06479123900135164
WTM,426,tm,73.56,0.2863608170009684,0.06468436499926611
WTM,427,tm,73.58,0.2872195429990825,0.06563827600075456
WTM,428,tm,73.8,0.28472650699950464,0.06658299599985185
WTM,429,tm,72.19,0.28668783499961137,0.06503216499913833
WTM,430,tm,71.96000000000001,0.2880607560000499,0.06472521299838263
WTM,431,tm,73.42999999999999,0.2872757220011408,0.0647110829995654
WTM,432,tm,71.76,0.2809719459983171,0.06636671200067212
WTM,433,tm,74.5,0.2857779429996299,0.06459460799851513
WTM,434,tm,75.3,0.286678196000139,0.0647653949999949
WTM,435,tm,73.26,0.28087304399923596,0.06450916399990092
WTM,436,tm,72.02,0.28193274899967946,0.06452106699907745
WTM,437,tm,70.72,0.28666515899931255,0.0649515449986211
WTM,438,tm,75.38,0.2817441079987475,0.06503143499867292
WTM,439,tm,73.94,0.2799549319988728,0.06481206300122722
WTM,440,tm,72.43,0.28861681900161784,0.06613129700053832
WTM,441,tm,72.94,0.283517331999974,0.06618368899944471
WTM,442,tm,73.35000000000001,0.28390055500130984,0.06452407100005075
WTM,443,tm,72.89,0.2836553559991444,0.06479285599925788
WTM,444,tm,73.16,0.2812327350002306,0.06580777700037288
WTM,445,tm,71.81,0.2835598809997464,0.06504080999911821
WTM,446,tm,70.34,0.2861316939997778,0.06436563500028569
WTM,447,tm,72.38,0.2876991369994357,0.07015594900076394
WTM,448,tm,73.28,0.2843418009997549,0.06496087099912984
WTM,449,tm,71.13000000000001,0.28849757600073644,0.065524835999895
WTM,450,tm,74.72999999999999,0.2817872810010158,0.06587178599875188
WTM,451,tm,73.49,0.2901457999996637,0.06486689699886483
WTM,452,tm,70.92,0.29526331200031564,0.06489910200070881
WTM,453,tm,74.07000000000001,0.283332736000375,0.06662352700004703
WTM,454,tm,72.89999999999999,0.2903719910009386,0.0649601889999758
WTM,455,tm,72.48,0.2917935639998177,0.06594871199922636
WTM,456,tm,74.72999999999999,0.2836086110000906,0.06566764200033504
WTM,457,tm,72.37,0.2820474119998835,0.06623233599930245
WTM,458,tm,69.66,0.28127704599864956,0.06605861599928176
WTM,459,tm,74.26,0.28758672299954924,0.06658009300008416
WTM,460,tm,73.36,0.2933532610004477,0.06641252400004305
WTM,461,tm,70.37,0.2825976439999067,0.06498343300154374
WTM,462,tm,75.77000000000001,0.28210542099986924,0.06608545499875618
WTM,463,tm,74.45,0.2863272489994415,0.0664166690003185
WTM,464,tm,74.09,0.2825335310008086,0.06588440900122805
WTM,465,tm,72.2,0.2815452399991045,0.0647976780001045
WTM,466,tm,71.43,0.28852565699889965,0.06525987800159783
WTM,467,tm,73.71,0.2817311189992324,0.06432320999920194
WTM,468,tm,72.86,0.2886977439993643,0.06552621799892222
WTM,469,tm,73.1,0.28716648099907616,0.06511596000018471
WTM,470,tm,72.72999999999999,0.2809671699997125,0.0657608289984637
WTM,471,tm,74.25,0.2804817449996335,0.06523452399960661
WTM,472,tm,69.3,0.2815633620011795,0.06460768999932043
WTM,473,tm,73.00999999999999,0.287004664000051,0.06489485599922773
WTM,474,tm,71.96000000000001,0.28014594500018575,0.06449654499920143
WTM,475,tm,72.41,0.27947844700065616,0.06492769200121984
WTM,476,tm,71.98,0.28571893099979206,0.06455545100106974
WTM,477,tm,72.23,0.2810356780009897,0.0656496520005021
WTM,478,tm,74.05000000000001,0.28707589599980565,0.06538830300087284
WTM,479,tm,71.33,0.28749440100000356,0.0654521719989134
WTM,480,tm,72.84,0.27999830699991435,0.06631837199893198
WTM,481,tm,73.32,0.2809959070000332,0.06419471300068835
WTM,482,tm,72.75,0.2813615840004786,0.06516010599989386
WTM,483,tm,73.74000000000001,0.27801024800101004,0.0642868670001917
WTM,484,tm,71.27,0.28020344899960037,0.06434670300041034
WTM,485,tm,74.32,0.2883277620003355,0.06530101199859928
WTM,486,tm,71.69,0.28951588699965214,0.06490739399851009
WTM,487,tm,73.11,0.2822895499994047,0.06499852900014957
WTM,488,tm,72.66,0.2892462580002757,0.06468739899901266
WTM,489,tm,74.03,0.27741229999992356,0.0648845630003052
WTM,490,tm,74.8,0.274597569999969,0.06456008299937821
WTM,491,tm,71.91,0.28481396099959966,0.06534100099997886
WTM,492,tm,72.84,0.27919923500121513,0.0659620120004547
WTM,493,tm,72.6,0.2866600749985082,0.06602183199902356
WTM,494,tm,74.32,0.2803642620001483,0.06577060299969162
WTM,495,tm,74.27,0.27610698900025454,0.06568420700023125
WTM,496,tm,72.95,0.27544672899966827,0.06522145599956275
WTM,497,tm,71.82,0.2837099529988336,0.06540423200021905
WTM,498,tm,68.37,0.28257401199880405,0.06517854699995951
WTM,499,tm,70.93,0.28519317000063893,0.06426645399915287
WTM,500,tm,74.22999999999999,0.28425612700084457,0.06556867499966756
WTM-NN,1,tm,58.9,0.4389391950007848,0.06308090600032301
WTM-NN,2,tm,60.19,0.3647710459990776,0.06493801400029042
WTM-NN,3,tm,65.64999999999999,0.362267686999985,0.06368735100113554
WTM-NN,4,tm,64.55,0.3572677560005104,0.06378409399985685
WTM-NN,5,tm,66.11,0.339306342000782,0.06453515800058085
WTM-NN,6,tm,66.08000000000001,0.3432456299997284,0.06546514199908415
WTM-NN,7,tm,67.85,0.3269568449995859,0.0648975120002433
WTM-NN,8,tm,66.28,0.33024160399872926,0.066124012999353
WTM-NN,9,tm,66.25,0.32329896699957317,0.06401449700024386
WTM-NN,10,tm,64.29,0.3071631239999988,0.06381636900005105
WTM-NN,11,tm,68.03,0.3240218419996381,0.0652060860011261
WTM-NN,12,tm,69.53,0.31273358700127574,0.06498080500023207
WTM-NN,13,tm,65.08,0.3060855219991936,0.06489350499941793
WTM-NN,14,tm,69.27,0.2968947629997274,0.06357655099964177
WTM-NN,15,tm,70.14,0.3019746899990423,0.06497151199982909
WTM-NN,16,tm,67.25999999999999,0.29841615599980287,0.06549217000065255
WTM-NN,17,tm,68.58,0.30720998799915833,0.06450265599960403
WTM-NN,18,tm,70.59,0.3099732999999105,0.06461909700010438
WTM-NN,19,tm,72.3,0.30000180500064744,0.06538818599983642
WTM-NN,20,tm,70.55,0.3104961569988518,0.06519112900059554
WTM-NN,21,tm,69.25,0.30872831099986797,0.06484731499949703
WTM-NN,22,tm,72.57000000000001,0.3043087900005048,0.0646752220000053
WTM-NN,23,tm,70.66,0.3005758369999967,0.0665875260001485
WTM-NN,24,tm,70.19,0.30006682699968223,0.06525537999914377
WTM-NN,25,tm,66.58,0.303674189000958,0.06561581599999045
WTM-NN,26,tm,66.44,0.28949652499977674,0.06498285700035922
WTM-NN,27,tm,72.96000000000001,0.2893624380012625,0.0643951370002469
WTM-NN,28,tm,70.67,0.3008910129992728,0.06505584299884504
WTM-NN,29,tm,66.86,0.2930002590001095,0.06437185499999032
WTM-NN,30,tm,67.75999999999999,0.2972946909994789,0.06468377000055625
WTM-NN,31,tm,69.27,0.301496653999493,0.06496579400118208
WTM-NN,32,tm,70.74000000000001,0.2971721999983856,0.06460923299891874
WTM-NN,33,tm,67.74,0.2997481599995808,0.06363076500019815
WTM-NN,34,tm,69.07,0.2961520919998293,0.06479809300071793
WTM-NN,35,tm,72.09,0.30086183799903665,0.06418181100161746
WTM-NN,36,tm,71.95,0.30234451399883255,0.06681593200119096
WTM-NN,37,tm,69.51,0.2884282919985708,0.06455665199973737
WTM-NN,38,tm,73.37,0.29963962500005437,0.06496877099925769
WTM-NN,39,tm,70.63000000000001,0.293325119999281,0.06613019299948064
WTM-NN,40,tm,68.42,0.30959387400071137,0.06589166400044633
WTM-NN,41,tm,72.63,0.3036124810005276,0.0656067889995029
WTM-NN,42,tm,69.82000000000001,0.29478582100091444,0.06608482499905222
WTM-NN,43,tm,68.87,0.29733013399891206,0.0695385430008173
WTM-NN,44,tm,68.83,0.29602539500046987,0.06530104999910691
WTM-NN,45,tm,71.81,0.2993048780008394,0.06380892200104427
WTM-NN,46,tm,67.32000000000001,0.29125507900062075,0.06498091100002057
WTM-NN,47,tm,69.13,0.29056596500049636,0.06406285299999581
WTM-NN,48,tm,69.08999999999999,0.2948785709995718,0.06664076800007024
WTM-NN,49,tm,69.87,0.2957224679994397,0.064643485000488
WTM-NN,50,tm,68.66,0.2915759830011666,0.06424857499951031
WTM-NN,51,tm,71.0,0.28943967499981227,0.06451597999875958
WTM-NN,52,tm,69.12,0.29047955600071873,0.06423143000029086
WTM-NN,53,tm,71.58,0.2878409089989873,0.06574668299981568
WTM-NN,54,tm,73.63,0.29774281999925734,0.06395511499977147
WTM-NN,55,tm,72.24000000000001,0.29643720899912296,0.06321209899942914
WTM-NN,56,tm,68.26,0.2891414829991845,0.0634976919991459
WTM-NN,57,tm,70.36,0.2922735810006998,0.06501810800000385
WTM-NN,58,tm,73.55000000000001,0.2996800919991074,0.06555595300051209
WTM-NN,59,tm,70.74000000000001,0.29049105800004327,0.06475968499944429
WTM-NN,60,tm,72.67,0.2882346799997322,0.06590250199951697
WTM-NN,61,tm,70.88,0.2911054400010471,0.0643690790002438
WTM-NN,62,tm,72.64,0.2897699659988575,0.06555308499991952
WTM-NN,63,tm,68.94,0.28877874499994505,0.0654818749990227
WTM-NN,64,tm,72.64,0.29032154900050955,0.06365235000157554
WTM-NN,65,tm,67.80000000000001,0.29025622800145356,0.06476425099936023
WTM-NN,66,tm,69.6,0.2867932040007872,0.06520902299962472
WTM-NN,67,tm,71.03,0.29942219899930933,0.06488933299988275
WTM-NN,68,tm,72.04,0.2882389639999019,0.06506183900091855
WTM-NN,69,tm,68.24,0.28674361999946996,0.06357329200000095
WTM-NN,70,tm,74.28,0.2816349619988614,0.06393711000055191
WTM-NN,71,tm,73.22,0.287981811001373,0.06391938999877311
WTM-NN,72,tm,68.5,0.286306076000983,0.06484374100000423
WTM-NN,73,tm,69.05,0.27948083499904897,0.06477873699986958
WTM-NN,74,tm,68.17999999999999,0.2945054310002888,0.06464522299938835
WTM-NN,75,tm,72.22,0.28924682599972584,0.06438689199967484
WTM-NN,76,tm,73.48,0.2977794790003827,0.06483936600125162
WTM-NN,77,tm,72.84,0.286060851000002,0.06464521000089007
WTM-NN,78,tm,73.77,0.2872446569999738,0.06395625000004657
WTM-NN,79,tm,71.02000000000001,0.285900856999433,0.06464399700053036
WTM-NN,80,tm,71.57,0.2878961269998399,0.06448728700161155
WTM-NN,81,tm,70.63000000000001,0.28281398600120156,0.0642017019999912
WTM-NN,82,tm,73.69,0.2848565470012545,0.06464588600101706
WTM-NN,83,tm,74.67,0.2903773979996913,0.06357952000143996
WTM-NN,84,tm,71.25,0.278920750000907,0.06529775000126392
WTM-NN,85,tm,72.09,0.28568692000044393,0.06493146100001468
WTM-NN,86,tm,69.96,0.291420420000577,0.06453619799867738
WTM-NN,87,tm,73.53,0.28237501200055704,0.06485271999918041
WTM-NN,88,tm,71.41999999999999,0.29180690800058073,0.06601023599978362
WTM-NN,89,tm,68.37,0.2899083909996989,0.06553924699983327
WTM-NN,90,tm,71.53,0.27506686100059596,0.06584681599997566
WTM-NN,91,tm,72.82,0.2861388889996306,0.0655265759996837
WTM-NN,92,tm,72.04,0.2870096480000939,0.06504882000081125
WTM-NN,93,tm,69.61,0.29472184800033574,0.06491566200020316
WTM-NN,94,tm,71.85000000000001,0.3044917439983692,0.06393829899934644
WTM-NN,95,tm,73.03,0.28688252400024794,0.06496012400020845
WTM-NN,96,tm,69.21000000000001,0.2852521170007094,0.06454762999965169
WTM-NN,97,tm,71.35000000000001,0.2853217650008446,0.06421907399999327
WTM-NN,98,tm,71.55,0.29093656100121734,0.06486709300043003
WTM-NN,99,tm,72.48,0.29408387299918104,0.06477740999980597
WTM-NN,100,tm,70.45,0.2869509640004253,0.06438996299948485
WTM-NN,101,tm,72.46000000000001,0.2850449750003463,0.06410999599938805
WTM-NN,102,tm,71.5,0.28023129900066124,0.06591486599972995
WTM-NN,103,tm,72.88,0.2860837900007027,0.06457003099967551
WTM-NN,104,tm,70.89999999999999,0.2835275339984946,0.06426830499913194
WTM-NN,105,tm,73.24000000000001,0.27738719999979367,0.0649247559995274
WTM-NN,106,tm,73.96000000000001,0.28581863599902135,0.06575333300133934
WTM-NN,107,tm,70.83,0.28780186800031515,0.06497221999961766
WTM-NN,108,tm,73.52,0.28647924800134206,0.06572292499913601
WTM-NN,109,tm,73.5,0.2757520029990701,0.06483308899987605
WTM-NN,110,tm,69.73,0.2840489170012006,0.06331547899935686
WTM-NN,111,tm,74.91,0.28988403199946333,0.06293958000060229
WTM-NN,112,tm,70.7,0.28398025300157315,0.06516429400107882
WTM-NN,113,tm,73.58,0.28760209800020675,0.06519785499949649
WTM-NN,114,tm,74.36,0.2835512829988147,0.0646564649996435
WTM-NN,115,tm,69.67999999999999,0.2906515480008238,0.06473540300066816
WTM-NN,116,tm,73.52,0.285016961999645,0.06285948200093117
WTM-NN,117,tm,70.67,0.2773257190001459,0.06448865899983502
WTM-NN,118,tm,72.67,0.2796413059986662,0.06425009400118142
WTM-NN,119,tm,72.57000000000001,0.27825451500029885,0.06420858099954785
WTM-NN,120,tm,72.61999999999999,0.2858346409993828,0.06415658500009158
WTM-NN,121,tm,70.7,0.2938992920007877,0.06425231700086442
WTM-NN,122,tm,73.63,0.2850087189999613,0.06432875700011209
WTM-NN,123,tm,72.15,0.28058614499968826,0.06450463300097908
WTM-NN,124,tm,71.76,0.28446946399890294,0.06406777499978489
WTM-NN,125,tm,71.25,0.28523263199895155,0.06490322099853074
WTM-NN,126,tm,70.30999999999999,0.2898530809998192,0.06440783299876784
WTM-NN,127,tm,73.83,0.28624818500065885,0.06505704300070647
WTM-NN,128,tm,70.17,0.28367989500111435,0.06504634600059944
WTM-NN,129,tm,72.78,0.28670487999988836,0.0642748339996615
WTM-NN,130,tm,72.7,0.278012378999847,0.06607275500027754
WTM-NN,131,tm,72.2,0.28500383800019335,0.06524307300060173
WTM-NN,132,tm,69.08999999999999,0.2891850569994858,0.06607043999974849
WTM-NN,133,tm,71.56,0.2846903770005156,0.06518515500101785
WTM-NN,134,tm,72.16,0.2877795590011374,0.06468852599937236
WTM-NN,135,tm,71.64,0.28867773700039834,0.06415441599892802
WTM-NN,136,tm,72.66,0.2863761369990243,0.0641662339985487
WTM-NN,137,tm,73.03,0.2863238649988489,0.06463757900019118
WTM-NN,138,tm,71.2,0.294903942000019,0.06491897399973823
WTM-NN,139,tm,73.18,0.2834700959992915,0.06451848100005009
WTM-NN,140,tm,73.25,0.2792312600013247,0.06484019300114596
WTM-NN,141,tm,70.36,0.29222198500065133,0.06486338800095837
WTM-NN,142,tm,72.94,0.2893081769998389,0.06501882299926365
WTM-NN,143,tm,70.46,0.29195351300040784,0.06440724399908504
WTM-NN,144,tm,68.10000000000001,0.28940217300078075,0.06485002400040685
WTM-NN,145,tm,73.42999999999999,0.28730241999983264,0.06438342399997055
WTM-NN,146,tm,72.95,0.2883814759989036,0.06508955500066804
WTM-NN,147,tm,72.72999999999999,0.2841069690002769,0.06449692900059745
WTM-NN,148,tm,69.63000000000001,0.2843369079982949,0.0657143320004252
WTM-NN,149,tm,73.74000000000001,0.2863106330005394,0.06596362199888972
WTM-NN,150,tm,71.45,0.2891797520005639,0.06434592599907774
WTM-NN,151,nn,78.69,0.26500805700015917,0.0630523780000658
WTM-NN,152,nn,79.32000000000001,0.17870009299986123,0.06404488100088201
WTM-NN,153,nn,79.73,0.1928632449998986,0.06554621300165309
WTM-NN,154,nn,79.71000000000001,0.17669147000015073,0.06468977399890719
WTM-NN,155,nn,79.69000000000001,0.24756416699892725,0.06561149899971497
WTM-NN,156,nn,79.81,0.178545300001133,0.06441358899974148
WTM-NN,157,nn,79.99000000000001,0.17817928999829746,0.06366562400035036
WTM-NN,158,nn,80.07,0.18111884800055122,0.06529444300031173
WTM-NN,159,nn,79.91,0.17712944400045672,0.06458442799885233
WTM-NN,160,nn,79.99000000000001,0.18889502900128718,0.07076199400034966
WTM-NN,161,nn,79.93,0.1933710079993034,0.06529384299938101
WTM-NN,162,nn,79.89,0.1844898130002548,0.06513562699910835
WTM-NN,163,nn,79.94,0.2516370180001104,0.06586963600057061
WTM-NN,164,nn,79.85,0.19335934100126906,0.06510909600001469
WTM-NN,165,nn,79.78,0.1926427700000204,0.06557696399977431
WTM-NN,166,nn,79.88,0.19341035400066175,0.06487090099835768
WTM-NN,167,nn,79.93,0.25187747400013905,0.06561422500089975
WTM-NN,168,nn,79.93,0.19408377299987478,0.06428236799911247
WTM-NN,169,nn,79.95,0.17618329800097854,0.06433231600021827
WTM-NN,170,nn,79.88,0.1793114689990034,0.06471513999895251
WTM-NN,171,nn,79.86,0.1919859230001748,0.0646570190001512
WTM-NN,172,nn,79.86,0.18999024799995823,0.06664274600007047
WTM-NN,173,nn,80.01,0.1940902990008908,0.06433245100015483
WTM-NN,174,nn,79.97,0.2515415670004586,0.06407829000090715
WTM-NN,175,nn,80.10000000000001,0.19734608399994613,0.0658181290000357
WTM-NN,176,nn,80.02,0.1936974590007594,0.06327955699998711
WTM-NN,177,nn,80.03,0.19524602300043625,0.0695152770003915
WTM-NN,178,nn,80.16,0.2568989240007795,0.0634732950002217
WTM-NN,179,nn,80.27,0.19267996500093432,0.06977890699999989
WTM-NN,180,nn,80.02,0.19420904700018582,0.06485745600002701
WTM-NN,181,nn,80.17999999999999,0.1939655070000299,0.06550105499991332
WTM-NN,182,nn,80.17,0.19426761599970632,0.06792423600018083
WTM-NN,183,nn,80.08,0.19661767499928828,0.06406287999925553
WTM-NN,184,nn,80.27,0.1928388209998957,0.06403501100066933
WTM-NN,185,nn,80.24,0.17685351299951435,0.06551832399964042
WTM-NN,186,nn,80.21000000000001,0.25154339199980313,0.06473203400128114
WTM-NN,187,nn,80.19,0.19388629099921673,0.06537468500027899
WTM-NN,188,nn,80.22,0.18487070499941183,0.06562377599948377
WTM-NN,189,nn,80.33,0.19205521299954853,0.06412561400065897
WTM-NN,190,nn,80.32000000000001,0.25094048299979477,0.06470915399950172
WTM-NN,191,nn,80.33,0.1817278950002219,0.06294097899990447
WTM-NN,192,nn,80.41,0.19370494300164864,0.06428616300036083
WTM-NN,193,nn,80.45,0.1945050150006864,0.06560934499975701
WTM-NN,194,nn,80.36,0.1903930099997524,0.06525873499958834
WTM-NN,195,nn,80.41,0.17299643400110654,0.06454070200015849
WTM-NN,196,nn,80.46,0.19240247800007637,0.06467688600059773
WTM-NN,197,nn,80.52,0.19285735100129386,0.06394622700099717
WTM-NN,198,nn,80.53,0.24238751600023534,0.06325497500074562
WTM-NN,199,nn,80.55,0.1901954040004057,0.06465615800152591
WTM-NN,200,nn,80.49,0.18653729799916619,0.06402324900045642
WTM-NN,201,nn,80.51,0.186914435998915,0.06385955800033116
WTM-NN,202,nn,80.66,0.24936506600170105,0.064770975999636
WTM-NN,203,nn,80.56,0.18363174499972956,0.06372744999862334
WTM-NN,204,nn,80.57,0.18983328499962226,0.06418072699852928
WTM-NN,205,nn,80.65,0.18915004200061958,0.06429587300044659
WTM-NN,206,nn,80.53,0.18561820899958548,0.06552061900038098
WTM-NN,207,nn,80.56,0.17847194600108196,0.0648874619982962
WTM-NN,208,nn,80.57,0.17733399899952929,0.06369594399984635
WTM-NN,209,nn,80.53,0.23976530699837895,0.06573325300087163
WTM-NN,210,nn,80.64,0.18759398399924976,0.06485134499962442
WTM-NN,211,nn,80.7,0.18375679400014633,0.06394193599953724
WTM-NN,212,nn,80.72,0.1836723050000728,0.06426014600037888
WTM-NN,213,nn,80.58999999999999,0.2373921429989423,0.06559472700064362
WTM-NN,214,nn,80.71000000000001,0.1791726329993253,0.06451129400011268
WTM-NN,215,nn,80.58,0.1820794030008983,0.06479515099999844
WTM-NN,216,nn,80.56,0.1799339780009177,0.06458600199948705
WTM-NN,217,nn,80.62,0.1786547049996443,0.06471749799857207
WTM-NN,218,nn,80.66,0.18207791199893109,0.06383748000007472
WTM-NN,219,nn,80.38,0.17891245799910394,0.0633522610005457
WTM-NN,220,nn,80.58999999999999,0.1790981530011777,0.06561706600041362
WTM-NN,221,nn,80.54,0.23734645700096735,0.06469710700002906
WTM-NN,222,nn,80.65,0.17937556099968788,0.06547429100100999
WTM-NN,223,nn,80.71000000000001,0.17892886200024805,0.06405995700151834
WTM-NN,224,nn,80.43,0.17880560600133322,0.0638999340008013
WTM-NN,225,nn,80.65,0.2487703730002977,0.06429939000008744
WTM-NN,226,nn,80.66,0.1807812000006379,0.06480638999892108
WTM-NN,227,nn,80.74,0.18990097099958803,0.06315259100119874
WTM-NN,228,nn,80.71000000000001,0.191306541000813,0.06462960699900577
WTM-NN,229,nn,80.67999999999999,0.19275572200058377,0.06533063599999878
WTM-NN,230,nn,80.67,0.19419590500001505,0.06502062700019451
WTM-NN,231,nn,80.67,0.19326066900066508,0.0654347500003496
WTM-NN,232,nn,80.69,0.17467758500060881,0.06475271500130475
WTM-NN,233,nn,80.81,0.25245537100090587,0.0647302209999907
WTM-NN,234,nn,80.64,0.18639938500018616,0.0638671440010512
WTM-NN,235,nn,80.7,0.18446792800023104,0.06439723900075478
WTM-NN,236,nn,80.77,0.19487950700022338,0.06560952800100495
WTM-NN,237,nn,80.72,0.2518624580006872,0.06532776499989268
WTM-NN,238,nn,80.75,0.18815467599961266,0.06578360599996813
WTM-NN,239,nn,80.67,0.1937809440005367,0.06430117600029917
WTM-NN,240,nn,80.77,0.1935954540003877,0.06547033200149599
WTM-NN,241,nn,80.61,0.19247132099917508,0.06436310800017964
WTM-NN,242,nn,80.54,0.1829324539994559,0.06479807999858167
WTM-NN,243,nn,80.67,0.18545556900062365,0.06510114400043676
WTM-NN,244,nn,80.67999999999999,0.248759104999408,0.06556324499979382
WTM-NN,245,nn,80.75,0.17644306999864057,0.06594208800015622
WTM-NN,246,nn,80.53,0.1906305690008594,0.06385780999880808
WTM-NN,247,nn,80.58999999999999,0.18855914899904747,0.06475607299944386
WTM-NN,248,nn,80.81,0.24332524899909913,0.0651819600007002
WTM-NN,249,nn,80.82000000000001,0.1942189010005677,0.06414513300114777
WTM-NN,250,nn,80.84,0.19223426499956986,0.0645753099997819
WTM-NN,251,nn,80.67,0.19557480299954477,0.06321329000093101
WTM-NN,252,nn,80.73,0.19308970600104658,0.06409969899868884
WTM-NN,253,nn,80.58999999999999,0.19270998100000725,0.0670388760008791
WTM-NN,254,nn,80.7,0.1887582340004883,0.06420125600016036
WTM-NN,255,nn,80.7,0.17668826299996,0.06494273399948725
WTM-NN,256,nn,80.58,0.252482362999217,0.0636410570004955
WTM-NN,257,nn,80.60000000000001,0.18291411599966523,0.06588160499995865
WTM-NN,258,nn,80.67999999999999,0.18722312200043234,0.06332511999971757
WTM-NN,259,nn,80.72,0.1939170280002145,0.06436052499884681
WTM-NN,260,nn,80.55,0.2533441470004618,0.06405900700156053
WTM-NN,261,nn,80.75,0.19326466699931188,0.06407129400031408
WTM-NN,262,nn,80.63,0.19392304999928456,0.06281410900010087
WTM-NN,263,nn,80.81,0.19332146599845146,0.06373742600044352
WTM-NN,264,nn,80.67,0.19552751800074475,0.06468577699888556
WTM-NN,265,nn,80.66,0.19479281100029766,0.0632748600000923
WTM-NN,266,nn,80.73,0.19142255199949432,0.0649277529992105
WTM-NN,267,nn,80.60000000000001,0.19370062399866583,0.064819148999959
WTM-NN,268,nn,80.58,0.25582323699927656,0.06212200899972231
WTM-NN,269,nn,80.44,0.19545483400179364,0.06348897600037162
WTM-NN,270,nn,80.58,0.1789587200000824,0.06450881999990088
WTM-NN,271,nn,80.78,0.1863032609999209,0.06533068700082367
WTM-NN,272,nn,80.67999999999999,0.25393852300112485,0.06657440700109873
WTM-NN,273,nn,80.67999999999999,0.1749624979984219,0.0644246789997851
WTM-NN,274,nn,80.62,0.19196510599977046,0.06477164699936111
WTM-NN,275,nn,80.71000000000001,0.19302221499856387,0.06310585599931073
WTM-NN,276,nn,80.77,0.17787193200092588,0.065677186999892
WTM-NN,277,nn,80.58999999999999,0.1927035779990547,0.06575206700108538
WTM-NN,278,nn,80.63,0.18460593300005712,0.06390713200016762
WTM-NN,279,nn,80.61,0.2504248129989719,0.06313964899891289
WTM-NN,280,nn,80.72,0.19361742600085563,0.06342273299924273
WTM-NN,281,nn,80.61,0.187411532000624,0.06434266799988109
WTM-NN,282,nn,80.67999999999999,0.19440772100097092,0.06632439799977874
WTM-NN,283,nn,80.57,0.2530091570006334,0.06229773899940483
WTM-NN,284,nn,80.78999999999999,0.1950085839998792,0.06408941600057005
WTM-NN,285,nn,80.67,0.17735874800018792,0.06742952700005844
WTM-NN,286,nn,80.5,0.19372330700025486,0.06943902599959983
WTM-NN,287,nn,80.71000000000001,0.19787725700007286,0.06290873399848351
WTM-NN,288,nn,80.61,0.18011072400076955,0.0636854519998451
WTM-NN,289,nn,80.73,0.19563524300065183,0.06481737400099519
WTM-NN,290,nn,80.67999999999999,0.19546306600022945,0.064771973000461
WTM-NN,291,nn,80.7,0.2544236070007173,0.06336130400086404
WTM-NN,292,nn,80.80000000000001,0.18075654899985238,0.069391340999573
WTM-NN,293,nn,80.58,0.18091357899902505,0.06454680799834023
WTM-NN,294,nn,80.66,0.1863295229995856,0.06369023399929574
WTM-NN,295,nn,80.66,0.24228318899986334,0.06306382899856544
WTM-NN,296,nn,80.56,0.17899499899976945,0.06278113600092183
WTM-NN,297,nn,80.60000000000001,0.19507202900058473,0.06492637200062745
WTM-NN,298,nn,80.81,0.19380137299958733,0.06545560999984446
WTM-NN,299,nn,80.58999999999999,0.19421292300103232,0.06476971600022807
WTM-NN,300,nn,80.60000000000001,0.1957861579994642,0.06462783500137448
WTM-NN,301,nn,80.71000000000001,0.18565174600007595,0.07078179100062698
WTM-NN,302,nn,80.64,0.18123379099961312,0.06496572399919387
WTM-NN,303,nn,80.85,0.23922534300072584,0.06413845699898957
WTM-NN,304,nn,80.80000000000001,0.1962728850012354,0.0677723259996128
WTM-NN,305,nn,80.63,0.18286815700048464,0.06908985600057349
WTM-NN,306,nn,80.49,0.19316873900061182,0.06392527600110043
WTM-NN,307,nn,80.62,0.2532194720006373,0.06762139899910835
WTM-NN,308,nn,80.69,0.18450947800010908,0.06980802499856509
WTM-NN,309,nn,80.74,0.17959799699929135,0.06482054600019183
WTM-NN,310,nn,80.58,0.1899751759992796,0.07008607799980382
WTM-NN,311,nn,80.60000000000001,0.1809240319998935,0.07141457699981402
WTM-NN,312,nn,80.60000000000001,0.19251222699858772,0.06459475299925543
WTM-NN,313,nn,80.72,0.19538565200127778,0.06351256800007832
WTM-NN,314,nn,80.64,0.19542625500071154,0.06278456700056267
WTM-NN,315,nn,80.58999999999999,0.2527860979989782,0.06234416400002374
WTM-NN,316,nn,80.71000000000001,0.1933919530001731,0.06394953199924203
WTM-NN,317,nn,80.63,0.19256532500003232,0.06432990099892777
WTM-NN,318,nn,80.77,0.19501383299939334,0.06481126899961964
WTM-NN,319,nn,80.65,0.25097000599998864,0.06425980600033654
WTM-NN,320,nn,80.81,0.19254092000119272,0.06383770399952482
WTM-NN,321,nn,80.66,0.19296305200077768,0.06393273999856319
WTM-NN,322,nn,80.62,0.1922582909992343,0.06330506699850957
WTM-NN,323,nn,80.61,0.19209219600088545,0.06450358900110587
WTM-NN,324,nn,80.82000000000001,0.18287848900035897,0.06394105199979094
WTM-NN,325,nn,80.75,0.19223873800001456,0.06324685499930638
WTM-NN,326,nn,80.84,0.24954121799964923,0.06451150899920322
WTM-NN,327,nn,80.77,0.19102099199881195,0.06258559199886804
WTM-NN,328,nn,80.62,0.18599263899886864,0.06388632100060931
WTM-NN,329,nn,80.65,0.19303170099919953,0.06403782999950636
WTM-NN,330,nn,80.73,0.2501682290003373,0.06349093700009689
WTM-NN,331,nn,80.61,0.172366716000397,0.06261110400009784
WTM-NN,332,nn,80.78,0.19340337299945531,0.06485336500008998
WTM-NN,333,nn,80.54,0.19255166400034796,0.0634685229997558
WTM-NN,334,nn,80.69,0.18098648799968942,0.06377572400015197
WTM-NN,335,nn,80.65,0.19216482199954044,0.06385606799995003
WTM-NN,336,nn,80.64,0.19346373899861646,0.06389596499866457
WTM-NN,337,nn,80.78999999999999,0.1931034940007521,0.06487507500060019
WTM-NN,338,nn,80.72,0.252350402999582,0.0648164470003394
WTM-NN,339,nn,80.71000000000001,0.19288390499968955,0.06325985500006936
WTM-NN,340,nn,80.78999999999999,0.1924916280004254,0.06518577099996037
WTM-NN,341,nn,80.61,0.19244015799995395,0.06279470800109266
WTM-NN,342,nn,80.61,0.24951789699844085,0.06425422800020897
WTM-NN,343,nn,80.7,0.19045307700071135,0.0654047569987597
WTM-NN,344,nn,80.76,0.18120904399984283,0.06442450699978508
WTM-NN,345,nn,80.78999999999999,0.18135904200062214,0.06296195100003388
WTM-NN,346,nn,80.71000000000001,0.179545863000385,0.06594859100005124
WTM-NN,347,nn,80.57,0.1813734459992702,0.06224539399954665
WTM-NN,348,nn,80.64,0.17850444299983792,0.06369342100151698
WTM-NN,349,nn,80.67999999999999,0.1791342220003571,0.06456740199973865
WTM-NN,350,nn,80.72,0.23912900799950876,0.06263632099944516
WTM-NN,351,nn,80.7,0.17943376599941985,0.06370844800039777
WTM-NN,352,nn,80.78999999999999,0.1786648420002166,0.06321525000021211
WTM-NN,353,nn,80.75,0.18607361300018965,0.06420361900018179
WTM-NN,354,nn,80.83,0.2367402680010855,0.06388145399978384
WTM-NN,355,nn,80.71000000000001,0.19484416100021917,0.06473526499939908
WTM-NN,356,nn,80.80000000000001,0.17861188699862396,0.06350455199935823
WTM-NN,357,nn,80.78,0.17981163900003594,0.06375370800014935
WTM-NN,358,nn,80.73,0.18177418599952944,0.06514296299974376
WTM-NN,359,nn,80.71000000000001,0.17902399800004787,0.0639902359998814
WTM-NN,360,nn,80.53,0.1793271980004647,0.06385418599893455
WTM-NN,361,nn,80.72,0.2371409469997161,0.0633156659987435
WTM-NN,362,nn,80.83,0.18127103700135194,0.06353709299946786
WTM-NN,363,nn,80.58999999999999,0.17863417199987452,0.06361162800021702
WTM-NN,364,nn,80.66,0.19128896599977452,0.06392346100074064
WTM-NN,365,nn,80.67999999999999,0.25311284300005354,0.06420437300039339
WTM-NN,366,nn,80.57,0.19377965799867525,0.065128932999869
WTM-NN,367,nn,80.78,0.19431969200013555,0.06551533799938625
WTM-NN,368,nn,80.9,0.19060217200058105,0.06390458699934243
WTM-NN,369,nn,80.71000000000001,0.19505770899922936,0.0632448630003637
WTM-NN,370,nn,80.7,0.19455536299938103,0.06471505099943897
WTM-NN,371,nn,80.72,0.17565325800023857,0.06219700700057729
WTM-NN,372,nn,80.60000000000001,0.19386858200050483,0.06378852300076687
WTM-NN,373,nn,80.63,0.25152125299973704,0.06389172399940435
WTM-NN,374,nn,80.55,0.18423472299946297,0.06422372800079756
WTM-NN,375,nn,80.72,0.19420366499980446,0.06375527499949385
WTM-NN,376,nn,80.81,0.19325757699880342,0.06440291299986711
WTM-NN,377,nn,80.78,0.2482071280010132,0.06466018099854409
WTM-NN,378,nn,80.63,0.19428249900010996,0.06548821900105395
WTM-NN,379,nn,80.61,0.19331752300058724,0.06388593600058812
WTM-NN,380,nn,80.67,0.19108326499917894,0.06422185600058583
WTM-NN,381,nn,80.76,0.19292121900070924,0.06410121800035995
WTM-NN,382,nn,80.78999999999999,0.1917601700006344,0.06347538100089878
WTM-NN,383,nn,80.55,0.19622651600002428,0.06358389200067904
WTM-NN,384,nn,80.76,0.1837349279994669,0.06417971600058081
WTM-NN,385,nn,80.61,0.25362579300053767,0.06550586400044267
WTM-NN,386,nn,80.44,0.19485202999931062,0.06475752799997281
WTM-NN,387,nn,80.43,0.190905493000173,0.06401742100024421
WTM-NN,388,nn,80.69,0.1844979779998539,0.06466752399865072
WTM-NN,389,nn,80.83,0.2527666930000123,0.06449139399956039
WTM-NN,390,nn,80.80000000000001,0.1932455950009171,0.06468621000021813
WTM-NN,391,nn,80.63,0.18101716000091983,0.0654106080000929
WTM-NN,392,nn,80.58,0.1780589459995099,0.0655493190006382
WTM-NN,393,nn,80.75,0.17899911799941037,0.06502109200118866
WTM-NN,394,nn,80.77,0.1817081049994158,0.06400748399937584
WTM-NN,395,nn,80.67999999999999,0.17919743899983587,0.0644634660002339
WTM-NN,396,nn,80.67,0.2377209859987488,0.06426598299913167
WTM-NN,397,nn,80.64,0.18266291600048135,0.06339919400124927
WTM-NN,398,nn,80.66,0.17934312499892258,0.0640955609997036
WTM-NN,399,nn,80.77,0.1787855180009501,0.06511342799967679
WTM-NN,400,nn,80.77,0.23906365400034701,0.06402632400022412
WTM-NN,401,nn,80.58999999999999,0.17934565000177827,0.06352304800020647
WTM-NN,402,nn,80.58999999999999,0.17978165999920748,0.06431971300116857
WTM-NN,403,nn,80.64,0.18006764100027794,0.06586226699982944
WTM-NN,404,nn,80.81,0.18108944799860183,0.06424436999986938
WTM-NN,405,nn,80.67999999999999,0.18032991099971696,0.06446265300110099
WTM-NN,406,nn,80.67,0.1787479729991901,0.06440091500007838
WTM-NN,407,nn,80.73,0.17889359400032845,0.0631336390015349
WTM-NN,408,nn,80.63,0.23835948200030543,0.06470103600076982
WTM-NN,409,nn,80.62,0.18548488200030988,0.06542547299977741
WTM-NN,410,nn,80.62,0.18652531299994735,0.06434867699863389
WTM-NN,411,nn,80.78999999999999,0.17937338699994143,0.0705091870004253
WTM-NN,412,nn,80.81,0.25096926799960784,0.06391817400071886
WTM-NN,413,nn,80.28999999999999,0.17702610499873117,0.06430117599848018
WTM-NN,414,nn,80.67999999999999,0.1893809789999068,0.06385907299954852
WTM-NN,415,nn,80.73,0.1859016550006345,0.0656728710000607
WTM-NN,416,nn,80.65,0.17990223599917954,0.06396419299926492
WTM-NN,417,nn,80.78,0.17501404500035278,0.06490620899967325
WTM-NN,418,nn,80.64,0.19143134099977033,0.0766583360000368
WTM-NN,419,nn,80.61,0.19316230399999768,0.0688571350001439
WTM-NN,420,nn,80.66,0.251824951999879,0.06494433300031233
WTM-NN,421,nn,80.54,0.1873906929995428,0.06317615199986903
WTM-NN,422,nn,80.64,0.19328514699918742,0.07101859300018987
WTM-NN,423,nn,80.75,0.19225073799862002,0.06503911400068318
WTM-NN,424,nn,80.58999999999999,0.2402714339987142,0.06461734399999841
WTM-NN,425,nn,80.61,0.1902306009997119,0.06464471199979016
WTM-NN,426,nn,80.58,0.19437041299897828,0.06425360899993393
WTM-NN,427,nn,80.64,0.19315406200075813,0.06432974300150818
WTM-NN,428,nn,80.63,0.1814769599986903,0.06474845499906223
WTM-NN,429,nn,80.64,0.18817576199944597,0.06535583199911343
WTM-NN,430,nn,80.64,0.1933361049996165,0.06509655400077463
WTM-NN,431,nn,80.63,0.24079214599987608,0.06485356099983619
WTM-NN,432,nn,80.58999999999999,0.17960531600147078,0.06623225499970431
WTM-NN,433,nn,80.63,0.1798245340014546,0.06392147000042314
WTM-NN,434,nn,80.74,0.18163443899902632,0.06321750200004317
WTM-NN,435,nn,80.74,0.23787204299878795,0.06292322300032538
WTM-NN,436,nn,80.58,0.1789579180003784,0.06612879400017846
WTM-NN,437,nn,80.74,0.1783149669990962,0.06362922700100171
WTM-NN,438,nn,80.71000000000001,0.1792436510004336,0.06527896100124053
WTM-NN,439,nn,80.78,0.17814411200015456,0.06518560299991805
WTM-NN,440,nn,80.85,0.17867536599987943,0.06623531399964122
WTM-NN,441,nn,80.74,0.1807609749994299,0.06455978799931472
WTM-NN,442,nn,80.58,0.1785687110004801,0.06578212599924882
WTM-NN,443,nn,80.54,0.23804529100016225,0.0650427930013393
WTM-NN,444,nn,80.62,0.1807405290001043,0.06525689000045531
WTM-NN,445,nn,80.62,0.18606852599987178,0.06342010699881939
WTM-NN,446,nn,80.75,0.178962883001077,0.06515613900046446
WTM-NN,447,nn,80.72,0.23825371400016593,0.06504654700074752
WTM-NN,448,nn,80.80000000000001,0.1794177719984873,0.06615791300100682
WTM-NN,449,nn,80.67999999999999,0.1784638039989659,0.0659601939987624
WTM-NN,450,nn,80.84,0.17941164399962872,0.06546714400064957
WTM-NN,451,nn,80.52,0.18097354299970903,0.06603500199889822
WTM-NN,452,nn,80.69,0.17869223399975454,0.06502798299879942
WTM-NN,453,nn,80.71000000000001,0.17932063499938522,0.06268125200040231
WTM-NN,454,nn,80.62,0.1783936130013899,0.06347050099975604
WTM-NN,455,nn,80.85,0.2392594819993974,0.06635792199995194
WTM-NN,456,nn,80.51,0.17872801100020297,0.06465661700167402
WTM-NN,457,nn,80.83,0.195018598000388,0.06525652799973614
WTM-NN,458,nn,80.71000000000001,0.1821497040000395,0.06565853800020705
WTM-NN,459,nn,80.64,0.24769910499890102,0.06415117800133885
WTM-NN,460,nn,80.85,0.19489442200028861,0.06537201200080744
WTM-NN,461,nn,80.58,0.18804270799955702,0.06485635399985767
WTM-NN,462,nn,80.72,0.1917135280000366,0.06524340599935385
WTM-NN,463,nn,80.61,0.18001153700060968,0.06560593600079301
WTM-NN,464,nn,80.62,0.19348397000067052,0.06335856099940429
WTM-NN,465,nn,80.78999999999999,0.19398484399971494,0.06359278899981291
WTM-NN,466,nn,80.83,0.24349247999998624,0.06649236399971414
WTM-NN,467,nn,80.66,0.17923370899916335,0.06506112200077041
WTM-NN,468,nn,80.58,0.18238266700063832,0.06368275499880838
WTM-NN,469,nn,80.61,0.1788845709997986,0.06342686499920092
WTM-NN,470,nn,80.53,0.23774399099966104,0.06376770600036252
WTM-NN,471,nn,80.66,0.18080026700044982,0.06585651399836934
WTM-NN,472,nn,80.72,0.17856530000062776,0.06494959400151856
WTM-NN,473,nn,80.66,0.17946712499906425,0.0641182489998755
WTM-NN,474,nn,80.81,0.17911636400094721,0.06588187899978948
WTM-NN,475,nn,80.64,0.1792618109993782,0.06621881499995652
WTM-NN,476,nn,80.52,0.17948143899957358,0.06501954899977136
WTM-NN,477,nn,80.67999999999999,0.19506721499965352,0.06570600500162982
WTM-NN,478,nn,80.60000000000001,0.2464195809989178,0.06439251499978127
WTM-NN,479,nn,80.78999999999999,0.1950205700013612,0.06379410899899085
WTM-NN,480,nn,80.73,0.19179573899964453,0.06476891099919158
WTM-NN,481,nn,80.81,0.1792235859993525,0.06570704499972635
WTM-NN,482,nn,80.54,0.25119780999921204,0.06411059299898625
WTM-NN,483,nn,80.71000000000001,0.1953661089992238,0.06400999000106822
WTM-NN,484,nn,80.80000000000001,0.18375597299927904,0.06519561300046917
WTM-NN,485,nn,80.69,0.18285360600020795,0.06274777699945844
WTM-NN,486,nn,80.65,0.19398158700096246,0.06312234700089903
WTM-NN,487,nn,80.71000000000001,0.19412275699869497,0.0641300589995808
WTM-NN,488,nn,80.58999999999999,0.18441524199988635,0.06279169899971748
WTM-NN,489,nn,80.67,0.19229739500042342,0.06361584099977335
WTM-NN,490,nn,80.75,0.2549723320007615,0.06405781899957219
WTM-NN,491,nn,80.76,0.18690796900045825,0.06456431800143037
WTM-NN,492,nn,80.64,0.1941865240005427,0.0636687879996316
WTM-NN,493,nn,80.80000000000001,0.1951780300005339,0.06379358000049251
WTM-NN,494,nn,80.64,0.2522021329987183,0.06358133000139787
WTM-NN,495,nn,80.47,0.19602858100006415,0.06478027299999667
WTM-NN,496,nn,80.71000000000001,0.19007371899897407,0.06597238799986371
WTM-NN,497,nn,80.7,0.1915377980003541,0.06354871499934234
WTM-NN,498,nn,80.64,0.18113404699943203,0.06447349999871221
WTM-NN,499,nn,80.64,0.19236718800129893,0.06257346700112976
WTM-NN,500,nn,80.67,0.18839597099940875,0.06272874000023876
UTM-NN,1,tm,63.38,0.5916980809997767,0.07048838699847693
UTM-NN,2,tm,65.61,0.5268481980001525,0.07280639899909147
UTM-NN,3,tm,65.94,0.5293565689989919,0.07176285200148413
UTM-NN,4,tm,65.51,0.5103452450002806,0.07248688700019557
UTM-NN,5,tm,66.67999999999999,0.5108726430007664,0.0711211359994195
UTM-NN,6,tm,65.78,0.5184022600005846,0.0729859729999589
UTM-NN,7,tm,66.01,0.5132641449999937,0.07260344099995564
UTM-NN,8,tm,66.71000000000001,0.5222652979991835,0.07170255700111738
UTM-NN,9,tm,66.69,0.508686076000231,0.071760249998988
UTM-NN,10,tm,66.9,0.5106032100011362,0.07231340099860972
UTM-NN,11,tm,66.56,0.5115731549994962,0.07506871300029161
UTM-NN,12,tm,66.97,0.5133099880004011,0.07181616600064444
UTM-NN,13,tm,67.54,0.5167535370001133,0.07205164200058789
UTM-NN,14,tm,67.24,0.5062932109995018,0.07240819999969972
UTM-NN,15,tm,67.19000000000001,0.5110425110015058,0.07252369599882513
UTM-NN,16,tm,66.92,0.5089382370006206,0.07235548400058178
UTM-NN,17,tm,66.86,0.5015475089985557,0.07230493299903173
UTM-NN,18,tm,66.85,0.5063963459997467,0.07232001000011223
UTM-NN,19,tm,67.57,0.5170897640000476,0.07219162299952586
UTM-NN,20,tm,67.63,0.5077749510001013,0.07234949700068682
UTM-NN,21,tm,67.55,0.5035095460007142,0.072230412000863
UTM-NN,22,tm,67.55,0.513506186000086,0.07235819800007448
UTM-NN,23,tm,67.15,0.506134684999779,0.07093479899958766
UTM-NN,24,tm,67.46,0.5067588549991342,0.0727458530000149
UTM-NN,25,tm,67.72,0.4998516269988613,0.07231949500055634
UTM-NN,26,tm,67.32000000000001,0.5151587559994368,0.07129701099984231
UTM-NN,27,tm,67.86999999999999,0.49720578100095736,0.07230368700038525
UTM-NN,28,tm,68.10000000000001,0.5043729469998652,0.0725741559999733
UTM-NN,29,tm,68.11,0.5151861440008361,0.07187902400073654
UTM-NN,30,tm,67.58,0.5079526090012223,0.07311371600007988
UTM-NN,31,tm,67.13,0.49570700299955206,0.07118477000040002
UTM-NN,32,tm,67.80000000000001,0.49771210299877566,0.07212198399975023
UTM-NN,33,tm,67.85,0.5105215889998362,0.07260898300046392
UTM-NN,34,tm,67.62,0.49112283600152296,0.07232633899911889
UTM-NN,35,tm,67.47999999999999,0.4999542189998465,0.07226889800040226
UTM-NN,36,tm,67.19000000000001,0.5049153010004375,0.07078552800157922
UTM-NN,37,tm,67.80000000000001,0.4929198589998123,0.07196646300144494
UTM-NN,38,tm,67.66,0.4985201089984912,0.0738330500007578
UTM-NN,39,tm,67.65,0.5041192249991582,0.0719146940009523
UTM-NN,40,tm,68.07,0.5068239490010455,0.07126322899966908
UTM-NN,41,tm,67.57,0.5031552220007143,0.07164164099958725
UTM-NN,42,tm,67.75,0.49860062500010827,0.07241575299849501
UTM-NN,43,tm,67.61,0.5107667979991675,0.07229344300139928
UTM-NN,44,tm,67.95,0.5062791820000712,0.07374119000087376
UTM-NN,45,tm,67.93,0.5069111140001041,0.07413257400003204
UTM-NN,46,tm,67.86999999999999,0.5103089650001493,0.07296419500016782
UTM-NN,47,tm,68.2,0.5055411130015273,0.07340322299933177
UTM-NN,48,tm,67.57,0.503667551000035,0.07207965100133151
UTM-NN,49,tm,67.54,0.5027090919993498,0.0722595299994282
UTM-NN,50,tm,67.4,0.5048409390001325,0.07222334600010072
UTM-NN,51,tm,67.44,0.5083064909995301,0.0707373559998814
UTM-NN,52,tm,67.4,0.49758757099880313,0.07381888700001582
UTM-NN,53,tm,67.15,0.5068424169985519,0.07205028099997435
UTM-NN,54,tm,67.36,0.4957781530010834,0.0708862979990954
UTM-NN,55,tm,67.75999999999999,0.49612033300036273,0.07278992499959713
UTM-NN,56,tm,67.47,0.5053361549998954,0.07177311399937025
UTM-NN,57,tm,67.30000000000001,0.5033889879996423,0.0734610330000578
UTM-NN,58,tm,67.49000000000001,0.5042245750009897,0.0703716819989495
UTM-NN,59,tm,67.66,0.5068161899998813,0.0713865479992819
UTM-NN,60,tm,67.78,0.5127381210004387,0.07261322100021061
UTM-NN,61,tm,68.08,0.49366427499990095,0.07133808300022793
UTM-NN,62,tm,67.75,0.5025506729998597,0.07010029099910753
UTM-NN,63,tm,67.97999999999999,0.5024005220002437,0.07201190100022359
UTM-NN,64,tm,67.73,0.5151453440012119,0.07180648000030487
UTM-NN,65,tm,67.69,0.5059778699996968,0.07270719400003145
UTM-NN,66,tm,67.58,0.5036610160004784,0.07237147500018182
UTM-NN,67,tm,67.58999999999999,0.5071381420002581,0.07239946499976213
UTM-NN,68,tm,68.0,0.5036547929994413,0.07331611900008284
UTM-NN,69,tm,67.86999999999999,0.48834874000021955,0.07206790700001875
UTM-NN,70,tm,68.08,0.5017087470005208,0.07076365400098439
UTM-NN,71,tm,67.71000000000001,0.49684949699985737,0.07227058600074088
UTM-NN,72,tm,67.78,0.5011015989985026,0.07059054400087916
UTM-NN,73,tm,68.04,0.5020399039985932,0.07284691600034421
UTM-NN,74,tm,67.65,0.505417126998509,0.07236998400003358
UTM-NN,75,tm,67.66,0.50132767300056,0.07233188499958487
UTM-NN,76,tm,67.51,0.494793607000247,0.0710467000008066
UTM-NN,77,tm,67.73,0.4996156710003561,0.07170670500090637
UTM-NN,78,tm,67.67999999999999,0.49752602000080515,0.07209733800118556
UTM-NN,79,tm,67.72,0.507323155999984,0.07106180300070264
UTM-NN,80,tm,67.89,0.50361489199895,0.07244060599987279
UTM-NN,81,tm,68.04,0.5011476130002848,0.07149874399874534
UTM-NN,82,tm,68.2,0.4978046499982156,0.08022417699976359
UTM-NN,83,tm,68.28,0.5171037950003665,0.07371116099966457
UTM-NN,84,tm,68.07,0.5038364350002666,0.0733733699998993
UTM-NN,85,tm,67.84,0.4984763380016375,0.07321701499859046
UTM-NN,86,tm,67.89,0.510417375000543,0.0738582200010569
UTM-NN,87,tm,67.80000000000001,0.501703712001472,0.0742113390006125
UTM-NN,88,tm,67.62,0.504838437998842,0.07303793800019776
UTM-NN,89,tm,67.69,0.516246515999228,0.0738085820012202
UTM-NN,90,tm,67.82000000000001,0.5069309350001276,0.07281593299921951
UTM-NN,91,tm,67.96,0.5027692229996319,0.07312809200084303
UTM-NN,92,tm,67.93,0.49792471500040847,0.0725819089984725
UTM-NN,93,tm,67.86,0.4950877709998167,0.07189014400137239
UTM-NN,94,tm,67.83,0.5096862490008789,0.0729061530000763
UTM-NN,95,tm,67.69,0.49348363200078893,0.07354102300087106
UTM-NN,96,tm,67.80000000000001,0.511247196000113,0.0725035300001764
UTM-NN,97,tm,67.30000000000001,0.49723381900003005,0.07346588499967766
UTM-NN,98,tm,67.71000000000001,0.5071397190004063,0.07204984000054537
UTM-NN,99,tm,67.85,0.49084858400055964,0.07481823499983875
UTM-NN,100,tm,67.99,0.504953319001288,0.07086885500029894
UTM-NN,101,tm,68.15,0.5023085230004654,0.07237461700060521
UTM-NN,102,tm,68.06,0.5032259910003631,0.0730694220001169
UTM-NN,103,tm,68.05,0.5014247430008254,0.0705920939999487
UTM-NN,104,tm,67.97,0.49808741599917994,0.07229269900017243
UTM-NN,105,tm,67.7,0.49981885200031684,0.07392340799924568
UTM-NN,106,tm,67.63,0.5055360599999403,0.07098231200143346
UTM-NN,107,tm,67.75,0.504485993000344,0.07121913499941002
UTM-NN,108,tm,67.71000000000001,0.5003938899990317,0.07051580100051069
UTM-NN,109,tm,67.83,0.4961412680004287,0.07367739400069695
UTM-NN,110,tm,67.21000000000001,0.5151314570011891,0.07396851500016055
UTM-NN,111,tm,67.63,0.5071645049993094,0.07179095399988
UTM-NN,112,tm,67.71000000000001,0.5078927730010037,0.07342387900098402
UTM-NN,113,tm,67.60000000000001,0.5086951850007608,0.07207665499845461
UTM-NN,114,tm,67.58999999999999,0.5020712960013043,0.07738478899955226
UTM-NN,115,tm,67.77,0.5098933360004594,0.07395526700020127
UTM-NN,116,tm,67.61,0.5028472030007833,0.07256684799904178
UTM-NN,117,tm,67.67999999999999,0.5073800919999485,0.07219015000009676
UTM-NN,118,tm,67.31,0.507212010999865,0.07300117900012992
UTM-NN,119,tm,67.39,0.5100986180004838,0.07253818299977866
UTM-NN,120,tm,67.39,0.5056077939989336,0.07251631899998756
UTM-NN,121,tm,67.31,0.4939994560008927,0.07322150600157329
UTM-NN,122,tm,67.64,0.4977802490011527,0.07152707500063116
UTM-NN,123,tm,67.9,0.5023108949990274,0.07258477499999572
UTM-NN,124,tm,67.62,0.5039262730006158,0.07262268300110009
UTM-NN,125,tm,67.91,0.5024207570004364,0.07193008200010809
UTM-NN,126,tm,67.93,0.49854720099938277,0.07400577800035535
UTM-NN,127,tm,68.05,0.5038859509986651,0.07287287299914169
UTM-NN,128,tm,67.75,0.4991251969986479,0.07263549900017097
UTM-NN,129,tm,67.58999999999999,0.4995691159983835,0.072196848999738
UTM-NN,130,tm,67.58999999999999,0.5058977690005122,0.07176928600165411
UTM-NN,131,tm,67.43,0.5089413980003883,0.07257938900147565
UTM-NN,132,tm,67.16,0.5099190100008855,0.07256404899999325
UTM-NN,133,tm,67.9,0.5033858859987959,0.0727793850001035
UTM-NN,134,tm,67.67999999999999,0.5079334790007124,0.07286980199933168
UTM-NN,135,tm,67.88,0.5049135030003526,0.07095440600096481
UTM-NN,136,tm,68.16,0.506749021998985,0.07233038899903477
UTM-NN,137,tm,67.95,0.49650940999890736,0.07362398700024642
UTM-NN,138,tm,67.61,0.5011943540011998,0.07334832000015012
UTM-NN,139,tm,67.77,0.5001876589994936,0.07371984299970791
UTM-NN,140,tm,67.78,0.5036953409999114,0.07277327699921443
UTM-NN,141,tm,67.45,0.5093832570000814,0.07146269800068694
UTM-NN,142,tm,67.4,0.4910273710011097,0.07353908900040551
UTM-NN,143,tm,67.58,0.5025209110008291,0.07418497700018634
UTM-NN,144,tm,67.5,0.49858842700086825,0.07150849000026938
UTM-NN,145,tm,67.73,0.5006140740006231,0.0729774979990907
UTM-NN,146,tm,67.58,0.5060864730003232,0.07393085699914081
UTM-NN,147,tm,67.75999999999999,0.5113210460003756,0.07352431399885972
UTM-NN,148,tm,67.63,0.5078652900010638,0.0725206259994593
UTM-NN,149,tm,67.55,0.5052542530011124,0.0728961109998636
UTM-NN,150,tm,67.69,0.5031024569998408,0.075142469999264
UTM-NN,151,nn,69.95,0.24937307099935424,0.07028482700116001
UTM-NN,152,nn,70.32000000000001,0.1769854279991705,0.06913980599892966
UTM-NN,153,nn,70.5,0.18476704499880725,0.07047681099902547
UTM-NN,154,nn,70.78999999999999,0.19007046300066577,0.06716651100032323
UTM-NN,155,nn,70.88,0.19037927399949695,0.06959314200139488
UTM-NN,156,nn,70.97,0.1783742900006473,0.0682321040003444
UTM-NN,157,nn,71.17999999999999,0.18952434299899323,0.06794825399992988
UTM-NN,158,nn,71.12,0.18320340299942472,0.0698612090000097
UTM-NN,159,nn,71.16,0.24294187400118972,0.07103093300065666
UTM-NN,160,nn,71.16,0.19234110199977295,0.0681864170001063
UTM-NN,161,nn,71.27,0.17591635499957192,0.06931895900015661
UTM-NN,162,nn,71.27,0.17498031499962963,0.06940592200044193
UTM-NN,163,nn,71.41,0.2523727569987386,0.0715072950006288
UTM-NN,164,nn,71.25,0.19310708499870088,0.0715106410007138
UTM-NN,165,nn,71.28999999999999,0.19182447100138234,0.07202386799872329
UTM-NN,166,nn,71.41999999999999,0.1937890819990571,0.06740352499946312
UTM-NN,167,nn,71.26,0.183474514999034,0.07058024800062412
UTM-NN,168,nn,71.35000000000001,0.17837892199895578,0.06896869899901503
UTM-NN,169,nn,71.34,0.18277033300000767,0.06965713700083143
UTM-NN,170,nn,71.34,0.17870197000047483,0.07143124399954104
UTM-NN,171,nn,71.41999999999999,0.23790211900086433,0.07035197299956053
UTM-NN,172,nn,71.53,0.18131518200061691,0.06940264200056845
UTM-NN,173,nn,71.35000000000001,0.17980446300134645,0.06905063200065342
UTM-NN,174,nn,71.36,0.23795441600123013,0.0683933230011462
UTM-NN,175,nn,71.45,0.17993485700026213,0.07254504000047746
UTM-NN,176,nn,71.45,0.19403331500143395,0.06983530800061999
UTM-NN,177,nn,71.50999999999999,0.19430309900053544,0.07135461799953191
UTM-NN,178,nn,71.41999999999999,0.19167688099878433,0.07122260400137748
UTM-NN,179,nn,71.45,0.19048629999997502,0.0700880109998252
UTM-NN,180,nn,71.41999999999999,0.1827533060004498,0.07116753800073639
UTM-NN,181,nn,71.43,0.19099724599982437,0.06906729100046505
UTM-NN,182,nn,71.41999999999999,0.24262547100079246,0.06990963800126337
UTM-NN,183,nn,71.47,0.192192275000707,0.06943493600010697
UTM-NN,184,nn,71.38,0.19225271699906443,0.07041043900062505
UTM-NN,185,nn,71.38,0.18255829100053234,0.06881506399986392
UTM-NN,186,nn,71.41,0.25064096200003405,0.0713619270009076
UTM-NN,187,nn,71.38,0.1746649559991056,0.07112885199967423
UTM-NN,188,nn,71.53,0.1863566579995677,0.06889911200050847
UTM-NN,189,nn,71.36,0.18556971100042574,0.06982325399985712
UTM-NN,190,nn,71.41999999999999,0.18485440000040398,0.06982656599939219
UTM-NN,191,nn,71.39,0.19092914900102187,0.06849274800151761
UTM-NN,192,nn,71.45,0.17114976799894066,0.06841223699848342
UTM-NN,193,nn,71.46000000000001,0.18437493100100255,0.06886312499955238
UTM-NN,194,nn,71.41999999999999,0.2520712130008178,0.06955778899828147
UTM-NN,195,nn,71.36,0.17887525200058008,0.06893864999983634
UTM-NN,196,nn,71.43,0.19316513800004032,0.06717985099930956
UTM-NN,197,nn,71.34,0.19264227999883587,0.06844232999901578
UTM-NN,198,nn,71.36,0.25393065699972794,0.06894131700028083
UTM-NN,199,nn,71.38,0.19228853499953402,0.06830694599921117
UTM-NN,200,nn,71.39,0.19305611700110603,0.06921019000037631
UTM-NN,201,nn,71.44,0.18410804199993436,0.06822143699901062
UTM-NN,202,nn,71.46000000000001,0.18382695299987972,0.06911577299979399
UTM-NN,203,nn,71.38,0.19307786699937424,0.06991263199961395
UTM-NN,204,nn,71.44,0.18267144499986898,0.06836712499898567
UTM-NN,205,nn,71.39,0.19284628899913514,0.06835486199997831
UTM-NN,206,nn,71.41,0.25312003399994865,0.07020051600011357
UTM-NN,207,nn,71.43,0.19286148200080788,0.06976007199955347
UTM-NN,208,nn,71.47,0.19332048000069335,0.06860425599916198
UTM-NN,209,nn,71.39999999999999,0.19086877799963986,0.06902666200039675
UTM-NN,210,nn,71.38,0.25120611599959375,0.07145979900087696
UTM-NN,211,nn,71.43,0.19319379800072056,0.07535684499998752
UTM-NN,212,nn,71.47,0.19160692799960088,0.0696285900012299
UTM-NN,213,nn,71.47,0.18819708699993498,0.07585837099941273
UTM-NN,214,nn,71.49,0.19575980700028595,0.07412665400079277
UTM-NN,215,nn,71.47,0.19502762999945844,0.06942721099949267
UTM-NN,216,nn,71.46000000000001,0.20508818999951473,0.06935984900155745
UTM-NN,217,nn,71.45,0.24518527300097048,0.0715846879993478
UTM-NN,218,nn,71.45,0.1808607499988284,0.07034642999860807
UTM-NN,219,nn,71.47,0.17939234000004944,0.07111899800111132
UTM-NN,220,nn,71.39999999999999,0.18213463699976273,0.06990463300098781
UTM-NN,221,nn,71.39999999999999,0.23764981500062277,0.06901607100007823
UTM-NN,222,nn,71.41999999999999,0.1805839280004875,0.06904008699893893
UTM-NN,223,nn,71.32,0.18243036000058055,0.07124798700169777
UTM-NN,224,nn,71.46000000000001,0.17885892200138187,0.06954565399973944
UTM-NN,225,nn,71.48,0.17883425900072325,0.07076942999992752
UTM-NN,226,nn,71.44,0.18098745799943572,0.06800402499902702
UTM-NN,227,nn,71.41999999999999,0.18888895999953093,0.0690246530011791
UTM-NN,228,nn,71.53,0.19340603700038628,0.06771524100076931
UTM-NN,229,nn,71.44,0.25227383600031317,0.06887700399965979
UTM-NN,230,nn,71.39,0.1761609570003202,0.06944045899945195
UTM-NN,231,nn,71.39,0.18624125299902516,0.068376631999854
UTM-NN,232,nn,71.49,0.19350524099900213,0.06939038600103231
UTM-NN,233,nn,71.41999999999999,0.25043749600081355,0.0677619930011133
UTM-NN,234,nn,71.45,0.17929501599974174,0.07074464300058025
UTM-NN,235,nn,71.45,0.1797499530002824,0.06906711100054963
UTM-NN,236,nn,71.57,0.1802897670004313,0.07067545500103734
UTM-NN,237,nn,71.54,0.17854617500051972,0.06786148900027911
UTM-NN,238,nn,71.49,0.18004717900112155,0.0711630959995091
UTM-NN,239,nn,71.46000000000001,0.17842467199989187,0.06846838000092248
UTM-NN,240,nn,71.45,0.1814909099994111,0.0707349999993312
UTM-NN,241,nn,71.48,0.2377539989993238,0.06729116499991505
UTM-NN,242,nn,71.45,0.17906216200026392,0.06979351600057271
UTM-NN,243,nn,71.5,0.18357590900086507,0.06815512699904502
UTM-NN,244,nn,71.52,0.17929932500010182,0.07090113300000667
UTM-NN,245,nn,71.37,0.23765038400051708,0.0705295740008296
UTM-NN,246,nn,71.49,0.18391866700039827,0.06848888899912708
UTM-NN,247,nn,71.39,0.1933626309983083,0.07651504999921599
UTM-NN,248,nn,71.50999999999999,0.18232508999972197,0.0681261120007548
UTM-NN,249,nn,71.47,0.19290116699994542,0.06985109500055842
UTM-NN,250,nn,71.47,0.18790391800030193,0.07602809200034244
UTM-NN,251,nn,71.5,0.175746311999319,0.07026910599961411
UTM-NN,252,nn,71.41999999999999,0.17666664699936518,0.07593646999885095
UTM-NN,253,nn,71.41999999999999,0.2536860220006929,0.07099354000092717
UTM-NN,254,nn,71.50999999999999,0.19105556500107923,0.07190148600057
UTM-NN,255,nn,71.5,0.18985395900017465,0.07019708400002855
UTM-NN,256,nn,71.48,0.25300126299953263,0.07523663100073463
UTM-NN,257,nn,71.43,0.19317720499930147,0.06864653700176859
UTM-NN,258,nn,71.46000000000001,0.18746504900082073,0.0679466269994009
UTM-NN,259,nn,71.39,0.1856818510004814,0.06995009599995683
UTM-NN,260,nn,71.35000000000001,0.19545756099978462,0.07522352500018314
UTM-NN,261,nn,71.49,0.1942952819990751,0.06913816800079076
UTM-NN,262,nn,71.38,0.19259676100045908,0.07469394199870294
UTM-NN,263,nn,71.39,0.19529315499858058,0.07345325800088176
UTM-NN,264,nn,71.39,0.2532870329996513,0.06887339799868641
UTM-NN,265,nn,71.49,0.19639678099883895,0.06889391400000022
UTM-NN,266,nn,71.37,0.1921009520010557,0.06687070699990727
UTM-NN,267,nn,71.38,0.19321653299994068,0.06845421300022281
UTM-NN,268,nn,71.41,0.25363216099867714,0.06903222799883224
UTM-NN,269,nn,71.56,0.19234049599981518,0.07080092999967746
UTM-NN,270,nn,71.5,0.19149964399912278,0.0695753820000391
UTM-NN,271,nn,71.55,0.19262281800001801,0.06979892699928314
UTM-NN,272,nn,71.35000000000001,0.18121841900028812,0.06863118399996893
UTM-NN,273,nn,71.38,0.17932036500133108,0.06984251799985941
UTM-NN,274,nn,71.53,0.17853646599905915,0.07017946299856703
UTM-NN,275,nn,71.35000000000001,0.1846439159999136,0.07020488099988142
UTM-NN,276,nn,71.39,0.2520093300008739,0.06920230600007926
UTM-NN,277,nn,71.41999999999999,0.19166736300030607,0.06917289199918741
UTM-NN,278,nn,71.47,0.18135998700017808,0.07058540899924992
UTM-NN,279,nn,71.39,0.19347780200041598,0.06981855000049109
UTM-NN,280,nn,71.43,0.25113996700019925,0.06993023099857965
UTM-NN,281,nn,71.38,0.18745352000041748,0.07045418200141285
UTM-NN,282,nn,71.48,0.17977456699918548,0.06868630899953132
UTM-NN,283,nn,71.54,0.18079732300066098,0.06980432800082781
UTM-NN,284,nn,71.38,0.17846419400120794,0.07024486699992849
UTM-NN,285,nn,71.28,0.17845846300042467,0.07060240600003453
UTM-NN,286,nn,71.55,0.17843561799963936,0.07100480100052664
UTM-NN,287,nn,71.41999999999999,0.17850600800011307,0.06875248400137934
UTM-NN,288,nn,71.45,0.23964820000037435,0.06809949899979983
UTM-NN,289,nn,71.56,0.18022137300067698,0.07039761899977748
UTM-NN,290,nn,71.49,0.1805372910002916,0.06874766500004625
UTM-NN,291,nn,71.41999999999999,0.23590711500037287,0.06876268799896934
UTM-NN,292,nn,71.35000000000001,0.19343799200032663,0.06983970500004943
UTM-NN,293,nn,71.33,0.19253216400102247,0.07065009500001906
UTM-NN,294,nn,71.54,0.186249977999978,0.07164637300047616
UTM-NN,295,nn,71.55,0.189832022999326,0.06960046099993633
UTM-NN,296,nn,71.48,0.19207068099967728,0.06960640599936596
UTM-NN,297,nn,71.45,0.1927336889984872,0.06799751899961848
UTM-NN,298,nn,71.41999999999999,0.19052748000103747,0.07010469700071553
UTM-NN,299,nn,71.45,0.2332641250013694,0.07064653300039936
UTM-NN,300,nn,71.43,0.187109202001011,0.07029367700124567
UTM-NN,301,nn,71.46000000000001,0.1920533960001194,0.06775410900081624
UTM-NN,302,nn,71.5,0.18965278699943156,0.06960020400038047
UTM-NN,303,nn,71.37,0.25204727799973625,0.06888426899968181
UTM-NN,304,nn,71.52,0.1929442239998025,0.0700803250001627
UTM-NN,305,nn,71.32,0.1894184379998478,0.06886761799978558
UTM-NN,306,nn,71.44,0.19268397899941192,0.06910800500008918
UTM-NN,307,nn,71.39999999999999,0.19063644900052168,0.06717451000076835
UTM-NN,308,nn,71.41,0.19383594099963375,0.06750070799898822
UTM-NN,309,nn,71.38,0.19195747999947343,0.06860680400131969
UTM-NN,310,nn,71.41999999999999,0.19017717399947287,0.06851262700001826
UTM-NN,311,nn,71.47,0.23807003399997484,0.06835651400069764
UTM-NN,312,nn,71.45,0.18002641099883476,0.06944860400108155
UTM-NN,313,nn,71.54,0.17961811799978022,0.06918035099988629
UTM-NN,314,nn,71.38,0.1791510470011417,0.06834558099944843
UTM-NN,315,nn,71.46000000000001,0.2383600760003901,0.06961464900086867
UTM-NN,316,nn,71.44,0.17895028299972182,0.07113596199997119
UTM-NN,317,nn,71.46000000000001,0.17850714300038817,0.0687689970000065
UTM-NN,318,nn,71.46000000000001,0.17864562300019315,0.06878632500047388
UTM-NN,319,nn,71.46000000000001,0.17970331699871167,0.0685264809999353
UTM-NN,320,nn,71.33,0.18235516700042353,0.07003737699960766
UTM-NN,321,nn,71.46000000000001,0.17914187499991385,0.06973931299944525
UTM-NN,322,nn,71.5,0.17797537200021907,0.06891769400135672
UTM-NN,323,nn,71.34,0.23942335099854972,0.06775587099946279
UTM-NN,324,nn,71.50999999999999,0.17892286499954935,0.0693814710011793
UTM-NN,325,nn,71.35000000000001,0.17953381299957982,0.06731510300051013
UTM-NN,326,nn,71.35000000000001,0.1789299049996771,0.06834525199883501
UTM-NN,327,nn,71.47,0.23758762100078457,0.0707098799994128
UTM-NN,328,nn,71.41,0.17997995400037325,0.06620994900004007
UTM-NN,329,nn,71.49,0.1785649529992952,0.06884014400020533
UTM-NN,330,nn,71.49,0.18222613200123305,0.06866906100003689
UTM-NN,331,nn,71.46000000000001,0.18243175099996733,0.06871931800014863
UTM-NN,332,nn,71.36,0.17796656000064104,0.06824819199937338
UTM-NN,333,nn,71.39999999999999,0.17974202500045067,0.0710624330004066
UTM-NN,334,nn,71.45,0.2378191349998815,0.07038650799950119
UTM-NN,335,nn,71.41,0.18602552399897831,0.06852631399851816
UTM-NN,336,nn,71.39,0.19309747599982074,0.06907928900000115
UTM-NN,337,nn,71.59,0.1878771420015255,0.06844213500153273
UTM-NN,338,nn,71.41,0.24199907500042173,0.06709370699900319
UTM-NN,339,nn,71.43,0.19237905199952365,0.07085404699864739
UTM-NN,340,nn,71.47,0.19228567099889915,0.0693518590014719
UTM-NN,341,nn,71.52,0.1922980479994294,0.06928461600000446
UTM-NN,342,nn,71.49,0.19324317399878055,0.06871129299906897
UTM-NN,343,nn,71.38,0.17967908900027396,0.06781119399965974
UTM-NN,344,nn,71.38,0.19464276199869346,0.06865866999942227
UTM-NN,345,nn,71.48,0.19450362200041127,0.0686578400000144
UTM-NN,346,nn,71.46000000000001,0.2552058229994145,0.07127816100000928
UTM-NN,347,nn,71.41,0.19494750600097177,0.06968065299952286
UTM-NN,348,nn,71.55,0.19237018700005137,0.0709525960010069
UTM-NN,349,nn,71.33,0.18267191499944602,0.06887688300048467
UTM-NN,350,nn,71.41,0.24973282999962976,0.06845870699908119
UTM-NN,351,nn,71.41,0.1850852940006007,0.07073772800140432
UTM-NN,352,nn,71.41,0.1786902359999658,0.06932243299888796
UTM-NN,353,nn,71.39999999999999,0.17697618000056536,0.07075122199967154
UTM-NN,354,nn,71.46000000000001,0.18417492200023844,0.06949587499912013
UTM-NN,355,nn,71.48,0.17761350899854733,0.06735139599913964
UTM-NN,356,nn,71.45,0.1733529399989493,0.0694325039985415
UTM-NN,357,nn,71.49,0.1949120959998254,0.06947512500119046
UTM-NN,358,nn,71.45,0.2386944770005357,0.06836847399972612
UTM-NN,359,nn,71.53,0.1800920709993079,0.06833988600010343
UTM-NN,360,nn,71.44,0.1789525849999336,0.06658430999959819
UTM-NN,361,nn,71.5,0.2524485090016242,0.06936554499952763
UTM-NN,362,nn,71.41999999999999,0.19188651900003606,0.07630093799889437
UTM-NN,363,nn,71.27,0.1892728700004227,0.07046792900109722
UTM-NN,364,nn,71.44,0.19315624900082184,0.06939904499995464
UTM-NN,365,nn,71.41999999999999,0.1779132040010154,0.06919708699933835
UTM-NN,366,nn,71.41,0.19304157300030056,0.07008497199967678
UTM-NN,367,nn,71.48,0.19294711899965478,0.0687346639988391
UTM-NN,368,nn,71.41999999999999,0.19295644200064999,0.07014206199892214
UTM-NN,369,nn,71.48,0.24830601400026353,0.06832251100058784
UTM-NN,370,nn,71.32,0.17278139300105977,0.07004251499893144
UTM-NN,371,nn,71.48,0.19345028799943975,0.07025135399999272
UTM-NN,372,nn,71.46000000000001,0.18439742299960926,0.06980065300012939
UTM-NN,373,nn,71.43,0.2516476340006193,0.0702209449991642
UTM-NN,374,nn,71.48,0.1904636950002896,0.06840931000078854
UTM-NN,375,nn,71.44,0.17727911499969196,0.06952639399969485
UTM-NN,376,nn,71.33,0.19210270100120397,0.07015866699839535
UTM-NN,377,nn,71.43,0.19218497799920442,0.07035291899956064
UTM-NN,378,nn,71.57,0.190243596000073,0.06854696399932436
UTM-NN,379,nn,71.41,0.18963081400033843,0.0691261289994145
UTM-NN,380,nn,71.44,0.19468702000085614,0.06812583999999333
UTM-NN,381,nn,71.39999999999999,0.2515919440011203,0.06897060200026317
UTM-NN,382,nn,71.41,0.1936970309998287,0.06974163799895905
UTM-NN,383,nn,71.38,0.19346012499954668,0.06911798200053454
UTM-NN,384,nn,71.41,0.19331093299842905,0.06940833699991344
UTM-NN,385,nn,71.45,0.25181891700049164,0.06893065599979309
UTM-NN,386,nn,71.41,0.19404519800082198,0.06926828100040439
UTM-NN,387,nn,71.38,0.18326530400008778,0.06912332800129661
UTM-NN,388,nn,71.35000000000001,0.18184667599962268,0.0701585860006162
UTM-NN,389,nn,71.48,0.19357748900074512,0.06836261199896398
UTM-NN,390,nn,71.39999999999999,0.1848315459992591,0.0688640749995102
UTM-NN,391,nn,71.37,0.18213995699989027,0.0694848359999014
UTM-NN,392,nn,71.35000000000001,0.17703983299907122,0.06659525299983216
UTM-NN,393,nn,71.36,0.24771590899945295,0.06876483700034441
UTM-NN,394,nn,71.5,0.1887315009989834,0.06780924400118238
UTM-NN,395,nn,71.36,0.17875442899821792,0.06669164400045702
UTM-NN,396,nn,71.43,0.18089246999988973,0.0713517240001238
UTM-NN,397,nn,71.43,0.2417065179997735,0.0714952540001832
UTM-NN,398,nn,71.43,0.18910042799871007,0.0685891309985891
UTM-NN,399,nn,71.49,0.19462067199856392,0.07520067299992661
UTM-NN,400,nn,71.35000000000001,0.1934565739993559,0.06850491799923475
UTM-NN,401,nn,71.46000000000001,0.19693014799850062,0.07338218100085214
UTM-NN,402,nn,71.41,0.19564614000046276,0.06809800199880556
UTM-NN,403,nn,71.28,0.18512746099986543,0.07438896500025294
UTM-NN,404,nn,71.53,0.24061742300000333,0.07039779300066584
UTM-NN,405,nn,71.44,0.19306469799994375,0.07081704200027161
UTM-NN,406,nn,71.41,0.19555616900106543,0.07635065999966173
UTM-NN,407,nn,71.36,0.18577523700150778,0.06965361800030223
UTM-NN,408,nn,71.5,0.2527508079983818,0.06862618000013754
UTM-NN,409,nn,71.45,0.19208880000041972,0.06805435199930798
UTM-NN,410,nn,71.45,0.18619724699965445,0.07034688600106165
UTM-NN,411,nn,71.39999999999999,0.18015023699990707,0.07053312199968786
UTM-NN,412,nn,71.48,0.17898914999932458,0.06840971899873693
UTM-NN,413,nn,71.38,0.1877427470008115,0.06874183199943218
UTM-NN,414,nn,71.44,0.1946696079994581,0.06970042499960982
UTM-NN,415,nn,71.34,0.17861976800122648,0.06857396499981405
UTM-NN,416,nn,71.41,0.24329723099981493,0.07069222499922034
UTM-NN,417,nn,71.44,0.1931649690013728,0.06864767899969593
UTM-NN,418,nn,71.46000000000001,0.1941633609985729,0.06882810699971742
UTM-NN,419,nn,71.49,0.1920759820004605,0.07001784299973224
UTM-NN,420,nn,71.5,0.23729203099901497,0.07003014399924723
UTM-NN,421,nn,71.35000000000001,0.19261490999997477,0.06897636500070803
UTM-NN,422,nn,71.61,0.1858055249995232,0.06868557000052533
UTM-NN,423,nn,71.52,0.18663939900034165,0.0703846420001355
UTM-NN,424,nn,71.47,0.1795673180004087,0.06862661200102593
UTM-NN,425,nn,71.52,0.17823456699989038,0.06857588099956047
UTM-NN,426,nn,71.41999999999999,0.17892865699832328,0.06873188099962135
UTM-NN,427,nn,71.55,0.17926573200020357,0.06896349099952204
UTM-NN,428,nn,71.45,0.2371677989995078,0.06769738999901165
UTM-NN,429,nn,71.5,0.17992593799863243,0.06751647599958233
UTM-NN,430,nn,71.44,0.17951365599947167,0.06864862300062669
UTM-NN,431,nn,71.45,0.1796308829998452,0.06907182699978875
UTM-NN,432,nn,71.43,0.23721441599991522,0.0670216739999887
UTM-NN,433,nn,71.27,0.18099716799952148,0.06799496699932206
UTM-NN,434,nn,71.46000000000001,0.19413533599981747,0.06732518100034213
UTM-NN,435,nn,71.44,0.19234970199977397,0.06936990400026843
UTM-NN,436,nn,71.52,0.18601853200016194,0.06765635100055079
UTM-NN,437,nn,71.43,0.1907772919985291,0.07018850200074667
UTM-NN,438,nn,71.33,0.19299249599862378,0.06824029800009157
UTM-NN,439,nn,71.48,0.19377168000028178,0.06758109600013995
UTM-NN,440,nn,71.48,0.25228997100020933,0.06977292999908968
UTM-NN,441,nn,71.41999999999999,0.18969522100087488,0.06800056400061294
UTM-NN,442,nn,71.33,0.1921114460001263,0.06774244100051874
UTM-NN,443,nn,71.47,0.19494335299896193,0.06775638399994932
UTM-NN,444,nn,71.37,0.25284399799966195,0.06663195800138055
UTM-NN,445,nn,71.39,0.19306072700055665,0.06726357200022903
UTM-NN,446,nn,71.36,0.18257341099888436,0.06991821799965692
UTM-NN,447,nn,71.41,0.1900709490000736,0.06665251000049466
UTM-NN,448,nn,71.50999999999999,0.18605235500035633,0.06848581499980355
UTM-NN,449,nn,71.50999999999999,0.1911644920000981,0.06720477300041239
UTM-NN,450,nn,71.46000000000001,0.18172781100111024,0.06692173900046328
UTM-NN,451,nn,71.41999999999999,0.24794034400110831,0.06752018900078838
UTM-NN,452,nn,71.44,0.1901295019997633,0.06718315099897154
UTM-NN,453,nn,71.47,0.1932408430002397,0.06862614300007408
UTM-NN,454,nn,71.41,0.19271000800108595,0.06823668600009114
UTM-NN,455,nn,71.5,0.24575916299909295,0.06871628299995791
UTM-NN,456,nn,71.41,0.1922784270009288,0.06970994699986477
UTM-NN,457,nn,71.32,0.19297271499999624,0.06788407299973187
UTM-NN,458,nn,71.37,0.19329290600035165,0.06759446599971852
UTM-NN,459,nn,71.57,0.19455813099921215,0.06754688200089731
UTM-NN,460,nn,71.48,0.19344196500060207,0.06949624200024118
UTM-NN,461,nn,71.39,0.19578704200102948,0.07079677200090373
UTM-NN,462,nn,71.39999999999999,0.17459707299894944,0.06830399600039527
UTM-NN,463,nn,71.50999999999999,0.2533741579991329,0.0704442240003118
UTM-NN,464,nn,71.46000000000001,0.19338465100008762,0.06962614999974903
UTM-NN,465,nn,71.49,0.19804326299890818,0.0686958139995113
UTM-NN,466,nn,71.41,0.1832972600004723,0.07019724800011318
UTM-NN,467,nn,71.5,0.23766354899998987,0.06690261000039754
UTM-NN,468,nn,71.43,0.18127886699949158,0.06863652599895431
UTM-NN,469,nn,71.46000000000001,0.18011325800034683,0.06916669800011732
UTM-NN,470,nn,71.5,0.17833361299926764,0.06969676799963054
UTM-NN,471,nn,71.49,0.17960184699950332,0.06903911900008097
UTM-NN,472,nn,71.41999999999999,0.1797127769987128,0.0679961669993645
UTM-NN,473,nn,71.37,0.19175245699989318,0.06870668000010483
UTM-NN,474,nn,71.36,0.19058574500013492,0.06870871899991471
UTM-NN,475,nn,71.46000000000001,0.2404541939995397,0.07022984700051893
UTM-NN,476,nn,71.46000000000001,0.18460113799847022,0.0691019519999827
UTM-NN,477,nn,71.46000000000001,0.17856014499921002,0.07053601199913828
UTM-NN,478,nn,71.48,0.24001560100077768,0.06988332199944125
UTM-NN,479,nn,71.43,0.1804980799988698,0.06932958899960795
UTM-NN,480,nn,71.44,0.17931756299913104,0.06872969799951534
UTM-NN,481,nn,71.46000000000001,0.1784302710002521,0.0683159260006505
UTM-NN,482,nn,71.41999999999999,0.19358904599903326,0.06944623100025638
UTM-NN,483,nn,71.39999999999999,0.19156201500118186,0.06889491500078293
UTM-NN,484,nn,71.31,0.19349619599961443,0.06828370900075242
UTM-NN,485,nn,71.58,0.19277041999885114,0.06829581199963286
UTM-NN,486,nn,71.43,0.2515128579998418,0.07026386100005766
UTM-NN,487,nn,71.44,0.19415665899941814,0.07103250499858405
UTM-NN,488,nn,71.47,0.1850902900005167,0.06975759099987044
UTM-NN,489,nn,71.45,0.1896842240003025,0.0684089500009577
UTM-NN,490,nn,71.44,0.24780791099874477,0.06880902000011702
UTM-NN,491,nn,71.46000000000001,0.18020306200014602,0.06959799699870928
UTM-NN,492,nn,71.50999999999999,0.17788938400008192,0.06986632099869894
UTM-NN,493,nn,71.6,0.17949204300020938,0.07116621100067277
UTM-NN,494,nn,71.5,0.18266895200031286,0.06996564799919724
UTM-NN,495,nn,71.44,0.17992928199964808,0.06945622099920001
UTM-NN,496,nn,71.48,0.1780984039996838,0.07011055599832616
UTM-NN,497,nn,71.45,0.17867369199848326,0.06895687699943664
UTM-NN,498,nn,71.49,0.23757491799915442,0.06960023600004206
UTM-NN,499,nn,71.48,0.18086795700037328,0.06843023399960657
UTM-NN,500,nn,71.43,0.17880062199947133,0.06961775200034026
