method,epoch,model_type,test_accuracy,train_time,test_time
Cyclic,1,tm,65.22115384615384,1.9119599199984805,0.7244337070005713
Cyclic,2,tm,68.51923076923076,1.5664115620020311,0.7205112899973756
Cyclic,3,tm,67.11538461538461,1.4651976709938026,0.7437283889958053
Cyclic,4,tm,71.42788461538461,1.4211625759999151,0.749557877999905
Cyclic,5,tm,71.82211538461539,1.3392843740002718,0.7467424909991678
Cyclic,6,tm,74.29807692307693,1.313380823994521,0.7434356969970395
Cyclic,7,tm,73.79326923076923,1.288346987006662,0.7456870169989998
Cyclic,8,tm,72.79326923076923,1.266213520000747,0.7404458410019288
Cyclic,9,tm,72.83173076923077,1.226128346999758,0.7346348570063128
Cyclic,10,tm,75.51442307692308,1.2284456249981304,0.7408286400022916
Cyclic,11,tm,75.01442307692308,1.2015031079936307,0.7483691189991077
Cyclic,12,tm,74.28365384615384,1.1841904359971522,0.7543046790015069
Cyclic,13,tm,74.97596153846153,1.1888657020026585,0.7452767779977876
Cyclic,14,tm,73.64903846153847,1.1775312660029158,0.7388720439994358
Cyclic,15,tm,75.96153846153845,1.1743683300010161,0.7432609210009105
Cyclic,16,tm,74.40384615384616,1.1651474809987121,0.7389473660005024
Cyclic,17,tm,75.92307692307692,1.145741012005601,0.7506520659953821
Cyclic,18,tm,74.34615384615385,1.1462171399980434,0.7436552209983347
Cyclic,19,tm,76.64423076923077,1.120252631000767,0.756870383003843
Cyclic,20,tm,75.90384615384616,1.133316063998791,0.7461076859981404
Cyclic,21,tm,76.71153846153847,1.0974728609944577,0.742811285002972
Cyclic,22,tm,77.14423076923077,1.1047601889949874,0.7372725420063944
Cyclic,23,tm,78.3701923076923,1.1138657809933648,0.7606934330033255
Cyclic,24,tm,77.6875,1.0887399330022163,0.7533429570030421
Cyclic,25,tm,75.92307692307692,1.1138690980005777,0.7670376099995337
Cyclic,26,tm,77.10576923076923,1.0892955840026843,0.7515972740002326
Cyclic,27,tm,77.3076923076923,1.0670662609991268,0.7478305969998473
Cyclic,28,tm,77.41826923076923,1.0658222919955733,0.7423145859938813
Cyclic,29,tm,77.8125,1.0645633899985114,0.7536851080003544
Cyclic,30,tm,77.89423076923076,1.0701265600000625,0.7485008579969872
Cyclic,31,tm,77.05288461538461,1.0521857800049474,0.7427252400011639
Cyclic,32,tm,77.77403846153847,1.0662574140005745,0.7577975430031074
Cyclic,33,tm,78.70192307692308,1.0505200339976,0.7353976550002699
Cyclic,34,tm,77.63942307692308,1.0565175790034118,0.756099753001763
Cyclic,35,tm,78.41826923076923,1.0570147640028154,0.7535079959998257
Cyclic,36,tm,78.625,1.0427559070012649,0.7730126249953173
Cyclic,37,tm,77.0625,1.0474329290009337,0.752829755001585
Cyclic,38,tm,77.91346153846153,1.0357820239951252,0.7541098660003627
Cyclic,39,tm,77.13461538461537,1.0367250730050728,0.7569480299935094
Cyclic,40,tm,78.03365384615385,1.0254722110039438,0.7447895899967989
Cyclic,41,tm,78.03365384615385,1.037869806001254,0.7418602429970633
Cyclic,42,tm,76.22596153846153,1.024132695994922,0.7569151679999777
Cyclic,43,tm,77.03846153846153,1.019332937001309,0.7451886339986231
Cyclic,44,tm,79.07211538461539,1.0393478030018741,0.7542586679992382
Cyclic,45,tm,78.51442307692308,1.022784941997088,0.7567532940011006
Cyclic,46,tm,78.1201923076923,1.0302200929945684,0.7604026769986376
Cyclic,47,tm,79.20192307692308,1.0157438690002891,0.7697179070019047
Cyclic,48,tm,78.10576923076923,1.0195853100012755,0.7594179149964475
Cyclic,49,tm,79.1875,1.0035240669967607,0.7523974560026545
Cyclic,50,tm,76.39903846153845,1.0022575550028705,0.754953044001013
Cyclic,51,nn,84.79326923076923,0.5807097610013443,0.7787443990018801
Cyclic,52,nn,84.86538461538461,0.6453857649976271,0.7739711710019037
Cyclic,53,nn,85.04326923076924,0.5884961129995645,0.7704823840031167
Cyclic,54,nn,85.0673076923077,0.6454081859992584,0.7794216190013685
Cyclic,55,nn,84.96153846153847,0.5924988509941613,0.7856052220013225
Cyclic,56,nn,85.03846153846155,0.6464943870014395,0.7783870099956403
Cyclic,57,nn,85.08173076923077,0.5858086669977638,0.7791419670029427
Cyclic,58,nn,85.00961538461539,0.6402489690008224,0.7781210989996907
Cyclic,59,nn,84.95673076923077,0.5821377800020855,0.7726464310035226
Cyclic,60,nn,84.95192307692308,0.6439562200030196,0.8030025670013856
Cyclic,61,nn,84.86538461538461,0.5955979950012988,0.7895177030004561
Cyclic,62,nn,85.08173076923077,0.6390249469986884,0.7823203049993026
Cyclic,63,nn,85.0,0.5867112909982097,0.7868690109971794
Cyclic,64,nn,84.79807692307692,0.6424306219996652,0.7765867140042246
Cyclic,65,nn,85.0625,0.5808667259989306,0.7718334330056678
Cyclic,66,nn,84.96153846153847,0.6500167029953445,0.7765223660026095
Cyclic,67,nn,84.95673076923077,0.5911860300038825,0.7711140519968467
Cyclic,68,tm,80.85576923076923,1.0899926599959144,0.7630177400060347
Cyclic,69,tm,79.60576923076923,1.0425545599937323,0.7531451449976885
Cyclic,70,tm,79.96634615384616,1.0444342080008937,0.7438212959968951
Cyclic,71,tm,79.78365384615384,1.014010707003763,0.7472986950015184
Cyclic,72,tm,79.10096153846153,1.0101495510025416,0.7533149469963973
Cyclic,73,tm,78.96153846153847,0.9990542239975184,0.7517310180046479
Cyclic,74,tm,79.1875,1.0047325000050478,0.7623379450014909
Cyclic,75,tm,79.0,0.9976712279967614,0.762308187004237
Cyclic,76,tm,79.13942307692308,0.9941431240004022,0.7502515090018278
Cyclic,77,tm,77.90384615384616,0.9945874129989534,0.7523794379958417
Cyclic,78,tm,79.01442307692308,1.0021808279998368,0.7529692419993808
Cyclic,79,tm,79.57692307692308,0.9914313190020039,0.7606722820055438
Cyclic,80,tm,79.32211538461539,0.9924791970042861,0.7591677960008383
Cyclic,81,tm,78.67307692307692,1.0008868069999153,0.7420988489975571
Cyclic,82,tm,79.625,0.9934062579995953,0.7830906870003673
Cyclic,83,tm,78.78846153846155,1.0001577930015628,0.7531025329953991
Cyclic,84,tm,79.46153846153847,0.9891422040018369,0.7528420610033209
Cyclic,85,tm,80.08653846153845,1.0007835090000299,0.7514311240011011
Cyclic,86,tm,80.61057692307692,0.9684333260011044,0.7459668760056957
Cyclic,87,tm,80.3701923076923,0.9830650150033762,0.7614442099948064
Cyclic,88,tm,79.5625,0.9787158550025197,0.7580729370019981
Cyclic,89,tm,79.35576923076924,0.9808543359977193,0.7505037430019001
Cyclic,90,tm,78.11538461538461,0.9814838589954888,0.7540794919987093
Cyclic,91,tm,79.27884615384615,0.9738177969993558,0.7490003330021864
Cyclic,92,tm,79.13461538461539,0.9742185610011802,0.753305841004476
Cyclic,93,tm,79.89423076923077,0.9750310520030325,0.7523387760011246
Cyclic,94,tm,79.0576923076923,0.9872708799957763,0.7561516770001617
Cyclic,95,tm,79.625,0.9806444819987519,0.758594576996984
Cyclic,96,tm,79.48557692307693,0.9633516679969034,0.755789108996396
Cyclic,97,tm,79.72115384615385,0.9788483059965074,0.7491442690006807
Cyclic,98,tm,78.77403846153847,0.9738198760023806,0.756016801999067
Cyclic,99,tm,79.61057692307692,0.9695894999968004,0.748420668001927
Cyclic,100,tm,79.64423076923077,0.968082080995373,0.7436546019962407
Cyclic,101,tm,79.33173076923077,0.9613219279999612,0.7561006230025669
Cyclic,102,tm,79.48076923076923,0.9686299790046178,0.7571028800011845
Cyclic,103,tm,78.5673076923077,0.9573613840038888,0.7509890560031636
Cyclic,104,tm,79.05288461538461,0.9614496439971845,0.7516996150006889
Cyclic,105,tm,79.58653846153845,0.9573132310033543,0.7495481279984233
Cyclic,106,tm,79.44711538461539,0.9699153800029308,0.7636149739992106
Cyclic,107,tm,79.21634615384615,0.9692623969967826,0.7558200639978168
Cyclic,108,tm,79.86538461538461,0.9695726780046243,0.7482363170056487
Cyclic,109,tm,77.64423076923077,0.9672636950053857,0.751653448001889
Cyclic,110,tm,80.17307692307692,0.9778990290069487,0.7493525290046819
Cyclic,111,tm,80.20673076923077,0.967654810003296,0.7558895030015265
Cyclic,112,tm,79.4423076923077,0.9511680279974826,0.7644637690027594
Cyclic,113,tm,79.21634615384615,0.9483621210019919,0.744228675001068
Cyclic,114,tm,80.41346153846153,0.9678988460000255,0.7509497349965386
Cyclic,115,tm,79.59134615384616,0.953388273002929,0.7442130240015103
Cyclic,116,tm,79.1298076923077,0.9658012549989508,0.7654308290002518
Cyclic,117,tm,80.29326923076923,0.9521487320016604,0.7481067100015935
Cyclic,118,nn,85.2451923076923,0.6298012909974204,0.7667973359930329
Cyclic,119,nn,85.4423076923077,0.5999613770036376,0.7815655379963573
Cyclic,120,nn,85.41346153846155,0.61104644399893,0.7749018739996245
Cyclic,121,nn,85.39903846153845,0.5923444939980982,0.7779468799999449
Cyclic,122,nn,85.58653846153847,0.6406096360005904,0.7618481649988098
Cyclic,123,nn,85.48076923076923,0.5877854539940017,0.7769961779995356
Cyclic,124,nn,85.35576923076923,0.6362366389948875,0.7749653330029105
Cyclic,125,nn,85.26923076923076,0.5303823389986064,0.7695707359962398
Cyclic,126,nn,85.29326923076923,0.5752001850050874,0.7657872260024305
Cyclic,127,nn,85.09615384615384,0.5340552209963789,0.7659988949963008
Cyclic,128,nn,85.21153846153847,0.5760656999991625,0.7698182219974115
Cyclic,129,nn,85.42307692307692,0.5246322870007134,0.7708687070044107
Cyclic,130,nn,85.09134615384616,0.6375359079975169,0.7632099140028004
Cyclic,131,nn,85.01923076923077,0.5953508099992177,0.7659233950034832
Cyclic,132,nn,85.13461538461539,0.636814586003311,0.7588659760003793
Cyclic,133,tm,80.1923076923077,0.998007806003443,0.7661291609983891
Cyclic,134,tm,80.08173076923077,0.9735661720042117,0.7625099709985079
Cyclic,135,tm,80.1201923076923,0.9889369890006492,0.7537039929957245
Cyclic,136,tm,80.4326923076923,0.9681112599937478,0.7553572690012516
Cyclic,137,tm,80.88942307692307,0.9606793330021901,0.7567115020065103
Cyclic,138,tm,79.3125,0.9605397659979644,0.7553342960018199
Cyclic,139,tm,80.64903846153845,0.962540890002856,0.7505376129993238
Cyclic,140,tm,80.01442307692308,0.9566049230052158,0.7525922760032699
Cyclic,141,tm,80.17307692307692,0.9538217239969526,0.7476270789993578
Cyclic,142,tm,79.51442307692308,0.9531001470022602,0.7731060309961322
Cyclic,143,tm,79.49038461538461,0.9488374409993412,0.7616951949967188
Cyclic,144,tm,80.01442307692308,0.9398193739980343,0.7597155920011573
Cyclic,145,tm,80.01442307692308,0.948863714998879,0.7583899389937869
Cyclic,146,tm,80.60576923076923,0.9544070990014006,0.7514343939983519
Cyclic,147,tm,81.47596153846153,0.967999330998282,0.7420715680054855
Cyclic,148,tm,79.08173076923077,0.9264280470015365,0.7351876760003506
Cyclic,149,tm,79.41826923076924,0.9524907410013839,0.7593032300064806
Cyclic,150,tm,80.38461538461539,0.9411395150018507,0.746537573999376
Cyclic,151,tm,79.4326923076923,0.938424011997995,0.7598279359954176
Cyclic,152,tm,80.39903846153847,0.9360274279970326,0.7671877800021321
Cyclic,153,tm,80.6826923076923,0.9537457219994394,0.7635035880011856
Cyclic,154,tm,80.4375,0.9493735229989397,0.7535233000016888
Cyclic,155,tm,80.6826923076923,0.9487208659993485,0.755903227996896
Cyclic,156,tm,79.0576923076923,0.9390957450013957,0.7456852089962922
Cyclic,157,tm,80.20192307692308,0.9404926520001027,0.7586080180044519
Cyclic,158,tm,80.0,0.9374303029981093,0.7514504240025417
Cyclic,159,tm,80.03846153846153,0.9549340490048053,0.7576880220003659
Cyclic,160,tm,79.79807692307692,0.9412956829983159,0.76493216399831
Cyclic,161,tm,79.90384615384616,0.9550358470005449,0.7627321449981537
Cyclic,162,tm,79.63461538461539,0.9469465860020136,0.7549553510034457
Cyclic,163,tm,80.82211538461539,0.9594518119993154,0.7496860770042986
Cyclic,164,tm,80.61538461538461,0.9502591899945401,0.7591968659980921
Cyclic,165,tm,79.6923076923077,0.946353540995915,0.7514777620017412
Cyclic,166,tm,80.32692307692308,0.9363949140024488,0.7480759090030915
Cyclic,167,tm,80.48557692307692,0.9460855970028206,0.7459315230007633
Cyclic,168,tm,78.4951923076923,0.9355486239946913,0.7625356159987859
Cyclic,169,tm,79.6201923076923,0.9280298160010716,0.7542701909987954
Cyclic,170,tm,81.07692307692308,0.9511774200000218,0.7605461429993738
Cyclic,171,tm,80.01442307692308,0.9374525400053244,0.7517417849958292
Cyclic,172,tm,81.08653846153845,0.9355117860031896,0.7611678730027052
Cyclic,173,tm,79.23076923076923,0.9163403819984524,0.7542643640044844
Cyclic,174,tm,80.5576923076923,0.9372499070013873,0.7487359299993841
Cyclic,175,tm,79.95192307692308,0.9445308970025508,0.750694366004609
Cyclic,176,tm,80.6923076923077,0.9320098989992402,0.7534358909979346
Cyclic,177,tm,79.14423076923077,0.9482894879984087,0.7529720669990638
Cyclic,178,tm,80.2548076923077,0.9392023819964379,0.7679523729966604
Cyclic,179,tm,80.86538461538461,0.9436250950020622,0.7641187310000532
Cyclic,180,tm,80.02403846153847,0.9414400450041285,0.7655010160015081
Cyclic,181,tm,80.67788461538463,0.9394895709992852,0.7538685969993821
Cyclic,182,tm,79.4326923076923,0.9202244960033568,0.7593415579976863
Cyclic,183,nn,85.65384615384616,0.5939728259982076,0.7703879280015826
Cyclic,184,nn,85.70673076923076,0.6122762750019319,0.7623181720045977
Cyclic,185,nn,85.72115384615384,0.5243014490042697,0.7716612119984347
Cyclic,186,nn,85.71153846153847,0.5716088490007678,0.7639439560007304
Cyclic,187,nn,85.54807692307692,0.5303827820025617,0.7669081799976993
Cyclic,188,nn,85.77884615384616,0.5839102780009853,0.77543437499844
Cyclic,189,nn,85.59615384615384,0.5216340909973951,0.7621440069997334
Cyclic,190,nn,85.53365384615384,0.58224364000489,0.7641717720034649
Cyclic,191,nn,85.66346153846153,0.5304277239993098,0.7731454410022707
Cyclic,192,nn,85.66346153846153,0.5744742859969847,0.777732875001675
Cyclic,193,nn,85.58653846153847,0.5471937710026396,0.7731637750039226
Cyclic,194,nn,85.59134615384615,0.6002444170007948,0.7642464809978264
Cyclic,195,nn,85.54326923076923,0.5713927920005517,0.7599589140008902
Cyclic,196,nn,85.59615384615384,0.6208771499950672,0.7623966459941585
Cyclic,197,nn,85.4375,0.5748110989952693,0.7724031929974444
Cyclic,198,nn,85.57211538461539,0.6351056999992579,0.7627426760009257
Cyclic,199,tm,81.125,0.9679443800050649,0.7591612899996107
Cyclic,200,tm,80.28846153846155,0.9654023830007645,0.7417942029933329
Cyclic,201,tm,80.97596153846153,0.9504028420051327,0.7613107470024261
Cyclic,202,tm,79.4423076923077,0.9615932230008184,0.7596937919952325
Cyclic,203,tm,80.44711538461539,0.9374861169999349,0.756963777996134
Cyclic,204,tm,79.98076923076923,0.9520640859991545,0.7665128220032784
Cyclic,205,tm,80.64903846153845,0.9406222390025505,0.7522251199989114
Cyclic,206,tm,80.65865384615385,0.9241500580028514,0.7510646590017132
Cyclic,207,tm,80.42788461538461,0.9273684340005275,0.7572096100047929
Cyclic,208,tm,80.83653846153847,0.9424215179969906,0.750782391995017
Cyclic,209,tm,80.8173076923077,0.9257465900009265,0.7715044930009753
Cyclic,210,tm,80.24038461538461,0.9215680560009787,0.7610389050023514
Cyclic,211,tm,80.39423076923077,0.9292412099966896,0.7528792269949918
Cyclic,212,tm,80.42788461538461,0.9235652499992284,0.7447412390029058
Cyclic,213,tm,81.1826923076923,0.9337430779996794,0.7580755349990795
Cyclic,214,tm,80.46634615384616,0.9294464550039265,0.7547271920047933
Cyclic,215,tm,80.67307692307692,0.9258130849993904,0.7708819580002455
Cyclic,216,tm,80.29326923076923,0.9241036050007096,0.7375968630003626
Cyclic,217,tm,80.39903846153847,0.9222541720009758,0.7432159499949194
Cyclic,218,tm,80.36057692307692,0.9218880850021378,0.7623604879991035
Cyclic,219,tm,79.64903846153845,0.9185018749994924,0.7589498960005585
Cyclic,220,tm,79.72115384615385,0.931176856996899,0.7569022780007799
Cyclic,221,tm,80.54326923076923,0.934067699003208,0.7614057730024797
Cyclic,222,tm,80.49038461538461,0.92867949999345,0.7550549910010886
Cyclic,223,tm,79.7451923076923,0.9244234670040896,0.7471055269998033
Cyclic,224,tm,80.89423076923077,0.9105034610038274,0.7627094210038194
Cyclic,225,tm,80.0576923076923,0.9241049850024865,0.7511964970035478
Cyclic,226,tm,79.70192307692308,0.9250358849967597,0.7617209719974198
Cyclic,227,tm,80.65865384615385,0.9213865970014012,0.7575797619938385
Cyclic,228,tm,80.65384615384616,0.9220590300028562,0.746714950997557
Cyclic,229,tm,80.96153846153847,0.9269732449974981,0.7507462889989256
Cyclic,230,tm,79.51923076923076,0.9042291549994843,0.7534603319945745
Cyclic,231,tm,78.97596153846153,0.9155831899988698,0.7653641689976212
Cyclic,232,tm,80.5,0.9261479449996841,0.7496734310043394
Cyclic,233,tm,79.42788461538461,0.9200281599987647,0.7476679620012874
Cyclic,234,tm,80.03846153846153,0.9281004780059448,0.7377598640014185
Cyclic,235,tm,80.64903846153845,0.9190576420005527,0.7404099569976097
Cyclic,236,tm,81.3076923076923,0.9194097159997909,0.7682555510036764
Cyclic,237,tm,80.8798076923077,0.918598098003713,0.763252085998829
Cyclic,238,tm,79.64903846153845,0.9224281790011446,0.749320816998079
Cyclic,239,tm,80.38942307692307,0.9277323589994921,0.7574478489987087
Cyclic,240,tm,80.25,0.9318741140014026,0.7583705120050581
Cyclic,241,tm,80.63461538461539,0.9321994049969362,0.7575888889987255
Cyclic,242,tm,80.5673076923077,0.9175173140029074,0.7504023989968118
Cyclic,243,tm,80.2451923076923,0.9282886410001083,0.7540808390040183
Cyclic,244,tm,80.52884615384616,0.9298545289930189,0.7511525560039445
Cyclic,245,tm,80.0576923076923,0.9216765890014358,0.7534273040000699
Cyclic,246,tm,80.97596153846153,0.9146758260030765,0.7550066490002791
Cyclic,247,tm,79.72596153846155,0.9248642509992351,0.7671137780052959
Cyclic,248,tm,80.29807692307692,0.9139020069997059,0.7531712700001663
Cyclic,249,nn,85.6826923076923,0.5750825719951536,0.7727422460011439
Cyclic,250,nn,85.73076923076923,0.6455686429981142,0.767679735996353
Cyclic,251,nn,85.72596153846153,0.5545391720006592,0.7644048420042964
Cyclic,252,nn,85.61057692307692,0.6357600590054062,0.770745761001308
Cyclic,253,nn,85.8076923076923,0.5216522799964878,0.7632158829947002
Cyclic,254,nn,85.59615384615384,0.5816976950009121,0.764196723997884
Cyclic,255,nn,85.60096153846153,0.5210431439991225,0.7749850480031455
Cyclic,256,nn,85.55288461538461,0.6388304040010553,0.7681887660000939
Cyclic,257,nn,85.52403846153847,0.5784712329987087,0.7677822269979515
Cyclic,258,nn,85.41826923076923,0.5726933189944248,0.7736454129990307
Cyclic,259,nn,85.59134615384615,0.5256119660043623,0.7662931390004815
Cyclic,260,nn,85.48076923076923,0.6198784909938695,0.76707162099774
Cyclic,261,nn,85.64423076923077,0.5870022930030245,0.7728185090018087
Cyclic,262,nn,85.66346153846153,0.6342732070042985,0.7711182990024099
Cyclic,263,nn,85.52884615384615,0.5827169209951535,0.7634123809984885
Cyclic,264,tm,80.7548076923077,0.9543739939981606,0.7521742800017819
Cyclic,265,tm,80.2548076923077,0.9497729950016947,0.748250251999707
Cyclic,266,tm,80.76442307692308,0.9428822190020583,0.7614090269998997
Cyclic,267,tm,81.16346153846153,0.9340691100005643,0.7664830049980083
Cyclic,268,tm,79.5,0.9577318109950284,0.7547854930016911
Cyclic,269,tm,80.39423076923077,0.9169690189955872,0.7563112969946815
Cyclic,270,tm,80.5,0.9255093760002637,0.7500523199996678
Cyclic,271,tm,79.53846153846153,0.9201196080030059,0.7573442419961793
Cyclic,272,tm,80.53846153846153,0.9379491599975154,0.7491753959984635
Cyclic,273,tm,81.4423076923077,0.9166851580012008,0.7567092780009261
Cyclic,274,tm,81.0673076923077,0.9310697059991071,0.7719913120017736
Cyclic,275,tm,79.60096153846153,0.9232059210044099,0.7526214350000373
Cyclic,276,tm,80.73076923076923,0.9278982999967411,0.758611031997134
Cyclic,277,tm,80.07211538461539,0.920501933003834,0.7504796959983651
Cyclic,278,tm,80.10576923076923,0.9101951940028812,0.7659691330045462
Cyclic,279,tm,79.70673076923077,0.905481987996609,0.7520466760033742
Cyclic,280,tm,80.98557692307692,0.9155276169985882,0.7539442619963665
Cyclic,281,tm,80.5048076923077,0.9247185150015866,0.7671168799934094
Cyclic,282,tm,79.36538461538461,0.920332806002989,0.7523890290030977
Cyclic,283,tm,80.27884615384615,0.9160854639994795,0.760941519998596
Cyclic,284,tm,80.39423076923077,0.9116707639986998,0.7633752510009799
Cyclic,285,tm,79.92307692307692,0.9110236549968249,0.7511914119968424
Cyclic,286,tm,79.9326923076923,0.9192551029991591,0.7615625899998122
Cyclic,287,tm,80.71634615384615,0.9156907469950966,0.7488502249980229
Cyclic,288,tm,79.8798076923077,0.915221814000688,0.7553912380026304
Cyclic,289,tm,80.125,0.9056861770004616,0.7505112260041642
Cyclic,290,tm,80.96153846153847,0.9248296650039265,0.7517342059945804
Cyclic,291,tm,79.41346153846153,0.9093095239950344,0.7513797339997836
Cyclic,292,tm,78.90384615384616,0.9242714590000105,0.768511263995606
Cyclic,293,tm,80.76442307692308,0.9104594539967366,0.7476006300057634
Cyclic,294,tm,80.48076923076923,0.9075397449996672,0.7720287850024761
Cyclic,295,tm,81.1875,0.9052080859983107,0.7683848989981925
Cyclic,296,tm,78.97115384615384,0.9036780270034797,0.7584731840033783
Cyclic,297,tm,79.97596153846153,0.9165037229977315,0.7567760969977826
Cyclic,298,tm,79.66826923076923,0.923614457999065,0.7595583749935031
Cyclic,299,tm,81.2548076923077,0.9114476809991174,0.7807888610041118
Cyclic,300,tm,81.36538461538461,0.9128200330014806,0.7508221379976021
Cyclic,301,tm,80.58173076923076,0.9230612829996971,0.7546751370027778
Cyclic,302,tm,80.09615384615385,0.9098681260002195,0.7592123259964865
Cyclic,303,tm,80.69711538461539,0.9103394169942476,0.7578802939970046
Cyclic,304,tm,79.57692307692308,0.9083875430005719,0.7574222529947292
Cyclic,305,tm,80.5673076923077,0.9125469320060802,0.7502159069990739
Cyclic,306,tm,81.07211538461539,0.9082521699965582,0.7526193140001851
Cyclic,307,tm,80.22115384615385,0.9190802550001536,0.752259476998006
Cyclic,308,tm,80.85576923076923,0.9071226220039534,0.7584763139966526
Cyclic,309,tm,80.5673076923077,0.9134986740027671,0.7542757319970406
Cyclic,310,tm,80.65384615384616,0.9157422909993329,0.7645918150010402
Cyclic,311,tm,80.73557692307692,0.9117001689955941,0.7519169349980075
Cyclic,312,tm,80.33173076923077,0.9196805479950854,0.7519311419964652
Cyclic,313,tm,80.28365384615384,0.9141628240031423,0.7746657550014788
Cyclic,314,nn,85.83653846153845,0.6449377239987371,0.7786309619987151
Cyclic,315,nn,86.02884615384615,0.5728086999952211,0.7720782879987382
Cyclic,316,nn,85.89903846153845,0.5784322089966736,0.7639593729982153
Cyclic,317,nn,85.84134615384616,0.5414154669997515,0.7731404440055485
Cyclic,318,nn,85.96634615384615,0.6104836750018876,0.7684778939947137
Cyclic,319,nn,85.9423076923077,0.5222785970036057,0.7903331349953078
Cyclic,320,nn,85.8798076923077,0.5720485130004818,0.7670936689974042
Cyclic,321,nn,85.91346153846153,0.57006039400585,0.772580591001315
Cyclic,322,nn,85.83173076923077,0.6402764289960032,0.7806339519956964
Cyclic,323,nn,85.98557692307692,0.582973939999647,0.7814486090064747
Cyclic,324,nn,85.65865384615384,0.6343371030015987,0.7752486159952241
Cyclic,325,nn,85.90384615384615,0.5965842980003799,0.7765199869973003
UTM,1,tm,68.91346153846155,3.0769521100010024,0.7767655960051343
UTM,2,tm,70.36538461538461,2.759528723996482,0.7843727949948516
UTM,3,tm,71.00961538461539,2.7109474949975265,0.7847082529988256
UTM,4,tm,71.19711538461539,2.691858064994449,0.777420645004895
UTM,5,tm,71.0673076923077,2.679018383001676,0.7912153879951802
UTM,6,tm,71.96153846153847,2.6676384509992204,0.7910877039976185
UTM,7,tm,72.11057692307692,2.6609074430016335,0.7903113950014813
UTM,8,tm,72.34615384615385,2.6668349820029107,0.7872779410026851
UTM,9,tm,72.0673076923077,2.654776203999063,0.7652973090007436
UTM,10,tm,72.4326923076923,2.6328815609958838,0.7640884389984421
UTM,11,tm,72.125,2.642154395005491,0.7894256220024545
UTM,12,tm,72.51442307692308,2.634660988005635,0.7853015090004192
UTM,13,tm,72.2548076923077,2.639902629998687,0.7848078519964474
UTM,14,tm,72.1923076923077,2.630372683001042,0.796437215001788
UTM,15,tm,72.71634615384616,2.6183410459998413,0.7841584060006426
UTM,16,tm,72.5625,2.659903546998976,0.7720713189992239
UTM,17,tm,72.83173076923077,2.639144192005915,0.7982295269976021
UTM,18,tm,72.58653846153847,2.6256742359983036,0.7809726699997555
UTM,19,tm,72.73557692307693,2.6190212330038776,0.7790937120007584
UTM,20,tm,72.9326923076923,2.630861409998033,0.7945127380007762
UTM,21,tm,73.0048076923077,2.6191422219999367,0.7754672709997976
UTM,22,tm,73.09615384615384,2.6212108620020445,0.7934155830007512
UTM,23,tm,72.8701923076923,2.6237345499976072,0.7803239290005877
UTM,24,tm,72.72596153846153,2.6190113429984194,0.7692127029949916
UTM,25,tm,72.91346153846155,2.6427552879977156,0.7752186690049712
UTM,26,tm,72.78846153846153,2.61570749800012,0.7833149660000345
UTM,27,tm,72.64903846153847,2.6477483959970414,0.7815468189946841
UTM,28,tm,72.84615384615385,2.612590448996343,0.7890494560051593
UTM,29,tm,73.0673076923077,2.6144758209993597,0.7895947049983079
UTM,30,tm,72.96153846153847,2.626920886003063,0.7882294740047655
UTM,31,tm,73.07692307692307,2.59921119199862,0.7827030199987348
UTM,32,tm,73.03365384615384,2.630686851000064,0.7926734290012973
UTM,33,tm,72.86057692307692,2.638486729003489,0.7794830510028987
UTM,34,tm,72.95673076923077,2.6169803890006733,0.7899878039970645
UTM,35,tm,73.21153846153847,2.6144317270009196,0.7757968489968334
UTM,36,tm,72.85576923076923,2.6013971850043163,0.7730322930001421
UTM,37,tm,72.9951923076923,2.6186978939949768,0.7781536590046016
UTM,38,tm,73.0,2.6319940089961165,0.7929371840000385
UTM,39,tm,73.01923076923077,2.623140779993264,0.7875394399961806
UTM,40,tm,73.04326923076923,2.62971983999887,0.7677413600031286
UTM,41,tm,73.07692307692307,2.6276600629935274,0.7898796680019586
UTM,42,tm,73.03365384615384,2.612449933003518,0.7856626259963377
UTM,43,tm,73.05288461538461,2.597607973999402,0.7799044060011511
UTM,44,tm,72.98076923076923,2.6191961290023755,0.779517704002501
UTM,45,tm,72.96634615384615,2.621272794000106,0.771807095996337
UTM,46,tm,72.875,2.6167024680034956,0.7757024860038655
UTM,47,tm,73.09134615384615,2.628687936994538,0.788898351995158
UTM,48,tm,72.9423076923077,2.6135466870036907,0.7817313410050701
UTM,49,tm,73.02884615384615,2.621045027000946,0.7865106800018111
UTM,50,tm,73.03365384615384,2.6359039210001356,0.7805023129985784
UTM,51,tm,73.1298076923077,2.630404413001088,0.809809098005644
UTM,52,tm,73.41826923076923,2.6128681280024466,0.7906562399948598
UTM,53,tm,73.23076923076923,2.613152258003538,0.7841643869978725
UTM,54,tm,72.90384615384615,2.618406713998411,0.7859464590001153
UTM,55,tm,72.86057692307692,2.6260019070032286,0.7874141610009247
UTM,56,tm,73.00961538461539,2.620693909993861,0.7762761350022629
UTM,57,tm,72.8701923076923,2.6190341649999027,0.7891692109988071
UTM,58,tm,73.16346153846153,2.630708956006856,0.7975411759980489
UTM,59,tm,73.17307692307692,2.6329767069983063,0.7914806980043068
UTM,60,tm,73.11057692307692,2.6210060809971765,0.7815559709997615
UTM,61,tm,73.40865384615385,2.627945236003143,0.7860132709975005
UTM,62,tm,73.35096153846153,2.635386144000222,0.7788606299945968
UTM,63,tm,73.36538461538461,2.624626103999617,0.7864266559990938
UTM,64,tm,73.41826923076923,2.642275389000133,0.7927631190032116
UTM,65,tm,73.45192307692308,2.609869116997288,0.793472594996274
UTM,66,tm,73.48557692307692,2.6237327179987915,0.7998883639957057
UTM,67,tm,73.40865384615385,2.6380674989995896,0.7801595470009488
UTM,68,tm,73.45192307692308,2.6226419750018977,0.7859985409959336
UTM,69,tm,73.4423076923077,2.63218359399616,0.7896282900037477
UTM,70,tm,73.3173076923077,2.6240721629947075,0.7749400150059955
UTM,71,tm,73.29807692307693,2.6115486979979323,0.7735925460001454
UTM,72,tm,73.11538461538461,2.6157280359984725,0.7829655170062324
UTM,73,tm,73.22115384615384,2.6215591150030377,0.7854545830050483
UTM,74,tm,73.13461538461539,2.6388632979942486,0.8034671380009968
UTM,75,tm,73.39423076923077,2.627129597000021,0.7843943170009879
UTM,76,tm,73.28846153846153,2.630702476002625,0.793494333003764
UTM,77,tm,73.20673076923076,2.626279682001041,0.7939707600016845
UTM,78,tm,73.47596153846155,2.645667696997407,0.7807946879984229
UTM,79,tm,73.39423076923077,2.6149865109982784,0.7822656869975617
UTM,80,tm,73.53365384615384,2.612068158996408,0.7817109080060618
UTM,81,tm,73.26442307692308,2.6291204750014003,0.7832952520038816
UTM,82,tm,73.46153846153847,2.6150371949988767,0.7804260170014459
UTM,83,tm,73.50961538461539,2.6313868919969536,0.781479548997595
UTM,84,tm,73.45673076923077,2.6304487739980686,0.7744441159957205
UTM,85,tm,73.5,2.6273911940006656,0.7791625700047007
UTM,86,tm,73.3173076923077,2.632020452998404,0.7834480809979141
UTM,87,tm,73.08653846153847,2.632351803003985,0.7844201879997854
UTM,88,tm,73.39903846153845,2.6322425580001436,0.7898170010012109
UTM,89,tm,73.3173076923077,2.611956000000646,0.782799866006826
UTM,90,tm,73.47115384615385,2.617582314000174,0.7890952159941662
UTM,91,tm,73.50961538461539,2.6246542829976534,0.7802037509973161
UTM,92,tm,73.35576923076923,2.64255684499949,0.7764352709928062
UTM,93,tm,73.3701923076923,2.639275952002208,0.7649654909982928
UTM,94,tm,73.54326923076923,2.626378114000545,0.7884464350063354
UTM,95,tm,73.6875,2.617838168000162,0.7748041480008396
UTM,96,tm,73.51923076923077,2.6301763630035566,0.7887026699972921
UTM,97,tm,73.40865384615385,2.6272206809953786,0.7909349609981291
UTM,98,tm,73.39903846153845,2.622482402002788,0.7768946899959701
UTM,99,tm,73.48076923076923,2.6288335280041792,0.7856470870028716
UTM,100,tm,73.59134615384615,2.6215370319987414,0.7899081850046059
UTM,101,tm,73.47596153846155,2.6179722619999666,0.7933551750029437
UTM,102,tm,73.51442307692308,2.6336534000001848,0.7902543500022148
UTM,103,tm,73.45192307692308,2.636977535999904,0.7901780510001117
UTM,104,tm,73.57692307692307,2.636008263005351,0.7832817590024206
UTM,105,tm,73.40865384615385,2.608710628002882,0.7836980789943482
UTM,106,tm,73.52403846153847,2.6340632970022853,0.7775699839985464
UTM,107,tm,73.34615384615385,2.623455670000112,0.8022949220030569
UTM,108,tm,73.48557692307692,2.6257542399980593,0.7917466250000871
UTM,109,tm,73.55288461538461,2.6076719109987607,0.7745394919984392
UTM,110,tm,73.32692307692308,2.6311574400024256,0.7960610769951018
UTM,111,tm,73.5625,2.6317814299982274,0.7917602160014212
UTM,112,tm,73.375,2.62225823100016,0.7859108220000053
UTM,113,tm,73.40865384615385,2.6466473859982216,0.803122084995266
UTM,114,tm,73.4326923076923,2.639284705997852,0.7966032690019347
UTM,115,tm,73.27884615384616,2.6222464849997777,0.7979648800028372
UTM,116,tm,73.19711538461539,2.6226785519975238,0.7938538910020725
UTM,117,tm,73.3798076923077,2.6252800630027195,0.7915569799952209
UTM,118,tm,73.38942307692308,2.62690085000213,0.7814165800009505
UTM,119,tm,73.375,2.6426476189953974,0.7882707870012382
UTM,120,tm,73.72596153846153,2.6452497610007413,0.7968890570045915
UTM,121,tm,73.60096153846155,2.6381539389985846,0.7878394299987121
UTM,122,tm,73.64423076923077,2.6436108489942853,0.7786450669955229
UTM,123,tm,73.5673076923077,2.627947089000372,0.7803023960004793
UTM,124,tm,73.60576923076924,2.618392177995702,0.7768066459975671
UTM,125,tm,73.51442307692308,2.62872923300165,0.7895631969950045
UTM,126,tm,73.63942307692307,2.6308470809963183,0.786744646000443
UTM,127,tm,73.69711538461539,2.613625689999026,0.7791961780021666
UTM,128,tm,73.35096153846153,2.6143286200021976,0.7828567820033641
UTM,129,tm,73.60096153846155,2.6299815919992398,0.8026283509971108
UTM,130,tm,73.3798076923077,2.648067796995747,0.7830173990005278
UTM,131,tm,73.22596153846153,2.5378753769982723,0.7799938879979891
UTM,132,tm,73.44711538461539,2.621933763002744,0.7826260250003543
UTM,133,tm,73.6826923076923,2.6445329440030036,0.7761141619994305
UTM,134,tm,73.41346153846153,2.6430314339959295,0.7838206509986776
UTM,135,tm,73.59615384615384,2.66666903100122,0.7754003100053524
UTM,136,tm,73.58173076923077,2.645736600003147,0.796760813005676
UTM,137,tm,73.46153846153847,2.663527823999175,0.7882997070046258
UTM,138,tm,73.41346153846153,2.643274462003319,0.7663291190037853
UTM,139,tm,73.5,2.396345975997974,0.7772433439968154
UTM,140,tm,73.59615384615384,2.6448380459987675,0.7904346010036534
UTM,141,tm,73.22596153846153,2.647446447997936,0.7974959370039869
UTM,142,tm,73.28846153846153,2.6188705380045576,0.7823486810011673
UTM,143,tm,73.28846153846153,2.6205883879956673,0.8102130780025618
UTM,144,tm,73.55288461538461,2.630200646002777,0.7859530130008352
UTM,145,tm,73.5048076923077,2.6412969900047756,0.7922204779970343
UTM,146,tm,73.5,2.63882404800097,0.7935783749999246
UTM,147,tm,73.47596153846155,2.654194765003922,0.7920869510053308
UTM,148,tm,73.53365384615384,2.634247650996258,0.7922634170026868
UTM,149,tm,73.27403846153845,2.6405414859982557,0.7822192029998405
UTM,150,tm,73.44711538461539,2.6331905240003834,0.7803979540040018
UTM,151,tm,73.1875,2.633463127996947,0.8003945360032958
UTM,152,tm,73.49038461538461,2.635774467998999,0.7828439669974614
UTM,153,tm,73.0625,2.628325297999254,0.7911384940016433
UTM,154,tm,73.46153846153847,2.6030088539991993,0.7883927579969168
UTM,155,tm,73.4423076923077,2.629731148997962,0.7918775660000392
UTM,156,tm,73.72596153846153,2.634757292995346,0.7793400860027759
UTM,157,tm,73.48076923076923,2.6308463890018174,0.7841470220009796
UTM,158,tm,73.41826923076923,2.640622633996827,0.7888609020010335
UTM,159,tm,73.49038461538461,2.6362981499987654,0.793994315994496
UTM,160,tm,73.48557692307692,2.626291972002946,0.8029612410027767
UTM,161,tm,73.41826923076923,2.6522654879954644,0.7833711720013525
UTM,162,tm,73.26442307692308,2.6505544620013097,0.7664430669974536
UTM,163,tm,73.65384615384616,2.6411845539987553,0.7679116500003147
UTM,164,tm,73.60576923076924,2.6395617360030883,0.7699002779991133
UTM,165,tm,73.52403846153847,2.640441263996763,0.7814419529968291
UTM,166,tm,73.1923076923077,2.6307450699969195,0.7805615190009121
UTM,167,tm,73.0048076923077,2.6188892040008795,0.7749718170016422
UTM,168,tm,73.3125,2.6216534480045084,0.7726779719960177
UTM,169,tm,73.5576923076923,2.6193167160017765,0.7820410939966678
UTM,170,tm,73.60096153846155,2.6244368179977755,0.7772323489989503
UTM,171,tm,73.49038461538461,2.638160713002435,0.7746829570023692
UTM,172,tm,73.41346153846153,2.637648474003072,0.8027614930033451
UTM,173,tm,73.375,2.634283487997891,0.7833618080039741
UTM,174,tm,73.47115384615385,2.6341419559976202,0.7877367080000113
UTM,175,tm,73.52403846153847,2.6399476029982907,0.8009091400017496
UTM,176,tm,73.59615384615384,2.635475751994818,0.7837260169981164
UTM,177,tm,73.63461538461539,2.620852168998681,0.7921693909956957
UTM,178,tm,73.36057692307692,2.620576038993022,0.7902833439948154
UTM,179,tm,73.23076923076923,2.623715624999022,0.7761242410051636
UTM,180,tm,73.4326923076923,2.6286811709942413,0.7733365329986555
UTM,181,tm,73.41346153846153,2.6407072840011097,0.7754463370001758
UTM,182,tm,73.61057692307692,2.6221008979991893,0.7939840460021514
UTM,183,tm,73.54326923076923,2.650243957003113,0.7869960919997538
UTM,184,tm,73.36538461538461,2.635290113001247,0.7876650979960687
UTM,185,tm,73.25,2.646224727999652,0.7904873419975047
UTM,186,tm,73.3701923076923,2.627332832002139,0.7742525229987223
UTM,187,tm,73.4423076923077,2.636523590001161,0.786846107999736
UTM,188,tm,73.55288461538461,2.6478625630043098,0.7881359310049447
UTM,189,tm,73.36057692307692,2.629165092999756,0.7936436320014764
UTM,190,tm,73.5,2.6307645090055303,0.7804084669987787
UTM,191,tm,73.30288461538461,2.6378192100019078,0.7895247449996532
UTM,192,tm,73.40865384615385,2.634631947003072,0.7841848150055739
UTM,193,tm,73.35576923076923,2.640888381996774,0.7833599090008647
UTM,194,tm,73.5576923076923,2.648564195005747,0.7865811099982238
UTM,195,tm,73.5,2.6272933020009077,0.7893928170014988
UTM,196,tm,73.42307692307692,2.6301435570057947,0.7774783499990008
UTM,197,tm,73.21634615384616,2.631070264003938,0.7848575149982935
UTM,198,tm,73.4375,2.630930418999924,0.7796748699984164
UTM,199,tm,73.34134615384616,2.6479178049994516,0.7682539480010746
UTM,200,tm,73.63942307692307,2.6463064330018824,0.7890544820038485
UTM,201,tm,73.46153846153847,2.638858413003618,0.7797376899980009
UTM,202,tm,73.45192307692308,2.647027940998669,0.7702808800022467
UTM,203,tm,73.55288461538461,2.646049161994597,0.7769365220010513
UTM,204,tm,73.41826923076923,2.637255636000191,0.7978193390008528
UTM,205,tm,73.5673076923077,2.647297687995888,0.7798632319972967
UTM,206,tm,73.3173076923077,2.6384744579991093,0.7922877759992843
UTM,207,tm,73.625,2.6408700549945934,0.7841894679950201
UTM,208,tm,73.29807692307693,2.635595840998576,0.781850494997343
UTM,209,tm,73.27884615384616,2.6595157429983374,0.7968479470000602
UTM,210,tm,73.44711538461539,2.643323454998608,0.7925587270001415
UTM,211,tm,73.48076923076923,2.6458855029995902,0.7765701030002674
UTM,212,tm,73.45673076923077,2.632799940998666,0.7743859960028203
UTM,213,tm,73.38461538461539,2.638036609001574,0.8122403480010689
UTM,214,tm,73.29326923076923,2.6414480749954237,0.7667074040000443
UTM,215,tm,73.3173076923077,2.6318579009966925,0.7854916319993208
UTM,216,tm,73.44711538461539,2.6344314119996852,0.7812836879966198
UTM,217,tm,73.30288461538461,2.6613509099988732,0.7832400949992007
UTM,218,tm,73.29326923076923,2.6314269979993696,0.7725237400009064
UTM,219,tm,73.41826923076923,2.642346099994029,0.7674447729950771
UTM,220,tm,73.29807692307693,2.656054580002092,0.786013582997839
UTM,221,tm,73.32692307692308,2.639396910002688,0.7932162979996065
UTM,222,tm,73.20192307692308,2.6332592540056794,0.794552465005836
UTM,223,tm,73.22115384615384,2.6513760470043053,0.782000302002416
UTM,224,tm,73.2451923076923,2.63847976699617,0.7812062070006505
UTM,225,tm,73.1875,2.629179629002465,0.7903134450025391
UTM,226,tm,73.1923076923077,2.6450074719978147,0.7782205900002737
UTM,227,tm,72.85576923076923,2.625648059998639,0.7857418590065208
UTM,228,tm,73.3798076923077,2.6334714440017706,0.7872014360036701
UTM,229,tm,73.41346153846153,2.6449144240032183,0.7745315759966616
UTM,230,tm,73.3798076923077,2.6504028879935504,0.7814325080034905
UTM,231,tm,73.22596153846153,2.6523134550006944,0.7778189660020871
UTM,232,tm,73.30288461538461,2.6703541899987613,0.7763829000032274
UTM,233,tm,73.14903846153847,2.6309034769947175,0.7933656230015913
UTM,234,tm,73.38942307692308,2.6573195809978643,0.7727441039969563
UTM,235,tm,73.00961538461539,2.64615247999609,0.7868699629980256
UTM,236,tm,73.19711538461539,2.6354155149965663,0.7920311560010305
UTM,237,tm,73.17307692307692,2.6239423740044003,0.7800701840023976
UTM,238,tm,73.22596153846153,2.6262882570008514,0.7881129649977083
UTM,239,tm,73.32692307692308,2.6289306489998125,0.794823690004705
UTM,240,tm,73.28846153846153,2.6273349430048256,0.7758158090000506
UTM,241,tm,73.3076923076923,2.639014380001754,0.7882474700018065
UTM,242,tm,73.29807692307693,2.6291047829945455,0.7927061999944272
UTM,243,tm,73.41826923076923,2.6362704650018713,0.7844544719991973
UTM,244,tm,73.39903846153845,2.6525809689992457,0.7707835399996839
UTM,245,tm,73.48557692307692,2.660185784996429,0.7911360080033774
UTM,246,tm,73.26923076923076,2.6513752929968177,0.7712858589948155
UTM,247,tm,73.19711538461539,2.6354091910034185,0.7850017090022448
UTM,248,tm,73.3076923076923,2.643407607996778,0.7934481549964403
UTM,249,tm,73.3173076923077,2.65335356000287,0.7882207179936813
UTM,250,tm,73.0673076923077,2.6271600809996016,0.7795665489975363
UTM,251,tm,73.03846153846155,2.6519275969985756,0.7836514660011744
UTM,252,tm,73.10576923076924,2.652832150000904,0.7799612140006502
UTM,253,tm,72.9951923076923,2.6475167460012017,0.7955018939974252
UTM,254,tm,73.10096153846153,2.4979801459994633,0.7759174249949865
UTM,255,tm,73.05288461538461,2.651576249001664,0.7715615179986344
UTM,256,tm,73.00961538461539,2.645165738002106,0.7775537650013575
UTM,257,tm,72.58173076923077,2.6445772040024167,0.7739204140016227
UTM,258,tm,73.1201923076923,2.6574069920025067,0.7740870869965875
UTM,259,tm,73.25,2.6326497469999595,0.7827917969989358
UTM,260,tm,73.22596153846153,2.6383824910008116,0.7895568340027239
UTM,261,tm,73.15384615384616,2.648922983004013,0.7851113180004177
UTM,262,tm,73.29807692307693,2.653112391999457,0.7856074139999691
UTM,263,tm,73.32211538461539,2.6544352939963574,0.7836579650029307
UTM,264,tm,73.15384615384616,2.6483967550011585,0.7872906519987737
UTM,265,tm,73.22596153846153,2.6214647829983733,0.7660881830015569
UTM,266,tm,73.24038461538461,2.651370143998065,0.7961189220004599
UTM,267,tm,73.11538461538461,2.6476159539961373,0.7799471860053018
UTM,268,tm,73.2451923076923,2.647540036996361,0.7808243379986379
UTM,269,tm,72.98557692307692,2.642617284996959,0.7878712480014656
UTM,270,tm,73.26923076923076,2.6576111479953397,0.7752547929994762
UTM,271,tm,73.2451923076923,2.644603033993917,0.7821987339993939
UTM,272,tm,73.07211538461539,2.646049226001196,0.7824330520015792
UTM,273,tm,72.8076923076923,2.6508460760014714,0.7919143330000225
UTM,274,tm,73.01442307692308,2.629702755002654,0.7769510359939886
UTM,275,tm,73.3173076923077,2.619569299000432,0.7844340590017964
UTM,276,tm,73.24038461538461,2.6726462869992247,0.7919852539998828
UTM,277,tm,73.08653846153847,2.6544281919996138,0.7833596710042912
UTM,278,tm,73.14423076923077,2.6380019200005336,0.776070500993228
UTM,279,tm,73.13461538461539,2.6618847450008616,0.7816367139967042
UTM,280,tm,73.15865384615384,2.6481741440002224,0.8032215109997196
UTM,281,tm,73.25961538461539,2.6508114880052744,0.792347194001195
UTM,282,tm,73.2451923076923,2.654128385001968,0.783213839000382
UTM,283,tm,73.14903846153847,2.663693873997545,0.8006807240017224
UTM,284,tm,73.24038461538461,2.640192650993413,0.7759523690037895
UTM,285,tm,72.88942307692308,2.6707245930010686,0.7694860039991909
UTM,286,tm,72.92788461538461,2.666180683001585,0.7826998629971058
UTM,287,tm,73.04807692307692,2.628766876994632,0.7907126219943166
UTM,288,tm,73.3125,2.6547379050025484,0.7812053919988102
UTM,289,tm,73.4423076923077,2.6490504309986136,0.7810576949996175
UTM,290,tm,73.27403846153845,2.6477584870008286,0.7818288599955849
UTM,291,tm,73.11538461538461,2.6670178509957623,0.7889651020013844
UTM,292,tm,73.19711538461539,2.641345206000551,0.7849626270035515
UTM,293,tm,73.3125,2.6463077240041457,0.7854777079992346
UTM,294,tm,73.21634615384616,2.6553206120006507,0.7782503999987966
UTM,295,tm,73.30288461538461,2.658913309998752,0.7665314869955182
UTM,296,tm,73.29326923076923,2.649789138995402,0.7882683299976634
UTM,297,tm,73.52403846153847,2.655723682997632,0.7851951990014641
UTM,298,tm,73.25961538461539,2.6575737839957583,0.7903661769960308
UTM,299,tm,72.9326923076923,2.6554558010029723,0.786102451995248
UTM,300,tm,72.9375,2.654839113994967,0.7730257189978147
UTM,301,tm,72.8701923076923,2.6470592229961767,0.7818632409980637
UTM,302,tm,73.02403846153847,2.661012775999552,0.7671680179992109
UTM,303,tm,73.20192307692308,2.661244686001737,0.7828335129961488
UTM,304,tm,73.4375,2.6620622769987676,0.7949087809975026
UTM,305,tm,73.47596153846155,2.667724145001557,0.7905419160015299
UTM,306,tm,73.38942307692308,2.6470150300010573,0.788123316000565
UTM,307,tm,73.28846153846153,2.660972908997792,0.7802616170010879
UTM,308,tm,73.17307692307692,2.650784625999222,0.7866585989977466
UTM,309,tm,73.1826923076923,2.6621733240026515,0.791838443998131
UTM,310,tm,73.29326923076923,2.63254522200441,0.7819554590023472
UTM,311,tm,73.33653846153845,2.6641266999940854,0.7858062060040538
UTM,312,tm,73.375,2.6560741950015654,0.7945988189967466
UTM,313,tm,73.11538461538461,2.5642550440024934,0.7695048759997007
UTM,314,tm,73.05288461538461,2.659384514998237,0.7776673859989387
UTM,315,tm,73.16346153846153,2.659488652003347,0.78313002899813
UTM,316,tm,73.07692307692307,2.59352552099881,0.7959582659968873
UTM,317,tm,72.96153846153847,2.656264586999896,0.7845684689964401
UTM,318,tm,73.32692307692308,2.665899638996052,0.7821685210001306
UTM,319,tm,73.46153846153847,2.6605123440022,0.7882445549985277
UTM,320,tm,73.52403846153847,2.655181217000063,0.7828698599987547
UTM,321,tm,73.29326923076923,2.6387631489997148,0.7732686670060502
UTM,322,tm,73.3701923076923,2.635118511003384,0.7729917019969434
UTM,323,tm,73.23557692307693,2.668045999002061,0.7867341679957462
UTM,324,tm,73.13461538461539,2.6388317169985385,0.7898526130011305
UTM,325,tm,73.23557692307693,2.654018098000961,0.7826469030042063
UTM,326,tm,73.28365384615385,2.6727098810006282,0.7842882309996639
UTM,327,tm,73.27403846153845,2.665894545003539,0.7876814409974031
UTM,328,tm,73.26923076923076,2.645354464002594,0.7801250830016215
UTM,329,tm,73.34134615384616,2.665465124999173,0.7893054369997117
UTM,330,tm,72.9375,2.658026291996066,0.7776881579993642
UTM,331,tm,72.88942307692308,2.6531507180043263,0.7901171089979471
UTM,332,tm,72.79807692307692,2.677030612998351,0.7857826149993343
UTM,333,tm,73.11057692307692,2.6560098889967776,0.7869531839969568
UTM,334,tm,73.29326923076923,2.6495716139979777,0.7799570120041608
UTM,335,tm,73.2548076923077,2.6555821239962825,0.792419465004059
UTM,336,tm,73.25961538461539,2.661235313003999,0.7845653819967993
UTM,337,tm,73.20192307692308,2.657889697002247,0.7844875869996031
UTM,338,tm,73.15865384615384,2.6735491170038586,0.787208556997939
UTM,339,tm,73.16346153846153,2.649245911001344,0.7970839310000883
UTM,340,tm,73.1923076923077,2.6542264160016202,0.7906125609952142
UTM,341,tm,73.19711538461539,2.66092438200576,0.7758356660051504
UTM,342,tm,73.24038461538461,2.6631530539962114,0.7672158159984974
UTM,343,tm,73.15865384615384,2.6629197860020213,0.7771848289994523
UTM,344,tm,73.17788461538461,2.6732934080064297,0.7829597000018111
UTM,345,tm,73.16346153846153,2.6646788610014482,0.7918256720004138
UTM,346,tm,73.09615384615384,2.6421686409958056,0.7805233879989828
UTM,347,tm,73.33653846153845,2.6634208819959895,0.7790988830020069
UTM,348,tm,73.2548076923077,2.652998966994346,0.783269763996941
UTM,349,tm,73.1923076923077,2.6483032969990745,0.7674109479994513
UTM,350,tm,73.16346153846153,2.6722578129993053,0.7701037610022468
UTM,351,tm,73.29807692307693,2.6605285919940798,0.7945686080056475
UTM,352,tm,73.16346153846153,2.6563110499992035,0.7904373050041613
UTM,353,tm,73.09134615384615,2.6614098339996417,0.7892522800029838
UTM,354,tm,73.125,2.6612682080012746,0.7919659769977443
UTM,355,tm,73.10096153846153,2.6703155909999623,0.7920577530021546
UTM,356,tm,73.22115384615384,2.663503875999595,0.7789198379978188
UTM,357,tm,73.02403846153847,2.6614096789999167,0.7859248979948461
UTM,358,tm,72.96634615384615,2.6735076589975506,0.7782399919960881
UTM,359,tm,73.13461538461539,2.6644242530019255,0.7975173599988921
UTM,360,tm,73.1923076923077,2.6618934020007146,0.7829923249955755
UTM,361,tm,73.23557692307693,2.6654867969991756,0.7856265070004156
UTM,362,tm,73.23076923076923,2.6818964109988883,0.784643719001906
UTM,363,tm,73.17788461538461,2.652954350996879,0.7798163090046728
UTM,364,tm,73.08653846153847,2.663103453000076,0.7741096769968863
UTM,365,tm,73.25,2.6654087970018736,0.7867247219983255
UTM,366,tm,73.3701923076923,2.6752329180017114,0.7836782670055982
UTM,367,tm,73.02884615384615,2.671488756001054,0.7903826600013417
UTM,368,tm,73.05288461538461,2.664420857996447,0.778983212003368
UTM,369,tm,73.30288461538461,2.657126767000591,0.7730046700016828
UTM,370,tm,73.1826923076923,2.6613611909997417,0.7715134359968943
UTM,371,tm,73.20192307692308,2.6718511050057714,0.7870561859963345
UTM,372,tm,73.25961538461539,2.656834934001381,0.7949095010044402
UTM,373,tm,73.26442307692308,2.6429555080030696,0.784514279999712
UTM,374,tm,73.28846153846153,2.6805960100027733,0.7845122719954816
UTM,375,tm,73.32692307692308,2.660882060001313,0.7855912820014055
UTM,376,tm,73.1201923076923,2.658849093000754,0.7982365490024677
UTM,377,tm,73.32211538461539,2.6804235620002146,0.7752687559986953
UTM,378,tm,73.22115384615384,2.662106744995981,0.7756510409963084
UTM,379,tm,73.11057692307692,2.6662242180027533,0.7889126959998976
UTM,380,tm,73.29807692307693,2.670786691000103,0.8009297960015829
UTM,381,tm,73.1201923076923,2.669472964000306,0.7936317629937548
UTM,382,tm,73.3076923076923,2.666655508997792,0.7869444300013129
UTM,383,tm,73.1923076923077,2.6788383960010833,0.7806229630004964
UTM,384,tm,73.28846153846153,2.66401771800156,0.7823755210047239
UTM,385,tm,73.15865384615384,2.655478733999189,0.7942294449967449
UTM,386,tm,73.20673076923076,2.658321706003335,0.7751952609978616
UTM,387,tm,73.40384615384615,2.665074779004499,0.7773788090053131
UTM,388,tm,73.3798076923077,2.655500563996611,0.7892444999961299
UTM,389,tm,73.15384615384616,2.6621251570031745,0.793965119002678
UTM,390,tm,73.21153846153847,2.6519790879974607,0.8061597139967489
UTM,391,tm,73.34615384615385,2.6486821260041324,0.7859770540017053
UTM,392,tm,73.10096153846153,2.6951543239993043,0.785697302002518
UTM,393,tm,73.39423076923077,2.6647140650020447,0.7837645869949483
UTM,394,tm,73.27403846153845,2.6679587830003584,0.8172167330048978
UTM,395,tm,73.11538461538461,2.6471745599992573,0.7757095519991708
UTM,396,tm,73.22596153846153,2.66285073999461,0.7852269409995642
UTM,397,tm,73.16346153846153,2.657433135995234,0.7885285619995557
UTM,398,tm,73.02403846153847,2.6389345190036693,0.7828905809947173
UTM,399,tm,73.26442307692308,2.6507650170024135,0.7768471460003639
UTM,400,tm,73.08653846153847,2.6447116959971027,0.7903040449964465
UTM,401,tm,73.10096153846153,2.6665565829971456,0.7920049770036712
UTM,402,tm,72.95673076923077,2.675679259999015,0.7994778789943666
UTM,403,tm,72.97596153846155,2.6599930800002767,0.8091623649961548
UTM,404,tm,73.20192307692308,2.669043925998267,0.7814952400003676
UTM,405,tm,73.13942307692308,2.680827568998211,0.7819095009981538
UTM,406,tm,73.22596153846153,2.65652164399944,0.7999719319996075
UTM,407,tm,73.19711538461539,2.661277450999478,0.7700646770026651
UTM,408,tm,73.26923076923076,2.6684782070005895,0.7839881890031393
UTM,409,tm,73.20673076923076,2.666366414996446,0.778038832002494
UTM,410,tm,73.16346153846153,2.673418357997434,0.791474705998553
UTM,411,tm,73.29326923076923,2.6610240409936523,0.7817437539997627
UTM,412,tm,73.21153846153847,2.664823257997341,0.7815782359975856
UTM,413,tm,73.15865384615384,2.65084437099722,0.7898106290012947
UTM,414,tm,73.32692307692308,2.667938012004015,0.80076499000279
UTM,415,tm,73.00961538461539,2.66976917500142,0.7954933069995604
UTM,416,tm,73.07692307692307,2.6418898180054384,0.7881636309975875
UTM,417,tm,73.3076923076923,2.665311179996934,0.7707021000023815
UTM,418,tm,72.88942307692308,2.6740262329985853,0.7967045160039561
UTM,419,tm,72.99038461538461,2.65869790600118,0.7832195780065376
UTM,420,tm,73.22115384615384,2.666437625004619,0.7847925300011411
UTM,421,tm,73.04807692307692,2.656544370998745,0.7829079760049353
UTM,422,tm,73.03846153846155,2.6609783339954447,0.7925141239975346
UTM,423,tm,73.1201923076923,2.6759330089989817,0.7916151579993311
UTM,424,tm,72.96634615384615,2.672375586000271,0.781878969995887
UTM,425,tm,73.01923076923077,2.670729900994047,0.7738332200024161
UTM,426,tm,73.13461538461539,2.6632747650000965,0.7790110130008543
UTM,427,tm,73.03846153846155,2.6834928520038375,0.7789421199995559
UTM,428,tm,73.125,2.6714908229987486,0.7746922329970403
UTM,429,tm,72.95673076923077,2.6806706129937083,0.7812215509984526
UTM,430,tm,73.02884615384615,2.6675323999952525,0.7898172679997515
UTM,431,tm,72.95673076923077,2.687660096999025,0.7855390909971902
UTM,432,tm,73.27403846153845,2.6733983989979606,0.789670231002674
UTM,433,tm,72.92307692307692,2.6598526669986313,0.7917405150001287
UTM,434,tm,73.0576923076923,2.657786361000035,0.775075862002268
UTM,435,tm,73.04807692307692,2.672650431006332,0.7868629939985112
UTM,436,tm,73.21153846153847,2.662356577005994,0.7825876440037973
UTM,437,tm,73.10096153846153,2.682143761005136,0.7824327369962703
UTM,438,tm,72.89903846153845,2.6896344580018194,0.7921351050026715
UTM,439,tm,73.08173076923077,2.66796580600203,0.7862408290020539
UTM,440,tm,72.72596153846153,2.6591158480005106,0.7835343289989396
UTM,441,tm,72.96634615384615,2.653955743997358,0.7783803979982622
UTM,442,tm,72.74038461538461,2.6585647570027504,0.7993173709983239
UTM,443,tm,72.98076923076923,2.6591722189987195,0.781661904999055
UTM,444,tm,72.86538461538463,2.682720466000319,0.7922088499981328
UTM,445,tm,73.03365384615384,2.683584748003341,0.7837337739983923
UTM,446,tm,73.19711538461539,2.680234712002857,0.7916090430007898
UTM,447,tm,73.20673076923076,2.6826385079984902,0.7964055090051261
UTM,448,tm,73.13461538461539,2.6760480769953574,0.780637634001323
UTM,449,tm,73.3173076923077,2.6535568879990024,0.7839342309962376
UTM,450,tm,73.21153846153847,2.6854621439997572,0.7905479999972158
UTM,451,tm,72.96634615384615,2.68552240000281,0.7758549019999919
UTM,452,tm,73.15384615384616,2.6703471109940438,0.7765817740000784
UTM,453,tm,72.95192307692308,2.684072997995827,0.7808485360001214
UTM,454,tm,73.09134615384615,2.6812351230037166,0.7746908769986476
UTM,455,tm,72.95192307692308,2.6667521799972747,0.7784316500037676
UTM,456,tm,72.91826923076923,2.6669729790010024,0.7641230459994404
UTM,457,tm,72.6923076923077,2.6564946310027153,0.7796375299949432
UTM,458,tm,72.76923076923076,2.6578951699993922,0.7995515910006361
UTM,459,tm,72.8173076923077,2.676876228004403,0.7756525599979796
UTM,460,tm,73.10096153846153,2.6794102089988883,0.7798319599969545
UTM,461,tm,73.11057692307692,2.680238647000806,0.7836637489963323
UTM,462,tm,73.04326923076923,2.6809919189981883,0.7835009109985549
UTM,463,tm,73.08653846153847,2.676075078001304,0.7822956980016897
UTM,464,tm,73.02884615384615,2.6562862310020137,0.778590597998118
UTM,465,tm,73.01442307692308,2.6710941790006473,0.7738653529959265
UTM,466,tm,72.96634615384615,2.6676423419994535,0.7787501649945625
UTM,467,tm,72.95192307692308,2.6490562470062287,0.7765516330036917
UTM,468,tm,72.8798076923077,2.6689182260015514,0.7793895459981286
UTM,469,tm,72.85096153846153,2.670939185001771,0.8082230989966774
UTM,470,tm,72.69711538461539,2.6585752979954123,0.7943491299956804
UTM,471,tm,72.8173076923077,2.661142230994301,0.7884691389990621
UTM,472,tm,73.03365384615384,2.6788339560007444,0.7863005040053395
UTM,473,tm,73.0048076923077,2.6520062339986907,0.7860171660067863
UTM,474,tm,72.8076923076923,2.681307756000024,0.7796403610045672
UTM,475,tm,73.04326923076923,2.6748592509975424,0.7918273739996948
UTM,476,tm,73.0,2.666293936999864,0.7786073579991353
UTM,477,tm,73.02884615384615,2.6736197620048188,0.7774028149942751
UTM,478,tm,72.94711538461539,2.6629587999996147,0.7881347920047119
UTM,479,tm,72.84134615384616,2.6825741069988,0.7876116879997426
UTM,480,tm,72.88461538461539,2.6666402889968595,0.7875012470030924
UTM,481,tm,72.8173076923077,2.6760083090048283,0.7843835650055553
UTM,482,tm,72.91826923076923,2.6578739340038737,0.7903115840017563
UTM,483,tm,72.9326923076923,2.6585480319990893,0.7778374689951306
UTM,484,tm,73.0673076923077,2.6618551400024444,0.7961436149998917
UTM,485,tm,72.80288461538461,2.6661150209984044,0.782606038999802
UTM,486,tm,73.11538461538461,2.6740117110020947,0.7914673640043475
UTM,487,tm,72.95673076923077,2.678172984997218,0.7766425809968496
UTM,488,tm,72.83653846153845,2.654838556998584,0.8001036169953295
UTM,489,tm,72.6826923076923,2.6616087580041494,0.7729173150000861
UTM,490,tm,72.66826923076923,2.6623221179979737,0.7826394919975428
UTM,491,tm,72.89903846153845,2.6720703240061994,0.7781707880058093
UTM,492,tm,73.01442307692308,2.6538570810007514,0.7724795450048987
UTM,493,tm,72.97115384615384,2.6784404899954097,0.8117796129954513
UTM,494,tm,73.17307692307692,2.659572955002659,0.7983521899950574
UTM,495,tm,73.14903846153847,2.694710155003122,0.7592416150000645
UTM,496,tm,73.3798076923077,2.7008665510002174,0.7806113800033927
UTM,497,tm,73.16346153846153,2.6624116390012205,0.7947250039942446
UTM,498,tm,72.83653846153845,2.690099439001642,0.7854605539978365
UTM,499,tm,73.0,2.6834184379986254,0.7953465379978297
UTM,500,tm,73.02884615384615,2.668532461000723,0.7744844799963175
WTM,1,tm,63.84615384615384,1.9071496589967865,0.731408437997743
WTM,2,tm,66.8076923076923,1.5947389850043692,0.743002939998405
WTM,3,tm,69.5,1.4681416890016408,0.7243584180032485
WTM,4,tm,70.88461538461537,1.4038930130045628,0.7339959160017315
WTM,5,tm,72.6875,1.356781697999395,0.7527083210006822
WTM,6,tm,73.13461538461539,1.3346803229942452,0.7481592440017266
WTM,7,tm,70.84615384615385,1.3145669009973062,0.7449333659969852
WTM,8,tm,73.01442307692308,1.3025660580024123,0.7613621039999998
WTM,9,tm,73.3701923076923,1.251484894004534,0.7528129549973528
WTM,10,tm,73.64903846153847,1.236556844000006,0.7395548799977405
WTM,11,tm,75.95192307692308,1.2260466649968293,0.7505205999987083
WTM,12,tm,75.46153846153845,1.2042967050001607,0.7461861850024434
WTM,13,tm,72.88942307692308,1.1801727120036958,0.7514351670033648
WTM,14,tm,75.29326923076923,1.1807127189968014,0.7525137920019915
WTM,15,tm,75.24038461538461,1.1563102029977017,0.7618818760020076
WTM,16,tm,74.59134615384615,1.1567322929986403,0.7425703959961538
WTM,17,tm,76.85096153846153,1.1450573969996185,0.7754712690002634
WTM,18,tm,75.76923076923077,1.1512342389978585,0.7540007659990806
WTM,19,tm,75.67788461538461,1.1258761190038058,0.7486012129957089
WTM,20,tm,76.60576923076923,1.129554986000585,0.7775026630042703
WTM,21,tm,76.75,1.1222360850006226,0.7508592269950896
WTM,22,tm,76.70673076923077,1.1207317829976091,0.7621671820015763
WTM,23,tm,77.14903846153847,1.1221123959985562,0.7543965209988528
WTM,24,tm,75.28846153846153,1.1050554100002046,0.7582044390001101
WTM,25,tm,76.23557692307692,1.0954387999954633,0.751878177994513
WTM,26,tm,74.9423076923077,1.0856394110014662,0.754164411999227
WTM,27,tm,76.0,1.0897436299928813,0.7557932609997806
WTM,28,tm,77.1201923076923,1.0882441459980328,0.754957185999956
WTM,29,tm,76.32211538461539,1.1070600460006972,0.7537652419996448
WTM,30,tm,77.96634615384616,1.0652314809995005,0.7631096309996792
WTM,31,tm,75.92788461538461,1.0657135310029844,0.7592336969973985
WTM,32,tm,77.49038461538461,1.0724463959995774,0.7540516029985156
WTM,33,tm,76.6826923076923,1.0688043190020835,0.7635803380035213
WTM,34,tm,78.15865384615385,1.0633146230029524,0.7561613890065928
WTM,35,tm,78.125,1.0553188620033325,0.7532437469999422
WTM,36,tm,78.36057692307692,1.0702365990000544,0.7486480119987391
WTM,37,tm,77.63461538461539,1.034590629999002,0.7449250869976822
WTM,38,tm,75.8125,1.0549539969942998,0.7585397859947989
WTM,39,tm,76.8125,1.0749088290031068,0.7662202709980193
WTM,40,tm,78.42307692307692,1.0496710270017502,0.7582046530005755
WTM,41,tm,77.55288461538463,1.0314959210008965,0.7616686209948966
WTM,42,tm,78.29807692307692,1.0240366650032229,0.7655052189948037
WTM,43,tm,75.96153846153845,1.0344629890023498,0.758059776002483
WTM,44,tm,78.5,1.019566210998164,0.7698230199966929
WTM,45,tm,78.46634615384616,1.0187799589984934,0.7581688369973563
WTM,46,tm,77.92788461538461,1.0205615700033377,0.7662397310050437
WTM,47,tm,77.94711538461539,1.0244236170037766,0.7563208830033545
WTM,48,tm,78.86057692307692,1.0384823319982388,0.761452779006504
WTM,49,tm,78.39423076923076,1.0165650640046806,0.7439900360041065
WTM,50,tm,78.34134615384616,1.0208706480043475,0.7623923530045431
WTM,51,tm,77.4951923076923,1.026056492002681,0.7596597949959687
WTM,52,tm,77.95673076923076,1.0149120450005285,0.754771512998559
WTM,53,tm,78.85576923076924,1.0174931300061871,0.7680620899991482
WTM,54,tm,77.95192307692308,1.0070360640020226,0.7519477090027067
WTM,55,tm,78.35576923076924,1.031971459997294,0.7611933160005719
WTM,56,tm,78.22596153846155,1.0039745090034558,0.7562769950018264
WTM,57,tm,79.49038461538461,1.0200776569981826,0.7517343880026601
WTM,58,tm,77.88942307692308,0.9995337849977659,0.7591663739949581
WTM,59,tm,79.27884615384615,1.0013054800001555,0.7569596329994965
WTM,60,tm,78.24038461538461,1.0094217029982246,0.7637914380029542
WTM,61,tm,78.6875,0.9867550999988453,0.7630177780010854
WTM,62,tm,77.8798076923077,1.0161689439992188,0.7487091319999308
WTM,63,tm,78.42788461538461,1.0050078749991371,0.7592916330031585
WTM,64,tm,78.95673076923076,1.0081170330013265,0.7626161060034065
WTM,65,tm,78.98076923076923,0.9800747970002703,0.772107656004664
WTM,66,tm,79.85576923076924,0.9923785680002766,0.7625307330017677
WTM,67,tm,79.11057692307692,1.011653882000246,0.7641418810017058
WTM,68,tm,79.04326923076923,0.9872916450040066,0.7819016159992316
WTM,69,tm,78.78365384615384,0.9804976369996439,0.7573304200050188
WTM,70,tm,78.42788461538461,0.975222439999925,0.7631411609982024
WTM,71,tm,79.02403846153845,0.9905439610010944,0.7589849610012607
WTM,72,tm,80.4375,0.9939841579980566,0.7545132349987398
WTM,73,tm,78.875,0.9885335159997339,0.7581651660002535
WTM,74,tm,77.13461538461537,0.9796422709987382,0.7567962979956064
WTM,75,tm,79.1875,0.9763630180023029,0.761873244002345
WTM,76,tm,79.48557692307693,0.9822014460005448,0.7542428009983269
WTM,77,tm,78.17788461538461,0.9833653189998586,0.7598438880013418
WTM,78,tm,79.09134615384616,0.9780066410021391,0.7693881189989042
WTM,79,tm,79.10096153846153,0.9808600550022675,0.7676482570022927
WTM,80,tm,79.6826923076923,0.9666297330040834,0.7629071439951076
WTM,81,tm,79.73076923076923,0.9726977919999626,0.7720008839969523
WTM,82,tm,79.40384615384616,0.976460350000707,0.7593610500043724
WTM,83,tm,79.83653846153847,0.97258190499997,0.754715925999335
WTM,84,tm,78.47115384615385,0.9557513179970556,0.7669564240059117
WTM,85,tm,78.74038461538461,0.971820769002079,0.7614099229977
WTM,86,tm,79.0,0.9791303969977889,0.7774444980022963
WTM,87,tm,79.1923076923077,0.9720210719970055,0.7529827149992343
WTM,88,tm,79.6201923076923,0.9833092110056896,0.7658974000005401
WTM,89,tm,79.8076923076923,0.9529888440010836,0.7613335189962527
WTM,90,tm,78.82692307692307,0.9679261179990135,0.7615995489977649
WTM,91,tm,78.49038461538461,0.9610607380018337,0.7625390850007534
WTM,92,tm,80.6298076923077,0.9618712720039184,0.7826307340001222
WTM,93,tm,80.25,0.971082367002964,0.7588225799991051
WTM,94,tm,79.10576923076923,0.9671877549990313,0.744355249000364
WTM,95,tm,79.51923076923076,0.9707079759973567,0.7507563399994979
WTM,96,tm,78.97115384615384,0.9700339089977206,0.7633959140002844
WTM,97,tm,78.86538461538461,0.9705108469934203,0.7655279999962659
WTM,98,tm,79.64903846153845,0.9541037390008569,0.775865978001093
WTM,99,tm,78.04807692307692,0.9787071789978654,0.7650704039988341
WTM,100,tm,78.09615384615385,0.966537653002888,0.7606894199998351
WTM,101,tm,78.83653846153847,0.9647551930029294,0.7633512469983543
WTM,102,tm,79.07692307692308,0.9611023690013099,0.7683491599964327
WTM,103,tm,80.29326923076923,0.9446555659960723,0.7624742220068583
WTM,104,tm,78.21634615384615,0.9721749090022058,0.7624894760010648
WTM,105,tm,79.69711538461539,0.9746784469971317,0.7628687279939186
WTM,106,tm,79.6923076923077,0.9708647070001462,0.769049675000133
WTM,107,tm,79.6875,0.9652341760011041,0.7663801879971288
WTM,108,tm,79.61538461538461,0.9859081220056396,0.7657278300030157
WTM,109,tm,79.50961538461539,0.9586785529972985,0.7574633240001276
WTM,110,tm,77.80288461538461,0.9525307150033768,0.7622634250001283
WTM,111,tm,78.98076923076923,0.9520004529986181,0.7581423010051367
WTM,112,tm,79.64423076923077,0.9640624969979399,0.7461855610017665
WTM,113,tm,80.33173076923077,0.9613118010020116,0.759476702005486
WTM,114,tm,79.57692307692308,0.9433820470003411,0.754495567001868
WTM,115,tm,79.42788461538461,0.9536979560070904,0.750721012998838
WTM,116,tm,79.96634615384616,0.9592298250063322,0.7690759010001784
WTM,117,tm,78.79326923076924,0.9426681710028788,0.7607568669991451
WTM,118,tm,79.83173076923077,0.9583402299977024,0.7410811549998471
WTM,119,tm,79.60576923076923,0.9573063909992925,0.7604917739954544
WTM,120,tm,78.4326923076923,0.9537542509933701,0.7566299969985266
WTM,121,tm,78.91346153846153,0.949743512996065,0.7634068570041563
WTM,122,tm,79.42307692307692,0.9602601200022036,0.759746231000463
WTM,123,tm,79.625,0.9543699919959181,0.7624890919978498
WTM,124,tm,79.92307692307692,0.9449488030004431,0.7689777129999129
WTM,125,tm,79.50961538461539,0.9503025879967026,0.7745976550068008
WTM,126,tm,79.36538461538461,0.9634343259967864,0.7627927979992819
WTM,127,tm,79.21634615384615,0.9511369149986422,0.7559711909998441
WTM,128,tm,78.38942307692308,0.9482391790006659,0.7768934269988677
WTM,129,tm,79.94711538461539,0.9281795790011529,0.7583857209974667
WTM,130,tm,80.17788461538461,0.952858965996711,0.7558478779974394
WTM,131,tm,78.63461538461539,0.9508980969985714,0.7581860139980563
WTM,132,tm,79.8173076923077,0.9468764589983039,0.7652709879985196
WTM,133,tm,80.61057692307692,0.9551355069997953,0.757055081994622
WTM,134,tm,79.33173076923077,0.9582041329995263,0.7642557299986947
WTM,135,tm,79.6875,0.9507164579990786,0.7612081719998969
WTM,136,tm,79.61057692307692,0.9480072189981001,0.7672636780043831
WTM,137,tm,79.78365384615384,0.9481256810031482,0.7514136859972496
WTM,138,tm,80.11538461538461,0.9381869339995319,0.7643857759976527
WTM,139,tm,78.94711538461539,0.9558219880054821,0.7650371329946211
WTM,140,tm,80.1826923076923,0.93748986999708,0.7643950470010168
WTM,141,tm,79.92788461538461,0.9588085599971237,0.752695062001294
WTM,142,tm,78.17307692307692,0.945141642994713,0.7734194739969098
WTM,143,tm,79.99038461538461,0.9632702019953285,0.7637700240011327
WTM,144,tm,79.95192307692308,0.9375162300057127,0.7581351269982406
WTM,145,tm,80.2451923076923,0.9331199689986533,0.7778002870036289
WTM,146,tm,80.1826923076923,0.9348885579966009,0.765919044999464
WTM,147,tm,80.38461538461539,0.9587977359988145,0.7584749980014749
WTM,148,tm,79.8125,0.9424987120000878,0.7548630890014465
WTM,149,tm,79.66346153846153,0.948335348002729,0.7523460470038117
WTM,150,tm,79.97596153846153,0.9463090520002879,0.7599213549983688
WTM,151,tm,80.09615384615385,0.9402681319988915,0.7708688169950619
WTM,152,tm,80.47596153846153,0.9392002280001179,0.7677898920010193
WTM,153,tm,79.78846153846155,0.9441072330009774,0.766832371999044
WTM,154,tm,80.45673076923077,0.9682348650021595,0.7678660710007534
WTM,155,tm,79.49038461538461,0.9467641420051223,0.7614520710048964
WTM,156,tm,79.53846153846153,0.9357347000041045,0.7666034509966266
WTM,157,tm,79.57211538461539,0.9473520199971972,0.7693984399957117
WTM,158,tm,79.47596153846153,0.9157249809941277,0.7565819259980344
WTM,159,tm,80.66826923076923,0.9329899020012817,0.7565107979971799
WTM,160,tm,80.17307692307692,0.9384227259943145,0.7656361989938887
WTM,161,tm,80.1201923076923,0.9334191390007618,0.7646670479953173
WTM,162,tm,79.32692307692307,0.9315397390018916,0.762194802002341
WTM,163,tm,79.46634615384616,0.9488221700012218,0.7688461590005318
WTM,164,tm,78.25961538461539,0.9334252339976956,0.7612109699985012
WTM,165,tm,79.13461538461539,0.9332949070012546,0.7642176119989017
WTM,166,tm,78.89903846153847,0.952072282001609,0.7753447580034845
WTM,167,tm,78.36057692307692,0.9458460210007615,0.7618244929981302
WTM,168,tm,80.63942307692308,0.934794654000143,0.7675954070000444
WTM,169,tm,80.6298076923077,0.9301506250048988,0.76940932800062
WTM,170,tm,79.46153846153847,0.9378202270017937,0.7649494629949913
WTM,171,tm,80.21153846153845,0.937853551004082,0.7670920499949716
WTM,172,tm,81.2548076923077,0.9332903809990967,0.7649909850006225
WTM,173,tm,80.86057692307692,0.9490950330000487,0.7651428830067744
WTM,174,tm,79.39903846153847,0.9317681000029552,0.7691265819958062
WTM,175,tm,79.32692307692307,0.9392940899997484,0.7697294230019907
WTM,176,tm,79.20673076923077,0.9312257179990411,0.7634597120049875
WTM,177,tm,78.92788461538461,0.9465747289941646,0.7679896720001125
WTM,178,tm,79.90865384615384,0.9320908340014284,0.7628836000003503
WTM,179,tm,80.21634615384615,0.9363097850000486,0.7653376939997543
WTM,180,tm,79.3701923076923,0.9184786140031065,0.7538502919996972
WTM,181,tm,80.21153846153845,0.942097436003678,0.7626889770035632
WTM,182,tm,78.60096153846153,0.9382543460014858,0.7632216439960757
WTM,183,tm,80.82211538461539,0.9398423619932146,0.7744444900017697
WTM,184,tm,79.32692307692307,0.9466272849967936,0.7678615949989762
WTM,185,tm,80.41346153846153,0.9324341699975776,0.767260382999666
WTM,186,tm,79.76923076923077,0.9227868460002355,0.774337602997548
WTM,187,tm,79.74038461538461,0.9449768339982256,0.7699354750002385
WTM,188,tm,80.3798076923077,0.9244376200003899,0.7613866239989875
WTM,189,tm,80.28846153846155,0.9378489680020721,0.7630461579974508
WTM,190,tm,80.15384615384616,0.9182322720007505,0.7704338710027514
WTM,191,tm,81.29807692307692,0.9254833009981667,0.7641467040011776
WTM,192,tm,80.86057692307692,0.921040595996601,0.761216084996704
WTM,193,tm,80.64423076923077,0.9284310770017328,0.7584286659985082
WTM,194,tm,80.625,0.9471985430063796,0.7526372240026831
WTM,195,tm,79.73076923076923,0.9445088360007503,0.7671569590020226
WTM,196,tm,79.92788461538461,0.9328948799957288,0.7691545740017318
WTM,197,tm,80.82211538461539,0.9307504030002747,0.762818219998735
WTM,198,tm,79.33173076923077,0.9239936970043345,0.7619820280015119
WTM,199,tm,81.17307692307692,0.9257532900010119,0.7590587259983295
WTM,200,tm,80.23557692307692,0.9244804920017486,0.7684163300000364
WTM,201,tm,79.97596153846153,0.9295940640004119,0.7619190659970627
WTM,202,tm,80.16346153846153,0.9172879670004477,0.766772912000306
WTM,203,tm,80.14423076923077,0.9244156650020159,0.7551076189993182
WTM,204,tm,80.3125,0.9220953039985034,0.7522994539976935
WTM,205,tm,79.4423076923077,0.9401143210052396,0.7720468370025628
WTM,206,tm,79.20673076923077,0.9195239789987681,0.7541122540060314
WTM,207,tm,80.47596153846153,0.9275423740036786,0.7785312990017701
WTM,208,tm,80.1826923076923,0.9368603229959263,0.7494933399939328
WTM,209,tm,78.70673076923077,0.9338431110008969,0.7557757629983826
WTM,210,tm,80.66826923076923,0.9498736989989993,0.7583674749985221
WTM,211,tm,80.23076923076923,0.933720289998746,0.7583924330028822
WTM,212,tm,79.70673076923077,0.9323788050023722,0.7856340560028912
WTM,213,tm,79.8798076923077,0.9448207030000049,0.7740778529987438
WTM,214,tm,80.6298076923077,0.9373286069967435,0.7579189030002453
WTM,215,tm,79.125,0.9326087759982329,0.7645482100051595
WTM,216,tm,80.375,0.937999399000546,0.7668248250047327
WTM,217,tm,81.0576923076923,0.933073059997696,0.7648425759980455
WTM,218,tm,79.73076923076923,0.9438551060011378,0.7512309180019656
WTM,219,tm,79.78365384615384,0.9287528260028921,0.7624462410021806
WTM,220,tm,80.36538461538461,0.9394110950015602,0.7537579169948003
WTM,221,tm,80.07211538461539,0.9240279639998334,0.7555572700002813
WTM,222,tm,81.13942307692308,0.9216922690029605,0.7540984759980347
WTM,223,tm,80.8173076923077,0.9368058929976542,0.7661355059972266
WTM,224,tm,80.8076923076923,0.9208617990007042,0.776724600000307
WTM,225,tm,78.76923076923077,0.9257708169971011,0.7537595640023937
WTM,226,tm,80.51923076923076,0.9405994349945104,0.7622942329981015
WTM,227,tm,80.875,0.9307132090034429,0.7635623909955029
WTM,228,tm,80.85096153846155,0.9249203739964287,0.7596970469967346
WTM,229,tm,79.75961538461539,0.9204858660013997,0.7570769250014564
WTM,230,tm,78.51442307692308,0.9151153159982641,0.7621619129931787
WTM,231,tm,78.9375,0.9321022649965016,0.7711412259959616
WTM,232,tm,79.98076923076923,0.9319071249992703,0.7563956320009311
WTM,233,tm,80.52403846153847,0.9184349549977924,0.775487687002169
WTM,234,tm,80.6298076923077,0.9200996669969754,0.7570391100016423
WTM,235,tm,80.07692307692308,0.9141496189986356,0.7740429589975975
WTM,236,tm,80.70673076923077,0.9451172439949005,0.7615800639978261
WTM,237,tm,79.1923076923077,0.9304884940065676,0.7682571879995521
WTM,238,tm,80.26923076923077,0.9317955700025777,0.7572819380002329
WTM,239,tm,80.26923076923077,0.9239852230020915,0.7572575029989821
WTM,240,tm,80.4951923076923,0.9154467960033799,0.759389774997544
WTM,241,tm,80.13461538461539,0.9248271129981731,0.760270959995978
WTM,242,tm,80.08173076923077,0.9277293119957903,0.7609808190027252
WTM,243,tm,79.02403846153845,0.9290878169995267,0.7584390990014072
WTM,244,tm,80.11057692307692,0.9234521640028106,0.7652857479988597
WTM,245,tm,81.1298076923077,0.9123969259962905,0.7682446689941571
WTM,246,tm,79.70673076923077,0.9271736350056017,0.7788005380061804
WTM,247,tm,79.58173076923077,0.9063819479997619,0.766131005002535
WTM,248,tm,79.9375,0.9168413709994638,0.7647984919967712
WTM,249,tm,79.42788461538461,0.9216444330013474,0.7598012920061592
WTM,250,tm,80.0673076923077,0.9149477250030031,0.7586658189975424
WTM,251,tm,80.05288461538461,0.9186597189982422,0.7773232879990246
WTM,252,tm,78.8125,0.9237630860006902,0.7578672079980606
WTM,253,tm,80.57211538461539,0.9195810870005516,0.7588333040039288
WTM,254,tm,79.1875,0.9213564980018418,0.766177332996449
WTM,255,tm,80.75,0.9234681759990053,0.7673109940005816
WTM,256,tm,79.4951923076923,0.920495350001147,0.7619802729968796
WTM,257,tm,80.38942307692307,0.9247689950061613,0.7661646929991548
WTM,258,tm,81.53846153846153,0.9441531979973661,0.7690231300002779
WTM,259,tm,79.72596153846155,0.9257544319989393,0.7604711320018396
WTM,260,tm,80.00961538461539,0.9223248499984038,0.7682291750024888
WTM,261,tm,80.66826923076923,0.9224648179952055,0.7744823809989612
WTM,262,tm,79.96153846153847,0.9138728610050748,0.7758491400018102
WTM,263,tm,81.0,0.9064859389982303,0.7625469830018119
WTM,264,tm,80.48076923076923,0.916037344999495,0.7627555789949838
WTM,265,tm,80.74038461538461,0.9231273559998954,0.7752086569962557
WTM,266,tm,80.63461538461539,0.9217710699958843,0.7816699530012556
WTM,267,tm,81.23076923076923,0.9209045589959715,0.773530493999715
WTM,268,tm,80.39423076923077,0.905528483002854,0.7635802389995661
WTM,269,tm,81.40384615384615,0.9284387650041026,0.7562043470024946
WTM,270,tm,79.80288461538461,0.9144790280042798,0.7559292270016158
WTM,271,tm,80.98076923076924,0.9147626560006756,0.7663850610042573
WTM,272,tm,81.47596153846153,0.9111511099981726,0.7643972269943333
WTM,273,tm,81.1201923076923,0.9056073609972373,0.762849318998633
WTM,274,tm,80.51442307692308,0.9122131100011757,0.7642444599987357
WTM,275,tm,79.51923076923076,0.922541933003231,0.7577818970021326
WTM,276,tm,80.14423076923077,0.9196162459993502,0.7508648900038679
WTM,277,tm,79.76923076923077,0.9227722420037026,0.7664539629986393
WTM,278,tm,81.11057692307693,0.8969466290000128,0.7700751999946078
WTM,279,tm,80.26923076923077,0.9207871839971631,0.7615265869972063
WTM,280,tm,80.0048076923077,0.9159404769961839,0.764851487998385
WTM,281,tm,79.86057692307692,0.9152093449956737,0.7706866480002645
WTM,282,tm,80.5625,0.9107686040006229,0.7631140660014353
WTM,283,tm,80.13461538461539,0.9060882910052896,0.7721397269997397
WTM,284,tm,80.27884615384615,0.9186985609994736,0.7635738109966042
WTM,285,tm,80.20673076923077,0.9162598620023346,0.772089922997111
WTM,286,tm,80.63461538461539,0.9351974270030041,0.7564988020021701
WTM,287,tm,80.54326923076923,0.9301024710002821,0.7670259989972692
WTM,288,tm,80.6923076923077,0.9232492340015597,0.7638273710035719
WTM,289,tm,81.01442307692308,0.9073636520042783,0.7624906619967078
WTM,290,tm,80.95192307692308,0.9269900069994037,0.7637264939985471
WTM,291,tm,80.08653846153845,0.9236024300043937,0.75941065299412
WTM,292,tm,79.69711538461539,0.9240534830023535,0.7583159529967816
WTM,293,tm,81.21153846153845,0.9008773189998465,0.7651134719999391
WTM,294,tm,80.46153846153847,0.9124642790047801,0.7697544820039184
WTM,295,tm,80.74038461538461,0.918152033998922,0.7589118179967045
WTM,296,tm,80.98076923076924,0.922140861999651,0.7640950109998812
WTM,297,tm,79.86057692307692,0.9168801740015624,0.7711964720001561
WTM,298,tm,79.3173076923077,0.9049866649947944,0.7703136839991203
WTM,299,tm,80.02403846153847,0.9195488529949216,0.7670177809995948
WTM,300,tm,80.24038461538461,0.9112511799976346,0.7488738620013464
WTM,301,tm,80.54326923076923,0.9161570490032318,0.7618007260025479
WTM,302,tm,80.0625,0.9187472330013406,0.7657383710029535
WTM,303,tm,80.8125,0.9176783150032861,0.7836852449981961
WTM,304,tm,79.4423076923077,0.9089728199978708,0.7743040299974382
WTM,305,tm,81.00961538461539,0.911353670002427,0.7835920899960911
WTM,306,tm,79.7548076923077,0.9076733359979698,0.7644986330051324
WTM,307,tm,79.0,0.9043482699999004,0.7609445399939432
WTM,308,tm,79.67307692307692,0.908339067005727,0.750154745997861
WTM,309,tm,79.39903846153847,0.9205247490026522,0.7602704140008427
WTM,310,tm,79.66826923076923,0.9100179460001527,0.7662094429979334
WTM,311,tm,79.70673076923077,0.8977268500020728,0.7557245529969805
WTM,312,tm,80.26442307692308,0.9172923189980793,0.7614842179973493
WTM,313,tm,80.7451923076923,0.9075029090017779,0.7631668260000879
WTM,314,tm,80.5,0.9094776800047839,0.7707279070018558
WTM,315,tm,80.59134615384616,0.9029845089971786,0.7664225660046213
WTM,316,tm,80.13942307692308,0.9237207530022715,0.7637719579943223
WTM,317,tm,78.1923076923077,0.9078953150019515,0.7851636739942478
WTM,318,tm,79.09615384615385,0.9156268110018573,0.768139402003726
WTM,319,tm,80.23557692307692,0.9039642679999815,0.7623541519933497
WTM,320,tm,81.24038461538461,0.914098498004023,0.7733235459963907
WTM,321,tm,80.67788461538463,0.9226746519998414,0.7715036570007214
WTM,322,tm,79.24038461538461,0.899160666995158,0.7602024730003905
WTM,323,tm,79.57692307692308,0.9140364339982625,0.7800660330030951
WTM,324,tm,80.28365384615384,0.9233203890034929,0.7581224189998466
WTM,325,tm,81.16346153846153,0.9012773709982866,0.7682892219963833
WTM,326,tm,80.27884615384615,0.8995246219928958,0.7791940000024624
WTM,327,tm,79.4375,0.9104117550014053,0.7639276120025897
WTM,328,tm,80.45192307692308,0.924965076999797,0.7602504970054724
WTM,329,tm,80.19711538461539,0.9099897740015876,0.7695264209978632
WTM,330,tm,80.65865384615385,0.909381850004138,0.765108166000573
WTM,331,tm,78.95673076923076,0.9048677159953513,0.7664334020009846
WTM,332,tm,79.54807692307693,0.8952041779994033,0.7696602810028708
WTM,333,tm,80.8701923076923,0.9162865649996093,0.7566079759999411
WTM,334,tm,80.29326923076923,0.9129727529943921,0.7578148760003387
WTM,335,tm,79.38942307692308,0.8994563209998887,0.7782173520026845
WTM,336,tm,79.97596153846153,0.9294006889977027,0.7626274639987969
WTM,337,tm,80.52403846153847,0.9085048240012839,0.7618035199993756
WTM,338,tm,80.7451923076923,0.9112549139972543,0.7712341520018526
WTM,339,tm,79.3701923076923,0.9153546150046168,0.7654267790057929
WTM,340,tm,80.57211538461539,0.9275721049998538,0.7625065210013418
WTM,341,tm,80.8076923076923,0.9100991509985761,0.7665278920030687
WTM,342,tm,81.03365384615384,0.9205096880032215,0.7692179720033891
WTM,343,tm,80.45192307692308,0.915014741003688,0.7579610910033807
WTM,344,tm,80.1201923076923,0.9214244109971332,0.7590799320023507
WTM,345,tm,79.51923076923076,0.9000079379984527,0.7551117580005666
WTM,346,tm,80.34615384615384,0.9130662770039635,0.7603598230052739
WTM,347,tm,80.82211538461539,0.9054198539961362,0.7727456120046554
WTM,348,tm,80.36538461538461,0.9051819439991959,0.7530856619996484
WTM,349,tm,80.55288461538461,0.922969662999094,0.7642999629970291
WTM,350,tm,80.98076923076924,0.9085651579953264,0.7648016669991193
WTM,351,tm,79.9951923076923,0.9088952290039742,0.760891158002778
WTM,352,tm,79.23557692307692,0.912381597001513,0.7674618759992882
WTM,353,tm,80.27884615384615,0.9050153429998318,0.7690006100019673
WTM,354,tm,80.5673076923077,0.9139075450002565,0.7693877159981639
WTM,355,tm,80.50961538461539,0.9211527470033616,0.7649681350012543
WTM,356,tm,79.73557692307692,0.9027816030065878,0.7651213540011668
WTM,357,tm,80.33653846153847,0.9056263390011736,0.7708611939960974
WTM,358,tm,79.2451923076923,0.9053329990056227,0.76207045600313
WTM,359,tm,80.41826923076924,0.8960237319988664,0.7560164960013935
WTM,360,tm,79.76442307692308,0.9067581229974166,0.755098100999021
WTM,361,tm,79.3076923076923,0.9178990010041161,0.7610370760012302
WTM,362,tm,80.6875,0.9133058239967795,0.7643017079972196
WTM,363,tm,80.66346153846153,0.9092449780000607,0.7644950649992097
WTM,364,tm,80.82211538461539,0.9119960730022285,0.765238624997437
WTM,365,tm,79.69711538461539,0.9026150539939408,0.7647452649980551
WTM,366,tm,80.53846153846153,0.910924908996094,0.7635480149983778
WTM,367,tm,80.60576923076923,0.9064342929996201,0.7548439009988215
WTM,368,tm,81.53846153846153,0.9187884029961424,0.7712543430025107
WTM,369,tm,80.90384615384615,0.9097357420032495,0.776628804000211
WTM,370,tm,79.5048076923077,0.9240771010008757,0.7638884940024582
WTM,371,tm,80.8125,0.9127521600021282,0.7734540860037669
WTM,372,tm,80.27884615384615,0.9127285920039867,0.7680083339946577
WTM,373,tm,80.4375,0.9141106859970023,0.7591326019974076
WTM,374,tm,79.96153846153847,0.9051680060001672,0.7623044329957338
WTM,375,tm,78.84134615384616,0.9166285620012786,0.767673782997008
WTM,376,tm,80.82692307692308,0.9152385560009861,0.7479869710005005
WTM,377,tm,81.5,0.9239877360014361,0.7649684119969606
WTM,378,tm,80.34134615384615,0.9067651660006959,0.7612239409936592
WTM,379,tm,80.77884615384615,0.8983789030025946,0.7789721439985442
WTM,380,tm,79.97596153846153,0.910187285997381,0.7615900419987156
WTM,381,tm,79.26442307692308,0.9046020149980905,0.7623479179965216
WTM,382,tm,80.97596153846153,0.919312017998891,0.777322017995175
WTM,383,tm,80.25961538461537,0.9267900620034197,0.772817525001301
WTM,384,tm,79.82211538461539,0.9065975549965515,0.7689324609964387
WTM,385,tm,80.32211538461539,0.9096253270035959,0.7670696049972321
WTM,386,tm,81.42788461538461,0.9179388429984101,0.761441451999417
WTM,387,tm,80.27403846153847,0.8998514730046736,0.7601622459987993
WTM,388,tm,81.09615384615385,0.9100864569991245,0.7773197849965072
WTM,389,tm,81.03365384615384,0.9116343300047447,0.7615794119992643
WTM,390,tm,79.91346153846153,0.8913996870032861,0.7661403469974175
WTM,391,tm,80.40865384615384,0.9133942980042775,0.7777771649998613
WTM,392,tm,80.1875,0.916136275001918,0.7660285370002384
WTM,393,tm,80.48557692307692,0.9134506109985523,0.7635472920010216
WTM,394,tm,79.82692307692307,0.9159953749986016,0.763665566999407
WTM,395,tm,80.02403846153847,0.9165728669977398,0.7621931159956148
WTM,396,tm,80.14903846153845,0.901938054994389,0.7658976770035224
WTM,397,tm,80.4375,0.9053719650037237,0.7538164599973243
WTM,398,tm,80.00961538461539,0.9130387059994973,0.760513451998122
WTM,399,tm,81.00961538461539,0.9120825659992988,0.7563097039965214
WTM,400,tm,81.29807692307692,0.9153109460021369,0.7827606939972611
WTM,401,tm,80.35576923076924,0.9049425400007749,0.7665053890013951
WTM,402,tm,80.41346153846153,0.9145766310030012,0.7530080180004006
WTM,403,tm,80.8076923076923,0.9155215819992009,0.7728156400044099
WTM,404,tm,80.88942307692307,0.9360676560027059,0.7658489550012746
WTM,405,tm,80.6826923076923,0.9052019039954757,0.7735582500026794
WTM,406,tm,80.07692307692308,0.892324770000414,0.7583492900012061
WTM,407,tm,80.375,0.9078274510029587,0.7743163840059424
WTM,408,tm,80.52403846153847,0.895049774000654,0.7719799810001859
WTM,409,tm,80.02403846153847,0.9091074319949257,0.769178232003469
WTM,410,tm,80.98076923076924,0.9074853479978628,0.7702799780017813
WTM,411,tm,80.45673076923077,0.9203954530021292,0.7637955509999301
WTM,412,tm,81.15865384615385,0.9167837649947614,0.7646934809963568
WTM,413,tm,79.77403846153847,0.8932720140001038,0.7670119470058125
WTM,414,tm,80.66346153846153,0.9056695510007557,0.7681399449938908
WTM,415,tm,80.80288461538461,0.9067911079982878,0.7708100539966836
WTM,416,tm,81.22115384615385,0.9094822839979315,0.7625624419961241
WTM,417,tm,81.42788461538461,0.9040674130010302,0.7855897850022302
WTM,418,tm,80.98557692307692,0.8884124969990808,0.7646261389963911
WTM,419,tm,80.77403846153847,0.9235168750019511,0.7643165269983001
WTM,420,tm,80.60576923076923,0.9215932010047254,0.7677304850003566
WTM,421,tm,80.5,0.9113768980023451,0.7625020410050638
WTM,422,tm,80.42307692307692,0.8992619650016422,0.7593057519989088
WTM,423,tm,80.6875,0.9132983070012415,0.7611073200023384
WTM,424,tm,80.79326923076923,0.9012621709989617,0.7612957140008803
WTM,425,tm,80.90384615384615,0.8971721039997647,0.7553905519962427
WTM,426,tm,80.78846153846155,0.8998019850041601,0.7678680890021496
WTM,427,tm,80.75,0.9145472129966947,0.7546839550050208
WTM,428,tm,81.6201923076923,0.9073905140030547,0.7649027770021348
WTM,429,tm,80.3798076923077,0.9075426120034535,0.7610414320006385
WTM,430,tm,80.20673076923077,0.9100687999962247,0.7652317739994032
WTM,431,tm,81.55288461538461,0.920804567002051,0.77441072199872
WTM,432,tm,80.94711538461539,0.9044730850000633,0.7755629380044411
WTM,433,tm,80.23557692307692,0.9185947890000534,0.7649371669976972
WTM,434,tm,81.0048076923077,0.926517074003641,0.7545453450002242
WTM,435,tm,81.20673076923077,0.9053478839996387,0.7633746060018893
WTM,436,tm,81.19711538461539,0.9049378269992303,0.7649298469987116
WTM,437,tm,81.90865384615384,0.9031604409974534,0.7617268019967014
WTM,438,tm,81.83173076923077,0.9185191530050361,0.7616141809994588
WTM,439,tm,80.80288461538461,0.9053685480030254,0.7653799799954868
WTM,440,tm,79.98076923076923,0.9090449899958912,0.7595777590031503
WTM,441,tm,81.23557692307692,0.9121409759973176,0.7730798120028339
WTM,442,tm,79.33653846153847,0.903256120000151,0.7704713359999005
WTM,443,tm,80.71634615384615,0.9113587780011585,0.7710971780034015
WTM,444,tm,81.1875,0.907410808998975,0.770306366001023
WTM,445,tm,81.1826923076923,0.9087461300005089,0.7635307149976143
WTM,446,tm,81.4326923076923,0.9079611480046879,0.7591337319972808
WTM,447,tm,81.0625,0.907198786000663,0.7693057220021728
WTM,448,tm,81.34134615384615,0.8970924649984227,0.7608733619999839
WTM,449,tm,80.5673076923077,0.9078712929986068,0.7780418320035096
WTM,450,tm,80.54807692307693,0.9170266059954884,0.757793930999469
WTM,451,tm,80.95673076923077,0.9149137330023223,0.7661282499975641
WTM,452,tm,79.70673076923077,0.9014865149947582,0.7624728540031356
WTM,453,tm,81.48557692307692,0.9045794750054483,0.757814614000381
WTM,454,tm,80.97115384615384,0.9136747540032957,0.7702899819996674
WTM,455,tm,79.76923076923077,0.9099077959981514,0.7578859310015105
WTM,456,tm,80.72115384615385,0.9030216940009268,0.7637173510011053
WTM,457,tm,80.8701923076923,0.913094795003417,0.7515217409963952
WTM,458,tm,79.34615384615384,0.8950695029998315,0.7617443469935097
WTM,459,tm,81.09615384615385,0.9023590970027726,0.7727343180013122
WTM,460,tm,80.61538461538461,0.9093218139969395,0.7660768790010479
WTM,461,tm,80.35576923076924,0.9101607389966375,0.7571333439991577
WTM,462,tm,81.2451923076923,0.9037567100021988,0.7657681569980923
WTM,463,tm,80.45673076923077,0.8927957069972763,0.7727367699990282
WTM,464,tm,79.05288461538461,0.9110875589976786,0.7604269410003326
WTM,465,tm,79.90865384615384,0.8983718309973483,0.76397092800471
WTM,466,tm,81.20673076923077,0.8998709640000015,0.7680884259971208
WTM,467,tm,80.01442307692308,0.906091185999685,0.7747887199948309
WTM,468,tm,81.5,0.9047981580006308,0.7717010060005123
WTM,469,tm,80.78846153846155,0.89962613699754,0.7724788159976015
WTM,470,tm,81.22115384615385,0.8902125250024255,0.7638696930007427
WTM,471,tm,79.91826923076924,0.9046359769999981,0.7487195879948558
WTM,472,tm,80.79807692307692,0.8978111499964143,0.7693886739943991
WTM,473,tm,81.21634615384615,0.9253011059990968,0.7689451010010089
WTM,474,tm,80.5576923076923,0.8740759409993188,0.7544772389956051
WTM,475,tm,81.04326923076923,0.9049466780052171,0.7703202639968367
WTM,476,tm,81.20673076923077,0.9000753660002374,0.7607952969992766
WTM,477,tm,81.11538461538461,0.9136258010039455,0.7709741220023716
WTM,478,tm,81.66826923076923,0.8851728930021636,0.7783569490056834
WTM,479,tm,81.29326923076923,0.9176662130048499,0.75187010600348
WTM,480,tm,80.5048076923077,0.9017872360054753,0.7652969279952231
WTM,481,tm,80.76923076923077,0.8936431940019247,0.7685403899959056
WTM,482,tm,80.85576923076923,0.9017301610001596,0.7690282419935102
WTM,483,tm,80.8701923076923,0.8939838229998713,0.7656418779952219
WTM,484,tm,80.6298076923077,0.8942426060020807,0.764787587999308
WTM,485,tm,80.49038461538461,0.9039158349987702,0.765197017994069
WTM,486,tm,80.5048076923077,0.9021711329987738,0.7665923949971329
WTM,487,tm,81.16826923076923,0.8976877880049869,0.7685398220055504
WTM,488,tm,80.4375,0.9062599219978438,0.7641465440028696
WTM,489,tm,81.5048076923077,0.8961002750002081,0.7660821570025291
WTM,490,tm,80.4326923076923,0.9040559569984907,0.7682431240027654
WTM,491,tm,81.8125,0.8991930010015494,0.7733423570025479
WTM,492,tm,79.875,0.8944673220030381,0.7642875160017866
WTM,493,tm,81.77884615384615,0.9003228469955502,0.7680678489996353
WTM,494,tm,81.08653846153845,0.9035872599997674,0.765386284001579
WTM,495,tm,80.63942307692308,0.9194710800002213,0.7643842320030672
WTM,496,tm,80.64423076923077,0.9089333680021809,0.7681439389998559
WTM,497,tm,81.34134615384615,0.909186534001492,0.7648837320011808
WTM,498,tm,80.89903846153847,0.9119752900005551,0.7769073159943218
WTM,499,tm,80.58653846153845,0.9052076549996855,0.7733676130010281
WTM,500,tm,80.5576923076923,0.9123485759992036,0.7606421839955146
WTM-NN,1,tm,63.84615384615384,1.9071496589967865,0.731408437997743
WTM-NN,2,tm,66.8076923076923,1.5947389850043692,0.743002939998405
WTM-NN,3,tm,69.5,1.4681416890016408,0.7243584180032485
WTM-NN,4,tm,70.88461538461537,1.4038930130045628,0.7339959160017315
WTM-NN,5,tm,72.6875,1.356781697999395,0.7527083210006822
WTM-NN,6,tm,73.13461538461539,1.3346803229942452,0.7481592440017266
WTM-NN,7,tm,70.84615384615385,1.3145669009973062,0.7449333659969852
WTM-NN,8,tm,73.01442307692308,1.3025660580024123,0.7613621039999998
WTM-NN,9,tm,73.3701923076923,1.251484894004534,0.7528129549973528
WTM-NN,10,tm,73.64903846153847,1.236556844000006,0.7395548799977405
WTM-NN,11,tm,75.95192307692308,1.2260466649968293,0.7505205999987083
WTM-NN,12,tm,75.46153846153845,1.2042967050001607,0.7461861850024434
WTM-NN,13,tm,72.88942307692308,1.1801727120036958,0.7514351670033648
WTM-NN,14,tm,75.29326923076923,1.1807127189968014,0.7525137920019915
WTM-NN,15,tm,75.24038461538461,1.1563102029977017,0.7618818760020076
WTM-NN,16,tm,74.59134615384615,1.1567322929986403,0.7425703959961538
WTM-NN,17,tm,76.85096153846153,1.1450573969996185,0.7754712690002634
WTM-NN,18,tm,75.76923076923077,1.1512342389978585,0.7540007659990806
WTM-NN,19,tm,75.67788461538461,1.1258761190038058,0.7486012129957089
WTM-NN,20,tm,76.60576923076923,1.129554986000585,0.7775026630042703
WTM-NN,21,tm,76.75,1.1222360850006226,0.7508592269950896
WTM-NN,22,tm,76.70673076923077,1.1207317829976091,0.7621671820015763
WTM-NN,23,tm,77.14903846153847,1.1221123959985562,0.7543965209988528
WTM-NN,24,tm,75.28846153846153,1.1050554100002046,0.7582044390001101
WTM-NN,25,tm,76.23557692307692,1.0954387999954633,0.751878177994513
WTM-NN,26,tm,74.9423076923077,1.0856394110014662,0.754164411999227
WTM-NN,27,tm,76.0,1.0897436299928813,0.7557932609997806
WTM-NN,28,tm,77.1201923076923,1.0882441459980328,0.754957185999956
WTM-NN,29,tm,76.32211538461539,1.1070600460006972,0.7537652419996448
WTM-NN,30,tm,77.96634615384616,1.0652314809995005,0.7631096309996792
WTM-NN,31,tm,75.92788461538461,1.0657135310029844,0.7592336969973985
WTM-NN,32,tm,77.49038461538461,1.0724463959995774,0.7540516029985156
WTM-NN,33,tm,76.6826923076923,1.0688043190020835,0.7635803380035213
WTM-NN,34,tm,78.15865384615385,1.0633146230029524,0.7561613890065928
WTM-NN,35,tm,78.125,1.0553188620033325,0.7532437469999422
WTM-NN,36,tm,78.36057692307692,1.0702365990000544,0.7486480119987391
WTM-NN,37,tm,77.63461538461539,1.034590629999002,0.7449250869976822
WTM-NN,38,tm,75.8125,1.0549539969942998,0.7585397859947989
WTM-NN,39,tm,76.8125,1.0749088290031068,0.7662202709980193
WTM-NN,40,tm,78.42307692307692,1.0496710270017502,0.7582046530005755
WTM-NN,41,tm,77.55288461538463,1.0314959210008965,0.7616686209948966
WTM-NN,42,tm,78.29807692307692,1.0240366650032229,0.7655052189948037
WTM-NN,43,tm,75.96153846153845,1.0344629890023498,0.758059776002483
WTM-NN,44,tm,78.5,1.019566210998164,0.7698230199966929
WTM-NN,45,tm,78.46634615384616,1.0187799589984934,0.7581688369973563
WTM-NN,46,tm,77.92788461538461,1.0205615700033377,0.7662397310050437
WTM-NN,47,tm,77.94711538461539,1.0244236170037766,0.7563208830033545
WTM-NN,48,tm,78.86057692307692,1.0384823319982388,0.761452779006504
WTM-NN,49,tm,78.39423076923076,1.0165650640046806,0.7439900360041065
WTM-NN,50,tm,78.34134615384616,1.0208706480043475,0.7623923530045431
WTM-NN,51,tm,77.4951923076923,1.026056492002681,0.7596597949959687
WTM-NN,52,tm,77.95673076923076,1.0149120450005285,0.754771512998559
WTM-NN,53,tm,78.85576923076924,1.0174931300061871,0.7680620899991482
WTM-NN,54,tm,77.95192307692308,1.0070360640020226,0.7519477090027067
WTM-NN,55,tm,78.35576923076924,1.031971459997294,0.7611933160005719
WTM-NN,56,tm,78.22596153846155,1.0039745090034558,0.7562769950018264
WTM-NN,57,tm,79.49038461538461,1.0200776569981826,0.7517343880026601
WTM-NN,58,tm,77.88942307692308,0.9995337849977659,0.7591663739949581
WTM-NN,59,tm,79.27884615384615,1.0013054800001555,0.7569596329994965
WTM-NN,60,tm,78.24038461538461,1.0094217029982246,0.7637914380029542
WTM-NN,61,tm,78.6875,0.9867550999988453,0.7630177780010854
WTM-NN,62,tm,77.8798076923077,1.0161689439992188,0.7487091319999308
WTM-NN,63,tm,78.42788461538461,1.0050078749991371,0.7592916330031585
WTM-NN,64,tm,78.95673076923076,1.0081170330013265,0.7626161060034065
WTM-NN,65,tm,78.98076923076923,0.9800747970002703,0.772107656004664
WTM-NN,66,tm,79.85576923076924,0.9923785680002766,0.7625307330017677
WTM-NN,67,tm,79.11057692307692,1.011653882000246,0.7641418810017058
WTM-NN,68,tm,79.04326923076923,0.9872916450040066,0.7819016159992316
WTM-NN,69,tm,78.78365384615384,0.9804976369996439,0.7573304200050188
WTM-NN,70,tm,78.42788461538461,0.975222439999925,0.7631411609982024
WTM-NN,71,tm,79.02403846153845,0.9905439610010944,0.7589849610012607
WTM-NN,72,tm,80.4375,0.9939841579980566,0.7545132349987398
WTM-NN,73,tm,78.875,0.9885335159997339,0.7581651660002535
WTM-NN,74,tm,77.13461538461537,0.9796422709987382,0.7567962979956064
WTM-NN,75,tm,79.1875,0.9763630180023029,0.761873244002345
WTM-NN,76,tm,79.48557692307693,0.9822014460005448,0.7542428009983269
WTM-NN,77,tm,78.17788461538461,0.9833653189998586,0.7598438880013418
WTM-NN,78,tm,79.09134615384616,0.9780066410021391,0.7693881189989042
WTM-NN,79,tm,79.10096153846153,0.9808600550022675,0.7676482570022927
WTM-NN,80,tm,79.6826923076923,0.9666297330040834,0.7629071439951076
WTM-NN,81,tm,79.73076923076923,0.9726977919999626,0.7720008839969523
WTM-NN,82,tm,79.40384615384616,0.976460350000707,0.7593610500043724
WTM-NN,83,tm,79.83653846153847,0.97258190499997,0.754715925999335
WTM-NN,84,tm,78.47115384615385,0.9557513179970556,0.7669564240059117
WTM-NN,85,tm,78.74038461538461,0.971820769002079,0.7614099229977
WTM-NN,86,tm,79.0,0.9791303969977889,0.7774444980022963
WTM-NN,87,tm,79.1923076923077,0.9720210719970055,0.7529827149992343
WTM-NN,88,tm,79.6201923076923,0.9833092110056896,0.7658974000005401
WTM-NN,89,tm,79.8076923076923,0.9529888440010836,0.7613335189962527
WTM-NN,90,tm,78.82692307692307,0.9679261179990135,0.7615995489977649
WTM-NN,91,tm,78.49038461538461,0.9610607380018337,0.7625390850007534
WTM-NN,92,tm,80.6298076923077,0.9618712720039184,0.7826307340001222
WTM-NN,93,tm,80.25,0.971082367002964,0.7588225799991051
WTM-NN,94,tm,79.10576923076923,0.9671877549990313,0.744355249000364
WTM-NN,95,tm,79.51923076923076,0.9707079759973567,0.7507563399994979
WTM-NN,96,tm,78.97115384615384,0.9700339089977206,0.7633959140002844
WTM-NN,97,tm,78.86538461538461,0.9705108469934203,0.7655279999962659
WTM-NN,98,tm,79.64903846153845,0.9541037390008569,0.775865978001093
WTM-NN,99,tm,78.04807692307692,0.9787071789978654,0.7650704039988341
WTM-NN,100,tm,78.09615384615385,0.966537653002888,0.7606894199998351
WTM-NN,101,tm,78.83653846153847,0.9647551930029294,0.7633512469983543
WTM-NN,102,tm,79.07692307692308,0.9611023690013099,0.7683491599964327
WTM-NN,103,tm,80.29326923076923,0.9446555659960723,0.7624742220068583
WTM-NN,104,tm,78.21634615384615,0.9721749090022058,0.7624894760010648
WTM-NN,105,tm,79.69711538461539,0.9746784469971317,0.7628687279939186
WTM-NN,106,tm,79.6923076923077,0.9708647070001462,0.769049675000133
WTM-NN,107,tm,79.6875,0.9652341760011041,0.7663801879971288
WTM-NN,108,tm,79.61538461538461,0.9859081220056396,0.7657278300030157
WTM-NN,109,tm,79.50961538461539,0.9586785529972985,0.7574633240001276
WTM-NN,110,tm,77.80288461538461,0.9525307150033768,0.7622634250001283
WTM-NN,111,tm,78.98076923076923,0.9520004529986181,0.7581423010051367
WTM-NN,112,tm,79.64423076923077,0.9640624969979399,0.7461855610017665
WTM-NN,113,tm,80.33173076923077,0.9613118010020116,0.759476702005486
WTM-NN,114,tm,79.57692307692308,0.9433820470003411,0.754495567001868
WTM-NN,115,tm,79.42788461538461,0.9536979560070904,0.750721012998838
WTM-NN,116,tm,79.96634615384616,0.9592298250063322,0.7690759010001784
WTM-NN,117,tm,78.79326923076924,0.9426681710028788,0.7607568669991451
WTM-NN,118,tm,79.83173076923077,0.9583402299977024,0.7410811549998471
WTM-NN,119,tm,79.60576923076923,0.9573063909992925,0.7604917739954544
WTM-NN,120,tm,78.4326923076923,0.9537542509933701,0.7566299969985266
WTM-NN,121,tm,78.91346153846153,0.949743512996065,0.7634068570041563
WTM-NN,122,tm,79.42307692307692,0.9602601200022036,0.759746231000463
WTM-NN,123,tm,79.625,0.9543699919959181,0.7624890919978498
WTM-NN,124,tm,79.92307692307692,0.9449488030004431,0.7689777129999129
WTM-NN,125,tm,79.50961538461539,0.9503025879967026,0.7745976550068008
WTM-NN,126,tm,79.36538461538461,0.9634343259967864,0.7627927979992819
WTM-NN,127,tm,79.21634615384615,0.9511369149986422,0.7559711909998441
WTM-NN,128,tm,78.38942307692308,0.9482391790006659,0.7768934269988677
WTM-NN,129,tm,79.94711538461539,0.9281795790011529,0.7583857209974667
WTM-NN,130,tm,80.17788461538461,0.952858965996711,0.7558478779974394
WTM-NN,131,tm,78.63461538461539,0.9508980969985714,0.7581860139980563
WTM-NN,132,tm,79.8173076923077,0.9468764589983039,0.7652709879985196
WTM-NN,133,tm,80.61057692307692,0.9551355069997953,0.757055081994622
WTM-NN,134,tm,79.33173076923077,0.9582041329995263,0.7642557299986947
WTM-NN,135,tm,79.6875,0.9507164579990786,0.7612081719998969
WTM-NN,136,tm,79.61057692307692,0.9480072189981001,0.7672636780043831
WTM-NN,137,tm,79.78365384615384,0.9481256810031482,0.7514136859972496
WTM-NN,138,tm,80.11538461538461,0.9381869339995319,0.7643857759976527
WTM-NN,139,tm,78.94711538461539,0.9558219880054821,0.7650371329946211
WTM-NN,140,tm,80.1826923076923,0.93748986999708,0.7643950470010168
WTM-NN,141,tm,79.92788461538461,0.9588085599971237,0.752695062001294
WTM-NN,142,tm,78.17307692307692,0.945141642994713,0.7734194739969098
WTM-NN,143,tm,79.99038461538461,0.9632702019953285,0.7637700240011327
WTM-NN,144,tm,79.95192307692308,0.9375162300057127,0.7581351269982406
WTM-NN,145,tm,80.2451923076923,0.9331199689986533,0.7778002870036289
WTM-NN,146,tm,80.1826923076923,0.9348885579966009,0.765919044999464
WTM-NN,147,tm,80.38461538461539,0.9587977359988145,0.7584749980014749
WTM-NN,148,tm,79.8125,0.9424987120000878,0.7548630890014465
WTM-NN,149,tm,79.66346153846153,0.948335348002729,0.7523460470038117
WTM-NN,150,tm,79.97596153846153,0.9463090520002879,0.7599213549983688
WTM-NN,151,nn,85.17788461538461,0.6060823849984445,0.7795664299992495
WTM-NN,152,nn,85.35576923076923,0.5851646270020865,0.7669061609994969
WTM-NN,153,nn,85.30288461538461,0.6426166450037272,0.7788899860024685
WTM-NN,154,nn,85.24038461538461,0.570989666004607,0.7662812640046468
WTM-NN,155,nn,85.17307692307692,0.6366468010019162,0.7705473280002479
WTM-NN,156,nn,85.3173076923077,0.5856645599997137,0.7695508780016098
WTM-NN,157,nn,84.92307692307692,0.6382228119982756,0.764466212996922
WTM-NN,158,nn,85.04326923076924,0.5939018740027677,0.7685116520005977
WTM-NN,159,nn,85.14903846153847,0.6371499579981901,0.765873272997851
WTM-NN,160,nn,84.9326923076923,0.5877832400001353,0.7682509699952789
WTM-NN,161,nn,85.0,0.6382262859988259,0.7858648080000421
WTM-NN,162,nn,85.19711538461539,0.5604605279950192,0.7626558229967486
WTM-NN,163,nn,85.09615384615384,0.62668740600202,0.7669403969994164
WTM-NN,164,nn,85.11057692307692,0.5918180879962165,0.795300051002414
WTM-NN,165,nn,85.03846153846155,0.6210040569931152,0.7837642809972749
WTM-NN,166,nn,84.98557692307692,0.5953440080047585,0.7742078059964115
WTM-NN,167,nn,85.0,0.6393247219966725,0.7786471200015512
WTM-NN,168,nn,85.04326923076924,0.5848796580030466,0.7712542169974768
WTM-NN,169,nn,85.02403846153847,0.6434006899944507,0.7842883039993467
WTM-NN,170,nn,85.08653846153847,0.5835861270024907,0.7576882810026291
WTM-NN,171,nn,85.04807692307692,0.6421891299978597,0.7650496540009044
WTM-NN,172,nn,84.98076923076923,0.5953194489993621,0.7814539279934252
WTM-NN,173,nn,84.91826923076923,0.6113673820000258,0.7763979390001623
WTM-NN,174,nn,85.01442307692308,0.5946851949993288,0.7738832230024855
WTM-NN,175,nn,84.95192307692308,0.6304836490016896,0.7659202610011562
WTM-NN,176,nn,84.86538461538461,0.5876063360046828,0.7651345029953518
WTM-NN,177,nn,85.07692307692307,0.6425293739957851,0.7671403950007516
WTM-NN,178,nn,84.97596153846155,0.5794774750029319,0.7725882539962186
WTM-NN,179,nn,85.08653846153847,0.6428024429988,0.7781069759948878
WTM-NN,180,nn,85.11057692307692,0.5870118070015451,0.7737154189962894
WTM-NN,181,nn,84.89903846153845,0.6379031229953398,0.7688352869954542
WTM-NN,182,nn,85.0048076923077,0.5837653410053463,0.7751906229968881
WTM-NN,183,nn,85.09615384615384,0.6348118309979327,0.7733736530062743
WTM-NN,184,nn,85.08173076923077,0.591239264998876,0.7692622489994392
WTM-NN,185,nn,84.88942307692308,0.6419043710047845,0.7819580919967848
WTM-NN,186,nn,84.73076923076923,0.5783898449953995,0.7642304629989667
WTM-NN,187,nn,84.96634615384615,0.6354090630047722,0.7640546820039162
WTM-NN,188,nn,84.9951923076923,0.5877501100039808,0.7795447199969203
WTM-NN,189,nn,85.00961538461539,0.6348053209949285,0.7813483470017673
WTM-NN,190,nn,84.9423076923077,0.5852913440030534,0.7650277689972427
WTM-NN,191,nn,84.83173076923077,0.5722122880033567,0.7670054400005029
WTM-NN,192,nn,84.9951923076923,0.5235169510051492,0.7788346870001988
WTM-NN,193,nn,84.82692307692308,0.5768764720050967,0.7717115670020576
WTM-NN,194,nn,85.0576923076923,0.5826205449993722,0.7682781269977568
WTM-NN,195,nn,85.14903846153847,0.638476930995239,0.7632651000021724
WTM-NN,196,nn,85.08653846153847,0.5909213240011013,0.7750480770046124
WTM-NN,197,nn,85.23557692307693,0.6395996290011681,0.7693538489984348
WTM-NN,198,nn,84.94711538461537,0.5854103349993238,0.7783340320020216
WTM-NN,199,nn,84.99038461538461,0.6377499049995095,0.7693328429959365
WTM-NN,200,nn,85.16826923076923,0.5840942110007745,0.7717147510047653
WTM-NN,201,nn,85.05288461538461,0.6437821850049659,0.7712956789982854
WTM-NN,202,nn,85.17788461538461,0.5666362110059708,0.7658824609970907
WTM-NN,203,nn,84.88942307692308,0.6547863140003756,0.7699698729993543
WTM-NN,204,nn,85.1201923076923,0.592109076998895,0.7765819979977095
WTM-NN,205,nn,85.00961538461539,0.6346758200015756,0.7741340869979467
WTM-NN,206,nn,85.0625,0.5907189640056458,0.7829600580007536
WTM-NN,207,nn,85.16346153846153,0.5716241159971105,0.7796282940034871
WTM-NN,208,nn,85.10576923076924,0.5269483320007566,0.7658161470026243
WTM-NN,209,nn,85.14423076923077,0.6357306790014263,0.7744706219964428
WTM-NN,210,nn,85.16346153846153,0.5810610190019361,0.7572625149987289
WTM-NN,211,nn,84.98557692307692,0.6081635570008075,0.7798824080018676
WTM-NN,212,nn,85.21634615384616,0.5871676750030019,0.7759332810019259
WTM-NN,213,nn,85.1201923076923,0.6388603169980342,0.7643733180011623
WTM-NN,214,nn,85.3076923076923,0.5866097839971189,0.7667168160041911
WTM-NN,215,nn,85.25961538461539,0.6371799620028469,0.7588513720038463
WTM-NN,216,nn,85.0625,0.5846786210022401,0.7719928680016892
WTM-NN,217,nn,85.26442307692308,0.6440870850055944,0.7790978359989822
WTM-NN,218,nn,85.13461538461539,0.5814035779985716,0.7641593779990217
WTM-NN,219,nn,85.17788461538461,0.624367100004747,0.7695874159981031
WTM-NN,220,nn,85.1875,0.5933717270017951,0.7753511619957862
WTM-NN,221,nn,85.17307692307692,0.6433977819979191,0.7725794430007227
WTM-NN,222,nn,85.23557692307693,0.5806348570040427,0.7669293420040049
WTM-NN,223,nn,85.14423076923077,0.5974854349988163,0.7620417420039303
WTM-NN,224,nn,85.2451923076923,0.5906793519970961,0.7798262400028761
WTM-NN,225,nn,85.07211538461539,0.6372157899968443,0.7820412319997558
WTM-NN,226,nn,85.24038461538461,0.5818415880057728,0.766546496997762
WTM-NN,227,nn,85.19711538461539,0.6316471780010033,0.7875243919988861
WTM-NN,228,nn,85.40384615384615,0.5780803970046691,0.7727618330027326
WTM-NN,229,nn,85.375,0.590802407998126,0.7522605220001424
WTM-NN,230,nn,85.33653846153845,0.524645010002132,0.7738284500010195
WTM-NN,231,nn,85.29326923076923,0.5714438279974274,0.7636952699976973
WTM-NN,232,nn,85.17307692307692,0.5651939460003632,0.766683316003764
WTM-NN,233,nn,85.27884615384616,0.6385594610037515,0.7676357220043428
WTM-NN,234,nn,85.34615384615385,0.5698391670011915,0.7737033610028448
WTM-NN,235,nn,85.28846153846153,0.6284803390008165,0.759879893004836
WTM-NN,236,nn,85.27403846153845,0.590452219999861,0.7788894699988305
WTM-NN,237,nn,85.27403846153845,0.6154524070007028,0.7657538679995923
WTM-NN,238,nn,85.32692307692308,0.5850977590016555,0.7754457800037926
WTM-NN,239,nn,85.14903846153847,0.6388178130000597,0.7678526360032265
WTM-NN,240,nn,85.3076923076923,0.5279589559941087,0.7591326690017013
WTM-NN,241,nn,85.23076923076923,0.5797850279996055,0.7833850609968067
WTM-NN,242,nn,85.35096153846153,0.5230966879971675,0.7741371329975664
WTM-NN,243,nn,85.44711538461539,0.6131528280020575,0.7605015299996012
WTM-NN,244,nn,85.21153846153847,0.5843357929988997,0.773066589004884
WTM-NN,245,nn,85.32211538461539,0.6365201879962115,0.7716973579954356
WTM-NN,246,nn,85.32692307692308,0.5213277309958357,0.766897618996154
WTM-NN,247,nn,85.40384615384615,0.5766773799987277,0.7854242390021682
WTM-NN,248,nn,85.60576923076924,0.5224123959997087,0.768095943996741
WTM-NN,249,nn,85.22115384615384,0.6300533559988253,0.7563160789941321
WTM-NN,250,nn,85.35576923076923,0.5273223319964018,0.7724571229991852
WTM-NN,251,nn,85.21634615384616,0.570798275002744,0.7649665130011272
WTM-NN,252,nn,85.42788461538461,0.525890746001096,0.7661961710036849
WTM-NN,253,nn,85.27884615384616,0.574237123997591,0.7772062509975513
WTM-NN,254,nn,85.28365384615385,0.5821724010020262,0.7690885389965842
WTM-NN,255,nn,85.33173076923077,0.6225571250033681,0.7797064010010217
WTM-NN,256,nn,85.44711538461539,0.5444888619967969,0.7757853489965783
WTM-NN,257,nn,85.03846153846155,0.6359176379992277,0.7654983680040459
WTM-NN,258,nn,85.27403846153845,0.5852579380007228,0.767035245000443
WTM-NN,259,nn,85.20673076923076,0.6360094060000847,0.7674002109997673
WTM-NN,260,nn,85.3173076923077,0.5247722450003494,0.7701582119989325
WTM-NN,261,nn,85.29326923076923,0.5817642149995663,0.7706588029977866
WTM-NN,262,nn,85.2548076923077,0.570633903000271,0.7781241170014255
WTM-NN,263,nn,85.48076923076923,0.6337773529958213,0.7652816580011859
WTM-NN,264,nn,85.125,0.56062591799855,0.7679954779960099
WTM-NN,265,nn,85.48076923076923,0.5887123400025303,0.7760819780014572
WTM-NN,266,nn,85.50961538461539,0.5593968920002226,0.7718150300061097
WTM-NN,267,nn,85.3076923076923,0.6324779299975489,0.7625347779976437
WTM-NN,268,nn,85.26442307692308,0.583936007002194,0.7865469329990447
WTM-NN,269,nn,85.40384615384615,0.636992025996733,0.7761744450035621
WTM-NN,270,nn,85.47115384615384,0.5531823860001168,0.7680702259967802
WTM-NN,271,nn,85.3125,0.5724810779938707,0.7850484529990354
WTM-NN,272,nn,85.3798076923077,0.5881897389990627,0.7746214500002679
WTM-NN,273,nn,85.27884615384616,0.6284587799964356,0.7787531750000198
WTM-NN,274,nn,85.2451923076923,0.5214050229988061,0.7901932890017633
WTM-NN,275,nn,85.46153846153847,0.570493584003998,0.774764249996224
WTM-NN,276,nn,85.30288461538461,0.5272034570007236,0.7750588380004046
WTM-NN,277,nn,85.49038461538461,0.575635223001882,0.7662503159954213
WTM-NN,278,nn,85.36057692307692,0.5221661910036346,0.7636267979978584
WTM-NN,279,nn,85.5625,0.6348507829970913,0.7658273770066444
WTM-NN,280,nn,85.3076923076923,0.5883618939988082,0.7804257319949102
WTM-NN,281,nn,85.45673076923077,0.5810714949984686,0.7784207189979497
WTM-NN,282,nn,85.38461538461539,0.5704774780024309,0.7856519560009474
WTM-NN,283,nn,85.48557692307692,0.6386132260013255,0.7727562620057142
WTM-NN,284,nn,85.47115384615384,0.5758291310048662,0.7552767360029975
WTM-NN,285,nn,85.23076923076923,0.587254853999184,0.7663799879956059
WTM-NN,286,nn,85.23557692307693,0.5676533969963202,0.7721898550007609
WTM-NN,287,nn,85.29807692307692,0.6345915549973142,0.7562330340006156
WTM-NN,288,nn,85.375,0.5261719659974915,0.7696970699980739
WTM-NN,289,nn,85.34615384615385,0.5712647530017421,0.7727863379986957
WTM-NN,290,nn,85.45192307692308,0.5298932110017631,0.7931306230020709
WTM-NN,291,nn,85.375,0.5734334950029734,0.7639701920052175
WTM-NN,292,nn,85.5048076923077,0.5222490549931535,0.7693675749978865
WTM-NN,293,nn,85.3173076923077,0.5784898559941212,0.7712469690013677
WTM-NN,294,nn,85.33653846153845,0.58827141400252,0.7714904659951571
WTM-NN,295,nn,85.4326923076923,0.6438571789985872,0.767816704006691
WTM-NN,296,nn,85.30288461538461,0.5748058519966435,0.7762015699991025
WTM-NN,297,nn,85.36057692307692,0.635839850998309,0.7812293450042489
WTM-NN,298,nn,85.35096153846153,0.5832899150045705,0.7637991969968425
WTM-NN,299,nn,85.3125,0.6428108510008315,0.7686532929947134
WTM-NN,300,nn,85.27884615384616,0.59193577899714,0.7663203100019018
WTM-NN,301,nn,85.35096153846153,0.6271180949988775,0.7843172709981445
WTM-NN,302,nn,85.35576923076923,0.5748181230010232,0.7637562300005811
WTM-NN,303,nn,85.60576923076924,0.6399146999974619,0.7659228659977089
WTM-NN,304,nn,85.3125,0.5798348519965657,0.7813748970002052
WTM-NN,305,nn,85.3076923076923,0.647072924002714,0.772556933996384
WTM-NN,306,nn,85.38461538461539,0.5725562490042648,0.7732523980012047
WTM-NN,307,nn,85.36538461538463,0.6409088680011337,0.7772340860028635
WTM-NN,308,nn,85.29326923076923,0.5719942479991005,0.7749975030019414
WTM-NN,309,nn,85.45673076923077,0.6345140810008161,0.7822779240013915
WTM-NN,310,nn,85.60576923076924,0.5900397340010386,0.7638648720021592
WTM-NN,311,nn,85.4326923076923,0.6241918660016381,0.7770717099992908
WTM-NN,312,nn,85.45192307692308,0.5681077580011333,0.7649570540015702
WTM-NN,313,nn,85.21153846153847,0.6409647399996174,0.7594700389963691
WTM-NN,314,nn,85.39423076923077,0.5716729150008177,0.7626377359993057
WTM-NN,315,nn,85.3173076923077,0.6328801059935358,0.7831796489990666
WTM-NN,316,nn,85.3701923076923,0.5828203330020187,0.7746003120046225
WTM-NN,317,nn,85.41346153846155,0.5809856109990506,0.7813385730041773
WTM-NN,318,nn,85.40384615384615,0.5520076729953871,0.7611525589964003
WTM-NN,319,nn,85.36538461538463,0.570686070001102,0.769127469000523
WTM-NN,320,nn,85.3701923076923,0.5355046949989628,0.7792933320015436
WTM-NN,321,nn,85.28365384615385,0.6380834259980475,0.7791903510005795
WTM-NN,322,nn,85.42307692307692,0.5794095609962824,0.7762368289986625
WTM-NN,323,nn,85.40384615384615,0.6413642429979518,0.7708817099992302
WTM-NN,324,nn,85.4326923076923,0.5941076079980121,0.7753945919976104
WTM-NN,325,nn,85.36538461538463,0.6329888359978213,0.7887466940010199
WTM-NN,326,nn,85.42788461538461,0.5752953689952847,0.778414864995284
WTM-NN,327,nn,85.53846153846155,0.6463574770023115,0.772204877997865
WTM-NN,328,nn,85.375,0.5876970210010768,0.7814047159990878
WTM-NN,329,nn,85.33173076923077,0.6355947280026157,0.7714128229999915
WTM-NN,330,nn,85.3076923076923,0.5889906030060956,0.788821750000352
WTM-NN,331,nn,85.33173076923077,0.6316094360008719,0.7623003359985887
WTM-NN,332,nn,85.47596153846155,0.5746295630015084,0.7564316229982069
WTM-NN,333,nn,85.25961538461539,0.6439618300064467,0.7802824880054686
WTM-NN,334,nn,85.34134615384616,0.5770409990000189,0.7779015269989031
WTM-NN,335,nn,85.42307692307692,0.6143932929990115,0.7685424879964557
WTM-NN,336,nn,85.40384615384615,0.5887719480015221,0.785151827003574
WTM-NN,337,nn,85.38942307692308,0.647053387001506,0.7819760630009114
WTM-NN,338,nn,85.3125,0.5619504300047993,0.7724655030033318
WTM-NN,339,nn,85.375,0.607289106999815,0.7678627309942385
WTM-NN,340,nn,85.24038461538461,0.5237029400013853,0.7751750640018145
WTM-NN,341,nn,85.20192307692308,0.6069157070014626,0.7721719269975438
WTM-NN,342,nn,85.35576923076923,0.5615268139954424,0.7686432629998308
WTM-NN,343,nn,85.34615384615385,0.64010110199888,0.7756273449995206
WTM-NN,344,nn,85.26923076923076,0.5847639290004736,0.7743547079953714
WTM-NN,345,nn,85.26442307692308,0.6432036780024646,0.7753953369974624
WTM-NN,346,nn,85.21634615384616,0.5253521699996782,0.753186308000295
WTM-NN,347,nn,85.29326923076923,0.6538359080004739,0.7787994790051016
WTM-NN,348,nn,85.35096153846153,0.5829922760021873,0.784627419001481
WTM-NN,349,nn,85.27403846153845,0.611206683999626,0.7764711749987327
WTM-NN,350,nn,85.26442307692308,0.5660592679996626,0.7647773539938498
WTM-NN,351,nn,85.54807692307692,0.6392457649999415,0.7748953699992853
WTM-NN,352,nn,85.42307692307692,0.5973028599983081,0.7787201829996775
WTM-NN,353,nn,85.4951923076923,0.6243260269984603,0.7801022010025918
WTM-NN,354,nn,85.26442307692308,0.5914636650049943,0.7728976950020296
WTM-NN,355,nn,85.1923076923077,0.6342804610030726,0.7799154049935169
WTM-NN,356,nn,85.36057692307692,0.5285520640027244,0.790589379001176
WTM-NN,357,nn,85.11538461538461,0.6343934340038686,0.7805020649975631
WTM-NN,358,nn,85.28365384615385,0.5890061329992022,0.7529304769996088
WTM-NN,359,nn,85.38461538461539,0.6408328550023725,0.7691387480008416
WTM-NN,360,nn,85.40865384615385,0.5936173619993497,0.769202433002647
WTM-NN,361,nn,85.25,0.6303228589968057,0.7712193299958017
WTM-NN,362,nn,85.42788461538461,0.5847554189967923,0.7819624179974198
WTM-NN,363,nn,85.32211538461539,0.6360605419977219,0.7794503730037832
WTM-NN,364,nn,85.375,0.5893863060045987,0.7725912829992012
WTM-NN,365,nn,85.34615384615385,0.631185384998389,0.7647075179993408
WTM-NN,366,nn,85.3701923076923,0.5755967430013698,0.7800337910011876
WTM-NN,367,nn,85.36057692307692,0.6426064299957943,0.762130196999351
WTM-NN,368,nn,85.47115384615384,0.5307702029967913,0.7621769769975799
WTM-NN,369,nn,85.35576923076923,0.607307040001615,0.7695400489974418
WTM-NN,370,nn,85.41346153846155,0.5817756399992504,0.7596288230051869
WTM-NN,371,nn,85.61538461538461,0.6249482389976038,0.7670078349983669
WTM-NN,372,nn,85.46634615384615,0.5518469420057954,0.7741611450037453
WTM-NN,373,nn,85.5625,0.6333450400052243,0.7634586400017724
WTM-NN,374,nn,85.3076923076923,0.5669857989996672,0.7736833289964125
WTM-NN,375,nn,85.46153846153847,0.6401171749967034,0.7703770410007564
WTM-NN,376,nn,85.5048076923077,0.5810374299981049,0.7605531380031607
WTM-NN,377,nn,85.22115384615384,0.6372675149978022,0.7738935640009004
WTM-NN,378,nn,85.34615384615385,0.5776192959965556,0.7704428799988818
WTM-NN,379,nn,85.47596153846155,0.6344712049976806,0.7662651950013242
WTM-NN,380,nn,85.33653846153845,0.5731974800000899,0.7741610090015456
WTM-NN,381,nn,85.32211538461539,0.6365421219961718,0.7714024369997787
WTM-NN,382,nn,85.32211538461539,0.5835031230017194,0.7956816000005347
WTM-NN,383,nn,85.23076923076923,0.6141506050043972,0.7724384299945086
WTM-NN,384,nn,85.3798076923077,0.5223559209989617,0.7689597130010952
WTM-NN,385,nn,85.46634615384615,0.571961691006436,0.7657340809964808
WTM-NN,386,nn,85.32692307692308,0.5239834079984576,0.7851629750002758
WTM-NN,387,nn,85.44711538461539,0.5803794840030605,0.7674131739986478
WTM-NN,388,nn,85.35576923076923,0.5386378670009435,0.7577604629987036
WTM-NN,389,nn,85.26923076923076,0.6250969669999904,0.7713283589982893
WTM-NN,390,nn,85.29326923076923,0.5231563960041967,0.768305303005036
WTM-NN,391,nn,85.4375,0.587256143000559,0.7580609599972377
WTM-NN,392,nn,85.38461538461539,0.5242590030029532,0.7761180730012711
WTM-NN,393,nn,85.32211538461539,0.6355249879998155,0.7797005229949718
WTM-NN,394,nn,85.22596153846153,0.5345303830035846,0.7711095539998496
WTM-NN,395,nn,85.4375,0.5974385590016027,0.7797881000005873
WTM-NN,396,nn,85.36057692307692,0.5919223129967577,0.7681852859968785
WTM-NN,397,nn,85.34615384615385,0.5814688050013501,0.7762644070025999
WTM-NN,398,nn,85.39423076923077,0.5884398289999808,0.7625976189956418
WTM-NN,399,nn,85.41346153846155,0.5720874359976733,0.7727169140052865
WTM-NN,400,nn,85.51442307692308,0.564976289999322,0.7662720640000771
WTM-NN,401,nn,85.3173076923077,0.643010198000411,0.7636068119973061
WTM-NN,402,nn,85.41346153846155,0.5221932860004017,0.7606671430039569
WTM-NN,403,nn,85.35576923076923,0.5757163500020397,0.7545059990006848
WTM-NN,404,nn,85.5,0.5300900240035844,0.7844904609955847
WTM-NN,405,nn,85.33653846153845,0.5747046059987042,0.7613326529972255
WTM-NN,406,nn,85.27884615384616,0.5260152080008993,0.7588039920010488
WTM-NN,407,nn,85.48557692307692,0.5748508890028461,0.7606069020039286
WTM-NN,408,nn,85.5048076923077,0.5285181400031433,0.769353929994395
WTM-NN,409,nn,85.3125,0.5752683559985599,0.786721217999002
WTM-NN,410,nn,85.40384615384615,0.5265015909972135,0.771835995001311
WTM-NN,411,nn,85.32692307692308,0.5755693440005416,0.7647730070020771
WTM-NN,412,nn,85.45673076923077,0.5677309109960333,0.7764746989996638
WTM-NN,413,nn,85.27403846153845,0.5767967740030144,0.7780149009995512
WTM-NN,414,nn,85.39423076923077,0.5266112989993417,0.7732893339998554
WTM-NN,415,nn,85.39903846153845,0.5687250030023279,0.7825671109967516
WTM-NN,416,nn,85.48076923076923,0.5659679599993979,0.7709307199984323
WTM-NN,417,nn,85.34134615384616,0.6243964850000339,0.7630540299942368
WTM-NN,418,nn,85.26923076923076,0.5766046990029281,0.7626447289949283
WTM-NN,419,nn,85.28846153846153,0.5749350900005084,0.7662492769959499
WTM-NN,420,nn,85.41826923076923,0.5963363460032269,0.7835987399957958
WTM-NN,421,nn,85.39423076923077,0.5706494810001459,0.775464728998486
WTM-NN,422,nn,85.3173076923077,0.5943481680005789,0.7723500110005261
WTM-NN,423,nn,85.32692307692308,0.5783066820004024,0.7637142069943366
WTM-NN,424,nn,85.34615384615385,0.5905573240015656,0.7788587830000324
WTM-NN,425,nn,85.3125,0.636908387998119,0.7705120109967538
WTM-NN,426,nn,85.33653846153845,0.593420816003345,0.7636120710012619
WTM-NN,427,nn,85.39423076923077,0.6320522659952985,0.7726392800032045
WTM-NN,428,nn,85.19711538461539,0.5796599409950431,0.7682849700067891
WTM-NN,429,nn,85.60576923076924,0.6434107730019605,0.7686981470033061
WTM-NN,430,nn,85.47115384615384,0.5950324409932364,0.7970617539976956
WTM-NN,431,nn,85.36538461538463,0.6432425000020885,0.7781283299991628
WTM-NN,432,nn,85.58173076923077,0.5849583780000103,0.7611240760015789
WTM-NN,433,nn,85.32692307692308,0.638378477000515,0.7707938899984583
WTM-NN,434,nn,85.44711538461539,0.5942501079989597,0.7831132249993971
WTM-NN,435,nn,85.3701923076923,0.6249650949976058,0.7664925979988766
WTM-NN,436,nn,85.41346153846155,0.5926101449949783,0.7799120819981908
WTM-NN,437,nn,85.5576923076923,0.6519692279980518,0.771848686003068
WTM-NN,438,nn,85.47115384615384,0.5972288510020007,0.7693398669944145
WTM-NN,439,nn,85.33173076923077,0.6402737130047171,0.7853927899996052
WTM-NN,440,nn,85.36538461538463,0.5875865420021,0.7737377640005434
WTM-NN,441,nn,85.47596153846155,0.6284484819989302,0.7781437800003914
WTM-NN,442,nn,85.42788461538461,0.5865573150003911,0.7685242320003454
WTM-NN,443,nn,85.47596153846155,0.6306708730044193,0.7707166819964186
WTM-NN,444,nn,85.5048076923077,0.5801219419954577,0.7658096939994721
WTM-NN,445,nn,85.30288461538461,0.623573529002897,0.7670955709982081
WTM-NN,446,nn,85.36057692307692,0.5855255499991472,0.7564276089979103
WTM-NN,447,nn,85.50961538461539,0.6382965019947733,0.7694119000007049
WTM-NN,448,nn,85.34615384615385,0.5930867890056106,0.7727541470012511
WTM-NN,449,nn,85.33653846153845,0.6368108339956962,0.7599057539991918
WTM-NN,450,nn,85.36057692307692,0.5920737620035652,0.7809181299962802
WTM-NN,451,nn,85.45192307692308,0.6343852470017737,0.7599396369987517
WTM-NN,452,nn,85.2548076923077,0.5888215049999417,0.7713943480048329
WTM-NN,453,nn,85.41346153846155,0.6409963090045494,0.766252916000667
WTM-NN,454,nn,85.41346153846155,0.5802847649974865,0.7683900500051095
WTM-NN,455,nn,85.17307692307692,0.6374118629973964,0.7669358450002619
WTM-NN,456,nn,85.42307692307692,0.594441163004376,0.7712974520036369
WTM-NN,457,nn,85.40384615384615,0.6407677009992767,0.772569916996872
WTM-NN,458,nn,85.23076923076923,0.5233412529996713,0.768633861996932
WTM-NN,459,nn,85.52884615384615,0.5822146170030464,0.773543609000626
WTM-NN,460,nn,85.35096153846153,0.5204343820005306,0.7604542540066177
WTM-NN,461,nn,85.38461538461539,0.5728659509986755,0.7622988539951621
WTM-NN,462,nn,85.4375,0.5871325150001212,0.7681085050062393
WTM-NN,463,nn,85.36057692307692,0.6419976559991483,0.7766054250023444
WTM-NN,464,nn,85.3701923076923,0.5925236760012922,0.78303866799979
WTM-NN,465,nn,85.35096153846153,0.5832481460020063,0.7764588860009098
WTM-NN,466,nn,85.36538461538463,0.5234612670028582,0.784489976002078
WTM-NN,467,nn,85.42788461538461,0.5741555549975601,0.7669029280004906
WTM-NN,468,nn,85.3701923076923,0.5881415499970899,0.7756841580048786
WTM-NN,469,nn,85.4951923076923,0.6372861179988831,0.7806637510002474
WTM-NN,470,nn,85.1826923076923,0.5611226210021414,0.7616354400015553
WTM-NN,471,nn,85.42788461538461,0.5867562749990611,0.7714314709955943
WTM-NN,472,nn,85.35576923076923,0.5234891709988005,0.7605089740027324
WTM-NN,473,nn,85.34615384615385,0.5793157439984498,0.782493524995516
WTM-NN,474,nn,85.21634615384616,0.5859088739962317,0.7685451290017227
WTM-NN,475,nn,85.46634615384615,0.64592419800465,0.7656777480005985
WTM-NN,476,nn,85.46634615384615,0.5905228310002713,0.7672794929967495
WTM-NN,477,nn,85.41346153846155,0.6402723509963835,0.7760032969963504
WTM-NN,478,nn,85.29807692307692,0.5881116180025856,0.7759098109963816
WTM-NN,479,nn,85.26442307692308,0.6409984130004887,0.7840242259990191
WTM-NN,480,nn,85.32692307692308,0.5910970749973785,0.7969642970056157
WTM-NN,481,nn,85.40865384615385,0.635086838999996,0.7874705369977164
WTM-NN,482,nn,85.41826923076923,0.5811650970063056,0.7682962379985838
WTM-NN,483,nn,85.38461538461539,0.6433349180006189,0.7725033489987254
WTM-NN,484,nn,85.32692307692308,0.5907817900006194,0.7877039189988864
WTM-NN,485,nn,85.30288461538461,0.6421203919962863,0.7778295329990215
WTM-NN,486,nn,85.35096153846153,0.5983395619987277,0.7746272869990207
WTM-NN,487,nn,85.35096153846153,0.6444115810008952,0.7817852290027076
WTM-NN,488,nn,85.41346153846155,0.5892337699988275,0.7633624860027339
WTM-NN,489,nn,85.35576923076923,0.6293887729989365,0.7665099779987941
WTM-NN,490,nn,85.42307692307692,0.5834922110007028,0.7814509320014622
WTM-NN,491,nn,85.45673076923077,0.6384234319993993,0.7732672880010796
WTM-NN,492,nn,85.34615384615385,0.572982393001439,0.7756108149987995
WTM-NN,493,nn,85.34134615384616,0.64319195200369,0.7739860889996635
WTM-NN,494,nn,85.38461538461539,0.5912304559969925,0.7665980050005601
WTM-NN,495,nn,85.61057692307692,0.6321316640023724,0.7617616780044045
WTM-NN,496,nn,85.33173076923077,0.5838907560028019,0.7726062360015931
WTM-NN,497,nn,85.40865384615385,0.6380746259965235,0.7673143639985938
WTM-NN,498,nn,85.22596153846153,0.5764845039957436,0.7816018439989421
WTM-NN,499,nn,85.33653846153845,0.6475817290047416,0.771889862997341
WTM-NN,500,nn,85.38942307692308,0.5941500189946964,0.7612378889971296
UTM-NN,1,tm,68.91346153846155,3.0769521100010024,0.7767655960051343
UTM-NN,2,tm,70.36538461538461,2.759528723996482,0.7843727949948516
UTM-NN,3,tm,71.00961538461539,2.7109474949975265,0.7847082529988256
UTM-NN,4,tm,71.19711538461539,2.691858064994449,0.777420645004895
UTM-NN,5,tm,71.0673076923077,2.679018383001676,0.7912153879951802
UTM-NN,6,tm,71.96153846153847,2.6676384509992204,0.7910877039976185
UTM-NN,7,tm,72.11057692307692,2.6609074430016335,0.7903113950014813
UTM-NN,8,tm,72.34615384615385,2.6668349820029107,0.7872779410026851
UTM-NN,9,tm,72.0673076923077,2.654776203999063,0.7652973090007436
UTM-NN,10,tm,72.4326923076923,2.6328815609958838,0.7640884389984421
UTM-NN,11,tm,72.125,2.642154395005491,0.7894256220024545
UTM-NN,12,tm,72.51442307692308,2.634660988005635,0.7853015090004192
UTM-NN,13,tm,72.2548076923077,2.639902629998687,0.7848078519964474
UTM-NN,14,tm,72.1923076923077,2.630372683001042,0.796437215001788
UTM-NN,15,tm,72.71634615384616,2.6183410459998413,0.7841584060006426
UTM-NN,16,tm,72.5625,2.659903546998976,0.7720713189992239
UTM-NN,17,tm,72.83173076923077,2.639144192005915,0.7982295269976021
UTM-NN,18,tm,72.58653846153847,2.6256742359983036,0.7809726699997555
UTM-NN,19,tm,72.73557692307693,2.6190212330038776,0.7790937120007584
UTM-NN,20,tm,72.9326923076923,2.630861409998033,0.7945127380007762
UTM-NN,21,tm,73.0048076923077,2.6191422219999367,0.7754672709997976
UTM-NN,22,tm,73.09615384615384,2.6212108620020445,0.7934155830007512
UTM-NN,23,tm,72.8701923076923,2.6237345499976072,0.7803239290005877
UTM-NN,24,tm,72.72596153846153,2.6190113429984194,0.7692127029949916
UTM-NN,25,tm,72.91346153846155,2.6427552879977156,0.7752186690049712
UTM-NN,26,tm,72.78846153846153,2.61570749800012,0.7833149660000345
UTM-NN,27,tm,72.64903846153847,2.6477483959970414,0.7815468189946841
UTM-NN,28,tm,72.84615384615385,2.612590448996343,0.7890494560051593
UTM-NN,29,tm,73.0673076923077,2.6144758209993597,0.7895947049983079
UTM-NN,30,tm,72.96153846153847,2.626920886003063,0.7882294740047655
UTM-NN,31,tm,73.07692307692307,2.59921119199862,0.7827030199987348
UTM-NN,32,tm,73.03365384615384,2.630686851000064,0.7926734290012973
UTM-NN,33,tm,72.86057692307692,2.638486729003489,0.7794830510028987
UTM-NN,34,tm,72.95673076923077,2.6169803890006733,0.7899878039970645
UTM-NN,35,tm,73.21153846153847,2.6144317270009196,0.7757968489968334
UTM-NN,36,tm,72.85576923076923,2.6013971850043163,0.7730322930001421
UTM-NN,37,tm,72.9951923076923,2.6186978939949768,0.7781536590046016
UTM-NN,38,tm,73.0,2.6319940089961165,0.7929371840000385
UTM-NN,39,tm,73.01923076923077,2.623140779993264,0.7875394399961806
UTM-NN,40,tm,73.04326923076923,2.62971983999887,0.7677413600031286
UTM-NN,41,tm,73.07692307692307,2.6276600629935274,0.7898796680019586
UTM-NN,42,tm,73.03365384615384,2.612449933003518,0.7856626259963377
UTM-NN,43,tm,73.05288461538461,2.597607973999402,0.7799044060011511
UTM-NN,44,tm,72.98076923076923,2.6191961290023755,0.779517704002501
UTM-NN,45,tm,72.96634615384615,2.621272794000106,0.771807095996337
UTM-NN,46,tm,72.875,2.6167024680034956,0.7757024860038655
UTM-NN,47,tm,73.09134615384615,2.628687936994538,0.788898351995158
UTM-NN,48,tm,72.9423076923077,2.6135466870036907,0.7817313410050701
UTM-NN,49,tm,73.02884615384615,2.621045027000946,0.7865106800018111
UTM-NN,50,tm,73.03365384615384,2.6359039210001356,0.7805023129985784
UTM-NN,51,tm,73.1298076923077,2.630404413001088,0.809809098005644
UTM-NN,52,tm,73.41826923076923,2.6128681280024466,0.7906562399948598
UTM-NN,53,tm,73.23076923076923,2.613152258003538,0.7841643869978725
UTM-NN,54,tm,72.90384615384615,2.618406713998411,0.7859464590001153
UTM-NN,55,tm,72.86057692307692,2.6260019070032286,0.7874141610009247
UTM-NN,56,tm,73.00961538461539,2.620693909993861,0.7762761350022629
UTM-NN,57,tm,72.8701923076923,2.6190341649999027,0.7891692109988071
UTM-NN,58,tm,73.16346153846153,2.630708956006856,0.7975411759980489
UTM-NN,59,tm,73.17307692307692,2.6329767069983063,0.7914806980043068
UTM-NN,60,tm,73.11057692307692,2.6210060809971765,0.7815559709997615
UTM-NN,61,tm,73.40865384615385,2.627945236003143,0.7860132709975005
UTM-NN,62,tm,73.35096153846153,2.635386144000222,0.7788606299945968
UTM-NN,63,tm,73.36538461538461,2.624626103999617,0.7864266559990938
UTM-NN,64,tm,73.41826923076923,2.642275389000133,0.7927631190032116
UTM-NN,65,tm,73.45192307692308,2.609869116997288,0.793472594996274
UTM-NN,66,tm,73.48557692307692,2.6237327179987915,0.7998883639957057
UTM-NN,67,tm,73.40865384615385,2.6380674989995896,0.7801595470009488
UTM-NN,68,tm,73.45192307692308,2.6226419750018977,0.7859985409959336
UTM-NN,69,tm,73.4423076923077,2.63218359399616,0.7896282900037477
UTM-NN,70,tm,73.3173076923077,2.6240721629947075,0.7749400150059955
UTM-NN,71,tm,73.29807692307693,2.6115486979979323,0.7735925460001454
UTM-NN,72,tm,73.11538461538461,2.6157280359984725,0.7829655170062324
UTM-NN,73,tm,73.22115384615384,2.6215591150030377,0.7854545830050483
UTM-NN,74,tm,73.13461538461539,2.6388632979942486,0.8034671380009968
UTM-NN,75,tm,73.39423076923077,2.627129597000021,0.7843943170009879
UTM-NN,76,tm,73.28846153846153,2.630702476002625,0.793494333003764
UTM-NN,77,tm,73.20673076923076,2.626279682001041,0.7939707600016845
UTM-NN,78,tm,73.47596153846155,2.645667696997407,0.7807946879984229
UTM-NN,79,tm,73.39423076923077,2.6149865109982784,0.7822656869975617
UTM-NN,80,tm,73.53365384615384,2.612068158996408,0.7817109080060618
UTM-NN,81,tm,73.26442307692308,2.6291204750014003,0.7832952520038816
UTM-NN,82,tm,73.46153846153847,2.6150371949988767,0.7804260170014459
UTM-NN,83,tm,73.50961538461539,2.6313868919969536,0.781479548997595
UTM-NN,84,tm,73.45673076923077,2.6304487739980686,0.7744441159957205
UTM-NN,85,tm,73.5,2.6273911940006656,0.7791625700047007
UTM-NN,86,tm,73.3173076923077,2.632020452998404,0.7834480809979141
UTM-NN,87,tm,73.08653846153847,2.632351803003985,0.7844201879997854
UTM-NN,88,tm,73.39903846153845,2.6322425580001436,0.7898170010012109
UTM-NN,89,tm,73.3173076923077,2.611956000000646,0.782799866006826
UTM-NN,90,tm,73.47115384615385,2.617582314000174,0.7890952159941662
UTM-NN,91,tm,73.50961538461539,2.6246542829976534,0.7802037509973161
UTM-NN,92,tm,73.35576923076923,2.64255684499949,0.7764352709928062
UTM-NN,93,tm,73.3701923076923,2.639275952002208,0.7649654909982928
UTM-NN,94,tm,73.54326923076923,2.626378114000545,0.7884464350063354
UTM-NN,95,tm,73.6875,2.617838168000162,0.7748041480008396
UTM-NN,96,tm,73.51923076923077,2.6301763630035566,0.7887026699972921
UTM-NN,97,tm,73.40865384615385,2.6272206809953786,0.7909349609981291
UTM-NN,98,tm,73.39903846153845,2.622482402002788,0.7768946899959701
UTM-NN,99,tm,73.48076923076923,2.6288335280041792,0.7856470870028716
UTM-NN,100,tm,73.59134615384615,2.6215370319987414,0.7899081850046059
UTM-NN,101,tm,73.47596153846155,2.6179722619999666,0.7933551750029437
UTM-NN,102,tm,73.51442307692308,2.6336534000001848,0.7902543500022148
UTM-NN,103,tm,73.45192307692308,2.636977535999904,0.7901780510001117
UTM-NN,104,tm,73.57692307692307,2.636008263005351,0.7832817590024206
UTM-NN,105,tm,73.40865384615385,2.608710628002882,0.7836980789943482
UTM-NN,106,tm,73.52403846153847,2.6340632970022853,0.7775699839985464
UTM-NN,107,tm,73.34615384615385,2.623455670000112,0.8022949220030569
UTM-NN,108,tm,73.48557692307692,2.6257542399980593,0.7917466250000871
UTM-NN,109,tm,73.55288461538461,2.6076719109987607,0.7745394919984392
UTM-NN,110,tm,73.32692307692308,2.6311574400024256,0.7960610769951018
UTM-NN,111,tm,73.5625,2.6317814299982274,0.7917602160014212
UTM-NN,112,tm,73.375,2.62225823100016,0.7859108220000053
UTM-NN,113,tm,73.40865384615385,2.6466473859982216,0.803122084995266
UTM-NN,114,tm,73.4326923076923,2.639284705997852,0.7966032690019347
UTM-NN,115,tm,73.27884615384616,2.6222464849997777,0.7979648800028372
UTM-NN,116,tm,73.19711538461539,2.6226785519975238,0.7938538910020725
UTM-NN,117,tm,73.3798076923077,2.6252800630027195,0.7915569799952209
UTM-NN,118,tm,73.38942307692308,2.62690085000213,0.7814165800009505
UTM-NN,119,tm,73.375,2.6426476189953974,0.7882707870012382
UTM-NN,120,tm,73.72596153846153,2.6452497610007413,0.7968890570045915
UTM-NN,121,tm,73.60096153846155,2.6381539389985846,0.7878394299987121
UTM-NN,122,tm,73.64423076923077,2.6436108489942853,0.7786450669955229
UTM-NN,123,tm,73.5673076923077,2.627947089000372,0.7803023960004793
UTM-NN,124,tm,73.60576923076924,2.618392177995702,0.7768066459975671
UTM-NN,125,tm,73.51442307692308,2.62872923300165,0.7895631969950045
UTM-NN,126,tm,73.63942307692307,2.6308470809963183,0.786744646000443
UTM-NN,127,tm,73.69711538461539,2.613625689999026,0.7791961780021666
UTM-NN,128,tm,73.35096153846153,2.6143286200021976,0.7828567820033641
UTM-NN,129,tm,73.60096153846155,2.6299815919992398,0.8026283509971108
UTM-NN,130,tm,73.3798076923077,2.648067796995747,0.7830173990005278
UTM-NN,131,tm,73.22596153846153,2.5378753769982723,0.7799938879979891
UTM-NN,132,tm,73.44711538461539,2.621933763002744,0.7826260250003543
UTM-NN,133,tm,73.6826923076923,2.6445329440030036,0.7761141619994305
UTM-NN,134,tm,73.41346153846153,2.6430314339959295,0.7838206509986776
UTM-NN,135,tm,73.59615384615384,2.66666903100122,0.7754003100053524
UTM-NN,136,tm,73.58173076923077,2.645736600003147,0.796760813005676
UTM-NN,137,tm,73.46153846153847,2.663527823999175,0.7882997070046258
UTM-NN,138,tm,73.41346153846153,2.643274462003319,0.7663291190037853
UTM-NN,139,tm,73.5,2.396345975997974,0.7772433439968154
UTM-NN,140,tm,73.59615384615384,2.6448380459987675,0.7904346010036534
UTM-NN,141,tm,73.22596153846153,2.647446447997936,0.7974959370039869
UTM-NN,142,tm,73.28846153846153,2.6188705380045576,0.7823486810011673
UTM-NN,143,tm,73.28846153846153,2.6205883879956673,0.8102130780025618
UTM-NN,144,tm,73.55288461538461,2.630200646002777,0.7859530130008352
UTM-NN,145,tm,73.5048076923077,2.6412969900047756,0.7922204779970343
UTM-NN,146,tm,73.5,2.63882404800097,0.7935783749999246
UTM-NN,147,tm,73.47596153846155,2.654194765003922,0.7920869510053308
UTM-NN,148,tm,73.53365384615384,2.634247650996258,0.7922634170026868
UTM-NN,149,tm,73.27403846153845,2.6405414859982557,0.7822192029998405
UTM-NN,150,tm,73.44711538461539,2.6331905240003834,0.7803979540040018
UTM-NN,151,nn,76.83173076923076,0.588258402000065,0.8277645999987726
UTM-NN,152,nn,77.48557692307692,0.5221018800002639,0.824606333997508
UTM-NN,153,nn,77.8173076923077,0.6093327019989374,0.8290552969992859
UTM-NN,154,nn,78.00961538461539,0.5792070130046341,0.8217903159966227
UTM-NN,155,nn,78.21634615384615,0.6296797009999864,0.8243887369972072
UTM-NN,156,nn,78.3173076923077,0.5888301680024597,0.8367435440013651
UTM-NN,157,nn,78.47115384615385,0.6309065500026918,0.8216834099948755
UTM-NN,158,nn,78.41346153846153,0.567107427996234,0.8305038410035195
UTM-NN,159,nn,78.47115384615385,0.6392343370025628,0.8201113920003991
UTM-NN,160,nn,78.59134615384616,0.5862982260005083,0.8265416180001921
UTM-NN,161,nn,78.625,0.6415978990044096,0.8153353669986245
UTM-NN,162,nn,78.66826923076923,0.5799616939984844,0.8437929889987572
UTM-NN,163,nn,78.60096153846153,0.6226071349956328,0.8322790429956513
UTM-NN,164,nn,78.64423076923077,0.5861853640017216,0.8179583250021096
UTM-NN,165,nn,78.6923076923077,0.6269714089939953,0.8311794820037903
UTM-NN,166,nn,78.73076923076923,0.577640171002713,0.8477855539968004
UTM-NN,167,nn,78.5048076923077,0.6143156300022383,0.8080753860049299
UTM-NN,168,nn,78.6201923076923,0.5494001319966628,0.8201208089958527
UTM-NN,169,nn,78.66826923076923,0.6470082300002105,0.8150658300000941
UTM-NN,170,nn,78.5625,0.5919128650057246,0.8092963779999991
UTM-NN,171,nn,78.57692307692308,0.6319675270060543,0.8198326860001544
UTM-NN,172,nn,78.69711538461537,0.5791805510016275,0.8159886889989139
UTM-NN,173,nn,78.71634615384615,0.6441295850017923,0.8212314679985866
UTM-NN,174,nn,78.61057692307692,0.5795858419951401,0.8167485340018175
UTM-NN,175,nn,78.74038461538461,0.6388911670001107,0.8155924160018913
UTM-NN,176,nn,78.70192307692308,0.5743020489971968,0.8228957059982349
UTM-NN,177,nn,78.63461538461539,0.6358228620010777,0.816686734004179
UTM-NN,178,nn,78.61057692307692,0.5882356180009083,0.8244940259974101
UTM-NN,179,nn,78.49038461538461,0.6269875630023307,0.8194104020003579
UTM-NN,180,nn,78.6875,0.5475429319994873,0.8088205180029036
UTM-NN,181,nn,78.67307692307692,0.6389577549998648,0.8116083429995342
UTM-NN,182,nn,78.72115384615384,0.5862540949965478,0.8412907120000455
UTM-NN,183,nn,78.69711538461537,0.6258697820012458,0.8171979980033939
UTM-NN,184,nn,78.59615384615385,0.5310918870018213,0.8117999750029412
UTM-NN,185,nn,78.5576923076923,0.5806650939994142,0.8342406090014265
UTM-NN,186,nn,78.71634615384615,0.5602560250044917,0.8182653729963931
UTM-NN,187,nn,78.53846153846153,0.6290389019995928,0.8107700660038972
UTM-NN,188,nn,78.66346153846155,0.5911083669998334,0.8130361619987525
UTM-NN,189,nn,78.6298076923077,0.5724292919985601,0.8107271199987736
UTM-NN,190,nn,78.50961538461539,0.5275917769977241,0.8252751929976512
UTM-NN,191,nn,78.6875,0.6358801710011903,0.8156767190012033
UTM-NN,192,nn,78.71634615384615,0.5289764289991581,0.8148668100038776
UTM-NN,193,nn,78.66346153846155,0.5772837359982077,0.8125405789978686
UTM-NN,194,nn,78.72115384615384,0.5835155300010229,0.8202795909965062
UTM-NN,195,nn,78.77403846153847,0.6380776700025308,0.8167441210025572
UTM-NN,196,nn,78.55288461538461,0.5938510170017253,0.8132722390000708
UTM-NN,197,nn,78.60096153846153,0.6387502490033512,0.8181439389954903
UTM-NN,198,nn,78.42788461538461,0.573498658995959,0.8090381250003702
UTM-NN,199,nn,78.7451923076923,0.6444078550048289,0.8189251459989464
UTM-NN,200,nn,78.6875,0.5857461440027691,0.8222472670022398
UTM-NN,201,nn,78.54807692307692,0.6347190900050919,0.8196704360016156
UTM-NN,202,nn,78.75,0.5244949730040389,0.812532165000448
UTM-NN,203,nn,78.58173076923077,0.632670972001506,0.8139877369976602
UTM-NN,204,nn,78.59134615384616,0.5657644769962644,0.8433746709997649
UTM-NN,205,nn,78.54807692307692,0.6290017319988692,0.80995158800215
UTM-NN,206,nn,78.54807692307692,0.5663224029995035,0.8072216540022055
UTM-NN,207,nn,78.65384615384615,0.6337753569969209,0.811626188995433
UTM-NN,208,nn,78.76923076923077,0.5900193720008247,0.8253941799994209
UTM-NN,209,nn,78.8173076923077,0.5901906849976513,0.8119624329992803
UTM-NN,210,nn,78.625,0.5890653460010071,0.8255292909962009
UTM-NN,211,nn,78.63461538461539,0.6359975750019657,0.8240018430005875
UTM-NN,212,nn,78.625,0.5732878290000372,0.8158076869949582
UTM-NN,213,nn,78.66346153846155,0.6389863759977743,0.8327442500012694
UTM-NN,214,nn,78.5625,0.5809307780000381,0.817442512998241
UTM-NN,215,nn,78.58173076923077,0.6475138859968865,0.8218061130028218
UTM-NN,216,nn,78.6923076923077,0.5900202479970176,0.8255881049990421
UTM-NN,217,nn,78.57211538461539,0.569647853000788,0.8230002110067289
UTM-NN,218,nn,78.55288461538461,0.5389804000005824,0.8162989640040905
UTM-NN,219,nn,78.6201923076923,0.5710806560018682,0.8151439619978191
UTM-NN,220,nn,78.66826923076923,0.591731703003461,0.816147033998277
UTM-NN,221,nn,78.63942307692308,0.6377430909997202,0.8134638760020607
UTM-NN,222,nn,78.69711538461537,0.5783162599982461,0.8184557519998634
UTM-NN,223,nn,78.52403846153845,0.6034746810037177,0.83011629399698
UTM-NN,224,nn,78.61538461538461,0.5222990749971359,0.8120215000017197
UTM-NN,225,nn,78.67307692307692,0.6324301380009274,0.8180477720015915
UTM-NN,226,nn,78.67788461538461,0.5719587279963889,0.8210616089927498
UTM-NN,227,nn,78.48076923076923,0.6395747049973579,0.8330273350002244
UTM-NN,228,nn,78.42307692307692,0.5741850310005248,0.8075607879945892
UTM-NN,229,nn,78.6298076923077,0.6308418529952178,0.8218918979982845
UTM-NN,230,nn,78.58173076923077,0.5941914049981278,0.8071103749971371
UTM-NN,231,nn,78.52884615384616,0.6419714969961205,0.8150487579987384
UTM-NN,232,nn,78.67307692307692,0.5854769600045984,0.8276060560019687
UTM-NN,233,nn,78.46153846153847,0.6411977209936595,0.8171156239986885
UTM-NN,234,nn,78.71634615384615,0.5854799649969209,0.8042200900017633
UTM-NN,235,nn,78.4951923076923,0.6303872970020166,0.8166297450006823
UTM-NN,236,nn,78.6298076923077,0.5902009720011847,0.8183166799935861
UTM-NN,237,nn,78.67307692307692,0.6432898759958334,0.8121382199969958
UTM-NN,238,nn,78.66346153846155,0.593826074997196,0.8120631799974944
UTM-NN,239,nn,78.67307692307692,0.6337273719982477,0.8162322849966586
UTM-NN,240,nn,78.67788461538461,0.5619666839993442,0.809560378002061
UTM-NN,241,nn,78.63942307692308,0.6145686410018243,0.8125024100008886
UTM-NN,242,nn,78.46634615384616,0.5807746610007598,0.8130390559963416
UTM-NN,243,nn,78.63461538461539,0.6245912480007973,0.8159737859969027
UTM-NN,244,nn,78.60096153846153,0.594317098002648,0.8042836259992328
UTM-NN,245,nn,78.63461538461539,0.6328504580014851,0.8119416339977761
UTM-NN,246,nn,78.63461538461539,0.581543526997848,0.8314936669994495
UTM-NN,247,nn,78.60576923076923,0.6266366059935535,0.8185773529985454
UTM-NN,248,nn,78.58173076923077,0.577557409000292,0.8283776780008338
UTM-NN,249,nn,78.60096153846153,0.6385438409997732,0.820291095005814
UTM-NN,250,nn,78.5625,0.5476143429987133,0.8278003150044242
UTM-NN,251,nn,78.39423076923076,0.5727538770006504,0.8323959059998742
UTM-NN,252,nn,78.6201923076923,0.5835973369976273,0.8124223100021482
UTM-NN,253,nn,78.6298076923077,0.6441243509980268,0.8144902940039174
UTM-NN,254,nn,78.65865384615385,0.5218271249977988,0.8364309440003126
UTM-NN,255,nn,78.64423076923077,0.5689351909968536,0.8188910319950082
UTM-NN,256,nn,78.6298076923077,0.5219064689954394,0.8066007859961246
UTM-NN,257,nn,78.6826923076923,0.628021472999535,0.8142305809960817
UTM-NN,258,nn,78.66826923076923,0.5245430930008297,0.813694074000523
UTM-NN,259,nn,78.60096153846153,0.6325988269964,0.8172861599960015
UTM-NN,260,nn,78.77884615384615,0.5748719019975397,0.7979205510055181
UTM-NN,261,nn,78.64903846153845,0.577542460996483,0.8236815300042508
UTM-NN,262,nn,78.58653846153845,0.5210981860000174,0.8038440100062871
UTM-NN,263,nn,78.76923076923077,0.6327445220013033,0.8215533910042723
UTM-NN,264,nn,78.70673076923077,0.5925196289972519,0.818732686995645
UTM-NN,265,nn,78.61057692307692,0.6326018330000807,0.8154406029934762
UTM-NN,266,nn,78.64423076923077,0.5830510130035691,0.8150867470030789
UTM-NN,267,nn,78.66826923076923,0.5760042360052466,0.8201203710050322
UTM-NN,268,nn,78.48557692307693,0.528095191999455,0.8163094920018921
UTM-NN,269,nn,78.51442307692308,0.6333593710005516,0.8136206959970878
UTM-NN,270,nn,78.61538461538461,0.5879983769991668,0.8355678519947105
UTM-NN,271,nn,78.5576923076923,0.627817527994921,0.8058264239953132
UTM-NN,272,nn,78.5673076923077,0.5401027610059828,0.8096698880035547
UTM-NN,273,nn,78.6875,0.5731988740008092,0.817883597999753
UTM-NN,274,nn,78.60576923076923,0.5175221929966938,0.8190318470005877
UTM-NN,275,nn,78.6201923076923,0.5991248160062241,0.8249610319981002
UTM-NN,276,nn,78.625,0.5690903790018638,0.8216671990012401
UTM-NN,277,nn,78.625,0.6366396230005194,0.8253219159960281
UTM-NN,278,nn,78.59615384615385,0.5317243749959744,0.8228723439970054
UTM-NN,279,nn,78.60096153846153,0.620399293002265,0.8257867680003983
UTM-NN,280,nn,78.5673076923077,0.5912693780046538,0.8437325760023668
UTM-NN,281,nn,78.6201923076923,0.574028545001056,0.81956507400173
UTM-NN,282,nn,78.65865384615385,0.5783861099989736,0.8224663680011872
UTM-NN,283,nn,78.71153846153847,0.6066427979967557,0.8382190069969511
UTM-NN,284,nn,78.5048076923077,0.5857773070019903,0.8286080640027649
UTM-NN,285,nn,78.47596153846153,0.634534115997667,0.8289572549983859
UTM-NN,286,nn,78.66826923076923,0.5685415979969548,0.8368615459985449
UTM-NN,287,nn,78.66826923076923,0.6419827790014097,0.8162737020029454
UTM-NN,288,nn,78.66346153846155,0.5878264740022132,0.8249763130006613
UTM-NN,289,nn,78.54807692307692,0.6412686500043492,0.8141589380029473
UTM-NN,290,nn,78.70673076923077,0.5920587359942147,0.8302553320027073
UTM-NN,291,nn,78.61057692307692,0.5913712949986802,0.8255845940002473
UTM-NN,292,nn,78.73557692307692,0.5761015259995474,0.8286464600023464
UTM-NN,293,nn,78.7451923076923,0.632643286997336,0.8209626679963549
UTM-NN,294,nn,78.51923076923077,0.5873531820034259,0.83226588099933
UTM-NN,295,nn,78.57692307692308,0.6364110439972137,0.8184277079999447
UTM-NN,296,nn,78.6923076923077,0.5907153959997231,0.8371650490007596
UTM-NN,297,nn,78.71634615384615,0.6304434499979834,0.8156227119980031
UTM-NN,298,nn,78.60576923076923,0.5238389130026917,0.8045924570033094
UTM-NN,299,nn,78.51923076923077,0.5735115630013752,0.8356065810003201
UTM-NN,300,nn,78.4951923076923,0.5274187820032239,0.8213441940024495
UTM-NN,301,nn,78.5576923076923,0.6297228170005837,0.8198161760010407
UTM-NN,302,nn,78.52403846153845,0.5898246790020494,0.817592051003885
UTM-NN,303,nn,78.61057692307692,0.63787322799908,0.8144865110007231
UTM-NN,304,nn,78.5673076923077,0.5810770160023822,0.8134142139970209
UTM-NN,305,nn,78.5673076923077,0.6182358539954294,0.8116659099978278
UTM-NN,306,nn,78.6923076923077,0.5893417830011458,0.8127514180014259
UTM-NN,307,nn,78.625,0.6148430199973518,0.8165928849994089
UTM-NN,308,nn,78.52884615384616,0.5926158380025299,0.8090042359981453
UTM-NN,309,nn,78.64423076923077,0.632044202000543,0.8130083009964437
UTM-NN,310,nn,78.74038461538461,0.5692910669968114,0.8106640810001409
UTM-NN,311,nn,78.66826923076923,0.632421897003951,0.8245666479997453
UTM-NN,312,nn,78.70673076923077,0.5887261199968634,0.8207379970044713
UTM-NN,313,nn,78.57211538461539,0.6302605789969675,0.8128609779960243
UTM-NN,314,nn,78.72115384615384,0.5892644790001214,0.8171424579995801
UTM-NN,315,nn,78.73557692307692,0.6402147000044351,0.8184172799956286
UTM-NN,316,nn,78.6875,0.5905912130037905,0.809504887998628
UTM-NN,317,nn,78.77403846153847,0.6257822119951015,0.7988880010016146
UTM-NN,318,nn,78.59134615384616,0.5925558500020998,0.8153805280016968
UTM-NN,319,nn,78.51442307692308,0.6325367350000306,0.8147487840033136
UTM-NN,320,nn,78.71153846153847,0.5703918099970906,0.8138112000015099
UTM-NN,321,nn,78.66346153846155,0.629943423999066,0.8165799210037221
UTM-NN,322,nn,78.71634615384615,0.5864557759996387,0.8265933069997118
UTM-NN,323,nn,78.60096153846153,0.6445102350044181,0.8239122379964101
UTM-NN,324,nn,78.70192307692308,0.5916301250035758,0.8249139200052014
UTM-NN,325,nn,78.61538461538461,0.6411216280030203,0.8229952500041691
UTM-NN,326,nn,78.60096153846153,0.5641305919998558,0.8218013099976815
UTM-NN,327,nn,78.6201923076923,0.6380599149997579,0.8273717440024484
UTM-NN,328,nn,78.6201923076923,0.5919280870002694,0.8348890939960256
UTM-NN,329,nn,78.51923076923077,0.5742882449994795,0.8188500960022793
UTM-NN,330,nn,78.66346153846155,0.5306125100032659,0.8203966509972815
UTM-NN,331,nn,78.58653846153845,0.6329554800031474,0.816424463999283
UTM-NN,332,nn,78.73076923076923,0.589670166002179,0.8254536380045465
UTM-NN,333,nn,78.72115384615384,0.6241520530020352,0.8187587010033894
UTM-NN,334,nn,78.5625,0.5859630900013144,0.8202736530001857
UTM-NN,335,nn,78.61538461538461,0.6401579630037304,0.8334528790001059
UTM-NN,336,nn,78.58653846153845,0.5551896809993195,0.8206071889944724
UTM-NN,337,nn,78.5576923076923,0.5725852149989805,0.8125150250052684
UTM-NN,338,nn,78.53846153846153,0.5197596369980602,0.833344175000093
UTM-NN,339,nn,78.61057692307692,0.6175689459996647,0.8062798290047795
UTM-NN,340,nn,78.51442307692308,0.5912369200013927,0.8182738140021684
UTM-NN,341,nn,78.63942307692308,0.6243379219959024,0.8227588500012644
UTM-NN,342,nn,78.77403846153847,0.5868431560011231,0.8162769990012748
UTM-NN,343,nn,78.7548076923077,0.6321255090006161,0.8259591949972673
UTM-NN,344,nn,78.6826923076923,0.5812799359991914,0.8304671950027114
UTM-NN,345,nn,78.61538461538461,0.6388980189949507,0.8399596449962701
UTM-NN,346,nn,78.66346153846155,0.5833104650009773,0.8172102399985306
UTM-NN,347,nn,78.52403846153845,0.635779847005324,0.8202278739991016
UTM-NN,348,nn,78.59615384615385,0.591370731999632,0.8181717960032984
UTM-NN,349,nn,78.625,0.6255267830056255,0.8195270470023388
UTM-NN,350,nn,78.73557692307692,0.5740722869959427,0.8226876390035613
UTM-NN,351,nn,78.625,0.6409585690053063,0.8175587490040925
UTM-NN,352,nn,78.65865384615385,0.5850835790042765,0.8342553170004976
UTM-NN,353,nn,78.72115384615384,0.5883904160000384,0.8264352480036905
UTM-NN,354,nn,78.61057692307692,0.5597100409941049,0.8322036609970382
UTM-NN,355,nn,78.72115384615384,0.584750489993894,0.824764844001038
UTM-NN,356,nn,78.63942307692308,0.522718021995388,0.831950528001471
UTM-NN,357,nn,78.76442307692308,0.5724865890006186,0.8232514660048764
UTM-NN,358,nn,78.64423076923077,0.5598417619985412,0.8297879940000712
UTM-NN,359,nn,78.6201923076923,0.6386031659931177,0.821225277002668
UTM-NN,360,nn,78.65865384615385,0.588075198000297,0.8146292380042723
UTM-NN,361,nn,78.51442307692308,0.6308941400056938,0.8118916179955704
UTM-NN,362,nn,78.52403846153845,0.5173639049971825,0.8255875640024897
UTM-NN,363,nn,78.53365384615385,0.6175899500012747,0.8399512719988707
UTM-NN,364,nn,78.71634615384615,0.5898957259996678,0.8223399499984225
UTM-NN,365,nn,78.84615384615384,0.5745962859946303,0.814825182002096
UTM-NN,366,nn,78.61057692307692,0.5215838629956124,0.8332835280016297
UTM-NN,367,nn,78.73076923076923,0.6398396219956339,0.8167377970021334
UTM-NN,368,nn,78.65384615384615,0.5580241499992553,0.8388040729987551
UTM-NN,369,nn,78.66826923076923,0.6422391509986483,0.8294438299999456
UTM-NN,370,nn,78.50961538461539,0.5552629900048487,0.8302483830048004
UTM-NN,371,nn,78.66826923076923,0.6273074290002114,0.8264474910029094
UTM-NN,372,nn,78.59615384615385,0.5688592380029149,0.8124907739984337
UTM-NN,373,nn,78.60576923076923,0.5737286720031989,0.8108506900025532
UTM-NN,374,nn,78.54807692307692,0.5292267059994629,0.8084201959936763
UTM-NN,375,nn,78.53365384615385,0.6261887360014953,0.816145693002909
UTM-NN,376,nn,78.65865384615385,0.5828604790003737,0.8196547400002601
UTM-NN,377,nn,78.65865384615385,0.6283127860006061,0.8135863079951378
UTM-NN,378,nn,78.71153846153847,0.5270810639995034,0.827021176002745
UTM-NN,379,nn,78.61057692307692,0.6399787510017632,0.8215147289956803
UTM-NN,380,nn,78.72596153846155,0.5786510550024104,0.8191678459988907
UTM-NN,381,nn,78.57211538461539,0.5744052719965111,0.8130831959933857
UTM-NN,382,nn,78.5673076923077,0.520065128999704,0.8328217320013209
UTM-NN,383,nn,78.58653846153845,0.6266283860022668,0.8253489950002404
UTM-NN,384,nn,78.65865384615385,0.5896469209983479,0.826626595997368
UTM-NN,385,nn,78.60096153846153,0.6315291759965476,0.8305031999989296
UTM-NN,386,nn,78.73076923076923,0.5911138579976978,0.8150689780013636
UTM-NN,387,nn,78.64423076923077,0.6367166199997882,0.8093863679969218
UTM-NN,388,nn,78.57211538461539,0.5377214209947851,0.8224410580005497
UTM-NN,389,nn,78.55288461538461,0.5727564080007141,0.8177413230005186
UTM-NN,390,nn,78.59615384615385,0.575237166005536,0.8212941840029089
UTM-NN,391,nn,78.63942307692308,0.5711838150018593,0.8332520210024086
UTM-NN,392,nn,78.64423076923077,0.580848691999563,0.8139906270007486
UTM-NN,393,nn,78.72115384615384,0.6229784120005206,0.8283028459991328
UTM-NN,394,nn,78.71153846153847,0.5851923439986422,0.8160991799959447
UTM-NN,395,nn,78.67788461538461,0.614371645002393,0.82008289899386
UTM-NN,396,nn,78.6875,0.5836854119988857,0.8139521699995385
UTM-NN,397,nn,78.6875,0.6185480849962914,0.8159064249994117
UTM-NN,398,nn,78.55288461538461,0.5844507020010496,0.8033327090015518
UTM-NN,399,nn,78.60576923076923,0.6292686629967648,0.8155299169957289
UTM-NN,400,nn,78.58173076923077,0.5825270240020473,0.8346835699994699
UTM-NN,401,nn,78.52884615384616,0.642098475000239,0.8205431959941052
UTM-NN,402,nn,78.61057692307692,0.5633602020025137,0.8211383130037575
UTM-NN,403,nn,78.60576923076923,0.6448927719975472,0.829467684001429
UTM-NN,404,nn,78.5673076923077,0.5750500630019815,0.827431229998183
UTM-NN,405,nn,78.65865384615385,0.6365264090054552,0.8277538750044187
UTM-NN,406,nn,78.59615384615385,0.582366426999215,0.8334638250016724
UTM-NN,407,nn,78.6826923076923,0.5865714510000544,0.8287692839949159
UTM-NN,408,nn,78.64903846153845,0.5798437150006066,0.8193769979989156
UTM-NN,409,nn,78.69711538461537,0.5792696339995018,0.8250200090042199
UTM-NN,410,nn,78.59615384615385,0.5930929059977643,0.820559020001383
UTM-NN,411,nn,78.60096153846153,0.6372303909956827,0.8325231010021525
UTM-NN,412,nn,78.73076923076923,0.5875643469989882,0.8369798070052639
UTM-NN,413,nn,78.66826923076923,0.6341511420032475,0.8373205719981343
UTM-NN,414,nn,78.42307692307692,0.5880103279996547,0.832920799999556
UTM-NN,415,nn,78.57692307692308,0.6384284349987865,0.8294257720044698
UTM-NN,416,nn,78.66346153846155,0.572020164996502,0.8320197239954723
UTM-NN,417,nn,78.53365384615385,0.6362967180029955,0.8413482829928398
UTM-NN,418,nn,78.5576923076923,0.586151339004573,0.8361225650005508
UTM-NN,419,nn,78.73076923076923,0.6156204699946102,0.8268902600029833
UTM-NN,420,nn,78.6826923076923,0.5869664009951521,0.824019056999532
UTM-NN,421,nn,78.64903846153845,0.6412799480021931,0.8313027969998075
UTM-NN,422,nn,78.74038461538461,0.5615142430033302,0.8240566809981829
UTM-NN,423,nn,78.42788461538461,0.6377336280056625,0.8218787509977119
UTM-NN,424,nn,78.5625,0.5739184379999642,0.8236470470001223
UTM-NN,425,nn,78.67788461538461,0.5845118530050968,0.8320184489930398
UTM-NN,426,nn,78.5576923076923,0.559999892997439,0.8231448459991952
UTM-NN,427,nn,78.5,0.5998080800054595,0.8249423789966386
UTM-NN,428,nn,78.67307692307692,0.5294148289976874,0.8256519179994939
UTM-NN,429,nn,78.63942307692308,0.5732881349977106,0.8335872880052193
UTM-NN,430,nn,78.63942307692308,0.5168708189958124,0.8265984570025466
UTM-NN,431,nn,78.72596153846155,0.5850842720028595,0.8323577430055593
UTM-NN,432,nn,78.57692307692308,0.5206207789960899,0.8394082659942796
UTM-NN,433,nn,78.67307692307692,0.5715705249967868,0.8289153929945314
UTM-NN,434,nn,78.65384615384615,0.5871020069971564,0.8260771139975986
UTM-NN,435,nn,78.6923076923077,0.646196615001827,0.8414456530008465
UTM-NN,436,nn,78.73557692307692,0.5843506840028567,0.8395022669938044
UTM-NN,437,nn,78.61057692307692,0.6422415800043382,0.8277128750050906
UTM-NN,438,nn,78.5625,0.5867163469956722,0.8326786580000771
UTM-NN,439,nn,78.57692307692308,0.6424356319985236,0.8217067570003564
UTM-NN,440,nn,78.63461538461539,0.5790504079996026,0.8233634750067722
UTM-NN,441,nn,78.66826923076923,0.6413687050007866,0.8198348820005776
UTM-NN,442,nn,78.64903846153845,0.5609605069985264,0.8208875820055255
UTM-NN,443,nn,78.7548076923077,0.634631471002649,0.828001421999943
UTM-NN,444,nn,78.5,0.5830465339968214,0.8186154930008342
UTM-NN,445,nn,78.66346153846155,0.632793484001013,0.8390902760002064
UTM-NN,446,nn,78.63461538461539,0.5896968159941025,0.8298477249991265
UTM-NN,447,nn,78.64423076923077,0.650124826002866,0.8261633299989626
UTM-NN,448,nn,78.625,0.5366934780031443,0.8300993170050788
UTM-NN,449,nn,78.63942307692308,0.5698603729979368,0.8378884349949658
UTM-NN,450,nn,78.6298076923077,0.521650636997947,0.8235979969977052
UTM-NN,451,nn,78.4423076923077,0.5760268439989886,0.8238723690010374
UTM-NN,452,nn,78.4375,0.5202272239985177,0.8304190650014789
UTM-NN,453,nn,78.59134615384616,0.5726828680053586,0.8228536500027985
UTM-NN,454,nn,78.6826923076923,0.5228135700017447,0.8182690699977684
UTM-NN,455,nn,78.625,0.5742281299972092,0.8308841260004556
UTM-NN,456,nn,78.57211538461539,0.5880961000002571,0.8243034340048325
UTM-NN,457,nn,78.61538461538461,0.6332180699973833,0.8225712030034629
UTM-NN,458,nn,78.70192307692308,0.5889485350053292,0.8199194150001858
UTM-NN,459,nn,78.61057692307692,0.6330332849975093,0.8023636729994905
UTM-NN,460,nn,78.61538461538461,0.5391212789982092,0.8131918939980096
UTM-NN,461,nn,78.59615384615385,0.5965766930021346,0.8226760010002181
UTM-NN,462,nn,78.66346153846155,0.5214669550041435,0.8109320379953715
UTM-NN,463,nn,78.63942307692308,0.6026579610042972,0.81028619800054
UTM-NN,464,nn,78.59134615384616,0.5797069479958736,0.8204420029942412
UTM-NN,465,nn,78.61057692307692,0.6435013079972123,0.8256137560019852
UTM-NN,466,nn,78.5673076923077,0.578650136005308,0.8252541980036767
UTM-NN,467,nn,78.67788461538461,0.6351736180004082,0.8216827529977309
UTM-NN,468,nn,78.61057692307692,0.5712061789963627,0.823748382004851
UTM-NN,469,nn,78.54807692307692,0.6320742020034231,0.8230458010002621
UTM-NN,470,nn,78.73076923076923,0.5648337630045717,0.8251177620040835
UTM-NN,471,nn,78.69711538461537,0.5721348930019303,0.8279501139986678
UTM-NN,472,nn,78.73076923076923,0.5198097810061881,0.8215256469993619
UTM-NN,473,nn,78.76442307692308,0.6385016810017987,0.8205694099960965
UTM-NN,474,nn,78.61057692307692,0.559628866998537,0.8290901529981056
UTM-NN,475,nn,78.72596153846155,0.6340065809999942,0.8174071489993366
UTM-NN,476,nn,78.57211538461539,0.5739180820019101,0.8253675259984448
UTM-NN,477,nn,78.64903846153845,0.575173322999035,0.8158573980035726
UTM-NN,478,nn,78.59615384615385,0.522261846002948,0.8164879739997559
UTM-NN,479,nn,78.5048076923077,0.5839330689996132,0.8229818879990489
UTM-NN,480,nn,78.57692307692308,0.5279984200024046,0.8251028619997669
UTM-NN,481,nn,78.72115384615384,0.6340865050005959,0.8205733400027384
UTM-NN,482,nn,78.72596153846155,0.5761379460018361,0.8212030260037864
UTM-NN,483,nn,78.625,0.6046291079983348,0.8237388790003024
UTM-NN,484,nn,78.63461538461539,0.5844226249973872,0.8248482720009633
UTM-NN,485,nn,78.54326923076923,0.6068879170052242,0.8152611900004558
UTM-NN,486,nn,78.46153846153847,0.5555765190001694,0.8226247569982661
UTM-NN,487,nn,78.6201923076923,0.612273514001572,0.8194857630005572
UTM-NN,488,nn,78.57211538461539,0.5650620529995649,0.8289416619954864
UTM-NN,489,nn,78.66826923076923,0.6291459119966021,0.8336191540001892
UTM-NN,490,nn,78.66346153846155,0.5543015980001655,0.8203655019970029
UTM-NN,491,nn,78.70192307692308,0.5843040999970981,0.8167113259987673
UTM-NN,492,nn,78.6875,0.5873939840021194,0.8330538469963358
UTM-NN,493,nn,78.70192307692308,0.6337612659990555,0.8257756579987472
UTM-NN,494,nn,78.63461538461539,0.5923449130059453,0.8263249919982627
UTM-NN,495,nn,78.58173076923077,0.6148966480031959,0.8256768709979951
UTM-NN,496,nn,78.6826923076923,0.5229509739947389,0.8294613519974519
UTM-NN,497,nn,78.63942307692308,0.5856231180005125,0.8385146459986572
UTM-NN,498,nn,78.6826923076923,0.574980338999012,0.8220299820022774
UTM-NN,499,nn,78.65865384615385,0.6311110249953344,0.8223874050017912
UTM-NN,500,nn,78.51923076923077,0.592383807997976,0.8190661210028338
