method,epoch,model_type,test_accuracy,train_time,test_time
UTM,1,tm,78.36,0.47422369900004924,0.06015703299999586
UTM,2,tm,79.17,0.4300931269999637,0.060338402000070346
UTM,3,tm,79.67999999999999,0.4346729320000122,0.05988917300010144
UTM,4,tm,80.01,0.4357583659998454,0.0603212039995924
UTM,5,tm,80.32000000000001,0.42445609100013826,0.06017531599991344
UTM,6,tm,80.25,0.42325286100003723,0.06030288900001324
UTM,7,tm,80.7,0.4184305629996743,0.0604659140003605
UTM,8,tm,80.30000000000001,0.4200896899997133,0.06092846000001373
UTM,9,tm,80.53,0.42176408900013485,0.06007114099975297
UTM,10,tm,80.47999999999999,0.42614330099968356,0.06048313800010874
UTM,11,tm,80.36,0.42898455199974705,0.06039127199983341
UTM,12,tm,80.03,0.41667158600012044,0.060651383999811515
UTM,13,tm,80.64,0.42644903699965653,0.06028231999971467
UTM,14,tm,80.52,0.4168718020000597,0.06180614400000195
UTM,15,tm,80.73,0.42239036999990276,0.060422550999646774
UTM,16,tm,80.77,0.4238976520000506,0.06043104800028232
UTM,17,tm,80.58,0.4262834969999858,0.06037943699993775
UTM,18,tm,80.81,0.4176482899997609,0.060552060999725654
UTM,19,tm,80.75,0.4141397089997554,0.060168531000272196
UTM,20,tm,80.67,0.41477024699997855,0.060095282000020234
UTM,21,tm,80.84,0.41550453699983336,0.06053722299975561
UTM,22,tm,80.99,0.412248573999932,0.060558156999832136
UTM,23,tm,80.66,0.41849353000043266,0.05998993499997596
UTM,24,tm,80.69,0.41609587099992495,0.060420137999699364
UTM,25,tm,80.71000000000001,0.4133374829998502,0.060668372999771236
UTM,26,tm,80.63,0.4115769889999683,0.06037048700000014
UTM,27,tm,80.75,0.41741393099982815,0.06040033299996139
UTM,28,tm,80.72,0.4144291580000754,0.06015783199973157
UTM,29,tm,80.56,0.4153524150001431,0.06035398799986069
UTM,30,tm,80.81,0.4137678719998803,0.06019758399997954
UTM,31,tm,80.74,0.4207965860000513,0.060602453999763384
UTM,32,tm,80.82000000000001,0.40967763800017565,0.06162795799991727
UTM,33,tm,80.78999999999999,0.4168150139998943,0.059897872999954416
UTM,34,tm,80.77,0.4194814090001273,0.059477677999893785
UTM,35,tm,80.78999999999999,0.4151107789998605,0.05971460799992201
UTM,36,tm,80.86,0.418082750999929,0.06130663199974151
UTM,37,tm,80.81,0.4270072060003258,0.06117755400009628
UTM,38,tm,80.74,0.423056650000035,0.06097217599972282
UTM,39,tm,80.71000000000001,0.4157118619996254,0.06090415500011659
UTM,40,tm,80.97999999999999,0.4199720710003021,0.06073645200012834
UTM,41,tm,80.85,0.42793842799983395,0.06038072399996963
UTM,42,tm,80.93,0.419002196999827,0.0615143140003056
UTM,43,tm,80.88,0.4163491389999763,0.06126891800022349
UTM,44,tm,80.97,0.417628582999896,0.06130358400014302
UTM,45,tm,80.77,0.4108341350001865,0.06481612700008554
UTM,46,tm,80.97999999999999,0.4190476359999593,0.060557292999874335
UTM,47,tm,80.96,0.42300363000003927,0.06002416899991658
UTM,48,tm,80.84,0.41781647800007704,0.06045673900007387
UTM,49,tm,80.92,0.42377565899960246,0.0604858689998764
UTM,50,tm,80.73,0.43100109599981806,0.0606212319999031
UTM,51,tm,80.91000000000001,0.41777430399997684,0.060157806999995955
UTM,52,tm,80.87,0.4182651769997392,0.06020267599978979
UTM,53,tm,80.74,0.42769549000013285,0.06031653699983508
UTM,54,tm,80.57,0.4123676730000625,0.061515289999988454
UTM,55,tm,80.82000000000001,0.41369668800007275,0.06050324500029092
UTM,56,tm,80.7,0.41144351399998413,0.06065705800028809
UTM,57,tm,80.85,0.42078512999978557,0.06048607299999276
UTM,58,tm,80.94,0.42465148499968564,0.06059909199984759
UTM,59,tm,80.71000000000001,0.4253813190002802,0.060244805999900564
UTM,60,tm,80.83,0.41704547300014383,0.06125675899966154
UTM,61,tm,80.83,0.40894059899983404,0.060847921000004135
UTM,62,tm,80.67999999999999,0.4209529070003555,0.06059317800009012
UTM,63,tm,80.80000000000001,0.4089223490000222,0.06059069499997349
UTM,64,tm,80.77,0.4128396429996428,0.06045797600017977
UTM,65,tm,80.97,0.41925069000035364,0.06046761499965214
UTM,66,tm,80.67999999999999,0.4245907080003235,0.060314584000025206
UTM,67,tm,80.82000000000001,0.4272956049999266,0.060422063000260096
UTM,68,tm,80.74,0.4250217000003431,0.06024117699962517
UTM,69,tm,80.85,0.41863220999994155,0.06035496899994541
UTM,70,tm,80.78,0.42448411399982433,0.06030290099988633
UTM,71,tm,80.76,0.40648884599977464,0.060057659999984025
UTM,72,tm,80.84,0.41774969400012196,0.060731049999958486
UTM,73,tm,80.72,0.42911596300018573,0.06071077400019931
UTM,74,tm,80.69,0.40989482000031785,0.05945269999983793
UTM,75,tm,80.84,0.41565649799986204,0.06034550399999716
UTM,76,tm,80.65,0.41842349200032913,0.05997514599994247
UTM,77,tm,80.91000000000001,0.41678942999988067,0.06115657400005148
UTM,78,tm,80.81,0.4174759970001105,0.06001867900022262
UTM,79,tm,80.84,0.4110696239999925,0.05968980999978157
UTM,80,tm,80.78999999999999,0.42849976600018636,0.05925588999980391
UTM,81,tm,80.85,0.41528503800009275,0.06031882499974017
UTM,82,tm,80.76,0.4272400539998671,0.05849583899998834
UTM,83,tm,80.67999999999999,0.41989126900034535,0.060203495000223484
UTM,84,tm,80.69,0.41489746100023694,0.060185493000062706
UTM,85,tm,80.69,0.42323596799997176,0.05982439799981876
UTM,86,tm,80.67,0.41334561600024244,0.06272919299999558
UTM,87,tm,80.74,0.4177791909996813,0.0600342439997803
UTM,88,tm,80.54,0.4284492599999794,0.06035135000001901
UTM,89,tm,80.73,0.4233391269999629,0.060503624999910244
UTM,90,tm,80.47,0.4238678209999307,0.060335419999773876
UTM,91,tm,80.60000000000001,0.4291859210002258,0.06222022400015703
UTM,92,tm,80.61,0.4180295510000178,0.06065791299988632
UTM,93,tm,80.87,0.4188730079999914,0.060421470000164845
UTM,94,tm,80.93,0.4328665399998499,0.05999634700037859
UTM,95,tm,80.74,0.4248793439996916,0.05997393899997405
UTM,96,tm,80.94,0.42521127400004843,0.061849064999933034
UTM,97,tm,80.78999999999999,0.4273890429999483,0.060021838000011485
UTM,98,tm,80.85,0.4393932059997496,0.06061574500017741
UTM,99,tm,80.91000000000001,0.4339816859996972,0.06499372000007497
UTM,100,tm,80.78,0.4154079370000545,0.061310147999847686
UTM,101,tm,80.95,0.4249704090002524,0.06279443899984471
UTM,102,tm,80.92,0.4251326089997747,0.06085838099988905
UTM,103,tm,80.86,0.43152164499997525,0.06521889000032388
UTM,104,tm,80.7,0.4276771780000672,0.06287496400000236
UTM,105,tm,80.67,0.41127269600019645,0.05949670500012871
UTM,106,tm,80.7,0.42966770599969095,0.0604208669997206
UTM,107,tm,80.88,0.41866315900006157,0.0659141810001529
UTM,108,tm,80.87,0.42106069000010393,0.05994435100001283
UTM,109,tm,80.84,0.4289522340000076,0.06066338499977064
UTM,110,tm,81.03,0.427837260999695,0.06002994900018166
UTM,111,tm,80.89,0.42988762800041513,0.06065250899973762
UTM,112,tm,80.97,0.42306448499994076,0.059501184999589896
UTM,113,tm,80.88,0.4318749620001654,0.060483448000013595
UTM,114,tm,81.03,0.4229439219998312,0.06041397400031201
UTM,115,tm,80.9,0.4197465080001166,0.06038211500026591
UTM,116,tm,81.13,0.42277342899978976,0.061605526999755966
UTM,117,tm,80.99,0.4309622999999192,0.060324558000047546
UTM,118,tm,80.91000000000001,0.43003130899978714,0.06046637600002214
UTM,119,tm,81.03,0.4178909849997581,0.060811870000179624
UTM,120,tm,80.88,0.43482703900008346,0.060158920000048965
UTM,121,tm,80.9,0.4197142600000916,0.060113327000181016
UTM,122,tm,80.92,0.42315003900012016,0.059991575999902125
UTM,123,tm,80.82000000000001,0.4228224810003667,0.06045038999991448
UTM,124,tm,80.80000000000001,0.43796393000002354,0.06049883200012118
UTM,125,tm,80.82000000000001,0.4206618170001093,0.06190243599985479
UTM,126,tm,80.84,0.42471716399995785,0.061236019999796554
UTM,127,tm,80.81,0.42172927299998264,0.06115965400022105
UTM,128,tm,80.85,0.42906534299982013,0.05885916599982011
UTM,129,tm,80.72,0.4166485699997793,0.06061542699990241
UTM,130,tm,80.96,0.4194968790002349,0.06042666100029237
UTM,131,tm,80.84,0.42473480000035124,0.06062840200002029
UTM,132,tm,80.96,0.4225190030001613,0.06016888000021936
UTM,133,tm,80.78999999999999,0.4232758789999025,0.06043097600013425
UTM,134,tm,80.85,0.426524857000004,0.06041577599989978
UTM,135,tm,81.11,0.41839549499991335,0.06037653200019122
UTM,136,tm,81.06,0.42974759400021867,0.0602491029999328
UTM,137,tm,80.94,0.4237550299999384,0.06017414899997675
UTM,138,tm,80.73,0.4210034759998962,0.06033036200005881
UTM,139,tm,81.10000000000001,0.4188555159998941,0.06063506500004223
UTM,140,tm,80.99,0.43244514000025447,0.06032792399992104
UTM,141,tm,80.85,0.4151716110000052,0.0617733640001461
UTM,142,tm,80.95,0.4332950109997,0.0605907969998043
UTM,143,tm,80.74,0.4218607839998185,0.06015660299999581
UTM,144,tm,81.06,0.4200416319999931,0.06073286899982122
UTM,145,tm,81.11,0.42849657900023885,0.059836089000327775
UTM,146,tm,81.07,0.4213681850001194,0.06005194299996219
UTM,147,tm,81.08999999999999,0.42451180900025065,0.05979911400027049
UTM,148,tm,80.94,0.4173025019999841,0.060196569000254385
UTM,149,tm,81.01,0.42150126500018814,0.061114160000215634
UTM,150,tm,81.01,0.42139715500024977,0.06154734100027781
UTM,151,tm,81.04,0.43163388399989344,0.06094551099977252
UTM,152,tm,81.06,0.4266863289999492,0.06052447999991273
UTM,153,tm,80.97999999999999,0.42948582400003943,0.06043561100022998
UTM,154,tm,80.88,0.4295358510003098,0.061510292000093614
UTM,155,tm,80.97,0.4287760110000818,0.06028391699965141
UTM,156,tm,80.95,0.4317239460001474,0.06034896699975434
UTM,157,tm,81.01,0.4351914539997779,0.061276954999812006
UTM,158,tm,80.97,0.4401194970000688,0.061271442000361276
UTM,159,tm,81.02000000000001,0.42961314100011805,0.060463115999937145
UTM,160,tm,80.99,0.4182394879999265,0.061795219000032375
UTM,161,tm,80.83,0.43534922300023027,0.0634291530000155
UTM,162,tm,80.86,0.4287010650000411,0.060365107000052376
UTM,163,tm,80.89,0.4289653820001149,0.06075121499998204
UTM,164,tm,80.88,0.4285122719998071,0.06093266500010941
UTM,165,tm,80.80000000000001,0.4320892249997996,0.061549579000256927
UTM,166,tm,80.94,0.42558372299981784,0.06559322000020984
UTM,167,tm,80.95,0.4336811329999364,0.06026350899992394
UTM,168,tm,80.92,0.43250542200030395,0.05998277899971072
UTM,169,tm,81.04,0.4324920680001014,0.060405766000258154
UTM,170,tm,80.92,0.42714976900015245,0.06141888399997697
UTM,171,tm,80.84,0.4280563639999855,0.059605617000215716
UTM,172,tm,80.94,0.4298015529998338,0.06551146099991456
UTM,173,tm,80.82000000000001,0.4298744269999588,0.06454610499986302
UTM,174,tm,80.97,0.4328697200003262,0.06068560999983674
UTM,175,tm,80.92,0.4315722410001399,0.06029211499981102
UTM,176,tm,80.75,0.42155304099969726,0.06037290800031769
UTM,177,tm,80.80000000000001,0.4349694930001533,0.06051627000033477
UTM,178,tm,80.89,0.4163732729998628,0.06053816800022105
UTM,179,tm,80.87,0.4323694120002983,0.06032141199966645
UTM,180,tm,80.9,0.4222424700001284,0.06081707500015909
UTM,181,tm,80.7,0.4308131959996899,0.060494271000152366
UTM,182,tm,80.83,0.4245105869999861,0.059901212000113446
UTM,183,tm,80.85,0.43074623299980885,0.060521403000166174
UTM,184,tm,80.56,0.4189194830000815,0.060712230000262934
UTM,185,tm,80.86,0.4208757300002617,0.06037202300012723
UTM,186,tm,80.74,0.4215127739998934,0.060561749000044074
UTM,187,tm,80.81,0.42656197599990264,0.060733194000022195
UTM,188,tm,80.9,0.43226237299995773,0.06052565099980711
UTM,189,tm,80.62,0.42429054900003393,0.06032055100013167
UTM,190,tm,80.66,0.43067256600033943,0.06164278300002479
UTM,191,tm,80.78999999999999,0.43719132700016416,0.06057471500025713
UTM,192,tm,80.64,0.4285714340003324,0.06031528100038486
UTM,193,tm,80.85,0.4318713789998583,0.06112066600007893
UTM,194,tm,80.88,0.4210387040002388,0.060547976000179915
UTM,195,tm,80.78,0.4254834359999222,0.06147601200018471
UTM,196,tm,80.76,0.4277170689997547,0.06089182899995649
UTM,197,tm,80.87,0.432334444999924,0.060228636000374536
UTM,198,tm,80.7,0.42614831800028696,0.0607561080000778
UTM,199,tm,80.78999999999999,0.4326739420002923,0.06148468099991078
UTM,200,tm,80.96,0.43796616400004496,0.0634826539999267
UTM,201,tm,80.82000000000001,0.4322756249998747,0.06042718099979538
UTM,202,tm,80.77,0.43148370400012936,0.060406538999814074
UTM,203,tm,80.92,0.4266819569998006,0.06130463400040753
UTM,204,tm,80.74,0.4328135549999388,0.060661407000225154
UTM,205,tm,80.7,0.4290189950002059,0.06522886799984917
UTM,206,tm,80.71000000000001,0.4242782200003603,0.06048163600007683
UTM,207,tm,80.69,0.43281053700002303,0.0622238109999671
UTM,208,tm,80.7,0.4298175930002799,0.061806981999779964
UTM,209,tm,80.91000000000001,0.4353042859997913,0.060696630999700574
UTM,210,tm,80.95,0.4304914959998314,0.06036177699979817
UTM,211,tm,80.95,0.4284637499999917,0.06047936499999196
UTM,212,tm,80.65,0.43016792499975054,0.06075472200018339
UTM,213,tm,80.77,0.43040784599998005,0.06588548599984279
UTM,214,tm,80.76,0.4224973569998838,0.06665856500012524
UTM,215,tm,80.85,0.42630573199994615,0.06046689900040292
UTM,216,tm,80.88,0.4243209480000587,0.06001091300004191
UTM,217,tm,80.76,0.4280948390000958,0.06073096299996905
UTM,218,tm,80.97,0.42313362699997015,0.06075726200015197
UTM,219,tm,80.96,0.4246364169998742,0.060506325000005745
UTM,220,tm,81.03,0.42671996400031276,0.06078486599972166
UTM,221,tm,80.95,0.4345531829999345,0.06052919399962775
UTM,222,tm,80.83,0.4340999920000286,0.06084413200005656
UTM,223,tm,80.89,0.4288413889998992,0.06102282500023648
UTM,224,tm,80.85,0.42772293000007267,0.06059909900022831
UTM,225,tm,80.91000000000001,0.42517906100010805,0.06115910700009408
UTM,226,tm,80.94,0.42762133599990193,0.06064872200022364
UTM,227,tm,80.85,0.43006744000012986,0.06052122000028248
UTM,228,tm,80.88,0.43011710400014636,0.06117898699994839
UTM,229,tm,81.02000000000001,0.4315975089998574,0.06655687200009197
UTM,230,tm,80.81,0.43447261700021045,0.06355626999993547
UTM,231,tm,80.72,0.43351475999998,0.06035416500026258
UTM,232,tm,80.85,0.43330597699969076,0.06045357699986198
UTM,233,tm,80.76,0.4268896419998782,0.06088210200005051
UTM,234,tm,80.66,0.4316930080003658,0.06098008099979779
UTM,235,tm,80.7,0.4278413570000339,0.06075555000006716
UTM,236,tm,80.78,0.4337341999998898,0.06066256300027817
UTM,237,tm,80.87,0.4475447750000967,0.06022098099992945
UTM,238,tm,81.04,0.42635277600038535,0.059721340000123746
UTM,239,tm,80.80000000000001,0.4320019480001065,0.06056216000024506
UTM,240,tm,80.75,0.42534797200005414,0.06231066700001975
UTM,241,tm,80.80000000000001,0.4331874549998247,0.060764282000036474
UTM,242,tm,80.9,0.43087147500000356,0.06040934200018455
UTM,243,tm,80.81,0.4265113559999918,0.06003073500005485
UTM,244,tm,80.74,0.4255423370000244,0.06031907199985653
UTM,245,tm,80.81,0.4174728680000044,0.06125746799989429
UTM,246,tm,80.85,0.42639787799998885,0.06075231499971778
UTM,247,tm,80.89,0.4348703000000569,0.06052350700019815
UTM,248,tm,80.85,0.42646138999998584,0.0604068620000362
UTM,249,tm,80.75,0.4298942629998237,0.06007048499986922
UTM,250,tm,80.95,0.4297534480001559,0.06039628899998206
UTM,251,tm,81.04,0.42438058600009754,0.06035910199989303
UTM,252,tm,81.07,0.43680994599981204,0.06049105400006738
UTM,253,tm,80.95,0.4353868190000867,0.06125760800023272
UTM,254,tm,80.88,0.42763217699985034,0.06055024399984177
UTM,255,tm,80.82000000000001,0.4258389429996896,0.06521815600035552
UTM,256,tm,80.84,0.4255792079998173,0.06112779400018553
UTM,257,tm,80.78,0.42654554799992184,0.06077804999995351
UTM,258,tm,80.74,0.4225449939999635,0.06555614399985643
UTM,259,tm,80.73,0.433433332000277,0.06053737199999887
UTM,260,tm,80.9,0.4339468130001478,0.060729366000032314
UTM,261,tm,80.89,0.4404261760000736,0.061486822000006214
UTM,262,tm,80.78999999999999,0.4299117750001642,0.060389449000012974
UTM,263,tm,80.75,0.43278119200022047,0.060320221999973
UTM,264,tm,80.74,0.4297086130000025,0.06137088500008758
UTM,265,tm,80.67,0.43699667800001407,0.05921911199993701
UTM,266,tm,80.85,0.44094091599981766,0.061755309000091074
UTM,267,tm,80.97,0.4386318020001454,0.06073909299993829
UTM,268,tm,80.75,0.43517809800005125,0.06431273799989867
UTM,269,tm,80.67,0.4345360770003026,0.06027799399998912
UTM,270,tm,80.7,0.4186842220001381,0.05989762500030338
UTM,271,tm,80.52,0.433664115999818,0.0644992029997411
UTM,272,tm,80.69,0.43683892400031255,0.060280573000000004
UTM,273,tm,80.74,0.43235323199996856,0.061072721000073216
UTM,274,tm,80.72,0.4381187349999891,0.060186220000105095
UTM,275,tm,80.78,0.43348054499983846,0.060495481999623735
UTM,276,tm,80.5,0.43683910300023854,0.060210887999801344
UTM,277,tm,80.7,0.43306715400012763,0.06057037100026719
UTM,278,tm,80.63,0.4312873049998416,0.060128473000077065
UTM,279,tm,80.84,0.4286458589999711,0.060563294000075985
UTM,280,tm,80.62,0.43379072400011864,0.060410538999803975
UTM,281,tm,80.89,0.4336113990002559,0.060369903999799135
UTM,282,tm,80.55,0.42767188300013004,0.059677927999928215
UTM,283,tm,80.72,0.42700144199989154,0.059347634999994625
UTM,284,tm,80.57,0.43731925800011595,0.060290717000043514
UTM,285,tm,80.64,0.4350501839999197,0.06049499399978231
UTM,286,tm,80.72,0.4364058309997745,0.06045516399990447
UTM,287,tm,80.87,0.4344651410001461,0.06044252100036829
UTM,288,tm,80.63,0.43375583999977607,0.06047054600003321
UTM,289,tm,80.72,0.4340167800000927,0.06018107899990355
UTM,290,tm,80.63,0.4262144529998295,0.060433080999700906
UTM,291,tm,80.75,0.43701141399969856,0.059817933999966044
UTM,292,tm,80.58999999999999,0.42980665200002477,0.06043683899997632
UTM,293,tm,80.65,0.43542376599998533,0.060351515999627736
UTM,294,tm,80.64,0.43123072800017326,0.060754033000193886
UTM,295,tm,80.63,0.4358689929999855,0.060315027000342525
UTM,296,tm,80.56,0.42573163799988833,0.06065592999993896
UTM,297,tm,80.83,0.43299638200005575,0.06037204799986284
UTM,298,tm,80.66,0.4355562360001386,0.06010323400005291
UTM,299,tm,80.38,0.43446177300029376,0.05961118499999429
UTM,300,tm,80.67,0.4377435559999867,0.060681987999942066
UTM,301,tm,80.61,0.4321216009998352,0.0606894369998372
UTM,302,tm,80.52,0.42532978999997795,0.059939051999663207
UTM,303,tm,80.5,0.43314379999992525,0.060292012999980216
UTM,304,tm,80.41,0.4329458470001555,0.0601041179997992
UTM,305,tm,80.55,0.4233322979998775,0.06074701700026708
UTM,306,tm,80.76,0.4320539400000598,0.06058871499999441
UTM,307,tm,80.64,0.4361851580001712,0.061383449000004475
UTM,308,tm,80.81,0.43797439399986615,0.061265575000106764
UTM,309,tm,80.49,0.428382043000056,0.058433138000054896
UTM,310,tm,80.54,0.4317070850001983,0.060564731000340544
UTM,311,tm,80.58999999999999,0.42905442000028415,0.06101479900007689
UTM,312,tm,80.58,0.4375133119997372,0.059336711000014475
UTM,313,tm,80.63,0.43447494800011555,0.059647426000083215
UTM,314,tm,80.56,0.4330109590000575,0.06021863100022529
UTM,315,tm,80.53,0.43141789400033304,0.05953899199994339
UTM,316,tm,80.58,0.4382584759996462,0.05900133500017546
UTM,317,tm,80.54,0.44750377499985916,0.06163360399978046
UTM,318,tm,80.83,0.42881181599977936,0.06586204999985057
UTM,319,tm,80.67999999999999,0.4292214120000608,0.061520239999936166
UTM,320,tm,80.64,0.4379762439998558,0.059947462000309315
UTM,321,tm,80.52,0.4425763430003826,0.05978392699989854
UTM,322,tm,80.78999999999999,0.42959488599990436,0.060549200999957975
UTM,323,tm,80.83,0.42395103400031076,0.061513191999893024
UTM,324,tm,80.76,0.43872663999991346,0.06039934299997185
UTM,325,tm,80.84,0.43040769700019155,0.06152509100002135
UTM,326,tm,80.82000000000001,0.4235062359998665,0.06110537899985502
UTM,327,tm,80.77,0.43210447000001295,0.06143489400028557
UTM,328,tm,80.52,0.4342749450001975,0.060911066999778996
UTM,329,tm,80.69,0.43106487100021695,0.06010216599997875
UTM,330,tm,80.64,0.43772050300003684,0.06217217800030994
UTM,331,tm,80.76,0.430166626999835,0.05997729199998503
UTM,332,tm,80.76,0.43749008499980846,0.060889004999808094
UTM,333,tm,80.77,0.4340704830001414,0.06017920300018886
UTM,334,tm,80.74,0.44386678299997584,0.059529768000174954
UTM,335,tm,80.7,0.4331521609997253,0.06028840999988461
UTM,336,tm,80.88,0.4362922619998244,0.060484139999971376
UTM,337,tm,80.97,0.4316033199997946,0.06029160999969463
UTM,338,tm,80.94,0.4370456199999353,0.060537255000326695
UTM,339,tm,80.95,0.437113730999954,0.06030493599973852
UTM,340,tm,80.81,0.446068060000016,0.0600136409998413
UTM,341,tm,80.89,0.4340774870001951,0.06102064100014104
UTM,342,tm,80.89,0.4365150889998404,0.06114761999970142
UTM,343,tm,80.67999999999999,0.4340954949998377,0.06020901400006551
UTM,344,tm,80.69,0.4285091619999548,0.06085254400022677
UTM,345,tm,80.75,0.4404044329999124,0.06075107600008778
UTM,346,tm,80.91000000000001,0.4306341540000176,0.061083105000307114
UTM,347,tm,80.75,0.4346107360001952,0.05911184099977618
UTM,348,tm,80.80000000000001,0.4364916669997001,0.060114319999684085
UTM,349,tm,80.88,0.43025256400005674,0.0607013819999338
UTM,350,tm,80.77,0.43347102000007,0.06044736000012563
UTM,351,tm,80.63,0.4362565100000211,0.06033319499965728
UTM,352,tm,80.86,0.44133881700008715,0.060332159999688884
UTM,353,tm,80.63,0.4394880199997715,0.060429404999922554
UTM,354,tm,80.81,0.42868187500016575,0.06068192299971997
UTM,355,tm,80.54,0.43787605600027746,0.061161576000358764
UTM,356,tm,80.72,0.4294208310002432,0.06123848300012469
UTM,357,tm,80.69,0.4338231120000273,0.06007813399992301
UTM,358,tm,80.72,0.43910049900023296,0.060247354000239284
UTM,359,tm,80.67999999999999,0.4298801899999489,0.06034170400016592
UTM,360,tm,80.64,0.4330886290003946,0.06059033199971964
UTM,361,tm,80.47,0.4319070940000529,0.06030555100005586
UTM,362,tm,80.47999999999999,0.43536310100034825,0.060402488999898196
UTM,363,tm,80.55,0.43936516499979916,0.0608876300002521
UTM,364,tm,80.54,0.4378354919999765,0.060163202000239835
UTM,365,tm,80.57,0.43385003899993535,0.059944316999917646
UTM,366,tm,80.5,0.4281171429997812,0.05913463099977889
UTM,367,tm,80.51,0.4352834960000109,0.060154404000059
UTM,368,tm,80.58,0.4346424810000826,0.059718032000091625
UTM,369,tm,80.41,0.4366393610002888,0.06064008900011686
UTM,370,tm,80.74,0.43562275999966005,0.0586987209999279
UTM,371,tm,80.87,0.4369156100001419,0.0599209410002004
UTM,372,tm,80.65,0.43313874599971314,0.06062117199962813
UTM,373,tm,80.61,0.43023133900032917,0.05969101899972884
UTM,374,tm,80.62,0.43357209899977533,0.05991841100012607
UTM,375,tm,80.67999999999999,0.42738630900021235,0.060234647000015684
UTM,376,tm,80.69,0.43801334599993424,0.060974408999754814
UTM,377,tm,80.58999999999999,0.4318416139999499,0.06078645800016602
UTM,378,tm,80.56,0.4355954559996462,0.06009320800012574
UTM,379,tm,80.77,0.4362293330000284,0.0610954200001288
UTM,380,tm,80.58999999999999,0.44525913799998307,0.06017657699976553
UTM,381,tm,80.65,0.43366630599985,0.06075561099987681
UTM,382,tm,80.85,0.4386665840002024,0.060402945000078034
UTM,383,tm,80.64,0.4297950469999705,0.06027900500021133
UTM,384,tm,80.67,0.43493423900008565,0.0599210960003802
UTM,385,tm,80.57,0.43402859900015756,0.05960825600004682
UTM,386,tm,80.54,0.4294727699998475,0.060380611999789835
UTM,387,tm,80.63,0.42555162999997265,0.06056830199986507
UTM,388,tm,80.43,0.4280561079999643,0.06067348699980357
UTM,389,tm,80.49,0.43581639700005326,0.05903049900007318
UTM,390,tm,80.5,0.42465916499986633,0.05990995100000873
UTM,391,tm,80.57,0.4330133569997088,0.06013233399971796
UTM,392,tm,80.41,0.4341549060000034,0.05993042099999002
UTM,393,tm,80.58,0.4390139540000746,0.060326330999942
UTM,394,tm,80.62,0.4296495099997628,0.06072738600005323
UTM,395,tm,80.72,0.42638609599998745,0.05978768900013165
UTM,396,tm,80.78,0.44003889799978424,0.060626756000147
UTM,397,tm,80.5,0.43757940299974507,0.06028840199996921
UTM,398,tm,80.65,0.43440403599970523,0.06011828900000182
UTM,399,tm,80.56,0.43880841999998665,0.060190362999946956
UTM,400,tm,80.34,0.43630371300014303,0.06029500300019208
UTM,401,tm,80.35,0.4388237869998193,0.06022849300006783
UTM,402,tm,80.57,0.43680068899993785,0.06045658099992579
UTM,403,tm,80.7,0.42854936399999133,0.060843234000003577
UTM,404,tm,80.56,0.43806288500036317,0.06044332999999824
UTM,405,tm,80.52,0.43567566799993074,0.060438205000082235
UTM,406,tm,80.63,0.4416937119999602,0.0603823689998535
UTM,407,tm,80.58,0.43961580999985017,0.06039787600002455
UTM,408,tm,80.58999999999999,0.4366982619999362,0.06017226299991307
UTM,409,tm,80.36,0.4441842130004261,0.06023710799991022
UTM,410,tm,80.43,0.43313715899967065,0.06033247200002734
UTM,411,tm,80.46,0.4340149689996906,0.06011624699976892
UTM,412,tm,80.55,0.4348284440002317,0.06013230999997177
UTM,413,tm,80.4,0.4376611839998077,0.06059586799983663
UTM,414,tm,80.58999999999999,0.43579156999976476,0.06043999300027281
UTM,415,tm,80.42,0.44498796800007767,0.06049871499999426
UTM,416,tm,80.57,0.4349607379999725,0.06026546500015684
UTM,417,tm,80.61,0.44259534499997244,0.0605427589998726
UTM,418,tm,80.36,0.4362451370002418,0.060391958999844064
UTM,419,tm,80.67999999999999,0.43229778800014174,0.06043766799984951
UTM,420,tm,80.41,0.43571704000032696,0.06009558899995682
UTM,421,tm,80.55,0.4278526860002785,0.060058531000322546
UTM,422,tm,80.38,0.43586257900005876,0.06050497899968832
UTM,423,tm,80.39,0.4305466900000283,0.0646651329998349
UTM,424,tm,80.58999999999999,0.4316216429997439,0.06009299800007284
UTM,425,tm,80.65,0.4380171069997232,0.05986827299966535
UTM,426,tm,80.60000000000001,0.436354652999853,0.061071708999861585
UTM,427,tm,80.71000000000001,0.4343115809997471,0.06318436399988059
UTM,428,tm,80.67,0.4343944970000848,0.058356117000130325
UTM,429,tm,80.58999999999999,0.4285931559998062,0.060642574000212335
UTM,430,tm,80.56,0.437654816000304,0.060741258000234666
UTM,431,tm,80.58,0.4396558200000982,0.06069625100008125
UTM,432,tm,80.67,0.44343743399986124,0.06061289800027225
UTM,433,tm,80.58999999999999,0.4435528669996529,0.06028882700002214
UTM,434,tm,80.5,0.4365030669996486,0.059576944000127696
UTM,435,tm,80.69,0.44168225099974734,0.060316770000099496
UTM,436,tm,80.67999999999999,0.4346593729997039,0.05996627000013177
UTM,437,tm,80.53,0.431246185999953,0.06057268300037322
UTM,438,tm,80.46,0.43038279800020973,0.0602135110002564
UTM,439,tm,80.46,0.426218802999756,0.0608676850001757
UTM,440,tm,80.63,0.43938216700007615,0.060330630999942514
UTM,441,tm,80.58999999999999,0.43787020700028734,0.06066412099971785
UTM,442,tm,80.58,0.4284225219998916,0.060364272000242636
UTM,443,tm,80.75,0.4342782589997114,0.06075357999998232
UTM,444,tm,80.57,0.4303510159998041,0.060244292999868776
UTM,445,tm,80.72,0.4370512410000629,0.06059156299988899
UTM,446,tm,80.78999999999999,0.4353541360001145,0.06223106200013717
UTM,447,tm,80.78999999999999,0.4425299819999964,0.060265322999839555
UTM,448,tm,80.89,0.43288233999965087,0.06028785699982109
UTM,449,tm,80.5,0.43583299900001293,0.060384720000001835
UTM,450,tm,80.67,0.4317599619998873,0.06188969599998018
UTM,451,tm,80.74,0.4355086409996147,0.06250106900006358
UTM,452,tm,80.67,0.444343359999948,0.06041028199979337
UTM,453,tm,80.57,0.4382298569998966,0.061391096000079415
UTM,454,tm,80.61,0.4486405369998465,0.06035438100025203
UTM,455,tm,80.42,0.41484281300017756,0.06005002299980333
UTM,456,tm,80.56,0.42970603100002336,0.06101511600036247
UTM,457,tm,80.47,0.4303651949999221,0.060502647000248544
UTM,458,tm,80.55,0.43444454099972063,0.06027994599980957
UTM,459,tm,80.44,0.4345487420000609,0.06006013399974108
UTM,460,tm,80.7,0.4371771119999721,0.06066210700009833
UTM,461,tm,80.53,0.43819301699977586,0.060135951999654935
UTM,462,tm,80.69,0.4342109209997034,0.06045114700009435
UTM,463,tm,80.51,0.443681387000197,0.06071691000033752
UTM,464,tm,80.44,0.43948483700023644,0.06020623300037187
UTM,465,tm,80.5,0.43940706600005797,0.060476657999970485
UTM,466,tm,80.82000000000001,0.43697684800008574,0.058314813999913895
UTM,467,tm,80.55,0.4322095399998034,0.06017065000014554
UTM,468,tm,80.61,0.43924638899989077,0.0602363409998361
UTM,469,tm,80.46,0.4359084109996729,0.0610916340001495
UTM,470,tm,80.56,0.4326774649998697,0.059713986000133445
UTM,471,tm,80.45,0.4440594059997238,0.060458216999904835
UTM,472,tm,80.65,0.43296936700016886,0.06001447900007406
UTM,473,tm,80.62,0.4445875500000511,0.0601611239999329
UTM,474,tm,80.47,0.4433962260000044,0.05992006099995706
UTM,475,tm,80.63,0.4336977240000124,0.06022833899987745
UTM,476,tm,80.66,0.43243106199997783,0.06040242999961265
UTM,477,tm,80.67999999999999,0.43718738899997334,0.06065419900005509
UTM,478,tm,80.41,0.43386738000026526,0.059716725000271254
UTM,479,tm,80.52,0.43874690399979954,0.06097158699958527
UTM,480,tm,80.5,0.4387583180000547,0.06019659599996885
UTM,481,tm,80.57,0.4271084840002004,0.059245916999771
UTM,482,tm,80.71000000000001,0.4310507330001201,0.059241624000151205
UTM,483,tm,80.65,0.4274087989997497,0.060729559000265
UTM,484,tm,80.78,0.44410270199978186,0.06159347199991316
UTM,485,tm,80.7,0.4400736970001162,0.06152434300020104
UTM,486,tm,80.65,0.4320090859996526,0.06135295300009602
UTM,487,tm,80.74,0.42844317299977774,0.060708304999934626
UTM,488,tm,80.73,0.43840646299986474,0.06074504599973807
UTM,489,tm,80.60000000000001,0.4337141959999826,0.06054137599994647
UTM,490,tm,80.65,0.4416623530000834,0.0610214339999402
UTM,491,tm,80.62,0.43883349799989446,0.0606140919999234
UTM,492,tm,80.7,0.4308808969999518,0.060585041000194906
UTM,493,tm,80.75,0.43906645400011257,0.060459709000042494
UTM,494,tm,80.57,0.43922091300009924,0.06049336099977154
UTM,495,tm,80.72,0.43803827900001124,0.06058251700005712
UTM,496,tm,80.42,0.44132589800028654,0.062111860000186425
UTM,497,tm,80.62,0.4363643599999705,0.06072726200000034
UTM,498,tm,80.60000000000001,0.43443522899997333,0.06042008899976281
UTM,499,tm,80.49,0.43952371099976517,0.06048348200010878
UTM,500,tm,80.69,0.4369625380004436,0.06048368100027801
WTM,1,tm,77.16,0.35629929500009894,0.06253745000003619
WTM,2,tm,78.21000000000001,0.3246912660001726,0.062040538000019296
WTM,3,tm,78.25,0.3183893730001728,0.063462587000231
WTM,4,tm,76.81,0.3218059600003471,0.06278073900011805
WTM,5,tm,77.16,0.31038369099997,0.06277042000010624
WTM,6,tm,78.89,0.3118376390002595,0.06397750499991162
WTM,7,tm,78.29,0.30288842700019813,0.06300431399995432
WTM,8,tm,80.08,0.30794695999975374,0.06468917199981661
WTM,9,tm,78.4,0.3034932340001433,0.06503688500015414
WTM,10,tm,79.07,0.3028650490000473,0.0636451139998826
WTM,11,tm,79.9,0.2988699269999415,0.0629173389997959
WTM,12,tm,79.17999999999999,0.306117168000128,0.06304386300007536
WTM,13,tm,81.27,0.2986946559999524,0.06457278100015174
WTM,14,tm,80.55,0.30917039499991006,0.06299685600015437
WTM,15,tm,79.47,0.2898825989996112,0.06368364599984488
WTM,16,tm,78.73,0.29115316199977315,0.06477956399976392
WTM,17,tm,79.39,0.28170927099972687,0.06335989700028222
WTM,18,tm,80.17,0.28455900200015094,0.06372792499996649
WTM,19,tm,79.79,0.281625847000214,0.06326141999988977
WTM,20,tm,81.23,0.28325624799981597,0.06230655899980775
WTM,21,tm,78.03,0.2858404180001344,0.062446788999750424
WTM,22,tm,80.97,0.2743599280001945,0.06293635600013658
WTM,23,tm,80.44,0.28649710199988476,0.06421765000004598
WTM,24,tm,82.01,0.2812158259998796,0.06413200999986657
WTM,25,tm,79.21000000000001,0.28225673900033144,0.0633439350003755
WTM,26,tm,81.51,0.28545736600017335,0.06310426000027292
WTM,27,tm,80.82000000000001,0.29035009400013223,0.06374037500017948
WTM,28,tm,81.43,0.2892217910002728,0.06319997599985072
WTM,29,tm,79.86999999999999,0.2854295629999797,0.06260994900003425
WTM,30,tm,81.13,0.2877523430001929,0.06388903600009144
WTM,31,tm,81.06,0.28960934299993824,0.06192467799974111
WTM,32,tm,80.56,0.28665942499992525,0.06372662800004036
WTM,33,tm,80.63,0.2910891779997655,0.06430058299974917
WTM,34,tm,79.08,0.288737588999993,0.0639189149997037
WTM,35,tm,79.77,0.28711025500024334,0.06458993300020666
WTM,36,tm,81.67999999999999,0.2810390939998797,0.06344832800004951
WTM,37,tm,81.84,0.2832946959997571,0.061625507000371726
WTM,38,tm,80.55,0.29159005100018476,0.06415939799990156
WTM,39,tm,81.17,0.2834474900000714,0.06488634000015736
WTM,40,tm,80.7,0.2880759829999988,0.06338278799967156
WTM,41,tm,81.77,0.282813384000292,0.06384168700014925
WTM,42,tm,81.61,0.2690533840000171,0.06100324799990631
WTM,43,tm,81.27,0.2816424110001208,0.06347538199997871
WTM,44,tm,81.52000000000001,0.28391733499984184,0.06504857399977482
WTM,45,tm,80.92,0.27226634999988164,0.06291656800021883
WTM,46,tm,81.37,0.27998079300004974,0.06458656499989957
WTM,47,tm,81.13,0.2791086180000093,0.06438582800001313
WTM,48,tm,81.08999999999999,0.28774891399962144,0.06402192299992748
WTM,49,tm,80.24,0.27640464200021597,0.06340780499976972
WTM,50,tm,81.47,0.28038595299994995,0.06326699800001734
WTM,51,tm,81.65,0.2759986430000936,0.06465287699984401
WTM,52,tm,81.37,0.28540388500005065,0.06385559799991825
WTM,53,tm,81.76,0.2759417009997378,0.06414552800015372
WTM,54,tm,80.27,0.2742861950000588,0.06339959900014946
WTM,55,tm,81.42,0.28532921399983024,0.06429668700002367
WTM,56,tm,81.72,0.2884173209999972,0.06408373099975506
WTM,57,tm,81.62,0.28286244499986424,0.06422086399970794
WTM,58,tm,81.89999999999999,0.277789064999979,0.06430791499997213
WTM,59,tm,81.28,0.29034640600002604,0.0655269019998741
WTM,60,tm,81.51,0.2774735210000472,0.06415037799979473
WTM,61,tm,81.21000000000001,0.28326490700010254,0.06415849499990145
WTM,62,tm,80.65,0.27752990399994815,0.06456724000008762
WTM,63,tm,81.16,0.2920366540001851,0.06500048599991715
WTM,64,tm,81.56,0.28730154899994886,0.0648088610000741
WTM,65,tm,81.66,0.2803854480002883,0.06481334499994773
WTM,66,tm,82.11,0.2817101079999702,0.06390860600004089
WTM,67,tm,81.66,0.27840987099989434,0.06274349500017706
WTM,68,tm,81.37,0.2833706680003161,0.06411048200016012
WTM,69,tm,80.19,0.27768466799989255,0.06321746599996914
WTM,70,tm,79.58,0.2779272059997311,0.06302689499989356
WTM,71,tm,81.08,0.27738991000023816,0.06526688100029787
WTM,72,tm,82.33,0.2782757589998255,0.06372121300000799
WTM,73,tm,80.75,0.2729461599997194,0.06478336500003934
WTM,74,tm,80.93,0.28132972000003065,0.0637831709996135
WTM,75,tm,80.86,0.2819035719999192,0.06391484400000991
WTM,76,tm,80.30000000000001,0.2774428799998532,0.06458575899978314
WTM,77,tm,81.04,0.2808850569999777,0.06466217600018354
WTM,78,tm,81.25,0.27617134399997667,0.0642698560000099
WTM,79,tm,80.73,0.2843218509997314,0.06402929099976973
WTM,80,tm,80.94,0.28431475400020645,0.06368456799964406
WTM,81,tm,81.75,0.2741691289998016,0.06461585900024147
WTM,82,tm,81.51,0.28089623500000016,0.06509868600005575
WTM,83,tm,82.03,0.27918416200009233,0.06355249599982926
WTM,84,tm,80.91000000000001,0.27635131699980775,0.06365917499988427
WTM,85,tm,80.01,0.28052265499991336,0.06419299000026513
WTM,86,tm,81.43,0.27928554299978714,0.0663257699998212
WTM,87,tm,81.0,0.28513325400035683,0.06517102999987401
WTM,88,tm,79.62,0.2853384720001486,0.0639859240000078
WTM,89,tm,80.61,0.27486761199998,0.06557337599997481
WTM,90,tm,81.69,0.28293949399994744,0.0643317770000067
WTM,91,tm,80.88,0.28431585299995277,0.06565571500004808
WTM,92,tm,82.52000000000001,0.27605350199974055,0.06457247699972868
WTM,93,tm,81.63,0.27249021699981313,0.06452290900006119
WTM,94,tm,80.76,0.27526060599984703,0.06431719300007899
WTM,95,tm,81.10000000000001,0.2797775379999621,0.06369868199999473
WTM,96,tm,80.9,0.28316737200020725,0.06317213899956187
WTM,97,tm,81.64,0.28272123600027044,0.06404960600002596
WTM,98,tm,81.73,0.2865279519996875,0.06481535700004315
WTM,99,tm,80.71000000000001,0.2763376939997215,0.06565972699991107
WTM,100,tm,82.16,0.27634340199983853,0.06519626399995104
WTM,101,tm,82.16,0.2832003280000208,0.06505524000021978
WTM,102,tm,78.93,0.27161861500007944,0.06607595600007699
WTM,103,tm,81.62,0.28256619000012506,0.06444707299988295
WTM,104,tm,82.13000000000001,0.2774734529998568,0.06456234100005531
WTM,105,tm,81.25,0.2783982779997132,0.06523228499963807
WTM,106,tm,81.19,0.2893886800002292,0.06420978100004504
WTM,107,tm,80.97999999999999,0.2792107169998417,0.0636479629997666
WTM,108,tm,81.0,0.2819785750002666,0.06453493399976651
WTM,109,tm,80.28999999999999,0.2753200309998647,0.06301946599978692
WTM,110,tm,80.93,0.2853425620000962,0.06502217800016297
WTM,111,tm,81.08999999999999,0.2722133170000234,0.06867472800013275
WTM,112,tm,81.81,0.2734482089999801,0.06488361999981862
WTM,113,tm,80.74,0.27804749200004153,0.06298466599992025
WTM,114,tm,81.88,0.2758441819996733,0.06274705800024094
WTM,115,tm,81.73,0.2736456839998027,0.06414766600028088
WTM,116,tm,81.82000000000001,0.275140151999949,0.06425165000018751
WTM,117,tm,81.74,0.2940075359997536,0.06138976200008983
WTM,118,tm,81.05,0.28646222999987003,0.06367865800029904
WTM,119,tm,80.87,0.26910191899969504,0.06539289100010137
WTM,120,tm,81.15,0.2767828439996265,0.06448347099967577
WTM,121,tm,80.80000000000001,0.2834458980000818,0.06462535499986188
WTM,122,tm,80.28999999999999,0.2726724799999829,0.06424393999986933
WTM,123,tm,80.85,0.26874346100021285,0.06411397300007593
WTM,124,tm,81.10000000000001,0.2786393719998159,0.06537698300007833
WTM,125,tm,80.99,0.2815775579997535,0.06462910200025362
WTM,126,tm,81.8,0.28105813899992427,0.06376258399996004
WTM,127,tm,80.36,0.27295145700009016,0.06396889100005865
WTM,128,tm,81.69,0.27086487800033865,0.06372583299980761
WTM,129,tm,80.73,0.27336242199999106,0.06434850300001926
WTM,130,tm,80.91000000000001,0.2776919650000309,0.06386070200005634
WTM,131,tm,81.89999999999999,0.2763621709996187,0.06409942199979923
WTM,132,tm,82.19999999999999,0.27994294399968567,0.0651584410002215
WTM,133,tm,80.4,0.2773359199995866,0.06403031199988618
WTM,134,tm,81.35,0.27490387700026986,0.06417735800005175
WTM,135,tm,79.47999999999999,0.2779127060002793,0.06535837000001266
WTM,136,tm,80.81,0.287098853000316,0.06545381899968561
WTM,137,tm,82.09,0.2847021659999882,0.06426744899999903
WTM,138,tm,81.39,0.27791059100036364,0.06490741400011757
WTM,139,tm,81.93,0.27096220899966283,0.06486071100016488
WTM,140,tm,82.57,0.2789154110000709,0.06557909299999665
WTM,141,tm,80.57,0.2729651639997428,0.0643703379996623
WTM,142,tm,80.97999999999999,0.2805014180003127,0.06409926200012706
WTM,143,tm,81.54,0.2827648309998949,0.06457970200017371
WTM,144,tm,80.4,0.27176771200038274,0.06488798299960763
WTM,145,tm,81.34,0.28061782799977664,0.06309780499987028
WTM,146,tm,81.33,0.28005862899999556,0.06455432099983227
WTM,147,tm,81.74,0.27470331399990755,0.06428123700015931
WTM,148,tm,80.94,0.2749737720000667,0.06511346599972967
WTM,149,tm,80.17,0.2703286500000104,0.06539993300020797
WTM,150,tm,82.50999999999999,0.2789159600001767,0.06394623899996077
WTM,151,tm,81.43,0.2683712429998195,0.06310493199998746
WTM,152,tm,81.6,0.28170421100003296,0.06471041600025274
WTM,153,tm,81.45,0.28273219999982757,0.06385862199977055
WTM,154,tm,81.55,0.27886172299986356,0.06460939999988113
WTM,155,tm,79.99000000000001,0.2784527489998254,0.06437365900001168
WTM,156,tm,82.43,0.2807558810000046,0.06470315500018842
WTM,157,tm,80.85,0.27576942599989707,0.06432537000000593
WTM,158,tm,82.04,0.2825539169998592,0.06512165899994216
WTM,159,tm,81.26,0.27671279100013635,0.06439697699988756
WTM,160,tm,81.26,0.2835725840000123,0.06431746699990981
WTM,161,tm,81.47,0.2735305920000428,0.06427347699991515
WTM,162,tm,81.58,0.273462379999728,0.06302325800015751
WTM,163,tm,81.02000000000001,0.26904497499981517,0.06395565999991959
WTM,164,tm,81.22,0.275155107000046,0.0621436649998941
WTM,165,tm,82.25,0.2681625929999427,0.06447699399996054
WTM,166,tm,81.85,0.2828790429998662,0.0634870209996734
WTM,167,tm,80.52,0.2740639599996939,0.06455606100007572
WTM,168,tm,82.13000000000001,0.2747865159999492,0.06399536099979741
WTM,169,tm,82.33,0.2885599219998767,0.06560951100027523
WTM,170,tm,81.39999999999999,0.27826562500013097,0.06481057200016949
WTM,171,tm,81.67,0.2801080650001495,0.06337633299972367
WTM,172,tm,80.5,0.28033880500015584,0.06250485300006403
WTM,173,tm,81.45,0.27465560799964805,0.06432796000035523
WTM,174,tm,81.25,0.2827854249999291,0.06466159000001426
WTM,175,tm,81.32000000000001,0.2780601330000536,0.06535972300025605
WTM,176,tm,80.4,0.28047847799962256,0.06414093300008972
WTM,177,tm,81.86,0.27912145900018004,0.06531985799983886
WTM,178,tm,81.98,0.2733911039999839,0.06424214700018638
WTM,179,tm,82.34,0.27141756199989686,0.06494206300021688
WTM,180,tm,81.2,0.27587829399999464,0.06360721300006844
WTM,181,tm,81.92,0.2808414010000888,0.06540100200027155
WTM,182,tm,80.78999999999999,0.27773222399991937,0.06320388299991464
WTM,183,tm,80.63,0.27688232199989216,0.06384585400019205
WTM,184,tm,80.10000000000001,0.28476143599982606,0.06407789000013508
WTM,185,tm,81.24,0.28238107099969056,0.0634942729998329
WTM,186,tm,80.88,0.2674377629996343,0.06455699000025561
WTM,187,tm,80.88,0.2758133339998494,0.06421167700000296
WTM,188,tm,80.86,0.2772004260000358,0.06437046800010648
WTM,189,tm,80.67999999999999,0.274566964999849,0.06416851400035739
WTM,190,tm,81.15,0.27569641199988837,0.06412585499992929
WTM,191,tm,80.76,0.2710189959998388,0.06491639300020324
WTM,192,tm,81.71000000000001,0.28401326299990615,0.0636220129999856
WTM,193,tm,80.81,0.2768721520001236,0.06383495299996866
WTM,194,tm,80.32000000000001,0.27487396800006536,0.06449225699998351
WTM,195,tm,82.59,0.2769450460000371,0.06493526100030067
WTM,196,tm,81.84,0.2830228769998939,0.0645097460001125
WTM,197,tm,81.42,0.27233345800004827,0.06362614199997552
WTM,198,tm,80.86,0.27736584900003436,0.0642613610002627
WTM,199,tm,82.41000000000001,0.27908815000000686,0.06360226900005728
WTM,200,tm,80.36999999999999,0.2792310750000979,0.06500730300012947
WTM,201,tm,81.65,0.27773469399971873,0.06520487899979344
WTM,202,tm,80.78999999999999,0.2834870039996531,0.06495495999979539
WTM,203,tm,82.04,0.27452123600005507,0.06510793999996167
WTM,204,tm,80.62,0.27318634600032965,0.0648573309999847
WTM,205,tm,82.05,0.2746063959998537,0.06321788600007494
WTM,206,tm,81.47,0.2819785530000445,0.0648417940001309
WTM,207,tm,82.0,0.2749970170002598,0.0644027919997825
WTM,208,tm,82.34,0.28588039799979015,0.06498336399999971
WTM,209,tm,81.47,0.27750301300011415,0.06406344600009106
WTM,210,tm,81.69,0.2825798329999998,0.06344796700022926
WTM,211,tm,82.25,0.27699605499992686,0.0650837700000011
WTM,212,tm,81.86,0.2749597080000967,0.06584626299991214
WTM,213,tm,80.77,0.2803322429999753,0.06269249700017099
WTM,214,tm,81.84,0.27510428200002934,0.06718870499980767
WTM,215,tm,80.96,0.2768651409996892,0.06444514399981927
WTM,216,tm,80.74,0.2768836100003682,0.06426177299999836
WTM,217,tm,81.84,0.2748213970003235,0.06349159700039309
WTM,218,tm,81.04,0.27516203599998335,0.06377920199975051
WTM,219,tm,80.75,0.27977489900013097,0.06475636899995152
WTM,220,tm,81.39999999999999,0.27843463699991844,0.06403755499968611
WTM,221,tm,81.38,0.27361468500021147,0.06860937300007208
WTM,222,tm,81.69999999999999,0.27218954299996767,0.06577609799978745
WTM,223,tm,81.67999999999999,0.27826233500036324,0.06464668899980097
WTM,224,tm,81.53,0.2835063820002688,0.06357109900000069
WTM,225,tm,80.71000000000001,0.27835487299989836,0.06330122300005314
WTM,226,tm,80.08,0.2754428739999639,0.06461167199995543
WTM,227,tm,81.43,0.28346967300012693,0.06467022700007874
WTM,228,tm,82.50999999999999,0.2658959999998842,0.061959343000125955
WTM,229,tm,81.5,0.276927194000109,0.0643108240001311
WTM,230,tm,81.76,0.2778543829999762,0.06444959299960829
WTM,231,tm,81.89999999999999,0.2770836520003286,0.06493187399973976
WTM,232,tm,82.67,0.2775141239999357,0.06457542800035299
WTM,233,tm,80.89,0.27438277699957325,0.06524349300025278
WTM,234,tm,80.47999999999999,0.2716743099999803,0.0640487129999201
WTM,235,tm,82.07,0.27847770200014565,0.06329365800002051
WTM,236,tm,81.97,0.2818378390002181,0.0652566530002332
WTM,237,tm,80.42,0.28423301399971024,0.06437615599998026
WTM,238,tm,81.66,0.2775863459996799,0.06476327100017443
WTM,239,tm,82.04,0.2846479149998231,0.06374442099968292
WTM,240,tm,81.76,0.27422524500025247,0.06568767499993555
WTM,241,tm,82.39999999999999,0.27860954400011906,0.06424253500017585
WTM,242,tm,80.88,0.2719460610001079,0.06475255199984531
WTM,243,tm,80.92,0.2764743190000445,0.06499504399971556
WTM,244,tm,81.49,0.2864483570001539,0.06413775800001531
WTM,245,tm,81.82000000000001,0.2792931230001159,0.06548115899977347
WTM,246,tm,81.62,0.27694137000025876,0.06581422099998235
WTM,247,tm,82.55,0.2779019999998127,0.06506636200037974
WTM,248,tm,81.47999999999999,0.28146228500008874,0.06485502699979406
WTM,249,tm,80.92,0.28370730799997546,0.07047553300026266
WTM,250,tm,80.47,0.27555545599989273,0.06392153900014819
WTM,251,tm,82.06,0.2818476580000606,0.06435183099983988
WTM,252,tm,81.13,0.2669486060003692,0.06436103999976694
WTM,253,tm,81.47,0.2798620159996972,0.06405306699980429
WTM,254,tm,81.55,0.2876294450002206,0.06504772399966896
WTM,255,tm,81.72,0.27994625300016196,0.06499484100004338
WTM,256,tm,81.57,0.27128558000003977,0.0646836070000063
WTM,257,tm,82.25,0.2804371100000935,0.06412526199983404
WTM,258,tm,82.02000000000001,0.27231752899979256,0.06461363099970185
WTM,259,tm,82.34,0.27684321700007786,0.06436988399991606
WTM,260,tm,81.66,0.27684879699972953,0.06223655400026473
WTM,261,tm,81.82000000000001,0.2671394239996516,0.0704184979999809
WTM,262,tm,81.25,0.2800344560000667,0.0643321479997212
WTM,263,tm,80.30000000000001,0.28029538700002377,0.0646503620000658
WTM,264,tm,81.17,0.28110770400007823,0.06631449899987274
WTM,265,tm,82.11,0.27033939900002224,0.06523833799974454
WTM,266,tm,82.07,0.27307120199975543,0.06450370899983682
WTM,267,tm,82.04,0.2765047900002173,0.06489004500008377
WTM,268,tm,81.99,0.2797505469998214,0.06392003200016916
WTM,269,tm,81.22,0.27790537900000345,0.06471995799984143
WTM,270,tm,80.78,0.27987287299993113,0.06442870799992306
WTM,271,tm,82.01,0.2756806460001826,0.06373048499972356
WTM,272,tm,82.31,0.27287477700019735,0.0637860259998888
WTM,273,tm,81.10000000000001,0.27569198200035316,0.06348375400011719
WTM,274,tm,81.39999999999999,0.270293123999636,0.06368905099998301
WTM,275,tm,81.94,0.26768279899988556,0.06402036800000133
WTM,276,tm,81.67,0.27906977900011043,0.06351920699989932
WTM,277,tm,81.91000000000001,0.2773436649999894,0.06360503399992012
WTM,278,tm,82.53,0.2775146919998406,0.06327114800023992
WTM,279,tm,81.91000000000001,0.27567311999973754,0.06433539700037727
WTM,280,tm,82.43,0.27066092900031435,0.06399360499972317
WTM,281,tm,81.99,0.2700909549998869,0.06463977000021259
WTM,282,tm,81.94,0.27816289400016103,0.06491098500009684
WTM,283,tm,82.33,0.27636428400001023,0.0636952919999203
WTM,284,tm,80.97,0.2807317049996527,0.06459885000003851
WTM,285,tm,82.06,0.26817437999989124,0.06350763099999313
WTM,286,tm,81.08,0.2743266819998098,0.06540163799991205
WTM,287,tm,81.82000000000001,0.2797998229998484,0.06499028100006399
WTM,288,tm,81.01,0.2770027130000017,0.06488411899999846
WTM,289,tm,82.33,0.28892192500006786,0.0655584699998144
WTM,290,tm,80.85,0.2803156710001531,0.06378658499988887
WTM,291,tm,81.16,0.2710869009997623,0.06451744100013457
WTM,292,tm,79.86,0.2752771360001134,0.06434149999995498
WTM,293,tm,81.78999999999999,0.2837983589997748,0.06404793499996231
WTM,294,tm,81.43,0.26165519199958,0.06314036999992823
WTM,295,tm,81.89999999999999,0.2781531109999378,0.06366866099961044
WTM,296,tm,80.02,0.271629589999975,0.06322980499999176
WTM,297,tm,81.93,0.2787708900000325,0.06517273400004342
WTM,298,tm,80.86,0.2764452840001468,0.06430988199963394
WTM,299,tm,81.42,0.28059839600018677,0.06440939200001594
WTM,300,tm,80.87,0.2787255080002069,0.06488724299970272
WTM,301,tm,81.78,0.27505713199980164,0.06460986000001867
WTM,302,tm,80.80000000000001,0.2811418589999448,0.06423518000019612
WTM,303,tm,80.10000000000001,0.2741687180000554,0.06416476799995507
WTM,304,tm,80.74,0.27602549799985354,0.06421043299997109
WTM,305,tm,81.24,0.27276610900025844,0.06365679900000032
WTM,306,tm,81.11,0.28841245600006005,0.06411013599972648
WTM,307,tm,80.52,0.27733297700024195,0.06454572999973607
WTM,308,tm,80.51,0.2785481290002281,0.06466436000027898
WTM,309,tm,81.47999999999999,0.2785909490003178,0.06488557400007267
WTM,310,tm,82.16,0.27342301599992425,0.06317507299991121
WTM,311,tm,79.61,0.27728566799987675,0.06360603999974046
WTM,312,tm,81.98,0.2755355760000384,0.06437697399996978
WTM,313,tm,81.26,0.2759432409998226,0.06403050200015059
WTM,314,tm,80.97999999999999,0.2615989199998694,0.06383322600004249
WTM,315,tm,80.94,0.2748651990000326,0.06473566600016056
WTM,316,tm,81.28,0.27751304499997786,0.06514964300004067
WTM,317,tm,80.78,0.2715417039999011,0.06432463500004815
WTM,318,tm,82.04,0.2752498889999515,0.06430362499986586
WTM,319,tm,80.39,0.27567034899993814,0.0647338620001392
WTM,320,tm,80.42,0.27547913400030666,0.06490221399963048
WTM,321,tm,81.47,0.270620396999675,0.06463271599977816
WTM,322,tm,81.56,0.2723387430000912,0.06458166599986725
WTM,323,tm,80.67999999999999,0.2776904160000413,0.06451026999957321
WTM,324,tm,81.87,0.2766226869998718,0.06484065500035285
WTM,325,tm,80.10000000000001,0.2745415409999623,0.06367354300027728
WTM,326,tm,81.72,0.2764867629998662,0.06455928100012898
WTM,327,tm,81.98,0.27037774500013256,0.06409695000002102
WTM,328,tm,81.19,0.27449714600015795,0.06479793600010453
WTM,329,tm,80.97999999999999,0.28416191299993443,0.06529571400005807
WTM,330,tm,79.47,0.273556271000416,0.06485496699997384
WTM,331,tm,81.04,0.2827717519999169,0.06510066400005599
WTM,332,tm,81.15,0.28060115000016594,0.06418956900006378
WTM,333,tm,81.35,0.26838490499994805,0.06451090200016552
WTM,334,tm,82.28999999999999,0.2809201119998761,0.06458057999998346
WTM,335,tm,81.08,0.2751283850002437,0.06456788300010885
WTM,336,tm,80.97999999999999,0.27720332500030054,0.06472187899998971
WTM,337,tm,80.95,0.28373697099959827,0.06451579199983826
WTM,338,tm,80.97999999999999,0.27662966800016875,0.06466975000012098
WTM,339,tm,81.69,0.280189354000413,0.06484045000024707
WTM,340,tm,80.81,0.26828737799996816,0.06358454900009747
WTM,341,tm,81.78999999999999,0.27685498200025904,0.06459868199999619
WTM,342,tm,82.21000000000001,0.27587373899996237,0.06442152299996451
WTM,343,tm,81.5,0.2759365320002871,0.06609993300025963
WTM,344,tm,81.93,0.27741907499967056,0.06383293799990497
WTM,345,tm,81.69999999999999,0.2733328959998289,0.06438366400016093
WTM,346,tm,81.66,0.27533981800024776,0.06513415299968983
WTM,347,tm,81.2,0.2715772480000851,0.06507301400006327
WTM,348,tm,82.32000000000001,0.2824967300002754,0.06214825500001098
WTM,349,tm,81.26,0.27597257699972033,0.06455960600032995
WTM,350,tm,81.6,0.2727016310000181,0.06474078900009772
WTM,351,tm,82.08,0.27948569899990616,0.06369215500035352
WTM,352,tm,79.99000000000001,0.2690440979995401,0.06376687099964329
WTM,353,tm,80.93,0.2720697419999851,0.06483097899945278
WTM,354,tm,81.91000000000001,0.27683923299991875,0.06379051900057675
WTM,355,tm,82.36,0.27363252799932525,0.06473479099986434
WTM,356,tm,81.17999999999999,0.27817065799990814,0.0633065699994404
WTM,357,tm,80.47999999999999,0.2752364280004258,0.06460918299944751
WTM,358,tm,80.89,0.27450276899980963,0.06421605200011982
WTM,359,tm,80.67999999999999,0.27509980800004996,0.06440064300022641
WTM,360,tm,81.22,0.2771084689993586,0.06510132899984455
WTM,361,tm,82.19,0.27471968999998353,0.06570885400014959
WTM,362,tm,82.71,0.27116444900002534,0.0647634780007138
WTM,363,tm,81.35,0.27540698899974814,0.0655420260000028
WTM,364,tm,81.42,0.2668461839994052,0.06389607799974328
WTM,365,tm,81.62,0.28037134500027605,0.06604090200016799
WTM,366,tm,81.06,0.2810348299999532,0.0641617410001345
WTM,367,tm,81.62,0.2673039110004538,0.06417519700062257
WTM,368,tm,81.5,0.2716460109995751,0.06466585799989844
WTM,369,tm,81.07,0.28254991399990104,0.06575119500030269
WTM,370,tm,81.19,0.2788986659998045,0.06547878000037599
WTM,371,tm,81.63,0.27940273199965304,0.06499884500044573
WTM,372,tm,81.08999999999999,0.28236767199996393,0.06386992999978247
WTM,373,tm,80.95,0.2621467940007278,0.06538322500000504
WTM,374,tm,82.12,0.2823401069999818,0.0644996959999844
WTM,375,tm,82.37,0.27918546100045205,0.06460951499957446
WTM,376,tm,82.62,0.2799046759992052,0.06421409399990807
WTM,377,tm,81.88,0.27991829799975676,0.06577526500041131
WTM,378,tm,81.21000000000001,0.27337749900016206,0.06461349900018831
WTM,379,tm,81.86,0.27868190400022286,0.06393645600019227
WTM,380,tm,81.52000000000001,0.27245835100075055,0.06463121300021157
WTM,381,tm,81.13,0.27992753499984246,0.06569577700065565
WTM,382,tm,81.12,0.28039569500015205,0.06508269000005384
WTM,383,tm,81.39999999999999,0.27789101199959987,0.06448789699970803
WTM,384,tm,81.95,0.27573722200031625,0.06347525199998927
WTM,385,tm,80.17999999999999,0.2757344470001044,0.06698942000002717
WTM,386,tm,81.62,0.28715483700034383,0.06374128900006326
WTM,387,tm,81.28,0.2796712059998754,0.06468398699962563
WTM,388,tm,82.35,0.27668188299958274,0.06404901099995186
WTM,389,tm,80.42,0.2729777880003894,0.06432464400040772
WTM,390,tm,80.77,0.2834558829999878,0.0645121809993725
WTM,391,tm,81.07,0.28164992699930735,0.06419140599973616
WTM,392,tm,82.16,0.2745133119997263,0.06421400499948504
WTM,393,tm,81.92,0.2783049279996703,0.06543768999927124
WTM,394,tm,81.63,0.2731490650003252,0.06446853800025565
WTM,395,tm,80.96,0.2736919509998188,0.06582888499997352
WTM,396,tm,80.46,0.2716336989997217,0.06492173799961165
WTM,397,tm,81.83,0.2724833029997171,0.06388147799953003
WTM,398,tm,80.71000000000001,0.27096835399970587,0.06387553900003695
WTM,399,tm,80.91000000000001,0.2694709020006485,0.06506345600064378
WTM,400,tm,81.25,0.26831351700002415,0.06410917900029744
WTM,401,tm,82.07,0.27410715899986826,0.06533415299963963
WTM,402,tm,81.58,0.2826142390003952,0.06454669400045532
WTM,403,tm,81.08,0.27589204700052505,0.0644340810003996
WTM,404,tm,80.63,0.27717111999936606,0.06492746299954888
WTM,405,tm,81.64,0.2847883209997235,0.06529067600058625
WTM,406,tm,82.04,0.27578123700004653,0.06632898400039267
WTM,407,tm,80.80000000000001,0.2817438519996358,0.06337340299978678
WTM,408,tm,82.03,0.2662109059992872,0.06583799800046108
WTM,409,tm,81.81,0.2679738839997299,0.06493606900039595
WTM,410,tm,81.22,0.26845022900033655,0.0641628720004519
WTM,411,tm,81.49,0.2763851620002242,0.06499105300008523
WTM,412,tm,81.47,0.2715468119995421,0.06456825099940033
WTM,413,tm,80.86,0.27024282200000016,0.06272275099945546
WTM,414,tm,82.36,0.27577783899960195,0.062121054000272125
WTM,415,tm,81.69999999999999,0.2755291319999742,0.06462746600027458
WTM,416,tm,81.72,0.2765068409999003,0.06409874499968282
WTM,417,tm,80.88,0.26968394100003934,0.06423672199980501
WTM,418,tm,81.23,0.27504929799943056,0.06470095200074866
WTM,419,tm,81.06,0.2832449560000896,0.06438842499937891
WTM,420,tm,79.36999999999999,0.27529793600024277,0.06340825300048891
WTM,421,tm,80.84,0.2715155819996653,0.0642621759998292
WTM,422,tm,79.86,0.27559288600059517,0.06380083500062028
WTM,423,tm,81.96,0.26972213099998044,0.0640026230003059
WTM,424,tm,80.72,0.27428066300035425,0.06669221900028788
WTM,425,tm,81.21000000000001,0.2782642330003,0.062488591999681375
WTM,426,tm,80.91000000000001,0.27221808600006625,0.06470685099975526
WTM,427,tm,81.8,0.2737786959996811,0.06555484599994088
WTM,428,tm,80.03,0.2787141850003536,0.062275973000396334
WTM,429,tm,79.22,0.2807732209994356,0.06425992800086533
WTM,430,tm,82.28999999999999,0.26953451899953507,0.06497544600006222
WTM,431,tm,81.15,0.2777732920003473,0.06446773800053052
WTM,432,tm,81.14,0.27705165699990175,0.06382487100017897
WTM,433,tm,81.63,0.27939499100011744,0.06412142600038351
WTM,434,tm,80.49,0.28062934700028563,0.06481584799985285
WTM,435,tm,81.38,0.2759483800000453,0.06430964100036363
WTM,436,tm,81.82000000000001,0.28558823599996686,0.0647014100004526
WTM,437,tm,81.47,0.2774917579999965,0.06350045500039414
WTM,438,tm,81.56,0.2751177620002636,0.06447039500017127
WTM,439,tm,79.35,0.28216155500012974,0.06439831500028959
WTM,440,tm,82.15,0.27904261799994856,0.06475634300022648
WTM,441,tm,81.0,0.27058633900014684,0.06526634100009687
WTM,442,tm,80.62,0.2682032299999264,0.06436332900011621
WTM,443,tm,81.34,0.2809474389996467,0.0646162290004213
WTM,444,tm,81.36,0.2841299629999412,0.0640308140000343
WTM,445,tm,81.91000000000001,0.27779628099960973,0.06307949799975177
WTM,446,tm,80.36,0.2727001189996372,0.06468201400002727
WTM,447,tm,81.2,0.2753145199994833,0.06363351000072726
WTM,448,tm,82.01,0.27367064300051425,0.06418325000049663
WTM,449,tm,81.82000000000001,0.2752756310001132,0.0651515939998717
WTM,450,tm,82.82000000000001,0.2766755339998781,0.06448822899983497
WTM,451,tm,81.86,0.27696242699948925,0.06423296299999492
WTM,452,tm,81.51,0.2753255410007114,0.06471477200011577
WTM,453,tm,81.35,0.27857175400004053,0.06386521500007802
WTM,454,tm,81.2,0.26903548700011015,0.06368572500014125
WTM,455,tm,80.91000000000001,0.27514011099992786,0.06420303100003366
WTM,456,tm,82.28,0.2782940450006208,0.06409443699976691
WTM,457,tm,81.78,0.27366419899954053,0.06444161299987172
WTM,458,tm,80.89,0.2855660249997527,0.06543572300051892
WTM,459,tm,81.5,0.2756173750003654,0.06425173200022982
WTM,460,tm,82.25,0.28451007199964806,0.06534234599985211
WTM,461,tm,82.39,0.2755177079998248,0.0634732909993545
WTM,462,tm,81.56,0.2721501760006504,0.06448986600025819
WTM,463,tm,81.58999999999999,0.2757173360005254,0.06553499100027693
WTM,464,tm,81.91000000000001,0.2686621049997484,0.06334091000007902
WTM,465,tm,82.38,0.26918955400014966,0.06333285100026842
WTM,466,tm,82.45,0.28096333900066384,0.06551507699987269
WTM,467,tm,81.14,0.2861697999996977,0.06381524500011437
WTM,468,tm,81.39,0.2690162990002136,0.06356709899955604
WTM,469,tm,82.07,0.27361988099983137,0.06533608699919569
WTM,470,tm,81.55,0.2796111409998048,0.06460983199940529
WTM,471,tm,80.78999999999999,0.27559809400008817,0.0648882940004114
WTM,472,tm,81.39999999999999,0.27614605500002654,0.062959193000097
WTM,473,tm,81.77,0.2690106179998111,0.06338785200023267
WTM,474,tm,79.79,0.28139424299934035,0.062477297999976145
WTM,475,tm,81.73,0.2736220899996624,0.0643719420004345
WTM,476,tm,80.45,0.2791441949993896,0.06411143000059383
WTM,477,tm,81.05,0.2634633380002924,0.062349546999939776
WTM,478,tm,81.38,0.2728037590004533,0.06705997500012018
WTM,479,tm,81.89999999999999,0.2772202699998161,0.06477082600031281
WTM,480,tm,82.15,0.27212003999920853,0.06321950500023377
WTM,481,tm,81.71000000000001,0.2746650290000616,0.06349176499952591
WTM,482,tm,82.02000000000001,0.27109646200005955,0.06400334600039059
WTM,483,tm,81.35,0.2751116800000091,0.06357472000036068
WTM,484,tm,81.94,0.27375559599931876,0.0651471989995116
WTM,485,tm,81.8,0.27301618799992866,0.0633318070003952
WTM,486,tm,81.51,0.28044950300045457,0.06349865299944213
WTM,487,tm,80.69,0.27342271599991363,0.06459407600050326
WTM,488,tm,81.53,0.2750250950002737,0.06486429500000668
WTM,489,tm,81.53,0.2812902469995606,0.06439402100022562
WTM,490,tm,81.78,0.27538374699997803,0.06453464499918482
WTM,491,tm,81.34,0.2722490710002603,0.06488785000055941
WTM,492,tm,81.74,0.2730578989994683,0.06424431600044045
WTM,493,tm,79.66,0.27017620700007683,0.06406472799972107
WTM,494,tm,80.95,0.273348714000349,0.0648125899997467
WTM,495,tm,82.11,0.27561295200030145,0.06531581000035658
WTM,496,tm,80.88,0.27042583000002196,0.06531858400012425
WTM,497,tm,81.82000000000001,0.2836210960003882,0.06549862700012454
WTM,498,tm,80.41,0.26952382099989336,0.06456059599986474
WTM,499,tm,82.42,0.2859893180002473,0.06454275699979917
WTM,500,tm,81.22,0.27955940700030624,0.06466606899994076
WTM-NN,1,tm,77.16,0.35629929500009894,0.06253745000003619
WTM-NN,2,tm,78.21000000000001,0.3246912660001726,0.062040538000019296
WTM-NN,3,tm,78.25,0.3183893730001728,0.063462587000231
WTM-NN,4,tm,76.81,0.3218059600003471,0.06278073900011805
WTM-NN,5,tm,77.16,0.31038369099997,0.06277042000010624
WTM-NN,6,tm,78.89,0.3118376390002595,0.06397750499991162
WTM-NN,7,tm,78.29,0.30288842700019813,0.06300431399995432
WTM-NN,8,tm,80.08,0.30794695999975374,0.06468917199981661
WTM-NN,9,tm,78.4,0.3034932340001433,0.06503688500015414
WTM-NN,10,tm,79.07,0.3028650490000473,0.0636451139998826
WTM-NN,11,tm,79.9,0.2988699269999415,0.0629173389997959
WTM-NN,12,tm,79.17999999999999,0.306117168000128,0.06304386300007536
WTM-NN,13,tm,81.27,0.2986946559999524,0.06457278100015174
WTM-NN,14,tm,80.55,0.30917039499991006,0.06299685600015437
WTM-NN,15,tm,79.47,0.2898825989996112,0.06368364599984488
WTM-NN,16,tm,78.73,0.29115316199977315,0.06477956399976392
WTM-NN,17,tm,79.39,0.28170927099972687,0.06335989700028222
WTM-NN,18,tm,80.17,0.28455900200015094,0.06372792499996649
WTM-NN,19,tm,79.79,0.281625847000214,0.06326141999988977
WTM-NN,20,tm,81.23,0.28325624799981597,0.06230655899980775
WTM-NN,21,tm,78.03,0.2858404180001344,0.062446788999750424
WTM-NN,22,tm,80.97,0.2743599280001945,0.06293635600013658
WTM-NN,23,tm,80.44,0.28649710199988476,0.06421765000004598
WTM-NN,24,tm,82.01,0.2812158259998796,0.06413200999986657
WTM-NN,25,tm,79.21000000000001,0.28225673900033144,0.0633439350003755
WTM-NN,26,tm,81.51,0.28545736600017335,0.06310426000027292
WTM-NN,27,tm,80.82000000000001,0.29035009400013223,0.06374037500017948
WTM-NN,28,tm,81.43,0.2892217910002728,0.06319997599985072
WTM-NN,29,tm,79.86999999999999,0.2854295629999797,0.06260994900003425
WTM-NN,30,tm,81.13,0.2877523430001929,0.06388903600009144
WTM-NN,31,tm,81.06,0.28960934299993824,0.06192467799974111
WTM-NN,32,tm,80.56,0.28665942499992525,0.06372662800004036
WTM-NN,33,tm,80.63,0.2910891779997655,0.06430058299974917
WTM-NN,34,tm,79.08,0.288737588999993,0.0639189149997037
WTM-NN,35,tm,79.77,0.28711025500024334,0.06458993300020666
WTM-NN,36,tm,81.67999999999999,0.2810390939998797,0.06344832800004951
WTM-NN,37,tm,81.84,0.2832946959997571,0.061625507000371726
WTM-NN,38,tm,80.55,0.29159005100018476,0.06415939799990156
WTM-NN,39,tm,81.17,0.2834474900000714,0.06488634000015736
WTM-NN,40,tm,80.7,0.2880759829999988,0.06338278799967156
WTM-NN,41,tm,81.77,0.282813384000292,0.06384168700014925
WTM-NN,42,tm,81.61,0.2690533840000171,0.06100324799990631
WTM-NN,43,tm,81.27,0.2816424110001208,0.06347538199997871
WTM-NN,44,tm,81.52000000000001,0.28391733499984184,0.06504857399977482
WTM-NN,45,tm,80.92,0.27226634999988164,0.06291656800021883
WTM-NN,46,tm,81.37,0.27998079300004974,0.06458656499989957
WTM-NN,47,tm,81.13,0.2791086180000093,0.06438582800001313
WTM-NN,48,tm,81.08999999999999,0.28774891399962144,0.06402192299992748
WTM-NN,49,tm,80.24,0.27640464200021597,0.06340780499976972
WTM-NN,50,tm,81.47,0.28038595299994995,0.06326699800001734
WTM-NN,51,tm,81.65,0.2759986430000936,0.06465287699984401
WTM-NN,52,tm,81.37,0.28540388500005065,0.06385559799991825
WTM-NN,53,tm,81.76,0.2759417009997378,0.06414552800015372
WTM-NN,54,tm,80.27,0.2742861950000588,0.06339959900014946
WTM-NN,55,tm,81.42,0.28532921399983024,0.06429668700002367
WTM-NN,56,tm,81.72,0.2884173209999972,0.06408373099975506
WTM-NN,57,tm,81.62,0.28286244499986424,0.06422086399970794
WTM-NN,58,tm,81.89999999999999,0.277789064999979,0.06430791499997213
WTM-NN,59,tm,81.28,0.29034640600002604,0.0655269019998741
WTM-NN,60,tm,81.51,0.2774735210000472,0.06415037799979473
WTM-NN,61,tm,81.21000000000001,0.28326490700010254,0.06415849499990145
WTM-NN,62,tm,80.65,0.27752990399994815,0.06456724000008762
WTM-NN,63,tm,81.16,0.2920366540001851,0.06500048599991715
WTM-NN,64,tm,81.56,0.28730154899994886,0.0648088610000741
WTM-NN,65,tm,81.66,0.2803854480002883,0.06481334499994773
WTM-NN,66,tm,82.11,0.2817101079999702,0.06390860600004089
WTM-NN,67,tm,81.66,0.27840987099989434,0.06274349500017706
WTM-NN,68,tm,81.37,0.2833706680003161,0.06411048200016012
WTM-NN,69,tm,80.19,0.27768466799989255,0.06321746599996914
WTM-NN,70,tm,79.58,0.2779272059997311,0.06302689499989356
WTM-NN,71,tm,81.08,0.27738991000023816,0.06526688100029787
WTM-NN,72,tm,82.33,0.2782757589998255,0.06372121300000799
WTM-NN,73,tm,80.75,0.2729461599997194,0.06478336500003934
WTM-NN,74,tm,80.93,0.28132972000003065,0.0637831709996135
WTM-NN,75,tm,80.86,0.2819035719999192,0.06391484400000991
WTM-NN,76,tm,80.30000000000001,0.2774428799998532,0.06458575899978314
WTM-NN,77,tm,81.04,0.2808850569999777,0.06466217600018354
WTM-NN,78,tm,81.25,0.27617134399997667,0.0642698560000099
WTM-NN,79,tm,80.73,0.2843218509997314,0.06402929099976973
WTM-NN,80,tm,80.94,0.28431475400020645,0.06368456799964406
WTM-NN,81,tm,81.75,0.2741691289998016,0.06461585900024147
WTM-NN,82,tm,81.51,0.28089623500000016,0.06509868600005575
WTM-NN,83,tm,82.03,0.27918416200009233,0.06355249599982926
WTM-NN,84,tm,80.91000000000001,0.27635131699980775,0.06365917499988427
WTM-NN,85,tm,80.01,0.28052265499991336,0.06419299000026513
WTM-NN,86,tm,81.43,0.27928554299978714,0.0663257699998212
WTM-NN,87,tm,81.0,0.28513325400035683,0.06517102999987401
WTM-NN,88,tm,79.62,0.2853384720001486,0.0639859240000078
WTM-NN,89,tm,80.61,0.27486761199998,0.06557337599997481
WTM-NN,90,tm,81.69,0.28293949399994744,0.0643317770000067
WTM-NN,91,tm,80.88,0.28431585299995277,0.06565571500004808
WTM-NN,92,tm,82.52000000000001,0.27605350199974055,0.06457247699972868
WTM-NN,93,tm,81.63,0.27249021699981313,0.06452290900006119
WTM-NN,94,tm,80.76,0.27526060599984703,0.06431719300007899
WTM-NN,95,tm,81.10000000000001,0.2797775379999621,0.06369868199999473
WTM-NN,96,tm,80.9,0.28316737200020725,0.06317213899956187
WTM-NN,97,tm,81.64,0.28272123600027044,0.06404960600002596
WTM-NN,98,tm,81.73,0.2865279519996875,0.06481535700004315
WTM-NN,99,tm,80.71000000000001,0.2763376939997215,0.06565972699991107
WTM-NN,100,tm,82.16,0.27634340199983853,0.06519626399995104
WTM-NN,101,tm,82.16,0.2832003280000208,0.06505524000021978
WTM-NN,102,tm,78.93,0.27161861500007944,0.06607595600007699
WTM-NN,103,tm,81.62,0.28256619000012506,0.06444707299988295
WTM-NN,104,tm,82.13000000000001,0.2774734529998568,0.06456234100005531
WTM-NN,105,tm,81.25,0.2783982779997132,0.06523228499963807
WTM-NN,106,tm,81.19,0.2893886800002292,0.06420978100004504
WTM-NN,107,tm,80.97999999999999,0.2792107169998417,0.0636479629997666
WTM-NN,108,tm,81.0,0.2819785750002666,0.06453493399976651
WTM-NN,109,tm,80.28999999999999,0.2753200309998647,0.06301946599978692
WTM-NN,110,tm,80.93,0.2853425620000962,0.06502217800016297
WTM-NN,111,tm,81.08999999999999,0.2722133170000234,0.06867472800013275
WTM-NN,112,tm,81.81,0.2734482089999801,0.06488361999981862
WTM-NN,113,tm,80.74,0.27804749200004153,0.06298466599992025
WTM-NN,114,tm,81.88,0.2758441819996733,0.06274705800024094
WTM-NN,115,tm,81.73,0.2736456839998027,0.06414766600028088
WTM-NN,116,tm,81.82000000000001,0.275140151999949,0.06425165000018751
WTM-NN,117,tm,81.74,0.2940075359997536,0.06138976200008983
WTM-NN,118,tm,81.05,0.28646222999987003,0.06367865800029904
WTM-NN,119,tm,80.87,0.26910191899969504,0.06539289100010137
WTM-NN,120,tm,81.15,0.2767828439996265,0.06448347099967577
WTM-NN,121,tm,80.80000000000001,0.2834458980000818,0.06462535499986188
WTM-NN,122,tm,80.28999999999999,0.2726724799999829,0.06424393999986933
WTM-NN,123,tm,80.85,0.26874346100021285,0.06411397300007593
WTM-NN,124,tm,81.10000000000001,0.2786393719998159,0.06537698300007833
WTM-NN,125,tm,80.99,0.2815775579997535,0.06462910200025362
WTM-NN,126,tm,81.8,0.28105813899992427,0.06376258399996004
WTM-NN,127,tm,80.36,0.27295145700009016,0.06396889100005865
WTM-NN,128,tm,81.69,0.27086487800033865,0.06372583299980761
WTM-NN,129,tm,80.73,0.27336242199999106,0.06434850300001926
WTM-NN,130,tm,80.91000000000001,0.2776919650000309,0.06386070200005634
WTM-NN,131,tm,81.89999999999999,0.2763621709996187,0.06409942199979923
WTM-NN,132,tm,82.19999999999999,0.27994294399968567,0.0651584410002215
WTM-NN,133,tm,80.4,0.2773359199995866,0.06403031199988618
WTM-NN,134,tm,81.35,0.27490387700026986,0.06417735800005175
WTM-NN,135,tm,79.47999999999999,0.2779127060002793,0.06535837000001266
WTM-NN,136,tm,80.81,0.287098853000316,0.06545381899968561
WTM-NN,137,tm,82.09,0.2847021659999882,0.06426744899999903
WTM-NN,138,tm,81.39,0.27791059100036364,0.06490741400011757
WTM-NN,139,tm,81.93,0.27096220899966283,0.06486071100016488
WTM-NN,140,tm,82.57,0.2789154110000709,0.06557909299999665
WTM-NN,141,tm,80.57,0.2729651639997428,0.0643703379996623
WTM-NN,142,tm,80.97999999999999,0.2805014180003127,0.06409926200012706
WTM-NN,143,tm,81.54,0.2827648309998949,0.06457970200017371
WTM-NN,144,tm,80.4,0.27176771200038274,0.06488798299960763
WTM-NN,145,tm,81.34,0.28061782799977664,0.06309780499987028
WTM-NN,146,tm,81.33,0.28005862899999556,0.06455432099983227
WTM-NN,147,tm,81.74,0.27470331399990755,0.06428123700015931
WTM-NN,148,tm,80.94,0.2749737720000667,0.06511346599972967
WTM-NN,149,tm,80.17,0.2703286500000104,0.06539993300020797
WTM-NN,150,tm,82.50999999999999,0.2789159600001767,0.06394623899996077
WTM-NN,151,nn,83.39999999999999,0.2612524689993734,0.065845377000187
WTM-NN,152,nn,83.17,0.19329334199937875,0.06291966699973273
WTM-NN,153,nn,83.13000000000001,0.19349435300046025,0.06388681499993254
WTM-NN,154,nn,82.89999999999999,0.19151405899992824,0.06362248999994335
WTM-NN,155,nn,82.91,0.2380163520001588,0.06359793100000388
WTM-NN,156,nn,83.08,0.19172631300079956,0.06411541099987517
WTM-NN,157,nn,83.1,0.19308481799998845,0.06477166399963608
WTM-NN,158,nn,83.02000000000001,0.17993574499996612,0.06396009299987782
WTM-NN,159,nn,82.86,0.1912933459998385,0.0634298499999204
WTM-NN,160,nn,82.98,0.19318698799997946,0.06394175999957952
WTM-NN,161,nn,82.87,0.19131272300001,0.06344152099973144
WTM-NN,162,nn,82.85,0.1718517380004414,0.06380695600000763
WTM-NN,163,nn,82.93,0.25081523600056244,0.061918585999592324
WTM-NN,164,nn,82.92,0.19123157699959847,0.06279788700067002
WTM-NN,165,nn,82.96,0.19072509600027843,0.06306917399979284
WTM-NN,166,nn,82.84,0.1932284249996883,0.06275063599969144
WTM-NN,167,nn,83.09,0.2519534870007192,0.0620898480001415
WTM-NN,168,nn,83.12,0.17906890399990516,0.06135653599994839
WTM-NN,169,nn,83.14,0.1915527529999963,0.06445974199959892
WTM-NN,170,nn,83.07,0.18751319100010733,0.06292875000053755
WTM-NN,171,nn,83.21,0.19146613300017634,0.06391871300002094
WTM-NN,172,nn,83.08,0.19364965099975961,0.06377836499996192
WTM-NN,173,nn,83.22,0.1935616040000241,0.06380948300011369
WTM-NN,174,nn,83.37,0.19255846300075063,0.06258796699967206
WTM-NN,175,nn,83.39,0.25008267400062323,0.06191304799995123
WTM-NN,176,nn,83.24000000000001,0.193570317999729,0.06268161900061386
WTM-NN,177,nn,83.37,0.19333966999965924,0.06875180600036401
WTM-NN,178,nn,83.39,0.17713027999980113,0.06208792000052199
WTM-NN,179,nn,83.48,0.24948717300048884,0.06408220900084416
WTM-NN,180,nn,83.48,0.19412088700028107,0.06428294700072001
WTM-NN,181,nn,83.55,0.188370169999871,0.06367008500001248
WTM-NN,182,nn,83.69,0.17804899499969906,0.06454962800034991
WTM-NN,183,nn,83.66,0.17822061500010022,0.06404808199931722
WTM-NN,184,nn,83.74000000000001,0.17726841300009255,0.06293797499984066
WTM-NN,185,nn,83.88,0.17849841999941418,0.06375193399981072
WTM-NN,186,nn,83.89,0.23828761000004306,0.06325456600006873
WTM-NN,187,nn,83.87,0.17971425900032045,0.06265315800010285
WTM-NN,188,nn,83.91,0.18041401499976928,0.06199848899996141
WTM-NN,189,nn,83.8,0.1785207029997764,0.06280650600001536
WTM-NN,190,nn,83.95,0.23910974699992948,0.06251884999983304
WTM-NN,191,nn,83.94,0.1798457419999977,0.06305834100021457
WTM-NN,192,nn,83.89999999999999,0.19321275999936915,0.06234311399930448
WTM-NN,193,nn,83.99,0.1896001969998906,0.06290086399985739
WTM-NN,194,nn,83.93,0.192768222000268,0.06269882200012944
WTM-NN,195,nn,84.05,0.17339887100024498,0.06369573899974057
WTM-NN,196,nn,83.96000000000001,0.19252024199977313,0.06362568999975338
WTM-NN,197,nn,84.04,0.1914676189999227,0.06420594300016091
WTM-NN,198,nn,83.98,0.25514754800042283,0.06348797900045611
WTM-NN,199,nn,84.13000000000001,0.1937244760001704,0.06203871900015656
WTM-NN,200,nn,84.03,0.1921854809997967,0.06258441199952358
WTM-NN,201,nn,84.13000000000001,0.19206115100041643,0.06312098400030663
WTM-NN,202,nn,84.11999999999999,0.2405920649998734,0.06102815800022654
WTM-NN,203,nn,84.31,0.19389139800023258,0.06329409200043301
WTM-NN,204,nn,84.38,0.19023110899979656,0.06371322999984841
WTM-NN,205,nn,84.17,0.19172976699974242,0.06165010499989876
WTM-NN,206,nn,84.23,0.19135858000026928,0.06332826600009867
WTM-NN,207,nn,84.23,0.19299560800027393,0.063506237999718
WTM-NN,208,nn,84.17,0.18488017799973022,0.06411536199993861
WTM-NN,209,nn,84.21,0.17748477900022408,0.06276317900028516
WTM-NN,210,nn,84.45,0.2371855499995945,0.06359159800013003
WTM-NN,211,nn,84.23,0.17903230999945663,0.06346657799986133
WTM-NN,212,nn,84.22,0.17914704099985101,0.06302442800006247
WTM-NN,213,nn,84.31,0.18035633199997392,0.06315342500056431
WTM-NN,214,nn,84.22,0.24518449799961672,0.06224896899948362
WTM-NN,215,nn,84.05,0.1790306770008101,0.0632272169996213
WTM-NN,216,nn,84.34,0.1801851230002285,0.06278983800075366
WTM-NN,217,nn,84.34,0.17976225900019926,0.06383266700049717
WTM-NN,218,nn,84.16,0.18074135999995633,0.06107934400006343
WTM-NN,219,nn,84.33,0.18016313899988745,0.06339870100055123
WTM-NN,220,nn,84.23,0.17803651800022635,0.06363993700051651
WTM-NN,221,nn,84.27,0.24195026600045821,0.06409953200000018
WTM-NN,222,nn,84.25,0.19399599400003353,0.062139888999809045
WTM-NN,223,nn,84.33,0.1842454320003526,0.06265079100012372
WTM-NN,224,nn,84.11999999999999,0.1921398179993048,0.06348440600049798
WTM-NN,225,nn,84.42,0.2440506600005392,0.06035961399993539
WTM-NN,226,nn,84.26,0.19308258199998818,0.0625646369999231
WTM-NN,227,nn,84.35000000000001,0.192662835000192,0.0637629900002139
WTM-NN,228,nn,84.23,0.19593356299992593,0.061422586999469786
WTM-NN,229,nn,84.27,0.18459642800007714,0.06391263800014713
WTM-NN,230,nn,84.35000000000001,0.1946267760004048,0.06110662100036279
WTM-NN,231,nn,84.21,0.1885478400008651,0.06291711599988048
WTM-NN,232,nn,84.39,0.18386750700028642,0.06011183400005393
WTM-NN,233,nn,84.38,0.25111692500013305,0.0635633219999363
WTM-NN,234,nn,84.24000000000001,0.19195363499966334,0.06274456400024064
WTM-NN,235,nn,84.37,0.17672275599943532,0.06368274399937945
WTM-NN,236,nn,84.39999999999999,0.19310882599984325,0.06275952299984056
WTM-NN,237,nn,84.44,0.2434085060003781,0.06629946599969117
WTM-NN,238,nn,84.32,0.18107544499980577,0.06362399400040886
WTM-NN,239,nn,84.28,0.17873241300003428,0.06351874400024826
WTM-NN,240,nn,84.31,0.18921803500052192,0.06332625100003497
WTM-NN,241,nn,84.22,0.17930162500033475,0.06353268500060949
WTM-NN,242,nn,84.28999999999999,0.1792038240000693,0.06355910100046458
WTM-NN,243,nn,84.39999999999999,0.1789419070000804,0.06418166899948119
WTM-NN,244,nn,84.35000000000001,0.17782765999982075,0.06322232100046676
WTM-NN,245,nn,84.3,0.24036815599993133,0.06278528700022434
WTM-NN,246,nn,84.28999999999999,0.17905323499962833,0.06255742699977418
WTM-NN,247,nn,84.44,0.17921600300087448,0.06648399699952279
WTM-NN,248,nn,84.33,0.19000344300002325,0.06975524200061045
WTM-NN,249,nn,84.37,0.2475316930003828,0.06346962499992514
WTM-NN,250,nn,84.37,0.19105865899928176,0.06346652100000938
WTM-NN,251,nn,84.38,0.1928229299992381,0.06278495400056272
WTM-NN,252,nn,84.28999999999999,0.1840922089995729,0.06306031599979178
WTM-NN,253,nn,84.39,0.17918179299977055,0.06431681399953959
WTM-NN,254,nn,84.3,0.17581404600059614,0.06361386800017499
WTM-NN,255,nn,84.24000000000001,0.19040092499926686,0.06463679500029684
WTM-NN,256,nn,84.23,0.18845528600013495,0.06296977700003481
WTM-NN,257,nn,84.38,0.24222683999960282,0.06304907199955778
WTM-NN,258,nn,84.27,0.193833853999422,0.06215213199993741
WTM-NN,259,nn,84.31,0.19272468899998785,0.06319350600006146
WTM-NN,260,nn,84.34,0.19308467999962886,0.0619723959998737
WTM-NN,261,nn,84.26,0.25054990599983284,0.06222979799986206
WTM-NN,262,nn,84.14,0.17420730400044704,0.06376589499996044
WTM-NN,263,nn,84.28,0.19374450800023624,0.06324396499985596
WTM-NN,264,nn,84.28999999999999,0.1937049299995124,0.06284391999997752
WTM-NN,265,nn,84.25,0.18625242399957642,0.06283902999985003
WTM-NN,266,nn,84.25,0.1932040159999815,0.06270036600017193
WTM-NN,267,nn,84.3,0.18750117299987323,0.06448900499981391
WTM-NN,268,nn,84.37,0.24966079299974808,0.06381215900000825
WTM-NN,269,nn,84.32,0.19482867300030193,0.06274998399931064
WTM-NN,270,nn,84.31,0.19382249800037243,0.06292330799988122
WTM-NN,271,nn,84.25,0.19204523200005497,0.06320915699961915
WTM-NN,272,nn,84.21,0.24631704399962473,0.06232034800086694
WTM-NN,273,nn,84.37,0.18172061600034795,0.06353392900018662
WTM-NN,274,nn,84.17999999999999,0.18602176400054304,0.06424903600054677
WTM-NN,275,nn,84.35000000000001,0.18102973600070982,0.06334179300029064
WTM-NN,276,nn,84.31,0.1934654689994204,0.06480870299947128
WTM-NN,277,nn,84.32,0.17894941299982747,0.06354912799997692
WTM-NN,278,nn,84.26,0.191521757999908,0.06451821400059998
WTM-NN,279,nn,84.17999999999999,0.1727932490002786,0.06467818800047098
WTM-NN,280,nn,84.34,0.24884799600022234,0.06434939300015685
WTM-NN,281,nn,84.25,0.17465983700003562,0.0633708649993423
WTM-NN,282,nn,84.25,0.17382773400004226,0.06291723100002855
WTM-NN,283,nn,84.31,0.19109610200030147,0.06284255400078109
WTM-NN,284,nn,84.41,0.25068415999976423,0.062482246000399755
WTM-NN,285,nn,84.45,0.18217702000038116,0.06358251399979054
WTM-NN,286,nn,84.28999999999999,0.1913783030004197,0.06299104600020655
WTM-NN,287,nn,84.28999999999999,0.18197718899955362,0.06404181600009906
WTM-NN,288,nn,84.27,0.18802292700002,0.06321224699968298
WTM-NN,289,nn,84.32,0.17943439699956798,0.06336169400037761
WTM-NN,290,nn,84.35000000000001,0.19288125100047182,0.06427155700021103
WTM-NN,291,nn,84.33,0.1894559099991966,0.06363560899990262
WTM-NN,292,nn,84.34,0.2535387719999562,0.06394263699985459
WTM-NN,293,nn,84.3,0.19309300600070856,0.06430509599977086
WTM-NN,294,nn,84.3,0.1925353990000076,0.06315257200003543
WTM-NN,295,nn,84.28,0.18292653800017433,0.06281932900037646
WTM-NN,296,nn,84.39999999999999,0.25285131399959937,0.06433151900000667
WTM-NN,297,nn,84.31,0.1921543849994123,0.06463294100012718
WTM-NN,298,nn,84.22,0.2021615430003294,0.07002188400019804
WTM-NN,299,nn,84.27,0.19363457700001163,0.060140312999465095
WTM-NN,300,nn,84.21,0.19291886200062436,0.061706935999609414
WTM-NN,301,nn,84.32,0.19379438099986146,0.06319583999993483
WTM-NN,302,nn,84.35000000000001,0.19272360900049534,0.06282279999959428
WTM-NN,303,nn,84.36,0.23937408799974946,0.06285660800040205
WTM-NN,304,nn,84.34,0.19405270199968072,0.06280397400041693
WTM-NN,305,nn,84.32,0.18135551399973338,0.06271345900040615
WTM-NN,306,nn,84.2,0.1861057919995801,0.063309252000181
WTM-NN,307,nn,84.42,0.2504895120000583,0.0632451689998561
WTM-NN,308,nn,84.36,0.18603742999948736,0.06286603799981094
WTM-NN,309,nn,84.27,0.1929560409998885,0.06431673699989915
WTM-NN,310,nn,84.28999999999999,0.18538515599993843,0.06092311199972755
WTM-NN,311,nn,84.24000000000001,0.18933047399968927,0.06475185599992983
WTM-NN,312,nn,84.35000000000001,0.17745268199996644,0.06141052800012403
WTM-NN,313,nn,84.28999999999999,0.17819466299988562,0.06284072600010404
WTM-NN,314,nn,84.21,0.1866660129999218,0.06376791799993953
WTM-NN,315,nn,84.39,0.25272476300051494,0.06136794399935752
WTM-NN,316,nn,84.07,0.17931799799953296,0.06359554699974979
WTM-NN,317,nn,84.37,0.17964898299942433,0.06252650499936863
WTM-NN,318,nn,84.21,0.17935346200010827,0.061333839999861084
WTM-NN,319,nn,84.32,0.23657139599981747,0.06448189500042645
WTM-NN,320,nn,84.15,0.17801386599967373,0.06317156400018575
WTM-NN,321,nn,84.21,0.17769305799993163,0.06162434299949382
WTM-NN,322,nn,84.37,0.1821321639999951,0.06424430400056735
WTM-NN,323,nn,84.3,0.1782334899999114,0.06251046299985319
WTM-NN,324,nn,84.27,0.17875509799978317,0.06423334999999497
WTM-NN,325,nn,84.22,0.18075191600019025,0.06301567099944805
WTM-NN,326,nn,84.32,0.17812523399970814,0.06434005600021919
WTM-NN,327,nn,84.31,0.23726642600013292,0.06417782799962879
WTM-NN,328,nn,84.28999999999999,0.17892954099988856,0.0625146140000652
WTM-NN,329,nn,84.26,0.17887457899996662,0.06308525199983706
WTM-NN,330,nn,84.27,0.17831595999996352,0.06414870699973108
WTM-NN,331,nn,84.16,0.237032602999534,0.06352678500024922
WTM-NN,332,nn,84.31,0.18011658399973385,0.0644781190003414
WTM-NN,333,nn,84.34,0.19331647699982568,0.06357681899953604
WTM-NN,334,nn,84.17999999999999,0.1787821249999979,0.06156574600026943
WTM-NN,335,nn,84.23,0.18521905199941102,0.062638715000503
WTM-NN,336,nn,84.28,0.19285408400082815,0.06273388400040858
WTM-NN,337,nn,84.34,0.19176816300023347,0.0645785300002899
WTM-NN,338,nn,84.15,0.2477961160002451,0.06284060699999827
WTM-NN,339,nn,84.23,0.17457818200000474,0.062481721000040125
WTM-NN,340,nn,84.35000000000001,0.20275035800023034,0.06851361200006068
WTM-NN,341,nn,84.22,0.19543064899971796,0.06430167399958009
WTM-NN,342,nn,84.48,0.24550642499980313,0.06298793899986777
WTM-NN,343,nn,84.37,0.17887278299986065,0.06269737699949474
WTM-NN,344,nn,84.36,0.17776109399983397,0.06374134999987291
WTM-NN,345,nn,84.28,0.1789463600007366,0.06284801400033757
WTM-NN,346,nn,84.22,0.1786184709999361,0.061382281000078365
WTM-NN,347,nn,84.28,0.18526651299998775,0.06282727599955251
WTM-NN,348,nn,84.26,0.1870043650005755,0.06282803700014483
WTM-NN,349,nn,84.33,0.18040833399936673,0.0632722719992671
WTM-NN,350,nn,84.24000000000001,0.25152976699973806,0.06261004400039383
WTM-NN,351,nn,84.32,0.1914423860007446,0.06287212600000203
WTM-NN,352,nn,84.32,0.1838141390007877,0.06303986300008546
WTM-NN,353,nn,84.13000000000001,0.18280825599958916,0.06427637200067693
WTM-NN,354,nn,84.22,0.24196259600012127,0.06244045499988715
WTM-NN,355,nn,84.27,0.17800332800015894,0.06374890200004302
WTM-NN,356,nn,84.19,0.17858527400039748,0.061648009000236925
WTM-NN,357,nn,84.33,0.17753627599995525,0.06251686299947323
WTM-NN,358,nn,84.35000000000001,0.17848335700000462,0.06310533699979715
WTM-NN,359,nn,84.28,0.18088032899959217,0.06380534199979593
WTM-NN,360,nn,84.35000000000001,0.1792054849993292,0.06427759200050787
WTM-NN,361,nn,84.36,0.17819640999914554,0.062476263000462495
WTM-NN,362,nn,84.39,0.2391815350001707,0.06359231599981285
WTM-NN,363,nn,84.28,0.18137804999969376,0.06263506499999494
WTM-NN,364,nn,84.23,0.17876616200010176,0.06247189999976399
WTM-NN,365,nn,84.26,0.1782475539994266,0.06377932899977168
WTM-NN,366,nn,84.49,0.23917109000012715,0.06230074699942634
WTM-NN,367,nn,84.14,0.1794699740003125,0.06129088299985597
WTM-NN,368,nn,84.28999999999999,0.17828763999932562,0.06274012199992285
WTM-NN,369,nn,84.31,0.18069170199942164,0.06312042999979894
WTM-NN,370,nn,84.32,0.17820969300009892,0.06464201200014941
WTM-NN,371,nn,84.28999999999999,0.1788353219999408,0.06282829999963724
WTM-NN,372,nn,84.26,0.17776575700008834,0.0643799069994202
WTM-NN,373,nn,84.2,0.24547544999950333,0.06235645500055398
WTM-NN,374,nn,84.21,0.19212110599983134,0.06228079399988928
WTM-NN,375,nn,84.26,0.18150378799964528,0.06328832399958628
WTM-NN,376,nn,84.45,0.18065291499988234,0.06461565300014627
WTM-NN,377,nn,84.28,0.24200506400029553,0.062074082999970415
WTM-NN,378,nn,84.35000000000001,0.19346842899994954,0.061151353000241215
WTM-NN,379,nn,84.22,0.1900397770004929,0.06443459599995549
WTM-NN,380,nn,84.22,0.1890961139997671,0.06275569799981895
WTM-NN,381,nn,84.26,0.19266857599996,0.06345946300007199
WTM-NN,382,nn,84.35000000000001,0.19181010000011156,0.06282123700020747
WTM-NN,383,nn,84.31,0.18982866399983322,0.06337197900029423
WTM-NN,384,nn,84.35000000000001,0.19251950600028067,0.06301210800029367
WTM-NN,385,nn,84.39,0.24955517100079305,0.06234678800046822
WTM-NN,386,nn,84.27,0.17713280400039366,0.0634870799995042
WTM-NN,387,nn,84.37,0.19262052199974278,0.06354180899961648
WTM-NN,388,nn,84.42,0.18996017799963738,0.06448507300046913
WTM-NN,389,nn,84.37,0.24476889499965182,0.06433956999990187
WTM-NN,390,nn,84.31,0.18557639800019388,0.06128081299993937
WTM-NN,391,nn,84.24000000000001,0.1932576640001571,0.06465554799979145
WTM-NN,392,nn,84.37,0.19216939600028127,0.06386078700052167
WTM-NN,393,nn,84.28999999999999,0.1946685550001348,0.06236127099964506
WTM-NN,394,nn,84.3,0.19220109499929094,0.0634568979994583
WTM-NN,395,nn,84.37,0.1923919599994406,0.06368716900033178
WTM-NN,396,nn,84.3,0.18843327400009002,0.06453974499981996
WTM-NN,397,nn,84.22,0.23768430899963278,0.06498656199983088
WTM-NN,398,nn,84.28,0.17863305900027626,0.0640906280004856
WTM-NN,399,nn,84.23,0.181439846000103,0.06369940100012172
WTM-NN,400,nn,84.23,0.1856376569994609,0.06287629899998137
WTM-NN,401,nn,84.23,0.24975967800037324,0.06316228800005774
WTM-NN,402,nn,84.28,0.17779537199930928,0.061185511000076076
WTM-NN,403,nn,84.25,0.1777094169992779,0.06433681500038801
WTM-NN,404,nn,84.42,0.1731934839999667,0.06437068300056126
WTM-NN,405,nn,84.35000000000001,0.19277664299988828,0.06355679600073927
WTM-NN,406,nn,84.32,0.17837598400001298,0.06303228499928082
WTM-NN,407,nn,84.34,0.17899987700002384,0.06346527499954391
WTM-NN,408,nn,84.31,0.2509523549997539,0.06549819200063212
WTM-NN,409,nn,84.28,0.1909127939998143,0.06388470000001689
WTM-NN,410,nn,84.32,0.19259650700041675,0.0641518399997949
WTM-NN,411,nn,84.19,0.19462401799955842,0.0643046819996016
WTM-NN,412,nn,84.3,0.249650133000614,0.06416593399990234
WTM-NN,413,nn,84.41,0.19351546300003974,0.06355338100001973
WTM-NN,414,nn,84.35000000000001,0.1894344419997651,0.06370764800067263
WTM-NN,415,nn,84.34,0.19423669000025257,0.0636961539994445
WTM-NN,416,nn,84.43,0.19611390200043388,0.06436610400032805
WTM-NN,417,nn,84.39,0.18811742100024276,0.06163564199960092
WTM-NN,418,nn,84.28,0.19208547500056738,0.06379844200000662
WTM-NN,419,nn,84.32,0.18927465100023255,0.06379822799954127
WTM-NN,420,nn,84.2,0.2506498910006485,0.06333858000016335
WTM-NN,421,nn,84.11999999999999,0.18953055899964966,0.06297106100009842
WTM-NN,422,nn,84.27,0.19461255299938784,0.0631498869997813
WTM-NN,423,nn,84.31,0.1958775869998135,0.06392429900006391
WTM-NN,424,nn,84.2,0.2490897079997012,0.06432591200064053
WTM-NN,425,nn,84.35000000000001,0.19378345899986016,0.06433883399949991
WTM-NN,426,nn,84.11,0.1924581470002522,0.06384819199956837
WTM-NN,427,nn,84.39,0.19255949899979896,0.06330013099977805
WTM-NN,428,nn,84.1,0.19184302899975592,0.06371406899961585
WTM-NN,429,nn,84.37,0.18622316900018632,0.06266916999993555
WTM-NN,430,nn,84.34,0.17754341999989265,0.06439767400024721
WTM-NN,431,nn,84.3,0.17880187100035982,0.06349047399999108
WTM-NN,432,nn,84.3,0.23941640600060055,0.06489547000001039
WTM-NN,433,nn,84.27,0.18002874700050597,0.0642590970001038
WTM-NN,434,nn,84.17999999999999,0.1810673489999317,0.06394457999977021
WTM-NN,435,nn,84.36,0.178089240999725,0.06426415000078123
WTM-NN,436,nn,84.28,0.2391461649995108,0.06476003300031152
WTM-NN,437,nn,84.17999999999999,0.1783093980002377,0.06432664099975227
WTM-NN,438,nn,84.38,0.1778331169998637,0.06464338800014957
WTM-NN,439,nn,84.26,0.1815901150002901,0.06374038500052848
WTM-NN,440,nn,84.32,0.1787672330001442,0.06401591899975756
WTM-NN,441,nn,84.28,0.1846337390006738,0.06335004300035507
WTM-NN,442,nn,84.34,0.17831125300017447,0.06245140600003651
WTM-NN,443,nn,84.35000000000001,0.18218742699991708,0.06944546199974866
WTM-NN,444,nn,84.43,0.2473220339998079,0.06370732799950929
WTM-NN,445,nn,84.28999999999999,0.19163118999949802,0.06378392399983568
WTM-NN,446,nn,84.39,0.18079862800004776,0.064233607999995
WTM-NN,447,nn,84.35000000000001,0.19309865000013815,0.06288928699996177
WTM-NN,448,nn,84.28999999999999,0.25079408199962927,0.06424173699997482
WTM-NN,449,nn,84.37,0.18687396499990427,0.06323668900040502
WTM-NN,450,nn,84.39999999999999,0.19273313800022152,0.06475531399973988
WTM-NN,451,nn,84.22,0.18417738899916003,0.06414023599973007
WTM-NN,452,nn,84.28,0.19299379699987185,0.06407383500027208
WTM-NN,453,nn,84.2,0.19289061699964805,0.06528664799952821
WTM-NN,454,nn,84.15,0.1914352109997708,0.0648408080005538
WTM-NN,455,nn,84.28,0.2497818069996356,0.06462136400023155
WTM-NN,456,nn,84.32,0.1719122550002794,0.0631692409997413
WTM-NN,457,nn,84.28999999999999,0.18932949399913923,0.06403639700056374
WTM-NN,458,nn,84.32,0.19340145500063954,0.06490190700060339
WTM-NN,459,nn,84.31,0.2516588119997323,0.06492483500005619
WTM-NN,460,nn,84.33,0.19114476000049763,0.06419794999965234
WTM-NN,461,nn,84.28,0.18949650000013207,0.0627353480003876
WTM-NN,462,nn,84.35000000000001,0.18667839000045205,0.06420417200024531
WTM-NN,463,nn,84.34,0.19396806700024172,0.0628202580001016
WTM-NN,464,nn,84.25,0.19237488999988273,0.06431034499928501
WTM-NN,465,nn,84.21,0.19282136599940713,0.06386877200020535
WTM-NN,466,nn,84.36,0.17372399200030486,0.06428954499915562
WTM-NN,467,nn,84.21,0.25092666799992003,0.06432014599977265
WTM-NN,468,nn,84.37,0.19220171799952368,0.06395780100046977
WTM-NN,469,nn,84.27,0.18178843900022912,0.06439496399980271
WTM-NN,470,nn,84.26,0.19215867799994157,0.06412620399987645
WTM-NN,471,nn,84.31,0.25120651299948804,0.06348564000018087
WTM-NN,472,nn,84.26,0.1779026470003373,0.0654042810001556
WTM-NN,473,nn,84.32,0.19188936699993064,0.06463676400016993
WTM-NN,474,nn,84.36,0.19146157600061997,0.06245218299955013
WTM-NN,475,nn,84.37,0.18910148499981005,0.06330979599988495
WTM-NN,476,nn,84.26,0.18037672199989174,0.06398739100040984
WTM-NN,477,nn,84.08,0.1907731520004745,0.06311200900017866
WTM-NN,478,nn,84.28999999999999,0.19126002400025754,0.06286727100086864
WTM-NN,479,nn,84.32,0.23848595399977057,0.06295292400045582
WTM-NN,480,nn,84.26,0.1926092929998049,0.06480878899947129
WTM-NN,481,nn,84.31,0.18868194300011965,0.06511877599950822
WTM-NN,482,nn,84.19,0.18125021699961508,0.06451943600040977
WTM-NN,483,nn,84.23,0.23638074100017548,0.06373158999940642
WTM-NN,484,nn,84.19,0.17813510199994198,0.06397657999968942
WTM-NN,485,nn,84.27,0.17878798399942752,0.0645538389999274
WTM-NN,486,nn,84.09,0.1793370280001909,0.06369260100018437
WTM-NN,487,nn,84.11,0.1788409539994973,0.06410403100016993
WTM-NN,488,nn,84.25,0.17870355499962898,0.06380723500024033
WTM-NN,489,nn,84.33,0.1798771849998957,0.06319125099980738
WTM-NN,490,nn,84.39,0.24662032600008388,0.06382489799943869
WTM-NN,491,nn,84.33,0.17465209500005585,0.06300937900050485
WTM-NN,492,nn,84.33,0.1918270249998386,0.06383813699994789
WTM-NN,493,nn,84.26,0.19319948100019246,0.06341059599981236
WTM-NN,494,nn,84.24000000000001,0.250633482000012,0.0633301420002681
WTM-NN,495,nn,84.17,0.1928878300004726,0.06309461899945745
WTM-NN,496,nn,84.28,0.1936862780003139,0.06304634600019199
WTM-NN,497,nn,84.28999999999999,0.1899007049996726,0.06402190399967367
WTM-NN,498,nn,84.23,0.18095107400040433,0.06416137100040942
WTM-NN,499,nn,84.41,0.1820228610004051,0.06350132700026734
WTM-NN,500,nn,84.32,0.1925046950000251,0.06287071499991725
UTM-NN,1,tm,78.36,0.47422369900004924,0.06015703299999586
UTM-NN,2,tm,79.17,0.4300931269999637,0.060338402000070346
UTM-NN,3,tm,79.67999999999999,0.4346729320000122,0.05988917300010144
UTM-NN,4,tm,80.01,0.4357583659998454,0.0603212039995924
UTM-NN,5,tm,80.32000000000001,0.42445609100013826,0.06017531599991344
UTM-NN,6,tm,80.25,0.42325286100003723,0.06030288900001324
UTM-NN,7,tm,80.7,0.4184305629996743,0.0604659140003605
UTM-NN,8,tm,80.30000000000001,0.4200896899997133,0.06092846000001373
UTM-NN,9,tm,80.53,0.42176408900013485,0.06007114099975297
UTM-NN,10,tm,80.47999999999999,0.42614330099968356,0.06048313800010874
UTM-NN,11,tm,80.36,0.42898455199974705,0.06039127199983341
UTM-NN,12,tm,80.03,0.41667158600012044,0.060651383999811515
UTM-NN,13,tm,80.64,0.42644903699965653,0.06028231999971467
UTM-NN,14,tm,80.52,0.4168718020000597,0.06180614400000195
UTM-NN,15,tm,80.73,0.42239036999990276,0.060422550999646774
UTM-NN,16,tm,80.77,0.4238976520000506,0.06043104800028232
UTM-NN,17,tm,80.58,0.4262834969999858,0.06037943699993775
UTM-NN,18,tm,80.81,0.4176482899997609,0.060552060999725654
UTM-NN,19,tm,80.75,0.4141397089997554,0.060168531000272196
UTM-NN,20,tm,80.67,0.41477024699997855,0.060095282000020234
UTM-NN,21,tm,80.84,0.41550453699983336,0.06053722299975561
UTM-NN,22,tm,80.99,0.412248573999932,0.060558156999832136
UTM-NN,23,tm,80.66,0.41849353000043266,0.05998993499997596
UTM-NN,24,tm,80.69,0.41609587099992495,0.060420137999699364
UTM-NN,25,tm,80.71000000000001,0.4133374829998502,0.060668372999771236
UTM-NN,26,tm,80.63,0.4115769889999683,0.06037048700000014
UTM-NN,27,tm,80.75,0.41741393099982815,0.06040033299996139
UTM-NN,28,tm,80.72,0.4144291580000754,0.06015783199973157
UTM-NN,29,tm,80.56,0.4153524150001431,0.06035398799986069
UTM-NN,30,tm,80.81,0.4137678719998803,0.06019758399997954
UTM-NN,31,tm,80.74,0.4207965860000513,0.060602453999763384
UTM-NN,32,tm,80.82000000000001,0.40967763800017565,0.06162795799991727
UTM-NN,33,tm,80.78999999999999,0.4168150139998943,0.059897872999954416
UTM-NN,34,tm,80.77,0.4194814090001273,0.059477677999893785
UTM-NN,35,tm,80.78999999999999,0.4151107789998605,0.05971460799992201
UTM-NN,36,tm,80.86,0.418082750999929,0.06130663199974151
UTM-NN,37,tm,80.81,0.4270072060003258,0.06117755400009628
UTM-NN,38,tm,80.74,0.423056650000035,0.06097217599972282
UTM-NN,39,tm,80.71000000000001,0.4157118619996254,0.06090415500011659
UTM-NN,40,tm,80.97999999999999,0.4199720710003021,0.06073645200012834
UTM-NN,41,tm,80.85,0.42793842799983395,0.06038072399996963
UTM-NN,42,tm,80.93,0.419002196999827,0.0615143140003056
UTM-NN,43,tm,80.88,0.4163491389999763,0.06126891800022349
UTM-NN,44,tm,80.97,0.417628582999896,0.06130358400014302
UTM-NN,45,tm,80.77,0.4108341350001865,0.06481612700008554
UTM-NN,46,tm,80.97999999999999,0.4190476359999593,0.060557292999874335
UTM-NN,47,tm,80.96,0.42300363000003927,0.06002416899991658
UTM-NN,48,tm,80.84,0.41781647800007704,0.06045673900007387
UTM-NN,49,tm,80.92,0.42377565899960246,0.0604858689998764
UTM-NN,50,tm,80.73,0.43100109599981806,0.0606212319999031
UTM-NN,51,tm,80.91000000000001,0.41777430399997684,0.060157806999995955
UTM-NN,52,tm,80.87,0.4182651769997392,0.06020267599978979
UTM-NN,53,tm,80.74,0.42769549000013285,0.06031653699983508
UTM-NN,54,tm,80.57,0.4123676730000625,0.061515289999988454
UTM-NN,55,tm,80.82000000000001,0.41369668800007275,0.06050324500029092
UTM-NN,56,tm,80.7,0.41144351399998413,0.06065705800028809
UTM-NN,57,tm,80.85,0.42078512999978557,0.06048607299999276
UTM-NN,58,tm,80.94,0.42465148499968564,0.06059909199984759
UTM-NN,59,tm,80.71000000000001,0.4253813190002802,0.060244805999900564
UTM-NN,60,tm,80.83,0.41704547300014383,0.06125675899966154
UTM-NN,61,tm,80.83,0.40894059899983404,0.060847921000004135
UTM-NN,62,tm,80.67999999999999,0.4209529070003555,0.06059317800009012
UTM-NN,63,tm,80.80000000000001,0.4089223490000222,0.06059069499997349
UTM-NN,64,tm,80.77,0.4128396429996428,0.06045797600017977
UTM-NN,65,tm,80.97,0.41925069000035364,0.06046761499965214
UTM-NN,66,tm,80.67999999999999,0.4245907080003235,0.060314584000025206
UTM-NN,67,tm,80.82000000000001,0.4272956049999266,0.060422063000260096
UTM-NN,68,tm,80.74,0.4250217000003431,0.06024117699962517
UTM-NN,69,tm,80.85,0.41863220999994155,0.06035496899994541
UTM-NN,70,tm,80.78,0.42448411399982433,0.06030290099988633
UTM-NN,71,tm,80.76,0.40648884599977464,0.060057659999984025
UTM-NN,72,tm,80.84,0.41774969400012196,0.060731049999958486
UTM-NN,73,tm,80.72,0.42911596300018573,0.06071077400019931
UTM-NN,74,tm,80.69,0.40989482000031785,0.05945269999983793
UTM-NN,75,tm,80.84,0.41565649799986204,0.06034550399999716
UTM-NN,76,tm,80.65,0.41842349200032913,0.05997514599994247
UTM-NN,77,tm,80.91000000000001,0.41678942999988067,0.06115657400005148
UTM-NN,78,tm,80.81,0.4174759970001105,0.06001867900022262
UTM-NN,79,tm,80.84,0.4110696239999925,0.05968980999978157
UTM-NN,80,tm,80.78999999999999,0.42849976600018636,0.05925588999980391
UTM-NN,81,tm,80.85,0.41528503800009275,0.06031882499974017
UTM-NN,82,tm,80.76,0.4272400539998671,0.05849583899998834
UTM-NN,83,tm,80.67999999999999,0.41989126900034535,0.060203495000223484
UTM-NN,84,tm,80.69,0.41489746100023694,0.060185493000062706
UTM-NN,85,tm,80.69,0.42323596799997176,0.05982439799981876
UTM-NN,86,tm,80.67,0.41334561600024244,0.06272919299999558
UTM-NN,87,tm,80.74,0.4177791909996813,0.0600342439997803
UTM-NN,88,tm,80.54,0.4284492599999794,0.06035135000001901
UTM-NN,89,tm,80.73,0.4233391269999629,0.060503624999910244
UTM-NN,90,tm,80.47,0.4238678209999307,0.060335419999773876
UTM-NN,91,tm,80.60000000000001,0.4291859210002258,0.06222022400015703
UTM-NN,92,tm,80.61,0.4180295510000178,0.06065791299988632
UTM-NN,93,tm,80.87,0.4188730079999914,0.060421470000164845
UTM-NN,94,tm,80.93,0.4328665399998499,0.05999634700037859
UTM-NN,95,tm,80.74,0.4248793439996916,0.05997393899997405
UTM-NN,96,tm,80.94,0.42521127400004843,0.061849064999933034
UTM-NN,97,tm,80.78999999999999,0.4273890429999483,0.060021838000011485
UTM-NN,98,tm,80.85,0.4393932059997496,0.06061574500017741
UTM-NN,99,tm,80.91000000000001,0.4339816859996972,0.06499372000007497
UTM-NN,100,tm,80.78,0.4154079370000545,0.061310147999847686
UTM-NN,101,tm,80.95,0.4249704090002524,0.06279443899984471
UTM-NN,102,tm,80.92,0.4251326089997747,0.06085838099988905
UTM-NN,103,tm,80.86,0.43152164499997525,0.06521889000032388
UTM-NN,104,tm,80.7,0.4276771780000672,0.06287496400000236
UTM-NN,105,tm,80.67,0.41127269600019645,0.05949670500012871
UTM-NN,106,tm,80.7,0.42966770599969095,0.0604208669997206
UTM-NN,107,tm,80.88,0.41866315900006157,0.0659141810001529
UTM-NN,108,tm,80.87,0.42106069000010393,0.05994435100001283
UTM-NN,109,tm,80.84,0.4289522340000076,0.06066338499977064
UTM-NN,110,tm,81.03,0.427837260999695,0.06002994900018166
UTM-NN,111,tm,80.89,0.42988762800041513,0.06065250899973762
UTM-NN,112,tm,80.97,0.42306448499994076,0.059501184999589896
UTM-NN,113,tm,80.88,0.4318749620001654,0.060483448000013595
UTM-NN,114,tm,81.03,0.4229439219998312,0.06041397400031201
UTM-NN,115,tm,80.9,0.4197465080001166,0.06038211500026591
UTM-NN,116,tm,81.13,0.42277342899978976,0.061605526999755966
UTM-NN,117,tm,80.99,0.4309622999999192,0.060324558000047546
UTM-NN,118,tm,80.91000000000001,0.43003130899978714,0.06046637600002214
UTM-NN,119,tm,81.03,0.4178909849997581,0.060811870000179624
UTM-NN,120,tm,80.88,0.43482703900008346,0.060158920000048965
UTM-NN,121,tm,80.9,0.4197142600000916,0.060113327000181016
UTM-NN,122,tm,80.92,0.42315003900012016,0.059991575999902125
UTM-NN,123,tm,80.82000000000001,0.4228224810003667,0.06045038999991448
UTM-NN,124,tm,80.80000000000001,0.43796393000002354,0.06049883200012118
UTM-NN,125,tm,80.82000000000001,0.4206618170001093,0.06190243599985479
UTM-NN,126,tm,80.84,0.42471716399995785,0.061236019999796554
UTM-NN,127,tm,80.81,0.42172927299998264,0.06115965400022105
UTM-NN,128,tm,80.85,0.42906534299982013,0.05885916599982011
UTM-NN,129,tm,80.72,0.4166485699997793,0.06061542699990241
UTM-NN,130,tm,80.96,0.4194968790002349,0.06042666100029237
UTM-NN,131,tm,80.84,0.42473480000035124,0.06062840200002029
UTM-NN,132,tm,80.96,0.4225190030001613,0.06016888000021936
UTM-NN,133,tm,80.78999999999999,0.4232758789999025,0.06043097600013425
UTM-NN,134,tm,80.85,0.426524857000004,0.06041577599989978
UTM-NN,135,tm,81.11,0.41839549499991335,0.06037653200019122
UTM-NN,136,tm,81.06,0.42974759400021867,0.0602491029999328
UTM-NN,137,tm,80.94,0.4237550299999384,0.06017414899997675
UTM-NN,138,tm,80.73,0.4210034759998962,0.06033036200005881
UTM-NN,139,tm,81.10000000000001,0.4188555159998941,0.06063506500004223
UTM-NN,140,tm,80.99,0.43244514000025447,0.06032792399992104
UTM-NN,141,tm,80.85,0.4151716110000052,0.0617733640001461
UTM-NN,142,tm,80.95,0.4332950109997,0.0605907969998043
UTM-NN,143,tm,80.74,0.4218607839998185,0.06015660299999581
UTM-NN,144,tm,81.06,0.4200416319999931,0.06073286899982122
UTM-NN,145,tm,81.11,0.42849657900023885,0.059836089000327775
UTM-NN,146,tm,81.07,0.4213681850001194,0.06005194299996219
UTM-NN,147,tm,81.08999999999999,0.42451180900025065,0.05979911400027049
UTM-NN,148,tm,80.94,0.4173025019999841,0.060196569000254385
UTM-NN,149,tm,81.01,0.42150126500018814,0.061114160000215634
UTM-NN,150,tm,81.01,0.42139715500024977,0.06154734100027781
UTM-NN,151,nn,81.35,0.24218009200012602,0.059636785999828135
UTM-NN,152,nn,81.74,0.1879636580006263,0.05954717100030393
UTM-NN,153,nn,81.83,0.19094513700019888,0.059591496999928495
UTM-NN,154,nn,81.81,0.18879115500021726,0.061142274999838264
UTM-NN,155,nn,81.86,0.18725300100049935,0.05943894300071406
UTM-NN,156,nn,81.97,0.19190212200010137,0.060525822000272456
UTM-NN,157,nn,81.98,0.1853537110000616,0.060488801000246895
UTM-NN,158,nn,81.97,0.17434881100052735,0.05959764399995038
UTM-NN,159,nn,82.06,0.25098114800039184,0.05953821999992215
UTM-NN,160,nn,81.99,0.1921970670000519,0.06086175599921262
UTM-NN,161,nn,82.08,0.1845808809994196,0.059671992999938084
UTM-NN,162,nn,82.09,0.19149053799992544,0.059966191000057734
UTM-NN,163,nn,82.09,0.24306982800044352,0.060060398999667086
UTM-NN,164,nn,82.11,0.1777055680004196,0.05927254800008086
UTM-NN,165,nn,82.1,0.17844488799983083,0.05986857900006726
UTM-NN,166,nn,82.09,0.17757495600017137,0.06008123199990223
UTM-NN,167,nn,82.14,0.17730015100005403,0.05955805799931113
UTM-NN,168,nn,82.21000000000001,0.18013447000066662,0.05961604999993142
UTM-NN,169,nn,82.04,0.1774690330003068,0.05959625400009827
UTM-NN,170,nn,82.14,0.17748556500009727,0.05965882300006342
UTM-NN,171,nn,82.15,0.23595713400027307,0.06013028100005613
UTM-NN,172,nn,82.17,0.17858817399974214,0.060180704000231344
UTM-NN,173,nn,82.23,0.17889749299956748,0.05972190000011324
UTM-NN,174,nn,82.17999999999999,0.17779729700032476,0.06072116199993616
UTM-NN,175,nn,82.24000000000001,0.2355209190000096,0.059769915000288165
UTM-NN,176,nn,82.24000000000001,0.18997207899974455,0.06440712899984646
UTM-NN,177,nn,82.25,0.17781333400034782,0.06020204500055115
UTM-NN,178,nn,82.25,0.1777201579998291,0.06141142599972227
UTM-NN,179,nn,82.17999999999999,0.1776967510004397,0.06121768599950883
UTM-NN,180,nn,82.23,0.17866173399943364,0.060533480000231066
UTM-NN,181,nn,82.28999999999999,0.17747265199977846,0.0604943110001841
UTM-NN,182,nn,82.15,0.23781341500034614,0.06119462700007716
UTM-NN,183,nn,82.16,0.17808804100059206,0.0608645920001436
UTM-NN,184,nn,82.16,0.17809450699951412,0.05988720599998487
UTM-NN,185,nn,82.27,0.17749855700003536,0.060316600000078324
UTM-NN,186,nn,82.22,0.23566055100036465,0.059878525999920384
UTM-NN,187,nn,82.24000000000001,0.17727622999973391,0.060336983000524924
UTM-NN,188,nn,82.19999999999999,0.17759907200070302,0.06108518700057175
UTM-NN,189,nn,82.13000000000001,0.1811848999996073,0.059754585000519
UTM-NN,190,nn,82.26,0.1828969940006573,0.061276332000488765
UTM-NN,191,nn,82.19,0.17715577600029064,0.06118809799954761
UTM-NN,192,nn,82.17999999999999,0.17728120900028443,0.06175492199963628
UTM-NN,193,nn,82.26,0.17812384399985604,0.060817589000180305
UTM-NN,194,nn,82.21000000000001,0.23606039300011616,0.061246838999977626
UTM-NN,195,nn,82.14,0.1778614529994229,0.059865137000088
UTM-NN,196,nn,82.15,0.18052669600001536,0.0595973879999292
UTM-NN,197,nn,82.28999999999999,0.17812055899958068,0.05878957200002333
UTM-NN,198,nn,82.24000000000001,0.23581218700019235,0.05965356599972438
UTM-NN,199,nn,82.15,0.17943955099963205,0.06021699600023567
UTM-NN,200,nn,82.15,0.17875873499997397,0.05966949600042426
UTM-NN,201,nn,82.09,0.1775659850000011,0.06102954099969793
UTM-NN,202,nn,82.33,0.17733931300062977,0.05963056099972164
UTM-NN,203,nn,82.37,0.1808770049992745,0.06033843699970021
UTM-NN,204,nn,82.23,0.17757648400038306,0.059182912000323995
UTM-NN,205,nn,82.21000000000001,0.17700589499963826,0.06048477100011951
UTM-NN,206,nn,82.22,0.2357414099997186,0.060357207000379276
UTM-NN,207,nn,82.15,0.18204760000026,0.060048588999961794
UTM-NN,208,nn,82.19999999999999,0.18931295499987755,0.06047970700001315
UTM-NN,209,nn,82.19,0.19086249900010444,0.06108150599993678
UTM-NN,210,nn,82.19999999999999,0.25079711500075064,0.05995169400011946
UTM-NN,211,nn,82.19,0.1846997279999414,0.05938511399926938
UTM-NN,212,nn,82.26,0.18201767900063714,0.06056514499960031
UTM-NN,213,nn,82.19999999999999,0.17892418500014173,0.060048356000152125
UTM-NN,214,nn,82.17999999999999,0.17777408700021624,0.06123001200012368
UTM-NN,215,nn,82.37,0.17896300700067513,0.059622540999953344
UTM-NN,216,nn,82.26,0.17882698899938987,0.06038423899917689
UTM-NN,217,nn,82.23,0.17990350900072372,0.06106244400052674
UTM-NN,218,nn,82.21000000000001,0.2377720610002143,0.06050524199963547
UTM-NN,219,nn,82.21000000000001,0.18193916200016247,0.05953797900019708
UTM-NN,220,nn,82.28999999999999,0.18560034300026018,0.059594336000373005
UTM-NN,221,nn,82.36,0.18680104600025516,0.05941944499954843
UTM-NN,222,nn,82.32000000000001,0.24965881800017087,0.05954293200011307
UTM-NN,223,nn,82.28,0.18363877400042838,0.05954165900038788
UTM-NN,224,nn,82.17,0.1837364940001862,0.05976747400018212
UTM-NN,225,nn,82.23,0.18012296999950195,0.059574699999757286
UTM-NN,226,nn,82.06,0.1876455369992982,0.05940353799996956
UTM-NN,227,nn,82.15,0.1849648849993173,0.06027157900007296
UTM-NN,228,nn,82.22,0.18060310800046864,0.05992344700007379
UTM-NN,229,nn,82.27,0.25010707799992815,0.059160725999390706
UTM-NN,230,nn,82.1,0.18180200999995577,0.059646889000759984
UTM-NN,231,nn,82.3,0.19307079400005023,0.06510656499995093
UTM-NN,232,nn,82.19999999999999,0.19287333200009016,0.059417528999802016
UTM-NN,233,nn,82.14,0.25024365700028284,0.062073586999758845
UTM-NN,234,nn,82.17999999999999,0.17484070000045904,0.06053981599961844
UTM-NN,235,nn,82.28999999999999,0.18339632799961691,0.059401196999715467
UTM-NN,236,nn,82.13000000000001,0.18948563000049035,0.059536409999964235
UTM-NN,237,nn,82.26,0.19086194200008322,0.05977056200026709
UTM-NN,238,nn,82.26,0.19124963600006595,0.06099793500015949
UTM-NN,239,nn,82.26,0.17173931099932815,0.06038894799985428
UTM-NN,240,nn,82.28,0.19280014200012374,0.060549735000677174
UTM-NN,241,nn,82.14,0.2395074839996596,0.0597475670001586
UTM-NN,242,nn,82.25,0.1867210360005629,0.05898593899928528
UTM-NN,243,nn,82.22,0.19178823200036277,0.05993359999956738
UTM-NN,244,nn,82.19,0.18463511500067398,0.05877003000023251
UTM-NN,245,nn,82.22,0.24911119999978837,0.06042424299994309
UTM-NN,246,nn,82.19,0.18587223800022912,0.05997425999976258
UTM-NN,247,nn,82.06,0.17828469199957908,0.05953419199977361
UTM-NN,248,nn,82.16,0.18109217199980776,0.06050261199925444
UTM-NN,249,nn,82.19999999999999,0.1839510939998945,0.05914635800036194
UTM-NN,250,nn,82.13000000000001,0.1780483450002066,0.060541462000401225
UTM-NN,251,nn,82.05,0.18488220000017463,0.059946166000372614
UTM-NN,252,nn,82.17999999999999,0.192286329000126,0.0603612279992376
UTM-NN,253,nn,82.17999999999999,0.2508393010002692,0.05962531499972101
UTM-NN,254,nn,82.11,0.19052031000046554,0.059778028999971866
UTM-NN,255,nn,82.26,0.19024381500003074,0.05978171799961274
UTM-NN,256,nn,82.17,0.2489947519998168,0.06058118100008869
UTM-NN,257,nn,82.1,0.1923926979998214,0.05907145400033187
UTM-NN,258,nn,82.22,0.18897723200007022,0.06113386699962575
UTM-NN,259,nn,82.27,0.1886259840002822,0.05956723500003136
UTM-NN,260,nn,82.19999999999999,0.19210719400052767,0.06070526900020923
UTM-NN,261,nn,82.19999999999999,0.1899469299996781,0.06107827600044402
UTM-NN,262,nn,82.23,0.19386968399976467,0.06326579699998547
UTM-NN,263,nn,82.19,0.19171543399988877,0.0611653390005813
UTM-NN,264,nn,82.22,0.25041106899971055,0.059377417999712634
UTM-NN,265,nn,82.08,0.1934625509993566,0.0622192079999877
UTM-NN,266,nn,82.21000000000001,0.1846301890000177,0.06030880700018315
UTM-NN,267,nn,82.21000000000001,0.19417959600014,0.060892629000591114
UTM-NN,268,nn,82.27,0.24401965600009135,0.05998839800031419
UTM-NN,269,nn,82.15,0.19220662499992613,0.06599565200031066
UTM-NN,270,nn,82.17999999999999,0.19226687100035633,0.0655856200000926
UTM-NN,271,nn,82.17999999999999,0.1968298900001173,0.05953153999962524
UTM-NN,272,nn,82.07,0.19049991500014585,0.06064951100051985
UTM-NN,273,nn,82.24000000000001,0.19296844599921315,0.059821494999596325
UTM-NN,274,nn,82.23,0.19200159499996516,0.06133066900019912
UTM-NN,275,nn,82.19999999999999,0.19245509900065372,0.06077371300034429
UTM-NN,276,nn,82.16,0.2502056019993688,0.06095050600015384
UTM-NN,277,nn,82.16,0.19274692599992704,0.06081652699958795
UTM-NN,278,nn,82.27,0.18060627799968643,0.05949963100010791
UTM-NN,279,nn,82.11,0.177599366999857,0.06176481700003933
UTM-NN,280,nn,82.23,0.24754220200065902,0.06020975299998099
UTM-NN,281,nn,82.24000000000001,0.1845965279999291,0.06065166100052011
UTM-NN,282,nn,82.11,0.19017354599964165,0.06103422800060798
UTM-NN,283,nn,82.13000000000001,0.18549957200048084,0.059869167000215384
UTM-NN,284,nn,82.17,0.184149033999347,0.05958581899994897
UTM-NN,285,nn,82.19,0.19185769100022299,0.05952720599998429
UTM-NN,286,nn,82.23,0.17764675800026453,0.060556992999408976
UTM-NN,287,nn,82.22,0.18401366800026153,0.061225860999911674
UTM-NN,288,nn,82.23,0.2514678100005767,0.06205256799967174
UTM-NN,289,nn,82.19,0.1829696069999045,0.06178094099959708
UTM-NN,290,nn,82.17,0.18371550899973954,0.05959672100016178
UTM-NN,291,nn,82.21000000000001,0.18940195300001506,0.05996948699976201
UTM-NN,292,nn,82.26,0.24591390200021124,0.05955148399971222
UTM-NN,293,nn,82.25,0.19159952900008648,0.06088073999944754
UTM-NN,294,nn,82.13000000000001,0.1881874170003357,0.06001749299957737
UTM-NN,295,nn,82.17999999999999,0.19121446699955413,0.059784559999570774
UTM-NN,296,nn,82.19999999999999,0.19257408300018142,0.05927413100016565
UTM-NN,297,nn,82.17,0.19295419799982483,0.060644152000350005
UTM-NN,298,nn,82.08,0.1851593530000173,0.060110083999461494
UTM-NN,299,nn,82.17999999999999,0.2501883659997475,0.06115277600019908
UTM-NN,300,nn,82.16,0.1905504740007018,0.05929535100040084
UTM-NN,301,nn,82.19,0.1921726820000913,0.060228405999623646
UTM-NN,302,nn,82.15,0.1908264269995925,0.0605734399996436
UTM-NN,303,nn,82.34,0.250169693999851,0.061446126000191725
UTM-NN,304,nn,82.16,0.1921044239998082,0.06113349000042945
UTM-NN,305,nn,82.3,0.1920492600002035,0.060136975000204984
UTM-NN,306,nn,82.16,0.19213463200048864,0.059687228000257164
UTM-NN,307,nn,82.19,0.1909587609998198,0.059528744999624905
UTM-NN,308,nn,82.14,0.18741781300013827,0.059182903999499104
UTM-NN,309,nn,82.15,0.19161062399962248,0.059419735000119545
UTM-NN,310,nn,82.24000000000001,0.19243206400005874,0.061290870000448194
UTM-NN,311,nn,82.19,0.2500809619996289,0.06038453700057289
UTM-NN,312,nn,82.24000000000001,0.18681244300023536,0.06043066700021882
UTM-NN,313,nn,82.21000000000001,0.19106610699964222,0.060717239000041445
UTM-NN,314,nn,82.28,0.19065636699997413,0.061007841999526136
UTM-NN,315,nn,82.22,0.24866905899943959,0.05887809100022423
UTM-NN,316,nn,82.23,0.19150495399935608,0.05946844899972348
UTM-NN,317,nn,82.19,0.19203430200013827,0.05989134199990076
UTM-NN,318,nn,82.33,0.1856234820006648,0.06105642800048372
UTM-NN,319,nn,82.25,0.18817574199965748,0.06117905100018106
UTM-NN,320,nn,82.17999999999999,0.19246595000004163,0.060486428000331216
UTM-NN,321,nn,82.28,0.1880110309994052,0.060034281000298506
UTM-NN,322,nn,82.39999999999999,0.19209102999957395,0.06067998000071384
UTM-NN,323,nn,82.07,0.24898049800049193,0.06039355600023555
UTM-NN,324,nn,82.26,0.18878515400047036,0.06026294000002963
UTM-NN,325,nn,82.22,0.18154327199954423,0.06047940699954779
UTM-NN,326,nn,82.16,0.23643757399986498,0.060975102999691444
UTM-NN,327,nn,82.21000000000001,0.19195323899930372,0.06043806000070617
UTM-NN,328,nn,82.26,0.18999556400012807,0.05973211499986064
UTM-NN,329,nn,82.19,0.1820466299996042,0.059416659999442345
UTM-NN,330,nn,82.21000000000001,0.18994068000029074,0.06049713299944415
UTM-NN,331,nn,82.21000000000001,0.18517941099980817,0.0612947460003852
UTM-NN,332,nn,82.13000000000001,0.17350213400004577,0.06010097299986228
UTM-NN,333,nn,82.23,0.1758239130003858,0.06142703800014715
UTM-NN,334,nn,82.26,0.2468725880007696,0.0614064920000601
UTM-NN,335,nn,82.19,0.18415421700046863,0.06097731699992437
UTM-NN,336,nn,82.19999999999999,0.1873678360007034,0.060880894000547414
UTM-NN,337,nn,82.14,0.1781896330003292,0.060460097000031965
UTM-NN,338,nn,82.23,0.24915676100044948,0.06140381000022899
UTM-NN,339,nn,82.08,0.17763554900011513,0.06181452199962223
UTM-NN,340,nn,82.21000000000001,0.19051096400016831,0.060928906999834
UTM-NN,341,nn,82.21000000000001,0.18314699700022175,0.05997239200041804
UTM-NN,342,nn,82.19,0.1805016499993144,0.060977724999247584
UTM-NN,343,nn,82.1,0.18200712999987445,0.061278139999558334
UTM-NN,344,nn,82.24000000000001,0.19236488300066412,0.06088624200037884
UTM-NN,345,nn,82.11,0.19110649899994314,0.06037177200050792
UTM-NN,346,nn,82.17999999999999,0.2511171579999427,0.061904424999738694
UTM-NN,347,nn,82.1,0.18982009399951494,0.06112940200000594
UTM-NN,348,nn,82.15,0.19279479600027116,0.06130693199975212
UTM-NN,349,nn,82.17999999999999,0.17515675899994676,0.059688020999601576
UTM-NN,350,nn,82.16,0.24890006900022854,0.06145481200019276
UTM-NN,351,nn,82.13000000000001,0.1930358890003845,0.060708907999469375
UTM-NN,352,nn,82.14,0.1834569590000683,0.059890571999858366
UTM-NN,353,nn,82.28,0.1925549569996292,0.06125810600042314
UTM-NN,354,nn,82.13000000000001,0.18964551699991716,0.06126461700023356
UTM-NN,355,nn,82.28,0.19133758200041484,0.06214412200006336
UTM-NN,356,nn,82.19999999999999,0.1922035439993124,0.06069290999948862
UTM-NN,357,nn,82.22,0.1883359620005649,0.060046218000024965
UTM-NN,358,nn,82.24000000000001,0.25119250300031126,0.05933384599939018
UTM-NN,359,nn,82.17,0.17737680499976705,0.06030418099999224
UTM-NN,360,nn,82.28,0.19300025800021103,0.060437869999987015
UTM-NN,361,nn,82.16,0.19152322599984473,0.060706567999659455
UTM-NN,362,nn,82.26,0.24348524199922394,0.05956390800020017
UTM-NN,363,nn,82.15,0.19137496200073656,0.06008473600013531
UTM-NN,364,nn,82.35,0.1928828890004297,0.060427116000028036
UTM-NN,365,nn,82.21000000000001,0.1911650539996117,0.06707548000031238
UTM-NN,366,nn,82.23,0.18328958300025988,0.060584224999729486
UTM-NN,367,nn,82.24000000000001,0.18394485299995722,0.059602615999210684
UTM-NN,368,nn,82.28999999999999,0.1932845580004141,0.059887978000006115
UTM-NN,369,nn,82.17999999999999,0.24581707500055927,0.0667782669997905
UTM-NN,370,nn,82.26,0.19373025799995958,0.059796581999762566
UTM-NN,371,nn,82.25,0.1921460549992844,0.06057514599979186
UTM-NN,372,nn,82.22,0.1911492930003078,0.05996790900007909
UTM-NN,373,nn,82.33,0.24997111499942548,0.06142451899995649
UTM-NN,374,nn,82.24000000000001,0.19071854800040455,0.06094372600000497
UTM-NN,375,nn,82.17999999999999,0.19190438799978438,0.06002028500006418
UTM-NN,376,nn,82.22,0.19214027599991823,0.06015932199989038
UTM-NN,377,nn,82.17,0.19266811599936773,0.061333812000157195
UTM-NN,378,nn,82.19999999999999,0.19242438499986747,0.0605348769995544
UTM-NN,379,nn,82.27,0.1801784890003546,0.060077847000684415
UTM-NN,380,nn,82.24000000000001,0.19165300899931026,0.06039626500023587
UTM-NN,381,nn,82.28999999999999,0.24845392099996388,0.059671831000741804
UTM-NN,382,nn,82.31,0.18529426799977955,0.05965016200025275
UTM-NN,383,nn,82.23,0.19219641699964995,0.06056503200034058
UTM-NN,384,nn,82.28,0.18418510800074728,0.0608422689992949
UTM-NN,385,nn,82.17,0.2437045529995885,0.06023987800017494
UTM-NN,386,nn,82.09,0.1833631300005436,0.05921518400009518
UTM-NN,387,nn,82.21000000000001,0.18344165100006649,0.0603844150000441
UTM-NN,388,nn,82.21000000000001,0.1754267449996405,0.06124680100037949
UTM-NN,389,nn,82.19,0.1803623460000381,0.0610602149999977
UTM-NN,390,nn,82.23,0.18544346399994538,0.06077713499962556
UTM-NN,391,nn,82.22,0.18802344699997775,0.061303866999878665
UTM-NN,392,nn,82.28,0.1739145350002218,0.06045337100022152
UTM-NN,393,nn,82.01,0.24446456000077887,0.059722415999203804
UTM-NN,394,nn,82.13000000000001,0.19172126000012213,0.06073089900019113
UTM-NN,395,nn,82.19,0.19262450099995476,0.05986969599962322
UTM-NN,396,nn,82.27,0.18491914100013673,0.05983052600004157
UTM-NN,397,nn,82.3,0.24954075000005105,0.06052068499957386
UTM-NN,398,nn,82.24000000000001,0.19261681999978464,0.05901300000004994
UTM-NN,399,nn,82.19999999999999,0.19217639999988023,0.06019353299961949
UTM-NN,400,nn,82.19999999999999,0.1853167340004802,0.06056568699932541
UTM-NN,401,nn,82.19999999999999,0.1904635810005857,0.06032888499976252
UTM-NN,402,nn,82.28,0.19229106700004195,0.06045943000026455
UTM-NN,403,nn,82.16,0.17868647199975385,0.0592428829995697
UTM-NN,404,nn,82.22,0.17507629400006408,0.06059251599981508
UTM-NN,405,nn,82.22,0.24954852599967126,0.05997371699959331
UTM-NN,406,nn,82.37,0.18631743300011294,0.05965461799951299
UTM-NN,407,nn,82.17999999999999,0.17793743799938966,0.06544119000045612
UTM-NN,408,nn,82.22,0.19577144300001237,0.06012034100058372
UTM-NN,409,nn,82.17,0.2427603160003855,0.05968768799993995
UTM-NN,410,nn,82.15,0.19250549800017325,0.05971655900066253
UTM-NN,411,nn,82.3,0.1912569939995592,0.060128619000352046
UTM-NN,412,nn,82.24000000000001,0.1883744939996177,0.059741824000411725
UTM-NN,413,nn,82.1,0.1902265669996268,0.06509076199927222
UTM-NN,414,nn,82.08,0.19288514199979545,0.059631211000123585
UTM-NN,415,nn,82.17999999999999,0.19221662000018114,0.061078900000211434
UTM-NN,416,nn,82.17,0.23806834000060917,0.06391412900029536
UTM-NN,417,nn,82.16,0.1917286249999961,0.060172348000378406
UTM-NN,418,nn,82.17,0.19366241700026876,0.06052562199965905
UTM-NN,419,nn,82.3,0.18393591799940623,0.06039650700040511
UTM-NN,420,nn,82.06,0.2489598929996646,0.06128996000006737
UTM-NN,421,nn,82.3,0.19126357299955998,0.05981399600022996
UTM-NN,422,nn,82.17999999999999,0.1912312340000426,0.060293792999800644
UTM-NN,423,nn,82.27,0.180247481999686,0.059465371999976924
UTM-NN,424,nn,82.11,0.19148413899984007,0.05990284000017709
UTM-NN,425,nn,82.16,0.19128021599954081,0.059744506999777514
UTM-NN,426,nn,82.23,0.1902184339996893,0.06193918300050427
UTM-NN,427,nn,82.28,0.19096391000039148,0.05982059500001924
UTM-NN,428,nn,82.24000000000001,0.2523328630004471,0.06174048699995183
UTM-NN,429,nn,82.28,0.1926750760003415,0.060732608999387594
UTM-NN,430,nn,82.1,0.17141234799964877,0.059394126999904984
UTM-NN,431,nn,82.17999999999999,0.1930374519997713,0.061742435999804
UTM-NN,432,nn,82.22,0.24789125499955844,0.05955769899992447
UTM-NN,433,nn,82.11,0.18127062500025204,0.06127225599993835
UTM-NN,434,nn,82.19,0.19120737699995516,0.0615396810007951
UTM-NN,435,nn,82.27,0.19056291299966688,0.059986603000652394
UTM-NN,436,nn,82.12,0.1916894810001395,0.05950758900053188
UTM-NN,437,nn,82.15,0.19205857900033152,0.06043952199979685
UTM-NN,438,nn,82.14,0.19143326900029933,0.06094661899987841
UTM-NN,439,nn,82.21000000000001,0.1770745199992234,0.06049888299912709
UTM-NN,440,nn,82.23,0.23338873900047474,0.061221935000503436
UTM-NN,441,nn,82.17999999999999,0.1920883339998909,0.06021885399968596
UTM-NN,442,nn,82.26,0.19084364199989068,0.060939527999835263
UTM-NN,443,nn,82.26,0.2604201590002049,0.060013042000719
UTM-NN,444,nn,82.26,0.17846694000036223,0.0602517560000706
UTM-NN,445,nn,82.17999999999999,0.17787486700035515,0.059569526999439404
UTM-NN,446,nn,82.23,0.1783010799999829,0.060679269000502245
UTM-NN,447,nn,82.21000000000001,0.17977480399986234,0.05971042400051374
UTM-NN,448,nn,82.13000000000001,0.17824893299984979,0.060325909000312095
UTM-NN,449,nn,82.21000000000001,0.19130820099962875,0.06052824699963821
UTM-NN,450,nn,82.14,0.19133480600066832,0.059595484000055876
UTM-NN,451,nn,82.19,0.2355983790002938,0.05952044500008924
UTM-NN,452,nn,82.14,0.17995994000011706,0.060073190000366594
UTM-NN,453,nn,82.25,0.193183031999979,0.05966103299942915
UTM-NN,454,nn,82.25,0.18983704499987653,0.0659537100000307
UTM-NN,455,nn,82.22,0.24511444800009485,0.05933091599945328
UTM-NN,456,nn,82.16,0.19067968499985,0.060313302999929874
UTM-NN,457,nn,82.22,0.1797650770004111,0.06353666100039845
UTM-NN,458,nn,82.17,0.1930994340000325,0.0605404420002742
UTM-NN,459,nn,82.3,0.19243017799999507,0.06166905800000677
UTM-NN,460,nn,82.17,0.19314021099944512,0.05979110799944465
UTM-NN,461,nn,82.26,0.18265544600035355,0.060319820999211515
UTM-NN,462,nn,82.27,0.1742976669993368,0.059323829999812006
UTM-NN,463,nn,82.21000000000001,0.24886221599990677,0.059735781000199495
UTM-NN,464,nn,82.19,0.1722243479998724,0.05960757899993041
UTM-NN,465,nn,82.16,0.1935524720001922,0.0570525480006836
UTM-NN,466,nn,82.28999999999999,0.1928746339999634,0.05960307299937995
UTM-NN,467,nn,82.19999999999999,0.2461866519997784,0.05976615599956858
UTM-NN,468,nn,82.25,0.18496988199967745,0.05846284199924412
UTM-NN,469,nn,82.31,0.18985144199996284,0.05633978400055639
UTM-NN,470,nn,82.11,0.1926118929995937,0.05967653700008668
UTM-NN,471,nn,82.32000000000001,0.19323468500078889,0.059972807000121975
UTM-NN,472,nn,82.21000000000001,0.19030341899997438,0.05664433600031771
UTM-NN,473,nn,82.09,0.18968794800002797,0.05968998800017289
UTM-NN,474,nn,82.22,0.18278443999952287,0.05973597299998801
UTM-NN,475,nn,82.14,0.2517275370000789,0.05975606100037112
UTM-NN,476,nn,82.08,0.1919886959994983,0.06004536599994026
UTM-NN,477,nn,82.25,0.1926498739994713,0.056717548000051465
UTM-NN,478,nn,82.27,0.1928020529994683,0.05668913099998463
UTM-NN,479,nn,82.3,0.2514203760001692,0.059249466999972356
UTM-NN,480,nn,82.09,0.19229638900014834,0.05960026999946422
UTM-NN,481,nn,82.27,0.19016163400010555,0.05646144300044398
UTM-NN,482,nn,82.3,0.19085420900046302,0.06426351299978705
UTM-NN,483,nn,82.21000000000001,0.19074917700072547,0.05959136000001308
UTM-NN,484,nn,82.09,0.18614891200013517,0.05652386100064177
UTM-NN,485,nn,82.13000000000001,0.18393809799999872,0.05985959899953741
UTM-NN,486,nn,82.3,0.2423538170005486,0.05958171899965237
UTM-NN,487,nn,82.24000000000001,0.1863557460001175,0.058041305000188004
UTM-NN,488,nn,82.13000000000001,0.18761294600062683,0.059766563000266615
UTM-NN,489,nn,82.19999999999999,0.17859748400042008,0.05878067999947234
UTM-NN,490,nn,82.25,0.23714448300052027,0.06044988799931161
UTM-NN,491,nn,82.19,0.1802101559997027,0.06005345399989892
UTM-NN,492,nn,82.21000000000001,0.1778514890002043,0.05953313900045032
UTM-NN,493,nn,82.19,0.18623972499972297,0.060728919000212045
UTM-NN,494,nn,82.24000000000001,0.17807922399970266,0.060493683000458986
UTM-NN,495,nn,82.32000000000001,0.18779222000011941,0.05749430499963637
UTM-NN,496,nn,82.24000000000001,0.18617865400028677,0.06560204000015801
UTM-NN,497,nn,82.15,0.19107453499964322,0.0597700589996748
UTM-NN,498,nn,82.15,0.24069421400054125,0.05931032600074104
UTM-NN,499,nn,82.28999999999999,0.1824457379998421,0.05823239100027422
UTM-NN,500,nn,82.19999999999999,0.18482514700008323,0.06087470199963718
