method,epoch,model_type,test_accuracy,train_time,test_time
Cyclic,1,tm,89.24,0.3484467499947641,0.060762908004107885
Cyclic,2,tm,89.89,0.30118774600850884,0.05974913199315779
Cyclic,3,tm,91.07,0.28602950599452015,0.06670422101160511
Cyclic,4,tm,91.83,0.2759492629993474,0.05776397300360259
Cyclic,5,tm,90.74,0.2641064560011728,0.06130804700660519
Cyclic,6,tm,92.49000000000001,0.2703833130071871,0.059979772006045096
Cyclic,7,tm,90.82000000000001,0.2585676380113,0.06120638900029007
Cyclic,8,tm,93.07,0.2612006989947986,0.06158933001279365
Cyclic,9,tm,91.71000000000001,0.26194186400971375,0.0659127940016333
Cyclic,10,tm,92.56,0.25025728000036906,0.06275568800629117
Cyclic,11,tm,92.41,0.2565900220070034,0.0633619520085631
Cyclic,12,tm,91.64,0.25279343499278184,0.062429355006315745
Cyclic,13,tm,93.27,0.24874310899758711,0.06227211200166494
Cyclic,14,tm,92.74,0.2459775289898971,0.062166389005142264
Cyclic,15,tm,93.08,0.256544545001816,0.06228526899940334
Cyclic,16,tm,92.66,0.24589082799502648,0.06248068099375814
Cyclic,17,tm,93.06,0.24858485998993274,0.062212224991526455
Cyclic,18,tm,92.51,0.25082485399616417,0.06191915700037498
Cyclic,19,tm,93.02,0.24274912499822676,0.06179933399835136
Cyclic,20,tm,93.67999999999999,0.24644381800317205,0.06135433699819259
Cyclic,21,tm,93.24,0.23667180999473203,0.06366423099825624
Cyclic,22,tm,93.08,0.23961496700940188,0.06267150200437754
Cyclic,23,tm,93.22,0.24977639901044313,0.06255700999463443
Cyclic,24,tm,93.77,0.25170092401094735,0.06229491399426479
Cyclic,25,tm,93.66,0.23624609799298923,0.06234595799469389
Cyclic,26,tm,93.42,0.24715002300217748,0.06780627398984507
Cyclic,27,tm,93.57,0.24173798398987856,0.06157966000318993
Cyclic,28,tm,93.15,0.2456937920069322,0.06241932199918665
Cyclic,29,tm,92.81,0.23932575099752285,0.06372074299724773
Cyclic,30,tm,92.72,0.24325988799682818,0.06247600499773398
Cyclic,31,tm,93.26,0.24519566100207157,0.06334047300333623
Cyclic,32,tm,92.86999999999999,0.2335367020132253,0.06364491701242514
Cyclic,33,tm,93.17999999999999,0.24868250300642103,0.06359316500311252
Cyclic,34,tm,93.12,0.241394530996331,0.06493980600498617
Cyclic,35,tm,93.60000000000001,0.24256725500163157,0.06353285200020764
Cyclic,36,tm,93.25,0.2389054999948712,0.06251271600194741
Cyclic,37,tm,93.81,0.23921406800218392,0.0627816540072672
Cyclic,38,tm,93.30000000000001,0.2384315809904365,0.06225112100946717
Cyclic,39,tm,93.52000000000001,0.2480565189907793,0.06331651499203872
Cyclic,40,tm,93.27,0.23990700600552373,0.06367318300181068
Cyclic,41,tm,92.99,0.2538104760023998,0.06276744999922812
Cyclic,42,tm,93.28999999999999,0.2395945160096744,0.06294562500261236
Cyclic,43,tm,93.58,0.23931575199821964,0.061955975004821084
Cyclic,44,tm,93.95,0.23226135200820863,0.060628160994383506
Cyclic,45,tm,93.17999999999999,0.22692668900708668,0.059083276995806955
Cyclic,46,tm,93.69,0.23204121500020847,0.06311628100229427
Cyclic,47,tm,93.38,0.23411556700011715,0.06711501799873076
Cyclic,48,tm,94.08999999999999,0.24280864300089888,0.06249097199179232
Cyclic,49,tm,92.74,0.23565361399960238,0.06242748298973311
Cyclic,50,tm,93.31,0.23777213699941058,0.060255307995248586
Cyclic,51,nn,95.36,0.20418497099308297,0.0644908679969376
Cyclic,52,nn,95.48,0.2180482980038505,0.06337252599769272
Cyclic,53,nn,95.47,0.27132977700966876,0.06405406301200856
Cyclic,54,nn,95.5,0.2113238210004056,0.06450237800891045
Cyclic,55,nn,95.63000000000001,0.22405651799635962,0.0648573229991598
Cyclic,56,nn,95.69,0.2185285369923804,0.0632620800024597
Cyclic,57,nn,95.72,0.2709803420002572,0.061209745006635785
Cyclic,58,nn,95.50999999999999,0.19734651400358416,0.06448132600053214
Cyclic,59,nn,95.71,0.19597919899388216,0.06497957500687335
Cyclic,60,nn,95.64,0.21806572200148366,0.06469325999205466
Cyclic,61,nn,95.66,0.2196609030070249,0.06298350699944422
Cyclic,62,nn,95.64,0.27079686999786645,0.06283170499955304
Cyclic,63,nn,95.55,0.20492227500653826,0.06477637599164154
Cyclic,64,nn,95.53,0.19948443600151222,0.06439931099885143
Cyclic,65,nn,95.59,0.21969654099666514,0.06467584799975157
Cyclic,66,nn,95.67,0.26869405699835625,0.061896272003650665
Cyclic,67,nn,95.57,0.21402173800743185,0.061399548008921556
Cyclic,68,tm,94.05,0.24213413600227796,0.06313575900276192
Cyclic,69,tm,93.46,0.23835664699436165,0.0626769049995346
Cyclic,70,tm,93.39,0.23165454500121996,0.06254228499892633
Cyclic,71,tm,93.57,0.24069582700030878,0.06333846299094148
Cyclic,72,tm,94.03,0.23273235600208864,0.06216146300721448
Cyclic,73,tm,93.41000000000001,0.23470175299735274,0.06254302599700168
Cyclic,74,tm,93.5,0.23100081499433145,0.061397165001835674
Cyclic,75,tm,93.7,0.23282615801144857,0.06214771400846075
Cyclic,76,tm,93.43,0.23967865899612661,0.06283113599056378
Cyclic,77,tm,92.58,0.2281085790018551,0.062083687997073866
Cyclic,78,tm,93.0,0.2383698329940671,0.06106791298952885
Cyclic,79,tm,93.47999999999999,0.2343115869880421,0.06173709100403357
Cyclic,80,tm,93.11,0.23158999800216407,0.06215619100839831
Cyclic,81,tm,92.25999999999999,0.2313779340038309,0.06386062399542425
Cyclic,82,tm,94.22,0.2402439009892987,0.06363113300176337
Cyclic,83,tm,93.94,0.23215678600536194,0.06349668199254666
Cyclic,84,tm,93.8,0.2385053119942313,0.06252678800956346
Cyclic,85,tm,93.58,0.23309898600564338,0.06022939500689972
Cyclic,86,tm,94.0,0.24078555399319157,0.06399763899389654
Cyclic,87,tm,94.27,0.2326871499972185,0.062367075006477535
Cyclic,88,tm,94.15,0.23753105799551122,0.062096395005937666
Cyclic,89,tm,94.15,0.22771387400280219,0.0641999660001602
Cyclic,90,tm,93.32000000000001,0.2358841530076461,0.06409808699390851
Cyclic,91,tm,93.65,0.2255130929988809,0.06257002300117165
Cyclic,92,tm,93.83,0.22895761700056028,0.060964738004258834
Cyclic,93,tm,94.16,0.23475062400393654,0.061571935992105864
Cyclic,94,tm,93.95,0.2285116300045047,0.06184858399501536
Cyclic,95,tm,93.64,0.22742213099263608,0.0609562099998584
Cyclic,96,tm,93.17999999999999,0.2297174989944324,0.06112701600068249
Cyclic,97,tm,93.78999999999999,0.23391964599431958,0.06322888100112323
Cyclic,98,tm,93.93,0.2293974159983918,0.06207757699303329
Cyclic,99,tm,93.97,0.227967278988217,0.058463131994358264
Cyclic,100,tm,94.05,0.2286573320016032,0.06312965300458018
Cyclic,101,tm,93.26,0.22808507199806627,0.059818640002049506
Cyclic,102,tm,93.63,0.24044011799560394,0.06140056598815136
Cyclic,103,tm,93.57,0.23215831999550574,0.06387408600130584
Cyclic,104,tm,93.94,0.23310986600699835,0.06294328700460028
Cyclic,105,tm,93.47,0.2368632819998311,0.06347623399051372
Cyclic,106,tm,93.69,0.22969912699772976,0.06417964700085577
Cyclic,107,tm,93.53,0.23315011100203265,0.0646412700007204
Cyclic,108,tm,93.02,0.23208658800285775,0.06244505000358913
Cyclic,109,tm,93.52000000000001,0.2297922409925377,0.0681978770007845
Cyclic,110,tm,92.56,0.22819528699619696,0.06193630500638392
Cyclic,111,tm,93.62,0.23105713000404648,0.06341826998686884
Cyclic,112,tm,93.33,0.23405028600245714,0.06268593300774228
Cyclic,113,tm,94.38,0.22991356698912568,0.06220559700159356
Cyclic,114,tm,93.01,0.22875834899605252,0.06188896999810822
Cyclic,115,tm,94.17999999999999,0.2370148459885968,0.07152993899944704
Cyclic,116,tm,92.52,0.22824224601208698,0.06224089000897948
Cyclic,117,tm,93.8,0.2295187099953182,0.06214569500298239
Cyclic,118,nn,95.58,0.2192209390050266,0.0608367079985328
Cyclic,119,nn,95.69,0.21744471800047904,0.06563672299671452
Cyclic,120,nn,95.7,0.26779306400567293,0.06466929000453092
Cyclic,121,nn,95.74000000000001,0.19894228799967095,0.06314121800824068
Cyclic,122,nn,95.8,0.20575913299398962,0.06449940599850379
Cyclic,123,nn,95.74000000000001,0.19484850400476716,0.06533101199602243
Cyclic,124,nn,95.7,0.25295175600331277,0.06428986700484529
Cyclic,125,nn,95.72,0.19501891901018098,0.060606895000091754
Cyclic,126,nn,95.78999999999999,0.1951101029990241,0.06067428199457936
Cyclic,127,nn,95.82000000000001,0.1938721229962539,0.06431230700400192
Cyclic,128,nn,95.73,0.24774540799262468,0.06512211301014759
Cyclic,129,nn,95.74000000000001,0.20195920299738646,0.06554101899382658
Cyclic,130,nn,95.67999999999999,0.19638768199365586,0.06573709700023755
Cyclic,131,nn,95.7,0.2157875600096304,0.06572288999450393
Cyclic,132,nn,95.71,0.19881762101431377,0.06510933500248939
Cyclic,133,nn,95.74000000000001,0.2557007550058188,0.0654790599946864
Cyclic,134,nn,95.77,0.20076768699800596,0.06475280500308145
Cyclic,135,nn,95.8,0.22081825500936247,0.0638764169998467
Cyclic,136,nn,95.72,0.2190759669902036,0.06543168200005312
Cyclic,137,nn,95.76,0.2537592770095216,0.0643924780015368
Cyclic,138,tm,94.24,0.24208143199211918,0.06482982900342904
Cyclic,139,tm,93.49,0.22958608299086336,0.059849946992471814
Cyclic,140,tm,93.16,0.22898685099789873,0.06250519999593962
Cyclic,141,tm,93.12,0.23495162899780553,0.06315625099523459
Cyclic,142,tm,93.56,0.23140121200412977,0.060983967006905004
Cyclic,143,tm,93.58,0.22567388899915386,0.0639967860042816
Cyclic,144,tm,93.49,0.23566354499780573,0.06260689299961086
Cyclic,145,tm,94.24,0.22739541200280655,0.06431013499968685
Cyclic,146,tm,93.86,0.2339462759991875,0.06319883700052742
Cyclic,147,tm,93.58,0.2294420620019082,0.06678162200842053
Cyclic,148,tm,94.07,0.23097930201038253,0.06395773800613824
Cyclic,149,tm,93.87,0.23683894399437122,0.06438609999895561
Cyclic,150,tm,93.75,0.23291061600320973,0.06276499599334784
Cyclic,151,tm,93.31,0.23410180100472644,0.06224792399734724
Cyclic,152,tm,93.28,0.2261367940081982,0.06420042600075249
Cyclic,153,tm,93.49,0.23603304200514685,0.0626785010099411
Cyclic,154,tm,93.61,0.2301933239941718,0.06692961399676278
Cyclic,155,tm,93.63,0.23290461201395374,0.063852046005195
Cyclic,156,tm,94.21000000000001,0.23504553599923383,0.06332710800052155
Cyclic,157,tm,93.28,0.23479010599839967,0.06516962900059298
Cyclic,158,tm,93.4,0.23782910300360527,0.06199821199697908
Cyclic,159,tm,94.14,0.23280793199955951,0.06353528899489902
Cyclic,160,tm,93.65,0.22858133699628524,0.06194782699458301
Cyclic,161,tm,92.49000000000001,0.22828338800172787,0.06094142800429836
Cyclic,162,tm,92.13,0.22713690799719188,0.06277142900216859
Cyclic,163,tm,93.53,0.23048717899655458,0.06317889099591412
Cyclic,164,tm,94.08999999999999,0.230614070998854,0.06206324600498192
Cyclic,165,tm,93.13,0.23314224199566524,0.06346380600007251
Cyclic,166,tm,94.42,0.23331649300234858,0.06298985899775289
Cyclic,167,tm,93.58,0.22487072899821214,0.06406282799434848
Cyclic,168,tm,93.28999999999999,0.2311012389982352,0.06209815200418234
Cyclic,169,tm,92.53,0.22444919499685057,0.06353631000092719
Cyclic,170,tm,93.36,0.23402524000266567,0.06341096399410162
Cyclic,171,tm,92.86,0.23090808499546256,0.06338108199997805
Cyclic,172,tm,93.84,0.2340055009990465,0.061278830995433964
Cyclic,173,tm,94.59,0.2301513709971914,0.06307814699539449
Cyclic,174,tm,94.03,0.22812101400631946,0.06175306299701333
Cyclic,175,tm,94.26,0.22925921200658195,0.0619381870055804
Cyclic,176,tm,94.35,0.22909440199146047,0.06269147100101691
Cyclic,177,tm,92.86999999999999,0.2280714660009835,0.06355887099925894
Cyclic,178,tm,93.72,0.2247982060071081,0.06326888299372513
Cyclic,179,tm,94.0,0.22678443799668457,0.06174199499946553
Cyclic,180,tm,93.87,0.23336513400136027,0.062443160990369506
Cyclic,181,tm,93.83,0.23183084199263249,0.061298725006054156
Cyclic,182,tm,93.81,0.22692482799175195,0.06258299700857606
Cyclic,183,tm,93.19,0.23104784199676942,0.06263745899195783
Cyclic,184,tm,93.69,0.2258423489984125,0.063517882997985
Cyclic,185,tm,93.47999999999999,0.22754417300166097,0.0633482470002491
Cyclic,186,tm,93.69,0.243030229001306,0.06321680700057186
Cyclic,187,tm,91.60000000000001,0.23308790900046006,0.06530909100547433
Cyclic,188,nn,95.22,0.22104672499699518,0.06296050098899286
Cyclic,189,nn,95.46,0.2215439269930357,0.06441022601211444
Cyclic,190,nn,95.53,0.21922769100638106,0.06471535499440506
Cyclic,191,nn,95.47,0.2470601289969636,0.06678023299900815
Cyclic,192,nn,95.50999999999999,0.20985010600998066,0.06451843299146276
Cyclic,193,nn,95.49,0.21905876300297678,0.06544751400360838
Cyclic,194,nn,95.50999999999999,0.21792819099209737,0.06431456899736077
Cyclic,195,nn,95.53,0.2711689860007027,0.0640037129924167
Cyclic,196,nn,95.49,0.2190743169921916,0.06559363599808421
Cyclic,197,nn,95.49,0.21657301900268067,0.06365607799671125
Cyclic,198,nn,95.5,0.21102098299888894,0.06495519900636282
Cyclic,199,nn,95.48,0.2157856909907423,0.06539984600385651
Cyclic,200,nn,95.48,0.2769843400019454,0.06607149400224444
Cyclic,201,tm,93.46,0.2336068230069941,0.06380529499438126
Cyclic,202,tm,92.56,0.23080391599796712,0.06069547501101624
Cyclic,203,tm,93.97999999999999,0.23461620800662786,0.06197084000450559
Cyclic,204,tm,93.62,0.2337697690090863,0.06578644399996847
Cyclic,205,tm,93.78,0.23712945499573834,0.06298752200382296
Cyclic,206,tm,93.82000000000001,0.2224174309958471,0.06241075800789986
Cyclic,207,tm,94.24,0.2360519929934526,0.06259266899724025
Cyclic,208,tm,94.26,0.22609471601026598,0.06280948399216868
Cyclic,209,tm,92.54,0.23321689800650347,0.062052296998444945
Cyclic,210,tm,94.12,0.22677013199427165,0.06277316399791744
Cyclic,211,tm,93.87,0.22880437300773337,0.06328599799599033
Cyclic,212,tm,94.42,0.22705377700913232,0.06153988199366722
Cyclic,213,tm,93.89999999999999,0.22721690399339423,0.061366260997601785
Cyclic,214,tm,92.81,0.23588269398896955,0.06171760200231802
Cyclic,215,tm,93.58999999999999,0.22804177399666514,0.06338611600222066
Cyclic,216,tm,93.32000000000001,0.2411370260088006,0.06216817999666091
Cyclic,217,tm,93.87,0.2236989280063426,0.06271227699471638
Cyclic,218,tm,93.58999999999999,0.22849223000230268,0.061316546009038575
Cyclic,219,tm,93.91000000000001,0.2302088900032686,0.06153250399802346
Cyclic,220,tm,94.15,0.23174247299903072,0.06232203298714012
Cyclic,221,tm,93.30000000000001,0.2280848619993776,0.06225088200881146
Cyclic,222,tm,94.12,0.22932273699552752,0.061552657003630884
Cyclic,223,tm,93.7,0.23548490600660443,0.06271604599896818
Cyclic,224,tm,93.54,0.23433383900555782,0.06448691900004633
Cyclic,225,tm,93.55,0.22583100499468856,0.061899776992504485
Cyclic,226,tm,93.83,0.2285206719971029,0.06377557700034231
Cyclic,227,tm,93.74,0.22847962599189486,0.06211044099472929
Cyclic,228,tm,93.96,0.23192598900641315,0.06254522599920165
Cyclic,229,tm,94.14,0.23520871899381746,0.06216062499152031
Cyclic,230,tm,93.84,0.22627753698907327,0.06237091300135944
Cyclic,231,tm,94.0,0.22680689400294796,0.06339728900638875
Cyclic,232,tm,94.05,0.22557737299939618,0.061559364999993704
Cyclic,233,tm,94.39,0.23170910199405625,0.06063931999960914
Cyclic,234,tm,93.28,0.23155561300518457,0.06273572699865326
Cyclic,235,tm,93.31,0.2279067500057863,0.06280580299790017
Cyclic,236,tm,93.69,0.23250537899730261,0.06051738500536885
Cyclic,237,tm,93.85,0.22901617200113833,0.06096637999871746
Cyclic,238,tm,93.8,0.2292400549922604,0.06268561400065664
Cyclic,239,tm,94.17999999999999,0.22244961198884994,0.062228762995800935
Cyclic,240,tm,93.66,0.23167242399358656,0.06233214100939222
Cyclic,241,tm,93.47,0.23504185800265986,0.0636317980097374
Cyclic,242,tm,93.24,0.23385579499881715,0.06379829699289985
Cyclic,243,tm,93.81,0.22775957599515095,0.06254040799103677
Cyclic,244,tm,93.77,0.22560102799616288,0.0643120699969586
Cyclic,245,tm,92.73,0.22978329499892425,0.0635397070000181
Cyclic,246,tm,92.99,0.23279413000273053,0.06462157500209287
Cyclic,247,tm,92.36,0.23671533400192857,0.06261179898865521
Cyclic,248,tm,93.5,0.2274913290020777,0.06402443299884908
Cyclic,249,tm,94.0,0.2366987489949679,0.06350037500669714
Cyclic,250,tm,93.28,0.23150188301224262,0.06200650701066479
Cyclic,251,nn,95.49,0.21636399999260902,0.06444241799181327
Cyclic,252,nn,95.65,0.2042371429997729,0.0637096249993192
Cyclic,253,nn,95.77,0.22058432700578123,0.06462113499583211
Cyclic,254,nn,95.78999999999999,0.2760140230093384,0.06394705300044734
Cyclic,255,nn,95.83,0.21025661699241027,0.06321558100171387
Cyclic,256,nn,95.85000000000001,0.1993061840039445,0.06279330899997149
Cyclic,257,nn,95.77,0.21750285700545646,0.06584499299060553
Cyclic,258,nn,95.83,0.21875901000748854,0.06549113600340206
Cyclic,259,nn,95.88,0.2712859640014358,0.06246000800456386
Cyclic,260,nn,95.91,0.21882752599776722,0.06380837799224537
Cyclic,261,nn,95.95,0.22052541200537235,0.06408245700004045
Cyclic,262,nn,95.91,0.2143188560003182,0.06317231300636195
Cyclic,263,nn,95.91,0.2726290849968791,0.0634287170105381
Cyclic,264,nn,95.86,0.22046498900454026,0.06407941100769676
Cyclic,265,nn,95.87,0.19873069100140128,0.06357449799543247
Cyclic,266,nn,95.93,0.195028715999797,0.061573500992381014
Cyclic,267,nn,95.82000000000001,0.2641825559985591,0.06290709300083108
Cyclic,268,nn,95.85000000000001,0.20534754799155053,0.062168317002942786
Cyclic,269,nn,95.92,0.2119992850057315,0.062294517003465444
Cyclic,270,nn,95.89999999999999,0.21884155400039162,0.0646157330047572
Cyclic,271,nn,95.91,0.2751273080066312,0.06329745599941816
Cyclic,272,tm,93.64,0.23391794100461993,0.060699512003338896
Cyclic,273,tm,93.58,0.24279000799288042,0.06469221199222375
Cyclic,274,tm,93.82000000000001,0.22868995199678466,0.06403061599121429
Cyclic,275,tm,93.72,0.22730298500391655,0.061144131992477924
Cyclic,276,tm,93.76,0.23287358800007496,0.06255859200609848
Cyclic,277,tm,92.80000000000001,0.2328209809929831,0.06244114099536091
Cyclic,278,tm,93.67,0.23530185800336767,0.062242539002909325
Cyclic,279,tm,94.28,0.2289038520102622,0.06282307600486092
Cyclic,280,tm,93.44,0.2321347889956087,0.062112247993354686
Cyclic,281,tm,93.76,0.234073511994211,0.06284343799052294
Cyclic,282,tm,93.83,0.2309176329872571,0.06359914399217814
Cyclic,283,tm,93.25,0.23033596100867726,0.06311052800447214
Cyclic,284,tm,94.24,0.23411601599946152,0.06445568799972534
Cyclic,285,tm,93.96,0.23373058400466107,0.0628172800061293
Cyclic,286,tm,94.04,0.225432325998554,0.061965575005160645
Cyclic,287,tm,93.31,0.22508334800659213,0.06284094000875484
Cyclic,288,tm,93.94,0.23014903199509718,0.06222043599700555
Cyclic,289,tm,94.05,0.23295364300429355,0.0635186339932261
Cyclic,290,tm,93.31,0.23434764599369373,0.06275344800087623
Cyclic,291,tm,94.34,0.2287266959901899,0.06311207699764054
Cyclic,292,tm,93.30000000000001,0.2304853550012922,0.06333839199214708
Cyclic,293,tm,93.97999999999999,0.23810083599528298,0.06315514800371602
Cyclic,294,tm,94.28999999999999,0.2293228760099737,0.06241845400654711
Cyclic,295,tm,93.33,0.230910619997303,0.06294616300147027
Cyclic,296,tm,93.64,0.23006719000113662,0.06313957800739445
Cyclic,297,tm,93.30000000000001,0.22969216998899356,0.06170717200438958
Cyclic,298,tm,93.61,0.22904925800685305,0.06720603699795902
Cyclic,299,tm,93.19,0.22646255300787743,0.06303920199570712
Cyclic,300,tm,93.61,0.22786456000176258,0.06308830999478232
Cyclic,301,tm,93.36,0.22541067701240536,0.06292343599488959
Cyclic,302,tm,93.51,0.231889559989213,0.0640559400053462
Cyclic,303,tm,93.89,0.22779140900820494,0.06113986999844201
Cyclic,304,tm,92.77,0.22747271299886052,0.06362748600076884
Cyclic,305,tm,94.21000000000001,0.2298058580054203,0.06422993799787946
Cyclic,306,tm,93.65,0.22616532600659411,0.0637829899933422
Cyclic,307,tm,93.95,0.22690904600312933,0.06252696699812077
Cyclic,308,tm,94.28,0.22754380400874652,0.06195632999879308
Cyclic,309,tm,93.99,0.22938740100653376,0.06187017601041589
Cyclic,310,tm,93.49,0.22698576000402682,0.06339483699412085
Cyclic,311,tm,92.7,0.23769423499470577,0.06310294399736449
Cyclic,312,tm,92.84,0.22942428701207973,0.06366869999328628
Cyclic,313,tm,93.05,0.22862744999292772,0.06161192500439938
Cyclic,314,tm,92.97999999999999,0.22392385099374224,0.061929261006298475
Cyclic,315,tm,93.97,0.22596827200322878,0.06220046700036619
Cyclic,316,tm,93.22,0.23028153099585325,0.062408771002083085
Cyclic,317,tm,92.9,0.23558540700469166,0.06446529900131281
Cyclic,318,tm,92.67,0.23097256499750074,0.0628376309905434
Cyclic,319,tm,92.75,0.23008505199686624,0.06231305799155962
Cyclic,320,tm,93.60000000000001,0.22679109300952405,0.06430406600702554
Cyclic,321,tm,93.87,0.22702686999400612,0.06292406599095557
Cyclic,322,nn,95.45,0.2142306649911916,0.06562379900424276
Cyclic,323,nn,95.65,0.22174698500020895,0.06440259600640275
Cyclic,324,nn,95.84,0.20482114699552767,0.06553925899788737
Cyclic,325,nn,95.89,0.2209009549987968,0.06551581100211479
Cyclic,326,nn,95.76,0.2701619550061878,0.06472343500354327
Cyclic,327,nn,95.89,0.21799849900708068,0.062144083000021055
Cyclic,328,nn,95.83,0.2177169210044667,0.06418369899620302
Cyclic,329,nn,95.94,0.21913706399209332,0.06547148899699096
Cyclic,330,nn,95.8,0.26928232300269883,0.0661253209982533
Cyclic,331,nn,95.94,0.21444932199665345,0.0660795430012513
Cyclic,332,nn,95.91,0.21550038100394886,0.06330836800043471
Cyclic,333,nn,95.93,0.21442458500678185,0.06557879499450792
Cyclic,334,nn,95.91,0.25354930201137904,0.06393838100484572
Cyclic,335,nn,95.99,0.2186096869991161,0.06458893200033344
Cyclic,336,nn,95.93,0.19797974699758925,0.06288626800233033
Cyclic,337,nn,95.88,0.194637116001104,0.06557346200861502
Cyclic,338,nn,95.96000000000001,0.21615041499899235,0.06370865700591821
Cyclic,339,nn,95.97,0.27163015100813936,0.06501851500070188
Cyclic,340,nn,95.91,0.22018601100717206,0.06437835098768119
Cyclic,341,nn,95.89999999999999,0.21768740699917544,0.06512426500557922
Cyclic,342,nn,95.89,0.20519485800468829,0.06533988800947554
Cyclic,343,nn,95.95,0.269237801010604,0.0642364849918522
Cyclic,344,nn,95.89999999999999,0.2184523069881834,0.06539878300100099
Cyclic,345,nn,95.94,0.21712737801135518,0.06384574000549037
UTM,1,tm,90.59,0.5553332080016844,0.06574568900396116
UTM,2,tm,90.94,0.49486668199824635,0.06845891400007531
UTM,3,tm,90.91,0.4768214439973235,0.06910262799647171
UTM,4,tm,90.74,0.47800308899604715,0.0714585630048532
UTM,5,tm,91.27,0.48274856399802957,0.06676994799636304
UTM,6,tm,91.06,0.4752702809928451,0.06877780400100164
UTM,7,tm,91.08000000000001,0.46375740099756513,0.06757294900307897
UTM,8,tm,91.06,0.46876622299896553,0.06843471000320278
UTM,9,tm,90.89,0.47041552400332876,0.06961701399995945
UTM,10,tm,90.79,0.47001529899716843,0.06948474500677548
UTM,11,tm,90.96,0.4629462539887754,0.06817304599098861
UTM,12,tm,90.96,0.4612182249984471,0.06770119699649513
UTM,13,tm,91.19,0.46779303399671335,0.06739931499760132
UTM,14,tm,90.91,0.466495724991546,0.06798967499344144
UTM,15,tm,91.03999999999999,0.45762825100973714,0.0674805570015451
UTM,16,tm,91.23,0.4565256479982054,0.06808885600185022
UTM,17,tm,91.29,0.4465314570115879,0.06961648599826731
UTM,18,tm,91.12,0.4614447750063846,0.06924631299625617
UTM,19,tm,91.19,0.46896588399249595,0.06855093900230713
UTM,20,tm,91.43,0.46430664099170826,0.06893186799425166
UTM,21,tm,91.16,0.43414803700579796,0.0715173559874529
UTM,22,tm,91.18,0.45928073399409186,0.06843964199651964
UTM,23,tm,91.16,0.4449555900064297,0.06950861999939661
UTM,24,tm,91.19,0.4530986409954494,0.06954564999614377
UTM,25,tm,91.18,0.45330516700050794,0.06912101600028109
UTM,26,tm,91.34,0.45031386900518555,0.06870783200429287
UTM,27,tm,91.25,0.4703612130106194,0.06984449300216511
UTM,28,tm,91.45,0.4593571330042323,0.06835720199160278
UTM,29,tm,91.22,0.45068066800013185,0.06864762099576183
UTM,30,tm,91.2,0.4599361209984636,0.06858825898962095
UTM,31,tm,91.25999999999999,0.45428471099876333,0.06931123899994418
UTM,32,tm,91.36,0.47261629000422545,0.06938733300194144
UTM,33,tm,91.14,0.451249566001934,0.06965611899795476
UTM,34,tm,91.23,0.45756919399718754,0.06795690600119997
UTM,35,tm,91.21000000000001,0.4597596870007692,0.06876446100068279
UTM,36,tm,91.29,0.45757068700913806,0.06961463700281456
UTM,37,tm,91.17,0.45362662999832537,0.06918671500170603
UTM,38,tm,91.13,0.46053404799022246,0.07035871999687515
UTM,39,tm,91.22,0.4639959269989049,0.06808090201229788
UTM,40,tm,91.3,0.4465571330074454,0.06879756899434142
UTM,41,tm,91.14,0.4610391510068439,0.06806936800421681
UTM,42,tm,91.28,0.45102185900032055,0.06949520800844766
UTM,43,tm,91.29,0.46542745499755256,0.06719997900654562
UTM,44,tm,91.21000000000001,0.4594592700013891,0.0683571030094754
UTM,45,tm,91.12,0.4594853769958718,0.07074217600165866
UTM,46,tm,91.23,0.4428383079939522,0.06891917399480008
UTM,47,tm,91.14,0.45688195699767675,0.06912943899806123
UTM,48,tm,91.13,0.45546311800717376,0.06843084799766075
UTM,49,tm,91.12,0.4507364500022959,0.06974998400255572
UTM,50,tm,91.18,0.45886685300501995,0.06970762999844737
UTM,51,tm,91.14,0.46509211299417075,0.06764392700279132
UTM,52,tm,91.23,0.46026135300053284,0.06912772401119582
UTM,53,tm,91.14,0.454104714008281,0.07023428899992723
UTM,54,tm,91.05,0.45316284299769904,0.06598527499591
UTM,55,tm,91.09,0.44905601799837314,0.0673743840015959
UTM,56,tm,91.16,0.44287820700265,0.07039273899863474
UTM,57,tm,91.17,0.45893878799688537,0.0654324669885682
UTM,58,tm,91.24,0.4479756569926394,0.06726453200099058
UTM,59,tm,91.25999999999999,0.4630037680035457,0.06773267399694305
UTM,60,tm,91.13,0.451814533007564,0.06972895500075538
UTM,61,tm,91.21000000000001,0.45064279199868906,0.06946556900220457
UTM,62,tm,91.31,0.4490266890061321,0.07424010999966413
UTM,63,tm,91.24,0.4296257880050689,0.06847675199969672
UTM,64,tm,91.21000000000001,0.46690304100047797,0.06857726300950162
UTM,65,tm,91.22,0.45047400500334334,0.06745228300860617
UTM,66,tm,91.11,0.4365131329977885,0.07063608500175178
UTM,67,tm,91.0,0.4577866510080639,0.06977324000035878
UTM,68,tm,91.06,0.4512500269920565,0.06782062200363725
UTM,69,tm,91.07,0.44673712200892624,0.06694234399765264
UTM,70,tm,91.07,0.446366003001458,0.06968897799379192
UTM,71,tm,91.02,0.46441788600350264,0.0672324579936685
UTM,72,tm,90.99000000000001,0.44897283299360424,0.07070187000499573
UTM,73,tm,91.2,0.4592653510044329,0.0664692139980616
UTM,74,tm,91.23,0.45253925200086087,0.07052452900097705
UTM,75,tm,91.44,0.4607634729909478,0.06969674299762119
UTM,76,tm,91.13,0.45519062799576204,0.0696740779967513
UTM,77,tm,91.12,0.4524460149987135,0.06982443899323698
UTM,78,tm,91.19,0.4645507700042799,0.06775991199538112
UTM,79,tm,91.12,0.4470754640060477,0.07049483600712847
UTM,80,tm,91.2,0.4657234089972917,0.06883381900843233
UTM,81,tm,90.97,0.4573970979981823,0.06958710799517576
UTM,82,tm,90.98,0.4606931800080929,0.0698512390081305
UTM,83,tm,91.11,0.4636747059994377,0.0706065150006907
UTM,84,tm,91.10000000000001,0.4555535429972224,0.0701884029986104
UTM,85,tm,91.17,0.46724100899882615,0.06906658300431445
UTM,86,tm,91.23,0.4689954389905324,0.06626691999554168
UTM,87,tm,91.10000000000001,0.44929879100527614,0.06787333500687964
UTM,88,tm,91.22,0.45898786099860445,0.06877568000345491
UTM,89,tm,91.22,0.4601335749903228,0.0660209249908803
UTM,90,tm,91.22,0.4573721890046727,0.06833663700672332
UTM,91,tm,91.12,0.45680601299682166,0.0698549069929868
UTM,92,tm,91.14999999999999,0.46490532300958876,0.06945059800636955
UTM,93,tm,91.13,0.45492050700704567,0.06663058199046645
UTM,94,tm,91.18,0.4538167939899722,0.06818954000482336
UTM,95,tm,91.10000000000001,0.46476940500724595,0.06983792400569655
UTM,96,tm,91.11,0.45552820099692326,0.06846894099726342
UTM,97,tm,91.02,0.4532621120015392,0.0679283019999275
UTM,98,tm,91.18,0.4484266000072239,0.0695684169913875
UTM,99,tm,91.05,0.4453619370033266,0.06923302500217687
UTM,100,tm,91.10000000000001,0.45476086900453083,0.06971236800018232
UTM,101,tm,91.14,0.45518018599250354,0.06670265800494235
UTM,102,tm,91.06,0.45564063799974974,0.06933048300561495
UTM,103,tm,91.22,0.444530486012809,0.06957426101143938
UTM,104,tm,91.14,0.44943620200501755,0.06815485400147736
UTM,105,tm,91.11,0.4475856809876859,0.06926894299976993
UTM,106,tm,91.2,0.451043025997933,0.06796317300177179
UTM,107,tm,91.2,0.44699165799829643,0.06984677299624309
UTM,108,tm,91.11,0.4597276960121235,0.07042370899580419
UTM,109,tm,91.02,0.446848724008305,0.06736766500398517
UTM,110,tm,90.86,0.4574461440060986,0.06865083400043659
UTM,111,tm,91.18,0.44681884899910074,0.07078911300050095
UTM,112,tm,91.02,0.44834312799503095,0.06705239799339324
UTM,113,tm,91.05,0.4592914800014114,0.0665716590010561
UTM,114,tm,91.03999999999999,0.458061119003105,0.06651473899546545
UTM,115,tm,91.06,0.4610720299970126,0.06811702500272077
UTM,116,tm,91.16,0.4588605659955647,0.07059733399364632
UTM,117,tm,90.97,0.4446232689952012,0.06971700501162559
UTM,118,tm,91.13,0.4614734600036172,0.06993581500137225
UTM,119,tm,91.22,0.4465803949860856,0.06789264800318051
UTM,120,tm,91.07,0.4478353330050595,0.0664417730004061
UTM,121,tm,91.28,0.4605698410014156,0.0689894630049821
UTM,122,tm,91.11,0.4520089740108233,0.0700585900049191
UTM,123,tm,91.32000000000001,0.44345828000223264,0.0694603250012733
UTM,124,tm,91.17,0.4513303099956829,0.07020417900639586
UTM,125,tm,91.17,0.4624189999885857,0.06815055900369771
UTM,126,tm,91.17,0.45574468800623436,0.06793450999248307
UTM,127,tm,91.16,0.4754774239991093,0.06850827600283083
UTM,128,tm,91.22,0.45704892301000655,0.06959042500238866
UTM,129,tm,91.19,0.4541822350001894,0.06739585399918724
UTM,130,tm,91.22,0.45030769500590395,0.0686969950038474
UTM,131,tm,91.11,0.46028070300235413,0.06918471200333443
UTM,132,tm,91.17,0.44779625299270265,0.0692476600088412
UTM,133,tm,91.05,0.45915912798955105,0.06923296500463039
UTM,134,tm,91.0,0.4563898460037308,0.06775076799385715
UTM,135,tm,91.14999999999999,0.4555669210094493,0.06817669099837076
UTM,136,tm,90.82000000000001,0.4542575790110277,0.0693542870139936
UTM,137,tm,91.09,0.45201596499828156,0.07008132699411362
UTM,138,tm,91.19,0.46530262399755884,0.06686984900443349
UTM,139,tm,91.18,0.45710948600026313,0.06554799900914077
UTM,140,tm,91.2,0.44949561699468177,0.06772912800079212
UTM,141,tm,91.18,0.457000969996443,0.06745018500078004
UTM,142,tm,91.14,0.46570508800505195,0.06845877898740582
UTM,143,tm,91.10000000000001,0.4496395330061205,0.06918526100344025
UTM,144,tm,90.94,0.44845003199588973,0.06847288299468346
UTM,145,tm,91.14999999999999,0.4525153499998851,0.07300164800835773
UTM,146,tm,91.25,0.4548714779957663,0.06982654500461649
UTM,147,tm,91.2,0.45121666698832996,0.07019704500271473
UTM,148,tm,91.23,0.45609577700088266,0.0704820670071058
UTM,149,tm,91.12,0.45429197400517296,0.07042372498835903
UTM,150,tm,91.13,0.45641024901124183,0.06951901499996893
UTM,151,tm,91.19,0.4489595869963523,0.06803917499200907
UTM,152,tm,91.28,0.45479046599939466,0.07053420800366439
UTM,153,tm,91.23,0.4573310049891006,0.07060496699705254
UTM,154,tm,91.28,0.4527343420049874,0.06885013201099355
UTM,155,tm,91.14999999999999,0.4566041009966284,0.06953028200950939
UTM,156,tm,91.2,0.45979375000752043,0.06890040400321595
UTM,157,tm,91.2,0.4601660359912785,0.06966476800153032
UTM,158,tm,91.29,0.46007592299429234,0.06874982400040608
UTM,159,tm,91.14,0.4476701279927511,0.06848330500361044
UTM,160,tm,91.14999999999999,0.45382868600427173,0.06765403700410388
UTM,161,tm,91.14999999999999,0.4471060409996426,0.06914864999998827
UTM,162,tm,91.2,0.4545369380066404,0.06663502399169374
UTM,163,tm,91.27,0.4537998520099791,0.06875032099196687
UTM,164,tm,91.13,0.4527907699957723,0.06974060399807058
UTM,165,tm,91.19,0.45261835200653877,0.06993866999982856
UTM,166,tm,91.31,0.45847688100184314,0.06659460600349121
UTM,167,tm,91.23,0.45995906699681655,0.06939186798990704
UTM,168,tm,91.2,0.46228861999406945,0.06854657799704
UTM,169,tm,91.36,0.456533368997043,0.06707949700648896
UTM,170,tm,91.28,0.4609648379991995,0.06864485300320666
UTM,171,tm,91.3,0.4689782759960508,0.06804096300038509
UTM,172,tm,91.3,0.453325971000595,0.0685069180035498
UTM,173,tm,91.32000000000001,0.4606095049966825,0.0674338219978381
UTM,174,tm,91.25,0.45512928000243846,0.06803147800383158
UTM,175,tm,91.31,0.4548804869991727,0.06717938301153481
UTM,176,tm,91.43,0.44999134600220714,0.07007824099855497
UTM,177,tm,91.29,0.44932380100362934,0.06717750598909333
UTM,178,tm,91.25999999999999,0.4669963570049731,0.06783071599784307
UTM,179,tm,91.32000000000001,0.46842044199001975,0.06753256400406826
UTM,180,tm,91.25999999999999,0.456365062011173,0.07035359500150662
UTM,181,tm,91.18,0.450190162009676,0.07071627100231126
UTM,182,tm,91.06,0.45247761299833655,0.06976102000044193
UTM,183,tm,91.16,0.44643982499837875,0.07133825500204694
UTM,184,tm,91.21000000000001,0.4560285179904895,0.06838824800797738
UTM,185,tm,91.31,0.4550968230032595,0.06896096699347254
UTM,186,tm,91.34,0.4552513680100674,0.06812980500399135
UTM,187,tm,91.05,0.4490423339884728,0.06666968700301368
UTM,188,tm,91.25999999999999,0.4524891170003684,0.06989101799263153
UTM,189,tm,91.01,0.4478602330054855,0.06977611799084116
UTM,190,tm,91.13,0.451578617998166,0.06891418200393673
UTM,191,tm,91.16,0.45143935100350063,0.06826272900798358
UTM,192,tm,91.07,0.4532351440138882,0.06915665199630894
UTM,193,tm,91.05,0.4553809130011359,0.06603879899193998
UTM,194,tm,91.03999999999999,0.4560438519984018,0.06732640499831177
UTM,195,tm,91.07,0.44694067898672074,0.0705304349976359
UTM,196,tm,91.03,0.45006649900460616,0.06607180599530693
UTM,197,tm,91.13,0.4509639629977755,0.06883015300263651
UTM,198,tm,91.08000000000001,0.4622839700023178,0.06672285399690736
UTM,199,tm,91.13,0.46074824799143244,0.07002016600745264
UTM,200,tm,91.0,0.45762342000671197,0.06994198600295931
UTM,201,tm,91.12,0.4611794709926471,0.07035145099507645
UTM,202,tm,91.14,0.45674685599806253,0.06946904500364326
UTM,203,tm,91.10000000000001,0.4602499230095418,0.06807020200358238
UTM,204,tm,91.14,0.4512235380097991,0.06956680600706022
UTM,205,tm,91.16,0.46646177099319175,0.06927245300903451
UTM,206,tm,91.16,0.449546970994561,0.0711159759957809
UTM,207,tm,91.0,0.45720004198665265,0.06978504799189977
UTM,208,tm,91.2,0.46034732200496364,0.07036006099951919
UTM,209,tm,91.25999999999999,0.46027438700548373,0.06897161700180732
UTM,210,tm,91.2,0.44480030800332315,0.06909076699230354
UTM,211,tm,91.14,0.4650541340088239,0.06980206099979114
UTM,212,tm,91.13,0.4630441399931442,0.07354837599268649
UTM,213,tm,91.10000000000001,0.4476898659922881,0.0696878650051076
UTM,214,tm,91.05,0.45832877700740937,0.06835831399075687
UTM,215,tm,90.97,0.4500258920015767,0.06882165200659074
UTM,216,tm,91.08000000000001,0.45153195298917126,0.07304153000586666
UTM,217,tm,91.18,0.4534734019980533,0.06724677998863626
UTM,218,tm,91.16,0.4756689770001685,0.06833641100092791
UTM,219,tm,91.22,0.4581737330008764,0.06966259100590833
UTM,220,tm,91.08000000000001,0.4646729090018198,0.06989125200198032
UTM,221,tm,91.18,0.46400864799215924,0.06977052599540912
UTM,222,tm,91.19,0.4604517909901915,0.06707353299134411
UTM,223,tm,91.24,0.4616352130105952,0.06908416798978578
UTM,224,tm,91.13,0.4606326710054418,0.07056676899082959
UTM,225,tm,91.03,0.45152630099619273,0.07064321301004384
UTM,226,tm,91.09,0.44499023600656074,0.07039552299829666
UTM,227,tm,91.24,0.45353514299495146,0.06793349000508897
UTM,228,tm,91.14999999999999,0.4518809620058164,0.06890686998667661
UTM,229,tm,91.18,0.4534708800056251,0.06954452900390606
UTM,230,tm,91.05,0.45344173698686063,0.06929795199539512
UTM,231,tm,91.17,0.4538167700084159,0.06958797499828506
UTM,232,tm,91.13,0.4494205450027948,0.06799962000513915
UTM,233,tm,91.2,0.446046588011086,0.06814387399936095
UTM,234,tm,91.21000000000001,0.4586422379943542,0.06835739300004207
UTM,235,tm,91.31,0.4689327409869293,0.06773869998869486
UTM,236,tm,91.31,0.46908547800558154,0.07034152999403886
UTM,237,tm,91.3,0.4678959509910783,0.06956903499667533
UTM,238,tm,91.25999999999999,0.460351283007185,0.06787718500709161
UTM,239,tm,91.25,0.4559326129965484,0.06920839000667911
UTM,240,tm,91.35,0.4600081670068903,0.069904627991491
UTM,241,tm,91.31,0.4558083610027097,0.0667457630042918
UTM,242,tm,91.28,0.46245574700878933,0.0690955350000877
UTM,243,tm,91.16,0.4573331830033567,0.0704609940003138
UTM,244,tm,91.23,0.4499340190086514,0.06882265799504239
UTM,245,tm,91.21000000000001,0.45880057199974544,0.06734331900952384
UTM,246,tm,91.27,0.4533288270031335,0.06765907700173557
UTM,247,tm,91.18,0.46213347699085716,0.06900791499356274
UTM,248,tm,91.17,0.46206631600216497,0.0682424439874012
UTM,249,tm,91.16,0.46082625100098085,0.06899106600030791
UTM,250,tm,91.11,0.45787714200560004,0.07298439599981066
UTM,251,tm,91.23,0.44985715800430626,0.06801933799579274
UTM,252,tm,91.25,0.4627153469918994,0.06920108500344213
UTM,253,tm,91.16,0.46336384800088126,0.07007819099817425
UTM,254,tm,91.16,0.45670706100645475,0.06905652600107715
UTM,255,tm,91.2,0.4591293560079066,0.07074621299398132
UTM,256,tm,91.06,0.45452724599454086,0.06977219000691548
UTM,257,tm,91.19,0.46464540500892326,0.06860770400089677
UTM,258,tm,91.16,0.45920485399255995,0.06671339699823875
UTM,259,tm,91.18,0.4668832809984451,0.06805680600518826
UTM,260,tm,91.3,0.4539617569971597,0.06750353900133632
UTM,261,tm,91.18,0.4758639389910968,0.06656246801139787
UTM,262,tm,91.13,0.4532818489969941,0.07364336099999491
UTM,263,tm,91.14999999999999,0.4555748610000592,0.06690169600187801
UTM,264,tm,91.14999999999999,0.45290092600043863,0.06900127200060524
UTM,265,tm,91.28,0.4540175529982662,0.06755894400703255
UTM,266,tm,91.19,0.4515074250084581,0.06684637600847054
UTM,267,tm,91.10000000000001,0.4646651560033206,0.06809229000646155
UTM,268,tm,91.14,0.4631971880007768,0.07009699300397187
UTM,269,tm,91.17,0.4616018310043728,0.07076625699119177
UTM,270,tm,91.16,0.4626343700074358,0.06816827600414399
UTM,271,tm,91.28,0.46543196399579756,0.07001221799873747
UTM,272,tm,91.22,0.46961145200475585,0.06702763000794221
UTM,273,tm,91.21000000000001,0.4650438789976761,0.06952072700369172
UTM,274,tm,91.28,0.465778465004405,0.0697644399915589
UTM,275,tm,91.05,0.4659075719973771,0.06878160699852742
UTM,276,tm,91.19,0.4705535659886664,0.06882682899595238
UTM,277,tm,91.11,0.4681053399981465,0.06982876900292467
UTM,278,tm,91.19,0.45923931199649815,0.06955976301105693
UTM,279,tm,91.3,0.4695400439959485,0.06878226099070162
UTM,280,tm,91.10000000000001,0.4646253070095554,0.07052653799473774
UTM,281,tm,91.16,0.46006025999668054,0.06784500999492593
UTM,282,tm,91.14,0.46949064200452995,0.07064277199970093
UTM,283,tm,91.21000000000001,0.46479260599880945,0.0662977019965183
UTM,284,tm,91.27,0.46417616899998393,0.0681720580032561
UTM,285,tm,91.09,0.4524455119972117,0.0686036949919071
UTM,286,tm,91.06,0.4589819870016072,0.07049059400742408
UTM,287,tm,91.12,0.4671465719875414,0.06900269599282183
UTM,288,tm,91.27,0.46441965700068977,0.06750932498835027
UTM,289,tm,91.12,0.4671588019991759,0.06956836600147653
UTM,290,tm,91.13,0.4546037699910812,0.07581283900071867
UTM,291,tm,91.34,0.4690894249943085,0.0688031250028871
UTM,292,tm,91.25,0.46424653301073704,0.0711195769981714
UTM,293,tm,91.28,0.46881592899444513,0.07441775599727407
UTM,294,tm,91.21000000000001,0.47462729501421563,0.06886683500488289
UTM,295,tm,91.02,0.46642398899712134,0.0689452190126758
UTM,296,tm,91.23,0.4508733749971725,0.0694518340023933
UTM,297,tm,91.34,0.4696338900103001,0.0700239449943183
UTM,298,tm,91.27,0.4626415900129359,0.06862071999057662
UTM,299,tm,91.36,0.47711712699674536,0.07097746900399216
UTM,300,tm,91.2,0.4668340580101358,0.06495742598781362
UTM,301,tm,91.29,0.4582817710033851,0.0684951120056212
UTM,302,tm,91.25,0.45250393101014197,0.06831522200081963
UTM,303,tm,91.3,0.47018816899799276,0.07205494500522036
UTM,304,tm,91.36,0.4544324860034976,0.06763372400018852
UTM,305,tm,91.3,0.4607971460063709,0.06877318699844182
UTM,306,tm,91.24,0.4630881990015041,0.0697081899998011
UTM,307,tm,91.23,0.45978511100111064,0.06844145299692173
UTM,308,tm,91.3,0.4547113259905018,0.06997973399120383
UTM,309,tm,91.25,0.4678997029986931,0.06900814399705268
UTM,310,tm,91.16,0.4474548309954116,0.06823515699943528
UTM,311,tm,91.49000000000001,0.4692472790047759,0.0660931300080847
UTM,312,tm,91.2,0.4563684269960504,0.06931108099524863
UTM,313,tm,91.31,0.4681188940012362,0.0691557710088091
UTM,314,tm,91.13,0.45897896999667864,0.06972134100215044
UTM,315,tm,91.24,0.4623351329937577,0.06942664699454326
UTM,316,tm,91.10000000000001,0.4690338159998646,0.0695989619998727
UTM,317,tm,91.25999999999999,0.4688387939968379,0.06864502499229275
UTM,318,tm,91.14,0.46090228798857424,0.06808728699979838
UTM,319,tm,91.25,0.45541993499500677,0.0683050439984072
UTM,320,tm,91.27,0.4436350159958238,0.06918047298677266
UTM,321,tm,91.28,0.43147847898944747,0.06670750900229905
UTM,322,tm,91.2,0.46637797700532246,0.06938897899817675
UTM,323,tm,91.22,0.45290514698717743,0.0673540379939368
UTM,324,tm,91.17,0.458804344991222,0.0682211489911424
UTM,325,tm,91.17,0.46442819299409166,0.07138342699909117
UTM,326,tm,91.14,0.4678592429991113,0.07031385900336318
UTM,327,tm,91.10000000000001,0.46143252500041854,0.0697594340017531
UTM,328,tm,91.22,0.4651604079990648,0.07016450200171676
UTM,329,tm,91.16,0.45744460000423715,0.06822956600808538
UTM,330,tm,91.11,0.4585623559978558,0.06987849299912341
UTM,331,tm,91.25999999999999,0.45678090599540155,0.07172094700217713
UTM,332,tm,91.14999999999999,0.46565456299867947,0.06948024399753194
UTM,333,tm,91.31,0.4582781640056055,0.06891680000990164
UTM,334,tm,91.23,0.46133315601036884,0.06916300200100522
UTM,335,tm,91.4,0.4563166489970172,0.06989087699912488
UTM,336,tm,91.21000000000001,0.4559765279991552,0.07020784499763977
UTM,337,tm,91.18,0.4749534870061325,0.06825567600026261
UTM,338,tm,91.25,0.4645711869961815,0.06915615499019623
UTM,339,tm,91.49000000000001,0.4636977540067164,0.068474611005513
UTM,340,tm,91.33,0.4584171380120097,0.068495075989631
UTM,341,tm,91.41,0.4609602769924095,0.06921343499561772
UTM,342,tm,91.2,0.4651050510001369,0.06952990499848966
UTM,343,tm,91.14999999999999,0.4548097480001161,0.06771679098892491
UTM,344,tm,91.36999999999999,0.4613901439879555,0.06955471901164856
UTM,345,tm,91.28,0.4572980029915925,0.06903249199967831
UTM,346,tm,91.25999999999999,0.4615265819884371,0.06903466398944147
UTM,347,tm,91.13,0.4609465719986474,0.06809672000235878
UTM,348,tm,91.36999999999999,0.4743346839968581,0.07105831000080798
UTM,349,tm,91.25999999999999,0.4607609869999578,0.06955739000113681
UTM,350,tm,91.2,0.45982022599491756,0.06890284099790733
UTM,351,tm,91.31,0.4499404709931696,0.06944157999532763
UTM,352,tm,91.23,0.46937274900847115,0.06941619999997783
UTM,353,tm,91.17,0.46802616499189753,0.06968494300963357
UTM,354,tm,91.19,0.459258750997833,0.06782692100387067
UTM,355,tm,91.2,0.4580510630039498,0.0675908220000565
UTM,356,tm,91.14999999999999,0.4664574549969984,0.07000541299930774
UTM,357,tm,91.19,0.4599150779977208,0.06586790100845974
UTM,358,tm,91.31,0.45907415200781543,0.06799239199608564
UTM,359,tm,91.43,0.4583768529992085,0.06874585400510114
UTM,360,tm,91.29,0.4644851880002534,0.06921046799106989
UTM,361,tm,91.23,0.45142366000800394,0.0700963119888911
UTM,362,tm,91.29,0.4516668750002282,0.06876428399118595
UTM,363,tm,91.4,0.4395389739947859,0.06932078700629063
UTM,364,tm,91.34,0.4648869449883932,0.06829495700367261
UTM,365,tm,91.38,0.46235428799991496,0.06909506999363657
UTM,366,tm,91.29,0.4547631159948651,0.06590173000586219
UTM,367,tm,91.32000000000001,0.45512806200713385,0.07071329500467982
UTM,368,tm,91.4,0.4611552869901061,0.06862718300544657
UTM,369,tm,91.18,0.46027353100362234,0.0675519560027169
UTM,370,tm,91.28,0.45610186499834526,0.06684846599819139
UTM,371,tm,91.25,0.45766451201052405,0.06970906398782972
UTM,372,tm,91.34,0.4647877279930981,0.07194821799930651
UTM,373,tm,91.23,0.45546628699230496,0.07015069499902893
UTM,374,tm,91.17,0.4652688580099493,0.06940267099707853
UTM,375,tm,91.14999999999999,0.4504356809920864,0.0699001769971801
UTM,376,tm,91.12,0.46345600199128967,0.06811054100398906
UTM,377,tm,91.10000000000001,0.45457706799788866,0.0683697460044641
UTM,378,tm,91.12,0.45181143999798223,0.0693941149947932
UTM,379,tm,91.16,0.4546980159939267,0.06787040199560579
UTM,380,tm,91.23,0.45978843299963046,0.06956331900437362
UTM,381,tm,91.28,0.47178593900753185,0.06937532201118302
UTM,382,tm,91.24,0.46481357200536877,0.06855780399928335
UTM,383,tm,91.14999999999999,0.4654693360062083,0.06804860600095708
UTM,384,tm,91.08000000000001,0.46826240299560595,0.06913391200941987
UTM,385,tm,91.22,0.47434622299624607,0.07094584300648421
UTM,386,tm,91.16,0.4680385139945429,0.06979497001157142
UTM,387,tm,91.01,0.4774397450091783,0.06742644000041764
UTM,388,tm,91.28,0.46357542200712487,0.0676287090027472
UTM,389,tm,91.14,0.45341118299984373,0.07005998500972055
UTM,390,tm,91.19,0.4849551869992865,0.06789625898818485
UTM,391,tm,91.11,0.45882573501148727,0.06722438600263558
UTM,392,tm,91.19,0.4723425989941461,0.07129915500991046
UTM,393,tm,91.14,0.4705881959962426,0.06919774800189771
UTM,394,tm,91.03999999999999,0.4615390069957357,0.07111201000225265
UTM,395,tm,91.0,0.4646859779895749,0.06776601199817378
UTM,396,tm,91.08000000000001,0.45479856101155747,0.06978085200535133
UTM,397,tm,91.07,0.4557912820018828,0.07064600799640175
UTM,398,tm,91.03,0.4800506040046457,0.07086695199541282
UTM,399,tm,91.25,0.46603429899550974,0.07025939399318304
UTM,400,tm,91.23,0.46867163400747813,0.0676276789890835
UTM,401,tm,91.2,0.4717602049931884,0.0695960169978207
UTM,402,tm,91.12,0.4647663899959298,0.06933113299601246
UTM,403,tm,91.09,0.47689838099176995,0.06870497899944894
UTM,404,tm,91.01,0.470685781998327,0.06813719100318849
UTM,405,tm,91.18,0.46093726898834575,0.06890116099384613
UTM,406,tm,91.14,0.4676631470065331,0.06773913699726108
UTM,407,tm,91.13,0.47000464699522126,0.06979267699352931
UTM,408,tm,91.03999999999999,0.46278991099097766,0.06874817099014763
UTM,409,tm,91.01,0.46303964099206496,0.06948418699903414
UTM,410,tm,90.92,0.4683822850056458,0.06752231999416836
UTM,411,tm,91.01,0.4520655109954532,0.07015447498997673
UTM,412,tm,91.07,0.46608762799587566,0.06905464800365735
UTM,413,tm,91.2,0.45966100199439097,0.07076954499643762
UTM,414,tm,90.98,0.4662794629985001,0.06908993799879681
UTM,415,tm,91.27,0.4591676860000007,0.06790795100096148
UTM,416,tm,91.2,0.4595544140029233,0.06786945200292394
UTM,417,tm,91.19,0.45907485400675796,0.06737346200679895
UTM,418,tm,91.23,0.4338269220024813,0.06952430099772755
UTM,419,tm,91.10000000000001,0.4605317489913432,0.0706353389978176
UTM,420,tm,91.10000000000001,0.46854815300321206,0.06978075399820227
UTM,421,tm,91.01,0.45743872999446467,0.0693618359946413
UTM,422,tm,91.06,0.4591770659899339,0.06654216100287158
UTM,423,tm,91.03,0.4588919180096127,0.07059611000295263
UTM,424,tm,91.02,0.4594681980088353,0.06833648099564016
UTM,425,tm,91.06,0.45627937199606095,0.06972958199912682
UTM,426,tm,90.95,0.4531245349935489,0.06983323399617802
UTM,427,tm,91.05,0.46234512800583616,0.06831289500405546
UTM,428,tm,91.03,0.47097496000060346,0.06754209099744912
UTM,429,tm,91.2,0.4687195970036555,0.06914354600303341
UTM,430,tm,91.08000000000001,0.478863136988366,0.06912601400108542
UTM,431,tm,91.13,0.4540833070059307,0.07008073099132162
UTM,432,tm,91.10000000000001,0.46590646299591754,0.0695668919943273
UTM,433,tm,91.16,0.45669857699249405,0.07195928799046669
UTM,434,tm,90.94,0.4656510289933067,0.06896760099334642
UTM,435,tm,90.99000000000001,0.46257066700491123,0.06991664800443687
UTM,436,tm,91.10000000000001,0.4564689139951952,0.06995734800875653
UTM,437,tm,91.11,0.4680346749955788,0.06887420300336089
UTM,438,tm,91.16,0.4604807779978728,0.07007399600115605
UTM,439,tm,91.07,0.46771316599915735,0.07049868701142259
UTM,440,tm,91.03999999999999,0.4727500470035011,0.06877290899865329
UTM,441,tm,91.11,0.4661838799947873,0.0697261999885086
UTM,442,tm,91.16,0.4668985349999275,0.06953560300462414
UTM,443,tm,91.2,0.4707014649902703,0.07054120198881719
UTM,444,tm,91.2,0.4673304979951354,0.06779217699659057
UTM,445,tm,91.14999999999999,0.4595706300024176,0.07000175700522959
UTM,446,tm,91.32000000000001,0.46539759400184266,0.06999544099380728
UTM,447,tm,91.10000000000001,0.4631479119998403,0.0689910119981505
UTM,448,tm,91.09,0.45462197600863874,0.06844389899924863
UTM,449,tm,91.18,0.4620871290098876,0.0683992650010623
UTM,450,tm,91.13,0.464525279996451,0.06781932299782056
UTM,451,tm,91.07,0.4729258750012377,0.07088606600882486
UTM,452,tm,91.17,0.4511151129991049,0.06740510699455626
UTM,453,tm,91.08000000000001,0.4666093530104263,0.0711633329920005
UTM,454,tm,91.01,0.4536804910021601,0.06861921300878748
UTM,455,tm,91.05,0.4551532800105633,0.06687045498983935
UTM,456,tm,91.03,0.4627367299981415,0.0689148590026889
UTM,457,tm,91.19,0.4648966359964106,0.06844704500690568
UTM,458,tm,90.95,0.45577253100054804,0.06806814600713551
UTM,459,tm,90.94,0.46464136899157893,0.07010913800331764
UTM,460,tm,90.82000000000001,0.4567820380034391,0.06786946499778423
UTM,461,tm,90.9,0.448155536010745,0.06959217399707995
UTM,462,tm,91.06,0.4775350269919727,0.06795290599984583
UTM,463,tm,91.03,0.4644984159967862,0.0705813779932214
UTM,464,tm,91.0,0.4812417990033282,0.06958317600947339
UTM,465,tm,91.08000000000001,0.46604358100739773,0.06784824599162675
UTM,466,tm,90.86,0.45787807799933944,0.06998867299989797
UTM,467,tm,91.0,0.4640539100073511,0.07053918499150313
UTM,468,tm,91.05,0.46237018999818247,0.06969859599485062
UTM,469,tm,91.08000000000001,0.4712578580074478,0.0681142829998862
UTM,470,tm,91.09,0.44711126199399587,0.06839651199697983
UTM,471,tm,90.94,0.4520351719984319,0.07071124399953987
UTM,472,tm,91.0,0.4588572829961777,0.06897132899030112
UTM,473,tm,90.93,0.47114635999605525,0.06916604399157222
UTM,474,tm,91.0,0.44908272101019975,0.06862019900290761
UTM,475,tm,91.01,0.46154397100326605,0.06762297899695113
UTM,476,tm,90.98,0.4640535710059339,0.06923998700222
UTM,477,tm,91.05,0.4570406739949249,0.06826538300083485
UTM,478,tm,90.99000000000001,0.4638058349955827,0.06812729299417697
UTM,479,tm,91.17,0.4543412140046712,0.06575568800326437
UTM,480,tm,91.03,0.4704608290048782,0.06966950299101882
UTM,481,tm,91.11,0.4630212829943048,0.06898246500350069
UTM,482,tm,91.05,0.4644698689953657,0.06716235300700646
UTM,483,tm,91.17,0.4546499930002028,0.06832941400352865
UTM,484,tm,91.09,0.4509331629960798,0.06701379400328733
UTM,485,tm,91.01,0.45884735201252624,0.06849756499286741
UTM,486,tm,91.07,0.4725555070035625,0.06817444400803652
UTM,487,tm,90.86999999999999,0.45848921200376935,0.06850558500445914
UTM,488,tm,90.88000000000001,0.4433333280030638,0.06841876199177932
UTM,489,tm,90.91,0.4542893549951259,0.06937596200441476
UTM,490,tm,91.09,0.47506918699946254,0.06865001299593132
UTM,491,tm,90.93,0.47367153099912684,0.07108748098835349
UTM,492,tm,91.0,0.4586046820040792,0.06795706700359005
UTM,493,tm,91.07,0.46489992798888125,0.06578210600127932
UTM,494,tm,91.05,0.4605031350074569,0.06910134499776177
UTM,495,tm,90.98,0.4585483129922068,0.0700313880079193
UTM,496,tm,91.09,0.4705249899998307,0.06771357099933084
UTM,497,tm,91.16,0.47005059600633103,0.06923023099079728
UTM,498,tm,91.09,0.46019251899269875,0.06630565000523347
UTM,499,tm,91.11,0.46090836900111753,0.06832101500185672
UTM,500,tm,91.03999999999999,0.4540295629994944,0.07096947100944817
WTM,1,tm,88.18,0.34804503299528733,0.061991733993636444
WTM,2,tm,88.96,0.31168446500669234,0.06088818499119952
WTM,3,tm,91.4,0.2847111250011949,0.06263804099580739
WTM,4,tm,91.29,0.2739637960039545,0.06224942200060468
WTM,5,tm,92.04,0.2745974770077737,0.061833350991946645
WTM,6,tm,91.97,0.2644234980107285,0.06195161200594157
WTM,7,tm,92.33,0.2645890310086543,0.06280296700424515
WTM,8,tm,92.5,0.2558943109906977,0.06168735500250477
WTM,9,tm,92.84,0.2603713790012989,0.06271011299395468
WTM,10,tm,92.5,0.2509597919997759,0.06251445099769626
WTM,11,tm,92.77,0.2525292649952462,0.06254678900586441
WTM,12,tm,93.01,0.25139060599030927,0.06277323300309945
WTM,13,tm,91.58,0.253588134990423,0.0617553490010323
WTM,14,tm,92.92,0.24563271198712755,0.061132549002650194
WTM,15,tm,92.86999999999999,0.25731180000002496,0.06347626399656292
WTM,16,tm,93.17999999999999,0.2559041999920737,0.0632521049992647
WTM,17,tm,93.54,0.24743648500589188,0.06028416400658898
WTM,18,tm,93.67999999999999,0.24309135500516277,0.06181565599399619
WTM,19,tm,93.10000000000001,0.24859259200457018,0.06454707200464327
WTM,20,tm,93.69,0.24887737199605908,0.06317675900936592
WTM,21,tm,93.35,0.24074905399174895,0.05880411199177615
WTM,22,tm,93.44,0.24772806999681052,0.06259088699880522
WTM,23,tm,93.92,0.24011115099710878,0.06300511700101197
WTM,24,tm,93.08999999999999,0.24525272499886341,0.06247350000194274
WTM,25,tm,93.55,0.24378184499801137,0.06328437899355777
WTM,26,tm,92.66,0.24530817600316368,0.061706403008429334
WTM,27,tm,93.13,0.2356660999939777,0.06237777900241781
WTM,28,tm,92.44,0.246936306997668,0.06236075499327853
WTM,29,tm,93.17,0.24594817499746569,0.06314801100234035
WTM,30,tm,93.0,0.24380561399448197,0.06306716900144238
WTM,31,tm,93.12,0.2422246429923689,0.061438044998794794
WTM,32,tm,92.25999999999999,0.2456798289931612,0.06268169400573242
WTM,33,tm,92.83,0.2409449940023478,0.0614819600014016
WTM,34,tm,93.92,0.23484423500485718,0.05842100299196318
WTM,35,tm,93.10000000000001,0.24392745101067703,0.06330008199438453
WTM,36,tm,92.11,0.24367028501001187,0.06352220299595501
WTM,37,tm,93.28999999999999,0.23497507099818904,0.06097954399592709
WTM,38,tm,92.9,0.24023223599942867,0.0637767750013154
WTM,39,tm,92.93,0.236294664995512,0.062067415987257846
WTM,40,tm,93.49,0.24505169999611098,0.06277607301308308
WTM,41,tm,93.17999999999999,0.2314542700041784,0.06329179499880411
WTM,42,tm,91.86999999999999,0.2402723630075343,0.06058445500093512
WTM,43,tm,93.26,0.23073166199901607,0.061467970997910015
WTM,44,tm,92.41,0.24097192400950007,0.06286962601006962
WTM,45,tm,92.99,0.2385075060010422,0.061703585990471765
WTM,46,tm,92.4,0.24528853500669356,0.06367637800576631
WTM,47,tm,93.41000000000001,0.24455888499505818,0.06483493100677151
WTM,48,tm,93.51,0.23744276199431624,0.06322257401188836
WTM,49,tm,93.12,0.23535790499590803,0.061910421994980425
WTM,50,tm,93.72,0.2352088210027432,0.06418444900191389
WTM,51,tm,93.49,0.23553751700092107,0.06088391499361023
WTM,52,tm,92.47,0.2404965909954626,0.06337762899056543
WTM,53,tm,93.42,0.2449875899910694,0.06463964699651115
WTM,54,tm,92.97999999999999,0.2391804760118248,0.0631354640063364
WTM,55,tm,93.53,0.2365048770006979,0.06265537701256108
WTM,56,tm,93.07,0.23230778799916152,0.06194465000589844
WTM,57,tm,93.89,0.23671317999833263,0.0621400999953039
WTM,58,tm,92.47999999999999,0.24109756600228138,0.06476977000420447
WTM,59,tm,93.61,0.23677382900496013,0.06413550299475901
WTM,60,tm,92.95,0.2432818219967885,0.0623213569924701
WTM,61,tm,94.15,0.24294662399915978,0.060584709004615434
WTM,62,tm,93.30000000000001,0.23676929700013716,0.062415765001787804
WTM,63,tm,93.56,0.23510858799272683,0.06289985399052966
WTM,64,tm,93.74,0.23913232199265622,0.064981435003574
WTM,65,tm,93.4,0.22838786100328434,0.06212981299904641
WTM,66,tm,93.91000000000001,0.23828896498889662,0.0630756280006608
WTM,67,tm,93.2,0.2381127219996415,0.06399821999366395
WTM,68,tm,93.75,0.23543993599014357,0.0634826739988057
WTM,69,tm,93.22,0.2353801029967144,0.06209835001209285
WTM,70,tm,93.61,0.24295477698615286,0.06261980500130448
WTM,71,tm,92.86999999999999,0.231902227998944,0.0628094560088357
WTM,72,tm,92.92,0.23278706999553833,0.06361901099444367
WTM,73,tm,92.91,0.23601749500085134,0.06226811899978202
WTM,74,tm,94.02000000000001,0.23380025698861573,0.06067983200773597
WTM,75,tm,94.31,0.23370846699981485,0.06366584698844235
WTM,76,tm,92.56,0.23274188900541048,0.06273281099856831
WTM,77,tm,93.53,0.24414310800784733,0.06317393200879451
WTM,78,tm,93.86,0.2342814180010464,0.06284181200317107
WTM,79,tm,93.58999999999999,0.23833311900671106,0.0664242210041266
WTM,80,tm,93.92,0.23145635999389924,0.0637474990071496
WTM,81,tm,93.65,0.23662414800492115,0.06253720699169207
WTM,82,tm,93.46,0.2406767099892022,0.06388806199538521
WTM,83,tm,92.25,0.22854304799693637,0.06754634100070689
WTM,84,tm,92.67999999999999,0.2356993340072222,0.06272414299019147
WTM,85,tm,93.14,0.2385698849975597,0.06361657798697706
WTM,86,tm,93.56,0.2309104220039444,0.06314811900665518
WTM,87,tm,93.05,0.22264954600541387,0.06196500000078231
WTM,88,tm,93.7,0.23940401199797634,0.06414954600040801
WTM,89,tm,94.76,0.22651999100344256,0.06185660600021947
WTM,90,tm,93.57,0.24005867500090972,0.062192252997192554
WTM,91,tm,93.47,0.22962740599177778,0.05825693400402088
WTM,92,tm,92.08,0.23013454298779834,0.06427106600312982
WTM,93,tm,93.10000000000001,0.2322787029988831,0.06427246300154366
WTM,94,tm,93.99,0.23924513500242028,0.062166201998479664
WTM,95,tm,93.95,0.23642995799309574,0.06469093699706718
WTM,96,tm,93.30000000000001,0.23256243798823562,0.06231431900232565
WTM,97,tm,92.62,0.23382502800086513,0.06407652799680363
WTM,98,tm,93.19,0.23631579699576832,0.06368798900803085
WTM,99,tm,93.38,0.23405373099376447,0.0646696490002796
WTM,100,tm,93.10000000000001,0.23655123199569061,0.06477451301179826
WTM,101,tm,92.5,0.23402650200296193,0.0628410449862713
WTM,102,tm,92.58999999999999,0.23987029600539245,0.062282732003950514
WTM,103,tm,93.39,0.2307924689957872,0.062146829994162545
WTM,104,tm,93.25,0.2298789609922096,0.061301754001760855
WTM,105,tm,93.62,0.22928201900504064,0.05896512800245546
WTM,106,tm,93.94,0.24572496800101362,0.06158419398707338
WTM,107,tm,93.56,0.23678820100030862,0.062322443001903594
WTM,108,tm,92.28,0.22796978399856016,0.06393637000292074
WTM,109,tm,93.26,0.23355357699620072,0.06274639800540172
WTM,110,tm,93.30000000000001,0.23110739499679767,0.0628979250031989
WTM,111,tm,92.28,0.23774458200205117,0.06214850599644706
WTM,112,tm,93.17999999999999,0.22911200500675477,0.06291290100489277
WTM,113,tm,92.7,0.2345969530142611,0.062402335010119714
WTM,114,tm,92.78,0.2306557549891295,0.06178490800084546
WTM,115,tm,94.17,0.23297577700577676,0.06304925501171965
WTM,116,tm,93.78,0.23430127699975856,0.06227671800297685
WTM,117,tm,92.84,0.22805118399264757,0.06268897600239143
WTM,118,tm,94.06,0.22754539600282442,0.06206584500614554
WTM,119,tm,93.95,0.2353647970012389,0.06489484899793752
WTM,120,tm,93.87,0.23757909599225968,0.0625880750012584
WTM,121,tm,93.12,0.23427231099049095,0.06362613898818381
WTM,122,tm,93.26,0.23427439099759795,0.060062307995394804
WTM,123,tm,93.17999999999999,0.2317618140077684,0.06180918499012478
WTM,124,tm,94.82000000000001,0.22822776201064698,0.0625225530093303
WTM,125,tm,93.86,0.2290204629971413,0.062417834997177124
WTM,126,tm,93.49,0.23863707900454756,0.06163728699903004
WTM,127,tm,93.88,0.23455992199887987,0.060989678007899784
WTM,128,tm,94.23,0.23137687500275206,0.06399551199865527
WTM,129,tm,93.97999999999999,0.23049909601104446,0.06262186000822112
WTM,130,tm,94.27,0.24950035000802018,0.06247801199788228
WTM,131,tm,93.99,0.23223329600295983,0.0620907209959114
WTM,132,tm,93.78,0.2324905009882059,0.06277848200988956
WTM,133,tm,93.37,0.22895123400667217,0.06200137399719097
WTM,134,tm,93.4,0.23124333799933083,0.06271445399033837
WTM,135,tm,93.58999999999999,0.22665358400263358,0.06260656799713615
WTM,136,tm,91.84,0.23525728700042237,0.06131836099666543
WTM,137,tm,93.54,0.2382403919909848,0.06180146700353362
WTM,138,tm,94.06,0.23263965200749226,0.06190389500989113
WTM,139,tm,93.08,0.23265561000152957,0.061914381993119605
WTM,140,tm,93.60000000000001,0.22529646501061507,0.06177830800879747
WTM,141,tm,92.54,0.24201905001245905,0.06311364599969238
WTM,142,tm,94.63000000000001,0.2289500670012785,0.06233779799367767
WTM,143,tm,94.39999999999999,0.238890551001532,0.06305833499936853
WTM,144,tm,93.91000000000001,0.2360940790094901,0.06482573199900798
WTM,145,tm,93.87,0.2313344930007588,0.06288616900565103
WTM,146,tm,93.06,0.2248828739975579,0.06255634198896587
WTM,147,tm,93.5,0.2262228729960043,0.06155837498954497
WTM,148,tm,93.37,0.22754220299248118,0.06815279200964142
WTM,149,tm,93.49,0.2308364090131363,0.06260000901238527
WTM,150,tm,94.04,0.22883474499394652,0.061092378993635066
WTM,151,tm,93.75,0.23300553899025545,0.062382778007304296
WTM,152,tm,94.19,0.22472247599216644,0.06323498699930497
WTM,153,tm,93.77,0.2320592409960227,0.06180698900425341
WTM,154,tm,94.38,0.22823222700390033,0.06244318500102963
WTM,155,tm,93.43,0.23099196700786706,0.062139141009538434
WTM,156,tm,92.85,0.23045329199521802,0.06187895098992158
WTM,157,tm,92.53,0.2277445719955722,0.06147833599243313
WTM,158,tm,93.88,0.2359666889969958,0.06271085899788886
WTM,159,tm,94.28999999999999,0.22332793899113312,0.06116348798968829
WTM,160,tm,93.85,0.23181979299988598,0.06213973199191969
WTM,161,tm,93.07,0.22759942500852048,0.06211391200486105
WTM,162,tm,92.47,0.22916290699504316,0.06342760799452662
WTM,163,tm,93.73,0.22544934299367014,0.06644783999945503
WTM,164,tm,93.82000000000001,0.23697546699258965,0.06234635799773969
WTM,165,tm,93.8,0.23355754499789327,0.061677510995650664
WTM,166,tm,93.66,0.23547158799192403,0.06456650300242472
WTM,167,tm,93.12,0.23320642301405314,0.06192650100274477
WTM,168,tm,94.17,0.23005285099497996,0.06358299500425346
WTM,169,tm,93.67999999999999,0.23482597299152985,0.06301763400551863
WTM,170,tm,94.05,0.2257610700035002,0.06180046500230674
WTM,171,tm,92.88,0.230507928004954,0.06179836999217514
WTM,172,tm,93.5,0.23880711699894164,0.06355005101067945
WTM,173,tm,93.28,0.23517599000479095,0.061898400002974086
WTM,174,tm,94.36,0.22974930600321386,0.061998379009310156
WTM,175,tm,93.61,0.23145359099726193,0.05940791500324849
WTM,176,tm,93.25,0.22647430100187194,0.06332286300312262
WTM,177,tm,93.78,0.2291057200054638,0.06244465299823787
WTM,178,tm,93.55,0.23849753000831697,0.06278265599394217
WTM,179,tm,93.05,0.23505197098711506,0.06306594698980916
WTM,180,tm,93.67999999999999,0.22591157900751568,0.06228352499601897
WTM,181,tm,93.97999999999999,0.22723743799724616,0.06273772999702487
WTM,182,tm,93.49,0.2291548430075636,0.06673112000862602
WTM,183,tm,93.73,0.22858725101104937,0.06294102499668952
WTM,184,tm,94.06,0.24053083200124092,0.06671678498969413
WTM,185,tm,94.24,0.23217394000675995,0.0663124959974084
WTM,186,tm,93.74,0.23289543100690935,0.06281161100196186
WTM,187,tm,94.19,0.22785486798966303,0.06263172600301914
WTM,188,tm,93.52000000000001,0.23348275599710178,0.06241752400819678
WTM,189,tm,94.14,0.2302152400079649,0.0608739929884905
WTM,190,tm,94.04,0.2307953279960202,0.06467771000461653
WTM,191,tm,93.11,0.2341336359968409,0.06307756599562708
WTM,192,tm,93.78999999999999,0.23779512599867303,0.061796381007297896
WTM,193,tm,93.85,0.2372760720027145,0.06376407899369951
WTM,194,tm,94.25,0.23246758201275952,0.06331794899597298
WTM,195,tm,93.62,0.22986040900286753,0.0628148279938614
WTM,196,tm,93.37,0.23365446800016798,0.062247421010397375
WTM,197,tm,93.65,0.22722704699845053,0.06568389700260013
WTM,198,tm,93.7,0.2348737779975636,0.06183910999970976
WTM,199,tm,93.94,0.2291585450002458,0.06258517100650351
WTM,200,tm,93.89,0.24679003599158023,0.06418937700800598
WTM,201,tm,92.93,0.23409019999962766,0.06367003099876456
WTM,202,tm,93.25,0.23503385500225704,0.06279530600295402
WTM,203,tm,93.71000000000001,0.2277622380061075,0.06237768000573851
WTM,204,tm,93.54,0.23504652798874304,0.06405262400221545
WTM,205,tm,93.82000000000001,0.22909064599662088,0.06395483699452598
WTM,206,tm,92.41,0.22884010500274599,0.06399147800402716
WTM,207,tm,93.82000000000001,0.23914686100033578,0.06374630199570674
WTM,208,tm,93.62,0.2300115229882067,0.06277151999529451
WTM,209,tm,93.33,0.2273487789934734,0.06340517300122883
WTM,210,tm,93.61,0.23666454500926193,0.06347114600066561
WTM,211,tm,93.04,0.22533874100190587,0.06364371300151106
WTM,212,tm,92.65,0.23760729499917943,0.0635766390041681
WTM,213,tm,93.56,0.22375787599594332,0.06297193400678225
WTM,214,tm,93.36,0.23259022299316712,0.06361723299778532
WTM,215,tm,93.93,0.22628920200804714,0.06315705699671526
WTM,216,tm,93.69,0.23745036098989658,0.06279418199846987
WTM,217,tm,93.71000000000001,0.22680128300271463,0.06182809598976746
WTM,218,tm,92.75999999999999,0.22896303101151716,0.0646399749966804
WTM,219,tm,93.62,0.22838484300882556,0.06348893800168298
WTM,220,tm,93.92,0.23133660400344525,0.06224876300257165
WTM,221,tm,93.33,0.23103657200408634,0.061817859997972846
WTM,222,tm,93.53,0.2313098050071858,0.062147832999471575
WTM,223,tm,93.42,0.2282029740017606,0.061814657994545996
WTM,224,tm,93.74,0.22777951399621088,0.062170986988348886
WTM,225,tm,94.48,0.22813896099978592,0.06128465601068456
WTM,226,tm,94.04,0.22783514398906846,0.06241189500724431
WTM,227,tm,93.61,0.22986923600547016,0.06195323799329344
WTM,228,tm,94.17,0.23216079000849277,0.062003854996874
WTM,229,tm,93.92,0.23057377099758014,0.06167210800049361
WTM,230,tm,93.08999999999999,0.22715303899894934,0.060429311997722834
WTM,231,tm,93.08,0.22937540100247134,0.06391010100196581
WTM,232,tm,93.57,0.22796117200050503,0.062133312996593304
WTM,233,tm,93.38,0.22685467699193396,0.06138523299887311
WTM,234,tm,93.58999999999999,0.2286665110004833,0.06209926199517213
WTM,235,tm,93.97,0.23216078900441062,0.06256825300806668
WTM,236,tm,94.39,0.2297680310002761,0.06285810700501315
WTM,237,tm,94.05,0.22234738600673154,0.062271372007671744
WTM,238,tm,94.08999999999999,0.22949165898899082,0.06423893199826125
WTM,239,tm,94.05,0.23675729900423903,0.06351228899438865
WTM,240,tm,92.97999999999999,0.22752816499269102,0.06318882400228176
WTM,241,tm,93.4,0.23475210600008722,0.06139445300505031
WTM,242,tm,93.01,0.23153893499693368,0.06444780599849764
WTM,243,tm,93.7,0.2302420659980271,0.06198909900558647
WTM,244,tm,94.19,0.2269674940034747,0.061763483012327924
WTM,245,tm,92.29,0.2334300709917443,0.06317737700010184
WTM,246,tm,94.34,0.22875960099918302,0.0630310289998306
WTM,247,tm,94.05,0.23234957399836276,0.0625999000039883
WTM,248,tm,93.66,0.2214659300079802,0.0700465670088306
WTM,249,tm,93.33,0.23628712999925483,0.06222630199044943
WTM,250,tm,93.23,0.22908657799416687,0.06327036599395797
WTM,251,tm,94.08999999999999,0.23098493299039546,0.06309424100618344
WTM,252,tm,93.38,0.23273053098819219,0.06338717599282973
WTM,253,tm,93.16,0.23554058800800703,0.06469748099334538
WTM,254,tm,93.51,0.23207967200141866,0.06279770900437143
WTM,255,tm,93.66,0.2369891600101255,0.0628091229882557
WTM,256,tm,93.16,0.23950732599769253,0.06245054899773095
WTM,257,tm,93.67,0.22905371099477634,0.06140900000173133
WTM,258,tm,92.75,0.2298969749972457,0.0626044950040523
WTM,259,tm,93.14,0.23304272000677884,0.06132278199947905
WTM,260,tm,93.28999999999999,0.22623831398959737,0.06364767599734478
WTM,261,tm,93.26,0.224906795003335,0.06244466299540363
WTM,262,tm,94.21000000000001,0.22601386600581463,0.061116094002500176
WTM,263,tm,93.87,0.2377321639942238,0.06509036000352353
WTM,264,tm,93.76,0.2349209480016725,0.06606869399547577
WTM,265,tm,93.4,0.2399299329990754,0.06378270999994129
WTM,266,tm,94.39999999999999,0.22269111400237307,0.06186690500180703
WTM,267,tm,94.3,0.23352315698866732,0.06246451899642125
WTM,268,tm,93.24,0.24001299000519793,0.06341076800890733
WTM,269,tm,93.13,0.23309492399857845,0.06334622699068859
WTM,270,tm,93.65,0.2386245790112298,0.06333408701175358
WTM,271,tm,94.64,0.23294062999775633,0.06377575101214461
WTM,272,tm,92.95,0.23686261400871444,0.06258855199848767
WTM,273,tm,93.39,0.22786942600214388,0.0632127809949452
WTM,274,tm,94.03,0.22896394900453743,0.06172521199914627
WTM,275,tm,93.28999999999999,0.2241165169980377,0.061908128001959994
WTM,276,tm,94.31,0.237516480992781,0.06366433898801915
WTM,277,tm,92.75999999999999,0.2325232100120047,0.06256877499981783
WTM,278,tm,93.58999999999999,0.22966643900144845,0.06231744399701711
WTM,279,tm,93.82000000000001,0.22891988699848298,0.0633354040037375
WTM,280,tm,94.48,0.2267934520059498,0.062266572000226006
WTM,281,tm,93.15,0.22779932100092992,0.06307570799253881
WTM,282,tm,93.30000000000001,0.2265105310070794,0.06247634399915114
WTM,283,tm,94.24,0.2349441919941455,0.06445726800302509
WTM,284,tm,94.02000000000001,0.24284369200177025,0.06428737800160889
WTM,285,tm,93.34,0.22655610099900514,0.06320165700162761
WTM,286,tm,93.71000000000001,0.23219163800240494,0.06179064699972514
WTM,287,tm,93.71000000000001,0.227827768001589,0.062063240009592846
WTM,288,tm,93.76,0.23003247000451665,0.06260138600191567
WTM,289,tm,93.66,0.23304183401342016,0.0635747890046332
WTM,290,tm,93.95,0.23041796800680459,0.06403050699736923
WTM,291,tm,94.25,0.23020420499960892,0.06187073000182863
WTM,292,tm,93.71000000000001,0.23190814899862744,0.06317497500276659
WTM,293,tm,93.97999999999999,0.23496943099598866,0.06362794300366659
WTM,294,tm,93.89,0.22931738800252788,0.061728801010758616
WTM,295,tm,93.77,0.23038114499649964,0.06315056300081778
WTM,296,tm,93.75,0.22757216599711683,0.06046314799459651
WTM,297,tm,93.97,0.23066940400167368,0.06369872800132725
WTM,298,tm,93.78,0.239580160996411,0.06226657298975624
WTM,299,tm,94.17999999999999,0.2294378630031133,0.06296978599857539
WTM,300,tm,93.84,0.22902472798887175,0.06420537398662418
WTM,301,tm,93.72,0.23320383099780884,0.06297440899652429
WTM,302,tm,93.56,0.22955702200124506,0.06293516998994164
WTM,303,tm,94.19,0.22656730000744574,0.06370313800289296
WTM,304,tm,94.08999999999999,0.23377573500329163,0.06347186600032728
WTM,305,tm,94.01,0.2343933069932973,0.0626198009995278
WTM,306,tm,93.45,0.2324593750090571,0.06361791500239633
WTM,307,tm,93.03,0.23499616399931256,0.06298363700625487
WTM,308,tm,95.03,0.23250454499793705,0.06307102699065581
WTM,309,tm,92.57,0.22791370100458153,0.06217591499444097
WTM,310,tm,93.56,0.22977697500027716,0.06281789200147614
WTM,311,tm,92.94,0.23155914100061636,0.06363896800030489
WTM,312,tm,91.25999999999999,0.2334958230057964,0.0645419700013008
WTM,313,tm,92.78999999999999,0.2255187460104935,0.06277564700576477
WTM,314,tm,93.07,0.2298832369997399,0.06247850999352522
WTM,315,tm,93.42,0.23507985299511347,0.06131722099962644
WTM,316,tm,93.67999999999999,0.2285309910075739,0.06043632500222884
WTM,317,tm,93.04,0.23310119500092696,0.05909380600496661
WTM,318,tm,93.65,0.2364846259879414,0.06307381999795325
WTM,319,tm,92.95,0.23352470800455194,0.06005483100307174
WTM,320,tm,93.25,0.2271921210049186,0.0627128839987563
WTM,321,tm,93.08,0.22954815199773293,0.06362400999933016
WTM,322,tm,93.72,0.23473345300590154,0.06443886300257873
WTM,323,tm,93.91000000000001,0.23384052199253347,0.06476721500803251
WTM,324,tm,94.22,0.22896898799808696,0.0617844959924696
WTM,325,tm,93.7,0.23228423000546172,0.06289439200190827
WTM,326,tm,93.58,0.23172460700152442,0.06375831799232401
WTM,327,tm,93.10000000000001,0.2295710939943092,0.06462017601006664
WTM,328,tm,93.8,0.23091835000377614,0.06407537699851673
WTM,329,tm,94.37,0.23326334900048096,0.0627214330015704
WTM,330,tm,94.39,0.22307920300227124,0.0609701520006638
WTM,331,tm,93.47999999999999,0.23901241799467243,0.062173739992431365
WTM,332,tm,92.60000000000001,0.22791133999999147,0.0642208950011991
WTM,333,tm,93.10000000000001,0.2336736270081019,0.06307401199592277
WTM,334,tm,92.46,0.2257634510024218,0.06414126000890974
WTM,335,tm,93.24,0.232419112988282,0.06403846199100371
WTM,336,tm,93.8,0.23020373399776872,0.061915584999951534
WTM,337,tm,94.03,0.23076814800151624,0.06308262700622436
WTM,338,tm,93.33,0.22748668100393843,0.062338425996131264
WTM,339,tm,93.58999999999999,0.23405642600846477,0.06310737700550817
WTM,340,tm,92.9,0.23155862699786667,0.06201287900330499
WTM,341,tm,93.58,0.22997638299420942,0.06270867200510111
WTM,342,tm,93.76,0.22937242800253443,0.05900021400884725
WTM,343,tm,93.73,0.22656329299206845,0.06262154199066572
WTM,344,tm,93.91000000000001,0.2223828200076241,0.06330468399391975
WTM,345,tm,93.41000000000001,0.22815333999460563,0.0627153040113626
WTM,346,tm,92.60000000000001,0.22591444000136107,0.0620469029963715
WTM,347,tm,92.78999999999999,0.23706385199329816,0.06252062400744762
WTM,348,tm,93.71000000000001,0.22655678300361615,0.06332541700976435
WTM,349,tm,92.41,0.22969443698821124,0.0637794060021406
WTM,350,tm,94.11,0.2308965879929019,0.06271403699065559
WTM,351,tm,93.97999999999999,0.2279803340061335,0.06139819799864199
WTM,352,tm,94.1,0.23479466600110754,0.06320057099219412
WTM,353,tm,94.25,0.23351650500262622,0.06161333899945021
WTM,354,tm,93.39,0.24124263199337292,0.06299534300342202
WTM,355,tm,93.46,0.23382335099449847,0.06361721699067857
WTM,356,tm,93.86,0.22603741099010222,0.06264331100101117
WTM,357,tm,93.62,0.23311452400230337,0.06323845000588335
WTM,358,tm,94.23,0.23371720599243417,0.06452087899378967
WTM,359,tm,93.08999999999999,0.23060208500828594,0.060449527998571284
WTM,360,tm,93.44,0.22664847499981988,0.06187190499622375
WTM,361,tm,93.57,0.23883037301129662,0.06284040099126287
WTM,362,tm,93.99,0.23149324400583282,0.06244021299062297
WTM,363,tm,93.38,0.23112068999034818,0.06158500400488265
WTM,364,tm,93.93,0.2271453430003021,0.06259261499508284
WTM,365,tm,94.25,0.22996343299746513,0.06203755899332464
WTM,366,tm,93.06,0.22611523300292902,0.06003533300827257
WTM,367,tm,93.49,0.22715543198864907,0.06265837099635974
WTM,368,tm,93.96,0.23497249999491032,0.06283535200054757
WTM,369,tm,93.21000000000001,0.2336705810012063,0.06487686099717394
WTM,370,tm,94.08999999999999,0.23099413899763022,0.06361571000888944
WTM,371,tm,93.67,0.23112232399580535,0.06338751698785927
WTM,372,tm,93.92,0.23239278899563942,0.06301864299166482
WTM,373,tm,94.36,0.23398330999771133,0.0620656829996733
WTM,374,tm,93.78,0.22941718398942612,0.06210672600718681
WTM,375,tm,93.36,0.23886132599727716,0.06206435400235932
WTM,376,tm,93.77,0.2287243720056722,0.0648653620010009
WTM,377,tm,94.21000000000001,0.23241795599460602,0.06225130100210663
WTM,378,tm,93.94,0.22735196999565233,0.06423460500082001
WTM,379,tm,92.58999999999999,0.2320790790108731,0.06266665599832777
WTM,380,tm,94.01,0.22735921299317852,0.06270873600442428
WTM,381,tm,93.33,0.23858987500716466,0.06269301200518385
WTM,382,tm,93.93,0.2403584999992745,0.06317529299121816
WTM,383,tm,94.28,0.2344862350000767,0.0620005829987349
WTM,384,tm,93.38,0.22502972000802401,0.06222494300163817
WTM,385,tm,93.42,0.23909287800779566,0.062075529000139795
WTM,386,tm,94.04,0.2277741409925511,0.06822321900108363
WTM,387,tm,93.28,0.22807823700713925,0.06360158699681051
WTM,388,tm,93.93,0.22495580399117898,0.0625297060032608
WTM,389,tm,93.77,0.2347598650085274,0.0630406470008893
WTM,390,tm,92.96,0.23608783099916764,0.0654418719932437
WTM,391,tm,94.12,0.2298934550053673,0.06976848100021016
WTM,392,tm,93.91000000000001,0.23918483199668117,0.061201047006761655
WTM,393,tm,93.08,0.23155240899359342,0.06325821900099982
WTM,394,tm,93.75,0.23057362499821465,0.06396769100683741
WTM,395,tm,93.41000000000001,0.22804736498801503,0.06250661100784782
WTM,396,tm,93.67,0.23520095000276342,0.062428136996459216
WTM,397,tm,94.08999999999999,0.23003590600274038,0.06246599899895955
WTM,398,tm,94.05,0.22823375499865506,0.0618758279888425
WTM,399,tm,93.41000000000001,0.2290519780071918,0.0607824049948249
WTM,400,tm,93.38,0.2333667869970668,0.0644365240004845
WTM,401,tm,93.78,0.23117054998874664,0.06241721300466452
WTM,402,tm,94.04,0.229057296004612,0.061513438005931675
WTM,403,tm,93.93,0.23092131099838298,0.06091407399799209
WTM,404,tm,94.27,0.227220375003526,0.06278291399939917
WTM,405,tm,93.52000000000001,0.23245968100673053,0.06337463700037915
WTM,406,tm,94.26,0.2245341579982778,0.062184717011405155
WTM,407,tm,93.66,0.22685369499959052,0.06360359099926427
WTM,408,tm,94.08999999999999,0.22515040999860503,0.06042922400229145
WTM,409,tm,93.71000000000001,0.2283622840041062,0.06219592700654175
WTM,410,tm,94.34,0.22988514200551435,0.06201021099695936
WTM,411,tm,94.03,0.22869506300776266,0.061744075996102765
WTM,412,tm,93.45,0.22678030499082524,0.06233215201064013
WTM,413,tm,93.54,0.2330167779873591,0.062279486999614164
WTM,414,tm,93.82000000000001,0.22489668100024574,0.0634980960021494
WTM,415,tm,94.16,0.22291753999888897,0.06416728299518581
WTM,416,tm,94.35,0.2381575509934919,0.062047694009379484
WTM,417,tm,94.23,0.2284857469931012,0.06462274900695775
WTM,418,tm,93.47999999999999,0.23710725600540172,0.06337145100405905
WTM,419,tm,93.75,0.24941348799620755,0.06275238799571525
WTM,420,tm,92.47999999999999,0.22729464901203755,0.0620888859994011
WTM,421,tm,94.06,0.22769148100633174,0.06331129198952112
WTM,422,tm,92.11,0.23017140199954156,0.06318073500005994
WTM,423,tm,93.01,0.23057677700126078,0.06379042300977744
WTM,424,tm,92.99,0.23504765098914504,0.0620360220054863
WTM,425,tm,94.02000000000001,0.2270065019984031,0.06250427699706051
WTM,426,tm,94.12,0.2248615809949115,0.0634672609885456
WTM,427,tm,94.03,0.22903121200215537,0.06449983999482356
WTM,428,tm,93.89,0.22774923501128796,0.06332321499940008
WTM,429,tm,94.08,0.23020471399649978,0.06363032999797724
WTM,430,tm,93.66,0.23008082999149337,0.06373155899927951
WTM,431,tm,93.49,0.2290626440080814,0.06656693799595814
WTM,432,tm,94.71000000000001,0.22692634000850376,0.06324268000025768
WTM,433,tm,93.44,0.23555028699047398,0.06363894099195022
WTM,434,tm,93.65,0.22735720899072476,0.061440707999281585
WTM,435,tm,93.99,0.2269929470057832,0.06242464699607808
WTM,436,tm,94.04,0.22801561999949627,0.063051033008378
WTM,437,tm,94.05,0.22419969900511205,0.06235368498892058
WTM,438,tm,93.66,0.22955530798935797,0.06186280799738597
WTM,439,tm,93.13,0.2249992309953086,0.06208395700377878
WTM,440,tm,93.63,0.22193208600219805,0.06297415000153705
WTM,441,tm,93.5,0.23350272799143568,0.06340711300435942
WTM,442,tm,93.54,0.23092793399700895,0.06290708199958317
WTM,443,tm,93.82000000000001,0.2252804610034218,0.06248924700776115
WTM,444,tm,93.86,0.23350519000086933,0.061176921997684985
WTM,445,tm,92.99,0.23226135000004433,0.06309787099598907
WTM,446,tm,94.06,0.22515878999547567,0.06196318801084999
WTM,447,tm,93.95,0.23667109399684705,0.06412485300097615
WTM,448,tm,93.25,0.23033921200840268,0.06296097399899736
WTM,449,tm,93.74,0.23616648600727785,0.06314504500187468
WTM,450,tm,93.78,0.22879738100164104,0.06159830700198654
WTM,451,tm,93.60000000000001,0.22939073501038365,0.05825170500611421
WTM,452,tm,93.92,0.23428067099303007,0.06268579000607133
WTM,453,tm,93.08,0.2299377319868654,0.06287820599391125
WTM,454,tm,94.13,0.23155813400808256,0.062403749994700775
WTM,455,tm,93.44,0.22805179699207656,0.06335182799375616
WTM,456,tm,92.53,0.23488397899200208,0.06298883100680541
WTM,457,tm,93.44,0.2305596149963094,0.06401158799417317
WTM,458,tm,94.01,0.22849168599350378,0.06273929799499456
WTM,459,tm,93.28999999999999,0.22761217299557757,0.06263317899720278
WTM,460,tm,93.31,0.2295674649940338,0.06294126001012046
WTM,461,tm,93.36,0.2347408630012069,0.06175028999859933
WTM,462,tm,93.94,0.22960946999955922,0.06321231900074054
WTM,463,tm,94.22,0.2338766500033671,0.061684948988840915
WTM,464,tm,93.58999999999999,0.2385598580003716,0.06291938599315472
WTM,465,tm,93.92,0.2301755249936832,0.06263842299813405
WTM,466,tm,94.42,0.23759703199903015,0.06367499699990731
WTM,467,tm,93.86,0.2340816260111751,0.06431507799425162
WTM,468,tm,93.77,0.23093422199599445,0.06220643800043035
WTM,469,tm,94.27,0.23790778499096632,0.06408896000357345
WTM,470,tm,93.99,0.2368837190006161,0.06401353901310358
WTM,471,tm,94.17,0.23304763999476563,0.06285920398659073
WTM,472,tm,93.92,0.22987991399713792,0.060331351996865124
WTM,473,tm,94.17,0.22966035499121062,0.06262980699830223
WTM,474,tm,93.77,0.22629334199882578,0.0640339289966505
WTM,475,tm,94.04,0.22927392400742974,0.06238624300749507
WTM,476,tm,93.08,0.23026649600069504,0.06225337099749595
WTM,477,tm,93.17,0.22522063400538173,0.06177113200828899
WTM,478,tm,93.4,0.22862000598979648,0.062214749996201135
WTM,479,tm,94.15,0.22705175999726634,0.06209472700720653
WTM,480,tm,93.66,0.22771088300214615,0.06137988799309824
WTM,481,tm,93.17,0.23964257900661323,0.06296242200187407
WTM,482,tm,93.32000000000001,0.23365382400515955,0.06267973501235247
WTM,483,tm,93.81,0.22891581599833444,0.06290726400038693
WTM,484,tm,94.07,0.23883705299522262,0.06687523500295356
WTM,485,tm,93.46,0.2302016940084286,0.06279554500360973
WTM,486,tm,93.17999999999999,0.22787507400789764,0.06239265399926808
WTM,487,tm,93.30000000000001,0.2287347539968323,0.0641905070078792
WTM,488,tm,93.47999999999999,0.23215246699692216,0.06400856099207886
WTM,489,tm,93.22,0.23130375699838623,0.0632458770123776
WTM,490,tm,94.12,0.22546568399411626,0.06155303100240417
WTM,491,tm,93.97,0.22602216400264297,0.060422042006393895
WTM,492,tm,94.34,0.23299592100374866,0.06409256299957633
WTM,493,tm,94.19999999999999,0.2287292620021617,0.06278565899992827
WTM,494,tm,93.77,0.2257360749936197,0.06373158699716441
WTM,495,tm,93.73,0.23651653400156647,0.06256340601248667
WTM,496,tm,93.58,0.22584857100446243,0.062200424988986924
WTM,497,tm,92.36,0.2280526109971106,0.06273866500123404
WTM,498,tm,93.47,0.23270697699626908,0.06228919701243285
WTM,499,tm,93.45,0.22937932499917224,0.06306197300727945
WTM,500,tm,93.53,0.2255669639998814,0.0638303510058904
WTM-NN,1,tm,88.18,0.34804503299528733,0.061991733993636444
WTM-NN,2,tm,88.96,0.31168446500669234,0.06088818499119952
WTM-NN,3,tm,91.4,0.2847111250011949,0.06263804099580739
WTM-NN,4,tm,91.29,0.2739637960039545,0.06224942200060468
WTM-NN,5,tm,92.04,0.2745974770077737,0.061833350991946645
WTM-NN,6,tm,91.97,0.2644234980107285,0.06195161200594157
WTM-NN,7,tm,92.33,0.2645890310086543,0.06280296700424515
WTM-NN,8,tm,92.5,0.2558943109906977,0.06168735500250477
WTM-NN,9,tm,92.84,0.2603713790012989,0.06271011299395468
WTM-NN,10,tm,92.5,0.2509597919997759,0.06251445099769626
WTM-NN,11,tm,92.77,0.2525292649952462,0.06254678900586441
WTM-NN,12,tm,93.01,0.25139060599030927,0.06277323300309945
WTM-NN,13,tm,91.58,0.253588134990423,0.0617553490010323
WTM-NN,14,tm,92.92,0.24563271198712755,0.061132549002650194
WTM-NN,15,tm,92.86999999999999,0.25731180000002496,0.06347626399656292
WTM-NN,16,tm,93.17999999999999,0.2559041999920737,0.0632521049992647
WTM-NN,17,tm,93.54,0.24743648500589188,0.06028416400658898
WTM-NN,18,tm,93.67999999999999,0.24309135500516277,0.06181565599399619
WTM-NN,19,tm,93.10000000000001,0.24859259200457018,0.06454707200464327
WTM-NN,20,tm,93.69,0.24887737199605908,0.06317675900936592
WTM-NN,21,tm,93.35,0.24074905399174895,0.05880411199177615
WTM-NN,22,tm,93.44,0.24772806999681052,0.06259088699880522
WTM-NN,23,tm,93.92,0.24011115099710878,0.06300511700101197
WTM-NN,24,tm,93.08999999999999,0.24525272499886341,0.06247350000194274
WTM-NN,25,tm,93.55,0.24378184499801137,0.06328437899355777
WTM-NN,26,tm,92.66,0.24530817600316368,0.061706403008429334
WTM-NN,27,tm,93.13,0.2356660999939777,0.06237777900241781
WTM-NN,28,tm,92.44,0.246936306997668,0.06236075499327853
WTM-NN,29,tm,93.17,0.24594817499746569,0.06314801100234035
WTM-NN,30,tm,93.0,0.24380561399448197,0.06306716900144238
WTM-NN,31,tm,93.12,0.2422246429923689,0.061438044998794794
WTM-NN,32,tm,92.25999999999999,0.2456798289931612,0.06268169400573242
WTM-NN,33,tm,92.83,0.2409449940023478,0.0614819600014016
WTM-NN,34,tm,93.92,0.23484423500485718,0.05842100299196318
WTM-NN,35,tm,93.10000000000001,0.24392745101067703,0.06330008199438453
WTM-NN,36,tm,92.11,0.24367028501001187,0.06352220299595501
WTM-NN,37,tm,93.28999999999999,0.23497507099818904,0.06097954399592709
WTM-NN,38,tm,92.9,0.24023223599942867,0.0637767750013154
WTM-NN,39,tm,92.93,0.236294664995512,0.062067415987257846
WTM-NN,40,tm,93.49,0.24505169999611098,0.06277607301308308
WTM-NN,41,tm,93.17999999999999,0.2314542700041784,0.06329179499880411
WTM-NN,42,tm,91.86999999999999,0.2402723630075343,0.06058445500093512
WTM-NN,43,tm,93.26,0.23073166199901607,0.061467970997910015
WTM-NN,44,tm,92.41,0.24097192400950007,0.06286962601006962
WTM-NN,45,tm,92.99,0.2385075060010422,0.061703585990471765
WTM-NN,46,tm,92.4,0.24528853500669356,0.06367637800576631
WTM-NN,47,tm,93.41000000000001,0.24455888499505818,0.06483493100677151
WTM-NN,48,tm,93.51,0.23744276199431624,0.06322257401188836
WTM-NN,49,tm,93.12,0.23535790499590803,0.061910421994980425
WTM-NN,50,tm,93.72,0.2352088210027432,0.06418444900191389
WTM-NN,51,tm,93.49,0.23553751700092107,0.06088391499361023
WTM-NN,52,tm,92.47,0.2404965909954626,0.06337762899056543
WTM-NN,53,tm,93.42,0.2449875899910694,0.06463964699651115
WTM-NN,54,tm,92.97999999999999,0.2391804760118248,0.0631354640063364
WTM-NN,55,tm,93.53,0.2365048770006979,0.06265537701256108
WTM-NN,56,tm,93.07,0.23230778799916152,0.06194465000589844
WTM-NN,57,tm,93.89,0.23671317999833263,0.0621400999953039
WTM-NN,58,tm,92.47999999999999,0.24109756600228138,0.06476977000420447
WTM-NN,59,tm,93.61,0.23677382900496013,0.06413550299475901
WTM-NN,60,tm,92.95,0.2432818219967885,0.0623213569924701
WTM-NN,61,tm,94.15,0.24294662399915978,0.060584709004615434
WTM-NN,62,tm,93.30000000000001,0.23676929700013716,0.062415765001787804
WTM-NN,63,tm,93.56,0.23510858799272683,0.06289985399052966
WTM-NN,64,tm,93.74,0.23913232199265622,0.064981435003574
WTM-NN,65,tm,93.4,0.22838786100328434,0.06212981299904641
WTM-NN,66,tm,93.91000000000001,0.23828896498889662,0.0630756280006608
WTM-NN,67,tm,93.2,0.2381127219996415,0.06399821999366395
WTM-NN,68,tm,93.75,0.23543993599014357,0.0634826739988057
WTM-NN,69,tm,93.22,0.2353801029967144,0.06209835001209285
WTM-NN,70,tm,93.61,0.24295477698615286,0.06261980500130448
WTM-NN,71,tm,92.86999999999999,0.231902227998944,0.0628094560088357
WTM-NN,72,tm,92.92,0.23278706999553833,0.06361901099444367
WTM-NN,73,tm,92.91,0.23601749500085134,0.06226811899978202
WTM-NN,74,tm,94.02000000000001,0.23380025698861573,0.06067983200773597
WTM-NN,75,tm,94.31,0.23370846699981485,0.06366584698844235
WTM-NN,76,tm,92.56,0.23274188900541048,0.06273281099856831
WTM-NN,77,tm,93.53,0.24414310800784733,0.06317393200879451
WTM-NN,78,tm,93.86,0.2342814180010464,0.06284181200317107
WTM-NN,79,tm,93.58999999999999,0.23833311900671106,0.0664242210041266
WTM-NN,80,tm,93.92,0.23145635999389924,0.0637474990071496
WTM-NN,81,tm,93.65,0.23662414800492115,0.06253720699169207
WTM-NN,82,tm,93.46,0.2406767099892022,0.06388806199538521
WTM-NN,83,tm,92.25,0.22854304799693637,0.06754634100070689
WTM-NN,84,tm,92.67999999999999,0.2356993340072222,0.06272414299019147
WTM-NN,85,tm,93.14,0.2385698849975597,0.06361657798697706
WTM-NN,86,tm,93.56,0.2309104220039444,0.06314811900665518
WTM-NN,87,tm,93.05,0.22264954600541387,0.06196500000078231
WTM-NN,88,tm,93.7,0.23940401199797634,0.06414954600040801
WTM-NN,89,tm,94.76,0.22651999100344256,0.06185660600021947
WTM-NN,90,tm,93.57,0.24005867500090972,0.062192252997192554
WTM-NN,91,tm,93.47,0.22962740599177778,0.05825693400402088
WTM-NN,92,tm,92.08,0.23013454298779834,0.06427106600312982
WTM-NN,93,tm,93.10000000000001,0.2322787029988831,0.06427246300154366
WTM-NN,94,tm,93.99,0.23924513500242028,0.062166201998479664
WTM-NN,95,tm,93.95,0.23642995799309574,0.06469093699706718
WTM-NN,96,tm,93.30000000000001,0.23256243798823562,0.06231431900232565
WTM-NN,97,tm,92.62,0.23382502800086513,0.06407652799680363
WTM-NN,98,tm,93.19,0.23631579699576832,0.06368798900803085
WTM-NN,99,tm,93.38,0.23405373099376447,0.0646696490002796
WTM-NN,100,tm,93.10000000000001,0.23655123199569061,0.06477451301179826
WTM-NN,101,tm,92.5,0.23402650200296193,0.0628410449862713
WTM-NN,102,tm,92.58999999999999,0.23987029600539245,0.062282732003950514
WTM-NN,103,tm,93.39,0.2307924689957872,0.062146829994162545
WTM-NN,104,tm,93.25,0.2298789609922096,0.061301754001760855
WTM-NN,105,tm,93.62,0.22928201900504064,0.05896512800245546
WTM-NN,106,tm,93.94,0.24572496800101362,0.06158419398707338
WTM-NN,107,tm,93.56,0.23678820100030862,0.062322443001903594
WTM-NN,108,tm,92.28,0.22796978399856016,0.06393637000292074
WTM-NN,109,tm,93.26,0.23355357699620072,0.06274639800540172
WTM-NN,110,tm,93.30000000000001,0.23110739499679767,0.0628979250031989
WTM-NN,111,tm,92.28,0.23774458200205117,0.06214850599644706
WTM-NN,112,tm,93.17999999999999,0.22911200500675477,0.06291290100489277
WTM-NN,113,tm,92.7,0.2345969530142611,0.062402335010119714
WTM-NN,114,tm,92.78,0.2306557549891295,0.06178490800084546
WTM-NN,115,tm,94.17,0.23297577700577676,0.06304925501171965
WTM-NN,116,tm,93.78,0.23430127699975856,0.06227671800297685
WTM-NN,117,tm,92.84,0.22805118399264757,0.06268897600239143
WTM-NN,118,tm,94.06,0.22754539600282442,0.06206584500614554
WTM-NN,119,tm,93.95,0.2353647970012389,0.06489484899793752
WTM-NN,120,tm,93.87,0.23757909599225968,0.0625880750012584
WTM-NN,121,tm,93.12,0.23427231099049095,0.06362613898818381
WTM-NN,122,tm,93.26,0.23427439099759795,0.060062307995394804
WTM-NN,123,tm,93.17999999999999,0.2317618140077684,0.06180918499012478
WTM-NN,124,tm,94.82000000000001,0.22822776201064698,0.0625225530093303
WTM-NN,125,tm,93.86,0.2290204629971413,0.062417834997177124
WTM-NN,126,tm,93.49,0.23863707900454756,0.06163728699903004
WTM-NN,127,tm,93.88,0.23455992199887987,0.060989678007899784
WTM-NN,128,tm,94.23,0.23137687500275206,0.06399551199865527
WTM-NN,129,tm,93.97999999999999,0.23049909601104446,0.06262186000822112
WTM-NN,130,tm,94.27,0.24950035000802018,0.06247801199788228
WTM-NN,131,tm,93.99,0.23223329600295983,0.0620907209959114
WTM-NN,132,tm,93.78,0.2324905009882059,0.06277848200988956
WTM-NN,133,tm,93.37,0.22895123400667217,0.06200137399719097
WTM-NN,134,tm,93.4,0.23124333799933083,0.06271445399033837
WTM-NN,135,tm,93.58999999999999,0.22665358400263358,0.06260656799713615
WTM-NN,136,tm,91.84,0.23525728700042237,0.06131836099666543
WTM-NN,137,tm,93.54,0.2382403919909848,0.06180146700353362
WTM-NN,138,tm,94.06,0.23263965200749226,0.06190389500989113
WTM-NN,139,tm,93.08,0.23265561000152957,0.061914381993119605
WTM-NN,140,tm,93.60000000000001,0.22529646501061507,0.06177830800879747
WTM-NN,141,tm,92.54,0.24201905001245905,0.06311364599969238
WTM-NN,142,tm,94.63000000000001,0.2289500670012785,0.06233779799367767
WTM-NN,143,tm,94.39999999999999,0.238890551001532,0.06305833499936853
WTM-NN,144,tm,93.91000000000001,0.2360940790094901,0.06482573199900798
WTM-NN,145,tm,93.87,0.2313344930007588,0.06288616900565103
WTM-NN,146,tm,93.06,0.2248828739975579,0.06255634198896587
WTM-NN,147,tm,93.5,0.2262228729960043,0.06155837498954497
WTM-NN,148,tm,93.37,0.22754220299248118,0.06815279200964142
WTM-NN,149,tm,93.49,0.2308364090131363,0.06260000901238527
WTM-NN,150,tm,94.04,0.22883474499394652,0.061092378993635066
WTM-NN,151,nn,95.67,0.22069893599837087,0.0639534240035573
WTM-NN,152,nn,95.82000000000001,0.2711736149940407,0.0648693630064372
WTM-NN,153,nn,95.82000000000001,0.2208063420112012,0.06684019399108365
WTM-NN,154,nn,95.7,0.2210278870043112,0.06441161599650513
WTM-NN,155,nn,95.75,0.2206394450040534,0.06454811499861535
WTM-NN,156,nn,95.73,0.27196959900902584,0.0648330700059887
WTM-NN,157,nn,95.78999999999999,0.21523190700099804,0.06564038700889796
WTM-NN,158,nn,95.78,0.2228742949955631,0.06409793200145941
WTM-NN,159,nn,95.78999999999999,0.2221906179911457,0.06396821000089403
WTM-NN,160,nn,95.76,0.2164307969942456,0.06642031800583936
WTM-NN,161,nn,95.88,0.26984954900399316,0.0644118280033581
WTM-NN,162,nn,95.8,0.1983856110018678,0.06494152000232134
WTM-NN,163,nn,95.8,0.1988854950031964,0.06530467500851955
WTM-NN,164,nn,95.75,0.20205249098944478,0.06387588300276548
WTM-NN,165,nn,95.78,0.25980928700300865,0.06605989800300449
WTM-NN,166,nn,95.83,0.2179908800026169,0.0661103849997744
WTM-NN,167,nn,95.72,0.19906005899247248,0.062221660002251156
WTM-NN,168,nn,95.75,0.2090326590114273,0.06454480500542559
WTM-NN,169,nn,95.81,0.2541977049986599,0.06580936899990775
WTM-NN,170,nn,95.82000000000001,0.21879554500628728,0.06086933899496216
WTM-NN,171,nn,95.81,0.2012899660039693,0.0654724880005233
WTM-NN,172,nn,95.77,0.21640160799142905,0.06655785700422712
WTM-NN,173,nn,95.75,0.2667322659981437,0.06458357900555711
WTM-NN,174,nn,95.76,0.20785956901090685,0.0650841230090009
WTM-NN,175,nn,95.78999999999999,0.1979362590063829,0.06573789000685792
WTM-NN,176,nn,95.78,0.21678498999972362,0.06449286099814344
WTM-NN,177,nn,95.75,0.21683046000543982,0.06408025999553502
WTM-NN,178,nn,95.8,0.2669198820076417,0.06252763599331956
WTM-NN,179,nn,95.78,0.21635245700599626,0.06455210498825181
WTM-NN,180,nn,95.85000000000001,0.20219431900477502,0.06498979599564336
WTM-NN,181,nn,95.86,0.19891917999484576,0.06377134700596798
WTM-NN,182,nn,95.85000000000001,0.2602480519999517,0.06435158300155308
WTM-NN,183,nn,95.81,0.1947171799984062,0.0652375520003261
WTM-NN,184,nn,95.8,0.19533689098898321,0.06684215599671006
WTM-NN,185,nn,95.73,0.2122440240054857,0.06412720600201283
WTM-NN,186,nn,95.83,0.27045787300448865,0.06485340200015344
WTM-NN,187,nn,95.89,0.21906263098935597,0.06413372600218281
WTM-NN,188,nn,95.8,0.21902697799669113,0.06479062400467228
WTM-NN,189,nn,95.85000000000001,0.2170968680002261,0.0664397509972332
WTM-NN,190,nn,95.81,0.20262287301011384,0.06564077700022608
WTM-NN,191,nn,95.91,0.2683560550067341,0.06421301698719617
WTM-NN,192,nn,95.87,0.19404907598800492,0.06439624600170646
WTM-NN,193,nn,95.83,0.20370671000273433,0.06685190500866156
WTM-NN,194,nn,95.83,0.21142609100206755,0.0656733340001665
WTM-NN,195,nn,95.78999999999999,0.26129351800773293,0.06550185599189717
WTM-NN,196,nn,95.89,0.20034549898991827,0.06483055799617432
WTM-NN,197,nn,95.86,0.20271234400570393,0.06645214901072904
WTM-NN,198,nn,95.89999999999999,0.2128967129974626,0.06427180299942847
WTM-NN,199,nn,95.87,0.24818831399898045,0.06424070199136622
WTM-NN,200,nn,95.88,0.20463362599548418,0.06634226100868545
WTM-NN,201,nn,95.91,0.194136988997343,0.06273911500466056
WTM-NN,202,nn,95.93,0.19658015901222825,0.06467549900116865
WTM-NN,203,nn,95.89,0.2465192020026734,0.06644035999488551
WTM-NN,204,nn,95.93,0.19370600700494833,0.0662938360037515
WTM-NN,205,nn,95.88,0.19687534400145523,0.06617983400064986
WTM-NN,206,nn,95.92,0.196492175993626,0.06491555100365076
WTM-NN,207,nn,95.93,0.19429331399442162,0.06466388401167933
WTM-NN,208,nn,95.95,0.24882874298782554,0.06491624200134538
WTM-NN,209,nn,96.06,0.19448307799757458,0.06372578999435063
WTM-NN,210,nn,95.93,0.19867859399528243,0.06582999699458014
WTM-NN,211,nn,96.0,0.19448650699632708,0.06542085199907888
WTM-NN,212,nn,95.97,0.24663374599185772,0.061878862004959956
WTM-NN,213,nn,95.95,0.19584545599354897,0.06417994399089366
WTM-NN,214,nn,95.97,0.20956296400981955,0.0645879910007352
WTM-NN,215,nn,95.92,0.20924169500358403,0.06550147300004028
WTM-NN,216,nn,95.88,0.24619884698768146,0.06522742498782463
WTM-NN,217,nn,95.95,0.1977120340015972,0.0652644420042634
WTM-NN,218,nn,95.97,0.19463657500455156,0.06471008500375319
WTM-NN,219,nn,96.0,0.19435843601240776,0.06516788000590168
WTM-NN,220,nn,95.98,0.19683054499910213,0.06656405101239216
WTM-NN,221,nn,95.98,0.26408326500677504,0.06381807000434492
WTM-NN,222,nn,95.98,0.21385856201231945,0.0670107280020602
WTM-NN,223,nn,95.94,0.19471443300426472,0.06608029401104432
WTM-NN,224,nn,95.98,0.19444899099471513,0.06648805599252228
WTM-NN,225,nn,95.96000000000001,0.2462362869991921,0.06601908800075762
WTM-NN,226,nn,96.02000000000001,0.19495291900238954,0.06626625500211958
WTM-NN,227,nn,95.91,0.21285451999574434,0.06414580099226441
WTM-NN,228,nn,96.08,0.1963642990012886,0.0629364789929241
WTM-NN,229,nn,96.00999999999999,0.26948072599770967,0.06404213100904599
WTM-NN,230,nn,96.06,0.21356649600784294,0.06430512100632768
WTM-NN,231,nn,95.97,0.21841826899617445,0.06552637499407865
WTM-NN,232,nn,95.93,0.20521291899785865,0.06141341298643965
WTM-NN,233,nn,96.00999999999999,0.24485618200560566,0.0652487039915286
WTM-NN,234,nn,95.93,0.2013759089895757,0.06472814200969879
WTM-NN,235,nn,96.0,0.20437419800146017,0.06446656899061054
WTM-NN,236,nn,96.00999999999999,0.21723317800206132,0.06332965800538659
WTM-NN,237,nn,95.98,0.21438122499966994,0.06473875699157361
WTM-NN,238,nn,96.08,0.24760982100269757,0.0641910470003495
WTM-NN,239,nn,95.98,0.1950875070033362,0.06349128999863751
WTM-NN,240,nn,95.99,0.1935345030069584,0.06567266500496771
WTM-NN,241,nn,95.97,0.19499813800211996,0.06383613399520982
WTM-NN,242,nn,95.95,0.24857348699879367,0.06455324099806603
WTM-NN,243,nn,95.89999999999999,0.19422545800625812,0.06462588500289712
WTM-NN,244,nn,95.94,0.19446771500224713,0.06481394200818613
WTM-NN,245,nn,95.97,0.20623204301227815,0.06320894999953452
WTM-NN,246,nn,96.07,0.26895118100219406,0.06457621601293795
WTM-NN,247,nn,95.98,0.21837813200545497,0.06224073699559085
WTM-NN,248,nn,95.93,0.2197378560085781,0.0615119220019551
WTM-NN,249,nn,96.07,0.21824591599579435,0.06532100299955346
WTM-NN,250,nn,96.0,0.2690697979996912,0.06223670099279843
WTM-NN,251,nn,95.97,0.2131017689971486,0.06397694798943121
WTM-NN,252,nn,95.96000000000001,0.21120095701189712,0.06622903401148506
WTM-NN,253,nn,95.94,0.21043557999655604,0.06420687200443354
WTM-NN,254,nn,96.00999999999999,0.21552332300052512,0.06515890800801571
WTM-NN,255,nn,96.0,0.2689090549974935,0.06448570499196649
WTM-NN,256,nn,95.93,0.21914595099224243,0.06458462099544704
WTM-NN,257,nn,95.99,0.21801398700335994,0.06328519599628635
WTM-NN,258,nn,95.95,0.21389528800500557,0.06573791000118945
WTM-NN,259,nn,96.00999999999999,0.25854062399594113,0.06496617900847923
WTM-NN,260,nn,95.94,0.21374458500940818,0.06486042599135544
WTM-NN,261,nn,96.00999999999999,0.2176617290097056,0.06411016600031871
WTM-NN,262,nn,96.02000000000001,0.21702841999649536,0.06287137400067877
WTM-NN,263,nn,95.94,0.2688302430033218,0.06284369200875517
WTM-NN,264,nn,96.0,0.2170632490015123,0.06430932600051165
WTM-NN,265,nn,96.0,0.19542363400978502,0.06380176199309062
WTM-NN,266,nn,96.0,0.20877452699642163,0.0625716009963071
WTM-NN,267,nn,96.02000000000001,0.2499715909943916,0.06499482800427359
WTM-NN,268,nn,96.1,0.20512086199596524,0.06605716000194661
WTM-NN,269,nn,95.99,0.19981348000874277,0.06542857199383434
WTM-NN,270,nn,96.03,0.2143976119987201,0.06283146000350825
WTM-NN,271,nn,96.03,0.21812433100421913,0.06514091900316998
WTM-NN,272,nn,96.03,0.26909856699057855,0.06343636100064032
WTM-NN,273,nn,96.05,0.21300964598776773,0.06376673698832747
WTM-NN,274,nn,95.99,0.20539195800665766,0.06281857100839261
WTM-NN,275,nn,95.99,0.21766316299908794,0.06426376299350522
WTM-NN,276,nn,95.99,0.2582186750078108,0.0651133020000998
WTM-NN,277,nn,96.07,0.21036473399726674,0.06367961700016167
WTM-NN,278,nn,96.06,0.2015795319894096,0.06470161399920471
WTM-NN,279,nn,96.05,0.19396507300552912,0.06365291800466366
WTM-NN,280,nn,95.93,0.2476452179980697,0.06476998899597675
WTM-NN,281,nn,96.06,0.19736913200176787,0.06105284800287336
WTM-NN,282,nn,95.97,0.1943260270054452,0.06387431699840818
WTM-NN,283,nn,95.97,0.20653435599524528,0.06517776800319552
WTM-NN,284,nn,95.94,0.21731105500657577,0.0638055580056971
WTM-NN,285,nn,96.08,0.268490746995667,0.0650799799914239
WTM-NN,286,nn,96.02000000000001,0.2178950159868691,0.06332493500667624
WTM-NN,287,nn,96.02000000000001,0.204924730991479,0.06417115399381146
WTM-NN,288,nn,95.99,0.20438408500922378,0.0627010030002566
WTM-NN,289,nn,95.98,0.2684472219989402,0.06617537199053913
WTM-NN,290,nn,95.94,0.21930261999659706,0.06416646900470369
WTM-NN,291,nn,95.92,0.22069481399375945,0.06573823600774631
WTM-NN,292,nn,95.99,0.21745137899415568,0.06608755199704319
WTM-NN,293,nn,95.99,0.2690048200020101,0.06408774499141145
WTM-NN,294,nn,96.03,0.2193409680039622,0.064955611989717
WTM-NN,295,nn,95.95,0.19935552700189874,0.06366327199793886
WTM-NN,296,nn,95.99,0.2180680050078081,0.06437789800111204
WTM-NN,297,nn,96.00999999999999,0.2673044219991425,0.06370930500270333
WTM-NN,298,nn,96.06,0.21152273699408397,0.061701789003564045
WTM-NN,299,nn,95.99,0.21850863100553397,0.06106926000211388
WTM-NN,300,nn,95.98,0.2186587049945956,0.06399845299893059
WTM-NN,301,nn,96.08,0.21914697998727206,0.06428162498923484
WTM-NN,302,nn,95.97,0.26198586499958765,0.06275322899455205
WTM-NN,303,nn,96.03,0.20258020499022678,0.060883464000653476
WTM-NN,304,nn,95.98,0.21081621800840367,0.06425498200405855
WTM-NN,305,nn,96.00999999999999,0.21376499999314547,0.06632583600003272
WTM-NN,306,nn,96.03,0.2796087710012216,0.06761379800445866
WTM-NN,307,nn,96.00999999999999,0.2179777270066552,0.06191735599713866
WTM-NN,308,nn,95.92,0.21179236899479292,0.06556180799088906
WTM-NN,309,nn,95.96000000000001,0.21144474600441754,0.06485558400163427
WTM-NN,310,nn,96.05,0.26934611500473693,0.06503955399966799
WTM-NN,311,nn,96.03,0.21920053400390316,0.06488513499789406
WTM-NN,312,nn,95.94,0.21105270300176926,0.06526305300940294
WTM-NN,313,nn,96.02000000000001,0.21903774300881196,0.06519763100368436
WTM-NN,314,nn,96.02000000000001,0.21979749100864865,0.06500140100251883
WTM-NN,315,nn,96.02000000000001,0.2694981239910703,0.06540054100332782
WTM-NN,316,nn,96.04,0.21403037699928973,0.06542791800166015
WTM-NN,317,nn,95.97,0.1978162299928954,0.06432580499676988
WTM-NN,318,nn,96.03,0.196311751002213,0.06493803299963474
WTM-NN,319,nn,96.0,0.2640909229958197,0.06477386598999146
WTM-NN,320,nn,95.97,0.21771768099279143,0.06626433099154383
WTM-NN,321,nn,96.0,0.21631986400461756,0.06300227700558025
WTM-NN,322,nn,96.03,0.1959128540038364,0.06450461299391463
WTM-NN,323,nn,95.99,0.27125604001048487,0.06506749099935405
WTM-NN,324,nn,96.0,0.21850883000297472,0.06595306500094011
WTM-NN,325,nn,96.08,0.219301898003323,0.06493464499362744
WTM-NN,326,nn,95.99,0.2018566279875813,0.06410714799130801
WTM-NN,327,nn,96.04,0.272353895008564,0.06543510100163985
WTM-NN,328,nn,95.97,0.21797398099442944,0.06455104000633582
WTM-NN,329,nn,96.00999999999999,0.21459058199252468,0.062377582988119684
WTM-NN,330,nn,95.95,0.21483912400435656,0.06492936100403313
WTM-NN,331,nn,96.0,0.19561756199982483,0.06380259800062049
WTM-NN,332,nn,95.93,0.2451832170045236,0.06299883300380316
WTM-NN,333,nn,95.96000000000001,0.19779155499418266,0.0651627909974195
WTM-NN,334,nn,95.93,0.19388239399995655,0.06442673900164664
WTM-NN,335,nn,96.05,0.19401588299660943,0.06546034700295422
WTM-NN,336,nn,95.98,0.24911907999194227,0.06710580899380147
WTM-NN,337,nn,95.92,0.2162188700021943,0.06448155899124686
WTM-NN,338,nn,96.06,0.2002809500118019,0.06453367300855462
WTM-NN,339,nn,96.06,0.20378822898783255,0.06561281900212634
WTM-NN,340,nn,95.88,0.2740834680007538,0.06367946800310165
WTM-NN,341,nn,95.94,0.2187879819975933,0.06548678201215807
WTM-NN,342,nn,96.06,0.21900406200438738,0.06553956899733748
WTM-NN,343,nn,96.04,0.21926287999667693,0.06299160400521941
WTM-NN,344,nn,95.96000000000001,0.21584956301376224,0.06492493399127852
WTM-NN,345,nn,96.0,0.25133313400147017,0.06641255599970464
WTM-NN,346,nn,96.11,0.22195337900484446,0.06450166300055571
WTM-NN,347,nn,96.03,0.21866959999897517,0.0658495999959996
WTM-NN,348,nn,95.99,0.2174068299937062,0.06540441699326038
WTM-NN,349,nn,96.00999999999999,0.2698476270015817,0.06398093199823052
WTM-NN,350,nn,96.04,0.19961038099427242,0.0656289350008592
WTM-NN,351,nn,95.96000000000001,0.21778151900798548,0.06558114600193221
WTM-NN,352,nn,95.97,0.21344028000021353,0.06442370699369349
WTM-NN,353,nn,96.04,0.26673089900577907,0.06555441500677262
WTM-NN,354,nn,96.07,0.20144003999303095,0.06716508300451096
WTM-NN,355,nn,95.96000000000001,0.19710265399771743,0.06350844299595337
WTM-NN,356,nn,95.97,0.2118513500026893,0.06184930499875918
WTM-NN,357,nn,95.98,0.27310966499499045,0.06502746298792772
WTM-NN,358,nn,95.98,0.2158150890027173,0.06227242999011651
WTM-NN,359,nn,95.95,0.2104022309940774,0.06394237099448219
WTM-NN,360,nn,96.02000000000001,0.21031904099800158,0.06495460300357081
WTM-NN,361,nn,95.96000000000001,0.2065742720005801,0.06315873100538738
WTM-NN,362,nn,96.14,0.27002173000073526,0.06363733099715319
WTM-NN,363,nn,95.97,0.21762360200227704,0.06568735800101422
WTM-NN,364,nn,96.0,0.2221550649992423,0.06567560900293756
WTM-NN,365,nn,96.0,0.2188701989944093,0.06549222700414248
WTM-NN,366,nn,95.94,0.27847857600136194,0.063660603002063
WTM-NN,367,nn,95.98,0.21928982800454833,0.06434659799560905
WTM-NN,368,nn,96.02000000000001,0.19555771800514776,0.06427513000380713
WTM-NN,369,nn,96.03,0.21953146500163712,0.06469144200673327
WTM-NN,370,nn,96.04,0.253286911000032,0.06517299900588114
WTM-NN,371,nn,95.99,0.2147570090019144,0.06378744200628716
WTM-NN,372,nn,95.92,0.197633699994185,0.06195949501125142
WTM-NN,373,nn,95.99,0.21611604899226222,0.06512369999836665
WTM-NN,374,nn,96.03,0.22010492900153622,0.0654254969995236
WTM-NN,375,nn,95.99,0.26186495200090576,0.06504721799865365
WTM-NN,376,nn,96.04,0.21750009000243153,0.0659391140070511
WTM-NN,377,nn,95.92,0.2027450309979031,0.06544049899093807
WTM-NN,378,nn,96.0,0.19811787499929778,0.06413382598839235
WTM-NN,379,nn,95.94,0.2658593849919271,0.06563658200320788
WTM-NN,380,nn,96.02000000000001,0.21571290800056886,0.06464339600643143
WTM-NN,381,nn,95.98,0.21846246199856978,0.06590335301007144
WTM-NN,382,nn,95.94,0.198613086991827,0.06464156700531021
WTM-NN,383,nn,96.04,0.256136145995697,0.06549377400369849
WTM-NN,384,nn,96.04,0.19427318999078125,0.06609743999433704
WTM-NN,385,nn,95.99,0.21734668299905024,0.06544211599975824
WTM-NN,386,nn,95.96000000000001,0.20165600298787467,0.06528255199373234
WTM-NN,387,nn,96.05,0.2536003879940836,0.064369371990324
WTM-NN,388,nn,95.94,0.22195444199314807,0.0642457350040786
WTM-NN,389,nn,96.05,0.21967336699890438,0.06348847600747831
WTM-NN,390,nn,96.06,0.19474362199252937,0.06330051999248099
WTM-NN,391,nn,96.05,0.1964559409971116,0.06503729500400368
WTM-NN,392,nn,95.98,0.25036518900014926,0.06444175199430902
WTM-NN,393,nn,96.03,0.19440823000331875,0.06470185000216588
WTM-NN,394,nn,95.98,0.1945173429994611,0.06455023199669085
WTM-NN,395,nn,96.00999999999999,0.20166348898783326,0.064525184003287
WTM-NN,396,nn,96.06,0.25166591799643356,0.06579055399924982
WTM-NN,397,nn,96.0,0.19549285400717054,0.0657034659961937
WTM-NN,398,nn,95.98,0.19586985500063747,0.06546582998998929
WTM-NN,399,nn,96.08,0.1966906919988105,0.06453391899412964
WTM-NN,400,nn,95.97,0.2649474240024574,0.06413702599820681
WTM-NN,401,nn,95.99,0.2097655580000719,0.0634267919958802
WTM-NN,402,nn,96.09,0.1949189849983668,0.06539672899816651
WTM-NN,403,nn,95.95,0.20284921099664643,0.06334161100676283
WTM-NN,404,nn,96.03,0.2662237550102873,0.06350495001242962
WTM-NN,405,nn,96.00999999999999,0.21301074700022582,0.061217463997309096
WTM-NN,406,nn,95.97,0.21865719600464217,0.0639416760095628
WTM-NN,407,nn,96.00999999999999,0.21616119200189132,0.06472275899432134
WTM-NN,408,nn,96.0,0.1955265240103472,0.06494176801061258
WTM-NN,409,nn,96.0,0.24795203800022136,0.06484335199638736
WTM-NN,410,nn,96.0,0.20148350299859885,0.06427347200224176
WTM-NN,411,nn,96.08,0.19511530100135133,0.06121112700202502
WTM-NN,412,nn,95.92,0.19455826000194065,0.06257158999505918
WTM-NN,413,nn,96.06,0.2461762120074127,0.06427734199678525
WTM-NN,414,nn,96.04,0.19759646400052588,0.06432726899220143
WTM-NN,415,nn,96.06,0.19397548600682057,0.06567386999086011
WTM-NN,416,nn,96.0,0.1938596889958717,0.06451439800730441
WTM-NN,417,nn,95.92,0.24996590800583363,0.0634290099987993
WTM-NN,418,nn,96.05,0.19548029800353106,0.06224178300180938
WTM-NN,419,nn,95.89999999999999,0.19515838100051042,0.06444440499763004
WTM-NN,420,nn,96.07,0.19574383400322404,0.06216642199433409
WTM-NN,421,nn,95.93,0.1974811809923267,0.06233527100994252
WTM-NN,422,nn,96.03,0.2713480499951402,0.0652720509970095
WTM-NN,423,nn,96.0,0.21687108199694194,0.06501662600203417
WTM-NN,424,nn,96.03,0.2160282059921883,0.06504594699072186
WTM-NN,425,nn,96.02000000000001,0.2026007750100689,0.06431625501136295
WTM-NN,426,nn,96.07,0.2713055659987731,0.06513619399629533
WTM-NN,427,nn,96.05,0.19850038099684753,0.06449748000886757
WTM-NN,428,nn,95.93,0.19747359098982997,0.06367686999146827
WTM-NN,429,nn,96.05,0.2166587760002585,0.06372449499031063
WTM-NN,430,nn,96.00999999999999,0.2543352560023777,0.06464890099596232
WTM-NN,431,nn,96.00999999999999,0.20943474699743092,0.06395675499516074
WTM-NN,432,nn,95.93,0.20650589700380806,0.06411173001106363
WTM-NN,433,nn,95.96000000000001,0.2157600310019916,0.0651820140046766
WTM-NN,434,nn,96.0,0.2040351439936785,0.0628951779945055
WTM-NN,435,nn,96.06,0.27022318899980746,0.0642186770128319
WTM-NN,436,nn,95.96000000000001,0.2176960840006359,0.0643869429914048
WTM-NN,437,nn,95.93,0.21785989799536765,0.06431412399979308
WTM-NN,438,nn,96.05,0.21976764599094167,0.06452240300131962
WTM-NN,439,nn,95.95,0.2565848329977598,0.06443351399502717
WTM-NN,440,nn,96.0,0.21326862000569236,0.06486443099856842
WTM-NN,441,nn,95.95,0.19791180700121913,0.06438779100426473
WTM-NN,442,nn,96.00999999999999,0.21435191700584255,0.06549677900329698
WTM-NN,443,nn,96.03,0.27014160800899845,0.06430017000820953
WTM-NN,444,nn,96.03,0.2189953459892422,0.06424846900335979
WTM-NN,445,nn,96.0,0.21597613699850626,0.06458543900225777
WTM-NN,446,nn,95.99,0.20271568300086074,0.06455131199618336
WTM-NN,447,nn,95.99,0.2473296130046947,0.06605771800968796
WTM-NN,448,nn,96.0,0.1996543599962024,0.0645502760016825
WTM-NN,449,nn,96.00999999999999,0.21719342000142206,0.06513293800526299
WTM-NN,450,nn,96.0,0.2184221269999398,0.06533190800109878
WTM-NN,451,nn,96.04,0.2001911889965413,0.06259750400204211
WTM-NN,452,nn,95.98,0.24529131900635548,0.06370543299999554
WTM-NN,453,nn,95.98,0.1981489129975671,0.06608431799395476
WTM-NN,454,nn,95.98,0.19408078999549616,0.06257303700840566
WTM-NN,455,nn,95.95,0.19432884998968802,0.06128103299124632
WTM-NN,456,nn,96.02000000000001,0.2470385499909753,0.06541554899013136
WTM-NN,457,nn,95.99,0.1944837819901295,0.06393493899668101
WTM-NN,458,nn,96.02000000000001,0.1946936000022106,0.06410720800340641
WTM-NN,459,nn,95.99,0.19387508599902503,0.06333455399726517
WTM-NN,460,nn,96.0,0.2474282440089155,0.061614809004822746
WTM-NN,461,nn,95.94,0.20772381000278983,0.06298695600708015
WTM-NN,462,nn,96.07,0.21159698198607657,0.06125318899285048
WTM-NN,463,nn,96.0,0.20827115200518165,0.06401672300125938
WTM-NN,464,nn,95.89,0.19751747099508066,0.061122929997509345
WTM-NN,465,nn,96.02000000000001,0.24473926800419576,0.06446815399976913
WTM-NN,466,nn,96.03,0.19837082199228462,0.06475109000166412
WTM-NN,467,nn,96.03,0.1938704839994898,0.06476471900532488
WTM-NN,468,nn,96.06,0.19676994999463204,0.06269897500169463
WTM-NN,469,nn,96.0,0.24941721399954986,0.06376057300076354
WTM-NN,470,nn,95.95,0.19950871499895584,0.0630833830073243
WTM-NN,471,nn,95.94,0.20003126200754195,0.06395202899875585
WTM-NN,472,nn,96.00999999999999,0.1935631960077444,0.0632496180041926
WTM-NN,473,nn,96.00999999999999,0.2729055480012903,0.06405147399345879
WTM-NN,474,nn,96.05,0.19518565500038676,0.06392293200769927
WTM-NN,475,nn,96.00999999999999,0.19545493301120587,0.061138261007727124
WTM-NN,476,nn,96.08,0.20676667500811163,0.06385841300652828
WTM-NN,477,nn,96.0,0.2442445460037561,0.06475585199950729
WTM-NN,478,nn,96.00999999999999,0.19418577100441325,0.06287258998781908
WTM-NN,479,nn,95.95,0.21972370499861427,0.06584866100456566
WTM-NN,480,nn,96.0,0.21370847000798676,0.06508806700003333
WTM-NN,481,nn,95.99,0.1951414399954956,0.06414719700114802
WTM-NN,482,nn,95.91,0.25806317599199247,0.0639050949976081
WTM-NN,483,nn,95.93,0.2170628899912117,0.06263579099322669
WTM-NN,484,nn,96.00999999999999,0.1972007919976022,0.06518723099725321
WTM-NN,485,nn,96.07,0.19482126999355387,0.062434626001049764
WTM-NN,486,nn,95.96000000000001,0.253221166000003,0.06349540699739009
WTM-NN,487,nn,95.94,0.19452788798662368,0.0645422130037332
WTM-NN,488,nn,95.96000000000001,0.19366468700172845,0.0648556490050396
WTM-NN,489,nn,95.98,0.19511017300828826,0.06591145899437834
WTM-NN,490,nn,96.03,0.2690855989931151,0.06450864000362344
WTM-NN,491,nn,96.02000000000001,0.19866126700071618,0.06413358500867616
WTM-NN,492,nn,95.99,0.194918746012263,0.06439367799612228
WTM-NN,493,nn,95.97,0.195124088000739,0.06506959701073356
WTM-NN,494,nn,95.98,0.24636111300787888,0.06392175500513986
WTM-NN,495,nn,96.0,0.22030675499991048,0.0651609170017764
WTM-NN,496,nn,96.02000000000001,0.21713063000061084,0.06548392499098554
WTM-NN,497,nn,95.93,0.21854690699547064,0.06496149000304285
WTM-NN,498,nn,96.00999999999999,0.21154500400007237,0.06484771300165448
WTM-NN,499,nn,96.03,0.2513854290009476,0.0630331240099622
WTM-NN,500,nn,95.99,0.19789812499948312,0.06394822600123007
UTM-NN,1,tm,90.59,0.5553332080016844,0.06574568900396116
UTM-NN,2,tm,90.94,0.49486668199824635,0.06845891400007531
UTM-NN,3,tm,90.91,0.4768214439973235,0.06910262799647171
UTM-NN,4,tm,90.74,0.47800308899604715,0.0714585630048532
UTM-NN,5,tm,91.27,0.48274856399802957,0.06676994799636304
UTM-NN,6,tm,91.06,0.4752702809928451,0.06877780400100164
UTM-NN,7,tm,91.08000000000001,0.46375740099756513,0.06757294900307897
UTM-NN,8,tm,91.06,0.46876622299896553,0.06843471000320278
UTM-NN,9,tm,90.89,0.47041552400332876,0.06961701399995945
UTM-NN,10,tm,90.79,0.47001529899716843,0.06948474500677548
UTM-NN,11,tm,90.96,0.4629462539887754,0.06817304599098861
UTM-NN,12,tm,90.96,0.4612182249984471,0.06770119699649513
UTM-NN,13,tm,91.19,0.46779303399671335,0.06739931499760132
UTM-NN,14,tm,90.91,0.466495724991546,0.06798967499344144
UTM-NN,15,tm,91.03999999999999,0.45762825100973714,0.0674805570015451
UTM-NN,16,tm,91.23,0.4565256479982054,0.06808885600185022
UTM-NN,17,tm,91.29,0.4465314570115879,0.06961648599826731
UTM-NN,18,tm,91.12,0.4614447750063846,0.06924631299625617
UTM-NN,19,tm,91.19,0.46896588399249595,0.06855093900230713
UTM-NN,20,tm,91.43,0.46430664099170826,0.06893186799425166
UTM-NN,21,tm,91.16,0.43414803700579796,0.0715173559874529
UTM-NN,22,tm,91.18,0.45928073399409186,0.06843964199651964
UTM-NN,23,tm,91.16,0.4449555900064297,0.06950861999939661
UTM-NN,24,tm,91.19,0.4530986409954494,0.06954564999614377
UTM-NN,25,tm,91.18,0.45330516700050794,0.06912101600028109
UTM-NN,26,tm,91.34,0.45031386900518555,0.06870783200429287
UTM-NN,27,tm,91.25,0.4703612130106194,0.06984449300216511
UTM-NN,28,tm,91.45,0.4593571330042323,0.06835720199160278
UTM-NN,29,tm,91.22,0.45068066800013185,0.06864762099576183
UTM-NN,30,tm,91.2,0.4599361209984636,0.06858825898962095
UTM-NN,31,tm,91.25999999999999,0.45428471099876333,0.06931123899994418
UTM-NN,32,tm,91.36,0.47261629000422545,0.06938733300194144
UTM-NN,33,tm,91.14,0.451249566001934,0.06965611899795476
UTM-NN,34,tm,91.23,0.45756919399718754,0.06795690600119997
UTM-NN,35,tm,91.21000000000001,0.4597596870007692,0.06876446100068279
UTM-NN,36,tm,91.29,0.45757068700913806,0.06961463700281456
UTM-NN,37,tm,91.17,0.45362662999832537,0.06918671500170603
UTM-NN,38,tm,91.13,0.46053404799022246,0.07035871999687515
UTM-NN,39,tm,91.22,0.4639959269989049,0.06808090201229788
UTM-NN,40,tm,91.3,0.4465571330074454,0.06879756899434142
UTM-NN,41,tm,91.14,0.4610391510068439,0.06806936800421681
UTM-NN,42,tm,91.28,0.45102185900032055,0.06949520800844766
UTM-NN,43,tm,91.29,0.46542745499755256,0.06719997900654562
UTM-NN,44,tm,91.21000000000001,0.4594592700013891,0.0683571030094754
UTM-NN,45,tm,91.12,0.4594853769958718,0.07074217600165866
UTM-NN,46,tm,91.23,0.4428383079939522,0.06891917399480008
UTM-NN,47,tm,91.14,0.45688195699767675,0.06912943899806123
UTM-NN,48,tm,91.13,0.45546311800717376,0.06843084799766075
UTM-NN,49,tm,91.12,0.4507364500022959,0.06974998400255572
UTM-NN,50,tm,91.18,0.45886685300501995,0.06970762999844737
UTM-NN,51,tm,91.14,0.46509211299417075,0.06764392700279132
UTM-NN,52,tm,91.23,0.46026135300053284,0.06912772401119582
UTM-NN,53,tm,91.14,0.454104714008281,0.07023428899992723
UTM-NN,54,tm,91.05,0.45316284299769904,0.06598527499591
UTM-NN,55,tm,91.09,0.44905601799837314,0.0673743840015959
UTM-NN,56,tm,91.16,0.44287820700265,0.07039273899863474
UTM-NN,57,tm,91.17,0.45893878799688537,0.0654324669885682
UTM-NN,58,tm,91.24,0.4479756569926394,0.06726453200099058
UTM-NN,59,tm,91.25999999999999,0.4630037680035457,0.06773267399694305
UTM-NN,60,tm,91.13,0.451814533007564,0.06972895500075538
UTM-NN,61,tm,91.21000000000001,0.45064279199868906,0.06946556900220457
UTM-NN,62,tm,91.31,0.4490266890061321,0.07424010999966413
UTM-NN,63,tm,91.24,0.4296257880050689,0.06847675199969672
UTM-NN,64,tm,91.21000000000001,0.46690304100047797,0.06857726300950162
UTM-NN,65,tm,91.22,0.45047400500334334,0.06745228300860617
UTM-NN,66,tm,91.11,0.4365131329977885,0.07063608500175178
UTM-NN,67,tm,91.0,0.4577866510080639,0.06977324000035878
UTM-NN,68,tm,91.06,0.4512500269920565,0.06782062200363725
UTM-NN,69,tm,91.07,0.44673712200892624,0.06694234399765264
UTM-NN,70,tm,91.07,0.446366003001458,0.06968897799379192
UTM-NN,71,tm,91.02,0.46441788600350264,0.0672324579936685
UTM-NN,72,tm,90.99000000000001,0.44897283299360424,0.07070187000499573
UTM-NN,73,tm,91.2,0.4592653510044329,0.0664692139980616
UTM-NN,74,tm,91.23,0.45253925200086087,0.07052452900097705
UTM-NN,75,tm,91.44,0.4607634729909478,0.06969674299762119
UTM-NN,76,tm,91.13,0.45519062799576204,0.0696740779967513
UTM-NN,77,tm,91.12,0.4524460149987135,0.06982443899323698
UTM-NN,78,tm,91.19,0.4645507700042799,0.06775991199538112
UTM-NN,79,tm,91.12,0.4470754640060477,0.07049483600712847
UTM-NN,80,tm,91.2,0.4657234089972917,0.06883381900843233
UTM-NN,81,tm,90.97,0.4573970979981823,0.06958710799517576
UTM-NN,82,tm,90.98,0.4606931800080929,0.0698512390081305
UTM-NN,83,tm,91.11,0.4636747059994377,0.0706065150006907
UTM-NN,84,tm,91.10000000000001,0.4555535429972224,0.0701884029986104
UTM-NN,85,tm,91.17,0.46724100899882615,0.06906658300431445
UTM-NN,86,tm,91.23,0.4689954389905324,0.06626691999554168
UTM-NN,87,tm,91.10000000000001,0.44929879100527614,0.06787333500687964
UTM-NN,88,tm,91.22,0.45898786099860445,0.06877568000345491
UTM-NN,89,tm,91.22,0.4601335749903228,0.0660209249908803
UTM-NN,90,tm,91.22,0.4573721890046727,0.06833663700672332
UTM-NN,91,tm,91.12,0.45680601299682166,0.0698549069929868
UTM-NN,92,tm,91.14999999999999,0.46490532300958876,0.06945059800636955
UTM-NN,93,tm,91.13,0.45492050700704567,0.06663058199046645
UTM-NN,94,tm,91.18,0.4538167939899722,0.06818954000482336
UTM-NN,95,tm,91.10000000000001,0.46476940500724595,0.06983792400569655
UTM-NN,96,tm,91.11,0.45552820099692326,0.06846894099726342
UTM-NN,97,tm,91.02,0.4532621120015392,0.0679283019999275
UTM-NN,98,tm,91.18,0.4484266000072239,0.0695684169913875
UTM-NN,99,tm,91.05,0.4453619370033266,0.06923302500217687
UTM-NN,100,tm,91.10000000000001,0.45476086900453083,0.06971236800018232
UTM-NN,101,tm,91.14,0.45518018599250354,0.06670265800494235
UTM-NN,102,tm,91.06,0.45564063799974974,0.06933048300561495
UTM-NN,103,tm,91.22,0.444530486012809,0.06957426101143938
UTM-NN,104,tm,91.14,0.44943620200501755,0.06815485400147736
UTM-NN,105,tm,91.11,0.4475856809876859,0.06926894299976993
UTM-NN,106,tm,91.2,0.451043025997933,0.06796317300177179
UTM-NN,107,tm,91.2,0.44699165799829643,0.06984677299624309
UTM-NN,108,tm,91.11,0.4597276960121235,0.07042370899580419
UTM-NN,109,tm,91.02,0.446848724008305,0.06736766500398517
UTM-NN,110,tm,90.86,0.4574461440060986,0.06865083400043659
UTM-NN,111,tm,91.18,0.44681884899910074,0.07078911300050095
UTM-NN,112,tm,91.02,0.44834312799503095,0.06705239799339324
UTM-NN,113,tm,91.05,0.4592914800014114,0.0665716590010561
UTM-NN,114,tm,91.03999999999999,0.458061119003105,0.06651473899546545
UTM-NN,115,tm,91.06,0.4610720299970126,0.06811702500272077
UTM-NN,116,tm,91.16,0.4588605659955647,0.07059733399364632
UTM-NN,117,tm,90.97,0.4446232689952012,0.06971700501162559
UTM-NN,118,tm,91.13,0.4614734600036172,0.06993581500137225
UTM-NN,119,tm,91.22,0.4465803949860856,0.06789264800318051
UTM-NN,120,tm,91.07,0.4478353330050595,0.0664417730004061
UTM-NN,121,tm,91.28,0.4605698410014156,0.0689894630049821
UTM-NN,122,tm,91.11,0.4520089740108233,0.0700585900049191
UTM-NN,123,tm,91.32000000000001,0.44345828000223264,0.0694603250012733
UTM-NN,124,tm,91.17,0.4513303099956829,0.07020417900639586
UTM-NN,125,tm,91.17,0.4624189999885857,0.06815055900369771
UTM-NN,126,tm,91.17,0.45574468800623436,0.06793450999248307
UTM-NN,127,tm,91.16,0.4754774239991093,0.06850827600283083
UTM-NN,128,tm,91.22,0.45704892301000655,0.06959042500238866
UTM-NN,129,tm,91.19,0.4541822350001894,0.06739585399918724
UTM-NN,130,tm,91.22,0.45030769500590395,0.0686969950038474
UTM-NN,131,tm,91.11,0.46028070300235413,0.06918471200333443
UTM-NN,132,tm,91.17,0.44779625299270265,0.0692476600088412
UTM-NN,133,tm,91.05,0.45915912798955105,0.06923296500463039
UTM-NN,134,tm,91.0,0.4563898460037308,0.06775076799385715
UTM-NN,135,tm,91.14999999999999,0.4555669210094493,0.06817669099837076
UTM-NN,136,tm,90.82000000000001,0.4542575790110277,0.0693542870139936
UTM-NN,137,tm,91.09,0.45201596499828156,0.07008132699411362
UTM-NN,138,tm,91.19,0.46530262399755884,0.06686984900443349
UTM-NN,139,tm,91.18,0.45710948600026313,0.06554799900914077
UTM-NN,140,tm,91.2,0.44949561699468177,0.06772912800079212
UTM-NN,141,tm,91.18,0.457000969996443,0.06745018500078004
UTM-NN,142,tm,91.14,0.46570508800505195,0.06845877898740582
UTM-NN,143,tm,91.10000000000001,0.4496395330061205,0.06918526100344025
UTM-NN,144,tm,90.94,0.44845003199588973,0.06847288299468346
UTM-NN,145,tm,91.14999999999999,0.4525153499998851,0.07300164800835773
UTM-NN,146,tm,91.25,0.4548714779957663,0.06982654500461649
UTM-NN,147,tm,91.2,0.45121666698832996,0.07019704500271473
UTM-NN,148,tm,91.23,0.45609577700088266,0.0704820670071058
UTM-NN,149,tm,91.12,0.45429197400517296,0.07042372498835903
UTM-NN,150,tm,91.13,0.45641024901124183,0.06951901499996893
UTM-NN,151,nn,92.06,0.21965044899843633,0.0714875139965443
UTM-NN,152,nn,92.44,0.21099795700865798,0.07141235300514381
UTM-NN,153,nn,92.49000000000001,0.2658279719908023,0.0714792640064843
UTM-NN,154,nn,92.5,0.19496733399864752,0.06811939700855874
UTM-NN,155,nn,92.55,0.19554532699112315,0.07131284999195486
UTM-NN,156,nn,92.5,0.19345499499468133,0.07095717499032617
UTM-NN,157,nn,92.56,0.24496909401204903,0.07142941000347491
UTM-NN,158,nn,92.60000000000001,0.19637236499693245,0.0680702670069877
UTM-NN,159,nn,92.58999999999999,0.1971728540083859,0.06839938099437859
UTM-NN,160,nn,92.52,0.19430617000034545,0.06781596899963915
UTM-NN,161,nn,92.53,0.251695536004263,0.07003245200030506
UTM-NN,162,nn,92.58,0.19777322800655384,0.07091557700186968
UTM-NN,163,nn,92.54,0.20786165000754409,0.06983910300186835
UTM-NN,164,nn,92.54,0.21938630899239797,0.0683096990105696
UTM-NN,165,nn,92.58,0.2170476610044716,0.0673873839987209
UTM-NN,166,nn,92.54,0.2705816289962968,0.07055095100076869
UTM-NN,167,nn,92.53,0.2219846909865737,0.07004559200140648
UTM-NN,168,nn,92.56,0.20087935899209697,0.0712287940114038
UTM-NN,169,nn,92.57,0.20980469399364665,0.06854193400067743
UTM-NN,170,nn,92.55,0.2681542500067735,0.06832607800606638
UTM-NN,171,nn,92.58999999999999,0.21774498699232936,0.07046182500198483
UTM-NN,172,nn,92.60000000000001,0.2204765809874516,0.07060693899984471
UTM-NN,173,nn,92.55,0.21671899998909794,0.06829236198973376
UTM-NN,174,nn,92.60000000000001,0.26963125700422097,0.06886494500213303
UTM-NN,175,nn,92.53,0.19776668900158256,0.06838364600844216
UTM-NN,176,nn,92.55,0.20096685299358796,0.06939118899754249
UTM-NN,177,nn,92.63,0.2010029469965957,0.06897630900493823
UTM-NN,178,nn,92.52,0.26555102301063016,0.06849020700610708
UTM-NN,179,nn,92.57,0.2160916879947763,0.06724613600817975
UTM-NN,180,nn,92.5,0.21908967600029428,0.06991216201276984
UTM-NN,181,nn,92.57,0.2193406929873163,0.0701874820078956
UTM-NN,182,nn,92.51,0.21725660700758453,0.06884440800058655
UTM-NN,183,nn,92.56,0.26830953800526913,0.07064839600934647
UTM-NN,184,nn,92.5,0.2205894829967292,0.06965263999882154
UTM-NN,185,nn,92.56,0.21898312300618272,0.06677350400423165
UTM-NN,186,nn,92.58,0.21170225899550132,0.07031976500002202
UTM-NN,187,nn,92.58,0.26585615999647416,0.06841298801009543
UTM-NN,188,nn,92.61,0.2099008410004899,0.0710563699976774
UTM-NN,189,nn,92.61,0.2148216249916004,0.0697218950081151
UTM-NN,190,nn,92.65,0.21935539999685716,0.06938012700993568
UTM-NN,191,nn,92.53,0.26834251001127996,0.06710264799767174
UTM-NN,192,nn,92.55,0.2195293929980835,0.07098101900191978
UTM-NN,193,nn,92.58,0.20092462499451358,0.07057105499552563
UTM-NN,194,nn,92.49000000000001,0.21802350401412696,0.07079674499982502
UTM-NN,195,nn,92.58999999999999,0.2182475799927488,0.07151194399921224
UTM-NN,196,nn,92.60000000000001,0.26624479600286577,0.07091794200823642
UTM-NN,197,nn,92.62,0.20228302100440487,0.06884549200185575
UTM-NN,198,nn,92.55,0.21811951500421856,0.06858449301216751
UTM-NN,199,nn,92.60000000000001,0.1983273240039125,0.06889253300323617
UTM-NN,200,nn,92.57,0.264033790997928,0.06969156900595408
UTM-NN,201,nn,92.56,0.2231899549951777,0.07042265799827874
UTM-NN,202,nn,92.54,0.2191054340073606,0.06935005499690305
UTM-NN,203,nn,92.58999999999999,0.21328765999351162,0.06759807800699491
UTM-NN,204,nn,92.61,0.27111867599887773,0.07026177700026892
UTM-NN,205,nn,92.58,0.2209844390017679,0.06971353301196359
UTM-NN,206,nn,92.64,0.2184525669872528,0.07123633100127336
UTM-NN,207,nn,92.65,0.21739257901208475,0.07075329800136387
UTM-NN,208,nn,92.60000000000001,0.2163715069909813,0.07062838600541
UTM-NN,209,nn,92.58,0.2716582559951348,0.06947012399905361
UTM-NN,210,nn,92.57,0.22163855099643115,0.0689077969873324
UTM-NN,211,nn,92.63,0.21885390899842605,0.0705370739888167
UTM-NN,212,nn,92.64,0.21953914800542407,0.06766282400349155
UTM-NN,213,nn,92.55,0.25721567300206516,0.07053065100626554
UTM-NN,214,nn,92.66,0.20961693800927605,0.07139308299520053
UTM-NN,215,nn,92.62,0.1961563130025752,0.07064498399267904
UTM-NN,216,nn,92.61,0.1971961259987438,0.07122004800476134
UTM-NN,217,nn,92.57,0.2499487299937755,0.0700659170106519
UTM-NN,218,nn,92.58,0.1964883229957195,0.07090995099861175
UTM-NN,219,nn,92.51,0.20120314200175926,0.06906740998965688
UTM-NN,220,nn,92.53,0.21554790101072285,0.07036493701161817
UTM-NN,221,nn,92.55,0.24824996099050622,0.06863043300108984
UTM-NN,222,nn,92.64,0.21212354701128788,0.06802422099281102
UTM-NN,223,nn,92.64,0.2182501119968947,0.06972738201147877
UTM-NN,224,nn,92.56,0.1983403449994512,0.0691827109985752
UTM-NN,225,nn,92.58,0.21623161100433208,0.07029422899358906
UTM-NN,226,nn,92.58,0.2517540469998494,0.06999286900099833
UTM-NN,227,nn,92.56,0.2204286990017863,0.06989101599901915
UTM-NN,228,nn,92.60000000000001,0.2185365930054104,0.07129474899556953
UTM-NN,229,nn,92.53,0.20196355300140567,0.07178120099706575
UTM-NN,230,nn,92.64,0.2576022559951525,0.06924242300738115
UTM-NN,231,nn,92.55,0.1996577139943838,0.06831255000724923
UTM-NN,232,nn,92.62,0.20097320700006094,0.06947535499057267
UTM-NN,233,nn,92.55,0.21864175400696695,0.06812246200570371
UTM-NN,234,nn,92.58,0.2597596120031085,0.06941410500439815
UTM-NN,235,nn,92.57,0.219573839000077,0.07116796600166708
UTM-NN,236,nn,92.55,0.2182512669969583,0.06958607000706252
UTM-NN,237,nn,92.54,0.21579647799080703,0.072652864997508
UTM-NN,238,nn,92.51,0.20256762800272554,0.07039717500447296
UTM-NN,239,nn,92.58999999999999,0.2695028279995313,0.07036354899173602
UTM-NN,240,nn,92.56,0.20015839299594518,0.06971901099313982
UTM-NN,241,nn,92.62,0.20566310499270912,0.0709768009983236
UTM-NN,242,nn,92.58999999999999,0.21754093399795238,0.07112498598871753
UTM-NN,243,nn,92.64,0.2719039149960736,0.07037027599290013
UTM-NN,244,nn,92.56,0.21180969300621655,0.07073518000834156
UTM-NN,245,nn,92.58999999999999,0.20210773099097423,0.07004271399637219
UTM-NN,246,nn,92.56,0.2181692520098295,0.07195818200125359
UTM-NN,247,nn,92.60000000000001,0.26970285500283353,0.07098220199986827
UTM-NN,248,nn,92.61,0.2182896919985069,0.06868461199337617
UTM-NN,249,nn,92.58,0.19731540100474376,0.07021835900377482
UTM-NN,250,nn,92.54,0.215899264003383,0.0710781189991394
UTM-NN,251,nn,92.5,0.2606544010050129,0.06845107300614472
UTM-NN,252,nn,92.53,0.21136049900087528,0.07178575500438455
UTM-NN,253,nn,92.51,0.19494776301144157,0.0702317820105236
UTM-NN,254,nn,92.62,0.21761642799538095,0.07162025199795607
UTM-NN,255,nn,92.54,0.21607584699813742,0.07028946399805136
UTM-NN,256,nn,92.5,0.2701316270104144,0.0711253810004564
UTM-NN,257,nn,92.55,0.19873518899839837,0.07087283401051536
UTM-NN,258,nn,92.61,0.19712223298847675,0.07088592500076629
UTM-NN,259,nn,92.55,0.19960791899939068,0.06969981000293046
UTM-NN,260,nn,92.55,0.24649877999036107,0.06931880100455601
UTM-NN,261,nn,92.56,0.19431889500992838,0.06964453399996273
UTM-NN,262,nn,92.56,0.19393218400364276,0.07089505899057258
UTM-NN,263,nn,92.58999999999999,0.19558470298943575,0.07024403900140896
UTM-NN,264,nn,92.55,0.2459165500040399,0.0690290150087094
UTM-NN,265,nn,92.51,0.1988222579966532,0.07017918898782227
UTM-NN,266,nn,92.58999999999999,0.198314298002515,0.07017344600171782
UTM-NN,267,nn,92.57,0.19461152699659579,0.06849095900543034
UTM-NN,268,nn,92.55,0.24629256699699908,0.06952159899810795
UTM-NN,269,nn,92.57,0.19613690199912526,0.06960574100958183
UTM-NN,270,nn,92.56,0.21658270800253376,0.07096297699899878
UTM-NN,271,nn,92.53,0.19849551600054838,0.07052648901299108
UTM-NN,272,nn,92.55,0.1935569530032808,0.0694135660014581
UTM-NN,273,nn,92.58,0.24572689400520176,0.06769226100004744
UTM-NN,274,nn,92.64,0.19775542500428855,0.07040434000373352
UTM-NN,275,nn,92.53,0.19381772199994884,0.06958416500128806
UTM-NN,276,nn,92.62,0.19701811000413727,0.0697724079946056
UTM-NN,277,nn,92.56,0.24646709799708333,0.06954164999478962
UTM-NN,278,nn,92.58999999999999,0.19536788899858948,0.06889507400046568
UTM-NN,279,nn,92.57,0.19420719500340056,0.06929429799492937
UTM-NN,280,nn,92.57,0.1953389859991148,0.06819508199987467
UTM-NN,281,nn,92.60000000000001,0.2557163769961335,0.06966620701132342
UTM-NN,282,nn,92.55,0.22019966899824794,0.07212172300205566
UTM-NN,283,nn,92.57,0.20582171500427648,0.07208012200135272
UTM-NN,284,nn,92.58999999999999,0.20651953799824696,0.07091316400328651
UTM-NN,285,nn,92.58999999999999,0.19963890800136141,0.07107118300336879
UTM-NN,286,nn,92.46,0.25426594700547867,0.07164823899802286
UTM-NN,287,nn,92.62,0.19595460599521175,0.06986212400079239
UTM-NN,288,nn,92.57,0.19730975899437908,0.07319666800322011
UTM-NN,289,nn,92.57,0.20799531300144736,0.07230764100677334
UTM-NN,290,nn,92.63,0.25085735600441694,0.07116368800052442
UTM-NN,291,nn,92.60000000000001,0.19534448398917448,0.06991857899993192
UTM-NN,292,nn,92.61,0.1946426039939979,0.07083686201076489
UTM-NN,293,nn,92.53,0.194572000997141,0.06993719999445602
UTM-NN,294,nn,92.57,0.24742598700686358,0.07141241199860815
UTM-NN,295,nn,92.56,0.19372635800391436,0.07309459301177412
UTM-NN,296,nn,92.58999999999999,0.1967802470026072,0.07081181299872696
UTM-NN,297,nn,92.58999999999999,0.21409443000447936,0.07138548699731473
UTM-NN,298,nn,92.57,0.2441118910064688,0.0721329319931101
UTM-NN,299,nn,92.60000000000001,0.19593368800997268,0.07366467399697285
UTM-NN,300,nn,92.58999999999999,0.1982613139989553,0.07289598901115824
UTM-NN,301,nn,92.60000000000001,0.20023134599614423,0.07100692600943148
UTM-NN,302,nn,92.60000000000001,0.2006678540055873,0.07116631799726747
UTM-NN,303,nn,92.57,0.25903853100317065,0.06938631299999543
UTM-NN,304,nn,92.57,0.20348269399255514,0.07085744799405802
UTM-NN,305,nn,92.63,0.2220065989968134,0.07097020599758253
UTM-NN,306,nn,92.58999999999999,0.2249384070019005,0.06943859299644828
UTM-NN,307,nn,92.58,0.27077150299737696,0.07067290499981027
UTM-NN,308,nn,92.58999999999999,0.21960326500993688,0.07035866400110535
UTM-NN,309,nn,92.63,0.21720090899907518,0.07045339701289777
UTM-NN,310,nn,92.61,0.20148158699157648,0.06779927300522104
UTM-NN,311,nn,92.54,0.26674673800880555,0.07197587098926306
UTM-NN,312,nn,92.54,0.2213745010085404,0.07228850999672431
UTM-NN,313,nn,92.57,0.22106426701066084,0.06976806299644522
UTM-NN,314,nn,92.58999999999999,0.21933262000675313,0.07188872400729451
UTM-NN,315,nn,92.61,0.2186103690037271,0.07011944499390665
UTM-NN,316,nn,92.58,0.2710459789959714,0.07024414201441687
UTM-NN,317,nn,92.58999999999999,0.23130485499859788,0.07141073899401817
UTM-NN,318,nn,92.57,0.19638956899871118,0.06834299801266752
UTM-NN,319,nn,92.62,0.1961810349894222,0.06887318000372034
UTM-NN,320,nn,92.58999999999999,0.2691522040113341,0.07046273800369818
UTM-NN,321,nn,92.58,0.2092298889911035,0.07033265499921981
UTM-NN,322,nn,92.51,0.222737750998931,0.07048323799972422
UTM-NN,323,nn,92.67999999999999,0.22226976400997955,0.07194734099903144
UTM-NN,324,nn,92.60000000000001,0.25901476200670004,0.07254517800174654
UTM-NN,325,nn,92.52,0.218859070999315,0.07122790800349321
UTM-NN,326,nn,92.61,0.213529576009023,0.07148671400500461
UTM-NN,327,nn,92.61,0.21723439000197686,0.07121877899044193
UTM-NN,328,nn,92.57,0.25887607398908585,0.07322224500239827
UTM-NN,329,nn,92.58,0.21044226799858734,0.07143886700214352
UTM-NN,330,nn,92.51,0.21636896400013939,0.07150270199053921
UTM-NN,331,nn,92.60000000000001,0.19767141299962532,0.07138416900124867
UTM-NN,332,nn,92.55,0.20772305699938443,0.07177972499630414
UTM-NN,333,nn,92.58,0.27052593100233935,0.07186006401025224
UTM-NN,334,nn,92.60000000000001,0.21763373000430875,0.06957685700035654
UTM-NN,335,nn,92.58999999999999,0.19598290001158603,0.0705507660022704
UTM-NN,336,nn,92.52,0.1932302030036226,0.07178279799700249
UTM-NN,337,nn,92.56,0.2700416829902679,0.07042812599684112
UTM-NN,338,nn,92.62,0.19938825399731286,0.06927566199738067
UTM-NN,339,nn,92.56,0.22106592399359215,0.07063954799377825
UTM-NN,340,nn,92.61,0.21994694399472792,0.0718316670099739
UTM-NN,341,nn,92.57,0.2673797429888509,0.07065592000435572
UTM-NN,342,nn,92.52,0.20374491999973543,0.07260428099834826
UTM-NN,343,nn,92.56,0.21867984799609985,0.06934313099191058
UTM-NN,344,nn,92.60000000000001,0.21843591899960302,0.07029081200016662
UTM-NN,345,nn,92.58999999999999,0.25741285498952493,0.0686060589941917
UTM-NN,346,nn,92.51,0.21844435400271323,0.06810613400011789
UTM-NN,347,nn,92.56,0.21872856600384694,0.07038337500125635
UTM-NN,348,nn,92.55,0.2175055920088198,0.0675218260003021
UTM-NN,349,nn,92.58,0.21861846899264492,0.07021762800286524
UTM-NN,350,nn,92.53,0.27487842900154646,0.06910739500017371
UTM-NN,351,nn,92.57,0.19672308200097177,0.06707187301071826
UTM-NN,352,nn,92.54,0.20028861600439996,0.06822063800063916
UTM-NN,353,nn,92.53,0.19553497299784794,0.06909811499645002
UTM-NN,354,nn,92.55,0.2603119209961733,0.07166550899273716
UTM-NN,355,nn,92.54,0.21301559799758252,0.06872591499995906
UTM-NN,356,nn,92.53,0.197742794000078,0.06878616800531745
UTM-NN,357,nn,92.57,0.20038609601033386,0.07082067200099118
UTM-NN,358,nn,92.56,0.25991598299879115,0.0714139210031135
UTM-NN,359,nn,92.60000000000001,0.19958423399657477,0.06803659800789319
UTM-NN,360,nn,92.60000000000001,0.2026485730020795,0.0686286400014069
UTM-NN,361,nn,92.56,0.21833755700208712,0.06892946199513972
UTM-NN,362,nn,92.54,0.26422118800110184,0.06686515499313828
UTM-NN,363,nn,92.62,0.2176075400057016,0.0680119820026448
UTM-NN,364,nn,92.63,0.21850407500460278,0.0702749399933964
UTM-NN,365,nn,92.65,0.21796410299430136,0.06898439100768883
UTM-NN,366,nn,92.57,0.20128102200396825,0.07129488600185141
UTM-NN,367,nn,92.58999999999999,0.2700305979960831,0.07019784000294749
UTM-NN,368,nn,92.57,0.2175463640014641,0.07163422400481068
UTM-NN,369,nn,92.58999999999999,0.19869013100105803,0.06977127700520214
UTM-NN,370,nn,92.58,0.21366483300516848,0.07032693699875381
UTM-NN,371,nn,92.56,0.26949844301270787,0.07069338600558694
UTM-NN,372,nn,92.56,0.20491404499625787,0.07133323399466462
UTM-NN,373,nn,92.54,0.2149841509963153,0.07164529200235847
UTM-NN,374,nn,92.57,0.1961676909995731,0.06924545300717
UTM-NN,375,nn,92.61,0.24652576401422266,0.07012500599375926
UTM-NN,376,nn,92.54,0.19878873400739394,0.07151238300139084
UTM-NN,377,nn,92.56,0.22172183899965603,0.07133118799538352
UTM-NN,378,nn,92.58999999999999,0.1970894599944586,0.07189537600788753
UTM-NN,379,nn,92.60000000000001,0.21735052499570884,0.07144625100772828
UTM-NN,380,nn,92.55,0.2734162990091136,0.06904016899352428
UTM-NN,381,nn,92.57,0.21851194299233612,0.06950466900889296
UTM-NN,382,nn,92.64,0.19475225900532678,0.06945434499357361
UTM-NN,383,nn,92.58,0.20452916699287016,0.07078728399937972
UTM-NN,384,nn,92.62,0.27054433499870356,0.07058469000912737
UTM-NN,385,nn,92.57,0.21932859599473886,0.071853061002912
UTM-NN,386,nn,92.56,0.21167860399873462,0.07001087500248104
UTM-NN,387,nn,92.61,0.20489533599175047,0.0715741820022231
UTM-NN,388,nn,92.56,0.24761372500506695,0.07088282199401874
UTM-NN,389,nn,92.58999999999999,0.19636935699963942,0.0694202930026222
UTM-NN,390,nn,92.62,0.19804301399562974,0.07194216900097672
UTM-NN,391,nn,92.58,0.19574309900053777,0.06875140099145938
UTM-NN,392,nn,92.60000000000001,0.2466040949948365,0.07082706299843267
UTM-NN,393,nn,92.54,0.19620028999634087,0.0704662170028314
UTM-NN,394,nn,92.56,0.19924400201125536,0.07095773599576205
UTM-NN,395,nn,92.56,0.19520986499264836,0.06936331400356721
UTM-NN,396,nn,92.55,0.1939571040129522,0.07062100099574309
UTM-NN,397,nn,92.52,0.24814330499793869,0.0696436599973822
UTM-NN,398,nn,92.57,0.1949391590023879,0.06974642400746234
UTM-NN,399,nn,92.58999999999999,0.19588925599236973,0.07061618100851774
UTM-NN,400,nn,92.56,0.19339111300359946,0.06850935300462879
UTM-NN,401,nn,92.57,0.24684541299939156,0.07162424900161568
UTM-NN,402,nn,92.57,0.19991398901038337,0.07025831598730292
UTM-NN,403,nn,92.56,0.19452980101050343,0.06983532999583986
UTM-NN,404,nn,92.60000000000001,0.20118251799431164,0.07004258599772584
UTM-NN,405,nn,92.58,0.2719984459981788,0.07018858399533201
UTM-NN,406,nn,92.62,0.203007862000959,0.06973664299584925
UTM-NN,407,nn,92.57,0.22032788100477774,0.06889086999581195
UTM-NN,408,nn,92.57,0.22082413799944334,0.06928658600372728
UTM-NN,409,nn,92.64,0.20990452899422962,0.06751023700053338
UTM-NN,410,nn,92.65,0.25917233900690917,0.068627999004093
UTM-NN,411,nn,92.58,0.20466827499330975,0.06934043198998552
UTM-NN,412,nn,92.58999999999999,0.19363553999573924,0.07008543101255782
UTM-NN,413,nn,92.55,0.1940776760020526,0.06947512600163464
UTM-NN,414,nn,92.60000000000001,0.24484610299987253,0.06883341500360984
UTM-NN,415,nn,92.56,0.19614049699157476,0.0694884670083411
UTM-NN,416,nn,92.54,0.1989946819958277,0.06818197900429368
UTM-NN,417,nn,92.62,0.19405422899581026,0.06874084899027366
UTM-NN,418,nn,92.51,0.24721930400119163,0.0693763500021305
UTM-NN,419,nn,92.62,0.1953271649981616,0.07086884599993937
UTM-NN,420,nn,92.55,0.20456598899909295,0.07174831500742584
UTM-NN,421,nn,92.55,0.21964543999638408,0.06967261599493213
UTM-NN,422,nn,92.63,0.26351901900488883,0.06596510000235867
UTM-NN,423,nn,92.67,0.21811451500980183,0.068128816987155
UTM-NN,424,nn,92.62,0.19946931200684048,0.07026143299299292
UTM-NN,425,nn,92.58999999999999,0.2164755440026056,0.06756798199785408
UTM-NN,426,nn,92.57,0.2180935679934919,0.06747035800071899
UTM-NN,427,nn,92.58999999999999,0.26952636800706387,0.07116553200467024
UTM-NN,428,nn,92.61,0.21850675500172656,0.07273281700327061
UTM-NN,429,nn,92.66,0.21761149298981763,0.06937087999540381
UTM-NN,430,nn,92.58999999999999,0.20355320400267374,0.0708362060104264
UTM-NN,431,nn,92.60000000000001,0.24518475699005648,0.06942121400788892
UTM-NN,432,nn,92.61,0.20568018600170035,0.06915151501016226
UTM-NN,433,nn,92.54,0.19623601900821086,0.06942429298942443
UTM-NN,434,nn,92.58,0.19767697699717246,0.07001517500611953
UTM-NN,435,nn,92.54,0.2594395869964501,0.07246383299934678
UTM-NN,436,nn,92.52,0.2182674289942952,0.06947873200988397
UTM-NN,437,nn,92.58999999999999,0.21916777799197007,0.07158635900123045
UTM-NN,438,nn,92.62,0.21921706201101188,0.07130393601255491
UTM-NN,439,nn,92.53,0.20461586701276246,0.07141421298729256
UTM-NN,440,nn,92.58999999999999,0.24645725499431137,0.07094592601060867
UTM-NN,441,nn,92.60000000000001,0.19548826199024916,0.07122255099238828
UTM-NN,442,nn,92.56,0.19447589399351273,0.07088749299873598
UTM-NN,443,nn,92.54,0.19896508200326934,0.07060787299997173
UTM-NN,444,nn,92.60000000000001,0.24801683599071112,0.06881804899603594
UTM-NN,445,nn,92.54,0.2028315399948042,0.07181203599611763
UTM-NN,446,nn,92.56,0.19789035699795932,0.0698359740054002
UTM-NN,447,nn,92.58999999999999,0.19561396300559863,0.0698236390016973
UTM-NN,448,nn,92.53,0.2466673499875469,0.07121762601309456
UTM-NN,449,nn,92.58,0.1947665370098548,0.06994535200647078
UTM-NN,450,nn,92.58999999999999,0.21668951700848993,0.07168660400202498
UTM-NN,451,nn,92.61,0.21079109600395896,0.07019376599055249
UTM-NN,452,nn,92.60000000000001,0.25729618599871174,0.06858752800326329
UTM-NN,453,nn,92.61,0.2067673949932214,0.06948024799930863
UTM-NN,454,nn,92.54,0.1936526049976237,0.0706755709979916
UTM-NN,455,nn,92.58,0.19419635999656748,0.0696956869942369
UTM-NN,456,nn,92.53,0.2184909229981713,0.0694668710057158
UTM-NN,457,nn,92.61,0.2775674330041511,0.07179613198968582
UTM-NN,458,nn,92.60000000000001,0.21933308300503995,0.07045766900409944
UTM-NN,459,nn,92.58,0.20862736299750395,0.07011194700316992
UTM-NN,460,nn,92.58,0.21988512299139984,0.07000673100992572
UTM-NN,461,nn,92.62,0.270213978990796,0.06750350599759258
UTM-NN,462,nn,92.53,0.22015573499083985,0.07062162399233785
UTM-NN,463,nn,92.56,0.21788371900038328,0.06837511200865265
UTM-NN,464,nn,92.58,0.21822207600052934,0.0707254919980187
UTM-NN,465,nn,92.57,0.2602949739957694,0.06938298699969891
UTM-NN,466,nn,92.61,0.21235028799856082,0.06878792200586759
UTM-NN,467,nn,92.55,0.2179042829957325,0.06965516999480315
UTM-NN,468,nn,92.63,0.21808023100311402,0.0704075620014919
UTM-NN,469,nn,92.60000000000001,0.21735940700455103,0.06934227499004919
UTM-NN,470,nn,92.58999999999999,0.2544517700007418,0.0682609829964349
UTM-NN,471,nn,92.58999999999999,0.21473608000087552,0.07210033498995472
UTM-NN,472,nn,92.51,0.21952834600233473,0.07066420899354853
UTM-NN,473,nn,92.52,0.204211108997697,0.07122385199181736
UTM-NN,474,nn,92.56,0.24984934499661904,0.06867133799823932
UTM-NN,475,nn,92.58999999999999,0.1952072109997971,0.0689000069978647
UTM-NN,476,nn,92.58,0.1944240769953467,0.07046628399984911
UTM-NN,477,nn,92.61,0.19776719399669673,0.06989074099692516
UTM-NN,478,nn,92.58,0.24627668400353286,0.07133562400122173
UTM-NN,479,nn,92.58,0.2147218689933652,0.07110770999861415
UTM-NN,480,nn,92.62,0.21329780299856793,0.06731976299488451
UTM-NN,481,nn,92.61,0.21750959700148087,0.07178418499825057
UTM-NN,482,nn,92.57,0.2697414239955833,0.0666046069964068
UTM-NN,483,nn,92.60000000000001,0.21842779300641268,0.06942359798995312
UTM-NN,484,nn,92.58,0.19799701200099662,0.07018226399668492
UTM-NN,485,nn,92.67,0.1995488340035081,0.06960951299697626
UTM-NN,486,nn,92.66,0.21873486800177488,0.07213142799446359
UTM-NN,487,nn,92.58999999999999,0.2642154780041892,0.07021186899510212
UTM-NN,488,nn,92.58,0.1949862619949272,0.07076762900396716
UTM-NN,489,nn,92.60000000000001,0.19510692098992877,0.0701445979939308
UTM-NN,490,nn,92.58,0.1952666900033364,0.06861454200407024
UTM-NN,491,nn,92.58,0.2512383880093694,0.0714213859901065
UTM-NN,492,nn,92.52,0.21894020200124942,0.07089343300322071
UTM-NN,493,nn,92.57,0.22015553301025648,0.06868014200881589
UTM-NN,494,nn,92.57,0.22044746299798135,0.06844296499912161
UTM-NN,495,nn,92.51,0.27039974300714675,0.06969522101280745
UTM-NN,496,nn,92.57,0.22523904299305286,0.06938759499462321
UTM-NN,497,nn,92.62,0.21715617799782194,0.0695665819948772
UTM-NN,498,nn,92.53,0.1955502780037932,0.0707472429930931
UTM-NN,499,nn,92.47999999999999,0.2549912679969566,0.07099849100632127
UTM-NN,500,nn,92.57,0.196657602005871,0.0684252620121697
