method,epoch,model_type,test_accuracy,train_time,test_time
UTM,1,tm,68.4423076923077,2.7720425099978456,0.7609824040009698
UTM,2,tm,70.10576923076923,2.4879129709988774,0.7500272059987765
UTM,3,tm,70.69711538461539,2.4369288080015394,0.760086765003507
UTM,4,tm,71.17307692307693,2.4249755540004116,0.7541115470012301
UTM,5,tm,71.625,2.4205035689992656,0.7519168279977748
UTM,6,tm,71.91346153846155,2.4174380250005925,0.7697279630010598
UTM,7,tm,72.1298076923077,2.3886821790001704,0.7721296069976233
UTM,8,tm,71.3798076923077,2.399292106001667,0.7780658119991131
UTM,9,tm,71.6923076923077,2.3695624049978505,0.7556230219997815
UTM,10,tm,72.02403846153847,2.3797869610025373,0.7644717129987839
UTM,11,tm,71.97596153846155,2.3706806900008814,0.7618078720006451
UTM,12,tm,72.0576923076923,2.363629295999999,0.7659829879994504
UTM,13,tm,72.30288461538461,2.3804057409979578,0.7669018169981427
UTM,14,tm,72.20673076923076,2.362775364999834,0.7718802310009778
UTM,15,tm,72.35096153846153,2.3687901240009523,0.7554449870003737
UTM,16,tm,72.23557692307693,2.363944270000502,0.764198396998836
UTM,17,tm,72.52884615384615,2.370962335000513,0.7566420260009181
UTM,18,tm,72.50961538461539,2.3659700170028373,0.7571171969975694
UTM,19,tm,72.65384615384616,2.3553644819985493,0.7515372529996966
UTM,20,tm,72.625,2.351351067998621,0.7594256750016939
UTM,21,tm,72.59615384615384,2.3564213370009384,0.7528333179980109
UTM,22,tm,72.78846153846153,2.3629088130001037,0.7551055299991276
UTM,23,tm,72.7451923076923,2.3560259799996857,0.7611054530025285
UTM,24,tm,72.58653846153847,2.354314553002041,0.7629827780001506
UTM,25,tm,72.70673076923076,2.3495380819986167,0.7464850960022886
UTM,26,tm,72.7451923076923,2.363424547998875,0.7442722909981967
UTM,27,tm,72.58173076923077,2.374580716001219,0.757760156000586
UTM,28,tm,72.91346153846155,2.3687841589999152,0.7558177729988529
UTM,29,tm,72.83653846153845,2.3557271540012152,0.7637986849986191
UTM,30,tm,72.8125,2.3686466360013583,0.764421580999624
UTM,31,tm,72.83653846153845,2.3573926850003772,0.7621723160009424
UTM,32,tm,73.125,2.356646809999802,0.7633894690006855
UTM,33,tm,73.02884615384615,2.3499633419996826,0.7642966450002859
UTM,34,tm,73.1875,2.3509310980007285,0.7746673919973546
UTM,35,tm,72.77403846153845,2.34294603699891,0.7643079370027408
UTM,36,tm,72.86538461538463,2.3593337099991913,0.7706333249989257
UTM,37,tm,72.5576923076923,2.3613624520003214,0.7665385879990936
UTM,38,tm,72.8125,2.355737564001174,0.7615807470028813
UTM,39,tm,72.96634615384615,2.3511533929995494,0.7538638250007352
UTM,40,tm,72.9951923076923,2.348364983998181,0.7505632430002152
UTM,41,tm,73.3173076923077,2.3534720339994237,0.760779864001961
UTM,42,tm,73.14903846153847,2.3406379779989948,0.7649639880000905
UTM,43,tm,73.1923076923077,2.351545803998306,0.7662303259967302
UTM,44,tm,73.22115384615384,2.3310483589993964,0.7717855400005647
UTM,45,tm,73.15865384615384,2.3373265790032747,0.7518824309991032
UTM,46,tm,73.23557692307693,2.34696734499812,0.7655310020018078
UTM,47,tm,72.86538461538463,2.3467449659983686,0.7542290179990232
UTM,48,tm,72.88942307692308,2.336390663000202,0.7497690970012627
UTM,49,tm,73.0673076923077,2.344586982002511,0.7512252750020707
UTM,50,tm,72.73557692307693,2.338297638001677,0.761805040998297
UTM,51,tm,73.0576923076923,2.3454160209985275,0.7631563489994733
UTM,52,tm,73.13461538461539,2.354061123001884,0.7495353699996485
UTM,53,tm,72.9423076923077,2.3393785589978506,0.7398587669995322
UTM,54,tm,72.98076923076923,2.3549070689987275,0.7642691220025881
UTM,55,tm,72.97115384615384,2.353046523003286,0.7517037969992089
UTM,56,tm,73.27403846153845,2.334879046000424,0.7569852779997746
UTM,57,tm,73.2451923076923,2.3521517280023545,0.7628422689995205
UTM,58,tm,73.10576923076924,2.3551590490023955,0.7564053070018417
UTM,59,tm,73.35096153846153,2.334589643000072,0.7630229140013398
UTM,60,tm,73.1298076923077,2.358016865000536,0.7645516930024314
UTM,61,tm,73.14903846153847,2.357439825998881,0.7603869679987838
UTM,62,tm,73.21634615384616,2.3472905320013524,0.76602060499863
UTM,63,tm,73.24038461538461,2.3436470840024413,0.7633178169999155
UTM,64,tm,73.36538461538461,2.342771485000412,0.7656069869990461
UTM,65,tm,73.28846153846153,2.3465774430005695,0.7579557339995517
UTM,66,tm,73.13461538461539,2.3481419290001213,0.7529073500008963
UTM,67,tm,73.15384615384616,2.3631215160021384,0.7591611530006048
UTM,68,tm,73.0673076923077,2.358871183998417,0.7654165480016673
UTM,69,tm,73.28846153846153,2.3095577389976825,0.7608714300004067
UTM,70,tm,73.23076923076923,2.3329839760008326,0.7529760340003122
UTM,71,tm,73.03846153846155,2.3317187360007665,0.7660018419992412
UTM,72,tm,73.25961538461539,2.342789669997728,0.7606170859980921
UTM,73,tm,73.26442307692308,2.3428712530003395,0.7568376259987417
UTM,74,tm,73.28846153846153,2.339924269999756,0.7736514389980584
UTM,75,tm,73.5673076923077,2.3484600450028665,0.7698562129990023
UTM,76,tm,73.34134615384616,2.3567445269982272,0.7603728319991205
UTM,77,tm,73.20192307692308,2.32757310800298,0.7576636769990728
UTM,78,tm,73.40384615384615,2.3450275100003637,0.7543277389995637
UTM,79,tm,73.29326923076923,2.3539070330007235,0.7690862510025909
UTM,80,tm,73.25,2.3448892230007914,0.7628053590015043
UTM,81,tm,73.22115384615384,2.333710055001575,0.7669852489998448
UTM,82,tm,73.32211538461539,2.3549402839998947,0.7583281970000826
UTM,83,tm,73.23076923076923,2.3328372389987635,0.7650332379998872
UTM,84,tm,73.22115384615384,2.3519643250001536,0.7687515340003301
UTM,85,tm,73.29326923076923,2.3486363029987842,0.7671137909965182
UTM,86,tm,73.49038461538461,2.335066794003069,0.7639004720003868
UTM,87,tm,73.17307692307692,2.3438142070008325,0.7476009630008775
UTM,88,tm,73.20192307692308,2.3479622490012844,0.7635693090014684
UTM,89,tm,73.28365384615385,2.351414474000194,0.7570907770023041
UTM,90,tm,73.1826923076923,2.3476927310002793,0.7576441620003607
UTM,91,tm,73.3076923076923,2.3475051909990725,0.7560637460010184
UTM,92,tm,73.1201923076923,2.3331553870011703,0.7630696359992726
UTM,93,tm,73.30288461538461,2.3746457470006135,0.7531057389969646
UTM,94,tm,73.26442307692308,2.354997223999817,0.7673830339990673
UTM,95,tm,73.28846153846153,2.3593510360005894,0.7393242119978822
UTM,96,tm,73.2451923076923,2.354062439997506,0.7602947639970807
UTM,97,tm,73.23076923076923,2.3475016090014833,0.7706770000004326
UTM,98,tm,72.96153846153847,2.3696430020027037,0.7600945479971415
UTM,99,tm,73.29326923076923,2.3474720070007606,0.7573274320020573
UTM,100,tm,73.45673076923077,2.3456223879984464,0.7600117530018906
UTM,101,tm,73.34134615384616,2.3433704519993626,0.7659543150002719
UTM,102,tm,73.26923076923076,2.3499749709990283,0.7432202859999961
UTM,103,tm,73.25,2.3428470010003366,0.7532563380009378
UTM,104,tm,73.10576923076924,2.361514037998859,0.7498835070000496
UTM,105,tm,73.15384615384616,2.3497754449999775,0.7544192090026627
UTM,106,tm,73.38942307692308,2.341859760999796,0.7607353329985926
UTM,107,tm,73.38942307692308,2.3472915120000835,0.756944807999389
UTM,108,tm,73.3798076923077,2.3470616889972007,0.7542681150007411
UTM,109,tm,73.33173076923077,2.3462275689998933,0.7620457929988333
UTM,110,tm,73.29326923076923,2.3760709189991758,0.7708403449978505
UTM,111,tm,73.26923076923076,2.341197652000119,0.7593868509975437
UTM,112,tm,73.27403846153845,2.361120674999256,0.7589906339999288
UTM,113,tm,73.29807692307693,2.3560091470026236,0.7618673420001869
UTM,114,tm,73.17307692307692,2.3454833890027658,0.7757836550008506
UTM,115,tm,73.40865384615385,2.365594129998499,0.7715471659976174
UTM,116,tm,73.375,2.361084509000648,0.7804575539994403
UTM,117,tm,73.42788461538461,2.361018375002459,0.7585036239979672
UTM,118,tm,73.3798076923077,2.349953828001162,0.7641993149991322
UTM,119,tm,73.3701923076923,2.360023942001135,0.747758811001404
UTM,120,tm,73.32692307692308,2.3769239770008426,0.7595327279996127
UTM,121,tm,73.3173076923077,2.348318244999973,0.7589352670001972
UTM,122,tm,73.41346153846153,2.350062805999187,0.7621937709991471
UTM,123,tm,73.4423076923077,2.3619191300022067,0.7766942139969615
UTM,124,tm,73.45192307692308,2.3655238329993153,0.7739802949981822
UTM,125,tm,73.26442307692308,2.3559727190004196,0.7538185289995454
UTM,126,tm,73.10096153846153,2.3493513229987,0.7688386299996637
UTM,127,tm,73.20673076923076,2.342796664001071,0.775682224000775
UTM,128,tm,73.15865384615384,2.355008402002568,0.75292796299982
UTM,129,tm,73.36538461538461,2.3460311889975856,0.7588319370006502
UTM,130,tm,73.125,2.366054754002107,0.7525900979999278
UTM,131,tm,73.15865384615384,2.363839765999728,0.7627293820005434
UTM,132,tm,73.02403846153847,2.3666935879991797,0.7725943510013167
UTM,133,tm,73.13942307692308,2.3598507919996337,0.7730576770009066
UTM,134,tm,73.1201923076923,2.3626292619992455,0.7604962079967663
UTM,135,tm,72.92788461538461,2.349516895999841,0.7617771940022067
UTM,136,tm,73.20192307692308,2.3447534090009867,0.7631218239985174
UTM,137,tm,73.0673076923077,2.3527966610017756,0.7609929449972697
UTM,138,tm,73.19711538461539,2.3425478630015277,0.7641491819995281
UTM,139,tm,73.02403846153847,2.34827242600295,0.7541167630006385
UTM,140,tm,73.17307692307692,2.3522284550017503,0.7629802929986909
UTM,141,tm,73.14903846153847,2.36810513599994,0.7718575969993253
UTM,142,tm,73.26442307692308,2.3491904090005846,0.7530718740017619
UTM,143,tm,73.4423076923077,2.3596857770025963,0.7637616360007087
UTM,144,tm,73.22596153846153,2.3516795390023617,0.7446616060005908
UTM,145,tm,73.51442307692308,2.360317456001212,0.7617895319999661
UTM,146,tm,73.35096153846153,2.3599334720020124,0.7691060090000974
UTM,147,tm,73.32211538461539,2.3678672409987485,0.7639822010023636
UTM,148,tm,73.39903846153845,2.372664867001731,0.7566070829998353
UTM,149,tm,73.16826923076924,2.359131036002509,0.7676564510002208
UTM,150,tm,73.33653846153845,2.366684117998375,0.7707835269975476
UTM,151,tm,73.1923076923077,2.385803749999468,0.7745333339989884
UTM,152,tm,73.33653846153845,2.371835795998777,0.7661686930005089
UTM,153,tm,72.76923076923076,2.3767448350008635,0.7556429779979226
UTM,154,tm,73.23076923076923,2.3648541859984107,0.75286789600068
UTM,155,tm,73.0673076923077,2.3472272690014506,0.7772518799974932
UTM,156,tm,73.0625,2.3535842090022925,0.7606954140028392
UTM,157,tm,73.17788461538461,2.3558537300013995,0.7522519570011355
UTM,158,tm,73.38461538461539,2.352316462001909,0.7616253300002427
UTM,159,tm,73.39903846153845,2.3444964500013157,0.7632055979993311
UTM,160,tm,73.29326923076923,2.350490829998307,0.7669456299990998
UTM,161,tm,73.47596153846155,2.369586621000053,0.7557822899980238
UTM,162,tm,73.4951923076923,2.3678957049996825,0.7637998099999095
UTM,163,tm,73.45673076923077,2.36063304399795,0.7430355209980917
UTM,164,tm,73.58173076923077,2.366854872998374,0.7659382970014121
UTM,165,tm,73.34134615384616,2.3513510640004824,0.7590873699991789
UTM,166,tm,73.34615384615385,2.364538444999198,0.7668282359991281
UTM,167,tm,73.22115384615384,2.3735256400032085,0.7573212460010836
UTM,168,tm,73.34134615384616,2.3751505959990027,0.7551702929995372
UTM,169,tm,73.36538461538461,2.377566367998952,0.7550009859987767
UTM,170,tm,73.25961538461539,2.378741907003132,0.7428137469978537
UTM,171,tm,73.2548076923077,2.363801309998962,0.7490603949991055
UTM,172,tm,73.27403846153845,2.3684831419996044,0.7424233340025239
UTM,173,tm,73.22115384615384,2.3723646979997284,0.7518408040014037
UTM,174,tm,73.3076923076923,2.372778226999799,0.7417085070010216
UTM,175,tm,73.14423076923077,2.3548231329987175,0.7548513969995838
UTM,176,tm,73.0,2.3719644689990673,0.7571743190019333
UTM,177,tm,73.02403846153847,2.349928732997796,0.7565909260010812
UTM,178,tm,73.44711538461539,2.3667214900015097,0.7571608549988014
UTM,179,tm,73.28365384615385,2.3682291059994895,0.7601201990000845
UTM,180,tm,73.3173076923077,2.362436709998292,0.7598327030027576
UTM,181,tm,73.45192307692308,2.3870538720002514,0.7629739930016513
UTM,182,tm,73.40865384615385,2.3653848779977125,0.7563641739980085
UTM,183,tm,73.4375,2.361622685999464,0.7675010900020425
UTM,184,tm,73.51442307692308,2.3651298559998395,0.752238966000732
UTM,185,tm,73.375,2.377621644998726,0.7572284759989998
UTM,186,tm,73.4423076923077,2.3734765900007915,0.768768876001559
UTM,187,tm,73.20192307692308,2.368691031002527,0.7603985269997793
UTM,188,tm,73.03365384615384,2.382032375997369,0.7686830110033043
UTM,189,tm,73.39423076923077,2.357662093003455,0.753563144000509
UTM,190,tm,73.3701923076923,2.36016458299855,0.7595082609987003
UTM,191,tm,73.11538461538461,2.385226761998638,0.7633118100020511
UTM,192,tm,73.11538461538461,2.3597585200004687,0.7467011239968997
UTM,193,tm,73.0625,2.3663036359976104,0.7537867540013394
UTM,194,tm,73.10096153846153,2.3601715879995027,0.7672256789992389
UTM,195,tm,73.35576923076923,2.3643674090017157,0.7795120529990527
UTM,196,tm,73.33653846153845,2.380612791999738,0.7703263440016599
UTM,197,tm,73.38461538461539,2.3550957210027263,0.7629579589993227
UTM,198,tm,73.36538461538461,2.3625310210009047,0.7555823399998189
UTM,199,tm,73.11538461538461,2.3728829749998113,0.771807549001096
UTM,200,tm,73.33653846153845,2.36287268399974,0.7686235660003149
UTM,201,tm,73.11538461538461,2.359376786997018,0.7562887959975342
UTM,202,tm,72.9951923076923,2.3608240819994535,0.7554473560012411
UTM,203,tm,73.09615384615384,2.3784593359996506,0.7666790000002948
UTM,204,tm,73.28846153846153,2.376884863999294,0.7604505339986645
UTM,205,tm,73.33653846153845,2.3862750719999894,0.7643664979987079
UTM,206,tm,73.35576923076923,2.3754969149995304,0.7662753170006908
UTM,207,tm,73.36057692307692,2.3522363009979017,0.7611021349985094
UTM,208,tm,73.3173076923077,2.3786453169996093,0.7652441550017102
UTM,209,tm,73.26923076923076,2.3703521720017307,0.7649658599984832
UTM,210,tm,73.29326923076923,2.3602497259998927,0.7643024030003289
UTM,211,tm,73.36538461538461,2.375888856000529,0.7473942210017412
UTM,212,tm,73.45192307692308,2.358791399998154,0.7558175890007988
UTM,213,tm,73.28365384615385,2.3775990329995693,0.7577293450012803
UTM,214,tm,73.38461538461539,2.3702828460009187,0.7659582569976919
UTM,215,tm,73.13461538461539,2.3751587410006323,0.7458418070018524
UTM,216,tm,72.91826923076923,2.381857250002213,0.7601740209975105
UTM,217,tm,73.08173076923077,2.3880392529972596,0.747309705002408
UTM,218,tm,73.08173076923077,2.3560768040006224,0.7509028169988596
UTM,219,tm,73.375,2.376673880000453,0.748545237001963
UTM,220,tm,72.9423076923077,2.3681110500001523,0.7512976760008314
UTM,221,tm,72.6201923076923,2.3560126239972305,0.7481997630020487
UTM,222,tm,73.10576923076924,2.3696341020004184,0.7709553709973989
UTM,223,tm,73.2451923076923,2.3775198019975505,0.760331629000575
UTM,224,tm,73.22115384615384,2.3794186869999976,0.7525799860013649
UTM,225,tm,73.125,2.370912206999492,0.7413269850003417
UTM,226,tm,73.27884615384616,2.3733673599999747,0.769953732000431
UTM,227,tm,73.3701923076923,2.3834469569992507,0.7537821000005351
UTM,228,tm,73.47115384615385,2.364640888001304,0.7546472569993057
UTM,229,tm,73.375,2.3667805180011783,0.7678943809987686
UTM,230,tm,73.19711538461539,2.3768731519994617,0.7667426170010003
UTM,231,tm,73.25,2.3718684550003672,0.7802986229980888
UTM,232,tm,73.04807692307692,2.375696703998983,0.758529577000445
UTM,233,tm,72.98076923076923,2.3724954159988556,0.7718551149991981
UTM,234,tm,73.2548076923077,2.3757597750009154,0.7608522089976759
UTM,235,tm,73.29807692307693,2.4020125290007854,0.7682473709974147
UTM,236,tm,73.25961538461539,2.359150579002744,0.7550559320006869
UTM,237,tm,73.2451923076923,2.367412848998356,0.7673890609985392
UTM,238,tm,73.4423076923077,2.379498736001551,0.7481221470006858
UTM,239,tm,73.36538461538461,2.3525024950031366,0.7827996260020882
UTM,240,tm,73.15865384615384,2.3625116549992526,0.7605901220013038
UTM,241,tm,73.1298076923077,2.3712254999991274,0.7672749509983987
UTM,242,tm,73.30288461538461,2.372059362998698,0.766195850999793
UTM,243,tm,73.27884615384616,2.3640574860000925,0.7635048200027086
UTM,244,tm,73.27403846153845,2.3753217769990442,0.7682414910013904
UTM,245,tm,73.27403846153845,2.364956631001405,0.7745964850000746
UTM,246,tm,72.95673076923077,2.374888901998929,0.7616825149998476
UTM,247,tm,73.04807692307692,2.3749708299983467,0.7552960939974582
UTM,248,tm,72.7451923076923,2.4154669900017325,0.761752793998312
UTM,249,tm,72.82692307692308,2.3910265140002593,0.7703935929966974
UTM,250,tm,72.9423076923077,2.3785991450022266,0.7675706430018181
UTM,251,tm,73.04807692307692,2.3763561630003096,0.7609656790009467
UTM,252,tm,73.35576923076923,2.3760846629993466,0.7730885940000007
UTM,253,tm,73.32692307692308,2.38552988399897,0.7623230909994163
UTM,254,tm,73.47115384615385,2.3695406320002803,0.7668189970027015
UTM,255,tm,73.39903846153845,2.3712816839979496,0.7702029110005242
UTM,256,tm,73.19711538461539,2.367310270001326,0.7597917829989456
UTM,257,tm,73.4423076923077,2.4034219040004245,0.7529859150017728
UTM,258,tm,73.26923076923076,2.371229521002533,0.7683448960015085
UTM,259,tm,73.32211538461539,2.3865835800024797,0.7738716259991634
UTM,260,tm,73.27403846153845,2.3744294339994667,0.7668255499993393
UTM,261,tm,73.15384615384616,2.3591666419997637,0.7562064190024103
UTM,262,tm,73.28365384615385,2.3776975870023307,0.7676567750022514
UTM,263,tm,73.29326923076923,2.3747459940022964,0.7774637319998874
UTM,264,tm,73.08653846153847,2.3765687179984525,0.7643255580005643
UTM,265,tm,73.07692307692307,2.377901096999267,0.7494863169995369
UTM,266,tm,72.79807692307692,2.3798531709981035,0.7550673139994615
UTM,267,tm,72.69711538461539,2.371291840001504,0.7666999519969977
UTM,268,tm,72.9423076923077,2.38103050099744,0.7528201999994053
UTM,269,tm,72.6826923076923,2.388704267999856,0.7534136149988626
UTM,270,tm,73.09134615384615,2.380380733000493,0.7579493019984511
UTM,271,tm,73.07211538461539,2.3847662860025594,0.7552146960006212
UTM,272,tm,73.36057692307692,2.407439444999909,0.7648159150012361
UTM,273,tm,73.21634615384616,2.3836513979986194,0.7802310420011054
UTM,274,tm,73.10096153846153,2.395927223999024,0.7698554810012865
UTM,275,tm,73.3173076923077,2.379828507997445,0.7604557580016262
UTM,276,tm,73.2451923076923,2.3702639309994993,0.7569872579988441
UTM,277,tm,73.26923076923076,2.3724025429983158,0.7665463209996233
UTM,278,tm,73.19711538461539,2.3743304269992223,0.7579820930004644
UTM,279,tm,73.27403846153845,2.3847634970006766,0.7501596900001459
UTM,280,tm,73.28846153846153,2.378555582003173,0.752114093000273
UTM,281,tm,73.11057692307692,2.3821659239984,0.7490852949995315
UTM,282,tm,73.1298076923077,2.3982713279983727,0.758510819003277
UTM,283,tm,73.30288461538461,2.3863988280027115,0.7511939409996558
UTM,284,tm,73.2451923076923,2.375683750000462,0.7670404370001052
UTM,285,tm,73.14423076923077,2.367372422999324,0.7531037629996717
UTM,286,tm,73.27403846153845,2.362137250998785,0.7742656000009447
UTM,287,tm,73.25,2.3804324890006683,0.7622189290013921
UTM,288,tm,73.2548076923077,2.363598076000926,0.755103309002152
UTM,289,tm,73.23557692307693,2.3761495380022097,0.7615018609976687
UTM,290,tm,73.32211538461539,2.381022720001056,0.7579313060014101
UTM,291,tm,73.16346153846153,2.37680329000068,0.7513442960007524
UTM,292,tm,73.2548076923077,2.3840071570011787,0.7647175479978614
UTM,293,tm,73.16826923076924,2.3749667789998057,0.7429671120007697
UTM,294,tm,73.09134615384615,2.393540352000855,0.7667308290001529
UTM,295,tm,73.27884615384616,2.3638662909979757,0.7680752500018571
UTM,296,tm,73.04807692307692,2.397517299003084,0.7578912530007074
UTM,297,tm,73.28846153846153,2.3670651440006623,0.767639967998548
UTM,298,tm,73.10576923076924,2.3584116929996526,0.7643282440003532
UTM,299,tm,73.16346153846153,2.3732767820001754,0.7554227079999691
UTM,300,tm,73.13942307692308,2.363297510000848,0.7597252720006509
UTM,301,tm,73.0048076923077,2.3819231199995556,0.7558720329980133
UTM,302,tm,73.04326923076923,2.3695394640017184,0.7537882249998802
UTM,303,tm,72.72115384615384,2.359615973000473,0.7738161079978454
UTM,304,tm,72.82211538461539,2.358127963998413,0.7531863680014794
UTM,305,tm,72.97596153846155,2.3659877159989264,0.7653562110026542
UTM,306,tm,73.0048076923077,2.3673668499977794,0.7794814580011007
UTM,307,tm,72.88461538461539,2.369717690999096,0.767812469999626
UTM,308,tm,73.00961538461539,2.37647959899914,0.7740414500003681
UTM,309,tm,72.9423076923077,2.3940796019996924,0.7593216009991011
UTM,310,tm,72.9423076923077,2.405086714999925,0.7755995099978463
UTM,311,tm,73.0576923076923,2.3929272889981803,0.7523229489997902
UTM,312,tm,73.04326923076923,2.3919340050015307,0.7729747740013408
UTM,313,tm,73.1201923076923,2.3946528599990415,0.7628825230021903
UTM,314,tm,73.0576923076923,2.3926471949998813,0.768463240001438
UTM,315,tm,73.10576923076924,2.405805947997578,0.770427955998457
UTM,316,tm,73.32211538461539,2.3749105079987203,0.7660330229991814
UTM,317,tm,73.16826923076924,2.3910710109994397,0.76157654599956
UTM,318,tm,72.9951923076923,2.386964667999564,0.7634616159994039
UTM,319,tm,73.04326923076923,2.3575252529990394,0.7565788799984148
UTM,320,tm,72.76923076923076,2.3767490760001238,0.7571933889994398
UTM,321,tm,72.5673076923077,2.37565665999864,0.7646528400000534
UTM,322,tm,72.72115384615384,2.379166870003246,0.7645116029998462
UTM,323,tm,73.05288461538461,2.3892228350014193,0.7563950490002753
UTM,324,tm,73.00961538461539,2.3801193139988754,0.7596846449996519
UTM,325,tm,73.13461538461539,2.3803396100011014,0.7668907910010603
UTM,326,tm,73.21634615384616,2.381665406002867,0.764024664000317
UTM,327,tm,73.0625,2.3769316779980727,0.7628639619979367
UTM,328,tm,73.10576923076924,2.381153500999062,0.7662838529977307
UTM,329,tm,73.09615384615384,2.3712955309965764,0.7710357569994812
UTM,330,tm,73.15384615384616,2.3791363220007042,0.7675077860003512
UTM,331,tm,72.95192307692308,2.3710180170019157,0.7668713370003388
UTM,332,tm,73.125,2.3801619969999592,0.758852109000145
UTM,333,tm,72.9951923076923,2.3965984220012615,0.7584802700002911
UTM,334,tm,73.11538461538461,2.368354852998891,0.768430812000588
UTM,335,tm,72.92307692307692,2.376548301999719,0.7650444960017921
UTM,336,tm,72.83653846153845,2.3878540709993104,0.7665096999990055
UTM,337,tm,72.83173076923077,2.3679350479978893,0.7694304100004956
UTM,338,tm,73.20673076923076,2.406606657001248,0.7748279109982832
UTM,339,tm,73.10096153846153,2.3873531429999275,0.7627217890003521
UTM,340,tm,73.1875,2.395437953997316,0.7437400260023423
UTM,341,tm,73.17788461538461,2.3918030170025304,0.7570351059985114
UTM,342,tm,73.16346153846153,2.3757574439987366,0.7635191570007009
UTM,343,tm,73.27403846153845,2.4005500140010554,0.753953849998652
UTM,344,tm,73.25,2.380891392000194,0.7591682999991463
UTM,345,tm,73.26923076923076,2.385063268000522,0.7575101980000909
UTM,346,tm,73.1201923076923,2.3983731100015575,0.7538759449998906
UTM,347,tm,73.08173076923077,2.3801534619997256,0.7543048360021203
UTM,348,tm,73.1826923076923,2.3952392539977154,0.765545573001873
UTM,349,tm,73.21634615384616,2.399624270001368,0.7577397009990818
UTM,350,tm,73.36057692307692,2.4076645269997243,0.7610532399994554
UTM,351,tm,73.14903846153847,2.4067676330014365,0.75813177800228
UTM,352,tm,73.34134615384616,2.3857193019975966,0.7641139009974722
UTM,353,tm,73.34615384615385,2.397816189997684,0.7536568110008375
UTM,354,tm,73.04326923076923,2.395984948001569,0.756734074002452
UTM,355,tm,72.89423076923077,2.396004163998441,0.7680968870008655
UTM,356,tm,73.09615384615384,2.36189280599865,0.7462654040027701
UTM,357,tm,72.98557692307692,2.3741125800006557,0.7444479009973293
UTM,358,tm,72.96153846153847,2.394023988999834,0.7592823730010423
UTM,359,tm,72.85576923076923,2.4035982790010166,0.7420527809990745
UTM,360,tm,73.14903846153847,2.403277629000513,0.7501494550015195
UTM,361,tm,73.0,2.39090527100052,0.765772023001773
UTM,362,tm,73.23076923076923,2.3957218790019397,0.7487750720028998
UTM,363,tm,73.26923076923076,2.3980749000002106,0.7417851890022575
UTM,364,tm,73.27403846153845,2.3968348289999994,0.7571548880005139
UTM,365,tm,73.2548076923077,2.4088990119998925,0.7463935630003107
UTM,366,tm,73.2548076923077,2.3991260250004416,0.7517848930001492
UTM,367,tm,73.23076923076923,2.406338592998509,0.7584446789987851
UTM,368,tm,73.25,2.3831536159996176,0.7563064540008781
UTM,369,tm,73.33653846153845,2.3910961969995697,0.7459360640023078
UTM,370,tm,73.36538461538461,2.4021342380001443,0.7547368369996548
UTM,371,tm,73.22596153846153,2.3758952819989645,0.7668682719995559
UTM,372,tm,73.36057692307692,2.3724892319987703,0.7678063780003868
UTM,373,tm,73.2548076923077,2.386719305999577,0.7595610479984316
UTM,374,tm,73.33653846153845,2.3923860030008655,0.7685973070001637
UTM,375,tm,73.33173076923077,2.383724256997084,0.7624162339998293
UTM,376,tm,73.24038461538461,2.3943768680001085,0.7714322689971596
UTM,377,tm,72.99038461538461,2.401055323000037,0.7633448289998341
UTM,378,tm,72.7548076923077,2.389442391002376,0.7724659800005611
UTM,379,tm,72.9326923076923,2.396174310000788,0.7485833239989006
UTM,380,tm,73.14423076923077,2.4001776069999323,0.7663689149994752
UTM,381,tm,73.29807692307693,2.398305464997975,0.763418325001112
UTM,382,tm,73.3798076923077,2.406803983001737,0.7762749590001476
UTM,383,tm,73.2451923076923,2.369313636998413,0.7579848990026221
UTM,384,tm,73.25961538461539,2.3773549659999844,0.7496049690016662
UTM,385,tm,73.23557692307693,2.374195327000052,0.765375672999653
UTM,386,tm,73.24038461538461,2.3793293130001985,0.7413799699970696
UTM,387,tm,72.86057692307692,2.3830567139993946,0.761225377998926
UTM,388,tm,72.96634615384615,2.4053400400007376,0.7555439979987568
UTM,389,tm,73.25961538461539,2.401579754998238,0.7635892170001171
UTM,390,tm,73.1875,2.394134033998853,0.7586432409989357
UTM,391,tm,73.30288461538461,2.38853299299808,0.7454140709996864
UTM,392,tm,73.125,2.3862214149994543,0.7632171690020186
UTM,393,tm,73.1298076923077,2.397689594003168,0.7706298019984388
UTM,394,tm,72.73076923076923,2.4047444089992496,0.76901824900051
UTM,395,tm,72.57211538461539,2.3901929710009426,0.7670836059987778
UTM,396,tm,72.61538461538461,2.4046659429986903,0.7404390759984381
UTM,397,tm,72.6826923076923,2.3817240970020066,0.7562194599995564
UTM,398,tm,72.90865384615385,2.3814059760006785,0.7515195550004137
UTM,399,tm,73.23076923076923,2.3865302160011197,0.744645576000039
UTM,400,tm,73.125,2.389284411998233,0.7610439009986294
UTM,401,tm,72.85096153846153,2.401613879999786,0.7590767110013985
UTM,402,tm,72.82211538461539,2.3827066859994375,0.7518794050010911
UTM,403,tm,73.02403846153847,2.410845447000611,0.756721836001816
UTM,404,tm,72.8076923076923,2.383903885001928,0.7533858549977595
UTM,405,tm,73.04326923076923,2.378759685001569,0.7544787470033043
UTM,406,tm,72.6826923076923,2.404938758998469,0.7562799770021229
UTM,407,tm,72.78846153846153,2.4016740340011893,0.7630312430010235
UTM,408,tm,72.83173076923077,2.4040562699992734,0.75346634500238
UTM,409,tm,73.11538461538461,2.390929093999148,0.7546749500033911
UTM,410,tm,73.08173076923077,2.397686888001772,0.7417495049994614
UTM,411,tm,73.17307692307692,2.399747490999289,0.753614066998125
UTM,412,tm,73.13461538461539,2.3836597129993606,0.7646957520009892
UTM,413,tm,73.11538461538461,2.3899053640016064,0.7587181919989234
UTM,414,tm,73.40384615384615,2.3828065560010145,0.7513122800010024
UTM,415,tm,73.22596153846153,2.38862005700139,0.755670505001035
UTM,416,tm,73.13461538461539,2.3877560530017945,0.7582941309992748
UTM,417,tm,73.36057692307692,2.3809698400000343,0.7537350679995143
UTM,418,tm,73.15384615384616,2.3848706479984685,0.7463476279990573
UTM,419,tm,73.25961538461539,2.382875203998992,0.7492833510004857
UTM,420,tm,73.2548076923077,2.394536333002179,0.7601200380013324
UTM,421,tm,73.09134615384615,2.394204816002457,0.7590582279990485
UTM,422,tm,73.0,2.4000509299985424,0.7593053199998394
UTM,423,tm,73.13942307692308,2.388987599999382,0.7584963299996161
UTM,424,tm,73.1298076923077,2.4086524010017456,0.7565784369980975
UTM,425,tm,73.22115384615384,2.3892565780006407,0.7527380309984437
UTM,426,tm,72.82692307692308,2.3944706469992525,0.7807081350001681
UTM,427,tm,73.10576923076924,2.3873765690004802,0.771747052000137
UTM,428,tm,73.14423076923077,2.3942675719990802,0.7416083470016019
UTM,429,tm,73.23557692307693,2.4081535849982174,0.7559263910006848
UTM,430,tm,73.3125,2.3785034860011365,0.7614599789994827
UTM,431,tm,73.17307692307692,2.3928704439967987,0.7574558390006132
UTM,432,tm,72.8076923076923,2.3970118580000417,0.7634368560029543
UTM,433,tm,73.3125,2.3921099319995847,0.7698088050019578
UTM,434,tm,73.1875,2.397009551998053,0.7694200770019961
UTM,435,tm,73.04326923076923,2.393430280000757,0.754486497000471
UTM,436,tm,73.17307692307692,2.3777885640010936,0.7568453240019153
UTM,437,tm,73.26442307692308,2.379686230000516,0.7481990560008853
UTM,438,tm,73.11057692307692,2.3766095169994514,0.744585382999503
UTM,439,tm,73.10576923076924,2.391319886999554,0.7626138129999163
UTM,440,tm,73.11057692307692,2.3940955750003923,0.7560704940005962
UTM,441,tm,73.11057692307692,2.3744634430004226,0.7560684509990097
UTM,442,tm,73.08173076923077,2.377566115999798,0.7515270549993147
UTM,443,tm,73.0576923076923,2.385960804000206,0.7603480679972563
UTM,444,tm,73.00961538461539,2.3801397239985818,0.753732917997695
UTM,445,tm,72.79326923076923,2.403189847002068,0.7450306749997253
UTM,446,tm,73.04807692307692,2.3950537939999776,0.7539981299996725
UTM,447,tm,73.29326923076923,2.3855904400006693,0.7519554780010367
UTM,448,tm,73.25,2.4137532620006823,0.7512305499985814
UTM,449,tm,73.2451923076923,2.3996764449984767,0.7534393499990983
UTM,450,tm,73.14903846153847,2.396395809999376,0.762846197001636
UTM,451,tm,73.02403846153847,2.391101909997815,0.7690506710023328
UTM,452,tm,73.01923076923077,2.399887375002436,0.7514721180014021
UTM,453,tm,73.04326923076923,2.392182174997288,0.7493338130007032
UTM,454,tm,73.13461538461539,2.3893370580008195,0.7501762399988365
UTM,455,tm,72.875,2.3905973859982623,0.756754567999451
UTM,456,tm,72.8798076923077,2.397695362000377,0.7576526640004886
UTM,457,tm,72.6826923076923,2.398957209999935,0.7709037390013691
UTM,458,tm,72.7548076923077,2.3967596359980234,0.7623908440000378
UTM,459,tm,72.64423076923077,2.4036393980022694,0.7544069750001654
UTM,460,tm,72.98557692307692,2.4079429199991864,0.767226602001756
UTM,461,tm,73.0625,2.418849522000528,0.7641306459991029
UTM,462,tm,73.13461538461539,2.4001735389974783,0.7520300119977037
UTM,463,tm,73.28846153846153,2.402966120000201,0.7704475209975499
UTM,464,tm,73.20673076923076,2.4018377579996013,0.7582121209998149
UTM,465,tm,73.16826923076924,2.4265593839991197,0.7559468170002219
UTM,466,tm,73.21634615384616,2.398750618998747,0.7486485289991833
UTM,467,tm,73.32692307692308,2.3843565540009877,0.7703822080002283
UTM,468,tm,73.22115384615384,2.4113126230004127,0.7539221869992616
UTM,469,tm,72.9423076923077,2.3748201649978,0.7731833010002447
UTM,470,tm,73.23076923076923,2.3907979969990265,0.7663949779998802
UTM,471,tm,73.04807692307692,2.4108969810004055,0.7631126470005256
UTM,472,tm,72.9326923076923,2.397595755999646,0.7623865470013698
UTM,473,tm,72.98076923076923,2.3879709190005087,0.7540278769993165
UTM,474,tm,73.08173076923077,2.408047474000341,0.7684089100002893
UTM,475,tm,72.71153846153847,2.3971811670016905,0.7540904899979068
UTM,476,tm,72.6875,2.4009646710001107,0.7607726659989567
UTM,477,tm,72.77884615384616,2.392100376997405,0.7534578390004754
UTM,478,tm,72.92307692307692,2.4045109740000044,0.7654047420001007
UTM,479,tm,73.27403846153845,2.4078479709969542,0.7566904570012412
UTM,480,tm,73.33173076923077,2.4020918629976222,0.7526627269980963
UTM,481,tm,73.15384615384616,2.404691026000364,0.7618572880019201
UTM,482,tm,72.9423076923077,2.397588617997826,0.7670330869987083
UTM,483,tm,73.17307692307692,2.3971199779989547,0.7651617090014042
UTM,484,tm,72.90384615384615,2.4015221469999233,0.7611431330005871
UTM,485,tm,73.13942307692308,2.4056131140023354,0.764977358001488
UTM,486,tm,73.26442307692308,2.4051993229986692,0.7606217989996367
UTM,487,tm,73.08653846153847,2.404355474998738,0.7437109439997585
UTM,488,tm,73.17307692307692,2.3895612890009943,0.7541539230005583
UTM,489,tm,73.21634615384616,2.383459890999802,0.7685370209983375
UTM,490,tm,73.1875,2.3926126660007867,0.7615766589988198
UTM,491,tm,72.95192307692308,2.386134917000163,0.7717117039974255
UTM,492,tm,73.16346153846153,2.408214026996575,0.7538222840012168
UTM,493,tm,73.04807692307692,2.3987564150011167,0.7664789680020476
UTM,494,tm,73.10576923076924,2.4094929179991595,0.7631921649990545
UTM,495,tm,73.08653846153847,2.3891389760028687,0.7632683999981964
UTM,496,tm,73.11057692307692,2.3913904519977223,0.7702669780010183
UTM,497,tm,73.24038461538461,2.4016989170013403,0.7625056700017012
UTM,498,tm,73.28365384615385,2.411034600001585,0.7563223049983208
UTM,499,tm,73.21153846153847,2.393654895000509,0.7692688739989535
UTM,500,tm,73.3173076923077,2.409293234002689,0.7581403849981143
WTM,1,tm,64.21634615384615,1.7512006309989374,0.7091170599996985
WTM,2,tm,67.27403846153847,1.4306753279997793,0.7187512669988791
WTM,3,tm,66.26923076923077,1.327533196999866,0.7040350310016947
WTM,4,tm,69.00961538461539,1.281780790999619,0.7175932120007928
WTM,5,tm,70.58653846153847,1.2308102969982428,0.71732418800093
WTM,6,tm,71.44711538461539,1.1899293450005644,0.7295108599973901
WTM,7,tm,72.3701923076923,1.1623815839993767,0.7140779000001203
WTM,8,tm,73.6875,1.150924612997187,0.7135334929989767
WTM,9,tm,72.99038461538461,1.1203431549984089,0.7157834700010426
WTM,10,tm,74.1826923076923,1.1011996679990261,0.7150652450000052
WTM,11,tm,73.1923076923077,1.0905592769995565,0.7137005369986582
WTM,12,tm,74.625,1.0567142609979783,0.7152961470019363
WTM,13,tm,75.92788461538461,1.0635840449976968,0.7183212809977704
WTM,14,tm,74.63461538461539,1.05644001499968,0.7330065490023117
WTM,15,tm,74.88942307692308,1.053055405998748,0.7237297329993453
WTM,16,tm,75.80288461538461,1.0318686300015543,0.7141847970015078
WTM,17,tm,73.8173076923077,1.0228628590011795,0.7194891750004899
WTM,18,tm,75.45192307692308,1.023376818997349,0.7364865909985383
WTM,19,tm,75.0673076923077,1.01313061700057,0.7173882069982938
WTM,20,tm,75.24038461538461,1.0045674840002903,0.734313025001029
WTM,21,tm,75.34134615384616,1.0077363770033116,0.7115321589990344
WTM,22,tm,76.5576923076923,0.9882753349993436,0.711961816999974
WTM,23,tm,74.92788461538461,0.980600514998514,0.7203657240024768
WTM,24,tm,74.57692307692308,0.9913257309999608,0.7189884489998803
WTM,25,tm,76.08653846153847,0.9830401379986142,0.7247784140017757
WTM,26,tm,76.1923076923077,0.9834617859996797,0.7363723250018666
WTM,27,tm,76.41346153846153,0.978289134996885,0.7385085349997098
WTM,28,tm,75.50961538461539,0.9659687580024183,0.7272219719998247
WTM,29,tm,76.6298076923077,0.9659542790031992,0.7266651579993777
WTM,30,tm,76.41826923076923,0.9586374339996837,0.7344955110020237
WTM,31,tm,75.76923076923077,0.950405519000924,0.7224229820021719
WTM,32,tm,74.95192307692308,0.9533011120001902,0.7261021740014257
WTM,33,tm,76.61538461538461,0.9665292159988894,0.7158064030008973
WTM,34,tm,74.92307692307692,0.9421398710001085,0.7262089809992176
WTM,35,tm,77.0673076923077,0.942530287997215,0.7264171269998769
WTM,36,tm,76.90865384615385,0.9406274519969884,0.7207978289989114
WTM,37,tm,77.34134615384616,0.9505063719989266,0.7189089280000189
WTM,38,tm,76.64903846153847,0.9465635739979916,0.7358373889983341
WTM,39,tm,77.6826923076923,0.9346639499999583,0.7345774970017374
WTM,40,tm,78.20192307692308,0.9399234769989562,0.7365618980002182
WTM,41,tm,77.89903846153847,0.9107851410008152,0.7297487180003372
WTM,42,tm,77.20192307692308,0.9372697470025741,0.7281429620015842
WTM,43,tm,78.53846153846153,0.930539750999742,0.7279574060012237
WTM,44,tm,78.24038461538461,0.9267306959991402,0.7279159089994209
WTM,45,tm,77.0576923076923,0.9231329579997691,0.740281849000894
WTM,46,tm,77.38461538461539,0.9296514249981556,0.7215854640016914
WTM,47,tm,75.54326923076923,0.9181828569999197,0.7259317489988462
WTM,48,tm,77.20673076923077,0.9207405939996534,0.7272339980008837
WTM,49,tm,77.65384615384615,0.9053498569992371,0.7357780329984962
WTM,50,tm,77.6923076923077,0.9000758729998779,0.7349129079993872
WTM,51,tm,77.6201923076923,0.9021306810027454,0.7354482269984146
WTM,52,tm,79.09615384615385,0.9011626849969616,0.7269182359996194
WTM,53,tm,78.5625,0.9208620429999428,0.7421705710003152
WTM,54,tm,78.22115384615384,0.8959516700015229,0.732641884998884
WTM,55,tm,77.53365384615385,0.8979945290011528,0.7345444010024949
WTM,56,tm,78.84134615384616,0.897783057000197,0.7341148980012804
WTM,57,tm,78.10576923076923,0.8972162439968088,0.7315930780023336
WTM,58,tm,77.76442307692307,0.8852691699976276,0.7393996819992026
WTM,59,tm,77.1826923076923,0.8924297120029223,0.7331557299985434
WTM,60,tm,76.5576923076923,0.8909951749992615,0.7351217169998563
WTM,61,tm,76.51923076923077,0.8944800329991267,0.7360537610002211
WTM,62,tm,78.34615384615384,0.8933862359990599,0.7390360889985459
WTM,63,tm,79.23076923076923,0.9210257830018236,0.7406673189980211
WTM,64,tm,78.13942307692308,0.8997865450000972,0.7229350330017041
WTM,65,tm,75.76442307692308,0.8975668190032593,0.7341096730015124
WTM,66,tm,78.84615384615384,0.8676458330010064,0.743527537000773
WTM,67,tm,77.15384615384615,0.8952822360006394,0.7206383390002884
WTM,68,tm,77.3173076923077,0.8928088210013811,0.7355833669971616
WTM,69,tm,77.625,0.9003460909989371,0.7344598599993333
WTM,70,tm,78.36057692307692,0.8935998249980912,0.7192925159979495
WTM,71,tm,78.63461538461539,0.8829059260024223,0.7360423440004524
WTM,72,tm,78.3076923076923,0.887679802999628,0.7351512109999021
WTM,73,tm,79.16826923076923,0.8787989140000718,0.7378364039977896
WTM,74,tm,77.17788461538461,0.8803767300014442,0.7476654189995315
WTM,75,tm,79.33173076923077,0.8749724820008851,0.7396938470010355
WTM,76,tm,79.16826923076923,0.8789995170009206,0.7400903909983754
WTM,77,tm,78.35576923076924,0.8839465489982103,0.741411088998575
WTM,78,tm,78.35096153846153,0.8766636010004731,0.7253816630000074
WTM,79,tm,78.0673076923077,0.8932255580002675,0.7430733330002113
WTM,80,tm,78.1201923076923,0.8719554830022389,0.7250226720025239
WTM,81,tm,79.4951923076923,0.8879243339979439,0.7250378400021873
WTM,82,tm,79.33173076923077,0.8789204099994095,0.721730966000905
WTM,83,tm,78.22596153846155,0.8762076109996997,0.7266664359995048
WTM,84,tm,79.11057692307692,0.8583940589996928,0.7425077299994882
WTM,85,tm,79.15384615384615,0.8630091699997138,0.7402287670010992
WTM,86,tm,78.84134615384616,0.880342706997908,0.726827794998826
WTM,87,tm,78.04326923076923,0.8715596250003728,0.7302635190026194
WTM,88,tm,78.58173076923077,0.8676663300029759,0.7382899920012278
WTM,89,tm,78.48076923076923,0.8789394160012307,0.7158858909970149
WTM,90,tm,78.66346153846155,0.8663681360012561,0.7346242189996701
WTM,91,tm,78.24038461538461,0.8500401230012358,0.7281012410021503
WTM,92,tm,79.04807692307692,0.8608155430010811,0.7352039059987874
WTM,93,tm,79.98076923076923,0.8409127000013541,0.7332743410006515
WTM,94,tm,77.6201923076923,0.8639825009995548,0.7397035860012693
WTM,95,tm,77.8125,0.8600796259997878,0.7333603740007675
WTM,96,tm,77.8173076923077,0.8690893460006919,0.7389597550027247
WTM,97,tm,79.0048076923077,0.8630013649999455,0.7206875890005904
WTM,98,tm,79.21153846153847,0.857794378996914,0.7386560350023501
WTM,99,tm,78.38942307692308,0.8536981119978009,0.7477432529994985
WTM,100,tm,78.46153846153847,0.8653705079996143,0.7341096889977052
WTM,101,tm,79.25961538461539,0.8541783770015172,0.7290139659999113
WTM,102,tm,78.89903846153847,0.8661092819966143,0.7297667210004875
WTM,103,tm,78.04807692307692,0.8616985930020746,0.7312228139999206
WTM,104,tm,78.78365384615384,0.8653924829995958,0.7393370999998297
WTM,105,tm,79.50961538461539,0.8623494470011792,0.7349142349994509
WTM,106,tm,79.67307692307692,0.865311509998719,0.7330370359995868
WTM,107,tm,79.15865384615385,0.8524690340018424,0.7309109890011314
WTM,108,tm,78.67307692307692,0.8358168179984204,0.7275200799995218
WTM,109,tm,80.46634615384616,0.8545001490019786,0.7185541289982211
WTM,110,tm,79.11057692307692,0.8492117050009256,0.7325185450026765
WTM,111,tm,78.71153846153847,0.8495384230009222,0.72516271099812
WTM,112,tm,79.80288461538461,0.8603178720004507,0.7293845560016052
WTM,113,tm,79.90384615384616,0.8464114240014169,0.7347237030007818
WTM,114,tm,79.63942307692308,0.8424977130016487,0.743917824998789
WTM,115,tm,79.64903846153845,0.8454397470013646,0.7378670879988931
WTM,116,tm,79.14903846153845,0.8436896559978777,0.7337811299985333
WTM,117,tm,79.59615384615385,0.8386291839997284,0.7348449170021922
WTM,118,tm,79.77403846153847,0.8584520900003554,0.7301554410005338
WTM,119,tm,80.25961538461537,0.8365993080005865,0.7171057570012636
WTM,120,tm,78.27884615384615,0.8443379570016987,0.7263861510000424
WTM,121,tm,78.2548076923077,0.8487649469971075,0.7302230620007322
WTM,122,tm,79.65384615384615,0.8406223029996909,0.7454220580002584
WTM,123,tm,79.17788461538461,0.8447092509995855,0.7349660660001973
WTM,124,tm,78.51442307692308,0.8473582749975321,0.7444825950005907
WTM,125,tm,78.47596153846153,0.8500858940024045,0.7326880249966052
WTM,126,tm,80.57692307692308,0.8349770620006893,0.7365514229968539
WTM,127,tm,79.02884615384616,0.829261797000072,0.7250038310012314
WTM,128,tm,79.02884615384616,0.8550155730008555,0.721778685998288
WTM,129,tm,78.17307692307692,0.8546970780007541,0.7249784179984999
WTM,130,tm,77.24038461538461,0.843639537000854,0.7266972440011159
WTM,131,tm,78.03365384615385,0.841201101000479,0.7215104409988271
WTM,132,tm,78.7451923076923,0.8391792210022686,0.7176669860018592
WTM,133,tm,79.21153846153847,0.8452279310004087,0.7189601009995386
WTM,134,tm,78.84615384615384,0.8362004430018715,0.7367383009986952
WTM,135,tm,79.77884615384615,0.8425158440004452,0.730241686997033
WTM,136,tm,79.29326923076923,0.8259920540003804,0.7237607449969801
WTM,137,tm,78.79807692307692,0.8343012999976054,0.739618617000815
WTM,138,tm,77.75,0.8437963189971924,0.7321966409981542
WTM,139,tm,78.83653846153847,0.8407998879993102,0.725963895998575
WTM,140,tm,78.59134615384616,0.8514267249993281,0.7198285940030473
WTM,141,tm,78.5,0.8376627840007131,0.7293738380030845
WTM,142,tm,79.25,0.8540467619968695,0.7342469899995194
WTM,143,tm,79.4326923076923,0.8369149980026123,0.7355004719975113
WTM,144,tm,78.9326923076923,0.8271115839997947,0.7398396399985359
WTM,145,tm,79.03846153846153,0.8418194119985856,0.7396993179972924
WTM,146,tm,78.77884615384615,0.8479717179980071,0.7345654820019263
WTM,147,tm,79.10096153846153,0.8408786699983466,0.738980943999195
WTM,148,tm,77.17307692307692,0.8443834530007734,0.7202149709992227
WTM,149,tm,80.17307692307692,0.8413703740006895,0.7393570640015241
WTM,150,tm,78.90865384615384,0.8284894899989013,0.7281859319991781
WTM,151,tm,79.57211538461539,0.8382636379974429,0.7301359899975068
WTM,152,tm,78.5576923076923,0.8292951740004355,0.7278975099980016
WTM,153,tm,79.0048076923077,0.8358080890029669,0.7314832939991902
WTM,154,tm,78.61057692307692,0.8428523229995335,0.7337442520001787
WTM,155,tm,79.74038461538461,0.8485042819993396,0.7277489590014738
WTM,156,tm,80.71634615384615,0.8294143500024802,0.7449025259993505
WTM,157,tm,79.46634615384616,0.8301244799986307,0.7375779329995567
WTM,158,tm,77.08653846153845,0.8356447959995421,0.7347535299995798
WTM,159,tm,79.5048076923077,0.8253758659993764,0.7411442880002141
WTM,160,tm,78.03365384615385,0.826343998000084,0.7239278080014628
WTM,161,tm,79.2451923076923,0.8262842420008383,0.7305554640006449
WTM,162,tm,79.65865384615385,0.8315704639971955,0.7479577109988895
WTM,163,tm,79.4375,0.8259552689996781,0.736662259001605
WTM,164,tm,79.32692307692307,0.830901035998977,0.7305474740023783
WTM,165,tm,78.54807692307692,0.8393733390003035,0.7285229230001278
WTM,166,tm,78.23076923076923,0.8304291899985401,0.7414692589991319
WTM,167,tm,78.86538461538461,0.8359122360016045,0.7412914169981377
WTM,168,tm,79.33173076923077,0.8571556009992491,0.7458000350015936
WTM,169,tm,80.04326923076923,0.8388203299982706,0.7327904670019052
WTM,170,tm,78.20192307692308,0.8309256419997837,0.7352690340012487
WTM,171,tm,78.57692307692308,0.8417099569996935,0.7291292449990578
WTM,172,tm,79.41826923076924,0.8264696170008392,0.7320518109991099
WTM,173,tm,79.9423076923077,0.8300536079987069,0.7280947199978982
WTM,174,tm,79.17307692307692,0.821241107001697,0.7308387869998114
WTM,175,tm,79.51442307692308,0.8116018900000199,0.7403561869978148
WTM,176,tm,79.80288461538461,0.8301025910004682,0.7299042070007999
WTM,177,tm,79.01923076923076,0.8239100400023744,0.7317238340001495
WTM,178,tm,77.86538461538461,0.8346636360001867,0.7275614569989557
WTM,179,tm,79.11538461538463,0.8377474890003214,0.7383508839993738
WTM,180,tm,78.60576923076923,0.8417935590005072,0.7264540239993948
WTM,181,tm,78.11057692307692,0.8208367259976512,0.7241507299986552
WTM,182,tm,79.32211538461539,0.8251971420031623,0.7302814969989413
WTM,183,tm,78.53846153846153,0.8366574859974207,0.7333161950009526
WTM,184,tm,79.83173076923077,0.8232067060016561,0.7289553109985718
WTM,185,tm,79.04326923076923,0.8286399899989192,0.7341451259999303
WTM,186,tm,79.63942307692308,0.8338845959988248,0.731747677000385
WTM,187,tm,79.04326923076923,0.8285606550016382,0.7283274399997026
WTM,188,tm,78.44711538461539,0.8150338369996462,0.7226894170016749
WTM,189,tm,78.38942307692308,0.8390290769966668,0.7282815079997818
WTM,190,tm,77.99038461538461,0.8322364119994745,0.7346762209999724
WTM,191,tm,78.05288461538461,0.8232332449988462,0.7292852550017415
WTM,192,tm,79.41346153846153,0.8272877559975313,0.7344610830004967
WTM,193,tm,79.2451923076923,0.8173659329986549,0.7347863540016988
WTM,194,tm,79.20192307692308,0.8196139850006148,0.7332594340005016
WTM,195,tm,79.25961538461539,0.8288242429989623,0.7392835339996964
WTM,196,tm,78.54807692307692,0.8191025090018229,0.735442447999958
WTM,197,tm,78.59134615384616,0.8345289440003398,0.7411765430006199
WTM,198,tm,80.46153846153847,0.8213644280003791,0.7241312229998584
WTM,199,tm,79.34615384615384,0.8231141799988109,0.7373428930004593
WTM,200,tm,79.4375,0.8181420459986839,0.7204050250002183
WTM,201,tm,78.79326923076924,0.831948482998996,0.7344208430004073
WTM,202,tm,79.7451923076923,0.8241169920001994,0.7415249049990962
WTM,203,tm,78.50961538461539,0.8278423989977455,0.7406615250001778
WTM,204,tm,78.57211538461539,0.8223888110005646,0.7347536759989453
WTM,205,tm,79.36538461538461,0.8171096770020085,0.7513217080013419
WTM,206,tm,79.42788461538461,0.8186012430014671,0.7337561630010896
WTM,207,tm,79.20673076923077,0.8183821309976338,0.7375179259979632
WTM,208,tm,79.875,0.820730215000367,0.721695707001345
WTM,209,tm,79.72596153846155,0.8238369399987278,0.7492429279991484
WTM,210,tm,79.89903846153847,0.8193409880004765,0.7250003730005119
WTM,211,tm,79.625,0.8143021760006377,0.7342791060000309
WTM,212,tm,79.92307692307692,0.8385207860010269,0.7481533770005626
WTM,213,tm,79.77884615384615,0.8321313400010695,0.7387022099974274
WTM,214,tm,80.59615384615385,0.8200020519980171,0.727464510997379
WTM,215,tm,78.52403846153845,0.8040052770011243,0.7365271160015254
WTM,216,tm,79.625,0.8186642130021937,0.7348177550011314
WTM,217,tm,79.51923076923076,0.8345904849993531,0.7484744379980839
WTM,218,tm,80.0625,0.818585703997087,0.7312957899994217
WTM,219,tm,80.3173076923077,0.8224923170018883,0.7382188670017058
WTM,220,tm,79.14423076923077,0.8140438880000147,0.7357539719996566
WTM,221,tm,79.19711538461539,0.8270730549993459,0.7371220390014059
WTM,222,tm,80.54807692307693,0.8098028419990442,0.7416062349984713
WTM,223,tm,79.40384615384616,0.814162665999902,0.7457623850023083
WTM,224,tm,80.35096153846155,0.8039216510005645,0.7277316029976646
WTM,225,tm,80.625,0.8269504210002196,0.7212498199987749
WTM,226,tm,79.21634615384615,0.8194493049995799,0.7413318520011671
WTM,227,tm,79.47596153846153,0.8161167179969198,0.7277655500001856
WTM,228,tm,79.96153846153847,0.8093397669981641,0.7282845390000148
WTM,229,tm,78.16346153846155,0.8149280910001835,0.7399044039993896
WTM,230,tm,80.69711538461539,0.8147431900033553,0.7377027080001426
WTM,231,tm,79.24038461538461,0.8132955050023156,0.7387999279999349
WTM,232,tm,78.72596153846155,0.8202797759986424,0.7208653050001885
WTM,233,tm,79.78365384615384,0.8163210139973671,0.7355989520001458
WTM,234,tm,79.72596153846155,0.8228207270003622,0.7299633559996437
WTM,235,tm,79.85096153846155,0.796720317001018,0.7456430519996502
WTM,236,tm,80.40865384615384,0.8196758999984013,0.7207573400010006
WTM,237,tm,80.6826923076923,0.8142989640000451,0.738618311999744
WTM,238,tm,80.1201923076923,0.8444739379992825,0.739796944999398
WTM,239,tm,78.25961538461539,0.8221678609988885,0.7270200489983836
WTM,240,tm,80.2548076923077,0.8206267179994029,0.7338963200018043
WTM,241,tm,80.46153846153847,0.8163359430000128,0.7295856340024329
WTM,242,tm,79.19711538461539,0.8174299849997624,0.7260833910004294
WTM,243,tm,80.64903846153845,0.8165625689980516,0.7263217349973274
WTM,244,tm,81.09134615384616,0.8130268290005915,0.7335337799995614
WTM,245,tm,80.04326923076923,0.8171817340007692,0.7363244650005072
WTM,246,tm,79.28365384615384,0.8219525710010203,0.7466383240025607
WTM,247,tm,79.09615384615385,0.8165826520016708,0.7398935700002767
WTM,248,tm,80.50961538461539,0.8331767679992481,0.7368940710002789
WTM,249,tm,79.59134615384616,0.810784668999986,0.7305956589989364
WTM,250,tm,80.27403846153847,0.8120097309983976,0.7352524969974183
WTM,251,tm,79.49038461538461,0.8223223009990761,0.7306394209990685
WTM,252,tm,80.0,0.8184464129990374,0.7341553730002488
WTM,253,tm,78.80288461538461,0.8189595250005368,0.7391585430013947
WTM,254,tm,79.45192307692308,0.8212081839992607,0.7577993749982852
WTM,255,tm,79.3076923076923,0.8214375940005993,0.7334237939976447
WTM,256,tm,79.22115384615384,0.815713884003344,0.7399201070002164
WTM,257,tm,79.7548076923077,0.8115288740009419,0.7431030850020761
WTM,258,tm,79.89423076923077,0.8201699800010829,0.7513897130011173
WTM,259,tm,80.1875,0.8181915530003607,0.7369415220018709
WTM,260,tm,80.54807692307693,0.8147953059997235,0.7313454269969952
WTM,261,tm,80.41346153846153,0.8261911759982468,0.7297485759991105
WTM,262,tm,79.58173076923077,0.8162557690011454,0.7350477620020683
WTM,263,tm,80.4423076923077,0.8181765799999994,0.7364659340018989
WTM,264,tm,79.71153846153847,0.8139430839983106,0.7255672809988027
WTM,265,tm,79.89423076923077,0.8218121720019553,0.7370890849997522
WTM,266,tm,80.10096153846153,0.8215452380027273,0.7279446779975842
WTM,267,tm,79.22115384615384,0.802791101999901,0.735686750998866
WTM,268,tm,79.66346153846153,0.8266977189996396,0.7306277649986441
WTM,269,tm,79.46634615384616,0.8202118120025261,0.737456781000219
WTM,270,tm,79.91826923076924,0.8191214059988852,0.7313142470011371
WTM,271,tm,79.51923076923076,0.8218555280000146,0.7292935469995427
WTM,272,tm,80.4951923076923,0.8113698209999711,0.7561988310008019
WTM,273,tm,80.13942307692308,0.820387275001849,0.7298364489979576
WTM,274,tm,80.0048076923077,0.8133014820014068,0.7415850390025298
WTM,275,tm,79.70673076923077,0.8216770899998664,0.7219611600012286
WTM,276,tm,79.28365384615384,0.8135458789984114,0.735870516000432
WTM,277,tm,80.22596153846155,0.8168745380025939,0.7403990460006753
WTM,278,tm,80.1875,0.81720670699724,0.7300545450016216
WTM,279,tm,80.77884615384615,0.8196994069985521,0.7371078550022503
WTM,280,tm,79.4375,0.8179312060019583,0.7363424959985423
WTM,281,tm,79.73076923076923,0.8125033260002965,0.7224024120005197
WTM,282,tm,79.73557692307692,0.8153493969984993,0.732575515001372
WTM,283,tm,80.1923076923077,0.8073246959975222,0.7217695730032574
WTM,284,tm,80.64423076923077,0.8249902800016571,0.7353932719997829
WTM,285,tm,79.38461538461539,0.8086127310016309,0.7294157689975691
WTM,286,tm,80.4423076923077,0.82170107100319,0.7416031210013898
WTM,287,tm,80.41826923076924,0.8173024309980974,0.729115500998887
WTM,288,tm,80.76442307692308,0.8152388230009819,0.7348144440002216
WTM,289,tm,79.5576923076923,0.8142681690005702,0.7364352810000128
WTM,290,tm,80.45192307692308,0.8042739880002046,0.7332178899996507
WTM,291,tm,80.51442307692308,0.8168426039992482,0.7343208979982592
WTM,292,tm,80.42788461538461,0.8077241649989446,0.7281670910015237
WTM,293,tm,80.47596153846153,0.8088343839990557,0.73395622499811
WTM,294,tm,80.2451923076923,0.8262583869982336,0.7306967719996464
WTM,295,tm,79.33173076923077,0.8087545470007171,0.7294763099998818
WTM,296,tm,79.95673076923076,0.8194983480025257,0.7356769709986111
WTM,297,tm,79.40865384615384,0.8109190670002135,0.7428543459973298
WTM,298,tm,80.17307692307692,0.8112619260027714,0.7340914170017641
WTM,299,tm,80.57692307692308,0.8244470639983774,0.7420312939975702
WTM,300,tm,80.61057692307692,0.8147185170018929,0.7261568859976251
WTM,301,tm,79.75961538461539,0.8165855789993657,0.742296776999865
WTM,302,tm,79.47596153846153,0.8249379849985417,0.7400025669994648
WTM,303,tm,79.60096153846153,0.8147095600033936,0.7357383870003105
WTM,304,tm,80.04807692307693,0.816376714999933,0.7309194539993769
WTM,305,tm,80.13942307692308,0.8135892150021391,0.7275181820004946
WTM,306,tm,78.625,0.803626416996849,0.7208618849981576
WTM,307,tm,78.7548076923077,0.8371490790013922,0.7338198840006953
WTM,308,tm,80.32211538461539,0.8158944820024772,0.7567147909976484
WTM,309,tm,79.95673076923076,0.8170416010034387,0.7402714320014638
WTM,310,tm,79.47115384615384,0.8094216950012196,0.7364647550020891
WTM,311,tm,80.15865384615385,0.8205480869983148,0.7300773730021319
WTM,312,tm,80.46153846153847,0.799048472999857,0.7276970839993737
WTM,313,tm,79.5,0.8053189839993138,0.7286489020007139
WTM,314,tm,80.46634615384616,0.7988350100022217,0.7378809840010945
WTM,315,tm,78.88461538461539,0.8079848810011754,0.7412219130019366
WTM,316,tm,80.3798076923077,0.809053003002191,0.7332389099974534
WTM,317,tm,79.5048076923077,0.805063670999516,0.7255478799997945
WTM,318,tm,79.55288461538461,0.8194106559967622,0.7357191830014926
WTM,319,tm,80.21634615384615,0.8246566000016173,0.7308109459991101
WTM,320,tm,79.26923076923077,0.818588763999287,0.740436853000574
WTM,321,tm,79.45673076923076,0.8161967819978599,0.7319144549983321
WTM,322,tm,78.97115384615384,0.8099620920002053,0.7423477700031071
WTM,323,tm,79.82692307692307,0.8133876659994712,0.7464226209995104
WTM,324,tm,79.50961538461539,0.8189135829998122,0.7306759729981422
WTM,325,tm,80.15384615384616,0.8039320380012214,0.7545596419986396
WTM,326,tm,80.0576923076923,0.7960077120005735,0.7221098560003156
WTM,327,tm,79.02403846153845,0.801339117999305,0.7436432569993485
WTM,328,tm,78.48557692307693,0.8221682139992481,0.7401586430023599
WTM,329,tm,79.3173076923077,0.8124124620007933,0.7348800550025771
WTM,330,tm,80.0673076923077,0.809088302001328,0.7414949819976755
WTM,331,tm,79.6826923076923,0.8280745990014111,0.741050485001324
WTM,332,tm,80.71634615384615,0.8112723499980348,0.7523361860003206
WTM,333,tm,80.6923076923077,0.7991921070024546,0.7409685880011239
WTM,334,tm,79.49038461538461,0.8061055969992594,0.7445056430005934
WTM,335,tm,79.15384615384615,0.8015971429995261,0.7393454820012266
WTM,336,tm,79.3125,0.8052611489983974,0.7427619539994339
WTM,337,tm,80.47115384615384,0.8038966880012595,0.7445734609973442
WTM,338,tm,79.23557692307692,0.8173147570014407,0.7412763970023661
WTM,339,tm,79.99038461538461,0.8194255550006346,0.74850835700272
WTM,340,tm,79.47596153846153,0.8139784300001338,0.7468034810008248
WTM,341,tm,80.0,0.8129885949965683,0.7302379610009666
WTM,342,tm,79.44711538461539,0.8041123000002699,0.7358040030012489
WTM,343,tm,79.79807692307692,0.8394108869979391,0.7300585600023624
WTM,344,tm,80.27884615384615,0.8187258409998321,0.7209759489996941
WTM,345,tm,80.04807692307693,0.814401062001707,0.7377225189993624
WTM,346,tm,80.1298076923077,0.8168546519991651,0.7422038450022228
WTM,347,tm,80.82692307692308,0.8165049429990177,0.7434507580001082
WTM,348,tm,80.35576923076924,0.8101427180008614,0.7363493310003832
WTM,349,tm,79.73076923076923,0.8061725419975119,0.750881328000105
WTM,350,tm,80.40384615384616,0.813768888998311,0.7269040899991523
WTM,351,tm,80.23076923076923,0.8152227589998802,0.7348686630029988
WTM,352,tm,79.77884615384615,0.8277973139993264,0.7321592019980017
WTM,353,tm,80.98076923076924,0.8181506950022595,0.7438443189967074
WTM,354,tm,79.9423076923077,0.8075199840022833,0.7387387749986374
WTM,355,tm,80.04326923076923,0.8043266079985187,0.7346421180009202
WTM,356,tm,80.71634615384615,0.8143571319997136,0.7316178270011733
WTM,357,tm,79.54807692307693,0.8027128700014146,0.7378593720022764
WTM,358,tm,79.46153846153847,0.8167491370004427,0.7457825170022261
WTM,359,tm,79.33653846153847,0.8083965330006322,0.7318578129998059
WTM,360,tm,80.41826923076924,0.8078341369982809,0.7482545300008496
WTM,361,tm,79.6826923076923,0.8154591519996757,0.7319036920016515
WTM,362,tm,79.40384615384616,0.8190366749986424,0.7385892700003751
WTM,363,tm,79.07211538461539,0.82156301500072,0.7343099889985751
WTM,364,tm,80.30288461538461,0.8120457520017226,0.7243843830001424
WTM,365,tm,79.50961538461539,0.8162591439977405,0.7358444099991175
WTM,366,tm,79.8173076923077,0.814939169002173,0.7375955879979301
WTM,367,tm,80.625,0.8120819569994637,0.728136137000547
WTM,368,tm,81.13942307692308,0.8176605259977805,0.725677482001629
WTM,369,tm,79.52403846153845,0.8172501379995083,0.7372273929977382
WTM,370,tm,80.55288461538461,0.8054961169982562,0.732755034998263
WTM,371,tm,79.625,0.8162818179989699,0.7307480500021484
WTM,372,tm,80.42307692307692,0.831777808998595,0.7398522790026618
WTM,373,tm,79.97115384615384,0.8088956210012839,0.7316723469994031
WTM,374,tm,80.0048076923077,0.8073696399987966,0.7404327040021599
WTM,375,tm,79.8173076923077,0.8165841329973773,0.7287668889985071
WTM,376,tm,79.19711538461539,0.8033714019984473,0.7296641489992908
WTM,377,tm,79.2548076923077,0.7930586399997992,0.7222412359988084
WTM,378,tm,79.49038461538461,0.8015336139978899,0.7294182730001921
WTM,379,tm,78.97596153846153,0.8053350599984697,0.7425479119992815
WTM,380,tm,78.53365384615385,0.8047447949975322,0.7375308999980916
WTM,381,tm,79.57211538461539,0.8095805779994407,0.74559703200066
WTM,382,tm,80.15384615384616,0.8112191470027028,0.7448492129988153
WTM,383,tm,79.23076923076923,0.819813312999031,0.7298252380023769
WTM,384,tm,78.91826923076923,0.8165058839986159,0.7306774360004056
WTM,385,tm,78.71634615384615,0.8087858519975271,0.7403787719995307
WTM,386,tm,77.79326923076924,0.8102658419993531,0.7290926799978479
WTM,387,tm,80.75,0.8113275609975972,0.7386976920024608
WTM,388,tm,80.61057692307692,0.814853364998271,0.7452141930007201
WTM,389,tm,80.21634615384615,0.8100852019997546,0.7371688640014327
WTM,390,tm,80.27403846153847,0.7999932870006887,0.7335627669999667
WTM,391,tm,78.99038461538461,0.7993131359980907,0.7300741979997838
WTM,392,tm,79.13942307692308,0.8111307860017405,0.7351566679972166
WTM,393,tm,79.375,0.8051039979982306,0.7322925000007672
WTM,394,tm,80.98076923076924,0.8170936069982417,0.7339628910012834
WTM,395,tm,79.15865384615385,0.8179084539988253,0.7415525080032239
WTM,396,tm,79.03365384615385,0.8139581169998564,0.7338721269989037
WTM,397,tm,79.59134615384616,0.8166110960009973,0.7249689550008043
WTM,398,tm,81.52403846153847,0.8219846350002626,0.7232002650016511
WTM,399,tm,79.60096153846153,0.8125086469990492,0.7339801929992973
WTM,400,tm,79.23076923076923,0.8036167089994706,0.7422569490008755
WTM,401,tm,80.90384615384615,0.8008760400007304,0.7301203589995566
WTM,402,tm,80.53365384615384,0.809742917001131,0.7456958259972453
WTM,403,tm,80.29807692307692,0.8129521889968601,0.7282811570003105
WTM,404,tm,78.1201923076923,0.811344100999122,0.7347529789985856
WTM,405,tm,80.14423076923077,0.8118361880005978,0.7466961310019542
WTM,406,tm,80.21153846153845,0.7998983840006986,0.7355432320000546
WTM,407,tm,80.03365384615385,0.8115147569988039,0.7466388150023704
WTM,408,tm,81.16826923076923,0.8062017150004976,0.7507636679983989
WTM,409,tm,79.6298076923077,0.7989603060013906,0.7378190090021235
WTM,410,tm,78.92788461538461,0.7950801320002938,0.7429160050014616
WTM,411,tm,80.15384615384616,0.8061733489994367,0.7411466230005317
WTM,412,tm,80.04326923076923,0.812168930999178,0.736538766999729
WTM,413,tm,79.4951923076923,0.8102696560017648,0.7305223110015504
WTM,414,tm,80.61538461538461,0.8023269429977518,0.7210455589993217
WTM,415,tm,79.77884615384615,0.803618178000761,0.7372000599971216
WTM,416,tm,81.01442307692308,0.8015673049994803,0.7229253270015761
WTM,417,tm,79.66826923076923,0.8116243129989016,0.733358474997658
WTM,418,tm,79.48076923076923,0.8061222690012073,0.7384253899981559
WTM,419,tm,80.45673076923077,0.819441605002794,0.7387151360017015
WTM,420,tm,80.40384615384616,0.8102119600007427,0.7268298739982129
WTM,421,tm,80.1201923076923,0.8014322919989354,0.7413119800003187
WTM,422,tm,79.95673076923076,0.800150412000221,0.7306654829990293
WTM,423,tm,80.25,0.8052871689978929,0.7372673480022058
WTM,424,tm,79.14423076923077,0.7982781989994692,0.7255314769972756
WTM,425,tm,79.35096153846153,0.8016508229993633,0.7404614309998578
WTM,426,tm,79.89423076923077,0.8111088980003842,0.7285897020010452
WTM,427,tm,80.1298076923077,0.8025753540023288,0.7297486870011198
WTM,428,tm,80.04326923076923,0.8252469110011589,0.7429206179986068
WTM,429,tm,80.46153846153847,0.8151561289996607,0.7426469120000547
WTM,430,tm,79.09134615384616,0.8084308040015458,0.7367907340012607
WTM,431,tm,78.46634615384616,0.8159999189992959,0.7349643849993299
WTM,432,tm,80.9951923076923,0.7966030600000522,0.747017870999116
WTM,433,tm,79.79807692307692,0.8064913839989458,0.7389438350001001
WTM,434,tm,80.98076923076924,0.7992956009984482,0.7332914990001882
WTM,435,tm,79.9951923076923,0.8056775629993354,0.7332994819989835
WTM,436,tm,80.32692307692308,0.8040979070028698,0.744432470000902
WTM,437,tm,80.8798076923077,0.8034686129976762,0.7293327480001608
WTM,438,tm,79.54807692307693,0.8098541060026037,0.7316451740007324
WTM,439,tm,79.90384615384616,0.7934869489981793,0.7345762889999605
WTM,440,tm,79.89423076923077,0.8086951189980027,0.7303510279998591
WTM,441,tm,80.17307692307692,0.8050371760000417,0.739240692997555
WTM,442,tm,79.97596153846153,0.811226011999679,0.7411608950023947
WTM,443,tm,79.70673076923077,0.8054853000030562,0.7367490960023133
WTM,444,tm,80.86057692307692,0.8017019299986714,0.7385027070013166
WTM,445,tm,79.72115384615385,0.8057586129980336,0.7432807570003206
WTM,446,tm,81.19711538461539,0.8080747839994729,0.7423458940029377
WTM,447,tm,80.05288461538461,0.7987181210010021,0.7372060820016486
WTM,448,tm,80.11057692307692,0.8138403539996943,0.7370486260006146
WTM,449,tm,79.72596153846155,0.8041944629985665,0.7411153869979898
WTM,450,tm,78.53365384615385,0.7982764890002727,0.7329213040029572
WTM,451,tm,78.9375,0.8082468259999587,0.7420390730003419
WTM,452,tm,80.34134615384615,0.806834073002392,0.7369140529990545
WTM,453,tm,79.71634615384615,0.8158036720014934,0.7274778569990303
WTM,454,tm,80.52884615384616,0.7966844170005061,0.7381288680007856
WTM,455,tm,80.61057692307692,0.8069632339975215,0.7301358939985221
WTM,456,tm,80.48557692307692,0.8033865279976453,0.7436622490022273
WTM,457,tm,79.99038461538461,0.8067642940004589,0.7383095869990939
WTM,458,tm,79.84134615384615,0.8063735769974301,0.7510757589989225
WTM,459,tm,79.3798076923077,0.7994363120014896,0.7376317769994785
WTM,460,tm,80.0,0.796901079997042,0.7381119459969341
WTM,461,tm,79.27884615384615,0.8027763120007876,0.7451667919995089
WTM,462,tm,80.04326923076923,0.8130515459997696,0.7403083919998608
WTM,463,tm,80.59615384615385,0.8054963710019365,0.7328325749986107
WTM,464,tm,79.86057692307692,0.8058277870004531,0.7494815889986057
WTM,465,tm,80.64423076923077,0.8161404840029718,0.7392144820005342
WTM,466,tm,80.15384615384616,0.8074057009980606,0.7333341900011874
WTM,467,tm,80.21634615384615,0.8011038080003345,0.7318625600019004
WTM,468,tm,80.46153846153847,0.8058550040004775,0.7355200769998191
WTM,469,tm,79.84134615384615,0.8084707119996892,0.7494537890015636
WTM,470,tm,79.45673076923076,0.8094562900005258,0.7315926600022067
WTM,471,tm,80.09134615384616,0.8047218840001733,0.7370071889999963
WTM,472,tm,79.98076923076923,0.8008566529970267,0.7482134769998083
WTM,473,tm,78.58653846153845,0.8023774810026225,0.7403296349984885
WTM,474,tm,78.9423076923077,0.7970948980000685,0.743086164999113
WTM,475,tm,80.53365384615384,0.8066063730002497,0.7295707960001891
WTM,476,tm,80.5,0.7962263890003669,0.7397844359984447
WTM,477,tm,80.40384615384616,0.8058395610023581,0.7453341479995288
WTM,478,tm,79.9375,0.804394446000515,0.7403282359991863
WTM,479,tm,80.5673076923077,0.8105231099980301,0.7377254929997434
WTM,480,tm,80.63942307692308,0.8021098859971971,0.74141020100069
WTM,481,tm,80.41346153846153,0.8086790960005601,0.7264379389998794
WTM,482,tm,80.875,0.8076929710005061,0.7432829520002997
WTM,483,tm,80.40384615384616,0.8117000439997355,0.7389874330001476
WTM,484,tm,81.01442307692308,0.8075959790003253,0.7440652530021907
WTM,485,tm,79.52884615384616,0.7997693649995199,0.7336110240030393
WTM,486,tm,80.05288461538461,0.8049687140010064,0.7390952440000547
WTM,487,tm,80.38461538461539,0.7911161039992294,0.7326210890023503
WTM,488,tm,80.02403846153847,0.8013869729984435,0.744772460002423
WTM,489,tm,80.13461538461539,0.8096389849997649,0.7376798420009436
WTM,490,tm,79.65865384615385,0.8054119350017572,0.7507193849996838
WTM,491,tm,80.49038461538461,0.8024835290016199,0.7303778450004756
WTM,492,tm,80.59615384615385,0.7891515360024641,0.7456405810007709
WTM,493,tm,81.3076923076923,0.782489434001036,0.7301585170025646
WTM,494,tm,79.34615384615384,0.7985592059994815,0.736874533999071
WTM,495,tm,80.20192307692308,0.8034270309981366,0.7295909130007203
WTM,496,tm,79.97596153846153,0.7939154699997744,0.7251400919994921
WTM,497,tm,80.8125,0.7955522499978542,0.7372330079997482
WTM,498,tm,80.95673076923077,0.7898800809998647,0.7271030729971244
WTM,499,tm,80.5,0.8143586259975564,0.7385850889986614
WTM,500,tm,80.8701923076923,0.7987623539993365,0.7407210630008194
WTM-NN,1,tm,64.21634615384615,1.7512006309989374,0.7091170599996985
WTM-NN,2,tm,67.27403846153847,1.4306753279997793,0.7187512669988791
WTM-NN,3,tm,66.26923076923077,1.327533196999866,0.7040350310016947
WTM-NN,4,tm,69.00961538461539,1.281780790999619,0.7175932120007928
WTM-NN,5,tm,70.58653846153847,1.2308102969982428,0.71732418800093
WTM-NN,6,tm,71.44711538461539,1.1899293450005644,0.7295108599973901
WTM-NN,7,tm,72.3701923076923,1.1623815839993767,0.7140779000001203
WTM-NN,8,tm,73.6875,1.150924612997187,0.7135334929989767
WTM-NN,9,tm,72.99038461538461,1.1203431549984089,0.7157834700010426
WTM-NN,10,tm,74.1826923076923,1.1011996679990261,0.7150652450000052
WTM-NN,11,tm,73.1923076923077,1.0905592769995565,0.7137005369986582
WTM-NN,12,tm,74.625,1.0567142609979783,0.7152961470019363
WTM-NN,13,tm,75.92788461538461,1.0635840449976968,0.7183212809977704
WTM-NN,14,tm,74.63461538461539,1.05644001499968,0.7330065490023117
WTM-NN,15,tm,74.88942307692308,1.053055405998748,0.7237297329993453
WTM-NN,16,tm,75.80288461538461,1.0318686300015543,0.7141847970015078
WTM-NN,17,tm,73.8173076923077,1.0228628590011795,0.7194891750004899
WTM-NN,18,tm,75.45192307692308,1.023376818997349,0.7364865909985383
WTM-NN,19,tm,75.0673076923077,1.01313061700057,0.7173882069982938
WTM-NN,20,tm,75.24038461538461,1.0045674840002903,0.734313025001029
WTM-NN,21,tm,75.34134615384616,1.0077363770033116,0.7115321589990344
WTM-NN,22,tm,76.5576923076923,0.9882753349993436,0.711961816999974
WTM-NN,23,tm,74.92788461538461,0.980600514998514,0.7203657240024768
WTM-NN,24,tm,74.57692307692308,0.9913257309999608,0.7189884489998803
WTM-NN,25,tm,76.08653846153847,0.9830401379986142,0.7247784140017757
WTM-NN,26,tm,76.1923076923077,0.9834617859996797,0.7363723250018666
WTM-NN,27,tm,76.41346153846153,0.978289134996885,0.7385085349997098
WTM-NN,28,tm,75.50961538461539,0.9659687580024183,0.7272219719998247
WTM-NN,29,tm,76.6298076923077,0.9659542790031992,0.7266651579993777
WTM-NN,30,tm,76.41826923076923,0.9586374339996837,0.7344955110020237
WTM-NN,31,tm,75.76923076923077,0.950405519000924,0.7224229820021719
WTM-NN,32,tm,74.95192307692308,0.9533011120001902,0.7261021740014257
WTM-NN,33,tm,76.61538461538461,0.9665292159988894,0.7158064030008973
WTM-NN,34,tm,74.92307692307692,0.9421398710001085,0.7262089809992176
WTM-NN,35,tm,77.0673076923077,0.942530287997215,0.7264171269998769
WTM-NN,36,tm,76.90865384615385,0.9406274519969884,0.7207978289989114
WTM-NN,37,tm,77.34134615384616,0.9505063719989266,0.7189089280000189
WTM-NN,38,tm,76.64903846153847,0.9465635739979916,0.7358373889983341
WTM-NN,39,tm,77.6826923076923,0.9346639499999583,0.7345774970017374
WTM-NN,40,tm,78.20192307692308,0.9399234769989562,0.7365618980002182
WTM-NN,41,tm,77.89903846153847,0.9107851410008152,0.7297487180003372
WTM-NN,42,tm,77.20192307692308,0.9372697470025741,0.7281429620015842
WTM-NN,43,tm,78.53846153846153,0.930539750999742,0.7279574060012237
WTM-NN,44,tm,78.24038461538461,0.9267306959991402,0.7279159089994209
WTM-NN,45,tm,77.0576923076923,0.9231329579997691,0.740281849000894
WTM-NN,46,tm,77.38461538461539,0.9296514249981556,0.7215854640016914
WTM-NN,47,tm,75.54326923076923,0.9181828569999197,0.7259317489988462
WTM-NN,48,tm,77.20673076923077,0.9207405939996534,0.7272339980008837
WTM-NN,49,tm,77.65384615384615,0.9053498569992371,0.7357780329984962
WTM-NN,50,tm,77.6923076923077,0.9000758729998779,0.7349129079993872
WTM-NN,51,tm,77.6201923076923,0.9021306810027454,0.7354482269984146
WTM-NN,52,tm,79.09615384615385,0.9011626849969616,0.7269182359996194
WTM-NN,53,tm,78.5625,0.9208620429999428,0.7421705710003152
WTM-NN,54,tm,78.22115384615384,0.8959516700015229,0.732641884998884
WTM-NN,55,tm,77.53365384615385,0.8979945290011528,0.7345444010024949
WTM-NN,56,tm,78.84134615384616,0.897783057000197,0.7341148980012804
WTM-NN,57,tm,78.10576923076923,0.8972162439968088,0.7315930780023336
WTM-NN,58,tm,77.76442307692307,0.8852691699976276,0.7393996819992026
WTM-NN,59,tm,77.1826923076923,0.8924297120029223,0.7331557299985434
WTM-NN,60,tm,76.5576923076923,0.8909951749992615,0.7351217169998563
WTM-NN,61,tm,76.51923076923077,0.8944800329991267,0.7360537610002211
WTM-NN,62,tm,78.34615384615384,0.8933862359990599,0.7390360889985459
WTM-NN,63,tm,79.23076923076923,0.9210257830018236,0.7406673189980211
WTM-NN,64,tm,78.13942307692308,0.8997865450000972,0.7229350330017041
WTM-NN,65,tm,75.76442307692308,0.8975668190032593,0.7341096730015124
WTM-NN,66,tm,78.84615384615384,0.8676458330010064,0.743527537000773
WTM-NN,67,tm,77.15384615384615,0.8952822360006394,0.7206383390002884
WTM-NN,68,tm,77.3173076923077,0.8928088210013811,0.7355833669971616
WTM-NN,69,tm,77.625,0.9003460909989371,0.7344598599993333
WTM-NN,70,tm,78.36057692307692,0.8935998249980912,0.7192925159979495
WTM-NN,71,tm,78.63461538461539,0.8829059260024223,0.7360423440004524
WTM-NN,72,tm,78.3076923076923,0.887679802999628,0.7351512109999021
WTM-NN,73,tm,79.16826923076923,0.8787989140000718,0.7378364039977896
WTM-NN,74,tm,77.17788461538461,0.8803767300014442,0.7476654189995315
WTM-NN,75,tm,79.33173076923077,0.8749724820008851,0.7396938470010355
WTM-NN,76,tm,79.16826923076923,0.8789995170009206,0.7400903909983754
WTM-NN,77,tm,78.35576923076924,0.8839465489982103,0.741411088998575
WTM-NN,78,tm,78.35096153846153,0.8766636010004731,0.7253816630000074
WTM-NN,79,tm,78.0673076923077,0.8932255580002675,0.7430733330002113
WTM-NN,80,tm,78.1201923076923,0.8719554830022389,0.7250226720025239
WTM-NN,81,tm,79.4951923076923,0.8879243339979439,0.7250378400021873
WTM-NN,82,tm,79.33173076923077,0.8789204099994095,0.721730966000905
WTM-NN,83,tm,78.22596153846155,0.8762076109996997,0.7266664359995048
WTM-NN,84,tm,79.11057692307692,0.8583940589996928,0.7425077299994882
WTM-NN,85,tm,79.15384615384615,0.8630091699997138,0.7402287670010992
WTM-NN,86,tm,78.84134615384616,0.880342706997908,0.726827794998826
WTM-NN,87,tm,78.04326923076923,0.8715596250003728,0.7302635190026194
WTM-NN,88,tm,78.58173076923077,0.8676663300029759,0.7382899920012278
WTM-NN,89,tm,78.48076923076923,0.8789394160012307,0.7158858909970149
WTM-NN,90,tm,78.66346153846155,0.8663681360012561,0.7346242189996701
WTM-NN,91,tm,78.24038461538461,0.8500401230012358,0.7281012410021503
WTM-NN,92,tm,79.04807692307692,0.8608155430010811,0.7352039059987874
WTM-NN,93,tm,79.98076923076923,0.8409127000013541,0.7332743410006515
WTM-NN,94,tm,77.6201923076923,0.8639825009995548,0.7397035860012693
WTM-NN,95,tm,77.8125,0.8600796259997878,0.7333603740007675
WTM-NN,96,tm,77.8173076923077,0.8690893460006919,0.7389597550027247
WTM-NN,97,tm,79.0048076923077,0.8630013649999455,0.7206875890005904
WTM-NN,98,tm,79.21153846153847,0.857794378996914,0.7386560350023501
WTM-NN,99,tm,78.38942307692308,0.8536981119978009,0.7477432529994985
WTM-NN,100,tm,78.46153846153847,0.8653705079996143,0.7341096889977052
WTM-NN,101,tm,79.25961538461539,0.8541783770015172,0.7290139659999113
WTM-NN,102,tm,78.89903846153847,0.8661092819966143,0.7297667210004875
WTM-NN,103,tm,78.04807692307692,0.8616985930020746,0.7312228139999206
WTM-NN,104,tm,78.78365384615384,0.8653924829995958,0.7393370999998297
WTM-NN,105,tm,79.50961538461539,0.8623494470011792,0.7349142349994509
WTM-NN,106,tm,79.67307692307692,0.865311509998719,0.7330370359995868
WTM-NN,107,tm,79.15865384615385,0.8524690340018424,0.7309109890011314
WTM-NN,108,tm,78.67307692307692,0.8358168179984204,0.7275200799995218
WTM-NN,109,tm,80.46634615384616,0.8545001490019786,0.7185541289982211
WTM-NN,110,tm,79.11057692307692,0.8492117050009256,0.7325185450026765
WTM-NN,111,tm,78.71153846153847,0.8495384230009222,0.72516271099812
WTM-NN,112,tm,79.80288461538461,0.8603178720004507,0.7293845560016052
WTM-NN,113,tm,79.90384615384616,0.8464114240014169,0.7347237030007818
WTM-NN,114,tm,79.63942307692308,0.8424977130016487,0.743917824998789
WTM-NN,115,tm,79.64903846153845,0.8454397470013646,0.7378670879988931
WTM-NN,116,tm,79.14903846153845,0.8436896559978777,0.7337811299985333
WTM-NN,117,tm,79.59615384615385,0.8386291839997284,0.7348449170021922
WTM-NN,118,tm,79.77403846153847,0.8584520900003554,0.7301554410005338
WTM-NN,119,tm,80.25961538461537,0.8365993080005865,0.7171057570012636
WTM-NN,120,tm,78.27884615384615,0.8443379570016987,0.7263861510000424
WTM-NN,121,tm,78.2548076923077,0.8487649469971075,0.7302230620007322
WTM-NN,122,tm,79.65384615384615,0.8406223029996909,0.7454220580002584
WTM-NN,123,tm,79.17788461538461,0.8447092509995855,0.7349660660001973
WTM-NN,124,tm,78.51442307692308,0.8473582749975321,0.7444825950005907
WTM-NN,125,tm,78.47596153846153,0.8500858940024045,0.7326880249966052
WTM-NN,126,tm,80.57692307692308,0.8349770620006893,0.7365514229968539
WTM-NN,127,tm,79.02884615384616,0.829261797000072,0.7250038310012314
WTM-NN,128,tm,79.02884615384616,0.8550155730008555,0.721778685998288
WTM-NN,129,tm,78.17307692307692,0.8546970780007541,0.7249784179984999
WTM-NN,130,tm,77.24038461538461,0.843639537000854,0.7266972440011159
WTM-NN,131,tm,78.03365384615385,0.841201101000479,0.7215104409988271
WTM-NN,132,tm,78.7451923076923,0.8391792210022686,0.7176669860018592
WTM-NN,133,tm,79.21153846153847,0.8452279310004087,0.7189601009995386
WTM-NN,134,tm,78.84615384615384,0.8362004430018715,0.7367383009986952
WTM-NN,135,tm,79.77884615384615,0.8425158440004452,0.730241686997033
WTM-NN,136,tm,79.29326923076923,0.8259920540003804,0.7237607449969801
WTM-NN,137,tm,78.79807692307692,0.8343012999976054,0.739618617000815
WTM-NN,138,tm,77.75,0.8437963189971924,0.7321966409981542
WTM-NN,139,tm,78.83653846153847,0.8407998879993102,0.725963895998575
WTM-NN,140,tm,78.59134615384616,0.8514267249993281,0.7198285940030473
WTM-NN,141,tm,78.5,0.8376627840007131,0.7293738380030845
WTM-NN,142,tm,79.25,0.8540467619968695,0.7342469899995194
WTM-NN,143,tm,79.4326923076923,0.8369149980026123,0.7355004719975113
WTM-NN,144,tm,78.9326923076923,0.8271115839997947,0.7398396399985359
WTM-NN,145,tm,79.03846153846153,0.8418194119985856,0.7396993179972924
WTM-NN,146,tm,78.77884615384615,0.8479717179980071,0.7345654820019263
WTM-NN,147,tm,79.10096153846153,0.8408786699983466,0.738980943999195
WTM-NN,148,tm,77.17307692307692,0.8443834530007734,0.7202149709992227
WTM-NN,149,tm,80.17307692307692,0.8413703740006895,0.7393570640015241
WTM-NN,150,tm,78.90865384615384,0.8284894899989013,0.7281859319991781
WTM-NN,151,nn,85.375,0.497970330001408,0.7369168889999855
WTM-NN,152,nn,85.27403846153845,0.5570017030004237,0.7363139260014577
WTM-NN,153,nn,85.25,0.5247361799993087,0.7515291449999495
WTM-NN,154,nn,85.42788461538461,0.5754281010013074,0.7382958939997479
WTM-NN,155,nn,85.53846153846155,0.5205741299978399,0.7431288460029464
WTM-NN,156,nn,85.3173076923077,0.48810566600150196,0.7337662110003293
WTM-NN,157,nn,85.27884615384616,0.4838015409986838,0.7541758450024645
WTM-NN,158,nn,85.42788461538461,0.5462310399998387,0.734224053001526
WTM-NN,159,nn,85.1826923076923,0.5321539010001288,0.7327231119998032
WTM-NN,160,nn,85.29326923076923,0.5904149010020774,0.7326569079996261
WTM-NN,161,nn,85.2451923076923,0.5301155320012185,0.7364405600019381
WTM-NN,162,nn,85.28365384615385,0.5175754650008457,0.7387233029985509
WTM-NN,163,nn,85.3076923076923,0.5187101280025672,0.7357658349974372
WTM-NN,164,nn,85.20673076923076,0.5881081789993914,0.7339902040002926
WTM-NN,165,nn,85.26923076923076,0.5312657939975907,0.7313803420001932
WTM-NN,166,nn,85.3173076923077,0.5908651030003966,0.7478778209988377
WTM-NN,167,nn,85.1298076923077,0.5329598890020861,0.7296092869983113
WTM-NN,168,nn,85.26442307692308,0.5310695510015648,0.7501847029998316
WTM-NN,169,nn,85.22115384615384,0.5810024970014638,0.7444957150000846
WTM-NN,170,nn,85.20673076923076,0.48683824600084336,0.7374592549967929
WTM-NN,171,nn,85.17788461538461,0.5603174450006918,0.7368978150007024
WTM-NN,172,nn,85.1875,0.5265014110009361,0.7506927469985385
WTM-NN,173,nn,85.20192307692308,0.5274559499994211,0.7498081880003156
WTM-NN,174,nn,85.00961538461539,0.48821387300267816,0.7327206250010931
WTM-NN,175,nn,85.03365384615384,0.554422519999207,0.7565217180017498
WTM-NN,176,nn,85.0576923076923,0.4828796540023177,0.7536391710018506
WTM-NN,177,nn,84.96634615384615,0.5885261830007948,0.7388439450005535
WTM-NN,178,nn,85.08173076923077,0.48644401699857553,0.754915344001347
WTM-NN,179,nn,85.03365384615384,0.5277870970021468,0.7426443119984469
WTM-NN,180,nn,85.16346153846153,0.5156324579984357,0.74361531699833
WTM-NN,181,nn,85.125,0.5885278360001394,0.7453028929994616
WTM-NN,182,nn,85.14423076923077,0.5307907309979782,0.7531511509987467
WTM-NN,183,nn,84.83653846153845,0.559408989000076,0.7358444830024382
WTM-NN,184,nn,84.96634615384615,0.5197133760011639,0.756779112998629
WTM-NN,185,nn,85.13942307692308,0.5327438379972591,0.7507807660003891
WTM-NN,186,nn,84.94711538461537,0.557839700999466,0.7380398599998443
WTM-NN,187,nn,84.9326923076923,0.5197026290006761,0.7442763750004815
WTM-NN,188,nn,85.1298076923077,0.5867007570013811,0.7336509209999349
WTM-NN,189,nn,85.26442307692308,0.4849119240025175,0.7326943749976635
WTM-NN,190,nn,85.04807692307692,0.5258219600000302,0.7412858139978198
WTM-NN,191,nn,84.98076923076923,0.5261749099990993,0.731832369001495
WTM-NN,192,nn,85.16346153846153,0.5874712020013249,0.7413990280001599
WTM-NN,193,nn,85.07692307692307,0.5319163639978797,0.7507908590014267
WTM-NN,194,nn,85.07211538461539,0.5841986179984815,0.7405886140004441
WTM-NN,195,nn,84.9423076923077,0.5200207910020254,0.7323943770024925
WTM-NN,196,nn,85.01923076923077,0.5281135920013185,0.7382027349995042
WTM-NN,197,nn,85.125,0.5335949859982065,0.7575608019978972
WTM-NN,198,nn,85.11538461538461,0.5879170509979303,0.7457554799984791
WTM-NN,199,nn,85.04807692307692,0.521848829001101,0.7426391699991655
WTM-NN,200,nn,85.13942307692308,0.586015248001786,0.7330100500003027
WTM-NN,201,nn,85.08653846153847,0.5248108489977312,0.7532106879989442
WTM-NN,202,nn,85.08173076923077,0.5338004479999654,0.7345923019965994
WTM-NN,203,nn,85.11538461538461,0.586772006998217,0.7277220240030147
WTM-NN,204,nn,85.11057692307692,0.5286540220004099,0.7334098480023385
WTM-NN,205,nn,85.04326923076924,0.5827109160018153,0.736489046998031
WTM-NN,206,nn,85.14423076923077,0.5284534860002168,0.7255561120000493
WTM-NN,207,nn,85.07692307692307,0.5312949119979749,0.729306818000623
WTM-NN,208,nn,85.17788461538461,0.5300809239997761,0.750758901998779
WTM-NN,209,nn,85.0,0.5880978550012514,0.7610991849978745
WTM-NN,210,nn,85.01923076923077,0.5295190590004495,0.7447862240005634
WTM-NN,211,nn,85.16826923076923,0.5809594050006126,0.7453854589984985
WTM-NN,212,nn,84.97596153846155,0.5329955670022173,0.7586936209991109
WTM-NN,213,nn,85.21634615384616,0.5330698729994765,0.7448623790005513
WTM-NN,214,nn,85.13942307692308,0.5271126459992956,0.7602235650010698
WTM-NN,215,nn,85.125,0.580179112002952,0.75083938300304
WTM-NN,216,nn,85.15865384615384,0.4872780480000074,0.7526897599964286
WTM-NN,217,nn,85.0048076923077,0.5836734000004071,0.7339068559995212
WTM-NN,218,nn,85.2451923076923,0.5297118560010858,0.7418932420005149
WTM-NN,219,nn,85.28846153846153,0.5201680379977915,0.7699759030001587
WTM-NN,220,nn,85.16346153846153,0.5856735019988264,0.7430890350005939
WTM-NN,221,nn,85.22115384615384,0.5021145699975023,0.7478601959992375
WTM-NN,222,nn,85.05288461538461,0.5481183869997039,0.752464212000632
WTM-NN,223,nn,85.28365384615385,0.5293446850009786,0.7407968959996651
WTM-NN,224,nn,85.20192307692308,0.5268994210018718,0.7444509380002273
WTM-NN,225,nn,85.1298076923077,0.5290025079993939,0.7441279070008022
WTM-NN,226,nn,85.13461538461539,0.5506782230004319,0.7534830199983844
WTM-NN,227,nn,85.3173076923077,0.4885615040002449,0.735103880000679
WTM-NN,228,nn,85.22115384615384,0.5753301689983346,0.7438053099976969
WTM-NN,229,nn,85.375,0.5318035090022022,0.7399153459991794
WTM-NN,230,nn,85.40384615384615,0.517756883000402,0.7434433160015033
WTM-NN,231,nn,85.33653846153845,0.5309193299981416,0.7350030050001806
WTM-NN,232,nn,85.25961538461539,0.5808173799996439,0.7296430649985268
WTM-NN,233,nn,85.26923076923076,0.5313799329996982,0.7350218280007539
WTM-NN,234,nn,85.15865384615384,0.5462796870015154,0.7551149409991922
WTM-NN,235,nn,85.33173076923077,0.5295171979996667,0.7483475999979419
WTM-NN,236,nn,85.375,0.5131599900014407,0.740009524000925
WTM-NN,237,nn,85.33173076923077,0.5849126140019507,0.7592478199985635
WTM-NN,238,nn,85.33653846153845,0.49844192400269094,0.7328071939991787
WTM-NN,239,nn,85.3798076923077,0.5476393890021427,0.7349169539993454
WTM-NN,240,nn,85.32211538461539,0.48513802900197334,0.7491752010027994
WTM-NN,241,nn,85.35576923076923,0.48729098699914175,0.7520336989982752
WTM-NN,242,nn,85.15384615384616,0.4876638070018089,0.7285329530022864
WTM-NN,243,nn,85.26442307692308,0.5840922730021703,0.7325476030018763
WTM-NN,244,nn,85.15865384615384,0.532688056002371,0.7465207360000932
WTM-NN,245,nn,85.26923076923076,0.5869128529993759,0.7390377689989691
WTM-NN,246,nn,85.40865384615385,0.5098111549996247,0.7383033650003199
WTM-NN,247,nn,85.3173076923077,0.532201095000346,0.7464373000002524
WTM-NN,248,nn,85.26442307692308,0.5315194750000956,0.7455166010004177
WTM-NN,249,nn,85.3076923076923,0.5833105560013792,0.7442888949990447
WTM-NN,250,nn,85.33653846153845,0.5130245910004305,0.7382401720024063
WTM-NN,251,nn,85.42788461538461,0.5900522689989884,0.7575466339985724
WTM-NN,252,nn,85.375,0.533262860000832,0.7322697720010183
WTM-NN,253,nn,85.25961538461539,0.5302065309988393,0.7386064900019846
WTM-NN,254,nn,85.32692307692308,0.5914588999985426,0.7429560309974477
WTM-NN,255,nn,85.32692307692308,0.5345742770005018,0.7552939160013921
WTM-NN,256,nn,85.15384615384616,0.5862688339984743,0.7344417700005579
WTM-NN,257,nn,85.40384615384615,0.5285882589996618,0.7463501669990364
WTM-NN,258,nn,85.33173076923077,0.5162684009992518,0.7526104380012839
WTM-NN,259,nn,85.33653846153845,0.4882964419994096,0.7399583539990999
WTM-NN,260,nn,85.51442307692308,0.5450154270001804,0.7434008470008848
WTM-NN,261,nn,85.3173076923077,0.48550580899973284,0.7434089880007377
WTM-NN,262,nn,85.26923076923076,0.5477381670025352,0.7427791629997955
WTM-NN,263,nn,85.42307692307692,0.48772806000124547,0.7287978360000125
WTM-NN,264,nn,85.42788461538461,0.5290609410003526,0.7495695529978548
WTM-NN,265,nn,85.45192307692308,0.5195060760015622,0.7386453460021585
WTM-NN,266,nn,85.3076923076923,0.5836117139988346,0.7473681590017804
WTM-NN,267,nn,85.4326923076923,0.5214304569999513,0.7346954109998478
WTM-NN,268,nn,85.4326923076923,0.5438132009985566,0.7602294429998437
WTM-NN,269,nn,85.3798076923077,0.48646408499917015,0.7310888760002854
WTM-NN,270,nn,85.4951923076923,0.4861267080013931,0.746307216999412
WTM-NN,271,nn,85.3125,0.5437833370015142,0.7485724819998723
WTM-NN,272,nn,85.24038461538461,0.5303109790002054,0.7662773730007757
WTM-NN,273,nn,85.1875,0.5819136690006417,0.7394244449969847
WTM-NN,274,nn,85.11538461538461,0.5170270160015207,0.74594793599681
WTM-NN,275,nn,85.38461538461539,0.4997631009973702,0.7519776159970206
WTM-NN,276,nn,85.4326923076923,0.5285346050004591,0.73511266299829
WTM-NN,277,nn,85.26923076923076,0.5883335979997355,0.7436391779992846
WTM-NN,278,nn,85.4326923076923,0.5283183389983606,0.7471226870002283
WTM-NN,279,nn,85.4375,0.5820865800014872,0.7579204740031855
WTM-NN,280,nn,85.30288461538461,0.5282992259999446,0.7503082720031671
WTM-NN,281,nn,85.3173076923077,0.517414441001165,0.7402626099974441
WTM-NN,282,nn,85.27884615384616,0.5302318299982289,0.7458041790014249
WTM-NN,283,nn,85.32211538461539,0.5926629329987918,0.7518649300000106
WTM-NN,284,nn,85.45192307692308,0.5294767870000214,0.7330134969997744
WTM-NN,285,nn,85.35576923076923,0.5897394090025045,0.7537682879992644
WTM-NN,286,nn,85.29326923076923,0.5250822859998152,0.7428069429988682
WTM-NN,287,nn,85.3701923076923,0.5258167479987605,0.7516552300003241
WTM-NN,288,nn,85.46153846153847,0.5670978249981999,0.7500853019992064
WTM-NN,289,nn,85.4326923076923,0.5163435590002337,0.7378795330005232
WTM-NN,290,nn,85.38942307692308,0.582782009998482,0.7571261060002143
WTM-NN,291,nn,85.29807692307692,0.4987502730000415,0.7376408919990354
WTM-NN,292,nn,85.36057692307692,0.5296534190019884,0.752970337998704
WTM-NN,293,nn,85.4423076923077,0.5300625620002393,0.7636140169997816
WTM-NN,294,nn,85.38942307692308,0.5923879649999435,0.7476937350002117
WTM-NN,295,nn,85.48557692307692,0.5081503379988135,0.737613319997763
WTM-NN,296,nn,85.46634615384615,0.5898489049977798,0.7417131359979976
WTM-NN,297,nn,85.4423076923077,0.5300541729993711,0.7419657669997832
WTM-NN,298,nn,85.34134615384616,0.5276728369972261,0.7450135399994906
WTM-NN,299,nn,85.2548076923077,0.5229074499984563,0.7398674110008869
WTM-NN,300,nn,85.33173076923077,0.5738544529995124,0.7414134860009653
WTM-NN,301,nn,85.53365384615384,0.5274195050005801,0.7394373220013222
WTM-NN,302,nn,85.34615384615385,0.5831504230009159,0.7396075619981275
WTM-NN,303,nn,85.5048076923077,0.5284924889965623,0.7253506119996018
WTM-NN,304,nn,85.42788461538461,0.5307645209977636,0.7395159430016065
WTM-NN,305,nn,85.3701923076923,0.5859415400009311,0.7420180420012912
WTM-NN,306,nn,85.1826923076923,0.5055289850024565,0.7499605770026392
WTM-NN,307,nn,85.34615384615385,0.547851322000497,0.7419343070032483
WTM-NN,308,nn,85.42788461538461,0.5089918830017268,0.7413328450020344
WTM-NN,309,nn,85.36057692307692,0.5193823629997496,0.7405985749974207
WTM-NN,310,nn,85.49038461538461,0.5155390309992072,0.742764148999413
WTM-NN,311,nn,85.36538461538463,0.5784442959993612,0.7370413200005714
WTM-NN,312,nn,85.34615384615385,0.5191239199994016,0.7621670609987632
WTM-NN,313,nn,85.34134615384616,0.5474158700017142,0.7383271699982288
WTM-NN,314,nn,85.36057692307692,0.4882987199998752,0.736995545001264
WTM-NN,315,nn,85.38942307692308,0.5264886309996655,0.7329814990007435
WTM-NN,316,nn,85.38942307692308,0.5264284559998487,0.7476046949996089
WTM-NN,317,nn,85.4951923076923,0.5884161279973341,0.7524296080009663
WTM-NN,318,nn,85.27884615384616,0.508742070000153,0.7468536810010846
WTM-NN,319,nn,85.46153846153847,0.5859251370020502,0.7444168080000964
WTM-NN,320,nn,85.40384615384615,0.5242304070015962,0.7559520700015128
WTM-NN,321,nn,85.46153846153847,0.5149124659983499,0.7436453179980163
WTM-NN,322,nn,85.36538461538463,0.5840891180014296,0.7430093549992307
WTM-NN,323,nn,85.32211538461539,0.5317263699980685,0.7464610200004245
WTM-NN,324,nn,85.4326923076923,0.574844128001132,0.7333113650020096
WTM-NN,325,nn,85.35576923076923,0.5190691919997334,0.7553758260000905
WTM-NN,326,nn,85.25,0.48735435199705535,0.7416585559985833
WTM-NN,327,nn,85.5048076923077,0.528249599999981,0.742166078001901
WTM-NN,328,nn,85.45192307692308,0.588493217001087,0.7446682139998302
WTM-NN,329,nn,85.34615384615385,0.5360716649993265,0.7511014989977411
WTM-NN,330,nn,85.32692307692308,0.5794559980022314,0.7550432559983165
WTM-NN,331,nn,85.48557692307692,0.5176211090001743,0.7461038669971458
WTM-NN,332,nn,85.4375,0.5200598070005071,0.7380681059985363
WTM-NN,333,nn,85.41826923076923,0.5295491420001781,0.7461677949977457
WTM-NN,334,nn,85.42788461538461,0.588060398997186,0.7489200460004213
WTM-NN,335,nn,85.47115384615384,0.589957959997264,0.7295866130007198
WTM-NN,336,nn,85.40384615384615,0.525331296998047,0.7430459600000177
WTM-NN,337,nn,85.41346153846155,0.5312001560014323,0.7504894410012639
WTM-NN,338,nn,85.32211538461539,0.5172350510001706,0.7550147930014646
WTM-NN,339,nn,85.40865384615385,0.5837833949990454,0.7332869359997858
WTM-NN,340,nn,85.15865384615384,0.5265585589986586,0.743507398001384
WTM-NN,341,nn,85.38461538461539,0.5878093920000538,0.7357219190016622
WTM-NN,342,nn,85.34615384615385,0.5228014249987609,0.7671831299994665
WTM-NN,343,nn,85.38461538461539,0.5233692729998438,0.7534059579993482
WTM-NN,344,nn,85.5048076923077,0.528809707997425,0.7554563510020671
WTM-NN,345,nn,85.40865384615385,0.5826767930011556,0.7570442469987029
WTM-NN,346,nn,85.4326923076923,0.5044712239978253,0.7580790130014066
WTM-NN,347,nn,85.4951923076923,0.5887202159974549,0.7443776619984419
WTM-NN,348,nn,85.32211538461539,0.5251278420000745,0.7315449289999378
WTM-NN,349,nn,85.39423076923077,0.5304531429974304,0.7431410419994791
WTM-NN,350,nn,85.51442307692308,0.5304032170024584,0.7338764159976563
WTM-NN,351,nn,85.33653846153845,0.5897732060002454,0.7494056549985544
WTM-NN,352,nn,85.3173076923077,0.587392945002648,0.745873315998324
WTM-NN,353,nn,85.34615384615385,0.5314963290002197,0.7543184889982513
WTM-NN,354,nn,85.53365384615384,0.4946816890005721,0.7468411209993064
WTM-NN,355,nn,85.4326923076923,0.5197678069998801,0.7370850340012112
WTM-NN,356,nn,85.36057692307692,0.5911481149996689,0.7416248920017097
WTM-NN,357,nn,85.44711538461539,0.5250296159974823,0.7479278530008742
WTM-NN,358,nn,85.44711538461539,0.5467025079997256,0.7462976450005954
WTM-NN,359,nn,85.1923076923077,0.4880425470000773,0.7448059580019617
WTM-NN,360,nn,85.38942307692308,0.48415449499952956,0.7503773150019697
WTM-NN,361,nn,85.29807692307692,0.5330543920026685,0.7307674839976244
WTM-NN,362,nn,85.48076923076923,0.5759533050004393,0.7438840510003502
WTM-NN,363,nn,85.4951923076923,0.5229319479985861,0.7472629980002239
WTM-NN,364,nn,85.4423076923077,0.5437356250004086,0.744687080001313
WTM-NN,365,nn,85.66346153846153,0.49992077100250754,0.736975796000479
WTM-NN,366,nn,85.45192307692308,0.4885078209990752,0.7558669830032159
WTM-NN,367,nn,85.41826923076923,0.4856553640020138,0.7503482120009721
WTM-NN,368,nn,85.3173076923077,0.5457508719991893,0.7554967210016912
WTM-NN,369,nn,85.5048076923077,0.5885826259982423,0.7322739249975712
WTM-NN,370,nn,85.28365384615385,0.5131185600002937,0.7243040510002174
WTM-NN,371,nn,85.1201923076923,0.5254869609998423,0.7233479559981788
WTM-NN,372,nn,85.28846153846153,0.5235746700018353,0.7404055049992166
WTM-NN,373,nn,85.3076923076923,0.5807500959999743,0.7429354519990738
WTM-NN,374,nn,85.42788461538461,0.5249078679989907,0.7438257939975301
WTM-NN,375,nn,85.57692307692307,0.5942463069986843,0.7490240750012163
WTM-NN,376,nn,85.3076923076923,0.527956883997831,0.7447664520004764
WTM-NN,377,nn,85.39903846153845,0.5330175960007182,0.7200010640008259
WTM-NN,378,nn,85.24038461538461,0.5303272780001862,0.7555289170013566
WTM-NN,379,nn,85.46153846153847,0.5951744909980334,0.7660933709994424
WTM-NN,380,nn,85.34615384615385,0.5353584060030698,0.7543024580008932
WTM-NN,381,nn,85.29807692307692,0.5880066159988928,0.7592109850011184
WTM-NN,382,nn,85.47115384615384,0.5209971000003861,0.7608690260021831
WTM-NN,383,nn,85.39423076923077,0.5286587510017853,0.753759101000469
WTM-NN,384,nn,85.39903846153845,0.5230256830000144,0.7400492140004644
WTM-NN,385,nn,85.51923076923077,0.588947473999724,0.7449114880000707
WTM-NN,386,nn,85.46634615384615,0.5280210409982828,0.7277622389992757
WTM-NN,387,nn,85.3173076923077,0.5921892119986296,0.7584314129999257
WTM-NN,388,nn,85.375,0.531013391999295,0.7394096120005997
WTM-NN,389,nn,85.36057692307692,0.5289877969989902,0.746380198001134
WTM-NN,390,nn,85.17307692307692,0.5830578159984725,0.7425664250004047
WTM-NN,391,nn,85.40865384615385,0.533090078002715,0.738451941000676
WTM-NN,392,nn,85.5048076923077,0.5941280910010391,0.733717376999266
WTM-NN,393,nn,85.45673076923077,0.5314708330006397,0.7337745840013667
WTM-NN,394,nn,85.33173076923077,0.5292182239973044,0.7509932800021488
WTM-NN,395,nn,85.39423076923077,0.5319380010005261,0.7578361330015468
WTM-NN,396,nn,85.38461538461539,0.5837669869979436,0.7413331950010615
WTM-NN,397,nn,85.3701923076923,0.5271000009997806,0.7469223490006698
WTM-NN,398,nn,85.57692307692307,0.5858876950005651,0.7603135310018843
WTM-NN,399,nn,85.48557692307692,0.5280675299982249,0.7393749629991362
WTM-NN,400,nn,85.39903846153845,0.5299493010024889,0.7360387159969832
WTM-NN,401,nn,85.48076923076923,0.526562342998659,0.7527498480012582
WTM-NN,402,nn,85.45192307692308,0.5882784370005538,0.7433641460011131
WTM-NN,403,nn,85.23076923076923,0.58823233899966,0.7555778860005375
WTM-NN,404,nn,85.35096153846153,0.49107537700183457,0.7420672469997953
WTM-NN,405,nn,85.45673076923077,0.5274307019972184,0.7355728170005023
WTM-NN,406,nn,85.40865384615385,0.5184556210006122,0.7337709059975168
WTM-NN,407,nn,85.44711538461539,0.5661268289986765,0.7495646839997789
WTM-NN,408,nn,85.35576923076923,0.48811176199887996,0.7243662569999287
WTM-NN,409,nn,85.38942307692308,0.5485527000018919,0.7446465549983259
WTM-NN,410,nn,85.36057692307692,0.5048907669988694,0.7528454409984988
WTM-NN,411,nn,85.35576923076923,0.5253456899990852,0.7434240690017759
WTM-NN,412,nn,85.3173076923077,0.4857323229989561,0.7403648420004174
WTM-NN,413,nn,85.4326923076923,0.5457192510002642,0.7450222819970804
WTM-NN,414,nn,85.39903846153845,0.48478743600207963,0.7360970189984073
WTM-NN,415,nn,85.28846153846153,0.5480263000026753,0.7434463550016517
WTM-NN,416,nn,85.4423076923077,0.5249925720017927,0.740081428000849
WTM-NN,417,nn,85.3701923076923,0.5232656529988162,0.7380480709980475
WTM-NN,418,nn,85.39903846153845,0.5262248510007339,0.74093115299911
WTM-NN,419,nn,85.30288461538461,0.5929750010000134,0.7228208040032769
WTM-NN,420,nn,85.6826923076923,0.5898357510013739,0.7369092740009364
WTM-NN,421,nn,85.3701923076923,0.528180675002659,0.7354713639979309
WTM-NN,422,nn,85.40865384615385,0.5311598440021044,0.7445070210014819
WTM-NN,423,nn,85.26442307692308,0.5331800210005895,0.7350002370003494
WTM-NN,424,nn,85.42788461538461,0.5744443420007883,0.7323522160004359
WTM-NN,425,nn,85.42788461538461,0.5277554589993088,0.7360522340022726
WTM-NN,426,nn,85.42788461538461,0.5887249480001628,0.7321469849994173
WTM-NN,427,nn,85.47596153846155,0.5325085710028361,0.7357388250020449
WTM-NN,428,nn,85.27403846153845,0.5286922500017681,0.7361105059972033
WTM-NN,429,nn,85.20673076923076,0.53062263999891,0.7402568649995374
WTM-NN,430,nn,85.375,0.5478438770005596,0.7360505990000092
WTM-NN,431,nn,85.46153846153847,0.5251001159995212,0.7332863000010548
WTM-NN,432,nn,85.2451923076923,0.5883270020021882,0.7470129369976348
WTM-NN,433,nn,85.39903846153845,0.5300149760005297,0.7530578769983549
WTM-NN,434,nn,85.40865384615385,0.5236097140004858,0.7376193460004288
WTM-NN,435,nn,85.45192307692308,0.5294991699993261,0.7389904039991961
WTM-NN,436,nn,85.5,0.5771794229985971,0.7383044529997278
WTM-NN,437,nn,85.5,0.587015771001461,0.7514062349982851
WTM-NN,438,nn,85.26923076923076,0.53199731100176,0.7444055849991855
WTM-NN,439,nn,85.48076923076923,0.533708287999616,0.7472549539997999
WTM-NN,440,nn,85.34134615384616,0.4883923560009862,0.7429801680009405
WTM-NN,441,nn,85.40865384615385,0.5441847399997641,0.7419425030020648
WTM-NN,442,nn,85.42307692307692,0.5270221009996021,0.752981281002576
WTM-NN,443,nn,85.4326923076923,0.5888990959974763,0.7410629930018331
WTM-NN,444,nn,85.47596153846155,0.5237984439991124,0.7417549739984679
WTM-NN,445,nn,85.32211538461539,0.4850977399983094,0.7500976709998213
WTM-NN,446,nn,85.34615384615385,0.5234176160010975,0.7351185520019499
WTM-NN,447,nn,85.3701923076923,0.5843091200003983,0.7287366240016127
WTM-NN,448,nn,85.40865384615385,0.532500531997357,0.7438626570001361
WTM-NN,449,nn,85.42788461538461,0.5789028070030326,0.7539897930000734
WTM-NN,450,nn,85.3798076923077,0.5245541110016347,0.7401972279985785
WTM-NN,451,nn,85.50961538461539,0.5119088379979075,0.7444673419995524
WTM-NN,452,nn,85.54326923076923,0.5306963780021761,0.7332829859988124
WTM-NN,453,nn,85.33653846153845,0.5922130729995843,0.7657973070017761
WTM-NN,454,nn,85.375,0.5924627810018137,0.739713244001905
WTM-NN,455,nn,85.35576923076923,0.5282983760007482,0.7343476290006947
WTM-NN,456,nn,85.4326923076923,0.5218485120021796,0.7421485040031257
WTM-NN,457,nn,85.27403846153845,0.4836180249985773,0.753549645000021
WTM-NN,458,nn,85.4375,0.5452003639984468,0.7404756239993731
WTM-NN,459,nn,85.48557692307692,0.5343015600010403,0.7517809519995353
WTM-NN,460,nn,85.39903846153845,0.5697132940003939,0.7428694289992563
WTM-NN,461,nn,85.28846153846153,0.5310124659990834,0.7571864530000312
WTM-NN,462,nn,85.46153846153847,0.5325739850013633,0.7590303819997644
WTM-NN,463,nn,85.52884615384615,0.5353191909998714,0.7441999740003666
WTM-NN,464,nn,85.27884615384616,0.5971777559971088,0.7519637570003397
WTM-NN,465,nn,85.4375,0.529457545002515,0.7478206620035053
WTM-NN,466,nn,85.40865384615385,0.5896044830005849,0.7486311879983987
WTM-NN,467,nn,85.46634615384615,0.5278498760017101,0.755396746997576
WTM-NN,468,nn,85.38461538461539,0.5249636409971572,0.7398100020000129
WTM-NN,469,nn,85.59134615384615,0.5267080459998397,0.7405929759988794
WTM-NN,470,nn,85.42788461538461,0.5908965890012041,0.7459965039997769
WTM-NN,471,nn,85.41826923076923,0.5800075860024663,0.7461307080011466
WTM-NN,472,nn,85.26442307692308,0.5268804839979566,0.7399748950010689
WTM-NN,473,nn,85.3701923076923,0.5296715119984583,0.741025883002294
WTM-NN,474,nn,85.38461538461539,0.528875011998025,0.7532445130018459
WTM-NN,475,nn,85.29326923076923,0.5844641879994015,0.7586362850015576
WTM-NN,476,nn,85.46634615384615,0.524951889001386,0.7456585290019575
WTM-NN,477,nn,85.5576923076923,0.5844577349998872,0.7466029720017104
WTM-NN,478,nn,85.35576923076923,0.521091834998515,0.7486883460005629
WTM-NN,479,nn,85.29807692307692,0.533825432001322,0.7313447129999986
WTM-NN,480,nn,85.38461538461539,0.536020774001372,0.7415593359983177
WTM-NN,481,nn,85.44711538461539,0.5840358680034115,0.7469586250008433
WTM-NN,482,nn,85.40384615384615,0.5311271360005776,0.7463535139977466
WTM-NN,483,nn,85.5,0.5923684720000892,0.7330757550007547
WTM-NN,484,nn,85.59134615384615,0.5170009100002062,0.7383519420000084
WTM-NN,485,nn,85.3173076923077,0.521797017998324,0.7363599470008921
WTM-NN,486,nn,85.52884615384615,0.5293596370029263,0.727507264000451
WTM-NN,487,nn,85.34134615384616,0.5914838809985667,0.7354452229992603
WTM-NN,488,nn,85.375,0.5886601679994783,0.7405413579981541
WTM-NN,489,nn,85.53846153846155,0.5267336280012387,0.7320708370025386
WTM-NN,490,nn,85.54807692307692,0.5290875580030843,0.7390888549998635
WTM-NN,491,nn,85.30288461538461,0.5321756800003641,0.7558975179999834
WTM-NN,492,nn,85.34615384615385,0.5938486859995464,0.743807224000193
WTM-NN,493,nn,85.35576923076923,0.5253224490006687,0.7278101469964895
WTM-NN,494,nn,85.28365384615385,0.5788663780003844,0.7370740300029865
WTM-NN,495,nn,85.32211538461539,0.5274873189991922,0.7392287380025664
WTM-NN,496,nn,85.34615384615385,0.5279050480021397,0.7568050709996896
WTM-NN,497,nn,85.28846153846153,0.5310591909983486,0.7354225609997229
WTM-NN,498,nn,85.30288461538461,0.5865543470026751,0.7353113919998577
WTM-NN,499,nn,85.375,0.533982269000262,0.7415874569996959
WTM-NN,500,nn,85.27884615384616,0.5908132859985926,0.7393475610006135
UTM-NN,1,tm,68.4423076923077,2.7720425099978456,0.7609824040009698
UTM-NN,2,tm,70.10576923076923,2.4879129709988774,0.7500272059987765
UTM-NN,3,tm,70.69711538461539,2.4369288080015394,0.760086765003507
UTM-NN,4,tm,71.17307692307693,2.4249755540004116,0.7541115470012301
UTM-NN,5,tm,71.625,2.4205035689992656,0.7519168279977748
UTM-NN,6,tm,71.91346153846155,2.4174380250005925,0.7697279630010598
UTM-NN,7,tm,72.1298076923077,2.3886821790001704,0.7721296069976233
UTM-NN,8,tm,71.3798076923077,2.399292106001667,0.7780658119991131
UTM-NN,9,tm,71.6923076923077,2.3695624049978505,0.7556230219997815
UTM-NN,10,tm,72.02403846153847,2.3797869610025373,0.7644717129987839
UTM-NN,11,tm,71.97596153846155,2.3706806900008814,0.7618078720006451
UTM-NN,12,tm,72.0576923076923,2.363629295999999,0.7659829879994504
UTM-NN,13,tm,72.30288461538461,2.3804057409979578,0.7669018169981427
UTM-NN,14,tm,72.20673076923076,2.362775364999834,0.7718802310009778
UTM-NN,15,tm,72.35096153846153,2.3687901240009523,0.7554449870003737
UTM-NN,16,tm,72.23557692307693,2.363944270000502,0.764198396998836
UTM-NN,17,tm,72.52884615384615,2.370962335000513,0.7566420260009181
UTM-NN,18,tm,72.50961538461539,2.3659700170028373,0.7571171969975694
UTM-NN,19,tm,72.65384615384616,2.3553644819985493,0.7515372529996966
UTM-NN,20,tm,72.625,2.351351067998621,0.7594256750016939
UTM-NN,21,tm,72.59615384615384,2.3564213370009384,0.7528333179980109
UTM-NN,22,tm,72.78846153846153,2.3629088130001037,0.7551055299991276
UTM-NN,23,tm,72.7451923076923,2.3560259799996857,0.7611054530025285
UTM-NN,24,tm,72.58653846153847,2.354314553002041,0.7629827780001506
UTM-NN,25,tm,72.70673076923076,2.3495380819986167,0.7464850960022886
UTM-NN,26,tm,72.7451923076923,2.363424547998875,0.7442722909981967
UTM-NN,27,tm,72.58173076923077,2.374580716001219,0.757760156000586
UTM-NN,28,tm,72.91346153846155,2.3687841589999152,0.7558177729988529
UTM-NN,29,tm,72.83653846153845,2.3557271540012152,0.7637986849986191
UTM-NN,30,tm,72.8125,2.3686466360013583,0.764421580999624
UTM-NN,31,tm,72.83653846153845,2.3573926850003772,0.7621723160009424
UTM-NN,32,tm,73.125,2.356646809999802,0.7633894690006855
UTM-NN,33,tm,73.02884615384615,2.3499633419996826,0.7642966450002859
UTM-NN,34,tm,73.1875,2.3509310980007285,0.7746673919973546
UTM-NN,35,tm,72.77403846153845,2.34294603699891,0.7643079370027408
UTM-NN,36,tm,72.86538461538463,2.3593337099991913,0.7706333249989257
UTM-NN,37,tm,72.5576923076923,2.3613624520003214,0.7665385879990936
UTM-NN,38,tm,72.8125,2.355737564001174,0.7615807470028813
UTM-NN,39,tm,72.96634615384615,2.3511533929995494,0.7538638250007352
UTM-NN,40,tm,72.9951923076923,2.348364983998181,0.7505632430002152
UTM-NN,41,tm,73.3173076923077,2.3534720339994237,0.760779864001961
UTM-NN,42,tm,73.14903846153847,2.3406379779989948,0.7649639880000905
UTM-NN,43,tm,73.1923076923077,2.351545803998306,0.7662303259967302
UTM-NN,44,tm,73.22115384615384,2.3310483589993964,0.7717855400005647
UTM-NN,45,tm,73.15865384615384,2.3373265790032747,0.7518824309991032
UTM-NN,46,tm,73.23557692307693,2.34696734499812,0.7655310020018078
UTM-NN,47,tm,72.86538461538463,2.3467449659983686,0.7542290179990232
UTM-NN,48,tm,72.88942307692308,2.336390663000202,0.7497690970012627
UTM-NN,49,tm,73.0673076923077,2.344586982002511,0.7512252750020707
UTM-NN,50,tm,72.73557692307693,2.338297638001677,0.761805040998297
UTM-NN,51,tm,73.0576923076923,2.3454160209985275,0.7631563489994733
UTM-NN,52,tm,73.13461538461539,2.354061123001884,0.7495353699996485
UTM-NN,53,tm,72.9423076923077,2.3393785589978506,0.7398587669995322
UTM-NN,54,tm,72.98076923076923,2.3549070689987275,0.7642691220025881
UTM-NN,55,tm,72.97115384615384,2.353046523003286,0.7517037969992089
UTM-NN,56,tm,73.27403846153845,2.334879046000424,0.7569852779997746
UTM-NN,57,tm,73.2451923076923,2.3521517280023545,0.7628422689995205
UTM-NN,58,tm,73.10576923076924,2.3551590490023955,0.7564053070018417
UTM-NN,59,tm,73.35096153846153,2.334589643000072,0.7630229140013398
UTM-NN,60,tm,73.1298076923077,2.358016865000536,0.7645516930024314
UTM-NN,61,tm,73.14903846153847,2.357439825998881,0.7603869679987838
UTM-NN,62,tm,73.21634615384616,2.3472905320013524,0.76602060499863
UTM-NN,63,tm,73.24038461538461,2.3436470840024413,0.7633178169999155
UTM-NN,64,tm,73.36538461538461,2.342771485000412,0.7656069869990461
UTM-NN,65,tm,73.28846153846153,2.3465774430005695,0.7579557339995517
UTM-NN,66,tm,73.13461538461539,2.3481419290001213,0.7529073500008963
UTM-NN,67,tm,73.15384615384616,2.3631215160021384,0.7591611530006048
UTM-NN,68,tm,73.0673076923077,2.358871183998417,0.7654165480016673
UTM-NN,69,tm,73.28846153846153,2.3095577389976825,0.7608714300004067
UTM-NN,70,tm,73.23076923076923,2.3329839760008326,0.7529760340003122
UTM-NN,71,tm,73.03846153846155,2.3317187360007665,0.7660018419992412
UTM-NN,72,tm,73.25961538461539,2.342789669997728,0.7606170859980921
UTM-NN,73,tm,73.26442307692308,2.3428712530003395,0.7568376259987417
UTM-NN,74,tm,73.28846153846153,2.339924269999756,0.7736514389980584
UTM-NN,75,tm,73.5673076923077,2.3484600450028665,0.7698562129990023
UTM-NN,76,tm,73.34134615384616,2.3567445269982272,0.7603728319991205
UTM-NN,77,tm,73.20192307692308,2.32757310800298,0.7576636769990728
UTM-NN,78,tm,73.40384615384615,2.3450275100003637,0.7543277389995637
UTM-NN,79,tm,73.29326923076923,2.3539070330007235,0.7690862510025909
UTM-NN,80,tm,73.25,2.3448892230007914,0.7628053590015043
UTM-NN,81,tm,73.22115384615384,2.333710055001575,0.7669852489998448
UTM-NN,82,tm,73.32211538461539,2.3549402839998947,0.7583281970000826
UTM-NN,83,tm,73.23076923076923,2.3328372389987635,0.7650332379998872
UTM-NN,84,tm,73.22115384615384,2.3519643250001536,0.7687515340003301
UTM-NN,85,tm,73.29326923076923,2.3486363029987842,0.7671137909965182
UTM-NN,86,tm,73.49038461538461,2.335066794003069,0.7639004720003868
UTM-NN,87,tm,73.17307692307692,2.3438142070008325,0.7476009630008775
UTM-NN,88,tm,73.20192307692308,2.3479622490012844,0.7635693090014684
UTM-NN,89,tm,73.28365384615385,2.351414474000194,0.7570907770023041
UTM-NN,90,tm,73.1826923076923,2.3476927310002793,0.7576441620003607
UTM-NN,91,tm,73.3076923076923,2.3475051909990725,0.7560637460010184
UTM-NN,92,tm,73.1201923076923,2.3331553870011703,0.7630696359992726
UTM-NN,93,tm,73.30288461538461,2.3746457470006135,0.7531057389969646
UTM-NN,94,tm,73.26442307692308,2.354997223999817,0.7673830339990673
UTM-NN,95,tm,73.28846153846153,2.3593510360005894,0.7393242119978822
UTM-NN,96,tm,73.2451923076923,2.354062439997506,0.7602947639970807
UTM-NN,97,tm,73.23076923076923,2.3475016090014833,0.7706770000004326
UTM-NN,98,tm,72.96153846153847,2.3696430020027037,0.7600945479971415
UTM-NN,99,tm,73.29326923076923,2.3474720070007606,0.7573274320020573
UTM-NN,100,tm,73.45673076923077,2.3456223879984464,0.7600117530018906
UTM-NN,101,tm,73.34134615384616,2.3433704519993626,0.7659543150002719
UTM-NN,102,tm,73.26923076923076,2.3499749709990283,0.7432202859999961
UTM-NN,103,tm,73.25,2.3428470010003366,0.7532563380009378
UTM-NN,104,tm,73.10576923076924,2.361514037998859,0.7498835070000496
UTM-NN,105,tm,73.15384615384616,2.3497754449999775,0.7544192090026627
UTM-NN,106,tm,73.38942307692308,2.341859760999796,0.7607353329985926
UTM-NN,107,tm,73.38942307692308,2.3472915120000835,0.756944807999389
UTM-NN,108,tm,73.3798076923077,2.3470616889972007,0.7542681150007411
UTM-NN,109,tm,73.33173076923077,2.3462275689998933,0.7620457929988333
UTM-NN,110,tm,73.29326923076923,2.3760709189991758,0.7708403449978505
UTM-NN,111,tm,73.26923076923076,2.341197652000119,0.7593868509975437
UTM-NN,112,tm,73.27403846153845,2.361120674999256,0.7589906339999288
UTM-NN,113,tm,73.29807692307693,2.3560091470026236,0.7618673420001869
UTM-NN,114,tm,73.17307692307692,2.3454833890027658,0.7757836550008506
UTM-NN,115,tm,73.40865384615385,2.365594129998499,0.7715471659976174
UTM-NN,116,tm,73.375,2.361084509000648,0.7804575539994403
UTM-NN,117,tm,73.42788461538461,2.361018375002459,0.7585036239979672
UTM-NN,118,tm,73.3798076923077,2.349953828001162,0.7641993149991322
UTM-NN,119,tm,73.3701923076923,2.360023942001135,0.747758811001404
UTM-NN,120,tm,73.32692307692308,2.3769239770008426,0.7595327279996127
UTM-NN,121,tm,73.3173076923077,2.348318244999973,0.7589352670001972
UTM-NN,122,tm,73.41346153846153,2.350062805999187,0.7621937709991471
UTM-NN,123,tm,73.4423076923077,2.3619191300022067,0.7766942139969615
UTM-NN,124,tm,73.45192307692308,2.3655238329993153,0.7739802949981822
UTM-NN,125,tm,73.26442307692308,2.3559727190004196,0.7538185289995454
UTM-NN,126,tm,73.10096153846153,2.3493513229987,0.7688386299996637
UTM-NN,127,tm,73.20673076923076,2.342796664001071,0.775682224000775
UTM-NN,128,tm,73.15865384615384,2.355008402002568,0.75292796299982
UTM-NN,129,tm,73.36538461538461,2.3460311889975856,0.7588319370006502
UTM-NN,130,tm,73.125,2.366054754002107,0.7525900979999278
UTM-NN,131,tm,73.15865384615384,2.363839765999728,0.7627293820005434
UTM-NN,132,tm,73.02403846153847,2.3666935879991797,0.7725943510013167
UTM-NN,133,tm,73.13942307692308,2.3598507919996337,0.7730576770009066
UTM-NN,134,tm,73.1201923076923,2.3626292619992455,0.7604962079967663
UTM-NN,135,tm,72.92788461538461,2.349516895999841,0.7617771940022067
UTM-NN,136,tm,73.20192307692308,2.3447534090009867,0.7631218239985174
UTM-NN,137,tm,73.0673076923077,2.3527966610017756,0.7609929449972697
UTM-NN,138,tm,73.19711538461539,2.3425478630015277,0.7641491819995281
UTM-NN,139,tm,73.02403846153847,2.34827242600295,0.7541167630006385
UTM-NN,140,tm,73.17307692307692,2.3522284550017503,0.7629802929986909
UTM-NN,141,tm,73.14903846153847,2.36810513599994,0.7718575969993253
UTM-NN,142,tm,73.26442307692308,2.3491904090005846,0.7530718740017619
UTM-NN,143,tm,73.4423076923077,2.3596857770025963,0.7637616360007087
UTM-NN,144,tm,73.22596153846153,2.3516795390023617,0.7446616060005908
UTM-NN,145,tm,73.51442307692308,2.360317456001212,0.7617895319999661
UTM-NN,146,tm,73.35096153846153,2.3599334720020124,0.7691060090000974
UTM-NN,147,tm,73.32211538461539,2.3678672409987485,0.7639822010023636
UTM-NN,148,tm,73.39903846153845,2.372664867001731,0.7566070829998353
UTM-NN,149,tm,73.16826923076924,2.359131036002509,0.7676564510002208
UTM-NN,150,tm,73.33653846153845,2.366684117998375,0.7707835269975476
UTM-NN,151,nn,76.6298076923077,0.5277986910004984,0.7809353530028602
UTM-NN,152,nn,77.16346153846155,0.5771781449984701,0.7781704680019175
UTM-NN,153,nn,77.5625,0.5222229930004687,0.7639197989992681
UTM-NN,154,nn,77.75,0.518124872000044,0.7771984639985021
UTM-NN,155,nn,77.83653846153847,0.5256515509972814,0.7585380480013555
UTM-NN,156,nn,77.96634615384616,0.5905270870025561,0.7620733969997673
UTM-NN,157,nn,78.07692307692308,0.5079022469981282,0.7669798370006902
UTM-NN,158,nn,78.21153846153847,0.5841323680033383,0.7750347520013747
UTM-NN,159,nn,78.22115384615384,0.5120319400011795,0.7797060080010851
UTM-NN,160,nn,78.16826923076923,0.5228484949984704,0.7647520239988808
UTM-NN,161,nn,78.27403846153847,0.584423988002527,0.7668875239978661
UTM-NN,162,nn,78.1875,0.5273724140024569,0.7737634990007791
UTM-NN,163,nn,78.36538461538461,0.5450085449992912,0.7637446409971744
UTM-NN,164,nn,78.40384615384616,0.5169238329981454,0.7582845479992102
UTM-NN,165,nn,78.4326923076923,0.5301444060023641,0.7627081639984681
UTM-NN,166,nn,78.47115384615385,0.5254278860011254,0.7715384559996892
UTM-NN,167,nn,78.52884615384616,0.5865335480011709,0.7644359459991392
UTM-NN,168,nn,78.48557692307693,0.5317283700023836,0.7801260640007968
UTM-NN,169,nn,78.3798076923077,0.5815196219991776,0.7634273059993575
UTM-NN,170,nn,78.33653846153847,0.5207626789997448,0.7495677590013656
UTM-NN,171,nn,78.48557692307693,0.5256909629970323,0.7611385050004174
UTM-NN,172,nn,78.55288461538461,0.507110754999303,0.7609958809989621
UTM-NN,173,nn,78.44711538461539,0.5825525520012889,0.7549051289970521
UTM-NN,174,nn,78.35096153846153,0.5206938450028247,0.770939025998814
UTM-NN,175,nn,78.5625,0.5393249290027597,0.7639021029972355
UTM-NN,176,nn,78.5,0.48038310399715556,0.7741350559990678
UTM-NN,177,nn,78.42307692307692,0.5345819809990644,0.7660532349982532
UTM-NN,178,nn,78.48557692307693,0.5824492940009804,0.7658750170012354
UTM-NN,179,nn,78.47115384615385,0.5242405120006879,0.7658061830006773
UTM-NN,180,nn,78.39903846153847,0.587644110997644,0.7652446769970993
UTM-NN,181,nn,78.5048076923077,0.5248214400016877,0.7725328510023246
UTM-NN,182,nn,78.38461538461539,0.5267855120000604,0.7744406670026365
UTM-NN,183,nn,78.4326923076923,0.525359032999404,0.770838330998231
UTM-NN,184,nn,78.4951923076923,0.5875172289997863,0.7665782340009173
UTM-NN,185,nn,78.4951923076923,0.5254596380000294,0.7753483529995719
UTM-NN,186,nn,78.51923076923077,0.5875448920014605,0.7720735950024391
UTM-NN,187,nn,78.46153846153847,0.4837006380003004,0.7635679060003895
UTM-NN,188,nn,78.42307692307692,0.4815979020022496,0.7772728060008376
UTM-NN,189,nn,78.5,0.4780343370002811,0.7697957380005391
UTM-NN,190,nn,78.46634615384616,0.5404259110000567,0.7679587240018009
UTM-NN,191,nn,78.47115384615385,0.48454466100156424,0.7656271230007405
UTM-NN,192,nn,78.51442307692308,0.5862448480002058,0.7746639329998288
UTM-NN,193,nn,78.3798076923077,0.5266115340018587,0.7672089970001252
UTM-NN,194,nn,78.48076923076923,0.5277257899979304,0.7717220070007897
UTM-NN,195,nn,78.40865384615384,0.5805466849997174,0.7804301090000081
UTM-NN,196,nn,78.46634615384616,0.5146791900006065,0.7685881329998665
UTM-NN,197,nn,78.44711538461539,0.5812915159986005,0.7772766989983211
UTM-NN,198,nn,78.60096153846153,0.5278994260006584,0.7812023819969909
UTM-NN,199,nn,78.4375,0.5232214390016452,0.7622949190008512
UTM-NN,200,nn,78.57211538461539,0.5244299170008162,0.7621018350000668
UTM-NN,201,nn,78.49038461538461,0.5650163649988826,0.7645759280021593
UTM-NN,202,nn,78.42307692307692,0.5185365130018909,0.7739223569988098
UTM-NN,203,nn,78.46634615384616,0.57969388699712,0.7835657840005297
UTM-NN,204,nn,78.5048076923077,0.5175582709998707,0.7681357069996011
UTM-NN,205,nn,78.52403846153845,0.4880264530002023,0.7643957139989652
UTM-NN,206,nn,78.38461538461539,0.4826453499990748,0.7675713909993647
UTM-NN,207,nn,78.5048076923077,0.5870225690014195,0.7650325760005217
UTM-NN,208,nn,78.49038461538461,0.5268318160015042,0.7647941530012758
UTM-NN,209,nn,78.42307692307692,0.5850796119993902,0.767663292997895
UTM-NN,210,nn,78.54326923076923,0.5277693749994796,0.7581700200025807
UTM-NN,211,nn,78.42307692307692,0.5263505299990356,0.7656388819996209
UTM-NN,212,nn,78.6201923076923,0.5841064839987666,0.7850552349991631
UTM-NN,213,nn,78.48076923076923,0.5251969540004211,0.7741004819981754
UTM-NN,214,nn,78.40865384615384,0.5784458689995517,0.772538663000887
UTM-NN,215,nn,78.47596153846153,0.5257994749990758,0.7658092490019044
UTM-NN,216,nn,78.57211538461539,0.5265954620008415,0.7551315009986865
UTM-NN,217,nn,78.4375,0.48086191800030065,0.7581154840008821
UTM-NN,218,nn,78.36538461538461,0.5404441140017298,0.7691381570002704
UTM-NN,219,nn,78.53846153846153,0.5282507930023712,0.751089918998332
UTM-NN,220,nn,78.44711538461539,0.5821210510002857,0.7601862289993733
UTM-NN,221,nn,78.52403846153845,0.5310410589991079,0.7504452009998204
UTM-NN,222,nn,78.4326923076923,0.5160472450006637,0.7542116730000998
UTM-NN,223,nn,78.54807692307692,0.5276555609998468,0.7713227669992193
UTM-NN,224,nn,78.36057692307692,0.5792303119997086,0.7644475399974908
UTM-NN,225,nn,78.45673076923076,0.5253277660012827,0.7713079480017768
UTM-NN,226,nn,78.48076923076923,0.5653992890001973,0.7657489980010723
UTM-NN,227,nn,78.4375,0.5251725790003547,0.7655418959984672
UTM-NN,228,nn,78.4423076923077,0.48915968800065457,0.7554459409984702
UTM-NN,229,nn,78.38461538461539,0.5714775349988486,0.7601941030006856
UTM-NN,230,nn,78.45192307692308,0.533551513999555,0.7691586450018804
UTM-NN,231,nn,78.5,0.587426204001531,0.752175570003601
UTM-NN,232,nn,78.54326923076923,0.5295669760016608,0.7547318100005214
UTM-NN,233,nn,78.54807692307692,0.518946402000438,0.7648788180013071
UTM-NN,234,nn,78.52884615384616,0.4838574649984366,0.758447692001937
UTM-NN,235,nn,78.53846153846153,0.5875937409982726,0.770933794996381
UTM-NN,236,nn,78.5576923076923,0.5247415919984633,0.7726091559998167
UTM-NN,237,nn,78.4326923076923,0.5758003240007383,0.7557074360011029
UTM-NN,238,nn,78.44711538461539,0.5110506210003223,0.7662729850017058
UTM-NN,239,nn,78.39903846153847,0.4801487309996446,0.77486168500036
UTM-NN,240,nn,78.52403846153845,0.4804548279971641,0.7733073640010844
UTM-NN,241,nn,78.53846153846153,0.5439841719999094,0.7655582949992095
UTM-NN,242,nn,78.52403846153845,0.48397051400024793,0.7649649359991599
UTM-NN,243,nn,78.42307692307692,0.5671527790000255,0.77234920799674
UTM-NN,244,nn,78.38942307692308,0.5226117659985903,0.7735027960006846
UTM-NN,245,nn,78.4326923076923,0.5279698949998419,0.7725193030019
UTM-NN,246,nn,78.3076923076923,0.5796930039978179,0.7709131410010741
UTM-NN,247,nn,78.39903846153847,0.5284708219987806,0.7598888259999512
UTM-NN,248,nn,78.48557692307693,0.5886197629988601,0.7736250970010587
UTM-NN,249,nn,78.53846153846153,0.5222647709997545,0.7753054270033317
UTM-NN,250,nn,78.47115384615385,0.5246013479991234,0.772249561996432
UTM-NN,251,nn,78.3125,0.5175138470003731,0.7620713449978211
UTM-NN,252,nn,78.48076923076923,0.5771544529998209,0.7685453500016592
UTM-NN,253,nn,78.34615384615384,0.48182671399990795,0.7759499610001512
UTM-NN,254,nn,78.51923076923077,0.5808936649991665,0.761668973002088
UTM-NN,255,nn,78.42788461538461,0.5144624129970907,0.7580258470006811
UTM-NN,256,nn,78.53846153846153,0.5144877890015778,0.759039798998856
UTM-NN,257,nn,78.47596153846153,0.4803963280028256,0.7708330770001339
UTM-NN,258,nn,78.48076923076923,0.5415072340001643,0.7674237939972954
UTM-NN,259,nn,78.47115384615385,0.48227102600139915,0.773321037999267
UTM-NN,260,nn,78.48557692307693,0.5433944950018486,0.7764987480004493
UTM-NN,261,nn,78.45673076923076,0.48002830399855156,0.7674544020010217
UTM-NN,262,nn,78.52884615384616,0.4901761750006699,0.7756361130013829
UTM-NN,263,nn,78.375,0.5791368199970748,0.7756230269988009
UTM-NN,264,nn,78.4326923076923,0.5131735199975083,0.7764197070027876
UTM-NN,265,nn,78.33653846153847,0.5870351720004692,0.7683484349981882
UTM-NN,266,nn,78.35576923076924,0.48274618399955216,0.7631715230018017
UTM-NN,267,nn,78.32211538461539,0.5249108959978912,0.7865715420011838
UTM-NN,268,nn,78.48076923076923,0.5252872909986763,0.7662816369993379
UTM-NN,269,nn,78.41826923076923,0.5836254249988997,0.7612905349997163
UTM-NN,270,nn,78.46634615384616,0.4822443539997039,0.7645370790014567
UTM-NN,271,nn,78.58173076923077,0.5403073720008251,0.7646061289997306
UTM-NN,272,nn,78.38461538461539,0.5291488319999189,0.7699788489990169
UTM-NN,273,nn,78.39903846153847,0.5228728170004615,0.7721814100004849
UTM-NN,274,nn,78.5673076923077,0.5230192019989772,0.7616966339992359
UTM-NN,275,nn,78.54807692307692,0.5850518130027922,0.773134974999266
UTM-NN,276,nn,78.46634615384616,0.5290759239978797,0.7748542490007821
UTM-NN,277,nn,78.40865384615384,0.5836926810006844,0.780460973001027
UTM-NN,278,nn,78.4375,0.531600187998265,0.7696484820007754
UTM-NN,279,nn,78.5,0.521556881001743,0.775889267999446
UTM-NN,280,nn,78.61057692307692,0.5862204789991665,0.7781243009994796
UTM-NN,281,nn,78.4951923076923,0.48416236599950935,0.7691791559991543
UTM-NN,282,nn,78.46634615384616,0.5497657919986523,0.7660742570005823
UTM-NN,283,nn,78.54326923076923,0.4792025239985378,0.7655641509991256
UTM-NN,284,nn,78.48076923076923,0.532843689998117,0.7745031180020305
UTM-NN,285,nn,78.55288461538461,0.5254943530017044,0.7706563319989073
UTM-NN,286,nn,78.53846153846153,0.5804851739994774,0.7600580990001617
UTM-NN,287,nn,78.51442307692308,0.48401633400135324,0.7697688670014031
UTM-NN,288,nn,78.46153846153847,0.5421886830008589,0.7693952970003011
UTM-NN,289,nn,78.5,0.5287714139994932,0.7700765150002553
UTM-NN,290,nn,78.47596153846153,0.527246091998677,0.7677268199986429
UTM-NN,291,nn,78.39423076923076,0.4990788459981559,0.7633141420010361
UTM-NN,292,nn,78.50961538461539,0.5429427189992566,0.7764630269994086
UTM-NN,293,nn,78.49038461538461,0.48246458699941286,0.7836111140022695
UTM-NN,294,nn,78.47115384615385,0.5411356370022986,0.7748759320020326
UTM-NN,295,nn,78.5625,0.48323080300178844,0.7680680640005448
UTM-NN,296,nn,78.49038461538461,0.4912019150033302,0.779854490996513
UTM-NN,297,nn,78.41346153846153,0.5879292079989682,0.7756920909996552
UTM-NN,298,nn,78.47115384615385,0.5170971580009791,0.7719647980011359
UTM-NN,299,nn,78.45192307692308,0.5877614599994558,0.7639138949998596
UTM-NN,300,nn,78.47596153846153,0.5228042910021031,0.7645400670007803
UTM-NN,301,nn,78.42788461538461,0.5135914259990386,0.7722850589998416
UTM-NN,302,nn,78.3076923076923,0.526853253999434,0.7558537619988783
UTM-NN,303,nn,78.46634615384616,0.586981909997121,0.7694003809992864
UTM-NN,304,nn,78.4423076923077,0.5246721379990049,0.7537378659981187
UTM-NN,305,nn,78.38461538461539,0.5848944839999604,0.7626279319993046
UTM-NN,306,nn,78.35096153846153,0.5123959949996788,0.7683285640014219
UTM-NN,307,nn,78.40384615384616,0.5311530559993116,0.7690641929984849
UTM-NN,308,nn,78.47115384615385,0.5249128639989067,0.7621718660011538
UTM-NN,309,nn,78.47115384615385,0.573161642998457,0.7668220009982178
UTM-NN,310,nn,78.46153846153847,0.5225222619992564,0.7647188129994902
UTM-NN,311,nn,78.48557692307693,0.5840358219975315,0.7600458170018101
UTM-NN,312,nn,78.51923076923077,0.5245362380010192,0.7618395900026371
UTM-NN,313,nn,78.375,0.5303766569995787,0.7651240009981848
UTM-NN,314,nn,78.5,0.590486889002932,0.7580058259991347
UTM-NN,315,nn,78.54807692307692,0.5309375510005339,0.7717951430022367
UTM-NN,316,nn,78.42788461538461,0.5857124419999309,0.7601684699984617
UTM-NN,317,nn,78.48557692307693,0.5249463360014488,0.76404832100161
UTM-NN,318,nn,78.49038461538461,0.5278622440018808,0.7721224439992511
UTM-NN,319,nn,78.49038461538461,0.527135748998262,0.772038529998099
UTM-NN,320,nn,78.41826923076923,0.5901572969996778,0.7596542530009174
UTM-NN,321,nn,78.69711538461537,0.5282652250025421,0.7570022990003054
UTM-NN,322,nn,78.47596153846153,0.5915785770012008,0.764273258002504
UTM-NN,323,nn,78.4423076923077,0.5005078460017103,0.7677770810005313
UTM-NN,324,nn,78.5048076923077,0.4825966360003804,0.7745133379976323
UTM-NN,325,nn,78.47596153846153,0.527166012001544,0.7706906959974731
UTM-NN,326,nn,78.49038461538461,0.5680685500010441,0.7786365400024806
UTM-NN,327,nn,78.57211538461539,0.4949710330001835,0.7671942950000812
UTM-NN,328,nn,78.3798076923077,0.5841799509980774,0.7535252910020063
UTM-NN,329,nn,78.48076923076923,0.5285082129994407,0.7624015089968452
UTM-NN,330,nn,78.6826923076923,0.5233323780012142,0.7591395990020828
UTM-NN,331,nn,78.52884615384616,0.5847577429994999,0.7683907350001391
UTM-NN,332,nn,78.5,0.5237709989996802,0.7631772509994335
UTM-NN,333,nn,78.52403846153845,0.5931555530005426,0.7615877800017188
UTM-NN,334,nn,78.38942307692308,0.5271602680004435,0.7454625829996075
UTM-NN,335,nn,78.3798076923077,0.47951306300092256,0.7552862170014123
UTM-NN,336,nn,78.52403846153845,0.524019500000577,0.7554094299994176
UTM-NN,337,nn,78.4375,0.5756595300008485,0.7573145879978256
UTM-NN,338,nn,78.45192307692308,0.5258217390000937,0.753969016001065
UTM-NN,339,nn,78.44711538461539,0.5876826059975429,0.7557459630006633
UTM-NN,340,nn,78.5048076923077,0.5252526690019295,0.7479396600028849
UTM-NN,341,nn,78.42307692307692,0.48201197999878787,0.7543293990020175
UTM-NN,342,nn,78.52884615384616,0.5176909399997385,0.7551554159981606
UTM-NN,343,nn,78.46153846153847,0.5875140770003782,0.7813043019996257
UTM-NN,344,nn,78.54807692307692,0.5299244039997575,0.7650182329998643
UTM-NN,345,nn,78.46634615384616,0.5836100140004419,0.771727685998485
UTM-NN,346,nn,78.45673076923076,0.5211981940010446,0.7666626299978816
UTM-NN,347,nn,78.5625,0.5249496169999475,0.7624942500006
UTM-NN,348,nn,78.51442307692308,0.5879259290013579,0.7684324029978598
UTM-NN,349,nn,78.58173076923077,0.5263841960004356,0.7595272250000562
UTM-NN,350,nn,78.5576923076923,0.5839634789990669,0.7663073169969721
UTM-NN,351,nn,78.48557692307693,0.5132021149984212,0.7522008170017216
UTM-NN,352,nn,78.4423076923077,0.5215244669998356,0.7636634669979685
UTM-NN,353,nn,78.58653846153845,0.47886805899906904,0.763001848001295
UTM-NN,354,nn,78.46153846153847,0.5397959770016314,0.7582646209993982
UTM-NN,355,nn,78.57211538461539,0.4838400910011842,0.7655775780003751
UTM-NN,356,nn,78.64423076923077,0.5865401729970472,0.7656165919979685
UTM-NN,357,nn,78.50961538461539,0.5271256169980916,0.7548779969984025
UTM-NN,358,nn,78.50961538461539,0.4789892209992104,0.7541816020020633
UTM-NN,359,nn,78.2451923076923,0.48241010600031586,0.7717020790005336
UTM-NN,360,nn,78.55288461538461,0.5443983730001491,0.7619781460016384
UTM-NN,361,nn,78.49038461538461,0.4820758309979283,0.7610071240014804
UTM-NN,362,nn,78.45192307692308,0.5386084909987403,0.7655582360021072
UTM-NN,363,nn,78.45673076923076,0.48218128599910415,0.7549139910006488
UTM-NN,364,nn,78.58173076923077,0.5125660529993183,0.7629282899979444
UTM-NN,365,nn,78.49038461538461,0.5771156369992241,0.7587658330012346
UTM-NN,366,nn,78.5673076923077,0.5248051960006705,0.7612893449986586
UTM-NN,367,nn,78.44711538461539,0.5817436940014886,0.7679299189985613
UTM-NN,368,nn,78.59134615384616,0.5226131420022284,0.7616138350022084
UTM-NN,369,nn,78.4951923076923,0.5219487290014513,0.7629893849989458
UTM-NN,370,nn,78.48076923076923,0.5229816880018916,0.7624717660000897
UTM-NN,371,nn,78.3701923076923,0.5869717050009058,0.7530860580009175
UTM-NN,372,nn,78.52403846153845,0.5262515340000391,0.759557017001498
UTM-NN,373,nn,78.51442307692308,0.5845928879971325,0.7643252380003105
UTM-NN,374,nn,78.4423076923077,0.5238998059976439,0.7621635949981282
UTM-NN,375,nn,78.5576923076923,0.5262480609999329,0.762085582002328
UTM-NN,376,nn,78.52403846153845,0.5222255010012304,0.7607018960006826
UTM-NN,377,nn,78.60096153846153,0.5549535079990164,0.7697736150003038
UTM-NN,378,nn,78.5,0.48627340700113564,0.7604268180002691
UTM-NN,379,nn,78.54326923076923,0.539784012002201,0.755098164001538
UTM-NN,380,nn,78.42307692307692,0.5260609109973302,0.7610394449984597
UTM-NN,381,nn,78.47596153846153,0.5233456930000102,0.7582288269986748
UTM-NN,382,nn,78.42307692307692,0.5805062180006644,0.7817494189985155
UTM-NN,383,nn,78.5048076923077,0.47988235800221446,0.7580715059993963
UTM-NN,384,nn,78.5625,0.5402331789991877,0.76225637600146
UTM-NN,385,nn,78.41346153846153,0.4817511420005758,0.757174111000495
UTM-NN,386,nn,78.39903846153847,0.482285572001274,0.7593418989999918
UTM-NN,387,nn,78.48557692307693,0.5291383959993254,0.7640703049983131
UTM-NN,388,nn,78.5673076923077,0.5726456330012297,0.7712565990004805
UTM-NN,389,nn,78.5,0.5236227999994298,0.7600531799980672
UTM-NN,390,nn,78.4951923076923,0.5880640899995342,0.7617166279997036
UTM-NN,391,nn,78.49038461538461,0.5242839200000162,0.7632492780030589
UTM-NN,392,nn,78.38942307692308,0.5308400780013471,0.7526084010023624
UTM-NN,393,nn,78.5625,0.5263494960017852,0.7657210239995038
UTM-NN,394,nn,78.42307692307692,0.5861791959978291,0.7631047819995729
UTM-NN,395,nn,78.53365384615385,0.4849289579979086,0.7654068390002067
UTM-NN,396,nn,78.47115384615385,0.5414626839992707,0.7653082299984817
UTM-NN,397,nn,78.38942307692308,0.5283326839999063,0.7659476039989386
UTM-NN,398,nn,78.4326923076923,0.5223506729998917,0.7605458030011505
UTM-NN,399,nn,78.48557692307693,0.5795054049995088,0.764010070997756
UTM-NN,400,nn,78.53365384615385,0.5246502419977332,0.7603848699982336
UTM-NN,401,nn,78.59134615384616,0.5872059489993262,0.7771212009974988
UTM-NN,402,nn,78.5048076923077,0.488312394998502,0.7611040179981501
UTM-NN,403,nn,78.55288461538461,0.5119878730001801,0.7506732340007147
UTM-NN,404,nn,78.57692307692308,0.5313441969992709,0.7743807440019737
UTM-NN,405,nn,78.53365384615385,0.5826336120007909,0.7576915169993299
UTM-NN,406,nn,78.48557692307693,0.5211005950004619,0.7600606129999505
UTM-NN,407,nn,78.46634615384616,0.5757663289987249,0.7622554930021579
UTM-NN,408,nn,78.47596153846153,0.5310608870022406,0.7681569929991383
UTM-NN,409,nn,78.5,0.5286221030000888,0.7646581330009212
UTM-NN,410,nn,78.53365384615385,0.5273473030028981,0.7753953760002332
UTM-NN,411,nn,78.52884615384616,0.5885556040011579,0.7654780129996652
UTM-NN,412,nn,78.54807692307692,0.5171340660017449,0.7695145570032764
UTM-NN,413,nn,78.3798076923077,0.5881960989972868,0.7656004640011815
UTM-NN,414,nn,78.4423076923077,0.5278089449966501,0.7700586959981592
UTM-NN,415,nn,78.39423076923076,0.5294585129995539,0.7782015869997849
UTM-NN,416,nn,78.57211538461539,0.5820710799998778,0.7673599120025756
UTM-NN,417,nn,78.27403846153847,0.5248186860007991,0.776149252000323
UTM-NN,418,nn,78.46634615384616,0.5900255190026655,0.7657284860033542
UTM-NN,419,nn,78.63942307692308,0.5250029329981771,0.7692555169996922
UTM-NN,420,nn,78.5625,0.5291209649985831,0.7825812580013007
UTM-NN,421,nn,78.42788461538461,0.5246399530005874,0.7848579780002183
UTM-NN,422,nn,78.51923076923077,0.5832722910017765,0.7856948859989643
UTM-NN,423,nn,78.4423076923077,0.5144381490026717,0.7839994589994603
UTM-NN,424,nn,78.32211538461539,0.5847593170001346,0.7843383890030964
UTM-NN,425,nn,78.54807692307692,0.5251543369995488,0.7897998270018434
UTM-NN,426,nn,78.55288461538461,0.5294925020025403,0.7880878229989321
UTM-NN,427,nn,78.44711538461539,0.5253196809971996,0.7952492859985796
UTM-NN,428,nn,78.35576923076924,0.5849792560002243,0.7679221690013946
UTM-NN,429,nn,78.5673076923077,0.5840504529987811,0.7693328599998495
UTM-NN,430,nn,78.45192307692308,0.5276259629972628,0.7792508960010309
UTM-NN,431,nn,78.48557692307693,0.5287842020006792,0.7745788659995014
UTM-NN,432,nn,78.40384615384616,0.5311742329977278,0.7633810480001557
UTM-NN,433,nn,78.5576923076923,0.5777025880015572,0.7776234769989969
UTM-NN,434,nn,78.50961538461539,0.5192845340025087,0.7822727310012851
UTM-NN,435,nn,78.41826923076923,0.5851453119976213,0.7678329110021878
UTM-NN,436,nn,78.48076923076923,0.5282200039982854,0.7732327519988758
UTM-NN,437,nn,78.33653846153847,0.525525403998472,0.767701130000205
UTM-NN,438,nn,78.47596153846153,0.5292243910007528,0.77174266899965
UTM-NN,439,nn,78.5,0.5770157150000159,0.7776904210004432
UTM-NN,440,nn,78.5,0.5294328360032523,0.7652946080015681
UTM-NN,441,nn,78.44711538461539,0.5889767370026675,0.77951266799937
UTM-NN,442,nn,78.6201923076923,0.5284679830001551,0.7727270190007403
UTM-NN,443,nn,78.4951923076923,0.526025868999568,0.7728339960012818
UTM-NN,444,nn,78.53846153846153,0.5193799119988398,0.7845820700022159
UTM-NN,445,nn,78.375,0.5823321409989148,0.7867818520026049
UTM-NN,446,nn,78.42788461538461,0.5273918870007037,0.778266834000533
UTM-NN,447,nn,78.4951923076923,0.5851453120012593,0.7761498679974466
UTM-NN,448,nn,78.53846153846153,0.528279392998229,0.7665680629979761
UTM-NN,449,nn,78.625,0.5183679119982116,0.762289595000766
UTM-NN,450,nn,78.57211538461539,0.5848353020010109,0.7627120880024449
UTM-NN,451,nn,78.4326923076923,0.5349189929984277,0.7748757810004463
UTM-NN,452,nn,78.44711538461539,0.586920593999821,0.7798015400003351
UTM-NN,453,nn,78.5048076923077,0.523712438000075,0.7686061220010743
UTM-NN,454,nn,78.40384615384616,0.5259510830001091,0.7824150689993985
UTM-NN,455,nn,78.49038461538461,0.5282476239990501,0.7698656749998918
UTM-NN,456,nn,78.45192307692308,0.5882852079994336,0.7797357809977257
UTM-NN,457,nn,78.4951923076923,0.529956932998175,0.7693844700006593
UTM-NN,458,nn,78.49038461538461,0.5584913969978516,0.7700510680006118
UTM-NN,459,nn,78.54807692307692,0.5184086980007123,0.7721946669989848
UTM-NN,460,nn,78.54326923076923,0.5198035200010054,0.7681277449992194
UTM-NN,461,nn,78.5,0.5279996110002685,0.776915413000097
UTM-NN,462,nn,78.53365384615385,0.5846232870026142,0.76461780200043
UTM-NN,463,nn,78.42788461538461,0.48495365300186677,0.7703711760004808
UTM-NN,464,nn,78.52403846153845,0.5414886369981105,0.7643872230000852
UTM-NN,465,nn,78.40384615384616,0.5283799429998908,0.7661509959980322
UTM-NN,466,nn,78.5673076923077,0.526037001000077,0.7905627450018073
UTM-NN,467,nn,78.38942307692308,0.5878135229977488,0.7738001219986472
UTM-NN,468,nn,78.5625,0.4927303100012068,0.7850726270007726
UTM-NN,469,nn,78.55288461538461,0.5657077400028356,0.7681780310012982
UTM-NN,470,nn,78.4375,0.521794325002702,0.7682271820012829
UTM-NN,471,nn,78.57211538461539,0.5102859739999985,0.7601795490008953
UTM-NN,472,nn,78.5625,0.529650747001142,0.7709216080002079
UTM-NN,473,nn,78.50961538461539,0.5819607659977919,0.7695994109999447
UTM-NN,474,nn,78.40384615384616,0.5301389010019193,0.7692564409990155
UTM-NN,475,nn,78.54326923076923,0.5811337380000623,0.7687793349978165
UTM-NN,476,nn,78.36057692307692,0.5243904259987175,0.7662420100023155
UTM-NN,477,nn,78.52403846153845,0.480463667998265,0.769759549999435
UTM-NN,478,nn,78.58173076923077,0.5192253509994771,0.7576304520007398
UTM-NN,479,nn,78.5,0.5855635230000189,0.7778907000028994
UTM-NN,480,nn,78.4375,0.5195300939994922,0.7702886820006825
UTM-NN,481,nn,78.4951923076923,0.5871433909996995,0.7774771049989795
UTM-NN,482,nn,78.51442307692308,0.5178126089995203,0.7568543179986591
UTM-NN,483,nn,78.50961538461539,0.529902005000622,0.7727216419989418
UTM-NN,484,nn,78.4423076923077,0.5804775159995188,0.7777313269980368
UTM-NN,485,nn,78.30288461538461,0.5221631460008211,0.7712227160009206
UTM-NN,486,nn,78.39903846153847,0.5863383480027551,0.7673763159982627
UTM-NN,487,nn,78.39423076923076,0.5287679270004446,0.7662150870019104
UTM-NN,488,nn,78.54326923076923,0.5268426869988616,0.7676272759999847
UTM-NN,489,nn,78.50961538461539,0.5257047439990856,0.7779878509973059
UTM-NN,490,nn,78.51923076923077,0.5391266219994577,0.7866958569975395
UTM-NN,491,nn,78.47115384615385,0.5244016949982324,0.7717335159977665
UTM-NN,492,nn,78.6201923076923,0.5839766130011412,0.7752814809973643
UTM-NN,493,nn,78.40384615384616,0.5302426259986532,0.7809376769982919
UTM-NN,494,nn,78.47596153846153,0.5279534149995015,0.7798654010002792
UTM-NN,495,nn,78.41826923076923,0.5208808770003088,0.7778828250011429
UTM-NN,496,nn,78.36057692307692,0.5867022879974684,0.7768523440026911
UTM-NN,497,nn,78.5576923076923,0.5811694109979726,0.7651166160030698
UTM-NN,498,nn,78.40384615384616,0.5237884490015858,0.7666145729999698
UTM-NN,499,nn,78.47596153846153,0.5214138500014087,0.7702473720019043
UTM-NN,500,nn,78.5625,0.5266318629983289,0.7762267040016013
