method,epoch,model_type,test_accuracy,train_time,test_time
UTM,1,tm,89.81,0.5128219670000362,0.06606183899998541
UTM,2,tm,90.71000000000001,0.44610640299993065,0.06662692200006859
UTM,3,tm,90.68,0.4263788420000765,0.06660680799996044
UTM,4,tm,90.89,0.4383773399999882,0.068701381999972
UTM,5,tm,90.71000000000001,0.43128368399993633,0.06868982900004994
UTM,6,tm,91.44,0.4271791280000343,0.06834954900000412
UTM,7,tm,91.32000000000001,0.4220338019999872,0.07417186399993625
UTM,8,tm,91.12,0.42661932000009983,0.06945654700007253
UTM,9,tm,91.21000000000001,0.4240829659997871,0.0671084839998457
UTM,10,tm,91.39,0.42483292799988703,0.06807455900002424
UTM,11,tm,91.49000000000001,0.415163456000073,0.07230092999998305
UTM,12,tm,91.46,0.41955097499999283,0.06889745199987374
UTM,13,tm,91.36,0.42175044099985826,0.06825067300019327
UTM,14,tm,91.21000000000001,0.4127529439999762,0.06794363800008796
UTM,15,tm,91.25999999999999,0.4104471729999659,0.0688377839999248
UTM,16,tm,91.24,0.41307756700007303,0.06842228100003922
UTM,17,tm,91.3,0.41790018100005,0.06858519900015381
UTM,18,tm,91.29,0.4230603500000143,0.06894379200002732
UTM,19,tm,91.33,0.41273560300010104,0.06874682099987695
UTM,20,tm,91.38,0.40666807000002336,0.06954175700002452
UTM,21,tm,91.49000000000001,0.4159051520000503,0.06700207999983832
UTM,22,tm,91.29,0.42142718499985676,0.0666565310000351
UTM,23,tm,91.25999999999999,0.4194426569999905,0.06917742399991766
UTM,24,tm,91.56,0.4198560600000292,0.06960064900022189
UTM,25,tm,91.69,0.4171262410000054,0.06797980999999709
UTM,26,tm,91.47,0.4191796760001125,0.07219669599999179
UTM,27,tm,91.56,0.4097656569999799,0.0667507509999723
UTM,28,tm,91.67,0.4097405290001461,0.06663073899994743
UTM,29,tm,91.31,0.4171365490001335,0.06738940499985802
UTM,30,tm,91.55,0.4118829740000365,0.06817682399992009
UTM,31,tm,91.51,0.42345139500002915,0.06906196800014186
UTM,32,tm,91.55,0.4230214959998193,0.06798517000015636
UTM,33,tm,91.42,0.42355745700001535,0.06865663400003541
UTM,34,tm,91.47999999999999,0.42110556800002996,0.0692122279999694
UTM,35,tm,91.51,0.4255147050000687,0.06839816700016854
UTM,36,tm,91.51,0.42106239400004597,0.06819765899990671
UTM,37,tm,91.35,0.4125796169998921,0.06819537000001219
UTM,38,tm,91.36,0.41790626599981806,0.06628223600000638
UTM,39,tm,91.35,0.41293788000007225,0.06667709799990007
UTM,40,tm,91.45,0.4015365999998721,0.07173875300009058
UTM,41,tm,91.24,0.4225713470000301,0.06882968100012476
UTM,42,tm,91.31,0.41452049600002283,0.06953946800013
UTM,43,tm,91.22,0.420169689000204,0.06860630500000298
UTM,44,tm,91.27,0.41113788400002704,0.06753196299996489
UTM,45,tm,91.33,0.4073284369999328,0.06693736300007913
UTM,46,tm,91.34,0.41035544800001844,0.06771388599986494
UTM,47,tm,91.52,0.41225923799993325,0.06693114500012598
UTM,48,tm,91.43,0.40523641200002203,0.06924537200006853
UTM,49,tm,91.52,0.410163933999911,0.06876093899995794
UTM,50,tm,91.53999999999999,0.4084378959998958,0.06840491200000542
UTM,51,tm,91.35,0.41408690399998704,0.06688266200012549
UTM,52,tm,91.52,0.4040279419998569,0.0678725810000742
UTM,53,tm,91.41,0.41505563299983805,0.06693422699981966
UTM,54,tm,91.41,0.4098588800000016,0.0661323369999991
UTM,55,tm,91.44,0.41249422999999297,0.06835061099991435
UTM,56,tm,91.49000000000001,0.4030562269999791,0.0687457720000566
UTM,57,tm,91.31,0.3994002570000248,0.0692374390000623
UTM,58,tm,91.43,0.4108986860001096,0.06839755500004685
UTM,59,tm,91.57,0.4036273030001212,0.06889159600018502
UTM,60,tm,91.44,0.4092205809999996,0.06956637299981594
UTM,61,tm,91.42,0.4106684989999394,0.06979677899994385
UTM,62,tm,91.46,0.41481527799987816,0.06933290400002079
UTM,63,tm,91.46,0.41291281799999524,0.06695167399993807
UTM,64,tm,91.46,0.4142447460001222,0.0651581829999941
UTM,65,tm,91.41,0.41518835300007595,0.06759745899989866
UTM,66,tm,91.21000000000001,0.41113459899997906,0.06888726000011047
UTM,67,tm,91.35,0.42404787200007377,0.06882740199989712
UTM,68,tm,91.28,0.41791894199991475,0.06923634899999342
UTM,69,tm,91.25999999999999,0.41216252699996403,0.06685178399993674
UTM,70,tm,91.38,0.4112401540000974,0.069832746999964
UTM,71,tm,91.34,0.422247465999817,0.06844633799983058
UTM,72,tm,91.34,0.4176294239998697,0.06944977699981791
UTM,73,tm,91.43,0.40804571100011344,0.06525229800013221
UTM,74,tm,91.27,0.4090681830000449,0.06787539900005868
UTM,75,tm,91.53999999999999,0.40342539999983273,0.0678525210000771
UTM,76,tm,91.3,0.39939855099987653,0.0697052700002132
UTM,77,tm,91.35,0.41090476199997283,0.06947646300000088
UTM,78,tm,91.47999999999999,0.41985686400016675,0.06972383800007265
UTM,79,tm,91.23,0.4176216469998053,0.07074907400010488
UTM,80,tm,91.45,0.40643807900005413,0.0682338520000485
UTM,81,tm,91.31,0.4131828259999111,0.06678305800005546
UTM,82,tm,91.45,0.4098733910000192,0.06975801399994452
UTM,83,tm,91.39,0.4024027579998801,0.06867932299996937
UTM,84,tm,91.46,0.395698455999991,0.06851757899994482
UTM,85,tm,91.46,0.41139398700011043,0.0690485739999076
UTM,86,tm,91.34,0.41548859199997423,0.06914720199984004
UTM,87,tm,91.52,0.4101306659999864,0.0743920130000788
UTM,88,tm,91.41,0.4099192310000035,0.06950885499986725
UTM,89,tm,91.53,0.4240371020000566,0.06737436999992497
UTM,90,tm,91.59,0.41344036200007395,0.06926963499995509
UTM,91,tm,91.69,0.42048538099993493,0.0686306989998684
UTM,92,tm,91.47,0.4197195870001451,0.06762488499998653
UTM,93,tm,91.47,0.4127973429999656,0.06681405800009088
UTM,94,tm,91.58,0.4202748029999839,0.06729750599993167
UTM,95,tm,91.53,0.4018376650001301,0.06813367299992024
UTM,96,tm,91.43,0.40586922800002867,0.06765169100003732
UTM,97,tm,91.53999999999999,0.4050501680001162,0.06946504300003653
UTM,98,tm,91.46,0.40524735300004977,0.06732625499989808
UTM,99,tm,91.38,0.4130172010000024,0.06702583600008438
UTM,100,tm,91.5,0.4220468260000416,0.06809592800004793
UTM,101,tm,91.33,0.41928985100003047,0.0697898589999113
UTM,102,tm,91.29,0.41906535399994027,0.06716588400013279
UTM,103,tm,91.45,0.4165525329999582,0.06842879100008759
UTM,104,tm,91.35,0.40612381599999026,0.06707417399979931
UTM,105,tm,91.47,0.4129366160000245,0.06861211800014644
UTM,106,tm,91.57,0.39704970000002504,0.0687310119999438
UTM,107,tm,91.44,0.4175150670000676,0.06865765099996679
UTM,108,tm,91.49000000000001,0.41424419300005866,0.06828058800010695
UTM,109,tm,91.52,0.41192696000007345,0.06637519699984296
UTM,110,tm,91.46,0.4067168110000239,0.06905168299999787
UTM,111,tm,91.34,0.41327230999991116,0.06828090799990605
UTM,112,tm,91.46,0.4085531240000364,0.06858731199986323
UTM,113,tm,91.28,0.4221764249998614,0.06849468699988392
UTM,114,tm,91.41,0.4221608140001081,0.06931384400013485
UTM,115,tm,91.43,0.42515519599987783,0.06884392100005243
UTM,116,tm,91.59,0.4172379640001509,0.06883325400008289
UTM,117,tm,91.38,0.42129621599997336,0.06892008299996633
UTM,118,tm,91.39,0.41441506299997855,0.06924935999995796
UTM,119,tm,91.42,0.4169772899999771,0.06930177200001708
UTM,120,tm,91.4,0.42116932699991594,0.06851039999992281
UTM,121,tm,91.47999999999999,0.40806134700005714,0.06849491200000557
UTM,122,tm,91.39,0.4046120709999741,0.06819055100004334
UTM,123,tm,91.46,0.41147543400006725,0.06681612499983203
UTM,124,tm,91.51,0.4226700400001846,0.06713095700001759
UTM,125,tm,91.66,0.4124495050000405,0.06829407600002924
UTM,126,tm,91.4,0.4180043910000677,0.06735887600007118
UTM,127,tm,91.41,0.4141271589999178,0.06658021299995198
UTM,128,tm,91.44,0.4075050579999697,0.06778907900002196
UTM,129,tm,91.53999999999999,0.40883448199997474,0.06840943099996366
UTM,130,tm,91.51,0.4212766919999922,0.06665225200003988
UTM,131,tm,91.39,0.4032877719998851,0.06916063199992095
UTM,132,tm,91.47,0.4106301580000036,0.0682711649999419
UTM,133,tm,91.49000000000001,0.41943328999991536,0.06982413399987308
UTM,134,tm,91.3,0.40997464699989905,0.06837525199989614
UTM,135,tm,91.49000000000001,0.41157898799997383,0.06866449099993588
UTM,136,tm,91.52,0.418055835000132,0.06836285400004272
UTM,137,tm,91.42,0.42213029699996696,0.06950657300012608
UTM,138,tm,91.4,0.41034221499990053,0.06882102100007614
UTM,139,tm,91.33,0.4123747829999047,0.06827630499992665
UTM,140,tm,91.27,0.42322974800003976,0.0687158879998151
UTM,141,tm,91.43,0.42078506200004995,0.06684961900009512
UTM,142,tm,91.34,0.40649400300003435,0.0688906020000104
UTM,143,tm,91.36,0.41225310300001183,0.06866129799982446
UTM,144,tm,91.29,0.3976590170000236,0.06860456900017198
UTM,145,tm,91.46,0.41735696000000644,0.0689093309999862
UTM,146,tm,91.38,0.4117398299999877,0.06929133000016918
UTM,147,tm,91.36,0.4202907779999805,0.06828063299985843
UTM,148,tm,91.3,0.4192758470001081,0.06859325099981106
UTM,149,tm,91.4,0.4159627869998985,0.06726218499989045
UTM,150,tm,91.46,0.4066457349999837,0.06714415500005089
UTM,151,tm,91.44,0.4166867009998896,0.06844105599998329
UTM,152,tm,91.45,0.41026732399996035,0.06821616699994593
UTM,153,tm,91.47999999999999,0.4126877149999473,0.06838649599990276
UTM,154,tm,91.44,0.4106715890000032,0.06860053099990182
UTM,155,tm,91.49000000000001,0.4096645820000049,0.06865624800002479
UTM,156,tm,91.47,0.4119313940000211,0.0674844430000121
UTM,157,tm,91.47999999999999,0.40395783400003893,0.07014069100000597
UTM,158,tm,91.56,0.4141646549999223,0.06934789500019178
UTM,159,tm,91.47,0.41252474499992786,0.07135173999995459
UTM,160,tm,91.53,0.4024965159999283,0.06866577899995718
UTM,161,tm,91.42,0.4166716189999988,0.0695953429999463
UTM,162,tm,91.47999999999999,0.4049000409997916,0.06901758699996208
UTM,163,tm,91.42,0.40944337799987807,0.0686917440000343
UTM,164,tm,91.47999999999999,0.4091901090000647,0.06992736000006516
UTM,165,tm,91.43,0.41769822000014756,0.07054021600015403
UTM,166,tm,91.43,0.4182079680001607,0.06986341800006812
UTM,167,tm,91.42,0.4136852750000344,0.06968060799999876
UTM,168,tm,91.44,0.4096920240001509,0.06946149299983517
UTM,169,tm,91.5,0.407359753000037,0.06874798200010446
UTM,170,tm,91.47,0.4081189250000534,0.07359972300014306
UTM,171,tm,91.43,0.4136942029999773,0.06940231499993388
UTM,172,tm,91.53,0.41105079099997965,0.06992400699982682
UTM,173,tm,91.41,0.41432746399982534,0.06965267199984737
UTM,174,tm,91.38,0.4140432469998814,0.06858795099992676
UTM,175,tm,91.39,0.4154610959999445,0.06873726899993926
UTM,176,tm,91.44,0.4063734750000094,0.06850766799993835
UTM,177,tm,91.42,0.4135957280000184,0.06855401799998617
UTM,178,tm,91.53,0.42162635999989106,0.06864210799994908
UTM,179,tm,91.33,0.42095098300001155,0.06938379000007444
UTM,180,tm,91.34,0.4232128900000589,0.06850388599991675
UTM,181,tm,91.36999999999999,0.4350205380001171,0.0695121129999734
UTM,182,tm,91.43,0.42281215399998473,0.06887284100002944
UTM,183,tm,91.45,0.41709625400017103,0.06759724399989864
UTM,184,tm,91.36999999999999,0.40317251999999826,0.06632947000002787
UTM,185,tm,91.41,0.4067766970001685,0.06657572900007835
UTM,186,tm,91.55,0.4063448609999796,0.0668991879999794
UTM,187,tm,91.25,0.4179726899999423,0.06724793700004739
UTM,188,tm,91.36,0.4144639769999685,0.06932088100006695
UTM,189,tm,91.36999999999999,0.41074242099989533,0.06989115199985463
UTM,190,tm,91.25,0.42084088599995084,0.06816354100010358
UTM,191,tm,91.33,0.4218237689999569,0.07032919600010246
UTM,192,tm,91.27,0.4211758869998903,0.07143781100012347
UTM,193,tm,91.4,0.41366160699999455,0.0701532949999546
UTM,194,tm,91.29,0.4193079620001754,0.06880780200003755
UTM,195,tm,91.4,0.40075924400002805,0.06867139799987854
UTM,196,tm,91.45,0.4209992549999697,0.0666164579999986
UTM,197,tm,91.33,0.41273416100011673,0.06794428700004573
UTM,198,tm,91.39,0.4100721759998578,0.06898411299994223
UTM,199,tm,91.32000000000001,0.420351182000104,0.06773546599993097
UTM,200,tm,91.45,0.4114567020001232,0.06950174600001446
UTM,201,tm,91.25,0.4172625969999899,0.06899428399992757
UTM,202,tm,91.45,0.4161779439998554,0.06856733600011466
UTM,203,tm,91.47999999999999,0.397880971999939,0.07039170799998828
UTM,204,tm,91.49000000000001,0.41569931499998347,0.06915836500002115
UTM,205,tm,91.49000000000001,0.41530031799993594,0.06645306499990511
UTM,206,tm,91.42,0.41530797999985225,0.06765172700011135
UTM,207,tm,91.29,0.40095023100002436,0.06872591000001194
UTM,208,tm,91.43,0.41188555599978827,0.06780176600000232
UTM,209,tm,91.36,0.4088713749999897,0.06914884599996185
UTM,210,tm,91.47999999999999,0.4109622280000167,0.06798594699989735
UTM,211,tm,91.5,0.401169955000114,0.06868203499993797
UTM,212,tm,91.32000000000001,0.410151075000158,0.06817874500006837
UTM,213,tm,91.32000000000001,0.41183603699982996,0.06880407799985733
UTM,214,tm,91.31,0.4035128640000494,0.06705107699986002
UTM,215,tm,91.53,0.4079658460000246,0.06859258600002249
UTM,216,tm,91.47999999999999,0.4181042319999051,0.06842082699995444
UTM,217,tm,91.29,0.41658388099995136,0.06836145200009014
UTM,218,tm,91.28,0.4076491779999287,0.06901769799992508
UTM,219,tm,91.33,0.4073406979998708,0.06845856499990077
UTM,220,tm,91.27,0.42256127600012405,0.06865505899986601
UTM,221,tm,91.36999999999999,0.41486956299991107,0.06815272200014988
UTM,222,tm,91.34,0.41492402199992284,0.06857320499989328
UTM,223,tm,91.31,0.42821371100012584,0.06716330899985223
UTM,224,tm,91.27,0.41551763300003586,0.06892271899982916
UTM,225,tm,91.19,0.4103397159999531,0.06868919699991238
UTM,226,tm,91.33,0.40871087099981196,0.06811273800008166
UTM,227,tm,91.39,0.4117513390001477,0.06600338999987798
UTM,228,tm,91.43,0.4082082840000112,0.06883975200003078
UTM,229,tm,91.3,0.4061629799998627,0.06907190099991567
UTM,230,tm,91.25,0.41363941999998133,0.06947486900003241
UTM,231,tm,91.32000000000001,0.41819452400000046,0.065518197000074
UTM,232,tm,91.31,0.407967317000157,0.06888696800001526
UTM,233,tm,91.4,0.41738639300001523,0.06875592000005781
UTM,234,tm,91.34,0.42165649399998983,0.06828563799990661
UTM,235,tm,91.4,0.4161201729998538,0.06957868699987557
UTM,236,tm,91.43,0.41688571300005606,0.06897684000000481
UTM,237,tm,91.28,0.4227900039998076,0.06859693599994898
UTM,238,tm,91.21000000000001,0.4113919800001895,0.06646544000000176
UTM,239,tm,91.23,0.4126889229999051,0.0685663280000881
UTM,240,tm,91.10000000000001,0.41270108300000174,0.06973751600003197
UTM,241,tm,91.2,0.418356754999877,0.06828474500002812
UTM,242,tm,91.25999999999999,0.4133071779999682,0.06811139199999161
UTM,243,tm,91.21000000000001,0.4127765449998151,0.06901416200003041
UTM,244,tm,91.25,0.41272468099987236,0.06979078599988497
UTM,245,tm,91.11,0.4150575809999282,0.07156508900015979
UTM,246,tm,91.21000000000001,0.4146851760001482,0.07028618000003917
UTM,247,tm,91.14999999999999,0.41292159299996456,0.0669860420000532
UTM,248,tm,91.17,0.4113795220000611,0.06973183000013705
UTM,249,tm,91.09,0.41527880400008144,0.069955125999968
UTM,250,tm,91.13,0.4248656199999914,0.06828099099993779
UTM,251,tm,91.07,0.4195296780001172,0.06920385700004772
UTM,252,tm,91.13,0.41894482599991534,0.06706520599982468
UTM,253,tm,90.91,0.4202810760000375,0.06870415799994589
UTM,254,tm,91.03999999999999,0.4091611239998656,0.06723752599987165
UTM,255,tm,91.03999999999999,0.4108648470000844,0.06683023599998705
UTM,256,tm,91.07,0.4213051679998898,0.0684780229998978
UTM,257,tm,91.12,0.41349445800005924,0.06826528200008397
UTM,258,tm,91.02,0.4110656289999497,0.06869043599999713
UTM,259,tm,91.12,0.4081054549999408,0.06770437099999072
UTM,260,tm,91.07,0.4105415509998238,0.06738492200020119
UTM,261,tm,91.17,0.4113313919997381,0.06850076299997454
UTM,262,tm,91.27,0.419715831999838,0.06770305100008045
UTM,263,tm,91.3,0.4042560620000586,0.06734590999985812
UTM,264,tm,91.3,0.40617224500010707,0.06871813700036
UTM,265,tm,91.25,0.4228163399998266,0.06866906799996286
UTM,266,tm,91.22,0.4118752700001096,0.0675832030001402
UTM,267,tm,91.09,0.41859759099997973,0.06877485299992259
UTM,268,tm,91.32000000000001,0.41605644299988853,0.06961401299986392
UTM,269,tm,91.14999999999999,0.4139878080000017,0.06764720299997862
UTM,270,tm,91.25999999999999,0.42041179799980455,0.06722967099995003
UTM,271,tm,91.19,0.4139117289996648,0.06874274200026775
UTM,272,tm,91.19,0.4129772889996275,0.07218450700020185
UTM,273,tm,91.39,0.41106381700001293,0.06889935299977878
UTM,274,tm,91.2,0.41754284299986466,0.06628731000000698
UTM,275,tm,91.25,0.42415346300003876,0.06811354399997072
UTM,276,tm,91.19,0.41558962399994925,0.06753049899998587
UTM,277,tm,91.3,0.4126865570001428,0.06862985699990531
UTM,278,tm,91.17,0.41211376999990534,0.06823020399997404
UTM,279,tm,91.25999999999999,0.4193471540002065,0.06831638500034387
UTM,280,tm,91.25999999999999,0.41260451599964654,0.06825245099980748
UTM,281,tm,91.21000000000001,0.4138386210001954,0.06870874399965032
UTM,282,tm,91.22,0.41705703400020866,0.0685241739997764
UTM,283,tm,91.22,0.40993394400038596,0.0690451270002086
UTM,284,tm,91.25,0.4195978169996124,0.07109485799992399
UTM,285,tm,91.25999999999999,0.41983480899989445,0.06894291499975225
UTM,286,tm,91.28,0.42347678399983124,0.06918275399993945
UTM,287,tm,91.35,0.4264043949997358,0.06985650400019949
UTM,288,tm,91.19,0.4294509559999824,0.06885419099990031
UTM,289,tm,91.21000000000001,0.42301465200034727,0.06945520700037378
UTM,290,tm,91.27,0.4309249269999782,0.07014652399993793
UTM,291,tm,91.21000000000001,0.42468312000028163,0.0693921950000913
UTM,292,tm,91.2,0.4258267949999208,0.06892093499982366
UTM,293,tm,91.31,0.4089918879999459,0.06918704200006687
UTM,294,tm,91.12,0.4127071969996905,0.06947640099997443
UTM,295,tm,91.12,0.42604072199992515,0.06769301699978314
UTM,296,tm,91.3,0.4185079300000325,0.06652402400004576
UTM,297,tm,91.16,0.4077216830000907,0.06899281299956783
UTM,298,tm,91.28,0.42250451400013844,0.06934136200015928
UTM,299,tm,91.29,0.42318412800023,0.07007648700027858
UTM,300,tm,91.39,0.4207238630001484,0.06961520799995924
UTM,301,tm,91.28,0.41465136299984806,0.06845957299992733
UTM,302,tm,91.41,0.42043948999980785,0.06700610699999743
UTM,303,tm,91.29,0.42544199399981153,0.06817366599989327
UTM,304,tm,91.36,0.41353853900000104,0.06863713600023402
UTM,305,tm,91.25999999999999,0.4123735480002324,0.0679343459996744
UTM,306,tm,91.22,0.42290176000005886,0.06864447199995993
UTM,307,tm,91.2,0.41281683499983046,0.06889202299998942
UTM,308,tm,91.23,0.4199485320000349,0.07055226000011317
UTM,309,tm,91.35,0.4212554190003175,0.0688277190001827
UTM,310,tm,91.27,0.4244036509999205,0.06899396599965257
UTM,311,tm,91.18,0.42365406499993696,0.07204905799972039
UTM,312,tm,91.34,0.4191274589998102,0.06852305000029446
UTM,313,tm,91.29,0.41438264299995353,0.0686491449996538
UTM,314,tm,91.27,0.41786864899995635,0.06849814599991078
UTM,315,tm,91.24,0.41707156600023154,0.0668114320001223
UTM,316,tm,91.2,0.4167547909996756,0.06804728499992052
UTM,317,tm,91.17,0.41818454500025837,0.06956997499992212
UTM,318,tm,91.28,0.41156991200023185,0.06866413300031127
UTM,319,tm,91.12,0.41792206099989926,0.06894072799968853
UTM,320,tm,91.09,0.4248074689999157,0.06812698899966563
UTM,321,tm,91.14,0.4076466930000606,0.06888390099993558
UTM,322,tm,91.46,0.4278342019997581,0.06851268800028265
UTM,323,tm,91.4,0.41436401799956,0.06730126499996913
UTM,324,tm,91.36,0.40429783399986263,0.07089226800007964
UTM,325,tm,91.34,0.4176371419998759,0.06814717099996415
UTM,326,tm,91.22,0.41004486900010306,0.06945694500018362
UTM,327,tm,91.35,0.4198736220000683,0.06630732800022088
UTM,328,tm,91.3,0.4147398049999538,0.06915250599968203
UTM,329,tm,91.36999999999999,0.4158543359999385,0.07444239800042851
UTM,330,tm,91.22,0.42839326700004676,0.06884965800009013
UTM,331,tm,91.23,0.4173323859999982,0.06889919500008546
UTM,332,tm,91.32000000000001,0.41461900100011917,0.06984198199961611
UTM,333,tm,91.29,0.4289071570001397,0.06886593199988056
UTM,334,tm,91.3,0.41273014399985186,0.07014540900036081
UTM,335,tm,91.24,0.42717741400019804,0.06856264399993961
UTM,336,tm,91.36999999999999,0.42318791899970165,0.0696984269998211
UTM,337,tm,91.35,0.42592634299990095,0.0691058949996659
UTM,338,tm,91.32000000000001,0.41766141600010087,0.06923718299958637
UTM,339,tm,91.39,0.4299479000001156,0.06970407599965256
UTM,340,tm,91.36999999999999,0.42227470699981495,0.06843996599991442
UTM,341,tm,91.43,0.4227660179999475,0.06869228899995505
UTM,342,tm,91.32000000000001,0.4215409430003092,0.0684847880002053
UTM,343,tm,91.38,0.4248856730000625,0.06878041400022994
UTM,344,tm,91.34,0.41624054400017485,0.06631327200011583
UTM,345,tm,91.33,0.4188603150000745,0.06957336599998598
UTM,346,tm,91.27,0.4184245629999168,0.06970218000014938
UTM,347,tm,91.29,0.4181721499999185,0.06995758400034902
UTM,348,tm,91.31,0.42619948599985946,0.07007997900018381
UTM,349,tm,91.29,0.42525980200025515,0.06973650000009002
UTM,350,tm,91.3,0.4162522669998907,0.06881886599967402
UTM,351,tm,91.31,0.41628776500010645,0.06975121699997544
UTM,352,tm,91.3,0.41507389700018393,0.06935357300017131
UTM,353,tm,91.25999999999999,0.42330788099980055,0.0703452660000039
UTM,354,tm,91.32000000000001,0.42107379699973535,0.06845238599998993
UTM,355,tm,91.25,0.42438636599990787,0.06830177300025753
UTM,356,tm,91.21000000000001,0.4209814680002637,0.07011005200001819
UTM,357,tm,91.31,0.42318831100010357,0.0722600910003166
UTM,358,tm,91.16,0.412417827000354,0.07551461299999573
UTM,359,tm,91.22,0.4234219199997824,0.06789810200007196
UTM,360,tm,91.23,0.4236730060001719,0.06873734999999215
UTM,361,tm,91.25999999999999,0.41344362099971477,0.06851516899996568
UTM,362,tm,91.31,0.4211349369998061,0.06885320400033379
UTM,363,tm,91.35,0.4208146789997045,0.06853015500018955
UTM,364,tm,91.32000000000001,0.4270554129998345,0.06942571299987321
UTM,365,tm,91.39,0.42055215600021256,0.0685528159997375
UTM,366,tm,91.33,0.42190251900001385,0.06957634299988058
UTM,367,tm,91.38,0.41943853600014336,0.06816252999988137
UTM,368,tm,91.46,0.41945835600017745,0.06914298399988184
UTM,369,tm,91.36999999999999,0.4260302429997864,0.06970961700017142
UTM,370,tm,91.39,0.4107802759999686,0.0693142310001349
UTM,371,tm,91.44,0.42604746799997883,0.06594626600008269
UTM,372,tm,91.42,0.4141539960000955,0.0743542130003334
UTM,373,tm,91.39,0.42116890699981013,0.06579132900014883
UTM,374,tm,91.38,0.4105578929998046,0.06846687000006568
UTM,375,tm,91.45,0.41214651900008903,0.06754194700033622
UTM,376,tm,91.45,0.41861337399996046,0.06894866500033459
UTM,377,tm,91.33,0.4133644479998111,0.06822423000039635
UTM,378,tm,91.25999999999999,0.412922331000118,0.0688681709998491
UTM,379,tm,91.18,0.4206488029999491,0.06845874999999069
UTM,380,tm,91.19,0.41642277700020713,0.06656789099997695
UTM,381,tm,91.28,0.4209058559999903,0.06635392899988801
UTM,382,tm,91.05,0.41871688099990934,0.06969676200014874
UTM,383,tm,91.25,0.4175646699995923,0.06676110399985191
UTM,384,tm,91.12,0.41405306900014693,0.06741369899964411
UTM,385,tm,91.24,0.41437232700036475,0.06875003400000423
UTM,386,tm,91.33,0.4063192250000611,0.06900806700014073
UTM,387,tm,91.35,0.4161913259999892,0.06635432299981403
UTM,388,tm,91.35,0.41930280399992625,0.06914916200003063
UTM,389,tm,91.25999999999999,0.4154041540000435,0.06873229300026651
UTM,390,tm,91.32000000000001,0.4142703600000459,0.06743960999983756
UTM,391,tm,91.36999999999999,0.4174732880001102,0.06855289300028744
UTM,392,tm,91.24,0.419924691000233,0.06845546900012778
UTM,393,tm,91.47,0.41078165900034946,0.06880126699979883
UTM,394,tm,91.55,0.4220109120001325,0.06836596700031805
UTM,395,tm,91.44,0.4157847359997504,0.06854615599968383
UTM,396,tm,91.47999999999999,0.41266745900020396,0.06728837700029544
UTM,397,tm,91.38,0.4093158470000162,0.06870168899968121
UTM,398,tm,91.36999999999999,0.40864494700008436,0.06734323000000586
UTM,399,tm,91.42,0.417258554,0.0690544740000405
UTM,400,tm,91.46,0.4211234049998893,0.06724672900008954
UTM,401,tm,91.36,0.41388504999986253,0.06787186500014286
UTM,402,tm,91.41,0.40225044599992543,0.06900995299974966
UTM,403,tm,91.35,0.41300393900019117,0.06739436899988505
UTM,404,tm,91.33,0.4138710950001041,0.06851166800015562
UTM,405,tm,91.35,0.4275409199999558,0.0701862389996677
UTM,406,tm,91.34,0.41061945499996,0.06997529499994926
UTM,407,tm,91.28,0.4223407140002564,0.06924430199978815
UTM,408,tm,91.29,0.413254500000221,0.0679662659999849
UTM,409,tm,91.25999999999999,0.4182990500003143,0.06909039300035147
UTM,410,tm,91.29,0.42128506800008836,0.06821510999998281
UTM,411,tm,91.32000000000001,0.4249612769999658,0.06719146500017814
UTM,412,tm,91.35,0.40557709399990927,0.06827243299994734
UTM,413,tm,91.36,0.4196365790003256,0.06936677499970756
UTM,414,tm,91.14,0.4147688890002428,0.06703317799974684
UTM,415,tm,91.25999999999999,0.4116989979997925,0.06894109499990009
UTM,416,tm,91.3,0.41623971900025936,0.06735725799990178
UTM,417,tm,91.41,0.4126715580000564,0.06718963200000871
UTM,418,tm,91.32000000000001,0.4127142570000615,0.0691485779998402
UTM,419,tm,91.27,0.40866934699988633,0.06720677500015881
UTM,420,tm,91.2,0.4030447049999566,0.06684431500025312
UTM,421,tm,91.39,0.4089275149999594,0.06745429700004024
UTM,422,tm,91.43,0.41458748000013657,0.06933277400003135
UTM,423,tm,91.41,0.4228720770001928,0.06891919600002439
UTM,424,tm,91.25999999999999,0.41687720599975364,0.06959286199980852
UTM,425,tm,91.18,0.4197435729997778,0.06862925199993697
UTM,426,tm,91.28,0.42012565100003485,0.06858779000003778
UTM,427,tm,91.35,0.4118037530001857,0.06884970499959309
UTM,428,tm,91.25999999999999,0.4212005199997293,0.06707906299971
UTM,429,tm,91.25,0.4084708240002328,0.07674118500017357
UTM,430,tm,91.31,0.41860217599969474,0.06639736400029506
UTM,431,tm,91.19,0.4161187400000017,0.06947985499982678
UTM,432,tm,91.36,0.417808672999854,0.0687594809996881
UTM,433,tm,91.3,0.41732773800003997,0.06736849300023096
UTM,434,tm,91.27,0.4119022359996052,0.06802453999989666
UTM,435,tm,91.2,0.4234541240002727,0.0685200459997759
UTM,436,tm,91.28,0.42553703800012954,0.06845100999998976
UTM,437,tm,91.24,0.4190070970003035,0.06866917899969849
UTM,438,tm,91.23,0.42159295700002986,0.06848149500001455
UTM,439,tm,91.29,0.4156891610000457,0.06824076800012335
UTM,440,tm,91.18,0.41495959399981075,0.06729368300011629
UTM,441,tm,91.29,0.4221429700000954,0.06955224800003634
UTM,442,tm,91.25,0.4044862259997899,0.07052983399989898
UTM,443,tm,91.31,0.41748192800014294,0.06940179599996554
UTM,444,tm,91.21000000000001,0.41589967299978525,0.06869477500003995
UTM,445,tm,91.18,0.4192833239999345,0.06911376800007929
UTM,446,tm,91.25999999999999,0.4156815220003409,0.06906968600014807
UTM,447,tm,91.35,0.43003516099997796,0.06944533700016109
UTM,448,tm,91.31,0.42433293400017646,0.06910194100009903
UTM,449,tm,91.31,0.42350276899969685,0.06811846500022511
UTM,450,tm,91.31,0.4217554140000175,0.06842438600006062
UTM,451,tm,91.36999999999999,0.4119696389998353,0.06917771899998115
UTM,452,tm,91.43,0.4150189999995746,0.06766680000009728
UTM,453,tm,91.3,0.4159622320003109,0.06692255699999805
UTM,454,tm,91.25999999999999,0.40814992900004654,0.0686395520001497
UTM,455,tm,91.33,0.4175546659998872,0.06904767900005027
UTM,456,tm,91.22,0.41486373400039156,0.06751634399961404
UTM,457,tm,91.35,0.411946227000044,0.06905830899995635
UTM,458,tm,91.25,0.4176130379996721,0.06742655500011097
UTM,459,tm,91.34,0.41894801799980996,0.0669049900002392
UTM,460,tm,91.34,0.4103140040001563,0.06886354500011294
UTM,461,tm,91.31,0.4139663370001472,0.06952491899983215
UTM,462,tm,91.29,0.42371186999980637,0.06937953899978311
UTM,463,tm,91.36999999999999,0.41047666199983723,0.06732008700009828
UTM,464,tm,91.2,0.4086956020000798,0.06875344599984601
UTM,465,tm,91.28,0.4218276619999415,0.06691176799995446
UTM,466,tm,91.24,0.4237800179998885,0.0671621229998891
UTM,467,tm,91.24,0.42133884999975635,0.06883023199998206
UTM,468,tm,91.29,0.41854754599989974,0.0689665300001252
UTM,469,tm,91.28,0.40910101999998005,0.07001048099982654
UTM,470,tm,91.23,0.4218822889997682,0.06734907700001713
UTM,471,tm,91.18,0.4291834270002255,0.06897736300015822
UTM,472,tm,91.19,0.42814099400038685,0.06862090499998885
UTM,473,tm,91.27,0.4269332570002007,0.06911875499963571
UTM,474,tm,91.25,0.41245038400029443,0.06849082100006854
UTM,475,tm,91.24,0.40632999200033737,0.06726729299998624
UTM,476,tm,91.25999999999999,0.41450827900007425,0.07025664599996162
UTM,477,tm,91.17,0.42413562299998375,0.06827647800037084
UTM,478,tm,91.22,0.4223356809998222,0.06821413599982407
UTM,479,tm,91.24,0.4215751540000383,0.06843563800021002
UTM,480,tm,91.25999999999999,0.41346039600011864,0.06863765500020236
UTM,481,tm,91.28,0.417716892000044,0.06666002500014656
UTM,482,tm,91.14,0.4118099539996365,0.0684057829998892
UTM,483,tm,91.23,0.41732437900009245,0.0694034670000292
UTM,484,tm,91.14999999999999,0.4212342909995641,0.06915471799993611
UTM,485,tm,91.18,0.4182526709996637,0.0694897079997645
UTM,486,tm,91.19,0.41742665300034787,0.06989539999995031
UTM,487,tm,91.14,0.4220957510001426,0.06925390400010656
UTM,488,tm,91.2,0.4172544259999995,0.0679290990001391
UTM,489,tm,91.09,0.41617769000004046,0.06961543700026596
UTM,490,tm,91.17,0.42029067400017084,0.06879888100002063
UTM,491,tm,91.11,0.41263895400015826,0.06842660099982822
UTM,492,tm,91.2,0.42010424299996885,0.06875420000005761
UTM,493,tm,91.16,0.42571900499979165,0.06844012200008365
UTM,494,tm,91.13,0.4156371239996588,0.06795518400031142
UTM,495,tm,91.16,0.4203271940000377,0.06765405800024382
UTM,496,tm,91.22,0.4185967899998104,0.06920846100001654
UTM,497,tm,91.16,0.4166476390000753,0.06826539899975614
UTM,498,tm,91.14,0.41859968800008573,0.06939817900001799
UTM,499,tm,91.19,0.42638372700002947,0.06856911500017304
UTM,500,tm,91.13,0.4203850260000763,0.06941035499994541
WTM,1,tm,88.33,0.3067582919998131,0.0612873450004372
WTM,2,tm,90.62,0.2701776349999818,0.06013963299983516
WTM,3,tm,89.78,0.25606344700008776,0.06172263700000258
WTM,4,tm,90.66,0.24613672399982534,0.06175091200020688
WTM,5,tm,91.4,0.24799534100020537,0.05923198000027696
WTM,6,tm,92.4,0.2445343800000046,0.0604822969999077
WTM,7,tm,92.42,0.24476262600001064,0.06180520800035083
WTM,8,tm,92.52,0.2357322060001934,0.06304412500003309
WTM,9,tm,92.74,0.2308429980002984,0.06181938600002468
WTM,10,tm,92.27,0.23552222400030587,0.06132919099991341
WTM,11,tm,92.51,0.2289563609997458,0.0630707129998882
WTM,12,tm,91.61,0.22793964199991024,0.06252736099986578
WTM,13,tm,92.4,0.22759008000002723,0.0639474730000984
WTM,14,tm,92.36,0.22086170700004004,0.06277276299988443
WTM,15,tm,93.16,0.228986198000257,0.061845670000366226
WTM,16,tm,91.36999999999999,0.22903483599975516,0.062371197000175016
WTM,17,tm,92.78999999999999,0.2191338459997496,0.062474495000060415
WTM,18,tm,93.2,0.22688868399973217,0.06175935000010213
WTM,19,tm,92.14,0.223357384999872,0.0626909180000439
WTM,20,tm,92.88,0.2137751240002217,0.06345437500021944
WTM,21,tm,92.31,0.22263071599991235,0.06196655899975667
WTM,22,tm,93.01,0.2301935450000201,0.0644218689999434
WTM,23,tm,91.93,0.2241584979997242,0.06115963599995666
WTM,24,tm,93.01,0.21691603399995074,0.06166134500017506
WTM,25,tm,93.02,0.2220518480003193,0.059702477999962866
WTM,26,tm,93.13,0.2215977229998316,0.061990941999738425
WTM,27,tm,93.08,0.2227009459998044,0.06204422300015722
WTM,28,tm,93.31,0.208154838000155,0.06834859100035828
WTM,29,tm,92.67999999999999,0.21339807200001815,0.061430292000295594
WTM,30,tm,93.28999999999999,0.2140063349997945,0.06327171299972179
WTM,31,tm,92.86999999999999,0.20727159299985942,0.060848386000088794
WTM,32,tm,93.39,0.20993318000000727,0.06169000499994581
WTM,33,tm,93.67,0.21636713200041413,0.0665253950000988
WTM,34,tm,92.43,0.21761962299979132,0.0657592319998912
WTM,35,tm,93.73,0.21238554799992926,0.06240380200006257
WTM,36,tm,93.43,0.21167990699996153,0.0617602289999013
WTM,37,tm,93.43,0.20899421600006463,0.06155434799984505
WTM,38,tm,93.55,0.22089852399994925,0.0610785459998624
WTM,39,tm,93.89999999999999,0.21147231199984162,0.06344521299979533
WTM,40,tm,93.57,0.21550689499963482,0.06244314300010956
WTM,41,tm,93.63,0.20700567600033537,0.06188940600031856
WTM,42,tm,93.06,0.2110114329998396,0.062299714000346285
WTM,43,tm,93.12,0.21882084199978635,0.06160386000010476
WTM,44,tm,92.96,0.2116339499998503,0.0627979780001624
WTM,45,tm,93.01,0.21568681399958223,0.061125047000132327
WTM,46,tm,93.55,0.21418490199994267,0.06062158199983969
WTM,47,tm,93.60000000000001,0.2142586210002264,0.06120301900000413
WTM,48,tm,93.82000000000001,0.2112514430000374,0.06207601100004467
WTM,49,tm,93.46,0.21228353700007574,0.06552701399959915
WTM,50,tm,93.55,0.21368683299988334,0.06188140799986286
WTM,51,tm,94.28999999999999,0.21040329700008442,0.06202703000008114
WTM,52,tm,93.06,0.21601259599992773,0.061034530000142695
WTM,53,tm,92.53,0.21939430700012963,0.06140776800020831
WTM,54,tm,92.97999999999999,0.21445861500023966,0.06332042099984392
WTM,55,tm,93.07,0.20639848700011498,0.06060504700008096
WTM,56,tm,93.92,0.2197264329997779,0.06180528699997012
WTM,57,tm,93.77,0.2119172239999898,0.06141152100008185
WTM,58,tm,94.19999999999999,0.22515282299991668,0.061265346000254794
WTM,59,tm,93.54,0.2156618169997273,0.06347605200016915
WTM,60,tm,93.77,0.20621535600002971,0.06280690299990965
WTM,61,tm,94.28,0.21831283099982102,0.0620820580002146
WTM,62,tm,93.42,0.2164381810002851,0.06075401599991892
WTM,63,tm,92.9,0.21586149899985685,0.06186987399996724
WTM,64,tm,91.39,0.21549655599983453,0.06251090299974749
WTM,65,tm,93.47999999999999,0.21334354300006453,0.06240965500001039
WTM,66,tm,93.16,0.21848049599975639,0.06280775300001551
WTM,67,tm,92.75999999999999,0.21012405699957526,0.06295177499987403
WTM,68,tm,93.32000000000001,0.21705450799981918,0.06317105400012224
WTM,69,tm,93.33,0.21517910400007167,0.06296076900025582
WTM,70,tm,93.17,0.21618292799985284,0.06153454300010708
WTM,71,tm,93.35,0.21509440400041058,0.061154496999733965
WTM,72,tm,93.89999999999999,0.21425749599984556,0.06271948199992039
WTM,73,tm,93.57,0.2131519150002532,0.060877611999785586
WTM,74,tm,92.73,0.2085183600001983,0.0628516239999044
WTM,75,tm,93.2,0.2079505279998557,0.062208248999922944
WTM,76,tm,92.86999999999999,0.20910640200008856,0.06113018399992143
WTM,77,tm,93.26,0.21427815200013356,0.06289065100008884
WTM,78,tm,93.17999999999999,0.20199304000016127,0.060434582000198134
WTM,79,tm,93.22,0.2121959579999384,0.06803662799984522
WTM,80,tm,93.97999999999999,0.21207676099993478,0.060785400999975536
WTM,81,tm,93.78,0.21038982999971267,0.06077003900009004
WTM,82,tm,94.24,0.21062127799996233,0.061168932000327914
WTM,83,tm,93.49,0.21069857399970715,0.062018616999921505
WTM,84,tm,93.54,0.21194119499978115,0.06265030899976409
WTM,85,tm,93.24,0.21237341599999127,0.06079042400006074
WTM,86,tm,93.58999999999999,0.21136422299969126,0.06062409700007265
WTM,87,tm,93.51,0.2083520020000833,0.061006217999874934
WTM,88,tm,92.61,0.2172230569999556,0.06221443999993426
WTM,89,tm,93.62,0.2130967769999188,0.06220531100007065
WTM,90,tm,93.85,0.20716028700007882,0.06115976799992495
WTM,91,tm,92.85,0.2125187729998288,0.06155133800029944
WTM,92,tm,94.43,0.2112102999999479,0.06056130099977963
WTM,93,tm,94.1,0.20618783300005816,0.06170402199995806
WTM,94,tm,93.5,0.20631718699996782,0.06174821600006908
WTM,95,tm,94.27,0.2160806799997772,0.06284959300000992
WTM,96,tm,93.74,0.20997907499986468,0.06218266499990932
WTM,97,tm,93.51,0.21088726699963445,0.061732205000225804
WTM,98,tm,94.16,0.20996736799997961,0.06209545899992008
WTM,99,tm,92.83,0.21101287500005128,0.0615838779999649
WTM,100,tm,93.39,0.2102774629997839,0.06179612200003248
WTM,101,tm,93.54,0.21263208799973654,0.061256892000074004
WTM,102,tm,94.12,0.2166576160002478,0.0619225750001533
WTM,103,tm,93.26,0.20647723599995516,0.062092587999813986
WTM,104,tm,93.93,0.20798780599989186,0.06253396500005692
WTM,105,tm,92.92,0.2118657969999731,0.06255233199999566
WTM,106,tm,93.2,0.21270963299957657,0.06071583399989322
WTM,107,tm,93.51,0.2108830649999618,0.062392378999902576
WTM,108,tm,93.89,0.20993699399969046,0.06194696600005045
WTM,109,tm,93.37,0.21322007399976428,0.06211004099986894
WTM,110,tm,93.78,0.21183497099991655,0.0629511420002018
WTM,111,tm,94.08,0.2124384779999673,0.061694270000316465
WTM,112,tm,92.34,0.20648318100029428,0.06243966599959094
WTM,113,tm,94.12,0.21691263900038393,0.06106192499964891
WTM,114,tm,93.63,0.20950278600003003,0.06288024000014047
WTM,115,tm,93.13,0.2062090099998386,0.062285581000196544
WTM,116,tm,93.74,0.22043133099987244,0.0624983269999575
WTM,117,tm,93.58999999999999,0.21644654800002172,0.062382366999827354
WTM,118,tm,93.4,0.20868121900002734,0.06242816100029813
WTM,119,tm,93.53,0.21310929499986742,0.06140614900004948
WTM,120,tm,92.74,0.21652160199982973,0.06205179600010524
WTM,121,tm,92.74,0.2106576609999138,0.06190640899967548
WTM,122,tm,93.44,0.2134152369999356,0.06570511000018087
WTM,123,tm,93.67999999999999,0.2111548309999307,0.06225418299982266
WTM,124,tm,93.4,0.21585343200013085,0.06339696100030778
WTM,125,tm,92.36,0.21440112399977806,0.06180442699997002
WTM,126,tm,93.95,0.2101597670002775,0.06275347400014653
WTM,127,tm,93.01,0.21078524700033086,0.06174736299999495
WTM,128,tm,92.66,0.20849521499985713,0.06185819599977549
WTM,129,tm,92.44,0.21422528499988402,0.06148357600022791
WTM,130,tm,93.24,0.21165439700007482,0.06146451199992953
WTM,131,tm,93.31,0.21761249800010773,0.061993764999897394
WTM,132,tm,93.47999999999999,0.21254442000008567,0.06130827800006955
WTM,133,tm,93.56,0.2140275310002835,0.06237349599996378
WTM,134,tm,93.78,0.2112554759996783,0.06081869600029677
WTM,135,tm,93.78,0.20890201200018055,0.06196538499989401
WTM,136,tm,93.92,0.20887984599994525,0.06196624500034886
WTM,137,tm,94.05,0.20960462199991525,0.061558539000088786
WTM,138,tm,93.35,0.21024434899982225,0.06128964099980294
WTM,139,tm,93.65,0.20672402399986822,0.0626820239999688
WTM,140,tm,93.71000000000001,0.21226891500009515,0.06213435500012565
WTM,141,tm,91.8,0.21138167399976737,0.06264501499981634
WTM,142,tm,93.46,0.21112159599988445,0.061511677999988024
WTM,143,tm,94.14,0.21935533600026247,0.0639519090000249
WTM,144,tm,93.5,0.20808285399971282,0.06203251100032503
WTM,145,tm,92.17999999999999,0.21264470100004473,0.06158302999983789
WTM,146,tm,92.94,0.21206038000036642,0.060862343999815494
WTM,147,tm,93.42,0.2077516320000541,0.06252183800006605
WTM,148,tm,93.93,0.20987663100004283,0.06262430699962351
WTM,149,tm,93.32000000000001,0.21152033499993195,0.06228009300002668
WTM,150,tm,93.64,0.21170718899975327,0.0624167649998526
WTM,151,tm,92.58,0.21408484700032204,0.06194364700013466
WTM,152,tm,92.22,0.2058270170000469,0.06168902199988224
WTM,153,tm,92.96,0.20822702900022705,0.06187917399984144
WTM,154,tm,92.46,0.21163535200003025,0.0625116189999062
WTM,155,tm,93.19,0.20667406099983054,0.06229480499996498
WTM,156,tm,90.5,0.21239045300035286,0.06252524599995013
WTM,157,tm,92.16,0.21064658600016628,0.06197421700017003
WTM,158,tm,94.28,0.21709180600009859,0.06132782500026224
WTM,159,tm,92.16,0.20939630900011252,0.06215497699986372
WTM,160,tm,93.82000000000001,0.21713326999997662,0.06253942500006815
WTM,161,tm,92.94,0.20634148299996014,0.061236438999912934
WTM,162,tm,93.58999999999999,0.21602496500008783,0.061584193000271625
WTM,163,tm,91.49000000000001,0.20911989100022765,0.06191804200034312
WTM,164,tm,92.91,0.20828489799987437,0.06183566999970935
WTM,165,tm,92.91,0.2145384830000694,0.061336279999977705
WTM,166,tm,92.63,0.21182198999986213,0.06129017400007797
WTM,167,tm,92.62,0.2089353830001528,0.06184289400016496
WTM,168,tm,93.31,0.20874391299958006,0.06277524100005394
WTM,169,tm,93.41000000000001,0.2062023179996686,0.06198106199963149
WTM,170,tm,93.11,0.21207237999988138,0.06149244299967904
WTM,171,tm,93.64,0.21127886800013584,0.061745127999984106
WTM,172,tm,92.67999999999999,0.21043416199972853,0.06286483900021267
WTM,173,tm,93.86,0.21168602799980363,0.06222379800010458
WTM,174,tm,93.35,0.20646675699981643,0.06265702199971201
WTM,175,tm,92.43,0.2094510730003094,0.061765550000018266
WTM,176,tm,92.65,0.2061665040000662,0.06120223600009922
WTM,177,tm,93.62,0.2125621840000349,0.06323629500002426
WTM,178,tm,92.9,0.21076674200003254,0.06164508299980298
WTM,179,tm,93.56,0.21171903999993447,0.06341365500020402
WTM,180,tm,94.22,0.2133175779999874,0.06392111300010583
WTM,181,tm,94.03,0.2123589209995771,0.06300241300004927
WTM,182,tm,94.3,0.22191992099988056,0.06246218099977341
WTM,183,tm,93.84,0.2089604299999337,0.061308409000048414
WTM,184,tm,93.2,0.20710696299966003,0.06217563700010942
WTM,185,tm,94.21000000000001,0.2068311090001771,0.062479750999955286
WTM,186,tm,94.35,0.21208908699964013,0.061719175999769504
WTM,187,tm,93.57,0.21907250599997496,0.062031247000049916
WTM,188,tm,93.24,0.21446567999964827,0.06236280799976157
WTM,189,tm,93.93,0.21021064199976536,0.06236348199990971
WTM,190,tm,94.22,0.20658479799976703,0.062316209000073286
WTM,191,tm,93.49,0.20989833900011945,0.06252520699990782
WTM,192,tm,93.61,0.20755206299963902,0.06179448200009574
WTM,193,tm,93.56,0.21077209199984281,0.062179760999697464
WTM,194,tm,93.51,0.2100075990001642,0.06142035199991369
WTM,195,tm,94.17,0.2129401100000905,0.06252160599979106
WTM,196,tm,93.54,0.2091461589998289,0.06209584799989898
WTM,197,tm,93.84,0.21144743800005017,0.06108285599975716
WTM,198,tm,93.7,0.21534542700010206,0.06411625299961088
WTM,199,tm,93.78999999999999,0.20932164399982867,0.06399577100000897
WTM,200,tm,94.08999999999999,0.20677555500014932,0.06097831499982931
WTM,201,tm,93.17,0.2071065219997763,0.060749679999844375
WTM,202,tm,94.12,0.21260311000014553,0.0627503529999558
WTM,203,tm,93.91000000000001,0.21240651500011154,0.06912855900009163
WTM,204,tm,93.78999999999999,0.2099376849996588,0.061406529000123555
WTM,205,tm,93.91000000000001,0.20885715599979449,0.06332531099997141
WTM,206,tm,93.24,0.2076170360001015,0.06162348199995904
WTM,207,tm,93.35,0.20778123200034315,0.06201637899994239
WTM,208,tm,93.78,0.2086779100000058,0.06133524599999873
WTM,209,tm,93.39,0.2088088539999262,0.06169193699997777
WTM,210,tm,92.92,0.20919924300005732,0.06255864700005986
WTM,211,tm,93.35,0.20469897400016634,0.06202960600012375
WTM,212,tm,93.61,0.21119358400028432,0.06298613299986755
WTM,213,tm,93.34,0.21492805600018983,0.06264953799973227
WTM,214,tm,94.06,0.21194418100003531,0.06245736900018528
WTM,215,tm,93.43,0.21012183600032586,0.06185048299994378
WTM,216,tm,93.02,0.20852728799991382,0.06325574199991024
WTM,217,tm,92.60000000000001,0.20667481200007387,0.060819268000159354
WTM,218,tm,94.28,0.20882935700001326,0.06232818300031795
WTM,219,tm,93.67999999999999,0.20962116999999125,0.06154264199994941
WTM,220,tm,94.04,0.20979318800027613,0.06252309199999218
WTM,221,tm,93.73,0.21260258600023008,0.06074288099989644
WTM,222,tm,93.15,0.21158937500013053,0.06176208699980634
WTM,223,tm,92.9,0.21469629799958057,0.06466812200005734
WTM,224,tm,93.34,0.2181758310002806,0.06312068199986243
WTM,225,tm,93.89,0.21074066000028324,0.06267023600003085
WTM,226,tm,92.94,0.21058130399978836,0.06158448899986979
WTM,227,tm,92.19000000000001,0.21009068900002603,0.06434076300001834
WTM,228,tm,93.35,0.209553600000163,0.06346679699981905
WTM,229,tm,92.29,0.20831405800026914,0.06269152499999109
WTM,230,tm,93.96,0.21084236799970313,0.0626827820001381
WTM,231,tm,93.12,0.21523582600002555,0.06175361999976303
WTM,232,tm,94.82000000000001,0.21145562499987136,0.06098122200000944
WTM,233,tm,94.06,0.2104719879998811,0.06119613900000331
WTM,234,tm,93.17,0.2104322370000773,0.06098482600009447
WTM,235,tm,92.86999999999999,0.21412141500013604,0.062284076000196364
WTM,236,tm,93.02,0.20927618599989728,0.06088248300011401
WTM,237,tm,93.8,0.21018365400004768,0.062411394999799086
WTM,238,tm,94.08999999999999,0.20928497400018387,0.06305971599977056
WTM,239,tm,93.93,0.2039992049999455,0.06242686899986438
WTM,240,tm,93.07,0.2113618650000717,0.06217007900022509
WTM,241,tm,92.88,0.20688319300006697,0.0632146240000111
WTM,242,tm,93.67,0.20954658400023618,0.06212121299995488
WTM,243,tm,93.10000000000001,0.20965593200025978,0.062048665000020264
WTM,244,tm,93.99,0.2101276130001679,0.061485480000101234
WTM,245,tm,93.87,0.21001083100009055,0.06262732599998344
WTM,246,tm,93.7,0.21639018199994098,0.06197985399967365
WTM,247,tm,93.14,0.20990369499986627,0.06132597500027259
WTM,248,tm,93.15,0.2081982899999275,0.062176252999961434
WTM,249,tm,93.74,0.21307995000006485,0.06115736599986121
WTM,250,tm,92.56,0.21136534299967025,0.06262673099990934
WTM,251,tm,93.88,0.21722545500006163,0.06113281599982656
WTM,252,tm,93.34,0.20713130800004365,0.0619264160000057
WTM,253,tm,94.04,0.2145934939999279,0.06270411199966475
WTM,254,tm,93.92,0.21778120500039222,0.06281241199985743
WTM,255,tm,93.31,0.21061108499998227,0.06300514800022938
WTM,256,tm,93.83,0.2067668589997993,0.06154234300038297
WTM,257,tm,92.86,0.21519646099977763,0.06235886300009952
WTM,258,tm,93.60000000000001,0.2065829200000735,0.061592669999754435
WTM,259,tm,93.95,0.20515120600020964,0.06251102999976865
WTM,260,tm,93.5,0.208454587000233,0.06181561599987617
WTM,261,tm,94.37,0.2140492409998842,0.0634648649997871
WTM,262,tm,93.81,0.20419540100010636,0.061428893999618595
WTM,263,tm,93.91000000000001,0.20732238900018274,0.06316663300003711
WTM,264,tm,93.51,0.21257476299979317,0.06267663200014795
WTM,265,tm,93.43,0.21409373699998469,0.06221322600003987
WTM,266,tm,93.64,0.20579740599987417,0.062504319999789
WTM,267,tm,93.88,0.20977348199994594,0.06366913199963165
WTM,268,tm,92.15,0.21222339099995224,0.062595613999747
WTM,269,tm,93.58999999999999,0.20773224699996717,0.062402036000094085
WTM,270,tm,93.0,0.21085273399967264,0.061872891999882995
WTM,271,tm,92.56,0.208435276000273,0.06401775199992699
WTM,272,tm,91.07,0.2162699010000324,0.06211595400009173
WTM,273,tm,93.52000000000001,0.21369453900024382,0.06208896999987701
WTM,274,tm,92.95,0.2092577049997999,0.06307183099988833
WTM,275,tm,94.08,0.20985119800025132,0.06276900000011665
WTM,276,tm,94.04,0.20779617000016515,0.06311790100016879
WTM,277,tm,92.7,0.2088084740003069,0.06592950899994321
WTM,278,tm,92.62,0.20466012899987618,0.06287370799964265
WTM,279,tm,93.8,0.21254245899990565,0.06275831499988271
WTM,280,tm,93.89,0.20108069299976705,0.06232319999980973
WTM,281,tm,93.35,0.20820263699988573,0.06245941399993171
WTM,282,tm,93.0,0.2091401559996484,0.06330113500007428
WTM,283,tm,93.73,0.20475931700002548,0.0636094569999841
WTM,284,tm,93.62,0.21211600700007693,0.06299605999993219
WTM,285,tm,93.85,0.2101382270002432,0.062223799000094004
WTM,286,tm,93.11,0.21548512800018216,0.06268516999989515
WTM,287,tm,93.89,0.2112373910003953,0.06265819500004
WTM,288,tm,92.93,0.20478167400005987,0.06246307199990042
WTM,289,tm,92.49000000000001,0.2090807310000855,0.061789479999788455
WTM,290,tm,93.28999999999999,0.21137764900004186,0.061634046000108356
WTM,291,tm,94.0,0.2082691559999148,0.06177218399989215
WTM,292,tm,94.07,0.2116016079999099,0.060921575000065786
WTM,293,tm,93.47999999999999,0.21510818200022186,0.06157595900003798
WTM,294,tm,93.21000000000001,0.21121104199983165,0.061669408999932784
WTM,295,tm,92.10000000000001,0.21840331299972604,0.06108602599988444
WTM,296,tm,93.56,0.21429592699996647,0.06097784999974465
WTM,297,tm,93.65,0.2140085400001226,0.06203414699984933
WTM,298,tm,93.5,0.20908326500011754,0.06100196800025515
WTM,299,tm,94.23,0.20843627700014622,0.0620889840001837
WTM,300,tm,93.97,0.21780657800036352,0.06246980000014446
WTM,301,tm,94.33,0.2141682739998032,0.06222442000034789
WTM,302,tm,93.75,0.20920986099963557,0.062090880000141624
WTM,303,tm,93.67999999999999,0.2115439899998819,0.06294537899975694
WTM,304,tm,93.65,0.21926684799973373,0.06313065999984246
WTM,305,tm,92.86999999999999,0.21463393899966832,0.06229373500036672
WTM,306,tm,93.76,0.20910694500025784,0.0615919369997755
WTM,307,tm,93.2,0.2142217939999682,0.061806099000023096
WTM,308,tm,93.60000000000001,0.21056747700004053,0.06268960000033985
WTM,309,tm,94.48,0.2104192549995787,0.06171541499998057
WTM,310,tm,94.14,0.21636596999996982,0.06114341000011336
WTM,311,tm,93.44,0.21375364899995475,0.06175872700032414
WTM,312,tm,93.46,0.2131189629999426,0.06219456500002707
WTM,313,tm,93.66,0.20487030599997524,0.060994781000317744
WTM,314,tm,93.37,0.20517613599986362,0.06209280800021588
WTM,315,tm,93.54,0.21250553699974262,0.062016279000090435
WTM,316,tm,93.78,0.20536321100007626,0.06130798100002721
WTM,317,tm,93.87,0.20791049100034797,0.06130226999994193
WTM,318,tm,93.36,0.207072509000227,0.06273237400000653
WTM,319,tm,93.36,0.2149267139998301,0.06404273699990881
WTM,320,tm,93.75,0.21191487199985204,0.062038456999744085
WTM,321,tm,92.5,0.21109734299989213,0.06307783399961409
WTM,322,tm,93.39,0.20831647399973008,0.06274125600020852
WTM,323,tm,93.66,0.20758662799971717,0.06258942099975684
WTM,324,tm,93.78999999999999,0.20696017999989635,0.06263015900003666
WTM,325,tm,93.24,0.20536724200019307,0.06152626299990516
WTM,326,tm,94.34,0.21376562600016769,0.06162696199999118
WTM,327,tm,93.43,0.2083397070000501,0.06140005499992185
WTM,328,tm,94.91000000000001,0.20543201999998928,0.06142809900029533
WTM,329,tm,94.13,0.20610584699988976,0.06231687799981955
WTM,330,tm,93.61,0.20574550399987857,0.05955945599998813
WTM,331,tm,93.7,0.20682008099993254,0.061180589000287
WTM,332,tm,93.76,0.2096118990002651,0.05975400599982095
WTM,333,tm,93.58,0.20639051300031497,0.06006276399966737
WTM,334,tm,93.23,0.20964530700030082,0.061703903999841714
WTM,335,tm,94.07,0.2132534479997048,0.06283249799980695
WTM,336,tm,93.33,0.20805426300012186,0.062143579999883514
WTM,337,tm,93.32000000000001,0.20295899499978987,0.06265248599993356
WTM,338,tm,93.88,0.21172209899987138,0.06255328799989002
WTM,339,tm,93.22,0.21465657699991425,0.0618569230000503
WTM,340,tm,92.93,0.20797313599996414,0.06214872500004276
WTM,341,tm,93.58,0.20842572499987,0.06279891800022597
WTM,342,tm,94.19999999999999,0.2120433619998039,0.0626740789998621
WTM,343,tm,93.38,0.21248493400025836,0.061593777000325645
WTM,344,tm,93.73,0.2102137980000407,0.06424653199974273
WTM,345,tm,94.01,0.20169909700007338,0.06198983700005556
WTM,346,tm,93.72,0.20701395700007197,0.06303049600001032
WTM,347,tm,92.74,0.20687416100008704,0.06197787800010701
WTM,348,tm,94.0,0.20359707300031005,0.06197806399995898
WTM,349,tm,93.77,0.21376563800004078,0.0622587019997809
WTM,350,tm,93.87,0.20765751099997942,0.06168314200021996
WTM,351,tm,93.66,0.2092053310002484,0.0627776989999802
WTM,352,tm,93.83,0.20999894600026892,0.061654328999793506
WTM,353,tm,93.19,0.213363052999739,0.06194181799992293
WTM,354,tm,93.58999999999999,0.20938449499999479,0.06264560999989044
WTM,355,tm,93.34,0.2105830989999049,0.062352236999686284
WTM,356,tm,93.60000000000001,0.20653777500001524,0.06355825699984052
WTM,357,tm,91.97,0.20876154200004748,0.062273217999972985
WTM,358,tm,93.51,0.2030616730003203,0.061444206000032864
WTM,359,tm,93.85,0.20604699400018944,0.06124493800007258
WTM,360,tm,93.58999999999999,0.20958830299969122,0.0622801609997623
WTM,361,tm,94.0,0.20634100999996008,0.06164382299994031
WTM,362,tm,94.19999999999999,0.20932026299988138,0.06152620400007436
WTM,363,tm,94.21000000000001,0.20643320499993933,0.062076451999928395
WTM,364,tm,93.37,0.20838885500006654,0.061195862000204215
WTM,365,tm,93.53,0.20601156800012177,0.0623604229999728
WTM,366,tm,93.73,0.20682196100005967,0.061732279999887396
WTM,367,tm,93.97,0.208895217999725,0.06288142399989738
WTM,368,tm,94.62,0.20720902399989427,0.0613605710000229
WTM,369,tm,93.78,0.21461035099991932,0.06400370099981956
WTM,370,tm,93.43,0.2076891669998986,0.061075553000137006
WTM,371,tm,93.88,0.20694205800009513,0.06333894599993073
WTM,372,tm,93.87,0.20251052899993738,0.06251580800017109
WTM,373,tm,93.32000000000001,0.20987430900004256,0.06313925899985406
WTM,374,tm,93.32000000000001,0.21151880100023845,0.0631537929998558
WTM,375,tm,93.4,0.21312044400019658,0.0643754220000119
WTM,376,tm,93.81,0.21235526100008428,0.06320438299962916
WTM,377,tm,93.95,0.21073975099989184,0.06289000100014164
WTM,378,tm,92.95,0.21058444099980989,0.06344793600010235
WTM,379,tm,93.97,0.20397302600031253,0.06596829700038143
WTM,380,tm,93.28999999999999,0.21244855600025403,0.06281652599955123
WTM,381,tm,93.43,0.20709475200010274,0.06236216999968747
WTM,382,tm,93.67999999999999,0.21728036600006817,0.06100229599996965
WTM,383,tm,93.81,0.20074232500019207,0.06391575799989369
WTM,384,tm,93.39,0.20696742599966456,0.061865449999913835
WTM,385,tm,94.03,0.20559391400001914,0.06085720200007927
WTM,386,tm,93.30000000000001,0.2140319130003263,0.061415900999691075
WTM,387,tm,93.03,0.21405569100033972,0.06091182899990599
WTM,388,tm,93.05,0.21695051200003945,0.061589560999891546
WTM,389,tm,93.44,0.2086250239999572,0.06105227099988042
WTM,390,tm,92.39,0.20882112699973732,0.06208736400003545
WTM,391,tm,93.66,0.21107836700002736,0.061226840000017546
WTM,392,tm,92.46,0.20857319199967606,0.06283190299973285
WTM,393,tm,92.75999999999999,0.207861462999972,0.0618436700001439
WTM,394,tm,93.69,0.2139787559999604,0.061216672000227845
WTM,395,tm,93.61,0.2103377180001189,0.06168853899998794
WTM,396,tm,93.63,0.20286631099997976,0.06294068500028516
WTM,397,tm,93.36,0.20881450800015955,0.06305797200002417
WTM,398,tm,94.39,0.21214085699966745,0.062226470000041445
WTM,399,tm,93.52000000000001,0.20886349300008078,0.06316438200019547
WTM,400,tm,92.94,0.20492742299984457,0.06294834300024377
WTM,401,tm,93.51,0.20801008400030696,0.06346582199967088
WTM,402,tm,93.67999999999999,0.20974808000028133,0.06310883500009368
WTM,403,tm,93.77,0.21080397600007927,0.061365502000171546
WTM,404,tm,93.47,0.20749627800023518,0.06124255299982906
WTM,405,tm,93.94,0.20529255100018418,0.06303997799977878
WTM,406,tm,94.28,0.20586115500009328,0.06166214399991077
WTM,407,tm,93.08,0.20572997499994017,0.06321130100013761
WTM,408,tm,94.32000000000001,0.2045311900001252,0.06264190299998518
WTM,409,tm,94.15,0.20602234099987982,0.0646422499999062
WTM,410,tm,93.81,0.21001859800026068,0.06192521299999498
WTM,411,tm,94.0,0.21072694599979513,0.06329032099984033
WTM,412,tm,93.99,0.20943392599974686,0.06316241200011063
WTM,413,tm,93.34,0.2120343370002047,0.061404206000133854
WTM,414,tm,94.17999999999999,0.2111679939998794,0.062267518999760796
WTM,415,tm,93.35,0.200182754999787,0.06281326799989984
WTM,416,tm,93.14,0.20479268899998715,0.06278915399980178
WTM,417,tm,93.71000000000001,0.20877768099990135,0.06070695900007195
WTM,418,tm,92.4,0.20937493199971868,0.06125163299975611
WTM,419,tm,93.05,0.20657909700003074,0.06266621399981886
WTM,420,tm,92.4,0.21066501699988294,0.06502191800018409
WTM,421,tm,94.15,0.21334479400002238,0.06723467599977084
WTM,422,tm,93.43,0.2136682320001455,0.06322133399999075
WTM,423,tm,93.36,0.20747918500001106,0.06129250100002537
WTM,424,tm,93.21000000000001,0.20906118599987167,0.06330216000014843
WTM,425,tm,94.07,0.21322044199996526,0.061384606000046915
WTM,426,tm,94.01,0.22152973399988696,0.06483186900004512
WTM,427,tm,94.11,0.2095481229998768,0.06315121399984491
WTM,428,tm,93.47,0.20919463700010965,0.06405775700022787
WTM,429,tm,93.45,0.20681974599983732,0.06208353800002442
WTM,430,tm,94.0,0.20755724999980885,0.06179860500014911
WTM,431,tm,93.58,0.20914811700004066,0.06258985499971459
WTM,432,tm,93.87,0.2107852100002674,0.062299748999976146
WTM,433,tm,94.47,0.2095948980004323,0.06262040399997204
WTM,434,tm,93.57,0.21232698199992228,0.062224371999946015
WTM,435,tm,93.61,0.20992122600000584,0.06220944000006057
WTM,436,tm,93.23,0.20871132000002035,0.06169314399994619
WTM,437,tm,94.34,0.21704852599987134,0.06736638899974423
WTM,438,tm,94.05,0.21075442599976668,0.06131982499982769
WTM,439,tm,93.86,0.2112654150000708,0.061673022999912064
WTM,440,tm,92.2,0.21349806900025214,0.061778410999977496
WTM,441,tm,92.75999999999999,0.2168865899998309,0.06151101000023118
WTM,442,tm,93.58999999999999,0.20675138000024162,0.06216717200004496
WTM,443,tm,92.99,0.20990511300033177,0.06150244399987059
WTM,444,tm,93.89,0.20618148299990935,0.06657037300010415
WTM,445,tm,93.28999999999999,0.2103316050001922,0.062065006000011635
WTM,446,tm,92.69,0.20711756900027467,0.06179628600011711
WTM,447,tm,92.89,0.21180157700018754,0.061589506000018446
WTM,448,tm,94.3,0.2062837129997206,0.06296409500009759
WTM,449,tm,93.01,0.20606574000021283,0.06167418199993335
WTM,450,tm,93.07,0.20723645299995042,0.06321562199991604
WTM,451,tm,93.47999999999999,0.20229824899979576,0.061916507000205456
WTM,452,tm,92.54,0.20711756300033812,0.06347829499964064
WTM,453,tm,93.23,0.21377945099993667,0.0621980670002813
WTM,454,tm,93.46,0.20932985399986137,0.06262880599979326
WTM,455,tm,94.13,0.2021796659996653,0.06306778499993015
WTM,456,tm,93.11,0.2103041860000303,0.05991144200015697
WTM,457,tm,93.64,0.2071132830001261,0.06272611800022787
WTM,458,tm,92.78999999999999,0.20707446200003687,0.0700508089998948
WTM,459,tm,93.93,0.20942895300004238,0.061548823999601154
WTM,460,tm,94.33,0.21097049300033177,0.06131880400016598
WTM,461,tm,94.34,0.20816022999997585,0.061902531999749044
WTM,462,tm,94.39999999999999,0.20555237099961232,0.06222940899988316
WTM,463,tm,93.63,0.205220355000165,0.06211436200010212
WTM,464,tm,93.58,0.20904611800006023,0.06189503999985391
WTM,465,tm,93.15,0.20508601599976828,0.06132352399981755
WTM,466,tm,93.8,0.20930750700017597,0.06283739599984983
WTM,467,tm,93.38,0.20410640299996885,0.061400118000165094
WTM,468,tm,94.1,0.21072543399986898,0.06369787399989946
WTM,469,tm,93.38,0.20867418599982557,0.06316853799989985
WTM,470,tm,94.19999999999999,0.20130784000002677,0.062039937999998074
WTM,471,tm,93.39,0.20663883899987923,0.06196232499996768
WTM,472,tm,93.77,0.21168580299990936,0.06173545599995123
WTM,473,tm,93.73,0.20344992199989065,0.062392022000040015
WTM,474,tm,93.72,0.20979607300023417,0.061991525999928854
WTM,475,tm,93.82000000000001,0.2094117520000509,0.062288371000249754
WTM,476,tm,94.13,0.20788863200004926,0.06297062600015124
WTM,477,tm,92.51,0.2167935430002217,0.0631596719999834
WTM,478,tm,93.2,0.21133749499995247,0.06279946799986647
WTM,479,tm,94.05,0.2133218180001677,0.06263351200004763
WTM,480,tm,93.91000000000001,0.21679227499998888,0.062423128000318684
WTM,481,tm,93.55,0.20697394899980281,0.06088006199979645
WTM,482,tm,93.27,0.21565769200014984,0.06143779000012728
WTM,483,tm,93.81,0.20946128900004624,0.06186862499998824
WTM,484,tm,93.61,0.21016359100030968,0.06302069699995627
WTM,485,tm,93.72,0.21537777599996843,0.06323260199997094
WTM,486,tm,93.82000000000001,0.21149171900015062,0.06247594600017692
WTM,487,tm,92.21000000000001,0.20467874099995242,0.06285074400011581
WTM,488,tm,93.67,0.21992267499990703,0.0613288829999874
WTM,489,tm,94.54,0.21631429199987906,0.06237710999994306
WTM,490,tm,94.49,0.2089672000001883,0.062304897000103665
WTM,491,tm,93.52000000000001,0.20964349900032175,0.06229868599984911
WTM,492,tm,94.83,0.20539820500016504,0.06152782800018031
WTM,493,tm,93.72,0.20228583799962507,0.06350466000003507
WTM,494,tm,94.19,0.20862555999974575,0.06192964999991091
WTM,495,tm,93.67,0.20622306099994603,0.06227046599997266
WTM,496,tm,93.94,0.20192112800032191,0.06224797300001228
WTM,497,tm,94.38,0.20856346099981238,0.06181105700034095
WTM,498,tm,93.14,0.2100615710000966,0.06135575600001175
WTM,499,tm,93.7,0.2105470950000381,0.062119501999859494
WTM,500,tm,94.26,0.20949143600000752,0.06268267099994773
WTM-NN,1,tm,88.33,0.3067582919998131,0.0612873450004372
WTM-NN,2,tm,90.62,0.2701776349999818,0.06013963299983516
WTM-NN,3,tm,89.78,0.25606344700008776,0.06172263700000258
WTM-NN,4,tm,90.66,0.24613672399982534,0.06175091200020688
WTM-NN,5,tm,91.4,0.24799534100020537,0.05923198000027696
WTM-NN,6,tm,92.4,0.2445343800000046,0.0604822969999077
WTM-NN,7,tm,92.42,0.24476262600001064,0.06180520800035083
WTM-NN,8,tm,92.52,0.2357322060001934,0.06304412500003309
WTM-NN,9,tm,92.74,0.2308429980002984,0.06181938600002468
WTM-NN,10,tm,92.27,0.23552222400030587,0.06132919099991341
WTM-NN,11,tm,92.51,0.2289563609997458,0.0630707129998882
WTM-NN,12,tm,91.61,0.22793964199991024,0.06252736099986578
WTM-NN,13,tm,92.4,0.22759008000002723,0.0639474730000984
WTM-NN,14,tm,92.36,0.22086170700004004,0.06277276299988443
WTM-NN,15,tm,93.16,0.228986198000257,0.061845670000366226
WTM-NN,16,tm,91.36999999999999,0.22903483599975516,0.062371197000175016
WTM-NN,17,tm,92.78999999999999,0.2191338459997496,0.062474495000060415
WTM-NN,18,tm,93.2,0.22688868399973217,0.06175935000010213
WTM-NN,19,tm,92.14,0.223357384999872,0.0626909180000439
WTM-NN,20,tm,92.88,0.2137751240002217,0.06345437500021944
WTM-NN,21,tm,92.31,0.22263071599991235,0.06196655899975667
WTM-NN,22,tm,93.01,0.2301935450000201,0.0644218689999434
WTM-NN,23,tm,91.93,0.2241584979997242,0.06115963599995666
WTM-NN,24,tm,93.01,0.21691603399995074,0.06166134500017506
WTM-NN,25,tm,93.02,0.2220518480003193,0.059702477999962866
WTM-NN,26,tm,93.13,0.2215977229998316,0.061990941999738425
WTM-NN,27,tm,93.08,0.2227009459998044,0.06204422300015722
WTM-NN,28,tm,93.31,0.208154838000155,0.06834859100035828
WTM-NN,29,tm,92.67999999999999,0.21339807200001815,0.061430292000295594
WTM-NN,30,tm,93.28999999999999,0.2140063349997945,0.06327171299972179
WTM-NN,31,tm,92.86999999999999,0.20727159299985942,0.060848386000088794
WTM-NN,32,tm,93.39,0.20993318000000727,0.06169000499994581
WTM-NN,33,tm,93.67,0.21636713200041413,0.0665253950000988
WTM-NN,34,tm,92.43,0.21761962299979132,0.0657592319998912
WTM-NN,35,tm,93.73,0.21238554799992926,0.06240380200006257
WTM-NN,36,tm,93.43,0.21167990699996153,0.0617602289999013
WTM-NN,37,tm,93.43,0.20899421600006463,0.06155434799984505
WTM-NN,38,tm,93.55,0.22089852399994925,0.0610785459998624
WTM-NN,39,tm,93.89999999999999,0.21147231199984162,0.06344521299979533
WTM-NN,40,tm,93.57,0.21550689499963482,0.06244314300010956
WTM-NN,41,tm,93.63,0.20700567600033537,0.06188940600031856
WTM-NN,42,tm,93.06,0.2110114329998396,0.062299714000346285
WTM-NN,43,tm,93.12,0.21882084199978635,0.06160386000010476
WTM-NN,44,tm,92.96,0.2116339499998503,0.0627979780001624
WTM-NN,45,tm,93.01,0.21568681399958223,0.061125047000132327
WTM-NN,46,tm,93.55,0.21418490199994267,0.06062158199983969
WTM-NN,47,tm,93.60000000000001,0.2142586210002264,0.06120301900000413
WTM-NN,48,tm,93.82000000000001,0.2112514430000374,0.06207601100004467
WTM-NN,49,tm,93.46,0.21228353700007574,0.06552701399959915
WTM-NN,50,tm,93.55,0.21368683299988334,0.06188140799986286
WTM-NN,51,tm,94.28999999999999,0.21040329700008442,0.06202703000008114
WTM-NN,52,tm,93.06,0.21601259599992773,0.061034530000142695
WTM-NN,53,tm,92.53,0.21939430700012963,0.06140776800020831
WTM-NN,54,tm,92.97999999999999,0.21445861500023966,0.06332042099984392
WTM-NN,55,tm,93.07,0.20639848700011498,0.06060504700008096
WTM-NN,56,tm,93.92,0.2197264329997779,0.06180528699997012
WTM-NN,57,tm,93.77,0.2119172239999898,0.06141152100008185
WTM-NN,58,tm,94.19999999999999,0.22515282299991668,0.061265346000254794
WTM-NN,59,tm,93.54,0.2156618169997273,0.06347605200016915
WTM-NN,60,tm,93.77,0.20621535600002971,0.06280690299990965
WTM-NN,61,tm,94.28,0.21831283099982102,0.0620820580002146
WTM-NN,62,tm,93.42,0.2164381810002851,0.06075401599991892
WTM-NN,63,tm,92.9,0.21586149899985685,0.06186987399996724
WTM-NN,64,tm,91.39,0.21549655599983453,0.06251090299974749
WTM-NN,65,tm,93.47999999999999,0.21334354300006453,0.06240965500001039
WTM-NN,66,tm,93.16,0.21848049599975639,0.06280775300001551
WTM-NN,67,tm,92.75999999999999,0.21012405699957526,0.06295177499987403
WTM-NN,68,tm,93.32000000000001,0.21705450799981918,0.06317105400012224
WTM-NN,69,tm,93.33,0.21517910400007167,0.06296076900025582
WTM-NN,70,tm,93.17,0.21618292799985284,0.06153454300010708
WTM-NN,71,tm,93.35,0.21509440400041058,0.061154496999733965
WTM-NN,72,tm,93.89999999999999,0.21425749599984556,0.06271948199992039
WTM-NN,73,tm,93.57,0.2131519150002532,0.060877611999785586
WTM-NN,74,tm,92.73,0.2085183600001983,0.0628516239999044
WTM-NN,75,tm,93.2,0.2079505279998557,0.062208248999922944
WTM-NN,76,tm,92.86999999999999,0.20910640200008856,0.06113018399992143
WTM-NN,77,tm,93.26,0.21427815200013356,0.06289065100008884
WTM-NN,78,tm,93.17999999999999,0.20199304000016127,0.060434582000198134
WTM-NN,79,tm,93.22,0.2121959579999384,0.06803662799984522
WTM-NN,80,tm,93.97999999999999,0.21207676099993478,0.060785400999975536
WTM-NN,81,tm,93.78,0.21038982999971267,0.06077003900009004
WTM-NN,82,tm,94.24,0.21062127799996233,0.061168932000327914
WTM-NN,83,tm,93.49,0.21069857399970715,0.062018616999921505
WTM-NN,84,tm,93.54,0.21194119499978115,0.06265030899976409
WTM-NN,85,tm,93.24,0.21237341599999127,0.06079042400006074
WTM-NN,86,tm,93.58999999999999,0.21136422299969126,0.06062409700007265
WTM-NN,87,tm,93.51,0.2083520020000833,0.061006217999874934
WTM-NN,88,tm,92.61,0.2172230569999556,0.06221443999993426
WTM-NN,89,tm,93.62,0.2130967769999188,0.06220531100007065
WTM-NN,90,tm,93.85,0.20716028700007882,0.06115976799992495
WTM-NN,91,tm,92.85,0.2125187729998288,0.06155133800029944
WTM-NN,92,tm,94.43,0.2112102999999479,0.06056130099977963
WTM-NN,93,tm,94.1,0.20618783300005816,0.06170402199995806
WTM-NN,94,tm,93.5,0.20631718699996782,0.06174821600006908
WTM-NN,95,tm,94.27,0.2160806799997772,0.06284959300000992
WTM-NN,96,tm,93.74,0.20997907499986468,0.06218266499990932
WTM-NN,97,tm,93.51,0.21088726699963445,0.061732205000225804
WTM-NN,98,tm,94.16,0.20996736799997961,0.06209545899992008
WTM-NN,99,tm,92.83,0.21101287500005128,0.0615838779999649
WTM-NN,100,tm,93.39,0.2102774629997839,0.06179612200003248
WTM-NN,101,tm,93.54,0.21263208799973654,0.061256892000074004
WTM-NN,102,tm,94.12,0.2166576160002478,0.0619225750001533
WTM-NN,103,tm,93.26,0.20647723599995516,0.062092587999813986
WTM-NN,104,tm,93.93,0.20798780599989186,0.06253396500005692
WTM-NN,105,tm,92.92,0.2118657969999731,0.06255233199999566
WTM-NN,106,tm,93.2,0.21270963299957657,0.06071583399989322
WTM-NN,107,tm,93.51,0.2108830649999618,0.062392378999902576
WTM-NN,108,tm,93.89,0.20993699399969046,0.06194696600005045
WTM-NN,109,tm,93.37,0.21322007399976428,0.06211004099986894
WTM-NN,110,tm,93.78,0.21183497099991655,0.0629511420002018
WTM-NN,111,tm,94.08,0.2124384779999673,0.061694270000316465
WTM-NN,112,tm,92.34,0.20648318100029428,0.06243966599959094
WTM-NN,113,tm,94.12,0.21691263900038393,0.06106192499964891
WTM-NN,114,tm,93.63,0.20950278600003003,0.06288024000014047
WTM-NN,115,tm,93.13,0.2062090099998386,0.062285581000196544
WTM-NN,116,tm,93.74,0.22043133099987244,0.0624983269999575
WTM-NN,117,tm,93.58999999999999,0.21644654800002172,0.062382366999827354
WTM-NN,118,tm,93.4,0.20868121900002734,0.06242816100029813
WTM-NN,119,tm,93.53,0.21310929499986742,0.06140614900004948
WTM-NN,120,tm,92.74,0.21652160199982973,0.06205179600010524
WTM-NN,121,tm,92.74,0.2106576609999138,0.06190640899967548
WTM-NN,122,tm,93.44,0.2134152369999356,0.06570511000018087
WTM-NN,123,tm,93.67999999999999,0.2111548309999307,0.06225418299982266
WTM-NN,124,tm,93.4,0.21585343200013085,0.06339696100030778
WTM-NN,125,tm,92.36,0.21440112399977806,0.06180442699997002
WTM-NN,126,tm,93.95,0.2101597670002775,0.06275347400014653
WTM-NN,127,tm,93.01,0.21078524700033086,0.06174736299999495
WTM-NN,128,tm,92.66,0.20849521499985713,0.06185819599977549
WTM-NN,129,tm,92.44,0.21422528499988402,0.06148357600022791
WTM-NN,130,tm,93.24,0.21165439700007482,0.06146451199992953
WTM-NN,131,tm,93.31,0.21761249800010773,0.061993764999897394
WTM-NN,132,tm,93.47999999999999,0.21254442000008567,0.06130827800006955
WTM-NN,133,tm,93.56,0.2140275310002835,0.06237349599996378
WTM-NN,134,tm,93.78,0.2112554759996783,0.06081869600029677
WTM-NN,135,tm,93.78,0.20890201200018055,0.06196538499989401
WTM-NN,136,tm,93.92,0.20887984599994525,0.06196624500034886
WTM-NN,137,tm,94.05,0.20960462199991525,0.061558539000088786
WTM-NN,138,tm,93.35,0.21024434899982225,0.06128964099980294
WTM-NN,139,tm,93.65,0.20672402399986822,0.0626820239999688
WTM-NN,140,tm,93.71000000000001,0.21226891500009515,0.06213435500012565
WTM-NN,141,tm,91.8,0.21138167399976737,0.06264501499981634
WTM-NN,142,tm,93.46,0.21112159599988445,0.061511677999988024
WTM-NN,143,tm,94.14,0.21935533600026247,0.0639519090000249
WTM-NN,144,tm,93.5,0.20808285399971282,0.06203251100032503
WTM-NN,145,tm,92.17999999999999,0.21264470100004473,0.06158302999983789
WTM-NN,146,tm,92.94,0.21206038000036642,0.060862343999815494
WTM-NN,147,tm,93.42,0.2077516320000541,0.06252183800006605
WTM-NN,148,tm,93.93,0.20987663100004283,0.06262430699962351
WTM-NN,149,tm,93.32000000000001,0.21152033499993195,0.06228009300002668
WTM-NN,150,tm,93.64,0.21170718899975327,0.0624167649998526
WTM-NN,151,nn,95.39999999999999,0.1878869530000884,0.06085863899988908
WTM-NN,152,nn,95.65,0.17528292799988776,0.0599477199998546
WTM-NN,153,nn,95.7,0.24813787599987336,0.06126980699991691
WTM-NN,154,nn,95.72,0.18259140700001808,0.061697010999978374
WTM-NN,155,nn,95.72,0.19230524500017054,0.06205350499976703
WTM-NN,156,nn,95.77,0.18783732399970177,0.062353615000120044
WTM-NN,157,nn,95.67,0.24722146900012376,0.06115984300004129
WTM-NN,158,nn,95.71,0.1887219999998706,0.06120905699981449
WTM-NN,159,nn,95.8,0.18398216900004627,0.06128679099992951
WTM-NN,160,nn,95.75,0.18811746399978801,0.060533183999723406
WTM-NN,161,nn,95.74000000000001,0.18350463399974615,0.06132591699997647
WTM-NN,162,nn,95.75,0.1874348330002249,0.06111537999959182
WTM-NN,163,nn,95.8,0.1852793599996403,0.06082460400011769
WTM-NN,164,nn,95.77,0.24071299600018392,0.060689514000387135
WTM-NN,165,nn,95.83,0.18551533500021833,0.06143869000015911
WTM-NN,166,nn,95.78,0.1814593229996717,0.061362823999843386
WTM-NN,167,nn,95.8,0.19174608999992415,0.06044980300021052
WTM-NN,168,nn,95.83,0.24657690200001525,0.061335259000316
WTM-NN,169,nn,95.78999999999999,0.18898990899970158,0.060828529999980674
WTM-NN,170,nn,95.83,0.1903756390001945,0.06024972400018669
WTM-NN,171,nn,95.81,0.18416401600006793,0.060577656000077695
WTM-NN,172,nn,95.84,0.19009130099993854,0.05993955600024492
WTM-NN,173,nn,95.81,0.18943520699986038,0.061440097999820864
WTM-NN,174,nn,95.86,0.1759495819997028,0.06120929500002603
WTM-NN,175,nn,95.83,0.1901763759997266,0.06159948499998791
WTM-NN,176,nn,95.83,0.2415200300001743,0.059649581000030594
WTM-NN,177,nn,95.82000000000001,0.17472219100000075,0.061172578999958205
WTM-NN,178,nn,95.84,0.19176884800026528,0.0591820380000172
WTM-NN,179,nn,95.78,0.17578469499994753,0.06216957700007697
WTM-NN,180,nn,95.87,0.24613301099998353,0.05993109099972571
WTM-NN,181,nn,95.78999999999999,0.19087823099971502,0.062375700999837136
WTM-NN,182,nn,95.86,0.18675777299995389,0.06697363800003586
WTM-NN,183,nn,95.86,0.1813251839998884,0.06126636600038182
WTM-NN,184,nn,95.88,0.18294335100017634,0.061282970999855024
WTM-NN,185,nn,95.81,0.19034727400003248,0.06245255799967708
WTM-NN,186,nn,95.82000000000001,0.18764256899976317,0.06083030299987513
WTM-NN,187,nn,95.88,0.2354123269997217,0.062055397000222
WTM-NN,188,nn,95.87,0.18948318599996128,0.062353238000014244
WTM-NN,189,nn,95.78999999999999,0.17988449899985426,0.06266669700016791
WTM-NN,190,nn,95.77,0.17825686300011512,0.05940553099981116
WTM-NN,191,nn,95.88,0.2458475470002668,0.062445466999633936
WTM-NN,192,nn,95.86,0.18941853400019681,0.061419247000230826
WTM-NN,193,nn,95.89999999999999,0.18641371200010326,0.06663314700017509
WTM-NN,194,nn,95.84,0.1921279240000331,0.06106309400001919
WTM-NN,195,nn,95.88,0.1911351880003167,0.06062233500006187
WTM-NN,196,nn,95.91,0.1855707610002355,0.06043961000023046
WTM-NN,197,nn,95.86,0.18051601499973913,0.0650937509999494
WTM-NN,198,nn,95.86,0.18691740199983542,0.06459710199987967
WTM-NN,199,nn,95.89999999999999,0.24818849699977363,0.06027196700006243
WTM-NN,200,nn,95.95,0.18011448000015662,0.06451420699977461
WTM-NN,201,nn,95.93,0.1870847979998871,0.0610033130001284
WTM-NN,202,nn,95.93,0.18959468599996399,0.06580396199979077
WTM-NN,203,nn,95.89,0.24528834200009442,0.06062241100016763
WTM-NN,204,nn,95.84,0.17219962999979543,0.06080529300015769
WTM-NN,205,nn,95.94,0.19095718099970327,0.06222533199979807
WTM-NN,206,nn,95.92,0.17346386000008351,0.06219708600019658
WTM-NN,207,nn,95.88,0.188041339999927,0.06633811699975922
WTM-NN,208,nn,95.87,0.18981804799977908,0.06271160800042708
WTM-NN,209,nn,95.91,0.18258329799982675,0.060203061000265734
WTM-NN,210,nn,95.94,0.2473125449996587,0.06544368000004397
WTM-NN,211,nn,95.96000000000001,0.1809526890001507,0.06036559399990438
WTM-NN,212,nn,95.93,0.1895874920001006,0.06001696100020126
WTM-NN,213,nn,95.89999999999999,0.1831914880003751,0.06256611999970119
WTM-NN,214,nn,96.00999999999999,0.24989892599978702,0.06091341499995906
WTM-NN,215,nn,95.89,0.192323788000067,0.061204331000226375
WTM-NN,216,nn,95.93,0.1917474140000195,0.06344109199972081
WTM-NN,217,nn,95.95,0.17338088900032744,0.06210166600021694
WTM-NN,218,nn,96.00999999999999,0.1903161749996798,0.06129145599970798
WTM-NN,219,nn,95.88,0.18904184799976065,0.06136643699983324
WTM-NN,220,nn,95.97,0.19071409999969546,0.06609119599988844
WTM-NN,221,nn,95.98,0.1918512610000107,0.06133821599996736
WTM-NN,222,nn,96.00999999999999,0.24658260999967752,0.06248392799989233
WTM-NN,223,nn,95.93,0.1840026410000064,0.0615220039999258
WTM-NN,224,nn,95.96000000000001,0.18436960899998667,0.06162916999983281
WTM-NN,225,nn,96.0,0.19228315800000928,0.05993173200022284
WTM-NN,226,nn,95.89999999999999,0.2472529440001381,0.06211489600036657
WTM-NN,227,nn,96.0,0.17671960400002718,0.06122939700026109
WTM-NN,228,nn,95.92,0.1890565720000268,0.06326455700036604
WTM-NN,229,nn,96.0,0.19145542699970974,0.06229461400016589
WTM-NN,230,nn,96.00999999999999,0.1909433259997968,0.061491167999975005
WTM-NN,231,nn,95.99,0.1927030960000593,0.06326972299984845
WTM-NN,232,nn,95.97,0.19232603299997209,0.0626455720002923
WTM-NN,233,nn,96.04,0.23643985699982295,0.06245919100001629
WTM-NN,234,nn,95.89,0.1920251830001689,0.061648206999961985
WTM-NN,235,nn,96.02000000000001,0.19173039099996458,0.06255096999984744
WTM-NN,236,nn,96.02000000000001,0.19199052699968888,0.06224577000011777
WTM-NN,237,nn,95.92,0.2556583870000395,0.06296250200011855
WTM-NN,238,nn,96.07,0.1902417719998084,0.06273806499984858
WTM-NN,239,nn,95.93,0.19021183099994232,0.0621111089999431
WTM-NN,240,nn,96.0,0.18977598599985868,0.0634246679996977
WTM-NN,241,nn,96.04,0.17012516900012997,0.06295190799983175
WTM-NN,242,nn,95.93,0.18955118299982132,0.06173352999985582
WTM-NN,243,nn,96.04,0.18827049299989085,0.06349388199987516
WTM-NN,244,nn,95.97,0.17422287499994127,0.06212285699984932
WTM-NN,245,nn,96.0,0.24394656000004034,0.06237710300001709
WTM-NN,246,nn,95.99,0.18036356699985845,0.06273815600025046
WTM-NN,247,nn,96.0,0.18587137999975312,0.06277789000023404
WTM-NN,248,nn,95.98,0.19167968900001142,0.06231546699973478
WTM-NN,249,nn,96.00999999999999,0.2468371400000251,0.0632264649998433
WTM-NN,250,nn,95.98,0.1741187710003942,0.06232821200001126
WTM-NN,251,nn,96.06,0.174844125999698,0.06108199999971475
WTM-NN,252,nn,96.05,0.18875899500017113,0.06262083499996152
WTM-NN,253,nn,96.04,0.18676653800002896,0.06303333799996835
WTM-NN,254,nn,96.00999999999999,0.17877288699992278,0.062266801000077976
WTM-NN,255,nn,95.99,0.19021358999998483,0.0629517899997154
WTM-NN,256,nn,95.94,0.24684031700007836,0.06137640700035263
WTM-NN,257,nn,95.94,0.19100180199984607,0.06306409099988741
WTM-NN,258,nn,95.98,0.19079256399982114,0.062263712999993004
WTM-NN,259,nn,96.0,0.19086184000025241,0.06234991900009845
WTM-NN,260,nn,96.04,0.24710089299969695,0.061992735999865545
WTM-NN,261,nn,95.98,0.19219206800016764,0.06281780900008016
WTM-NN,262,nn,95.99,0.18839064799976768,0.06134104699958698
WTM-NN,263,nn,96.0,0.19160396899997068,0.06232568299992636
WTM-NN,264,nn,96.02000000000001,0.18077821699989727,0.06292580799981806
WTM-NN,265,nn,95.94,0.19176115099980962,0.06196613600013734
WTM-NN,266,nn,96.04,0.19071633900011875,0.06160254999986137
WTM-NN,267,nn,96.0,0.19046529099978216,0.06186987799992494
WTM-NN,268,nn,95.97,0.24763066400009848,0.06284594799990373
WTM-NN,269,nn,96.06,0.19112597299999834,0.06288222700004553
WTM-NN,270,nn,96.09,0.1909854880000239,0.06214384900022196
WTM-NN,271,nn,96.04,0.18703735200006122,0.06307118199993056
WTM-NN,272,nn,96.03,0.24692507100007788,0.061622807000276225
WTM-NN,273,nn,95.95,0.1736436309997771,0.06287451299976965
WTM-NN,274,nn,95.96000000000001,0.18269151100003,0.06236233000026914
WTM-NN,275,nn,95.97,0.19037085599984493,0.06150975400032621
WTM-NN,276,nn,95.95,0.1902809480002361,0.062178980999760824
WTM-NN,277,nn,96.0,0.18932024200012165,0.06347917299990513
WTM-NN,278,nn,96.00999999999999,0.17688865599984638,0.0625445679997938
WTM-NN,279,nn,95.91,0.24408617200015215,0.062480320000304346
WTM-NN,280,nn,95.98,0.1861913419998018,0.06321776100003262
WTM-NN,281,nn,96.05,0.17644788500001596,0.06116097699987222
WTM-NN,282,nn,95.97,0.19111272100008136,0.06313782900042497
WTM-NN,283,nn,96.04,0.24853388499968787,0.06230395100010355
WTM-NN,284,nn,95.95,0.18542512699968938,0.0624975649998305
WTM-NN,285,nn,95.98,0.18935658400005195,0.06371657299996514
WTM-NN,286,nn,95.97,0.18871545399997558,0.06244606500013106
WTM-NN,287,nn,95.94,0.1905071119999775,0.06259850899959929
WTM-NN,288,nn,96.05,0.18145959499997844,0.06233577000011792
WTM-NN,289,nn,96.0,0.18772371800014298,0.06052368100017702
WTM-NN,290,nn,95.95,0.1902927549999731,0.061185733000002074
WTM-NN,291,nn,95.99,0.23266777800017735,0.06250466699975732
WTM-NN,292,nn,96.04,0.19176327700006368,0.06079349599986017
WTM-NN,293,nn,96.00999999999999,0.18992282400040494,0.06095536000020729
WTM-NN,294,nn,95.99,0.18633229799979745,0.060992870000063704
WTM-NN,295,nn,95.94,0.2477804830000423,0.059942523000245274
WTM-NN,296,nn,96.02000000000001,0.19095238199997766,0.06188312299991594
WTM-NN,297,nn,96.02000000000001,0.19089378500029852,0.062430156999653263
WTM-NN,298,nn,96.06,0.18715333999989525,0.0601075290001063
WTM-NN,299,nn,95.98,0.18992217699997127,0.062004049999814015
WTM-NN,300,nn,95.91,0.17341101900001377,0.05976357999998072
WTM-NN,301,nn,95.96000000000001,0.18530603299996073,0.06156152200037468
WTM-NN,302,nn,96.02000000000001,0.2466961430000083,0.06258416700029557
WTM-NN,303,nn,96.05,0.19204660399964268,0.06089866499996788
WTM-NN,304,nn,95.98,0.19142436799984353,0.06124634399975548
WTM-NN,305,nn,96.05,0.17330069799982084,0.062491429999681714
WTM-NN,306,nn,95.91,0.24538946999973632,0.05985273599981156
WTM-NN,307,nn,96.00999999999999,0.18817113499972038,0.05970601299986811
WTM-NN,308,nn,95.95,0.17488106200016773,0.06095567500005927
WTM-NN,309,nn,96.08,0.1913321850001921,0.061080922999735776
WTM-NN,310,nn,95.99,0.1918365490000724,0.061427092000030825
WTM-NN,311,nn,95.97,0.1898380420002468,0.06143932999975732
WTM-NN,312,nn,95.98,0.1909410090001984,0.06156110299980355
WTM-NN,313,nn,96.00999999999999,0.1910674509999808,0.06217850400025782
WTM-NN,314,nn,96.06,0.24726463800016063,0.06079837699962809
WTM-NN,315,nn,95.95,0.1919393350003702,0.06084103600005619
WTM-NN,316,nn,96.00999999999999,0.19220891600025425,0.061442275999979756
WTM-NN,317,nn,96.0,0.18982562500013955,0.06072253100001035
WTM-NN,318,nn,95.96000000000001,0.23384044900012668,0.0606039280000914
WTM-NN,319,nn,95.96000000000001,0.19046410300006755,0.06059903599998506
WTM-NN,320,nn,95.98,0.19120207000014489,0.059984542000165675
WTM-NN,321,nn,95.98,0.19020302399985667,0.06104240500008018
WTM-NN,322,nn,95.99,0.17982732300015414,0.06593689900000754
WTM-NN,323,nn,96.03,0.18268208099971162,0.06132621899996593
WTM-NN,324,nn,96.00999999999999,0.17774847100008628,0.06483571899980234
WTM-NN,325,nn,95.96000000000001,0.23892779400011932,0.061639391999960935
WTM-NN,326,nn,96.00999999999999,0.1788445059996775,0.06592495299992152
WTM-NN,327,nn,95.96000000000001,0.1809874390000914,0.06727562400010356
WTM-NN,328,nn,96.05,0.18986774900031378,0.06077587800018591
WTM-NN,329,nn,95.95,0.23423402600019472,0.06174237200002608
WTM-NN,330,nn,95.99,0.1945821369999976,0.061911317000067356
WTM-NN,331,nn,95.98,0.19014272499998697,0.06745330600006127
WTM-NN,332,nn,95.94,0.19029573699981484,0.06208595199996125
WTM-NN,333,nn,96.03,0.1768726410000454,0.06658081500017943
WTM-NN,334,nn,96.03,0.17697119300009945,0.06284152199987147
WTM-NN,335,nn,96.00999999999999,0.18520604600007573,0.06123993600022004
WTM-NN,336,nn,95.95,0.18082983499971306,0.06373793700004171
WTM-NN,337,nn,95.94,0.23624443199969392,0.06093132900014098
WTM-NN,338,nn,95.98,0.19097385199984274,0.06215444800000114
WTM-NN,339,nn,96.02000000000001,0.19514782300029765,0.06839358000024731
WTM-NN,340,nn,95.94,0.19182585799990193,0.06096344000025056
WTM-NN,341,nn,95.97,0.23622412100030488,0.06081058999961897
WTM-NN,342,nn,96.05,0.17183459099987886,0.06462085200018919
WTM-NN,343,nn,96.00999999999999,0.1855472520001058,0.06130243100005828
WTM-NN,344,nn,95.97,0.19261828600019726,0.06770676499991168
WTM-NN,345,nn,96.02000000000001,0.18537010999989434,0.06233470800043506
WTM-NN,346,nn,96.00999999999999,0.17682546099968022,0.0679042249998929
WTM-NN,347,nn,96.0,0.182353107000381,0.062083491000066715
WTM-NN,348,nn,95.98,0.2481154819997755,0.06121240999982547
WTM-NN,349,nn,95.96000000000001,0.1920250500002112,0.06112273000007917
WTM-NN,350,nn,95.93,0.19012378699972032,0.061911233000046195
WTM-NN,351,nn,95.95,0.17991346600001634,0.0613948669997626
WTM-NN,352,nn,95.93,0.24122392599974773,0.06161588100030713
WTM-NN,353,nn,96.00999999999999,0.19091905599998427,0.061733740999898146
WTM-NN,354,nn,95.98,0.1896825919998264,0.06117923500005418
WTM-NN,355,nn,95.98,0.18331128199997693,0.06229228800020792
WTM-NN,356,nn,96.0,0.18040852600006474,0.06265175900034592
WTM-NN,357,nn,96.0,0.17739106399994853,0.060562437000044156
WTM-NN,358,nn,96.06,0.19174879899992447,0.05992739600014829
WTM-NN,359,nn,96.03,0.1822358310000709,0.061704752999958146
WTM-NN,360,nn,95.96000000000001,0.23391112399986014,0.07099855400019806
WTM-NN,361,nn,96.03,0.178183626000191,0.0629236720001245
WTM-NN,362,nn,96.02000000000001,0.18075188500006334,0.06020003799994811
WTM-NN,363,nn,95.96000000000001,0.1777161929999238,0.06716125100001591
WTM-NN,364,nn,95.93,0.24276829400014321,0.06821984399994108
WTM-NN,365,nn,95.96000000000001,0.19281702599982964,0.06148342999995293
WTM-NN,366,nn,95.94,0.18000575599990043,0.06821273800005656
WTM-NN,367,nn,95.98,0.17796012200005862,0.061502783999912936
WTM-NN,368,nn,96.00999999999999,0.17646323400003894,0.06218984399993133
WTM-NN,369,nn,96.02000000000001,0.18022004000022207,0.06083697799977017
WTM-NN,370,nn,96.04,0.17770815500034587,0.06193753200022911
WTM-NN,371,nn,95.96000000000001,0.24316348699994705,0.06204272000013589
WTM-NN,372,nn,95.94,0.17686616799983312,0.06078841499993359
WTM-NN,373,nn,96.0,0.17904356799999732,0.061470213000120566
WTM-NN,374,nn,96.0,0.17756044299994755,0.061094007000065176
WTM-NN,375,nn,96.0,0.2493587609997121,0.059058444000129384
WTM-NN,376,nn,96.02000000000001,0.1755839070001457,0.062229972000295675
WTM-NN,377,nn,95.99,0.1695290110001224,0.062276571999973385
WTM-NN,378,nn,96.03,0.19108067199977086,0.06248599099990315
WTM-NN,379,nn,96.02000000000001,0.1901740329999484,0.059701123999730044
WTM-NN,380,nn,96.03,0.19101116800038653,0.06041359199980434
WTM-NN,381,nn,95.99,0.19007470600035958,0.06070485899999767
WTM-NN,382,nn,96.03,0.19072171100015112,0.06125662900012685
WTM-NN,383,nn,95.95,0.249385374999747,0.06234772400011934
WTM-NN,384,nn,96.02000000000001,0.19121242399978655,0.06168493599989233
WTM-NN,385,nn,95.86,0.18211675700013075,0.06070799100007207
WTM-NN,386,nn,95.96000000000001,0.1844101540000338,0.06074903800026732
WTM-NN,387,nn,95.94,0.24815554799988604,0.060849432999930286
WTM-NN,388,nn,95.99,0.1764066340001591,0.06078509400003895
WTM-NN,389,nn,95.98,0.19085651400018833,0.059757537999757915
WTM-NN,390,nn,96.02000000000001,0.1911812519997511,0.05976381599975866
WTM-NN,391,nn,95.93,0.1882451750002474,0.06045281199976671
WTM-NN,392,nn,96.00999999999999,0.19116622100000313,0.061984413000118366
WTM-NN,393,nn,95.99,0.1800091740001335,0.06244918099991992
WTM-NN,394,nn,95.97,0.2480405830001473,0.060965998000028776
WTM-NN,395,nn,95.93,0.1903175080001347,0.061136864999753016
WTM-NN,396,nn,96.02000000000001,0.18816569299997354,0.06094303200006834
WTM-NN,397,nn,95.98,0.1918805129998873,0.062248137000096904
WTM-NN,398,nn,95.98,0.2488812589999725,0.06265885299990259
WTM-NN,399,nn,95.95,0.19100426200020593,0.06040295100001458
WTM-NN,400,nn,95.98,0.19029469099996277,0.06163506199982294
WTM-NN,401,nn,96.04,0.18452696600024865,0.06233071499991638
WTM-NN,402,nn,96.05,0.18421357800025362,0.06132226499994431
WTM-NN,403,nn,95.99,0.17687939699999333,0.059947131000171794
WTM-NN,404,nn,95.95,0.1890125260001696,0.060967964999690594
WTM-NN,405,nn,95.97,0.1912626910002473,0.06001966500025446
WTM-NN,406,nn,95.93,0.24724920700009534,0.06042109200006962
WTM-NN,407,nn,96.05,0.19068512600006216,0.06102372599980299
WTM-NN,408,nn,96.04,0.18930623899996135,0.061131390999889845
WTM-NN,409,nn,96.0,0.18452107200027967,0.06055534200004331
WTM-NN,410,nn,95.94,0.2493079639998541,0.05996436299983543
WTM-NN,411,nn,96.00999999999999,0.19104348099972412,0.060827175000213174
WTM-NN,412,nn,96.03,0.18076036699994802,0.06156256000031135
WTM-NN,413,nn,95.98,0.1857684619999418,0.05981609899981777
WTM-NN,414,nn,96.02000000000001,0.1772062480004024,0.06078867699989132
WTM-NN,415,nn,96.00999999999999,0.17657568499998888,0.061140151000017795
WTM-NN,416,nn,96.0,0.17637607599999683,0.06086786800005939
WTM-NN,417,nn,95.95,0.2421929749998526,0.06047779400023501
WTM-NN,418,nn,95.93,0.19328186300026573,0.06065647900004478
WTM-NN,419,nn,95.98,0.19155862700017678,0.060404320000088774
WTM-NN,420,nn,96.0,0.18070540500002608,0.06032441699971969
WTM-NN,421,nn,95.98,0.24182195000003048,0.06168757400018876
WTM-NN,422,nn,95.97,0.18437683699994523,0.060000195000156964
WTM-NN,423,nn,96.02000000000001,0.17858464800019647,0.06088013700036754
WTM-NN,424,nn,95.96000000000001,0.19094337600017752,0.06085129199982475
WTM-NN,425,nn,95.97,0.1917265629999747,0.060315313000046444
WTM-NN,426,nn,95.98,0.1914138440001807,0.05991273400013597
WTM-NN,427,nn,96.0,0.18153410199965947,0.05970280500014269
WTM-NN,428,nn,95.96000000000001,0.18369278099999065,0.06042649600021832
WTM-NN,429,nn,96.06,0.24738754400004836,0.05956212199998845
WTM-NN,430,nn,96.02000000000001,0.18743487099982303,0.060405454999909125
WTM-NN,431,nn,96.00999999999999,0.18358279199992467,0.060436039000251185
WTM-NN,432,nn,95.95,0.19045427800028847,0.06076641900017421
WTM-NN,433,nn,96.02000000000001,0.24852230700025757,0.06056614500039359
WTM-NN,434,nn,95.97,0.19010572299976047,0.061562337999930605
WTM-NN,435,nn,96.00999999999999,0.1904304569998203,0.06041474299991023
WTM-NN,436,nn,96.02000000000001,0.19000267199999143,0.062091819000215764
WTM-NN,437,nn,96.0,0.1829179309997926,0.06601132600007986
WTM-NN,438,nn,95.98,0.19123535000017,0.06213675399976637
WTM-NN,439,nn,96.0,0.19123021599989443,0.06056309399991733
WTM-NN,440,nn,96.0,0.2433193410001877,0.06163473500009786
WTM-NN,441,nn,95.98,0.1876268899995921,0.061186508999981015
WTM-NN,442,nn,95.99,0.19068979400026365,0.060546628999873064
WTM-NN,443,nn,96.0,0.19119182999975237,0.06115113699979702
WTM-NN,444,nn,96.02000000000001,0.2368287520002923,0.06113139399985812
WTM-NN,445,nn,95.96000000000001,0.18617279499994766,0.06009581599982994
WTM-NN,446,nn,95.98,0.19005781100031527,0.061923433000174555
WTM-NN,447,nn,96.05,0.17710595000016838,0.0600345620000553
WTM-NN,448,nn,95.99,0.17764924399989468,0.06141658899969116
WTM-NN,449,nn,96.03,0.19089224699973784,0.06161836899991613
WTM-NN,450,nn,96.0,0.19060414799969294,0.06047148900006505
WTM-NN,451,nn,96.0,0.1785146350002833,0.06103329699999449
WTM-NN,452,nn,95.99,0.24747486999967805,0.06121553299999505
WTM-NN,453,nn,95.95,0.19041979899975559,0.06183341099995232
WTM-NN,454,nn,95.97,0.17375299100012853,0.06140078299995366
WTM-NN,455,nn,95.99,0.1699863879998702,0.06145702399999209
WTM-NN,456,nn,96.00999999999999,0.24428900200018688,0.06124746300019979
WTM-NN,457,nn,96.0,0.17909592900014104,0.061252467000031174
WTM-NN,458,nn,96.06,0.17753330799996547,0.06077074500035451
WTM-NN,459,nn,95.94,0.17816685199977655,0.06133292699996673
WTM-NN,460,nn,95.95,0.17630886500000997,0.06048062599984405
WTM-NN,461,nn,96.07,0.17429683299997123,0.06144848399981129
WTM-NN,462,nn,95.97,0.18383409299985942,0.06042935600044075
WTM-NN,463,nn,96.0,0.24516837200008013,0.0599014750000606
WTM-NN,464,nn,95.99,0.17419216700000106,0.06000750799967136
WTM-NN,465,nn,95.94,0.18990774700023394,0.05860692199985351
WTM-NN,466,nn,96.03,0.1906615679999959,0.06109216100003323
WTM-NN,467,nn,96.0,0.24788920299988604,0.059965491000184556
WTM-NN,468,nn,95.98,0.18524548300001697,0.060401450999961526
WTM-NN,469,nn,96.06,0.18898334300001807,0.06629401400005008
WTM-NN,470,nn,95.98,0.1906328980003309,0.06077243199979421
WTM-NN,471,nn,95.97,0.1756848549998722,0.061499743000240414
WTM-NN,472,nn,96.05,0.19188634099964474,0.06153663399982179
WTM-NN,473,nn,96.00999999999999,0.1742083209996963,0.06088796500034732
WTM-NN,474,nn,96.0,0.18277050799997596,0.060111795000011625
WTM-NN,475,nn,96.05,0.23403470000039306,0.06126095399986298
WTM-NN,476,nn,96.04,0.17831708599987905,0.06082594000008612
WTM-NN,477,nn,96.05,0.1776126749996365,0.06165272299995195
WTM-NN,478,nn,95.98,0.1764767380000194,0.0620695159996103
WTM-NN,479,nn,96.02000000000001,0.24783988599983786,0.06186815499995646
WTM-NN,480,nn,95.96000000000001,0.17337191800015717,0.06043625100028294
WTM-NN,481,nn,96.02000000000001,0.17508537100002286,0.061043859999699634
WTM-NN,482,nn,96.02000000000001,0.19179352899982405,0.05975894099992729
WTM-NN,483,nn,96.05,0.1908440160000282,0.06030810600032055
WTM-NN,484,nn,96.0,0.1909276259998478,0.06076660099961373
WTM-NN,485,nn,96.05,0.1849698629998784,0.0596448070000406
WTM-NN,486,nn,95.96000000000001,0.2394581870003094,0.059999958999924274
WTM-NN,487,nn,96.03,0.17746149000004152,0.06091093299983186
WTM-NN,488,nn,95.95,0.17827337500011708,0.05989594499988016
WTM-NN,489,nn,96.02000000000001,0.1790477690001353,0.05933965500025806
WTM-NN,490,nn,95.99,0.23391371100024116,0.061306748000333755
WTM-NN,491,nn,96.02000000000001,0.17664544699982798,0.06057042900010856
WTM-NN,492,nn,95.97,0.17935671899977024,0.060916751000149816
WTM-NN,493,nn,96.00999999999999,0.17809803799991641,0.062000018999697204
WTM-NN,494,nn,96.06,0.17904641399991306,0.05950191100009761
WTM-NN,495,nn,96.0,0.17713067899967427,0.0612463510001362
WTM-NN,496,nn,96.06,0.17772423399992476,0.06205320600020059
WTM-NN,497,nn,96.02000000000001,0.17818769199993767,0.061499175999870204
WTM-NN,498,nn,95.99,0.23393964700017023,0.061414311999669735
WTM-NN,499,nn,95.93,0.17997231300023486,0.06079755200016734
WTM-NN,500,nn,95.95,0.17748185499976898,0.06022899100025825
UTM-NN,1,tm,89.81,0.5128219670000362,0.06606183899998541
UTM-NN,2,tm,90.71000000000001,0.44610640299993065,0.06662692200006859
UTM-NN,3,tm,90.68,0.4263788420000765,0.06660680799996044
UTM-NN,4,tm,90.89,0.4383773399999882,0.068701381999972
UTM-NN,5,tm,90.71000000000001,0.43128368399993633,0.06868982900004994
UTM-NN,6,tm,91.44,0.4271791280000343,0.06834954900000412
UTM-NN,7,tm,91.32000000000001,0.4220338019999872,0.07417186399993625
UTM-NN,8,tm,91.12,0.42661932000009983,0.06945654700007253
UTM-NN,9,tm,91.21000000000001,0.4240829659997871,0.0671084839998457
UTM-NN,10,tm,91.39,0.42483292799988703,0.06807455900002424
UTM-NN,11,tm,91.49000000000001,0.415163456000073,0.07230092999998305
UTM-NN,12,tm,91.46,0.41955097499999283,0.06889745199987374
UTM-NN,13,tm,91.36,0.42175044099985826,0.06825067300019327
UTM-NN,14,tm,91.21000000000001,0.4127529439999762,0.06794363800008796
UTM-NN,15,tm,91.25999999999999,0.4104471729999659,0.0688377839999248
UTM-NN,16,tm,91.24,0.41307756700007303,0.06842228100003922
UTM-NN,17,tm,91.3,0.41790018100005,0.06858519900015381
UTM-NN,18,tm,91.29,0.4230603500000143,0.06894379200002732
UTM-NN,19,tm,91.33,0.41273560300010104,0.06874682099987695
UTM-NN,20,tm,91.38,0.40666807000002336,0.06954175700002452
UTM-NN,21,tm,91.49000000000001,0.4159051520000503,0.06700207999983832
UTM-NN,22,tm,91.29,0.42142718499985676,0.0666565310000351
UTM-NN,23,tm,91.25999999999999,0.4194426569999905,0.06917742399991766
UTM-NN,24,tm,91.56,0.4198560600000292,0.06960064900022189
UTM-NN,25,tm,91.69,0.4171262410000054,0.06797980999999709
UTM-NN,26,tm,91.47,0.4191796760001125,0.07219669599999179
UTM-NN,27,tm,91.56,0.4097656569999799,0.0667507509999723
UTM-NN,28,tm,91.67,0.4097405290001461,0.06663073899994743
UTM-NN,29,tm,91.31,0.4171365490001335,0.06738940499985802
UTM-NN,30,tm,91.55,0.4118829740000365,0.06817682399992009
UTM-NN,31,tm,91.51,0.42345139500002915,0.06906196800014186
UTM-NN,32,tm,91.55,0.4230214959998193,0.06798517000015636
UTM-NN,33,tm,91.42,0.42355745700001535,0.06865663400003541
UTM-NN,34,tm,91.47999999999999,0.42110556800002996,0.0692122279999694
UTM-NN,35,tm,91.51,0.4255147050000687,0.06839816700016854
UTM-NN,36,tm,91.51,0.42106239400004597,0.06819765899990671
UTM-NN,37,tm,91.35,0.4125796169998921,0.06819537000001219
UTM-NN,38,tm,91.36,0.41790626599981806,0.06628223600000638
UTM-NN,39,tm,91.35,0.41293788000007225,0.06667709799990007
UTM-NN,40,tm,91.45,0.4015365999998721,0.07173875300009058
UTM-NN,41,tm,91.24,0.4225713470000301,0.06882968100012476
UTM-NN,42,tm,91.31,0.41452049600002283,0.06953946800013
UTM-NN,43,tm,91.22,0.420169689000204,0.06860630500000298
UTM-NN,44,tm,91.27,0.41113788400002704,0.06753196299996489
UTM-NN,45,tm,91.33,0.4073284369999328,0.06693736300007913
UTM-NN,46,tm,91.34,0.41035544800001844,0.06771388599986494
UTM-NN,47,tm,91.52,0.41225923799993325,0.06693114500012598
UTM-NN,48,tm,91.43,0.40523641200002203,0.06924537200006853
UTM-NN,49,tm,91.52,0.410163933999911,0.06876093899995794
UTM-NN,50,tm,91.53999999999999,0.4084378959998958,0.06840491200000542
UTM-NN,51,tm,91.35,0.41408690399998704,0.06688266200012549
UTM-NN,52,tm,91.52,0.4040279419998569,0.0678725810000742
UTM-NN,53,tm,91.41,0.41505563299983805,0.06693422699981966
UTM-NN,54,tm,91.41,0.4098588800000016,0.0661323369999991
UTM-NN,55,tm,91.44,0.41249422999999297,0.06835061099991435
UTM-NN,56,tm,91.49000000000001,0.4030562269999791,0.0687457720000566
UTM-NN,57,tm,91.31,0.3994002570000248,0.0692374390000623
UTM-NN,58,tm,91.43,0.4108986860001096,0.06839755500004685
UTM-NN,59,tm,91.57,0.4036273030001212,0.06889159600018502
UTM-NN,60,tm,91.44,0.4092205809999996,0.06956637299981594
UTM-NN,61,tm,91.42,0.4106684989999394,0.06979677899994385
UTM-NN,62,tm,91.46,0.41481527799987816,0.06933290400002079
UTM-NN,63,tm,91.46,0.41291281799999524,0.06695167399993807
UTM-NN,64,tm,91.46,0.4142447460001222,0.0651581829999941
UTM-NN,65,tm,91.41,0.41518835300007595,0.06759745899989866
UTM-NN,66,tm,91.21000000000001,0.41113459899997906,0.06888726000011047
UTM-NN,67,tm,91.35,0.42404787200007377,0.06882740199989712
UTM-NN,68,tm,91.28,0.41791894199991475,0.06923634899999342
UTM-NN,69,tm,91.25999999999999,0.41216252699996403,0.06685178399993674
UTM-NN,70,tm,91.38,0.4112401540000974,0.069832746999964
UTM-NN,71,tm,91.34,0.422247465999817,0.06844633799983058
UTM-NN,72,tm,91.34,0.4176294239998697,0.06944977699981791
UTM-NN,73,tm,91.43,0.40804571100011344,0.06525229800013221
UTM-NN,74,tm,91.27,0.4090681830000449,0.06787539900005868
UTM-NN,75,tm,91.53999999999999,0.40342539999983273,0.0678525210000771
UTM-NN,76,tm,91.3,0.39939855099987653,0.0697052700002132
UTM-NN,77,tm,91.35,0.41090476199997283,0.06947646300000088
UTM-NN,78,tm,91.47999999999999,0.41985686400016675,0.06972383800007265
UTM-NN,79,tm,91.23,0.4176216469998053,0.07074907400010488
UTM-NN,80,tm,91.45,0.40643807900005413,0.0682338520000485
UTM-NN,81,tm,91.31,0.4131828259999111,0.06678305800005546
UTM-NN,82,tm,91.45,0.4098733910000192,0.06975801399994452
UTM-NN,83,tm,91.39,0.4024027579998801,0.06867932299996937
UTM-NN,84,tm,91.46,0.395698455999991,0.06851757899994482
UTM-NN,85,tm,91.46,0.41139398700011043,0.0690485739999076
UTM-NN,86,tm,91.34,0.41548859199997423,0.06914720199984004
UTM-NN,87,tm,91.52,0.4101306659999864,0.0743920130000788
UTM-NN,88,tm,91.41,0.4099192310000035,0.06950885499986725
UTM-NN,89,tm,91.53,0.4240371020000566,0.06737436999992497
UTM-NN,90,tm,91.59,0.41344036200007395,0.06926963499995509
UTM-NN,91,tm,91.69,0.42048538099993493,0.0686306989998684
UTM-NN,92,tm,91.47,0.4197195870001451,0.06762488499998653
UTM-NN,93,tm,91.47,0.4127973429999656,0.06681405800009088
UTM-NN,94,tm,91.58,0.4202748029999839,0.06729750599993167
UTM-NN,95,tm,91.53,0.4018376650001301,0.06813367299992024
UTM-NN,96,tm,91.43,0.40586922800002867,0.06765169100003732
UTM-NN,97,tm,91.53999999999999,0.4050501680001162,0.06946504300003653
UTM-NN,98,tm,91.46,0.40524735300004977,0.06732625499989808
UTM-NN,99,tm,91.38,0.4130172010000024,0.06702583600008438
UTM-NN,100,tm,91.5,0.4220468260000416,0.06809592800004793
UTM-NN,101,tm,91.33,0.41928985100003047,0.0697898589999113
UTM-NN,102,tm,91.29,0.41906535399994027,0.06716588400013279
UTM-NN,103,tm,91.45,0.4165525329999582,0.06842879100008759
UTM-NN,104,tm,91.35,0.40612381599999026,0.06707417399979931
UTM-NN,105,tm,91.47,0.4129366160000245,0.06861211800014644
UTM-NN,106,tm,91.57,0.39704970000002504,0.0687310119999438
UTM-NN,107,tm,91.44,0.4175150670000676,0.06865765099996679
UTM-NN,108,tm,91.49000000000001,0.41424419300005866,0.06828058800010695
UTM-NN,109,tm,91.52,0.41192696000007345,0.06637519699984296
UTM-NN,110,tm,91.46,0.4067168110000239,0.06905168299999787
UTM-NN,111,tm,91.34,0.41327230999991116,0.06828090799990605
UTM-NN,112,tm,91.46,0.4085531240000364,0.06858731199986323
UTM-NN,113,tm,91.28,0.4221764249998614,0.06849468699988392
UTM-NN,114,tm,91.41,0.4221608140001081,0.06931384400013485
UTM-NN,115,tm,91.43,0.42515519599987783,0.06884392100005243
UTM-NN,116,tm,91.59,0.4172379640001509,0.06883325400008289
UTM-NN,117,tm,91.38,0.42129621599997336,0.06892008299996633
UTM-NN,118,tm,91.39,0.41441506299997855,0.06924935999995796
UTM-NN,119,tm,91.42,0.4169772899999771,0.06930177200001708
UTM-NN,120,tm,91.4,0.42116932699991594,0.06851039999992281
UTM-NN,121,tm,91.47999999999999,0.40806134700005714,0.06849491200000557
UTM-NN,122,tm,91.39,0.4046120709999741,0.06819055100004334
UTM-NN,123,tm,91.46,0.41147543400006725,0.06681612499983203
UTM-NN,124,tm,91.51,0.4226700400001846,0.06713095700001759
UTM-NN,125,tm,91.66,0.4124495050000405,0.06829407600002924
UTM-NN,126,tm,91.4,0.4180043910000677,0.06735887600007118
UTM-NN,127,tm,91.41,0.4141271589999178,0.06658021299995198
UTM-NN,128,tm,91.44,0.4075050579999697,0.06778907900002196
UTM-NN,129,tm,91.53999999999999,0.40883448199997474,0.06840943099996366
UTM-NN,130,tm,91.51,0.4212766919999922,0.06665225200003988
UTM-NN,131,tm,91.39,0.4032877719998851,0.06916063199992095
UTM-NN,132,tm,91.47,0.4106301580000036,0.0682711649999419
UTM-NN,133,tm,91.49000000000001,0.41943328999991536,0.06982413399987308
UTM-NN,134,tm,91.3,0.40997464699989905,0.06837525199989614
UTM-NN,135,tm,91.49000000000001,0.41157898799997383,0.06866449099993588
UTM-NN,136,tm,91.52,0.418055835000132,0.06836285400004272
UTM-NN,137,tm,91.42,0.42213029699996696,0.06950657300012608
UTM-NN,138,tm,91.4,0.41034221499990053,0.06882102100007614
UTM-NN,139,tm,91.33,0.4123747829999047,0.06827630499992665
UTM-NN,140,tm,91.27,0.42322974800003976,0.0687158879998151
UTM-NN,141,tm,91.43,0.42078506200004995,0.06684961900009512
UTM-NN,142,tm,91.34,0.40649400300003435,0.0688906020000104
UTM-NN,143,tm,91.36,0.41225310300001183,0.06866129799982446
UTM-NN,144,tm,91.29,0.3976590170000236,0.06860456900017198
UTM-NN,145,tm,91.46,0.41735696000000644,0.0689093309999862
UTM-NN,146,tm,91.38,0.4117398299999877,0.06929133000016918
UTM-NN,147,tm,91.36,0.4202907779999805,0.06828063299985843
UTM-NN,148,tm,91.3,0.4192758470001081,0.06859325099981106
UTM-NN,149,tm,91.4,0.4159627869998985,0.06726218499989045
UTM-NN,150,tm,91.46,0.4066457349999837,0.06714415500005089
UTM-NN,151,nn,92.14,0.1786463220000769,0.06636117600010039
UTM-NN,152,nn,92.31,0.18705181699988316,0.06625498500034155
UTM-NN,153,nn,92.38,0.24740256599989152,0.06604615000014746
UTM-NN,154,nn,92.42,0.17376856800001406,0.06473552400029803
UTM-NN,155,nn,92.47999999999999,0.1907027659999585,0.06558983300010368
UTM-NN,156,nn,92.53,0.1903105860001233,0.06392859099969428
UTM-NN,157,nn,92.58,0.24017361500000334,0.06750177100002475
UTM-NN,158,nn,92.58999999999999,0.19133743900010813,0.06613483899991479
UTM-NN,159,nn,92.71000000000001,0.18977616700021827,0.06726502399988021
UTM-NN,160,nn,92.60000000000001,0.18924767699991207,0.06571334300042508
UTM-NN,161,nn,92.61,0.18854813699999795,0.06461382499992396
UTM-NN,162,nn,92.7,0.18942992899974342,0.06718969799976549
UTM-NN,163,nn,92.66,0.1898345210001935,0.06576617299970167
UTM-NN,164,nn,92.71000000000001,0.23489787299968157,0.06641765800031862
UTM-NN,165,nn,92.67999999999999,0.19151115100021343,0.06520297299994127
UTM-NN,166,nn,92.65,0.18788446999997177,0.06488092400013556
UTM-NN,167,nn,92.69,0.17870657999992545,0.06485290099999474
UTM-NN,168,nn,92.7,0.2451822580001135,0.06455240500008586
UTM-NN,169,nn,92.71000000000001,0.18896102400003656,0.06536605299970688
UTM-NN,170,nn,92.69,0.1873919740000929,0.06295739699999103
UTM-NN,171,nn,92.69,0.190389698999752,0.06728663100011545
UTM-NN,172,nn,92.71000000000001,0.18978016399978515,0.06680334300017421
UTM-NN,173,nn,92.71000000000001,0.19009041399976923,0.06781035199992402
UTM-NN,174,nn,92.73,0.18832078700006605,0.0659092029995918
UTM-NN,175,nn,92.71000000000001,0.1909150490000684,0.06329067700016822
UTM-NN,176,nn,92.78999999999999,0.24799853000013172,0.06696172900001329
UTM-NN,177,nn,92.75999999999999,0.17069074100027137,0.06652986799963401
UTM-NN,178,nn,92.67,0.19080170699999144,0.06533602499985136
UTM-NN,179,nn,92.69,0.18865307699979894,0.06513100099982694
UTM-NN,180,nn,92.74,0.23523416499983796,0.06623685900012788
UTM-NN,181,nn,92.67999999999999,0.1874672730000384,0.06690372799994293
UTM-NN,182,nn,92.73,0.1921188549999897,0.06549747300005038
UTM-NN,183,nn,92.69,0.18979984899988267,0.06609601900026973
UTM-NN,184,nn,92.72,0.19128641899987997,0.06619907000003877
UTM-NN,185,nn,92.71000000000001,0.18816441899980418,0.0656010900002002
UTM-NN,186,nn,92.67999999999999,0.19138399099983872,0.0648819809998713
UTM-NN,187,nn,92.73,0.24716552199970465,0.06481014500013771
UTM-NN,188,nn,92.72,0.19059569599994575,0.06470068799990258
UTM-NN,189,nn,92.74,0.18957713600002535,0.06475985500037496
UTM-NN,190,nn,92.7,0.1940714229999685,0.06530687399981616
UTM-NN,191,nn,92.7,0.2450780730000588,0.06543376099989473
UTM-NN,192,nn,92.71000000000001,0.19054429499965408,0.06470417799982897
UTM-NN,193,nn,92.67,0.18398891599963463,0.06714081600011923
UTM-NN,194,nn,92.72,0.19005872400020962,0.0655205550001483
UTM-NN,195,nn,92.7,0.19081478899988724,0.06455822699990676
UTM-NN,196,nn,92.7,0.1900103420002779,0.06468330600000627
UTM-NN,197,nn,92.78999999999999,0.18984973199985689,0.06551239000009446
UTM-NN,198,nn,92.7,0.18899447000012515,0.06646716900013416
UTM-NN,199,nn,92.72,0.24464082799977405,0.06665894899970226
UTM-NN,200,nn,92.7,0.17536040100003447,0.06667820699976801
UTM-NN,201,nn,92.72,0.19087254699979894,0.0666184480000993
UTM-NN,202,nn,92.73,0.18975980999994135,0.06674526500000866
UTM-NN,203,nn,92.69,0.24956998800007568,0.0646178370002417
UTM-NN,204,nn,92.7,0.19067207599982794,0.06747019799968257
UTM-NN,205,nn,92.73,0.17805080299967813,0.06492428499996095
UTM-NN,206,nn,92.75,0.19026638400009688,0.07329288600021755
UTM-NN,207,nn,92.66,0.19072278699968592,0.07251573900020958
UTM-NN,208,nn,92.67,0.1907490379999217,0.07081418999996458
UTM-NN,209,nn,92.72,0.1924321379997309,0.063348360999953
UTM-NN,210,nn,92.71000000000001,0.23386344600021403,0.06626173199992991
UTM-NN,211,nn,92.78,0.18874989200003256,0.06487416000027224
UTM-NN,212,nn,92.72,0.191713979999804,0.06498292399965067
UTM-NN,213,nn,92.75,0.1845009589997062,0.06706623099989883
UTM-NN,214,nn,92.73,0.24817987400001584,0.0655799610003669
UTM-NN,215,nn,92.69,0.1893323069998587,0.06511480699964523
UTM-NN,216,nn,92.73,0.17691932900015672,0.06578438199994707
UTM-NN,217,nn,92.75999999999999,0.1904704519997722,0.06659068199996909
UTM-NN,218,nn,92.7,0.18995983600007094,0.06658647099993686
UTM-NN,219,nn,92.71000000000001,0.1888454869999805,0.06310555899972314
UTM-NN,220,nn,92.75,0.18941043899985743,0.06900934499981304
UTM-NN,221,nn,92.72,0.19073255600005723,0.06720155699986208
UTM-NN,222,nn,92.7,0.24653771100020094,0.06740206999984366
UTM-NN,223,nn,92.72,0.19129051800018715,0.06692016099987086
UTM-NN,224,nn,92.72,0.1896275180001794,0.06696017900003426
UTM-NN,225,nn,92.69,0.18866920099981144,0.06605874800015954
UTM-NN,226,nn,92.73,0.24428498099996432,0.06710077500019906
UTM-NN,227,nn,92.7,0.19229866500018034,0.06686309999986406
UTM-NN,228,nn,92.72,0.1801362460000746,0.06696509900029923
UTM-NN,229,nn,92.73,0.18361109499983286,0.06531811500008189
UTM-NN,230,nn,92.71000000000001,0.17623393099984241,0.06581514699973923
UTM-NN,231,nn,92.72,0.18358757099986178,0.06570425300014904
UTM-NN,232,nn,92.67999999999999,0.18564469900002223,0.06740078899974833
UTM-NN,233,nn,92.66,0.24834947499994087,0.06635452899990923
UTM-NN,234,nn,92.75999999999999,0.17726826800026174,0.06589750700004515
UTM-NN,235,nn,92.75999999999999,0.17721743499987497,0.06450057099982587
UTM-NN,236,nn,92.71000000000001,0.1793687439999303,0.06649713699971471
UTM-NN,237,nn,92.64,0.2469031180003185,0.06744009199974244
UTM-NN,238,nn,92.74,0.1768980990000273,0.06481531300005372
UTM-NN,239,nn,92.69,0.17348565000020244,0.06520315399984611
UTM-NN,240,nn,92.73,0.1923454870002388,0.06458131100043829
UTM-NN,241,nn,92.72,0.1903814649999731,0.06593901999985974
UTM-NN,242,nn,92.74,0.18809053199993286,0.06357766500013895
UTM-NN,243,nn,92.69,0.18920687599984376,0.06554580700003498
UTM-NN,244,nn,92.71000000000001,0.18767529800015836,0.0651680710002438
UTM-NN,245,nn,92.71000000000001,0.23266843900000822,0.06684204599969235
UTM-NN,246,nn,92.74,0.17874531300003582,0.06664246299988008
UTM-NN,247,nn,92.7,0.17786247599997296,0.06541706600000907
UTM-NN,248,nn,92.73,0.17638359300008233,0.06645470700004807
UTM-NN,249,nn,92.73,0.2355453310001394,0.06725195800026995
UTM-NN,250,nn,92.74,0.17860370499965939,0.06428386800007502
UTM-NN,251,nn,92.73,0.1764505520000057,0.06645320799998444
UTM-NN,252,nn,92.73,0.1790400619997854,0.0656568000003972
UTM-NN,253,nn,92.67,0.17675352000014755,0.06675109499974496
UTM-NN,254,nn,92.67999999999999,0.176946541000234,0.06651188599971647
UTM-NN,255,nn,92.72,0.17618609700002708,0.06524894600033804
UTM-NN,256,nn,92.72,0.24489120699990963,0.06742783300023802
UTM-NN,257,nn,92.72,0.19186071700005414,0.06494468899973072
UTM-NN,258,nn,92.73,0.19062730500036196,0.06462819099988337
UTM-NN,259,nn,92.78,0.19360039600042,0.06557970899984866
UTM-NN,260,nn,92.67,0.24815745099976994,0.06475023099983446
UTM-NN,261,nn,92.7,0.19150527799956762,0.06673740499991254
UTM-NN,262,nn,92.77,0.1841402739996738,0.06444721100024253
UTM-NN,263,nn,92.71000000000001,0.18967912900006922,0.06394353600035174
UTM-NN,264,nn,92.75,0.19097431199998027,0.06638169600000765
UTM-NN,265,nn,92.80000000000001,0.18952865499977634,0.06694135400039158
UTM-NN,266,nn,92.67,0.18208943599984195,0.06481987799998024
UTM-NN,267,nn,92.7,0.19023448799998732,0.06494533500017496
UTM-NN,268,nn,92.65,0.24761899499981155,0.06492684100021506
UTM-NN,269,nn,92.80000000000001,0.17732681400002548,0.06581664099985574
UTM-NN,270,nn,92.65,0.1770398749999913,0.06480395900007352
UTM-NN,271,nn,92.75,0.1768732280002041,0.06380971099997623
UTM-NN,272,nn,92.73,0.2347481339998012,0.06622818100004224
UTM-NN,273,nn,92.69,0.17566491799971118,0.06442143599997507
UTM-NN,274,nn,92.75,0.17076926999970965,0.06622516500010533
UTM-NN,275,nn,92.74,0.1902440700000625,0.06395890800013149
UTM-NN,276,nn,92.7,0.19100711100008994,0.06642187999977978
UTM-NN,277,nn,92.71000000000001,0.18956957199998214,0.06434204399965893
UTM-NN,278,nn,92.75999999999999,0.18975997699999425,0.0632331729998441
UTM-NN,279,nn,92.7,0.24733405000006314,0.0640329720004047
UTM-NN,280,nn,92.72,0.1910703220000869,0.06301566999991337
UTM-NN,281,nn,92.75,0.18949603600003684,0.06513784299977488
UTM-NN,282,nn,92.78999999999999,0.17871222299982037,0.0646472339999491
UTM-NN,283,nn,92.75,0.24706695399981982,0.06486382799994317
UTM-NN,284,nn,92.73,0.18975010099984502,0.06450992300005964
UTM-NN,285,nn,92.72,0.18832700999973895,0.06473615300001256
UTM-NN,286,nn,92.69,0.17884759100024894,0.06489581100004216
UTM-NN,287,nn,92.72,0.17573717100003705,0.06650177199981044
UTM-NN,288,nn,92.7,0.18523493300017435,0.06492717099990841
UTM-NN,289,nn,92.7,0.19070998100005454,0.06459090199996353
UTM-NN,290,nn,92.69,0.18086508799979129,0.06673571499959507
UTM-NN,291,nn,92.72,0.2487977549999414,0.06460629100001825
UTM-NN,292,nn,92.69,0.17735721200006083,0.06510630799994033
UTM-NN,293,nn,92.75999999999999,0.18601024999998117,0.06470427800013567
UTM-NN,294,nn,92.67,0.19074667899985798,0.06736960700027339
UTM-NN,295,nn,92.73,0.24648709000030067,0.06596975599995858
UTM-NN,296,nn,92.73,0.1939698999999564,0.06361735599966778
UTM-NN,297,nn,92.7,0.17975592999982837,0.0648918449996927
UTM-NN,298,nn,92.71000000000001,0.19142013100008626,0.06496993700011444
UTM-NN,299,nn,92.72,0.17521836900004928,0.0654548679999607
UTM-NN,300,nn,92.72,0.18496167400007835,0.06568123900024148
UTM-NN,301,nn,92.75999999999999,0.18929954400027782,0.06551660000013726
UTM-NN,302,nn,92.67999999999999,0.17432920999999624,0.06655366099994353
UTM-NN,303,nn,92.73,0.24390506600002482,0.06510152800001379
UTM-NN,304,nn,92.71000000000001,0.1906193580002764,0.06594630499967025
UTM-NN,305,nn,92.78,0.19175779300030626,0.06539478800004872
UTM-NN,306,nn,92.7,0.2458584000000883,0.06773163399975601
UTM-NN,307,nn,92.73,0.19029156099986722,0.06705092499987586
UTM-NN,308,nn,92.7,0.18637112000033085,0.06392117099994721
UTM-NN,309,nn,92.72,0.19210670500024207,0.07139172899996993
UTM-NN,310,nn,92.78,0.1913754950001021,0.06429187799994907
UTM-NN,311,nn,92.73,0.18940713299980416,0.06296436100001301
UTM-NN,312,nn,92.74,0.18282249499998215,0.062412024999957794
UTM-NN,313,nn,92.7,0.16864994599973215,0.06471613399980924
UTM-NN,314,nn,92.75999999999999,0.24683379999987665,0.06516629300040222
UTM-NN,315,nn,92.74,0.17665069899976515,0.06665219399974376
UTM-NN,316,nn,92.69,0.190080369000043,0.06627762500011158
UTM-NN,317,nn,92.73,0.19290103200000885,0.06576320199974361
UTM-NN,318,nn,92.74,0.24914935999959198,0.06657046800000899
UTM-NN,319,nn,92.71000000000001,0.1910112319997097,0.06481972799974756
UTM-NN,320,nn,92.73,0.19071968900016145,0.06508382299989535
UTM-NN,321,nn,92.74,0.1901078599998982,0.07126656100035689
UTM-NN,322,nn,92.72,0.19127000900016355,0.0648221259998536
UTM-NN,323,nn,92.7,0.17791636099991592,0.07270786000026419
UTM-NN,324,nn,92.72,0.18032794800001284,0.06470029699994484
UTM-NN,325,nn,92.77,0.1838816620002035,0.06647648999978628
UTM-NN,326,nn,92.67,0.2330709799998658,0.06609690699997373
UTM-NN,327,nn,92.75,0.17723702800003593,0.0645701669996015
UTM-NN,328,nn,92.7,0.18378705400027684,0.06942577100016933
UTM-NN,329,nn,92.66,0.23639172399998643,0.07137877800005299
UTM-NN,330,nn,92.75,0.17723699900034262,0.07130899200001295
UTM-NN,331,nn,92.72,0.19357682500003648,0.06671073200004685
UTM-NN,332,nn,92.78999999999999,0.18545325100012633,0.06584662499972183
UTM-NN,333,nn,92.75,0.18903998099995079,0.0707301020001978
UTM-NN,334,nn,92.67999999999999,0.17933407300006365,0.07208897300006356
UTM-NN,335,nn,92.75,0.17651134899961107,0.07306673299990507
UTM-NN,336,nn,92.72,0.18821868599980007,0.0648640859999432
UTM-NN,337,nn,92.73,0.24731857599999785,0.0653000699999211
UTM-NN,338,nn,92.7,0.173720905999744,0.06637038100006976
UTM-NN,339,nn,92.78,0.17554576899965468,0.06502077400000417
UTM-NN,340,nn,92.74,0.17504778199963766,0.06535213200004364
UTM-NN,341,nn,92.73,0.2437537069999962,0.07284342599996307
UTM-NN,342,nn,92.73,0.192382665000423,0.06661710300022605
UTM-NN,343,nn,92.67,0.1895288669998081,0.06675892700013719
UTM-NN,344,nn,92.67,0.17166494500042973,0.06489157200030604
UTM-NN,345,nn,92.69,0.19019859099989844,0.06599779299995134
UTM-NN,346,nn,92.73,0.1880436420001388,0.06615684000007604
UTM-NN,347,nn,92.75,0.18649946799996542,0.06581275000007736
UTM-NN,348,nn,92.72,0.18144491800012474,0.06492259099968578
UTM-NN,349,nn,92.72,0.24728928199965594,0.0646381480000855
UTM-NN,350,nn,92.69,0.18720071600000665,0.06550175600023067
UTM-NN,351,nn,92.69,0.18390666899995267,0.06494019499996284
UTM-NN,352,nn,92.74,0.182303148000301,0.0651455040001565
UTM-NN,353,nn,92.7,0.2475112550000631,0.06659563499988508
UTM-NN,354,nn,92.74,0.1811655910000809,0.06656225699998686
UTM-NN,355,nn,92.77,0.18717535199994018,0.06751151300022684
UTM-NN,356,nn,92.71000000000001,0.17556262500011144,0.06570594200002233
UTM-NN,357,nn,92.7,0.17908005299977958,0.06747517900021194
UTM-NN,358,nn,92.69,0.17035168299980796,0.06650859799992759
UTM-NN,359,nn,92.71000000000001,0.1880353759997888,0.06670321499996135
UTM-NN,360,nn,92.7,0.23949874199979604,0.06606204999980037
UTM-NN,361,nn,92.73,0.19376818499995352,0.06580010100014988
UTM-NN,362,nn,92.67999999999999,0.19590384499997526,0.06718931599971256
UTM-NN,363,nn,92.74,0.18111294699974678,0.06542651199970351
UTM-NN,364,nn,92.71000000000001,0.2438399739999113,0.06702570100014782
UTM-NN,365,nn,92.75,0.17895774099997652,0.06697446199996193
UTM-NN,366,nn,92.75,0.1886495090002427,0.06648015100017801
UTM-NN,367,nn,92.73,0.18996084099990185,0.06753183199998603
UTM-NN,368,nn,92.67999999999999,0.18588894799995614,0.06698777199972028
UTM-NN,369,nn,92.65,0.17741981100016346,0.06496216799996546
UTM-NN,370,nn,92.72,0.18867196999963198,0.06479121500024121
UTM-NN,371,nn,92.77,0.18586044900030174,0.06657555399988269
UTM-NN,372,nn,92.7,0.24841188099981082,0.06566854800030342
UTM-NN,373,nn,92.77,0.17431503499983592,0.0661577060000127
UTM-NN,374,nn,92.69,0.18218904499963173,0.06629525400012426
UTM-NN,375,nn,92.75,0.19014615099968069,0.06520434599997316
UTM-NN,376,nn,92.7,0.24509498100042038,0.0672035710003911
UTM-NN,377,nn,92.67,0.19207645799997408,0.06543185000009544
UTM-NN,378,nn,92.75999999999999,0.18213941900012287,0.06571141899985378
UTM-NN,379,nn,92.72,0.18198252399997727,0.06643331100030991
UTM-NN,380,nn,92.74,0.17874591000008877,0.0676078689998576
UTM-NN,381,nn,92.72,0.17155955599992012,0.07102864300031797
UTM-NN,382,nn,92.71000000000001,0.18225277800002004,0.06531345199982752
UTM-NN,383,nn,92.71000000000001,0.2470801599997685,0.06674727100016753
UTM-NN,384,nn,92.72,0.18180130299970187,0.06661834900023678
UTM-NN,385,nn,92.73,0.17334746000005907,0.06506018700019922
UTM-NN,386,nn,92.72,0.19214126600036252,0.06738804900032846
UTM-NN,387,nn,92.71000000000001,0.237737812999967,0.06467672200005836
UTM-NN,388,nn,92.72,0.18997068199996647,0.06691120699997555
UTM-NN,389,nn,92.65,0.18488146500021685,0.06472545800033913
UTM-NN,390,nn,92.72,0.19083448300034433,0.0659920019998026
UTM-NN,391,nn,92.67999999999999,0.19100149699988833,0.06733537299987802
UTM-NN,392,nn,92.73,0.18072250500017617,0.06518265199974849
UTM-NN,393,nn,92.72,0.18222504799996386,0.06484788099987782
UTM-NN,394,nn,92.67999999999999,0.18117547500014552,0.06485759699990012
UTM-NN,395,nn,92.73,0.24155847299971356,0.06452978600009374
UTM-NN,396,nn,92.69,0.17711045899977762,0.06717245800018645
UTM-NN,397,nn,92.72,0.1874738320002507,0.0658132429998659
UTM-NN,398,nn,92.72,0.17857277699977203,0.06449152699997285
UTM-NN,399,nn,92.73,0.24456357100007153,0.06569208400014759
UTM-NN,400,nn,92.7,0.19017839300022388,0.06414870599974165
UTM-NN,401,nn,92.72,0.18424364299971785,0.06488132000004043
UTM-NN,402,nn,92.78999999999999,0.1833877549997851,0.06351617900008932
UTM-NN,403,nn,92.72,0.1815335569999661,0.06384977600009734
UTM-NN,404,nn,92.72,0.17475651200038556,0.06659814399972674
UTM-NN,405,nn,92.67999999999999,0.18319505499994193,0.06764802799989411
UTM-NN,406,nn,92.73,0.2427030530002412,0.06538279000005787
UTM-NN,407,nn,92.73,0.18598954400022194,0.06353337800010195
UTM-NN,408,nn,92.73,0.1895081279999431,0.06613484299987249
UTM-NN,409,nn,92.78999999999999,0.18523377599967716,0.06608623200008878
UTM-NN,410,nn,92.65,0.24288785499993537,0.06699683300030301
UTM-NN,411,nn,92.69,0.18076924600018174,0.06476908500007994
UTM-NN,412,nn,92.7,0.17517049000025509,0.06636756299985791
UTM-NN,413,nn,92.72,0.18016332000024704,0.06430505999969682
UTM-NN,414,nn,92.67,0.17535035399987464,0.06629739199979667
UTM-NN,415,nn,92.75999999999999,0.19015303600008338,0.06478398199988078
UTM-NN,416,nn,92.73,0.18950963499992213,0.06480159600005209
UTM-NN,417,nn,92.67999999999999,0.18717832099991938,0.06460621100040953
UTM-NN,418,nn,92.77,0.2481885100000909,0.06472518100008529
UTM-NN,419,nn,92.75999999999999,0.19133138500001223,0.06311793400027454
UTM-NN,420,nn,92.69,0.1898647420002817,0.06339058499997918
UTM-NN,421,nn,92.78999999999999,0.1919229989998712,0.06611049599996477
UTM-NN,422,nn,92.69,0.2470699280002009,0.06528870700003608
UTM-NN,423,nn,92.74,0.1803071419999469,0.06679689199972927
UTM-NN,424,nn,92.69,0.1908167599999615,0.06439735799995105
UTM-NN,425,nn,92.66,0.18575300800011973,0.06496219499967992
UTM-NN,426,nn,92.72,0.18328895100012232,0.06539847999965787
UTM-NN,427,nn,92.69,0.18070718200033298,0.0637145559999226
UTM-NN,428,nn,92.73,0.1888983589997224,0.06533537799987243
UTM-NN,429,nn,92.73,0.238827055999991,0.0678781040001013
UTM-NN,430,nn,92.71000000000001,0.17928947400014295,0.06677240199996959
UTM-NN,431,nn,92.75,0.18335909999996147,0.07029039400003967
UTM-NN,432,nn,92.72,0.18219639000017196,0.06647928500024136
UTM-NN,433,nn,92.71000000000001,0.23505596900031378,0.06579070799989495
UTM-NN,434,nn,92.7,0.1939195270001619,0.0668008339998778
UTM-NN,435,nn,92.71000000000001,0.18415335600002436,0.0665735739999036
UTM-NN,436,nn,92.72,0.1903917489999003,0.06739441800027635
UTM-NN,437,nn,92.71000000000001,0.1768269090002832,0.06533207599977686
UTM-NN,438,nn,92.71000000000001,0.19010300999980245,0.07312780900019789
UTM-NN,439,nn,92.69,0.1786270049997256,0.06562282799995955
UTM-NN,440,nn,92.78,0.18041733399968507,0.0663806749998912
UTM-NN,441,nn,92.67,0.2333018140002423,0.06554380599982323
UTM-NN,442,nn,92.73,0.19624809500010088,0.06687245800003438
UTM-NN,443,nn,92.7,0.1792259600001671,0.06502754899975116
UTM-NN,444,nn,92.75,0.17777858199997354,0.06432940600006987
UTM-NN,445,nn,92.72,0.2329247210000176,0.06501070300009815
UTM-NN,446,nn,92.72,0.17647221800007173,0.06578548700008469
UTM-NN,447,nn,92.80000000000001,0.18038866900042194,0.06470159499986039
UTM-NN,448,nn,92.7,0.17598172799989698,0.06637516999990112
UTM-NN,449,nn,92.77,0.17686398599971653,0.06625409199978094
UTM-NN,450,nn,92.64,0.1784398439999677,0.06520045700017363
UTM-NN,451,nn,92.74,0.17833949499981827,0.06645751899986863
UTM-NN,452,nn,92.77,0.2325391539998236,0.06582291099994109
UTM-NN,453,nn,92.72,0.1765950890003296,0.06387595100022736
UTM-NN,454,nn,92.69,0.17726128999993307,0.06253583800025808
UTM-NN,455,nn,92.74,0.1774433579998913,0.06714141100019333
UTM-NN,456,nn,92.7,0.23519698699965375,0.06604304599977695
UTM-NN,457,nn,92.72,0.18006482100008725,0.06645168699969872
UTM-NN,458,nn,92.69,0.17859763599972212,0.06341950500018356
UTM-NN,459,nn,92.67999999999999,0.17594162000023061,0.06521209399988948
UTM-NN,460,nn,92.75,0.17790734900017924,0.06576950099997703
UTM-NN,461,nn,92.75,0.180251146000046,0.06470498199996655
UTM-NN,462,nn,92.7,0.18951395800013415,0.07154352199995628
UTM-NN,463,nn,92.75,0.19627522600012526,0.07251380000025165
UTM-NN,464,nn,92.72,0.23797769600014362,0.06485389799991026
UTM-NN,465,nn,92.80000000000001,0.1765611999999237,0.06387758200025928
UTM-NN,466,nn,92.7,0.1768859449998672,0.06582063600035326
UTM-NN,467,nn,92.74,0.18484180700033903,0.07194469400019443
UTM-NN,468,nn,92.75,0.24720750899996347,0.06463578000011694
UTM-NN,469,nn,92.72,0.19095672799994645,0.07158673700041618
UTM-NN,470,nn,92.74,0.18457171299996844,0.0643988939996234
UTM-NN,471,nn,92.72,0.1921969260001788,0.07105535900018367
UTM-NN,472,nn,92.74,0.1929955229998086,0.06490403900033925
UTM-NN,473,nn,92.69,0.19194771200000105,0.06705581899996105
UTM-NN,474,nn,92.7,0.19150876399999106,0.06623550899985275
UTM-NN,475,nn,92.7,0.22999932499988063,0.06608180499961236
UTM-NN,476,nn,92.71000000000001,0.19000806899975942,0.06429899099975955
UTM-NN,477,nn,92.7,0.17577144599999883,0.0653097279996473
UTM-NN,478,nn,92.69,0.19082036800000424,0.06584727000017665
UTM-NN,479,nn,92.71000000000001,0.24700444600011906,0.06300106100025005
UTM-NN,480,nn,92.67,0.17827494299990576,0.06471651099991504
UTM-NN,481,nn,92.72,0.18359789799978898,0.06544231099996978
UTM-NN,482,nn,92.73,0.19034516199963036,0.0646640270001626
UTM-NN,483,nn,92.67999999999999,0.1832850700002382,0.06467163600018466
UTM-NN,484,nn,92.75999999999999,0.17992726800002856,0.07293070800005808
UTM-NN,485,nn,92.71000000000001,0.17781168600004094,0.07216428999981872
UTM-NN,486,nn,92.74,0.17706077599996206,0.07248765599979379
UTM-NN,487,nn,92.74,0.25110743999994156,0.06449594399964553
UTM-NN,488,nn,92.71000000000001,0.17812320200027898,0.06543870599989532
UTM-NN,489,nn,92.7,0.17825327499986088,0.06397302699997454
UTM-NN,490,nn,92.74,0.17889260399988416,0.06571882599973833
UTM-NN,491,nn,92.7,0.2324313499998425,0.06412163200002396
UTM-NN,492,nn,92.72,0.1810895230000824,0.06678892199988695
UTM-NN,493,nn,92.7,0.17640906799988443,0.06703997900012837
UTM-NN,494,nn,92.71000000000001,0.17698183700031223,0.06620557399992322
UTM-NN,495,nn,92.72,0.17727314000012484,0.06739888999982213
UTM-NN,496,nn,92.75,0.17710037400001966,0.06623860199988485
UTM-NN,497,nn,92.71000000000001,0.18077761799986547,0.06630931900008363
UTM-NN,498,nn,92.67,0.19028458599996156,0.06441092699969886
UTM-NN,499,nn,92.64,0.2450254830000631,0.06290398100009043
UTM-NN,500,nn,92.73,0.18238388500003566,0.06578601599994727
