method,epoch,model_type,test_accuracy,train_time,test_time
Cyclic,1,tm,88.87,0.3377595920028398,0.06153549600276165
Cyclic,2,tm,88.74,0.2873529119970044,0.06273904698900878
Cyclic,3,tm,90.55,0.28095814200059976,0.06328168000618462
Cyclic,4,tm,89.62,0.27307286199356895,0.06296153500443324
Cyclic,5,tm,91.99000000000001,0.25828273700608406,0.06210401399584953
Cyclic,6,tm,92.10000000000001,0.27451327299058903,0.06233351500122808
Cyclic,7,tm,92.06,0.25847410499409307,0.062264326988952234
Cyclic,8,tm,92.61,0.25436847600212786,0.06246556200494524
Cyclic,9,tm,92.07,0.26514145199325867,0.062038710006163456
Cyclic,10,tm,91.99000000000001,0.2612006989947986,0.0634267149871448
Cyclic,11,tm,92.03,0.2666207510046661,0.06381162800244056
Cyclic,12,tm,92.28,0.2530187499942258,0.06458064301114064
Cyclic,13,tm,92.14,0.2487864489958156,0.06180139699426945
Cyclic,14,tm,92.72,0.2467427300143754,0.06364255999505986
Cyclic,15,tm,92.93,0.2583209129952593,0.06340657299733721
Cyclic,16,tm,92.10000000000001,0.24379552199388854,0.06259517499711365
Cyclic,17,tm,92.33,0.24396260200592224,0.06254104900290258
Cyclic,18,tm,92.19000000000001,0.2400416500022402,0.0626218079996761
Cyclic,19,tm,93.36,0.23833588098932523,0.06314960899180733
Cyclic,20,tm,93.51,0.24327154099592008,0.06389445799868554
Cyclic,21,tm,93.4,0.24384007300250232,0.06502697800169699
Cyclic,22,tm,93.33,0.24725860699254554,0.06277703199884854
Cyclic,23,tm,93.27,0.24384283999097534,0.06294571899343282
Cyclic,24,tm,94.11,0.24093357899982948,0.06304843499674462
Cyclic,25,tm,93.03,0.23626986300223507,0.06531193100090604
Cyclic,26,tm,93.73,0.23936736999894492,0.06410526800027583
Cyclic,27,tm,93.58,0.24646530199970584,0.06455332400219049
Cyclic,28,tm,94.08999999999999,0.2509842470026342,0.06280597299337387
Cyclic,29,tm,93.05,0.24588158199912868,0.06296750299225096
Cyclic,30,tm,93.10000000000001,0.23113150699646212,0.06367493800644297
Cyclic,31,tm,93.47,0.23441219700907823,0.06374949899327476
Cyclic,32,tm,93.86,0.2360861760098487,0.0615518700069515
Cyclic,33,tm,92.71000000000001,0.2387300810078159,0.06302416000107769
Cyclic,34,tm,93.5,0.2337507179909153,0.06321644398849458
Cyclic,35,tm,92.72,0.23703030499746092,0.0623817930027144
Cyclic,36,tm,92.86999999999999,0.2310588989930693,0.06266006799705792
Cyclic,37,tm,92.99,0.23402178099786397,0.06281908899836708
Cyclic,38,tm,93.66,0.23767335699812975,0.06455905099574011
Cyclic,39,tm,93.34,0.23819210699002724,0.06392029600101523
Cyclic,40,tm,93.86,0.23167594098777045,0.06398185600119177
Cyclic,41,tm,93.93,0.23687171100755222,0.0641769309877418
Cyclic,42,tm,94.11,0.23683283499849495,0.06237854200298898
Cyclic,43,tm,93.61,0.23524731601355597,0.06317656200553756
Cyclic,44,tm,92.9,0.2308846849919064,0.06455974299751688
Cyclic,45,tm,93.02,0.24765771899546962,0.06335312899318524
Cyclic,46,tm,93.23,0.23268065600132104,0.06146272600744851
Cyclic,47,tm,93.96,0.23740593899856322,0.0642415769980289
Cyclic,48,tm,93.69,0.2311706519976724,0.06443042700993828
Cyclic,49,tm,94.04,0.2414832939975895,0.06281423899054062
Cyclic,50,tm,93.34,0.23121115600224584,0.06423070200253278
Cyclic,51,nn,95.03,0.19896599200728815,0.06518241499725264
Cyclic,52,nn,95.14,0.21624699099629652,0.06757775900769047
Cyclic,53,nn,95.39,0.21780090799438767,0.06405542700667866
Cyclic,54,nn,95.30999999999999,0.2733569709962467,0.06686014299339149
Cyclic,55,nn,95.41,0.21954943900345825,0.06440730599570088
Cyclic,56,nn,95.44,0.19830097899830434,0.06579029600834474
Cyclic,57,nn,95.39999999999999,0.22285637799359392,0.06396175100235268
Cyclic,58,nn,95.38,0.2651636660011718,0.06492198299383745
Cyclic,59,nn,95.44,0.21517455599678215,0.06543312400754075
Cyclic,60,nn,95.55,0.21874733200820629,0.06467912301013712
Cyclic,61,nn,95.50999999999999,0.21894731199427042,0.06376096101303119
Cyclic,62,nn,95.52000000000001,0.2684766279999167,0.06765936000738293
Cyclic,63,nn,95.61,0.22289073700085282,0.0633678529993631
Cyclic,64,nn,95.57,0.21969125099712983,0.06545336300041527
Cyclic,65,nn,95.53,0.2200319529947592,0.06547543799388222
Cyclic,66,nn,95.50999999999999,0.20816431599087082,0.062846825007
Cyclic,67,nn,95.59,0.2713126650050981,0.06492746299772989
Cyclic,68,nn,95.61,0.22175807399617042,0.06645078699511942
Cyclic,69,nn,95.62,0.21992829999362584,0.06565786999999546
Cyclic,70,nn,95.67,0.22218783501011785,0.06265456999244634
Cyclic,71,nn,95.62,0.2699111709953286,0.06553121899196412
Cyclic,72,nn,95.65,0.21567895499174483,0.06449551100376993
Cyclic,73,nn,95.72,0.20030733500607312,0.06636753999919165
Cyclic,74,nn,95.65,0.19665806100238115,0.06509044300764799
Cyclic,75,nn,95.63000000000001,0.25120022700866684,0.06594128499273211
Cyclic,76,nn,95.64,0.202732638004818,0.06380295399867464
Cyclic,77,nn,95.64,0.2058091329963645,0.06473494200326968
Cyclic,78,nn,95.61,0.19485034901299514,0.06518443599634338
Cyclic,79,nn,95.67,0.19428870400588494,0.06504672799201217
Cyclic,80,nn,95.74000000000001,0.2519836959982058,0.06441251699288841
Cyclic,81,nn,95.71,0.19675152200215962,0.06574590699165128
Cyclic,82,nn,95.67999999999999,0.19513436099805404,0.06566099599876907
Cyclic,83,nn,95.72,0.20294216700131074,0.06723388101090677
Cyclic,84,nn,95.67,0.24799210899800528,0.06512169299821835
Cyclic,85,nn,95.64,0.19459936300700065,0.06292387399298605
Cyclic,86,nn,95.66,0.1955351590004284,0.06664736600941978
Cyclic,87,nn,95.64,0.19639624300180003,0.06676528499519918
Cyclic,88,nn,95.63000000000001,0.2469037139962893,0.06457251199753955
Cyclic,89,nn,95.71,0.19542864499089774,0.0650791539956117
Cyclic,90,nn,95.73,0.19652307200885843,0.06535250900196843
Cyclic,91,tm,93.84,0.23968188899743836,0.06321560899959877
Cyclic,92,tm,94.06,0.2344933340064017,0.06394644000101835
Cyclic,93,tm,94.23,0.23784164599783253,0.06269727899052668
Cyclic,94,tm,93.78,0.23697186200297438,0.06322040699888021
Cyclic,95,tm,94.22,0.23424930400506128,0.06334081498789601
Cyclic,96,tm,94.08999999999999,0.2332835130073363,0.06242016100441106
Cyclic,97,tm,93.0,0.23526846000459045,0.06430607101356145
Cyclic,98,tm,93.51,0.23198814000352286,0.06172873899049591
Cyclic,99,tm,93.4,0.23968165699625388,0.06106415099930018
Cyclic,100,tm,93.60000000000001,0.23019018900231458,0.062316190989804454
Cyclic,101,tm,93.92,0.23201856001105625,0.06235776699031703
Cyclic,102,tm,93.97999999999999,0.23544490899075754,0.0638167769939173
Cyclic,103,tm,93.57,0.23365804400236811,0.06330058298772201
Cyclic,104,tm,93.38,0.22910694500023965,0.06737827599863522
Cyclic,105,tm,93.78999999999999,0.23362404300132766,0.062039811004069634
Cyclic,106,tm,94.37,0.22995638199790847,0.06211467400135007
Cyclic,107,tm,93.88,0.23483663999650162,0.05927651500678621
Cyclic,108,tm,93.88,0.2338561659998959,0.06474402599269524
Cyclic,109,tm,93.82000000000001,0.23153906500374433,0.06341659599274863
Cyclic,110,tm,93.81,0.2320872970012715,0.06390139499853831
Cyclic,111,tm,94.36,0.24356618399906438,0.06362693299888633
Cyclic,112,tm,93.63,0.2357627669989597,0.06311773399647791
Cyclic,113,tm,92.46,0.23440225300146267,0.06283211699337699
Cyclic,114,tm,92.95,0.23557805399468634,0.063476865994744
Cyclic,115,tm,93.5,0.23361224099062383,0.0647438269952545
Cyclic,116,tm,92.92,0.23852682900906075,0.0651275389973307
Cyclic,117,tm,93.08999999999999,0.23152853500505444,0.06441104201076087
Cyclic,118,tm,93.32000000000001,0.23519371799193323,0.06537082299473695
Cyclic,119,tm,93.94,0.23256423899147194,0.06290886001079343
Cyclic,120,tm,93.72,0.23129312100354582,0.06315440598700661
Cyclic,121,tm,93.60000000000001,0.2303590060037095,0.06141896700137295
Cyclic,122,tm,93.08999999999999,0.23603437500423752,0.0630627680075122
Cyclic,123,tm,93.87,0.22876154400000814,0.06310312000277918
Cyclic,124,tm,93.57,0.22318406400154345,0.061646090005524457
Cyclic,125,tm,93.43,0.2389140679879347,0.061473741006921045
Cyclic,126,tm,93.97999999999999,0.22652089899929706,0.06328134100476746
Cyclic,127,tm,93.73,0.22581195400562137,0.06372683400695678
Cyclic,128,tm,93.69,0.23232724498666357,0.0635426240041852
Cyclic,129,tm,94.03,0.23296989199297968,0.06262359498941805
Cyclic,130,tm,93.19,0.2314015290030511,0.06317243000376038
Cyclic,131,tm,93.08999999999999,0.22937560098944232,0.06410233699716628
Cyclic,132,tm,93.28,0.22768189600901678,0.06588388100499287
Cyclic,133,tm,92.89,0.23286724400531966,0.06210719401133247
Cyclic,134,tm,93.87,0.22937865999119822,0.06311484600882977
Cyclic,135,tm,93.31,0.2349095549870981,0.06152042500616517
Cyclic,136,tm,94.46,0.23545611600275151,0.0605901530070696
Cyclic,137,tm,93.93,0.22517880599480122,0.06254409899702296
Cyclic,138,tm,93.74,0.23238349199527875,0.06289771800220478
Cyclic,139,tm,94.32000000000001,0.2305452730070101,0.06448558199917898
Cyclic,140,tm,94.23,0.23328985000262037,0.06375484299496748
Cyclic,141,nn,95.66,0.2030483779963106,0.06588768599613104
Cyclic,142,nn,95.6,0.2688280829897849,0.06270634700194933
Cyclic,143,nn,95.69,0.20850478700594977,0.06464081999729387
Cyclic,144,nn,95.7,0.21717561400146224,0.06209092299104668
Cyclic,145,nn,95.67,0.2179398809967097,0.06438180300756358
Cyclic,146,nn,95.65,0.21789897099370137,0.06379078299505636
Cyclic,147,nn,95.82000000000001,0.27080198799376376,0.06349551600578707
Cyclic,148,nn,95.78,0.21964224700059276,0.06415183300850913
Cyclic,149,nn,95.85000000000001,0.2192309319943888,0.0640975209971657
Cyclic,150,nn,95.86,0.22016454899858218,0.06491519199335016
Cyclic,151,nn,95.84,0.2756961790000787,0.06525911198696122
Cyclic,152,nn,95.86,0.20396848300879356,0.06618346300092526
Cyclic,153,nn,95.8,0.21917237299203407,0.06561574299121276
Cyclic,154,nn,95.8,0.20344686099269893,0.0646750119922217
Cyclic,155,nn,95.92,0.2715194269985659,0.0631592779973289
Cyclic,156,nn,95.76,0.21992357999261003,0.06474892899859697
Cyclic,157,nn,95.81,0.21663406799780205,0.06441469700075686
Cyclic,158,nn,95.8,0.22196722100488842,0.063592966995202
Cyclic,159,nn,95.81,0.20959012801176868,0.06475019299250562
Cyclic,160,nn,95.78,0.2671404459979385,0.065209396998398
Cyclic,161,nn,95.77,0.20899176099919714,0.06524456600891426
Cyclic,162,nn,95.77,0.21777423399908002,0.06289990099321585
Cyclic,163,nn,95.72,0.21804792099283077,0.06401360098971054
Cyclic,164,nn,95.77,0.26544266699056607,0.06461239799682517
Cyclic,165,nn,95.73,0.19780288900074083,0.06441716699919198
Cyclic,166,tm,93.92,0.23720937500183936,0.0631614290032303
Cyclic,167,tm,94.05,0.23342208500253037,0.061996934993658215
Cyclic,168,tm,94.08999999999999,0.23468287799914833,0.061957138997968286
Cyclic,169,tm,93.23,0.22666511699208058,0.060865842999191955
Cyclic,170,tm,93.16,0.22347573899605777,0.0626127709983848
Cyclic,171,tm,94.1,0.2255999570043059,0.06317906199546997
Cyclic,172,tm,93.91000000000001,0.22523011700832285,0.06343472299340647
Cyclic,173,tm,94.19999999999999,0.235119991004467,0.06338787199638318
Cyclic,174,tm,94.48,0.23219613199762534,0.06398734801041428
Cyclic,175,tm,94.32000000000001,0.23161382600665092,0.06368355099402834
Cyclic,176,tm,94.05,0.23459731599723455,0.06385596600011922
Cyclic,177,tm,94.08999999999999,0.22516420399188064,0.0651681409945013
Cyclic,178,tm,94.37,0.2290399120101938,0.06322876400372479
Cyclic,179,tm,93.21000000000001,0.2266968069889117,0.06260443800420035
Cyclic,180,tm,93.51,0.23168282500409987,0.06206055999791715
Cyclic,181,tm,94.37,0.2275773840083275,0.0631347840098897
Cyclic,182,tm,94.14,0.23264216899406165,0.062185036003938876
Cyclic,183,tm,93.49,0.22253843399812467,0.06271739199291915
Cyclic,184,tm,94.28,0.23099220701260492,0.0633494130015606
Cyclic,185,tm,94.16,0.2280553900054656,0.0640889310016064
Cyclic,186,tm,93.88,0.22963702600100078,0.062407780991634354
Cyclic,187,tm,93.99,0.2335432099935133,0.06306152800971176
Cyclic,188,tm,93.25,0.23010194199741818,0.06269083901133854
Cyclic,189,tm,93.87,0.23237888699804898,0.06239985898719169
Cyclic,190,tm,94.43,0.2324612530064769,0.06470405501022469
Cyclic,191,tm,94.39999999999999,0.23735609899449628,0.06309229700127617
Cyclic,192,tm,93.96,0.2337221049965592,0.06366384899592958
Cyclic,193,tm,93.46,0.23119045500061475,0.06509851101145614
Cyclic,194,tm,93.49,0.23458131900406443,0.06405595000251196
Cyclic,195,tm,93.89999999999999,0.23177751099865418,0.06074114498915151
Cyclic,196,tm,93.12,0.23758240300230682,0.06413187099678908
Cyclic,197,tm,93.34,0.23340703899157234,0.06510015499952715
Cyclic,198,tm,92.97999999999999,0.23518656598753296,0.062474613994709216
Cyclic,199,tm,93.5,0.2276789559982717,0.06277518000570126
Cyclic,200,tm,93.97,0.22588569299841765,0.06361758400453255
Cyclic,201,tm,94.01,0.2307386020111153,0.061759775009704754
Cyclic,202,tm,93.04,0.22426617599558085,0.06288177901296876
Cyclic,203,tm,93.01,0.2289375850086799,0.06376663099217694
Cyclic,204,tm,93.47,0.23381373200390954,0.06558573700021952
Cyclic,205,tm,94.21000000000001,0.23186805899604224,0.06291078099457081
Cyclic,206,tm,93.54,0.2312315509916516,0.06792219499766361
Cyclic,207,tm,92.93,0.22843929599912371,0.0623027080000611
Cyclic,208,tm,93.72,0.23453643399989232,0.06849296700966079
Cyclic,209,tm,94.25,0.22998396800539922,0.06515570600458886
Cyclic,210,tm,94.59,0.23197669399087317,0.06490241400024388
Cyclic,211,tm,93.8,0.2367247419897467,0.06606008599919733
Cyclic,212,tm,94.05,0.2287991549965227,0.062257056997623295
Cyclic,213,tm,94.16,0.22727836199919693,0.06379785999888554
Cyclic,214,tm,93.41000000000001,0.23253903900331352,0.062155479012290016
Cyclic,215,tm,93.41000000000001,0.24646685998595785,0.06381479000265244
Cyclic,216,nn,95.67999999999999,0.22119793799356557,0.06498482299502939
Cyclic,217,nn,95.74000000000001,0.21453106199624017,0.06453546200646088
Cyclic,218,nn,95.87,0.2002892409946071,0.06372832400666084
Cyclic,219,nn,95.82000000000001,0.24559286099974997,0.06466374499723315
Cyclic,220,nn,95.82000000000001,0.19510960599291138,0.06573962200491223
Cyclic,221,nn,95.89999999999999,0.20446210900263395,0.06056871000328101
Cyclic,222,nn,95.83,0.2180616310070036,0.06481299400911666
Cyclic,223,nn,95.87,0.26965075101179536,0.06444843500503339
Cyclic,224,nn,95.84,0.2111301240074681,0.06316561999847181
Cyclic,225,nn,95.83,0.20008930399490055,0.06389828900864813
Cyclic,226,nn,95.87,0.21778347199142445,0.06570993700006511
Cyclic,227,nn,95.88,0.2746022759965854,0.06368964200373739
Cyclic,228,nn,95.8,0.21694535099959467,0.06452782600536011
Cyclic,229,nn,95.85000000000001,0.21792539999296423,0.06444762699538842
Cyclic,230,nn,95.78,0.21492404199671,0.0654906509880675
Cyclic,231,nn,95.75,0.21589477300585713,0.06242348199884873
Cyclic,232,tm,94.01,0.2360986059939023,0.061302050002268516
Cyclic,233,tm,94.17999999999999,0.23454347100050654,0.062209022988099605
Cyclic,234,tm,94.57,0.22954283199214842,0.06365794299927074
Cyclic,235,tm,93.93,0.23822444200050086,0.06409790500765666
Cyclic,236,tm,94.01,0.22503043100005016,0.06041636998998001
Cyclic,237,tm,93.53,0.23445353600254748,0.0621538979903562
Cyclic,238,tm,93.30000000000001,0.22798255599627737,0.06285212100192439
Cyclic,239,tm,94.04,0.22328176000155509,0.06173219300399069
Cyclic,240,tm,93.63,0.23108614899683744,0.06224444600229617
Cyclic,241,tm,94.0,0.23016137900413014,0.062123512994730845
Cyclic,242,tm,93.55,0.23353986100119073,0.062432521997834556
Cyclic,243,tm,93.61,0.23028658800467383,0.06261356100731064
Cyclic,244,tm,93.61,0.23669057799270377,0.06401173600170296
Cyclic,245,tm,94.45,0.2281959829997504,0.06261413100583013
Cyclic,246,tm,93.77,0.23089365600026213,0.06359187899215613
Cyclic,247,tm,92.86,0.2402222489909036,0.061925155998324044
Cyclic,248,tm,94.55,0.23010693199466914,0.06261320499470457
Cyclic,249,tm,93.58,0.23525749100372195,0.0627772419975372
Cyclic,250,tm,94.25,0.22857958800159395,0.06843323899374809
Cyclic,251,tm,92.9,0.2300595139968209,0.06407836299331393
Cyclic,252,tm,94.31,0.22746819799067453,0.06333023500337731
Cyclic,253,tm,92.66,0.22950134200800676,0.06167736499628518
Cyclic,254,tm,94.42,0.23020183699554764,0.062109448001137935
Cyclic,255,tm,93.28999999999999,0.23160742400796153,0.06213374399521854
Cyclic,256,tm,93.54,0.2316748510056641,0.06268425998860039
Cyclic,257,tm,94.08999999999999,0.22761247199377976,0.06259010100620799
Cyclic,258,tm,93.91000000000001,0.2294653790013399,0.0631463879981311
Cyclic,259,tm,93.44,0.22949021100066602,0.06415568699594587
Cyclic,260,tm,93.03,0.2235838830092689,0.06206923400168307
Cyclic,261,tm,93.92,0.22803630601265468,0.06258330499986187
Cyclic,262,tm,93.51,0.23022252500231843,0.06409084299230017
Cyclic,263,tm,93.52000000000001,0.23577278199081775,0.06417362899810541
Cyclic,264,tm,94.05,0.2264751519978745,0.06223196799692232
Cyclic,265,tm,94.07,0.22967116499785334,0.06087385599676054
Cyclic,266,tm,93.64,0.2253491129959002,0.06328739800665062
Cyclic,267,tm,94.32000000000001,0.22938859200803563,0.06357537399162538
Cyclic,268,tm,94.33,0.22742352999921422,0.06318012499832548
Cyclic,269,tm,93.87,0.2372559089999413,0.0627940580016002
Cyclic,270,tm,93.92,0.23129779000009876,0.0632941869989736
Cyclic,271,tm,93.89999999999999,0.22744796201004647,0.0625049520022003
Cyclic,272,tm,93.32000000000001,0.22610768499725964,0.06417932000476867
Cyclic,273,tm,94.1,0.2309154020040296,0.06379025500791613
Cyclic,274,tm,94.11,0.22767379799915943,0.06353352400765289
Cyclic,275,tm,93.41000000000001,0.22848722600610927,0.06250443500175606
Cyclic,276,tm,93.52000000000001,0.2344022579927696,0.06208832800621167
Cyclic,277,tm,93.69,0.22618875600164756,0.061783060009474866
Cyclic,278,tm,93.5,0.2276316789939301,0.06293000000005122
Cyclic,279,tm,93.78999999999999,0.22581463800452184,0.06257204498979263
Cyclic,280,tm,93.84,0.23033160499471705,0.0633961610001279
Cyclic,281,tm,93.34,0.2327679729933152,0.06416678600362502
Cyclic,282,nn,95.66,0.2475590940011898,0.06805673400231171
Cyclic,283,nn,95.89,0.1952644829871133,0.06422695399669465
Cyclic,284,nn,95.94,0.19553240800451022,0.06279205600731075
Cyclic,285,nn,95.89999999999999,0.19615180599794257,0.06237553899700288
Cyclic,286,nn,96.03,0.24578349200601224,0.0619510620017536
Cyclic,287,nn,96.05,0.19535246600571554,0.06500390698784031
Cyclic,288,nn,96.16,0.19685774300887715,0.06256018199201208
Cyclic,289,nn,96.15,0.19471076899208128,0.06427088999771513
Cyclic,290,nn,96.14,0.2537255440111039,0.06208806899667252
Cyclic,291,nn,96.23,0.20941914200375322,0.06476817699149251
Cyclic,292,nn,96.33,0.20975349699438084,0.06472102299449034
Cyclic,293,nn,96.17999999999999,0.22059375800017733,0.06668923699180596
Cyclic,294,nn,96.23,0.26624595699831843,0.06532136800524313
Cyclic,295,nn,96.27,0.22120835100940894,0.06525695299205836
Cyclic,296,nn,96.08,0.21616885501134675,0.06392580700048711
Cyclic,297,nn,96.14,0.21083750699472148,0.0653203520050738
Cyclic,298,nn,96.24000000000001,0.20149647099606227,0.06188394100172445
Cyclic,299,nn,96.1,0.2692995489924215,0.06458061799639836
Cyclic,300,nn,96.17999999999999,0.2201516079949215,0.06494281199411489
Cyclic,301,nn,96.17,0.2189419460046338,0.06330883999180514
Cyclic,302,nn,96.21,0.21267758500471245,0.06589552298828494
Cyclic,303,tm,94.19999999999999,0.23046938299376052,0.061961441999301314
Cyclic,304,tm,93.99,0.23412663899944164,0.06399574800161645
Cyclic,305,tm,93.2,0.23614480000105686,0.06070890900446102
Cyclic,306,tm,93.7,0.2238971170008881,0.06245582900010049
Cyclic,307,tm,92.85,0.2256083940010285,0.06277774600312114
Cyclic,308,tm,94.46,0.22681219500373118,0.06508077999751549
Cyclic,309,tm,93.87,0.2388382829958573,0.0627929650072474
Cyclic,310,tm,94.36,0.2295088919927366,0.06233634399541188
Cyclic,311,tm,93.49,0.22673488399595954,0.06429035800101701
Cyclic,312,tm,94.64,0.22758028699900024,0.06281893700361252
Cyclic,313,tm,94.14,0.23027387898764573,0.06268360199464951
Cyclic,314,tm,94.49,0.22814919298980385,0.06303872499847785
Cyclic,315,tm,93.87,0.23475887600216083,0.06359141200664453
Cyclic,316,tm,94.11,0.230101357010426,0.06383437100157607
Cyclic,317,tm,94.02000000000001,0.22594995799590833,0.06553000300482381
Cyclic,318,tm,93.30000000000001,0.231314934004331,0.06371659701108001
Cyclic,319,tm,93.93,0.22741966899775434,0.06024298199918121
Cyclic,320,tm,93.01,0.228785296989372,0.06323987001087517
Cyclic,321,tm,94.59,0.2302247250045184,0.06199029600247741
Cyclic,322,tm,93.69,0.2241520940006012,0.06312240299303085
Cyclic,323,tm,93.22,0.22673590200429317,0.0629559259978123
Cyclic,324,tm,92.92,0.23391256999457255,0.0628270510060247
Cyclic,325,tm,94.33,0.23313693400996272,0.06352854899887461
Cyclic,326,tm,94.19999999999999,0.22901815400109626,0.06620822599506937
Cyclic,327,tm,93.43,0.21888528899580706,0.0630486820009537
Cyclic,328,tm,93.41000000000001,0.2227860389975831,0.06317901599686593
Cyclic,329,tm,93.30000000000001,0.2252086060034344,0.06359958800021559
Cyclic,330,tm,94.26,0.22373315400909632,0.06266586799756624
Cyclic,331,tm,94.62,0.22528022600454278,0.062412547995336354
Cyclic,332,tm,94.39999999999999,0.22756101499544457,0.06415462901350111
Cyclic,333,tm,93.7,0.234236702992348,0.06813644700741861
Cyclic,334,tm,92.52,0.23003793400130235,0.0646617279999191
Cyclic,335,tm,93.22,0.23405532399192452,0.06401385299977846
Cyclic,336,tm,93.57,0.2311361680040136,0.0634644469973864
Cyclic,337,tm,94.44,0.22548793800524436,0.06309358400176279
Cyclic,338,tm,94.05,0.23602492398640607,0.06412920000730082
Cyclic,339,tm,93.51,0.23322538599313702,0.06218126699968707
Cyclic,340,tm,93.84,0.2344270720059285,0.06373281599371694
Cyclic,341,tm,94.25,0.22819366199837532,0.06369899900164455
Cyclic,342,tm,94.03,0.22822993699810468,0.06244623499515001
Cyclic,343,tm,93.36,0.22769880900159478,0.06234546699852217
Cyclic,344,tm,93.81,0.2288306209957227,0.06189918299787678
Cyclic,345,tm,92.84,0.23106726500554942,0.06285725299676415
Cyclic,346,tm,94.24,0.22716926300199702,0.06403179200424347
Cyclic,347,tm,94.49,0.22889338499226142,0.0625977619929472
Cyclic,348,tm,93.27,0.22574103099759668,0.06219156600127462
Cyclic,349,tm,94.36,0.2417062970052939,0.06444475801254157
Cyclic,350,tm,94.08,0.2283856270078104,0.06304339600319508
Cyclic,351,tm,94.27,0.22622556699207053,0.06520445999922231
Cyclic,352,tm,94.01,0.23619267100002617,0.06334028599667363
Cyclic,353,nn,95.78999999999999,0.2641493800038006,0.06457772900466807
Cyclic,354,nn,95.97,0.1947976910014404,0.06468334200326353
Cyclic,355,nn,95.94,0.22087843499321025,0.06592999999702442
Cyclic,356,nn,96.04,0.2192944029957289,0.0655288540001493
Cyclic,357,nn,96.11,0.27177343500079587,0.0637276519992156
Cyclic,358,nn,96.08,0.2013601859944174,0.06465921600465663
Cyclic,359,nn,96.1,0.22215312899788842,0.06534366999403574
Cyclic,360,nn,96.12,0.21853755600750446,0.06650839500071015
Cyclic,361,nn,96.09,0.2560667299985653,0.06600954300665762
Cyclic,362,nn,96.07,0.20013055400340818,0.06595483999990392
Cyclic,363,nn,96.1,0.19429078500252217,0.06424449999758508
Cyclic,364,nn,96.02000000000001,0.19393069499346893,0.0656292360072257
Cyclic,365,nn,96.09,0.19477331498637795,0.06555760999617632
Cyclic,366,nn,96.06,0.24833479199151043,0.06595276900043245
Cyclic,367,nn,96.12,0.1977398899907712,0.06558765700901859
Cyclic,368,nn,96.09,0.19530859700171277,0.06518746800429653
Cyclic,369,nn,96.19,0.19487200300500263,0.06579893200250808
Cyclic,370,nn,96.22,0.24804070900427178,0.06576409398985561
Cyclic,371,nn,96.08,0.19426733799627982,0.0645496690121945
Cyclic,372,nn,96.14,0.19847547898825724,0.06522744501125999
Cyclic,373,nn,96.06,0.21279610999044962,0.06154372000310104
Cyclic,374,nn,96.23,0.2658980410051299,0.06461194499570411
Cyclic,375,nn,96.15,0.1960699659975944,0.06515843300439883
Cyclic,376,nn,96.17999999999999,0.19534804100112524,0.06535523399361409
Cyclic,377,nn,96.19,0.19836903900431935,0.06432366000080947
Cyclic,378,nn,96.15,0.27107463900756557,0.06478483599494211
Cyclic,379,nn,96.19,0.19662618699658196,0.06416526100656483
Cyclic,380,nn,96.2,0.22056972899008542,0.06531197400181554
Cyclic,381,nn,96.21,0.1994063119927887,0.06418251800641883
Cyclic,382,nn,96.2,0.21439136199478526,0.06484866600658279
Cyclic,383,nn,96.16,0.2706781000015326,0.062422941002296284
Cyclic,384,nn,96.21,0.221492684999248,0.06488851799804252
UTM,1,tm,89.99000000000001,0.5497938309999881,0.06331543000123929
UTM,2,tm,90.41,0.5044715219992213,0.06691214500460774
UTM,3,tm,90.81,0.4738401460053865,0.068416605994571
UTM,4,tm,90.83,0.47918408999976236,0.0667077769903699
UTM,5,tm,90.83,0.47063452198926825,0.0684205510042375
UTM,6,tm,90.8,0.46702415400068276,0.06972690499969758
UTM,7,tm,90.92,0.4729633050010307,0.06951992999529466
UTM,8,tm,91.18,0.46613834401068743,0.07037212399882264
UTM,9,tm,91.09,0.4636192340112757,0.06849348699324764
UTM,10,tm,91.32000000000001,0.46447138700750656,0.06998208400909789
UTM,11,tm,91.03,0.4626646359974984,0.06945944900508039
UTM,12,tm,91.18,0.4650379789964063,0.06750402798934374
UTM,13,tm,90.94,0.4645426919887541,0.06871929999033455
UTM,14,tm,91.17,0.46814098200411536,0.07100383199576754
UTM,15,tm,91.43,0.46759617199131753,0.06853541999589652
UTM,16,tm,90.89,0.4652683249878464,0.06967591699503828
UTM,17,tm,91.4,0.46661026700166985,0.06704078400798608
UTM,18,tm,91.0,0.43031178999808617,0.06979651701112743
UTM,19,tm,91.28,0.46349531300074887,0.06694944600167219
UTM,20,tm,91.07,0.4565939430030994,0.06843034698977135
UTM,21,tm,91.36999999999999,0.44697765599994455,0.06629480099945795
UTM,22,tm,91.47999999999999,0.4739004190050764,0.0701975370029686
UTM,23,tm,91.53,0.45352742000250146,0.06875185499666259
UTM,24,tm,91.41,0.4477943950041663,0.06848289899062365
UTM,25,tm,91.41,0.44856159000482876,0.06516668500262313
UTM,26,tm,91.3,0.45210991699423175,0.06668152399652172
UTM,27,tm,91.28,0.4506024809961673,0.06816416299261618
UTM,28,tm,91.32000000000001,0.4509203750058077,0.06902017298853025
UTM,29,tm,91.25999999999999,0.45980311499442905,0.06942193700524513
UTM,30,tm,91.38,0.4620277759968303,0.06819505999737885
UTM,31,tm,91.08000000000001,0.45719812699826434,0.06732729698705953
UTM,32,tm,91.18,0.46534790701116435,0.06974690599599853
UTM,33,tm,91.07,0.4439903189922916,0.07307815400417894
UTM,34,tm,91.18,0.4581449670076836,0.07000460299605038
UTM,35,tm,91.3,0.4576345509995008,0.06646056300087366
UTM,36,tm,91.27,0.4654169169953093,0.07058923500881065
UTM,37,tm,91.29,0.46113543600949924,0.06789136500447057
UTM,38,tm,91.22,0.45056488100090064,0.06777131100534461
UTM,39,tm,91.3,0.45970742200734094,0.0692397590028122
UTM,40,tm,91.18,0.45624934100487735,0.06941195800027344
UTM,41,tm,91.4,0.4568648049898911,0.07012061799468938
UTM,42,tm,91.17,0.45957892799924593,0.06691538100130856
UTM,43,tm,91.33,0.4433422580041224,0.06880903099954594
UTM,44,tm,91.46,0.46495444000174757,0.0689900440047495
UTM,45,tm,91.52,0.4459990060131531,0.06742053201014642
UTM,46,tm,91.4,0.45457589099532925,0.06995120400097221
UTM,47,tm,91.35,0.4458590110007208,0.06761605599604081
UTM,48,tm,91.43,0.459756333992118,0.06951582399779
UTM,49,tm,91.36,0.4394114710012218,0.06880965999152977
UTM,50,tm,91.17,0.4628910400060704,0.06837377199553885
UTM,51,tm,91.46,0.4537992979894625,0.06929448401206173
UTM,52,tm,91.39,0.4586553449917119,0.06892989100015257
UTM,53,tm,91.51,0.45097989799978677,0.06845551698643249
UTM,54,tm,91.47999999999999,0.45084561400290113,0.07110773399472237
UTM,55,tm,91.47999999999999,0.4370695919933496,0.0696293350047199
UTM,56,tm,91.52,0.44999652200203855,0.06696776699391194
UTM,57,tm,91.5,0.4703887619980378,0.06987777499307413
UTM,58,tm,91.46,0.4562622189987451,0.06993195199174806
UTM,59,tm,91.49000000000001,0.4424638870113995,0.0678160109964665
UTM,60,tm,91.61,0.4463384929986205,0.06901324501086492
UTM,61,tm,91.49000000000001,0.45992932899389416,0.06872377199761104
UTM,62,tm,91.29,0.4573261040059151,0.06849220700678416
UTM,63,tm,91.27,0.46206165199691895,0.06960918501135893
UTM,64,tm,91.38,0.45996326199383475,0.06772320599702653
UTM,65,tm,91.23,0.45694447100686375,0.06784729799255729
UTM,66,tm,91.24,0.44750668400956783,0.06781425100052729
UTM,67,tm,91.27,0.4497214869916206,0.07099506100348663
UTM,68,tm,91.28,0.44774442398920655,0.06611004800652154
UTM,69,tm,91.35,0.43473741599882487,0.06836122200184036
UTM,70,tm,91.43,0.45909385500999633,0.0679239070013864
UTM,71,tm,91.36,0.43910442700143903,0.06858797599852551
UTM,72,tm,91.47,0.44826572900637984,0.0686962720064912
UTM,73,tm,91.39,0.4570374180038925,0.068537646002369
UTM,74,tm,91.51,0.4480620600079419,0.0674060239980463
UTM,75,tm,91.4,0.4511833430005936,0.06930701300734654
UTM,76,tm,91.43,0.4611577670002589,0.06787677299871575
UTM,77,tm,91.45,0.448442888999125,0.0678576950012939
UTM,78,tm,91.59,0.46943341600126587,0.06957928701012861
UTM,79,tm,91.38,0.4459883100062143,0.06643127600545995
UTM,80,tm,91.49000000000001,0.4253841189929517,0.06894181300594937
UTM,81,tm,91.46,0.47462274800636806,0.06742138499976136
UTM,82,tm,91.46,0.45877249700424727,0.0688106520101428
UTM,83,tm,91.63,0.4570232309924904,0.06744701100979
UTM,84,tm,91.72,0.4505160880071344,0.06907685300393496
UTM,85,tm,91.71000000000001,0.4602462399925571,0.06616612100333441
UTM,86,tm,91.44,0.4356155870045768,0.06820793000224512
UTM,87,tm,91.52,0.4494757880020188,0.06964083400089294
UTM,88,tm,91.57,0.4518541349971201,0.06966642900079023
UTM,89,tm,91.4,0.4551790319965221,0.0697235300031025
UTM,90,tm,91.47999999999999,0.4534116189897759,0.06840933801140636
UTM,91,tm,91.52,0.45114160599769093,0.06914238499302883
UTM,92,tm,91.36999999999999,0.4674639360018773,0.06863796600373462
UTM,93,tm,91.49000000000001,0.4579911319888197,0.06996775700827129
UTM,94,tm,91.4,0.45201040600659326,0.06850926298648119
UTM,95,tm,91.35,0.45085353100148495,0.06962599699909333
UTM,96,tm,91.36,0.46021561800444033,0.07182364500476979
UTM,97,tm,91.47,0.45180231700942386,0.06957385499845259
UTM,98,tm,91.57,0.4594373239960987,0.06948846200248227
UTM,99,tm,91.45,0.45799904300656635,0.06923318500048481
UTM,100,tm,91.47,0.45873835499514826,0.06890402799763251
UTM,101,tm,91.5,0.47074312600307167,0.06627572599973064
UTM,102,tm,91.49000000000001,0.4632840750127798,0.06642809799814131
UTM,103,tm,91.52,0.45519999900716357,0.06874608799989801
UTM,104,tm,91.52,0.4531435840035556,0.06996232099481858
UTM,105,tm,91.49000000000001,0.45577995300118346,0.06940110599680338
UTM,106,tm,91.44,0.45807367100496776,0.06850103999022394
UTM,107,tm,91.38,0.45869989799393807,0.06963728700065985
UTM,108,tm,91.35,0.450814027004526,0.0692434719967423
UTM,109,tm,91.33,0.4517300070001511,0.06904320100147743
UTM,110,tm,91.41,0.4574185109959217,0.06774198298808187
UTM,111,tm,91.34,0.45408146000409033,0.06804185299552046
UTM,112,tm,91.34,0.45871359699231107,0.06659721999312751
UTM,113,tm,91.25,0.46829956299916375,0.07041296099487226
UTM,114,tm,91.32000000000001,0.4609870599961141,0.0696090579876909
UTM,115,tm,91.27,0.452960633992916,0.06770888299797662
UTM,116,tm,91.25999999999999,0.46142221699119546,0.06718870799522847
UTM,117,tm,91.29,0.44447865900292527,0.06875826300529297
UTM,118,tm,91.14999999999999,0.4535125929978676,0.06894268200267106
UTM,119,tm,91.34,0.451193200002308,0.0746600540005602
UTM,120,tm,91.25999999999999,0.46247220899385866,0.06772869199630804
UTM,121,tm,91.25999999999999,0.44471883500227705,0.06714395800372586
UTM,122,tm,91.25,0.4559811960061779,0.06853649999538902
UTM,123,tm,91.31,0.45080983999650925,0.0692637900065165
UTM,124,tm,91.27,0.46171642100671306,0.06780257500940934
UTM,125,tm,91.31,0.46493484199163504,0.06705738899472635
UTM,126,tm,91.22,0.464593340002466,0.06989247500314377
UTM,127,tm,91.22,0.45252060100028757,0.06978433999756817
UTM,128,tm,91.35,0.4603479880024679,0.07018780198995955
UTM,129,tm,91.28,0.44581888600077946,0.06885662299464457
UTM,130,tm,91.28,0.45027952900272794,0.06596223900851328
UTM,131,tm,91.34,0.45925476599950343,0.06795147899538279
UTM,132,tm,91.47,0.45790066198969726,0.06943167099962011
UTM,133,tm,91.35,0.4583297270000912,0.06647699201130308
UTM,134,tm,91.44,0.4603109029994812,0.06868877800297923
UTM,135,tm,91.33,0.45916935200511944,0.07058940299612004
UTM,136,tm,91.36999999999999,0.469497546000639,0.06898168299812824
UTM,137,tm,91.35,0.47643682699708734,0.06922050200228114
UTM,138,tm,91.27,0.46264761399652343,0.0685400619986467
UTM,139,tm,91.36,0.4544699960097205,0.06830473999434616
UTM,140,tm,91.44,0.45744740999361966,0.06982446899928618
UTM,141,tm,91.36999999999999,0.45188552000036,0.06843623401073273
UTM,142,tm,91.41,0.45263834099750966,0.0700630280043697
UTM,143,tm,91.39,0.4619408369908342,0.07106885999382939
UTM,144,tm,91.44,0.45876567700179294,0.06995874000131153
UTM,145,tm,91.28,0.4580583490023855,0.06857970698911231
UTM,146,tm,91.36,0.4555654730065726,0.06778811001277063
UTM,147,tm,91.36999999999999,0.4537889740022365,0.07325873800436966
UTM,148,tm,91.23,0.46979796499363147,0.07016964400827419
UTM,149,tm,91.23,0.46879445799277164,0.0679274760041153
UTM,150,tm,91.29,0.4486875879956642,0.06919859199842904
UTM,151,tm,91.19,0.4629358450038126,0.06925686400791164
UTM,152,tm,91.31,0.46023531099490356,0.06779948399343994
UTM,153,tm,91.18,0.4423627979995217,0.07451435898838099
UTM,154,tm,91.25999999999999,0.4591797100001713,0.06955074600409716
UTM,155,tm,91.33,0.4492552779993275,0.07146446799742989
UTM,156,tm,91.36,0.4626193059957586,0.06846845601103269
UTM,157,tm,91.32000000000001,0.4641376640065573,0.07059975599986501
UTM,158,tm,91.3,0.4566325119958492,0.06913277399144135
UTM,159,tm,91.31,0.46508433800772764,0.07480758399469778
UTM,160,tm,91.28,0.4524947789905127,0.06637742499879096
UTM,161,tm,91.29,0.45802814299531747,0.06822812599421013
UTM,162,tm,91.25999999999999,0.4555446130107157,0.06862848700257018
UTM,163,tm,91.36,0.45710702799260616,0.07042732500121929
UTM,164,tm,91.28,0.4518243610073114,0.07273063198954333
UTM,165,tm,91.31,0.4530945129954489,0.06887306401040405
UTM,166,tm,91.31,0.4601144119951641,0.06979097799921874
UTM,167,tm,91.43,0.45070233900332823,0.06993963298737071
UTM,168,tm,91.24,0.45319091400597245,0.06743277100031264
UTM,169,tm,91.34,0.4576081069972133,0.06884452700614929
UTM,170,tm,91.27,0.4557915360055631,0.07141935500840191
UTM,171,tm,91.25,0.46336173500458244,0.07096261701371986
UTM,172,tm,91.17,0.4589864099980332,0.06895328499376774
UTM,173,tm,91.38,0.46010410199232865,0.0687772650126135
UTM,174,tm,91.36,0.45083731699560303,0.06901559699326754
UTM,175,tm,91.2,0.45122059200366493,0.0675456809985917
UTM,176,tm,91.31,0.453881271998398,0.069042126997374
UTM,177,tm,91.25,0.46636240600491874,0.06834831299784128
UTM,178,tm,91.43,0.4400298389955424,0.07011735899141058
UTM,179,tm,91.32000000000001,0.46765021700412035,0.06972116899851244
UTM,180,tm,91.19,0.45785728900227696,0.06939226000395138
UTM,181,tm,91.44,0.45984683799906634,0.06935281300684437
UTM,182,tm,91.33,0.4582492670015199,0.0679260369943222
UTM,183,tm,91.34,0.468524473006255,0.06884904199978337
UTM,184,tm,91.32000000000001,0.45220402999257203,0.06902627598901745
UTM,185,tm,91.24,0.463027047997457,0.07328331899771001
UTM,186,tm,91.36999999999999,0.4502164669975173,0.06910812298883684
UTM,187,tm,91.27,0.46087275999889243,0.0680635960015934
UTM,188,tm,91.25,0.45991518699156586,0.06925784099439625
UTM,189,tm,91.3,0.4536060050013475,0.0684437820018502
UTM,190,tm,91.41,0.45741540400194936,0.06898143800208345
UTM,191,tm,91.36999999999999,0.46364861499750987,0.06728793900401797
UTM,192,tm,91.12,0.4587205139978323,0.06984497999656014
UTM,193,tm,91.35,0.45692282800155226,0.0683078599977307
UTM,194,tm,91.22,0.46551644099236,0.07007046099170111
UTM,195,tm,91.43,0.4606778189918259,0.06819246801023837
UTM,196,tm,91.33,0.45764675200916827,0.06887949600059073
UTM,197,tm,91.25999999999999,0.4577828779874835,0.06793345499318093
UTM,198,tm,91.28,0.4578674910007976,0.06817953099380247
UTM,199,tm,91.32000000000001,0.4604309909918811,0.06671310700767208
UTM,200,tm,91.25,0.43342836199735757,0.06599528800870758
UTM,201,tm,91.32000000000001,0.446565954000107,0.06964809200144373
UTM,202,tm,91.36999999999999,0.45533374800288584,0.06983010200201534
UTM,203,tm,91.29,0.4693765950069064,0.06749270900036208
UTM,204,tm,91.16,0.4462124550045701,0.06898197800910566
UTM,205,tm,91.19,0.4497531670058379,0.06658438600425143
UTM,206,tm,91.33,0.45224851700186264,0.07268897999892943
UTM,207,tm,91.25999999999999,0.4585709179955302,0.0698217009921791
UTM,208,tm,91.23,0.45820332200673874,0.06616774300346151
UTM,209,tm,91.2,0.45602777900057845,0.07013254400226288
UTM,210,tm,91.23,0.45118195899704006,0.06685645300603937
UTM,211,tm,91.25,0.45679373100574594,0.0690422969928477
UTM,212,tm,91.07,0.4701115179923363,0.06907698400027584
UTM,213,tm,91.10000000000001,0.45574423599464353,0.06836383399786428
UTM,214,tm,91.14999999999999,0.4623568829993019,0.06945551000535488
UTM,215,tm,91.2,0.4668946309975581,0.07030052700429223
UTM,216,tm,91.13,0.46564940401003696,0.06983950700669084
UTM,217,tm,91.21000000000001,0.46862027001043316,0.06600809500378091
UTM,218,tm,91.33,0.45576583899674006,0.06774308899184689
UTM,219,tm,91.14999999999999,0.4628595220128773,0.07007027100189589
UTM,220,tm,91.09,0.44813525000063237,0.07027341399225406
UTM,221,tm,91.25999999999999,0.45727762700698804,0.06883437000215054
UTM,222,tm,91.2,0.4670804950001184,0.06914870999753475
UTM,223,tm,91.3,0.4705425200081663,0.06741040099586826
UTM,224,tm,91.2,0.4677827990090009,0.06879161899269093
UTM,225,tm,91.06,0.4595035729871597,0.06774061400210485
UTM,226,tm,91.2,0.4583867210021708,0.06910170101036783
UTM,227,tm,91.3,0.4510050550015876,0.06894805100455415
UTM,228,tm,91.29,0.46325878499192186,0.06973161100177094
UTM,229,tm,91.16,0.462059961995692,0.06736887400620617
UTM,230,tm,91.18,0.4544927150127478,0.06980397299048491
UTM,231,tm,91.17,0.4613069830083987,0.06842679799592588
UTM,232,tm,91.09,0.4640418140043039,0.06841143801284488
UTM,233,tm,91.14,0.45825083801173605,0.06688691899762489
UTM,234,tm,91.21000000000001,0.4562747909949394,0.06877953899675049
UTM,235,tm,91.25999999999999,0.46019029199669603,0.06795852199138608
UTM,236,tm,91.23,0.45366453401220497,0.07027210798696615
UTM,237,tm,91.18,0.4549105390033219,0.06823426300252322
UTM,238,tm,91.19,0.4585332080023363,0.06594203399436083
UTM,239,tm,91.21000000000001,0.45152227899234276,0.07047248400340322
UTM,240,tm,91.21000000000001,0.4510424580075778,0.06960781700036023
UTM,241,tm,91.17,0.4453299640008481,0.07026119400688913
UTM,242,tm,91.24,0.47153462399728596,0.07056465999630746
UTM,243,tm,91.24,0.4583098230068572,0.06803252099780366
UTM,244,tm,91.29,0.448306900987518,0.06822792899038177
UTM,245,tm,91.36999999999999,0.4568311309994897,0.06938566800090484
UTM,246,tm,91.27,0.46112186899699736,0.06605561100877821
UTM,247,tm,91.32000000000001,0.4620794970105635,0.06841089999943506
UTM,248,tm,91.35,0.45920715099782683,0.06826623799861409
UTM,249,tm,91.27,0.45428396700299345,0.06886949700128753
UTM,250,tm,91.2,0.4661789910023799,0.06918876900454052
UTM,251,tm,91.36,0.4609266129991738,0.06868595199193805
UTM,252,tm,91.17,0.46528763299284037,0.06942364500719123
UTM,253,tm,91.25,0.45631215399771463,0.07078465798986144
UTM,254,tm,91.27,0.47778074399684556,0.06831064099969808
UTM,255,tm,91.12,0.45058803498977795,0.06771062800544314
UTM,256,tm,91.25,0.458844834996853,0.06921214899921324
UTM,257,tm,91.39,0.47180056999786757,0.06995445999200456
UTM,258,tm,91.33,0.4562250700109871,0.06581513400305994
UTM,259,tm,91.3,0.44893058099842165,0.06743747800646815
UTM,260,tm,91.34,0.4646195569948759,0.06931384799827356
UTM,261,tm,91.14999999999999,0.4564409489976242,0.07185215599020012
UTM,262,tm,91.13,0.461425760993734,0.06659456000488717
UTM,263,tm,91.18,0.4744409819977591,0.06972085399320349
UTM,264,tm,91.25999999999999,0.45754975199815817,0.06892059599340428
UTM,265,tm,91.24,0.46968075100448914,0.07003799600352068
UTM,266,tm,91.28,0.46823536399460863,0.06910611200146377
UTM,267,tm,91.23,0.47131008400174323,0.06727236599544995
UTM,268,tm,91.11,0.45666310099477414,0.068168710989994
UTM,269,tm,91.17,0.45805850900069345,0.06809629300551023
UTM,270,tm,91.06,0.4645328780025011,0.07234152499586344
UTM,271,tm,91.07,0.4588144890003605,0.0692326749995118
UTM,272,tm,91.14999999999999,0.46859530299843755,0.07215612099389546
UTM,273,tm,91.19,0.4561638640007004,0.07001855700218584
UTM,274,tm,91.2,0.4481433850014582,0.0668579509947449
UTM,275,tm,91.2,0.4594018539937679,0.0666206549940398
UTM,276,tm,91.3,0.452303871003096,0.07085589799680747
UTM,277,tm,91.23,0.46098075099871494,0.0698774750053417
UTM,278,tm,91.19,0.45041814299474936,0.06806210600188933
UTM,279,tm,91.28,0.4643990299955476,0.06791103900468443
UTM,280,tm,91.23,0.458208480005851,0.06890309200389311
UTM,281,tm,91.32000000000001,0.46448934100044426,0.06964110599074047
UTM,282,tm,91.29,0.45759679899492767,0.0705490539985476
UTM,283,tm,91.14,0.4603315569984261,0.06913617601094302
UTM,284,tm,91.02,0.4590288449981017,0.06840104800357949
UTM,285,tm,91.08000000000001,0.4690743690007366,0.06934373700642027
UTM,286,tm,91.22,0.458345916995313,0.06985431999783032
UTM,287,tm,91.25,0.463781480997568,0.06813907400646713
UTM,288,tm,91.21000000000001,0.4626798940007575,0.0694532969937427
UTM,289,tm,90.98,0.4644991250097519,0.06800077899242751
UTM,290,tm,91.17,0.4663153260044055,0.06894657699740492
UTM,291,tm,91.19,0.45865919000061695,0.07028260298829991
UTM,292,tm,91.21000000000001,0.47052443301072344,0.06929584700264968
UTM,293,tm,91.22,0.4510955539881252,0.06943206100550015
UTM,294,tm,91.22,0.4679264000005787,0.06665034699835815
UTM,295,tm,91.10000000000001,0.4508814919972792,0.06843872700119391
UTM,296,tm,91.14,0.4601221970078768,0.06996501999674365
UTM,297,tm,91.13,0.4737741260032635,0.07054628399782814
UTM,298,tm,91.03,0.4670687089965213,0.06747510099376086
UTM,299,tm,91.05,0.4709772860078374,0.0695718159986427
UTM,300,tm,91.39,0.4683381159993587,0.07029687499743886
UTM,301,tm,91.16,0.4591087279986823,0.06912081700284034
UTM,302,tm,91.23,0.46329273100127466,0.07223013701150194
UTM,303,tm,91.24,0.4695970749889966,0.07131923398992512
UTM,304,tm,91.14,0.4668286399974022,0.06868201099860016
UTM,305,tm,91.2,0.44706224399851635,0.0683080019953195
UTM,306,tm,91.23,0.4680550460034283,0.06930690600711387
UTM,307,tm,91.27,0.4646915969933616,0.06772911299776752
UTM,308,tm,91.24,0.46260483100195415,0.07059104098880198
UTM,309,tm,91.24,0.4549170599930221,0.06801673799054697
UTM,310,tm,91.2,0.46699848301068414,0.06938411699957214
UTM,311,tm,91.25999999999999,0.46453075400495436,0.0695129670057213
UTM,312,tm,91.39,0.4639654079946922,0.06860255599895027
UTM,313,tm,91.2,0.4747993269993458,0.06678824999835342
UTM,314,tm,91.18,0.45558730998891406,0.06726991799951065
UTM,315,tm,91.35,0.45782936399336904,0.06994410799234174
UTM,316,tm,91.44,0.46583336099865846,0.0694769149995409
UTM,317,tm,91.22,0.46819472100469284,0.06845240399707109
UTM,318,tm,91.32000000000001,0.4556462500040652,0.0703645419998793
UTM,319,tm,91.31,0.4571200170030352,0.06812275901029352
UTM,320,tm,91.2,0.45782275398960337,0.0706657229893608
UTM,321,tm,91.32000000000001,0.44949166900187265,0.06881614899612032
UTM,322,tm,91.33,0.47160566999809816,0.06993204400350805
UTM,323,tm,91.27,0.46346525399712846,0.07052973000099882
UTM,324,tm,91.27,0.4641602490009973,0.06875187800324056
UTM,325,tm,91.25999999999999,0.4660877339920262,0.06919690099311993
UTM,326,tm,91.43,0.4564689809922129,0.07076210899685975
UTM,327,tm,91.3,0.4530564919987228,0.07058073200460058
UTM,328,tm,91.24,0.4665038690000074,0.0681772899988573
UTM,329,tm,91.49000000000001,0.4553834719990846,0.0691802690125769
UTM,330,tm,91.47999999999999,0.457099144012318,0.0691255940037081
UTM,331,tm,91.41,0.4652793060085969,0.07020238300901838
UTM,332,tm,91.47,0.4633673079952132,0.0700539069948718
UTM,333,tm,91.36,0.4658553820045199,0.06818288700014818
UTM,334,tm,91.51,0.4628930579929147,0.069517291005468
UTM,335,tm,91.29,0.46018886000092607,0.06894568199641071
UTM,336,tm,91.36,0.46797351200075354,0.06962726499477867
UTM,337,tm,91.27,0.45683900399308186,0.07048934599151835
UTM,338,tm,91.2,0.4703368769987719,0.06925567300640978
UTM,339,tm,91.22,0.42663295099919196,0.06882505198882427
UTM,340,tm,91.23,0.4549410429899581,0.06828656001016498
UTM,341,tm,91.33,0.46245332100079395,0.07294588099466637
UTM,342,tm,91.28,0.4636171309975907,0.06932093598879874
UTM,343,tm,91.14999999999999,0.46532536500308197,0.06681744300294667
UTM,344,tm,91.16,0.45470519999798853,0.06858854899473954
UTM,345,tm,91.10000000000001,0.4598264259984717,0.06726588199671824
UTM,346,tm,91.27,0.45663928300200496,0.0710528119961964
UTM,347,tm,91.29,0.46356333199946675,0.06918641799711622
UTM,348,tm,91.27,0.4727341669931775,0.06828505800513085
UTM,349,tm,91.03,0.45544965799490456,0.07032071400317363
UTM,350,tm,91.27,0.4610241880000103,0.06642628800182138
UTM,351,tm,91.17,0.4593545020034071,0.06827419299224857
UTM,352,tm,91.23,0.4595743539975956,0.0707782289973693
UTM,353,tm,91.14999999999999,0.46688700398954097,0.06936798100650776
UTM,354,tm,91.24,0.46248528000433,0.07216643699212
UTM,355,tm,91.28,0.46324008400551975,0.06733287700626533
UTM,356,tm,91.09,0.4572805970092304,0.07061056401289534
UTM,357,tm,91.19,0.4629980159952538,0.06890798099630047
UTM,358,tm,91.05,0.45863683900097385,0.07102016400313005
UTM,359,tm,91.18,0.458555064004031,0.06960454300860874
UTM,360,tm,91.08000000000001,0.45959298498928547,0.06844478299899492
UTM,361,tm,91.31,0.46425510398694314,0.06994322099490091
UTM,362,tm,91.13,0.4782124569901498,0.06984700899920426
UTM,363,tm,91.0,0.456366258993512,0.06853230600245297
UTM,364,tm,90.97,0.47096405799675267,0.06897491999552585
UTM,365,tm,91.06,0.4721102699986659,0.06922163900162559
UTM,366,tm,91.05,0.4759863189974567,0.06867460800276604
UTM,367,tm,90.97,0.4515774390019942,0.0698853380017681
UTM,368,tm,91.14,0.474844773998484,0.07174392900196835
UTM,369,tm,91.14999999999999,0.46009889799461234,0.06914785000844859
UTM,370,tm,91.22,0.4563821560004726,0.07007262299885042
UTM,371,tm,91.19,0.466746416001115,0.06974055600585416
UTM,372,tm,91.12,0.4613987780030584,0.0678523210081039
UTM,373,tm,91.0,0.4640677790011978,0.06838371699268464
UTM,374,tm,90.94,0.45679322398791555,0.06859396801155526
UTM,375,tm,90.98,0.4687160370085621,0.06849569700716529
UTM,376,tm,90.9,0.4635947680071695,0.06841025600442663
UTM,377,tm,91.05,0.4615584770072019,0.06750769000791479
UTM,378,tm,91.17,0.4647735329926945,0.0712077659991337
UTM,379,tm,91.07,0.4647148219955852,0.06941787400864996
UTM,380,tm,91.14,0.46846562600694597,0.06567153699870687
UTM,381,tm,91.17,0.46093832299811766,0.06881801699637435
UTM,382,tm,91.10000000000001,0.46735293499659747,0.07034655399911571
UTM,383,tm,90.88000000000001,0.46579411999846343,0.06623274099547416
UTM,384,tm,90.92,0.4664006629900541,0.07158986599824857
UTM,385,tm,90.96,0.45141207400592975,0.07102297199890018
UTM,386,tm,91.14,0.45878395800536964,0.07071555500442628
UTM,387,tm,91.02,0.46550176800519694,0.06811244100390468
UTM,388,tm,90.98,0.46961356401152443,0.0694570380001096
UTM,389,tm,90.98,0.46365484698617365,0.07131179499265272
UTM,390,tm,91.03999999999999,0.4628531899943482,0.06915269899764098
UTM,391,tm,91.03999999999999,0.46939676300098654,0.0697049909940688
UTM,392,tm,91.05,0.46322867400886025,0.07046428599278443
UTM,393,tm,91.0,0.4597647839982528,0.06793349100917112
UTM,394,tm,91.03999999999999,0.464147275997675,0.07000951499503572
UTM,395,tm,91.07,0.45948873899760656,0.0670672790001845
UTM,396,tm,91.12,0.4559648680005921,0.06658976100152358
UTM,397,tm,91.19,0.4544851449900307,0.06841577899467666
UTM,398,tm,91.07,0.45767194899963215,0.06745741999475285
UTM,399,tm,91.10000000000001,0.46640557001228444,0.06693062098929659
UTM,400,tm,91.06,0.4606416720052948,0.0689346760045737
UTM,401,tm,91.08000000000001,0.45960595599899534,0.06776208699739072
UTM,402,tm,91.17,0.46083014699979685,0.06959800299955532
UTM,403,tm,91.03,0.4595185960060917,0.07010955800069496
UTM,404,tm,90.99000000000001,0.4575993360049324,0.06916468900453765
UTM,405,tm,91.11,0.4754936240060488,0.06856753300235141
UTM,406,tm,91.14,0.46499740399303846,0.07121125700359698
UTM,407,tm,91.11,0.4595672099967487,0.06854563900560606
UTM,408,tm,91.02,0.4659532570076408,0.07031910099613015
UTM,409,tm,90.95,0.46034066900028847,0.07179197900404688
UTM,410,tm,90.96,0.46911927399924025,0.06945884099695832
UTM,411,tm,91.06,0.4662022370030172,0.07019576799939387
UTM,412,tm,91.07,0.47660185099812225,0.07027820400253404
UTM,413,tm,91.01,0.46953887899871916,0.06977270099741872
UTM,414,tm,90.93,0.4690878289984539,0.07206045200291555
UTM,415,tm,91.02,0.4674325669911923,0.0698738869978115
UTM,416,tm,91.08000000000001,0.46849466300045606,0.07034750799357425
UTM,417,tm,91.02,0.46624768200854305,0.06914251099806279
UTM,418,tm,91.03999999999999,0.46122356499836314,0.07110556100087706
UTM,419,tm,91.03999999999999,0.46101336600258946,0.06890102499164641
UTM,420,tm,90.93,0.46716580899374094,0.06902966799680144
UTM,421,tm,90.91,0.476505978993373,0.0682895659992937
UTM,422,tm,90.89,0.4659338499914156,0.07114146200183313
UTM,423,tm,91.02,0.4561717690085061,0.0682753379951464
UTM,424,tm,91.06,0.4673748560016975,0.07087655500799883
UTM,425,tm,91.09,0.4672350509936223,0.07011284299369436
UTM,426,tm,91.22,0.46850877300312277,0.06957171199610457
UTM,427,tm,91.0,0.4700166819966398,0.06555091000336688
UTM,428,tm,91.14999999999999,0.4705235050059855,0.0691990449995501
UTM,429,tm,91.21000000000001,0.4646576459927019,0.06970147199172061
UTM,430,tm,91.25,0.4620327390002785,0.06880371799343266
UTM,431,tm,91.16,0.46456762999878265,0.06666598400624935
UTM,432,tm,91.2,0.46072681099758483,0.069726173998788
UTM,433,tm,91.2,0.47067878099915106,0.07099696098885033
UTM,434,tm,91.35,0.46097989099507686,0.06966667900269385
UTM,435,tm,91.31,0.47302826000668574,0.06979170699196402
UTM,436,tm,91.39,0.4600717019930016,0.06972489799954928
UTM,437,tm,91.29,0.4680133620131528,0.06785379099892452
UTM,438,tm,91.28,0.4708650290122023,0.06658795400289819
UTM,439,tm,91.24,0.47053874300036114,0.07018231900292449
UTM,440,tm,91.41,0.46134190500015393,0.06946591399901081
UTM,441,tm,91.29,0.46729787399817724,0.0691313679999439
UTM,442,tm,91.22,0.4624593949993141,0.06739210100204218
UTM,443,tm,91.3,0.46267243700276595,0.07001834400580265
UTM,444,tm,91.28,0.4583235290047014,0.06944107900199015
UTM,445,tm,91.2,0.4623746480065165,0.06711001499206759
UTM,446,tm,91.2,0.4566248899936909,0.06942304999392945
UTM,447,tm,91.28,0.46354765600699466,0.06878676799533423
UTM,448,tm,91.18,0.46393917000386864,0.06909255500067957
UTM,449,tm,91.25,0.4677791129943216,0.069357141997898
UTM,450,tm,91.2,0.46068699700117577,0.06979483099712525
UTM,451,tm,90.99000000000001,0.47089882200816646,0.07029211800545454
UTM,452,tm,91.21000000000001,0.46559287900163326,0.0711679149972042
UTM,453,tm,91.11,0.45769122600904666,0.06684330300777219
UTM,454,tm,90.99000000000001,0.44181178099825047,0.06847137601289432
UTM,455,tm,91.14,0.4736978260043543,0.07003454299410805
UTM,456,tm,91.32000000000001,0.4657533580029849,0.06902636800077744
UTM,457,tm,91.14999999999999,0.464374161005253,0.06898977799573913
UTM,458,tm,91.19,0.47346075100358576,0.06996888499998022
UTM,459,tm,91.13,0.46335714000451844,0.0689078480063472
UTM,460,tm,91.08000000000001,0.47211980700376444,0.06976794100773986
UTM,461,tm,91.17,0.4636171890015248,0.0707215360016562
UTM,462,tm,91.27,0.4693210759869544,0.06686672900104895
UTM,463,tm,91.18,0.46512265599449165,0.06874274001165759
UTM,464,tm,91.17,0.4751862609991804,0.06934139899385627
UTM,465,tm,91.14,0.46689706901088357,0.06942547600192484
UTM,466,tm,91.07,0.4552291569998488,0.06944543001009151
UTM,467,tm,91.01,0.4734342099982314,0.0676856969948858
UTM,468,tm,91.09,0.46419114200398326,0.06758745200932026
UTM,469,tm,91.24,0.45257013700029347,0.07253278700227384
UTM,470,tm,91.2,0.4715044519980438,0.06938624299073126
UTM,471,tm,91.25,0.46280901100544725,0.0689430570055265
UTM,472,tm,91.31,0.4649825359956594,0.07076792100269813
UTM,473,tm,91.27,0.45270938200701494,0.0718496900080936
UTM,474,tm,91.27,0.46698493900476024,0.07025654600874986
UTM,475,tm,90.96,0.47598814600496553,0.06767258400213905
UTM,476,tm,90.97,0.43141242099227384,0.06816099800926168
UTM,477,tm,91.16,0.4662369939906057,0.06852135300869122
UTM,478,tm,91.18,0.4631744619982783,0.06750481099879835
UTM,479,tm,91.24,0.4738714160048403,0.0693189190060366
UTM,480,tm,91.14,0.47156411000469234,0.0702255759970285
UTM,481,tm,91.17,0.4718105439969804,0.06827527299174108
UTM,482,tm,91.25999999999999,0.4653222789929714,0.06823586199607234
UTM,483,tm,91.14,0.46285059199726675,0.07037852899520658
UTM,484,tm,91.06,0.46611027300241403,0.07051252100791316
UTM,485,tm,91.07,0.46408791199792176,0.06803374399896711
UTM,486,tm,90.86,0.45587662800971884,0.06726264700409956
UTM,487,tm,90.88000000000001,0.4562793299992336,0.06833946700498927
UTM,488,tm,91.08000000000001,0.4649174960068194,0.06763551098993048
UTM,489,tm,91.22,0.46229861699976027,0.06835255199985113
UTM,490,tm,91.17,0.4756383930071024,0.06757593899965286
UTM,491,tm,91.3,0.45449680800084025,0.06962394900619984
UTM,492,tm,91.03,0.4620288250007434,0.0703008319978835
UTM,493,tm,91.01,0.4696117089915788,0.06912558000476565
UTM,494,tm,91.14999999999999,0.47048358000756707,0.07020930699945893
UTM,495,tm,91.10000000000001,0.46674435600289144,0.06892647300264798
UTM,496,tm,91.03,0.46645173100114334,0.06704304499726277
UTM,497,tm,91.10000000000001,0.46273302398913074,0.07061308799893595
UTM,498,tm,91.09,0.4690310709993355,0.06937111300067045
UTM,499,tm,91.05,0.46869028599758167,0.06838541199977044
UTM,500,tm,91.16,0.4570686590013793,0.06894925399683416
WTM,1,tm,88.58,0.33703341700311285,0.06086119799874723
WTM,2,tm,91.59,0.29724191599234473,0.06160093499056529
WTM,3,tm,91.18,0.2842845029954333,0.06023764199926518
WTM,4,tm,91.3,0.26854918801109307,0.062340456002857536
WTM,5,tm,91.86,0.26325235101103317,0.06253838600241579
WTM,6,tm,91.53999999999999,0.2678465960052563,0.062088505990686826
WTM,7,tm,92.0,0.257726317999186,0.06398392000119202
WTM,8,tm,91.56,0.2523391860013362,0.061553477004054
WTM,9,tm,92.78999999999999,0.26090660599584226,0.062020474011660554
WTM,10,tm,92.29,0.25825087900739163,0.06325526800355874
WTM,11,tm,92.85,0.25245184599771164,0.06197182499454357
WTM,12,tm,92.86999999999999,0.24043508600152563,0.06295373600733001
WTM,13,tm,91.9,0.25559262800379656,0.06227093299094122
WTM,14,tm,93.25,0.24659876500663813,0.06368487900181208
WTM,15,tm,91.74,0.24743142300576437,0.0627057959936792
WTM,16,tm,92.36,0.2559944039967377,0.06225922600424383
WTM,17,tm,93.35,0.24926897999830544,0.06659321699407883
WTM,18,tm,92.84,0.2528687279991573,0.0624532970105065
WTM,19,tm,93.26,0.25322245599818416,0.06307820399524644
WTM,20,tm,93.36,0.24496941699180752,0.061750224995194
WTM,21,tm,93.66,0.23983900000166614,0.0629333489923738
WTM,22,tm,92.97,0.2533069479977712,0.06385926299844868
WTM,23,tm,93.0,0.24270647000230383,0.06372313400788698
WTM,24,tm,93.33,0.23802734499622602,0.06375850499898661
WTM,25,tm,93.35,0.2381799259892432,0.06389107099676039
WTM,26,tm,93.84,0.23962520000350196,0.062150102996383794
WTM,27,tm,93.66,0.24798606400145218,0.062260901991976425
WTM,28,tm,93.30000000000001,0.23704215900215786,0.06332394199853297
WTM,29,tm,93.47999999999999,0.23966229800134897,0.06325780099723488
WTM,30,tm,94.01,0.2352502469875617,0.06216510699596256
WTM,31,tm,93.5,0.2337189509999007,0.06285105999268126
WTM,32,tm,93.67999999999999,0.2350718960078666,0.06320397200761363
WTM,33,tm,93.4,0.23416580598859582,0.06020483899919782
WTM,34,tm,93.2,0.2298021019960288,0.06346123799448833
WTM,35,tm,94.08,0.23877817500033416,0.06371388699335512
WTM,36,tm,93.30000000000001,0.23320824198890477,0.060431896999944
WTM,37,tm,92.52,0.23254967298998963,0.0627727179962676
WTM,38,tm,93.73,0.2306694410071941,0.06258464900020044
WTM,39,tm,93.65,0.23347240300790872,0.06279280400485732
WTM,40,tm,93.7,0.24166504899039865,0.06447893699805718
WTM,41,tm,93.69,0.23892143099510577,0.06398128499859013
WTM,42,tm,93.69,0.2379502340045292,0.06254829700628761
WTM,43,tm,93.69,0.24646177199610975,0.06451438799558673
WTM,44,tm,93.23,0.23568545699527021,0.06323755800258368
WTM,45,tm,94.17999999999999,0.24473203699744772,0.06381562098977156
WTM,46,tm,94.1,0.2376485290005803,0.06310546999156941
WTM,47,tm,94.19999999999999,0.23996193399943877,0.06255441899702419
WTM,48,tm,93.43,0.24101342700305395,0.06733384401013609
WTM,49,tm,93.63,0.23662536501069553,0.06461479600693565
WTM,50,tm,94.16,0.24761513998964801,0.06332311200094409
WTM,51,tm,93.65,0.23053474200423807,0.0623082900128793
WTM,52,tm,92.47,0.23866321200330276,0.06338987199706025
WTM,53,tm,94.03,0.23765905399341136,0.06180115400638897
WTM,54,tm,93.99,0.23563522299809847,0.06219138299638871
WTM,55,tm,93.67,0.23080308799399063,0.06452673400053754
WTM,56,tm,94.27,0.2323977149935672,0.06401519100472797
WTM,57,tm,93.97,0.23559427799773403,0.06409988200175576
WTM,58,tm,93.95,0.23259652699925937,0.06356077401142102
WTM,59,tm,93.45,0.23411167699669022,0.05942517300718464
WTM,60,tm,94.03,0.23232506999920588,0.06215734900615644
WTM,61,tm,94.53,0.23303164199751336,0.06356030600727536
WTM,62,tm,93.65,0.2275501499971142,0.062147315009497106
WTM,63,tm,93.7,0.23493928999232594,0.06257261699647643
WTM,64,tm,94.12,0.23325792100513354,0.061813883992726915
WTM,65,tm,93.71000000000001,0.22903792299621273,0.06087055799434893
WTM,66,tm,94.39,0.22955478599760681,0.06341649900423363
WTM,67,tm,93.45,0.2367389919963898,0.0626743879984133
WTM,68,tm,94.17,0.22872254400863312,0.06566203899274115
WTM,69,tm,93.7,0.23254508200625423,0.0653440889873309
WTM,70,tm,94.0,0.24527039300301112,0.064748792006867
WTM,71,tm,93.15,0.2285982229950605,0.06257773299876135
WTM,72,tm,93.69,0.23136205499758944,0.06284033099655062
WTM,73,tm,94.21000000000001,0.23585380299482495,0.06316729300306179
WTM,74,tm,93.28,0.2263416200003121,0.06208982600946911
WTM,75,tm,92.75999999999999,0.23504545100149699,0.0624383160029538
WTM,76,tm,93.34,0.23453336898819543,0.062297687007230707
WTM,77,tm,93.77,0.23612126900115982,0.06209351200959645
WTM,78,tm,93.96,0.22838679600681644,0.06348409299971536
WTM,79,tm,93.81,0.23084053800266702,0.06120702299813274
WTM,80,tm,93.34,0.23104169900761917,0.06312695299857296
WTM,81,tm,93.67,0.233057553996332,0.062243121006758884
WTM,82,tm,94.45,0.23272557600284927,0.06241059298918117
WTM,83,tm,93.35,0.24302995200559963,0.06153348401130643
WTM,84,tm,92.86,0.23078229499515146,0.06381861300906166
WTM,85,tm,94.43,0.22613397899840493,0.0637798620009562
WTM,86,tm,93.78999999999999,0.23170098099217284,0.06226740400597919
WTM,87,tm,93.54,0.23188281701004598,0.06319540699769277
WTM,88,tm,93.7,0.23830230100429617,0.06353224199847318
WTM,89,tm,92.73,0.2346450330078369,0.06369791300676297
WTM,90,tm,93.99,0.238417467000545,0.06144044900429435
WTM,91,tm,94.02000000000001,0.226253564003855,0.06200502600404434
WTM,92,tm,93.46,0.22915229899808764,0.062405260003288276
WTM,93,tm,93.83,0.23429547999694478,0.06275466000079177
WTM,94,tm,94.08,0.23103228300169576,0.06265497099957429
WTM,95,tm,93.5,0.22943556899554096,0.06135848599660676
WTM,96,tm,93.67999999999999,0.22687280799436849,0.06355187400185969
WTM,97,tm,93.28999999999999,0.22762568900361657,0.06528380600502715
WTM,98,tm,93.93,0.23551256899372675,0.06299140999908559
WTM,99,tm,93.8,0.22908607800491154,0.06084491299407091
WTM,100,tm,94.24,0.2216789730009623,0.06244799900741782
WTM,101,tm,93.97999999999999,0.23729385700426064,0.06297574000200257
WTM,102,tm,93.78,0.22827759500069078,0.06237502100702841
WTM,103,tm,93.2,0.23320038500241935,0.06395564299600665
WTM,104,tm,94.37,0.22774707699136343,0.06383524100237992
WTM,105,tm,93.7,0.22559810000529978,0.0633017249929253
WTM,106,tm,93.81,0.23137888399651274,0.06328781699994579
WTM,107,tm,93.83,0.22651224600849673,0.06384109100326896
WTM,108,tm,92.80000000000001,0.22496770200086758,0.06565569298982155
WTM,109,tm,94.03,0.23597622899978887,0.06157652700494509
WTM,110,tm,93.95,0.22989070099720266,0.06269327999325469
WTM,111,tm,93.77,0.23432683800638188,0.06334757800505031
WTM,112,tm,94.84,0.22680672000569757,0.0620839059993159
WTM,113,tm,93.60000000000001,0.22954560098878574,0.0628712410107255
WTM,114,tm,94.03,0.2281091879995074,0.06331108300946653
WTM,115,tm,94.49,0.22780869499547407,0.06197162299940828
WTM,116,tm,93.57,0.224822497999412,0.06393592499080114
WTM,117,tm,93.67999999999999,0.22906188100751024,0.06377198899281211
WTM,118,tm,93.74,0.23423247499158606,0.06535065300704446
WTM,119,tm,93.55,0.23063904100854415,0.06159789499361068
WTM,120,tm,93.52000000000001,0.22630754300917033,0.06202077599300537
WTM,121,tm,93.4,0.2293216070102062,0.06508895898878109
WTM,122,tm,93.65,0.23386009900423232,0.06317469599889591
WTM,123,tm,94.1,0.23058333499648143,0.06337897699268069
WTM,124,tm,93.74,0.23412253899732605,0.06307399801153224
WTM,125,tm,93.95,0.23216221600887366,0.0632289450004464
WTM,126,tm,93.8,0.23073309900064487,0.06353831800515763
WTM,127,tm,93.54,0.23100443500152323,0.06252262499765493
WTM,128,tm,93.89999999999999,0.2272538609977346,0.06238462099281605
WTM,129,tm,92.61,0.22736296799848787,0.06281270099862013
WTM,130,tm,93.57,0.23166637700342108,0.06422952099819668
WTM,131,tm,93.42,0.22524876799434423,0.06190538499504328
WTM,132,tm,93.78999999999999,0.23030442598974332,0.06532129299012013
WTM,133,tm,93.30000000000001,0.23247577399888542,0.06708738100132905
WTM,134,tm,93.61,0.22914706100709736,0.06393223600753117
WTM,135,tm,93.86,0.24064857099438086,0.06372524501057342
WTM,136,tm,93.31,0.224441692000255,0.06086159800179303
WTM,137,tm,93.97,0.22402852900268044,0.05994653499510605
WTM,138,tm,93.47,0.23183233800227754,0.06180171298910864
WTM,139,tm,93.43,0.2350333270005649,0.06196552800247446
WTM,140,tm,93.32000000000001,0.2328328470030101,0.06368418999772985
WTM,141,tm,93.28999999999999,0.2317854969878681,0.06294920400250703
WTM,142,tm,93.66,0.22883433400420472,0.0621009909955319
WTM,143,tm,93.56,0.2295577350014355,0.06213233800372109
WTM,144,tm,94.02000000000001,0.22611436000443064,0.06178576100501232
WTM,145,tm,94.53,0.22178399800031912,0.06407454400323331
WTM,146,tm,93.43,0.23213905199372675,0.061427927998011
WTM,147,tm,93.44,0.22637002100236714,0.06034245098999236
WTM,148,tm,93.28,0.22758135900949128,0.06111632299143821
WTM,149,tm,93.57,0.22665688500273973,0.061428988992702216
WTM,150,tm,94.82000000000001,0.230602462994284,0.06336899600864854
WTM,151,tm,93.32000000000001,0.22580922399356496,0.06385034800041467
WTM,152,tm,93.60000000000001,0.22656529900268652,0.06356682299519889
WTM,153,tm,93.51,0.22590042000229005,0.061172278990852647
WTM,154,tm,92.82000000000001,0.23140262500965036,0.0633508110040566
WTM,155,tm,94.11,0.230884517004597,0.06300313399697188
WTM,156,tm,93.86,0.2342176320089493,0.06321038400346879
WTM,157,tm,93.85,0.22807287199248094,0.06392686298931949
WTM,158,tm,92.67999999999999,0.22860437099006958,0.062112052997690625
WTM,159,tm,94.32000000000001,0.2328679269994609,0.06357250400469638
WTM,160,tm,93.26,0.2376422689994797,0.06431684498966206
WTM,161,tm,94.31,0.22941912199894432,0.06413300900021568
WTM,162,tm,94.22,0.2233119309967151,0.06140146098914556
WTM,163,tm,94.65,0.22259521399973892,0.06498873399687
WTM,164,tm,94.06,0.22556295699905604,0.06304285100486595
WTM,165,tm,93.46,0.22878066900011618,0.06182559300214052
WTM,166,tm,93.45,0.24595900198619347,0.06316596998658497
WTM,167,tm,93.17,0.23639402199478354,0.06231063599989284
WTM,168,tm,93.75,0.2295756050007185,0.062160678004147485
WTM,169,tm,93.88,0.23201983000035398,0.06307710400142241
WTM,170,tm,93.89999999999999,0.2293724509945605,0.06116859598841984
WTM,171,tm,94.19,0.22565222599951085,0.060345236997818574
WTM,172,tm,93.78,0.2256720830046106,0.06104646500898525
WTM,173,tm,93.45,0.2239497830014443,0.06150595500366762
WTM,174,tm,93.30000000000001,0.22833539100247435,0.062379377995966934
WTM,175,tm,93.67,0.23638782599300612,0.06379797699628398
WTM,176,tm,94.08,0.2301258829975268,0.06421844899887219
WTM,177,tm,94.31,0.2260434380004881,0.06153454699961003
WTM,178,tm,93.97999999999999,0.22321148800256196,0.0625289899908239
WTM,179,tm,93.30000000000001,0.22596982699178625,0.06064492100267671
WTM,180,tm,92.81,0.22202988198841922,0.06350683899654541
WTM,181,tm,93.41000000000001,0.23652983499050606,0.06300979299703613
WTM,182,tm,94.13,0.2291134060069453,0.06190788300591521
WTM,183,tm,93.69,0.2313645020039985,0.06292337099148426
WTM,184,tm,94.17999999999999,0.23340733000077307,0.06242565000138711
WTM,185,tm,93.89999999999999,0.22344603099918459,0.06291867699474096
WTM,186,tm,94.48,0.22839820699300617,0.06331630299973767
WTM,187,tm,93.32000000000001,0.2329301290010335,0.06403755699284375
WTM,188,tm,92.74,0.2267699350049952,0.06256037799175829
WTM,189,tm,93.66,0.24344023599405773,0.06760266800120007
WTM,190,tm,94.16,0.22610431000066455,0.06046698600403033
WTM,191,tm,93.39,0.22726822199183516,0.06298133100790437
WTM,192,tm,93.57,0.23620202900201548,0.06366787600563839
WTM,193,tm,93.87,0.22592081599577796,0.06238183000823483
WTM,194,tm,92.93,0.22928168599901255,0.06274665000091773
WTM,195,tm,92.97999999999999,0.2264496170100756,0.06329784999252297
WTM,196,tm,93.88,0.2337716170004569,0.06289603500044905
WTM,197,tm,94.3,0.22557325799425598,0.062381140000070445
WTM,198,tm,92.53,0.22484121299930848,0.06320732399763074
WTM,199,tm,93.96,0.22674955399997998,0.05971459700958803
WTM,200,tm,93.97999999999999,0.22952841100050136,0.06074888599687256
WTM,201,tm,93.89999999999999,0.2295114089938579,0.06139380000240635
WTM,202,tm,93.21000000000001,0.22642152299522422,0.06081279000500217
WTM,203,tm,93.52000000000001,0.23165335900557693,0.0616797660040902
WTM,204,tm,93.99,0.22440052599995397,0.06413598801009357
WTM,205,tm,93.37,0.23472129400761332,0.0633100090053631
WTM,206,tm,93.28,0.23567265301244333,0.061958681006217375
WTM,207,tm,94.28999999999999,0.2242900900018867,0.06211688500479795
WTM,208,tm,93.60000000000001,0.2219059650087729,0.06487263999588322
WTM,209,tm,93.30000000000001,0.2255712769983802,0.06468992900045123
WTM,210,tm,92.77,0.23045637299946975,0.06297712499508634
WTM,211,tm,93.13,0.22414738999214023,0.061600040004123
WTM,212,tm,93.64,0.2273163259960711,0.06411152800137643
WTM,213,tm,94.0,0.23100700200302526,0.06359856900235172
WTM,214,tm,93.93,0.22870772200985812,0.0642555899976287
WTM,215,tm,92.83,0.23008256100001745,0.06387630800600164
WTM,216,tm,93.67,0.23067167200497352,0.06177633699553553
WTM,217,tm,94.36,0.23520536499563605,0.06261441099923104
WTM,218,tm,93.30000000000001,0.22819435498968232,0.06398998700024094
WTM,219,tm,94.04,0.23022480400686618,0.06290903101034928
WTM,220,tm,94.25,0.22840767799061723,0.0619846920017153
WTM,221,tm,93.47,0.231092873000307,0.05918164100148715
WTM,222,tm,93.53,0.22665097999561112,0.0626055340107996
WTM,223,tm,93.15,0.23869650698907208,0.06621382900630124
WTM,224,tm,93.72,0.22758029898977838,0.06377337900630664
WTM,225,tm,94.12,0.22405543700733688,0.06243315199390054
WTM,226,tm,93.96,0.22868691899930127,0.06302129899268039
WTM,227,tm,94.14,0.22782184499374125,0.06268693100719247
WTM,228,tm,92.94,0.23397972500242759,0.06287669100856874
WTM,229,tm,94.04,0.2257289459957974,0.06347673600248527
WTM,230,tm,93.93,0.23450962400238495,0.06403397199756
WTM,231,tm,93.30000000000001,0.22924121099640615,0.061857656997744925
WTM,232,tm,94.01,0.23155539600702468,0.06251826400693972
WTM,233,tm,93.85,0.2350510510004824,0.06516453099902719
WTM,234,tm,93.65,0.22716903300897684,0.06756289998884313
WTM,235,tm,94.05,0.22702543399645947,0.06017071200767532
WTM,236,tm,93.61,0.22742135700536892,0.0633404940017499
WTM,237,tm,93.28,0.2276720010122517,0.0623420729971258
WTM,238,tm,93.81,0.23158752800372895,0.06265488600183744
WTM,239,tm,93.73,0.2284328139940044,0.06467855999653693
WTM,240,tm,93.53,0.2268313950044103,0.06237226800294593
WTM,241,tm,94.13,0.23053521200199611,0.06203452200861648
WTM,242,tm,93.95,0.23305259400513023,0.0609700229979353
WTM,243,tm,93.28999999999999,0.23374602900003083,0.06074681400787085
WTM,244,tm,93.86,0.24188831300125457,0.06306439600302838
WTM,245,tm,93.85,0.22612344499793835,0.06313526100711897
WTM,246,tm,94.06,0.2279415520024486,0.06417714999406599
WTM,247,tm,94.04,0.22901902499143034,0.06295276001037564
WTM,248,tm,93.67,0.23626634900574572,0.0625309989991365
WTM,249,tm,93.62,0.22588921700662468,0.061519623995991424
WTM,250,tm,94.54,0.23090163199231029,0.06026487999770325
WTM,251,tm,91.93,0.22411310800816864,0.06282892099989112
WTM,252,tm,94.25,0.229082361998735,0.06347399699734524
WTM,253,tm,94.48,0.22855094399710651,0.06377644000167493
WTM,254,tm,94.11,0.22718134100432508,0.06310772500000894
WTM,255,tm,93.66,0.2319554210116621,0.0637069380027242
WTM,256,tm,93.47999999999999,0.22246037000149954,0.06136949900246691
WTM,257,tm,93.88,0.22661524200520944,0.06399496698577423
WTM,258,tm,93.24,0.2330002480011899,0.0633534140069969
WTM,259,tm,94.32000000000001,0.23542107500543352,0.06662701300228946
WTM,260,tm,93.46,0.22791238900390454,0.06343437799660023
WTM,261,tm,93.12,0.22998184298921842,0.06332497700350359
WTM,262,tm,93.58,0.22988658699614462,0.06383000299683772
WTM,263,tm,93.73,0.23207727099361364,0.06301125000754837
WTM,264,tm,93.07,0.23592854500748217,0.06150648700713646
WTM,265,tm,93.82000000000001,0.23398228800215293,0.06295943599252496
WTM,266,tm,94.1,0.22708592399430927,0.0627509219921194
WTM,267,tm,94.02000000000001,0.23268762898806017,0.06349703599698842
WTM,268,tm,93.78999999999999,0.23601536700152792,0.06364996400952805
WTM,269,tm,93.92,0.22921820300689433,0.06401939499482978
WTM,270,tm,93.96,0.23315205400285777,0.0637907729978906
WTM,271,tm,93.97999999999999,0.22735739800555166,0.06292843200208154
WTM,272,tm,94.06,0.22710645699407905,0.06473763300164137
WTM,273,tm,94.27,0.2255221950035775,0.061903923997306265
WTM,274,tm,92.36999999999999,0.23322019800252747,0.06319126900052652
WTM,275,tm,93.41000000000001,0.22819866199279204,0.06329760400694795
WTM,276,tm,93.76,0.23397142501198687,0.06313983901054598
WTM,277,tm,94.19999999999999,0.22983907599700615,0.06344588600040879
WTM,278,tm,94.28999999999999,0.22771146200830117,0.06313676499121357
WTM,279,tm,94.39,0.22852542299369816,0.06370874200365506
WTM,280,tm,93.25,0.22722345699730795,0.06463637900014874
WTM,281,tm,94.52000000000001,0.23309302498819306,0.06420529700699262
WTM,282,tm,93.47,0.23065035599574912,0.06437932500557508
WTM,283,tm,93.92,0.24081751100311521,0.06289799099613447
WTM,284,tm,94.1,0.22984848399937619,0.06230796399177052
WTM,285,tm,93.44,0.2304562339995755,0.06293561100028455
WTM,286,tm,93.46,0.23196479499165434,0.06402645600610413
WTM,287,tm,94.16,0.22948480700142682,0.06389350398967508
WTM,288,tm,93.69,0.2291464809968602,0.06208224900183268
WTM,289,tm,94.25,0.22638090800319333,0.0626678289991105
WTM,290,tm,94.0,0.22724564600503072,0.06447310399380513
WTM,291,tm,94.14,0.23095289099728689,0.06058833599672653
WTM,292,tm,94.24,0.24164210200251546,0.06409916900156531
WTM,293,tm,94.23,0.22461350499361288,0.06113961299706716
WTM,294,tm,94.45,0.22977834299672395,0.06335427600424737
WTM,295,tm,93.5,0.23951601001317613,0.06324604600376915
WTM,296,tm,92.78999999999999,0.22980784899846185,0.06263053399743512
WTM,297,tm,93.97999999999999,0.22956742301175836,0.06304331199498847
WTM,298,tm,94.14,0.23230077599873766,0.062199161999160424
WTM,299,tm,93.32000000000001,0.23928484399220906,0.06324965799285565
WTM,300,tm,94.47,0.2302097850042628,0.06221293000271544
WTM,301,tm,94.08999999999999,0.2328438249969622,0.062316371011547744
WTM,302,tm,94.59,0.23892044099920895,0.06353414501063526
WTM,303,tm,93.87,0.22862616799829993,0.06270567400497384
WTM,304,tm,93.28,0.22271555100451224,0.062275094009237364
WTM,305,tm,93.89,0.23418702899653,0.06429153699718881
WTM,306,tm,94.11,0.2261639429925708,0.06339777199900709
WTM,307,tm,94.48,0.22590874599700328,0.06276761498884298
WTM,308,tm,94.64,0.23156881499744486,0.06423486099811271
WTM,309,tm,93.4,0.2372171289898688,0.0635489570122445
WTM,310,tm,94.22,0.2274413330014795,0.06310803699307144
WTM,311,tm,93.87,0.22552416499820538,0.06242981400282588
WTM,312,tm,92.84,0.22298416300327517,0.06254683899169322
WTM,313,tm,94.66,0.22739462299796287,0.06223905901424587
WTM,314,tm,92.96,0.22243363500456326,0.06362785899545997
WTM,315,tm,94.05,0.2375047870009439,0.06107299399445765
WTM,316,tm,94.14,0.23394139599986374,0.0652740299992729
WTM,317,tm,93.39,0.22639845199591946,0.0630033320048824
WTM,318,tm,94.59,0.2248527159972582,0.06288263699389063
WTM,319,tm,93.73,0.22852128800877836,0.06274464000307489
WTM,320,tm,94.24,0.23542104200168978,0.06393888899765443
WTM,321,tm,93.99,0.22586453199619427,0.06218107898894232
WTM,322,tm,94.14,0.23729999300849158,0.06353479000972584
WTM,323,tm,93.87,0.23548452601244207,0.0629598130035447
WTM,324,tm,94.28999999999999,0.22547259301063605,0.06249422200198751
WTM,325,tm,93.95,0.23731003899592906,0.06222799399984069
WTM,326,tm,93.72,0.23012539600313175,0.06233907899877522
WTM,327,tm,93.14,0.23078088600595947,0.061153581002145074
WTM,328,tm,93.7,0.2256024520029314,0.06194278600742109
WTM,329,tm,93.05,0.2321573509980226,0.06353646999923512
WTM,330,tm,93.19,0.23074560599343386,0.06257944299431983
WTM,331,tm,94.33,0.23375601599400397,0.06471785200119484
WTM,332,tm,94.13,0.2331133330008015,0.06261258700396866
WTM,333,tm,94.17,0.23339919300633483,0.06318727099278476
WTM,334,tm,94.19999999999999,0.22986513300566003,0.06071351599530317
WTM,335,tm,94.06,0.2319104780035559,0.06326201900083106
WTM,336,tm,93.97,0.22296526200079825,0.061698855002759956
WTM,337,tm,94.34,0.23606548400130123,0.06298048900498543
WTM,338,tm,94.28,0.23317847499856725,0.06403168899123557
WTM,339,tm,94.21000000000001,0.23111333799897693,0.06401778101280797
WTM,340,tm,94.02000000000001,0.2261720999958925,0.06250236599589698
WTM,341,tm,94.08,0.23282662899873685,0.06308737299696077
WTM,342,tm,93.75,0.2242030089983018,0.06252484499418642
WTM,343,tm,94.07,0.2314117620117031,0.06374116400547791
WTM,344,tm,94.15,0.2303024809953058,0.062075148001895286
WTM,345,tm,93.31,0.22899773200333584,0.06407760099682491
WTM,346,tm,94.05,0.23482106400479097,0.06290660199010745
WTM,347,tm,93.23,0.22665327400318347,0.062252649004221894
WTM,348,tm,94.02000000000001,0.23637282599520404,0.06207163300132379
WTM,349,tm,92.83,0.221650936990045,0.06065192801179364
WTM,350,tm,94.17999999999999,0.22765548300230876,0.061724506012978964
WTM,351,tm,93.73,0.22899927000980824,0.0637829920015065
WTM,352,tm,93.05,0.2272775699966587,0.06313007700373419
WTM,353,tm,93.81,0.22215084799972828,0.06302694200712722
WTM,354,tm,93.54,0.22942588799924124,0.06283826699655037
WTM,355,tm,93.22,0.2353769769979408,0.061100253005861305
WTM,356,tm,93.89999999999999,0.23070949300017674,0.062399055997957475
WTM,357,tm,94.28999999999999,0.22616152800037526,0.06284682000114117
WTM,358,tm,93.55,0.22732489700138103,0.06364370899973437
WTM,359,tm,93.64,0.22607431300275493,0.06205875999876298
WTM,360,tm,93.65,0.23460660300042946,0.06329055200330913
WTM,361,tm,93.93,0.22799779300112277,0.06335003700223751
WTM,362,tm,93.49,0.23323034499480855,0.06305215899192262
WTM,363,tm,94.03,0.22973841200291645,0.0641110260039568
WTM,364,tm,93.86,0.23243976800586097,0.0636011759925168
WTM,365,tm,94.13,0.23438541000359692,0.06399463399429806
WTM,366,tm,94.48,0.22626518900506198,0.06370753100782167
WTM,367,tm,94.21000000000001,0.22771163300785702,0.062343251003767364
WTM,368,tm,94.0,0.23023206100333482,0.062030529996263795
WTM,369,tm,93.42,0.22317318699788302,0.06302518499433063
WTM,370,tm,93.86,0.2343218090099981,0.061504039011197165
WTM,371,tm,94.01,0.2287460670049768,0.06323055599932559
WTM,372,tm,92.97999999999999,0.23097629299445543,0.06366537899884861
WTM,373,tm,93.04,0.23014507399057038,0.06329823800479062
WTM,374,tm,94.28999999999999,0.2259395389992278,0.06257553299656138
WTM,375,tm,93.77,0.22537153199664317,0.0640877760015428
WTM,376,tm,93.83,0.2296244399913121,0.06318189000012353
WTM,377,tm,94.71000000000001,0.23019225199823268,0.062224884997704066
WTM,378,tm,94.11,0.2276190059928922,0.06359509599860758
WTM,379,tm,93.78,0.22965369999292307,0.06536161199619528
WTM,380,tm,93.69,0.225545584995416,0.06205616099759936
WTM,381,tm,94.3,0.22615015300107189,0.061697459997958504
WTM,382,tm,93.23,0.22562781599117443,0.06110256900137756
WTM,383,tm,94.11,0.22611462000350002,0.06296868999197613
WTM,384,tm,91.82000000000001,0.22451754100620747,0.06220757600385696
WTM,385,tm,94.15,0.22126928401121404,0.06251229900226463
WTM,386,tm,92.97999999999999,0.23362389700196218,0.06328037200728431
WTM,387,tm,94.07,0.23110135400202125,0.06466686399653554
WTM,388,tm,93.97,0.23883209499763325,0.06403554799908306
WTM,389,tm,93.91000000000001,0.23216345001128502,0.06382018700242043
WTM,390,tm,93.95,0.23493120299826842,0.06281228999432642
WTM,391,tm,92.86,0.2356406899925787,0.06320963500184007
WTM,392,tm,94.39,0.22054540799581446,0.06306388499797322
WTM,393,tm,93.08999999999999,0.2261909509979887,0.061661116997129284
WTM,394,tm,94.08,0.22681385799660347,0.061127401000703685
WTM,395,tm,93.78,0.22368615899176802,0.0637864510063082
WTM,396,tm,93.54,0.23012967499380466,0.0648509960010415
WTM,397,tm,93.5,0.23448063900286797,0.06401750299846753
WTM,398,tm,93.89,0.23098207799193915,0.06437443099275697
WTM,399,tm,92.99,0.23450384598982055,0.06487186100275721
WTM,400,tm,93.87,0.23387415299657732,0.0632572570029879
WTM,401,tm,94.02000000000001,0.2246641579986317,0.06367495100130327
WTM,402,tm,94.24,0.2298665929993149,0.06429670500801876
WTM,403,tm,93.73,0.22894532700593118,0.06033172199386172
WTM,404,tm,93.93,0.22930752599495463,0.061882338995928876
WTM,405,tm,93.37,0.23061592900194228,0.063926196002285
WTM,406,tm,93.15,0.227026645996375,0.06419039001048077
WTM,407,tm,93.84,0.2327524240099592,0.06167979999736417
WTM,408,tm,93.28,0.22623916300653946,0.06276341799821239
WTM,409,tm,93.44,0.22580445700441487,0.062160051995306276
WTM,410,tm,93.30000000000001,0.22564291200251319,0.06308215299213771
WTM,411,tm,93.84,0.22656567899684887,0.06155894699622877
WTM,412,tm,93.55,0.2266757079923991,0.06249405100243166
WTM,413,tm,93.41000000000001,0.2268970069999341,0.06421918999694753
WTM,414,tm,93.64,0.22906047699507326,0.06333394299144857
WTM,415,tm,93.78,0.23533005299395882,0.06436125599429943
WTM,416,tm,92.88,0.22934505699959118,0.06130465000751428
WTM,417,tm,92.24,0.2290629150083987,0.06279038199863862
WTM,418,tm,94.01,0.22945459200127516,0.0625130340049509
WTM,419,tm,93.30000000000001,0.22453752999717835,0.06221436298801564
WTM,420,tm,94.15,0.2298827039921889,0.06208572900504805
WTM,421,tm,93.67,0.23090927499288227,0.06470901900320314
WTM,422,tm,93.67,0.23061737899843138,0.06519578499137424
WTM,423,tm,93.97,0.22594440801185556,0.06293332399218343
WTM,424,tm,93.94,0.22226898599183187,0.06422259499959182
WTM,425,tm,93.89,0.22954625698912423,0.062254069998743944
WTM,426,tm,93.53,0.22790626900678035,0.06364972500887234
WTM,427,tm,94.63000000000001,0.22992895598872565,0.06364999900688417
WTM,428,tm,94.19999999999999,0.23201891100325156,0.062434626001049764
WTM,429,tm,94.28,0.23133414800395258,0.0638973570021335
WTM,430,tm,93.76,0.23108560100081377,0.06277030799537897
WTM,431,tm,92.77,0.24039623700082302,0.06296784899313934
WTM,432,tm,93.23,0.22355699200124945,0.0630493659991771
WTM,433,tm,93.58999999999999,0.22642789399833418,0.06469201798608992
WTM,434,tm,94.08999999999999,0.23035365701070987,0.06372509899665602
WTM,435,tm,93.63,0.22756870499870274,0.06412957300199196
WTM,436,tm,93.49,0.23081888699380215,0.0637757120130118
WTM,437,tm,93.46,0.2374868350016186,0.06222159900062252
WTM,438,tm,93.75,0.23476238999865018,0.06167470299988054
WTM,439,tm,94.36,0.23067431000526994,0.06473050100612454
WTM,440,tm,93.77,0.23931319700204767,0.06074261099274736
WTM,441,tm,93.62,0.23196504499355797,0.06387658399762586
WTM,442,tm,93.67,0.23532473199884407,0.06065916000807192
WTM,443,tm,92.51,0.2217919769900618,0.06308462799643166
WTM,444,tm,94.17999999999999,0.231756363005843,0.06225967900536489
WTM,445,tm,94.1,0.2270438660052605,0.0623475049942499
WTM,446,tm,93.92,0.22699145499791484,0.0646768230071757
WTM,447,tm,93.66,0.22726520999276545,0.06144214000960346
WTM,448,tm,93.0,0.2247151220071828,0.0640677289920859
WTM,449,tm,94.04,0.23118589399382472,0.06385612901067361
WTM,450,tm,94.15,0.23224754400143865,0.06243178900331259
WTM,451,tm,93.65,0.22408346801239531,0.06385274200874846
WTM,452,tm,93.71000000000001,0.22481585599598475,0.06336715599172749
WTM,453,tm,93.86,0.23062855600437615,0.0647299389966065
WTM,454,tm,92.78,0.24103666099836119,0.06389666900213342
WTM,455,tm,94.22,0.2263429000013275,0.06244927999796346
WTM,456,tm,93.93,0.22818141500465572,0.0632664750010008
WTM,457,tm,93.16,0.23612896399572492,0.06069774299976416
WTM,458,tm,93.53,0.2313322489935672,0.06564618500124197
WTM,459,tm,92.61,0.2295422010065522,0.06451343199296389
WTM,460,tm,94.26,0.22995661599270534,0.06359577500552405
WTM,461,tm,93.64,0.22792295800172724,0.06400323600973934
WTM,462,tm,93.96,0.22844654800428543,0.06167346199799795
WTM,463,tm,92.92,0.23009336899849586,0.06314696899789851
WTM,464,tm,93.34,0.2365744410053594,0.06296210600703489
WTM,465,tm,93.64,0.22839972800284158,0.06199519999790937
WTM,466,tm,93.84,0.22238844800449442,0.06264979399566073
WTM,467,tm,91.94,0.23091781299444847,0.0631437139963964
WTM,468,tm,93.8,0.22508976999961305,0.06452667199482676
WTM,469,tm,93.41000000000001,0.22714239500055555,0.06316691500251181
WTM,470,tm,94.08,0.23058113300066907,0.061382681989925914
WTM,471,tm,93.94,0.23532436399545986,0.06030241400003433
WTM,472,tm,94.13,0.22826614599034656,0.06346376199508086
WTM,473,tm,94.16,0.22119182199821807,0.06220375299744774
WTM,474,tm,94.05,0.22811167100735474,0.06195368700718973
WTM,475,tm,93.78,0.22224952800024766,0.06265268499555532
WTM,476,tm,93.71000000000001,0.22558808300527744,0.07049215400184039
WTM,477,tm,93.74,0.22774349400424398,0.06123821499932092
WTM,478,tm,94.47,0.23202111200953368,0.06546702999912668
WTM,479,tm,93.26,0.23628105100942776,0.06555118199321441
WTM,480,tm,92.36999999999999,0.22774052601016592,0.062469470998621546
WTM,481,tm,94.42,0.22132931600208394,0.06329734400787856
WTM,482,tm,92.89,0.2255491020041518,0.060239279991947114
WTM,483,tm,94.21000000000001,0.2256194469955517,0.0637394149962347
WTM,484,tm,93.8,0.23918435900122859,0.062392053005169146
WTM,485,tm,94.75,0.22519452900451142,0.06372035299136769
WTM,486,tm,94.12,0.22833196900319308,0.06286346599517856
WTM,487,tm,94.0,0.2266754989977926,0.0627598709979793
WTM,488,tm,92.74,0.22921006100659724,0.06416073499713093
WTM,489,tm,93.63,0.23146423300204333,0.06292546700569801
WTM,490,tm,93.16,0.23287686600815505,0.0693029829999432
WTM,491,tm,93.82000000000001,0.22948987600102555,0.0634521979955025
WTM,492,tm,93.74,0.23053155500383582,0.06287542700010817
WTM,493,tm,93.97999999999999,0.2251205399952596,0.06346835600561462
WTM,494,tm,93.53,0.23204958598944359,0.06373860999883618
WTM,495,tm,94.38,0.22450729600677732,0.06367914800648578
WTM,496,tm,94.15,0.22963512199930847,0.06642222800292075
WTM,497,tm,93.67999999999999,0.22486906399717554,0.06433630500396248
WTM,498,tm,94.03,0.22852647899708245,0.06411451200256124
WTM,499,tm,93.43,0.2343665220105322,0.06339135899906978
WTM,500,tm,94.63000000000001,0.22261567499663215,0.06347510100749787
WTM-NN,1,tm,88.58,0.33703341700311285,0.06086119799874723
WTM-NN,2,tm,91.59,0.29724191599234473,0.06160093499056529
WTM-NN,3,tm,91.18,0.2842845029954333,0.06023764199926518
WTM-NN,4,tm,91.3,0.26854918801109307,0.062340456002857536
WTM-NN,5,tm,91.86,0.26325235101103317,0.06253838600241579
WTM-NN,6,tm,91.53999999999999,0.2678465960052563,0.062088505990686826
WTM-NN,7,tm,92.0,0.257726317999186,0.06398392000119202
WTM-NN,8,tm,91.56,0.2523391860013362,0.061553477004054
WTM-NN,9,tm,92.78999999999999,0.26090660599584226,0.062020474011660554
WTM-NN,10,tm,92.29,0.25825087900739163,0.06325526800355874
WTM-NN,11,tm,92.85,0.25245184599771164,0.06197182499454357
WTM-NN,12,tm,92.86999999999999,0.24043508600152563,0.06295373600733001
WTM-NN,13,tm,91.9,0.25559262800379656,0.06227093299094122
WTM-NN,14,tm,93.25,0.24659876500663813,0.06368487900181208
WTM-NN,15,tm,91.74,0.24743142300576437,0.0627057959936792
WTM-NN,16,tm,92.36,0.2559944039967377,0.06225922600424383
WTM-NN,17,tm,93.35,0.24926897999830544,0.06659321699407883
WTM-NN,18,tm,92.84,0.2528687279991573,0.0624532970105065
WTM-NN,19,tm,93.26,0.25322245599818416,0.06307820399524644
WTM-NN,20,tm,93.36,0.24496941699180752,0.061750224995194
WTM-NN,21,tm,93.66,0.23983900000166614,0.0629333489923738
WTM-NN,22,tm,92.97,0.2533069479977712,0.06385926299844868
WTM-NN,23,tm,93.0,0.24270647000230383,0.06372313400788698
WTM-NN,24,tm,93.33,0.23802734499622602,0.06375850499898661
WTM-NN,25,tm,93.35,0.2381799259892432,0.06389107099676039
WTM-NN,26,tm,93.84,0.23962520000350196,0.062150102996383794
WTM-NN,27,tm,93.66,0.24798606400145218,0.062260901991976425
WTM-NN,28,tm,93.30000000000001,0.23704215900215786,0.06332394199853297
WTM-NN,29,tm,93.47999999999999,0.23966229800134897,0.06325780099723488
WTM-NN,30,tm,94.01,0.2352502469875617,0.06216510699596256
WTM-NN,31,tm,93.5,0.2337189509999007,0.06285105999268126
WTM-NN,32,tm,93.67999999999999,0.2350718960078666,0.06320397200761363
WTM-NN,33,tm,93.4,0.23416580598859582,0.06020483899919782
WTM-NN,34,tm,93.2,0.2298021019960288,0.06346123799448833
WTM-NN,35,tm,94.08,0.23877817500033416,0.06371388699335512
WTM-NN,36,tm,93.30000000000001,0.23320824198890477,0.060431896999944
WTM-NN,37,tm,92.52,0.23254967298998963,0.0627727179962676
WTM-NN,38,tm,93.73,0.2306694410071941,0.06258464900020044
WTM-NN,39,tm,93.65,0.23347240300790872,0.06279280400485732
WTM-NN,40,tm,93.7,0.24166504899039865,0.06447893699805718
WTM-NN,41,tm,93.69,0.23892143099510577,0.06398128499859013
WTM-NN,42,tm,93.69,0.2379502340045292,0.06254829700628761
WTM-NN,43,tm,93.69,0.24646177199610975,0.06451438799558673
WTM-NN,44,tm,93.23,0.23568545699527021,0.06323755800258368
WTM-NN,45,tm,94.17999999999999,0.24473203699744772,0.06381562098977156
WTM-NN,46,tm,94.1,0.2376485290005803,0.06310546999156941
WTM-NN,47,tm,94.19999999999999,0.23996193399943877,0.06255441899702419
WTM-NN,48,tm,93.43,0.24101342700305395,0.06733384401013609
WTM-NN,49,tm,93.63,0.23662536501069553,0.06461479600693565
WTM-NN,50,tm,94.16,0.24761513998964801,0.06332311200094409
WTM-NN,51,tm,93.65,0.23053474200423807,0.0623082900128793
WTM-NN,52,tm,92.47,0.23866321200330276,0.06338987199706025
WTM-NN,53,tm,94.03,0.23765905399341136,0.06180115400638897
WTM-NN,54,tm,93.99,0.23563522299809847,0.06219138299638871
WTM-NN,55,tm,93.67,0.23080308799399063,0.06452673400053754
WTM-NN,56,tm,94.27,0.2323977149935672,0.06401519100472797
WTM-NN,57,tm,93.97,0.23559427799773403,0.06409988200175576
WTM-NN,58,tm,93.95,0.23259652699925937,0.06356077401142102
WTM-NN,59,tm,93.45,0.23411167699669022,0.05942517300718464
WTM-NN,60,tm,94.03,0.23232506999920588,0.06215734900615644
WTM-NN,61,tm,94.53,0.23303164199751336,0.06356030600727536
WTM-NN,62,tm,93.65,0.2275501499971142,0.062147315009497106
WTM-NN,63,tm,93.7,0.23493928999232594,0.06257261699647643
WTM-NN,64,tm,94.12,0.23325792100513354,0.061813883992726915
WTM-NN,65,tm,93.71000000000001,0.22903792299621273,0.06087055799434893
WTM-NN,66,tm,94.39,0.22955478599760681,0.06341649900423363
WTM-NN,67,tm,93.45,0.2367389919963898,0.0626743879984133
WTM-NN,68,tm,94.17,0.22872254400863312,0.06566203899274115
WTM-NN,69,tm,93.7,0.23254508200625423,0.0653440889873309
WTM-NN,70,tm,94.0,0.24527039300301112,0.064748792006867
WTM-NN,71,tm,93.15,0.2285982229950605,0.06257773299876135
WTM-NN,72,tm,93.69,0.23136205499758944,0.06284033099655062
WTM-NN,73,tm,94.21000000000001,0.23585380299482495,0.06316729300306179
WTM-NN,74,tm,93.28,0.2263416200003121,0.06208982600946911
WTM-NN,75,tm,92.75999999999999,0.23504545100149699,0.0624383160029538
WTM-NN,76,tm,93.34,0.23453336898819543,0.062297687007230707
WTM-NN,77,tm,93.77,0.23612126900115982,0.06209351200959645
WTM-NN,78,tm,93.96,0.22838679600681644,0.06348409299971536
WTM-NN,79,tm,93.81,0.23084053800266702,0.06120702299813274
WTM-NN,80,tm,93.34,0.23104169900761917,0.06312695299857296
WTM-NN,81,tm,93.67,0.233057553996332,0.062243121006758884
WTM-NN,82,tm,94.45,0.23272557600284927,0.06241059298918117
WTM-NN,83,tm,93.35,0.24302995200559963,0.06153348401130643
WTM-NN,84,tm,92.86,0.23078229499515146,0.06381861300906166
WTM-NN,85,tm,94.43,0.22613397899840493,0.0637798620009562
WTM-NN,86,tm,93.78999999999999,0.23170098099217284,0.06226740400597919
WTM-NN,87,tm,93.54,0.23188281701004598,0.06319540699769277
WTM-NN,88,tm,93.7,0.23830230100429617,0.06353224199847318
WTM-NN,89,tm,92.73,0.2346450330078369,0.06369791300676297
WTM-NN,90,tm,93.99,0.238417467000545,0.06144044900429435
WTM-NN,91,tm,94.02000000000001,0.226253564003855,0.06200502600404434
WTM-NN,92,tm,93.46,0.22915229899808764,0.062405260003288276
WTM-NN,93,tm,93.83,0.23429547999694478,0.06275466000079177
WTM-NN,94,tm,94.08,0.23103228300169576,0.06265497099957429
WTM-NN,95,tm,93.5,0.22943556899554096,0.06135848599660676
WTM-NN,96,tm,93.67999999999999,0.22687280799436849,0.06355187400185969
WTM-NN,97,tm,93.28999999999999,0.22762568900361657,0.06528380600502715
WTM-NN,98,tm,93.93,0.23551256899372675,0.06299140999908559
WTM-NN,99,tm,93.8,0.22908607800491154,0.06084491299407091
WTM-NN,100,tm,94.24,0.2216789730009623,0.06244799900741782
WTM-NN,101,tm,93.97999999999999,0.23729385700426064,0.06297574000200257
WTM-NN,102,tm,93.78,0.22827759500069078,0.06237502100702841
WTM-NN,103,tm,93.2,0.23320038500241935,0.06395564299600665
WTM-NN,104,tm,94.37,0.22774707699136343,0.06383524100237992
WTM-NN,105,tm,93.7,0.22559810000529978,0.0633017249929253
WTM-NN,106,tm,93.81,0.23137888399651274,0.06328781699994579
WTM-NN,107,tm,93.83,0.22651224600849673,0.06384109100326896
WTM-NN,108,tm,92.80000000000001,0.22496770200086758,0.06565569298982155
WTM-NN,109,tm,94.03,0.23597622899978887,0.06157652700494509
WTM-NN,110,tm,93.95,0.22989070099720266,0.06269327999325469
WTM-NN,111,tm,93.77,0.23432683800638188,0.06334757800505031
WTM-NN,112,tm,94.84,0.22680672000569757,0.0620839059993159
WTM-NN,113,tm,93.60000000000001,0.22954560098878574,0.0628712410107255
WTM-NN,114,tm,94.03,0.2281091879995074,0.06331108300946653
WTM-NN,115,tm,94.49,0.22780869499547407,0.06197162299940828
WTM-NN,116,tm,93.57,0.224822497999412,0.06393592499080114
WTM-NN,117,tm,93.67999999999999,0.22906188100751024,0.06377198899281211
WTM-NN,118,tm,93.74,0.23423247499158606,0.06535065300704446
WTM-NN,119,tm,93.55,0.23063904100854415,0.06159789499361068
WTM-NN,120,tm,93.52000000000001,0.22630754300917033,0.06202077599300537
WTM-NN,121,tm,93.4,0.2293216070102062,0.06508895898878109
WTM-NN,122,tm,93.65,0.23386009900423232,0.06317469599889591
WTM-NN,123,tm,94.1,0.23058333499648143,0.06337897699268069
WTM-NN,124,tm,93.74,0.23412253899732605,0.06307399801153224
WTM-NN,125,tm,93.95,0.23216221600887366,0.0632289450004464
WTM-NN,126,tm,93.8,0.23073309900064487,0.06353831800515763
WTM-NN,127,tm,93.54,0.23100443500152323,0.06252262499765493
WTM-NN,128,tm,93.89999999999999,0.2272538609977346,0.06238462099281605
WTM-NN,129,tm,92.61,0.22736296799848787,0.06281270099862013
WTM-NN,130,tm,93.57,0.23166637700342108,0.06422952099819668
WTM-NN,131,tm,93.42,0.22524876799434423,0.06190538499504328
WTM-NN,132,tm,93.78999999999999,0.23030442598974332,0.06532129299012013
WTM-NN,133,tm,93.30000000000001,0.23247577399888542,0.06708738100132905
WTM-NN,134,tm,93.61,0.22914706100709736,0.06393223600753117
WTM-NN,135,tm,93.86,0.24064857099438086,0.06372524501057342
WTM-NN,136,tm,93.31,0.224441692000255,0.06086159800179303
WTM-NN,137,tm,93.97,0.22402852900268044,0.05994653499510605
WTM-NN,138,tm,93.47,0.23183233800227754,0.06180171298910864
WTM-NN,139,tm,93.43,0.2350333270005649,0.06196552800247446
WTM-NN,140,tm,93.32000000000001,0.2328328470030101,0.06368418999772985
WTM-NN,141,tm,93.28999999999999,0.2317854969878681,0.06294920400250703
WTM-NN,142,tm,93.66,0.22883433400420472,0.0621009909955319
WTM-NN,143,tm,93.56,0.2295577350014355,0.06213233800372109
WTM-NN,144,tm,94.02000000000001,0.22611436000443064,0.06178576100501232
WTM-NN,145,tm,94.53,0.22178399800031912,0.06407454400323331
WTM-NN,146,tm,93.43,0.23213905199372675,0.061427927998011
WTM-NN,147,tm,93.44,0.22637002100236714,0.06034245098999236
WTM-NN,148,tm,93.28,0.22758135900949128,0.06111632299143821
WTM-NN,149,tm,93.57,0.22665688500273973,0.061428988992702216
WTM-NN,150,tm,94.82000000000001,0.230602462994284,0.06336899600864854
WTM-NN,151,nn,95.66,0.2213638740067836,0.0650499059993308
WTM-NN,152,nn,95.89999999999999,0.21670630799781065,0.06639313799678348
WTM-NN,153,nn,95.94,0.2765219440043438,0.06490688900521491
WTM-NN,154,nn,95.93,0.2195307740039425,0.06761295400792733
WTM-NN,155,nn,95.98,0.2193387160077691,0.06618668900046032
WTM-NN,156,nn,96.04,0.21511960300267674,0.06558637401030865
WTM-NN,157,nn,95.95,0.27110493699728977,0.06472011501318775
WTM-NN,158,nn,96.07,0.1972630050004227,0.06512525399739388
WTM-NN,159,nn,96.04,0.22054609299812,0.06714376399759203
WTM-NN,160,nn,96.07,0.2188092229916947,0.06534167799691204
WTM-NN,161,nn,96.07,0.21832904999610037,0.06356845400296152
WTM-NN,162,nn,96.00999999999999,0.2729243900103029,0.06564412199077196
WTM-NN,163,nn,96.05,0.20418754800630268,0.06282586899760645
WTM-NN,164,nn,96.09,0.19496285000059288,0.06376765199820511
WTM-NN,165,nn,96.09,0.1949243049893994,0.06512803399527911
WTM-NN,166,nn,96.15,0.245367632000125,0.06544529700477142
WTM-NN,167,nn,96.13000000000001,0.1946610370068811,0.06535802700091153
WTM-NN,168,nn,96.13000000000001,0.19461590799619444,0.06476463099534158
WTM-NN,169,nn,96.1,0.20035686499613803,0.0654648080089828
WTM-NN,170,nn,96.14,0.2658450070011895,0.06315314800303895
WTM-NN,171,nn,96.08,0.2173631040059263,0.06495884599280544
WTM-NN,172,nn,96.12,0.2173491040011868,0.06483602200751193
WTM-NN,173,nn,96.17999999999999,0.22105734900105745,0.06668613299552817
WTM-NN,174,nn,96.04,0.27041066500532907,0.06340752499818336
WTM-NN,175,nn,96.15,0.2186608129995875,0.06499428900133353
WTM-NN,176,nn,96.08,0.2056168790004449,0.06649808899965137
WTM-NN,177,nn,96.15,0.2006950499926461,0.06603619799716398
WTM-NN,178,nn,96.08,0.19503304199315608,0.06555462299729697
WTM-NN,179,nn,96.17,0.24594593299843837,0.06635303000803106
WTM-NN,180,nn,96.13000000000001,0.1951050260104239,0.06426982099947054
WTM-NN,181,nn,96.1,0.1975640519958688,0.06491287000244483
WTM-NN,182,nn,96.07,0.19454368800506927,0.06583317498734687
WTM-NN,183,nn,96.13000000000001,0.2484392110054614,0.06633291699108668
WTM-NN,184,nn,96.00999999999999,0.20471346599515527,0.06722283200360835
WTM-NN,185,nn,96.1,0.21758925198810175,0.06536488400888629
WTM-NN,186,nn,96.08,0.22015483600262087,0.06405848200665787
WTM-NN,187,nn,96.15,0.2710828299896093,0.0644672499911394
WTM-NN,188,nn,96.12,0.19821766299719457,0.0654099050007062
WTM-NN,189,nn,96.12,0.19329235098848585,0.06456853699637577
WTM-NN,190,nn,96.12,0.19501671599573456,0.06464088900247589
WTM-NN,191,nn,96.19,0.2519439500028966,0.06691247000708245
WTM-NN,192,nn,96.12,0.1939072870009113,0.06475060500088148
WTM-NN,193,nn,96.17,0.19553351298964117,0.06209336999745574
WTM-NN,194,nn,96.12,0.19491027799085714,0.06507018599950243
WTM-NN,195,nn,96.13000000000001,0.19662880200485233,0.06439429499732796
WTM-NN,196,nn,96.21,0.24590892299602274,0.06521104100102093
WTM-NN,197,nn,96.1,0.1953216749971034,0.06463851800072007
WTM-NN,198,nn,96.15,0.19657684898993466,0.06605299600050785
WTM-NN,199,nn,96.09,0.1980550879961811,0.06475729700468946
WTM-NN,200,nn,96.07,0.24550825799815357,0.06597084899840411
WTM-NN,201,nn,96.09,0.19592729999567382,0.06501373500213958
WTM-NN,202,nn,96.12,0.1953311940014828,0.06585892400471494
WTM-NN,203,nn,96.12,0.1990182050067233,0.06609178800135851
WTM-NN,204,nn,96.11,0.24602737100212835,0.06604234699625522
WTM-NN,205,nn,96.1,0.19377484898723196,0.06905548799841199
WTM-NN,206,nn,96.17999999999999,0.2051800600020215,0.0655930399952922
WTM-NN,207,nn,96.17,0.19479551499534864,0.06366776800132357
WTM-NN,208,nn,96.16,0.19610864999413025,0.06406906100164633
WTM-NN,209,nn,96.08,0.2471154770028079,0.06598044799466152
WTM-NN,210,nn,96.16,0.2131126020103693,0.06528097699629143
WTM-NN,211,nn,96.11,0.2209639870125102,0.06502204100252129
WTM-NN,212,nn,96.14,0.1937295599927893,0.06532176199834794
WTM-NN,213,nn,96.16,0.2688752380054211,0.06339060199388769
WTM-NN,214,nn,96.15,0.21969923400320113,0.06513350798923057
WTM-NN,215,nn,96.09,0.20559503200638574,0.06469035499321762
WTM-NN,216,nn,96.2,0.2114390939968871,0.06430989698856138
WTM-NN,217,nn,96.14,0.26935093000065535,0.06430954100505915
WTM-NN,218,nn,96.13000000000001,0.21776832900650334,0.06516112099052407
WTM-NN,219,nn,96.2,0.21879391599213704,0.06491628299409058
WTM-NN,220,nn,96.16,0.21673208799620625,0.06295264899381436
WTM-NN,221,nn,96.12,0.21808028500527143,0.06385377400147263
WTM-NN,222,nn,96.21,0.25054335199820343,0.06598706799559295
WTM-NN,223,nn,96.17999999999999,0.22190284100361168,0.06582319100562017
WTM-NN,224,nn,96.24000000000001,0.2064902739948593,0.06525185600912664
WTM-NN,225,nn,96.25,0.2165969350025989,0.06599550999817438
WTM-NN,226,nn,96.17,0.2697744850011077,0.0662797929981025
WTM-NN,227,nn,96.13000000000001,0.211517667004955,0.06238379600108601
WTM-NN,228,nn,96.13000000000001,0.21919553900079336,0.06461890799982939
WTM-NN,229,nn,96.23,0.21884268800204154,0.06529937499726657
WTM-NN,230,nn,96.13000000000001,0.2674406909936806,0.06401591800386086
WTM-NN,231,nn,96.22,0.2160561459895689,0.06372894099331461
WTM-NN,232,nn,96.16,0.22056575100577902,0.06770424600108527
WTM-NN,233,nn,96.22,0.19587451899133157,0.06550984299974516
WTM-NN,234,nn,96.24000000000001,0.26701996799965855,0.06465622498944867
WTM-NN,235,nn,96.2,0.2181849430053262,0.06209525000303984
WTM-NN,236,nn,96.23,0.20969928000704385,0.06514170400623698
WTM-NN,237,nn,96.1,0.21667473699199036,0.06485723301011603
WTM-NN,238,nn,96.15,0.19087811099598184,0.06386678900162224
WTM-NN,239,nn,96.14,0.25827558799937833,0.06546935100050177
WTM-NN,240,nn,96.2,0.2185331210057484,0.06523293799546082
WTM-NN,241,nn,96.21,0.2061511609936133,0.06680562898691278
WTM-NN,242,nn,96.17999999999999,0.20909213500272017,0.06449001700093504
WTM-NN,243,nn,96.2,0.26109170500421897,0.0624979779968271
WTM-NN,244,nn,96.22,0.2211693939898396,0.06526042100449558
WTM-NN,245,nn,96.15,0.19671310800185893,0.06656411600124557
WTM-NN,246,nn,96.25,0.19711655900755432,0.06490621500415727
WTM-NN,247,nn,96.24000000000001,0.26666088799538556,0.0647415940038627
WTM-NN,248,nn,96.22,0.2065146230015671,0.0650607050047256
WTM-NN,249,nn,96.17,0.2177462160034338,0.06526422199385706
WTM-NN,250,nn,96.26,0.21777501198812388,0.06543117501132656
WTM-NN,251,nn,96.26,0.20865453100122977,0.06522575599956326
WTM-NN,252,nn,96.22,0.2717895529931411,0.06368223299796227
WTM-NN,253,nn,96.17999999999999,0.20626524499675725,0.06405853299656883
WTM-NN,254,nn,96.2,0.1999496740027098,0.06423892799648456
WTM-NN,255,nn,96.16,0.210654494992923,0.06357417599065229
WTM-NN,256,nn,96.17999999999999,0.2576885600137757,0.06285483499232214
WTM-NN,257,nn,96.23,0.21549264599161688,0.06300412099517416
WTM-NN,258,nn,96.23,0.22141336000640877,0.06553747100406326
WTM-NN,259,nn,96.17,0.2172149500111118,0.06663177300652023
WTM-NN,260,nn,96.16,0.27009285301028285,0.06516550200467464
WTM-NN,261,nn,96.19,0.22265194400097243,0.06611619000614155
WTM-NN,262,nn,96.22,0.2140536590013653,0.06408017899957485
WTM-NN,263,nn,96.23,0.20371661099488847,0.0650165340048261
WTM-NN,264,nn,96.17999999999999,0.26344981699367054,0.06463311600964516
WTM-NN,265,nn,96.16,0.2186589329940034,0.06611682099173777
WTM-NN,266,nn,96.14,0.2197969029948581,0.06607389000419062
WTM-NN,267,nn,96.17999999999999,0.21917301601206418,0.0663545130082639
WTM-NN,268,nn,96.21,0.21913067399873398,0.06655601100646891
WTM-NN,269,nn,96.15,0.2673104929999681,0.06589933700161055
WTM-NN,270,nn,96.19,0.2028577979945112,0.06652850701357238
WTM-NN,271,nn,96.22,0.21840617898851633,0.06618262999108993
WTM-NN,272,nn,96.26,0.21926540599088185,0.06652881800255273
WTM-NN,273,nn,96.27,0.2669105780078098,0.06611681300273631
WTM-NN,274,nn,96.23,0.19917817499663215,0.06603913800790906
WTM-NN,275,nn,96.17,0.20512561699433718,0.0649847909953678
WTM-NN,276,nn,96.19,0.1987927820009645,0.06518832201254554
WTM-NN,277,nn,96.14,0.2699473609973211,0.06362185199395753
WTM-NN,278,nn,96.27,0.220095370998024,0.06348938700102735
WTM-NN,279,nn,96.2,0.22806711299926974,0.061442473001079634
WTM-NN,280,nn,96.17,0.21868213699781336,0.06609303300501779
WTM-NN,281,nn,96.12,0.26963395600614604,0.06616812199354172
WTM-NN,282,nn,96.22,0.21990993899817113,0.06419932600692846
WTM-NN,283,nn,96.22,0.21655991399893537,0.06501712200406473
WTM-NN,284,nn,96.14,0.2033304409997072,0.0653145329997642
WTM-NN,285,nn,96.15,0.21879831899423152,0.06374091999896336
WTM-NN,286,nn,96.24000000000001,0.254460119002033,0.06472619200940244
WTM-NN,287,nn,96.15,0.21880688599776477,0.06502606799767818
WTM-NN,288,nn,96.17,0.21738635400834028,0.06444993999321014
WTM-NN,289,nn,96.22,0.1991361969994614,0.06403285199485254
WTM-NN,290,nn,96.17,0.2690028000070015,0.061176735995104536
WTM-NN,291,nn,96.15,0.20288519198948052,0.06424601199978497
WTM-NN,292,nn,96.19,0.19786529999691993,0.06568102999881376
WTM-NN,293,nn,96.23,0.1971348959923489,0.06343613599892706
WTM-NN,294,nn,96.12,0.2451353179931175,0.06488728399563115
WTM-NN,295,nn,96.27,0.19455853800172918,0.06476509300409816
WTM-NN,296,nn,96.24000000000001,0.19762753498798702,0.06487688199558761
WTM-NN,297,nn,96.28,0.2216207229939755,0.06533137199585326
WTM-NN,298,nn,96.2,0.19781502899422776,0.06497437300276943
WTM-NN,299,nn,96.22,0.2521126520005055,0.06635951201315038
WTM-NN,300,nn,96.19,0.21644994300731923,0.06621988999540918
WTM-NN,301,nn,96.16,0.19421538000460714,0.06506756100861821
WTM-NN,302,nn,96.13000000000001,0.1959396409947658,0.0655597840086557
WTM-NN,303,nn,96.17,0.24593912200361956,0.06640985800186172
WTM-NN,304,nn,96.24000000000001,0.1965861189964926,0.06500317501195241
WTM-NN,305,nn,96.2,0.19587083399528638,0.06623644899809733
WTM-NN,306,nn,96.28,0.19957484099722933,0.06451167800696567
WTM-NN,307,nn,96.22,0.2456617670104606,0.06323941300797742
WTM-NN,308,nn,96.23,0.19443750400387216,0.06328622000000905
WTM-NN,309,nn,96.21,0.19573947800381575,0.06494424000266008
WTM-NN,310,nn,96.26,0.19614157600153703,0.06532655000046361
WTM-NN,311,nn,96.1,0.24705890199402347,0.0648920520034153
WTM-NN,312,nn,96.28999999999999,0.195094162991154,0.06311903499590699
WTM-NN,313,nn,96.27,0.19510513500426896,0.06174383399775252
WTM-NN,314,nn,96.23,0.20258177698997315,0.06401505399844609
WTM-NN,315,nn,96.23,0.196546285005752,0.06444168600137345
WTM-NN,316,nn,96.22,0.24672603099315893,0.06464979500742629
WTM-NN,317,nn,96.25,0.19397578299685847,0.0650341440050397
WTM-NN,318,nn,96.28,0.19597396100289188,0.06528108500060625
WTM-NN,319,nn,96.23,0.19680722200428136,0.06516503400052898
WTM-NN,320,nn,96.2,0.2466797680099262,0.0646317120117601
WTM-NN,321,nn,96.19,0.2084765229956247,0.0656279410031857
WTM-NN,322,nn,96.24000000000001,0.21149999400950037,0.0636797830084106
WTM-NN,323,nn,96.17,0.1938453940092586,0.06410901299386751
WTM-NN,324,nn,96.25,0.2461215569928754,0.06371305799984839
WTM-NN,325,nn,96.28999999999999,0.19404061799286865,0.06524636699759867
WTM-NN,326,nn,96.13000000000001,0.1970549870020477,0.06564067699946463
WTM-NN,327,nn,96.19,0.194663476999267,0.06482705599046312
WTM-NN,328,nn,96.17,0.19455129200650845,0.06212087599851657
WTM-NN,329,nn,96.16,0.25587581399304327,0.06477602499944624
WTM-NN,330,nn,96.2,0.2117854199896101,0.06625002599321306
WTM-NN,331,nn,96.24000000000001,0.21837438800139353,0.06417064400739037
WTM-NN,332,nn,96.17999999999999,0.21868141800223384,0.0643002209981205
WTM-NN,333,nn,96.15,0.25531008299731184,0.0649502059968654
WTM-NN,334,nn,96.27,0.19444780400954187,0.06488464499125257
WTM-NN,335,nn,96.19,0.19372072200349066,0.06623864600260276
WTM-NN,336,nn,96.2,0.20062422000046354,0.06558688900258858
WTM-NN,337,nn,96.17999999999999,0.24860549499862827,0.06620477201067843
WTM-NN,338,nn,96.21,0.21561277999717277,0.0652319500077283
WTM-NN,339,nn,96.17,0.21708887600107118,0.0646973199909553
WTM-NN,340,nn,96.19,0.21065835800254717,0.06543525899178348
WTM-NN,341,nn,96.17999999999999,0.2522546859981958,0.06443930900422856
WTM-NN,342,nn,96.28,0.21685342300042976,0.06368106200534385
WTM-NN,343,nn,96.21,0.21850614600407425,0.06368841799849179
WTM-NN,344,nn,96.28999999999999,0.19645140900684055,0.06387455698859412
WTM-NN,345,nn,96.17,0.2151843900064705,0.06566779500280973
WTM-NN,346,nn,96.14,0.25438662800297607,0.06598450800811406
WTM-NN,347,nn,96.26,0.21128370700171217,0.0646128289954504
WTM-NN,348,nn,96.15,0.19566696700348984,0.06517231599718798
WTM-NN,349,nn,96.17999999999999,0.20155087699822616,0.06463059700035956
WTM-NN,350,nn,96.19,0.2747505120059941,0.06432595300429966
WTM-NN,351,nn,96.27,0.1959229089989094,0.06680527901335154
WTM-NN,352,nn,96.26,0.2208948560000863,0.06524459899810608
WTM-NN,353,nn,96.2,0.19319353700848296,0.06611937099660281
WTM-NN,354,nn,96.17,0.24870232299144845,0.06473603600170463
WTM-NN,355,nn,96.22,0.19575683498987928,0.06492928200168535
WTM-NN,356,nn,96.22,0.19328795200271998,0.06335178800509311
WTM-NN,357,nn,96.19,0.19707000299240462,0.06489542599592824
WTM-NN,358,nn,96.28,0.2699584890069673,0.06707567599369213
WTM-NN,359,nn,96.27,0.19870778899348807,0.06684628799848724
WTM-NN,360,nn,96.23,0.1937420479953289,0.06639667900162749
WTM-NN,361,nn,96.13000000000001,0.21425307700701524,0.06399928299651947
WTM-NN,362,nn,96.26,0.2172901349986205,0.06634352401306387
WTM-NN,363,nn,96.24000000000001,0.2595165980019374,0.06568966498889495
WTM-NN,364,nn,96.16,0.1948706750117708,0.06522992499230895
WTM-NN,365,nn,96.17,0.20546499099873472,0.06515521999972407
WTM-NN,366,nn,96.23,0.1946703930007061,0.06495414399250876
WTM-NN,367,nn,96.26,0.24534713200409897,0.07097681899904273
WTM-NN,368,nn,96.25,0.21063284001138527,0.06581869900401216
WTM-NN,369,nn,96.2,0.22024490400508512,0.06536827099625953
WTM-NN,370,nn,96.19,0.22270378799294122,0.06653448700672016
WTM-NN,371,nn,96.14,0.25779235699155834,0.06481920600344893
WTM-NN,372,nn,96.08,0.21398100699298084,0.06374074799532536
WTM-NN,373,nn,96.22,0.21951692800212186,0.06619715999113396
WTM-NN,374,nn,96.22,0.21619287799694575,0.06486092800332699
WTM-NN,375,nn,96.28,0.27463321200048085,0.06510495500697289
WTM-NN,376,nn,96.21,0.19993759199860506,0.06644790999416728
WTM-NN,377,nn,96.2,0.19777946000976954,0.06346639798721299
WTM-NN,378,nn,96.23,0.19559116200252902,0.06445509500917979
WTM-NN,379,nn,96.24000000000001,0.20198530099878553,0.06613777999882586
WTM-NN,380,nn,96.21,0.271856855993974,0.06556165700021666
WTM-NN,381,nn,96.16,0.22510688900365494,0.06458431200007908
WTM-NN,382,nn,96.31,0.19276743500086013,0.0644644230051199
WTM-NN,383,nn,96.22,0.20444688700081315,0.06569285200384911
WTM-NN,384,nn,96.25,0.26451656900462694,0.06579601499834098
WTM-NN,385,nn,96.23,0.2212061860045651,0.0659965170052601
WTM-NN,386,nn,96.16,0.22087323800951708,0.06570139199902769
WTM-NN,387,nn,96.12,0.2015910820045974,0.06448794300376903
WTM-NN,388,nn,96.23,0.2674175130086951,0.06580841999675613
WTM-NN,389,nn,96.28,0.21731962899502832,0.06492668100690935
WTM-NN,390,nn,96.21,0.21291535800264683,0.0652436980017228
WTM-NN,391,nn,96.27,0.21116064199304674,0.0657581219857093
WTM-NN,392,nn,96.17999999999999,0.21934511400468182,0.0643432990036672
WTM-NN,393,nn,96.17,0.24944583700562362,0.06438512699969579
WTM-NN,394,nn,96.17999999999999,0.22716953899362125,0.06550266400154214
WTM-NN,395,nn,96.28,0.21629732099245302,0.06482928399054799
WTM-NN,396,nn,96.23,0.21798698099155445,0.06528905799495988
WTM-NN,397,nn,96.26,0.2750986629980616,0.06428025000786874
WTM-NN,398,nn,96.19,0.21529488200030755,0.0651395489985589
WTM-NN,399,nn,96.23,0.22133504999510478,0.06338298300397582
WTM-NN,400,nn,96.28999999999999,0.2142282020067796,0.06486800400307402
WTM-NN,401,nn,96.26,0.26724159698642325,0.06551144600962289
WTM-NN,402,nn,96.23,0.22308996799984016,0.06491946699679829
WTM-NN,403,nn,96.22,0.21045270000468008,0.06467743800021708
WTM-NN,404,nn,96.25,0.2216623980057193,0.06577297700277995
WTM-NN,405,nn,96.16,0.25219549699977506,0.06691313799819909
WTM-NN,406,nn,96.27,0.21631199299008586,0.06336077400192153
WTM-NN,407,nn,96.17,0.2184461369906785,0.06615605899423826
WTM-NN,408,nn,96.21,0.21018504600215238,0.06532995899033267
WTM-NN,409,nn,96.17,0.2207665339956293,0.06549888500012457
WTM-NN,410,nn,96.19,0.2669944839872187,0.06279856800392736
WTM-NN,411,nn,96.25,0.21855856399633922,0.06559375599317718
WTM-NN,412,nn,96.17,0.22058590600499883,0.06447857100283727
WTM-NN,413,nn,96.28,0.21814456199354026,0.06477693500346504
WTM-NN,414,nn,96.23,0.2732085890020244,0.06418936300906353
WTM-NN,415,nn,96.25,0.19607041199924424,0.06597968601272441
WTM-NN,416,nn,96.21,0.21870038099586964,0.06481625000014901
WTM-NN,417,nn,96.23,0.2038839930028189,0.06342251200112514
WTM-NN,418,nn,96.1,0.26798302700626664,0.06563824600016233
WTM-NN,419,nn,96.27,0.22218134500144515,0.06496044198866002
WTM-NN,420,nn,96.22,0.2171169649955118,0.06532036799762864
WTM-NN,421,nn,96.17999999999999,0.19309707000502385,0.06537431199103594
WTM-NN,422,nn,96.24000000000001,0.20363566199375782,0.06465138700150419
WTM-NN,423,nn,96.26,0.24543160300527234,0.06520723999710754
WTM-NN,424,nn,96.16,0.1974508850107668,0.0624781609949423
WTM-NN,425,nn,96.17,0.19568298698868603,0.06525238399626687
WTM-NN,426,nn,96.23,0.20048497599782422,0.06580968700291123
WTM-NN,427,nn,96.13000000000001,0.26696723100030795,0.06595602098968811
WTM-NN,428,nn,96.17999999999999,0.2177921080001397,0.06561002200760413
WTM-NN,429,nn,96.22,0.2130959520000033,0.06345656199846417
WTM-NN,430,nn,96.23,0.1943463859934127,0.064380459007225
WTM-NN,431,nn,96.16,0.2592471629905049,0.06395989899465349
WTM-NN,432,nn,96.22,0.21683878501062281,0.06355607099249028
WTM-NN,433,nn,96.22,0.22179170299204998,0.06403666999540292
WTM-NN,434,nn,96.17999999999999,0.21904726199863944,0.06251649299520068
WTM-NN,435,nn,96.21,0.270852642992395,0.06392937799682841
WTM-NN,436,nn,96.24000000000001,0.21630359599657822,0.06680352699186187
WTM-NN,437,nn,96.16,0.21913234499515966,0.06491253999411128
WTM-NN,438,nn,96.23,0.20322886500798631,0.06255295801383909
WTM-NN,439,nn,96.26,0.21915965199877974,0.0650856979918899
WTM-NN,440,nn,96.17999999999999,0.270537491000141,0.06518158000835683
WTM-NN,441,nn,96.23,0.21834036000655033,0.06324378799763508
WTM-NN,442,nn,96.15,0.20208118300070055,0.06474475099821575
WTM-NN,443,nn,96.17,0.1986792579991743,0.06628423000802286
WTM-NN,444,nn,96.23,0.269643948005978,0.06283457799872849
WTM-NN,445,nn,96.3,0.20206731399230193,0.06416169099975377
WTM-NN,446,nn,96.17999999999999,0.19463315900065936,0.06316915700153913
WTM-NN,447,nn,96.21,0.21040850000281353,0.06517937699391041
WTM-NN,448,nn,96.17999999999999,0.26645843099686317,0.06502665299922228
WTM-NN,449,nn,96.06,0.19941404499695636,0.0650128599954769
WTM-NN,450,nn,96.26,0.20234490200527944,0.06428139300260227
WTM-NN,451,nn,96.22,0.21243550200597383,0.06573317700531334
WTM-NN,452,nn,96.28,0.2205254519940354,0.06464986299397424
WTM-NN,453,nn,96.22,0.270881457006908,0.06378910499915946
WTM-NN,454,nn,96.24000000000001,0.22136159299407154,0.06449951499234885
WTM-NN,455,nn,96.17,0.2171690760005731,0.06543839300866239
WTM-NN,456,nn,96.17999999999999,0.2021213410043856,0.06621795101091266
WTM-NN,457,nn,96.25,0.2726992030075053,0.06459371199889574
WTM-NN,458,nn,96.25,0.20202227499976289,0.06344177600112744
WTM-NN,459,nn,96.22,0.1981331319984747,0.06338965801114682
WTM-NN,460,nn,96.17,0.20504164199519437,0.0652472539950395
WTM-NN,461,nn,96.22,0.2543148170079803,0.0642386210092809
WTM-NN,462,nn,96.08,0.1960747309931321,0.06530807599483524
WTM-NN,463,nn,96.22,0.2198869200074114,0.06383949200971983
WTM-NN,464,nn,96.27,0.19433722899702843,0.06534970199572854
WTM-NN,465,nn,96.16,0.2725110350002069,0.06355280100251548
WTM-NN,466,nn,96.25,0.21993553600623272,0.06436846900032833
WTM-NN,467,nn,96.22,0.21926315600285307,0.06132362499192823
WTM-NN,468,nn,96.25,0.202159225998912,0.06430464499862865
WTM-NN,469,nn,96.16,0.19554957900254522,0.06601693799893837
WTM-NN,470,nn,96.21,0.27067776799958665,0.0646726130071329
WTM-NN,471,nn,96.19,0.21932236099382862,0.06339713200577535
WTM-NN,472,nn,96.22,0.2212665579863824,0.06437175099563319
WTM-NN,473,nn,96.17,0.20578562299488112,0.06382646600832231
WTM-NN,474,nn,96.19,0.27146007400006056,0.06370168400462717
WTM-NN,475,nn,96.23,0.21784901300270576,0.06261349099804647
WTM-NN,476,nn,96.22,0.21566620100929867,0.06395637300738599
WTM-NN,477,nn,96.23,0.2194894880085485,0.06473430899495725
WTM-NN,478,nn,96.21,0.2693299480015412,0.06601606999174692
WTM-NN,479,nn,96.23,0.21914630899846088,0.06571859899850097
WTM-NN,480,nn,96.2,0.19865480900625698,0.06589908400201239
WTM-NN,481,nn,96.26,0.21832514900597744,0.06448686399380676
WTM-NN,482,nn,96.19,0.20057118899421766,0.06613006399129517
WTM-NN,483,nn,96.24000000000001,0.25881097800447606,0.06392432798747905
WTM-NN,484,nn,96.22,0.19549205199291464,0.06547242200758774
WTM-NN,485,nn,96.22,0.1975620640005218,0.06565999099984765
WTM-NN,486,nn,96.17999999999999,0.1967800209968118,0.06332265699165873
WTM-NN,487,nn,96.16,0.27599018400360364,0.0649454730009893
WTM-NN,488,nn,96.17,0.21652402100153267,0.06394867799826898
WTM-NN,489,nn,96.19,0.20775567200325895,0.06376393900427502
WTM-NN,490,nn,96.23,0.20999975300219376,0.0649308879947057
WTM-NN,491,nn,96.17,0.2690698189981049,0.06403118999151047
WTM-NN,492,nn,96.27,0.19623315198987257,0.06459980900399387
WTM-NN,493,nn,96.25,0.1945877519901842,0.06440524800564162
WTM-NN,494,nn,96.24000000000001,0.20241736101161223,0.06290915700083133
WTM-NN,495,nn,96.21,0.24611874199763406,0.06416581600205973
WTM-NN,496,nn,96.17999999999999,0.19556345499586314,0.06407181201211642
WTM-NN,497,nn,96.3,0.19396711701119784,0.06226077700557653
WTM-NN,498,nn,96.24000000000001,0.19610738298797514,0.06394927599467337
WTM-NN,499,nn,96.25,0.19362471099884715,0.06410580199735705
WTM-NN,500,nn,96.15,0.24592952500097454,0.06447597799706273
UTM-NN,1,tm,89.99000000000001,0.5497938309999881,0.06331543000123929
UTM-NN,2,tm,90.41,0.5044715219992213,0.06691214500460774
UTM-NN,3,tm,90.81,0.4738401460053865,0.068416605994571
UTM-NN,4,tm,90.83,0.47918408999976236,0.0667077769903699
UTM-NN,5,tm,90.83,0.47063452198926825,0.0684205510042375
UTM-NN,6,tm,90.8,0.46702415400068276,0.06972690499969758
UTM-NN,7,tm,90.92,0.4729633050010307,0.06951992999529466
UTM-NN,8,tm,91.18,0.46613834401068743,0.07037212399882264
UTM-NN,9,tm,91.09,0.4636192340112757,0.06849348699324764
UTM-NN,10,tm,91.32000000000001,0.46447138700750656,0.06998208400909789
UTM-NN,11,tm,91.03,0.4626646359974984,0.06945944900508039
UTM-NN,12,tm,91.18,0.4650379789964063,0.06750402798934374
UTM-NN,13,tm,90.94,0.4645426919887541,0.06871929999033455
UTM-NN,14,tm,91.17,0.46814098200411536,0.07100383199576754
UTM-NN,15,tm,91.43,0.46759617199131753,0.06853541999589652
UTM-NN,16,tm,90.89,0.4652683249878464,0.06967591699503828
UTM-NN,17,tm,91.4,0.46661026700166985,0.06704078400798608
UTM-NN,18,tm,91.0,0.43031178999808617,0.06979651701112743
UTM-NN,19,tm,91.28,0.46349531300074887,0.06694944600167219
UTM-NN,20,tm,91.07,0.4565939430030994,0.06843034698977135
UTM-NN,21,tm,91.36999999999999,0.44697765599994455,0.06629480099945795
UTM-NN,22,tm,91.47999999999999,0.4739004190050764,0.0701975370029686
UTM-NN,23,tm,91.53,0.45352742000250146,0.06875185499666259
UTM-NN,24,tm,91.41,0.4477943950041663,0.06848289899062365
UTM-NN,25,tm,91.41,0.44856159000482876,0.06516668500262313
UTM-NN,26,tm,91.3,0.45210991699423175,0.06668152399652172
UTM-NN,27,tm,91.28,0.4506024809961673,0.06816416299261618
UTM-NN,28,tm,91.32000000000001,0.4509203750058077,0.06902017298853025
UTM-NN,29,tm,91.25999999999999,0.45980311499442905,0.06942193700524513
UTM-NN,30,tm,91.38,0.4620277759968303,0.06819505999737885
UTM-NN,31,tm,91.08000000000001,0.45719812699826434,0.06732729698705953
UTM-NN,32,tm,91.18,0.46534790701116435,0.06974690599599853
UTM-NN,33,tm,91.07,0.4439903189922916,0.07307815400417894
UTM-NN,34,tm,91.18,0.4581449670076836,0.07000460299605038
UTM-NN,35,tm,91.3,0.4576345509995008,0.06646056300087366
UTM-NN,36,tm,91.27,0.4654169169953093,0.07058923500881065
UTM-NN,37,tm,91.29,0.46113543600949924,0.06789136500447057
UTM-NN,38,tm,91.22,0.45056488100090064,0.06777131100534461
UTM-NN,39,tm,91.3,0.45970742200734094,0.0692397590028122
UTM-NN,40,tm,91.18,0.45624934100487735,0.06941195800027344
UTM-NN,41,tm,91.4,0.4568648049898911,0.07012061799468938
UTM-NN,42,tm,91.17,0.45957892799924593,0.06691538100130856
UTM-NN,43,tm,91.33,0.4433422580041224,0.06880903099954594
UTM-NN,44,tm,91.46,0.46495444000174757,0.0689900440047495
UTM-NN,45,tm,91.52,0.4459990060131531,0.06742053201014642
UTM-NN,46,tm,91.4,0.45457589099532925,0.06995120400097221
UTM-NN,47,tm,91.35,0.4458590110007208,0.06761605599604081
UTM-NN,48,tm,91.43,0.459756333992118,0.06951582399779
UTM-NN,49,tm,91.36,0.4394114710012218,0.06880965999152977
UTM-NN,50,tm,91.17,0.4628910400060704,0.06837377199553885
UTM-NN,51,tm,91.46,0.4537992979894625,0.06929448401206173
UTM-NN,52,tm,91.39,0.4586553449917119,0.06892989100015257
UTM-NN,53,tm,91.51,0.45097989799978677,0.06845551698643249
UTM-NN,54,tm,91.47999999999999,0.45084561400290113,0.07110773399472237
UTM-NN,55,tm,91.47999999999999,0.4370695919933496,0.0696293350047199
UTM-NN,56,tm,91.52,0.44999652200203855,0.06696776699391194
UTM-NN,57,tm,91.5,0.4703887619980378,0.06987777499307413
UTM-NN,58,tm,91.46,0.4562622189987451,0.06993195199174806
UTM-NN,59,tm,91.49000000000001,0.4424638870113995,0.0678160109964665
UTM-NN,60,tm,91.61,0.4463384929986205,0.06901324501086492
UTM-NN,61,tm,91.49000000000001,0.45992932899389416,0.06872377199761104
UTM-NN,62,tm,91.29,0.4573261040059151,0.06849220700678416
UTM-NN,63,tm,91.27,0.46206165199691895,0.06960918501135893
UTM-NN,64,tm,91.38,0.45996326199383475,0.06772320599702653
UTM-NN,65,tm,91.23,0.45694447100686375,0.06784729799255729
UTM-NN,66,tm,91.24,0.44750668400956783,0.06781425100052729
UTM-NN,67,tm,91.27,0.4497214869916206,0.07099506100348663
UTM-NN,68,tm,91.28,0.44774442398920655,0.06611004800652154
UTM-NN,69,tm,91.35,0.43473741599882487,0.06836122200184036
UTM-NN,70,tm,91.43,0.45909385500999633,0.0679239070013864
UTM-NN,71,tm,91.36,0.43910442700143903,0.06858797599852551
UTM-NN,72,tm,91.47,0.44826572900637984,0.0686962720064912
UTM-NN,73,tm,91.39,0.4570374180038925,0.068537646002369
UTM-NN,74,tm,91.51,0.4480620600079419,0.0674060239980463
UTM-NN,75,tm,91.4,0.4511833430005936,0.06930701300734654
UTM-NN,76,tm,91.43,0.4611577670002589,0.06787677299871575
UTM-NN,77,tm,91.45,0.448442888999125,0.0678576950012939
UTM-NN,78,tm,91.59,0.46943341600126587,0.06957928701012861
UTM-NN,79,tm,91.38,0.4459883100062143,0.06643127600545995
UTM-NN,80,tm,91.49000000000001,0.4253841189929517,0.06894181300594937
UTM-NN,81,tm,91.46,0.47462274800636806,0.06742138499976136
UTM-NN,82,tm,91.46,0.45877249700424727,0.0688106520101428
UTM-NN,83,tm,91.63,0.4570232309924904,0.06744701100979
UTM-NN,84,tm,91.72,0.4505160880071344,0.06907685300393496
UTM-NN,85,tm,91.71000000000001,0.4602462399925571,0.06616612100333441
UTM-NN,86,tm,91.44,0.4356155870045768,0.06820793000224512
UTM-NN,87,tm,91.52,0.4494757880020188,0.06964083400089294
UTM-NN,88,tm,91.57,0.4518541349971201,0.06966642900079023
UTM-NN,89,tm,91.4,0.4551790319965221,0.0697235300031025
UTM-NN,90,tm,91.47999999999999,0.4534116189897759,0.06840933801140636
UTM-NN,91,tm,91.52,0.45114160599769093,0.06914238499302883
UTM-NN,92,tm,91.36999999999999,0.4674639360018773,0.06863796600373462
UTM-NN,93,tm,91.49000000000001,0.4579911319888197,0.06996775700827129
UTM-NN,94,tm,91.4,0.45201040600659326,0.06850926298648119
UTM-NN,95,tm,91.35,0.45085353100148495,0.06962599699909333
UTM-NN,96,tm,91.36,0.46021561800444033,0.07182364500476979
UTM-NN,97,tm,91.47,0.45180231700942386,0.06957385499845259
UTM-NN,98,tm,91.57,0.4594373239960987,0.06948846200248227
UTM-NN,99,tm,91.45,0.45799904300656635,0.06923318500048481
UTM-NN,100,tm,91.47,0.45873835499514826,0.06890402799763251
UTM-NN,101,tm,91.5,0.47074312600307167,0.06627572599973064
UTM-NN,102,tm,91.49000000000001,0.4632840750127798,0.06642809799814131
UTM-NN,103,tm,91.52,0.45519999900716357,0.06874608799989801
UTM-NN,104,tm,91.52,0.4531435840035556,0.06996232099481858
UTM-NN,105,tm,91.49000000000001,0.45577995300118346,0.06940110599680338
UTM-NN,106,tm,91.44,0.45807367100496776,0.06850103999022394
UTM-NN,107,tm,91.38,0.45869989799393807,0.06963728700065985
UTM-NN,108,tm,91.35,0.450814027004526,0.0692434719967423
UTM-NN,109,tm,91.33,0.4517300070001511,0.06904320100147743
UTM-NN,110,tm,91.41,0.4574185109959217,0.06774198298808187
UTM-NN,111,tm,91.34,0.45408146000409033,0.06804185299552046
UTM-NN,112,tm,91.34,0.45871359699231107,0.06659721999312751
UTM-NN,113,tm,91.25,0.46829956299916375,0.07041296099487226
UTM-NN,114,tm,91.32000000000001,0.4609870599961141,0.0696090579876909
UTM-NN,115,tm,91.27,0.452960633992916,0.06770888299797662
UTM-NN,116,tm,91.25999999999999,0.46142221699119546,0.06718870799522847
UTM-NN,117,tm,91.29,0.44447865900292527,0.06875826300529297
UTM-NN,118,tm,91.14999999999999,0.4535125929978676,0.06894268200267106
UTM-NN,119,tm,91.34,0.451193200002308,0.0746600540005602
UTM-NN,120,tm,91.25999999999999,0.46247220899385866,0.06772869199630804
UTM-NN,121,tm,91.25999999999999,0.44471883500227705,0.06714395800372586
UTM-NN,122,tm,91.25,0.4559811960061779,0.06853649999538902
UTM-NN,123,tm,91.31,0.45080983999650925,0.0692637900065165
UTM-NN,124,tm,91.27,0.46171642100671306,0.06780257500940934
UTM-NN,125,tm,91.31,0.46493484199163504,0.06705738899472635
UTM-NN,126,tm,91.22,0.464593340002466,0.06989247500314377
UTM-NN,127,tm,91.22,0.45252060100028757,0.06978433999756817
UTM-NN,128,tm,91.35,0.4603479880024679,0.07018780198995955
UTM-NN,129,tm,91.28,0.44581888600077946,0.06885662299464457
UTM-NN,130,tm,91.28,0.45027952900272794,0.06596223900851328
UTM-NN,131,tm,91.34,0.45925476599950343,0.06795147899538279
UTM-NN,132,tm,91.47,0.45790066198969726,0.06943167099962011
UTM-NN,133,tm,91.35,0.4583297270000912,0.06647699201130308
UTM-NN,134,tm,91.44,0.4603109029994812,0.06868877800297923
UTM-NN,135,tm,91.33,0.45916935200511944,0.07058940299612004
UTM-NN,136,tm,91.36999999999999,0.469497546000639,0.06898168299812824
UTM-NN,137,tm,91.35,0.47643682699708734,0.06922050200228114
UTM-NN,138,tm,91.27,0.46264761399652343,0.0685400619986467
UTM-NN,139,tm,91.36,0.4544699960097205,0.06830473999434616
UTM-NN,140,tm,91.44,0.45744740999361966,0.06982446899928618
UTM-NN,141,tm,91.36999999999999,0.45188552000036,0.06843623401073273
UTM-NN,142,tm,91.41,0.45263834099750966,0.0700630280043697
UTM-NN,143,tm,91.39,0.4619408369908342,0.07106885999382939
UTM-NN,144,tm,91.44,0.45876567700179294,0.06995874000131153
UTM-NN,145,tm,91.28,0.4580583490023855,0.06857970698911231
UTM-NN,146,tm,91.36,0.4555654730065726,0.06778811001277063
UTM-NN,147,tm,91.36999999999999,0.4537889740022365,0.07325873800436966
UTM-NN,148,tm,91.23,0.46979796499363147,0.07016964400827419
UTM-NN,149,tm,91.23,0.46879445799277164,0.0679274760041153
UTM-NN,150,tm,91.29,0.4486875879956642,0.06919859199842904
UTM-NN,151,nn,92.16,0.2206864079926163,0.06776754900056403
UTM-NN,152,nn,92.4,0.195173950996832,0.06875353299255949
UTM-NN,153,nn,92.51,0.19591585399757605,0.06982269100262783
UTM-NN,154,nn,92.46,0.24579088800237514,0.06890284799737856
UTM-NN,155,nn,92.49000000000001,0.19816156801243778,0.06941816699691117
UTM-NN,156,nn,92.56,0.1978938480024226,0.06883533399377484
UTM-NN,157,nn,92.64,0.2171360630018171,0.06880858799559064
UTM-NN,158,nn,92.65,0.21836285000608768,0.06904802200733684
UTM-NN,159,nn,92.67,0.27024960999551695,0.06887440300488379
UTM-NN,160,nn,92.63,0.20058969101228286,0.0687790079973638
UTM-NN,161,nn,92.65,0.21761275400058366,0.06778081099037081
UTM-NN,162,nn,92.66,0.21739547299512196,0.06754704201011918
UTM-NN,163,nn,92.7,0.2699159640033031,0.06977777200518176
UTM-NN,164,nn,92.65,0.21141793299466372,0.06791250100650359
UTM-NN,165,nn,92.67999999999999,0.197356246993877,0.06777795299421996
UTM-NN,166,nn,92.72,0.21694527799263597,0.06806495500495657
UTM-NN,167,nn,92.74,0.2693283800035715,0.06963858498784248
UTM-NN,168,nn,92.74,0.2193228249961976,0.06961153399606701
UTM-NN,169,nn,92.67,0.2163196370092919,0.06773945200257003
UTM-NN,170,nn,92.71000000000001,0.2140605169988703,0.06972904299618676
UTM-NN,171,nn,92.69,0.26112223000382073,0.06972704098734539
UTM-NN,172,nn,92.78,0.21854623600665946,0.06781923200469464
UTM-NN,173,nn,92.80000000000001,0.2202106799959438,0.06966237600136083
UTM-NN,174,nn,92.69,0.2153427989978809,0.06841046499903314
UTM-NN,175,nn,92.73,0.218066383007681,0.06672312800947111
UTM-NN,176,nn,92.67,0.2699883220047923,0.07061337699997239
UTM-NN,177,nn,92.69,0.218883271998493,0.06951385100546759
UTM-NN,178,nn,92.7,0.2046116540004732,0.06788291099655908
UTM-NN,179,nn,92.7,0.20188588798919227,0.0686415410018526
UTM-NN,180,nn,92.78,0.24529042300127912,0.07163123399368487
UTM-NN,181,nn,92.73,0.19476547499652952,0.07000129100924823
UTM-NN,182,nn,92.75999999999999,0.19338445299945306,0.06964184298703913
UTM-NN,183,nn,92.74,0.19526791101088747,0.06990746900555678
UTM-NN,184,nn,92.71000000000001,0.24741663799795788,0.06997444199805614
UTM-NN,185,nn,92.75999999999999,0.1988617089955369,0.07227534000412561
UTM-NN,186,nn,92.78999999999999,0.19936144100211095,0.07012725899403449
UTM-NN,187,nn,92.73,0.19708195699786302,0.07074587600072846
UTM-NN,188,nn,92.78,0.24952735300757922,0.06847412799834274
UTM-NN,189,nn,92.77,0.1959841320058331,0.07117324900173116
UTM-NN,190,nn,92.77,0.19634151300124358,0.06948274798924103
UTM-NN,191,nn,92.78999999999999,0.19680348700785544,0.07143609899503645
UTM-NN,192,nn,92.75999999999999,0.20274945300479885,0.07182443200144917
UTM-NN,193,nn,92.77,0.2521228749974398,0.0708458200097084
UTM-NN,194,nn,92.75,0.1941394649911672,0.07023810100508854
UTM-NN,195,nn,92.74,0.19909204500436317,0.07009265599481296
UTM-NN,196,nn,92.73,0.2024871350004105,0.07155177400272805
UTM-NN,197,nn,92.75,0.24633155501214787,0.07038672199996654
UTM-NN,198,nn,92.80000000000001,0.19432132900692523,0.07129919200087897
UTM-NN,199,nn,92.73,0.21055492000596132,0.06911272100114729
UTM-NN,200,nn,92.77,0.2225440210022498,0.070847409995622
UTM-NN,201,nn,92.75999999999999,0.2691851499985205,0.068175117005012
UTM-NN,202,nn,92.78,0.1987468940060353,0.07060403999639675
UTM-NN,203,nn,92.78999999999999,0.1964866600028472,0.07135353299963754
UTM-NN,204,nn,92.69,0.21729158799280412,0.07079907199658919
UTM-NN,205,nn,92.7,0.21849285200005397,0.06954508199123666
UTM-NN,206,nn,92.74,0.270734927005833,0.07201046698901337
UTM-NN,207,nn,92.7,0.20674688200233504,0.07003386800352018
UTM-NN,208,nn,92.72,0.21613399199850392,0.07128361699869856
UTM-NN,209,nn,92.71000000000001,0.22120825199817773,0.06899730199074838
UTM-NN,210,nn,92.69,0.2691174570063595,0.0679327529942384
UTM-NN,211,nn,92.73,0.2178708919964265,0.07129647099645808
UTM-NN,212,nn,92.73,0.21900781099975575,0.06947764899814501
UTM-NN,213,nn,92.73,0.2185227589943679,0.06944514499627985
UTM-NN,214,nn,92.75,0.2598674090113491,0.06824197300011292
UTM-NN,215,nn,92.73,0.21886229800293222,0.07110134900722187
UTM-NN,216,nn,92.74,0.2211498870019568,0.06943540999782272
UTM-NN,217,nn,92.77,0.2190085220063338,0.07044004999625031
UTM-NN,218,nn,92.7,0.26878885499900207,0.07001886299985927
UTM-NN,219,nn,92.75999999999999,0.19765607999579515,0.06851652399927843
UTM-NN,220,nn,92.73,0.2197771719947923,0.06919089399161749
UTM-NN,221,nn,92.78999999999999,0.20029425599204842,0.0701365820132196
UTM-NN,222,nn,92.7,0.2240216850041179,0.06781073899765033
UTM-NN,223,nn,92.77,0.2648557600041386,0.07139446599467192
UTM-NN,224,nn,92.73,0.2034224849921884,0.07087770799989812
UTM-NN,225,nn,92.81,0.22031123899796512,0.07052592399122659
UTM-NN,226,nn,92.72,0.2200784620072227,0.07518829200125765
UTM-NN,227,nn,92.77,0.2695556209946517,0.07005722398753278
UTM-NN,228,nn,92.78,0.19471529299335089,0.06844779501261655
UTM-NN,229,nn,92.75999999999999,0.19795175299805123,0.06984204500622582
UTM-NN,230,nn,92.67,0.1937612620095024,0.06887881000875495
UTM-NN,231,nn,92.77,0.24627442201017402,0.06824367499211803
UTM-NN,232,nn,92.80000000000001,0.19459658800042234,0.07087472600687761
UTM-NN,233,nn,92.75,0.19489185299607925,0.07121756399283186
UTM-NN,234,nn,92.72,0.19383373300661333,0.07067427900619805
UTM-NN,235,nn,92.78999999999999,0.1988906600017799,0.0710471070051426
UTM-NN,236,nn,92.78,0.2493160540034296,0.07117752998601645
UTM-NN,237,nn,92.75999999999999,0.19392977400275413,0.06965005799429491
UTM-NN,238,nn,92.80000000000001,0.19514404899382498,0.06995820699376054
UTM-NN,239,nn,92.73,0.21751575499365572,0.06940543100063223
UTM-NN,240,nn,92.73,0.25281973301025573,0.07098806099384092
UTM-NN,241,nn,92.72,0.2245953469973756,0.06993111899646465
UTM-NN,242,nn,92.71000000000001,0.22474771700217389,0.0722722529899329
UTM-NN,243,nn,92.77,0.20855775999370962,0.07002405700040981
UTM-NN,244,nn,92.74,0.27203589800046757,0.06879049701092299
UTM-NN,245,nn,92.74,0.22384221400716342,0.06955609000578988
UTM-NN,246,nn,92.78,0.2189427209959831,0.07136094498855527
UTM-NN,247,nn,92.78,0.1979037589917425,0.06965653400402516
UTM-NN,248,nn,92.75,0.26874310299172066,0.07134956400841475
UTM-NN,249,nn,92.80000000000001,0.21438682099687867,0.06853502200101502
UTM-NN,250,nn,92.78,0.21188065399474,0.07122991200594697
UTM-NN,251,nn,92.74,0.22018684500653762,0.07169843598967418
UTM-NN,252,nn,92.80000000000001,0.22236260399222374,0.07016954899881966
UTM-NN,253,nn,92.77,0.260569152989774,0.07157467999786604
UTM-NN,254,nn,92.71000000000001,0.20265627300250344,0.07070132000080775
UTM-NN,255,nn,92.69,0.218141994002508,0.07106590100738686
UTM-NN,256,nn,92.75999999999999,0.21359073898929637,0.07083486500778235
UTM-NN,257,nn,92.81,0.26447613300115336,0.07038719100819435
UTM-NN,258,nn,92.75,0.20479067800624762,0.07125334499869496
UTM-NN,259,nn,92.71000000000001,0.218648651993135,0.07029921001230832
UTM-NN,260,nn,92.72,0.22166966399527155,0.06969233999552671
UTM-NN,261,nn,92.74,0.26993820500501897,0.07099041099718306
UTM-NN,262,nn,92.72,0.22757207600807305,0.06795013400551397
UTM-NN,263,nn,92.77,0.2094220459985081,0.06980964999820571
UTM-NN,264,nn,92.77,0.22043432400096208,0.06983411200053524
UTM-NN,265,nn,92.84,0.2190988640068099,0.06931157999497373
UTM-NN,266,nn,92.81,0.26948708901181817,0.0674747360026231
UTM-NN,267,nn,92.77,0.21411027100111824,0.06961883199983276
UTM-NN,268,nn,92.78,0.21723483200185,0.0715686320036184
UTM-NN,269,nn,92.77,0.21643649198813364,0.06879181599651929
UTM-NN,270,nn,92.80000000000001,0.26239713199902326,0.07121350801025983
UTM-NN,271,nn,92.78999999999999,0.22198504199332092,0.07123248600692023
UTM-NN,272,nn,92.75999999999999,0.21733267800300382,0.07096943999931682
UTM-NN,273,nn,92.78,0.21713273599743843,0.07155838899780065
UTM-NN,274,nn,92.75999999999999,0.25712533900514245,0.06985307499417104
UTM-NN,275,nn,92.74,0.21917210800165776,0.07118751700909343
UTM-NN,276,nn,92.75,0.21182406799925957,0.07197494700085372
UTM-NN,277,nn,92.81,0.2043907350016525,0.06842248598695733
UTM-NN,278,nn,92.78999999999999,0.26937008899403736,0.07095386799483094
UTM-NN,279,nn,92.78999999999999,0.21587478299625218,0.07118859299225733
UTM-NN,280,nn,92.74,0.20447302900720388,0.0676817450003
UTM-NN,281,nn,92.75,0.2164664700103458,0.07075606600847095
UTM-NN,282,nn,92.75,0.20888809399912134,0.07206486599170603
UTM-NN,283,nn,92.80000000000001,0.2687465909984894,0.0695134470006451
UTM-NN,284,nn,92.78999999999999,0.20886037399759516,0.07008270399819594
UTM-NN,285,nn,92.78999999999999,0.2107311769941589,0.06982325701392256
UTM-NN,286,nn,92.78,0.211675753002055,0.0715916500048479
UTM-NN,287,nn,92.72,0.27334410400362685,0.07202075701206923
UTM-NN,288,nn,92.78999999999999,0.2215241119993152,0.07080741599202156
UTM-NN,289,nn,92.75,0.19463847400038503,0.07136429299134761
UTM-NN,290,nn,92.75999999999999,0.1950955049978802,0.07143318399903364
UTM-NN,291,nn,92.75999999999999,0.2512647330004256,0.06848986900877208
UTM-NN,292,nn,92.75,0.1950143720023334,0.0701436060044216
UTM-NN,293,nn,92.72,0.19535551399167161,0.07072691999201197
UTM-NN,294,nn,92.72,0.19698000499920454,0.07099064800422639
UTM-NN,295,nn,92.74,0.19501210098678712,0.06904125900473446
UTM-NN,296,nn,92.73,0.24652295900159515,0.0699692999914987
UTM-NN,297,nn,92.73,0.19470795700908639,0.07122284801153
UTM-NN,298,nn,92.75999999999999,0.20027764199767262,0.07198199999402277
UTM-NN,299,nn,92.84,0.200095277003129,0.06883342699438799
UTM-NN,300,nn,92.72,0.2456364860117901,0.0693090429995209
UTM-NN,301,nn,92.83,0.19736473800730892,0.07117524599016178
UTM-NN,302,nn,92.80000000000001,0.19417057700047735,0.06924695300403982
UTM-NN,303,nn,92.85,0.19561423800769262,0.06967899500159547
UTM-NN,304,nn,92.78,0.24576712198904715,0.0702210649906192
UTM-NN,305,nn,92.78,0.19690329700824805,0.07071103400085121
UTM-NN,306,nn,92.78999999999999,0.203006887997617,0.07008653400407638
UTM-NN,307,nn,92.72,0.19464493500709068,0.06726732700190041
UTM-NN,308,nn,92.77,0.2463140940089943,0.07030944700818509
UTM-NN,309,nn,92.71000000000001,0.19508698501158506,0.06685102698975243
UTM-NN,310,nn,92.75999999999999,0.19457922100264113,0.06814859599398915
UTM-NN,311,nn,92.82000000000001,0.2229926029976923,0.06922209699405357
UTM-NN,312,nn,92.71000000000001,0.2062366840109462,0.07165179000003263
UTM-NN,313,nn,92.73,0.2502278909960296,0.06958742000279017
UTM-NN,314,nn,92.78,0.19565729699388612,0.06881127100496087
UTM-NN,315,nn,92.75,0.1951297909981804,0.06989969201094937
UTM-NN,316,nn,92.74,0.19728893000865355,0.06976898798893671
UTM-NN,317,nn,92.78,0.26190727201174013,0.06927677799831145
UTM-NN,318,nn,92.7,0.218020443993737,0.06944717100122944
UTM-NN,319,nn,92.77,0.20730414500576444,0.07104342899401672
UTM-NN,320,nn,92.73,0.21679301100084558,0.06890236999606714
UTM-NN,321,nn,92.75999999999999,0.2629869369993685,0.06881416399846785
UTM-NN,322,nn,92.82000000000001,0.19498645099520218,0.06894830899545923
UTM-NN,323,nn,92.77,0.2175579419999849,0.06876867100072559
UTM-NN,324,nn,92.77,0.21968055500474293,0.06931908300612122
UTM-NN,325,nn,92.75,0.2692351270088693,0.06881553499260917
UTM-NN,326,nn,92.75999999999999,0.20462376200885046,0.07067022800038103
UTM-NN,327,nn,92.71000000000001,0.21384083200246096,0.07079559100384358
UTM-NN,328,nn,92.77,0.20108519299537875,0.07021905199508183
UTM-NN,329,nn,92.75,0.22522025099897292,0.071238197007915
UTM-NN,330,nn,92.75999999999999,0.2630652430088958,0.06955618799838703
UTM-NN,331,nn,92.74,0.21773024299181998,0.06967836299736518
UTM-NN,332,nn,92.75999999999999,0.21829831499780994,0.06937597900105175
UTM-NN,333,nn,92.78999999999999,0.201056628007791,0.07229332899441943
UTM-NN,334,nn,92.72,0.2816870899987407,0.07144649399560876
UTM-NN,335,nn,92.77,0.1951737229974242,0.06996110100590158
UTM-NN,336,nn,92.72,0.1983684079896193,0.07185704899893608
UTM-NN,337,nn,92.73,0.1964422030141577,0.0689816950034583
UTM-NN,338,nn,92.75,0.244837426012964,0.07064924099540804
UTM-NN,339,nn,92.74,0.19437120499787852,0.07094350999977905
UTM-NN,340,nn,92.80000000000001,0.19820984099351335,0.06712946899642702
UTM-NN,341,nn,92.74,0.19941129900689702,0.07345107500441372
UTM-NN,342,nn,92.71000000000001,0.19702409600722603,0.07146828599798027
UTM-NN,343,nn,92.77,0.24844147800467908,0.0701478030096041
UTM-NN,344,nn,92.75999999999999,0.1956114499917021,0.07103970600292087
UTM-NN,345,nn,92.78999999999999,0.19680081299156882,0.07174873900657985
UTM-NN,346,nn,92.78999999999999,0.19732023699907586,0.06983621900144499
UTM-NN,347,nn,92.81,0.24818738500471227,0.07144595200952608
UTM-NN,348,nn,92.77,0.19729624899628107,0.07047071699344087
UTM-NN,349,nn,92.72,0.2006150509987492,0.07132545700005721
UTM-NN,350,nn,92.75999999999999,0.21961124399967957,0.06900568099808879
UTM-NN,351,nn,92.78999999999999,0.2715428340015933,0.07068973800051026
UTM-NN,352,nn,92.78,0.21999296700232662,0.06999618699774146
UTM-NN,353,nn,92.74,0.21996807400137186,0.07124447499518283
UTM-NN,354,nn,92.75,0.20828044600784779,0.07079344600788318
UTM-NN,355,nn,92.75,0.21653919298842084,0.06987204599136021
UTM-NN,356,nn,92.82000000000001,0.25297584099462256,0.07063711300725117
UTM-NN,357,nn,92.81,0.21081051099463366,0.07057375599106308
UTM-NN,358,nn,92.75999999999999,0.22135255100147333,0.06911402998957783
UTM-NN,359,nn,92.77,0.21071284099889454,0.07033491900074296
UTM-NN,360,nn,92.75999999999999,0.2696600470080739,0.0698136229912052
UTM-NN,361,nn,92.74,0.20156417199177667,0.07144432699715253
UTM-NN,362,nn,92.77,0.22027591800724622,0.07221233000745997
UTM-NN,363,nn,92.71000000000001,0.20038419699994847,0.06907553599739913
UTM-NN,364,nn,92.83,0.2658946540032048,0.0705768129992066
UTM-NN,365,nn,92.77,0.2181599890027428,0.07215351999911945
UTM-NN,366,nn,92.75,0.22006123399478383,0.07109518499055412
UTM-NN,367,nn,92.71000000000001,0.21724867100419942,0.07155627399333753
UTM-NN,368,nn,92.82000000000001,0.27050376000988763,0.07144991199311335
UTM-NN,369,nn,92.75,0.21975552500225604,0.07179934799205512
UTM-NN,370,nn,92.71000000000001,0.19594047400460113,0.06983357800345402
UTM-NN,371,nn,92.81,0.19851589400786906,0.07004916599544231
UTM-NN,372,nn,92.78999999999999,0.21956238598795608,0.07242697398760356
UTM-NN,373,nn,92.78,0.26860221099923365,0.07232572200882714
UTM-NN,374,nn,92.75999999999999,0.1990898599906359,0.07062028099608142
UTM-NN,375,nn,92.78999999999999,0.22215984099602792,0.0695922760060057
UTM-NN,376,nn,92.74,0.19597366500238422,0.07165662699844688
UTM-NN,377,nn,92.77,0.2511609429930104,0.07173354299447965
UTM-NN,378,nn,92.78999999999999,0.19412078699679114,0.07048359399777837
UTM-NN,379,nn,92.74,0.1955451020039618,0.06978531100321561
UTM-NN,380,nn,92.74,0.1944979669933673,0.07031896100670565
UTM-NN,381,nn,92.78,0.2506270610028878,0.06970511301187798
UTM-NN,382,nn,92.75999999999999,0.19366367600741796,0.06922943900281098
UTM-NN,383,nn,92.78,0.19520302400633227,0.07080316200153902
UTM-NN,384,nn,92.75999999999999,0.20012451500224415,0.07077492000826169
UTM-NN,385,nn,92.74,0.19638960900192615,0.06945263700617943
UTM-NN,386,nn,92.81,0.2512552539992612,0.07031551298859995
UTM-NN,387,nn,92.78999999999999,0.1953909029980423,0.0696553839952685
UTM-NN,388,nn,92.83,0.19453802799398545,0.07251026200538035
UTM-NN,389,nn,92.77,0.1954085799952736,0.07118572099716403
UTM-NN,390,nn,92.78999999999999,0.24553320699487813,0.07007774000521749
UTM-NN,391,nn,92.73,0.19663338900136296,0.07092257500335108
UTM-NN,392,nn,92.74,0.1992899250035407,0.06952167299459688
UTM-NN,393,nn,92.77,0.1982983640045859,0.06981204300245736
UTM-NN,394,nn,92.75,0.26139454400981776,0.07073280100303236
UTM-NN,395,nn,92.78999999999999,0.2179882530035684,0.06984902500698809
UTM-NN,396,nn,92.78999999999999,0.2186625039903447,0.07028695799817797
UTM-NN,397,nn,92.78999999999999,0.21890487999189645,0.0712259200081462
UTM-NN,398,nn,92.73,0.2735968359920662,0.07028740500390995
UTM-NN,399,nn,92.75999999999999,0.19862565099901985,0.06917743998928927
UTM-NN,400,nn,92.74,0.19458669901359826,0.06963532300142106
UTM-NN,401,nn,92.75999999999999,0.19461436600249726,0.07000403999700211
UTM-NN,402,nn,92.75999999999999,0.19584722600120585,0.07115504200919531
UTM-NN,403,nn,92.80000000000001,0.25395864600432105,0.06979785299336072
UTM-NN,404,nn,92.82000000000001,0.19577374499931466,0.0669700160069624
UTM-NN,405,nn,92.75999999999999,0.19869159499648958,0.0675512589950813
UTM-NN,406,nn,92.78999999999999,0.2062742120033363,0.06934856199950445
UTM-NN,407,nn,92.78,0.2453709660039749,0.06687826100096572
UTM-NN,408,nn,92.77,0.19704014700255357,0.07081865399959497
UTM-NN,409,nn,92.74,0.21318041799531784,0.07041826400381979
UTM-NN,410,nn,92.82000000000001,0.20446032501058653,0.07096357799309772
UTM-NN,411,nn,92.75999999999999,0.2647116429870948,0.06957341700035613
UTM-NN,412,nn,92.78999999999999,0.21884473400132265,0.06959922099485993
UTM-NN,413,nn,92.67999999999999,0.20798859299975447,0.07020571899192873
UTM-NN,414,nn,92.75999999999999,0.22192105000431184,0.06830967700807378
UTM-NN,415,nn,92.71000000000001,0.26696821401128545,0.07084059799672104
UTM-NN,416,nn,92.75999999999999,0.21449922800820787,0.06986749099451117
UTM-NN,417,nn,92.80000000000001,0.2174110009946162,0.06778165299328975
UTM-NN,418,nn,92.75999999999999,0.19854494200262707,0.06954859400866553
UTM-NN,419,nn,92.74,0.21747966700058896,0.06967556099698413
UTM-NN,420,nn,92.69,0.2622630410041893,0.06775804699282162
UTM-NN,421,nn,92.77,0.20316586400440428,0.067925227995147
UTM-NN,422,nn,92.75999999999999,0.21808980499918107,0.06879613999626599
UTM-NN,423,nn,92.80000000000001,0.21444258600240573,0.0689463570015505
UTM-NN,424,nn,92.74,0.2625115080008982,0.07032563599932473
UTM-NN,425,nn,92.67999999999999,0.21811499701288994,0.07135625000228174
UTM-NN,426,nn,92.74,0.20309948500653263,0.07163303399283905
UTM-NN,427,nn,92.78999999999999,0.20326540899986867,0.06854202400427312
UTM-NN,428,nn,92.75,0.26930904600885697,0.07090876599249896
UTM-NN,429,nn,92.75,0.2200611000007484,0.06900093299918808
UTM-NN,430,nn,92.82000000000001,0.21148964000167325,0.07163355899683665
UTM-NN,431,nn,92.75,0.2137803299992811,0.06935405998956412
UTM-NN,432,nn,92.81,0.21685927599901333,0.07100496100611053
UTM-NN,433,nn,92.78999999999999,0.27064867300214246,0.06848767299379688
UTM-NN,434,nn,92.75,0.21262185400701128,0.07125160199939273
UTM-NN,435,nn,92.74,0.21623225598887075,0.07044560101348907
UTM-NN,436,nn,92.78999999999999,0.21747082300134934,0.06716233299812302
UTM-NN,437,nn,92.78999999999999,0.27261815800738987,0.07006285099487286
UTM-NN,438,nn,92.71000000000001,0.20179043599637225,0.0719994879909791
UTM-NN,439,nn,92.75999999999999,0.21827873498841655,0.06984380500216503
UTM-NN,440,nn,92.78999999999999,0.21937950400752015,0.06981895699573215
UTM-NN,441,nn,92.80000000000001,0.2687790380005026,0.0715770410024561
UTM-NN,442,nn,92.81,0.21809406399552245,0.06846260999736842
UTM-NN,443,nn,92.80000000000001,0.2250129340100102,0.07057945299311541
UTM-NN,444,nn,92.85,0.20442825299687684,0.06760387300164439
UTM-NN,445,nn,92.73,0.26068040399695747,0.06703512399690226
UTM-NN,446,nn,92.73,0.219239035010105,0.07017611400806345
UTM-NN,447,nn,92.78,0.20256498600065242,0.06821619599941187
UTM-NN,448,nn,92.7,0.20849995699245483,0.06836403701163363
UTM-NN,449,nn,92.73,0.21772108500590548,0.0697719300078461
UTM-NN,450,nn,92.75,0.2690099200117402,0.06967973499558866
UTM-NN,451,nn,92.78,0.22014758600562345,0.07079049901221879
UTM-NN,452,nn,92.75999999999999,0.22059037399594672,0.07073061299161054
UTM-NN,453,nn,92.75,0.2214216580032371,0.07214854599442333
UTM-NN,454,nn,92.71000000000001,0.2626910139952088,0.06925617098750081
UTM-NN,455,nn,92.78999999999999,0.21523678700032178,0.07092200699844398
UTM-NN,456,nn,92.75999999999999,0.2196356759959599,0.06850468600168824
UTM-NN,457,nn,92.78,0.20074791499064304,0.06859803800762165
UTM-NN,458,nn,92.74,0.2703478330076905,0.07286968000698835
UTM-NN,459,nn,92.75,0.22264044999610633,0.06911909500195179
UTM-NN,460,nn,92.78999999999999,0.21825045300647616,0.07173041200439911
UTM-NN,461,nn,92.75,0.2228364509937819,0.07084273299551569
UTM-NN,462,nn,92.80000000000001,0.19945131699205376,0.0704125379998004
UTM-NN,463,nn,92.82000000000001,0.27033248300722335,0.07024215099227149
UTM-NN,464,nn,92.74,0.2029979060025653,0.07009716000175104
UTM-NN,465,nn,92.7,0.21679416600090917,0.07147876700037159
UTM-NN,466,nn,92.77,0.21901260800950695,0.07197528099641204
UTM-NN,467,nn,92.78,0.26454766700044274,0.06972254600259475
UTM-NN,468,nn,92.81,0.21929997800907586,0.07321329299884383
UTM-NN,469,nn,92.71000000000001,0.2019928339868784,0.07171978100086562
UTM-NN,470,nn,92.77,0.20682489100727253,0.0702732599893352
UTM-NN,471,nn,92.7,0.2706092440057546,0.07215819400153123
UTM-NN,472,nn,92.75999999999999,0.2063325830094982,0.06759348099876661
UTM-NN,473,nn,92.77,0.19719548399734776,0.0701603490015259
UTM-NN,474,nn,92.71000000000001,0.21117373601009604,0.06901384200318716
UTM-NN,475,nn,92.81,0.26408001899835654,0.07121834201097954
UTM-NN,476,nn,92.78,0.19709858500573318,0.06987547098833602
UTM-NN,477,nn,92.77,0.21784543700050563,0.07014157300000079
UTM-NN,478,nn,92.78999999999999,0.20505479599523824,0.07058026299637277
UTM-NN,479,nn,92.82000000000001,0.2163317099912092,0.0691966830054298
UTM-NN,480,nn,92.75999999999999,0.26963236900337506,0.07202558098651934
UTM-NN,481,nn,92.71000000000001,0.20594647899270058,0.07222823500342201
UTM-NN,482,nn,92.75,0.21558278599695768,0.06715984600305092
UTM-NN,483,nn,92.80000000000001,0.20273789500060957,0.0699619060033001
UTM-NN,484,nn,92.77,0.2727214280021144,0.06908712799486239
UTM-NN,485,nn,92.82000000000001,0.21792694600299,0.07040157199662644
UTM-NN,486,nn,92.77,0.21906839800067246,0.07148172199958935
UTM-NN,487,nn,92.75,0.2195714020053856,0.07075036900641862
UTM-NN,488,nn,92.74,0.26053674999275245,0.06972209700325038
UTM-NN,489,nn,92.7,0.19887902100163046,0.06993188400520012
UTM-NN,490,nn,92.75999999999999,0.19382843500352465,0.07078574199113064
UTM-NN,491,nn,92.78999999999999,0.22133386401401367,0.06996625200554263
UTM-NN,492,nn,92.71000000000001,0.2692690840049181,0.07240272199851461
UTM-NN,493,nn,92.74,0.22005386200908106,0.07015676300216
UTM-NN,494,nn,92.71000000000001,0.21009534799668472,0.06882631700136699
UTM-NN,495,nn,92.75999999999999,0.22202806400309782,0.0665460939926561
UTM-NN,496,nn,92.75999999999999,0.2192800780030666,0.07192742598999757
UTM-NN,497,nn,92.75999999999999,0.2578286409989232,0.06866782800352667
UTM-NN,498,nn,92.71000000000001,0.22309960999700706,0.06914379801310133
UTM-NN,499,nn,92.73,0.2078315849939827,0.06947613100055605
UTM-NN,500,nn,92.7,0.2188479470059974,0.06922607000160497
