method,epoch,model_type,test_accuracy,train_time,test_time
Cyclic,1,tm,76.85,0.389681147004012,0.06701960400096141
Cyclic,2,tm,78.08,0.35984691199701047,0.06669215799774975
Cyclic,3,tm,76.91,0.3493392529999255,0.06865577399730682
Cyclic,4,tm,79.65,0.33964010600175243,0.06900188700092258
Cyclic,5,tm,79.23,0.3277786089965957,0.06872591000137618
Cyclic,6,tm,79.25,0.3386398879956687,0.06856724699900951
Cyclic,7,tm,79.07,0.34447897400241345,0.06890515999839408
Cyclic,8,tm,79.13,0.3360205900025903,0.06880371199804358
Cyclic,9,tm,78.97,0.34097376000136137,0.0670362090022536
Cyclic,10,tm,80.22,0.3371116650014301,0.0686867800031905
Cyclic,11,tm,80.76,0.33693013199808775,0.06771263400150929
Cyclic,12,tm,79.05,0.32703055100137135,0.06762914600403747
Cyclic,13,tm,80.77,0.3281429839989869,0.06934535899927141
Cyclic,14,tm,80.42,0.3257971409984748,0.06828672299889149
Cyclic,15,tm,80.89,0.31713071199919796,0.06865293100418057
Cyclic,16,tm,80.34,0.33124857399525354,0.06974113800242776
Cyclic,17,tm,80.94,0.3199578530038707,0.06550408199836966
Cyclic,18,tm,81.39999999999999,0.32696180600032676,0.06690621800225927
Cyclic,19,tm,81.08,0.3199246169970138,0.06796744000166655
Cyclic,20,tm,79.95,0.3086824220008566,0.06753535399911925
Cyclic,21,tm,80.87,0.3194910890015308,0.06871870099712396
Cyclic,22,tm,79.4,0.33068552400072804,0.07129476599948248
Cyclic,23,tm,81.2,0.32734591599728446,0.06802690200129291
Cyclic,24,tm,80.28999999999999,0.31599916300183395,0.06918778700492112
Cyclic,25,tm,79.41,0.32190793700283393,0.06796520900388714
Cyclic,26,tm,81.23,0.3186767810038873,0.06870876500033773
Cyclic,27,tm,80.4,0.3216381870006444,0.06813534600223647
Cyclic,28,tm,80.7,0.3195212420032476,0.0689631979985279
Cyclic,29,tm,81.92,0.30319147300178884,0.06769881999935023
Cyclic,30,tm,82.11,0.31176935999974376,0.0675045840034727
Cyclic,31,tm,79.85,0.3142057279983419,0.06873958000505809
Cyclic,32,tm,81.37,0.3147271420020843,0.06781224000587827
Cyclic,33,tm,81.34,0.3086619440000504,0.06737137799791526
Cyclic,34,tm,81.62,0.3163017979968572,0.06912973900034558
Cyclic,35,tm,81.44,0.31896591200347757,0.0739404400010244
Cyclic,36,tm,81.17999999999999,0.31543001200043363,0.06970989299588837
Cyclic,37,tm,81.25,0.3119141409988515,0.06823478500155034
Cyclic,38,tm,81.62,0.3170760619977955,0.0684755060065072
Cyclic,39,tm,81.43,0.3118880759939202,0.06807755900081247
Cyclic,40,tm,81.39,0.30445945500105154,0.07252928900561528
Cyclic,41,tm,79.65,0.31835782100097276,0.06823440700100036
Cyclic,42,tm,80.89,0.3162819320059498,0.06773896800586954
Cyclic,43,tm,81.25,0.31312273000366986,0.06714444699900923
Cyclic,44,tm,80.34,0.31498690100124804,0.0684380179955042
Cyclic,45,tm,80.43,0.31079786700138357,0.06822329299757257
Cyclic,46,tm,79.64,0.31346336300339317,0.06773559899738757
Cyclic,47,tm,80.62,0.31506950599577976,0.06945918599376455
Cyclic,48,tm,80.53,0.31835014300304465,0.06860973699804163
Cyclic,49,tm,81.71000000000001,0.3115782559980289,0.06869551799900364
Cyclic,50,tm,79.2,0.3058565239989548,0.06897093100269558
Cyclic,51,nn,83.09,0.21770633600681322,0.06923170500522247
Cyclic,52,nn,83.21,0.19951379299891414,0.07143922700197436
Cyclic,53,nn,83.1,0.20130087099823868,0.06983818399748998
Cyclic,54,nn,83.15,0.21188998899742728,0.06942814799549524
Cyclic,55,nn,83.39,0.2734560879980563,0.06996609999623615
Cyclic,56,nn,83.25,0.20523118800338125,0.06957117899582954
Cyclic,57,nn,83.12,0.21428498300520005,0.07213121500535635
Cyclic,58,nn,83.15,0.2164408140015439,0.06978139900456881
Cyclic,59,nn,83.22,0.26911215100699337,0.06913136500224937
Cyclic,60,nn,83.14,0.221662339004979,0.07078700099373236
Cyclic,61,nn,83.34,0.2135072829987621,0.06878120600595139
Cyclic,62,nn,83.5,0.20896189799532294,0.06965876300091622
Cyclic,63,nn,83.46000000000001,0.2560012620015186,0.0688763190046302
Cyclic,64,nn,83.41,0.2077425099996617,0.06788146699545905
Cyclic,65,nn,83.37,0.19704688899946632,0.07090061299822992
Cyclic,66,nn,83.34,0.19786972599831643,0.06962810199911473
Cyclic,67,nn,83.47,0.1950748199960799,0.07016436599951703
Cyclic,68,nn,83.46000000000001,0.2452979290028452,0.06717969100282062
Cyclic,69,nn,83.61,0.19844866699713748,0.07000132199755171
Cyclic,70,nn,83.61,0.19566567599395057,0.06947911800671136
Cyclic,71,nn,83.57,0.1953049630028545,0.0691675329944701
Cyclic,72,nn,83.74000000000001,0.25833446799515514,0.07161895700119203
Cyclic,73,nn,83.7,0.19827397799963364,0.06933410399506101
Cyclic,74,nn,83.64,0.1949151709995931,0.06648201200005133
Cyclic,75,nn,83.78,0.19555029200273566,0.06965841700002784
Cyclic,76,nn,83.98,0.27219347700156504,0.06969527100591222
Cyclic,77,nn,83.87,0.20036987400089856,0.06785011100146221
Cyclic,78,nn,83.96000000000001,0.21980880899354815,0.07164239900157554
Cyclic,79,nn,83.86,0.2042834669991862,0.06731265100097517
Cyclic,80,nn,83.96000000000001,0.26766359899920644,0.06881205100216903
Cyclic,81,nn,83.98,0.22050483700149925,0.07154560000344645
Cyclic,82,nn,84.14,0.22076470500178402,0.07069386500370456
Cyclic,83,nn,84.17,0.20671479199518217,0.07027765399834607
Cyclic,84,nn,84.14,0.2552321229959489,0.07005212100193603
Cyclic,85,nn,84.11,0.22017849500116426,0.06950703299662564
Cyclic,86,nn,84.17,0.204772661003517,0.07023343599576037
Cyclic,87,nn,84.27,0.19812798199563986,0.06955199000367429
Cyclic,88,nn,84.28,0.20964899899990996,0.06996073300251737
Cyclic,89,nn,84.32,0.2661482339972281,0.0699213910047547
Cyclic,90,nn,84.23,0.21599221300130012,0.07024530299531762
Cyclic,91,nn,84.26,0.2180549449985847,0.07650130399997579
Cyclic,92,nn,84.47,0.20489007699507056,0.06982488000357989
Cyclic,93,nn,84.39999999999999,0.25525172099878546,0.07030406800186029
Cyclic,94,nn,84.39,0.22311978499783436,0.07073106199823087
Cyclic,95,nn,84.39,0.2192962350018206,0.06974414899741532
Cyclic,96,nn,84.39999999999999,0.2195090759996674,0.07019271600438515
Cyclic,97,nn,84.37,0.2620346710027661,0.0697582539942232
Cyclic,98,nn,84.57000000000001,0.19709212900488637,0.06959751600516029
Cyclic,99,nn,84.46000000000001,0.2186398910052958,0.06990040100208716
Cyclic,100,nn,84.57000000000001,0.2024393850006163,0.0689446329997736
Cyclic,101,tm,81.14,0.3180077050055843,0.069555529000354
Cyclic,102,tm,82.39,0.3129680540005211,0.06854205999843543
Cyclic,103,tm,81.43,0.32014042000082554,0.06886169000063092
Cyclic,104,tm,81.02000000000001,0.315116546000354,0.06830288800119888
Cyclic,105,tm,80.67999999999999,0.31097863399918424,0.06862703899969347
Cyclic,106,tm,81.03,0.3162512199996854,0.06810715200117556
Cyclic,107,tm,80.74,0.31382158899941714,0.07024738600011915
Cyclic,108,tm,82.39,0.3077606989972992,0.06781947799754562
Cyclic,109,tm,81.67999999999999,0.3153430809979909,0.06859510600042995
Cyclic,110,tm,81.87,0.30784537299769,0.0691313249990344
Cyclic,111,tm,81.96,0.3121967440019944,0.06978664499911247
Cyclic,112,tm,82.06,0.3149629530016682,0.06855336899752729
Cyclic,113,tm,80.69,0.30746270500094397,0.06790564599941717
Cyclic,114,tm,81.0,0.3024824520034599,0.06886425799893914
Cyclic,115,tm,82.37,0.3060141610039864,0.06754868399730185
Cyclic,116,tm,81.22,0.30890234100661473,0.06738866300293012
Cyclic,117,tm,82.17,0.3118161330057774,0.06876881599600893
Cyclic,118,tm,81.2,0.3070318039972335,0.06690977099788142
Cyclic,119,tm,81.28999999999999,0.31089034500473645,0.06738088899874128
Cyclic,120,tm,81.34,0.30229822699766373,0.06937925799866207
Cyclic,121,tm,81.8,0.3116207220009528,0.06649289200140629
Cyclic,122,tm,80.91000000000001,0.31608388899621787,0.06766784699721029
Cyclic,123,tm,81.02000000000001,0.3059419179990073,0.06895816999895032
Cyclic,124,tm,81.71000000000001,0.31692335300613195,0.06816324299870757
Cyclic,125,tm,81.2,0.31917728100233944,0.06809027399867773
Cyclic,126,tm,81.51,0.30291041400050744,0.06943172300088918
Cyclic,127,tm,81.08999999999999,0.3123758559959242,0.06801380699471338
Cyclic,128,tm,80.93,0.3103685259993654,0.06886193799437024
Cyclic,129,tm,82.02000000000001,0.31107404100475833,0.06887698100035777
Cyclic,130,tm,81.52000000000001,0.30874478600162547,0.06760535899957176
Cyclic,131,tm,81.93,0.3056579399999464,0.06763384000078076
Cyclic,132,tm,81.96,0.3007962400006363,0.0697039090009639
Cyclic,133,tm,80.84,0.3116529899998568,0.06905576500139432
Cyclic,134,tm,81.42,0.3120972540054936,0.069391427001392
Cyclic,135,tm,82.09,0.30312861900165444,0.06860105799569283
Cyclic,136,tm,82.1,0.3090936380031053,0.07000033000076655
Cyclic,137,tm,82.09,0.3166134530038107,0.06749720699735917
Cyclic,138,tm,82.03,0.312326999999641,0.0690166610002052
Cyclic,139,tm,82.09,0.31202025299717207,0.06842671499907738
Cyclic,140,tm,81.58,0.3096604300008039,0.06844416499370709
Cyclic,141,tm,81.36,0.31310606400074903,0.06885580499510979
Cyclic,142,tm,82.01,0.3126593499982846,0.06923401200037915
Cyclic,143,tm,80.30000000000001,0.3120950540032936,0.0691357390023768
Cyclic,144,tm,82.41000000000001,0.31138766199728707,0.06725146000098903
Cyclic,145,tm,82.55,0.3035848459985573,0.07446205899759661
Cyclic,146,tm,81.88,0.3042313070036471,0.06698099699860904
Cyclic,147,tm,80.88,0.3166444960006629,0.06897684800060233
Cyclic,148,tm,81.32000000000001,0.3024950679973699,0.06936371800111374
Cyclic,149,tm,81.6,0.3087052240007324,0.0691830409996328
Cyclic,150,tm,81.25,0.32211199199809926,0.07051249899814138
Cyclic,151,nn,83.33,0.2050075660008588,0.07023947600100655
Cyclic,152,nn,83.22,0.2560936549998587,0.07041124799434328
Cyclic,153,nn,83.39999999999999,0.21248334299889393,0.07104728799458826
Cyclic,154,nn,83.39999999999999,0.19869474700681167,0.06990842999948654
Cyclic,155,nn,83.45,0.22854828600247856,0.07038496500172187
Cyclic,156,nn,83.46000000000001,0.24637107400485547,0.06980995900084963
Cyclic,157,nn,83.49,0.19501653900078963,0.0655313870011014
Cyclic,158,nn,83.62,0.19819414399535162,0.07243857799767284
Cyclic,159,nn,83.44,0.19777397099824157,0.07087081899953773
Cyclic,160,nn,83.59,0.2688415119991987,0.06902292599988868
Cyclic,161,nn,83.52000000000001,0.20127113700436894,0.06946875900030136
Cyclic,162,nn,83.39,0.19801471599930665,0.06942956599959871
Cyclic,163,nn,83.53,0.1982900239963783,0.06940987599955406
Cyclic,164,nn,83.48,0.2455304809991503,0.06952011099929223
Cyclic,165,nn,83.57,0.19470041599561227,0.06969813700561645
Cyclic,166,nn,83.54,0.19627886499802116,0.07022887600032846
Cyclic,167,nn,83.58,0.19549884300067788,0.06831708700337913
Cyclic,168,nn,83.59,0.250074643001426,0.0669084559995099
Cyclic,169,tm,81.15,0.3105791620037053,0.06737040000007255
Cyclic,170,tm,81.23,0.3128097169974353,0.06867385999794351
Cyclic,171,tm,81.17,0.30912997300038114,0.06885078599589178
Cyclic,172,tm,81.54,0.3073794479932985,0.0689500120060984
Cyclic,173,tm,82.24000000000001,0.3124183589970926,0.07029747100023087
Cyclic,174,tm,81.33,0.3075340360010159,0.0688422899984289
Cyclic,175,tm,81.69,0.3027321089975885,0.06716582100489177
Cyclic,176,tm,81.89,0.30414906999794766,0.06789066400233423
Cyclic,177,tm,81.8,0.30448329700448085,0.06860112099820981
Cyclic,178,tm,81.65,0.30918054500216385,0.06765996899775928
Cyclic,179,tm,81.16,0.3055466340010753,0.06675498500408139
Cyclic,180,tm,81.38,0.30751276099908864,0.06961690699972678
Cyclic,181,tm,81.67,0.3109296590046142,0.06873161499970593
Cyclic,182,tm,81.06,0.3027627960036625,0.0685092630010331
Cyclic,183,tm,81.32000000000001,0.3065912809979636,0.06778125900018495
Cyclic,184,tm,81.5,0.3109626829973422,0.0711366339965025
Cyclic,185,tm,81.38,0.3044361680003931,0.06934149500011699
Cyclic,186,tm,81.69999999999999,0.30897881799319293,0.07174163500167197
Cyclic,187,tm,80.77,0.3040801570023177,0.06811737600219203
Cyclic,188,tm,80.80000000000001,0.3083729880017927,0.06798816200171132
Cyclic,189,tm,81.71000000000001,0.30636755999876186,0.06820659799996065
Cyclic,190,tm,80.73,0.31262393799988786,0.06984922600531718
Cyclic,191,tm,81.62,0.30546088499977486,0.0649826180015225
Cyclic,192,tm,81.81,0.30092318799870554,0.06842322900047293
Cyclic,193,tm,81.0,0.3147198600054253,0.06857395899714902
Cyclic,194,tm,80.62,0.3087801240035333,0.06933553799899528
Cyclic,195,tm,82.35,0.30744637699535815,0.07029983599932166
Cyclic,196,tm,81.06,0.3136004280022462,0.06927256100607337
Cyclic,197,tm,82.27,0.3083842999985791,0.06940922899957513
Cyclic,198,tm,81.34,0.30582887600030517,0.06919832700077677
Cyclic,199,tm,81.17999999999999,0.30321249699773034,0.06872545599617297
Cyclic,200,tm,80.93,0.30513620899728267,0.06557843899645377
Cyclic,201,tm,80.97999999999999,0.302545035003277,0.06726858399633784
Cyclic,202,tm,81.92,0.30936927299626404,0.07186231700325152
Cyclic,203,tm,81.92,0.3086372899997514,0.06848914400325157
Cyclic,204,tm,81.63,0.3085061370002222,0.06763419700291706
Cyclic,205,tm,80.55,0.31121190199337434,0.06915964800282381
Cyclic,206,tm,82.21000000000001,0.31199447099788813,0.0698665189993335
Cyclic,207,tm,81.96,0.3103068650016212,0.06844199599436251
Cyclic,208,tm,82.15,0.28839316200173926,0.06872994199511595
Cyclic,209,tm,81.61,0.3066109280043747,0.06867665600293549
Cyclic,210,tm,82.06,0.3049263030043221,0.06879744600155391
Cyclic,211,tm,81.73,0.3030031050002435,0.06930308800656348
Cyclic,212,tm,80.95,0.30782028699468356,0.07239363000553567
Cyclic,213,tm,81.87,0.30339720899792155,0.06795401700219372
Cyclic,214,tm,82.24000000000001,0.30913731700275093,0.06832538099843077
Cyclic,215,tm,80.07,0.3044434960029321,0.06815781300247181
Cyclic,216,tm,81.44,0.30229747200064594,0.06913541100220755
Cyclic,217,tm,81.88,0.3343581489971257,0.06863077799789608
Cyclic,218,tm,82.01,0.31334994100325275,0.06776795600308105
Cyclic,219,nn,83.63000000000001,0.21809320600004867,0.07082806499965955
Cyclic,220,nn,83.43,0.1988092149986187,0.06895344900112832
Cyclic,221,nn,83.64,0.1948140050008078,0.07035604200063972
Cyclic,222,nn,83.71,0.1955013110055006,0.0687922239958425
Cyclic,223,nn,83.71,0.2507400930044241,0.07111702700058231
Cyclic,224,nn,83.89,0.1968010510026943,0.0703150019980967
Cyclic,225,nn,83.71,0.19714776700129732,0.07120512199617224
Cyclic,226,nn,83.82,0.1971785580026335,0.070729006001784
Cyclic,227,nn,83.88,0.2450902910059085,0.07084922499780077
Cyclic,228,nn,83.81,0.19713645199954044,0.06989866300136782
Cyclic,229,nn,83.93,0.19562506600050256,0.07101545899786288
Cyclic,230,nn,83.8,0.19681709699943895,0.06892446999700041
Cyclic,231,nn,83.85000000000001,0.2670468889991753,0.07160062700131675
Cyclic,232,nn,84.0,0.22326056999736466,0.07081943799857982
Cyclic,233,nn,84.0,0.21309592100442387,0.07103456599725178
Cyclic,234,nn,84.0,0.21800828899722546,0.0706623119986034
Cyclic,235,nn,83.96000000000001,0.24997535099828383,0.06976741900143679
Cyclic,236,nn,84.08,0.20909200699679786,0.06903736299864249
Cyclic,237,nn,84.0,0.20429924900236074,0.07078576399362646
Cyclic,238,nn,84.09,0.2194946359959431,0.07135804400604684
Cyclic,239,nn,84.15,0.2700253060029354,0.06809262499882607
Cyclic,240,nn,84.13000000000001,0.22069027600082336,0.06963037199602695
Cyclic,241,nn,84.11,0.21185211999545572,0.07042460899538128
Cyclic,242,nn,84.25,0.20111150699813152,0.06989432199770818
Cyclic,243,nn,84.35000000000001,0.21875274000194622,0.07107892799831461
Cyclic,244,nn,84.28999999999999,0.26773985100589925,0.0687509300041711
Cyclic,245,nn,84.39999999999999,0.21648334999918006,0.07040680000500288
Cyclic,246,nn,84.5,0.22548135699616978,0.07056738899700576
Cyclic,247,nn,84.46000000000001,0.19722042799548944,0.067808159001288
Cyclic,248,nn,84.5,0.27020818600431085,0.07029299099667696
Cyclic,249,nn,84.57000000000001,0.22102307900058804,0.06872864199976902
Cyclic,250,nn,84.69,0.21699505599826807,0.06903163000242785
Cyclic,251,nn,84.68,0.21959756599972025,0.06757059400115395
Cyclic,252,nn,84.72,0.26046418699843343,0.07022893200337421
Cyclic,253,nn,84.66,0.21879897900362266,0.0715741079984582
Cyclic,254,nn,84.71,0.2199335230034194,0.06897661800030619
Cyclic,255,nn,84.66,0.20944056500593433,0.0709502829995472
Cyclic,256,nn,84.72,0.26848261199484114,0.07066081999801099
Cyclic,257,nn,84.61,0.19893881300231442,0.07017258099949686
Cyclic,258,nn,84.67,0.20821154699660838,0.07206341900018742
Cyclic,259,nn,84.72,0.20021052999800304,0.0701940650033066
Cyclic,260,nn,84.61,0.19504861300083576,0.07111270799941849
Cyclic,261,nn,84.88,0.24515819500084035,0.06786795499647269
Cyclic,262,nn,84.78,0.2030203829999664,0.07161926600383595
Cyclic,263,nn,84.88,0.19856846799666528,0.071597098998609
Cyclic,264,nn,84.78999999999999,0.20380730900069466,0.07096072199783521
Cyclic,265,nn,84.73,0.26731328099413076,0.06956931899912888
Cyclic,266,nn,84.77,0.2166420459980145,0.07035148700379068
Cyclic,267,nn,84.68,0.2187675540044438,0.06916664599702926
Cyclic,268,nn,84.76,0.2180829270000686,0.07170272400253452
Cyclic,269,tm,80.96,0.30683111200050917,0.06797316800657427
Cyclic,270,tm,80.56,0.305186527002661,0.06774198800121667
Cyclic,271,tm,81.11,0.3169112510004197,0.06900347500049975
Cyclic,272,tm,80.52,0.3092731059950893,0.06643701699795201
Cyclic,273,tm,79.71000000000001,0.3086322260060115,0.06862369499867782
Cyclic,274,tm,80.92,0.3023084989981726,0.06838915700063808
Cyclic,275,tm,81.91000000000001,0.3049436360015534,0.07019963900529547
Cyclic,276,tm,81.41000000000001,0.3078984629974002,0.06711918699875241
Cyclic,277,tm,81.64,0.3038745049998397,0.0679646770004183
Cyclic,278,tm,80.9,0.3164148260038928,0.06444495500181802
Cyclic,279,tm,82.13000000000001,0.3102115910005523,0.06879874600417679
Cyclic,280,tm,82.42,0.30503361300361576,0.06888971000444144
Cyclic,281,tm,81.02000000000001,0.304013341999962,0.06885774600232253
Cyclic,282,tm,80.85,0.29654166999534937,0.06647050299943658
Cyclic,283,tm,81.8,0.2982795679999981,0.06829753499914659
Cyclic,284,tm,82.48,0.31175192700175103,0.06803219499852275
Cyclic,285,tm,81.92,0.30309923599998,0.0692528469953686
Cyclic,286,tm,80.05,0.3145207699999446,0.07065218500065384
Cyclic,287,tm,81.93,0.3156546409954899,0.06820839199644979
Cyclic,288,tm,82.05,0.3046336159968632,0.06701996499759844
Cyclic,289,tm,81.67,0.3035139439962222,0.06870664499729173
Cyclic,290,tm,82.28999999999999,0.30225879100180464,0.06435464500100352
Cyclic,291,tm,81.88,0.307895281999663,0.06954608600062784
Cyclic,292,tm,81.19,0.3051810269971611,0.06885555299959378
Cyclic,293,tm,79.82000000000001,0.31370780900033424,0.07047691800107714
Cyclic,294,tm,80.78999999999999,0.3141628200028208,0.06798052999511128
Cyclic,295,tm,82.08,0.309273494000081,0.07444783199753147
Cyclic,296,tm,81.43,0.31023012600053335,0.06868374400073662
Cyclic,297,tm,81.49,0.3006226040015463,0.06823729899770115
Cyclic,298,tm,81.05,0.2996691139996983,0.06868425699940417
Cyclic,299,tm,81.76,0.3071351499966113,0.07031494500552071
Cyclic,300,tm,81.52000000000001,0.3125999860058073,0.06917438699747436
Cyclic,301,tm,81.64,0.3119792889992823,0.06960795499617234
Cyclic,302,tm,79.84,0.30584166199696483,0.06870948199502891
Cyclic,303,tm,82.3,0.3161632550036302,0.06892559399420861
Cyclic,304,tm,82.23,0.30956943999626674,0.06758670000272105
Cyclic,305,tm,80.28,0.31503512999915984,0.06768446199566824
Cyclic,306,tm,82.09,0.3146584639980574,0.06954095000401139
Cyclic,307,tm,81.01,0.31117658899893286,0.06898304900096264
Cyclic,308,tm,80.97,0.31783863300370285,0.06889637000131188
Cyclic,309,tm,81.54,0.3035772689981968,0.06774155899620382
Cyclic,310,tm,81.91000000000001,0.31621327299944824,0.06753864899656037
Cyclic,311,tm,82.07,0.30213291499967454,0.06865850600297563
Cyclic,312,tm,81.11,0.3071336610009894,0.06642069199733669
Cyclic,313,tm,80.46,0.3046675410005264,0.06761928900232306
Cyclic,314,tm,80.33,0.30290785499528283,0.06737084400083404
Cyclic,315,tm,82.06,0.30896195299283136,0.06741495300229872
Cyclic,316,tm,81.75,0.30141822600126034,0.06807989300432382
Cyclic,317,tm,80.64,0.3039950759994099,0.06835787299496587
Cyclic,318,tm,80.73,0.30554711999866413,0.06579709400102729
Cyclic,319,nn,83.25,0.20181858800060581,0.0704069929997786
Cyclic,320,nn,83.24000000000001,0.25746916600473924,0.07119671299733454
Cyclic,321,nn,83.19,0.21754124799917918,0.07042615800310159
Cyclic,322,nn,83.37,0.2218589459953364,0.06944007600395707
Cyclic,323,nn,83.3,0.21200451500044437,0.07051563200366218
Cyclic,324,nn,83.46000000000001,0.26805470299586887,0.06971338800212834
Cyclic,325,nn,83.28,0.2170490120042814,0.06960022100247443
Cyclic,326,nn,83.41,0.2137590319980518,0.06935086500016041
Cyclic,327,nn,83.34,0.1990595859970199,0.07023228600155562
Cyclic,328,nn,83.41,0.2679653760060319,0.07023652199859498
Cyclic,329,nn,83.45,0.21926175699627493,0.07137758799945004
Cyclic,330,nn,83.42,0.20568228099728003,0.06925052199949278
Cyclic,331,nn,83.35000000000001,0.21861832299327943,0.06952204900153447
Cyclic,332,nn,83.53,0.26914345499972114,0.06981298900063848
Cyclic,333,nn,83.56,0.22223349400155712,0.07330040800297866
Cyclic,334,nn,83.57,0.19939966100355377,0.0706788269962999
Cyclic,335,nn,83.65,0.20713921500282595,0.07117722900147783
Cyclic,336,nn,83.62,0.2688459680066444,0.07270580999465892
Cyclic,337,nn,83.66,0.221444803995837,0.0711588699996355
Cyclic,338,nn,83.66,0.21847036700637545,0.06966368200664874
Cyclic,339,nn,83.83,0.2040218170004664,0.06971100399823627
Cyclic,340,nn,83.81,0.21205712200026028,0.06983570200100075
Cyclic,341,nn,83.88,0.25079536299745087,0.07046709199494217
Cyclic,342,nn,83.8,0.1980929740020656,0.0695843639987288
Cyclic,343,nn,84.03,0.20554093099781312,0.07137317700107815
Cyclic,344,nn,83.98,0.1992302619983093,0.0693711410058313
Cyclic,345,nn,83.91999999999999,0.24674292399868136,0.06939866200264078
Cyclic,346,nn,84.16,0.1976813020010013,0.06958147400291637
Cyclic,347,nn,84.16,0.19829774199752137,0.0727748440040159
Cyclic,348,nn,84.13000000000001,0.19980354699509917,0.07115085599798476
Cyclic,349,nn,84.02,0.26319834400055697,0.07038670199835906
Cyclic,350,nn,84.3,0.2004698710006778,0.07028786700539058
Cyclic,351,nn,84.24000000000001,0.21445249100361252,0.06836671600467525
Cyclic,352,nn,84.25,0.2001581320000696,0.06959784799983026
Cyclic,353,nn,84.44,0.25463324999873294,0.0692783269987558
Cyclic,354,nn,84.48,0.21780240400403272,0.06688704599946504
Cyclic,355,nn,84.43,0.2121810259995982,0.0703228539932752
Cyclic,356,nn,84.38,0.21853815900249174,0.06954158799635479
Cyclic,357,nn,84.41,0.2005832049981109,0.07032222000270849
Cyclic,358,nn,84.42,0.2703406580039882,0.06947281899920199
Cyclic,359,nn,84.39999999999999,0.21833828200033167,0.06986982799571706
Cyclic,360,nn,84.41,0.21963003900600597,0.06930498099973192
Cyclic,361,nn,84.6,0.22013814499950968,0.06969814399781171
Cyclic,362,nn,84.65,0.2514409140057978,0.06649021400517086
Cyclic,363,nn,84.67,0.19944959099666448,0.06813198500458384
Cyclic,364,nn,84.63000000000001,0.19755797700054245,0.06988062200252898
Cyclic,365,nn,84.54,0.19772289500542684,0.06759635199705372
Cyclic,366,nn,84.78,0.2542482270000619,0.07025569699908374
Cyclic,367,nn,84.59,0.19192665300215594,0.06999304900091374
Cyclic,368,nn,84.7,0.2059411679947516,0.06821676399704302
Cyclic,369,tm,81.52000000000001,0.3073125379960402,0.06684706200030632
Cyclic,370,tm,80.83,0.29202536700177006,0.06941662700410234
Cyclic,371,tm,81.57,0.3014141890016617,0.06768603299860843
Cyclic,372,tm,81.56,0.30441137500019977,0.06924596399767324
Cyclic,373,tm,80.14,0.30365403500036336,0.0679254709975794
Cyclic,374,tm,80.16,0.31379103099607164,0.07023163299891166
Cyclic,375,tm,81.46,0.30840593299944885,0.06784645500010811
Cyclic,376,tm,81.56,0.30039168700022856,0.06863591699948302
Cyclic,377,tm,80.41,0.3053903039981378,0.06860266999865416
Cyclic,378,tm,79.80000000000001,0.3060645060031675,0.06920826600253349
Cyclic,379,tm,81.36,0.30621014699863736,0.06844999399618246
Cyclic,380,tm,81.45,0.30409610999777215,0.06846840499929385
Cyclic,381,tm,81.5,0.3031355579951196,0.06911611399846151
Cyclic,382,tm,82.03,0.30984056500165025,0.06890477500564884
Cyclic,383,tm,81.71000000000001,0.3124240790057229,0.06973428500350565
Cyclic,384,tm,82.07,0.3066682729986496,0.06784324500040384
Cyclic,385,tm,81.42,0.30063794199668337,0.06617526600166457
Cyclic,386,tm,82.19,0.3098115359971416,0.06820270299795084
Cyclic,387,tm,81.55,0.3056082510011038,0.06821028600097634
Cyclic,388,tm,82.12,0.3037575130001642,0.06824598700040951
Cyclic,389,tm,80.94,0.30376276800234336,0.07024442900001304
Cyclic,390,tm,81.94,0.3038348339978256,0.0674767550008255
Cyclic,391,tm,80.96,0.30202739399828715,0.06870980699750362
Cyclic,392,tm,81.23,0.3061952560019563,0.0678322180028772
Cyclic,393,tm,81.36,0.3063901259956765,0.06689818200538866
Cyclic,394,tm,81.39,0.30620005400123773,0.06734929400408873
Cyclic,395,tm,80.89,0.30956554300064454,0.06885039200278698
Cyclic,396,tm,81.94,0.30825214999640593,0.07035439500032226
Cyclic,397,tm,80.73,0.3118850309983827,0.07075939100468531
Cyclic,398,tm,80.65,0.30050936799671035,0.06861324200144736
Cyclic,399,tm,80.25,0.30229469900223194,0.06802725900342921
Cyclic,400,tm,80.89,0.3068366480001714,0.0670998720015632
Cyclic,401,tm,82.48,0.30427187500026776,0.06983210999896983
Cyclic,402,tm,81.6,0.3058574780006893,0.06931948300189106
Cyclic,403,tm,82.08,0.3083848269961891,0.06910173199867131
Cyclic,404,tm,81.46,0.30658767499699024,0.07125326600362314
Cyclic,405,tm,82.69999999999999,0.3012515070004156,0.06914465899899369
Cyclic,406,tm,81.3,0.31819001200346975,0.06956795899895951
Cyclic,407,tm,82.01,0.30577996100328164,0.06866232700122055
Cyclic,408,tm,81.32000000000001,0.3097175139992032,0.06975518500257749
Cyclic,409,tm,81.32000000000001,0.302560281001206,0.06920699500187766
Cyclic,410,tm,81.58,0.3064965950034093,0.06818118299997877
Cyclic,411,tm,81.94,0.3051416070011328,0.06906201200035866
Cyclic,412,tm,81.41000000000001,0.30209802799799945,0.0675953899990418
Cyclic,413,tm,81.17999999999999,0.3100229859992396,0.06812810100382194
Cyclic,414,tm,81.91000000000001,0.3111030630025198,0.06869515099970158
Cyclic,415,tm,81.78,0.3073235729971202,0.06854420599847799
Cyclic,416,tm,80.52,0.3075873319976381,0.06856062299630139
Cyclic,417,tm,81.66,0.300064355993527,0.06794183099555084
Cyclic,418,tm,82.25,0.3035337819965207,0.06835420299466932
Cyclic,419,nn,83.54,0.19838521799829323,0.06992672000342282
Cyclic,420,nn,83.57,0.2711711669981014,0.07151928300299915
Cyclic,421,nn,83.56,0.20167841399961617,0.0707899359986186
Cyclic,422,nn,83.31,0.2258074760029558,0.07171519000257831
Cyclic,423,nn,83.42,0.20076807100122096,0.07087074100127211
Cyclic,424,nn,83.54,0.26540029299940215,0.06932350200077053
Cyclic,425,nn,83.42,0.21931328800565097,0.07029393000266282
Cyclic,426,nn,83.26,0.2219094629981555,0.06956916600029217
Cyclic,427,nn,83.57,0.21267295600409852,0.06960251599957701
Cyclic,428,nn,83.6,0.26023588699899847,0.07063986499997554
Cyclic,429,nn,83.46000000000001,0.2253393060018425,0.06983203699928708
Cyclic,430,nn,83.43,0.20829605199833168,0.070809172000736
Cyclic,431,nn,83.49,0.2107312779990025,0.06875980000040727
Cyclic,432,nn,83.59,0.24482888400234515,0.07090735300153028
Cyclic,433,nn,83.53,0.1965452060030657,0.07077904499601573
Cyclic,434,nn,83.49,0.19569605099968612,0.06979705699632177
Cyclic,435,nn,83.6,0.20240871499845525,0.07016292600019369
Cyclic,436,nn,83.69,0.24765783300244948,0.0706519270024728
Cyclic,437,nn,83.78999999999999,0.19525397200050065,0.06918298999516992
Cyclic,438,nn,83.7,0.20196016599948052,0.07152237000263995
Cyclic,439,nn,83.74000000000001,0.1913110770037747,0.06885565500124358
Cyclic,440,nn,83.64,0.19580852999933995,0.06976901600137353
Cyclic,441,nn,83.83,0.25228980999963824,0.06925074700120604
Cyclic,442,nn,83.93,0.22113216000434477,0.06986287300242111
Cyclic,443,nn,83.96000000000001,0.20227243599947542,0.0716630669994629
Cyclic,444,nn,83.93,0.21423531800246565,0.06866101900232024
Cyclic,445,nn,83.91,0.2591672449998441,0.06965350099926582
Cyclic,446,nn,83.97,0.2128097729946603,0.06972801999654621
Cyclic,447,nn,83.91,0.2011207920004381,0.06911013899662066
Cyclic,448,nn,84.11,0.21368366499518743,0.06979089899687096
Cyclic,449,nn,84.02,0.24932983700273326,0.06926324500091141
Cyclic,450,nn,84.1,0.2151883180049481,0.07046014299703529
Cyclic,451,nn,84.09,0.22088180400169222,0.07007583700033138
Cyclic,452,nn,84.34,0.2116558179986896,0.06771206400298979
Cyclic,453,nn,84.24000000000001,0.2550554210029077,0.07016381100402214
Cyclic,454,nn,84.22,0.19644865699956426,0.07089537299907533
Cyclic,455,nn,84.38,0.21943595999618992,0.0715202479987056
Cyclic,456,nn,84.39,0.21869692399923224,0.06956933499895968
Cyclic,457,nn,84.26,0.20622478999575833,0.06940216300426982
Cyclic,458,nn,84.44,0.270516149001196,0.07032583899854217
Cyclic,459,nn,84.39999999999999,0.21151237900630804,0.07136019699828466
Cyclic,460,nn,84.42,0.210927995001839,0.06926512200152501
Cyclic,461,nn,84.42,0.1947884859982878,0.0699874730053125
Cyclic,462,nn,84.6,0.26676236699859146,0.06657816999359056
Cyclic,463,nn,84.53,0.21945270300057018,0.06736534900119295
Cyclic,464,nn,84.50999999999999,0.21528851900075097,0.06680019899795298
Cyclic,465,nn,84.52,0.21801984999910928,0.06657466899923747
Cyclic,466,nn,84.65,0.2638432669991744,0.07095052999648033
Cyclic,467,nn,84.57000000000001,0.2182575859987992,0.06785343200317584
Cyclic,468,nn,84.57000000000001,0.21860175600158982,0.06731449800281553
UTM,1,tm,78.61,0.5130182600041735,0.0652557759967749
UTM,2,tm,79.52,0.480461273000401,0.06602982999902451
UTM,3,tm,80.28999999999999,0.45774950900522526,0.06585511299635982
UTM,4,tm,79.91,0.4693840029940475,0.06660974400438135
UTM,5,tm,80.07,0.46298914599901764,0.06492902400350431
UTM,6,tm,79.97,0.46192909900128143,0.06508441599726211
UTM,7,tm,80.13,0.46349828600068577,0.06610191199433757
UTM,8,tm,80.13,0.4561950209972565,0.06565040600253269
UTM,9,tm,80.45,0.4646304920024704,0.0649954910040833
UTM,10,tm,80.39,0.45899510299932444,0.06511496900202474
UTM,11,tm,80.51,0.4577850689965999,0.06474547799734864
UTM,12,tm,80.69,0.4490216780031915,0.06380332999833627
UTM,13,tm,80.51,0.45932806699420325,0.06485599200095749
UTM,14,tm,80.57,0.4580222099975799,0.06532242600223981
UTM,15,tm,80.63,0.46013780300563667,0.06485459899704438
UTM,16,tm,80.67,0.4541279799959739,0.062133138002536725
UTM,17,tm,80.35,0.46870517900242703,0.06434198599890806
UTM,18,tm,80.64,0.4649190979980631,0.06601276800211053
UTM,19,tm,80.58,0.4614755509974202,0.06341881299886154
UTM,20,tm,80.74,0.4575207580055576,0.06625807499949588
UTM,21,tm,80.65,0.46537102299771504,0.06520409500080859
UTM,22,tm,80.81,0.4621043360020849,0.06498791299964068
UTM,23,tm,80.78999999999999,0.46211570099694654,0.06641425800626166
UTM,24,tm,80.91000000000001,0.4616004069976043,0.06480297199595952
UTM,25,tm,80.77,0.4649796699959552,0.06838924800103996
UTM,26,tm,80.87,0.46005116699961945,0.0666779579987633
UTM,27,tm,80.81,0.4626129559983383,0.06644737000169698
UTM,28,tm,80.97,0.4526891379937297,0.06512569700134918
UTM,29,tm,80.78,0.4587908619942027,0.06599066100170603
UTM,30,tm,81.06,0.46082548199774465,0.06682644299871754
UTM,31,tm,81.06,0.4651016569987405,0.0643837860043277
UTM,32,tm,81.11,0.46375107299536467,0.06606083799852058
UTM,33,tm,81.02000000000001,0.46544579100009287,0.06600885399529943
UTM,34,tm,81.38,0.46075946299970383,0.06670791099895723
UTM,35,tm,81.37,0.4642077780008549,0.06520495600125287
UTM,36,tm,81.2,0.4621330499940086,0.06654682800581213
UTM,37,tm,81.07,0.45878615700348746,0.06622872300067684
UTM,38,tm,80.96,0.4679787380009657,0.06516039800044382
UTM,39,tm,81.14,0.45636235299753025,0.06409395700029563
UTM,40,tm,81.36,0.4641243190053501,0.0628844949969789
UTM,41,tm,81.08999999999999,0.46303352399991127,0.06491751200519502
UTM,42,tm,81.28999999999999,0.46176677900075447,0.06572975100425538
UTM,43,tm,81.14,0.45880726000177674,0.06578852100210497
UTM,44,tm,81.03,0.45163367300119717,0.0655396500005736
UTM,45,tm,81.04,0.46573019799689064,0.06772209600603674
UTM,46,tm,81.21000000000001,0.46479090999491746,0.06634916800248902
UTM,47,tm,81.11,0.4621559500010335,0.06478108999726828
UTM,48,tm,81.12,0.4620593159997952,0.06472466900595464
UTM,49,tm,81.17999999999999,0.4659023989952402,0.06448514300427632
UTM,50,tm,81.13,0.45783383899834007,0.06487362899497384
UTM,51,tm,81.07,0.45747556099377107,0.06498677700437838
UTM,52,tm,81.08,0.4525438069977099,0.0660667660049512
UTM,53,tm,80.97,0.46032998099690303,0.06498339300014777
UTM,54,tm,81.08,0.45720856699335855,0.06546585099567892
UTM,55,tm,81.05,0.4647606150028878,0.06488294899463654
UTM,56,tm,81.0,0.4673761800004286,0.06434859400178539
UTM,57,tm,81.06,0.46271642400097335,0.06722935700236121
UTM,58,tm,80.96,0.47275557599641616,0.06662426300317748
UTM,59,tm,80.97,0.46435542900144355,0.06653903199912747
UTM,60,tm,80.88,0.4658667850017082,0.06564773600257467
UTM,61,tm,81.04,0.45798321399342967,0.06477614500181517
UTM,62,tm,81.11,0.4713104249967728,0.06725664999976289
UTM,63,tm,81.19,0.4657813699959661,0.06748872099706205
UTM,64,tm,81.05,0.46088272699853405,0.06548418500460684
UTM,65,tm,81.08999999999999,0.46958814399840776,0.06469394699524855
UTM,66,tm,80.89,0.46131123100349214,0.06563279400143074
UTM,67,tm,81.03,0.45841432699671714,0.06487001900677569
UTM,68,tm,81.03,0.4634239049992175,0.06537791599839693
UTM,69,tm,81.06,0.4633169259977876,0.06480161999934353
UTM,70,tm,81.08999999999999,0.4665947920002509,0.06377265600167448
UTM,71,tm,80.97,0.4635762010002509,0.06504924799810397
UTM,72,tm,81.17999999999999,0.44891841700155055,0.062077360998955555
UTM,73,tm,81.10000000000001,0.4553214810002828,0.06455227600235958
UTM,74,tm,81.01,0.4651414300024044,0.06537165299960179
UTM,75,tm,81.16,0.46557999499782454,0.06554851599503309
UTM,76,tm,81.13,0.4661107339998125,0.06532476400025189
UTM,77,tm,81.05,0.4653060819982784,0.06601003399555339
UTM,78,tm,80.96,0.46385178299533436,0.06223672399937641
UTM,79,tm,81.26,0.4571031360028428,0.06593256699852645
UTM,80,tm,81.03,0.46992282499559224,0.06624798200209625
UTM,81,tm,81.10000000000001,0.46018707400071435,0.0659834710022551
UTM,82,tm,81.17999999999999,0.46233035800105426,0.06568210499972338
UTM,83,tm,81.16,0.46160219100420363,0.06556213199655758
UTM,84,tm,81.15,0.4632573689959827,0.06485860899556428
UTM,85,tm,81.21000000000001,0.4294100420011091,0.06507812999916496
UTM,86,tm,80.94,0.4668976350003504,0.0653525029993034
UTM,87,tm,81.03,0.4617568269968615,0.06366980799793964
UTM,88,tm,81.34,0.4632964539996465,0.06637106100242818
UTM,89,tm,81.15,0.4628851259985822,0.06494017400109442
UTM,90,tm,80.96,0.4655565229986678,0.06569752700306708
UTM,91,tm,81.10000000000001,0.46615557400218677,0.06515676900016842
UTM,92,tm,81.08999999999999,0.4676552060045651,0.06862911099597113
UTM,93,tm,81.05,0.47588497700053267,0.06513768500008155
UTM,94,tm,81.10000000000001,0.47187074099929305,0.06469299599848455
UTM,95,tm,81.19,0.4616841890019714,0.06815166399610462
UTM,96,tm,81.04,0.4672882080049021,0.0662803760060342
UTM,97,tm,80.91000000000001,0.4604805570052122,0.06488867000007303
UTM,98,tm,81.07,0.4711171060043853,0.0632854400028009
UTM,99,tm,81.25,0.4476463879982475,0.06467396800144343
UTM,100,tm,81.23,0.4604349569999613,0.06476896399544785
UTM,101,tm,81.10000000000001,0.4623630720016081,0.06687111999781337
UTM,102,tm,81.15,0.466843908005103,0.06444005299999844
UTM,103,tm,81.39,0.4753448209958151,0.06490684600430541
UTM,104,tm,81.26,0.46249647899821866,0.0650458809977863
UTM,105,tm,80.85,0.47370044700073777,0.06536579699604772
UTM,106,tm,81.0,0.46381638100137934,0.061673923999478575
UTM,107,tm,81.05,0.46782913700008066,0.06316905999847222
UTM,108,tm,81.07,0.4721943869953975,0.0653518469989649
UTM,109,tm,80.86,0.46874366799602285,0.06494458499946631
UTM,110,tm,80.91000000000001,0.4650337820057757,0.06664456499856897
UTM,111,tm,80.76,0.4628046650032047,0.06424306100234389
UTM,112,tm,80.87,0.46910517999640433,0.06714927499706391
UTM,113,tm,81.02000000000001,0.4703108739995514,0.06457855700136861
UTM,114,tm,81.10000000000001,0.45922295499622123,0.06674749100056943
UTM,115,tm,81.10000000000001,0.46524682299786946,0.06540770800347673
UTM,116,tm,81.07,0.46712285600369796,0.06638437199580949
UTM,117,tm,81.13,0.4650037760002306,0.06475078399671474
UTM,118,tm,81.13,0.46530548600276234,0.0658038769979612
UTM,119,tm,80.96,0.46410021599876927,0.06499095099570695
UTM,120,tm,80.92,0.467788082001789,0.0663908850037842
UTM,121,tm,81.07,0.4726033519982593,0.06509885499690427
UTM,122,tm,81.04,0.4687217589962529,0.06537401800596854
UTM,123,tm,80.91000000000001,0.46397792900097556,0.06559250200371025
UTM,124,tm,80.96,0.47022161399945617,0.06604470599995693
UTM,125,tm,80.91000000000001,0.46685536499717273,0.0635943800007226
UTM,126,tm,81.07,0.4643650079960935,0.06483564600057434
UTM,127,tm,80.97,0.4658760149977752,0.06637135000346461
UTM,128,tm,80.95,0.4689940169992042,0.0650864970011753
UTM,129,tm,80.97,0.4654495020004106,0.0663363709973055
UTM,130,tm,80.97,0.47198639000271214,0.06643171699397499
UTM,131,tm,81.08999999999999,0.4554635780004901,0.06474248300219188
UTM,132,tm,81.03,0.4453435479954351,0.0655952749948483
UTM,133,tm,81.13,0.4648278090025997,0.06516645399824483
UTM,134,tm,81.27,0.4732999519983423,0.06473303899838356
UTM,135,tm,81.0,0.46271191100095166,0.06454900799872121
UTM,136,tm,81.03,0.4735576390012284,0.06527490600274177
UTM,137,tm,80.99,0.47491014000115683,0.06650104200525675
UTM,138,tm,81.01,0.4730484119936591,0.06421141999453539
UTM,139,tm,81.05,0.4712128009996377,0.06484182200074429
UTM,140,tm,81.05,0.46953986099833855,0.06654647700634087
UTM,141,tm,81.16,0.46833458099717973,0.06476924400340067
UTM,142,tm,81.08,0.46392110799934017,0.06683231399802025
UTM,143,tm,80.93,0.4670592259935802,0.06532076899748063
UTM,144,tm,80.95,0.4791991869933554,0.0651475560007384
UTM,145,tm,80.91000000000001,0.4720947539972258,0.06571545000042534
UTM,146,tm,80.94,0.46692359799635597,0.06431849399814382
UTM,147,tm,81.04,0.4729188370038173,0.06645719800144434
UTM,148,tm,80.96,0.4653642250050325,0.06606091399589786
UTM,149,tm,80.9,0.46870237799885217,0.06502061100036371
UTM,150,tm,80.95,0.46303622599953087,0.06461658500484191
UTM,151,tm,80.99,0.48115818899532314,0.06388164999953005
UTM,152,tm,81.0,0.4662102260044776,0.06463168699701782
UTM,153,tm,80.78999999999999,0.46419179499935126,0.06420248500216985
UTM,154,tm,80.73,0.47086983200279064,0.06545895599992946
UTM,155,tm,80.99,0.47418303599988576,0.06418832400231622
UTM,156,tm,81.12,0.46181068300211336,0.06426107299921568
UTM,157,tm,80.94,0.46225965800113045,0.06284670599416131
UTM,158,tm,80.97,0.4671014420018764,0.06601604499883251
UTM,159,tm,81.22,0.46424873499927344,0.06493681700521847
UTM,160,tm,81.25,0.46664498600148363,0.06331636099639582
UTM,161,tm,81.27,0.47225058099866146,0.06550661499932176
UTM,162,tm,81.10000000000001,0.48279442099737935,0.06551628899615025
UTM,163,tm,81.12,0.47510647399758454,0.06625217499822611
UTM,164,tm,81.02000000000001,0.47388843900262145,0.06410535099712433
UTM,165,tm,80.92,0.4760957110047457,0.06560156100022141
UTM,166,tm,81.04,0.4688887220036122,0.06517935699957889
UTM,167,tm,81.2,0.46816248500545043,0.06516003999422537
UTM,168,tm,81.16,0.4759353299959912,0.06530727100471267
UTM,169,tm,81.24,0.464648754998052,0.06603784799517598
UTM,170,tm,81.16,0.46791446799761616,0.06665852400328731
UTM,171,tm,80.99,0.4757194889971288,0.06482359000074212
UTM,172,tm,81.04,0.47662916500121355,0.06651777500519529
UTM,173,tm,81.26,0.46204516700527165,0.06476530900545185
UTM,174,tm,81.21000000000001,0.46989240199764026,0.06595480800024234
UTM,175,tm,81.26,0.46803023400570964,0.06514874900312861
UTM,176,tm,81.04,0.4760761770012323,0.06640965900442097
UTM,177,tm,80.86,0.4738882020028541,0.066141568000603
UTM,178,tm,80.83,0.47568816899729427,0.065538196999114
UTM,179,tm,80.9,0.4736914480017731,0.06434750300104497
UTM,180,tm,81.0,0.47589771800267044,0.06589367400010815
UTM,181,tm,81.01,0.4656477930038818,0.06460802000219701
UTM,182,tm,80.91000000000001,0.46452777700324077,0.06477653000183636
UTM,183,tm,80.85,0.4681600879994221,0.06523236500652274
UTM,184,tm,80.85,0.4679156169950147,0.06751139200059697
UTM,185,tm,80.78999999999999,0.46611699600180145,0.06594456799939508
UTM,186,tm,80.77,0.4742421769988141,0.06494291700073518
UTM,187,tm,80.89,0.46150715299881995,0.0656569189959555
UTM,188,tm,80.9,0.47283769399655284,0.06525392799812835
UTM,189,tm,80.84,0.47336801100027515,0.0660477749988786
UTM,190,tm,80.76,0.47561001999565633,0.06547397800022736
UTM,191,tm,80.81,0.4706485869974131,0.06500740599585697
UTM,192,tm,80.91000000000001,0.4694381279987283,0.06748632099333918
UTM,193,tm,81.01,0.4699197939989972,0.06579844900261378
UTM,194,tm,80.99,0.4673423219937831,0.06433122300222749
UTM,195,tm,80.91000000000001,0.47555897499842104,0.0639579210037482
UTM,196,tm,80.97999999999999,0.4638488260025042,0.06401361000462202
UTM,197,tm,81.12,0.46542518800561083,0.06530304100306239
UTM,198,tm,81.03,0.474486942999647,0.06538260100205662
UTM,199,tm,80.84,0.4557997610027087,0.06516093100071885
UTM,200,tm,80.99,0.472909078001976,0.06468670199683402
UTM,201,tm,80.78,0.4711847719954676,0.06641417699574959
UTM,202,tm,80.63,0.47102903699851595,0.0663721800010535
UTM,203,tm,80.75,0.4737082770006964,0.06493495600443566
UTM,204,tm,80.73,0.4706899570010137,0.06516949999786448
UTM,205,tm,80.65,0.4796496009948896,0.06638688500243006
UTM,206,tm,80.88,0.47367441200185567,0.06483899600425502
UTM,207,tm,80.83,0.4714196649947553,0.06562140599999111
UTM,208,tm,80.78,0.4771970810033963,0.06595447799918475
UTM,209,tm,80.97999999999999,0.4724974629934877,0.06159347399807302
UTM,210,tm,80.76,0.47104385100101354,0.0644296110040159
UTM,211,tm,80.86,0.47116514300432755,0.0658117150014732
UTM,212,tm,80.85,0.4703631480006152,0.06526125300297281
UTM,213,tm,80.95,0.4679924900046899,0.0642635180047364
UTM,214,tm,80.89,0.469361633004155,0.06431547599640908
UTM,215,tm,80.83,0.4591450759980944,0.06558451699675061
UTM,216,tm,80.85,0.47500898400176084,0.06576596899685683
UTM,217,tm,80.83,0.47214799700304866,0.06588813900452806
UTM,218,tm,80.86,0.47205627799849026,0.0644932580034947
UTM,219,tm,80.80000000000001,0.4772597450064495,0.0655817869992461
UTM,220,tm,80.71000000000001,0.4704812830023002,0.0651415700049256
UTM,221,tm,81.13,0.47930846300005214,0.06617903100413969
UTM,222,tm,80.91000000000001,0.46457245200144826,0.06682779399852734
UTM,223,tm,80.93,0.4745402229964384,0.06434461299795657
UTM,224,tm,80.94,0.4711971399956383,0.06482872999913525
UTM,225,tm,80.97,0.48321983599453233,0.06630414100072812
UTM,226,tm,80.67999999999999,0.47295238300284836,0.06485264900402399
UTM,227,tm,80.87,0.47188336399995023,0.06498078699951293
UTM,228,tm,80.88,0.45742203400004655,0.06682700700184796
UTM,229,tm,80.72,0.4726971060008509,0.06596535399876302
UTM,230,tm,80.76,0.4733066270055133,0.06618058399908477
UTM,231,tm,80.78,0.4729560960040544,0.06510395000077551
UTM,232,tm,80.81,0.4745160210004542,0.06467445300222607
UTM,233,tm,80.80000000000001,0.4704900290016667,0.06351140300102998
UTM,234,tm,80.97999999999999,0.4713787560031051,0.06539970200537937
UTM,235,tm,81.06,0.4749577269976726,0.06594652200146811
UTM,236,tm,81.07,0.47727029000088805,0.06478323999908753
UTM,237,tm,80.86,0.4658601799965254,0.06391658199572703
UTM,238,tm,80.89,0.4727192729988019,0.06699943500279915
UTM,239,tm,81.13,0.48369114900560817,0.06519639000180177
UTM,240,tm,80.97999999999999,0.47694139200029895,0.06536410699482076
UTM,241,tm,80.89,0.4712429869978223,0.06507581800542539
UTM,242,tm,80.9,0.4763488180033164,0.06514156400226057
UTM,243,tm,81.04,0.47290144699945813,0.06689020300109405
UTM,244,tm,81.01,0.4828233910011477,0.06417271499958588
UTM,245,tm,80.78,0.48125158900074894,0.06649181000102544
UTM,246,tm,81.02000000000001,0.47095672299474245,0.06575052099651657
UTM,247,tm,81.21000000000001,0.4787095869978657,0.06190987800073344
UTM,248,tm,81.01,0.476840479997918,0.0651081800024258
UTM,249,tm,81.08,0.466508833997068,0.06548135400225874
UTM,250,tm,81.01,0.4744601769998553,0.0662889820014243
UTM,251,tm,80.85,0.47290568400057964,0.06547174600564176
UTM,252,tm,81.01,0.4784926039938,0.06610991000343347
UTM,253,tm,81.07,0.47337530999357114,0.06513690700376173
UTM,254,tm,80.94,0.472675306002202,0.0652191170011065
UTM,255,tm,80.84,0.4728279660048429,0.06497787199623417
UTM,256,tm,80.83,0.4763276590019814,0.06612640299863415
UTM,257,tm,80.71000000000001,0.48033044600015273,0.06598000899975887
UTM,258,tm,80.99,0.47788204300013604,0.0669168609965709
UTM,259,tm,80.80000000000001,0.4752290130054462,0.06544081900210585
UTM,260,tm,81.05,0.47849778000090737,0.06694577699818183
UTM,261,tm,80.97,0.47537597799964715,0.06507201900240034
UTM,262,tm,80.87,0.4756503309981781,0.06455204999656416
UTM,263,tm,81.07,0.4829958549962612,0.06579434999730438
UTM,264,tm,80.97999999999999,0.4851518510040478,0.06513156300206902
UTM,265,tm,81.08,0.4790477979986463,0.06509890699817333
UTM,266,tm,81.11,0.4771579090011073,0.06615504299406894
UTM,267,tm,80.81,0.47621370699926047,0.06437188499694457
UTM,268,tm,81.08,0.4758686150016729,0.06483184800163144
UTM,269,tm,80.96,0.4679485119995661,0.07114095500583062
UTM,270,tm,80.78999999999999,0.4715245789993787,0.06444530500448309
UTM,271,tm,81.02000000000001,0.4780954189991462,0.066207037998538
UTM,272,tm,80.91000000000001,0.483200416994805,0.0649657030007802
UTM,273,tm,80.97999999999999,0.47635417499986943,0.06243594399711583
UTM,274,tm,80.87,0.4724131339971791,0.06500528600008693
UTM,275,tm,80.82000000000001,0.47229073599737603,0.066954550005903
UTM,276,tm,81.04,0.4711881160037592,0.06557178200455382
UTM,277,tm,80.88,0.4740043070050888,0.06355312699452043
UTM,278,tm,80.92,0.47092711699951906,0.06321983400266618
UTM,279,tm,80.93,0.4709710030001588,0.06301529899792513
UTM,280,tm,81.01,0.47002691599482205,0.06574722300138092
UTM,281,tm,81.19,0.4752011919990764,0.06292805300472537
UTM,282,tm,80.89,0.4783573360036826,0.06344048400205793
UTM,283,tm,80.97,0.471167780997348,0.06477813399396837
UTM,284,tm,80.97999999999999,0.4753451199940173,0.06522099299763795
UTM,285,tm,80.96,0.47136315399984596,0.06680870299896924
UTM,286,tm,81.03,0.47283758399862563,0.06535927199729485
UTM,287,tm,80.9,0.4804069020028692,0.06577643699711189
UTM,288,tm,80.97,0.4711217030053376,0.06511227900045924
UTM,289,tm,80.94,0.47220481499971356,0.06592782799998531
UTM,290,tm,80.91000000000001,0.48996842699853005,0.062677446003363
UTM,291,tm,80.84,0.47389217899763025,0.06402339699707227
UTM,292,tm,80.88,0.4749430880037835,0.0649089219950838
UTM,293,tm,80.99,0.4846435930012376,0.06327302900172072
UTM,294,tm,80.75,0.4478616129999864,0.06518787999812048
UTM,295,tm,80.96,0.4766243609992671,0.06446188100380823
UTM,296,tm,80.84,0.4788691030043992,0.06400567299715476
UTM,297,tm,80.74,0.47972034200211056,0.06643891199928476
UTM,298,tm,80.78,0.4778749160032021,0.06797727500088513
UTM,299,tm,80.54,0.483921326995187,0.0660464390020934
UTM,300,tm,80.64,0.4771941329963738,0.06447132599714678
UTM,301,tm,80.66,0.47731512199970894,0.06599383000138914
UTM,302,tm,80.69,0.4762374199999613,0.06471559000056004
UTM,303,tm,80.67,0.4837843420027639,0.06464002199936658
UTM,304,tm,80.7,0.4797288489935454,0.06506401500519132
UTM,305,tm,80.76,0.47383168800297426,0.06431641899689566
UTM,306,tm,80.60000000000001,0.4776497809943976,0.0651253780015395
UTM,307,tm,80.77,0.4725329220018466,0.06427320199873066
UTM,308,tm,80.80000000000001,0.4702838140001404,0.06685403400479117
UTM,309,tm,80.85,0.4812241300023743,0.06576449199928902
UTM,310,tm,80.77,0.4718804910007748,0.06501131099503255
UTM,311,tm,80.80000000000001,0.4561649000024772,0.06542868499673204
UTM,312,tm,80.73,0.4793217629994615,0.06963653300044825
UTM,313,tm,80.93,0.47206700600509066,0.0648595140010002
UTM,314,tm,80.86,0.47603082800196717,0.06538079500023741
UTM,315,tm,80.91000000000001,0.47312187700299546,0.06325784199725604
UTM,316,tm,80.9,0.47490518499398604,0.06469558700337075
UTM,317,tm,80.96,0.4751696239982266,0.06475048099673586
UTM,318,tm,80.86,0.48609908200160135,0.0649997880027513
UTM,319,tm,80.93,0.47760967099748086,0.06523427900538081
UTM,320,tm,80.97999999999999,0.47334669799602125,0.0644269490003353
UTM,321,tm,80.87,0.4731960329954745,0.06377143199642887
UTM,322,tm,80.96,0.4661636919990997,0.06523505999939516
UTM,323,tm,80.91000000000001,0.479024495005433,0.06542433700087713
UTM,324,tm,80.81,0.4820021249979618,0.06514967800467275
UTM,325,tm,80.82000000000001,0.4462030880022212,0.0657449349964736
UTM,326,tm,80.78999999999999,0.47189569199690595,0.06171757099946262
UTM,327,tm,80.62,0.4753210130002117,0.06262955300189788
UTM,328,tm,80.87,0.4790358179961913,0.06536752299871296
UTM,329,tm,80.82000000000001,0.48127469699829817,0.06624557299801381
UTM,330,tm,80.86,0.4797447090022615,0.06583366700215265
UTM,331,tm,80.62,0.4828178080060752,0.06563860300229862
UTM,332,tm,80.62,0.4811327639981755,0.0658345650008414
UTM,333,tm,80.65,0.4746354489980149,0.06462005099456292
UTM,334,tm,80.85,0.472656319005182,0.0650286119998782
UTM,335,tm,80.66,0.485518236993812,0.06539127400174038
UTM,336,tm,80.76,0.47527902100409847,0.06324263699934818
UTM,337,tm,80.72,0.47476652700424893,0.0647079480040702
UTM,338,tm,80.63,0.47796501300035743,0.06707591600570595
UTM,339,tm,80.85,0.48242316899995785,0.06592286100203637
UTM,340,tm,80.78999999999999,0.47731625100277597,0.06564091999462107
UTM,341,tm,80.75,0.4849633270059712,0.06529101000342052
UTM,342,tm,80.89,0.4848717479981133,0.06470327099668793
UTM,343,tm,80.89,0.48123872100404697,0.06513260600331705
UTM,344,tm,80.86,0.48311509800259955,0.06311282399838092
UTM,345,tm,80.69,0.4806771590010612,0.06587239100190345
UTM,346,tm,80.86,0.4754038989995024,0.06473913700028788
UTM,347,tm,80.82000000000001,0.47603821699885884,0.06583198600128526
UTM,348,tm,80.83,0.4782649769986165,0.06615077600145014
UTM,349,tm,80.94,0.4737293970028986,0.06515844800014747
UTM,350,tm,81.10000000000001,0.47824458700051764,0.06623731400031829
UTM,351,tm,80.81,0.47744129600323504,0.06683608200546587
UTM,352,tm,81.12,0.48000589999719523,0.0650172330060741
UTM,353,tm,80.73,0.4764232439993066,0.06438281200098572
UTM,354,tm,80.74,0.4787873499954003,0.06545382899639662
UTM,355,tm,80.80000000000001,0.47942503199737985,0.06530878799821949
UTM,356,tm,80.72,0.4769005830021342,0.06495712100149831
UTM,357,tm,80.74,0.47868438300065463,0.06419557800109033
UTM,358,tm,80.82000000000001,0.46764766499836696,0.06526902499899734
UTM,359,tm,81.06,0.46546962700085714,0.06539346499630483
UTM,360,tm,80.88,0.47422983800061047,0.0654026909978711
UTM,361,tm,80.96,0.4862098329977016,0.0652034939994337
UTM,362,tm,80.58,0.48604688899649773,0.06432700200093677
UTM,363,tm,80.66,0.4710729220023495,0.06576764700002968
UTM,364,tm,80.71000000000001,0.4847521610063268,0.06565543000033358
UTM,365,tm,80.74,0.4752906960056862,0.06501922000461491
UTM,366,tm,80.69,0.4536434419933357,0.06328230800136225
UTM,367,tm,80.77,0.4785183479980333,0.06354255900077987
UTM,368,tm,80.80000000000001,0.47526578399993014,0.06724928000039654
UTM,369,tm,80.82000000000001,0.483195387001615,0.06717698800639482
UTM,370,tm,80.88,0.4799435300010373,0.06535162300133379
UTM,371,tm,80.97,0.4718759699971997,0.06619719899754273
UTM,372,tm,80.85,0.47265119099756703,0.06483586099784588
UTM,373,tm,80.86,0.47897722899506334,0.06504209100239677
UTM,374,tm,80.82000000000001,0.48334985700057587,0.06595357700280147
UTM,375,tm,80.77,0.4793559199970332,0.06434160700155189
UTM,376,tm,80.67999999999999,0.47141799200471723,0.06761612500122283
UTM,377,tm,80.77,0.47618921799585223,0.06243104200257221
UTM,378,tm,80.82000000000001,0.4802446929970756,0.06463934700150276
UTM,379,tm,80.60000000000001,0.46161743799893884,0.06521255400002701
UTM,380,tm,80.75,0.48248218999651726,0.06445798899949295
UTM,381,tm,80.82000000000001,0.48437609800021164,0.06460982499993406
UTM,382,tm,80.81,0.47591079600533703,0.0665494260028936
UTM,383,tm,80.82000000000001,0.478097319995868,0.06503126499592327
UTM,384,tm,80.73,0.4742108639984508,0.06515123799908906
UTM,385,tm,80.74,0.4812334739981452,0.06299512400437379
UTM,386,tm,80.83,0.4913526360032847,0.06628442300279858
UTM,387,tm,80.7,0.47989838600187795,0.0653212879988132
UTM,388,tm,80.76,0.4842115270002978,0.0664071729988791
UTM,389,tm,80.60000000000001,0.48244762900139904,0.06783869400533149
UTM,390,tm,80.58999999999999,0.4784364429942798,0.06234272600704571
UTM,391,tm,80.94,0.4761708810037817,0.06526876000134507
UTM,392,tm,80.7,0.4895142689929344,0.06562639500043588
UTM,393,tm,80.77,0.4785057019980741,0.0666707740019774
UTM,394,tm,80.75,0.4724013679951895,0.06543326799874194
UTM,395,tm,80.78,0.4751247300009709,0.06317249000130687
UTM,396,tm,80.84,0.4780093709996436,0.06467550800152821
UTM,397,tm,81.0,0.4728522180012078,0.06435817899910035
UTM,398,tm,80.97999999999999,0.4560135190040455,0.06668823099607835
UTM,399,tm,80.80000000000001,0.4840458149992628,0.06469482599641196
UTM,400,tm,80.69,0.4767407399995136,0.0653450210011215
UTM,401,tm,80.81,0.4797659879986895,0.0659574800010887
UTM,402,tm,80.75,0.47969012199610006,0.06760547400335781
UTM,403,tm,80.87,0.485936817000038,0.06431784799497109
UTM,404,tm,80.9,0.4873737939997227,0.0649671529972693
UTM,405,tm,80.69,0.4879293569974834,0.06342032899556216
UTM,406,tm,80.97,0.4770540509998682,0.07020602400007192
UTM,407,tm,80.78,0.4800715970050078,0.06642794000072172
UTM,408,tm,80.85,0.4842959529996733,0.06505010100227082
UTM,409,tm,80.97999999999999,0.47974028199678287,0.06582887200056575
UTM,410,tm,80.67,0.47356692400353495,0.06529898799635703
UTM,411,tm,80.71000000000001,0.47748977599985665,0.0651707159995567
UTM,412,tm,80.80000000000001,0.4865751520046615,0.06558496800425928
UTM,413,tm,80.76,0.47973990999889793,0.06547038499411428
UTM,414,tm,80.88,0.4856795629966655,0.06459374599944567
UTM,415,tm,80.69,0.4649941649986431,0.06324719500116771
UTM,416,tm,80.77,0.465497981000226,0.06519535199913662
UTM,417,tm,80.66,0.47776251399773173,0.06462985699909041
UTM,418,tm,80.92,0.4766679379972629,0.06472519299859414
UTM,419,tm,80.91000000000001,0.48054656999738654,0.06420307399821468
UTM,420,tm,80.82000000000001,0.4412813289964106,0.06351006699696882
UTM,421,tm,80.58999999999999,0.47986908000166295,0.0664581309974892
UTM,422,tm,80.55,0.47838505100662587,0.06460829400020884
UTM,423,tm,80.69,0.4837449499973445,0.06500082199636381
UTM,424,tm,80.80000000000001,0.4820262349967379,0.06476342699897941
UTM,425,tm,80.51,0.4788981120000244,0.06495474300027126
UTM,426,tm,80.52,0.47690837400296004,0.06409343400446232
UTM,427,tm,80.42,0.48264706900226884,0.06482501100254012
UTM,428,tm,80.49,0.476203042002453,0.06447551100427518
UTM,429,tm,80.65,0.4791284979946795,0.06517521799833048
UTM,430,tm,80.82000000000001,0.4764318200031994,0.06539218700345373
UTM,431,tm,80.74,0.47227359899989096,0.06556336799985729
UTM,432,tm,80.57,0.4800432219999493,0.06646271100180456
UTM,433,tm,80.67,0.48744509200332686,0.0652747959975386
UTM,434,tm,80.92,0.475005559004785,0.06150643299770309
UTM,435,tm,80.71000000000001,0.48054928799683694,0.06536995499482146
UTM,436,tm,81.07,0.487491838997812,0.06285183800355298
UTM,437,tm,80.97999999999999,0.4810634489986114,0.06680761199822882
UTM,438,tm,80.84,0.4795214489931823,0.06472973699419526
UTM,439,tm,80.69,0.47529914600454504,0.06480088200623868
UTM,440,tm,80.93,0.4856035639968468,0.06552593399828766
UTM,441,tm,80.65,0.4807199810020393,0.06488798799546203
UTM,442,tm,80.66,0.4856879650033079,0.06399357599730138
UTM,443,tm,80.81,0.4776729739969596,0.06457823700475274
UTM,444,tm,80.75,0.4763095280068228,0.06480696599464864
UTM,445,tm,80.67999999999999,0.4755555079973419,0.06517735299712513
UTM,446,tm,80.55,0.48854116599977715,0.06510350199823733
UTM,447,tm,80.56,0.48987672200019006,0.06275493000430288
UTM,448,tm,80.57,0.4684188610044657,0.06523151800502092
UTM,449,tm,80.82000000000001,0.4878450660035014,0.06573159099934855
UTM,450,tm,80.52,0.48959549899882404,0.06562175900035072
UTM,451,tm,80.67,0.4842561250043218,0.06544706199929351
UTM,452,tm,80.77,0.4784638040000573,0.06503033699846128
UTM,453,tm,80.84,0.4801162719959393,0.06626426000002539
UTM,454,tm,80.91000000000001,0.4785134370031301,0.06621451699902536
UTM,455,tm,80.88,0.47704498899838654,0.0640761239992571
UTM,456,tm,80.91000000000001,0.4782073180031148,0.0648905600028229
UTM,457,tm,80.67999999999999,0.484329152997816,0.06657674699818017
UTM,458,tm,80.67,0.4923946819981211,0.06521320000319974
UTM,459,tm,80.74,0.4815931009943597,0.0644395089984755
UTM,460,tm,80.63,0.4814804100024048,0.06544271600432694
UTM,461,tm,80.67,0.4824292979974416,0.06504963199404301
UTM,462,tm,80.69,0.47879466300219065,0.06448228599765571
UTM,463,tm,80.72,0.4945322510029655,0.06462062900391174
UTM,464,tm,80.65,0.48825061399838887,0.06550588500249432
UTM,465,tm,80.66,0.48791968099976657,0.06528040100238286
UTM,466,tm,80.81,0.4853208730055485,0.06522685300296871
UTM,467,tm,80.71000000000001,0.4778930840038811,0.06556117699801689
UTM,468,tm,80.71000000000001,0.4881136160038295,0.06196001199714374
UTM,469,tm,80.77,0.48017244399670744,0.06344446899311151
UTM,470,tm,80.62,0.4752085360014462,0.06521014100144384
UTM,471,tm,80.93,0.4828545540003688,0.06481059000361711
UTM,472,tm,80.73,0.4772042170006898,0.06370093400619226
UTM,473,tm,80.61,0.4817964139947435,0.0650868939992506
UTM,474,tm,80.67999999999999,0.48414163399866084,0.06469141699926695
UTM,475,tm,80.78,0.4834977840000647,0.06589463600539602
UTM,476,tm,80.63,0.47856853700068314,0.06593647199770203
UTM,477,tm,80.74,0.47818078300042544,0.06524821300263284
UTM,478,tm,80.58999999999999,0.4820115900001838,0.06564063300174894
UTM,479,tm,80.66,0.4807771719933953,0.06538301300315652
UTM,480,tm,80.71000000000001,0.48155125199991744,0.06395234999945387
UTM,481,tm,80.74,0.4825658299960196,0.06312942899967311
UTM,482,tm,80.82000000000001,0.47600685900397366,0.0647095249951235
UTM,483,tm,80.86,0.4781343270005891,0.06338362700626021
UTM,484,tm,80.77,0.4864509740000358,0.0638985660043545
UTM,485,tm,80.97,0.48675735500000883,0.06584341599955224
UTM,486,tm,80.92,0.48745121600222774,0.06492131899722153
UTM,487,tm,80.88,0.4789128240008722,0.06535143600194715
UTM,488,tm,80.75,0.47751276299823076,0.06475346599472687
UTM,489,tm,80.81,0.4832531890060636,0.06472402499639429
UTM,490,tm,80.87,0.47445005400368245,0.06557199300004868
UTM,491,tm,81.14,0.4823468359973049,0.0650187939972966
UTM,492,tm,80.65,0.485519847003161,0.06637414500437444
UTM,493,tm,80.87,0.477110210005776,0.06638729100086493
UTM,494,tm,80.84,0.4714438670052914,0.06663737099734135
UTM,495,tm,80.75,0.4789659949965426,0.0662352049985202
UTM,496,tm,80.78,0.49312289299996337,0.06668936800269876
UTM,497,tm,80.7,0.4898954749951372,0.06534137500420911
UTM,498,tm,80.64,0.48658652100129984,0.06516677900071954
UTM,499,tm,80.9,0.4859259849981754,0.06440992600255413
UTM,500,tm,80.71000000000001,0.4809859970046091,0.06592686699877959
WTM,1,tm,77.47,0.39879934600321576,0.06658747800247511
WTM,2,tm,78.55,0.35509043899946846,0.0658442650019424
WTM,3,tm,77.81,0.359150315001898,0.06778125900018495
WTM,4,tm,79.33,0.343892037999467,0.06717646300239721
WTM,5,tm,77.53,0.3357026430021506,0.06751204399915878
WTM,6,tm,79.77,0.34433359800459584,0.06742701800249051
WTM,7,tm,79.63,0.3303554369995254,0.06784660700213863
WTM,8,tm,79.36,0.3509344950070954,0.06778557899815496
WTM,9,tm,79.47999999999999,0.326024308000342,0.06732314400142059
WTM,10,tm,80.04,0.3227699720009696,0.06767185399803566
WTM,11,tm,80.24,0.3359754929988412,0.06756075600424083
WTM,12,tm,79.83,0.3293989900048473,0.06669740999495843
WTM,13,tm,79.55,0.32367066699953284,0.06865644199569942
WTM,14,tm,79.4,0.32631226100056665,0.06775890100107063
WTM,15,tm,80.47,0.3260772490029922,0.06889158800186124
WTM,16,tm,80.10000000000001,0.3279913049991592,0.0672412229978363
WTM,17,tm,80.38,0.330976286000805,0.06955491700500716
WTM,18,tm,79.33,0.318016382996575,0.06767443400167394
WTM,19,tm,80.63,0.3180393840011675,0.06771875100093894
WTM,20,tm,80.36999999999999,0.31875718000083,0.070840810003574
WTM,21,tm,81.45,0.3220677860008436,0.06867194299411494
WTM,22,tm,79.9,0.3208597379998537,0.06728060000023106
WTM,23,tm,79.4,0.3249482480023289,0.06925949500146089
WTM,24,tm,80.46,0.3241557669971371,0.07588162100000773
WTM,25,tm,80.54,0.31623072100046556,0.06662856400362216
WTM,26,tm,80.92,0.3126129509983002,0.0680364629952237
WTM,27,tm,81.08,0.31448059999820543,0.06838612400315469
WTM,28,tm,81.33,0.3068351500041899,0.06852036800410133
WTM,29,tm,80.43,0.31928897999750916,0.06718588499643374
WTM,30,tm,80.49,0.3209327200020198,0.06823379100387683
WTM,31,tm,80.36,0.3123652680005762,0.06747198100492824
WTM,32,tm,80.87,0.313319581997348,0.06738724900060333
WTM,33,tm,79.9,0.31448185900080716,0.06399512800271623
WTM,34,tm,81.21000000000001,0.31772542099497514,0.06663319100334775
WTM,35,tm,81.83,0.3180283600013354,0.06621739600086585
WTM,36,tm,81.14,0.31683110999438213,0.06762804000027245
WTM,37,tm,80.73,0.3202505680019385,0.07007175299804658
WTM,38,tm,79.81,0.31829250800365116,0.06766647800395731
WTM,39,tm,80.85,0.3128506479988573,0.06852885599801084
WTM,40,tm,80.87,0.32720436400268227,0.06913819900364615
WTM,41,tm,81.08999999999999,0.2974515330060967,0.07080957099969964
WTM,42,tm,81.72,0.31392912899900693,0.06708866500412114
WTM,43,tm,81.44,0.31382356399990385,0.06514115500613116
WTM,44,tm,80.96,0.3119288449961459,0.0680052519965102
WTM,45,tm,81.06,0.31683654399967054,0.06953732999681961
WTM,46,tm,80.78,0.3155640510012745,0.06810561800375581
WTM,47,tm,81.45,0.31274253300216515,0.06876163400011137
WTM,48,tm,80.67999999999999,0.30898974299634574,0.06746453099913197
WTM,49,tm,80.93,0.3146654890006175,0.06992024100327399
WTM,50,tm,79.46,0.3193444470016402,0.06841572600387735
WTM,51,tm,78.25999999999999,0.3104887060035253,0.06708437600173056
WTM,52,tm,80.89,0.31570142899727216,0.0680728689985699
WTM,53,tm,80.84,0.3085930540037225,0.06890373199712485
WTM,54,tm,81.26,0.3193864990025759,0.06793707399629056
WTM,55,tm,81.11,0.31000240800494794,0.0679746649984736
WTM,56,tm,80.51,0.3108681419980712,0.06799764900642913
WTM,57,tm,81.52000000000001,0.30717620300129056,0.06838179100304842
WTM,58,tm,81.14,0.3071355499996571,0.06979287899594055
WTM,59,tm,80.89,0.31525295699975686,0.06631356999423588
WTM,60,tm,81.6,0.3052724160006619,0.07221720100642415
WTM,61,tm,80.7,0.31437700399692403,0.07026719399436843
WTM,62,tm,79.31,0.31272537099721376,0.06860371700167889
WTM,63,tm,80.55,0.30585744800191605,0.07035377199645154
WTM,64,tm,81.54,0.32094132900238037,0.06764121900050668
WTM,65,tm,81.82000000000001,0.32590470000286587,0.06916053400345845
WTM,66,tm,80.78,0.3097998649973306,0.0677443280001171
WTM,67,tm,80.69,0.32232520099933026,0.06711741600156529
WTM,68,tm,81.05,0.317569264996564,0.06708559200342279
WTM,69,tm,81.55,0.3019443930024863,0.0667817430003197
WTM,70,tm,81.03,0.309528488003707,0.06899318800424226
WTM,71,tm,80.92,0.31085646399878897,0.06869287699373672
WTM,72,tm,80.95,0.31711864600219997,0.0673144329994102
WTM,73,tm,80.69,0.3113554640003713,0.06712563199835131
WTM,74,tm,81.19,0.3140814349972061,0.0695351579997805
WTM,75,tm,82.02000000000001,0.31136613999842666,0.06772881399956532
WTM,76,tm,82.34,0.3087521259949426,0.06791942000563722
WTM,77,tm,81.39999999999999,0.30951872500008903,0.06913082800019765
WTM,78,tm,81.08999999999999,0.3125329419999616,0.07020674000523286
WTM,79,tm,81.15,0.3181336720008403,0.06895634499960579
WTM,80,tm,82.44,0.31473197800369235,0.06685712699982105
WTM,81,tm,81.27,0.30927106700255536,0.06937879500037525
WTM,82,tm,80.46,0.32005372399726184,0.0704400379981962
WTM,83,tm,81.94,0.31858708700019633,0.06971476200124016
WTM,84,tm,81.47,0.3059238639980322,0.06830125200212933
WTM,85,tm,81.66,0.30905902000085916,0.06965587999729905
WTM,86,tm,81.78,0.3115805659981561,0.07174844799737912
WTM,87,tm,81.35,0.3132162089968915,0.06994144399504876
WTM,88,tm,81.63,0.30408506100502564,0.06776939700648654
WTM,89,tm,82.24000000000001,0.3087337169999955,0.06946469700051239
WTM,90,tm,81.28999999999999,0.30511077400296926,0.06900930099800462
WTM,91,tm,81.35,0.30752241799928015,0.06906969600095181
WTM,92,tm,82.31,0.3109694250015309,0.06960833700577496
WTM,93,tm,80.7,0.3091422809957294,0.07077037199633196
WTM,94,tm,82.44,0.3116897430008976,0.0662998960033292
WTM,95,tm,81.04,0.30106317800527904,0.06681693099380936
WTM,96,tm,81.45,0.3078718820033828,0.06851379900035681
WTM,97,tm,81.03,0.3068557119986508,0.06947206000040751
WTM,98,tm,81.97,0.31427141099993605,0.06925987899739994
WTM,99,tm,81.43,0.3120704850007314,0.0684329540017643
WTM,100,tm,81.5,0.30439606200525304,0.0698344510019524
WTM,101,tm,81.04,0.3042613080033334,0.06923999200080289
WTM,102,tm,81.06,0.31145839799864916,0.06808594500034815
WTM,103,tm,81.10000000000001,0.3121719260016107,0.06885451699781697
WTM,104,tm,80.84,0.3178361960017355,0.06800993600336369
WTM,105,tm,81.65,0.31109335699875373,0.06926272500277264
WTM,106,tm,81.12,0.3088674109967542,0.06798608300596243
WTM,107,tm,82.05,0.3121073689981131,0.06882889600092312
WTM,108,tm,81.04,0.29953755700262263,0.07043630299449433
WTM,109,tm,80.02,0.3065168300017831,0.06495232599991141
WTM,110,tm,81.6,0.3115579329969478,0.07006027900206391
WTM,111,tm,81.5,0.30865880099736387,0.06791920099931303
WTM,112,tm,81.27,0.29871997499867575,0.06894725500023924
WTM,113,tm,81.52000000000001,0.3096270540045225,0.06733655700372765
WTM,114,tm,81.36,0.3183410060009919,0.06813255800079787
WTM,115,tm,80.12,0.31579326399514684,0.06731137199676596
WTM,116,tm,81.3,0.3144302750006318,0.06948116699641105
WTM,117,tm,81.58,0.3123213660001056,0.06888522100052796
WTM,118,tm,81.69999999999999,0.3121917669996037,0.0688624050017097
WTM,119,tm,81.3,0.3078745849998086,0.0680355970034725
WTM,120,tm,81.3,0.3079496319987811,0.06782714399741963
WTM,121,tm,81.02000000000001,0.32373793199803913,0.06882753100217087
WTM,122,tm,80.88,0.30765332400187617,0.06802137100021355
WTM,123,tm,80.36,0.30798504700214835,0.06939835700177355
WTM,124,tm,81.19,0.31950709400553023,0.06763247000344563
WTM,125,tm,81.39,0.3091316900026868,0.06724503800069215
WTM,126,tm,81.6,0.30571408299874747,0.06691790799959563
WTM,127,tm,81.81,0.31376572899898747,0.06844168400130002
WTM,128,tm,81.73,0.31314224500238197,0.06872952899720985
WTM,129,tm,81.44,0.3024619689967949,0.06935005400009686
WTM,130,tm,80.2,0.3117347229999723,0.06932975800009444
WTM,131,tm,81.65,0.30489638399740215,0.07254092600487638
WTM,132,tm,82.01,0.30526640299649443,0.06837339400226483
WTM,133,tm,80.80000000000001,0.3052716780002811,0.06803114100330276
WTM,134,tm,80.89,0.3117329590022564,0.07060781500331359
WTM,135,tm,80.38,0.30866108299960615,0.06901955600187648
WTM,136,tm,80.73,0.30923133400210645,0.06827368100493914
WTM,137,tm,80.61,0.3102543040004093,0.06856258499465184
WTM,138,tm,81.35,0.30826711299596354,0.06862330400326755
WTM,139,tm,81.56,0.3132081739968271,0.06900107899855357
WTM,140,tm,80.69,0.3045651060019736,0.06860490400140407
WTM,141,tm,81.71000000000001,0.30980867100151954,0.06847866200405406
WTM,142,tm,81.47999999999999,0.30708126200624974,0.07075715499377111
WTM,143,tm,81.94,0.3058911280022585,0.06877354900643695
WTM,144,tm,81.65,0.30472073000419186,0.06881861099827802
WTM,145,tm,82.06,0.3071355280044372,0.0677287080034148
WTM,146,tm,80.83,0.3069945759998518,0.06739645400375593
WTM,147,tm,80.84,0.3105985389993293,0.06996934000198962
WTM,148,tm,81.67,0.31255315500311553,0.07020039099734277
WTM,149,tm,81.28999999999999,0.31244427699857624,0.06811622500390513
WTM,150,tm,81.32000000000001,0.30264893499406753,0.06743026999902213
WTM,151,tm,81.73,0.30954272799863247,0.06896018800034653
WTM,152,tm,81.28,0.31692510900029447,0.06712396399962017
WTM,153,tm,81.58999999999999,0.30853468599525513,0.06962260000000242
WTM,154,tm,81.55,0.3058739499974763,0.06816125699697295
WTM,155,tm,81.73,0.3021667590001016,0.06836999699589796
WTM,156,tm,80.73,0.3066138710055384,0.06696448499860708
WTM,157,tm,82.24000000000001,0.31084061000001384,0.0687251919953269
WTM,158,tm,81.23,0.3045734219995211,0.0682682710030349
WTM,159,tm,81.87,0.31448707199888304,0.06893791999755194
WTM,160,tm,80.05,0.30718626500311075,0.06977551900490653
WTM,161,tm,81.46,0.31825555999967037,0.066109913001128
WTM,162,tm,80.54,0.3063088120034081,0.06873306399938883
WTM,163,tm,81.01,0.30602673000248615,0.06659126999875298
WTM,164,tm,80.96,0.2996883789965068,0.0776300940051442
WTM,165,tm,81.66,0.306350423998083,0.06800922399997944
WTM,166,tm,81.78999999999999,0.3033580229966901,0.06624607399862725
WTM,167,tm,81.05,0.30707217599410797,0.0677819529955741
WTM,168,tm,81.67999999999999,0.3083707420009887,0.06910074099869234
WTM,169,tm,82.07,0.30655193900020095,0.07113832799950615
WTM,170,tm,81.22,0.302360370005772,0.06855149799957871
WTM,171,tm,80.62,0.30525938200298697,0.0695690030042897
WTM,172,tm,81.17999999999999,0.309365754997998,0.07190696200268576
WTM,173,tm,79.73,0.31103332999919076,0.06926083500002278
WTM,174,tm,79.9,0.3091585229994962,0.0684961610022583
WTM,175,tm,81.45,0.31030981900403276,0.0686176989984233
WTM,176,tm,81.10000000000001,0.3155808989977231,0.06793556200136663
WTM,177,tm,80.96,0.3057578410007409,0.06917089399939869
WTM,178,tm,81.81,0.3061379319988191,0.0677690509983222
WTM,179,tm,80.74,0.3123581070030923,0.06870398699538782
WTM,180,tm,82.19,0.31466876799822785,0.06870670199714368
WTM,181,tm,80.78999999999999,0.3166245690008509,0.06894090800051345
WTM,182,tm,81.25,0.31151432899787324,0.06943385900376597
WTM,183,tm,81.28,0.3055804219984566,0.06779464999999618
WTM,184,tm,80.27,0.30836970399832353,0.06765649300359655
WTM,185,tm,80.47999999999999,0.30697384999803035,0.0686072559983586
WTM,186,tm,81.14,0.3044399739956134,0.07065062400215538
WTM,187,tm,81.47,0.31358862100023543,0.06889872200554237
WTM,188,tm,82.24000000000001,0.3029993349991855,0.06669501100259367
WTM,189,tm,80.41,0.30360999099502806,0.06887343199923635
WTM,190,tm,80.87,0.308975569998438,0.06758230600098614
WTM,191,tm,80.83,0.31315377499413444,0.06932814099855023
WTM,192,tm,82.15,0.3091777320005349,0.06896695499744965
WTM,193,tm,81.27,0.31066914000257384,0.06934652300697053
WTM,194,tm,81.93,0.29008613799669547,0.06700316599744838
WTM,195,tm,81.47999999999999,0.30713806000130717,0.06932091400085483
WTM,196,tm,81.49,0.30400263799674576,0.068803938003839
WTM,197,tm,81.55,0.3069392909965245,0.06960108099883655
WTM,198,tm,82.01,0.32199614900309825,0.06957575200067367
WTM,199,tm,81.06,0.3098032840061933,0.0678255549937603
WTM,200,tm,79.95,0.3023424229977536,0.06702872899768408
WTM,201,tm,80.55,0.305351407994749,0.06824715599941555
WTM,202,tm,78.85,0.30761486599658383,0.06886463800037745
WTM,203,tm,80.78999999999999,0.3018891789979534,0.06668357300077332
WTM,204,tm,81.24,0.3025716969932546,0.06761291000293568
WTM,205,tm,81.76,0.3065461829974083,0.06953629200143041
WTM,206,tm,80.69,0.3050134060031269,0.06956187300238525
WTM,207,tm,80.58,0.3079923199984478,0.06549071399786044
WTM,208,tm,81.42,0.30655058200500207,0.06889736900484422
WTM,209,tm,80.19,0.31336058099986985,0.07005650700011756
WTM,210,tm,81.64,0.30048222900222754,0.07449686100153485
WTM,211,tm,80.97,0.31183266699372325,0.07016316199587891
WTM,212,tm,82.38,0.32474815800378565,0.06785391899757087
WTM,213,tm,81.91000000000001,0.3084186040068744,0.06927854000241496
WTM,214,tm,80.87,0.30646728799911216,0.06924033499672078
WTM,215,tm,80.86,0.3051332269969862,0.06901774700236274
WTM,216,tm,81.94,0.30320361299527576,0.06776096300018253
WTM,217,tm,80.69,0.3030871099981596,0.06774339399999008
WTM,218,tm,80.44,0.30670142699818825,0.06832499500160338
WTM,219,tm,80.36999999999999,0.3114484370016726,0.06530441399809206
WTM,220,tm,82.1,0.3084057660016697,0.06821356900036335
WTM,221,tm,81.06,0.30254814400541363,0.06820919400342973
WTM,222,tm,82.05,0.3053890089940978,0.06959938100044383
WTM,223,tm,81.27,0.29790937199868495,0.06669795500056352
WTM,224,tm,81.81,0.3105860100040445,0.06916755400015973
WTM,225,tm,80.36999999999999,0.308886339997116,0.06767653599672485
WTM,226,tm,80.78,0.3165616529950057,0.06754344500222942
WTM,227,tm,80.69,0.3153887879961985,0.06790443800127832
WTM,228,tm,80.93,0.3105025240001851,0.06699494599888567
WTM,229,tm,80.04,0.30167342500499217,0.06808145099785179
WTM,230,tm,82.04,0.30481026099732844,0.06697002799774054
WTM,231,tm,81.05,0.3125974100039457,0.06851347599877045
WTM,232,tm,80.44,0.3039285849954467,0.06996444900141796
WTM,233,tm,80.74,0.3065734859992517,0.06907810199481901
WTM,234,tm,80.82000000000001,0.3132319130018004,0.0664529119967483
WTM,235,tm,81.95,0.3083988130019861,0.06680570099706529
WTM,236,tm,80.64,0.3019873289958923,0.06754234699474182
WTM,237,tm,81.45,0.3009117289984715,0.06745279300230322
WTM,238,tm,82.09,0.3050282990006963,0.06803837500046939
WTM,239,tm,82.15,0.3105428109993227,0.0656003399999463
WTM,240,tm,81.36,0.3140377149975393,0.07205100999999559
WTM,241,tm,81.56,0.3047847729976638,0.06855226199695608
WTM,242,tm,80.53,0.3145796410026378,0.06841738199727843
WTM,243,tm,82.55,0.3079891629968188,0.06744430300022941
WTM,244,tm,81.88,0.3064440710004419,0.0688522060008836
WTM,245,tm,81.19,0.30434710899862694,0.06828729399421718
WTM,246,tm,81.89999999999999,0.29895050499908393,0.06770490000053542
WTM,247,tm,81.26,0.297578745005012,0.06781183800194412
WTM,248,tm,81.39999999999999,0.303247856994858,0.0670548600028269
WTM,249,tm,81.13,0.29665753900189884,0.06961765400046716
WTM,250,tm,82.13000000000001,0.31090931700600777,0.06865655099682044
WTM,251,tm,81.57,0.2999406770031783,0.06738331999804359
WTM,252,tm,81.11,0.3102689380029915,0.06822426299913786
WTM,253,tm,81.41000000000001,0.31881066400092095,0.06778699899587082
WTM,254,tm,82.1,0.31247524300124496,0.07050635599443922
WTM,255,tm,80.78,0.3126234029987245,0.06884918799914885
WTM,256,tm,81.13,0.3051427929967758,0.0688188740023179
WTM,257,tm,79.69000000000001,0.31309855700237677,0.06683648900070693
WTM,258,tm,79.89,0.3067643389949808,0.06898038199869916
WTM,259,tm,81.32000000000001,0.29956642600154737,0.0697532600024715
WTM,260,tm,80.89,0.3064963529977831,0.0680554460050189
WTM,261,tm,79.86,0.3073131000055582,0.06757515299977968
WTM,262,tm,82.1,0.2949830860015936,0.0671889730001567
WTM,263,tm,81.47,0.305201005001436,0.06823997799801873
WTM,264,tm,81.71000000000001,0.30575720299384557,0.06812937300128397
WTM,265,tm,82.19999999999999,0.29213616799825104,0.06807976800337201
WTM,266,tm,80.64,0.3024521869956516,0.0673857789952308
WTM,267,tm,81.33,0.2998371520006913,0.06786193500010995
WTM,268,tm,81.24,0.2980248589956318,0.06892022800457198
WTM,269,tm,82.37,0.3053568230025121,0.06853880299604498
WTM,270,tm,80.83,0.3120763879996957,0.06720326999493409
WTM,271,tm,81.72,0.3022878289993969,0.06862654900032794
WTM,272,tm,81.06,0.31134217400540365,0.06877479200193193
WTM,273,tm,81.03,0.30813651599601144,0.0683207779948134
WTM,274,tm,80.83,0.30394624100154033,0.06940594800107647
WTM,275,tm,81.89999999999999,0.30497402400214924,0.06820199499634327
WTM,276,tm,82.36,0.301932875001512,0.06904632900113938
WTM,277,tm,81.5,0.3001741080006468,0.06807292899611639
WTM,278,tm,81.16,0.30850239400024293,0.06855571000050986
WTM,279,tm,81.05,0.3226098409941187,0.06438047000119695
WTM,280,tm,82.49,0.3120771559988498,0.06988016799732577
WTM,281,tm,82.02000000000001,0.3009197840001434,0.06789744599518599
WTM,282,tm,81.93,0.3037830179964658,0.06945131599786691
WTM,283,tm,81.21000000000001,0.3026851859976887,0.0694174469972495
WTM,284,tm,81.08999999999999,0.3073435719998088,0.0677394309968804
WTM,285,tm,80.19,0.3004059689992573,0.07018473999778507
WTM,286,tm,81.91000000000001,0.31141093800397357,0.0670729850025964
WTM,287,tm,81.81,0.3035532020003302,0.07035472699499223
WTM,288,tm,82.27,0.3082849110069219,0.06849707700166618
WTM,289,tm,81.92,0.310394036998332,0.06536041900108103
WTM,290,tm,81.97,0.3021869069998502,0.07224591800331837
WTM,291,tm,81.22,0.30084115299541736,0.06805688900203677
WTM,292,tm,81.65,0.3155093070017756,0.0680136470036814
WTM,293,tm,80.62,0.310375090004527,0.06945945400366327
WTM,294,tm,81.57,0.30770995899365516,0.06828764000238152
WTM,295,tm,81.51,0.2980038629975752,0.06797683700278867
WTM,296,tm,82.28,0.304090185003588,0.06822620399907464
WTM,297,tm,81.5,0.3058233129995642,0.06990029299777234
WTM,298,tm,81.73,0.3011463420043583,0.06887821999407606
WTM,299,tm,80.16,0.3009958920010831,0.0681841629993869
WTM,300,tm,81.06,0.301433320993965,0.06952793199889129
WTM,301,tm,81.91000000000001,0.30797633299516747,0.06825923099677311
WTM,302,tm,82.39,0.3054790160022094,0.07052940300491173
WTM,303,tm,81.38,0.3096587800027919,0.0696503479994135
WTM,304,tm,80.71000000000001,0.3116525420045946,0.06846549600595608
WTM,305,tm,81.62,0.31037253600516124,0.06994338699587388
WTM,306,tm,79.33,0.30167388699919684,0.0684913389995927
WTM,307,tm,80.57,0.3065072590034106,0.06642516000283649
WTM,308,tm,81.25,0.31124158699822146,0.06768691100296564
WTM,309,tm,81.55,0.30380221599625656,0.06845369900111109
WTM,310,tm,81.05,0.2948138020001352,0.06963928599725477
WTM,311,tm,81.93,0.3120900089998031,0.06933426899922779
WTM,312,tm,82.05,0.31000580900581554,0.06835788999887882
WTM,313,tm,81.36,0.30276729500474175,0.06922389899409609
WTM,314,tm,82.28,0.3016766340006143,0.06881274699844653
WTM,315,tm,81.92,0.3084131600044202,0.06992483299836749
WTM,316,tm,81.96,0.3024864839971997,0.06818726799974684
WTM,317,tm,81.51,0.31417039899679366,0.07478352599719074
WTM,318,tm,81.10000000000001,0.30027477700059535,0.06985884499590611
WTM,319,tm,81.51,0.3089873450007872,0.06735590499738464
WTM,320,tm,82.49,0.2993219509953633,0.06709184200008167
WTM,321,tm,82.26,0.2973452090009232,0.06859636099397903
WTM,322,tm,81.77,0.3085863230007817,0.06786521100002574
WTM,323,tm,82.33,0.30334467600187054,0.06834382899978664
WTM,324,tm,81.84,0.3058626030033338,0.06687686200166354
WTM,325,tm,81.08,0.313003552997543,0.06893970199598698
WTM,326,tm,81.02000000000001,0.3047796230021049,0.06816196299769217
WTM,327,tm,81.82000000000001,0.30139722100284416,0.06843633700191276
WTM,328,tm,81.81,0.3066338060016278,0.06784445000084816
WTM,329,tm,82.01,0.3140251000004355,0.06828528299956815
WTM,330,tm,81.64,0.3022589539978071,0.06711103500128957
WTM,331,tm,81.62,0.30128276300092693,0.06834374100435525
WTM,332,tm,81.67999999999999,0.3108450840009027,0.06720877200132236
WTM,333,tm,81.87,0.30115182400186313,0.06814576000033412
WTM,334,tm,81.0,0.30861444499896606,0.06657667399849743
WTM,335,tm,82.65,0.31399819000216667,0.0693052579954383
WTM,336,tm,81.78,0.30266018999827793,0.07514264600467868
WTM,337,tm,80.7,0.3051716869958909,0.06828479900286766
WTM,338,tm,81.87,0.308029888998135,0.06774812000367092
WTM,339,tm,81.53,0.3200086009965162,0.06605203000071924
WTM,340,tm,82.8,0.3021592649965896,0.06903093599976273
WTM,341,tm,81.84,0.3138369839944062,0.06838446899928385
WTM,342,tm,81.33,0.307620585001132,0.07042076899961103
WTM,343,tm,80.77,0.30396255400410155,0.06853416099329479
WTM,344,tm,81.14,0.3042910439980915,0.07289404699986335
WTM,345,tm,81.51,0.3140816619998077,0.06977593599731335
WTM,346,tm,81.75,0.3046309600031236,0.06928004999645054
WTM,347,tm,81.58,0.30017740200128173,0.06893028299964499
WTM,348,tm,81.92,0.30103524000151083,0.0678676280003856
WTM,349,tm,81.67,0.3045630410051672,0.06952734399965266
WTM,350,tm,81.08,0.3017089589993702,0.07003746499685803
WTM,351,tm,82.32000000000001,0.30604570399736986,0.0676394080001046
WTM,352,tm,80.08,0.30427366699586855,0.06721993900282541
WTM,353,tm,81.95,0.30372800300392555,0.06776101799914613
WTM,354,tm,81.03,0.2890982550015906,0.06982106099894736
WTM,355,tm,81.57,0.30604925400257343,0.0719876689981902
WTM,356,tm,81.64,0.29982001700409455,0.06642127300438005
WTM,357,tm,80.67,0.3070698740048101,0.06818360499892151
WTM,358,tm,81.17,0.3095293139995192,0.06654855200031307
WTM,359,tm,81.3,0.30664829300076235,0.06780628300475655
WTM,360,tm,81.77,0.3028005079977447,0.06931003600038821
WTM,361,tm,81.74,0.30260761699901195,0.06887182500213385
WTM,362,tm,82.06,0.31481933499890147,0.06706643100187648
WTM,363,tm,81.32000000000001,0.30642605100001674,0.06917345699912403
WTM,364,tm,82.04,0.3077211260024342,0.06771537399617955
WTM,365,tm,81.89999999999999,0.30305915899953106,0.06826458000432467
WTM,366,tm,80.91000000000001,0.3198895640016417,0.06994178199965972
WTM,367,tm,80.91000000000001,0.3057842320049531,0.06963805999839678
WTM,368,tm,81.78999999999999,0.30605348300014157,0.06892352399881929
WTM,369,tm,80.65,0.303834073994949,0.06994973700057017
WTM,370,tm,81.23,0.30375019399798475,0.06683520699880319
WTM,371,tm,81.3,0.3097715319963754,0.07332676099758828
WTM,372,tm,80.97,0.3077004719962133,0.0697406149993185
WTM,373,tm,80.77,0.30622479800513247,0.06753867199586239
WTM,374,tm,81.52000000000001,0.3054298339993693,0.06966921599814668
WTM,375,tm,82.67999999999999,0.31187854900053935,0.06834430599701591
WTM,376,tm,81.25,0.3001138629988418,0.06859596299909754
WTM,377,tm,81.81,0.3047449789955863,0.06953101399994921
WTM,378,tm,79.86999999999999,0.2949465509955189,0.0684739959979197
WTM,379,tm,81.03,0.3012554029992316,0.06833777199790347
WTM,380,tm,79.77,0.30378328599908855,0.06805279700347455
WTM,381,tm,80.78,0.3044573279985343,0.0679740949999541
WTM,382,tm,80.22,0.3075534930030699,0.06777170200075489
WTM,383,tm,82.01,0.3087467179939267,0.06841917499696137
WTM,384,tm,79.21000000000001,0.29882775899750413,0.06855938600347145
WTM,385,tm,80.54,0.30904776899842545,0.07074216300679836
WTM,386,tm,81.55,0.31060368399630534,0.06833855599688832
WTM,387,tm,81.39999999999999,0.305591905998881,0.06693863299733493
WTM,388,tm,80.46,0.3014752140006749,0.06846959399990737
WTM,389,tm,82.15,0.30736475600133417,0.06874437700025737
WTM,390,tm,80.73,0.30828173700137995,0.06926463800482452
WTM,391,tm,82.5,0.31115850299829617,0.06894799700239673
WTM,392,tm,81.39999999999999,0.30409077699732734,0.06778800800384488
WTM,393,tm,81.69999999999999,0.3023860230023274,0.06948010700580198
WTM,394,tm,81.97,0.2991199870011769,0.06829890500375768
WTM,395,tm,81.91000000000001,0.3083124909971957,0.06852026400156319
WTM,396,tm,81.22,0.3069242359997588,0.06731159500486683
WTM,397,tm,81.34,0.3000675270013744,0.06863497800077312
WTM,398,tm,82.0,0.3062532049953006,0.06762471299589379
WTM,399,tm,81.57,0.2989000870002201,0.06812918999639805
WTM,400,tm,80.62,0.30472416800330393,0.06835914299881551
WTM,401,tm,81.46,0.30544349199772114,0.06958941199991386
WTM,402,tm,81.34,0.3085983670025598,0.06910783700004686
WTM,403,tm,82.01,0.3080385470020701,0.06989782700111391
WTM,404,tm,82.17,0.3108776970038889,0.06944396000471897
WTM,405,tm,82.07,0.3014602519979235,0.068339047000336
WTM,406,tm,80.63,0.30453278200002387,0.06683680399873992
WTM,407,tm,82.01,0.3053543679998256,0.06789355000364594
WTM,408,tm,81.65,0.2979328100045677,0.0672380229952978
WTM,409,tm,82.06,0.31191172499529785,0.06823356200038688
WTM,410,tm,81.39,0.29624071899888804,0.06814557499455987
WTM,411,tm,81.47,0.30070769599842606,0.06899036699905992
WTM,412,tm,81.58999999999999,0.30613965599332005,0.06857708300231025
WTM,413,tm,81.75,0.30539393100480083,0.06594670600316022
WTM,414,tm,81.47999999999999,0.3004118499957258,0.06724767400010023
WTM,415,tm,82.02000000000001,0.3064846889974433,0.07047839400183875
WTM,416,tm,81.73,0.3272354049986461,0.06911093099915888
WTM,417,tm,80.75,0.30023058599908836,0.06849964100547368
WTM,418,tm,81.84,0.30159310899762204,0.06994978200236801
WTM,419,tm,81.07,0.3035291589985718,0.07014452000294114
WTM,420,tm,81.75,0.29895182300242595,0.06970074600394582
WTM,421,tm,81.16,0.30164560599951074,0.06906855100532994
WTM,422,tm,81.05,0.306242207007017,0.0684703549995902
WTM,423,tm,82.31,0.30941418800648535,0.06871130999934394
WTM,424,tm,81.73,0.3046902369969757,0.0691037549986504
WTM,425,tm,81.19,0.30167326299851993,0.06825431199831655
WTM,426,tm,81.26,0.3045047859995975,0.06845919499755837
WTM,427,tm,80.21000000000001,0.3118466890009586,0.07006585300405277
WTM,428,tm,82.05,0.30561715200019535,0.07020172900229227
WTM,429,tm,81.47,0.3031079829961527,0.06915805799508234
WTM,430,tm,79.91,0.30856658599805087,0.07431987600284629
WTM,431,tm,81.26,0.308523833999061,0.06944514999486273
WTM,432,tm,81.32000000000001,0.30373655400035204,0.07008754499838687
WTM,433,tm,81.94,0.3032401220043539,0.0678657190001104
WTM,434,tm,80.77,0.3141787580025266,0.06757052000466501
WTM,435,tm,82.53,0.30152404199907323,0.06814289799513062
WTM,436,tm,81.61,0.31134572999872034,0.06904125699657016
WTM,437,tm,81.58999999999999,0.30324550600198563,0.06981018500664504
WTM,438,tm,80.35,0.30940027099859435,0.0694905279960949
WTM,439,tm,81.58,0.3062953920016298,0.06859761400119169
WTM,440,tm,81.33,0.31582613000500714,0.06905600799655076
WTM,441,tm,81.98,0.2960926079977071,0.06780997500027297
WTM,442,tm,81.47,0.2987715820054291,0.06723349000094458
WTM,443,tm,81.05,0.300617210996279,0.06959986900619697
WTM,444,tm,82.15,0.31038062299921876,0.0690270609993604
WTM,445,tm,79.95,0.30366097499791067,0.06744379999872763
WTM,446,tm,82.42,0.3108292469987646,0.06823833999806084
WTM,447,tm,81.37,0.30077456399885705,0.06969922199641587
WTM,448,tm,81.82000000000001,0.3040309900025022,0.06942140499450034
WTM,449,tm,81.06,0.2993229909989168,0.07017798699962441
WTM,450,tm,81.36,0.3057743239987758,0.06908222299534827
WTM,451,tm,81.6,0.3075675789950765,0.06882739200227661
WTM,452,tm,81.25,0.30326908500137506,0.06910693599638762
WTM,453,tm,81.75,0.3045327010040637,0.06846677299472503
WTM,454,tm,80.74,0.3096157600011793,0.07015449099708349
WTM,455,tm,81.32000000000001,0.3029808560022502,0.0672097099959501
WTM,456,tm,81.28999999999999,0.3079328970052302,0.06965523600229062
WTM,457,tm,81.49,0.30285194300086005,0.06918449800286908
WTM,458,tm,81.0,0.3063585529962438,0.06877330000133952
WTM,459,tm,81.41000000000001,0.3007102039991878,0.06923504299629712
WTM,460,tm,80.83,0.30446917500376003,0.06786548200034304
WTM,461,tm,81.0,0.30627310200361535,0.0686591400008183
WTM,462,tm,81.47999999999999,0.30093505699915113,0.06882441799825756
WTM,463,tm,81.8,0.30995754299510736,0.06847848100005649
WTM,464,tm,80.02,0.30333100000279956,0.0679503970022779
WTM,465,tm,80.83,0.30536471999948844,0.06904032199963694
WTM,466,tm,82.28,0.32024537100369344,0.06949374100076966
WTM,467,tm,81.08999999999999,0.2984853949965327,0.06817946899536764
WTM,468,tm,81.34,0.29983719599840697,0.06798531200183788
WTM,469,tm,81.94,0.30514629399840487,0.06900184800178977
WTM,470,tm,80.55,0.3102862189989537,0.0676180239970563
WTM,471,tm,81.94,0.3012257709997357,0.06985570099641336
WTM,472,tm,81.23,0.3132853549977881,0.07021872400218854
WTM,473,tm,81.05,0.3078978549965541,0.06892400800279574
WTM,474,tm,81.16,0.30182106899883365,0.06828587999916635
WTM,475,tm,81.49,0.30333104599412763,0.06719587399857119
WTM,476,tm,81.74,0.3179440120002255,0.06832784500147682
WTM,477,tm,81.52000000000001,0.30495103699649917,0.06855747199733742
WTM,478,tm,78.95,0.3016113480043714,0.06853681100619724
WTM,479,tm,82.42,0.3048309100049664,0.07108999000047334
WTM,480,tm,81.97,0.30424641400168184,0.06764503200247418
WTM,481,tm,81.0,0.3143889720013249,0.07093051200354239
WTM,482,tm,80.84,0.3085068130021682,0.06914810500165913
WTM,483,tm,81.17,0.30379059400002006,0.06810524100001203
WTM,484,tm,81.16,0.3174477430002298,0.06899431799683953
WTM,485,tm,81.53,0.318284691995359,0.06959257300331956
WTM,486,tm,81.88,0.3018598779963213,0.06883694700081833
WTM,487,tm,80.47999999999999,0.3108598359976895,0.06901880599616561
WTM,488,tm,81.67999999999999,0.3103833109998959,0.06931982400419656
WTM,489,tm,82.73,0.30485616700025275,0.07287688100041123
WTM,490,tm,82.27,0.3017371419991832,0.06879633700009435
WTM,491,tm,81.05,0.31304415500198957,0.06948472200019751
WTM,492,tm,80.23,0.30045041399716865,0.06900336399849039
WTM,493,tm,82.27,0.3088400780034135,0.06915024499903666
WTM,494,tm,81.89999999999999,0.3113681000031647,0.07031555199500872
WTM,495,tm,81.16,0.3076852570011397,0.06494871999893803
WTM,496,tm,81.16,0.30180342299718177,0.06731096000294201
WTM,497,tm,81.47,0.3054032840009313,0.071836668998003
WTM,498,tm,81.58999999999999,0.30351066600269405,0.07091609900089679
WTM,499,tm,81.36,0.30650569000135874,0.06880863599508302
WTM,500,tm,81.25,0.30346004900638945,0.06906095600425033
WTM-NN,1,tm,77.47,0.39879934600321576,0.06658747800247511
WTM-NN,2,tm,78.55,0.35509043899946846,0.0658442650019424
WTM-NN,3,tm,77.81,0.359150315001898,0.06778125900018495
WTM-NN,4,tm,79.33,0.343892037999467,0.06717646300239721
WTM-NN,5,tm,77.53,0.3357026430021506,0.06751204399915878
WTM-NN,6,tm,79.77,0.34433359800459584,0.06742701800249051
WTM-NN,7,tm,79.63,0.3303554369995254,0.06784660700213863
WTM-NN,8,tm,79.36,0.3509344950070954,0.06778557899815496
WTM-NN,9,tm,79.47999999999999,0.326024308000342,0.06732314400142059
WTM-NN,10,tm,80.04,0.3227699720009696,0.06767185399803566
WTM-NN,11,tm,80.24,0.3359754929988412,0.06756075600424083
WTM-NN,12,tm,79.83,0.3293989900048473,0.06669740999495843
WTM-NN,13,tm,79.55,0.32367066699953284,0.06865644199569942
WTM-NN,14,tm,79.4,0.32631226100056665,0.06775890100107063
WTM-NN,15,tm,80.47,0.3260772490029922,0.06889158800186124
WTM-NN,16,tm,80.10000000000001,0.3279913049991592,0.0672412229978363
WTM-NN,17,tm,80.38,0.330976286000805,0.06955491700500716
WTM-NN,18,tm,79.33,0.318016382996575,0.06767443400167394
WTM-NN,19,tm,80.63,0.3180393840011675,0.06771875100093894
WTM-NN,20,tm,80.36999999999999,0.31875718000083,0.070840810003574
WTM-NN,21,tm,81.45,0.3220677860008436,0.06867194299411494
WTM-NN,22,tm,79.9,0.3208597379998537,0.06728060000023106
WTM-NN,23,tm,79.4,0.3249482480023289,0.06925949500146089
WTM-NN,24,tm,80.46,0.3241557669971371,0.07588162100000773
WTM-NN,25,tm,80.54,0.31623072100046556,0.06662856400362216
WTM-NN,26,tm,80.92,0.3126129509983002,0.0680364629952237
WTM-NN,27,tm,81.08,0.31448059999820543,0.06838612400315469
WTM-NN,28,tm,81.33,0.3068351500041899,0.06852036800410133
WTM-NN,29,tm,80.43,0.31928897999750916,0.06718588499643374
WTM-NN,30,tm,80.49,0.3209327200020198,0.06823379100387683
WTM-NN,31,tm,80.36,0.3123652680005762,0.06747198100492824
WTM-NN,32,tm,80.87,0.313319581997348,0.06738724900060333
WTM-NN,33,tm,79.9,0.31448185900080716,0.06399512800271623
WTM-NN,34,tm,81.21000000000001,0.31772542099497514,0.06663319100334775
WTM-NN,35,tm,81.83,0.3180283600013354,0.06621739600086585
WTM-NN,36,tm,81.14,0.31683110999438213,0.06762804000027245
WTM-NN,37,tm,80.73,0.3202505680019385,0.07007175299804658
WTM-NN,38,tm,79.81,0.31829250800365116,0.06766647800395731
WTM-NN,39,tm,80.85,0.3128506479988573,0.06852885599801084
WTM-NN,40,tm,80.87,0.32720436400268227,0.06913819900364615
WTM-NN,41,tm,81.08999999999999,0.2974515330060967,0.07080957099969964
WTM-NN,42,tm,81.72,0.31392912899900693,0.06708866500412114
WTM-NN,43,tm,81.44,0.31382356399990385,0.06514115500613116
WTM-NN,44,tm,80.96,0.3119288449961459,0.0680052519965102
WTM-NN,45,tm,81.06,0.31683654399967054,0.06953732999681961
WTM-NN,46,tm,80.78,0.3155640510012745,0.06810561800375581
WTM-NN,47,tm,81.45,0.31274253300216515,0.06876163400011137
WTM-NN,48,tm,80.67999999999999,0.30898974299634574,0.06746453099913197
WTM-NN,49,tm,80.93,0.3146654890006175,0.06992024100327399
WTM-NN,50,tm,79.46,0.3193444470016402,0.06841572600387735
WTM-NN,51,tm,78.25999999999999,0.3104887060035253,0.06708437600173056
WTM-NN,52,tm,80.89,0.31570142899727216,0.0680728689985699
WTM-NN,53,tm,80.84,0.3085930540037225,0.06890373199712485
WTM-NN,54,tm,81.26,0.3193864990025759,0.06793707399629056
WTM-NN,55,tm,81.11,0.31000240800494794,0.0679746649984736
WTM-NN,56,tm,80.51,0.3108681419980712,0.06799764900642913
WTM-NN,57,tm,81.52000000000001,0.30717620300129056,0.06838179100304842
WTM-NN,58,tm,81.14,0.3071355499996571,0.06979287899594055
WTM-NN,59,tm,80.89,0.31525295699975686,0.06631356999423588
WTM-NN,60,tm,81.6,0.3052724160006619,0.07221720100642415
WTM-NN,61,tm,80.7,0.31437700399692403,0.07026719399436843
WTM-NN,62,tm,79.31,0.31272537099721376,0.06860371700167889
WTM-NN,63,tm,80.55,0.30585744800191605,0.07035377199645154
WTM-NN,64,tm,81.54,0.32094132900238037,0.06764121900050668
WTM-NN,65,tm,81.82000000000001,0.32590470000286587,0.06916053400345845
WTM-NN,66,tm,80.78,0.3097998649973306,0.0677443280001171
WTM-NN,67,tm,80.69,0.32232520099933026,0.06711741600156529
WTM-NN,68,tm,81.05,0.317569264996564,0.06708559200342279
WTM-NN,69,tm,81.55,0.3019443930024863,0.0667817430003197
WTM-NN,70,tm,81.03,0.309528488003707,0.06899318800424226
WTM-NN,71,tm,80.92,0.31085646399878897,0.06869287699373672
WTM-NN,72,tm,80.95,0.31711864600219997,0.0673144329994102
WTM-NN,73,tm,80.69,0.3113554640003713,0.06712563199835131
WTM-NN,74,tm,81.19,0.3140814349972061,0.0695351579997805
WTM-NN,75,tm,82.02000000000001,0.31136613999842666,0.06772881399956532
WTM-NN,76,tm,82.34,0.3087521259949426,0.06791942000563722
WTM-NN,77,tm,81.39999999999999,0.30951872500008903,0.06913082800019765
WTM-NN,78,tm,81.08999999999999,0.3125329419999616,0.07020674000523286
WTM-NN,79,tm,81.15,0.3181336720008403,0.06895634499960579
WTM-NN,80,tm,82.44,0.31473197800369235,0.06685712699982105
WTM-NN,81,tm,81.27,0.30927106700255536,0.06937879500037525
WTM-NN,82,tm,80.46,0.32005372399726184,0.0704400379981962
WTM-NN,83,tm,81.94,0.31858708700019633,0.06971476200124016
WTM-NN,84,tm,81.47,0.3059238639980322,0.06830125200212933
WTM-NN,85,tm,81.66,0.30905902000085916,0.06965587999729905
WTM-NN,86,tm,81.78,0.3115805659981561,0.07174844799737912
WTM-NN,87,tm,81.35,0.3132162089968915,0.06994144399504876
WTM-NN,88,tm,81.63,0.30408506100502564,0.06776939700648654
WTM-NN,89,tm,82.24000000000001,0.3087337169999955,0.06946469700051239
WTM-NN,90,tm,81.28999999999999,0.30511077400296926,0.06900930099800462
WTM-NN,91,tm,81.35,0.30752241799928015,0.06906969600095181
WTM-NN,92,tm,82.31,0.3109694250015309,0.06960833700577496
WTM-NN,93,tm,80.7,0.3091422809957294,0.07077037199633196
WTM-NN,94,tm,82.44,0.3116897430008976,0.0662998960033292
WTM-NN,95,tm,81.04,0.30106317800527904,0.06681693099380936
WTM-NN,96,tm,81.45,0.3078718820033828,0.06851379900035681
WTM-NN,97,tm,81.03,0.3068557119986508,0.06947206000040751
WTM-NN,98,tm,81.97,0.31427141099993605,0.06925987899739994
WTM-NN,99,tm,81.43,0.3120704850007314,0.0684329540017643
WTM-NN,100,tm,81.5,0.30439606200525304,0.0698344510019524
WTM-NN,101,tm,81.04,0.3042613080033334,0.06923999200080289
WTM-NN,102,tm,81.06,0.31145839799864916,0.06808594500034815
WTM-NN,103,tm,81.10000000000001,0.3121719260016107,0.06885451699781697
WTM-NN,104,tm,80.84,0.3178361960017355,0.06800993600336369
WTM-NN,105,tm,81.65,0.31109335699875373,0.06926272500277264
WTM-NN,106,tm,81.12,0.3088674109967542,0.06798608300596243
WTM-NN,107,tm,82.05,0.3121073689981131,0.06882889600092312
WTM-NN,108,tm,81.04,0.29953755700262263,0.07043630299449433
WTM-NN,109,tm,80.02,0.3065168300017831,0.06495232599991141
WTM-NN,110,tm,81.6,0.3115579329969478,0.07006027900206391
WTM-NN,111,tm,81.5,0.30865880099736387,0.06791920099931303
WTM-NN,112,tm,81.27,0.29871997499867575,0.06894725500023924
WTM-NN,113,tm,81.52000000000001,0.3096270540045225,0.06733655700372765
WTM-NN,114,tm,81.36,0.3183410060009919,0.06813255800079787
WTM-NN,115,tm,80.12,0.31579326399514684,0.06731137199676596
WTM-NN,116,tm,81.3,0.3144302750006318,0.06948116699641105
WTM-NN,117,tm,81.58,0.3123213660001056,0.06888522100052796
WTM-NN,118,tm,81.69999999999999,0.3121917669996037,0.0688624050017097
WTM-NN,119,tm,81.3,0.3078745849998086,0.0680355970034725
WTM-NN,120,tm,81.3,0.3079496319987811,0.06782714399741963
WTM-NN,121,tm,81.02000000000001,0.32373793199803913,0.06882753100217087
WTM-NN,122,tm,80.88,0.30765332400187617,0.06802137100021355
WTM-NN,123,tm,80.36,0.30798504700214835,0.06939835700177355
WTM-NN,124,tm,81.19,0.31950709400553023,0.06763247000344563
WTM-NN,125,tm,81.39,0.3091316900026868,0.06724503800069215
WTM-NN,126,tm,81.6,0.30571408299874747,0.06691790799959563
WTM-NN,127,tm,81.81,0.31376572899898747,0.06844168400130002
WTM-NN,128,tm,81.73,0.31314224500238197,0.06872952899720985
WTM-NN,129,tm,81.44,0.3024619689967949,0.06935005400009686
WTM-NN,130,tm,80.2,0.3117347229999723,0.06932975800009444
WTM-NN,131,tm,81.65,0.30489638399740215,0.07254092600487638
WTM-NN,132,tm,82.01,0.30526640299649443,0.06837339400226483
WTM-NN,133,tm,80.80000000000001,0.3052716780002811,0.06803114100330276
WTM-NN,134,tm,80.89,0.3117329590022564,0.07060781500331359
WTM-NN,135,tm,80.38,0.30866108299960615,0.06901955600187648
WTM-NN,136,tm,80.73,0.30923133400210645,0.06827368100493914
WTM-NN,137,tm,80.61,0.3102543040004093,0.06856258499465184
WTM-NN,138,tm,81.35,0.30826711299596354,0.06862330400326755
WTM-NN,139,tm,81.56,0.3132081739968271,0.06900107899855357
WTM-NN,140,tm,80.69,0.3045651060019736,0.06860490400140407
WTM-NN,141,tm,81.71000000000001,0.30980867100151954,0.06847866200405406
WTM-NN,142,tm,81.47999999999999,0.30708126200624974,0.07075715499377111
WTM-NN,143,tm,81.94,0.3058911280022585,0.06877354900643695
WTM-NN,144,tm,81.65,0.30472073000419186,0.06881861099827802
WTM-NN,145,tm,82.06,0.3071355280044372,0.0677287080034148
WTM-NN,146,tm,80.83,0.3069945759998518,0.06739645400375593
WTM-NN,147,tm,80.84,0.3105985389993293,0.06996934000198962
WTM-NN,148,tm,81.67,0.31255315500311553,0.07020039099734277
WTM-NN,149,tm,81.28999999999999,0.31244427699857624,0.06811622500390513
WTM-NN,150,tm,81.32000000000001,0.30264893499406753,0.06743026999902213
WTM-NN,151,nn,83.55,0.22000106100313133,0.070407219005574
WTM-NN,152,nn,83.64,0.26818877599725965,0.07187297500058776
WTM-NN,153,nn,83.81,0.22066484599781688,0.07111134699516697
WTM-NN,154,nn,83.78999999999999,0.21874381800444098,0.06991357100196183
WTM-NN,155,nn,83.63000000000001,0.21878423399903113,0.07101501299621304
WTM-NN,156,nn,83.71,0.2598351740016369,0.06977708799968241
WTM-NN,157,nn,83.58,0.2145951860002242,0.0707242270000279
WTM-NN,158,nn,83.63000000000001,0.1971923160017468,0.07013639000069816
WTM-NN,159,nn,83.58,0.21903583300445462,0.07184631600102875
WTM-NN,160,nn,83.66,0.21755198699975153,0.07086007399630034
WTM-NN,161,nn,83.64,0.24910660400200868,0.07060459000058472
WTM-NN,162,nn,83.63000000000001,0.2168111439968925,0.06826424999599112
WTM-NN,163,nn,83.67999999999999,0.21861592999630375,0.06909557600010885
WTM-NN,164,nn,83.65,0.2190294750034809,0.06911658399621956
WTM-NN,165,nn,83.74000000000001,0.2674235390004469,0.07007987399992999
WTM-NN,166,nn,83.72,0.2122047439988819,0.07098730299912859
WTM-NN,167,nn,83.71,0.19688675399811473,0.07110243799979798
WTM-NN,168,nn,83.75,0.19379405999643495,0.07061534900276456
WTM-NN,169,nn,83.93,0.26942082100140397,0.07131652899988694
WTM-NN,170,nn,83.97,0.1960359150034492,0.06879506599943852
WTM-NN,171,nn,83.96000000000001,0.19461576599860564,0.0667008359960164
WTM-NN,172,nn,83.96000000000001,0.1944647909986088,0.06929506500455318
WTM-NN,173,nn,84.2,0.25519865700334776,0.07020782699692063
WTM-NN,174,nn,84.04,0.20070342699909816,0.0696372429956682
WTM-NN,175,nn,84.25,0.2110360020014923,0.06780842700391077
WTM-NN,176,nn,84.19,0.2165172880049795,0.06976177199976519
WTM-NN,177,nn,84.31,0.2684237080029561,0.06811834999825805
WTM-NN,178,nn,84.28999999999999,0.21946432899858337,0.06877169200015487
WTM-NN,179,nn,84.37,0.21282726899517002,0.06864900700020371
WTM-NN,180,nn,84.55,0.20736260899866465,0.06736618599825306
WTM-NN,181,nn,84.5,0.21770051500061527,0.07051948399748653
WTM-NN,182,nn,84.66,0.2681016790011199,0.0706973950000247
WTM-NN,183,nn,84.58,0.21715226699598134,0.06925069199496647
WTM-NN,184,nn,84.59,0.21147624299919698,0.06785893099731766
WTM-NN,185,nn,84.58,0.2183546629967168,0.06770394799968926
WTM-NN,186,nn,84.65,0.26846343200304545,0.07087306100584101
WTM-NN,187,nn,84.67,0.21561799900518963,0.07070759299676865
WTM-NN,188,nn,84.67,0.2158483300008811,0.06980717400438152
WTM-NN,189,nn,84.73,0.20162049400096294,0.0692274519969942
WTM-NN,190,nn,84.84,0.2614832779945573,0.06858813999861013
WTM-NN,191,nn,84.73,0.19788967600470642,0.07150662200001534
WTM-NN,192,nn,84.85000000000001,0.20533044799958589,0.0672545099951094
WTM-NN,193,nn,84.87,0.21305216099426616,0.07045815300079994
WTM-NN,194,nn,84.78999999999999,0.251759528000548,0.06953547399461968
WTM-NN,195,nn,84.81,0.20406218400603393,0.07024841000384185
WTM-NN,196,nn,84.78,0.2116815269982908,0.06911138600116828
WTM-NN,197,nn,84.74000000000001,0.19896659100049874,0.0699619349979912
WTM-NN,198,nn,84.7,0.2508889699965948,0.0699717210009112
WTM-NN,199,nn,84.76,0.19508030099677853,0.06973858999845106
WTM-NN,200,nn,84.78,0.19775179000134813,0.07024433799961116
WTM-NN,201,nn,84.74000000000001,0.19760730000416515,0.06984914199711056
WTM-NN,202,nn,84.72,0.19440290900092805,0.06978156900004251
WTM-NN,203,nn,84.82,0.2459577750050812,0.07064327600528486
WTM-NN,204,nn,84.85000000000001,0.19944842899712967,0.06851946900133044
WTM-NN,205,nn,84.87,0.19912042500072857,0.07170522500382503
WTM-NN,206,nn,84.87,0.20880945600220002,0.06997388900344959
WTM-NN,207,nn,84.78999999999999,0.26741387599759037,0.06939289499860024
WTM-NN,208,nn,84.91,0.19745741799852112,0.07127197799854912
WTM-NN,209,nn,84.78999999999999,0.20876574300200446,0.07242183099879185
WTM-NN,210,nn,84.74000000000001,0.20095964999927673,0.06982341499679023
WTM-NN,211,nn,84.78,0.25736090099962894,0.0709603259965661
WTM-NN,212,nn,84.87,0.21137606800039066,0.06798445099411765
WTM-NN,213,nn,84.91,0.20939997700043023,0.06980179800302722
WTM-NN,214,nn,84.83000000000001,0.21746661900397157,0.07025412800430786
WTM-NN,215,nn,84.75,0.2568811800010735,0.07149041000229772
WTM-NN,216,nn,84.99,0.2002606059977552,0.06992558800266124
WTM-NN,217,nn,84.7,0.21131003799382597,0.0680120379984146
WTM-NN,218,nn,84.78999999999999,0.21294522899552248,0.0702560909994645
WTM-NN,219,nn,84.89,0.26817603400559165,0.06902032699872507
WTM-NN,220,nn,84.89,0.2209757279997575,0.07075622699630912
WTM-NN,221,nn,84.92,0.1971629129984649,0.07161330999952042
WTM-NN,222,nn,84.89,0.2176431190018775,0.07240710299811326
WTM-NN,223,nn,84.5,0.19963056000415236,0.0697880890002125
WTM-NN,224,nn,84.81,0.26885409399983473,0.06792524300544756
WTM-NN,225,nn,84.67,0.19971462799730944,0.0702214510019985
WTM-NN,226,nn,84.88,0.19564294899464585,0.07077118400047766
WTM-NN,227,nn,84.89999999999999,0.1958279080063221,0.06987744799698703
WTM-NN,228,nn,84.74000000000001,0.24673502500081668,0.06928310199873522
WTM-NN,229,nn,84.82,0.19535840900061885,0.06971366400102852
WTM-NN,230,nn,84.68,0.19751565000478877,0.06979095599672291
WTM-NN,231,nn,84.8,0.1950577309980872,0.06938769199769013
WTM-NN,232,nn,84.78999999999999,0.25441444200259866,0.0679476910008816
WTM-NN,233,nn,84.88,0.21170735100167803,0.07050476500444347
WTM-NN,234,nn,84.89,0.19735223099996801,0.06968927000707481
WTM-NN,235,nn,84.85000000000001,0.19862983700295445,0.06886620799923548
WTM-NN,236,nn,84.86,0.2561796489972039,0.0685765129965148
WTM-NN,237,nn,84.83000000000001,0.2188857029977953,0.07114492400432937
WTM-NN,238,nn,85.02,0.21840518600220094,0.06856477499968605
WTM-NN,239,nn,84.74000000000001,0.2083202470021206,0.06794832900050096
WTM-NN,240,nn,84.84,0.2580612439996912,0.06834088999312371
WTM-NN,241,nn,84.82,0.19956928300234722,0.0705631529999664
WTM-NN,242,nn,84.72,0.19878820599842584,0.06854678899981081
WTM-NN,243,nn,84.89,0.2190112840034999,0.06848744899616577
WTM-NN,244,nn,84.92,0.21216975399875082,0.06820053800038295
WTM-NN,245,nn,84.78999999999999,0.267521271998703,0.07187248900299892
WTM-NN,246,nn,84.89,0.22016712599724997,0.07134039099764777
WTM-NN,247,nn,84.88,0.212295579003694,0.07071478899888461
WTM-NN,248,nn,84.89,0.20574927700363332,0.06911528999626171
WTM-NN,249,nn,85.00999999999999,0.2693979859977844,0.0700894590045209
WTM-NN,250,nn,84.8,0.1965127660005237,0.06786312400072347
WTM-NN,251,nn,84.88,0.21949465299985604,0.07067452799674356
WTM-NN,252,nn,84.96000000000001,0.2189570359987556,0.07057384899962926
WTM-NN,253,nn,84.95,0.26243826399877435,0.07090601999516366
WTM-NN,254,nn,84.91,0.21813535900582792,0.07072601099935127
WTM-NN,255,nn,84.86,0.20373412300250493,0.06935779299965361
WTM-NN,256,nn,84.81,0.20635414400021546,0.07003925699973479
WTM-NN,257,nn,85.0,0.2627265269984491,0.06749143100023502
WTM-NN,258,nn,84.72,0.21723002700309735,0.07162314000015613
WTM-NN,259,nn,84.93,0.21549532499921042,0.06903950600099051
WTM-NN,260,nn,84.87,0.19539265200000955,0.07110226900113048
WTM-NN,261,nn,84.87,0.22105310299957637,0.070302100997651
WTM-NN,262,nn,84.85000000000001,0.2520425080001587,0.06978320300549967
WTM-NN,263,nn,84.87,0.1963045800002874,0.0683557029988151
WTM-NN,264,nn,84.89999999999999,0.19820609599992167,0.071861780998006
WTM-NN,265,nn,84.76,0.19948793399817077,0.07249733799835667
WTM-NN,266,nn,84.87,0.2705552039988106,0.07087944500381127
WTM-NN,267,nn,84.86,0.20297270599985495,0.06903060500189895
WTM-NN,268,nn,84.81,0.1969522630024585,0.07023765199846821
WTM-NN,269,nn,84.87,0.19971035700291395,0.06899552699906053
WTM-NN,270,nn,84.86,0.26019294299476314,0.06952555699535878
WTM-NN,271,nn,84.89,0.2233392449998064,0.07006127200293122
WTM-NN,272,nn,84.89999999999999,0.21885367399954703,0.06951795300119556
WTM-NN,273,nn,84.97,0.2161977299983846,0.0703333269993891
WTM-NN,274,nn,84.77,0.2636324569975841,0.07228239200048847
WTM-NN,275,nn,84.87,0.2112725769984536,0.0695667410036549
WTM-NN,276,nn,84.72,0.19831845400040038,0.06908866799494717
WTM-NN,277,nn,84.88,0.1982525630010059,0.0699162690070807
WTM-NN,278,nn,84.75,0.24913555900275242,0.07013816599646816
WTM-NN,279,nn,84.78,0.19601413999771466,0.06951685599779012
WTM-NN,280,nn,84.84,0.19654585199896246,0.07077891099470435
WTM-NN,281,nn,84.97,0.19495714100048644,0.0677030549995834
WTM-NN,282,nn,84.78,0.1992368200008059,0.07096027299849084
WTM-NN,283,nn,84.93,0.24961396199796582,0.07143343100324273
WTM-NN,284,nn,84.98,0.20365156499610748,0.06957007500022883
WTM-NN,285,nn,84.91,0.21885734800162027,0.07080305999988923
WTM-NN,286,nn,84.73,0.21476333899772726,0.06768733799981419
WTM-NN,287,nn,84.89999999999999,0.26910076300555374,0.07063706400367664
WTM-NN,288,nn,84.94,0.21777900499728275,0.07014776999858441
WTM-NN,289,nn,84.89999999999999,0.20015758400404593,0.0690154519979842
WTM-NN,290,nn,84.86,0.21376721699925838,0.07000222399801714
WTM-NN,291,nn,84.92,0.2596425780066056,0.06884228300623363
WTM-NN,292,nn,84.83000000000001,0.20454767299816012,0.07003764299588511
WTM-NN,293,nn,84.82,0.2181545540006482,0.0695453849984915
WTM-NN,294,nn,84.85000000000001,0.2249429709991091,0.07147892999637406
WTM-NN,295,nn,84.8,0.2651816490033525,0.06968543599941768
WTM-NN,296,nn,84.86,0.20035116999497404,0.07000301399966702
WTM-NN,297,nn,84.87,0.22286110199638642,0.07161509899742668
WTM-NN,298,nn,84.76,0.2075433959980728,0.07093117500335211
WTM-NN,299,nn,84.8,0.2597708640023484,0.06645813599607209
WTM-NN,300,nn,84.78,0.21460440999362618,0.06786173099681037
WTM-NN,301,nn,84.87,0.21126966799783986,0.06796114199823933
WTM-NN,302,nn,84.84,0.2188272169951233,0.06954326800041599
WTM-NN,303,nn,84.86,0.21005324599536834,0.06846727099764394
WTM-NN,304,nn,84.8,0.26574392200564034,0.07034140199539252
WTM-NN,305,nn,84.93,0.19999301100324374,0.0697070820024237
WTM-NN,306,nn,84.59,0.21906755500094732,0.07040707299893256
WTM-NN,307,nn,84.85000000000001,0.20017417499911971,0.06846594200032996
WTM-NN,308,nn,84.84,0.2708486650008126,0.06981699999596458
WTM-NN,309,nn,84.83000000000001,0.20375047100242227,0.06739648099755868
WTM-NN,310,nn,84.78,0.2006500520001282,0.06874830299784662
WTM-NN,311,nn,84.89,0.19375500400201418,0.07004444199992577
WTM-NN,312,nn,85.0,0.2618212829984259,0.07134528199821943
WTM-NN,313,nn,84.72,0.20365305899758823,0.07055684299848508
WTM-NN,314,nn,84.76,0.21044843100389699,0.06924002899904735
WTM-NN,315,nn,84.75,0.21038950700312853,0.06914397999935318
WTM-NN,316,nn,84.65,0.2636091739987023,0.06948299099894939
WTM-NN,317,nn,84.81,0.21915631699812366,0.06920353900204645
WTM-NN,318,nn,84.92,0.207316833002551,0.07142233299964573
WTM-NN,319,nn,84.78,0.20490148200042313,0.07154701399849728
WTM-NN,320,nn,84.91,0.26639281100506196,0.07065384500310756
WTM-NN,321,nn,84.87,0.21825962999719195,0.07054602700372925
WTM-NN,322,nn,84.95,0.20028661799733527,0.07124760599981528
WTM-NN,323,nn,84.88,0.22144126799685182,0.07054339999740478
WTM-NN,324,nn,84.89,0.20221329500054708,0.07105795700044837
WTM-NN,325,nn,84.87,0.2730107870011125,0.0717241410020506
WTM-NN,326,nn,84.86,0.2027240869938396,0.0712312670002575
WTM-NN,327,nn,84.89999999999999,0.21760491799796,0.07053264599380782
WTM-NN,328,nn,84.66,0.2211693990029744,0.07174912899790797
WTM-NN,329,nn,84.86,0.27033765299711376,0.06855110699689249
WTM-NN,330,nn,84.71,0.20169617099600146,0.06890159100294113
WTM-NN,331,nn,84.92,0.2029925099996035,0.07045835300232284
WTM-NN,332,nn,84.66,0.20679134000238264,0.06779287099925568
WTM-NN,333,nn,84.85000000000001,0.2622313799947733,0.07214147100603441
WTM-NN,334,nn,84.86,0.2210058350028703,0.07024312199791893
WTM-NN,335,nn,84.8,0.21943837399885524,0.0703807140016579
WTM-NN,336,nn,84.92,0.20300694899924565,0.07042382600047858
WTM-NN,337,nn,84.83000000000001,0.24667581799440086,0.06961221999517875
WTM-NN,338,nn,84.89999999999999,0.19848167199961608,0.06883654199918965
WTM-NN,339,nn,84.81,0.19766564799647313,0.07106527099676896
WTM-NN,340,nn,84.85000000000001,0.19957994099968346,0.07056972399732331
WTM-NN,341,nn,84.72,0.19456893699680222,0.06818992300395621
WTM-NN,342,nn,84.75,0.24614755899528973,0.07059292899793945
WTM-NN,343,nn,84.89,0.19536215299740434,0.06911591400421457
WTM-NN,344,nn,84.89,0.19946999799867626,0.07108573399455054
WTM-NN,345,nn,84.8,0.21093503099837108,0.0701952609961154
WTM-NN,346,nn,84.78999999999999,0.27545687800011365,0.07167499399656663
WTM-NN,347,nn,84.85000000000001,0.20409429800201906,0.07065995399898384
WTM-NN,348,nn,84.75,0.22116755499882856,0.07137343800422968
WTM-NN,349,nn,84.8,0.21682745499856537,0.06839862799824914
WTM-NN,350,nn,84.75,0.2655504970025504,0.07095755799673498
WTM-NN,351,nn,84.87,0.2189746859949082,0.07063445299718296
WTM-NN,352,nn,84.85000000000001,0.2196991499949945,0.07152419199701399
WTM-NN,353,nn,84.78999999999999,0.20272649999969872,0.06925334900006419
WTM-NN,354,nn,84.97,0.2645431330020074,0.07034321399987675
WTM-NN,355,nn,84.85000000000001,0.22208628299995326,0.06872424600442173
WTM-NN,356,nn,84.91,0.21456708200275898,0.06978995200188365
WTM-NN,357,nn,84.82,0.21730889600439696,0.07058417599910172
WTM-NN,358,nn,84.88,0.26882866700179875,0.069975546997739
WTM-NN,359,nn,84.78,0.21698597599606728,0.06910504400002537
WTM-NN,360,nn,84.92,0.20474131200171541,0.06894048400135944
WTM-NN,361,nn,84.7,0.21791249599482398,0.07009822499821894
WTM-NN,362,nn,84.83000000000001,0.22521401799895102,0.07012981600564672
WTM-NN,363,nn,84.78,0.2628784499975154,0.06856241800414864
WTM-NN,364,nn,84.75,0.19944466099696,0.06811050500255078
WTM-NN,365,nn,84.73,0.20326048000424635,0.06900086699897656
WTM-NN,366,nn,84.75,0.2008701619997737,0.07081681300041964
WTM-NN,367,nn,84.86,0.2672367539998959,0.07112004300142871
WTM-NN,368,nn,84.71,0.2007390970029519,0.06855933400220238
WTM-NN,369,nn,84.8,0.2103617300017504,0.06733466000150656
WTM-NN,370,nn,84.88,0.21072003500012215,0.06905060999997659
WTM-NN,371,nn,84.78999999999999,0.27157805299793836,0.06771488599770237
WTM-NN,372,nn,84.91,0.22059013300167862,0.06847178799944231
WTM-NN,373,nn,84.77,0.21606536299805157,0.06852869500289671
WTM-NN,374,nn,84.84,0.2035528760025045,0.0691245819980395
WTM-NN,375,nn,84.82,0.2676744199998211,0.06779214299604064
WTM-NN,376,nn,84.77,0.21933728300064104,0.07045504199777497
WTM-NN,377,nn,84.85000000000001,0.1972092009964399,0.07004763000441017
WTM-NN,378,nn,84.72,0.19462817499879748,0.06729380699835019
WTM-NN,379,nn,84.89,0.2507552419992862,0.06740685600379948
WTM-NN,380,nn,84.84,0.1967093599960208,0.07043026899918914
WTM-NN,381,nn,84.77,0.19840880799893057,0.06976424899767153
WTM-NN,382,nn,84.73,0.19808055499743205,0.07124027799727628
WTM-NN,383,nn,84.87,0.19647035199886886,0.07124475300224731
WTM-NN,384,nn,84.76,0.2479951460045413,0.06967032499960624
WTM-NN,385,nn,84.89,0.19730620600603288,0.07023661999846809
WTM-NN,386,nn,84.81,0.1967993979997118,0.07027259200549452
WTM-NN,387,nn,84.82,0.19667188300081762,0.07172794299549423
WTM-NN,388,nn,84.93,0.26385235999623546,0.0700668939971365
WTM-NN,389,nn,84.65,0.2147880560005433,0.07324642599996878
WTM-NN,390,nn,84.81,0.2242820390019915,0.06940617300278973
WTM-NN,391,nn,84.98,0.20555800299916882,0.07034173399733845
WTM-NN,392,nn,84.99,0.26849643300374737,0.0691833390010288
WTM-NN,393,nn,84.78,0.2188405339984456,0.072076341995853
WTM-NN,394,nn,84.84,0.21495175900054164,0.07105142300133593
WTM-NN,395,nn,84.91,0.21444090099976165,0.07138688100530999
WTM-NN,396,nn,84.89999999999999,0.2679876299953321,0.07191098800103646
WTM-NN,397,nn,84.86,0.2051125680009136,0.07060454900056357
WTM-NN,398,nn,84.78,0.19931588799954625,0.07102898800076218
WTM-NN,399,nn,84.84,0.20070593799755443,0.07089278999774251
WTM-NN,400,nn,84.77,0.2694518389980658,0.07064125099714147
WTM-NN,401,nn,84.94,0.20837087200197857,0.07007279200479388
WTM-NN,402,nn,84.78999999999999,0.20352694200119004,0.07108853100362467
WTM-NN,403,nn,84.93,0.1961502029953408,0.07290032500168309
WTM-NN,404,nn,84.81,0.1954765900009079,0.07096186800481519
WTM-NN,405,nn,84.82,0.24849112200172385,0.07124743400345324
WTM-NN,406,nn,84.89,0.21155674100009492,0.07119309200061252
WTM-NN,407,nn,84.78999999999999,0.1938266979996115,0.06981041999824811
WTM-NN,408,nn,84.87,0.20476484000391793,0.07013421100418782
WTM-NN,409,nn,84.99,0.24571996700251475,0.0703318469968508
WTM-NN,410,nn,84.83000000000001,0.19537046500045108,0.06833430199912982
WTM-NN,411,nn,84.78999999999999,0.20439743300084956,0.06882157499785535
WTM-NN,412,nn,84.84,0.2177816389958025,0.0700702980029746
WTM-NN,413,nn,84.85000000000001,0.26943877000303473,0.07064108899794519
WTM-NN,414,nn,84.82,0.1966775479959324,0.07033674499689369
WTM-NN,415,nn,84.85000000000001,0.19776914599788142,0.0705696259974502
WTM-NN,416,nn,84.67,0.20455138599936618,0.07085264399938751
WTM-NN,417,nn,84.92,0.25168221299827565,0.06969674900028622
WTM-NN,418,nn,84.82,0.2022163889996591,0.07013261700194562
WTM-NN,419,nn,84.7,0.19974445000116248,0.06802196199714672
WTM-NN,420,nn,84.82,0.19532209300086834,0.0681859260002966
WTM-NN,421,nn,84.94,0.2466428449988598,0.07028831799834734
WTM-NN,422,nn,84.84,0.20897892100038007,0.06802005200006533
WTM-NN,423,nn,84.88,0.19894292399840197,0.06777637499908451
WTM-NN,424,nn,84.77,0.21979365400329698,0.06916873699810822
WTM-NN,425,nn,84.78999999999999,0.21962147399608511,0.07079695299762534
WTM-NN,426,nn,84.94,0.2462990339990938,0.0682040230021812
WTM-NN,427,nn,84.78999999999999,0.19907320300262654,0.07063681799627375
WTM-NN,428,nn,84.83000000000001,0.20142750500235707,0.06904669600044144
WTM-NN,429,nn,84.74000000000001,0.21084675200108904,0.06992566600092687
WTM-NN,430,nn,84.96000000000001,0.2676762379996944,0.06876477300102124
WTM-NN,431,nn,84.84,0.21878816400567302,0.07024763200024609
WTM-NN,432,nn,84.73,0.20254770599422045,0.06999899099901086
WTM-NN,433,nn,84.68,0.20943672800058266,0.07090570899890736
WTM-NN,434,nn,84.91,0.24835346899635624,0.0698430289994576
WTM-NN,435,nn,85.1,0.19590346900076838,0.06807855499937432
WTM-NN,436,nn,85.00999999999999,0.19740442799957236,0.07065785599843366
WTM-NN,437,nn,84.82,0.20803884000633843,0.07048391299758805
WTM-NN,438,nn,84.69,0.25872427499416517,0.07027149200439453
WTM-NN,439,nn,84.76,0.19519737399969017,0.06858532899786951
WTM-NN,440,nn,84.69,0.19826399000157835,0.06937968700367492
WTM-NN,441,nn,84.63000000000001,0.19654708199959714,0.07056748699687887
WTM-NN,442,nn,84.89,0.19695979799871566,0.06886510299955262
WTM-NN,443,nn,84.85000000000001,0.2472501030060812,0.0702557339973282
WTM-NN,444,nn,84.95,0.19515637600125046,0.06965821699850494
WTM-NN,445,nn,84.97,0.19595630100229755,0.07013108499813825
WTM-NN,446,nn,84.88,0.19598633400164545,0.06886070300242864
WTM-NN,447,nn,84.87,0.25180991199886193,0.070624043000862
WTM-NN,448,nn,84.89999999999999,0.19592068599740742,0.06990880500234198
WTM-NN,449,nn,84.72,0.19563266199838836,0.06834025999705773
WTM-NN,450,nn,84.84,0.1957713900046656,0.07027611800003797
WTM-NN,451,nn,84.78,0.2652305020019412,0.06985852099751355
WTM-NN,452,nn,84.75,0.21851479599718004,0.07045574799849419
WTM-NN,453,nn,84.86,0.21658049699908588,0.06762191600137157
WTM-NN,454,nn,84.65,0.21381620300235227,0.06781022700306494
WTM-NN,455,nn,84.77,0.26811376200203085,0.06985471599909943
WTM-NN,456,nn,84.88,0.22079529400070896,0.06988470099895494
WTM-NN,457,nn,84.88,0.20025612100289436,0.07028627600084292
WTM-NN,458,nn,84.89999999999999,0.21476659800100606,0.06998521700006677
WTM-NN,459,nn,84.84,0.2560835740005132,0.0691898669974762
WTM-NN,460,nn,84.76,0.21501103800255805,0.07104718499613227
WTM-NN,461,nn,84.87,0.21260750999499578,0.06965813499846263
WTM-NN,462,nn,84.82,0.2199024690053193,0.06948212000133935
WTM-NN,463,nn,84.83000000000001,0.2229515930011985,0.06778873399889562
WTM-NN,464,nn,84.82,0.25958911899942905,0.06891320100112353
WTM-NN,465,nn,84.74000000000001,0.21909837999555748,0.07032342499587685
WTM-NN,466,nn,84.69,0.20310528399568284,0.06964883700129576
WTM-NN,467,nn,84.89999999999999,0.21738512300362345,0.07045971600018675
WTM-NN,468,nn,84.8,0.2741076670063194,0.07001401699380949
WTM-NN,469,nn,84.71,0.19716403399797855,0.07091639799909899
WTM-NN,470,nn,84.83000000000001,0.20873193200532114,0.06892772200080799
WTM-NN,471,nn,84.8,0.21517940500052646,0.07091466599376872
WTM-NN,472,nn,84.89,0.26992042799975025,0.07060236600227654
WTM-NN,473,nn,84.7,0.21033599699876504,0.07069173200579826
WTM-NN,474,nn,84.73,0.22362608199910028,0.07081900499906624
WTM-NN,475,nn,84.76,0.21661774999665795,0.07070057099917904
WTM-NN,476,nn,84.89,0.267626195003686,0.06860169800347649
WTM-NN,477,nn,84.83000000000001,0.2135650700001861,0.07033900600072229
WTM-NN,478,nn,84.82,0.19702256999880774,0.06879506500263233
WTM-NN,479,nn,84.75,0.21899829000176396,0.07015358799981186
WTM-NN,480,nn,84.76,0.265632832000847,0.0706924869955401
WTM-NN,481,nn,84.85000000000001,0.22074352799972985,0.06918859500001417
WTM-NN,482,nn,84.69,0.21343067399720894,0.07015346299886005
WTM-NN,483,nn,84.73,0.20256266600335948,0.06686989800073206
WTM-NN,484,nn,84.86,0.2137689030059846,0.06906004800111987
WTM-NN,485,nn,84.78,0.2645499949940131,0.06896252799924696
WTM-NN,486,nn,84.85000000000001,0.19643801500205882,0.07033411400334444
WTM-NN,487,nn,84.88,0.21839897100289818,0.07045356599701336
WTM-NN,488,nn,84.83000000000001,0.20509057900198968,0.0692545429992606
WTM-NN,489,nn,84.75,0.2576162490004208,0.071473457996035
WTM-NN,490,nn,84.8,0.2052055240055779,0.06856510500074364
WTM-NN,491,nn,84.88,0.19497232800495112,0.07020244099840056
WTM-NN,492,nn,84.76,0.20258572600141633,0.07004924499779008
WTM-NN,493,nn,84.92,0.2667784090008354,0.06787082200025907
WTM-NN,494,nn,84.89999999999999,0.21752679999917746,0.06941097100207116
WTM-NN,495,nn,84.78,0.20489951699710218,0.06751919200178236
WTM-NN,496,nn,84.86,0.21434032199613284,0.06931633599742781
WTM-NN,497,nn,84.85000000000001,0.2595142930003931,0.06856071099900873
WTM-NN,498,nn,84.78,0.200697879998188,0.06962857900361996
WTM-NN,499,nn,84.72,0.20111936499597505,0.07122280899784528
WTM-NN,500,nn,84.96000000000001,0.20992351899622008,0.06876712100347504
UTM-NN,1,tm,78.61,0.5130182600041735,0.0652557759967749
UTM-NN,2,tm,79.52,0.480461273000401,0.06602982999902451
UTM-NN,3,tm,80.28999999999999,0.45774950900522526,0.06585511299635982
UTM-NN,4,tm,79.91,0.4693840029940475,0.06660974400438135
UTM-NN,5,tm,80.07,0.46298914599901764,0.06492902400350431
UTM-NN,6,tm,79.97,0.46192909900128143,0.06508441599726211
UTM-NN,7,tm,80.13,0.46349828600068577,0.06610191199433757
UTM-NN,8,tm,80.13,0.4561950209972565,0.06565040600253269
UTM-NN,9,tm,80.45,0.4646304920024704,0.0649954910040833
UTM-NN,10,tm,80.39,0.45899510299932444,0.06511496900202474
UTM-NN,11,tm,80.51,0.4577850689965999,0.06474547799734864
UTM-NN,12,tm,80.69,0.4490216780031915,0.06380332999833627
UTM-NN,13,tm,80.51,0.45932806699420325,0.06485599200095749
UTM-NN,14,tm,80.57,0.4580222099975799,0.06532242600223981
UTM-NN,15,tm,80.63,0.46013780300563667,0.06485459899704438
UTM-NN,16,tm,80.67,0.4541279799959739,0.062133138002536725
UTM-NN,17,tm,80.35,0.46870517900242703,0.06434198599890806
UTM-NN,18,tm,80.64,0.4649190979980631,0.06601276800211053
UTM-NN,19,tm,80.58,0.4614755509974202,0.06341881299886154
UTM-NN,20,tm,80.74,0.4575207580055576,0.06625807499949588
UTM-NN,21,tm,80.65,0.46537102299771504,0.06520409500080859
UTM-NN,22,tm,80.81,0.4621043360020849,0.06498791299964068
UTM-NN,23,tm,80.78999999999999,0.46211570099694654,0.06641425800626166
UTM-NN,24,tm,80.91000000000001,0.4616004069976043,0.06480297199595952
UTM-NN,25,tm,80.77,0.4649796699959552,0.06838924800103996
UTM-NN,26,tm,80.87,0.46005116699961945,0.0666779579987633
UTM-NN,27,tm,80.81,0.4626129559983383,0.06644737000169698
UTM-NN,28,tm,80.97,0.4526891379937297,0.06512569700134918
UTM-NN,29,tm,80.78,0.4587908619942027,0.06599066100170603
UTM-NN,30,tm,81.06,0.46082548199774465,0.06682644299871754
UTM-NN,31,tm,81.06,0.4651016569987405,0.0643837860043277
UTM-NN,32,tm,81.11,0.46375107299536467,0.06606083799852058
UTM-NN,33,tm,81.02000000000001,0.46544579100009287,0.06600885399529943
UTM-NN,34,tm,81.38,0.46075946299970383,0.06670791099895723
UTM-NN,35,tm,81.37,0.4642077780008549,0.06520495600125287
UTM-NN,36,tm,81.2,0.4621330499940086,0.06654682800581213
UTM-NN,37,tm,81.07,0.45878615700348746,0.06622872300067684
UTM-NN,38,tm,80.96,0.4679787380009657,0.06516039800044382
UTM-NN,39,tm,81.14,0.45636235299753025,0.06409395700029563
UTM-NN,40,tm,81.36,0.4641243190053501,0.0628844949969789
UTM-NN,41,tm,81.08999999999999,0.46303352399991127,0.06491751200519502
UTM-NN,42,tm,81.28999999999999,0.46176677900075447,0.06572975100425538
UTM-NN,43,tm,81.14,0.45880726000177674,0.06578852100210497
UTM-NN,44,tm,81.03,0.45163367300119717,0.0655396500005736
UTM-NN,45,tm,81.04,0.46573019799689064,0.06772209600603674
UTM-NN,46,tm,81.21000000000001,0.46479090999491746,0.06634916800248902
UTM-NN,47,tm,81.11,0.4621559500010335,0.06478108999726828
UTM-NN,48,tm,81.12,0.4620593159997952,0.06472466900595464
UTM-NN,49,tm,81.17999999999999,0.4659023989952402,0.06448514300427632
UTM-NN,50,tm,81.13,0.45783383899834007,0.06487362899497384
UTM-NN,51,tm,81.07,0.45747556099377107,0.06498677700437838
UTM-NN,52,tm,81.08,0.4525438069977099,0.0660667660049512
UTM-NN,53,tm,80.97,0.46032998099690303,0.06498339300014777
UTM-NN,54,tm,81.08,0.45720856699335855,0.06546585099567892
UTM-NN,55,tm,81.05,0.4647606150028878,0.06488294899463654
UTM-NN,56,tm,81.0,0.4673761800004286,0.06434859400178539
UTM-NN,57,tm,81.06,0.46271642400097335,0.06722935700236121
UTM-NN,58,tm,80.96,0.47275557599641616,0.06662426300317748
UTM-NN,59,tm,80.97,0.46435542900144355,0.06653903199912747
UTM-NN,60,tm,80.88,0.4658667850017082,0.06564773600257467
UTM-NN,61,tm,81.04,0.45798321399342967,0.06477614500181517
UTM-NN,62,tm,81.11,0.4713104249967728,0.06725664999976289
UTM-NN,63,tm,81.19,0.4657813699959661,0.06748872099706205
UTM-NN,64,tm,81.05,0.46088272699853405,0.06548418500460684
UTM-NN,65,tm,81.08999999999999,0.46958814399840776,0.06469394699524855
UTM-NN,66,tm,80.89,0.46131123100349214,0.06563279400143074
UTM-NN,67,tm,81.03,0.45841432699671714,0.06487001900677569
UTM-NN,68,tm,81.03,0.4634239049992175,0.06537791599839693
UTM-NN,69,tm,81.06,0.4633169259977876,0.06480161999934353
UTM-NN,70,tm,81.08999999999999,0.4665947920002509,0.06377265600167448
UTM-NN,71,tm,80.97,0.4635762010002509,0.06504924799810397
UTM-NN,72,tm,81.17999999999999,0.44891841700155055,0.062077360998955555
UTM-NN,73,tm,81.10000000000001,0.4553214810002828,0.06455227600235958
UTM-NN,74,tm,81.01,0.4651414300024044,0.06537165299960179
UTM-NN,75,tm,81.16,0.46557999499782454,0.06554851599503309
UTM-NN,76,tm,81.13,0.4661107339998125,0.06532476400025189
UTM-NN,77,tm,81.05,0.4653060819982784,0.06601003399555339
UTM-NN,78,tm,80.96,0.46385178299533436,0.06223672399937641
UTM-NN,79,tm,81.26,0.4571031360028428,0.06593256699852645
UTM-NN,80,tm,81.03,0.46992282499559224,0.06624798200209625
UTM-NN,81,tm,81.10000000000001,0.46018707400071435,0.0659834710022551
UTM-NN,82,tm,81.17999999999999,0.46233035800105426,0.06568210499972338
UTM-NN,83,tm,81.16,0.46160219100420363,0.06556213199655758
UTM-NN,84,tm,81.15,0.4632573689959827,0.06485860899556428
UTM-NN,85,tm,81.21000000000001,0.4294100420011091,0.06507812999916496
UTM-NN,86,tm,80.94,0.4668976350003504,0.0653525029993034
UTM-NN,87,tm,81.03,0.4617568269968615,0.06366980799793964
UTM-NN,88,tm,81.34,0.4632964539996465,0.06637106100242818
UTM-NN,89,tm,81.15,0.4628851259985822,0.06494017400109442
UTM-NN,90,tm,80.96,0.4655565229986678,0.06569752700306708
UTM-NN,91,tm,81.10000000000001,0.46615557400218677,0.06515676900016842
UTM-NN,92,tm,81.08999999999999,0.4676552060045651,0.06862911099597113
UTM-NN,93,tm,81.05,0.47588497700053267,0.06513768500008155
UTM-NN,94,tm,81.10000000000001,0.47187074099929305,0.06469299599848455
UTM-NN,95,tm,81.19,0.4616841890019714,0.06815166399610462
UTM-NN,96,tm,81.04,0.4672882080049021,0.0662803760060342
UTM-NN,97,tm,80.91000000000001,0.4604805570052122,0.06488867000007303
UTM-NN,98,tm,81.07,0.4711171060043853,0.0632854400028009
UTM-NN,99,tm,81.25,0.4476463879982475,0.06467396800144343
UTM-NN,100,tm,81.23,0.4604349569999613,0.06476896399544785
UTM-NN,101,tm,81.10000000000001,0.4623630720016081,0.06687111999781337
UTM-NN,102,tm,81.15,0.466843908005103,0.06444005299999844
UTM-NN,103,tm,81.39,0.4753448209958151,0.06490684600430541
UTM-NN,104,tm,81.26,0.46249647899821866,0.0650458809977863
UTM-NN,105,tm,80.85,0.47370044700073777,0.06536579699604772
UTM-NN,106,tm,81.0,0.46381638100137934,0.061673923999478575
UTM-NN,107,tm,81.05,0.46782913700008066,0.06316905999847222
UTM-NN,108,tm,81.07,0.4721943869953975,0.0653518469989649
UTM-NN,109,tm,80.86,0.46874366799602285,0.06494458499946631
UTM-NN,110,tm,80.91000000000001,0.4650337820057757,0.06664456499856897
UTM-NN,111,tm,80.76,0.4628046650032047,0.06424306100234389
UTM-NN,112,tm,80.87,0.46910517999640433,0.06714927499706391
UTM-NN,113,tm,81.02000000000001,0.4703108739995514,0.06457855700136861
UTM-NN,114,tm,81.10000000000001,0.45922295499622123,0.06674749100056943
UTM-NN,115,tm,81.10000000000001,0.46524682299786946,0.06540770800347673
UTM-NN,116,tm,81.07,0.46712285600369796,0.06638437199580949
UTM-NN,117,tm,81.13,0.4650037760002306,0.06475078399671474
UTM-NN,118,tm,81.13,0.46530548600276234,0.0658038769979612
UTM-NN,119,tm,80.96,0.46410021599876927,0.06499095099570695
UTM-NN,120,tm,80.92,0.467788082001789,0.0663908850037842
UTM-NN,121,tm,81.07,0.4726033519982593,0.06509885499690427
UTM-NN,122,tm,81.04,0.4687217589962529,0.06537401800596854
UTM-NN,123,tm,80.91000000000001,0.46397792900097556,0.06559250200371025
UTM-NN,124,tm,80.96,0.47022161399945617,0.06604470599995693
UTM-NN,125,tm,80.91000000000001,0.46685536499717273,0.0635943800007226
UTM-NN,126,tm,81.07,0.4643650079960935,0.06483564600057434
UTM-NN,127,tm,80.97,0.4658760149977752,0.06637135000346461
UTM-NN,128,tm,80.95,0.4689940169992042,0.0650864970011753
UTM-NN,129,tm,80.97,0.4654495020004106,0.0663363709973055
UTM-NN,130,tm,80.97,0.47198639000271214,0.06643171699397499
UTM-NN,131,tm,81.08999999999999,0.4554635780004901,0.06474248300219188
UTM-NN,132,tm,81.03,0.4453435479954351,0.0655952749948483
UTM-NN,133,tm,81.13,0.4648278090025997,0.06516645399824483
UTM-NN,134,tm,81.27,0.4732999519983423,0.06473303899838356
UTM-NN,135,tm,81.0,0.46271191100095166,0.06454900799872121
UTM-NN,136,tm,81.03,0.4735576390012284,0.06527490600274177
UTM-NN,137,tm,80.99,0.47491014000115683,0.06650104200525675
UTM-NN,138,tm,81.01,0.4730484119936591,0.06421141999453539
UTM-NN,139,tm,81.05,0.4712128009996377,0.06484182200074429
UTM-NN,140,tm,81.05,0.46953986099833855,0.06654647700634087
UTM-NN,141,tm,81.16,0.46833458099717973,0.06476924400340067
UTM-NN,142,tm,81.08,0.46392110799934017,0.06683231399802025
UTM-NN,143,tm,80.93,0.4670592259935802,0.06532076899748063
UTM-NN,144,tm,80.95,0.4791991869933554,0.0651475560007384
UTM-NN,145,tm,80.91000000000001,0.4720947539972258,0.06571545000042534
UTM-NN,146,tm,80.94,0.46692359799635597,0.06431849399814382
UTM-NN,147,tm,81.04,0.4729188370038173,0.06645719800144434
UTM-NN,148,tm,80.96,0.4653642250050325,0.06606091399589786
UTM-NN,149,tm,80.9,0.46870237799885217,0.06502061100036371
UTM-NN,150,tm,80.95,0.46303622599953087,0.06461658500484191
UTM-NN,151,nn,81.8,0.2599946109985467,0.06775086500420002
UTM-NN,152,nn,81.95,0.20856541900138836,0.06736187099886592
UTM-NN,153,nn,81.99,0.19471345599595224,0.06746896399999969
UTM-NN,154,nn,82.07,0.19811980100348592,0.06446524900093209
UTM-NN,155,nn,82.02000000000001,0.2674211209960049,0.06713727899477817
UTM-NN,156,nn,82.22,0.19432054599747062,0.06561542800045572
UTM-NN,157,nn,82.17999999999999,0.20093501600058516,0.06510409099428216
UTM-NN,158,nn,82.23,0.19074706199899083,0.06435302300087642
UTM-NN,159,nn,82.14,0.2553217099994072,0.06635094100056449
UTM-NN,160,nn,82.19,0.19542408700363012,0.06671809699764708
UTM-NN,161,nn,82.17,0.20172931199340383,0.06652594800107181
UTM-NN,162,nn,82.12,0.2051705990015762,0.06789018499694066
UTM-NN,163,nn,82.27,0.20485148899751948,0.06642738399386872
UTM-NN,164,nn,82.12,0.24741466100385878,0.06664534199808259
UTM-NN,165,nn,82.23,0.19982489799440373,0.06638661499891896
UTM-NN,166,nn,82.32000000000001,0.19505172399658477,0.06855873799941037
UTM-NN,167,nn,82.17,0.1965784790008911,0.06421063200104982
UTM-NN,168,nn,82.25,0.2598970679973718,0.06673419599974295
UTM-NN,169,nn,82.27,0.19682345500041265,0.06670679200033192
UTM-NN,170,nn,82.26,0.19569062899972778,0.06595761799690081
UTM-NN,171,nn,82.25,0.20729336500517093,0.06726372399862157
UTM-NN,172,nn,82.25,0.25035235800169175,0.06824094199691899
UTM-NN,173,nn,82.31,0.19568775299558183,0.06814035299612442
UTM-NN,174,nn,82.25,0.19877432100474834,0.06693489700410282
UTM-NN,175,nn,82.36,0.2143524389975937,0.06551757800480118
UTM-NN,176,nn,82.38,0.25193855600082316,0.06717508300062036
UTM-NN,177,nn,82.36,0.21622837299946696,0.06672462699498283
UTM-NN,178,nn,82.26,0.19306511800095905,0.0665647869973327
UTM-NN,179,nn,82.34,0.19849146200431278,0.06692666500021005
UTM-NN,180,nn,82.31,0.2675437720026821,0.06640260499989381
UTM-NN,181,nn,82.16,0.21556934199907118,0.06861289900552947
UTM-NN,182,nn,82.26,0.20709600199916167,0.06839558300271165
UTM-NN,183,nn,82.33,0.20095233299798565,0.06680547699943418
UTM-NN,184,nn,82.22,0.21799759400164476,0.06677929899888113
UTM-NN,185,nn,82.25,0.2612928369999281,0.06530690099316416
UTM-NN,186,nn,82.32000000000001,0.1994556069985265,0.06668391299899668
UTM-NN,187,nn,82.31,0.1987619830033509,0.06712851100019179
UTM-NN,188,nn,82.25,0.21373876600409858,0.06706904699967708
UTM-NN,189,nn,82.35,0.2643226579966722,0.06857852699613431
UTM-NN,190,nn,82.35,0.21859580699674552,0.06767244799993932
UTM-NN,191,nn,82.33,0.22102108899707673,0.06806448199495208
UTM-NN,192,nn,82.23,0.203563271999883,0.0670869420064264
UTM-NN,193,nn,82.3,0.2458570469971164,0.06613494300108869
UTM-NN,194,nn,82.34,0.20137172400427517,0.06769153400091454
UTM-NN,195,nn,82.34,0.2073334300002898,0.06534882500272943
UTM-NN,196,nn,82.27,0.20174775399937062,0.06682521099719452
UTM-NN,197,nn,82.26,0.2502376150005148,0.06700254300085362
UTM-NN,198,nn,82.41000000000001,0.19723664600314805,0.06863869300286751
UTM-NN,199,nn,82.33,0.19661515500047244,0.06752185000368627
UTM-NN,200,nn,82.36,0.19679751600051532,0.06768185200053267
UTM-NN,201,nn,82.31,0.24509657899761805,0.06642797400127165
UTM-NN,202,nn,82.17999999999999,0.19753205300366972,0.06699455699708778
UTM-NN,203,nn,82.27,0.1999742120024166,0.06650834999891231
UTM-NN,204,nn,82.21000000000001,0.19780419900052948,0.06677909700374585
UTM-NN,205,nn,82.3,0.2199654299984104,0.06718049600021914
UTM-NN,206,nn,82.33,0.2680778880021535,0.06858048700087238
UTM-NN,207,nn,82.31,0.19973880200268468,0.06711705999623518
UTM-NN,208,nn,82.39,0.2024626869970234,0.06856097300624242
UTM-NN,209,nn,82.28,0.21392539200314786,0.06742110299819615
UTM-NN,210,nn,82.22,0.2763795040009427,0.06847002799622715
UTM-NN,211,nn,82.32000000000001,0.20457122100197012,0.06816820599487983
UTM-NN,212,nn,82.34,0.21792127699882258,0.06607752200216055
UTM-NN,213,nn,82.41000000000001,0.21728375399834476,0.06538676300260704
UTM-NN,214,nn,82.33,0.26385194300382864,0.06786718500370625
UTM-NN,215,nn,82.22,0.21260325100593036,0.06678729499981273
UTM-NN,216,nn,82.41000000000001,0.21599928999785334,0.06512027899589157
UTM-NN,217,nn,82.34,0.2093152919987915,0.06647502900159452
UTM-NN,218,nn,82.39,0.24525428599736188,0.06636142899515107
UTM-NN,219,nn,82.31,0.19529832399712177,0.06641087099706056
UTM-NN,220,nn,82.26,0.19649344199569896,0.0666090169979725
UTM-NN,221,nn,82.19,0.19927985800313763,0.06708656000409974
UTM-NN,222,nn,82.31,0.24936080299812602,0.06843462200049544
UTM-NN,223,nn,82.28,0.20452885000122478,0.06941360499331495
UTM-NN,224,nn,82.36,0.20145745699846884,0.06546525900193956
UTM-NN,225,nn,82.34,0.19788313699973514,0.06593657100165728
UTM-NN,226,nn,82.37,0.19529512299777707,0.06624454899429111
UTM-NN,227,nn,82.39999999999999,0.2475577700024587,0.06602082199970027
UTM-NN,228,nn,82.31,0.19921033800346777,0.0652109200018458
UTM-NN,229,nn,82.28999999999999,0.19669175099988934,0.06545431900303811
UTM-NN,230,nn,82.26,0.21904376800375758,0.0672279080026783
UTM-NN,231,nn,82.33,0.25128885800222633,0.06360640200000489
UTM-NN,232,nn,82.28,0.19806193999829702,0.06695437499729451
UTM-NN,233,nn,82.28,0.1950003169986303,0.06694451100338483
UTM-NN,234,nn,82.26,0.19593172599707032,0.06326950799848419
UTM-NN,235,nn,82.32000000000001,0.25755733500409406,0.0670756129984511
UTM-NN,236,nn,82.26,0.19592851500055986,0.06646181300311582
UTM-NN,237,nn,82.37,0.21128105699608568,0.067497056996217
UTM-NN,238,nn,82.31,0.2025893760001054,0.06734443100140197
UTM-NN,239,nn,82.17,0.25658934600505745,0.06690813399472972
UTM-NN,240,nn,82.32000000000001,0.19746042599581415,0.06591265399765689
UTM-NN,241,nn,82.15,0.20177364800474606,0.06660977000137791
UTM-NN,242,nn,82.22,0.21688005000032717,0.06888877799792681
UTM-NN,243,nn,82.39,0.26901120899856323,0.06752694999886444
UTM-NN,244,nn,82.28999999999999,0.2114283409973723,0.06752479100396158
UTM-NN,245,nn,82.22,0.21827601700351806,0.0673714079966885
UTM-NN,246,nn,82.21000000000001,0.20442392800032394,0.06696700099564623
UTM-NN,247,nn,82.22,0.21860220599774038,0.06764099599968176
UTM-NN,248,nn,82.26,0.2459715029981453,0.06809334900026442
UTM-NN,249,nn,82.39,0.19822818799730157,0.06821939699875657
UTM-NN,250,nn,82.15,0.1981701120021171,0.06699552400095854
UTM-NN,251,nn,82.28,0.19609893500455655,0.06675547600025311
UTM-NN,252,nn,82.24000000000001,0.24490791400603484,0.06807841500267386
UTM-NN,253,nn,82.3,0.19749405900074635,0.0688812109947321
UTM-NN,254,nn,82.35,0.19815842399839312,0.06908731899602572
UTM-NN,255,nn,82.37,0.1962503419999848,0.06733488300233148
UTM-NN,256,nn,82.19,0.2652300190020469,0.06865287400432862
UTM-NN,257,nn,82.39,0.22022828199987998,0.0668496430007508
UTM-NN,258,nn,82.3,0.2080379629987874,0.0672206980016199
UTM-NN,259,nn,82.25,0.2000260989952949,0.0677132690034341
UTM-NN,260,nn,82.3,0.2595654780016048,0.06623808700533118
UTM-NN,261,nn,82.33,0.21984532300120918,0.06585936999908881
UTM-NN,262,nn,82.23,0.21831138899869984,0.06723090400191722
UTM-NN,263,nn,82.33,0.19685982199735008,0.06774939200113295
UTM-NN,264,nn,82.27,0.20007520099898102,0.0674627309999778
UTM-NN,265,nn,82.3,0.2525240949980798,0.06777829899510834
UTM-NN,266,nn,82.35,0.2117524900022545,0.06747174100019038
UTM-NN,267,nn,82.34,0.20476829999824986,0.06862891499622492
UTM-NN,268,nn,82.25,0.20217187099478906,0.06769082800019532
UTM-NN,269,nn,82.27,0.25101521000033244,0.06787759399594506
UTM-NN,270,nn,82.32000000000001,0.19620591800048715,0.06772892499429872
UTM-NN,271,nn,82.35,0.1986399680026807,0.06677881100040395
UTM-NN,272,nn,82.31,0.21881550699617947,0.06764535600086674
UTM-NN,273,nn,82.28,0.2591931110000587,0.06628063799871597
UTM-NN,274,nn,82.3,0.20021442500001285,0.06737007899937453
UTM-NN,275,nn,82.42,0.19939347100444138,0.06652931500138948
UTM-NN,276,nn,82.26,0.19951897200371604,0.06727755400061142
UTM-NN,277,nn,82.39999999999999,0.2516180410020752,0.06696630700025707
UTM-NN,278,nn,82.33,0.19943138000235194,0.06388825100293616
UTM-NN,279,nn,82.25,0.1960031490016263,0.06273268200311577
UTM-NN,280,nn,82.19999999999999,0.1974056820035912,0.06595296399609651
UTM-NN,281,nn,82.31,0.25354781100031687,0.06776703499781433
UTM-NN,282,nn,82.38,0.2144338180005434,0.06806640000286279
UTM-NN,283,nn,82.15,0.19557758000155445,0.06564656699629268
UTM-NN,284,nn,82.39,0.19290063100197585,0.06680006800161209
UTM-NN,285,nn,82.39,0.20202414099912858,0.06585683199955383
UTM-NN,286,nn,82.33,0.2460811439959798,0.06642540299799293
UTM-NN,287,nn,82.34,0.19575510900176596,0.06567003900272539
UTM-NN,288,nn,82.27,0.19595468400075333,0.0643503109968151
UTM-NN,289,nn,82.34,0.19590674600476632,0.0671916470018914
UTM-NN,290,nn,82.42,0.2501657359971432,0.06810583399783354
UTM-NN,291,nn,82.27,0.1952547089967993,0.06646390800597146
UTM-NN,292,nn,82.28999999999999,0.1997402859997237,0.06703141300386051
UTM-NN,293,nn,82.34,0.19482342999981483,0.06699597999977414
UTM-NN,294,nn,82.27,0.24510415400436614,0.06687000399688259
UTM-NN,295,nn,82.36,0.195436793997942,0.06641675499849953
UTM-NN,296,nn,82.3,0.2090257620002376,0.06757161200221162
UTM-NN,297,nn,82.26,0.1957543739990797,0.06766177499957848
UTM-NN,298,nn,82.39,0.2569128830000409,0.06707585099502467
UTM-NN,299,nn,82.25,0.21889433199976338,0.06796536399633624
UTM-NN,300,nn,82.28999999999999,0.20173279399750754,0.0667410390014993
UTM-NN,301,nn,82.26,0.201181717995496,0.06712099199648947
UTM-NN,302,nn,82.37,0.24349214199901326,0.06476483499864116
UTM-NN,303,nn,82.33,0.20381602199631743,0.06645978899905458
UTM-NN,304,nn,82.32000000000001,0.19819097299478017,0.0658579680020921
UTM-NN,305,nn,82.28999999999999,0.2002986149964272,0.06706780900276499
UTM-NN,306,nn,82.26,0.1946186220011441,0.0667334129975643
UTM-NN,307,nn,82.32000000000001,0.24642306999885477,0.06690601199807134
UTM-NN,308,nn,82.26,0.1982650969948736,0.06880106400058139
UTM-NN,309,nn,82.28999999999999,0.2029055180028081,0.06715118699503364
UTM-NN,310,nn,82.27,0.20769019700674107,0.06858033400203567
UTM-NN,311,nn,82.3,0.2664217860001372,0.0681043359945761
UTM-NN,312,nn,82.32000000000001,0.20545723800023552,0.0675556569985929
UTM-NN,313,nn,82.31,0.20727950800210238,0.06766036799672293
UTM-NN,314,nn,82.33,0.2185457099985797,0.06462381999881472
UTM-NN,315,nn,82.34,0.25643742400279734,0.06775251500221202
UTM-NN,316,nn,82.31,0.20110289999865927,0.06849813099688618
UTM-NN,317,nn,82.22,0.20936906200222438,0.06775073899916606
UTM-NN,318,nn,82.31,0.19714412999746855,0.06704139600333292
UTM-NN,319,nn,82.39,0.2532503429974895,0.066170363999845
UTM-NN,320,nn,82.28999999999999,0.19444661600573454,0.06644066800072324
UTM-NN,321,nn,82.35,0.19618398499733303,0.06606595099583501
UTM-NN,322,nn,82.33,0.19637547599995742,0.06285083100374322
UTM-NN,323,nn,82.39999999999999,0.2448371079954086,0.06653324799844995
UTM-NN,324,nn,82.27,0.1964906300054281,0.06367033200513106
UTM-NN,325,nn,82.36,0.19558966899785446,0.06552553200162947
UTM-NN,326,nn,82.21000000000001,0.19469657199806534,0.06332649099931587
UTM-NN,327,nn,82.32000000000001,0.20071269299660344,0.06450278299598722
UTM-NN,328,nn,82.28999999999999,0.24828526499914005,0.06648529400263214
UTM-NN,329,nn,82.43,0.19594037599745207,0.06631901700166054
UTM-NN,330,nn,82.39,0.19507645499834325,0.0659921510014101
UTM-NN,331,nn,82.21000000000001,0.19595946800109232,0.06682075199933024
UTM-NN,332,nn,82.38,0.24736022199795116,0.06637618500099052
UTM-NN,333,nn,82.3,0.19570624100015266,0.06355418200109852
UTM-NN,334,nn,82.26,0.19717959099943982,0.06385328500618925
UTM-NN,335,nn,82.32000000000001,0.20350902899372159,0.06410751800285652
UTM-NN,336,nn,82.27,0.24517659599951003,0.06342465399939101
UTM-NN,337,nn,82.36,0.19529236199741717,0.06649121500231558
UTM-NN,338,nn,82.34,0.19541090699931374,0.0663613799988525
UTM-NN,339,nn,82.27,0.1978423619948444,0.06396328400296625
UTM-NN,340,nn,82.26,0.24546891300269635,0.06530599399411585
UTM-NN,341,nn,82.26,0.19556459799787262,0.06374279600277077
UTM-NN,342,nn,82.23,0.20031882500188658,0.06546722399798455
UTM-NN,343,nn,82.38,0.19490573499933816,0.06587736000074074
UTM-NN,344,nn,82.3,0.19553515600273386,0.06379199599905405
UTM-NN,345,nn,82.31,0.24448523599858163,0.06647936900117202
UTM-NN,346,nn,82.27,0.2016038910005591,0.06717810699774418
UTM-NN,347,nn,82.39999999999999,0.19473639799980447,0.06685712199396221
UTM-NN,348,nn,82.3,0.19629073699616129,0.06672504600282991
UTM-NN,349,nn,82.28,0.26406856500398135,0.06405331299902173
UTM-NN,350,nn,82.28,0.19968140000128187,0.0665906680005719
UTM-NN,351,nn,82.17,0.19700166000257013,0.06586402699758764
UTM-NN,352,nn,82.24000000000001,0.19913175299734576,0.06714180099515943
UTM-NN,353,nn,82.37,0.2609366949982359,0.06819614000414731
UTM-NN,354,nn,82.27,0.195340997997846,0.06604990400228417
UTM-NN,355,nn,82.33,0.1966960330028087,0.0647009349995642
UTM-NN,356,nn,82.35,0.19846176900318824,0.06610253600229044
UTM-NN,357,nn,82.31,0.25113031799992314,0.066687403996184
UTM-NN,358,nn,82.33,0.19566510999720776,0.06828758999472484
UTM-NN,359,nn,82.34,0.19532784100010758,0.06707438000012189
UTM-NN,360,nn,82.22,0.1948060720023932,0.06694743099797051
UTM-NN,361,nn,82.21000000000001,0.246443089999957,0.0671316130028572
UTM-NN,362,nn,82.34,0.19571603799704462,0.06644719500036445
UTM-NN,363,nn,82.28,0.19723774600424804,0.06715344899566844
UTM-NN,364,nn,82.25,0.20369845099776285,0.06694479999714531
UTM-NN,365,nn,82.35,0.195167516998481,0.06662077200599015
UTM-NN,366,nn,82.28999999999999,0.24510346999886679,0.06463270899985218
UTM-NN,367,nn,82.32000000000001,0.19533304799551843,0.064857754005061
UTM-NN,368,nn,82.32000000000001,0.19812228599766968,0.06525723400409333
UTM-NN,369,nn,82.42,0.19550495899602538,0.06678254999860656
UTM-NN,370,nn,82.38,0.26254404700011946,0.06670176899933722
UTM-NN,371,nn,82.41000000000001,0.21829261699895142,0.06534585900226375
UTM-NN,372,nn,82.36,0.19363458400039235,0.06641775900061475
UTM-NN,373,nn,82.36,0.2204707810014952,0.06688856400432996
UTM-NN,374,nn,82.28,0.2691972510001506,0.06637666800088482
UTM-NN,375,nn,82.42,0.20493213800364174,0.06761128399375593
UTM-NN,376,nn,82.28,0.20124203599698376,0.06517481100308942
UTM-NN,377,nn,82.41000000000001,0.20086882400210015,0.06349546999990707
UTM-NN,378,nn,82.24000000000001,0.26197683200007305,0.06644965700252214
UTM-NN,379,nn,82.19999999999999,0.19886927100014873,0.06679773300129455
UTM-NN,380,nn,82.36,0.1963233170026797,0.06597506099933526
UTM-NN,381,nn,82.27,0.19644406699808314,0.06650262699986342
UTM-NN,382,nn,82.38,0.24912154900084715,0.06721772900345968
UTM-NN,383,nn,82.45,0.19651581100333715,0.06644617200072389
UTM-NN,384,nn,82.26,0.19777049899857957,0.0670028309978079
UTM-NN,385,nn,82.34,0.19758172200090485,0.06665981900005136
UTM-NN,386,nn,82.26,0.2089528050055378,0.06686859199544415
UTM-NN,387,nn,82.3,0.24657622500672005,0.06603702400025213
UTM-NN,388,nn,82.37,0.2004965509986505,0.06599125399952754
UTM-NN,389,nn,82.35,0.19781617599801393,0.06686672800424276
UTM-NN,390,nn,82.34,0.1956813360011438,0.06700828899920452
UTM-NN,391,nn,82.37,0.24522938999871258,0.0659701819968177
UTM-NN,392,nn,82.38,0.19509547200141242,0.06368068000301719
UTM-NN,393,nn,82.33,0.19746452899562428,0.06708261300082086
UTM-NN,394,nn,82.26,0.19473607300460571,0.06681217400182504
UTM-NN,395,nn,82.27,0.25775785900623305,0.06702073999622371
UTM-NN,396,nn,82.24000000000001,0.21364216700021643,0.06691652900190093
UTM-NN,397,nn,82.24000000000001,0.19917159199394519,0.06540119900455466
UTM-NN,398,nn,82.28,0.19587748200137867,0.06633223300013924
UTM-NN,399,nn,82.32000000000001,0.24421395900571952,0.06642957099393243
UTM-NN,400,nn,82.28999999999999,0.1969747240000288,0.06513917100528488
UTM-NN,401,nn,82.22,0.2130582880054135,0.06811088099493645
UTM-NN,402,nn,82.26,0.19482479499856709,0.06661987600091379
UTM-NN,403,nn,82.27,0.24577562200283865,0.06613033699977677
UTM-NN,404,nn,82.25,0.19700813199597178,0.06680716299888445
UTM-NN,405,nn,82.37,0.21941087999584852,0.06614397499652114
UTM-NN,406,nn,82.22,0.2169450970031903,0.06652410099923145
UTM-NN,407,nn,82.21000000000001,0.21349149600428063,0.06761556299898075
UTM-NN,408,nn,82.22,0.2728655129976687,0.06873248199553927
UTM-NN,409,nn,82.25,0.21742365300451638,0.06594381699687801
UTM-NN,410,nn,82.36,0.21893007299513556,0.06509654399997089
UTM-NN,411,nn,82.15,0.19934878599451622,0.06585617599921534
UTM-NN,412,nn,82.23,0.2692045110015897,0.06659927000146126
UTM-NN,413,nn,82.17999999999999,0.21661823000613367,0.0654705950000789
UTM-NN,414,nn,82.38,0.21409899900027085,0.06843188300263137
UTM-NN,415,nn,82.27,0.21660520799923688,0.06443103299534414
UTM-NN,416,nn,82.24000000000001,0.2586369099954027,0.06568376900395378
UTM-NN,417,nn,82.39,0.19903996599896345,0.06687666400102898
UTM-NN,418,nn,82.26,0.19727364099526312,0.06663779199880082
UTM-NN,419,nn,82.3,0.20776515799661865,0.06482078299450222
UTM-NN,420,nn,82.32000000000001,0.26106480399903376,0.06422913999995217
UTM-NN,421,nn,82.28,0.22519034200377064,0.06505044900404755
UTM-NN,422,nn,82.3,0.20097649499803083,0.07101318900095066
UTM-NN,423,nn,82.33,0.1951024750014767,0.06765155200264417
UTM-NN,424,nn,82.31,0.25044645199523075,0.06516001599811716
UTM-NN,425,nn,82.28999999999999,0.1953063539986033,0.0654480200028047
UTM-NN,426,nn,82.32000000000001,0.1977097019989742,0.06669548399804626
UTM-NN,427,nn,82.28,0.2179791849994217,0.06546670499665197
UTM-NN,428,nn,82.28,0.21663843800342875,0.0683677990018623
UTM-NN,429,nn,82.38,0.26938485599384876,0.06685066200589063
UTM-NN,430,nn,82.32000000000001,0.19820988300489262,0.06408878899674164
UTM-NN,431,nn,82.34,0.19454706499527674,0.0660370330006117
UTM-NN,432,nn,82.32000000000001,0.1982802200000151,0.06683842599886702
UTM-NN,433,nn,82.21000000000001,0.260305341995263,0.0666259040008299
UTM-NN,434,nn,82.27,0.19331048499589087,0.06716390600195155
UTM-NN,435,nn,82.36,0.19924593899486354,0.06741749500361038
UTM-NN,436,nn,82.23,0.20023453600151697,0.06684845100244274
UTM-NN,437,nn,82.27,0.2597557550034253,0.0657747430013842
UTM-NN,438,nn,82.3,0.19940383100038162,0.06607391699799336
UTM-NN,439,nn,82.3,0.19731575100013288,0.06309755599795608
UTM-NN,440,nn,82.3,0.2106613530049799,0.06631162399571622
UTM-NN,441,nn,82.23,0.25332230200001504,0.06613011200533947
UTM-NN,442,nn,82.15,0.1960948490013834,0.0678817939988221
UTM-NN,443,nn,82.31,0.19620944499911275,0.06691288699948927
UTM-NN,444,nn,82.33,0.19756202999997186,0.06833446800010279
UTM-NN,445,nn,82.37,0.19993621899629943,0.06621677499788348
UTM-NN,446,nn,82.37,0.24702892600180348,0.06668290099332808
UTM-NN,447,nn,82.25,0.19653581699822098,0.06616206499893451
UTM-NN,448,nn,82.3,0.1962876649995451,0.06535055800486589
UTM-NN,449,nn,82.26,0.19592725199618144,0.067139891005354
UTM-NN,450,nn,82.25,0.24615764700138243,0.0672678850023658
UTM-NN,451,nn,82.25,0.19576217199937673,0.06336863899923628
UTM-NN,452,nn,82.25,0.2036398409982212,0.0638729029960814
UTM-NN,453,nn,82.33,0.2005337079972378,0.0642038660007529
UTM-NN,454,nn,82.39999999999999,0.26343509899743367,0.06661278299725382
UTM-NN,455,nn,82.39,0.19549998200091068,0.0655211000048439
UTM-NN,456,nn,82.27,0.19732392099831486,0.0669445630046539
UTM-NN,457,nn,82.33,0.20523001499532256,0.06531261000054656
UTM-NN,458,nn,82.32000000000001,0.269164401004673,0.0673494050060981
UTM-NN,459,nn,82.33,0.20730629500030773,0.06709839899849612
UTM-NN,460,nn,82.34,0.20188386800145963,0.06720656200195663
UTM-NN,461,nn,82.28,0.19679102300142404,0.06758523699681973
UTM-NN,462,nn,82.39999999999999,0.2519383500039112,0.0679794600000605
UTM-NN,463,nn,82.38,0.19414620399766136,0.0675757569988491
UTM-NN,464,nn,82.26,0.19773090800299542,0.06845753000379773
UTM-NN,465,nn,82.31,0.19215345800330397,0.06722940599865979
UTM-NN,466,nn,82.3,0.19560151500627398,0.0658800729943323
UTM-NN,467,nn,82.28,0.25277839900081744,0.06666870100161759
UTM-NN,468,nn,82.25,0.19614316899969708,0.0660154950019205
UTM-NN,469,nn,82.28999999999999,0.1962405279991799,0.06718570300290594
UTM-NN,470,nn,82.19,0.19620643700181972,0.06702510800096206
UTM-NN,471,nn,82.26,0.2688446859974647,0.06872750100592384
UTM-NN,472,nn,82.34,0.19725614199705888,0.06498149699473288
UTM-NN,473,nn,82.32000000000001,0.19934883300447837,0.06707619500230066
UTM-NN,474,nn,82.42,0.21179888299957383,0.06817894599953433
UTM-NN,475,nn,82.31,0.24841693999769632,0.06696175700199092
UTM-NN,476,nn,82.26,0.19450339399918448,0.06761801800166722
UTM-NN,477,nn,82.26,0.19480660399858607,0.06707001299946569
UTM-NN,478,nn,82.37,0.19550866200006567,0.06844891499349615
UTM-NN,479,nn,82.23,0.263769698998658,0.06629445900034625
UTM-NN,480,nn,82.36,0.2041893150017131,0.0683017160044983
UTM-NN,481,nn,82.33,0.22289517799799796,0.06856825299473712
UTM-NN,482,nn,82.28,0.20319280300464015,0.06738059200142743
UTM-NN,483,nn,82.27,0.2683049859988387,0.06697135500144213
UTM-NN,484,nn,82.36,0.2168083009964903,0.06546941999840783
UTM-NN,485,nn,82.27,0.20561140700010583,0.06832535399735207
UTM-NN,486,nn,82.32000000000001,0.21713439100130927,0.06751652700040722
UTM-NN,487,nn,82.28999999999999,0.21776082499854965,0.06636017699929653
UTM-NN,488,nn,82.28,0.25455054500343977,0.06948979300068459
UTM-NN,489,nn,82.33,0.19956265600194456,0.0676703909994103
UTM-NN,490,nn,82.25,0.20130473900644574,0.06650565800373442
UTM-NN,491,nn,82.26,0.2083922900055768,0.0685819449936389
UTM-NN,492,nn,82.22,0.2654737680059043,0.06992784000613028
UTM-NN,493,nn,82.39,0.21914443399873562,0.06749660700006643
UTM-NN,494,nn,82.41000000000001,0.20086861799791222,0.06750786599877756
UTM-NN,495,nn,82.37,0.20059551899612416,0.06456537600024603
UTM-NN,496,nn,82.32000000000001,0.2667901390013867,0.0672028160042828
UTM-NN,497,nn,82.35,0.19618592099868692,0.0653336789982859
UTM-NN,498,nn,82.36,0.2210333159964648,0.06561547100136522
UTM-NN,499,nn,82.35,0.1952416380008799,0.06674315800046315
UTM-NN,500,nn,82.25,0.2680963349994272,0.06652463300270028
