method,epoch,model_type,test_accuracy,train_time,test_time
Cyclic,1,tm,73.31,0.3956412769985036,0.06616396599565633
Cyclic,2,tm,78.32000000000001,0.35746063300030073,0.06760297700384399
Cyclic,3,tm,78.25999999999999,0.35472361499705585,0.06809478800278157
Cyclic,4,tm,77.53999999999999,0.3520962100010365,0.06793447100062622
Cyclic,5,tm,79.69000000000001,0.3355766160020721,0.06886966599995503
Cyclic,6,tm,78.14999999999999,0.345557528999052,0.06770564500038745
Cyclic,7,tm,80.08,0.3312547559980885,0.0682955709999078
Cyclic,8,tm,80.69,0.32513527200353565,0.06756287600001087
Cyclic,9,tm,80.30000000000001,0.32495708799979184,0.06680198600224685
Cyclic,10,tm,80.24,0.32090509399859,0.0668383320007706
Cyclic,11,tm,80.36999999999999,0.3258153829956427,0.06692162699619075
Cyclic,12,tm,79.75999999999999,0.3282286399989971,0.06714376200397965
Cyclic,13,tm,79.86999999999999,0.332834296998044,0.0671298149973154
Cyclic,14,tm,79.60000000000001,0.3333468580021872,0.06429946599382674
Cyclic,15,tm,80.35,0.32200944399664877,0.06798340800014557
Cyclic,16,tm,80.15,0.33157995900546666,0.06970031899982132
Cyclic,17,tm,80.94,0.3203798899994581,0.06914518399571534
Cyclic,18,tm,80.5,0.3256609220043174,0.06661248599993996
Cyclic,19,tm,81.05,0.32170027300162474,0.0688002789975144
Cyclic,20,tm,81.08999999999999,0.32278961499832803,0.06824694999522762
Cyclic,21,tm,81.26,0.3155698169939569,0.06865468899923144
Cyclic,22,tm,80.39,0.3281400090054376,0.06494683700293535
Cyclic,23,tm,80.91000000000001,0.3088197789984406,0.0688224990008166
Cyclic,24,tm,80.12,0.31363490800140426,0.06730065000010654
Cyclic,25,tm,81.6,0.3169451699941419,0.0678267249968485
Cyclic,26,tm,81.05,0.31409738000365905,0.06914867299929028
Cyclic,27,tm,81.22,0.3194706779977423,0.06903061299817637
Cyclic,28,tm,80.07,0.3177560860058293,0.06811381800071103
Cyclic,29,tm,81.83,0.3263822840017383,0.06505610299791442
Cyclic,30,tm,81.73,0.31982867199985776,0.0651982749986928
Cyclic,31,tm,81.13,0.3186647219990846,0.0685766960014007
Cyclic,32,tm,80.0,0.30992523200256983,0.06504918899736367
Cyclic,33,tm,80.99,0.31114459799573524,0.06852428999991389
Cyclic,34,tm,81.38,0.322206400000141,0.06389285800105426
Cyclic,35,tm,79.71000000000001,0.31271530599769903,0.0677538559975801
Cyclic,36,tm,81.05,0.30912859499949263,0.07339664699975401
Cyclic,37,tm,80.62,0.3115540319995489,0.06952993899903959
Cyclic,38,tm,80.66,0.3117416850000154,0.06844435199309373
Cyclic,39,tm,80.67999999999999,0.31280264299857663,0.06882495400350308
Cyclic,40,tm,81.24,0.30511818699596915,0.06831801700172946
Cyclic,41,tm,81.31,0.3305533800012199,0.06924092700501205
Cyclic,42,tm,81.72,0.31718437500239816,0.06894204700074624
Cyclic,43,tm,81.01,0.31483135600137757,0.06861329499952262
Cyclic,44,tm,81.25,0.3184570880039246,0.06867608000175096
Cyclic,45,tm,81.05,0.3122893870022381,0.06791442599933362
Cyclic,46,tm,79.47999999999999,0.3098600739976973,0.06787133700709091
Cyclic,47,tm,80.73,0.3105964570058859,0.06699842500529485
Cyclic,48,tm,81.44,0.31360422099533025,0.06748969999898691
Cyclic,49,tm,81.17,0.3130061910051154,0.06827922299999045
Cyclic,50,tm,80.86,0.306195064993517,0.06757445299444953
Cyclic,51,nn,83.32000000000001,0.19964149999577785,0.06949530400015647
Cyclic,52,nn,83.15,0.21735086899570888,0.06932760000199778
Cyclic,53,nn,83.22,0.22050259400566574,0.06727687200327637
Cyclic,54,nn,83.13000000000001,0.2758177069990779,0.07095822400151519
Cyclic,55,nn,83.35000000000001,0.22232266300125048,0.07020074199681403
Cyclic,56,nn,83.32000000000001,0.2053290370022296,0.06918835000396939
Cyclic,57,nn,83.28,0.22189295099815354,0.06936465500621125
Cyclic,58,nn,83.39,0.26888396800495684,0.06978897299995879
Cyclic,59,nn,83.37,0.21880516399687622,0.06914438200328732
Cyclic,60,nn,83.41,0.2109477420017356,0.06714421300421236
Cyclic,61,nn,83.17999999999999,0.22015257299790392,0.06884179199551
Cyclic,62,nn,83.39,0.270153527999355,0.0689636720053386
Cyclic,63,nn,83.39999999999999,0.21858067299763206,0.0690302349976264
Cyclic,64,nn,83.52000000000001,0.2106962250036304,0.06777561300259549
Cyclic,65,nn,83.65,0.21812151199992513,0.06907304999913322
Cyclic,66,nn,83.67,0.26807192400156055,0.06898288099910133
Cyclic,67,nn,83.67999999999999,0.2026066999969771,0.06854520600609249
Cyclic,68,nn,83.69,0.22128324399818666,0.06833141400420573
Cyclic,69,nn,83.78999999999999,0.2195665059989551,0.06813082400185522
Cyclic,70,nn,83.76,0.2485074970027199,0.07068876599805662
Cyclic,71,nn,83.93,0.2174121819989523,0.06714849000127288
Cyclic,72,nn,83.91,0.1958043100021314,0.06956631699722493
Cyclic,73,nn,83.95,0.19652276299893856,0.06968111600144766
Cyclic,74,nn,83.98,0.20221348499762826,0.06868971999938367
Cyclic,75,nn,83.99,0.2450677060041926,0.06854338899574941
Cyclic,76,nn,84.17,0.21946809999644756,0.06652324899914674
Cyclic,77,nn,84.07,0.2194412780008861,0.06963625099888304
Cyclic,78,nn,84.19,0.22329234999779146,0.07075888899998972
Cyclic,79,nn,84.17999999999999,0.26568536100239726,0.067752406001091
Cyclic,80,nn,84.17999999999999,0.22094668600038858,0.06684214800043264
Cyclic,81,nn,84.2,0.20437718200264499,0.06946867700025905
Cyclic,82,nn,84.27,0.21870335700077703,0.06885160700039705
Cyclic,83,nn,84.35000000000001,0.269279647996882,0.06847737700445578
Cyclic,84,nn,84.35000000000001,0.22180365399981383,0.06856268899718998
Cyclic,85,nn,84.42,0.19600841599458363,0.06922636400122428
Cyclic,86,nn,84.25,0.21977638799580745,0.06938412999443244
Cyclic,87,nn,84.42,0.27179394400445744,0.06989734600210795
Cyclic,88,nn,84.32,0.2146866789989872,0.07057324999914272
Cyclic,89,nn,84.39999999999999,0.1966831669997191,0.06959795800503343
Cyclic,90,nn,84.38,0.19650917199760443,0.0690749200002756
Cyclic,91,nn,84.32,0.2464953169983346,0.0698837599993567
Cyclic,92,nn,84.39,0.19551064000552287,0.06928811799298273
Cyclic,93,nn,84.39999999999999,0.19631993800430791,0.07008455399773084
Cyclic,94,nn,84.45,0.1970942100015236,0.06861478499922669
Cyclic,95,nn,84.43,0.20069548399624182,0.07001395299448632
Cyclic,96,nn,84.48,0.2453784050012473,0.06979506599600427
Cyclic,97,nn,84.54,0.1971160749963019,0.06892727399826981
Cyclic,98,nn,84.54,0.19606679899879964,0.06818521200329997
Cyclic,99,nn,84.46000000000001,0.20409061499958625,0.06946497999888379
Cyclic,100,nn,84.44,0.246414499997627,0.06792194899753667
Cyclic,101,tm,80.10000000000001,0.31174045000079786,0.06788281300396193
Cyclic,102,tm,81.64,0.31434660499508027,0.06770312000298873
Cyclic,103,tm,81.39,0.3055749619961716,0.06805082500068238
Cyclic,104,tm,81.97,0.3035621219969471,0.07331327100109775
Cyclic,105,tm,81.03,0.30991844899835996,0.06868454899813514
Cyclic,106,tm,80.77,0.31965063600364374,0.06555710900283884
Cyclic,107,tm,81.69999999999999,0.30945659200369846,0.06810501700238092
Cyclic,108,tm,81.17,0.3097020839995821,0.067116485995939
Cyclic,109,tm,81.84,0.3133302200003527,0.06422530800045934
Cyclic,110,tm,81.46,0.306570136002847,0.06720180599950254
Cyclic,111,tm,81.99,0.3158723290034686,0.06801267000264488
Cyclic,112,tm,81.37,0.3189008749977802,0.06710118200135184
Cyclic,113,tm,82.05,0.31074764199729543,0.06809080299717607
Cyclic,114,tm,81.32000000000001,0.3112577040010365,0.06914100299763959
Cyclic,115,tm,81.44,0.3032165249969694,0.06772868800180731
Cyclic,116,tm,81.71000000000001,0.3165832689992385,0.06690817899652757
Cyclic,117,tm,80.91000000000001,0.30053173899796093,0.06864951999887126
Cyclic,118,tm,80.86,0.31539931000588695,0.06808558299962897
Cyclic,119,tm,81.49,0.30364080700383056,0.0664753320015734
Cyclic,120,tm,82.08,0.31038102399907075,0.06747895500302548
Cyclic,121,tm,80.05,0.30911300600564573,0.06888762900052825
Cyclic,122,tm,82.13000000000001,0.3105619230045704,0.06769482099480228
Cyclic,123,tm,81.03,0.3148769330000505,0.06660590699902968
Cyclic,124,tm,81.69999999999999,0.3086144709959626,0.06557519600028172
Cyclic,125,tm,81.89,0.30420644999685464,0.06783652200101642
Cyclic,126,tm,81.52000000000001,0.3143074079998769,0.06531687700044131
Cyclic,127,tm,81.49,0.3134446250041947,0.06488845500280149
Cyclic,128,tm,81.44,0.3073285490027047,0.06681238199962536
Cyclic,129,tm,81.14,0.3003780519939028,0.06848719499976141
Cyclic,130,tm,81.82000000000001,0.3159395629991195,0.06650448899745243
Cyclic,131,tm,80.78999999999999,0.3071850989945233,0.0637462169979699
Cyclic,132,tm,80.67999999999999,0.3121664639984374,0.0677553240020643
Cyclic,133,tm,81.41000000000001,0.3035638950022985,0.06760933699843008
Cyclic,134,tm,82.3,0.31357101499452256,0.06785886899888283
Cyclic,135,tm,81.33,0.3088503499966464,0.06729839800391346
Cyclic,136,tm,80.47,0.31422199399821693,0.06742636299895821
Cyclic,137,tm,81.13,0.30266621299961116,0.06611782900290564
Cyclic,138,tm,81.33,0.3046507129984093,0.0684612759941956
Cyclic,139,tm,81.87,0.31023924100009026,0.0676650109962793
Cyclic,140,tm,81.22,0.30748542100627674,0.06678156300040428
Cyclic,141,tm,80.89,0.3112973500028602,0.0682190180014004
Cyclic,142,tm,81.69,0.31073177399957785,0.06635475700022653
Cyclic,143,tm,81.85,0.30454129899590043,0.0676092880021315
Cyclic,144,tm,81.23,0.30848335300106555,0.06730686200171476
Cyclic,145,tm,81.44,0.30618693999713287,0.06811931999982335
Cyclic,146,tm,81.49,0.3146962200044072,0.06790222600102425
Cyclic,147,tm,82.06,0.30239789000188466,0.06780388600600418
Cyclic,148,tm,81.63,0.31006713100214256,0.06789290899905609
Cyclic,149,tm,80.74,0.3041363780066604,0.0666833530049189
Cyclic,150,tm,80.85,0.3067468799999915,0.06757726199430181
Cyclic,151,nn,82.92,0.21079012299742317,0.06852670000080252
Cyclic,152,nn,83.05,0.22020946200063918,0.0683157579987892
Cyclic,153,nn,82.80999999999999,0.2234490900009405,0.0677687400020659
Cyclic,154,nn,82.74000000000001,0.2658335119995172,0.07009114399988903
Cyclic,155,nn,83.07,0.2232504040002823,0.06696670399833238
Cyclic,156,nn,83.12,0.22000051799841458,0.06910680799774127
Cyclic,157,nn,83.11,0.20762299899797654,0.07064364300458692
Cyclic,158,nn,83.02000000000001,0.26452825799788116,0.06843354499869747
Cyclic,159,nn,83.15,0.21989772700180765,0.06850610399851575
Cyclic,160,nn,83.3,0.2094481110034394,0.06906136000179686
Cyclic,161,nn,83.17999999999999,0.207056259001547,0.07031691800511908
Cyclic,162,nn,83.34,0.2684165489990846,0.06862445699516684
Cyclic,163,nn,83.45,0.21756594599719392,0.0681292650042451
Cyclic,164,nn,83.27,0.22188124700187473,0.06908356300118612
Cyclic,165,nn,83.42,0.213597073998244,0.06901880499935942
Cyclic,166,nn,83.59,0.26408149999770103,0.06836625600408297
Cyclic,167,nn,83.56,0.21344353099993896,0.06647381600487279
Cyclic,168,nn,83.54,0.2002027599955909,0.07004643700201996
Cyclic,169,nn,83.69,0.21753346799960127,0.06932020500244107
Cyclic,170,nn,83.75,0.263477062995662,0.07009484000445809
Cyclic,171,nn,83.75,0.2022729509990313,0.06583676000445848
Cyclic,172,nn,83.69,0.2196977310013608,0.06863544700172497
Cyclic,173,nn,83.77,0.20122586100478657,0.06904623700393131
Cyclic,174,nn,83.87,0.22052078799606534,0.06840341699717101
Cyclic,175,nn,83.78,0.272415697996621,0.06917371199961053
Cyclic,176,nn,83.89999999999999,0.19821770099952118,0.06911763900279766
Cyclic,177,nn,83.93,0.20420704999560257,0.06550770900503267
Cyclic,178,nn,84.07,0.21129619800194632,0.06775461500365054
Cyclic,179,nn,84.03,0.2695811629964737,0.06866768599866191
Cyclic,180,nn,83.99,0.2176968330022646,0.07014785200590268
Cyclic,181,nn,83.94,0.22604126900114352,0.06936944399785716
Cyclic,182,nn,84.19,0.19836313700216124,0.06775178499810863
Cyclic,183,nn,84.03,0.26812689500366105,0.06870611200429266
Cyclic,184,nn,84.11,0.2187842420025845,0.07053689599706559
Cyclic,185,nn,84.39999999999999,0.20574957499775337,0.07041204899724107
Cyclic,186,nn,84.02,0.2204250399954617,0.07025871200312395
Cyclic,187,nn,84.41,0.2664389410056174,0.0701971069938736
Cyclic,188,nn,84.28999999999999,0.21766329600359313,0.0693778269996983
Cyclic,189,nn,84.32,0.22077510200324468,0.07002154299698304
Cyclic,190,nn,84.31,0.22161282199522248,0.06921554599830415
Cyclic,191,nn,84.3,0.2840806550011621,0.07055393000337062
Cyclic,192,nn,84.41,0.19944283299992094,0.06957087999762734
Cyclic,193,nn,84.33,0.19658411300042644,0.06994761899841251
Cyclic,194,nn,84.21,0.19654182500380557,0.06886802200460806
Cyclic,195,nn,84.48,0.1998021469989908,0.06859655500011286
Cyclic,196,nn,84.19,0.2462411369997426,0.0694699590021628
Cyclic,197,nn,84.50999999999999,0.19617819099948974,0.06895166800677544
Cyclic,198,nn,84.28,0.19574281300447183,0.0696795799958636
Cyclic,199,nn,84.33,0.20223722999799065,0.06907633200171404
Cyclic,200,nn,84.3,0.24567258700699313,0.06911126300110482
Cyclic,201,tm,81.98,0.3168456650018925,0.06809335400612326
Cyclic,202,tm,81.8,0.3069460580009036,0.06865516800462501
Cyclic,203,tm,80.78,0.3080136130010942,0.06697531200188678
Cyclic,204,tm,79.29,0.3247418890023255,0.06769362300110515
Cyclic,205,tm,81.10000000000001,0.30462477899709484,0.067903021001257
Cyclic,206,tm,81.49,0.30582602100184886,0.06787202999839792
Cyclic,207,tm,81.97,0.31170030900102574,0.06770555499679176
Cyclic,208,tm,82.07,0.31030388500221306,0.06920319799974095
Cyclic,209,tm,80.64,0.3019969749948359,0.06789234800089616
Cyclic,210,tm,81.06,0.307791040999291,0.0695844069996383
Cyclic,211,tm,81.22,0.31017434100067476,0.06818548000592273
Cyclic,212,tm,80.83,0.30556079600501107,0.06740267200075323
Cyclic,213,tm,80.24,0.3135028379983851,0.06693418900249526
Cyclic,214,tm,81.51,0.3133523119977326,0.068283592001535
Cyclic,215,tm,81.63,0.3152182269986952,0.06730876099754823
Cyclic,216,tm,81.69999999999999,0.31057207199773984,0.0665949609974632
Cyclic,217,tm,81.72,0.3028677019974566,0.06918896999559365
Cyclic,218,tm,82.05,0.31084712400479475,0.06789892599772429
Cyclic,219,tm,82.71,0.28703830399899743,0.06854524499794934
Cyclic,220,tm,80.76,0.307401034006034,0.06789764099812601
Cyclic,221,tm,81.58,0.312353171997529,0.06749954499537125
Cyclic,222,tm,82.78999999999999,0.3048821689953911,0.06726687799528008
Cyclic,223,tm,81.71000000000001,0.3082050909943064,0.06770785999833606
Cyclic,224,tm,81.16,0.3042293949984014,0.0676983060038765
Cyclic,225,tm,82.23,0.302195208001649,0.06685608399857301
Cyclic,226,tm,81.69,0.30273553999722935,0.06769217999681132
Cyclic,227,tm,80.82000000000001,0.3076644309985568,0.06778607200249098
Cyclic,228,tm,81.36,0.3020026960002724,0.06764900499547366
Cyclic,229,tm,82.01,0.2984323890050291,0.0686055770056555
Cyclic,230,tm,82.39999999999999,0.305706826999085,0.06731029799993848
Cyclic,231,tm,82.04,0.3089302799999132,0.06796694399963599
Cyclic,232,tm,81.76,0.3029251369953272,0.06721944799937773
Cyclic,233,tm,82.09,0.3039951840037247,0.06737653000163846
Cyclic,234,tm,82.02000000000001,0.30586963999667205,0.06743872899824055
Cyclic,235,tm,81.36,0.3063707030014484,0.0687188480005716
Cyclic,236,tm,82.54,0.3056400199930067,0.06927452800300671
Cyclic,237,tm,81.72,0.30351112600328634,0.06829775399819482
Cyclic,238,tm,80.9,0.30617391700070584,0.0654814939989592
Cyclic,239,tm,82.09,0.30447505300253397,0.06799657999363262
Cyclic,240,tm,82.25,0.30305681099707726,0.067544915000326
Cyclic,241,tm,81.49,0.3093517109955428,0.06874838800285943
Cyclic,242,tm,81.63,0.313202970995917,0.06871053299983032
Cyclic,243,tm,80.92,0.30983635400480125,0.06889276000583777
Cyclic,244,tm,81.35,0.31379837099666474,0.06691422400035663
Cyclic,245,tm,82.69,0.3031209949986078,0.07080197900359053
Cyclic,246,tm,81.78,0.3087560870044399,0.06764641599875176
Cyclic,247,tm,81.33,0.3098353759996826,0.06743009100318886
Cyclic,248,tm,81.47999999999999,0.3080039409978781,0.06943415699788602
Cyclic,249,tm,82.24000000000001,0.31157969000196317,0.06677508999564452
Cyclic,250,tm,81.98,0.298982957006956,0.06729593600175576
Cyclic,251,nn,83.65,0.2164655099986703,0.07000695599708706
Cyclic,252,nn,83.54,0.20549830100208055,0.06988306399580324
Cyclic,253,nn,83.41,0.22081953100132523,0.07082736900338205
Cyclic,254,nn,83.59,0.2609873219989822,0.0711805790051585
Cyclic,255,nn,83.39999999999999,0.2175676199985901,0.07101889600016875
Cyclic,256,nn,83.47,0.19405861599807395,0.06955313299840782
Cyclic,257,nn,83.46000000000001,0.2052693689984153,0.06951134799601277
Cyclic,258,nn,83.54,0.21553656100149965,0.07153786699927878
Cyclic,259,nn,83.43,0.24760445400170283,0.06929178499558475
Cyclic,260,nn,83.34,0.2219425970033626,0.07024943699798314
Cyclic,261,nn,83.45,0.20239821699942695,0.07002479600487277
Cyclic,262,tm,81.42,0.29713636400265386,0.06849252800020622
Cyclic,263,tm,82.08,0.3095166359998984,0.06891355299740098
Cyclic,264,tm,82.46,0.3063077940023504,0.06825502200081246
Cyclic,265,tm,81.06,0.2972391380026238,0.06905987900245236
Cyclic,266,tm,81.98,0.30781906999618514,0.06777524399512913
Cyclic,267,tm,80.73,0.3051625740044983,0.06936550200043712
Cyclic,268,tm,80.38,0.30229122399759945,0.06876453800214222
Cyclic,269,tm,81.31,0.3133813380045467,0.06837862700194819
Cyclic,270,tm,81.69999999999999,0.31824774100095965,0.06905147199722705
Cyclic,271,tm,82.24000000000001,0.3113605420003296,0.07002736299909884
Cyclic,272,tm,82.03,0.31280326299747685,0.06677199400292011
Cyclic,273,tm,81.78999999999999,0.3039975650026463,0.06531079399428563
Cyclic,274,tm,81.14,0.3118520779971732,0.06775062099768547
Cyclic,275,tm,81.25,0.3106868120012223,0.06640768099896377
Cyclic,276,tm,82.03,0.303736210000352,0.06918935300200246
Cyclic,277,tm,81.38,0.31311985500360606,0.06833125300181564
Cyclic,278,tm,82.37,0.3098886829975527,0.0682330730051035
Cyclic,279,tm,81.66,0.3123062559971004,0.06817588199919555
Cyclic,280,tm,80.67999999999999,0.2970780260002357,0.06571404900023481
Cyclic,281,tm,82.27,0.3034964079997735,0.06763838900224073
Cyclic,282,tm,81.96,0.30414317899703747,0.06862946999899577
Cyclic,283,tm,81.72,0.30765290500130504,0.06696986700262642
Cyclic,284,tm,81.88,0.30404541199823143,0.06681252199632581
Cyclic,285,tm,81.87,0.3004839919958613,0.06750306599860778
Cyclic,286,tm,81.87,0.3042649420021917,0.06756905100337462
Cyclic,287,tm,81.57,0.3044077759986976,0.06872540800395655
Cyclic,288,tm,81.41000000000001,0.3037960209985613,0.0672269269998651
Cyclic,289,tm,81.69999999999999,0.2957867029981571,0.07007420199806802
Cyclic,290,tm,82.54,0.30688231000385713,0.06714635599928442
Cyclic,291,tm,82.42,0.30425069500051904,0.06614774400077295
Cyclic,292,tm,81.0,0.295460531997378,0.06681737300095847
Cyclic,293,tm,81.27,0.3057427999956417,0.06760514399502426
Cyclic,294,tm,81.07,0.31122423699707724,0.0666180530024576
Cyclic,295,tm,81.69,0.2987693129980471,0.06758778799849097
Cyclic,296,tm,82.0,0.3006011329998728,0.06827603199781151
Cyclic,297,tm,81.01,0.30141366200405173,0.06701544099632883
Cyclic,298,tm,82.14,0.3036661110018031,0.06785773499723291
Cyclic,299,tm,81.88,0.3076486939971801,0.06882911999855423
Cyclic,300,tm,81.62,0.30681201400147984,0.06695714600209612
Cyclic,301,tm,81.74,0.2903302159975283,0.06956022100348491
Cyclic,302,tm,81.63,0.3120123710032203,0.0684676520031644
Cyclic,303,tm,81.71000000000001,0.3026441089969012,0.06892715599678922
Cyclic,304,tm,82.1,0.3059561699992628,0.0693156999986968
Cyclic,305,tm,81.57,0.305523238996102,0.06792168399988441
Cyclic,306,tm,81.44,0.3160947180003859,0.06800991499767406
Cyclic,307,tm,82.1,0.30670813799952157,0.06835686200065538
Cyclic,308,tm,82.41000000000001,0.3012304410003708,0.06744737400003942
Cyclic,309,tm,82.37,0.30131848299788544,0.06850858600228094
Cyclic,310,tm,80.89,0.3152416520024417,0.06968367499939632
Cyclic,311,tm,81.91000000000001,0.3070394079986727,0.068462986004306
Cyclic,312,nn,83.55,0.2186329719988862,0.06899054600216914
Cyclic,313,nn,83.57,0.26914835800562287,0.06817042899638182
Cyclic,314,nn,83.71,0.2176323309977306,0.0689108180013136
Cyclic,315,nn,83.67,0.22156513200025074,0.07082064100541174
Cyclic,316,nn,83.85000000000001,0.2129636509998818,0.07039567900210386
Cyclic,317,nn,83.72,0.2610964569976204,0.07853872099803993
Cyclic,318,nn,83.82,0.20685256300203037,0.06865960499999346
Cyclic,319,nn,83.78,0.1987217350033461,0.06919447299878811
Cyclic,320,nn,83.76,0.19586735399934696,0.06918901500466745
Cyclic,321,nn,83.89,0.19681878000119468,0.06794005700066919
Cyclic,322,nn,83.69,0.2675503140053479,0.07187233900185674
Cyclic,323,nn,83.78999999999999,0.2012287820034544,0.06896261899964884
Cyclic,324,nn,83.75,0.20579347399325343,0.06811970700073289
Cyclic,325,nn,83.91999999999999,0.21681990299839526,0.06650323099893285
Cyclic,326,nn,83.8,0.26593887800117955,0.06838417799735907
Cyclic,327,nn,83.89999999999999,0.20411372499802383,0.0668241629973636
Cyclic,328,nn,83.89,0.2208368219944532,0.0691474589984864
Cyclic,329,nn,83.88,0.2197854219994042,0.0685848779976368
Cyclic,330,nn,83.91,0.27103832500142744,0.06908621999900788
Cyclic,331,nn,83.96000000000001,0.21099918900290504,0.06995230200118385
Cyclic,332,nn,83.94,0.19753829499677522,0.06977679899864597
Cyclic,333,nn,84.09,0.20374140300555155,0.06780154499574564
Cyclic,334,nn,84.17999999999999,0.260558554000454,0.06878125500224996
Cyclic,335,nn,84.19,0.20537937199696898,0.06996970999898622
Cyclic,336,nn,84.14,0.20132077200105414,0.06817218999640318
Cyclic,337,nn,84.15,0.2032489830016857,0.0688609099961468
Cyclic,338,nn,84.2,0.26860470799874747,0.06582870299462229
Cyclic,339,nn,84.11,0.20993249399907654,0.06814635200134944
Cyclic,340,nn,84.25,0.1985246050026035,0.06938836300105322
Cyclic,341,nn,84.17,0.20990655299829086,0.06712861899723066
Cyclic,342,nn,84.27,0.2189302909973776,0.0690963289962383
Cyclic,343,nn,84.27,0.26877289100229973,0.06863991600403097
Cyclic,344,nn,84.32,0.20920625700091477,0.069170190996374
Cyclic,345,nn,84.36,0.19787392299622297,0.0680865430040285
Cyclic,346,nn,84.43,0.2068078919983236,0.07000682299985783
Cyclic,347,nn,84.32,0.26914510400092695,0.06971057700138772
Cyclic,348,nn,84.44,0.2198809949986753,0.06845355599944014
Cyclic,349,nn,84.48,0.21392809599637985,0.06761918200209038
Cyclic,350,nn,84.41,0.21968449000269175,0.06887875699612778
Cyclic,351,nn,84.49,0.2563284280040534,0.069124939996982
Cyclic,352,nn,84.41,0.20036978500138503,0.06887204899976496
Cyclic,353,nn,84.65,0.20210446199780563,0.06824649200279964
Cyclic,354,nn,84.63000000000001,0.1968809309983044,0.06962472200393677
Cyclic,355,nn,84.61999999999999,0.2604296169956797,0.06834564899327233
Cyclic,356,nn,84.68,0.2079991849968792,0.06941840299987234
Cyclic,357,nn,84.58,0.19704226100293454,0.06777683200198226
Cyclic,358,nn,84.7,0.2021320999992895,0.07001239300007
Cyclic,359,nn,84.69,0.22210151799663436,0.06981549599731807
Cyclic,360,nn,84.66,0.2502056159937638,0.06836162800027523
Cyclic,361,nn,84.67,0.20082603699847823,0.0681181820036727
Cyclic,362,tm,80.28,0.3103623329952825,0.06850244200177258
Cyclic,363,tm,81.69,0.31642086600186303,0.06690715000149794
Cyclic,364,tm,81.55,0.30402192000474315,0.06709514300018782
Cyclic,365,tm,81.73,0.3004976969968993,0.06908768999710446
Cyclic,366,tm,81.52000000000001,0.31763144599972293,0.06679408199852332
Cyclic,367,tm,80.5,0.30896009099524235,0.07171962500433438
Cyclic,368,tm,82.34,0.313140555001155,0.06767009599570883
Cyclic,369,tm,82.54,0.31571546600025613,0.06821246299659833
Cyclic,370,tm,81.96,0.3092304979945766,0.0647494180011563
Cyclic,371,tm,82.01,0.29803154399996856,0.06745148100162623
Cyclic,372,tm,82.26,0.2953158570016967,0.0676376560004428
Cyclic,373,tm,82.04,0.30874206500448054,0.0692187059976277
Cyclic,374,tm,82.32000000000001,0.2992423960022279,0.06742024100094568
Cyclic,375,tm,82.1,0.3011796790015069,0.06773478700051783
Cyclic,376,tm,81.47,0.3047461710011703,0.06828829600272002
Cyclic,377,tm,81.57,0.30664425999566447,0.06933752600161824
Cyclic,378,tm,80.67,0.3035041499970248,0.0673052300044219
Cyclic,379,tm,81.6,0.312610664004751,0.06784002600034
Cyclic,380,tm,82.04,0.30860620900057256,0.06858579300023848
Cyclic,381,tm,81.58999999999999,0.311337094004557,0.06859289100248134
Cyclic,382,tm,82.76,0.29904030400211923,0.06850418900285149
Cyclic,383,tm,81.45,0.3014398360028281,0.06756771700020181
Cyclic,384,tm,81.28999999999999,0.3038515880034538,0.06797634399845265
Cyclic,385,tm,82.0,0.30582039699947927,0.06634292200033087
Cyclic,386,tm,81.61,0.30801939200318884,0.06784802499896614
Cyclic,387,tm,81.57,0.30117509700357914,0.07303721499920357
Cyclic,388,tm,81.28999999999999,0.3032310630005668,0.0665902430046117
Cyclic,389,tm,81.03,0.301384518003033,0.06782635399576975
Cyclic,390,tm,80.61,0.3131113359995652,0.06704116000037175
Cyclic,391,tm,81.89999999999999,0.30000633299641777,0.06990822700026911
Cyclic,392,tm,82.08,0.31350971800566185,0.0698057859990513
Cyclic,393,tm,81.69,0.30405224800051656,0.06780582499777665
Cyclic,394,tm,81.17,0.299435626999184,0.06823583300138125
Cyclic,395,tm,82.22,0.30704877500102157,0.06696998000552412
Cyclic,396,tm,81.64,0.3070162989970413,0.06851253700006055
Cyclic,397,tm,80.94,0.30437448599695927,0.06913644400628982
Cyclic,398,tm,81.6,0.3015427729988005,0.06921339000109583
Cyclic,399,tm,81.28,0.3050676509956247,0.06868060900160344
Cyclic,400,tm,80.46,0.30734502599807456,0.0667870489996858
Cyclic,401,tm,82.75,0.2992800449937931,0.06735821199981729
Cyclic,402,tm,82.41000000000001,0.3056602020005812,0.0692090040029143
Cyclic,403,tm,82.23,0.3093159419950098,0.06582462700316682
Cyclic,404,tm,81.46,0.29883428500033915,0.06642928599467268
Cyclic,405,tm,80.54,0.30186444699938875,0.06545417400047882
Cyclic,406,tm,82.53,0.3002224980009487,0.06782544400630286
Cyclic,407,tm,82.05,0.30348366500402335,0.06855465499393176
Cyclic,408,tm,82.21000000000001,0.300949035998201,0.06804526999621885
Cyclic,409,tm,80.77,0.3085914050025167,0.068028713001695
Cyclic,410,tm,82.03,0.30382898599782493,0.06868181000027107
Cyclic,411,tm,81.58,0.29127984500519233,0.06809946599969408
Cyclic,412,nn,83.45,0.22070277099555824,0.06900370800576638
Cyclic,413,nn,83.39,0.20947041700128466,0.06982084600167582
Cyclic,414,nn,83.24000000000001,0.24723901899415068,0.06796669600589667
Cyclic,415,nn,83.2,0.20329411999409785,0.06928327600326156
Cyclic,416,nn,83.11,0.20892752100189682,0.06975624200276798
Cyclic,417,nn,83.12,0.20008955000230344,0.070564135996392
Cyclic,418,nn,83.33,0.24822696299816016,0.06824025099922437
Cyclic,419,nn,83.26,0.19633292599610286,0.06953617499675602
Cyclic,420,nn,83.13000000000001,0.19908541499899002,0.07040787900041323
Cyclic,421,nn,82.99,0.21205975000339095,0.06738129199948162
Cyclic,422,nn,83.0,0.2628402110058232,0.07007720600086031
UTM,1,tm,78.35,0.5146430559980217,0.06538127500243718
UTM,2,tm,79.13,0.4713938249988132,0.06572137199691497
UTM,3,tm,80.07,0.4740531249990454,0.06620373799523804
UTM,4,tm,80.47,0.46226346000185004,0.06422415899578482
UTM,5,tm,80.25,0.4574545780051267,0.06590177999896696
UTM,6,tm,80.42,0.4620420870051021,0.06468680399848381
UTM,7,tm,80.17,0.4607169259979855,0.06256906199996592
UTM,8,tm,80.32000000000001,0.46038385500287404,0.06423242099845083
UTM,9,tm,80.41,0.45571777899749577,0.06429980400571367
UTM,10,tm,80.24,0.45616300900292117,0.06448135399841703
UTM,11,tm,80.5,0.45940247800172074,0.06588929999998072
UTM,12,tm,80.5,0.4633769169959123,0.06559266200201819
UTM,13,tm,80.58,0.46143771799688693,0.06576873899757629
UTM,14,tm,80.54,0.45184418900316814,0.06546592299855547
UTM,15,tm,80.35,0.4541460670006927,0.06371375199523754
UTM,16,tm,80.31,0.4599958360049641,0.06454548399779014
UTM,17,tm,80.66,0.45843851000245195,0.06431368400080828
UTM,18,tm,80.56,0.45396993499889504,0.06478826500097057
UTM,19,tm,80.60000000000001,0.44946884099772433,0.06542615699436283
UTM,20,tm,80.58,0.45680343699496007,0.06476763599494006
UTM,21,tm,80.63,0.4628480649989797,0.06999348600220401
UTM,22,tm,80.62,0.4621627829983481,0.06618741100101033
UTM,23,tm,80.65,0.4537908870042884,0.0651093890046468
UTM,24,tm,80.66,0.43913153399626026,0.06565310299629346
UTM,25,tm,80.73,0.45442348700453294,0.06407695400412194
UTM,26,tm,80.47999999999999,0.45008781800424913,0.06139623600029154
UTM,27,tm,80.71000000000001,0.455936564001604,0.06444064599781996
UTM,28,tm,80.72,0.44878930400591344,0.06423457699565915
UTM,29,tm,80.85,0.45620024600066245,0.06609213299816474
UTM,30,tm,80.64,0.4517861019994598,0.06562362700060476
UTM,31,tm,80.97999999999999,0.4669769699976314,0.0654632110017701
UTM,32,tm,80.86,0.4499091210018378,0.0652795350033557
UTM,33,tm,81.05,0.4625230130041018,0.06606937899778131
UTM,34,tm,80.77,0.45408708999457303,0.06412429099873407
UTM,35,tm,80.94,0.4598546670022188,0.06372957900020992
UTM,36,tm,80.76,0.45500461800111225,0.06528877399978228
UTM,37,tm,80.60000000000001,0.45015282899839804,0.06540229300298961
UTM,38,tm,80.78,0.4483921279970673,0.0658309639984509
UTM,39,tm,80.81,0.4636019700046745,0.06503210200025933
UTM,40,tm,80.87,0.453083323998726,0.06493546799902106
UTM,41,tm,80.9,0.45683022499724757,0.06548675199883291
UTM,42,tm,80.94,0.4552170370006934,0.06589521199930459
UTM,43,tm,80.9,0.45638299900019774,0.06525781899836147
UTM,44,tm,80.9,0.4556458470033249,0.06429097899672342
UTM,45,tm,80.9,0.4529381669999566,0.06503788500413066
UTM,46,tm,80.75,0.4537302370008547,0.06189577299664961
UTM,47,tm,81.14,0.4479933029942913,0.06415216700406745
UTM,48,tm,81.0,0.45074977300100727,0.0653349040003377
UTM,49,tm,81.03,0.4524565659958171,0.06615770799544407
UTM,50,tm,81.14,0.45215949700650526,0.06277275300089968
UTM,51,tm,80.94,0.46239942999818595,0.06470262599759735
UTM,52,tm,81.01,0.45279075199505314,0.06472664299508324
UTM,53,tm,81.28,0.45678493000013987,0.06525389900343725
UTM,54,tm,81.07,0.4623830860000453,0.0659264659989276
UTM,55,tm,81.04,0.4665338790000533,0.06472859199857339
UTM,56,tm,81.22,0.4564533949960605,0.06637171800684882
UTM,57,tm,81.11,0.45855086499796016,0.06535060700116446
UTM,58,tm,81.03,0.46356791099969996,0.06607183699816233
UTM,59,tm,81.03,0.4632986240030732,0.06584589400154073
UTM,60,tm,80.99,0.4590559559946996,0.0616012350001256
UTM,61,tm,80.81,0.45506311400095,0.06466666000051191
UTM,62,tm,80.97999999999999,0.4560011939975084,0.07268010600091657
UTM,63,tm,81.04,0.4582455510026193,0.06459920899942517
UTM,64,tm,80.69,0.45294032300444087,0.06366699600039283
UTM,65,tm,81.0,0.45301571500021964,0.06359156899998197
UTM,66,tm,81.08,0.469490303999919,0.06348803199944086
UTM,67,tm,80.96,0.4643589810002595,0.06389797700103372
UTM,68,tm,80.89,0.4617892349997419,0.06461884199961787
UTM,69,tm,81.08999999999999,0.451508678997925,0.06181200699938927
UTM,70,tm,81.03,0.45584839599905536,0.0641410710013588
UTM,71,tm,80.89,0.46767546999763,0.06565189200046007
UTM,72,tm,81.07,0.45306242399965413,0.06516481799917528
UTM,73,tm,81.19,0.45852292900235625,0.06578217800415587
UTM,74,tm,81.14,0.46321214299678104,0.06556262900267029
UTM,75,tm,81.19,0.461218252996332,0.06465124299575109
UTM,76,tm,80.88,0.4607603870026651,0.063950380004826
UTM,77,tm,80.84,0.4620506710052723,0.06540160000440665
UTM,78,tm,80.96,0.44572813299600966,0.06579016899922863
UTM,79,tm,80.83,0.46504637799807824,0.06530476400075713
UTM,80,tm,81.10000000000001,0.4705623270056094,0.0645987050011172
UTM,81,tm,81.04,0.46772587500163354,0.06471785299800104
UTM,82,tm,81.12,0.4595665349988849,0.06574983000609791
UTM,83,tm,80.97999999999999,0.45313306800380815,0.06491368699789746
UTM,84,tm,81.08,0.46335585299675586,0.06449237099877791
UTM,85,tm,81.11,0.4665941749990452,0.06458840800041799
UTM,86,tm,80.83,0.46599283399700653,0.06547930099623045
UTM,87,tm,81.0,0.4559591060024104,0.06600668800092535
UTM,88,tm,80.95,0.4590481710038148,0.06641431100433692
UTM,89,tm,80.94,0.4575799649974215,0.06507615200098371
UTM,90,tm,81.06,0.4649410730053205,0.06592494999495102
UTM,91,tm,80.94,0.46441846700327005,0.06548676300008083
UTM,92,tm,81.03,0.4532499480046681,0.06734053300169762
UTM,93,tm,81.10000000000001,0.4595618040038971,0.065476341995236
UTM,94,tm,80.99,0.4622074189974228,0.06417953799973475
UTM,95,tm,81.08,0.45230075900326483,0.06457407499692636
UTM,96,tm,80.97999999999999,0.4567983449960593,0.06269613299809862
UTM,97,tm,80.97999999999999,0.4680217650020495,0.06503515100484947
UTM,98,tm,80.82000000000001,0.46477517500170507,0.06444085299881408
UTM,99,tm,81.10000000000001,0.4660715119971428,0.06465117500192719
UTM,100,tm,80.92,0.46121396999660647,0.06469923999975435
UTM,101,tm,80.95,0.45758100999955786,0.06450945899996441
UTM,102,tm,80.84,0.46917272299469914,0.06445865500427317
UTM,103,tm,81.04,0.4667004699949757,0.06443148999824189
UTM,104,tm,81.03,0.4618471520007006,0.062334928996278904
UTM,105,tm,81.05,0.459059922999586,0.06489009899814846
UTM,106,tm,80.9,0.4752851669982192,0.06559276400366798
UTM,107,tm,81.07,0.4592723680034396,0.06481961799727287
UTM,108,tm,80.93,0.45820047199958935,0.06617811099567916
UTM,109,tm,80.80000000000001,0.46131749900087016,0.06588007599930279
UTM,110,tm,80.66,0.46536268499767175,0.0657637300028
UTM,111,tm,80.86,0.45873781500267796,0.0658653360005701
UTM,112,tm,80.91000000000001,0.45476893599698087,0.0655883490035194
UTM,113,tm,80.72,0.46894907300156774,0.06562766199931502
UTM,114,tm,80.84,0.4658715019977535,0.0635705910026445
UTM,115,tm,80.85,0.46221310299733886,0.06458950999513036
UTM,116,tm,80.82000000000001,0.45391160500003025,0.0642466869976488
UTM,117,tm,80.89,0.45831145600095624,0.06615276299999095
UTM,118,tm,80.92,0.4703568510012701,0.06451189699873794
UTM,119,tm,80.99,0.461841842996364,0.06415664299856871
UTM,120,tm,80.9,0.46109729899762897,0.06800839900097344
UTM,121,tm,80.93,0.4585714749991894,0.06408625999756623
UTM,122,tm,80.96,0.4652453809976578,0.06517782399896532
UTM,123,tm,80.93,0.4697013400000287,0.0643719069994404
UTM,124,tm,80.86,0.4585758450048161,0.06433922200085362
UTM,125,tm,80.9,0.46221887299907394,0.06424124100158224
UTM,126,tm,80.84,0.4638466470059939,0.06449070799862966
UTM,127,tm,80.86,0.4572618259990122,0.06429797600139864
UTM,128,tm,81.02000000000001,0.46530080000229646,0.06504997499723686
UTM,129,tm,80.97999999999999,0.45365592000598554,0.06197846699797083
UTM,130,tm,80.87,0.4591230700025335,0.06477318900579121
UTM,131,tm,81.08,0.45161205800104653,0.06469986199954292
UTM,132,tm,81.04,0.46123300900217146,0.06482607700309018
UTM,133,tm,81.0,0.4585449529986363,0.06470704900129931
UTM,134,tm,81.04,0.46127174199500587,0.06476407199807
UTM,135,tm,81.05,0.45745279300172115,0.06469479300722014
UTM,136,tm,80.96,0.46374834699963685,0.06432436300383415
UTM,137,tm,81.04,0.4638306429988006,0.06406043600145495
UTM,138,tm,80.87,0.4739679790000082,0.06591327800560975
UTM,139,tm,80.89,0.464333356001589,0.06990211599622853
UTM,140,tm,80.93,0.467712488003599,0.06523836999986088
UTM,141,tm,80.9,0.46319966900045983,0.0640766079959576
UTM,142,tm,80.9,0.4563153049966786,0.06538754199573305
UTM,143,tm,81.07,0.46368510100001004,0.06546128299669363
UTM,144,tm,81.01,0.4684096769997268,0.06590256599884015
UTM,145,tm,81.02000000000001,0.46482856199872913,0.06384141300077317
UTM,146,tm,80.99,0.4697140860007494,0.06500792699807789
UTM,147,tm,80.88,0.46099838100053603,0.06462990799627732
UTM,148,tm,80.84,0.46356662699690787,0.06420230199728394
UTM,149,tm,80.91000000000001,0.46270894299959764,0.0646233570005279
UTM,150,tm,80.78999999999999,0.4618481189972954,0.0644418419979047
UTM,151,tm,80.91000000000001,0.46464581900363555,0.06504012799996417
UTM,152,tm,81.04,0.4643351570048253,0.06306832500558812
UTM,153,tm,80.96,0.45389059499575524,0.06586293999862392
UTM,154,tm,80.99,0.4566984870034503,0.0650283830036642
UTM,155,tm,80.95,0.4674383739984478,0.06462249100150075
UTM,156,tm,80.91000000000001,0.4681489220020012,0.06443329600006109
UTM,157,tm,80.9,0.46423630000208504,0.06409381199773634
UTM,158,tm,80.99,0.4556305079968297,0.06422146200202405
UTM,159,tm,81.25,0.47524545600026613,0.06338463900465285
UTM,160,tm,81.17,0.4654443370018271,0.06614394299685955
UTM,161,tm,81.04,0.4619183500035433,0.06509350099804578
UTM,162,tm,80.97,0.46193112099717837,0.06497902300179703
UTM,163,tm,81.13,0.46511456499865744,0.06416550999711035
UTM,164,tm,80.85,0.4545177269974374,0.06536126600258285
UTM,165,tm,80.89,0.47288580799795454,0.06427000599796884
UTM,166,tm,80.83,0.46421553599793697,0.06460013299511047
UTM,167,tm,80.99,0.46888530399883166,0.06478303400217555
UTM,168,tm,80.81,0.4665477400048985,0.06475374100409681
UTM,169,tm,80.96,0.4732542049969197,0.06389217099786038
UTM,170,tm,80.92,0.46862587200303096,0.06322580700361868
UTM,171,tm,80.92,0.47105069200188154,0.06581665300473105
UTM,172,tm,80.86,0.48073947800003225,0.06438145900028758
UTM,173,tm,80.84,0.4636415040004067,0.06559706400003051
UTM,174,tm,81.0,0.46167960899765603,0.06552964000002248
UTM,175,tm,81.04,0.46885571999882814,0.06464274099562317
UTM,176,tm,80.84,0.47123002899752464,0.06441594399802852
UTM,177,tm,81.02000000000001,0.4656036629967275,0.06580551700608339
UTM,178,tm,80.84,0.4605149600029108,0.06451186800404685
UTM,179,tm,80.87,0.4648052659977111,0.06475370999396546
UTM,180,tm,81.02000000000001,0.46678232699923683,0.0654482569952961
UTM,181,tm,80.94,0.4659975589966052,0.0642026720015565
UTM,182,tm,81.05,0.4611244400002761,0.06500082400452811
UTM,183,tm,81.14,0.4677326079981867,0.06429093699989608
UTM,184,tm,80.93,0.4693204720024369,0.06450805100030266
UTM,185,tm,81.08,0.46590989700052887,0.06581593499868177
UTM,186,tm,80.87,0.4698004050005693,0.06500488199526444
UTM,187,tm,80.87,0.46807011000055354,0.06499041699862573
UTM,188,tm,81.15,0.471774647005077,0.06440339799883077
UTM,189,tm,80.80000000000001,0.4617304810017231,0.06555251700046938
UTM,190,tm,80.97999999999999,0.4676193030027207,0.06864596900413744
UTM,191,tm,80.97999999999999,0.46753242400154704,0.06378299799689557
UTM,192,tm,81.04,0.4754689449982834,0.06642932500108145
UTM,193,tm,81.21000000000001,0.46395270399807487,0.06684513299842365
UTM,194,tm,80.92,0.46619713000109186,0.06632341100339545
UTM,195,tm,81.08,0.47872984199784696,0.06495793700014474
UTM,196,tm,81.05,0.4699342419989989,0.06374612900253851
UTM,197,tm,81.16,0.465156416001264,0.0675266910038772
UTM,198,tm,81.10000000000001,0.4653663220015005,0.06455358800303657
UTM,199,tm,81.08999999999999,0.47690495700226165,0.06563530999846989
UTM,200,tm,81.15,0.4617339140022523,0.06214159299997846
UTM,201,tm,81.02000000000001,0.4720661809988087,0.06411044400010724
UTM,202,tm,81.08,0.4646720689997892,0.06532073100242997
UTM,203,tm,81.01,0.4645659579982748,0.065299326000968
UTM,204,tm,81.07,0.4688020140019944,0.06210635000024922
UTM,205,tm,80.95,0.4693073460002779,0.06466556400118861
UTM,206,tm,81.08999999999999,0.4551380220000283,0.06584390100033488
UTM,207,tm,80.97999999999999,0.4662616679997882,0.06547587800014298
UTM,208,tm,80.95,0.48072490899357945,0.06582148199959192
UTM,209,tm,81.01,0.4631303170026513,0.0638968879939057
UTM,210,tm,81.04,0.4695377020034357,0.06444218500109855
UTM,211,tm,81.12,0.4706792469951324,0.06555847900017397
UTM,212,tm,81.03,0.45970035000209464,0.0658470100024715
UTM,213,tm,81.05,0.46381726799882017,0.06549313799769152
UTM,214,tm,80.91000000000001,0.47665440299897455,0.06485284999507712
UTM,215,tm,80.91000000000001,0.46556482799496735,0.06577862800622825
UTM,216,tm,81.15,0.4638815689977491,0.06484623000142165
UTM,217,tm,81.08,0.4665650850001839,0.06778032799775247
UTM,218,tm,81.10000000000001,0.4695423750017653,0.06579870600398863
UTM,219,tm,80.97,0.4692795030059642,0.06363589400280034
UTM,220,tm,81.10000000000001,0.4705259630063665,0.06543521900312044
UTM,221,tm,81.15,0.46547739500238094,0.06600477299798513
UTM,222,tm,81.3,0.46077903999685077,0.06499556000198936
UTM,223,tm,81.17,0.4702213010023115,0.06527445100073237
UTM,224,tm,81.03,0.4704932460008422,0.06487727599596838
UTM,225,tm,81.08,0.46509200299624354,0.06789234500320163
UTM,226,tm,81.10000000000001,0.46762553000007756,0.06645428400224773
UTM,227,tm,81.10000000000001,0.4629932199968607,0.06589834699843777
UTM,228,tm,80.97999999999999,0.46179115799895953,0.06471932600106811
UTM,229,tm,81.10000000000001,0.4680562089997693,0.0653852370014647
UTM,230,tm,81.03,0.47164723799505737,0.06646947500121314
UTM,231,tm,80.99,0.47406928200507537,0.06630744600261096
UTM,232,tm,80.96,0.46658684100111714,0.06513301499944646
UTM,233,tm,81.14,0.4605263039993588,0.062037228999543004
UTM,234,tm,80.9,0.46435949000442633,0.06488689200341469
UTM,235,tm,81.0,0.47157044100458734,0.0675919490022352
UTM,236,tm,81.17999999999999,0.4739475630049128,0.06341429200256243
UTM,237,tm,81.10000000000001,0.46600150000449503,0.06497727899841266
UTM,238,tm,80.84,0.4676319459977094,0.06362944299326045
UTM,239,tm,80.84,0.4694162090017926,0.06400911699893186
UTM,240,tm,80.99,0.46780479999870295,0.06508842300536344
UTM,241,tm,80.95,0.46684697700402467,0.0649015290036914
UTM,242,tm,80.84,0.4654355279999436,0.06480519400065532
UTM,243,tm,80.97999999999999,0.46825603699835483,0.06483574400044745
UTM,244,tm,81.07,0.46663936600089073,0.06644752099964535
UTM,245,tm,81.04,0.46868303199880756,0.06470225199882407
UTM,246,tm,80.9,0.4735763729986502,0.06569158999627689
UTM,247,tm,80.89,0.46983100500074215,0.06542227300087688
UTM,248,tm,81.14,0.4731839609958115,0.06615757600229699
UTM,249,tm,81.02000000000001,0.46625389299879316,0.06393987799674505
UTM,250,tm,80.96,0.4716344320040662,0.06463398200139636
UTM,251,tm,81.17,0.4676551750017097,0.06483637799829012
UTM,252,tm,81.04,0.4703228250000393,0.06299178800691152
UTM,253,tm,81.05,0.46104726700286847,0.06751343599898973
UTM,254,tm,81.27,0.4683465449998039,0.0657317490040441
UTM,255,tm,81.0,0.46729469500132836,0.06489358299586456
UTM,256,tm,80.93,0.47405242799868574,0.06399145400064299
UTM,257,tm,81.08999999999999,0.44982969500415493,0.06640622700069798
UTM,258,tm,81.10000000000001,0.4703291719997651,0.0650304020018666
UTM,259,tm,81.08999999999999,0.4711414620032883,0.06515146500169067
UTM,260,tm,81.2,0.47112156100047287,0.06415691300207982
UTM,261,tm,81.04,0.4714259610045701,0.06720182600111002
UTM,262,tm,81.15,0.47957284600124694,0.06368073000339791
UTM,263,tm,81.02000000000001,0.46838565100188134,0.06490114399639424
UTM,264,tm,80.92,0.4733379850003985,0.06514248799794586
UTM,265,tm,81.21000000000001,0.4748238050015061,0.06599020899739116
UTM,266,tm,81.04,0.46710772500227904,0.06612465499347309
UTM,267,tm,81.03,0.4647595200003707,0.06492346599407028
UTM,268,tm,81.08,0.471178621002764,0.06514157199853798
UTM,269,tm,81.03,0.4687276370023028,0.06374778100143885
UTM,270,tm,80.93,0.4667030690034153,0.06524232700030552
UTM,271,tm,81.01,0.447857990002376,0.06328191600186983
UTM,272,tm,80.97,0.4524851329988451,0.06595771299907938
UTM,273,tm,80.95,0.47110838999651605,0.06613758100138512
UTM,274,tm,80.93,0.46798206500534434,0.06526933200075291
UTM,275,tm,80.87,0.46217840000463184,0.06526123199728318
UTM,276,tm,81.07,0.4627453520006384,0.0647406680000131
UTM,277,tm,81.05,0.46999917599896435,0.06025618000421673
UTM,278,tm,81.02000000000001,0.4694948450051015,0.06667115599702811
UTM,279,tm,80.67,0.48371036699973047,0.06447302099695662
UTM,280,tm,81.05,0.47036344099615235,0.0647429579985328
UTM,281,tm,81.06,0.47717908400227316,0.06503016899659997
UTM,282,tm,81.0,0.46650230899831513,0.06550653500016779
UTM,283,tm,81.17,0.46958355700189713,0.06456987400451908
UTM,284,tm,81.17999999999999,0.4705517440015683,0.06501134399877628
UTM,285,tm,81.07,0.46025927400478395,0.06645749699964654
UTM,286,tm,81.15,0.4679767650013673,0.0636364739984856
UTM,287,tm,81.01,0.46582487800333183,0.06176747399877058
UTM,288,tm,80.94,0.4740618740033824,0.06512662000022829
UTM,289,tm,80.93,0.47331444999872474,0.06464925400359789
UTM,290,tm,80.9,0.47377252600563224,0.0640751030005049
UTM,291,tm,80.94,0.4688499799958663,0.0647427459989558
UTM,292,tm,80.86,0.4721897430063109,0.06554609200247796
UTM,293,tm,80.81,0.4807292879995657,0.06477545700181508
UTM,294,tm,80.87,0.46647967500030063,0.06524212400108809
UTM,295,tm,81.01,0.47084468899993226,0.06566660200041952
UTM,296,tm,80.97,0.47665644999506185,0.06439314799354179
UTM,297,tm,81.06,0.4756916400001501,0.0667382789979456
UTM,298,tm,80.9,0.4715310329993372,0.06552218900469597
UTM,299,tm,80.74,0.4694509309993009,0.06593311800679658
UTM,300,tm,80.71000000000001,0.4757476630038582,0.06194727800175315
UTM,301,tm,80.84,0.4662792780000018,0.06471674099884694
UTM,302,tm,80.82000000000001,0.4739048619958339,0.06570696900598705
UTM,303,tm,80.81,0.47339990999898873,0.0636866380009451
UTM,304,tm,80.88,0.4848148740056786,0.06586360799701652
UTM,305,tm,80.96,0.47174321099737426,0.06491541099967435
UTM,306,tm,80.92,0.4729227739953785,0.06531949999771314
UTM,307,tm,80.89,0.4618213800058584,0.06486561299971072
UTM,308,tm,80.9,0.4785714530007681,0.06567021599767031
UTM,309,tm,80.91000000000001,0.4705928999974276,0.0632850820038584
UTM,310,tm,80.96,0.467324307996023,0.06339565599773778
UTM,311,tm,81.08,0.44679451300180517,0.06676578999758931
UTM,312,tm,81.0,0.47016011999949114,0.06472257599671138
UTM,313,tm,80.9,0.4640424060053192,0.06375453000509879
UTM,314,tm,80.94,0.4694283849967178,0.0660842790020979
UTM,315,tm,80.89,0.4804608790000202,0.06654894699750002
UTM,316,tm,81.2,0.47212850200594403,0.06425473499984946
UTM,317,tm,81.04,0.4679200829996262,0.06674477799970191
UTM,318,tm,81.10000000000001,0.4739448570035165,0.06515447700076038
UTM,319,tm,80.9,0.4708070270062308,0.06545828199887183
UTM,320,tm,81.04,0.47656688500137534,0.06489729000168154
UTM,321,tm,81.06,0.4667981759994291,0.06580272800056264
UTM,322,tm,81.12,0.5101478220021818,0.06391542599885724
UTM,323,tm,81.07,0.4653239249964827,0.06452662999799941
UTM,324,tm,80.92,0.467793164003524,0.0654827709950041
UTM,325,tm,80.94,0.4762540079973405,0.06473794300109148
UTM,326,tm,80.97,0.46976348699536175,0.06575515399890719
UTM,327,tm,81.06,0.4743086669986951,0.06567456099583069
UTM,328,tm,80.78999999999999,0.471721219997562,0.06481182300194632
UTM,329,tm,80.84,0.47079784399829805,0.06451816600019811
UTM,330,tm,81.02000000000001,0.47145457299484406,0.06662373599829152
UTM,331,tm,80.95,0.47398397799406666,0.0662975870000082
UTM,332,tm,80.89,0.4419406520028133,0.0655487979965983
UTM,333,tm,81.05,0.47164109400182497,0.06172237600549124
UTM,334,tm,80.88,0.47108588199625956,0.06594887499522883
UTM,335,tm,81.06,0.46496754699910525,0.06571416899532778
UTM,336,tm,80.96,0.4679102759982925,0.06505912200373132
UTM,337,tm,80.86,0.4622702940032468,0.06528777899802662
UTM,338,tm,80.78999999999999,0.4700844710023375,0.06593736899958458
UTM,339,tm,80.97999999999999,0.47179884399520233,0.06487353500415338
UTM,340,tm,81.01,0.4706131999992067,0.06397364300210029
UTM,341,tm,80.80000000000001,0.4651985849995981,0.06623822500114329
UTM,342,tm,80.97999999999999,0.47341691100155003,0.06495873400126584
UTM,343,tm,80.97999999999999,0.4726081249973504,0.06209698900056537
UTM,344,tm,80.84,0.47053849199437536,0.06434003899630625
UTM,345,tm,80.91000000000001,0.4812135579995811,0.06610910999734187
UTM,346,tm,80.78,0.4720486299993354,0.06496495999454055
UTM,347,tm,80.75,0.4710350550012663,0.06558546100131935
UTM,348,tm,80.82000000000001,0.4725561790037318,0.06505986800038954
UTM,349,tm,80.95,0.4698547030056943,0.06509001700032968
UTM,350,tm,80.71000000000001,0.46893833999638446,0.06564056499337312
UTM,351,tm,80.9,0.4798471059984877,0.06601646299532149
UTM,352,tm,80.93,0.46962346300279023,0.06487899900093907
UTM,353,tm,81.01,0.4782988779988955,0.06562385099823587
UTM,354,tm,80.97,0.47715487299865345,0.06498268200084567
UTM,355,tm,80.82000000000001,0.46619382099743234,0.0641486380045535
UTM,356,tm,80.85,0.4752995400049258,0.06611391700425884
UTM,357,tm,80.87,0.47096880200115265,0.0663221579961828
UTM,358,tm,80.78999999999999,0.4673988989961799,0.06299815700185718
UTM,359,tm,80.66,0.47147717799816746,0.06466751200059662
UTM,360,tm,80.81,0.47498834900034126,0.0669525129997055
UTM,361,tm,80.86,0.47274398400622886,0.06261359200289007
UTM,362,tm,80.62,0.47256679800193524,0.0650476590017206
UTM,363,tm,80.83,0.4843320509971818,0.06581680999806849
UTM,364,tm,80.88,0.4716864509973675,0.06588518899661722
UTM,365,tm,80.60000000000001,0.47452208200411405,0.06466351099516032
UTM,366,tm,80.61,0.46266722599830246,0.06437021800229559
UTM,367,tm,80.76,0.4663966399966739,0.06430002999695716
UTM,368,tm,80.91000000000001,0.4735849880016758,0.06475086200225633
UTM,369,tm,80.61,0.4767491960010375,0.06463469300069846
UTM,370,tm,80.83,0.46770332300366135,0.06439740499627078
UTM,371,tm,80.71000000000001,0.48357209100504406,0.06585995000205003
UTM,372,tm,80.89,0.47506341499683913,0.06627803000446875
UTM,373,tm,80.86,0.4652479040014441,0.06486732399935136
UTM,374,tm,80.91000000000001,0.4706766620001872,0.06290110699774232
UTM,375,tm,80.84,0.4729726649966324,0.06540083999425406
UTM,376,tm,80.84,0.4705162889949861,0.06609250699693803
UTM,377,tm,80.95,0.4738388829937321,0.0656667910006945
UTM,378,tm,80.97,0.46699779800110264,0.06562601299810922
UTM,379,tm,80.87,0.47795630600012373,0.06474789999629138
UTM,380,tm,81.02000000000001,0.46898409399727825,0.06478897699707886
UTM,381,tm,80.85,0.46921508599916706,0.0654039129949524
UTM,382,tm,80.72,0.47764536299655447,0.06378343100368511
UTM,383,tm,80.89,0.48121074800292263,0.06581442499737022
UTM,384,tm,80.89,0.48272491700481623,0.06493872700229986
UTM,385,tm,80.76,0.4662130770011572,0.06433881900011329
UTM,386,tm,80.76,0.46623359299701406,0.06311877600091975
UTM,387,tm,80.83,0.4717010530002881,0.06461032800143585
UTM,388,tm,80.67999999999999,0.47058223899512086,0.06539005200465908
UTM,389,tm,80.65,0.4680502629998955,0.0646826259981026
UTM,390,tm,80.89,0.43496927499654703,0.06312521200015908
UTM,391,tm,80.74,0.4780009930036613,0.06716619299550075
UTM,392,tm,80.72,0.4714398659998551,0.06643207599699963
UTM,393,tm,80.76,0.4843090590002248,0.06580984699394321
UTM,394,tm,80.85,0.47099736299423967,0.06505707599717425
UTM,395,tm,80.96,0.4670081139993272,0.06359250899549806
UTM,396,tm,80.82000000000001,0.4660583110016887,0.06338674500148045
UTM,397,tm,80.81,0.4752040730018052,0.06546693699783646
UTM,398,tm,80.92,0.4762532300010207,0.06127676399773918
UTM,399,tm,80.97999999999999,0.4712017560013919,0.0682073659991147
UTM,400,tm,80.72,0.4751420549946488,0.06572933699499117
UTM,401,tm,80.72,0.4739247819961747,0.06433743999514263
UTM,402,tm,80.92,0.4714063339997665,0.06589715700101806
UTM,403,tm,81.06,0.4779493169990019,0.06574220900074579
UTM,404,tm,80.91000000000001,0.4785607920057373,0.06505483799992362
UTM,405,tm,80.96,0.4739207560051,0.06257500799983973
UTM,406,tm,80.94,0.47286070099653443,0.067344619994401
UTM,407,tm,80.92,0.47170837800513254,0.06755251299910014
UTM,408,tm,80.94,0.4795020450037555,0.06545522499800427
UTM,409,tm,81.05,0.466838803004066,0.06466714200360002
UTM,410,tm,81.06,0.4700093139981618,0.06849656099802814
UTM,411,tm,80.93,0.47073228799854405,0.06506945699948119
UTM,412,tm,80.91000000000001,0.4719075090033584,0.06460721299663419
UTM,413,tm,81.21000000000001,0.4768244539955049,0.06574999100121204
UTM,414,tm,80.94,0.47659615599695826,0.0650727129977895
UTM,415,tm,80.99,0.47621225799957756,0.06285750600363826
UTM,416,tm,80.82000000000001,0.4775776350070373,0.06474076899758074
UTM,417,tm,80.65,0.4661458970003878,0.06526190799922915
UTM,418,tm,81.01,0.4752842960006092,0.0654460969963111
UTM,419,tm,80.94,0.46732962600071914,0.065874411004188
UTM,420,tm,80.9,0.465529125998728,0.06551113699970301
UTM,421,tm,81.06,0.4728384129994083,0.06192218999785837
UTM,422,tm,81.01,0.47748985000362154,0.06458297200151719
UTM,423,tm,81.03,0.4730909830032033,0.06537002400000347
UTM,424,tm,80.97,0.4668168490024982,0.0652048609990743
UTM,425,tm,80.81,0.4801526820010622,0.06473852699855343
UTM,426,tm,81.05,0.4782076600022265,0.06496167899604188
UTM,427,tm,80.9,0.47627849399577826,0.06502801700116834
UTM,428,tm,81.01,0.4722586579955532,0.06538985000224784
UTM,429,tm,80.97999999999999,0.47366374199918937,0.06510771799366921
UTM,430,tm,80.84,0.48279875500156777,0.06647201599844266
UTM,431,tm,80.94,0.47786332700343337,0.06380252999952063
UTM,432,tm,80.91000000000001,0.47295350799686275,0.06504810600017663
UTM,433,tm,80.95,0.4687151110047125,0.06410488099936629
UTM,434,tm,81.12,0.4794580160014448,0.06403484399925219
UTM,435,tm,80.97,0.4786908379974193,0.06380807700043079
UTM,436,tm,81.06,0.48026787499838974,0.06530555200151866
UTM,437,tm,81.21000000000001,0.4743778909978573,0.06498395500238985
UTM,438,tm,80.81,0.4738415419997182,0.06531562699819915
UTM,439,tm,80.97999999999999,0.4754211160034174,0.06484014199668309
UTM,440,tm,80.92,0.4804964109935099,0.0647538440025528
UTM,441,tm,80.94,0.484412860001612,0.06466145100421272
UTM,442,tm,80.95,0.4782214740043855,0.06497183800092898
UTM,443,tm,80.78999999999999,0.4814888519977103,0.0654451699956553
UTM,444,tm,81.07,0.47420608100219397,0.06426025700056925
UTM,445,tm,80.94,0.47237849199882476,0.064678784001444
UTM,446,tm,80.92,0.4872846720027155,0.06799466600205051
UTM,447,tm,80.93,0.47136415600107284,0.06495167899993248
UTM,448,tm,80.91000000000001,0.47803942800237564,0.06413112599693704
UTM,449,tm,80.81,0.4760153019960853,0.06593103799968958
UTM,450,tm,80.91000000000001,0.47777169100299943,0.06412283099780325
UTM,451,tm,80.97999999999999,0.47464856899750885,0.06477454300329555
UTM,452,tm,81.03,0.48203245499462355,0.06547725100244861
UTM,453,tm,80.97,0.48147898499883013,0.06493245699675754
UTM,454,tm,80.97999999999999,0.4746566210014862,0.07080939099978423
UTM,455,tm,80.82000000000001,0.47463225499814143,0.061608751995663624
UTM,456,tm,80.9,0.47489407200191636,0.0646913310047239
UTM,457,tm,80.99,0.46812569499888923,0.06498375500086695
UTM,458,tm,80.71000000000001,0.4685817819990916,0.06470163699850673
UTM,459,tm,80.76,0.4722644049979863,0.06513948200154118
UTM,460,tm,80.94,0.47705125699576456,0.06435846900421893
UTM,461,tm,80.87,0.47731450999708613,0.06484088400611654
UTM,462,tm,80.89,0.47813558600319084,0.06440108800597955
UTM,463,tm,80.65,0.4741214530004072,0.064521155996772
UTM,464,tm,80.89,0.4740710910045891,0.0646698619966628
UTM,465,tm,80.75,0.47502131699729944,0.06507203100045444
UTM,466,tm,80.91000000000001,0.4722953270029393,0.06481567800074117
UTM,467,tm,80.86,0.4745073230005801,0.06310729500546586
UTM,468,tm,80.87,0.47306998100248165,0.06377902099484345
UTM,469,tm,80.76,0.467650231999869,0.06486471900279867
UTM,470,tm,80.64,0.4772449360025348,0.06375205900258152
UTM,471,tm,80.54,0.48628298900439404,0.06450010799744632
UTM,472,tm,80.80000000000001,0.4808982940012356,0.0653623750040424
UTM,473,tm,80.97,0.4783042970011593,0.06537932900391752
UTM,474,tm,80.93,0.48273026399692753,0.066027587003191
UTM,475,tm,80.9,0.47922667099919636,0.06684198699804256
UTM,476,tm,80.94,0.4810988839963102,0.06458772600308293
UTM,477,tm,80.89,0.47805128199979663,0.06669143400358735
UTM,478,tm,81.11,0.47783036699547665,0.06409153699496528
UTM,479,tm,80.99,0.47801223599526566,0.06568923300073948
UTM,480,tm,80.97999999999999,0.4638815459984471,0.06551623700215714
UTM,481,tm,80.9,0.476532700995449,0.06531274200096959
UTM,482,tm,80.88,0.47965654900326626,0.06560655099747237
UTM,483,tm,81.05,0.47889953799312934,0.06464469600177836
UTM,484,tm,81.0,0.47768341100163525,0.06510438699478982
UTM,485,tm,80.91000000000001,0.47430859999440145,0.06471799700375414
UTM,486,tm,80.89,0.475584355997853,0.0649742520035943
UTM,487,tm,81.02000000000001,0.47412537899799645,0.06559015799575718
UTM,488,tm,80.85,0.48314854499767534,0.06511191299796337
UTM,489,tm,80.83,0.471891590001178,0.0647206079956959
UTM,490,tm,81.02000000000001,0.4752369119960349,0.06422637499781558
UTM,491,tm,80.92,0.4771015439982875,0.06502085399552016
UTM,492,tm,81.01,0.4870008739962941,0.06431761000567349
UTM,493,tm,80.99,0.4711358839995228,0.06531215200084262
UTM,494,tm,80.85,0.47634754899627296,0.06472119599493453
UTM,495,tm,81.10000000000001,0.46922631400229875,0.06780908899963833
UTM,496,tm,81.01,0.4772681879985612,0.06436614799895324
UTM,497,tm,81.01,0.4708054790025926,0.0645995419981773
UTM,498,tm,81.15,0.4768718880004599,0.06439565300388495
UTM,499,tm,81.08999999999999,0.47550924900133396,0.06312481900386047
UTM,500,tm,81.15,0.47335512999416096,0.06545754399849102
WTM,1,tm,76.66,0.3942246989972773,0.06372581100004027
WTM,2,tm,77.24,0.3566531140022562,0.06646750200161478
WTM,3,tm,77.36,0.3499299030008842,0.06809591400087811
WTM,4,tm,77.82,0.3471304710037657,0.06478519899974344
WTM,5,tm,78.2,0.3392960659984965,0.06376453999837395
WTM,6,tm,79.27,0.3343112820002716,0.06751454299956094
WTM,7,tm,79.0,0.3372090909979306,0.06508205499994801
WTM,8,tm,78.91,0.33531775799929164,0.06815602599817794
WTM,9,tm,80.55,0.331285032996675,0.06791372600127943
WTM,10,tm,79.31,0.33847065000009025,0.06667518000176642
WTM,11,tm,78.01,0.32956686899706256,0.06624338300025556
WTM,12,tm,79.75,0.3231359310011612,0.06719082600466209
WTM,13,tm,80.47999999999999,0.3296677969992743,0.06825502599531319
WTM,14,tm,80.04,0.33415526599856094,0.06745232100365683
WTM,15,tm,80.9,0.32186967299639946,0.068656520001241
WTM,16,tm,81.11,0.3208373359957477,0.06673385400063125
WTM,17,tm,79.83,0.32180538999818964,0.06907981299445964
WTM,18,tm,80.45,0.3252389140034211,0.06697208999685245
WTM,19,tm,80.78,0.3240825980028603,0.06904786900122417
WTM,20,tm,78.74,0.32320798200089484,0.06611761000385741
WTM,21,tm,80.9,0.3144159259973094,0.06846548100293148
WTM,22,tm,81.23,0.3173955880047288,0.0679302810021909
WTM,23,tm,80.22,0.3256408629968064,0.06689794300473295
WTM,24,tm,81.15,0.32538878000195837,0.06758220699703088
WTM,25,tm,80.47999999999999,0.3207323250026093,0.06769942399841966
WTM,26,tm,81.2,0.31900895400031004,0.06817355200473685
WTM,27,tm,79.97999999999999,0.32463713999459287,0.06713732500065817
WTM,28,tm,81.23,0.3183463409950491,0.06703550700331107
WTM,29,tm,81.6,0.32666928300022846,0.06864036300248699
WTM,30,tm,80.43,0.3233663749997504,0.0671588810000685
WTM,31,tm,81.11,0.32145195599878207,0.06589642600010848
WTM,32,tm,81.51,0.32178782299888553,0.06877193300169893
WTM,33,tm,80.57,0.31969228600064525,0.06566946899692994
WTM,34,tm,80.71000000000001,0.31703880799614126,0.06812846899993019
WTM,35,tm,79.99000000000001,0.32125856399943586,0.06813443400460528
WTM,36,tm,81.07,0.31580399900121847,0.06820991999848047
WTM,37,tm,80.91000000000001,0.33159180900111096,0.06870561099640327
WTM,38,tm,81.25,0.31979816000239225,0.06776269900001353
WTM,39,tm,80.73,0.3172203649955918,0.06734465600311523
WTM,40,tm,80.86,0.31287509800313273,0.06790433300193399
WTM,41,tm,81.28,0.3170229970055516,0.06723941500240471
WTM,42,tm,81.16,0.3082515579953906,0.06637279799906537
WTM,43,tm,81.08,0.31402502299897606,0.06644805800169706
WTM,44,tm,81.03,0.3156800880024093,0.06932561899884604
WTM,45,tm,82.03,0.30995417500525946,0.06746832699718652
WTM,46,tm,80.9,0.3202482039996539,0.06885735399555415
WTM,47,tm,81.03,0.31718800800445024,0.06474893200356746
WTM,48,tm,81.92,0.3116681410028832,0.06778569799644174
WTM,49,tm,80.65,0.31550643499940634,0.06677693699748488
WTM,50,tm,80.96,0.31643790299858665,0.06811498099705204
WTM,51,tm,81.65,0.30911702499724925,0.0673338380001951
WTM,52,tm,80.11,0.30845942700398155,0.0669948819995625
WTM,53,tm,80.67,0.31200921799609205,0.06894746799662244
WTM,54,tm,80.05,0.32161968200671254,0.06775638199906098
WTM,55,tm,81.16,0.3111193229997298,0.06893962100002682
WTM,56,tm,81.5,0.31394041599560296,0.06819746700057294
WTM,57,tm,81.32000000000001,0.3044669669980067,0.06905945299513405
WTM,58,tm,81.02000000000001,0.30623710800136905,0.06733698999596527
WTM,59,tm,80.97,0.3131966509972699,0.06794277999870246
WTM,60,tm,80.84,0.310311264001939,0.06608736199996201
WTM,61,tm,80.32000000000001,0.297636543000408,0.0670740069981548
WTM,62,tm,81.05,0.3104189859950566,0.06840773099975195
WTM,63,tm,81.86,0.31213686800037976,0.0679670690005878
WTM,64,tm,81.13,0.30841409600543557,0.06750692600326147
WTM,65,tm,81.27,0.30941403100587195,0.06748239500302589
WTM,66,tm,81.56,0.30344547699496616,0.06854499200562714
WTM,67,tm,80.44,0.3074380289981491,0.06909601899678819
WTM,68,tm,80.91000000000001,0.31489468600193504,0.0688329020049423
WTM,69,tm,80.89,0.3035791069996776,0.06881002300360706
WTM,70,tm,80.44,0.3121908440007246,0.06898722199548502
WTM,71,tm,81.6,0.3150215190034942,0.06790305100003025
WTM,72,tm,82.3,0.3125672219975968,0.06775806700170506
WTM,73,tm,80.62,0.3092202699990594,0.06770872399647487
WTM,74,tm,81.10000000000001,0.3153342219957267,0.06734555300499778
WTM,75,tm,81.23,0.311194311005238,0.06827883999358164
WTM,76,tm,80.77,0.3198352809995413,0.06588531800662167
WTM,77,tm,81.5,0.30580241899588145,0.06783692899625748
WTM,78,tm,82.02000000000001,0.3051381839977694,0.06858204099989962
WTM,79,tm,79.55,0.31561201399745187,0.06691055400006007
WTM,80,tm,81.33,0.2994692580032279,0.06840347799879964
WTM,81,tm,81.78,0.309813428997586,0.06669280400092248
WTM,82,tm,81.28999999999999,0.3082310570025584,0.06781931000296026
WTM,83,tm,81.96,0.30813570699683623,0.06792776600195793
WTM,84,tm,81.43,0.3030892250026227,0.06747030399856158
WTM,85,tm,81.36,0.30276737899839645,0.0684915230012848
WTM,86,tm,81.21000000000001,0.30959975800215034,0.06667852099781157
WTM,87,tm,80.19,0.3039966690048459,0.06726569899910828
WTM,88,tm,82.05,0.30388782000227366,0.06789569799730089
WTM,89,tm,82.08,0.3120018280023942,0.06890941700112307
WTM,90,tm,80.62,0.3045085970006767,0.06884967999940272
WTM,91,tm,81.87,0.31365910400199937,0.06877983000595123
WTM,92,tm,81.94,0.31741526200494263,0.06993837699701544
WTM,93,tm,81.56,0.30805312799930107,0.0725553040028899
WTM,94,tm,80.72,0.3100362109980779,0.06702904199482873
WTM,95,tm,82.11,0.31095690799702425,0.06714932499744464
WTM,96,tm,81.21000000000001,0.3112037339960807,0.06805938799516298
WTM,97,tm,81.6,0.310732938000001,0.06817973899887875
WTM,98,tm,81.62,0.3269188949998352,0.0671663670000271
WTM,99,tm,81.45,0.31281050099642016,0.06699750400002813
WTM,100,tm,82.24000000000001,0.3205444549967069,0.0684274630038999
WTM,101,tm,81.46,0.3127290019983775,0.06768327800091356
WTM,102,tm,82.24000000000001,0.3054133969999384,0.06837928800086956
WTM,103,tm,81.15,0.30291432100057136,0.06829427200136706
WTM,104,tm,81.53,0.3043964620010229,0.0673710389964981
WTM,105,tm,82.23,0.30597817699890584,0.06730188900110079
WTM,106,tm,81.2,0.31921571699786,0.06726375500147697
WTM,107,tm,81.67,0.3160805790030281,0.06726042600348592
WTM,108,tm,81.43,0.3146433709989651,0.06802882199554006
WTM,109,tm,81.45,0.3108756479996373,0.0670726989992545
WTM,110,tm,80.43,0.3138993219981785,0.06722181299846852
WTM,111,tm,81.41000000000001,0.305632790994423,0.0673901879999903
WTM,112,tm,81.83,0.3043643009950756,0.06680169000173919
WTM,113,tm,80.61,0.30841301700274926,0.0683307520012022
WTM,114,tm,80.9,0.3093236720014829,0.07153401100367773
WTM,115,tm,80.97999999999999,0.30927386899566045,0.06912390499928733
WTM,116,tm,79.96,0.30408860000170534,0.06700485900364583
WTM,117,tm,81.33,0.32017286300106207,0.06559476799884578
WTM,118,tm,81.31,0.3156660099994042,0.06866873399849283
WTM,119,tm,82.5,0.31506425199768273,0.06776093900407432
WTM,120,tm,81.47,0.311745778999466,0.06778060799842933
WTM,121,tm,81.32000000000001,0.30872730299597606,0.0682382789964322
WTM,122,tm,81.51,0.31351420799910557,0.06888416100264294
WTM,123,tm,82.42,0.3134690380029497,0.06538377199467504
WTM,124,tm,80.76,0.30140214799757814,0.0665814199965098
WTM,125,tm,81.41000000000001,0.30924117199901957,0.06419902900233865
WTM,126,tm,82.72,0.3030949590029195,0.06817331400088733
WTM,127,tm,81.24,0.30547051499888767,0.06552582800213713
WTM,128,tm,82.13000000000001,0.31098469700373244,0.0672258460035664
WTM,129,tm,81.92,0.3114350200048648,0.06694764200074133
WTM,130,tm,81.26,0.2964169970000512,0.06691229199350346
WTM,131,tm,81.89999999999999,0.3106941499936511,0.06879581900284393
WTM,132,tm,81.07,0.30617590399924666,0.06842634799977532
WTM,133,tm,81.56,0.30513723700278206,0.06901083900447702
WTM,134,tm,81.16,0.3139289939936134,0.06694012099615065
WTM,135,tm,81.21000000000001,0.3066966139958822,0.06665449200227158
WTM,136,tm,81.07,0.3091300340020098,0.06896877099643461
WTM,137,tm,81.8,0.3036599019978894,0.06811044900678098
WTM,138,tm,78.7,0.30636023999977624,0.06888787399657303
WTM,139,tm,80.65,0.3082658000057563,0.06802301199786598
WTM,140,tm,80.88,0.3068399190015043,0.06745141400460852
WTM,141,tm,81.84,0.30327596100687515,0.06788001999666449
WTM,142,tm,80.80000000000001,0.30444973300473066,0.06744644900027197
WTM,143,tm,80.95,0.3034154229972046,0.06814914300048258
WTM,144,tm,80.74,0.3088337139997748,0.06913119000091683
WTM,145,tm,80.99,0.30496640300407307,0.06755964500189293
WTM,146,tm,82.63000000000001,0.3086480179990758,0.06848614599584835
WTM,147,tm,81.31,0.3093270030003623,0.06856093899841653
WTM,148,tm,80.80000000000001,0.307343114996911,0.06939514999976382
WTM,149,tm,81.36,0.30642751599953044,0.06552424999972573
WTM,150,tm,81.23,0.30973906600411283,0.06833213600475574
WTM,151,tm,82.14,0.3082273339969106,0.067962332002935
WTM,152,tm,80.97999999999999,0.30975202099944,0.0684540369984461
WTM,153,tm,82.15,0.30427433700242545,0.06755572600377491
WTM,154,tm,81.05,0.316840138999396,0.06928632099879906
WTM,155,tm,81.31,0.31097191899607424,0.06932702899939613
WTM,156,tm,80.71000000000001,0.31904574100190075,0.06770687200332759
WTM,157,tm,80.15,0.3109873659996083,0.06897170299635036
WTM,158,tm,81.22,0.3024071059990092,0.06802102599613136
WTM,159,tm,80.97,0.3201705360042979,0.06754415600153152
WTM,160,tm,80.83,0.30340955599967856,0.0667829090016312
WTM,161,tm,82.25,0.31210887400084175,0.06723231700016186
WTM,162,tm,81.52000000000001,0.3015356120013166,0.06871344200044405
WTM,163,tm,81.35,0.3093597589977435,0.06895850000000792
WTM,164,tm,81.93,0.30816318399593,0.06723761999455746
WTM,165,tm,80.61,0.30670988299971214,0.06849981699633645
WTM,166,tm,81.56,0.31746116500289645,0.06806135600345442
WTM,167,tm,81.52000000000001,0.31692120100342436,0.0701476009999169
WTM,168,tm,81.65,0.31934690199705074,0.07039587399776792
WTM,169,tm,80.88,0.30664085000171326,0.06756705500447424
WTM,170,tm,79.55,0.31039925100049004,0.06884679900394985
WTM,171,tm,80.46,0.31563923800422344,0.06913887499831617
WTM,172,tm,81.33,0.3110663140032557,0.07019690800370881
WTM,173,tm,81.26,0.3073922420007875,0.06684314499580069
WTM,174,tm,80.4,0.3122480989986798,0.06613407599797938
WTM,175,tm,81.99,0.30548278400237905,0.0673619660010445
WTM,176,tm,81.94,0.3119982010030071,0.06803099100216059
WTM,177,tm,81.72,0.3111826189997373,0.06869028200162575
WTM,178,tm,82.39,0.3119335239971406,0.0663398539982154
WTM,179,tm,81.31,0.3068573109994759,0.06795996599976206
WTM,180,tm,81.08999999999999,0.3083819979947293,0.0669113030016888
WTM,181,tm,81.05,0.30603135999990627,0.06820634599716868
WTM,182,tm,81.17999999999999,0.30790813499334035,0.06732964600087143
WTM,183,tm,81.67,0.3080796649956028,0.06728872100211447
WTM,184,tm,82.05,0.31505050099804066,0.06809595900267595
WTM,185,tm,80.45,0.3058137850021012,0.06864169700565981
WTM,186,tm,79.74,0.3045850669950596,0.06462555100006284
WTM,187,tm,80.65,0.3026099159978912,0.06832340400433168
WTM,188,tm,81.11,0.3090710169999511,0.07006225299846847
WTM,189,tm,80.76,0.3062971139952424,0.0679389840006479
WTM,190,tm,81.8,0.30900357499922393,0.06931976999476319
WTM,191,tm,82.26,0.3216492239953368,0.06832209899584996
WTM,192,tm,81.42,0.3158557770002517,0.06876805400679586
WTM,193,tm,81.21000000000001,0.3182684139974299,0.06937822000327287
WTM,194,tm,81.69,0.3055761479990906,0.06909640000230866
WTM,195,tm,80.39,0.3137518410003395,0.06850416799716186
WTM,196,tm,81.31,0.31586697899911087,0.0690744329986046
WTM,197,tm,80.99,0.3133336590035469,0.06830289000208722
WTM,198,tm,80.02,0.31329038299736567,0.06878626600519056
WTM,199,tm,81.08999999999999,0.30316843400214566,0.06643405200156849
WTM,200,tm,81.06,0.30094309800188057,0.06855869200080633
WTM,201,tm,82.41000000000001,0.3092247579988907,0.06903600299847312
WTM,202,tm,81.83,0.3131192029977683,0.06733757600159151
WTM,203,tm,80.78999999999999,0.31540403100370895,0.0678088700005901
WTM,204,tm,81.82000000000001,0.3023864999995567,0.06809937000070931
WTM,205,tm,80.54,0.29897693699604133,0.06883479999669362
WTM,206,tm,80.80000000000001,0.31097524200595217,0.06802231199981179
WTM,207,tm,81.47,0.3143194720032625,0.0662210660011624
WTM,208,tm,80.91000000000001,0.31014233300084015,0.06886617899726843
WTM,209,tm,81.94,0.30789550299959956,0.06773233100102516
WTM,210,tm,80.97,0.3054027840044,0.06674619400291704
WTM,211,tm,81.33,0.31406327999866335,0.06822877200465882
WTM,212,tm,81.34,0.2984598979965085,0.06847778800147353
WTM,213,tm,80.63,0.30468487000325695,0.06763512700126739
WTM,214,tm,80.94,0.30609909600025276,0.06861623199802125
WTM,215,tm,82.09,0.30920181399415014,0.06799558900092961
WTM,216,tm,82.46,0.3112723040030687,0.06789834800292738
WTM,217,tm,81.66,0.30839172400010284,0.07354115499765612
WTM,218,tm,80.66,0.30208651599969016,0.06921806599711999
WTM,219,tm,80.17999999999999,0.3021875109989196,0.06850300500082085
WTM,220,tm,81.51,0.29931970100005856,0.06623441699775867
WTM,221,tm,80.86,0.3086282439981005,0.06708982699638
WTM,222,tm,81.63,0.31430168299993966,0.06837289300165139
WTM,223,tm,80.94,0.30874260400014464,0.0670802089953213
WTM,224,tm,81.10000000000001,0.31025669899827335,0.06766311899991706
WTM,225,tm,81.08,0.3097993699993822,0.0666164869981003
WTM,226,tm,82.1,0.31417092199990293,0.06904176899843151
WTM,227,tm,79.03,0.3038970070047071,0.06896215499727987
WTM,228,tm,81.13,0.3067009809965384,0.07354338899313007
WTM,229,tm,81.25,0.30502156400325475,0.06858858800114831
WTM,230,tm,82.09,0.30383525700017344,0.0685664379998343
WTM,231,tm,81.08999999999999,0.31264938400272513,0.06744481300120242
WTM,232,tm,80.99,0.3121097879993613,0.06945085099869175
WTM,233,tm,81.15,0.3063932479999494,0.0632870589979575
WTM,234,tm,80.49,0.31001904099684907,0.06902681800420396
WTM,235,tm,81.16,0.31069516699790256,0.06840400099463295
WTM,236,tm,81.39,0.2981485599957523,0.06866495199938072
WTM,237,tm,81.31,0.3075449289972312,0.06780407200130867
WTM,238,tm,80.93,0.30562840399943525,0.0678122000026633
WTM,239,tm,81.47999999999999,0.30868679199920734,0.06790429199463688
WTM,240,tm,80.34,0.30769513999985065,0.06828936399688246
WTM,241,tm,80.17999999999999,0.30338026900426485,0.06975155899999663
WTM,242,tm,81.78,0.30662926199875074,0.06798165699728997
WTM,243,tm,80.78,0.3107774759992026,0.06769773500127485
WTM,244,tm,80.87,0.30532193100225413,0.06807287999981781
WTM,245,tm,81.92,0.3111596069938969,0.06801601599727292
WTM,246,tm,82.61,0.3043707920005545,0.0680027609996614
WTM,247,tm,81.77,0.3065577529996517,0.0674208880009246
WTM,248,tm,81.38,0.3063306010008091,0.06763012699957471
WTM,249,tm,81.67999999999999,0.3123339239973575,0.06571030600025551
WTM,250,tm,81.16,0.29671179500292055,0.06859876599628478
WTM,251,tm,81.13,0.3128849109998555,0.06881175599846756
WTM,252,tm,81.0,0.30676513700018404,0.0684005889997934
WTM,253,tm,81.02000000000001,0.30379392099712277,0.06758348800212843
WTM,254,tm,81.31,0.3135112029995071,0.06893510900408728
WTM,255,tm,80.66,0.3074745139965671,0.06727036699885502
WTM,256,tm,81.61,0.30285083299531834,0.06650474200432654
WTM,257,tm,80.99,0.3049333529997966,0.0680003429952194
WTM,258,tm,80.88,0.2999463649975951,0.06991607700183522
WTM,259,tm,81.23,0.31033656599902315,0.06719092700222973
WTM,260,tm,81.44,0.294778730996768,0.06658815200353274
WTM,261,tm,81.61,0.3051777000000584,0.06829551400005585
WTM,262,tm,79.51,0.3010960730025545,0.07323143000394339
WTM,263,tm,81.14,0.31301049399917247,0.06826463600009447
WTM,264,tm,81.45,0.31244611000147415,0.06980184800340794
WTM,265,tm,80.57,0.3067185270047048,0.06789091599785024
WTM,266,tm,80.17,0.31456106700352393,0.06827573299960932
WTM,267,tm,81.15,0.3081240199971944,0.06851593100145692
WTM,268,tm,81.28999999999999,0.3075777889971505,0.06686974500189535
WTM,269,tm,81.94,0.3165913190023275,0.0688623070018366
WTM,270,tm,81.69999999999999,0.3087086309969891,0.06664274800277781
WTM,271,tm,81.64,0.3064200240041828,0.06732633899810025
WTM,272,tm,81.05,0.31210663900128566,0.06841026099573355
WTM,273,tm,81.38,0.30380151900317287,0.06832113199925516
WTM,274,tm,81.53,0.30437334900489077,0.06902284699754091
WTM,275,tm,79.19,0.30922614600422094,0.06808653399639297
WTM,276,tm,81.47,0.31494192899845075,0.06700006600294728
WTM,277,tm,81.14,0.30360315399593674,0.06874862399854464
WTM,278,tm,81.35,0.2994677180031431,0.06776577199343592
WTM,279,tm,81.6,0.30289568299485836,0.06522735599719454
WTM,280,tm,81.65,0.2958434239990311,0.0675383010020596
WTM,281,tm,81.85,0.30529489400214516,0.06711007899866672
WTM,282,tm,80.97999999999999,0.304782762999821,0.07063250400096877
WTM,283,tm,81.19,0.3048083859976032,0.06763837300240993
WTM,284,tm,81.42,0.3035524910010281,0.06816701200295938
WTM,285,tm,81.97,0.30254622700158507,0.06782881200342672
WTM,286,tm,80.2,0.3060353210021276,0.0721649730039644
WTM,287,tm,81.53,0.3094431630015606,0.06943703500292031
WTM,288,tm,81.64,0.30327878599928226,0.07013987100071972
WTM,289,tm,81.5,0.30301895100274123,0.07046634000289487
WTM,290,tm,82.19,0.30802983100147685,0.06858988799649524
WTM,291,tm,80.35,0.3018095179941156,0.06799704500008374
WTM,292,tm,80.71000000000001,0.31052410999836866,0.0686724290062557
WTM,293,tm,81.82000000000001,0.3128722139954334,0.06562627199309645
WTM,294,tm,79.91,0.30241018800006714,0.06885503900412004
WTM,295,tm,82.16,0.3099986160013941,0.06787360999442171
WTM,296,tm,80.13,0.3042928380018566,0.06760757899610326
WTM,297,tm,81.67999999999999,0.3057538700013538,0.0672374990026583
WTM,298,tm,81.34,0.3112355839984957,0.06904975700308569
WTM,299,tm,81.73,0.3082855339962407,0.07131274700077483
WTM,300,tm,82.19,0.30339157500566216,0.06980130100419046
WTM,301,tm,80.4,0.314554003001831,0.06778072199813323
WTM,302,tm,80.84,0.3025485350008239,0.06694231200526701
WTM,303,tm,81.52000000000001,0.3082402970030671,0.06771009499789216
WTM,304,tm,81.41000000000001,0.3070151520005311,0.06531173799885437
WTM,305,tm,81.87,0.3028014590017847,0.0684991220041411
WTM,306,tm,81.45,0.305897164005728,0.0689571690018056
WTM,307,tm,82.21000000000001,0.3097581010006252,0.06689558600191958
WTM,308,tm,81.55,0.3065409529954195,0.0689393709981232
WTM,309,tm,81.37,0.31141187100001844,0.06821401499473723
WTM,310,tm,82.05,0.30696121900109574,0.06894614500197349
WTM,311,tm,81.99,0.3020869510000921,0.06823724499554373
WTM,312,tm,81.77,0.30421165600273525,0.06890903099701973
WTM,313,tm,81.8,0.298291502003849,0.06684083899745019
WTM,314,tm,80.96,0.3134863800005405,0.06823486099892762
WTM,315,tm,80.74,0.30346239599748515,0.06819407099828823
WTM,316,tm,81.17,0.30743152100330917,0.06816495100065367
WTM,317,tm,80.47,0.31126702899928205,0.06896577100269496
WTM,318,tm,81.72,0.30617154799983837,0.06839237399981357
WTM,319,tm,81.67999999999999,0.3016590949991951,0.06860894500277936
WTM,320,tm,82.54,0.31039782000152627,0.06916501899831928
WTM,321,tm,80.21000000000001,0.3129655409939005,0.06774725600553211
WTM,322,tm,81.71000000000001,0.29849845599528635,0.06679260899545625
WTM,323,tm,81.52000000000001,0.311553895000543,0.06684525700256927
WTM,324,tm,80.61,0.3242852879993734,0.06786176199966576
WTM,325,tm,80.80000000000001,0.30664866200095275,0.0686716290001641
WTM,326,tm,80.96,0.30770174299686914,0.06765709000319475
WTM,327,tm,81.24,0.30393291800282896,0.06793847199878655
WTM,328,tm,82.09,0.3123858850012766,0.06927405099850148
WTM,329,tm,81.8,0.3020837540025241,0.06909584400273161
WTM,330,tm,80.97999999999999,0.30190737600059947,0.06892914399941219
WTM,331,tm,82.02000000000001,0.3161495339954854,0.0679026360012358
WTM,332,tm,81.93,0.30020225400221534,0.0742369459985639
WTM,333,tm,81.52000000000001,0.308863828999165,0.06945587000518572
WTM,334,tm,80.97,0.31231377399672056,0.06759895399591187
WTM,335,tm,80.46,0.3015390729997307,0.0661510999998427
WTM,336,tm,78.58000000000001,0.3124591590021737,0.06886446899443399
WTM,337,tm,81.45,0.3067976349993842,0.06736073700449197
WTM,338,tm,81.81,0.31216623300133506,0.067504683000152
WTM,339,tm,82.54,0.3092116099942359,0.06820896400313359
WTM,340,tm,81.38,0.2920761730056256,0.06898015100159682
WTM,341,tm,82.98,0.30145111099409405,0.06733746299869381
WTM,342,tm,79.95,0.31507372800115263,0.06725809199997457
WTM,343,tm,81.66,0.3022074269974837,0.06867762600450078
WTM,344,tm,81.77,0.3016778540040832,0.06793394499982242
WTM,345,tm,80.02,0.30967655899439706,0.06779871299659135
WTM,346,tm,80.81,0.31030048899992835,0.06823844100290444
WTM,347,tm,81.65,0.3035509990004357,0.0669634949954343
WTM,348,tm,82.27,0.3065429540001787,0.06841119800083106
WTM,349,tm,81.78,0.30775839499983704,0.06742854799813358
WTM,350,tm,81.57,0.3039601549971849,0.06856973500543972
WTM,351,tm,82.43,0.3093540240006405,0.06733107000036398
WTM,352,tm,81.72,0.3021161159995245,0.06923259599716403
WTM,353,tm,81.25,0.30864204299723497,0.06793186400318518
WTM,354,tm,81.54,0.3021850250006537,0.06850577800651081
WTM,355,tm,80.91000000000001,0.30623185000149533,0.06815391900454415
WTM,356,tm,82.15,0.30257018100382993,0.0672144229974947
WTM,357,tm,80.89,0.30096261199651053,0.06802742300351383
WTM,358,tm,81.24,0.3034960660006618,0.06820206999691436
WTM,359,tm,80.80000000000001,0.30789805200038245,0.06653419900248991
WTM,360,tm,81.04,0.3000489070036565,0.06762164399697213
WTM,361,tm,81.04,0.297584874999302,0.06791269699897384
WTM,362,tm,81.32000000000001,0.29811541499657324,0.06771353200019803
WTM,363,tm,80.77,0.3096599080017768,0.06788168500497704
WTM,364,tm,81.33,0.30077316599636106,0.0673373069948866
WTM,365,tm,81.75,0.3066221900007804,0.06806637199770194
WTM,366,tm,82.04,0.2994502130022738,0.06878548299573595
WTM,367,tm,81.67,0.29701353199925506,0.0698977729989565
WTM,368,tm,81.28,0.3038127909967443,0.07220397500350373
WTM,369,tm,80.65,0.306110161000106,0.06877047799935099
WTM,370,tm,81.11,0.30494147499848623,0.06622298000002047
WTM,371,tm,81.41000000000001,0.30454457300220383,0.06925823300116463
WTM,372,tm,81.54,0.3058179290019325,0.06930787899909774
WTM,373,tm,81.37,0.31107605199940735,0.06903131800208939
WTM,374,tm,81.89,0.30295135799678974,0.06878209300339222
WTM,375,tm,81.21000000000001,0.3129988700020476,0.06628086800628807
WTM,376,tm,80.73,0.3056351179984631,0.0672208789983415
WTM,377,tm,81.23,0.3025292289967183,0.06490876300085802
WTM,378,tm,81.85,0.2992027420041268,0.06856612500268966
WTM,379,tm,80.13,0.29953170900262194,0.06858607799949823
WTM,380,tm,82.37,0.30596686100034276,0.06748540799890179
WTM,381,tm,81.58,0.3123004230001243,0.06898731099499855
WTM,382,tm,81.02000000000001,0.30382358899805695,0.06779490200278815
WTM,383,tm,80.56,0.3114136900039739,0.06591672300419305
WTM,384,tm,81.32000000000001,0.3072100790013792,0.065495364004164
WTM,385,tm,79.83,0.298991527997714,0.06817675699858228
WTM,386,tm,81.53,0.309413527000288,0.06734672000311548
WTM,387,tm,81.58999999999999,0.30738802700216183,0.06889269299426815
WTM,388,tm,80.61,0.31025973500072723,0.06860770499770297
WTM,389,tm,81.75,0.30577472200093325,0.06782630200177664
WTM,390,tm,81.84,0.3084718089958187,0.06826801699935459
WTM,391,tm,81.13,0.30551242399815237,0.07080772100016475
WTM,392,tm,80.86,0.3071168399983435,0.06955722099519335
WTM,393,tm,80.93,0.305218914996658,0.06723298499855446
WTM,394,tm,80.95,0.2975233519973699,0.06691044900071574
WTM,395,tm,81.89999999999999,0.3034146409991081,0.06954183700145222
WTM,396,tm,81.44,0.3070599679995212,0.06815910700242966
WTM,397,tm,81.2,0.3121853379998356,0.06845546099793864
WTM,398,tm,81.75,0.3114624950030702,0.06781424899963895
WTM,399,tm,80.76,0.29780388999643037,0.07300959800340934
WTM,400,tm,80.92,0.3030456519991276,0.06688244800170651
WTM,401,tm,80.49,0.3010834730011993,0.06930623800144531
WTM,402,tm,82.15,0.31242697199922986,0.06888566300040111
WTM,403,tm,81.47999999999999,0.3119064300044556,0.0688162399965222
WTM,404,tm,81.69999999999999,0.30838642400340177,0.06685493000259157
WTM,405,tm,81.08999999999999,0.30484923499898287,0.06699960900004953
WTM,406,tm,80.23,0.3071131380056613,0.06741537500056438
WTM,407,tm,81.26,0.30306199999904493,0.0677006639962201
WTM,408,tm,81.3,0.3046418369995081,0.06794436799827963
WTM,409,tm,80.32000000000001,0.3043547590059461,0.06918950800172752
WTM,410,tm,80.66,0.3026427290024003,0.0677580260016839
WTM,411,tm,82.06,0.30581280699698254,0.06927500099845929
WTM,412,tm,81.53,0.3095463310019113,0.0691196330008097
WTM,413,tm,81.35,0.3065277689966024,0.06940880000183824
WTM,414,tm,81.45,0.3131875079998281,0.06684918899554759
WTM,415,tm,80.23,0.30570117499883054,0.06706908300111536
WTM,416,tm,81.58,0.30900941800064174,0.07300964399473742
WTM,417,tm,81.54,0.30532633200346027,0.06751497000368545
WTM,418,tm,82.0,0.3017509780038381,0.06680041700019501
WTM,419,tm,80.16,0.30493478400603635,0.06826884500333108
WTM,420,tm,80.07,0.30630955200467724,0.06929745699744672
WTM,421,tm,80.71000000000001,0.3031840949988691,0.0672461620051763
WTM,422,tm,81.63,0.3003407110008993,0.06705787400278496
WTM,423,tm,81.15,0.30690115399920614,0.06775963099789806
WTM,424,tm,82.09,0.29991059199528536,0.06881996500305831
WTM,425,tm,81.58999999999999,0.3088556000002427,0.06849771000270266
WTM,426,tm,81.57,0.3079782340064412,0.06784088400308974
WTM,427,tm,81.17999999999999,0.30232381200039526,0.06927662599628093
WTM,428,tm,81.97,0.30607325500022853,0.06712691400025506
WTM,429,tm,81.75,0.30816233299992746,0.06884766299481271
WTM,430,tm,82.16,0.30173750199901406,0.06702590599888936
WTM,431,tm,81.01,0.3025451469948166,0.06682735899812542
WTM,432,tm,80.85,0.30248348500026623,0.0675159789971076
WTM,433,tm,82.27,0.3099466889980249,0.06747921899659559
WTM,434,tm,82.23,0.29965003600227647,0.06631360200117342
WTM,435,tm,81.46,0.3054697789993952,0.07184552899707342
WTM,436,tm,81.31,0.3047476749998168,0.06767443900025683
WTM,437,tm,80.71000000000001,0.3053828499978408,0.06799502600188134
WTM,438,tm,81.43,0.30908697199629387,0.06829094100248767
WTM,439,tm,80.52,0.30302369900164194,0.06770729699928779
WTM,440,tm,81.91000000000001,0.3030105149955489,0.06803852899611229
WTM,441,tm,81.03,0.309587117000774,0.06779469799948856
WTM,442,tm,82.01,0.30787194699951215,0.06912163000379223
WTM,443,tm,82.26,0.2996924859980936,0.06810115800180938
WTM,444,tm,82.25,0.30924298500031,0.06880049900064478
WTM,445,tm,81.78999999999999,0.30478845899779117,0.06817995800520293
WTM,446,tm,81.10000000000001,0.3035240449971752,0.0673512670036871
WTM,447,tm,81.52000000000001,0.309198495997407,0.06768610300059663
WTM,448,tm,82.01,0.302562537995982,0.07023416100128088
WTM,449,tm,80.5,0.3115489609990618,0.06849499000236392
WTM,450,tm,81.71000000000001,0.3007237720012199,0.06808973399893148
WTM,451,tm,80.94,0.30459620599867776,0.06799768200289691
WTM,452,tm,81.25,0.30944780499703484,0.06868430400209036
WTM,453,tm,80.67999999999999,0.30517681800120044,0.06867001800128492
WTM,454,tm,82.14,0.305529994002427,0.0677087600051891
WTM,455,tm,81.72,0.30248108800151385,0.06971761000022525
WTM,456,tm,81.17,0.30235796500346623,0.06997360000241315
WTM,457,tm,80.63,0.30645432099845493,0.06844973699480761
WTM,458,tm,81.65,0.3036782650015084,0.06856125900230836
WTM,459,tm,81.71000000000001,0.3002506189950509,0.0689657469993108
WTM,460,tm,80.7,0.32518761699611787,0.06713954600127181
WTM,461,tm,81.38,0.30602759499743115,0.06859579899901291
WTM,462,tm,81.04,0.31247705400164705,0.0693089849955868
WTM,463,tm,82.28999999999999,0.3054509949943167,0.06849519399838755
WTM,464,tm,81.49,0.30535690700344276,0.06962039900099626
WTM,465,tm,82.02000000000001,0.3045811699994374,0.06843351900170092
WTM,466,tm,81.56,0.3084890520040062,0.06687050800246652
WTM,467,tm,82.50999999999999,0.3025388120004209,0.0691985890007345
WTM,468,tm,82.43,0.300192770002468,0.06888265899760881
WTM,469,tm,81.34,0.30835626399493776,0.06845946699468186
WTM,470,tm,80.23,0.3086393539997516,0.06945355700008804
WTM,471,tm,80.74,0.29127737999806413,0.06728278700029477
WTM,472,tm,81.53,0.29585744100040756,0.06771298099920386
WTM,473,tm,81.17999999999999,0.30328835300315404,0.06628448999981629
WTM,474,tm,80.34,0.3062261229933938,0.06816469100158429
WTM,475,tm,80.04,0.30167918700317387,0.0688190430009854
WTM,476,tm,81.22,0.3072999099968001,0.06830844000069192
WTM,477,tm,80.28,0.3055632969990256,0.06821842099452624
WTM,478,tm,80.85,0.29851765900093596,0.067011993000051
WTM,479,tm,81.93,0.31336285400175257,0.06801836199883837
WTM,480,tm,80.42,0.30939802400098415,0.06831487199815456
WTM,481,tm,81.6,0.30209629900491564,0.06784162700205343
WTM,482,tm,81.74,0.3181213889984065,0.0685926880032639
WTM,483,tm,81.33,0.30333410399907734,0.06766596999659669
WTM,484,tm,80.21000000000001,0.3054970739976852,0.06743900100264
WTM,485,tm,80.73,0.30275997200078564,0.06896016899554525
WTM,486,tm,80.45,0.3092644159987685,0.067064463000861
WTM,487,tm,82.35,0.2979549190058606,0.0673209769956884
WTM,488,tm,81.88,0.303370444002212,0.06627761100389762
WTM,489,tm,81.69,0.3057238420005888,0.07178433099761605
WTM,490,tm,81.58,0.30579388800106244,0.06911089600180276
WTM,491,tm,81.74,0.309879620996071,0.06709580899769207
WTM,492,tm,81.37,0.3023417910007993,0.06768247299623908
WTM,493,tm,81.98,0.3064003949984908,0.06761046199972043
WTM,494,tm,81.97,0.30542791900370503,0.06963133099634433
WTM,495,tm,81.58999999999999,0.3111294699992868,0.06855239200376673
WTM,496,tm,80.96,0.3142903629995999,0.06938273099513026
WTM,497,tm,80.2,0.3058266829975764,0.06830605000141077
WTM,498,tm,80.92,0.3075342800002545,0.06758949499635492
WTM,499,tm,81.5,0.3141767959969002,0.06909012200048892
WTM,500,tm,81.84,0.3063712380026118,0.07003422599518672
WTM-NN,1,tm,76.66,0.3942246989972773,0.06372581100004027
WTM-NN,2,tm,77.24,0.3566531140022562,0.06646750200161478
WTM-NN,3,tm,77.36,0.3499299030008842,0.06809591400087811
WTM-NN,4,tm,77.82,0.3471304710037657,0.06478519899974344
WTM-NN,5,tm,78.2,0.3392960659984965,0.06376453999837395
WTM-NN,6,tm,79.27,0.3343112820002716,0.06751454299956094
WTM-NN,7,tm,79.0,0.3372090909979306,0.06508205499994801
WTM-NN,8,tm,78.91,0.33531775799929164,0.06815602599817794
WTM-NN,9,tm,80.55,0.331285032996675,0.06791372600127943
WTM-NN,10,tm,79.31,0.33847065000009025,0.06667518000176642
WTM-NN,11,tm,78.01,0.32956686899706256,0.06624338300025556
WTM-NN,12,tm,79.75,0.3231359310011612,0.06719082600466209
WTM-NN,13,tm,80.47999999999999,0.3296677969992743,0.06825502599531319
WTM-NN,14,tm,80.04,0.33415526599856094,0.06745232100365683
WTM-NN,15,tm,80.9,0.32186967299639946,0.068656520001241
WTM-NN,16,tm,81.11,0.3208373359957477,0.06673385400063125
WTM-NN,17,tm,79.83,0.32180538999818964,0.06907981299445964
WTM-NN,18,tm,80.45,0.3252389140034211,0.06697208999685245
WTM-NN,19,tm,80.78,0.3240825980028603,0.06904786900122417
WTM-NN,20,tm,78.74,0.32320798200089484,0.06611761000385741
WTM-NN,21,tm,80.9,0.3144159259973094,0.06846548100293148
WTM-NN,22,tm,81.23,0.3173955880047288,0.0679302810021909
WTM-NN,23,tm,80.22,0.3256408629968064,0.06689794300473295
WTM-NN,24,tm,81.15,0.32538878000195837,0.06758220699703088
WTM-NN,25,tm,80.47999999999999,0.3207323250026093,0.06769942399841966
WTM-NN,26,tm,81.2,0.31900895400031004,0.06817355200473685
WTM-NN,27,tm,79.97999999999999,0.32463713999459287,0.06713732500065817
WTM-NN,28,tm,81.23,0.3183463409950491,0.06703550700331107
WTM-NN,29,tm,81.6,0.32666928300022846,0.06864036300248699
WTM-NN,30,tm,80.43,0.3233663749997504,0.0671588810000685
WTM-NN,31,tm,81.11,0.32145195599878207,0.06589642600010848
WTM-NN,32,tm,81.51,0.32178782299888553,0.06877193300169893
WTM-NN,33,tm,80.57,0.31969228600064525,0.06566946899692994
WTM-NN,34,tm,80.71000000000001,0.31703880799614126,0.06812846899993019
WTM-NN,35,tm,79.99000000000001,0.32125856399943586,0.06813443400460528
WTM-NN,36,tm,81.07,0.31580399900121847,0.06820991999848047
WTM-NN,37,tm,80.91000000000001,0.33159180900111096,0.06870561099640327
WTM-NN,38,tm,81.25,0.31979816000239225,0.06776269900001353
WTM-NN,39,tm,80.73,0.3172203649955918,0.06734465600311523
WTM-NN,40,tm,80.86,0.31287509800313273,0.06790433300193399
WTM-NN,41,tm,81.28,0.3170229970055516,0.06723941500240471
WTM-NN,42,tm,81.16,0.3082515579953906,0.06637279799906537
WTM-NN,43,tm,81.08,0.31402502299897606,0.06644805800169706
WTM-NN,44,tm,81.03,0.3156800880024093,0.06932561899884604
WTM-NN,45,tm,82.03,0.30995417500525946,0.06746832699718652
WTM-NN,46,tm,80.9,0.3202482039996539,0.06885735399555415
WTM-NN,47,tm,81.03,0.31718800800445024,0.06474893200356746
WTM-NN,48,tm,81.92,0.3116681410028832,0.06778569799644174
WTM-NN,49,tm,80.65,0.31550643499940634,0.06677693699748488
WTM-NN,50,tm,80.96,0.31643790299858665,0.06811498099705204
WTM-NN,51,tm,81.65,0.30911702499724925,0.0673338380001951
WTM-NN,52,tm,80.11,0.30845942700398155,0.0669948819995625
WTM-NN,53,tm,80.67,0.31200921799609205,0.06894746799662244
WTM-NN,54,tm,80.05,0.32161968200671254,0.06775638199906098
WTM-NN,55,tm,81.16,0.3111193229997298,0.06893962100002682
WTM-NN,56,tm,81.5,0.31394041599560296,0.06819746700057294
WTM-NN,57,tm,81.32000000000001,0.3044669669980067,0.06905945299513405
WTM-NN,58,tm,81.02000000000001,0.30623710800136905,0.06733698999596527
WTM-NN,59,tm,80.97,0.3131966509972699,0.06794277999870246
WTM-NN,60,tm,80.84,0.310311264001939,0.06608736199996201
WTM-NN,61,tm,80.32000000000001,0.297636543000408,0.0670740069981548
WTM-NN,62,tm,81.05,0.3104189859950566,0.06840773099975195
WTM-NN,63,tm,81.86,0.31213686800037976,0.0679670690005878
WTM-NN,64,tm,81.13,0.30841409600543557,0.06750692600326147
WTM-NN,65,tm,81.27,0.30941403100587195,0.06748239500302589
WTM-NN,66,tm,81.56,0.30344547699496616,0.06854499200562714
WTM-NN,67,tm,80.44,0.3074380289981491,0.06909601899678819
WTM-NN,68,tm,80.91000000000001,0.31489468600193504,0.0688329020049423
WTM-NN,69,tm,80.89,0.3035791069996776,0.06881002300360706
WTM-NN,70,tm,80.44,0.3121908440007246,0.06898722199548502
WTM-NN,71,tm,81.6,0.3150215190034942,0.06790305100003025
WTM-NN,72,tm,82.3,0.3125672219975968,0.06775806700170506
WTM-NN,73,tm,80.62,0.3092202699990594,0.06770872399647487
WTM-NN,74,tm,81.10000000000001,0.3153342219957267,0.06734555300499778
WTM-NN,75,tm,81.23,0.311194311005238,0.06827883999358164
WTM-NN,76,tm,80.77,0.3198352809995413,0.06588531800662167
WTM-NN,77,tm,81.5,0.30580241899588145,0.06783692899625748
WTM-NN,78,tm,82.02000000000001,0.3051381839977694,0.06858204099989962
WTM-NN,79,tm,79.55,0.31561201399745187,0.06691055400006007
WTM-NN,80,tm,81.33,0.2994692580032279,0.06840347799879964
WTM-NN,81,tm,81.78,0.309813428997586,0.06669280400092248
WTM-NN,82,tm,81.28999999999999,0.3082310570025584,0.06781931000296026
WTM-NN,83,tm,81.96,0.30813570699683623,0.06792776600195793
WTM-NN,84,tm,81.43,0.3030892250026227,0.06747030399856158
WTM-NN,85,tm,81.36,0.30276737899839645,0.0684915230012848
WTM-NN,86,tm,81.21000000000001,0.30959975800215034,0.06667852099781157
WTM-NN,87,tm,80.19,0.3039966690048459,0.06726569899910828
WTM-NN,88,tm,82.05,0.30388782000227366,0.06789569799730089
WTM-NN,89,tm,82.08,0.3120018280023942,0.06890941700112307
WTM-NN,90,tm,80.62,0.3045085970006767,0.06884967999940272
WTM-NN,91,tm,81.87,0.31365910400199937,0.06877983000595123
WTM-NN,92,tm,81.94,0.31741526200494263,0.06993837699701544
WTM-NN,93,tm,81.56,0.30805312799930107,0.0725553040028899
WTM-NN,94,tm,80.72,0.3100362109980779,0.06702904199482873
WTM-NN,95,tm,82.11,0.31095690799702425,0.06714932499744464
WTM-NN,96,tm,81.21000000000001,0.3112037339960807,0.06805938799516298
WTM-NN,97,tm,81.6,0.310732938000001,0.06817973899887875
WTM-NN,98,tm,81.62,0.3269188949998352,0.0671663670000271
WTM-NN,99,tm,81.45,0.31281050099642016,0.06699750400002813
WTM-NN,100,tm,82.24000000000001,0.3205444549967069,0.0684274630038999
WTM-NN,101,tm,81.46,0.3127290019983775,0.06768327800091356
WTM-NN,102,tm,82.24000000000001,0.3054133969999384,0.06837928800086956
WTM-NN,103,tm,81.15,0.30291432100057136,0.06829427200136706
WTM-NN,104,tm,81.53,0.3043964620010229,0.0673710389964981
WTM-NN,105,tm,82.23,0.30597817699890584,0.06730188900110079
WTM-NN,106,tm,81.2,0.31921571699786,0.06726375500147697
WTM-NN,107,tm,81.67,0.3160805790030281,0.06726042600348592
WTM-NN,108,tm,81.43,0.3146433709989651,0.06802882199554006
WTM-NN,109,tm,81.45,0.3108756479996373,0.0670726989992545
WTM-NN,110,tm,80.43,0.3138993219981785,0.06722181299846852
WTM-NN,111,tm,81.41000000000001,0.305632790994423,0.0673901879999903
WTM-NN,112,tm,81.83,0.3043643009950756,0.06680169000173919
WTM-NN,113,tm,80.61,0.30841301700274926,0.0683307520012022
WTM-NN,114,tm,80.9,0.3093236720014829,0.07153401100367773
WTM-NN,115,tm,80.97999999999999,0.30927386899566045,0.06912390499928733
WTM-NN,116,tm,79.96,0.30408860000170534,0.06700485900364583
WTM-NN,117,tm,81.33,0.32017286300106207,0.06559476799884578
WTM-NN,118,tm,81.31,0.3156660099994042,0.06866873399849283
WTM-NN,119,tm,82.5,0.31506425199768273,0.06776093900407432
WTM-NN,120,tm,81.47,0.311745778999466,0.06778060799842933
WTM-NN,121,tm,81.32000000000001,0.30872730299597606,0.0682382789964322
WTM-NN,122,tm,81.51,0.31351420799910557,0.06888416100264294
WTM-NN,123,tm,82.42,0.3134690380029497,0.06538377199467504
WTM-NN,124,tm,80.76,0.30140214799757814,0.0665814199965098
WTM-NN,125,tm,81.41000000000001,0.30924117199901957,0.06419902900233865
WTM-NN,126,tm,82.72,0.3030949590029195,0.06817331400088733
WTM-NN,127,tm,81.24,0.30547051499888767,0.06552582800213713
WTM-NN,128,tm,82.13000000000001,0.31098469700373244,0.0672258460035664
WTM-NN,129,tm,81.92,0.3114350200048648,0.06694764200074133
WTM-NN,130,tm,81.26,0.2964169970000512,0.06691229199350346
WTM-NN,131,tm,81.89999999999999,0.3106941499936511,0.06879581900284393
WTM-NN,132,tm,81.07,0.30617590399924666,0.06842634799977532
WTM-NN,133,tm,81.56,0.30513723700278206,0.06901083900447702
WTM-NN,134,tm,81.16,0.3139289939936134,0.06694012099615065
WTM-NN,135,tm,81.21000000000001,0.3066966139958822,0.06665449200227158
WTM-NN,136,tm,81.07,0.3091300340020098,0.06896877099643461
WTM-NN,137,tm,81.8,0.3036599019978894,0.06811044900678098
WTM-NN,138,tm,78.7,0.30636023999977624,0.06888787399657303
WTM-NN,139,tm,80.65,0.3082658000057563,0.06802301199786598
WTM-NN,140,tm,80.88,0.3068399190015043,0.06745141400460852
WTM-NN,141,tm,81.84,0.30327596100687515,0.06788001999666449
WTM-NN,142,tm,80.80000000000001,0.30444973300473066,0.06744644900027197
WTM-NN,143,tm,80.95,0.3034154229972046,0.06814914300048258
WTM-NN,144,tm,80.74,0.3088337139997748,0.06913119000091683
WTM-NN,145,tm,80.99,0.30496640300407307,0.06755964500189293
WTM-NN,146,tm,82.63000000000001,0.3086480179990758,0.06848614599584835
WTM-NN,147,tm,81.31,0.3093270030003623,0.06856093899841653
WTM-NN,148,tm,80.80000000000001,0.307343114996911,0.06939514999976382
WTM-NN,149,tm,81.36,0.30642751599953044,0.06552424999972573
WTM-NN,150,tm,81.23,0.30973906600411283,0.06833213600475574
WTM-NN,151,nn,83.36,0.2025958640006138,0.0713115049948101
WTM-NN,152,nn,83.41,0.19775014499464305,0.06914260299527086
WTM-NN,153,nn,83.61,0.21883876600622898,0.06899481199798174
WTM-NN,154,nn,83.54,0.27074157600145554,0.06927061400347156
WTM-NN,155,nn,83.44,0.2114182069999515,0.06913982900005067
WTM-NN,156,nn,83.41,0.2271706390019972,0.06904323100025067
WTM-NN,157,nn,83.45,0.1975708690006286,0.06923603099858155
WTM-NN,158,nn,83.48,0.25554170799296116,0.07028792200435419
WTM-NN,159,nn,83.66,0.21961663099500583,0.06864180500269867
WTM-NN,160,nn,83.41,0.21817696499783779,0.06999672399979318
WTM-NN,161,nn,83.34,0.21547417200054042,0.06932849599979818
WTM-NN,162,nn,83.28999999999999,0.1985138210002333,0.0702742040011799
WTM-NN,163,nn,83.63000000000001,0.26831513199431356,0.06830798100418178
WTM-NN,164,nn,83.57,0.21929612399981124,0.07159721399511909
WTM-NN,165,nn,83.50999999999999,0.19903158800298115,0.07013071899564238
WTM-NN,166,nn,83.61,0.20328020899614785,0.06837267400260316
WTM-NN,167,nn,83.69,0.26925573700282257,0.06953592100035166
WTM-NN,168,nn,83.62,0.20129119999910472,0.06817648600554094
WTM-NN,169,nn,83.72,0.19792161600344116,0.06874746100220364
WTM-NN,170,nn,83.75,0.19514668600459117,0.0686191759959911
WTM-NN,171,nn,83.78,0.24501776800025254,0.07100651800283231
WTM-NN,172,nn,83.89999999999999,0.20157404199562734,0.06728275600471534
WTM-NN,173,nn,83.86,0.2016455710036098,0.06859713300218573
WTM-NN,174,nn,84.00999999999999,0.20240713999373838,0.07025228699785657
WTM-NN,175,nn,83.89999999999999,0.2509889569992083,0.07061859499663115
WTM-NN,176,nn,83.97,0.2075927930054604,0.06887150499824202
WTM-NN,177,nn,84.11999999999999,0.19975319399964064,0.06530679600109579
WTM-NN,178,nn,84.11,0.19971786300448002,0.0700890049993177
WTM-NN,179,nn,84.14,0.2710398659983184,0.07047943100042176
WTM-NN,180,nn,84.34,0.21833140999660827,0.06491641799948411
WTM-NN,181,nn,84.17,0.21699126000021352,0.06978870300372364
WTM-NN,182,nn,84.28999999999999,0.22026894799637375,0.06904904400289524
WTM-NN,183,nn,84.3,0.20601895399886416,0.06934034399455413
WTM-NN,184,nn,84.25,0.2683588610016159,0.06987310999829788
WTM-NN,185,nn,84.39999999999999,0.21858313099801308,0.07081984599790303
WTM-NN,186,nn,84.45,0.2176094149981509,0.07035649599856697
WTM-NN,187,nn,84.5,0.21978499300166732,0.06997363599657547
WTM-NN,188,nn,84.57000000000001,0.25178274599602446,0.06941780700435629
WTM-NN,189,nn,84.44,0.22261032400274416,0.07078931200521765
WTM-NN,190,nn,84.65,0.19771461599884788,0.0687819689992466
WTM-NN,191,nn,84.53,0.19561508300103014,0.06676585500099463
WTM-NN,192,nn,84.56,0.2471509809984127,0.06986921800125856
WTM-NN,193,nn,84.39,0.20012107599904994,0.07133215300564189
WTM-NN,194,nn,84.58,0.19507316000090213,0.06993112199415918
WTM-NN,195,nn,84.58,0.19663709899759851,0.06989345100009814
WTM-NN,196,nn,84.61,0.24548356799641624,0.06916669399652164
WTM-NN,197,nn,84.61999999999999,0.19740118099434767,0.06923824200202944
WTM-NN,198,nn,84.65,0.19526637400122127,0.07010754899965832
WTM-NN,199,nn,84.72,0.1951255649983068,0.07029559899820015
WTM-NN,200,nn,84.68,0.24843118799617514,0.07398778700007824
WTM-NN,201,nn,84.61,0.20023989399487618,0.06976471099915216
WTM-NN,202,nn,84.61,0.19534496000414947,0.06909984599769814
WTM-NN,203,nn,84.67,0.19564856799843255,0.06977753800310893
WTM-NN,204,nn,84.64,0.19759896699542878,0.07151784800225869
WTM-NN,205,nn,84.75,0.244850035996933,0.07008044800022617
WTM-NN,206,nn,84.67,0.19529912000143668,0.06983047399990028
WTM-NN,207,nn,84.71,0.19706223800312728,0.06745607600169023
WTM-NN,208,nn,84.76,0.19998128599399934,0.0700200749997748
WTM-NN,209,nn,84.69,0.24628454900084762,0.06690550300118048
WTM-NN,210,nn,84.52,0.19964627000445034,0.06982521300233202
WTM-NN,211,nn,84.86,0.19927746999746887,0.0673913119971985
WTM-NN,212,nn,84.66,0.1960048229957465,0.06852811200224096
WTM-NN,213,nn,84.71,0.24650259299960453,0.06656017200293718
WTM-NN,214,nn,84.61,0.19621415200526826,0.06892939099634532
WTM-NN,215,nn,84.81,0.19805901999643538,0.06743568999809213
WTM-NN,216,nn,84.67,0.20856418000039412,0.06901099399692612
WTM-NN,217,nn,84.8,0.2579559549994883,0.070742916999734
WTM-NN,218,nn,84.75,0.2010436100026709,0.07029089399293298
WTM-NN,219,nn,84.68,0.21491514600347728,0.06927100499888184
WTM-NN,220,nn,84.66,0.19467108699609526,0.06881860800058348
WTM-NN,221,nn,84.63000000000001,0.2656908040007693,0.07059842799935723
WTM-NN,222,nn,84.65,0.2214167019992601,0.06912891699903412
WTM-NN,223,nn,84.61,0.21411382999940543,0.07106497300264891
WTM-NN,224,nn,84.75,0.21228361199609935,0.07014377700397745
WTM-NN,225,nn,84.76,0.1990384719974827,0.06952275000367081
WTM-NN,226,nn,84.7,0.24556602899974678,0.07006117899436504
WTM-NN,227,nn,84.49,0.21618056399893248,0.06720439399941824
WTM-NN,228,nn,84.68,0.22063481700024568,0.06853451999631943
WTM-NN,229,nn,84.59,0.19747572499909438,0.06895511200127658
WTM-NN,230,nn,84.87,0.27280943100049626,0.06953813200379955
WTM-NN,231,nn,84.67,0.20028834100230597,0.06922458500048378
WTM-NN,232,nn,84.69,0.2039022559984005,0.07001555899478262
WTM-NN,233,nn,84.63000000000001,0.21846332700079074,0.06787247600004775
WTM-NN,234,nn,84.64,0.26696432899916545,0.06779928800096968
WTM-NN,235,nn,84.69,0.21903383400058374,0.07009591100359103
WTM-NN,236,nn,84.33,0.21951178900053492,0.0696271299966611
WTM-NN,237,nn,84.83000000000001,0.2027050969991251,0.06737120800244156
WTM-NN,238,nn,84.63000000000001,0.24643766599911032,0.06957297200278845
WTM-NN,239,nn,84.66,0.19905663400277263,0.06943461499758996
WTM-NN,240,nn,84.75,0.20835365699895192,0.07064726899989182
WTM-NN,241,nn,84.68,0.2213189699978102,0.0708297000019229
WTM-NN,242,nn,84.63000000000001,0.26706334000482457,0.06956010300200433
WTM-NN,243,nn,84.63000000000001,0.2096927299935487,0.06727829800365726
WTM-NN,244,nn,84.76,0.2013599060010165,0.06926808699790854
WTM-NN,245,nn,84.76,0.19980709299852606,0.07036933200288331
WTM-NN,246,nn,84.64,0.2056256099967868,0.06949920599436155
WTM-NN,247,nn,84.44,0.2453386170018348,0.06847432599897729
WTM-NN,248,nn,84.57000000000001,0.1959438260018942,0.06908151199604617
WTM-NN,249,nn,84.52,0.19571137800085125,0.0705592819940648
WTM-NN,250,nn,84.61,0.1964018699945882,0.06997912899532821
WTM-NN,251,nn,84.75,0.25130790900584543,0.06949462999909883
WTM-NN,252,nn,84.71,0.19611129999975674,0.06985354000062216
WTM-NN,253,nn,84.65,0.2198021799995331,0.07073565899918322
WTM-NN,254,nn,84.54,0.21773075999954017,0.07124089999706484
WTM-NN,255,nn,84.55,0.25340456400590483,0.06973010399815394
WTM-NN,256,nn,84.57000000000001,0.21973766299925046,0.07191281399718719
WTM-NN,257,nn,84.68,0.2164963989998796,0.06902859899855684
WTM-NN,258,nn,84.7,0.22230951500387164,0.0691374000016367
WTM-NN,259,nn,84.77,0.263561750005465,0.06987835800100584
WTM-NN,260,nn,84.43,0.2140477600041777,0.06938320599874714
WTM-NN,261,nn,84.68,0.21270399400236784,0.069997696999053
WTM-NN,262,nn,84.61999999999999,0.22244321900507202,0.06837172800442204
WTM-NN,263,nn,84.63000000000001,0.2659821330016712,0.06967874000110896
WTM-NN,264,nn,84.67,0.21793630300089717,0.07082452699978603
WTM-NN,265,nn,84.82,0.21124192800198216,0.0702177980056149
WTM-NN,266,nn,84.78,0.21804787799919723,0.07038845300121466
WTM-NN,267,nn,84.73,0.19830128499597777,0.06851307900069514
WTM-NN,268,nn,84.78,0.25005416099884314,0.06813566599885235
WTM-NN,269,nn,84.53,0.21929077000095276,0.07057261299632955
WTM-NN,270,nn,84.69,0.2203373960001045,0.0687927100007073
WTM-NN,271,nn,84.72,0.22194556600152282,0.07063772499532206
WTM-NN,272,nn,84.61999999999999,0.2629831689991988,0.06967221800005063
WTM-NN,273,nn,84.69,0.20592904800287215,0.07160882800235413
WTM-NN,274,nn,84.54,0.22255100600159494,0.0702905500002089
WTM-NN,275,nn,84.53,0.1954998900037026,0.06946433499979321
WTM-NN,276,nn,84.71,0.26311143200291554,0.06946093399892561
WTM-NN,277,nn,84.78999999999999,0.19816637700569117,0.06958663299883483
WTM-NN,278,nn,84.72,0.1952926829981152,0.07009045300219441
WTM-NN,279,nn,84.44,0.21443587099929573,0.0704225699955714
WTM-NN,280,nn,84.78,0.246854680000979,0.06868716200551717
WTM-NN,281,nn,84.67,0.1969250030015246,0.06705969999893568
WTM-NN,282,nn,84.75,0.1967909859959036,0.06978674400306772
WTM-NN,283,nn,84.82,0.1964475649947417,0.06801837000239175
WTM-NN,284,nn,84.7,0.24780371000088053,0.06818869800190441
WTM-NN,285,nn,84.7,0.1958947539969813,0.0698600890027592
WTM-NN,286,nn,84.69,0.19645807000051718,0.07350350899650948
WTM-NN,287,nn,84.76,0.19857449799746973,0.07008009600394871
WTM-NN,288,nn,84.74000000000001,0.19739201099582715,0.07001068200042937
WTM-NN,289,nn,84.61999999999999,0.24594468000577763,0.07096574000024702
WTM-NN,290,nn,84.66,0.19647707200056175,0.06972921199485427
WTM-NN,291,nn,84.6,0.21930391299974872,0.07050850999803515
WTM-NN,292,nn,84.66,0.2197157979971962,0.06862813000043388
WTM-NN,293,nn,84.76,0.2642568349983776,0.06805631899624132
WTM-NN,294,nn,84.61999999999999,0.21786986500228522,0.06763025899999775
WTM-NN,295,nn,84.73,0.22100448299897835,0.07048354499420384
WTM-NN,296,nn,84.68,0.21832179900229676,0.0675395110010868
WTM-NN,297,nn,84.65,0.2693694889967446,0.0695368199958466
WTM-NN,298,nn,84.7,0.20464940399688203,0.0701034730009269
WTM-NN,299,nn,84.6,0.21982315900095273,0.06775024200032931
WTM-NN,300,nn,84.75,0.20067168199602747,0.06986271100322483
WTM-NN,301,nn,84.6,0.25568426700192504,0.06946778600104153
WTM-NN,302,nn,84.58,0.2195179089976591,0.06906480999896303
WTM-NN,303,nn,84.73,0.21952855899871793,0.06996308900124859
WTM-NN,304,nn,84.64,0.20341008599643828,0.06964493800478522
WTM-NN,305,nn,84.58,0.2532379629992647,0.07085034400370205
WTM-NN,306,nn,84.67,0.19962960200064117,0.06973843799642054
WTM-NN,307,nn,84.73,0.19489707599859685,0.06903860499733128
WTM-NN,308,nn,84.55,0.2035554489993956,0.07107927899778588
WTM-NN,309,nn,84.73,0.19515731800493086,0.0696190349990502
WTM-NN,310,nn,84.63000000000001,0.24604485799500253,0.06903809100185754
WTM-NN,311,nn,84.55,0.19701081800303655,0.06912717100203736
WTM-NN,312,nn,84.65,0.19762505999824498,0.07012297299661441
WTM-NN,313,nn,84.71,0.2074215229949914,0.06869392299995525
WTM-NN,314,nn,84.63000000000001,0.27486348700040253,0.06950325899379095
WTM-NN,315,nn,84.7,0.21100515899888705,0.07040526199853048
WTM-NN,316,nn,84.74000000000001,0.2171341709981789,0.07097429699933855
WTM-NN,317,nn,84.85000000000001,0.21776394799962873,0.07018505100131733
WTM-NN,318,nn,84.77,0.2626393870013999,0.06882223299908219
WTM-NN,319,nn,84.63000000000001,0.19589153700508177,0.06786566600203514
WTM-NN,320,nn,84.58,0.19955505299731158,0.06865283899969654
WTM-NN,321,nn,84.65,0.2171276389999548,0.06973785800073529
WTM-NN,322,nn,84.73,0.27447706300154096,0.06989591500314418
WTM-NN,323,nn,84.71,0.22006152099493193,0.0695191659979173
WTM-NN,324,nn,84.67,0.20168295199982822,0.06963900200207718
WTM-NN,325,nn,84.63000000000001,0.21834394399775192,0.0689158690001932
WTM-NN,326,nn,84.88,0.2692928780015791,0.0680070739981602
WTM-NN,327,nn,84.54,0.19863600799726555,0.06861951299651992
WTM-NN,328,nn,84.78,0.19605536699964432,0.06675264299701666
WTM-NN,329,nn,84.54,0.21147012599976733,0.0702651399988099
WTM-NN,330,nn,84.49,0.21794629400392296,0.06899345100100618
WTM-NN,331,nn,84.89,0.2590798620003625,0.06954206200316548
WTM-NN,332,nn,84.45,0.2116363250024733,0.07052726799884113
WTM-NN,333,nn,84.61999999999999,0.22063563000119757,0.07012297800247325
WTM-NN,334,nn,84.71,0.20376912700157845,0.06805592199816601
WTM-NN,335,nn,84.73,0.25520294400485,0.06827492400043411
WTM-NN,336,nn,84.41,0.20101566200173693,0.07007849700312363
WTM-NN,337,nn,84.64,0.1969078609981807,0.0695598530001007
WTM-NN,338,nn,84.61999999999999,0.19546353700570762,0.069585487995937
WTM-NN,339,nn,84.73,0.2461278470000252,0.06890879400452832
WTM-NN,340,nn,84.74000000000001,0.1968277220003074,0.06989441100449767
WTM-NN,341,nn,84.57000000000001,0.19703434399707476,0.06885286899341736
WTM-NN,342,nn,84.83000000000001,0.1952405119955074,0.07089190799888456
WTM-NN,343,nn,84.7,0.248166172998026,0.06689921500219498
WTM-NN,344,nn,84.67,0.20411880499887047,0.07014792499830946
WTM-NN,345,nn,84.67,0.2015861469990341,0.06942979100131197
WTM-NN,346,nn,84.81,0.19523747700441163,0.06962559800012968
WTM-NN,347,nn,84.61999999999999,0.2518850729975384,0.07100897900090786
WTM-NN,348,nn,84.42,0.20776786399801495,0.06783526700019138
WTM-NN,349,nn,84.68,0.22345288599899504,0.06935661399620585
WTM-NN,350,nn,84.58,0.20208803199784597,0.0706841630017152
WTM-NN,351,nn,84.65,0.20836368700111052,0.06674460400245152
WTM-NN,352,nn,84.5,0.2661744319993886,0.0679261229961412
WTM-NN,353,nn,84.6,0.19842803900246508,0.06779347699921345
WTM-NN,354,nn,84.76,0.20589796899730572,0.0700083799965796
WTM-NN,355,nn,84.61,0.22268209700268926,0.07016334099898813
WTM-NN,356,nn,84.86,0.2739836330001708,0.0685076969966758
WTM-NN,357,nn,84.76,0.20473225400201045,0.06910225199681008
WTM-NN,358,nn,84.65,0.20223705399985192,0.0701162019977346
WTM-NN,359,nn,84.72,0.21829972600244218,0.07120230699365493
WTM-NN,360,nn,84.71,0.2691338119984721,0.06906557500042254
WTM-NN,361,nn,84.61,0.22010036700521596,0.06928420300391736
WTM-NN,362,nn,84.77,0.1964666869971552,0.06977087099949131
WTM-NN,363,nn,84.71,0.2189742029950139,0.06939212499855785
WTM-NN,364,nn,84.66,0.2671955990008428,0.06864232500083745
WTM-NN,365,nn,84.64,0.20309216500027105,0.06998056799784536
WTM-NN,366,nn,84.57000000000001,0.20109752700227546,0.07074322200060124
WTM-NN,367,nn,84.50999999999999,0.1990458559957915,0.07021016200451413
WTM-NN,368,nn,84.63000000000001,0.2639248449995648,0.07040145400242181
WTM-NN,369,nn,84.71,0.19877835999795934,0.06936551300168503
WTM-NN,370,nn,84.61,0.19665256299776956,0.06934845799696632
WTM-NN,371,nn,84.67,0.1974379189996398,0.06694895699911285
WTM-NN,372,nn,84.71,0.2172072670000489,0.0706308139997418
WTM-NN,373,nn,84.78999999999999,0.2701815309992526,0.07096865300263744
WTM-NN,374,nn,84.61999999999999,0.2035741590007092,0.0711040860041976
WTM-NN,375,nn,84.50999999999999,0.21898178600531537,0.06934426299994811
WTM-NN,376,nn,84.65,0.2203366419998929,0.07084674799989443
WTM-NN,377,nn,84.75,0.27015832100005355,0.06895852799789282
WTM-NN,378,nn,84.75,0.20202608999534277,0.07112293500540545
WTM-NN,379,nn,84.76,0.19907450200116728,0.0696807499989518
WTM-NN,380,nn,84.72,0.2205511150023085,0.07125068899767939
WTM-NN,381,nn,84.58,0.24941012599447276,0.07037184500222793
WTM-NN,382,nn,84.78,0.21884459300054004,0.07171369199932087
WTM-NN,383,nn,84.67,0.20669150599860586,0.07043599199823802
WTM-NN,384,nn,84.71,0.19737988700217102,0.06839958500495413
WTM-NN,385,nn,84.78,0.2468976529999054,0.06886162299633725
WTM-NN,386,nn,84.65,0.1997381539986236,0.07089904599706642
WTM-NN,387,nn,84.6,0.22101375000056578,0.07008685100299772
WTM-NN,388,nn,84.78,0.21772428199619753,0.06926686900260393
WTM-NN,389,nn,84.78,0.2689823550026631,0.07016547500097658
WTM-NN,390,nn,84.67,0.20272101000591647,0.06951126399508212
WTM-NN,391,nn,84.78999999999999,0.21884792900527827,0.06866197099589044
WTM-NN,392,nn,84.65,0.21303014900331618,0.06774898900039261
WTM-NN,393,nn,84.66,0.21467168600065634,0.07005959499656456
WTM-NN,394,nn,84.47,0.26835217099869624,0.07058034699730342
WTM-NN,395,nn,84.85000000000001,0.2030110580017208,0.06910056799824815
WTM-NN,396,nn,84.66,0.21913137299998198,0.06942296600027476
WTM-NN,397,nn,84.58,0.2208673569984967,0.0690442589984741
WTM-NN,398,nn,84.69,0.26669759200012777,0.0696630960010225
WTM-NN,399,nn,84.7,0.2192309469974134,0.0705877110012807
WTM-NN,400,nn,84.61999999999999,0.21240643900091527,0.0700587600003928
WTM-NN,401,nn,84.64,0.19702832300390583,0.07026119199872483
WTM-NN,402,nn,84.78,0.26209711900446564,0.06941070099856006
WTM-NN,403,nn,84.72,0.21786371000052895,0.07055016999947838
WTM-NN,404,nn,84.61999999999999,0.2193243719957536,0.06869234699843219
WTM-NN,405,nn,84.73,0.20578737800678937,0.07024654300039401
WTM-NN,406,nn,84.68,0.24523894600133644,0.06809704700572183
WTM-NN,407,nn,84.87,0.20111739200365264,0.06969485900481232
WTM-NN,408,nn,84.8,0.1972128480047104,0.07049065899627749
WTM-NN,409,nn,84.63000000000001,0.19714826999552315,0.06942778699885821
WTM-NN,410,nn,84.7,0.24609725299524143,0.07061279800109332
WTM-NN,411,nn,84.69,0.19628776999888942,0.07167247599863913
WTM-NN,412,nn,84.65,0.20104122199700214,0.06793653099884978
WTM-NN,413,nn,84.77,0.2200291780027328,0.0694850790023338
WTM-NN,414,nn,84.63000000000001,0.22207067300041672,0.07045825399836758
WTM-NN,415,nn,84.81,0.2704747590032639,0.06799585899716476
WTM-NN,416,nn,84.61,0.19645880699681584,0.06963262399949599
WTM-NN,417,nn,84.73,0.21707384399633156,0.07008574200153816
WTM-NN,418,nn,84.65,0.2254302200017264,0.07090280100237578
WTM-NN,419,nn,84.76,0.2573552079993533,0.06959488499705913
WTM-NN,420,nn,84.89999999999999,0.22007749999465887,0.06915920600295067
WTM-NN,421,nn,84.68,0.21751685699564405,0.07155381500342628
WTM-NN,422,nn,84.8,0.22121629300090717,0.06980637499509612
WTM-NN,423,nn,84.69,0.2692647889998625,0.06831034400238423
WTM-NN,424,nn,84.71,0.20254386899614474,0.06948303199897055
WTM-NN,425,nn,84.7,0.2160748340029386,0.06854170199949294
WTM-NN,426,nn,84.50999999999999,0.19805032000294887,0.06954948999918997
WTM-NN,427,nn,84.67,0.24484590900101466,0.07051178900292143
WTM-NN,428,nn,84.58,0.19572528100252384,0.072823556001822
WTM-NN,429,nn,84.6,0.19930963800288737,0.06902062299923273
WTM-NN,430,nn,84.64,0.21168494699668372,0.06936315100028878
WTM-NN,431,nn,84.66,0.25149247200170066,0.06931487700057914
WTM-NN,432,nn,84.7,0.20068490099947667,0.06994726300035836
WTM-NN,433,nn,84.6,0.21769944199331803,0.07044745599705493
WTM-NN,434,nn,84.58,0.2049297809935524,0.07217809900612338
WTM-NN,435,nn,84.74000000000001,0.20607357200060505,0.07009672099957243
WTM-NN,436,nn,84.68,0.2545137349952711,0.07118017199536553
WTM-NN,437,nn,84.68,0.22333447300479747,0.0698338970032637
WTM-NN,438,nn,84.59,0.21660188500391087,0.07002376199670834
WTM-NN,439,nn,84.81,0.20714196999324486,0.07192596800450701
WTM-NN,440,nn,84.66,0.25687158599612303,0.07029897299798904
WTM-NN,441,nn,84.7,0.19926253899757285,0.06963734600140015
WTM-NN,442,nn,84.63000000000001,0.21711279499868397,0.0688309479955933
WTM-NN,443,nn,84.64,0.20659121900098398,0.06986500800121576
WTM-NN,444,nn,84.59,0.24772495799697936,0.07138922699959949
WTM-NN,445,nn,84.53,0.19745556499401573,0.06945518100110348
WTM-NN,446,nn,84.65,0.19901420399401104,0.06927927500510123
WTM-NN,447,nn,84.63000000000001,0.20223110899678431,0.07238104099815246
WTM-NN,448,nn,84.57000000000001,0.2581858110061148,0.07143048100260785
WTM-NN,449,nn,84.87,0.1963687640018179,0.07113580400618957
WTM-NN,450,nn,84.69,0.2025867889969959,0.07070202500472078
WTM-NN,451,nn,84.53,0.2181117899963283,0.06932021599641303
WTM-NN,452,nn,84.65,0.27267343499988783,0.06922024300001794
WTM-NN,453,nn,84.57000000000001,0.21748899399972288,0.07070212799590081
WTM-NN,454,nn,84.84,0.19222925199574092,0.07017876199824968
WTM-NN,455,nn,84.63000000000001,0.2001874100023997,0.06983880200277781
WTM-NN,456,nn,84.82,0.22046088599745417,0.06695199399837293
WTM-NN,457,nn,84.59,0.2642806170042604,0.06960490100027528
WTM-NN,458,nn,84.66,0.19595627699891338,0.0717821139987791
WTM-NN,459,nn,84.75,0.1958350779968896,0.06923291199927917
WTM-NN,460,nn,84.6,0.19581980400107568,0.0680401499994332
WTM-NN,461,nn,84.8,0.24719506299879868,0.0695823610003572
WTM-NN,462,nn,84.57000000000001,0.19665840399829904,0.06936702100210823
WTM-NN,463,nn,84.68,0.2203293280035723,0.06937437399756163
WTM-NN,464,nn,84.67,0.21735632200579857,0.07122203800099669
WTM-NN,465,nn,84.45,0.25886264700238826,0.06905701300274814
WTM-NN,466,nn,84.77,0.19700268899759976,0.06933318899973528
WTM-NN,467,nn,84.71,0.19518481900013285,0.07013844599714503
WTM-NN,468,nn,84.85000000000001,0.1974659490006161,0.06838499299919931
WTM-NN,469,nn,84.69,0.2525745079983608,0.0705902129993774
WTM-NN,470,nn,84.6,0.19640908799919998,0.0707828949962277
WTM-NN,471,nn,84.59,0.19613255599688273,0.07182689200271852
WTM-NN,472,nn,84.58,0.20058020299620694,0.06947050199960358
WTM-NN,473,nn,84.66,0.24676278299739351,0.0710838109953329
WTM-NN,474,nn,84.69,0.1968672420043731,0.07081902300706133
WTM-NN,475,nn,84.72,0.19680411399895092,0.06896418500400614
WTM-NN,476,nn,84.61,0.19602611000300385,0.07051546200091252
WTM-NN,477,nn,84.78,0.1955582439986756,0.06915679999656277
WTM-NN,478,nn,84.7,0.24472057200182462,0.07208658900344744
WTM-NN,479,nn,84.55,0.20579389200429432,0.07200770900089992
WTM-NN,480,nn,84.77,0.20888813700003084,0.07105513099668315
WTM-NN,481,nn,84.66,0.21533122900291346,0.06996077200165018
WTM-NN,482,nn,84.63000000000001,0.25147050600207876,0.07105269300518557
WTM-NN,483,nn,84.73,0.1991201629934949,0.06919162000122014
WTM-NN,484,nn,84.69,0.21803930399619276,0.07005961099639535
WTM-NN,485,nn,84.68,0.21148350500152446,0.06908073500380851
WTM-NN,486,nn,84.68,0.25989362000109395,0.06909047200315399
WTM-NN,487,nn,84.74000000000001,0.2002296469945577,0.06893615500302985
WTM-NN,488,nn,84.53,0.2026139180015889,0.0702037970040692
WTM-NN,489,nn,84.65,0.20580211399646942,0.06765740499395179
WTM-NN,490,nn,84.73,0.26936603599460796,0.06923031799669843
WTM-NN,491,nn,84.6,0.2086964209956932,0.0785757760022534
WTM-NN,492,nn,84.78,0.1976492540052277,0.07091454799956409
WTM-NN,493,nn,84.44,0.19944790400040802,0.06833216300583445
WTM-NN,494,nn,84.58,0.2458852769996156,0.06835131700063357
WTM-NN,495,nn,84.78,0.19572458599577658,0.0706437009939691
WTM-NN,496,nn,84.71,0.20635382799810031,0.06993286099896068
WTM-NN,497,nn,84.7,0.21246336700278334,0.06813839900132734
WTM-NN,498,nn,84.69,0.20883600899833255,0.06935651799722109
WTM-NN,499,nn,84.57000000000001,0.247443480999209,0.07109149700409034
WTM-NN,500,nn,84.58,0.21112205399549566,0.06773904500005301
UTM-NN,1,tm,78.35,0.5146430559980217,0.06538127500243718
UTM-NN,2,tm,79.13,0.4713938249988132,0.06572137199691497
UTM-NN,3,tm,80.07,0.4740531249990454,0.06620373799523804
UTM-NN,4,tm,80.47,0.46226346000185004,0.06422415899578482
UTM-NN,5,tm,80.25,0.4574545780051267,0.06590177999896696
UTM-NN,6,tm,80.42,0.4620420870051021,0.06468680399848381
UTM-NN,7,tm,80.17,0.4607169259979855,0.06256906199996592
UTM-NN,8,tm,80.32000000000001,0.46038385500287404,0.06423242099845083
UTM-NN,9,tm,80.41,0.45571777899749577,0.06429980400571367
UTM-NN,10,tm,80.24,0.45616300900292117,0.06448135399841703
UTM-NN,11,tm,80.5,0.45940247800172074,0.06588929999998072
UTM-NN,12,tm,80.5,0.4633769169959123,0.06559266200201819
UTM-NN,13,tm,80.58,0.46143771799688693,0.06576873899757629
UTM-NN,14,tm,80.54,0.45184418900316814,0.06546592299855547
UTM-NN,15,tm,80.35,0.4541460670006927,0.06371375199523754
UTM-NN,16,tm,80.31,0.4599958360049641,0.06454548399779014
UTM-NN,17,tm,80.66,0.45843851000245195,0.06431368400080828
UTM-NN,18,tm,80.56,0.45396993499889504,0.06478826500097057
UTM-NN,19,tm,80.60000000000001,0.44946884099772433,0.06542615699436283
UTM-NN,20,tm,80.58,0.45680343699496007,0.06476763599494006
UTM-NN,21,tm,80.63,0.4628480649989797,0.06999348600220401
UTM-NN,22,tm,80.62,0.4621627829983481,0.06618741100101033
UTM-NN,23,tm,80.65,0.4537908870042884,0.0651093890046468
UTM-NN,24,tm,80.66,0.43913153399626026,0.06565310299629346
UTM-NN,25,tm,80.73,0.45442348700453294,0.06407695400412194
UTM-NN,26,tm,80.47999999999999,0.45008781800424913,0.06139623600029154
UTM-NN,27,tm,80.71000000000001,0.455936564001604,0.06444064599781996
UTM-NN,28,tm,80.72,0.44878930400591344,0.06423457699565915
UTM-NN,29,tm,80.85,0.45620024600066245,0.06609213299816474
UTM-NN,30,tm,80.64,0.4517861019994598,0.06562362700060476
UTM-NN,31,tm,80.97999999999999,0.4669769699976314,0.0654632110017701
UTM-NN,32,tm,80.86,0.4499091210018378,0.0652795350033557
UTM-NN,33,tm,81.05,0.4625230130041018,0.06606937899778131
UTM-NN,34,tm,80.77,0.45408708999457303,0.06412429099873407
UTM-NN,35,tm,80.94,0.4598546670022188,0.06372957900020992
UTM-NN,36,tm,80.76,0.45500461800111225,0.06528877399978228
UTM-NN,37,tm,80.60000000000001,0.45015282899839804,0.06540229300298961
UTM-NN,38,tm,80.78,0.4483921279970673,0.0658309639984509
UTM-NN,39,tm,80.81,0.4636019700046745,0.06503210200025933
UTM-NN,40,tm,80.87,0.453083323998726,0.06493546799902106
UTM-NN,41,tm,80.9,0.45683022499724757,0.06548675199883291
UTM-NN,42,tm,80.94,0.4552170370006934,0.06589521199930459
UTM-NN,43,tm,80.9,0.45638299900019774,0.06525781899836147
UTM-NN,44,tm,80.9,0.4556458470033249,0.06429097899672342
UTM-NN,45,tm,80.9,0.4529381669999566,0.06503788500413066
UTM-NN,46,tm,80.75,0.4537302370008547,0.06189577299664961
UTM-NN,47,tm,81.14,0.4479933029942913,0.06415216700406745
UTM-NN,48,tm,81.0,0.45074977300100727,0.0653349040003377
UTM-NN,49,tm,81.03,0.4524565659958171,0.06615770799544407
UTM-NN,50,tm,81.14,0.45215949700650526,0.06277275300089968
UTM-NN,51,tm,80.94,0.46239942999818595,0.06470262599759735
UTM-NN,52,tm,81.01,0.45279075199505314,0.06472664299508324
UTM-NN,53,tm,81.28,0.45678493000013987,0.06525389900343725
UTM-NN,54,tm,81.07,0.4623830860000453,0.0659264659989276
UTM-NN,55,tm,81.04,0.4665338790000533,0.06472859199857339
UTM-NN,56,tm,81.22,0.4564533949960605,0.06637171800684882
UTM-NN,57,tm,81.11,0.45855086499796016,0.06535060700116446
UTM-NN,58,tm,81.03,0.46356791099969996,0.06607183699816233
UTM-NN,59,tm,81.03,0.4632986240030732,0.06584589400154073
UTM-NN,60,tm,80.99,0.4590559559946996,0.0616012350001256
UTM-NN,61,tm,80.81,0.45506311400095,0.06466666000051191
UTM-NN,62,tm,80.97999999999999,0.4560011939975084,0.07268010600091657
UTM-NN,63,tm,81.04,0.4582455510026193,0.06459920899942517
UTM-NN,64,tm,80.69,0.45294032300444087,0.06366699600039283
UTM-NN,65,tm,81.0,0.45301571500021964,0.06359156899998197
UTM-NN,66,tm,81.08,0.469490303999919,0.06348803199944086
UTM-NN,67,tm,80.96,0.4643589810002595,0.06389797700103372
UTM-NN,68,tm,80.89,0.4617892349997419,0.06461884199961787
UTM-NN,69,tm,81.08999999999999,0.451508678997925,0.06181200699938927
UTM-NN,70,tm,81.03,0.45584839599905536,0.0641410710013588
UTM-NN,71,tm,80.89,0.46767546999763,0.06565189200046007
UTM-NN,72,tm,81.07,0.45306242399965413,0.06516481799917528
UTM-NN,73,tm,81.19,0.45852292900235625,0.06578217800415587
UTM-NN,74,tm,81.14,0.46321214299678104,0.06556262900267029
UTM-NN,75,tm,81.19,0.461218252996332,0.06465124299575109
UTM-NN,76,tm,80.88,0.4607603870026651,0.063950380004826
UTM-NN,77,tm,80.84,0.4620506710052723,0.06540160000440665
UTM-NN,78,tm,80.96,0.44572813299600966,0.06579016899922863
UTM-NN,79,tm,80.83,0.46504637799807824,0.06530476400075713
UTM-NN,80,tm,81.10000000000001,0.4705623270056094,0.0645987050011172
UTM-NN,81,tm,81.04,0.46772587500163354,0.06471785299800104
UTM-NN,82,tm,81.12,0.4595665349988849,0.06574983000609791
UTM-NN,83,tm,80.97999999999999,0.45313306800380815,0.06491368699789746
UTM-NN,84,tm,81.08,0.46335585299675586,0.06449237099877791
UTM-NN,85,tm,81.11,0.4665941749990452,0.06458840800041799
UTM-NN,86,tm,80.83,0.46599283399700653,0.06547930099623045
UTM-NN,87,tm,81.0,0.4559591060024104,0.06600668800092535
UTM-NN,88,tm,80.95,0.4590481710038148,0.06641431100433692
UTM-NN,89,tm,80.94,0.4575799649974215,0.06507615200098371
UTM-NN,90,tm,81.06,0.4649410730053205,0.06592494999495102
UTM-NN,91,tm,80.94,0.46441846700327005,0.06548676300008083
UTM-NN,92,tm,81.03,0.4532499480046681,0.06734053300169762
UTM-NN,93,tm,81.10000000000001,0.4595618040038971,0.065476341995236
UTM-NN,94,tm,80.99,0.4622074189974228,0.06417953799973475
UTM-NN,95,tm,81.08,0.45230075900326483,0.06457407499692636
UTM-NN,96,tm,80.97999999999999,0.4567983449960593,0.06269613299809862
UTM-NN,97,tm,80.97999999999999,0.4680217650020495,0.06503515100484947
UTM-NN,98,tm,80.82000000000001,0.46477517500170507,0.06444085299881408
UTM-NN,99,tm,81.10000000000001,0.4660715119971428,0.06465117500192719
UTM-NN,100,tm,80.92,0.46121396999660647,0.06469923999975435
UTM-NN,101,tm,80.95,0.45758100999955786,0.06450945899996441
UTM-NN,102,tm,80.84,0.46917272299469914,0.06445865500427317
UTM-NN,103,tm,81.04,0.4667004699949757,0.06443148999824189
UTM-NN,104,tm,81.03,0.4618471520007006,0.062334928996278904
UTM-NN,105,tm,81.05,0.459059922999586,0.06489009899814846
UTM-NN,106,tm,80.9,0.4752851669982192,0.06559276400366798
UTM-NN,107,tm,81.07,0.4592723680034396,0.06481961799727287
UTM-NN,108,tm,80.93,0.45820047199958935,0.06617811099567916
UTM-NN,109,tm,80.80000000000001,0.46131749900087016,0.06588007599930279
UTM-NN,110,tm,80.66,0.46536268499767175,0.0657637300028
UTM-NN,111,tm,80.86,0.45873781500267796,0.0658653360005701
UTM-NN,112,tm,80.91000000000001,0.45476893599698087,0.0655883490035194
UTM-NN,113,tm,80.72,0.46894907300156774,0.06562766199931502
UTM-NN,114,tm,80.84,0.4658715019977535,0.0635705910026445
UTM-NN,115,tm,80.85,0.46221310299733886,0.06458950999513036
UTM-NN,116,tm,80.82000000000001,0.45391160500003025,0.0642466869976488
UTM-NN,117,tm,80.89,0.45831145600095624,0.06615276299999095
UTM-NN,118,tm,80.92,0.4703568510012701,0.06451189699873794
UTM-NN,119,tm,80.99,0.461841842996364,0.06415664299856871
UTM-NN,120,tm,80.9,0.46109729899762897,0.06800839900097344
UTM-NN,121,tm,80.93,0.4585714749991894,0.06408625999756623
UTM-NN,122,tm,80.96,0.4652453809976578,0.06517782399896532
UTM-NN,123,tm,80.93,0.4697013400000287,0.0643719069994404
UTM-NN,124,tm,80.86,0.4585758450048161,0.06433922200085362
UTM-NN,125,tm,80.9,0.46221887299907394,0.06424124100158224
UTM-NN,126,tm,80.84,0.4638466470059939,0.06449070799862966
UTM-NN,127,tm,80.86,0.4572618259990122,0.06429797600139864
UTM-NN,128,tm,81.02000000000001,0.46530080000229646,0.06504997499723686
UTM-NN,129,tm,80.97999999999999,0.45365592000598554,0.06197846699797083
UTM-NN,130,tm,80.87,0.4591230700025335,0.06477318900579121
UTM-NN,131,tm,81.08,0.45161205800104653,0.06469986199954292
UTM-NN,132,tm,81.04,0.46123300900217146,0.06482607700309018
UTM-NN,133,tm,81.0,0.4585449529986363,0.06470704900129931
UTM-NN,134,tm,81.04,0.46127174199500587,0.06476407199807
UTM-NN,135,tm,81.05,0.45745279300172115,0.06469479300722014
UTM-NN,136,tm,80.96,0.46374834699963685,0.06432436300383415
UTM-NN,137,tm,81.04,0.4638306429988006,0.06406043600145495
UTM-NN,138,tm,80.87,0.4739679790000082,0.06591327800560975
UTM-NN,139,tm,80.89,0.464333356001589,0.06990211599622853
UTM-NN,140,tm,80.93,0.467712488003599,0.06523836999986088
UTM-NN,141,tm,80.9,0.46319966900045983,0.0640766079959576
UTM-NN,142,tm,80.9,0.4563153049966786,0.06538754199573305
UTM-NN,143,tm,81.07,0.46368510100001004,0.06546128299669363
UTM-NN,144,tm,81.01,0.4684096769997268,0.06590256599884015
UTM-NN,145,tm,81.02000000000001,0.46482856199872913,0.06384141300077317
UTM-NN,146,tm,80.99,0.4697140860007494,0.06500792699807789
UTM-NN,147,tm,80.88,0.46099838100053603,0.06462990799627732
UTM-NN,148,tm,80.84,0.46356662699690787,0.06420230199728394
UTM-NN,149,tm,80.91000000000001,0.46270894299959764,0.0646233570005279
UTM-NN,150,tm,80.78999999999999,0.4618481189972954,0.0644418419979047
UTM-NN,151,nn,81.63,0.20569597400026396,0.06699768899852643
UTM-NN,152,nn,81.84,0.20990754399826983,0.06362194000394084
UTM-NN,153,nn,81.87,0.2683909230036079,0.06607972099300241
UTM-NN,154,nn,81.87,0.21391929799574427,0.06567296299908776
UTM-NN,155,nn,81.94,0.21599440199497622,0.06719090099795721
UTM-NN,156,nn,82.06,0.20628069899976254,0.06708212399826152
UTM-NN,157,nn,82.02000000000001,0.26484230699861655,0.0661081660000491
UTM-NN,158,nn,82.08,0.2066855070006568,0.067307716999494
UTM-NN,159,nn,82.16,0.19762933399761096,0.06692597700020997
UTM-NN,160,nn,82.1,0.21245433799776947,0.06691591999697266
UTM-NN,161,nn,82.33,0.26378674500301713,0.06358688999898732
UTM-NN,162,nn,82.38,0.21538745400175685,0.06637730999500491
UTM-NN,163,nn,82.39,0.2117597600008594,0.06305422400328098
UTM-NN,164,nn,82.38,0.1986246980013675,0.06496872900606832
UTM-NN,165,nn,82.38,0.2539693420039839,0.06764958699932322
UTM-NN,166,nn,82.35,0.20138220499939052,0.06710549000126775
UTM-NN,167,nn,82.46,0.19542563799768686,0.06560236600489588
UTM-NN,168,nn,82.36,0.1946545880055055,0.06703177600138588
UTM-NN,169,nn,82.41000000000001,0.24609231099748285,0.0669938130013179
UTM-NN,170,nn,82.41000000000001,0.21769531600148184,0.06624690999888116
UTM-NN,171,nn,82.44,0.20063385400135303,0.06578223199903732
UTM-NN,172,nn,82.46,0.20230819800053723,0.0665421680023428
UTM-NN,173,nn,82.48,0.20152567799959797,0.06593684499966912
UTM-NN,174,nn,82.32000000000001,0.24946414200530853,0.06324824799958151
UTM-NN,175,nn,82.46,0.20362398500583367,0.06635988000198267
UTM-NN,176,nn,82.48,0.20303538600273896,0.0665262909969897
UTM-NN,177,nn,82.43,0.20242517899896484,0.06667455299611902
UTM-NN,178,nn,82.43,0.2614010889956262,0.06816369199805195
UTM-NN,179,nn,82.41000000000001,0.19436369799950626,0.06664442199689802
UTM-NN,180,nn,82.56,0.211105772999872,0.06657487400661921
UTM-NN,181,nn,82.37,0.20223935999820242,0.06517678499949398
UTM-NN,182,nn,82.44,0.2575610440035234,0.06648948400106747
UTM-NN,183,nn,82.48,0.19721369099715957,0.06638165099866455
UTM-NN,184,nn,82.34,0.19746126900281524,0.06670070499967551
UTM-NN,185,nn,82.42,0.20641120999789564,0.0667635319987312
UTM-NN,186,nn,82.42,0.2526175870007137,0.06473210800322704
UTM-NN,187,nn,82.36,0.19657781099522253,0.06413254700601101
UTM-NN,188,nn,82.41000000000001,0.19761628600099357,0.06644212000537664
UTM-NN,189,nn,82.46,0.19636259699473158,0.06723961899842834
UTM-NN,190,nn,82.48,0.24986815800366458,0.06617428000026848
UTM-NN,191,nn,82.41000000000001,0.195860754000023,0.06747379100124817
UTM-NN,192,nn,82.43,0.19846289700217312,0.06670212400058517
UTM-NN,193,nn,82.38,0.20067249800194986,0.06519634599681012
UTM-NN,194,nn,82.45,0.19746627399581484,0.06650146200263407
UTM-NN,195,nn,82.43,0.24882523299311288,0.06331148800381925
UTM-NN,196,nn,82.41000000000001,0.19335828900511842,0.06565953999961494
UTM-NN,197,nn,82.31,0.19543765699927462,0.06436110399954487
UTM-NN,198,nn,82.50999999999999,0.21620247900136746,0.06569639899680624
UTM-NN,199,nn,82.46,0.26083219200518215,0.06617560900485842
UTM-NN,200,nn,82.46,0.2142477540037362,0.06481030199938687
UTM-NN,201,nn,82.28,0.19659935400704853,0.0656588659985573
UTM-NN,202,nn,82.35,0.1984729719988536,0.06526458699954674
UTM-NN,203,nn,82.32000000000001,0.25916284800041467,0.065416023004218
UTM-NN,204,nn,82.41000000000001,0.2004262420014129,0.06280262899963418
UTM-NN,205,nn,82.37,0.21862768799473997,0.06657244599773549
UTM-NN,206,nn,82.41000000000001,0.20006547599768965,0.06754621599975508
UTM-NN,207,nn,82.39,0.2733885299967369,0.06695200599642703
UTM-NN,208,nn,82.39999999999999,0.20205046299815876,0.06420002099912381
UTM-NN,209,nn,82.43,0.19476927199866623,0.06532824299938511
UTM-NN,210,nn,82.39999999999999,0.198328231999767,0.06710926899540937
UTM-NN,211,nn,82.42,0.2471446339986869,0.0655485450042761
UTM-NN,212,nn,82.34,0.19534592700074427,0.06472743199992692
UTM-NN,213,nn,82.37,0.22219308000057936,0.06492805399466306
UTM-NN,214,nn,82.41000000000001,0.2061817770008929,0.06585710900253616
UTM-NN,215,nn,82.48,0.20063509700412396,0.06749025599856395
UTM-NN,216,nn,82.39,0.2490648829989368,0.06718410900066374
UTM-NN,217,nn,82.28,0.20233107099920744,0.06729445999371819
UTM-NN,218,nn,82.44,0.2020196970042889,0.06672584299667506
UTM-NN,219,nn,82.36,0.20441065399791114,0.06672424600401428
UTM-NN,220,nn,82.39999999999999,0.27066825899964897,0.06707619199733017
UTM-NN,221,nn,82.39999999999999,0.21793809800146846,0.066280872997595
UTM-NN,222,nn,82.35,0.2035253409994766,0.06640928299748339
UTM-NN,223,nn,82.33,0.20137222499761265,0.06637785500061
UTM-NN,224,nn,82.44,0.24536691499815788,0.06626747699920088
UTM-NN,225,nn,82.34,0.19592670000565704,0.06573882899829186
UTM-NN,226,nn,82.31,0.20033227200474357,0.06349317700369284
UTM-NN,227,nn,82.36,0.20075235799595248,0.0636692230036715
UTM-NN,228,nn,82.39,0.2699715760027175,0.06703764400299406
UTM-NN,229,nn,82.36,0.20195686199440388,0.06732208599714795
UTM-NN,230,nn,82.35,0.19677485799911665,0.06657430499762995
UTM-NN,231,nn,82.48,0.19492200799868442,0.06320329300069716
UTM-NN,232,nn,82.49,0.24494001600396587,0.06619101599790156
UTM-NN,233,nn,82.38,0.19787337200250477,0.06568858500395436
UTM-NN,234,nn,82.36,0.19513113699940732,0.06456325099861715
UTM-NN,235,nn,82.47,0.19521551400248427,0.06459844799974235
UTM-NN,236,nn,82.28999999999999,0.19612546400458086,0.06656638700223994
UTM-NN,237,nn,82.46,0.25235541599977296,0.06622362200141652
UTM-NN,238,nn,82.43,0.19900535800115904,0.06316750599944498
UTM-NN,239,nn,82.50999999999999,0.1952165589973447,0.06662674700055504
UTM-NN,240,nn,82.39,0.20086894799896982,0.0669295079933363
UTM-NN,241,nn,82.34,0.2571278909963439,0.06654500700096833
UTM-NN,242,nn,82.44,0.2015441519979504,0.06574825700226938
UTM-NN,243,nn,82.36,0.19649619000119856,0.06663676699827192
UTM-NN,244,nn,82.44,0.20334631099831313,0.06652234100329224
UTM-NN,245,nn,82.33,0.2628757729980862,0.06697772000188706
UTM-NN,246,nn,82.43,0.2042796690002433,0.06328909799776739
UTM-NN,247,nn,82.36,0.1935881240060553,0.06758790900494205
UTM-NN,248,nn,82.27,0.20118900499801384,0.0667732910005725
UTM-NN,249,nn,82.33,0.2597255810032948,0.06484571999317268
UTM-NN,250,nn,82.3,0.21823114300059387,0.06596173299476504
UTM-NN,251,nn,82.25,0.21476151699607726,0.06765865499619395
UTM-NN,252,nn,82.44,0.22405075500137173,0.06732783999905223
UTM-NN,253,nn,82.50999999999999,0.2683183460030705,0.06623032999777934
UTM-NN,254,nn,82.37,0.2177771610004129,0.06390024500433356
UTM-NN,255,nn,82.42,0.22276747599971713,0.06748754800355528
UTM-NN,256,nn,82.35,0.217831630994624,0.06652480900083901
UTM-NN,257,nn,82.44,0.21686903999943752,0.0653132639999967
UTM-NN,258,nn,82.50999999999999,0.26556302399694687,0.06657756899949163
UTM-NN,259,nn,82.39,0.19924677899689414,0.06730620700545842
UTM-NN,260,nn,82.48,0.223164570001245,0.06515233500249451
UTM-NN,261,nn,82.5,0.21862680900085252,0.06738734800455859
UTM-NN,262,nn,82.46,0.2726407649970497,0.06436797499918612
UTM-NN,263,nn,82.42,0.21923650900134817,0.06713326900353422
UTM-NN,264,nn,82.42,0.21856285900139483,0.06318903299688827
UTM-NN,265,nn,82.42,0.214409161999356,0.067158579993702
UTM-NN,266,nn,82.39,0.2447164769982919,0.06558706100622658
UTM-NN,267,nn,82.38,0.19527570100035518,0.06618278100359021
UTM-NN,268,nn,82.54,0.19624211599875707,0.06646185499994317
UTM-NN,269,nn,82.5,0.19953728600376053,0.06659392900473904
UTM-NN,270,nn,82.34,0.2677935560059268,0.06538094700226793
UTM-NN,271,nn,82.37,0.2182334289973369,0.06418611999833956
UTM-NN,272,nn,82.28,0.19483110200235387,0.06505863600614248
UTM-NN,273,nn,82.41000000000001,0.1994554490011069,0.06454699399910169
UTM-NN,274,nn,82.43,0.26763197999389376,0.06652404899796238
UTM-NN,275,nn,82.45,0.21575556699826848,0.06690249600069365
UTM-NN,276,nn,82.36,0.23030698600632604,0.06728328899771441
UTM-NN,277,nn,82.3,0.2170060129938065,0.06809846499527339
UTM-NN,278,nn,82.28999999999999,0.20929717800026992,0.06652885700168554
UTM-NN,279,nn,82.42,0.2468564279988641,0.06898781299969414
UTM-NN,280,nn,82.26,0.22172904999752063,0.06677375700382981
UTM-NN,281,nn,82.34,0.19735005399707006,0.06666381299874047
UTM-NN,282,nn,82.41000000000001,0.21286937100376235,0.06838605999655556
UTM-NN,283,nn,82.46,0.2557838819993776,0.06721512499643723
UTM-NN,284,nn,82.36,0.21618503700301517,0.0667354620018159
UTM-NN,285,nn,82.36,0.219187109003542,0.06277947899798164
UTM-NN,286,nn,82.38,0.21148111500224331,0.0642242100002477
UTM-NN,287,nn,82.46,0.2638340510020498,0.06883483399724355
UTM-NN,288,nn,82.41000000000001,0.198863079000148,0.0668448759970488
UTM-NN,289,nn,82.35,0.20106908599700546,0.06668494200130226
UTM-NN,290,nn,82.34,0.19875456700538052,0.06647878100193338
UTM-NN,291,nn,82.44,0.26758074700046564,0.06653982699936023
UTM-NN,292,nn,82.28999999999999,0.21070760599832283,0.06697037800040562
UTM-NN,293,nn,82.52000000000001,0.2010749479959486,0.066604991996428
UTM-NN,294,nn,82.33,0.21432285500486614,0.06610710400127573
UTM-NN,295,nn,82.32000000000001,0.26869292899937136,0.06638373500027228
UTM-NN,296,nn,82.35,0.20341687799373176,0.06645700900116935
UTM-NN,297,nn,82.37,0.21828600099979667,0.06705350000265753
UTM-NN,298,nn,82.33,0.2199958329947549,0.0664901890049805
UTM-NN,299,nn,82.39,0.21732520499790553,0.06697279500076547
UTM-NN,300,nn,82.41000000000001,0.252590648997284,0.06492163099755999
UTM-NN,301,nn,82.43,0.20882906199403806,0.06352959799551172
UTM-NN,302,nn,82.36,0.19901851499889744,0.06445412599714473
UTM-NN,303,nn,82.28999999999999,0.20637600599729922,0.06531667899980675
UTM-NN,304,nn,82.41000000000001,0.2701605630063568,0.06749833000503713
UTM-NN,305,nn,82.43,0.2192824070007191,0.06695718199625844
UTM-NN,306,nn,82.48,0.21661934399890015,0.0675125769994338
UTM-NN,307,nn,82.47,0.20413604599889368,0.06313275600405177
UTM-NN,308,nn,82.45,0.2680355420015985,0.06696169600036228
UTM-NN,309,nn,82.43,0.20303303199762013,0.06603707899921574
UTM-NN,310,nn,82.48,0.20117960499919718,0.0659602800005814
UTM-NN,311,nn,82.43,0.2015912089991616,0.06565853800566401
UTM-NN,312,nn,82.47,0.2703397090008366,0.06572246499854373
UTM-NN,313,nn,82.37,0.2019281230022898,0.06497996399411932
UTM-NN,314,nn,82.45,0.2189637780029443,0.06498617300530896
UTM-NN,315,nn,82.39,0.20526383799733594,0.06567899500078056
UTM-NN,316,nn,82.33,0.2570234119993984,0.06752930500078946
UTM-NN,317,nn,82.39999999999999,0.20656232699548127,0.06645106799987843
UTM-NN,318,nn,82.39,0.20144680600060383,0.06717215699609369
UTM-NN,319,nn,82.49,0.20198719700420042,0.06734772100026021
UTM-NN,320,nn,82.46,0.20128720100183273,0.06641286500234855
UTM-NN,321,nn,82.43,0.24495505199593026,0.06824482899537543
UTM-NN,322,nn,82.39999999999999,0.1972781560034491,0.06692674600344617
UTM-NN,323,nn,82.3,0.1966924999942421,0.06489371899806429
UTM-NN,324,nn,82.36,0.2111677930006408,0.06635367700073402
UTM-NN,325,nn,82.39,0.2664617830014322,0.06733138900017366
UTM-NN,326,nn,82.48,0.21595806599361822,0.06484153799829073
UTM-NN,327,nn,82.54,0.19965065400174353,0.0666105560012511
UTM-NN,328,nn,82.50999999999999,0.20401163700444158,0.06608144500205526
UTM-NN,329,nn,82.37,0.2468172630033223,0.06667687900335295
UTM-NN,330,nn,82.39999999999999,0.20245706399873598,0.06598509100149386
UTM-NN,331,nn,82.48,0.1978828080027597,0.06784042200160911
UTM-NN,332,nn,82.47,0.19732371900317958,0.06618188299762551
UTM-NN,333,nn,82.43,0.2463085069975932,0.06795988800149644
UTM-NN,334,nn,82.38,0.19707732200186,0.06763277899881359
UTM-NN,335,nn,82.54,0.1986485730012646,0.06709186000080081
UTM-NN,336,nn,82.50999999999999,0.1956537579972064,0.0671248939979705
UTM-NN,337,nn,82.35,0.2536999149961048,0.06558808900445001
UTM-NN,338,nn,82.34,0.19542833399464143,0.0671868390054442
UTM-NN,339,nn,82.42,0.19769680600438733,0.06717916599882301
UTM-NN,340,nn,82.41000000000001,0.196050266000384,0.06596118399465922
UTM-NN,341,nn,82.47,0.19517804200586397,0.06655246899754275
UTM-NN,342,nn,82.50999999999999,0.24646244399627903,0.06812820300547173
UTM-NN,343,nn,82.33,0.19890902099723462,0.06735852400015574
UTM-NN,344,nn,82.27,0.2061923330038553,0.06701591000455664
UTM-NN,345,nn,82.50999999999999,0.20858316399971955,0.06652950200077612
UTM-NN,346,nn,82.43,0.2600001879982301,0.0669522709940793
UTM-NN,347,nn,82.34,0.19630143999529537,0.06748689099913463
UTM-NN,348,nn,82.38,0.19675662900408497,0.06629640600294806
UTM-NN,349,nn,82.43,0.21716206400014926,0.06644577300176024
UTM-NN,350,nn,82.39999999999999,0.26828107600158546,0.06622826699458528
UTM-NN,351,nn,82.46,0.2108234879997326,0.06596384799922816
UTM-NN,352,nn,82.42,0.19987718099582708,0.06720330299867783
UTM-NN,353,nn,82.33,0.19749877399590332,0.06650013499893248
UTM-NN,354,nn,82.41000000000001,0.26824587900046026,0.06402913000056287
UTM-NN,355,nn,82.39,0.2199786450000829,0.06702169399795821
UTM-NN,356,nn,82.43,0.21780262800166383,0.06651982400217094
UTM-NN,357,nn,82.5,0.21100885300256778,0.06711935299972538
UTM-NN,358,nn,82.43,0.26455506299680565,0.06635945499874651
UTM-NN,359,nn,82.43,0.20285800900455797,0.06681993699749
UTM-NN,360,nn,82.52000000000001,0.21230129200557712,0.06764699799532536
UTM-NN,361,nn,82.39999999999999,0.21708231899538077,0.06727049799519591
UTM-NN,362,nn,82.43,0.2179243140053586,0.06774059199960902
UTM-NN,363,nn,82.45,0.2567628339966177,0.06525984799372964
UTM-NN,364,nn,82.42,0.22004928500246024,0.06673874300031457
UTM-NN,365,nn,82.39,0.21991192099812906,0.0666138399974443
UTM-NN,366,nn,82.3,0.20952340999792796,0.06763937399955466
UTM-NN,367,nn,82.39,0.24621431200648658,0.06724123599997256
UTM-NN,368,nn,82.48,0.1959144060019753,0.06623158299771603
UTM-NN,369,nn,82.46,0.19840643199859187,0.06633337099628989
UTM-NN,370,nn,82.38,0.20180751299631083,0.0647966029937379
UTM-NN,371,nn,82.41000000000001,0.2454539440004737,0.06668584999715677
UTM-NN,372,nn,82.44,0.19518080200214172,0.06627023100008955
UTM-NN,373,nn,82.39,0.1957042660069419,0.06649687000026461
UTM-NN,374,nn,82.42,0.19893006200436503,0.06723485600377899
UTM-NN,375,nn,82.48,0.2446634180014371,0.066796835999412
UTM-NN,376,nn,82.38,0.19519137099996442,0.0671845589968143
UTM-NN,377,nn,82.33,0.1959290719969431,0.06757709700468695
UTM-NN,378,nn,82.39,0.19835790400247788,0.06367299999692477
UTM-NN,379,nn,82.46,0.2449292070014053,0.0667552240047371
UTM-NN,380,nn,82.31,0.19575133099715458,0.06675133299722802
UTM-NN,381,nn,82.37,0.2021157499984838,0.06419734899827745
UTM-NN,382,nn,82.47,0.19607754199387273,0.06491422800172586
UTM-NN,383,nn,82.36,0.19789183400280308,0.06672455800435273
UTM-NN,384,nn,82.49,0.25424654800008284,0.06447319200378843
UTM-NN,385,nn,82.39,0.20975034600269282,0.06614063199958764
UTM-NN,386,nn,82.43,0.19521437800722197,0.06660331899911398
UTM-NN,387,nn,82.42,0.19605856999987736,0.06619537100050366
UTM-NN,388,nn,82.41000000000001,0.24940589999459917,0.0668468110015965
UTM-NN,389,nn,82.49,0.1953093709962559,0.06716819600114832
UTM-NN,390,nn,82.47,0.19702242399944225,0.06631236899556825
UTM-NN,391,nn,82.36,0.19499422099761432,0.06600672599597601
UTM-NN,392,nn,82.39,0.24649340400355868,0.06764153100084513
UTM-NN,393,nn,82.43,0.19547095899906708,0.06481397100287722
UTM-NN,394,nn,82.43,0.1963293539956794,0.06583459400280844
UTM-NN,395,nn,82.31,0.19635971100069582,0.06622592300118413
UTM-NN,396,nn,82.32000000000001,0.2538731189997634,0.06678226600342896
UTM-NN,397,nn,82.39999999999999,0.19505137999658473,0.06736289800028317
UTM-NN,398,nn,82.32000000000001,0.1962988819941529,0.06636602099752054
UTM-NN,399,nn,82.36,0.19762751500093145,0.06615547199908178
UTM-NN,400,nn,82.38,0.24747155600198312,0.06641461700201035
UTM-NN,401,nn,82.38,0.19807818900153507,0.06734349799808115
UTM-NN,402,nn,82.43,0.1966146429986111,0.06760331600526115
UTM-NN,403,nn,82.44,0.21198675799678313,0.06787713700032327
UTM-NN,404,nn,82.48,0.2123631069989642,0.06532368699845392
UTM-NN,405,nn,82.34,0.24785413600329775,0.06664886399812531
UTM-NN,406,nn,82.47,0.22290577099920483,0.06747673499921802
UTM-NN,407,nn,82.45,0.22041743900626898,0.06757951699546538
UTM-NN,408,nn,82.47,0.2212227990021347,0.06670609699358465
UTM-NN,409,nn,82.47,0.26751169800263597,0.06675324199750321
UTM-NN,410,nn,82.50999999999999,0.20313566400000127,0.06531700200139312
UTM-NN,411,nn,82.42,0.1994467539989273,0.06536678099655546
UTM-NN,412,nn,82.37,0.19652378799946746,0.0650877199950628
UTM-NN,413,nn,82.43,0.24886687700200127,0.0669064520043321
UTM-NN,414,nn,82.41000000000001,0.196966147996136,0.06698226899607107
UTM-NN,415,nn,82.50999999999999,0.1950516759970924,0.06650067999726161
UTM-NN,416,nn,82.44,0.19576842099922942,0.06706141799804755
UTM-NN,417,nn,82.5,0.25019646200235,0.06723688499914715
UTM-NN,418,nn,82.42,0.19834674100275151,0.06567502499819966
UTM-NN,419,nn,82.34,0.19657692800683435,0.06366662299842574
UTM-NN,420,nn,82.34,0.1954925509999157,0.06374590799532598
UTM-NN,421,nn,82.38,0.24752345500019146,0.06637647200113861
UTM-NN,422,nn,82.42,0.1973473850011942,0.06720621800195659
UTM-NN,423,nn,82.39,0.19920375399669865,0.06710320299316663
UTM-NN,424,nn,82.39999999999999,0.19865892700181575,0.06739701199694537
UTM-NN,425,nn,82.45,0.20393278900155565,0.06669443900318583
UTM-NN,426,nn,82.43,0.2513305539978319,0.0675836119989981
UTM-NN,427,nn,82.35,0.19738405499811051,0.06730328299454413
UTM-NN,428,nn,82.43,0.1959803289937554,0.06668692699895473
UTM-NN,429,nn,82.38,0.20308987900352804,0.06480599100177642
UTM-NN,430,nn,82.46,0.2449008399999002,0.06777498899464263
UTM-NN,431,nn,82.28999999999999,0.19939420800074004,0.06908706899412209
UTM-NN,432,nn,82.44,0.20095495500572724,0.06565689299895894
UTM-NN,433,nn,82.54,0.1981644170009531,0.06704244000138715
UTM-NN,434,nn,82.34,0.26210917299613357,0.06554984700051136
UTM-NN,435,nn,82.45,0.20187894899572711,0.06708362800418399
UTM-NN,436,nn,82.38,0.2192706760033616,0.06656099199608434
UTM-NN,437,nn,82.41000000000001,0.22216017600294435,0.06697885199537268
UTM-NN,438,nn,82.34,0.26603956100007053,0.06563682299747597
UTM-NN,439,nn,82.37,0.21542058300110511,0.06710573800228303
UTM-NN,440,nn,82.45,0.20658816599461716,0.06673519800096983
UTM-NN,441,nn,82.36,0.21717374100262532,0.06611798799713142
UTM-NN,442,nn,82.39999999999999,0.268005236001045,0.06631516600464238
UTM-NN,443,nn,82.42,0.21848032999696443,0.06725876100244932
UTM-NN,444,nn,82.39,0.20300931800011313,0.06730032400082564
UTM-NN,445,nn,82.41000000000001,0.21651274699979695,0.06502619900129503
UTM-NN,446,nn,82.39,0.2188331669967738,0.06421933299861848
UTM-NN,447,nn,82.50999999999999,0.2523903239998617,0.06543373699969379
UTM-NN,448,nn,82.45,0.20062426099320874,0.06723944099940127
UTM-NN,449,nn,82.42,0.20208272900345037,0.06661793300008867
UTM-NN,450,nn,82.28999999999999,0.2110277079991647,0.06756307600153377
UTM-NN,451,nn,82.39,0.2636738789951778,0.0643911820006906
UTM-NN,452,nn,82.41000000000001,0.2045927670042147,0.06609124100214103
UTM-NN,453,nn,82.47,0.21387014300125884,0.0670724829979008
UTM-NN,454,nn,82.48,0.21665974699863,0.06786512599501293
UTM-NN,455,nn,82.35,0.2614627949951682,0.06662555700313533
UTM-NN,456,nn,82.39,0.2066542929969728,0.06660413299687207
UTM-NN,457,nn,82.32000000000001,0.20709654100210173,0.06617533799726516
UTM-NN,458,nn,82.38,0.1998690489999717,0.06767383099941071
UTM-NN,459,nn,82.3,0.2554264249993139,0.06711791599809658
UTM-NN,460,nn,82.5,0.19651836300181458,0.06638441800168948
UTM-NN,461,nn,82.39999999999999,0.20569046199670993,0.06448114100203384
UTM-NN,462,nn,82.25,0.21543156799452845,0.06865099699643906
UTM-NN,463,nn,82.39,0.24987015999795403,0.06640107299608644
UTM-NN,464,nn,82.47,0.21852879699872574,0.07134421500086319
UTM-NN,465,nn,82.46,0.21102824799891096,0.06718816299689934
UTM-NN,466,nn,82.46,0.21184130299661774,0.06769144500140101
UTM-NN,467,nn,82.25,0.21881144100188976,0.06733940099366009
UTM-NN,468,nn,82.31,0.2672665260033682,0.06714430700230878
UTM-NN,469,nn,82.44,0.19880437399842776,0.06665336900186958
UTM-NN,470,nn,82.39999999999999,0.2008689560025232,0.06713757399847964
UTM-NN,471,nn,82.3,0.19693764499970712,0.06699650199880125
UTM-NN,472,nn,82.42,0.24529525699472288,0.06736829500005115
UTM-NN,473,nn,82.46,0.19709984099608846,0.06664074699801859
UTM-NN,474,nn,82.33,0.19500340800004778,0.06621038900630083
UTM-NN,475,nn,82.31,0.1961432060052175,0.06755215199518716
UTM-NN,476,nn,82.32000000000001,0.262504202000855,0.06574639199970989
UTM-NN,477,nn,82.39999999999999,0.19781408999551786,0.06734213000163436
UTM-NN,478,nn,82.43,0.1965271640001447,0.06737304000125732
UTM-NN,479,nn,82.37,0.2024817509955028,0.0638162690011086
UTM-NN,480,nn,82.41000000000001,0.25507046999700833,0.06675777900090907
UTM-NN,481,nn,82.38,0.21417554700019537,0.0667938780024997
UTM-NN,482,nn,82.38,0.20276509499672102,0.06639674499456305
UTM-NN,483,nn,82.39,0.21012212799541885,0.06603510199784068
UTM-NN,484,nn,82.32000000000001,0.2593246899996302,0.06660120399465086
UTM-NN,485,nn,82.42,0.21753995600010967,0.06716826600313652
UTM-NN,486,nn,82.42,0.2157695589994546,0.06794683799671475
UTM-NN,487,nn,82.39,0.21960521000437438,0.067707492999034
UTM-NN,488,nn,82.33,0.21633048399962718,0.0662092990023666
UTM-NN,489,nn,82.34,0.2658090710028773,0.06650077900121687
UTM-NN,490,nn,82.3,0.20541922600386897,0.06538201800140087
UTM-NN,491,nn,82.44,0.1999348889949033,0.06563632700272137
UTM-NN,492,nn,82.44,0.19782628700340865,0.06653189199278131
UTM-NN,493,nn,82.45,0.24645277500530938,0.06606043699866859
UTM-NN,494,nn,82.39,0.21935807199770352,0.06706923800084041
UTM-NN,495,nn,82.34,0.21898401899670716,0.06559479599673068
UTM-NN,496,nn,82.38,0.22132262100058142,0.06419310400087852
UTM-NN,497,nn,82.44,0.27745915499690454,0.06506819599599112
UTM-NN,498,nn,82.48,0.20051858099759556,0.06622567400336266
UTM-NN,499,nn,82.35,0.19603501200617757,0.06605765800486552
UTM-NN,500,nn,82.46,0.1961491819965886,0.06611006599996472
