method,epoch,model_type,test_accuracy,train_time,test_time
Cyclic,1,tm,77.89,0.38481103099911707,0.06607835600152612
Cyclic,2,tm,77.58,0.36229801699664677,0.06552298399765277
Cyclic,3,tm,79.47999999999999,0.3533121059954283,0.06622074600454653
Cyclic,4,tm,78.44,0.3514545959988027,0.06654111399984686
Cyclic,5,tm,79.25999999999999,0.34050008300255286,0.0675091499942937
Cyclic,6,tm,80.28,0.3329748599935556,0.06857738700637128
Cyclic,7,tm,80.08999999999999,0.3452442589987186,0.06906234200141625
Cyclic,8,tm,79.94,0.3329858930010232,0.06973024399485439
Cyclic,9,tm,78.75999999999999,0.3360189390004962,0.06922763500188012
Cyclic,10,tm,80.23,0.3202683459967375,0.06790975199692184
Cyclic,11,tm,78.8,0.32227168500685366,0.06849002400122117
Cyclic,12,tm,78.99000000000001,0.31874912299826974,0.06764976399426814
Cyclic,13,tm,80.51,0.32679264200123725,0.06918132399732713
Cyclic,14,tm,80.17,0.3315100469990284,0.06755942400195636
Cyclic,15,tm,80.87,0.3262941700013471,0.06693718599854037
Cyclic,16,tm,81.07,0.31896344399865484,0.06645386400487041
Cyclic,17,tm,80.14,0.3320422260003397,0.06780225400143536
Cyclic,18,tm,80.5,0.32868900099856546,0.06874639300076524
Cyclic,19,tm,80.58999999999999,0.33563249600410927,0.06806674499966903
Cyclic,20,tm,79.99000000000001,0.3239808189973701,0.06794401100341929
Cyclic,21,tm,80.56,0.3269932129987865,0.06884530899696983
Cyclic,22,tm,80.03,0.3223411360013415,0.06818748899968341
Cyclic,23,tm,80.05,0.31712662799691316,0.06908120500156656
Cyclic,24,tm,81.21000000000001,0.3225617249991046,0.0680769379978301
Cyclic,25,tm,79.65,0.3224797330040019,0.066269082002691
Cyclic,26,tm,81.22,0.3015545309972367,0.06812629500200273
Cyclic,27,tm,79.67999999999999,0.31519812699843897,0.06880350199935492
Cyclic,28,tm,80.9,0.3222871830002987,0.07073369499994442
Cyclic,29,tm,81.42,0.3169518629947561,0.06777496599534061
Cyclic,30,tm,80.83,0.3196950109995669,0.06712601600156631
Cyclic,31,tm,79.86,0.32596399799513165,0.06694549600069877
Cyclic,32,tm,79.36,0.31172046899882844,0.06660152599943103
Cyclic,33,tm,80.83,0.3147505640008603,0.0670539889979409
Cyclic,34,tm,79.54,0.3111354590000701,0.06842426599905593
Cyclic,35,tm,81.36,0.31578340099804336,0.06802212099864846
Cyclic,36,tm,81.28,0.3148703090046183,0.0689862439976423
Cyclic,37,tm,80.63,0.3189200340057141,0.06688789300096687
Cyclic,38,tm,81.24,0.3116576249958598,0.06880046500009485
Cyclic,39,tm,82.15,0.3130455520004034,0.06877725099911913
Cyclic,40,tm,79.7,0.31733483399875695,0.06740745100250933
Cyclic,41,tm,81.12,0.3114812700005132,0.06898333699791692
Cyclic,42,tm,80.86,0.3284834140067687,0.06853773399780039
Cyclic,43,tm,80.99,0.3104762360017048,0.06841860400163569
Cyclic,44,tm,81.62,0.31692025200027274,0.06992724900192115
Cyclic,45,tm,80.72,0.31788559899723623,0.06733478900423506
Cyclic,46,tm,81.02000000000001,0.3142673920010566,0.06894293999357615
Cyclic,47,tm,80.33,0.3170694260043092,0.06821228000626434
Cyclic,48,tm,81.32000000000001,0.311219376999361,0.06824990699533373
Cyclic,49,tm,81.06,0.3135598330045468,0.06877029500174103
Cyclic,50,tm,81.08999999999999,0.31722400900616776,0.06726745199557627
Cyclic,51,nn,83.05,0.195074666000437,0.07166675999906147
Cyclic,52,nn,83.02000000000001,0.21562132200051565,0.07121988100698218
Cyclic,53,nn,82.92,0.19180374300049152,0.07048435300384881
Cyclic,54,nn,82.92,0.27224925700284075,0.0710942529985914
Cyclic,55,nn,82.95,0.22116572899540188,0.07150470699707512
Cyclic,56,nn,83.11,0.19668410700251115,0.06951486299658427
Cyclic,57,nn,82.83,0.1991645790039911,0.06832798599498346
Cyclic,58,nn,83.06,0.2614041199994972,0.0700691710007959
Cyclic,59,nn,83.09,0.2002178789989557,0.067259348994412
Cyclic,60,nn,83.02000000000001,0.21706932399683865,0.06871473199862521
Cyclic,61,nn,83.17,0.2139873810010613,0.06937275399832288
Cyclic,62,nn,83.21,0.26476827100123046,0.07326677999662934
Cyclic,63,nn,83.12,0.22155605199804995,0.0695123789992067
Cyclic,64,nn,83.21,0.19727275799959898,0.06969845300045563
Cyclic,65,nn,83.26,0.21362061399850063,0.07113477399980184
Cyclic,66,nn,83.22,0.21882917699986137,0.07153503400331829
Cyclic,67,nn,83.24000000000001,0.25928874099918175,0.0711177850025706
Cyclic,68,nn,83.27,0.2190349359952961,0.06868985300388886
Cyclic,69,nn,83.5,0.21914434999780497,0.07074065999768209
Cyclic,70,nn,83.46000000000001,0.19655196399980923,0.07028665399411693
Cyclic,71,nn,83.38,0.26046377499733353,0.07004558200424071
Cyclic,72,nn,83.48,0.22271024800284067,0.06924258299841313
Cyclic,73,nn,83.6,0.2065599309935351,0.07019743399723666
Cyclic,74,nn,83.65,0.20643131300312234,0.06989758000418078
Cyclic,75,nn,83.71,0.27222157800133573,0.06673025000054622
Cyclic,76,nn,83.67,0.19873761000053491,0.06992401099705603
Cyclic,77,nn,83.73,0.20073221000347985,0.0692843740034732
Cyclic,78,nn,83.72,0.2126564319987665,0.0665742790006334
Cyclic,79,nn,83.77,0.25135506199876545,0.07058616900030756
Cyclic,80,nn,83.85000000000001,0.22075020199554274,0.07021033899945905
Cyclic,81,nn,83.86,0.2234089089979534,0.07002084799751174
Cyclic,82,nn,83.8,0.19566703300370136,0.06995017600274878
Cyclic,83,nn,83.94,0.1958190920049674,0.06997957300336566
Cyclic,84,nn,83.89999999999999,0.2568920519988751,0.06999850099964533
Cyclic,85,nn,83.8,0.20309045699832495,0.07038824700430268
Cyclic,86,nn,83.95,0.19991009299701545,0.06919646500318777
Cyclic,87,nn,83.98,0.19612368300295202,0.07044802600285038
Cyclic,88,nn,83.97,0.2634779010040802,0.07020750299852807
Cyclic,89,nn,83.96000000000001,0.19787262200406985,0.06950885700643994
Cyclic,90,nn,83.94,0.194885836004687,0.06916985900170403
Cyclic,91,nn,84.07,0.21351171100104693,0.07044231900363229
Cyclic,92,nn,84.06,0.2597822769967024,0.0711821430013515
Cyclic,93,nn,84.00999999999999,0.20847300300374627,0.07099721399572445
Cyclic,94,nn,84.09,0.2192273819964612,0.0681023910001386
Cyclic,95,nn,84.03,0.20378107099531917,0.07064559900027234
Cyclic,96,nn,84.03,0.26995306099706795,0.07184922099986579
Cyclic,97,nn,84.04,0.22024308500112966,0.06976140099868644
Cyclic,98,nn,84.2,0.20699848200456472,0.06976426400069613
Cyclic,99,nn,84.2,0.19986613700166345,0.07031104600173421
Cyclic,100,nn,84.2,0.22183069000311662,0.06910839200281771
Cyclic,101,tm,81.11,0.31787819000601303,0.06996223500027554
Cyclic,102,tm,80.67,0.3134255219993065,0.06937083900265861
Cyclic,103,tm,82.37,0.31621273199561983,0.0673288309990312
Cyclic,104,tm,80.67,0.3202327820035862,0.0677970920005464
Cyclic,105,tm,81.36,0.3099713530027657,0.06751397600601194
Cyclic,106,tm,82.05,0.30775810399791226,0.0697655260009924
Cyclic,107,tm,80.62,0.30757907700171927,0.06734278400108451
Cyclic,108,tm,81.24,0.30727917699550744,0.06717929499427555
Cyclic,109,tm,82.06,0.3093954840005608,0.06755181799962884
Cyclic,110,tm,81.0,0.31232775199896423,0.06909455799905118
Cyclic,111,tm,80.61,0.30725379700015765,0.06926393500179984
Cyclic,112,tm,81.2,0.31650493900087895,0.06657716300105676
Cyclic,113,tm,81.38,0.31624379999993835,0.06726434500160394
Cyclic,114,tm,81.12,0.3080106909983442,0.06797312399430666
Cyclic,115,tm,81.86,0.3206735990024754,0.06942462400184013
Cyclic,116,tm,80.13,0.3152292140002828,0.06833125700359233
Cyclic,117,tm,80.19,0.30734174600365805,0.06911834800121142
Cyclic,118,tm,81.82000000000001,0.3100378349990933,0.06758504200115567
Cyclic,119,tm,80.97,0.31307988499611383,0.07016005700279493
Cyclic,120,tm,80.94,0.3157106879953062,0.0682632360039861
Cyclic,121,tm,81.71000000000001,0.31109955300053116,0.06904399800259853
Cyclic,122,tm,81.58,0.3127643830011948,0.06708146000164561
Cyclic,123,tm,81.2,0.3092878829993424,0.06982183599757263
Cyclic,124,tm,82.32000000000001,0.3165047910006251,0.06892102399433497
Cyclic,125,tm,80.85,0.30864184299571207,0.07234814499679487
Cyclic,126,tm,82.02000000000001,0.3132541500017396,0.06916099900263362
Cyclic,127,tm,81.03,0.30454843700135825,0.06976020999718457
Cyclic,128,tm,82.3,0.3095102860024781,0.06872167500114301
Cyclic,129,tm,81.89,0.3066868189998786,0.06865461200504797
Cyclic,130,tm,82.12,0.3156380860018544,0.06713454699638532
Cyclic,131,tm,81.71000000000001,0.3187586479980382,0.06885317099659005
Cyclic,132,tm,81.13,0.30907535000005737,0.06888640699617099
Cyclic,133,tm,82.04,0.3141236840019701,0.0676805919938488
Cyclic,134,tm,81.93,0.3085890139991534,0.06903400300507201
Cyclic,135,tm,82.11,0.3132508500057156,0.0689324549966841
Cyclic,136,tm,81.34,0.3061418539946317,0.06979206699907081
Cyclic,137,tm,81.42,0.32810767000046326,0.06887390599877108
Cyclic,138,tm,81.44,0.3157639209966874,0.06884839700069278
Cyclic,139,tm,81.44,0.315327147996868,0.0684213179993094
Cyclic,140,tm,80.08999999999999,0.3165729719985393,0.06971489600255154
Cyclic,141,tm,81.38,0.31097422300081234,0.06852395899477415
Cyclic,142,tm,81.95,0.3094242039951496,0.06874337100452976
Cyclic,143,tm,80.44,0.30821118299354566,0.06725471399840899
Cyclic,144,tm,81.6,0.3130192149983486,0.06792457000119612
Cyclic,145,tm,80.86,0.3083584490013891,0.06847353799821576
Cyclic,146,tm,81.36,0.3172005899978103,0.06764007099991431
Cyclic,147,tm,81.84,0.3067593250016216,0.06983225599833531
Cyclic,148,tm,82.04,0.3021770990017103,0.06932853900070768
Cyclic,149,tm,81.61,0.31234589599625906,0.06909376200201223
Cyclic,150,tm,80.78,0.3120059300053981,0.06919423599902075
Cyclic,151,nn,83.39999999999999,0.26435911300359294,0.06944757599558216
Cyclic,152,nn,83.34,0.19629033399542095,0.07092694199673133
Cyclic,153,nn,83.38,0.220589584998379,0.06991269800346345
Cyclic,154,nn,83.33,0.19612984499690356,0.07008516599307768
Cyclic,155,nn,83.41,0.25356805099727353,0.0694044890042278
Cyclic,156,nn,83.3,0.2177000230003614,0.06815354400168872
Cyclic,157,nn,83.46000000000001,0.20574345900240587,0.06709062599838944
Cyclic,158,nn,83.50999999999999,0.19411012199998368,0.06811943599313963
Cyclic,159,nn,83.41,0.26534548999916296,0.07053511200501816
Cyclic,160,nn,83.39999999999999,0.21780420999857597,0.07090338700072607
Cyclic,161,nn,83.36,0.2138548740040278,0.0695377890006057
Cyclic,162,nn,83.47,0.21264074799546506,0.06936608099931618
Cyclic,163,nn,83.57,0.26935803800006397,0.07100281200109748
Cyclic,164,nn,83.59,0.19785199600300984,0.0692651420031325
Cyclic,165,nn,83.64,0.2003882019998855,0.06856588299706345
Cyclic,166,nn,83.63000000000001,0.20644753299711738,0.06633273000625195
Cyclic,167,nn,83.61,0.2150665629960713,0.06962547500006622
Cyclic,168,nn,83.69,0.2699884409958031,0.07155227300245315
Cyclic,169,nn,83.7,0.21727423099946463,0.07049175900465343
Cyclic,170,nn,83.69,0.20704972100065788,0.0707231150008738
Cyclic,171,nn,83.81,0.22049296399927698,0.06962100000237115
Cyclic,172,nn,83.86,0.2624033510001027,0.06915919799939729
Cyclic,173,nn,83.83,0.20188038799824426,0.0697116189985536
Cyclic,174,nn,83.94,0.19866268299665535,0.07000450700434158
Cyclic,175,nn,83.96000000000001,0.1958074680005666,0.06666657000459963
Cyclic,176,nn,83.91,0.24546824899880448,0.06976185899839038
Cyclic,177,nn,84.19,0.19598206899536308,0.06882359299925156
Cyclic,178,nn,84.19,0.20812419900175883,0.06947509000019636
Cyclic,179,nn,84.1,0.2068527700030245,0.07123915999545716
Cyclic,180,nn,84.27,0.2558753980047186,0.07018073099607136
Cyclic,181,nn,84.26,0.2068321510014357,0.06728007499623345
Cyclic,182,nn,84.32,0.1975348199994187,0.06997838999814121
Cyclic,183,nn,84.37,0.195853299999726,0.07088416899932781
Cyclic,184,nn,84.26,0.24801353600196308,0.06711038000503322
Cyclic,185,nn,84.34,0.1962494770050398,0.06643065199750708
Cyclic,186,nn,84.37,0.1951453110013972,0.06989518699992914
Cyclic,187,nn,84.44,0.19562278299417812,0.06727580499864416
Cyclic,188,nn,84.49,0.20011127799807582,0.0703368419999606
Cyclic,189,nn,84.55,0.24476323300041258,0.06943968000268796
Cyclic,190,nn,84.48,0.1957175370043842,0.06953797799360473
Cyclic,191,nn,84.39999999999999,0.22240991400030907,0.06693706800433574
Cyclic,192,nn,84.54,0.20427279800060205,0.0689475199978915
Cyclic,193,nn,84.58,0.24573629600490676,0.06877562899899203
Cyclic,194,nn,84.47,0.19720284700451884,0.06763937499636086
Cyclic,195,nn,84.58,0.20140485499723582,0.07066432099964004
Cyclic,196,nn,84.52,0.19681347699952312,0.06969604000187246
Cyclic,197,nn,84.7,0.24907774799794424,0.068252377997851
Cyclic,198,nn,84.43,0.19605433399556205,0.06938357100443682
Cyclic,199,nn,84.61,0.19817293300002348,0.06821393700374756
Cyclic,200,nn,84.59,0.19563727299828315,0.07049228899995796
Cyclic,201,tm,81.23,0.3167190060048597,0.06615167000563815
Cyclic,202,tm,80.94,0.3106591989999288,0.06844597999588586
Cyclic,203,tm,81.3,0.3092984089962556,0.06944160899729468
Cyclic,204,tm,82.05,0.32128459899831796,0.06795621900528204
Cyclic,205,tm,81.49,0.30408769300265703,0.0691645900005824
Cyclic,206,tm,81.69999999999999,0.30818546599766705,0.0652161870020791
Cyclic,207,tm,82.17,0.30455927600269206,0.06516456599638332
Cyclic,208,tm,81.89999999999999,0.3173077259998536,0.06936558500456158
Cyclic,209,tm,81.69999999999999,0.31477527899551205,0.06787911200080998
Cyclic,210,tm,81.17999999999999,0.30606583599728765,0.06914276099996641
Cyclic,211,tm,81.85,0.3104853949989774,0.07155553500342648
Cyclic,212,tm,81.45,0.3059771260013804,0.07010345999879064
Cyclic,213,tm,82.50999999999999,0.3016941099995165,0.06868641600158298
Cyclic,214,tm,80.81,0.30315526299818885,0.06790943500527646
Cyclic,215,tm,80.81,0.3114259409994702,0.0676342430015211
Cyclic,216,tm,82.69,0.3019634810043499,0.06717799200123409
Cyclic,217,tm,82.84,0.3046309889978147,0.06709892000071704
Cyclic,218,tm,81.69999999999999,0.30693427200458245,0.06833599499805132
Cyclic,219,tm,81.81,0.3178396520015667,0.0678731340012746
Cyclic,220,tm,80.36999999999999,0.30696000900206855,0.06885322699963581
Cyclic,221,tm,80.81,0.30423848999635084,0.07014376299775904
Cyclic,222,tm,81.96,0.3076204600001802,0.06817988400143804
Cyclic,223,tm,81.37,0.305233279003005,0.07088686300267
Cyclic,224,tm,81.12,0.3151380679992144,0.06943448999663815
Cyclic,225,tm,82.07,0.30723073999979533,0.06835098799638217
Cyclic,226,tm,79.99000000000001,0.31318471700069495,0.06810794199554948
Cyclic,227,tm,81.05,0.30401534600241575,0.06756563499948243
Cyclic,228,tm,81.5,0.3077689569981885,0.06872404800378717
Cyclic,229,tm,80.85,0.30911956100317184,0.06866429399815388
Cyclic,230,tm,81.03,0.3001235720003024,0.06871780099754687
Cyclic,231,tm,81.96,0.30900242600182537,0.06752665100066224
Cyclic,232,tm,81.58999999999999,0.30493033899983857,0.06776347800041549
Cyclic,233,tm,82.28999999999999,0.3128232660019421,0.06768089500110364
Cyclic,234,tm,80.91000000000001,0.295027858002868,0.06874190000235103
Cyclic,235,tm,82.0,0.31024340099975234,0.07181033800588921
Cyclic,236,tm,81.89999999999999,0.314817286998732,0.06912790099886479
Cyclic,237,tm,81.55,0.3109563600010006,0.06757143399590859
Cyclic,238,tm,81.12,0.3083378299998003,0.06730381999659585
Cyclic,239,tm,81.91000000000001,0.30574444599915296,0.06843614499666728
Cyclic,240,tm,82.15,0.3108098659940879,0.06834085700393189
Cyclic,241,tm,80.62,0.3072252310012118,0.06875127999956021
Cyclic,242,tm,81.39,0.3082245729965507,0.06950296300055925
Cyclic,243,tm,81.44,0.30253646799974376,0.06688606800162233
Cyclic,244,tm,82.14,0.30275083000015,0.06951502099400386
Cyclic,245,tm,80.19,0.3039372560015181,0.06960660000186181
Cyclic,246,tm,81.43,0.2994950980064459,0.06773089100170182
Cyclic,247,tm,82.05,0.2987625680034398,0.06863163999514654
Cyclic,248,tm,81.6,0.31095401600032346,0.06803557899547741
Cyclic,249,tm,80.2,0.3050528399980976,0.06837423500110162
Cyclic,250,tm,81.52000000000001,0.3095217430018238,0.0690710209964891
Cyclic,251,nn,83.26,0.26345699999365024,0.06941211700177519
Cyclic,252,nn,83.16,0.19769765499950154,0.06941069299500668
Cyclic,253,nn,83.47,0.19781618300476111,0.06926536200626288
Cyclic,254,nn,83.28,0.22018983100133482,0.07067101400025422
Cyclic,255,nn,83.31,0.2565037970052799,0.06693425700359512
Cyclic,256,nn,83.31,0.20051542099827202,0.06938349999836646
Cyclic,257,nn,83.43,0.22010009399673436,0.07055006199516356
Cyclic,258,nn,83.52000000000001,0.2188474340000539,0.07138107000355376
Cyclic,259,nn,83.48,0.25306857499526814,0.06998222599941073
Cyclic,260,nn,83.48,0.19831330500164768,0.06915559100161772
Cyclic,261,nn,83.41,0.22233428500476293,0.0708743700015475
Cyclic,262,nn,83.52000000000001,0.20238857899676077,0.06838404900190653
Cyclic,263,nn,83.41,0.20003287199506303,0.07050285700097447
Cyclic,264,nn,83.47,0.27044268900499446,0.06929889499588171
Cyclic,265,nn,83.52000000000001,0.21719529000256443,0.06935584700113395
Cyclic,266,nn,83.61,0.19655600399710238,0.06938590999925509
Cyclic,267,nn,83.62,0.19951001099980203,0.0705610489967512
Cyclic,268,nn,83.6,0.27047354500246,0.06978406700363848
Cyclic,269,nn,83.63000000000001,0.19863766199705424,0.06754644399916288
Cyclic,270,nn,83.78,0.20325983600196196,0.0699735559974215
Cyclic,271,nn,83.73,0.20141797199903522,0.0687526359979529
Cyclic,272,nn,83.69,0.24916351200226927,0.06934994000039296
Cyclic,273,nn,83.7,0.2176804419941618,0.07016072900296422
Cyclic,274,nn,83.82,0.21898802800569683,0.06860788299673004
Cyclic,275,nn,83.78,0.20062273900111904,0.06969853900227463
Cyclic,276,nn,83.93,0.2522829570007161,0.06995266399462707
Cyclic,277,nn,83.85000000000001,0.20282987900282023,0.06865993000246817
Cyclic,278,nn,83.95,0.2125254179991316,0.06861921599920606
Cyclic,279,nn,83.98,0.1972309100019629,0.0704296260009869
Cyclic,280,nn,83.97,0.20586853600252653,0.06906372500088764
Cyclic,281,nn,83.99,0.2468414920003852,0.06895173899829388
Cyclic,282,nn,84.11,0.19988470399403013,0.07048579700494884
Cyclic,283,nn,84.03,0.19985397099662805,0.06752078400313621
Cyclic,284,nn,84.11999999999999,0.19935215800069273,0.06957230799889658
Cyclic,285,nn,84.11,0.26288036500045564,0.07074245200055884
Cyclic,286,nn,84.22,0.21797792699362617,0.06920714899752056
Cyclic,287,nn,84.21,0.22046093600511085,0.06970543899660697
Cyclic,288,nn,84.24000000000001,0.22100922600657213,0.06555176600522827
Cyclic,289,nn,84.23,0.270613582993974,0.06994010599737521
Cyclic,290,nn,84.15,0.19835070800036192,0.06867633199726697
Cyclic,291,nn,84.26,0.19651464000344276,0.0695294639954227
Cyclic,292,nn,84.17,0.19918613900517812,0.06910624699958134
Cyclic,293,nn,84.24000000000001,0.24965831299778074,0.06961026800127001
Cyclic,294,nn,84.39,0.19742898600088665,0.07095347999711521
Cyclic,295,nn,84.21,0.19766334300220478,0.06856802500260528
Cyclic,296,nn,84.3,0.19627495400345651,0.06935742000496248
Cyclic,297,nn,84.28,0.19695021100051235,0.06995729100162862
Cyclic,298,nn,84.38,0.24659552099910798,0.06804002999706427
Cyclic,299,nn,84.42,0.20170013399911113,0.0699745520032593
Cyclic,300,nn,84.45,0.19825521599705098,0.06880767600523541
Cyclic,301,tm,81.56,0.31684531299833907,0.06940176699572476
Cyclic,302,tm,80.25999999999999,0.30335712000669446,0.06753341700095916
Cyclic,303,tm,81.78999999999999,0.3064697809968493,0.06500197700370336
Cyclic,304,tm,82.1,0.30786459400405874,0.06835069200315047
Cyclic,305,tm,81.47999999999999,0.3139890410020598,0.06907020300423028
Cyclic,306,tm,81.58999999999999,0.30408832599641755,0.06921182600490283
Cyclic,307,tm,81.67,0.30462635600270005,0.0686752859983244
Cyclic,308,tm,81.11,0.30660805600200547,0.06829435999679845
Cyclic,309,tm,81.45,0.31448385800467804,0.06695318399579264
Cyclic,310,tm,82.16,0.2998150880011963,0.06765298100071959
Cyclic,311,tm,82.62,0.3081765179958893,0.06802196199714672
Cyclic,312,tm,81.22,0.3095485359954182,0.06654689599963604
Cyclic,313,tm,81.34,0.30357944299612427,0.06508403699990595
Cyclic,314,tm,81.57,0.31590356300148414,0.0675891569990199
Cyclic,315,tm,82.26,0.31109173000004375,0.06799794499966083
Cyclic,316,tm,81.94,0.30944909100071527,0.07006731300498359
Cyclic,317,tm,82.04,0.30801980899559567,0.0689638969997759
Cyclic,318,tm,82.0,0.3100300389996846,0.06962693500099704
Cyclic,319,tm,82.22,0.2996965829952387,0.06775398299942026
Cyclic,320,tm,82.37,0.30468803900294006,0.06945149099919945
Cyclic,321,tm,81.78,0.3075704609946115,0.06727990500075975
Cyclic,322,tm,81.67,0.30565999900136376,0.06787136499769986
Cyclic,323,tm,81.55,0.31290028399962466,0.06720381799823372
Cyclic,324,tm,82.69,0.31107419000181835,0.06680199300171807
Cyclic,325,tm,82.43,0.30446173200471094,0.06987961300183088
Cyclic,326,tm,81.89,0.30209636600193335,0.06924894500116352
Cyclic,327,tm,82.3,0.3019153409986757,0.06892560800042702
Cyclic,328,tm,81.82000000000001,0.30412301900651073,0.0677097989973845
Cyclic,329,tm,80.57,0.30350538700440666,0.06805620499653742
Cyclic,330,tm,81.46,0.305233680002857,0.06763476800551871
Cyclic,331,tm,82.80999999999999,0.30075480000232346,0.0680445729958592
Cyclic,332,tm,81.39999999999999,0.30561050200049067,0.06665805800003
Cyclic,333,tm,81.99,0.31144877600308973,0.06785841400414938
Cyclic,334,tm,81.82000000000001,0.3036868030030746,0.06696381700021448
Cyclic,335,tm,81.66,0.3075783809981658,0.06924067499494413
Cyclic,336,tm,81.53,0.29243038399727084,0.06779979299608385
Cyclic,337,tm,82.1,0.30363799699989613,0.0679281050033751
Cyclic,338,tm,81.73,0.30827073600084987,0.06717381599446526
Cyclic,339,tm,79.01,0.29910912100604037,0.0700013379973825
Cyclic,340,tm,81.10000000000001,0.3087144140008604,0.06970211100269808
Cyclic,341,tm,82.28999999999999,0.30487267099670134,0.06822423099947628
Cyclic,342,tm,82.25,0.30942574099753983,0.06808011999964947
Cyclic,343,tm,81.47,0.3143322830001125,0.0712794680002844
Cyclic,344,tm,81.93,0.31038394100323785,0.06768293500499567
Cyclic,345,tm,81.69,0.30630377600027714,0.06945165499928407
Cyclic,346,tm,82.07,0.3028845770022599,0.06877812599850586
Cyclic,347,tm,81.38,0.30413901100109797,0.07157434400141938
Cyclic,348,tm,81.15,0.31370333400263917,0.06860863500332925
Cyclic,349,tm,82.08,0.3056664340037969,0.06843911099713296
Cyclic,350,tm,80.97,0.3067006030032644,0.06904320300236577
Cyclic,351,nn,82.91,0.1960335780022433,0.06751710800017463
Cyclic,352,nn,83.06,0.24497857900132658,0.07116573399980552
Cyclic,353,nn,83.02000000000001,0.19785160099854693,0.07033927099837456
Cyclic,354,nn,83.28999999999999,0.20591902500018477,0.07105302799755009
Cyclic,355,nn,83.17999999999999,0.20252652899944223,0.07053058000019519
Cyclic,356,nn,83.19,0.27300750699942,0.06937478499457939
Cyclic,357,nn,83.28,0.19677981099812314,0.06852458500361536
Cyclic,358,nn,83.04,0.19517142500262707,0.06858407699473901
Cyclic,359,nn,83.23,0.19421891900128685,0.06717648000631016
Cyclic,360,nn,83.24000000000001,0.19710334800038254,0.07047895400319248
Cyclic,361,nn,83.28,0.2547314519979409,0.07100392299616942
Cyclic,362,nn,83.19,0.20131612599652726,0.07148978099576198
Cyclic,363,nn,83.28,0.20296905699797207,0.06953797599999234
Cyclic,364,nn,83.3,0.19537781899998663,0.06988683300005505
Cyclic,365,nn,83.34,0.25681931699364213,0.0686678319980274
Cyclic,366,nn,83.26,0.20451201999821933,0.07009689400001662
Cyclic,367,nn,83.38,0.19773110199457733,0.07172564299980877
Cyclic,368,nn,83.41,0.2198372909988393,0.06800823300000047
Cyclic,369,nn,83.41,0.25568218099942897,0.06935642900498351
Cyclic,370,nn,83.55,0.19574942700273823,0.06956716800050344
Cyclic,371,nn,83.55,0.2112055079996935,0.0709379190011532
Cyclic,372,nn,83.6,0.21383729499939363,0.06914874700305518
Cyclic,373,nn,83.7,0.26487005400122143,0.07103992300108075
Cyclic,374,nn,83.78999999999999,0.20211294099863153,0.07005262299935566
Cyclic,375,nn,83.73,0.1990235319972271,0.07050773499940988
Cyclic,376,nn,83.78,0.21034141199925216,0.07088819600176066
Cyclic,377,nn,83.74000000000001,0.2061230940016685,0.07008548700105166
Cyclic,378,nn,83.85000000000001,0.25292342199827544,0.06963003599958029
Cyclic,379,nn,83.91,0.19864110499474918,0.0701909209965379
Cyclic,380,nn,83.96000000000001,0.19485487500060117,0.0695054660027381
Cyclic,381,nn,83.98,0.20875031600007787,0.07058539200079395
Cyclic,382,nn,84.0,0.250163299999258,0.06931052199797705
Cyclic,383,nn,83.94,0.1986690709964023,0.07013636000192491
Cyclic,384,nn,84.05,0.2150548700010404,0.06918682200193871
Cyclic,385,nn,84.11,0.20449578999978257,0.07098048199986806
Cyclic,386,nn,84.15,0.26672400499955984,0.06962291299714707
Cyclic,387,nn,84.14,0.2196004540019203,0.06747623599949293
Cyclic,388,nn,84.19,0.21311023800080875,0.06944795700110262
Cyclic,389,nn,84.22,0.1988649830018403,0.06984959800320212
Cyclic,390,nn,84.23,0.26551524700334994,0.06978311700368067
Cyclic,391,nn,84.2,0.21989703999861376,0.06954862600105116
Cyclic,392,nn,84.17,0.19790936100616818,0.07023127299908083
Cyclic,393,nn,84.35000000000001,0.22077772700140486,0.06937829100206727
Cyclic,394,nn,84.31,0.2202286149986321,0.0679442639957415
Cyclic,395,nn,84.26,0.25607041100010974,0.06767284799570916
Cyclic,396,nn,84.32,0.20316808600182412,0.06929921400296735
Cyclic,397,nn,84.33,0.21674846400128445,0.06952178299980005
Cyclic,398,nn,84.35000000000001,0.20779039400076726,0.06808537100005196
Cyclic,399,nn,84.33,0.2584379940017243,0.06798709400027292
Cyclic,400,nn,84.26,0.19955360899621155,0.07093136700132163
Cyclic,401,tm,82.66,0.32033167900226545,0.06857400100125233
Cyclic,402,tm,82.3,0.3027486279970617,0.0673015590000432
Cyclic,403,tm,80.67999999999999,0.31115576199954376,0.06849499399686465
Cyclic,404,tm,81.72,0.3029121560030035,0.06831488499301486
Cyclic,405,tm,80.32000000000001,0.2999891569997999,0.06706860499980394
Cyclic,406,tm,80.88,0.3083433520005201,0.06878157600294799
Cyclic,407,tm,81.28999999999999,0.3092979480061331,0.06793683200521627
Cyclic,408,tm,81.3,0.3066162040049676,0.07144111300294753
Cyclic,409,tm,82.08,0.31566583599487785,0.06850718500209041
Cyclic,410,tm,82.07,0.30609714700403856,0.06893083199975081
Cyclic,411,tm,82.17,0.30383407800400164,0.06743338800151832
Cyclic,412,tm,80.47999999999999,0.30963788500230294,0.0690510330023244
Cyclic,413,tm,80.66,0.304786406995845,0.06732481300423387
Cyclic,414,tm,81.03,0.3162342779978644,0.0682640699960757
Cyclic,415,tm,81.21000000000001,0.30911861400090856,0.06647768200491555
Cyclic,416,tm,81.67,0.30118019700603327,0.06750115300383186
Cyclic,417,tm,80.06,0.30358563500340097,0.0672851690032985
Cyclic,418,tm,81.36,0.3027187129991944,0.06735625899455044
Cyclic,419,tm,80.44,0.29835138199996436,0.06631592600024305
Cyclic,420,tm,81.66,0.30822013299621176,0.06822870500036515
Cyclic,421,tm,81.76,0.3028112159954617,0.06845509599952493
Cyclic,422,tm,81.51,0.3074863980000373,0.06497468300221954
Cyclic,423,tm,81.64,0.3028922669982421,0.06831034899369115
Cyclic,424,tm,81.53,0.30507251100061694,0.06987459399533691
Cyclic,425,tm,81.85,0.3117056199989747,0.06743859199923463
Cyclic,426,tm,81.38,0.30488476200116565,0.0684517930058064
Cyclic,427,tm,81.17999999999999,0.3018817089978256,0.0682284630020149
Cyclic,428,tm,82.03,0.31211305600299966,0.06819016500230646
Cyclic,429,tm,81.6,0.3022905530015123,0.06930585199734196
Cyclic,430,tm,82.53,0.30544898299558554,0.06972845600103028
Cyclic,431,tm,81.27,0.2994481019995874,0.06817183100065449
Cyclic,432,tm,81.08999999999999,0.3123652750000474,0.06811219199880725
Cyclic,433,tm,81.53,0.3085991429979913,0.06939806300215423
Cyclic,434,tm,81.26,0.308739723994222,0.06750877699960256
Cyclic,435,tm,82.17,0.30499467399931746,0.07011787800001912
Cyclic,436,tm,81.33,0.30306779999955324,0.06901749000098789
Cyclic,437,tm,81.14,0.31068607599445386,0.0693153300017002
Cyclic,438,tm,82.5,0.3006716109957779,0.07053320600243751
Cyclic,439,tm,82.47,0.30724494800233515,0.06819068500044523
Cyclic,440,tm,81.94,0.31278350599313853,0.07027222200122196
Cyclic,441,tm,82.09,0.30209000800095964,0.06886053299967898
Cyclic,442,tm,79.80000000000001,0.30887617499683984,0.07101816999784205
Cyclic,443,tm,80.58,0.30501701200410025,0.06953322300250875
Cyclic,444,tm,82.46,0.30605440300132614,0.06953783900098642
Cyclic,445,tm,81.83,0.30972585400013486,0.06723693099775119
Cyclic,446,tm,81.95,0.2981616840042989,0.06969821699749446
Cyclic,447,tm,81.57,0.31003851399873383,0.06824390199471964
Cyclic,448,tm,82.1,0.29425573000480654,0.06765979000192601
Cyclic,449,tm,81.81,0.30272098899877165,0.0693108060004306
Cyclic,450,tm,81.26,0.30862837099994067,0.06890446699981112
Cyclic,451,nn,83.58,0.22021429300366435,0.06871405799756758
Cyclic,452,nn,83.43,0.21330432499962626,0.07082997499674093
Cyclic,453,nn,83.2,0.2721846260028542,0.07023015199956717
Cyclic,454,nn,83.47,0.22109496500343084,0.06802020099712536
Cyclic,455,nn,83.35000000000001,0.19678686700353865,0.06756320100248558
Cyclic,456,nn,83.47,0.19363954300206387,0.0690345159964636
Cyclic,457,nn,83.44,0.27597489899926586,0.06919599200045923
Cyclic,458,nn,83.46000000000001,0.21772300700104097,0.06783396399987396
Cyclic,459,nn,83.43,0.20152692999545252,0.068849016999593
Cyclic,460,nn,83.53,0.2210109250008827,0.06805082399660023
Cyclic,461,nn,83.64,0.25123566899856087,0.07077044500329066
Cyclic,462,nn,83.49,0.22165492000203812,0.06984528100292664
Cyclic,463,nn,83.62,0.19296991799637908,0.06672732400329551
Cyclic,464,nn,83.54,0.21931693900114624,0.07051707200298551
Cyclic,465,nn,83.48,0.2082850490041892,0.07016283200209728
Cyclic,466,nn,83.6,0.2555383479993907,0.07064037300006021
Cyclic,467,nn,83.66,0.22020162000262644,0.0710782329988433
Cyclic,468,nn,83.76,0.2127804429983371,0.07013705199642573
Cyclic,469,nn,83.67,0.2077503260006779,0.07031604599615093
Cyclic,470,nn,83.78,0.24685905799560715,0.06859930000064196
Cyclic,471,nn,83.75,0.22109832900605397,0.06988255199394189
Cyclic,472,nn,83.59,0.2094571330017061,0.06847011399804614
Cyclic,473,nn,83.83,0.2072300810032175,0.06949871700635413
Cyclic,474,nn,83.73,0.2688636199964094,0.06912992800062057
Cyclic,475,nn,83.86,0.20493796500522876,0.06900628199946368
Cyclic,476,nn,83.88,0.20056717000261415,0.07062391300132731
Cyclic,477,nn,83.87,0.19373038499907125,0.0680233879975276
Cyclic,478,nn,83.91999999999999,0.2499893870044616,0.07037118799780728
Cyclic,479,nn,84.11,0.21928325699991547,0.06995700200059218
Cyclic,480,nn,84.03,0.21277392099727876,0.06952300999546424
Cyclic,481,nn,84.00999999999999,0.19863850999536226,0.07103816299786558
Cyclic,482,nn,84.15,0.2195222520022071,0.07111611599975731
Cyclic,483,nn,84.03,0.26814071699482156,0.06951661800121656
Cyclic,484,nn,84.05,0.21990550299960887,0.07186574600200402
Cyclic,485,nn,84.27,0.200308904000849,0.0702073089996702
Cyclic,486,nn,84.1,0.20075817099859705,0.06742273500276497
Cyclic,487,nn,84.39,0.2728128779999679,0.07063833700522082
Cyclic,488,nn,84.16,0.20258167199790478,0.06883468800515402
Cyclic,489,nn,84.31,0.19675649699638598,0.06982396300008986
Cyclic,490,nn,84.39,0.1948970619996544,0.06917899099789793
Cyclic,491,nn,84.39,0.2451292839978123,0.0690312289952999
Cyclic,492,nn,84.41,0.20945698599825846,0.06979432399384677
Cyclic,493,nn,84.37,0.19895976199768484,0.07019950500398409
Cyclic,494,nn,84.16,0.19966444600140676,0.06841893499949947
Cyclic,495,nn,84.3,0.249702311004512,0.0702836899945396
Cyclic,496,nn,84.49,0.20738270500442013,0.07174806600232841
Cyclic,497,nn,84.52,0.196803341001214,0.07038792499952251
Cyclic,498,nn,84.54,0.19947246099764016,0.06803763000061736
Cyclic,499,nn,84.56,0.19707937799830688,0.06850476600084221
Cyclic,500,nn,84.5,0.2552258819996496,0.07106768400262808
UTM,1,tm,78.75,0.5255284140002914,0.06467429199983599
UTM,2,tm,79.88,0.48223522700573085,0.06493436799792107
UTM,3,tm,80.07,0.4679291819993523,0.06470938200072851
UTM,4,tm,79.78,0.4752492930056178,0.0644585720001487
UTM,5,tm,80.03,0.4663087379958597,0.06475226399925305
UTM,6,tm,80.28999999999999,0.4684580749963061,0.06330791999789653
UTM,7,tm,80.58,0.4665905579968239,0.06602327700238675
UTM,8,tm,80.63,0.463610245999007,0.06219978299486684
UTM,9,tm,80.58999999999999,0.4662861699980567,0.06679988600080833
UTM,10,tm,80.67999999999999,0.4669538499947521,0.06609212399780517
UTM,11,tm,80.73,0.46151756800099974,0.06523701900005108
UTM,12,tm,80.83,0.46235265599534614,0.06475531400064938
UTM,13,tm,80.66,0.45698447200265946,0.06493752800452057
UTM,14,tm,80.72,0.45839801499823807,0.06582077000348363
UTM,15,tm,80.65,0.4652131550028571,0.06413036499725422
UTM,16,tm,80.72,0.46727030700276373,0.06462599999940721
UTM,17,tm,80.60000000000001,0.4565893489998416,0.0648841980000725
UTM,18,tm,80.61,0.4619876979995752,0.06445101399731357
UTM,19,tm,80.74,0.46396300599735696,0.06501943899638718
UTM,20,tm,81.02000000000001,0.45926433699787594,0.06707758699485566
UTM,21,tm,80.93,0.4619043050042819,0.06472287600627169
UTM,22,tm,80.9,0.4677483170016785,0.06515756899898406
UTM,23,tm,80.89,0.46103156500612386,0.06520415600243723
UTM,24,tm,80.92,0.46884632499859435,0.06285175599623471
UTM,25,tm,81.10000000000001,0.46066603800136363,0.06537953899533022
UTM,26,tm,81.17999999999999,0.46958916199946543,0.0644506789976731
UTM,27,tm,81.23,0.4594748290037387,0.06555194100656081
UTM,28,tm,81.03,0.45589220699912403,0.065775308998127
UTM,29,tm,81.08,0.46403711000311887,0.0653150839934824
UTM,30,tm,80.85,0.4588429810028174,0.06471516700548818
UTM,31,tm,80.9,0.4567171820017393,0.06549391699809348
UTM,32,tm,81.08999999999999,0.46495439700083807,0.06462928000109969
UTM,33,tm,80.81,0.46025013900361955,0.06536760099697858
UTM,34,tm,80.88,0.46148310200078413,0.06555164499877719
UTM,35,tm,80.97,0.4602872169998591,0.06389155199576635
UTM,36,tm,81.08999999999999,0.45098232100281166,0.06520463599736104
UTM,37,tm,80.99,0.462529934993654,0.06487949599977583
UTM,38,tm,80.95,0.4601410869945539,0.06491668300441233
UTM,39,tm,81.17,0.448538433003705,0.06582461200014222
UTM,40,tm,80.93,0.4588625399992452,0.06446922499890206
UTM,41,tm,81.06,0.4636287329994957,0.06450345699704485
UTM,42,tm,80.97,0.46255019700038247,0.0646272689991747
UTM,43,tm,80.89,0.461330136997276,0.06644652799877804
UTM,44,tm,81.08999999999999,0.4560722129972419,0.06523904899950139
UTM,45,tm,81.08,0.4578548590070568,0.06652653800119879
UTM,46,tm,81.04,0.46932975800154964,0.06722328800242394
UTM,47,tm,80.95,0.4615572870025062,0.06697877300030086
UTM,48,tm,80.88,0.4638834380020853,0.06466744399949675
UTM,49,tm,80.97999999999999,0.4599604589966475,0.07080698699428467
UTM,50,tm,81.08,0.45872749800037127,0.06555219299480086
UTM,51,tm,80.88,0.45834666500013554,0.06545384600030957
UTM,52,tm,80.87,0.4645479600003455,0.06716326600144384
UTM,53,tm,81.06,0.4583417489993735,0.06812405899836449
UTM,54,tm,81.19,0.44416087299759965,0.06506670099770417
UTM,55,tm,81.07,0.46170619199983776,0.06583660199976293
UTM,56,tm,80.87,0.4640022610037704,0.06532609400164802
UTM,57,tm,81.08999999999999,0.4608764689983218,0.06440537700109417
UTM,58,tm,81.07,0.4714192629980971,0.06491552599618444
UTM,59,tm,80.91000000000001,0.4605795639945427,0.06743544000346446
UTM,60,tm,81.24,0.46249138499842957,0.0649352570035262
UTM,61,tm,81.06,0.47113907700259006,0.06550734100164846
UTM,62,tm,81.21000000000001,0.4683929389939294,0.06508817999565508
UTM,63,tm,81.23,0.46428152700536884,0.06653893299517222
UTM,64,tm,80.9,0.46743051199882757,0.06533250599750318
UTM,65,tm,80.89,0.4530704780045198,0.06465443599881837
UTM,66,tm,80.82000000000001,0.452596477996849,0.06299548799870536
UTM,67,tm,81.08999999999999,0.4589613330026623,0.06232542299403576
UTM,68,tm,81.02000000000001,0.477928010004689,0.066275492994464
UTM,69,tm,80.80000000000001,0.4665434349954012,0.06511698100075591
UTM,70,tm,80.75,0.44993834199703997,0.06581856899720151
UTM,71,tm,80.82000000000001,0.45902762199693825,0.06540865699935239
UTM,72,tm,80.88,0.4601271529973019,0.06589069100300549
UTM,73,tm,80.82000000000001,0.46997882099822164,0.06497282400232507
UTM,74,tm,80.76,0.4688287949975347,0.06996382299985271
UTM,75,tm,80.88,0.4649168639953132,0.06513286500558024
UTM,76,tm,80.9,0.4692454410032951,0.06569021399627673
UTM,77,tm,80.89,0.4668692459963495,0.06441078699572245
UTM,78,tm,80.95,0.4609500860024127,0.06485526900360128
UTM,79,tm,80.82000000000001,0.4700361160066677,0.06535833900124999
UTM,80,tm,80.86,0.46705466999992495,0.06459440600156086
UTM,81,tm,80.89,0.4663187789992662,0.06491881299734814
UTM,82,tm,80.9,0.45895974800077965,0.06407882500207052
UTM,83,tm,80.89,0.46917648799717426,0.0645120110057178
UTM,84,tm,80.82000000000001,0.46270976700179745,0.0647881819968461
UTM,85,tm,80.91000000000001,0.4644125150007312,0.06341501899441937
UTM,86,tm,80.89,0.4550630630037631,0.06505859000026248
UTM,87,tm,80.97,0.4613605019985698,0.06312028100364842
UTM,88,tm,80.73,0.4517782519978937,0.06525278500339482
UTM,89,tm,80.81,0.4631185580001329,0.0646119879966136
UTM,90,tm,80.84,0.4631183269957546,0.0652561900060391
UTM,91,tm,80.86,0.4708051460038405,0.06279722799808951
UTM,92,tm,80.92,0.4628254920025938,0.06441413600259693
UTM,93,tm,80.87,0.470520666000084,0.06514138499915134
UTM,94,tm,80.9,0.47062031400128035,0.06488050199550344
UTM,95,tm,80.96,0.4686322280031163,0.0651201700020465
UTM,96,tm,81.10000000000001,0.4676546810005675,0.06843695900170133
UTM,97,tm,81.11,0.4665203280019341,0.06651204099762253
UTM,98,tm,81.13,0.4700999039996532,0.06737194200104568
UTM,99,tm,81.11,0.4732707200018922,0.06622502699610777
UTM,100,tm,81.06,0.4682210680039134,0.06538451500091469
UTM,101,tm,81.0,0.46498914800031343,0.06697370899928501
UTM,102,tm,80.94,0.4796384650035179,0.06593960899772355
UTM,103,tm,80.86,0.46721047500614077,0.0649855169976945
UTM,104,tm,80.85,0.4728789709988632,0.06750732200453058
UTM,105,tm,81.06,0.4687836770026479,0.06546501999400789
UTM,106,tm,80.93,0.46820927399676293,0.06508091699652141
UTM,107,tm,80.80000000000001,0.4589563289991929,0.06636011900263838
UTM,108,tm,80.93,0.46502170500025386,0.06512735300202621
UTM,109,tm,80.67999999999999,0.4718401249992894,0.06663895000383491
UTM,110,tm,80.85,0.4639147319976473,0.06462683800054947
UTM,111,tm,80.86,0.4696211940026842,0.06535234799957834
UTM,112,tm,80.9,0.4653379219962517,0.0628571400011424
UTM,113,tm,80.81,0.4600546240035328,0.06426949900196632
UTM,114,tm,80.82000000000001,0.4695531999968807,0.06577001300320262
UTM,115,tm,80.76,0.4746887700021034,0.06538493600237416
UTM,116,tm,80.99,0.4603574970024056,0.06414449399744626
UTM,117,tm,80.7,0.47078060200146865,0.06480323300638702
UTM,118,tm,80.88,0.46605777100194246,0.06483909799862886
UTM,119,tm,80.78999999999999,0.4673008019963163,0.06715038100082893
UTM,120,tm,80.97,0.4607550299988361,0.06539180200343253
UTM,121,tm,80.97,0.47177746999659576,0.06468434700218495
UTM,122,tm,81.06,0.4729180720023578,0.06603456900484161
UTM,123,tm,81.05,0.46533890199498273,0.06362959499529097
UTM,124,tm,81.11,0.4655115889981971,0.06227213599777315
UTM,125,tm,81.07,0.469182576998719,0.06890250399737852
UTM,126,tm,81.04,0.47578609099582536,0.06482036300440086
UTM,127,tm,80.93,0.46960354300244944,0.06270463400142035
UTM,128,tm,80.83,0.4699018750034156,0.0663727149949409
UTM,129,tm,80.83,0.4708817659993656,0.06777178800257389
UTM,130,tm,80.96,0.47267890899820486,0.06463505799911218
UTM,131,tm,81.05,0.4763469890021952,0.06431851799425203
UTM,132,tm,81.08999999999999,0.4666806800014456,0.06565100699663162
UTM,133,tm,80.91000000000001,0.46978511700581294,0.06529525299993111
UTM,134,tm,81.08999999999999,0.47403300199948717,0.06521272000099998
UTM,135,tm,81.12,0.4672646260005422,0.06430221700429684
UTM,136,tm,81.15,0.4636808139985078,0.06543395599874202
UTM,137,tm,81.2,0.4678556189974188,0.06408284600183833
UTM,138,tm,81.17,0.4673502119985642,0.06569373499951325
UTM,139,tm,81.11,0.47909450699808076,0.06612859899905743
UTM,140,tm,81.11,0.4678153040003963,0.0647458449966507
UTM,141,tm,81.02000000000001,0.4753540689998772,0.06477593699673889
UTM,142,tm,81.17,0.46265362900157925,0.06495063000329537
UTM,143,tm,81.31,0.46830297400447307,0.06446451500232797
UTM,144,tm,81.10000000000001,0.46725208600400947,0.06490806800138671
UTM,145,tm,81.05,0.46855630299978657,0.06508002099872101
UTM,146,tm,81.17,0.4526523910026299,0.06496084100217558
UTM,147,tm,81.03,0.4682282949943328,0.06475808900722768
UTM,148,tm,80.83,0.47298526800295804,0.06439036800293252
UTM,149,tm,81.08999999999999,0.4701502050011186,0.06642635299795074
UTM,150,tm,81.26,0.46448569600033807,0.06570168000325793
UTM,151,tm,81.13,0.4719375360000413,0.06496340199373662
UTM,152,tm,81.17999999999999,0.4696385459974408,0.06631917400227394
UTM,153,tm,81.2,0.47381665599823464,0.0663930349983275
UTM,154,tm,80.92,0.470763896999415,0.06548502200166695
UTM,155,tm,81.05,0.4682473860011669,0.06588673499936704
UTM,156,tm,80.95,0.4746811369986972,0.06668844799423823
UTM,157,tm,81.11,0.47049870699993335,0.06481177600653609
UTM,158,tm,80.83,0.4750136389993713,0.06333317700045882
UTM,159,tm,81.04,0.4502067180001177,0.0637492729947553
UTM,160,tm,81.17,0.4662184429980698,0.06629629899543943
UTM,161,tm,80.84,0.4697054639982525,0.06555351900169626
UTM,162,tm,80.97999999999999,0.47883732299669646,0.06511157099885168
UTM,163,tm,80.81,0.45877734899841016,0.06552408500283491
UTM,164,tm,80.92,0.46839890500268666,0.06419879799796036
UTM,165,tm,80.73,0.46672257599857403,0.06487764300254639
UTM,166,tm,80.9,0.47719060899544274,0.06515225100156385
UTM,167,tm,80.91000000000001,0.4694196139971609,0.0650403039981029
UTM,168,tm,80.88,0.46874263499921653,0.06472692500392441
UTM,169,tm,81.03,0.4658287170022959,0.06356595100078266
UTM,170,tm,80.95,0.4704782780027017,0.0644549439966795
UTM,171,tm,80.93,0.47643433000484947,0.06535747499583522
UTM,172,tm,80.97999999999999,0.47832542700052727,0.06621563700173283
UTM,173,tm,80.82000000000001,0.46751171899813926,0.0655782050016569
UTM,174,tm,80.84,0.4797959279967472,0.06549899200035725
UTM,175,tm,80.80000000000001,0.4720887040020898,0.06508378099533729
UTM,176,tm,80.69,0.4726267970036133,0.06446492599934572
UTM,177,tm,80.92,0.4697453409971786,0.06476137699792162
UTM,178,tm,80.87,0.4745169759989949,0.06504297699575545
UTM,179,tm,80.99,0.48064173400052823,0.06645009099884192
UTM,180,tm,80.91000000000001,0.47225441099726595,0.06491091999487253
UTM,181,tm,80.95,0.47567152499686927,0.06546322899521329
UTM,182,tm,80.92,0.4759291829977883,0.06449882999731926
UTM,183,tm,80.97999999999999,0.4794113949974417,0.06439124399912544
UTM,184,tm,80.80000000000001,0.4606382420024602,0.06566856100107543
UTM,185,tm,81.05,0.4657826050024596,0.06607925099524437
UTM,186,tm,80.94,0.4711623979965225,0.06561768700339599
UTM,187,tm,80.99,0.47256052600278053,0.06451413500326453
UTM,188,tm,80.77,0.46656433399766684,0.06550133600103436
UTM,189,tm,80.82000000000001,0.4741990069960593,0.06565663099900121
UTM,190,tm,80.9,0.4672142530034762,0.06513555800484028
UTM,191,tm,80.80000000000001,0.46719606000260683,0.06516608200035989
UTM,192,tm,80.89,0.4709090339965769,0.06547764800052391
UTM,193,tm,80.80000000000001,0.4605184539977927,0.06591479400231037
UTM,194,tm,80.9,0.4781333770006313,0.06577593200199772
UTM,195,tm,80.7,0.47553551699820673,0.06555065299471607
UTM,196,tm,80.71000000000001,0.4690774849950685,0.06480264099809574
UTM,197,tm,80.67999999999999,0.468218767993676,0.06584290700266138
UTM,198,tm,80.99,0.4729049559973646,0.06523531000129879
UTM,199,tm,80.89,0.472708885994507,0.06398035900201648
UTM,200,tm,80.84,0.4704824259970337,0.06590567900275346
UTM,201,tm,80.96,0.47346725100214826,0.06598740000481484
UTM,202,tm,80.77,0.4732619060014258,0.06484831099805888
UTM,203,tm,80.88,0.47623994199966546,0.06465653699706309
UTM,204,tm,80.88,0.4695070779998787,0.06579863200022373
UTM,205,tm,80.9,0.45622794500377495,0.0646937080018688
UTM,206,tm,80.72,0.469943169002363,0.06375088100321591
UTM,207,tm,81.03,0.48017009300383506,0.06508516699977918
UTM,208,tm,80.92,0.48036673400201835,0.06388895899726776
UTM,209,tm,81.03,0.4657139129994903,0.06488809599977685
UTM,210,tm,80.97,0.47674785900017014,0.06498688000283437
UTM,211,tm,80.83,0.47426890100177843,0.0646641860003001
UTM,212,tm,80.95,0.47123026899498655,0.06662186999892583
UTM,213,tm,80.88,0.47455982900282834,0.06665964800049551
UTM,214,tm,80.84,0.47678797299886355,0.06511917799798539
UTM,215,tm,80.89,0.4685105169992312,0.06486364999727812
UTM,216,tm,80.81,0.4705655619982281,0.06576806600060081
UTM,217,tm,80.89,0.4719517459961935,0.07169308300217381
UTM,218,tm,80.99,0.4717167769995285,0.06482932400103891
UTM,219,tm,80.87,0.46740257700002985,0.06718862900015665
UTM,220,tm,80.97,0.47365509399969596,0.06624863800243475
UTM,221,tm,81.14,0.4772336520036333,0.065833920998557
UTM,222,tm,81.05,0.480518550000852,0.06473406700388296
UTM,223,tm,81.13,0.4774364050026634,0.06372540399752324
UTM,224,tm,80.94,0.4775221980016795,0.06529141200007871
UTM,225,tm,80.97,0.47187223599758,0.06606615800410509
UTM,226,tm,80.97999999999999,0.47303714800364105,0.0630762369983131
UTM,227,tm,81.0,0.46929429699957836,0.06553973599511664
UTM,228,tm,80.93,0.47254582900495734,0.0644289560004836
UTM,229,tm,80.75,0.4773878380001406,0.06617965400073444
UTM,230,tm,80.93,0.44167332100187195,0.06626597500144271
UTM,231,tm,80.93,0.469097385997884,0.06412570899556158
UTM,232,tm,81.10000000000001,0.47324524199939333,0.06366711799637415
UTM,233,tm,80.91000000000001,0.4798932580015389,0.06663622299674898
UTM,234,tm,81.04,0.4755045920028351,0.0651691800012486
UTM,235,tm,80.96,0.48047715199936647,0.06700319500669139
UTM,236,tm,81.02000000000001,0.47702751999895554,0.06527396800083807
UTM,237,tm,81.24,0.48383088399714325,0.06613329800165957
UTM,238,tm,80.92,0.47955323600035626,0.0655117389978841
UTM,239,tm,81.03,0.46805624999979045,0.06474207399878651
UTM,240,tm,81.08,0.47285795499919914,0.06431493199488614
UTM,241,tm,81.2,0.4779712159943301,0.06456361000164179
UTM,242,tm,81.04,0.47767476399894804,0.06482219300232828
UTM,243,tm,81.01,0.4617043510006624,0.06564897699718131
UTM,244,tm,81.0,0.47395290700660553,0.06416924700170057
UTM,245,tm,80.99,0.4733439650008222,0.06666936900001019
UTM,246,tm,80.94,0.47894614699907834,0.0652707850022125
UTM,247,tm,81.0,0.4768400949978968,0.06630683399998816
UTM,248,tm,80.92,0.4772014420013875,0.06342815599782625
UTM,249,tm,80.96,0.47914760500134435,0.07066309899528278
UTM,250,tm,81.10000000000001,0.4670152809994761,0.06486787799804006
UTM,251,tm,80.97999999999999,0.47233088099892484,0.06490140400273958
UTM,252,tm,81.0,0.46989122700324515,0.06622353399870917
UTM,253,tm,81.14,0.4821600569994189,0.06471346399484901
UTM,254,tm,81.10000000000001,0.43227307500637835,0.06613623600424035
UTM,255,tm,80.91000000000001,0.4702353829998174,0.06485369100118987
UTM,256,tm,81.04,0.47091518299566815,0.06505679800466169
UTM,257,tm,80.96,0.47770075199514395,0.0645593710069079
UTM,258,tm,81.17999999999999,0.46960044199659023,0.06416237099620048
UTM,259,tm,81.04,0.4754912689968478,0.06495769000321161
UTM,260,tm,80.99,0.47806578400195576,0.06298721199709689
UTM,261,tm,80.84,0.46824162600387353,0.06518705499911448
UTM,262,tm,80.94,0.4743598229979398,0.06522287500411039
UTM,263,tm,81.17,0.46914937299879966,0.06592219999583904
UTM,264,tm,81.15,0.4718689809960779,0.0666262890008511
UTM,265,tm,81.08999999999999,0.47136392999527743,0.06489545400108909
UTM,266,tm,81.04,0.47625046699977247,0.0654420119972201
UTM,267,tm,81.13,0.47025027999916347,0.06562247900001239
UTM,268,tm,81.10000000000001,0.4882309609965887,0.06647267599328188
UTM,269,tm,81.19,0.4713884919983684,0.06510339899978135
UTM,270,tm,81.13,0.4837837229933939,0.06611905099998694
UTM,271,tm,80.97999999999999,0.4730052489976515,0.06628204900334822
UTM,272,tm,81.05,0.4891328340017935,0.06602965699858032
UTM,273,tm,80.88,0.46898058999795467,0.0645464940025704
UTM,274,tm,80.88,0.4714115330061759,0.06448295299924212
UTM,275,tm,81.17,0.483060946004116,0.06537961600406561
UTM,276,tm,81.02000000000001,0.4740557459954289,0.06535060299938777
UTM,277,tm,81.07,0.47182168899598764,0.0640349259992945
UTM,278,tm,81.19,0.47285759200167377,0.06451479800307425
UTM,279,tm,81.17999999999999,0.45108696600073017,0.06515658400167013
UTM,280,tm,80.94,0.47480356199957896,0.06482397200306877
UTM,281,tm,81.16,0.4680819390050601,0.06446803200378781
UTM,282,tm,81.04,0.4757555100004538,0.064637813004083
UTM,283,tm,81.03,0.4703273170016473,0.06500163199962117
UTM,284,tm,81.12,0.4709340209956281,0.06497778999619186
UTM,285,tm,81.15,0.47612340699561173,0.06486279900127556
UTM,286,tm,81.07,0.47955200300202705,0.06556875500245951
UTM,287,tm,81.27,0.4492586409978685,0.06484912599989912
UTM,288,tm,80.97,0.4758388010013732,0.06549453399929916
UTM,289,tm,80.97,0.4807877709972672,0.06574752899905434
UTM,290,tm,80.81,0.4829839130034088,0.06574508400080958
UTM,291,tm,81.01,0.48235643900261493,0.06460215500555933
UTM,292,tm,81.03,0.4737559379937011,0.06454703000053996
UTM,293,tm,81.08999999999999,0.47795623799902387,0.06613888800347922
UTM,294,tm,81.15,0.474076831000275,0.06476947099872632
UTM,295,tm,80.95,0.4801211360027082,0.06595209299848648
UTM,296,tm,81.03,0.4765480549976928,0.06514027399680344
UTM,297,tm,80.95,0.4749978440013365,0.06532843700551894
UTM,298,tm,81.17,0.47936613299680175,0.06458674000168685
UTM,299,tm,81.0,0.4845375770019018,0.06565460699493997
UTM,300,tm,80.78,0.4840247329993872,0.06585438400361454
UTM,301,tm,80.83,0.4864753389992984,0.06783759200334316
UTM,302,tm,80.88,0.48595788099919446,0.0662237689975882
UTM,303,tm,80.93,0.4798817839982803,0.06537157300044782
UTM,304,tm,80.78999999999999,0.48799806400347734,0.06463089600583771
UTM,305,tm,80.86,0.48130602200399153,0.06503124599839794
UTM,306,tm,80.67,0.4783903130010003,0.06547883299936075
UTM,307,tm,80.94,0.4781053129991051,0.06565339500230039
UTM,308,tm,80.97999999999999,0.47724225699494127,0.06617244199878769
UTM,309,tm,80.99,0.4857945199983078,0.06646811200334923
UTM,310,tm,80.80000000000001,0.4778865410044091,0.0652493890011101
UTM,311,tm,80.84,0.4801438029971905,0.06635144299798412
UTM,312,tm,81.15,0.4698131580007612,0.06632988699857378
UTM,313,tm,81.04,0.4803186210046988,0.06703511199884815
UTM,314,tm,80.82000000000001,0.4816701230010949,0.06452946700301254
UTM,315,tm,81.01,0.45822315399709623,0.0635321820009267
UTM,316,tm,80.96,0.47298503199999686,0.062383956006669905
UTM,317,tm,81.19,0.4804261620010948,0.06448233900300693
UTM,318,tm,81.21000000000001,0.47711128399532754,0.06473006699525286
UTM,319,tm,80.94,0.4755332709974027,0.06512680699961493
UTM,320,tm,81.05,0.480631241996889,0.06519960099831223
UTM,321,tm,80.86,0.47767582399683306,0.06476213299902156
UTM,322,tm,80.93,0.47718482900381787,0.0649959479997051
UTM,323,tm,80.92,0.483769869999378,0.06553972399706254
UTM,324,tm,80.99,0.48096224800247,0.06226019500172697
UTM,325,tm,80.81,0.4725491159988451,0.06519354200281668
UTM,326,tm,80.80000000000001,0.47988794700358994,0.0667867619995377
UTM,327,tm,81.06,0.47348624900041614,0.0650298210020992
UTM,328,tm,81.08,0.4804013480024878,0.06491516199457692
UTM,329,tm,81.11,0.47411103000195,0.06708466300187865
UTM,330,tm,80.99,0.47096547699766234,0.06582690399955027
UTM,331,tm,80.92,0.4744014480020269,0.06483307099551894
UTM,332,tm,80.96,0.4736124880000716,0.06369693400483811
UTM,333,tm,81.01,0.4783451420007623,0.0647168369978317
UTM,334,tm,81.06,0.4857537090065307,0.06604114999936428
UTM,335,tm,80.93,0.47420527299982496,0.06454533799842466
UTM,336,tm,80.74,0.48552381100307684,0.06639276899659308
UTM,337,tm,80.94,0.4724592029961059,0.06425793399830582
UTM,338,tm,80.96,0.4706731839978602,0.06495121600164566
UTM,339,tm,80.99,0.47556805199565133,0.06503029399755178
UTM,340,tm,80.89,0.4844403160022921,0.06575812899973243
UTM,341,tm,81.02000000000001,0.4702394310006639,0.06560359700233676
UTM,342,tm,80.78,0.4882217850026791,0.06460569200135069
UTM,343,tm,80.95,0.47842722699715523,0.06517998500203248
UTM,344,tm,80.89,0.4743860559974564,0.06570455399923958
UTM,345,tm,80.80000000000001,0.48168375300156185,0.06649727899639402
UTM,346,tm,80.83,0.4781904609990306,0.06485276899911696
UTM,347,tm,80.92,0.47596989999874495,0.06563777699921047
UTM,348,tm,80.97,0.48273762900498696,0.0645088509991183
UTM,349,tm,81.03,0.48350245199981146,0.06517800399888074
UTM,350,tm,80.83,0.47263280599872814,0.06551642100384925
UTM,351,tm,81.0,0.4767762429983122,0.06597323199821403
UTM,352,tm,80.85,0.47501401800400345,0.06485138500283938
UTM,353,tm,80.78999999999999,0.47919716100295773,0.0652196119990549
UTM,354,tm,80.78999999999999,0.49614075099816546,0.06458146999648307
UTM,355,tm,80.97999999999999,0.48638704200129723,0.06549466700380435
UTM,356,tm,80.93,0.4709550810002838,0.06391756999801146
UTM,357,tm,80.88,0.4783389430012903,0.06532034699921496
UTM,358,tm,80.92,0.4819795549992705,0.06635869699675823
UTM,359,tm,81.04,0.4731695289956406,0.065110254996398
UTM,360,tm,80.97999999999999,0.47566952199849766,0.06459628800075734
UTM,361,tm,80.91000000000001,0.47364891900360817,0.06408110500342445
UTM,362,tm,81.07,0.48045045400067465,0.06471360300201923
UTM,363,tm,80.88,0.4717246849977528,0.06473328900028719
UTM,364,tm,80.91000000000001,0.4778661540040048,0.06475235599646112
UTM,365,tm,80.88,0.47544694200041704,0.06507522799802246
UTM,366,tm,80.88,0.478857276000781,0.06473650199768599
UTM,367,tm,80.67999999999999,0.4731076139942161,0.06515497199870879
UTM,368,tm,80.87,0.4706834169992362,0.06459631100005936
UTM,369,tm,80.83,0.4783074150036555,0.06544755199865904
UTM,370,tm,80.88,0.47810670400212985,0.06514297999819973
UTM,371,tm,80.87,0.48951565499737626,0.06781105700065382
UTM,372,tm,81.0,0.4779618449974805,0.06588747999921907
UTM,373,tm,80.73,0.4789839450022555,0.06548769000073662
UTM,374,tm,80.75,0.47590374500578037,0.06601294099527877
UTM,375,tm,80.57,0.47709816499991575,0.06435536500066519
UTM,376,tm,80.95,0.47985766099736793,0.06470236300083343
UTM,377,tm,80.82000000000001,0.47497966399532743,0.06298857200454222
UTM,378,tm,80.88,0.4766535800008569,0.06511302100261673
UTM,379,tm,80.69,0.47560105100274086,0.06162639600370312
UTM,380,tm,80.76,0.47459036100190133,0.06594926599791506
UTM,381,tm,80.87,0.47774078600195935,0.06523200099763926
UTM,382,tm,80.7,0.48453514499851735,0.06592975000239676
UTM,383,tm,80.76,0.4741738489974523,0.06430923399602761
UTM,384,tm,80.92,0.48195317199861165,0.06466808999539353
UTM,385,tm,80.95,0.46935322799981805,0.06438114900083747
UTM,386,tm,80.75,0.47902956399775576,0.06480215600458905
UTM,387,tm,80.67999999999999,0.47617675500077894,0.0648510089959018
UTM,388,tm,80.69,0.47970723600155907,0.06288625399611192
UTM,389,tm,80.78,0.47472029399796156,0.06433997600106522
UTM,390,tm,80.86,0.4790829859994119,0.06571950400393689
UTM,391,tm,80.71000000000001,0.48040731900255196,0.06649233200005256
UTM,392,tm,80.81,0.4724070340016624,0.06509990499762353
UTM,393,tm,80.64,0.4756288329954259,0.06671137400553562
UTM,394,tm,80.61,0.48050793599395547,0.06409430599887855
UTM,395,tm,80.66,0.474824108001485,0.06573429999843938
UTM,396,tm,80.43,0.48653173400089145,0.06608573099947535
UTM,397,tm,80.71000000000001,0.47024978500121506,0.06590214499738067
UTM,398,tm,80.47,0.4656270300038159,0.06594454600417521
UTM,399,tm,80.88,0.48217876300623175,0.06446661899826722
UTM,400,tm,80.84,0.4870913189952262,0.0653138090056018
UTM,401,tm,80.94,0.48464174400578486,0.06523411999660311
UTM,402,tm,80.76,0.4812961949937744,0.06587032699462725
UTM,403,tm,80.95,0.4844916479996755,0.06464111599780153
UTM,404,tm,80.87,0.48419093299889937,0.06593499400332803
UTM,405,tm,80.73,0.4873683460027678,0.0619460540037835
UTM,406,tm,80.71000000000001,0.4826780189978308,0.06549955499940552
UTM,407,tm,80.91000000000001,0.4737208959995769,0.06252635300188558
UTM,408,tm,80.67,0.47631049699703,0.06719206399429822
UTM,409,tm,80.5,0.4706770199991297,0.06553569400421111
UTM,410,tm,80.65,0.482215994001308,0.06581597899639746
UTM,411,tm,80.56,0.4869674549991032,0.06565063400194049
UTM,412,tm,80.67,0.4971366539975861,0.06494383900280809
UTM,413,tm,80.60000000000001,0.47325944600015646,0.06554762000450864
UTM,414,tm,80.74,0.48403690800478216,0.06531894599902444
UTM,415,tm,80.36999999999999,0.4832425159984268,0.06476639299944509
UTM,416,tm,80.62,0.48054596799920546,0.06431074399733916
UTM,417,tm,80.61,0.47992182100279024,0.06597277599939844
UTM,418,tm,80.77,0.4779350050011999,0.06393298199691344
UTM,419,tm,80.72,0.48509813899727305,0.06336774500232423
UTM,420,tm,80.60000000000001,0.4763588619971415,0.06433257699973183
UTM,421,tm,80.75,0.4834074540049187,0.06620327900600387
UTM,422,tm,80.46,0.48878582999896025,0.06487502499658149
UTM,423,tm,80.5,0.4802433990043937,0.06532886200147914
UTM,424,tm,80.30000000000001,0.48519683300401084,0.06535705100395717
UTM,425,tm,80.65,0.47607490900554694,0.06510679099301342
UTM,426,tm,80.39,0.47768877299677115,0.06585062200610992
UTM,427,tm,80.55,0.49202124000294134,0.06402826200064737
UTM,428,tm,80.5,0.485059339000145,0.06666777100326726
UTM,429,tm,80.43,0.4816294870033744,0.06526029700034996
UTM,430,tm,80.4,0.4833929949963931,0.06482717800099635
UTM,431,tm,80.66,0.48350661899894476,0.06596941900352249
UTM,432,tm,80.43,0.4748152280008071,0.06491359600477153
UTM,433,tm,80.58999999999999,0.4805470170031185,0.06542119500227273
UTM,434,tm,80.67999999999999,0.4884867500004475,0.06329381199611817
UTM,435,tm,80.58999999999999,0.4735661059967242,0.06638179299625335
UTM,436,tm,80.55,0.47405264700500993,0.06556121200264897
UTM,437,tm,80.66,0.4773105439962819,0.06528095000248868
UTM,438,tm,80.60000000000001,0.474165534003987,0.06411645099433372
UTM,439,tm,80.67,0.4758842299997923,0.06535695100319572
UTM,440,tm,80.75,0.47417126299842494,0.06662772799609229
UTM,441,tm,80.57,0.48179127899493324,0.06462452999403467
UTM,442,tm,80.86,0.47993534299894236,0.06467477299884195
UTM,443,tm,80.84,0.47784405399579555,0.06328287100041052
UTM,444,tm,80.74,0.47920342499855906,0.06523688300512731
UTM,445,tm,80.44,0.4816351239933283,0.06541046600614209
UTM,446,tm,80.52,0.4887926560040796,0.06592899400129681
UTM,447,tm,80.80000000000001,0.4779355049977312,0.06491602899768623
UTM,448,tm,80.58999999999999,0.48291987699485617,0.06610142199497204
UTM,449,tm,80.64,0.4806064479998895,0.06514339400018798
UTM,450,tm,80.60000000000001,0.4816877339981147,0.0631312949990388
UTM,451,tm,80.97,0.47858432900102343,0.06625533100304892
UTM,452,tm,80.83,0.47556711299694143,0.06467059299757238
UTM,453,tm,80.95,0.48536928599787643,0.062322144003701396
UTM,454,tm,80.78999999999999,0.4730844130026526,0.06517940699995961
UTM,455,tm,80.73,0.47721849600202404,0.06553074700059369
UTM,456,tm,80.78999999999999,0.4848196820021258,0.06492737799999304
UTM,457,tm,80.80000000000001,0.4832766100007575,0.06565757800126448
UTM,458,tm,80.61,0.48512085400579963,0.06464784899435472
UTM,459,tm,80.43,0.4751343110037851,0.06513170499965781
UTM,460,tm,80.71000000000001,0.48268637099681655,0.06440644300164422
UTM,461,tm,80.62,0.48453878500004066,0.06630603299709037
UTM,462,tm,80.69,0.4906152170005953,0.06539373300620355
UTM,463,tm,80.64,0.4738401979993796,0.06345557500026189
UTM,464,tm,80.7,0.4829694669970195,0.0647082009963924
UTM,465,tm,80.61,0.48770232599781593,0.06454235800629249
UTM,466,tm,80.69,0.4789189239963889,0.06613948800077196
UTM,467,tm,80.60000000000001,0.48417657100071665,0.061645715999475215
UTM,468,tm,80.78999999999999,0.4792396959965117,0.06422739099798491
UTM,469,tm,80.66,0.47630966400174657,0.06311867899785284
UTM,470,tm,80.82000000000001,0.48591906300134724,0.06572196399793029
UTM,471,tm,80.83,0.4796286729979329,0.064513473000261
UTM,472,tm,80.71000000000001,0.48067020699818386,0.06491788499988616
UTM,473,tm,80.77,0.4860259339984623,0.06344564999744762
UTM,474,tm,80.76,0.4795069109968608,0.06560880799952429
UTM,475,tm,80.84,0.4818845989939291,0.06497020099777728
UTM,476,tm,80.75,0.4800329809950199,0.06640536300255917
UTM,477,tm,80.78,0.483483869000338,0.06656493699847488
UTM,478,tm,80.60000000000001,0.47904443299921695,0.06353932300407905
UTM,479,tm,80.5,0.49142234199825907,0.06331995499931509
UTM,480,tm,80.63,0.48044384099921444,0.065417988000263
UTM,481,tm,80.49,0.48382747400319204,0.06615992799925152
UTM,482,tm,80.5,0.4757766340044327,0.06486213299649535
UTM,483,tm,80.58,0.4766498989993124,0.06513316799828317
UTM,484,tm,80.46,0.46302596000168705,0.06497437199868727
UTM,485,tm,80.5,0.4844876579954871,0.06537629699596437
UTM,486,tm,80.56,0.48102678599389037,0.06491859599918826
UTM,487,tm,80.72,0.4809737660034443,0.06489990100089926
UTM,488,tm,80.77,0.479336203999992,0.06807923500309698
UTM,489,tm,80.61,0.48697548500058474,0.06477832800010219
UTM,490,tm,80.69,0.48671291500068037,0.0649981509995996
UTM,491,tm,80.60000000000001,0.48730033000174444,0.06526533099531662
UTM,492,tm,80.61,0.4987875270016957,0.06730809500004398
UTM,493,tm,80.82000000000001,0.48552272399683716,0.06498106099752476
UTM,494,tm,80.61,0.48487197399663273,0.06447298000421142
UTM,495,tm,80.74,0.48792527499608696,0.06796489599946653
UTM,496,tm,80.84,0.4837096389965154,0.06634473300073296
UTM,497,tm,80.54,0.4825183890061453,0.06513546799396863
UTM,498,tm,80.63,0.4779992760013556,0.0646706589977839
UTM,499,tm,80.71000000000001,0.4842057970017777,0.06602215199382044
UTM,500,tm,80.63,0.4771886149974307,0.06497238500014646
WTM,1,tm,76.75,0.3896562459995039,0.06618120000348426
WTM,2,tm,78.05,0.35361005600134376,0.06650880899542244
WTM,3,tm,78.29,0.3541863749996992,0.06873616800294258
WTM,4,tm,79.42,0.3478536550028366,0.06802786700427532
WTM,5,tm,77.61,0.3303992319997633,0.06762711099872831
WTM,6,tm,78.67,0.3390970420005033,0.06848390400409698
WTM,7,tm,79.55,0.3452377170033287,0.0679277750023175
WTM,8,tm,80.72,0.333422021001752,0.06875015699915821
WTM,9,tm,80.69,0.3329456829960691,0.06829975599976024
WTM,10,tm,81.28,0.3297821849992033,0.06762429700029315
WTM,11,tm,80.97,0.33190829799423227,0.06872343299619388
WTM,12,tm,80.45,0.33837827200477477,0.06816724699456245
WTM,13,tm,80.72,0.3288842409965582,0.06703187600214733
WTM,14,tm,80.39,0.3280078809984843,0.06997086099727312
WTM,15,tm,80.17,0.3145688440054073,0.06653378000191879
WTM,16,tm,80.11,0.3195655520030414,0.06872495599964168
WTM,17,tm,81.47999999999999,0.32576435900409706,0.06938868400175124
WTM,18,tm,80.72,0.3217590460044448,0.07007881199388066
WTM,19,tm,80.58,0.3313900859939167,0.06801574299606727
WTM,20,tm,80.58,0.3085698790018796,0.06771211299928837
WTM,21,tm,79.69000000000001,0.3237670699963928,0.06827407300443156
WTM,22,tm,81.24,0.3213435329962522,0.06749042899900815
WTM,23,tm,80.25,0.31820858499850146,0.06881302999681793
WTM,24,tm,81.21000000000001,0.3207821550022345,0.0687924679950811
WTM,25,tm,81.10000000000001,0.31783228799758945,0.06658696900558425
WTM,26,tm,80.76,0.31615314700320596,0.06811945399385877
WTM,27,tm,81.06,0.32864999599405564,0.06857497500459431
WTM,28,tm,79.84,0.3179353669984266,0.06881793399952585
WTM,29,tm,81.77,0.3274217919970397,0.06978325299860444
WTM,30,tm,81.47999999999999,0.3247782210019068,0.06975867300207028
WTM,31,tm,80.38,0.33453705499414355,0.06859271300345426
WTM,32,tm,81.69999999999999,0.3070956980009214,0.06958753000071738
WTM,33,tm,81.24,0.30699048299720744,0.06826574599836022
WTM,34,tm,80.45,0.3195200729969656,0.06800640200526686
WTM,35,tm,78.84,0.31057280200184323,0.06729344700579531
WTM,36,tm,80.67999999999999,0.31245416100136936,0.06726643000001786
WTM,37,tm,80.96,0.3089211189944763,0.06726684099703562
WTM,38,tm,80.47999999999999,0.31252468999446137,0.06727590999798849
WTM,39,tm,81.08,0.3122139490005793,0.06739211300009629
WTM,40,tm,80.33,0.3106417439994402,0.06801890499627916
WTM,41,tm,80.24,0.316895398995257,0.06868569299695082
WTM,42,tm,81.07,0.31390450400067493,0.06822290499985684
WTM,43,tm,81.22,0.3044659209990641,0.06696894299966516
WTM,44,tm,80.45,0.3061881620014901,0.06846905000566039
WTM,45,tm,81.47999999999999,0.30243600600078935,0.06878661300288513
WTM,46,tm,80.85,0.3207845270007965,0.06825903600110905
WTM,47,tm,80.49,0.3067171020011301,0.06785145900357747
WTM,48,tm,80.54,0.3179357089975383,0.0690931270000874
WTM,49,tm,80.97999999999999,0.3162586519974866,0.07031657899642596
WTM,50,tm,81.32000000000001,0.3166778239974519,0.06955599700449966
WTM,51,tm,81.88,0.313043102993106,0.06917049800540553
WTM,52,tm,82.3,0.3226019279973116,0.0687762349989498
WTM,53,tm,82.27,0.3086219860051642,0.06987010900047608
WTM,54,tm,81.53,0.31896343200060073,0.06850224299705587
WTM,55,tm,80.73,0.3149378189991694,0.06879857400053879
WTM,56,tm,81.08999999999999,0.30536054100230103,0.07467974400060484
WTM,57,tm,81.93,0.3073611410000012,0.06846129900077358
WTM,58,tm,81.74,0.30939706699427916,0.06839924900123151
WTM,59,tm,81.26,0.30911062700033654,0.06903041400073562
WTM,60,tm,80.56,0.3120763140032068,0.06746010800270597
WTM,61,tm,79.77,0.3087883340049302,0.06847303399990778
WTM,62,tm,81.15,0.3101429599992116,0.06438383900240296
WTM,63,tm,79.95,0.3045988220037543,0.07012346400006209
WTM,64,tm,82.09,0.3054684050002834,0.06759492899436736
WTM,65,tm,81.26,0.30862170700129354,0.06890403999568662
WTM,66,tm,82.06,0.30894563699985156,0.06891807699867059
WTM,67,tm,81.71000000000001,0.29839344100037124,0.0720663819956826
WTM,68,tm,80.51,0.31234386000141967,0.06766325399803463
WTM,69,tm,80.52,0.31337776700092945,0.06867616700037615
WTM,70,tm,81.47,0.30817034900246654,0.0696606619967497
WTM,71,tm,82.34,0.3130364130047383,0.07075766200432554
WTM,72,tm,81.35,0.3115951439976925,0.06999001200165367
WTM,73,tm,82.19999999999999,0.31437269000161905,0.06905774799815845
WTM,74,tm,82.07,0.30836727999849245,0.07237469500250882
WTM,75,tm,82.01,0.3068107519939076,0.06905535099940607
WTM,76,tm,81.07,0.31233029600116424,0.06769023500237381
WTM,77,tm,80.51,0.305234355997527,0.06752105000487063
WTM,78,tm,81.69999999999999,0.3118037579988595,0.06976225799735403
WTM,79,tm,81.36,0.3116194350004662,0.06906983099906938
WTM,80,tm,81.96,0.3058349399943836,0.07094926600257168
WTM,81,tm,81.92,0.30492801400396274,0.06824385099753272
WTM,82,tm,81.38,0.313688504997117,0.0678588629962178
WTM,83,tm,81.63,0.3141132529999595,0.06805769899801817
WTM,84,tm,81.46,0.3159530330012785,0.06805318200349575
WTM,85,tm,81.46,0.3044070560063119,0.06684353099990403
WTM,86,tm,81.71000000000001,0.30449103400314925,0.06829945099889301
WTM,87,tm,80.96,0.30284498300170526,0.06813275100284955
WTM,88,tm,82.15,0.30382234799617436,0.06842663299903506
WTM,89,tm,81.06,0.3130290300032357,0.068884057996911
WTM,90,tm,81.38,0.3106503189992509,0.0679143870002008
WTM,91,tm,82.08,0.3150656599973445,0.0670973519954714
WTM,92,tm,81.54,0.2995909790042788,0.06785663500340888
WTM,93,tm,82.02000000000001,0.31143597300251713,0.0658594729975448
WTM,94,tm,81.58,0.3129285299946787,0.06769780000468018
WTM,95,tm,81.62,0.31332525300240377,0.0681949909994728
WTM,96,tm,81.49,0.30570606700348435,0.06862502100557322
WTM,97,tm,82.39,0.3173059680048027,0.06721216299774824
WTM,98,tm,81.42,0.3125028580034268,0.06943603599938797
WTM,99,tm,80.9,0.3130183470057091,0.0688055170030566
WTM,100,tm,81.5,0.3043818900041515,0.06778040100471117
WTM,101,tm,80.65,0.314184311995632,0.06646916300087469
WTM,102,tm,82.56,0.29915332500240766,0.06808463799825404
WTM,103,tm,81.96,0.310500775995024,0.06911141800082987
WTM,104,tm,81.12,0.32065405899629695,0.06872387300245464
WTM,105,tm,81.88,0.3059465159967658,0.0697829799973988
WTM,106,tm,81.67,0.30792120000114664,0.066421645002265
WTM,107,tm,81.24,0.3019826610034215,0.068356986004801
WTM,108,tm,81.23,0.3060533910029335,0.06859586900100112
WTM,109,tm,81.96,0.3095337230042787,0.07227963300101692
WTM,110,tm,81.64,0.31092546899890294,0.06923813600587891
WTM,111,tm,80.71000000000001,0.3026671669940697,0.06965287400089437
WTM,112,tm,81.23,0.3152306780029903,0.06790262799768243
WTM,113,tm,81.95,0.29906041000504047,0.06897445100184996
WTM,114,tm,81.23,0.304651690996252,0.06915749399922788
WTM,115,tm,81.8,0.3130673050036421,0.0688155289972201
WTM,116,tm,80.27,0.3162746080051875,0.06914330099971266
WTM,117,tm,81.11,0.3134643840021454,0.06597870899713598
WTM,118,tm,81.41000000000001,0.30532475999643793,0.06914671100093983
WTM,119,tm,81.91000000000001,0.30241592899983516,0.06913837499450892
WTM,120,tm,81.96,0.291488589005894,0.06738831799884792
WTM,121,tm,81.86,0.3061644609988434,0.06739929300238146
WTM,122,tm,81.99,0.3002329200025997,0.07303878600214375
WTM,123,tm,81.67999999999999,0.3084685020003235,0.06923834000190254
WTM,124,tm,81.87,0.3011935230024392,0.06921786600287305
WTM,125,tm,82.15,0.30995429000176955,0.06854780799767468
WTM,126,tm,82.24000000000001,0.3181100840010913,0.06803605399909429
WTM,127,tm,81.87,0.3165586559989606,0.06833540300431196
WTM,128,tm,81.58,0.30935950400453294,0.06530080300581176
WTM,129,tm,81.31,0.3123876929967082,0.06914118400163716
WTM,130,tm,81.49,0.3075734649974038,0.07097740699828137
WTM,131,tm,81.69,0.3048527790015214,0.06953156599774957
WTM,132,tm,80.93,0.306577504001325,0.06798024500312749
WTM,133,tm,81.08,0.307990355999209,0.06945945099869277
WTM,134,tm,80.67999999999999,0.3100005090018385,0.06597517499903915
WTM,135,tm,80.87,0.30686237099871505,0.06861878399649868
WTM,136,tm,80.25999999999999,0.31472412499715574,0.0682161289951182
WTM,137,tm,81.54,0.3031265440004063,0.06828922299609985
WTM,138,tm,81.23,0.3066400160023477,0.06847130099777132
WTM,139,tm,81.58999999999999,0.30421662899607327,0.0674511910037836
WTM,140,tm,80.46,0.30447006100439467,0.06733019899547799
WTM,141,tm,81.88,0.29706591500143986,0.06651728099677712
WTM,142,tm,81.76,0.3161393059999682,0.06600068999978248
WTM,143,tm,81.69999999999999,0.29524251399561763,0.06822088600165443
WTM,144,tm,79.86,0.3079788289978751,0.06794972300122026
WTM,145,tm,80.73,0.305272616998991,0.06788178800343303
WTM,146,tm,81.73,0.299962092001806,0.06803669800137868
WTM,147,tm,82.01,0.3100611720001325,0.06861556600051699
WTM,148,tm,81.06,0.30330651300027966,0.06862082500447286
WTM,149,tm,82.16,0.31400829799531493,0.06936590000259457
WTM,150,tm,81.06,0.3103232549983659,0.06857956100429874
WTM,151,tm,81.05,0.30460231500183,0.06824253800004954
WTM,152,tm,82.3,0.31192823899618816,0.06749507200584048
WTM,153,tm,81.92,0.30300528700172435,0.06750125799590023
WTM,154,tm,80.07,0.3110822349990485,0.06962840599589981
WTM,155,tm,81.10000000000001,0.30844594199879793,0.06825163000030443
WTM,156,tm,80.25999999999999,0.3102017000055639,0.06946853899717098
WTM,157,tm,80.46,0.3087397780036554,0.0686356349979178
WTM,158,tm,81.74,0.30457949400442885,0.0682127030013362
WTM,159,tm,81.55,0.3068995290013845,0.07006237099994905
WTM,160,tm,81.08,0.3003984609968029,0.0664411449979525
WTM,161,tm,81.44,0.3085971740001696,0.06890733800537419
WTM,162,tm,81.26,0.3105275089983479,0.07040599100582767
WTM,163,tm,81.73,0.3118037909953273,0.06949243100098101
WTM,164,tm,80.08999999999999,0.3127917530000559,0.06857332400250016
WTM,165,tm,81.12,0.3033914839979843,0.06777492100081872
WTM,166,tm,81.8,0.30994069499865873,0.06699424399994314
WTM,167,tm,80.11,0.3067143450025469,0.06868793700414244
WTM,168,tm,82.53,0.29681342499679886,0.06804086599731818
WTM,169,tm,82.23,0.30346903600002406,0.0687625230057165
WTM,170,tm,81.6,0.31002151899883756,0.06822530499630375
WTM,171,tm,80.94,0.3097778669980471,0.06883563400333514
WTM,172,tm,81.89,0.30750477299443446,0.06806624299497344
WTM,173,tm,81.44,0.31104336099815555,0.06988824599829968
WTM,174,tm,81.57,0.3051780889945803,0.07133140299993102
WTM,175,tm,81.86,0.3073745389992837,0.06653437900240533
WTM,176,tm,81.69,0.2962772269966081,0.06849090999457985
WTM,177,tm,81.51,0.31381279500055825,0.06897167299757712
WTM,178,tm,81.87,0.30653696700028377,0.06934916800673818
WTM,179,tm,80.95,0.3104971309949178,0.07005603399738902
WTM,180,tm,81.25,0.3111991330006276,0.06914619600138394
WTM,181,tm,81.06,0.29384811899944907,0.06791609899664763
WTM,182,tm,81.16,0.30757898400042905,0.06871159900038037
WTM,183,tm,81.06,0.30730168799345847,0.06734128099924419
WTM,184,tm,81.58,0.2995042149996152,0.06926008300069952
WTM,185,tm,80.44,0.3026939580013277,0.0682007670038729
WTM,186,tm,80.64,0.3019041789957555,0.06762975500168977
WTM,187,tm,81.55,0.30717066500074,0.0705173870010185
WTM,188,tm,80.64,0.3074338259975775,0.06867531200259691
WTM,189,tm,80.85,0.3094938939975691,0.06869256500067422
WTM,190,tm,82.52000000000001,0.3008657160025905,0.06911707499966724
WTM,191,tm,81.69,0.3023934559969348,0.06966995899711037
WTM,192,tm,81.13,0.30185332499968354,0.06882131600286812
WTM,193,tm,82.36,0.3053970670007402,0.06917971600341843
WTM,194,tm,81.87,0.3043305090031936,0.06904562099953182
WTM,195,tm,81.67999999999999,0.29451218800386414,0.06845657099620439
WTM,196,tm,81.37,0.31424556099955225,0.06772693600214552
WTM,197,tm,82.35,0.3015681870019762,0.0684118699937244
WTM,198,tm,80.62,0.3054683070004103,0.07039896099740872
WTM,199,tm,80.35,0.30453113700059475,0.06947099499666365
WTM,200,tm,81.75,0.30907424399629235,0.06798153599811485
WTM,201,tm,81.36,0.2988364639968495,0.06884138000168605
WTM,202,tm,81.61,0.3083815450008842,0.0701660710037686
WTM,203,tm,81.32000000000001,0.3013617329997942,0.07277828199585201
WTM,204,tm,80.36,0.3052953680016799,0.06894625799759524
WTM,205,tm,80.72,0.31626994399994146,0.06938400900253328
WTM,206,tm,80.81,0.3081986980032525,0.0676469320023898
WTM,207,tm,80.93,0.30556225599866593,0.07342247999622487
WTM,208,tm,81.75,0.3041600180004025,0.06916032899607671
WTM,209,tm,81.17,0.3052364890027093,0.06952949200058356
WTM,210,tm,81.0,0.31073438299790723,0.06882748100179015
WTM,211,tm,81.07,0.31320211500133155,0.06772187100432348
WTM,212,tm,81.93,0.29937143300048774,0.06962485099938931
WTM,213,tm,80.52,0.3080139599987888,0.06798663899826352
WTM,214,tm,81.31,0.3055065740045393,0.06895724400237668
WTM,215,tm,81.24,0.29915299500135006,0.06957146799686598
WTM,216,tm,81.10000000000001,0.3071638439942035,0.07058774799952516
WTM,217,tm,81.67,0.30550958099775016,0.06935300400073174
WTM,218,tm,81.84,0.30872586199984653,0.06892837499617599
WTM,219,tm,81.67,0.300239538999449,0.06936776400107192
WTM,220,tm,81.43,0.3032491000049049,0.06861264399776701
WTM,221,tm,80.65,0.314278302997991,0.06988714000181062
WTM,222,tm,79.75999999999999,0.3098119560017949,0.06794385600369424
WTM,223,tm,82.09,0.3025902709996444,0.06911956599651603
WTM,224,tm,80.67,0.2962680089985952,0.06827407499804394
WTM,225,tm,81.34,0.30816366500221193,0.06771058299636934
WTM,226,tm,81.37,0.305427213999792,0.07083933800458908
WTM,227,tm,81.45,0.3071468639973318,0.06729334400006337
WTM,228,tm,81.0,0.30681815299612936,0.0685879800003022
WTM,229,tm,81.69,0.30392629200650845,0.06799047700042138
WTM,230,tm,80.46,0.3013373879948631,0.06991004200244788
WTM,231,tm,81.10000000000001,0.3068595369986724,0.07033255399437621
WTM,232,tm,81.6,0.3064299809993827,0.06808223499683663
WTM,233,tm,81.17999999999999,0.3066053929942427,0.06912695500068367
WTM,234,tm,81.99,0.3027187019979465,0.06937765999464318
WTM,235,tm,81.31,0.3055126130057033,0.06914805600536056
WTM,236,tm,81.33,0.3095009550015675,0.06775093299802393
WTM,237,tm,81.63,0.3176835560007021,0.06826026400085539
WTM,238,tm,82.01,0.3145684679984697,0.06904226400365587
WTM,239,tm,80.4,0.302293479006039,0.06800567200116348
WTM,240,tm,82.01,0.30530717100191396,0.06779911900230218
WTM,241,tm,81.86,0.30576336100057233,0.06805660599638941
WTM,242,tm,81.32000000000001,0.2993930129960063,0.06856962099845987
WTM,243,tm,81.91000000000001,0.3139795389943174,0.07061583799804794
WTM,244,tm,82.02000000000001,0.30989522999880137,0.06793997099885019
WTM,245,tm,81.96,0.3028707440025755,0.06877870499738492
WTM,246,tm,81.58999999999999,0.30483643600018695,0.06801962800091133
WTM,247,tm,80.97999999999999,0.29840868699830025,0.06753052499698242
WTM,248,tm,81.11,0.3029000899987295,0.06993105100264074
WTM,249,tm,81.84,0.3103386290022172,0.06953063800028758
WTM,250,tm,80.33,0.30066880399681395,0.06936487200437114
WTM,251,tm,81.04,0.30948192899813876,0.06995019600435626
WTM,252,tm,82.23,0.29999794399918756,0.0694040039961692
WTM,253,tm,81.88,0.2974313179947785,0.06850117300200509
WTM,254,tm,81.11,0.3037358340006904,0.06876629500038689
WTM,255,tm,81.86,0.30442588399455417,0.06836728200141806
WTM,256,tm,81.97,0.2978055769999628,0.06980226999439765
WTM,257,tm,81.92,0.30869171100493986,0.0675018670008285
WTM,258,tm,81.58999999999999,0.292108128000109,0.06928344700281741
WTM,259,tm,81.77,0.31093125700135715,0.06870070699369535
WTM,260,tm,80.69,0.30668126099772053,0.06818446900433628
WTM,261,tm,81.27,0.303842365006858,0.06976933399710106
WTM,262,tm,81.25,0.3128683200047817,0.06901497699436732
WTM,263,tm,81.39,0.30991358200117247,0.06647075399814639
WTM,264,tm,80.75,0.3097574839994195,0.0683849960041698
WTM,265,tm,82.21000000000001,0.3090079199973843,0.07161168699531117
WTM,266,tm,81.78999999999999,0.30321225700026844,0.06856946200423408
WTM,267,tm,81.39,0.30736985000112327,0.068627041997388
WTM,268,tm,80.9,0.313088525996136,0.0700661430018954
WTM,269,tm,81.94,0.3118350519944215,0.0689158379973378
WTM,270,tm,81.89999999999999,0.3062863599989214,0.06885005100048147
WTM,271,tm,81.86,0.3154479880031431,0.06945908100169618
WTM,272,tm,80.67999999999999,0.30906627100193873,0.07014555700152414
WTM,273,tm,81.35,0.3038817749984446,0.06829389499762328
WTM,274,tm,82.49,0.30252467499667546,0.06656300699978601
WTM,275,tm,81.67,0.3093696069990983,0.06755637099558953
WTM,276,tm,81.32000000000001,0.30315747400163673,0.06861431699508103
WTM,277,tm,82.49,0.30479587200534297,0.0684833890045411
WTM,278,tm,81.5,0.29760684099892387,0.06566990500141401
WTM,279,tm,81.31,0.3069733880038257,0.06698172599863028
WTM,280,tm,80.83,0.29732214500108967,0.07037448499613674
WTM,281,tm,81.95,0.30487241499940865,0.06983925200620433
WTM,282,tm,80.77,0.30048308500408893,0.07075081299990416
WTM,283,tm,81.34,0.3022201799976756,0.06870861299830722
WTM,284,tm,81.56,0.30205174300499493,0.06826705700223101
WTM,285,tm,81.61,0.30480006099969614,0.06503021000389708
WTM,286,tm,80.74,0.30136528099683346,0.06829657399794087
WTM,287,tm,80.44,0.310565404004592,0.07071979399916017
WTM,288,tm,80.86,0.30114506199606694,0.06872424800531007
WTM,289,tm,82.12,0.3105763810017379,0.07038221399852773
WTM,290,tm,81.19,0.30784396400122205,0.06930813300277805
WTM,291,tm,81.08,0.3167269799960195,0.06847190400003456
WTM,292,tm,80.97999999999999,0.30473267100023804,0.07009307100088336
WTM,293,tm,81.26,0.30670528799964814,0.06838354600040475
WTM,294,tm,80.95,0.3076047349968576,0.06975979699927848
WTM,295,tm,81.43,0.31398056099715177,0.06800249699881533
WTM,296,tm,79.81,0.2991126909982995,0.06917866299772868
WTM,297,tm,80.97,0.303390616994875,0.068749261998164
WTM,298,tm,81.5,0.3149920159994508,0.0682665620042826
WTM,299,tm,81.57,0.3141286440004478,0.06959861500217812
WTM,300,tm,81.39999999999999,0.30699945299420506,0.06855216500116512
WTM,301,tm,81.78999999999999,0.3019310029994813,0.06838797700038413
WTM,302,tm,81.02000000000001,0.3090072830018471,0.06849850899743615
WTM,303,tm,81.02000000000001,0.3069861459953245,0.06994339499942726
WTM,304,tm,81.54,0.3079279149969807,0.06887120100145694
WTM,305,tm,81.85,0.3036317890000646,0.06757574699440738
WTM,306,tm,81.92,0.30042000400135294,0.06855075999919791
WTM,307,tm,80.82000000000001,0.3124832190005691,0.07050642400281504
WTM,308,tm,81.67999999999999,0.30716307099646656,0.07061101799627068
WTM,309,tm,81.81,0.30773384100029944,0.06723115099885035
WTM,310,tm,81.78,0.3025106900022365,0.06812761800392764
WTM,311,tm,81.99,0.31040010499418713,0.07020416900195414
WTM,312,tm,81.41000000000001,0.30727586099965265,0.06999928200093564
WTM,313,tm,80.7,0.296652876000735,0.06815257400012342
WTM,314,tm,81.89,0.30445764499745565,0.06823771400377154
WTM,315,tm,81.25,0.3073143350047758,0.0688495009962935
WTM,316,tm,81.02000000000001,0.30396810000092955,0.06956541600084165
WTM,317,tm,81.36,0.30540436499723,0.06957506400067359
WTM,318,tm,81.39999999999999,0.30315016399981687,0.06887276999623282
WTM,319,tm,81.53,0.3061277570013772,0.06836828899395186
WTM,320,tm,81.61,0.3040797499998007,0.07017270600044867
WTM,321,tm,81.73,0.3048661880020518,0.0671778749965597
WTM,322,tm,81.67,0.3035743389991694,0.06870795600116253
WTM,323,tm,82.28,0.31190051400335506,0.06880961399292573
WTM,324,tm,81.12,0.3056028499995591,0.06858590599586023
WTM,325,tm,81.72,0.3071284260004177,0.07027321199711878
WTM,326,tm,81.94,0.30724897800246254,0.06939906800107565
WTM,327,tm,82.05,0.30107216000033077,0.0674039180012187
WTM,328,tm,80.74,0.3076182059958228,0.06871055100054946
WTM,329,tm,81.85,0.2979253589946893,0.06891734000237193
WTM,330,tm,81.52000000000001,0.3033137809979962,0.06775721099984366
WTM,331,tm,82.16,0.30883801400341326,0.06884806400194066
WTM,332,tm,81.28,0.31792730299639516,0.06908468199981144
WTM,333,tm,81.28,0.30548982299660565,0.06782433300395496
WTM,334,tm,79.47999999999999,0.31052982400433393,0.06848136799817439
WTM,335,tm,80.81,0.31343384500360116,0.06902371699834475
WTM,336,tm,81.01,0.30140774600295117,0.07083864999731304
WTM,337,tm,81.19,0.3104905099971802,0.06815127599838888
WTM,338,tm,81.5,0.3066024169966113,0.06798303200048395
WTM,339,tm,81.39999999999999,0.3124084429946379,0.06919111699971836
WTM,340,tm,80.92,0.31266530100401724,0.07029343400063226
WTM,341,tm,81.39,0.3068201720016077,0.06792426800529938
WTM,342,tm,81.64,0.3014462760038441,0.06850410199695034
WTM,343,tm,80.47999999999999,0.30816610799956834,0.0696625819982728
WTM,344,tm,81.47999999999999,0.3014562009993824,0.06855836300383089
WTM,345,tm,81.36,0.3138947900006315,0.06996136100497097
WTM,346,tm,81.44,0.30837179999798536,0.06841212200379232
WTM,347,tm,81.65,0.3084089629992377,0.06965677400148707
WTM,348,tm,82.07,0.3049476090018288,0.06857083099748706
WTM,349,tm,80.7,0.30932320499414345,0.06410207499720855
WTM,350,tm,81.32000000000001,0.29899856600241037,0.06912126200040802
WTM,351,tm,79.96,0.3021584430025541,0.06778278899582801
WTM,352,tm,81.45,0.30407780099631054,0.06948777299840003
WTM,353,tm,81.71000000000001,0.3043348459978006,0.0700695010018535
WTM,354,tm,81.55,0.3044528369937325,0.0699691609988804
WTM,355,tm,81.35,0.30022614899644395,0.0675806389990612
WTM,356,tm,81.67999999999999,0.3088760909959092,0.06750592699972913
WTM,357,tm,81.39,0.3049148529971717,0.06830596099462127
WTM,358,tm,81.71000000000001,0.3092398820008384,0.06783001599978888
WTM,359,tm,81.82000000000001,0.3000249700053246,0.06957855499786092
WTM,360,tm,81.44,0.303349079003965,0.06720990600297228
WTM,361,tm,80.47999999999999,0.30259262100298656,0.06919892699806951
WTM,362,tm,80.67999999999999,0.3011281700019026,0.06806027000129689
WTM,363,tm,81.58999999999999,0.3059711719979532,0.06814316999953007
WTM,364,tm,81.34,0.3038220949965762,0.06911201799812261
WTM,365,tm,81.57,0.30283925399999134,0.0647271819980233
WTM,366,tm,81.13,0.3057568089934648,0.06901028400170617
WTM,367,tm,81.57,0.30759774999751244,0.06801428099424811
WTM,368,tm,81.92,0.2978993619981338,0.06978412900207331
WTM,369,tm,81.81,0.30927771300048335,0.06944704300258309
WTM,370,tm,81.49,0.3046937799954321,0.07083104699995602
WTM,371,tm,79.7,0.31102193699916825,0.06783780999830924
WTM,372,tm,81.05,0.3052366279953276,0.06893757500074571
WTM,373,tm,81.14,0.30163277799874777,0.06800778699835064
WTM,374,tm,81.17,0.30650278700341005,0.07248783200338949
WTM,375,tm,81.95,0.3143326510034967,0.07032393600093201
WTM,376,tm,81.2,0.30551589900278486,0.0716167749997112
WTM,377,tm,81.14,0.3086480300044059,0.06986550399597036
WTM,378,tm,81.89999999999999,0.30254388499452034,0.06866112400166458
WTM,379,tm,80.2,0.3065063910034951,0.06757418999768561
WTM,380,tm,79.61,0.314639307995094,0.06903711300401483
WTM,381,tm,81.28,0.30611365899676457,0.06528507600160083
WTM,382,tm,81.39,0.3094564769999124,0.06978411799354944
WTM,383,tm,81.3,0.30311255699780304,0.06950517599761952
WTM,384,tm,80.92,0.30668356500245864,0.06940462100465083
WTM,385,tm,81.88,0.309829476995219,0.06710946999373846
WTM,386,tm,81.84,0.30659320399718126,0.06810018699616194
WTM,387,tm,80.66,0.3060764609981561,0.06975937000242993
WTM,388,tm,80.5,0.30894136400456773,0.06875851399672683
WTM,389,tm,80.78,0.29636968200065894,0.06832786700397264
WTM,390,tm,81.07,0.3009408189973328,0.06845778600109043
WTM,391,tm,81.54,0.3097340370004531,0.06749109600059455
WTM,392,tm,80.85,0.30647105100069894,0.06867649299965706
WTM,393,tm,82.59,0.3138226970040705,0.06837757200264605
WTM,394,tm,81.69,0.3127027900045505,0.06838388100004522
WTM,395,tm,79.69000000000001,0.3057481580035528,0.0698232700015069
WTM,396,tm,81.3,0.3099015999978292,0.0705197350034723
WTM,397,tm,81.56,0.30712189999758266,0.07150915800593793
WTM,398,tm,81.42,0.3056890169973485,0.06865128299978096
WTM,399,tm,81.36,0.3062463169990224,0.06850043500162428
WTM,400,tm,81.04,0.30179954799677944,0.06783745700522559
WTM,401,tm,81.46,0.30974075000267476,0.06830006599921035
WTM,402,tm,81.10000000000001,0.30271200599963777,0.06830503499804763
WTM,403,tm,81.17,0.3142776690001483,0.06767965699691558
WTM,404,tm,79.06,0.30854762499802746,0.06827604600402992
WTM,405,tm,80.36,0.3062033149981289,0.06701099600468297
WTM,406,tm,82.06,0.308104200004891,0.06814839100115933
WTM,407,tm,81.19,0.3126200490005431,0.06800166500033811
WTM,408,tm,81.82000000000001,0.30820833100005984,0.06924642500234768
WTM,409,tm,80.95,0.3009622320023482,0.06733791100123199
WTM,410,tm,80.12,0.2953288330027135,0.06845540400536265
WTM,411,tm,80.67,0.31535085199720925,0.06839164099801565
WTM,412,tm,80.39,0.31230873199820053,0.0679876840003999
WTM,413,tm,82.31,0.30400959600228816,0.06907467000564793
WTM,414,tm,82.77,0.31234811700414866,0.06881015900580678
WTM,415,tm,81.65,0.3098954840024817,0.06890925399784464
WTM,416,tm,81.21000000000001,0.3154393059958238,0.0710448890022235
WTM,417,tm,81.42,0.314343377998739,0.06835847000184003
WTM,418,tm,80.7,0.3070969740001601,0.06720451600267552
WTM,419,tm,81.67999999999999,0.3055025280045811,0.06603535799513338
WTM,420,tm,81.14,0.30101458900026046,0.06867755499843042
WTM,421,tm,80.72,0.30669544899865286,0.06885208900348516
WTM,422,tm,81.21000000000001,0.3075359569993452,0.06968221500574145
WTM,423,tm,81.86,0.3084227319995989,0.06867714499821886
WTM,424,tm,81.25,0.30295387099613436,0.0659588580019772
WTM,425,tm,81.5,0.3118273939981009,0.0691788580006687
WTM,426,tm,81.37,0.3016902410017792,0.06883726399973966
WTM,427,tm,80.67999999999999,0.30256990599446,0.06828751799912425
WTM,428,tm,81.65,0.31111280799814267,0.0674690589949023
WTM,429,tm,81.5,0.3033430919967941,0.06898184300371213
WTM,430,tm,82.17,0.3044095119985286,0.0683333830020274
WTM,431,tm,81.31,0.3023445430007996,0.067626243995619
WTM,432,tm,81.73,0.3134178559994325,0.06877235599677078
WTM,433,tm,80.85,0.3101724980006111,0.07033488599699922
WTM,434,tm,80.42,0.3111825680025504,0.06841682399681304
WTM,435,tm,82.01,0.3034449289989425,0.06708436599728884
WTM,436,tm,81.58,0.31085622000682633,0.06912795799871674
WTM,437,tm,81.78999999999999,0.304656692998833,0.06835868999769446
WTM,438,tm,80.76,0.30520258899923647,0.06839145300182281
WTM,439,tm,81.89999999999999,0.30162000699783675,0.06989573399914661
WTM,440,tm,80.60000000000001,0.3047250890012947,0.0685895709975739
WTM,441,tm,82.32000000000001,0.3039170900010504,0.06861581400153227
WTM,442,tm,81.08999999999999,0.32022668400168186,0.0677418769992073
WTM,443,tm,82.01,0.30808026200247696,0.06951945300534135
WTM,444,tm,81.08,0.3036664280007244,0.0688142200015136
WTM,445,tm,81.81,0.30432668800494866,0.06742850500450004
WTM,446,tm,81.55,0.3040401410034974,0.07054452499869512
WTM,447,tm,80.52,0.30915408399596345,0.07002847699914128
WTM,448,tm,81.10000000000001,0.3084054290011409,0.06931717100087553
WTM,449,tm,80.04,0.31345887900533853,0.0688953369972296
WTM,450,tm,82.03,0.3014195919968188,0.06899397500092164
WTM,451,tm,82.37,0.3042246379991411,0.06979886100452859
WTM,452,tm,79.93,0.3025173799978802,0.06985661799990339
WTM,453,tm,82.37,0.3150974079981097,0.06629805499687791
WTM,454,tm,81.78999999999999,0.3043005939980503,0.06857942200440448
WTM,455,tm,81.32000000000001,0.30219851799483877,0.06833745400217595
WTM,456,tm,82.37,0.31125864000205183,0.06823210399306845
WTM,457,tm,81.07,0.30791729200427653,0.06952601300145034
WTM,458,tm,81.04,0.3120011600040016,0.06957799699739553
WTM,459,tm,81.75,0.30148413599818014,0.06819576099951519
WTM,460,tm,81.12,0.30763989799743285,0.0678276079997886
WTM,461,tm,81.88,0.3028463019945775,0.06952555699535878
WTM,462,tm,80.38,0.3069932240032358,0.06975507600145647
WTM,463,tm,80.83,0.3014362880057888,0.06770657800370827
WTM,464,tm,81.49,0.30652830499457195,0.06646264199662255
WTM,465,tm,80.85,0.29535374899569433,0.06576541500544408
WTM,466,tm,81.5,0.30228928799624555,0.06789928999933181
WTM,467,tm,81.17,0.3046752299997024,0.06776229100069031
WTM,468,tm,81.95,0.30942396000318695,0.06717243499588221
WTM,469,tm,82.02000000000001,0.3132923049997771,0.06760592399950838
WTM,470,tm,81.03,0.3058456770013436,0.06793619300151477
WTM,471,tm,80.9,0.296715917000256,0.06863660299859475
WTM,472,tm,82.06,0.30141734200151404,0.06947873699391494
WTM,473,tm,80.10000000000001,0.3142750810002326,0.06976844699966023
WTM,474,tm,81.05,0.3044454670016421,0.06930725799611537
WTM,475,tm,80.82000000000001,0.30154694600059884,0.0687262860010378
WTM,476,tm,81.58,0.3089138750001439,0.06804236600146396
WTM,477,tm,82.02000000000001,0.3032975609967252,0.06740405200253008
WTM,478,tm,81.88,0.30897358500078553,0.06986999200307764
WTM,479,tm,81.82000000000001,0.3000742039948818,0.06743676799669629
WTM,480,tm,81.3,0.3047599080018699,0.06868804099940462
WTM,481,tm,81.24,0.3097499340001377,0.07025805600278545
WTM,482,tm,80.99,0.2989137900003698,0.06912228999863146
WTM,483,tm,81.78,0.3050260710006114,0.06612625600246247
WTM,484,tm,81.02000000000001,0.30494797200663015,0.06865472400386352
WTM,485,tm,82.38,0.3030792709978414,0.06649646800360642
WTM,486,tm,81.07,0.30748585800029105,0.06863585599785438
WTM,487,tm,81.99,0.3038823800015962,0.0676619709993247
WTM,488,tm,81.46,0.3035845250051352,0.06783348099997966
WTM,489,tm,81.12,0.30978537799819605,0.06922865199885564
WTM,490,tm,81.78,0.30592707799951313,0.07001939699694049
WTM,491,tm,81.23,0.3145542389975162,0.06977725199976703
WTM,492,tm,81.57,0.30750416799855884,0.06807621900225058
WTM,493,tm,81.56,0.3082912600002601,0.06769522200193023
WTM,494,tm,80.04,0.31771982200007187,0.06978513800277142
WTM,495,tm,80.45,0.3022781340041547,0.06904861899965908
WTM,496,tm,81.3,0.3091817530003027,0.07008930700249039
WTM,497,tm,80.85,0.3081873010014533,0.06904068199946778
WTM,498,tm,81.57,0.300850592997449,0.06948401300178375
WTM,499,tm,81.28,0.31166129700432066,0.07041593399480917
WTM,500,tm,81.3,0.3050238020005054,0.0690833830012707
WTM-NN,1,tm,76.75,0.3896562459995039,0.06618120000348426
WTM-NN,2,tm,78.05,0.35361005600134376,0.06650880899542244
WTM-NN,3,tm,78.29,0.3541863749996992,0.06873616800294258
WTM-NN,4,tm,79.42,0.3478536550028366,0.06802786700427532
WTM-NN,5,tm,77.61,0.3303992319997633,0.06762711099872831
WTM-NN,6,tm,78.67,0.3390970420005033,0.06848390400409698
WTM-NN,7,tm,79.55,0.3452377170033287,0.0679277750023175
WTM-NN,8,tm,80.72,0.333422021001752,0.06875015699915821
WTM-NN,9,tm,80.69,0.3329456829960691,0.06829975599976024
WTM-NN,10,tm,81.28,0.3297821849992033,0.06762429700029315
WTM-NN,11,tm,80.97,0.33190829799423227,0.06872343299619388
WTM-NN,12,tm,80.45,0.33837827200477477,0.06816724699456245
WTM-NN,13,tm,80.72,0.3288842409965582,0.06703187600214733
WTM-NN,14,tm,80.39,0.3280078809984843,0.06997086099727312
WTM-NN,15,tm,80.17,0.3145688440054073,0.06653378000191879
WTM-NN,16,tm,80.11,0.3195655520030414,0.06872495599964168
WTM-NN,17,tm,81.47999999999999,0.32576435900409706,0.06938868400175124
WTM-NN,18,tm,80.72,0.3217590460044448,0.07007881199388066
WTM-NN,19,tm,80.58,0.3313900859939167,0.06801574299606727
WTM-NN,20,tm,80.58,0.3085698790018796,0.06771211299928837
WTM-NN,21,tm,79.69000000000001,0.3237670699963928,0.06827407300443156
WTM-NN,22,tm,81.24,0.3213435329962522,0.06749042899900815
WTM-NN,23,tm,80.25,0.31820858499850146,0.06881302999681793
WTM-NN,24,tm,81.21000000000001,0.3207821550022345,0.0687924679950811
WTM-NN,25,tm,81.10000000000001,0.31783228799758945,0.06658696900558425
WTM-NN,26,tm,80.76,0.31615314700320596,0.06811945399385877
WTM-NN,27,tm,81.06,0.32864999599405564,0.06857497500459431
WTM-NN,28,tm,79.84,0.3179353669984266,0.06881793399952585
WTM-NN,29,tm,81.77,0.3274217919970397,0.06978325299860444
WTM-NN,30,tm,81.47999999999999,0.3247782210019068,0.06975867300207028
WTM-NN,31,tm,80.38,0.33453705499414355,0.06859271300345426
WTM-NN,32,tm,81.69999999999999,0.3070956980009214,0.06958753000071738
WTM-NN,33,tm,81.24,0.30699048299720744,0.06826574599836022
WTM-NN,34,tm,80.45,0.3195200729969656,0.06800640200526686
WTM-NN,35,tm,78.84,0.31057280200184323,0.06729344700579531
WTM-NN,36,tm,80.67999999999999,0.31245416100136936,0.06726643000001786
WTM-NN,37,tm,80.96,0.3089211189944763,0.06726684099703562
WTM-NN,38,tm,80.47999999999999,0.31252468999446137,0.06727590999798849
WTM-NN,39,tm,81.08,0.3122139490005793,0.06739211300009629
WTM-NN,40,tm,80.33,0.3106417439994402,0.06801890499627916
WTM-NN,41,tm,80.24,0.316895398995257,0.06868569299695082
WTM-NN,42,tm,81.07,0.31390450400067493,0.06822290499985684
WTM-NN,43,tm,81.22,0.3044659209990641,0.06696894299966516
WTM-NN,44,tm,80.45,0.3061881620014901,0.06846905000566039
WTM-NN,45,tm,81.47999999999999,0.30243600600078935,0.06878661300288513
WTM-NN,46,tm,80.85,0.3207845270007965,0.06825903600110905
WTM-NN,47,tm,80.49,0.3067171020011301,0.06785145900357747
WTM-NN,48,tm,80.54,0.3179357089975383,0.0690931270000874
WTM-NN,49,tm,80.97999999999999,0.3162586519974866,0.07031657899642596
WTM-NN,50,tm,81.32000000000001,0.3166778239974519,0.06955599700449966
WTM-NN,51,tm,81.88,0.313043102993106,0.06917049800540553
WTM-NN,52,tm,82.3,0.3226019279973116,0.0687762349989498
WTM-NN,53,tm,82.27,0.3086219860051642,0.06987010900047608
WTM-NN,54,tm,81.53,0.31896343200060073,0.06850224299705587
WTM-NN,55,tm,80.73,0.3149378189991694,0.06879857400053879
WTM-NN,56,tm,81.08999999999999,0.30536054100230103,0.07467974400060484
WTM-NN,57,tm,81.93,0.3073611410000012,0.06846129900077358
WTM-NN,58,tm,81.74,0.30939706699427916,0.06839924900123151
WTM-NN,59,tm,81.26,0.30911062700033654,0.06903041400073562
WTM-NN,60,tm,80.56,0.3120763140032068,0.06746010800270597
WTM-NN,61,tm,79.77,0.3087883340049302,0.06847303399990778
WTM-NN,62,tm,81.15,0.3101429599992116,0.06438383900240296
WTM-NN,63,tm,79.95,0.3045988220037543,0.07012346400006209
WTM-NN,64,tm,82.09,0.3054684050002834,0.06759492899436736
WTM-NN,65,tm,81.26,0.30862170700129354,0.06890403999568662
WTM-NN,66,tm,82.06,0.30894563699985156,0.06891807699867059
WTM-NN,67,tm,81.71000000000001,0.29839344100037124,0.0720663819956826
WTM-NN,68,tm,80.51,0.31234386000141967,0.06766325399803463
WTM-NN,69,tm,80.52,0.31337776700092945,0.06867616700037615
WTM-NN,70,tm,81.47,0.30817034900246654,0.0696606619967497
WTM-NN,71,tm,82.34,0.3130364130047383,0.07075766200432554
WTM-NN,72,tm,81.35,0.3115951439976925,0.06999001200165367
WTM-NN,73,tm,82.19999999999999,0.31437269000161905,0.06905774799815845
WTM-NN,74,tm,82.07,0.30836727999849245,0.07237469500250882
WTM-NN,75,tm,82.01,0.3068107519939076,0.06905535099940607
WTM-NN,76,tm,81.07,0.31233029600116424,0.06769023500237381
WTM-NN,77,tm,80.51,0.305234355997527,0.06752105000487063
WTM-NN,78,tm,81.69999999999999,0.3118037579988595,0.06976225799735403
WTM-NN,79,tm,81.36,0.3116194350004662,0.06906983099906938
WTM-NN,80,tm,81.96,0.3058349399943836,0.07094926600257168
WTM-NN,81,tm,81.92,0.30492801400396274,0.06824385099753272
WTM-NN,82,tm,81.38,0.313688504997117,0.0678588629962178
WTM-NN,83,tm,81.63,0.3141132529999595,0.06805769899801817
WTM-NN,84,tm,81.46,0.3159530330012785,0.06805318200349575
WTM-NN,85,tm,81.46,0.3044070560063119,0.06684353099990403
WTM-NN,86,tm,81.71000000000001,0.30449103400314925,0.06829945099889301
WTM-NN,87,tm,80.96,0.30284498300170526,0.06813275100284955
WTM-NN,88,tm,82.15,0.30382234799617436,0.06842663299903506
WTM-NN,89,tm,81.06,0.3130290300032357,0.068884057996911
WTM-NN,90,tm,81.38,0.3106503189992509,0.0679143870002008
WTM-NN,91,tm,82.08,0.3150656599973445,0.0670973519954714
WTM-NN,92,tm,81.54,0.2995909790042788,0.06785663500340888
WTM-NN,93,tm,82.02000000000001,0.31143597300251713,0.0658594729975448
WTM-NN,94,tm,81.58,0.3129285299946787,0.06769780000468018
WTM-NN,95,tm,81.62,0.31332525300240377,0.0681949909994728
WTM-NN,96,tm,81.49,0.30570606700348435,0.06862502100557322
WTM-NN,97,tm,82.39,0.3173059680048027,0.06721216299774824
WTM-NN,98,tm,81.42,0.3125028580034268,0.06943603599938797
WTM-NN,99,tm,80.9,0.3130183470057091,0.0688055170030566
WTM-NN,100,tm,81.5,0.3043818900041515,0.06778040100471117
WTM-NN,101,tm,80.65,0.314184311995632,0.06646916300087469
WTM-NN,102,tm,82.56,0.29915332500240766,0.06808463799825404
WTM-NN,103,tm,81.96,0.310500775995024,0.06911141800082987
WTM-NN,104,tm,81.12,0.32065405899629695,0.06872387300245464
WTM-NN,105,tm,81.88,0.3059465159967658,0.0697829799973988
WTM-NN,106,tm,81.67,0.30792120000114664,0.066421645002265
WTM-NN,107,tm,81.24,0.3019826610034215,0.068356986004801
WTM-NN,108,tm,81.23,0.3060533910029335,0.06859586900100112
WTM-NN,109,tm,81.96,0.3095337230042787,0.07227963300101692
WTM-NN,110,tm,81.64,0.31092546899890294,0.06923813600587891
WTM-NN,111,tm,80.71000000000001,0.3026671669940697,0.06965287400089437
WTM-NN,112,tm,81.23,0.3152306780029903,0.06790262799768243
WTM-NN,113,tm,81.95,0.29906041000504047,0.06897445100184996
WTM-NN,114,tm,81.23,0.304651690996252,0.06915749399922788
WTM-NN,115,tm,81.8,0.3130673050036421,0.0688155289972201
WTM-NN,116,tm,80.27,0.3162746080051875,0.06914330099971266
WTM-NN,117,tm,81.11,0.3134643840021454,0.06597870899713598
WTM-NN,118,tm,81.41000000000001,0.30532475999643793,0.06914671100093983
WTM-NN,119,tm,81.91000000000001,0.30241592899983516,0.06913837499450892
WTM-NN,120,tm,81.96,0.291488589005894,0.06738831799884792
WTM-NN,121,tm,81.86,0.3061644609988434,0.06739929300238146
WTM-NN,122,tm,81.99,0.3002329200025997,0.07303878600214375
WTM-NN,123,tm,81.67999999999999,0.3084685020003235,0.06923834000190254
WTM-NN,124,tm,81.87,0.3011935230024392,0.06921786600287305
WTM-NN,125,tm,82.15,0.30995429000176955,0.06854780799767468
WTM-NN,126,tm,82.24000000000001,0.3181100840010913,0.06803605399909429
WTM-NN,127,tm,81.87,0.3165586559989606,0.06833540300431196
WTM-NN,128,tm,81.58,0.30935950400453294,0.06530080300581176
WTM-NN,129,tm,81.31,0.3123876929967082,0.06914118400163716
WTM-NN,130,tm,81.49,0.3075734649974038,0.07097740699828137
WTM-NN,131,tm,81.69,0.3048527790015214,0.06953156599774957
WTM-NN,132,tm,80.93,0.306577504001325,0.06798024500312749
WTM-NN,133,tm,81.08,0.307990355999209,0.06945945099869277
WTM-NN,134,tm,80.67999999999999,0.3100005090018385,0.06597517499903915
WTM-NN,135,tm,80.87,0.30686237099871505,0.06861878399649868
WTM-NN,136,tm,80.25999999999999,0.31472412499715574,0.0682161289951182
WTM-NN,137,tm,81.54,0.3031265440004063,0.06828922299609985
WTM-NN,138,tm,81.23,0.3066400160023477,0.06847130099777132
WTM-NN,139,tm,81.58999999999999,0.30421662899607327,0.0674511910037836
WTM-NN,140,tm,80.46,0.30447006100439467,0.06733019899547799
WTM-NN,141,tm,81.88,0.29706591500143986,0.06651728099677712
WTM-NN,142,tm,81.76,0.3161393059999682,0.06600068999978248
WTM-NN,143,tm,81.69999999999999,0.29524251399561763,0.06822088600165443
WTM-NN,144,tm,79.86,0.3079788289978751,0.06794972300122026
WTM-NN,145,tm,80.73,0.305272616998991,0.06788178800343303
WTM-NN,146,tm,81.73,0.299962092001806,0.06803669800137868
WTM-NN,147,tm,82.01,0.3100611720001325,0.06861556600051699
WTM-NN,148,tm,81.06,0.30330651300027966,0.06862082500447286
WTM-NN,149,tm,82.16,0.31400829799531493,0.06936590000259457
WTM-NN,150,tm,81.06,0.3103232549983659,0.06857956100429874
WTM-NN,151,nn,83.17999999999999,0.21567511100147385,0.06970828900375636
WTM-NN,152,nn,82.96,0.2195954269991489,0.07070672999543604
WTM-NN,153,nn,83.09,0.2189746029980597,0.0696157359998324
WTM-NN,154,nn,83.1,0.2709012119958061,0.07014050900033908
WTM-NN,155,nn,82.88,0.21796270500635728,0.07041866400686558
WTM-NN,156,nn,83.00999999999999,0.2192133990029106,0.06879612400371116
WTM-NN,157,nn,82.85,0.20288282800174784,0.07056596499751322
WTM-NN,158,nn,82.86,0.26670471700344933,0.07075722700392362
WTM-NN,159,nn,83.06,0.21950276200368535,0.06985501499730162
WTM-NN,160,nn,83.03,0.2234295629968983,0.06980630700127222
WTM-NN,161,nn,83.00999999999999,0.21401335300470237,0.06972315999882994
WTM-NN,162,nn,82.87,0.2689745069947094,0.06986908299586503
WTM-NN,163,nn,83.02000000000001,0.21649886700470233,0.07116297699394636
WTM-NN,164,nn,83.03,0.21815432599396445,0.07112997100193752
WTM-NN,165,nn,83.12,0.2012103009983548,0.07152423400111729
WTM-NN,166,nn,83.09,0.268403928996122,0.06919236599787837
WTM-NN,167,nn,83.11,0.21753292600624263,0.07056923300115159
WTM-NN,168,nn,83.08,0.20298000899492763,0.06997316899651196
WTM-NN,169,nn,83.12,0.19987390999449417,0.07003312600136269
WTM-NN,170,nn,83.19,0.22367926200240618,0.07011459199566161
WTM-NN,171,nn,83.14,0.26365328099927865,0.07057303300098283
WTM-NN,172,nn,83.21,0.21759772200312,0.07048883100651437
WTM-NN,173,nn,83.28,0.19550368100317428,0.07058947699988494
WTM-NN,174,nn,83.47,0.19672276699566282,0.06979203799710376
WTM-NN,175,nn,83.32000000000001,0.25522353799897246,0.07119971599604469
WTM-NN,176,nn,83.37,0.19437001399637666,0.07001665300049353
WTM-NN,177,nn,83.41,0.19549867199384607,0.06860534300358268
WTM-NN,178,nn,83.61,0.19583345399587415,0.07245701799547533
WTM-NN,179,nn,83.63000000000001,0.2488922789998469,0.06949197799985996
WTM-NN,180,nn,83.54,0.19524824499967508,0.0682852140016621
WTM-NN,181,nn,83.58,0.1963292609943892,0.07013497899606591
WTM-NN,182,nn,83.78,0.19875163299730048,0.06868304899398936
WTM-NN,183,nn,83.73,0.24361526599386707,0.06989200300449738
WTM-NN,184,nn,83.85000000000001,0.19807159100309946,0.07068848100607283
WTM-NN,185,nn,83.73,0.19824211000377545,0.07095704899984412
WTM-NN,186,nn,83.74000000000001,0.22084344000177225,0.07014143100241199
WTM-NN,187,nn,83.82,0.1962900780054042,0.0698441950007691
WTM-NN,188,nn,84.0,0.246631250003702,0.06878622300428106
WTM-NN,189,nn,84.06,0.1973211540025659,0.06981327499670442
WTM-NN,190,nn,83.96000000000001,0.1951551450038096,0.0695341320024454
WTM-NN,191,nn,84.0,0.19686574300430948,0.06942892499500886
WTM-NN,192,nn,84.02,0.24656283899821574,0.06984719000320183
WTM-NN,193,nn,83.96000000000001,0.2003293220041087,0.06896124400373083
WTM-NN,194,nn,84.06,0.19699976599804359,0.06950343100470491
WTM-NN,195,nn,84.17,0.1959653510057251,0.07086321700626286
WTM-NN,196,nn,84.06,0.2488276429940015,0.06992506799724652
WTM-NN,197,nn,84.17,0.1954214010038413,0.07001545900129713
WTM-NN,198,nn,84.05,0.1964864440014935,0.06949480000184849
WTM-NN,199,nn,84.11,0.19611799300037092,0.07049400699906982
WTM-NN,200,nn,84.09,0.2613451079960214,0.07142944500083104
WTM-NN,201,nn,84.27,0.19981926699983887,0.07007655000052182
WTM-NN,202,nn,84.17999999999999,0.21527955499914242,0.07031455399555853
WTM-NN,203,nn,84.09,0.21265319600206567,0.06918686399876606
WTM-NN,204,nn,84.09,0.19573810700239846,0.06955068500246853
WTM-NN,205,nn,84.17,0.24486815300042508,0.06923127199843293
WTM-NN,206,nn,84.11,0.19960212700243574,0.07010247900325339
WTM-NN,207,nn,84.23,0.20051109099586029,0.07034099999873433
WTM-NN,208,nn,84.23,0.21004785799595993,0.0703926800051704
WTM-NN,209,nn,84.11,0.2611754640020081,0.0700631119980244
WTM-NN,210,nn,84.19,0.20081437100452604,0.06951569800003199
WTM-NN,211,nn,84.21,0.1948370420068386,0.0688340509950649
WTM-NN,212,nn,84.11,0.2002582720015198,0.06946128800336737
WTM-NN,213,nn,84.13000000000001,0.2618229200015776,0.06834646400238853
WTM-NN,214,nn,84.09,0.19687471199722495,0.07014086200069869
WTM-NN,215,nn,84.25,0.20134695900196675,0.06761010700574843
WTM-NN,216,nn,84.11999999999999,0.21179008900071494,0.07139026899676537
WTM-NN,217,nn,83.98,0.26236929000151576,0.071347199002048
WTM-NN,218,nn,84.19,0.21669190599641297,0.06979006500478135
WTM-NN,219,nn,84.2,0.20244491699850187,0.07088437600032194
WTM-NN,220,nn,84.2,0.19733886199537665,0.06971212200005539
WTM-NN,221,nn,84.09,0.20475274699856527,0.06973262199608143
WTM-NN,222,nn,84.25,0.26220437200390734,0.06770384499395732
WTM-NN,223,nn,84.1,0.2169402499930584,0.06984580600692425
WTM-NN,224,nn,84.17999999999999,0.2100829179980792,0.069354879000457
WTM-NN,225,nn,84.17,0.2003648250029073,0.07066267499612877
WTM-NN,226,nn,84.09,0.2581956919966615,0.06974363399785943
WTM-NN,227,nn,84.25,0.21794181899895193,0.07086965799680911
WTM-NN,228,nn,84.22,0.21858061399689177,0.07085712299885927
WTM-NN,229,nn,84.22,0.22133869999379385,0.06904022800154053
WTM-NN,230,nn,84.07,0.26943389500229387,0.06988946100318572
WTM-NN,231,nn,84.21,0.2079609300053562,0.07051056899945252
WTM-NN,232,nn,84.17999999999999,0.21850194199942052,0.06693467099830741
WTM-NN,233,nn,84.15,0.21758501099975547,0.06912327199825086
WTM-NN,234,nn,84.1,0.26879398000164656,0.06783184799860464
WTM-NN,235,nn,83.95,0.21762696400401182,0.06750541599467397
WTM-NN,236,nn,84.2,0.21105989599891473,0.07087078299809946
WTM-NN,237,nn,84.06,0.21705406600085553,0.06935060000250814
WTM-NN,238,nn,84.15,0.19935574299597647,0.06734952300030272
WTM-NN,239,nn,84.09,0.26648121300240746,0.06985275199986063
WTM-NN,240,nn,84.25,0.21366877700347686,0.06981774300220422
WTM-NN,241,nn,84.19,0.20844289300293894,0.06813369500014232
WTM-NN,242,nn,84.2,0.215548125001078,0.06763887200213503
WTM-NN,243,nn,84.17999999999999,0.2810455450016889,0.06979988300008699
WTM-NN,244,nn,84.22,0.20967196700075874,0.06638956399547169
WTM-NN,245,nn,84.13000000000001,0.20569674800208304,0.0702347389960778
WTM-NN,246,nn,84.33,0.2139968420015066,0.06814933999703499
WTM-NN,247,nn,84.25,0.26956877700285986,0.06896348200098146
WTM-NN,248,nn,84.1,0.20908404299552785,0.06756725600280333
WTM-NN,249,nn,84.15,0.21694819199910853,0.06785343299998203
WTM-NN,250,nn,84.24000000000001,0.21385650300362613,0.06836269300401909
WTM-NN,251,nn,84.23,0.26854150599683635,0.06906947699462762
WTM-NN,252,nn,84.27,0.20484844600287033,0.06734705599956214
WTM-NN,253,nn,84.19,0.21822748600243358,0.07396703200356569
WTM-NN,254,nn,84.26,0.19735279399901628,0.06883193099929485
WTM-NN,255,nn,84.25,0.26289570800145157,0.06959154699870851
WTM-NN,256,nn,84.09,0.22059104499930982,0.07036508499732008
WTM-NN,257,nn,84.11,0.21251421399938408,0.0693561200023396
WTM-NN,258,nn,84.24000000000001,0.19626251400040928,0.07107359300425742
WTM-NN,259,nn,84.09,0.19652556700020796,0.07070264799403958
WTM-NN,260,nn,84.17,0.24641523100581253,0.06956194599479204
WTM-NN,261,nn,84.09,0.19566210899938596,0.06946128499839688
WTM-NN,262,nn,84.13000000000001,0.1977465200034203,0.0713898629983305
WTM-NN,263,nn,84.23,0.2112875120001263,0.07005645399476634
WTM-NN,264,nn,84.11999999999999,0.26356034399941564,0.07013432600069791
WTM-NN,265,nn,84.17,0.2151844589971006,0.07078351700329222
WTM-NN,266,nn,84.17999999999999,0.19595808500162093,0.06718695900053717
WTM-NN,267,nn,84.17999999999999,0.20554080899455585,0.06944215999828884
WTM-NN,268,nn,84.19,0.2645040260031237,0.06931068500125548
WTM-NN,269,nn,84.13000000000001,0.20400066200090805,0.06763288399815792
WTM-NN,270,nn,84.14,0.19989603500289377,0.06823108700336888
WTM-NN,271,nn,84.17,0.19991832599771442,0.06595241100148996
WTM-NN,272,nn,84.15,0.2577275389994611,0.0689149730023928
WTM-NN,273,nn,83.95,0.21858969399909256,0.06780987199454103
WTM-NN,274,nn,84.13000000000001,0.21465549399727024,0.07016691800527042
WTM-NN,275,nn,84.2,0.2161472119987593,0.0690723150037229
WTM-NN,276,nn,84.13000000000001,0.21880860600504093,0.07027286400261801
WTM-NN,277,nn,84.17,0.2699040139996214,0.06910862900258508
WTM-NN,278,nn,84.28,0.19836549799947534,0.07058017300005304
WTM-NN,279,nn,84.23,0.20140637599979527,0.06819868100137683
WTM-NN,280,nn,84.19,0.1945625540029141,0.06920037799864076
WTM-NN,281,nn,84.13000000000001,0.2438770389999263,0.06925264799792785
WTM-NN,282,nn,84.17999999999999,0.19483241000125417,0.06929968499753159
WTM-NN,283,nn,84.11,0.1966553419988486,0.07049708300473867
WTM-NN,284,nn,84.2,0.1952505029985332,0.06988256800104864
WTM-NN,285,nn,84.19,0.25679599300201517,0.06956887200067285
WTM-NN,286,nn,84.25,0.20864006200281437,0.07059449300140841
WTM-NN,287,nn,84.22,0.19604822900146246,0.07070683399797417
WTM-NN,288,nn,84.28,0.1955435519994353,0.0705292950005969
WTM-NN,289,nn,84.13000000000001,0.24571741399995517,0.06836873199790716
WTM-NN,290,nn,84.19,0.19901803399989149,0.06916517399804434
WTM-NN,291,nn,84.21,0.19299984100507572,0.06784444099321263
WTM-NN,292,nn,84.23,0.21986009500687942,0.0700769830000354
WTM-NN,293,nn,84.21,0.21745037099753972,0.0700674670006265
WTM-NN,294,nn,84.32,0.25624075200175866,0.06837989899941022
WTM-NN,295,nn,84.17999999999999,0.21926449799502734,0.06707849899976281
WTM-NN,296,nn,84.17,0.2171157070042682,0.06940420200407971
WTM-NN,297,nn,84.22,0.21631762199831428,0.06892825799877755
WTM-NN,298,nn,84.19,0.26948757199716056,0.06721521399595076
WTM-NN,299,nn,84.1,0.21685620400239713,0.07093478699971456
WTM-NN,300,nn,84.15,0.22259518100327114,0.07086871600040467
WTM-NN,301,nn,84.09,0.2241607469986775,0.0680019369974616
WTM-NN,302,nn,84.17,0.2573604740027804,0.07036486200377112
WTM-NN,303,nn,84.19,0.2161098810029216,0.07011351199616911
WTM-NN,304,nn,84.03,0.20563460599805694,0.07072024799708743
WTM-NN,305,nn,84.23,0.21802221300458768,0.06709828200109769
WTM-NN,306,nn,84.15,0.2515510590019403,0.06945034799718997
WTM-NN,307,nn,84.1,0.20377697700314457,0.07049139399896376
WTM-NN,308,nn,84.1,0.22152411400020355,0.06982005999452667
WTM-NN,309,nn,84.17999999999999,0.21697193499858258,0.06944130299962126
WTM-NN,310,nn,84.02,0.21990840700163972,0.06768076099979226
WTM-NN,311,nn,84.24000000000001,0.28037804999621585,0.07017146999714896
WTM-NN,312,nn,84.11999999999999,0.22071205799875315,0.06748626199987484
WTM-NN,313,nn,84.2,0.2122880710012396,0.07280575600452721
WTM-NN,314,nn,84.24000000000001,0.21220976199401775,0.0689129519960261
WTM-NN,315,nn,84.07,0.2670958000016981,0.06848036400333513
WTM-NN,316,nn,84.2,0.19549322000239044,0.06986967100237962
WTM-NN,317,nn,84.23,0.19584710000344785,0.06779041700065136
WTM-NN,318,nn,84.0,0.2103837829999975,0.06769594199431594
WTM-NN,319,nn,84.09,0.2655741299968213,0.06759764099842869
WTM-NN,320,nn,84.23,0.1999877429989283,0.07047359399439301
WTM-NN,321,nn,84.0,0.208347589999903,0.06761880900012329
WTM-NN,322,nn,84.17999999999999,0.20784924599865917,0.06880604400066659
WTM-NN,323,nn,84.11,0.2610226240067277,0.06962944399856497
WTM-NN,324,nn,84.13000000000001,0.20257256100012455,0.06654040099965641
WTM-NN,325,nn,84.07,0.19599454799754312,0.06933853100053966
WTM-NN,326,nn,84.08,0.20233110499975737,0.07027391500014346
WTM-NN,327,nn,84.15,0.2677028820035048,0.0676909500034526
WTM-NN,328,nn,84.24000000000001,0.19802875100140227,0.06882206600130303
WTM-NN,329,nn,84.16,0.20257156899606343,0.06626565400074469
WTM-NN,330,nn,84.33,0.21868144600011874,0.07043489799980307
WTM-NN,331,nn,84.07,0.20450051100488054,0.07076207299542148
WTM-NN,332,nn,84.19,0.2676799789987854,0.06912508200184675
WTM-NN,333,nn,84.25,0.20078189599735197,0.07051280000450788
WTM-NN,334,nn,84.2,0.21730632400431205,0.06974248299957253
WTM-NN,335,nn,84.08,0.19979050700203516,0.07320861899643205
WTM-NN,336,nn,84.24000000000001,0.2696414800011553,0.07000809600140201
WTM-NN,337,nn,84.16,0.21838519000448287,0.06832281799870543
WTM-NN,338,nn,84.11999999999999,0.20959959899482783,0.06963439600076526
WTM-NN,339,nn,84.25,0.19650865600124234,0.06866169499699026
WTM-NN,340,nn,84.23,0.24534963299811352,0.06828609899821458
WTM-NN,341,nn,84.17,0.19538852100231452,0.0692011100036325
WTM-NN,342,nn,84.13000000000001,0.19782160600152565,0.06990303400380071
WTM-NN,343,nn,84.17999999999999,0.20067780400131596,0.06882631099870196
WTM-NN,344,nn,84.27,0.24873864500113996,0.06951932600350119
WTM-NN,345,nn,84.09,0.22301979899930302,0.0712352680056938
WTM-NN,346,nn,84.00999999999999,0.217864650003321,0.07091609700000845
WTM-NN,347,nn,84.14,0.21731137599999784,0.0711138890037546
WTM-NN,348,nn,84.06,0.19421835400135024,0.06685985100193648
WTM-NN,349,nn,84.24000000000001,0.2467636159999529,0.06903818800492445
WTM-NN,350,nn,84.07,0.20052004600438522,0.07038567099516513
WTM-NN,351,nn,84.17999999999999,0.2210285860055592,0.07046882500435458
WTM-NN,352,nn,84.17,0.2222222319978755,0.06997270200372441
WTM-NN,353,nn,84.07,0.2700731779987109,0.06921569699625252
WTM-NN,354,nn,84.11,0.2166430279976339,0.06800236800336279
WTM-NN,355,nn,84.15,0.22515795399522176,0.07209366100141779
WTM-NN,356,nn,84.19,0.21978405399568146,0.06823547299427446
WTM-NN,357,nn,84.13000000000001,0.2640927800021018,0.06835920999583323
WTM-NN,358,nn,84.14,0.22061284999654163,0.07014541100215865
WTM-NN,359,nn,84.17,0.22372873200220056,0.07010690799506847
WTM-NN,360,nn,84.11,0.21817223700054456,0.06884729000012157
WTM-NN,361,nn,84.36,0.26393994800309883,0.06975920499826316
WTM-NN,362,nn,84.05,0.20818609400157584,0.06945739399816375
WTM-NN,363,nn,84.17,0.2087300779967336,0.07058975400286727
WTM-NN,364,nn,84.03,0.21018670799821848,0.06805220700334758
WTM-NN,365,nn,84.2,0.19888894700125093,0.06607428300048923
WTM-NN,366,nn,84.23,0.24749013199470937,0.06773377700301353
WTM-NN,367,nn,84.19,0.19441971599735552,0.0697690680026426
WTM-NN,368,nn,84.19,0.19497423400025582,0.06750964399543591
WTM-NN,369,nn,84.19,0.19600545599678298,0.06800952900084667
WTM-NN,370,nn,84.08,0.2441605649946723,0.06780889399669832
WTM-NN,371,nn,84.24000000000001,0.1993674559998908,0.06717698799911886
WTM-NN,372,nn,84.08,0.19501164599932963,0.06873764900228707
WTM-NN,373,nn,84.26,0.19928036799683468,0.06955410799855599
WTM-NN,374,nn,84.2,0.24538496100285556,0.06773256300220964
WTM-NN,375,nn,84.19,0.19503916800022125,0.06716104999941308
WTM-NN,376,nn,84.1,0.19724481000594096,0.07011725899792509
WTM-NN,377,nn,84.17999999999999,0.19230918800167274,0.06977033700241009
WTM-NN,378,nn,84.13000000000001,0.2691226800016011,0.07167217000096571
WTM-NN,379,nn,84.11,0.19447144800506067,0.06996745599462884
WTM-NN,380,nn,84.19,0.1971430909979972,0.0686854140003561
WTM-NN,381,nn,84.03,0.1961854580004001,0.06689951699809171
WTM-NN,382,nn,84.11,0.19504462300392333,0.06753287299943622
WTM-NN,383,nn,84.17,0.24731981399963843,0.06903423699986888
WTM-NN,384,nn,84.24000000000001,0.19712008500209777,0.06722438499855343
WTM-NN,385,nn,84.09,0.2050612680031918,0.07125510399782797
WTM-NN,386,nn,84.07,0.20103488099994138,0.06975437900109682
WTM-NN,387,nn,84.04,0.24676251399796456,0.06986250099726021
WTM-NN,388,nn,83.94,0.19441421599913156,0.0699162669989164
WTM-NN,389,nn,84.19,0.1947045349952532,0.06949062499916181
WTM-NN,390,nn,84.16,0.19431640299444553,0.07011566199798835
WTM-NN,391,nn,84.08,0.2515411159984069,0.07134172699443297
WTM-NN,392,nn,84.19,0.1948449490009807,0.06924649199936539
WTM-NN,393,nn,84.21,0.20144807600445347,0.07197796100081177
WTM-NN,394,nn,84.15,0.20209026499651372,0.0696083489965531
WTM-NN,395,nn,84.11,0.2484750610019546,0.07000689199776389
WTM-NN,396,nn,84.11999999999999,0.19406765200255904,0.0691281679974054
WTM-NN,397,nn,84.02,0.21674513499601744,0.07036081799742533
WTM-NN,398,nn,84.17,0.209798834999674,0.06969084199954523
WTM-NN,399,nn,84.15,0.1958243070039316,0.07057818400062388
WTM-NN,400,nn,84.15,0.24804613400192466,0.07142150399886305
WTM-NN,401,nn,84.06,0.19763456299551763,0.0676725260054809
WTM-NN,402,nn,84.27,0.19812043300044024,0.06962032199953683
WTM-NN,403,nn,84.19,0.19540858400432626,0.07001822799793445
WTM-NN,404,nn,84.17999999999999,0.24455491000117036,0.07118638599786209
WTM-NN,405,nn,84.15,0.1985170929983724,0.07064265900407918
WTM-NN,406,nn,84.03,0.1952155370017863,0.06862799500231631
WTM-NN,407,nn,84.17,0.19525089300441323,0.06804258799820673
WTM-NN,408,nn,84.19,0.251659027999267,0.06963612900290173
WTM-NN,409,nn,84.08,0.19866256200475618,0.06973752399790101
WTM-NN,410,nn,84.27,0.19482803899882128,0.06967319300019881
WTM-NN,411,nn,84.07,0.19445588900271105,0.06910386399977142
WTM-NN,412,nn,84.28,0.24894215300446376,0.068737385001441
WTM-NN,413,nn,84.15,0.2203157139956602,0.06960947399784345
WTM-NN,414,nn,84.3,0.21059557700209552,0.0699108319968218
WTM-NN,415,nn,84.07,0.21181968800374307,0.06888415700086625
WTM-NN,416,nn,84.2,0.2630738189982367,0.07038780700531788
WTM-NN,417,nn,84.03,0.21698034199653193,0.06964795399835566
WTM-NN,418,nn,84.27,0.1928022870051791,0.07008138699893607
WTM-NN,419,nn,84.0,0.21731331099726958,0.06959360300243134
WTM-NN,420,nn,84.16,0.21666251499846112,0.06756759400013834
WTM-NN,421,nn,84.26,0.26443267399736214,0.06916999499662779
WTM-NN,422,nn,84.22,0.21800028599682264,0.07057677600096213
WTM-NN,423,nn,84.21,0.22100609399785753,0.0699626019995776
WTM-NN,424,nn,84.19,0.19713806700019632,0.07034776999353198
WTM-NN,425,nn,84.15,0.25301141599629773,0.07081563099927735
WTM-NN,426,nn,84.22,0.2045844450040022,0.06918602299992926
WTM-NN,427,nn,84.25,0.21768315499502933,0.06724948200280778
WTM-NN,428,nn,84.2,0.2208194859995274,0.07016579199989792
WTM-NN,429,nn,84.16,0.2628308490020572,0.06977208900207188
WTM-NN,430,nn,84.27,0.21868161000020336,0.07027108799957205
WTM-NN,431,nn,84.21,0.2198184150038287,0.06994440799462609
WTM-NN,432,nn,84.1,0.2068857550038956,0.06895461000385694
WTM-NN,433,nn,84.16,0.2677055210006074,0.07073624799522804
WTM-NN,434,nn,84.11,0.2207299250003416,0.0699864459966193
WTM-NN,435,nn,84.19,0.21869118200265802,0.06999252300010994
WTM-NN,436,nn,84.16,0.21387276599853067,0.07080526799836662
WTM-NN,437,nn,84.11999999999999,0.21817804899910698,0.06966442800330697
WTM-NN,438,nn,84.08,0.2700290729990229,0.06888316699769348
WTM-NN,439,nn,84.11999999999999,0.21631477600021753,0.07119830799638294
WTM-NN,440,nn,84.17999999999999,0.2176733369997237,0.06682118000026094
WTM-NN,441,nn,84.26,0.21947201000148198,0.07149756899889326
WTM-NN,442,nn,84.03,0.2708358909949311,0.06921804199373582
WTM-NN,443,nn,84.25,0.205433302995516,0.07041372399544343
WTM-NN,444,nn,84.09,0.20197426099912263,0.07146630300121615
WTM-NN,445,nn,84.21,0.21465078400069615,0.06972156000119867
WTM-NN,446,nn,84.11,0.25972959700447973,0.07308831300179008
WTM-NN,447,nn,84.05,0.20213846700062277,0.06844917799753603
WTM-NN,448,nn,84.17999999999999,0.1962381710036425,0.06768054200074403
WTM-NN,449,nn,84.11,0.19946643399453023,0.07066972099710256
WTM-NN,450,nn,84.31,0.25807586500013713,0.0713837630028138
WTM-NN,451,nn,84.11999999999999,0.1952630660016439,0.07053551600256469
WTM-NN,452,nn,84.16,0.21385789499618113,0.07109165000292705
WTM-NN,453,nn,84.17,0.2009184299968183,0.06998026099608978
WTM-NN,454,nn,84.17999999999999,0.21893085500050802,0.06894616900535766
WTM-NN,455,nn,84.21,0.2665199259936344,0.068763745999604
WTM-NN,456,nn,84.28,0.21747627500008093,0.0712947450010688
WTM-NN,457,nn,84.06,0.21199530299782054,0.06976331400073832
WTM-NN,458,nn,84.16,0.21585993299959227,0.06735999599914066
WTM-NN,459,nn,84.28,0.2647957570006838,0.07151848999637878
WTM-NN,460,nn,84.15,0.19687330599845154,0.0708474529965315
WTM-NN,461,nn,84.2,0.21951587600051425,0.07134647500060964
WTM-NN,462,nn,84.07,0.20789028099534335,0.06985768400045345
WTM-NN,463,nn,84.23,0.2700344090044382,0.07057893599994713
WTM-NN,464,nn,84.15,0.20512141400104156,0.07040027400216786
WTM-NN,465,nn,84.3,0.21790087199769914,0.07053223399998387
WTM-NN,466,nn,84.1,0.21705291700345697,0.07001500199839938
WTM-NN,467,nn,84.13000000000001,0.2640538999985438,0.06847172499692533
WTM-NN,468,nn,84.05,0.2171895770006813,0.06921207399864215
WTM-NN,469,nn,84.1,0.19832906900410308,0.06877838899526978
WTM-NN,470,nn,84.14,0.19819572399865137,0.07026969399885274
WTM-NN,471,nn,84.07,0.20263991200044984,0.06864470899745356
WTM-NN,472,nn,84.17,0.2475802230037516,0.07018374199833488
WTM-NN,473,nn,84.17,0.19785673899605172,0.06824981299723731
WTM-NN,474,nn,84.16,0.1995299710033578,0.07117827899492113
WTM-NN,475,nn,84.11,0.21769447299448075,0.07066470199788455
WTM-NN,476,nn,84.11999999999999,0.25507402399671264,0.07038336600089679
WTM-NN,477,nn,84.17,0.19710752300306922,0.06911586900241673
WTM-NN,478,nn,84.15,0.19666376499662874,0.06839699400006793
WTM-NN,479,nn,84.22,0.19664113399630878,0.06958032799593639
WTM-NN,480,nn,84.11999999999999,0.2463418979968992,0.07068318300298415
WTM-NN,481,nn,84.15,0.19756957099889405,0.07035185999848181
WTM-NN,482,nn,84.22,0.1954432150014327,0.06935799899656558
WTM-NN,483,nn,84.17,0.2097594150036457,0.0706449849967612
WTM-NN,484,nn,84.2,0.25597867199394386,0.06957981899904553
WTM-NN,485,nn,84.17,0.19522669299476547,0.07023802299954696
WTM-NN,486,nn,84.1,0.20182357899466297,0.0689129100064747
WTM-NN,487,nn,84.23,0.21714296600111993,0.07006308999552857
WTM-NN,488,nn,84.15,0.26012879199697636,0.06937810700037517
WTM-NN,489,nn,84.16,0.20050818099844037,0.07138944100006483
WTM-NN,490,nn,84.21,0.1983924960004515,0.07031320199894253
WTM-NN,491,nn,84.17999999999999,0.2013555260055,0.06963186799839605
WTM-NN,492,nn,84.24000000000001,0.1986945660028141,0.0707646549999481
WTM-NN,493,nn,84.09,0.2662954269981128,0.07135039700369816
WTM-NN,494,nn,84.16,0.2148876509963884,0.07081717800610932
WTM-NN,495,nn,84.23,0.1969676119988435,0.0704092399973888
WTM-NN,496,nn,84.22,0.20967356100300094,0.07067976699909195
WTM-NN,497,nn,84.3,0.26790375100245,0.07111145299859345
WTM-NN,498,nn,84.17,0.22031943200272508,0.07096868300141068
WTM-NN,499,nn,84.15,0.21851988599519245,0.06974464499944588
WTM-NN,500,nn,84.17999999999999,0.2045606100000441,0.06935237599827815
UTM-NN,1,tm,78.75,0.5255284140002914,0.06467429199983599
UTM-NN,2,tm,79.88,0.48223522700573085,0.06493436799792107
UTM-NN,3,tm,80.07,0.4679291819993523,0.06470938200072851
UTM-NN,4,tm,79.78,0.4752492930056178,0.0644585720001487
UTM-NN,5,tm,80.03,0.4663087379958597,0.06475226399925305
UTM-NN,6,tm,80.28999999999999,0.4684580749963061,0.06330791999789653
UTM-NN,7,tm,80.58,0.4665905579968239,0.06602327700238675
UTM-NN,8,tm,80.63,0.463610245999007,0.06219978299486684
UTM-NN,9,tm,80.58999999999999,0.4662861699980567,0.06679988600080833
UTM-NN,10,tm,80.67999999999999,0.4669538499947521,0.06609212399780517
UTM-NN,11,tm,80.73,0.46151756800099974,0.06523701900005108
UTM-NN,12,tm,80.83,0.46235265599534614,0.06475531400064938
UTM-NN,13,tm,80.66,0.45698447200265946,0.06493752800452057
UTM-NN,14,tm,80.72,0.45839801499823807,0.06582077000348363
UTM-NN,15,tm,80.65,0.4652131550028571,0.06413036499725422
UTM-NN,16,tm,80.72,0.46727030700276373,0.06462599999940721
UTM-NN,17,tm,80.60000000000001,0.4565893489998416,0.0648841980000725
UTM-NN,18,tm,80.61,0.4619876979995752,0.06445101399731357
UTM-NN,19,tm,80.74,0.46396300599735696,0.06501943899638718
UTM-NN,20,tm,81.02000000000001,0.45926433699787594,0.06707758699485566
UTM-NN,21,tm,80.93,0.4619043050042819,0.06472287600627169
UTM-NN,22,tm,80.9,0.4677483170016785,0.06515756899898406
UTM-NN,23,tm,80.89,0.46103156500612386,0.06520415600243723
UTM-NN,24,tm,80.92,0.46884632499859435,0.06285175599623471
UTM-NN,25,tm,81.10000000000001,0.46066603800136363,0.06537953899533022
UTM-NN,26,tm,81.17999999999999,0.46958916199946543,0.0644506789976731
UTM-NN,27,tm,81.23,0.4594748290037387,0.06555194100656081
UTM-NN,28,tm,81.03,0.45589220699912403,0.065775308998127
UTM-NN,29,tm,81.08,0.46403711000311887,0.0653150839934824
UTM-NN,30,tm,80.85,0.4588429810028174,0.06471516700548818
UTM-NN,31,tm,80.9,0.4567171820017393,0.06549391699809348
UTM-NN,32,tm,81.08999999999999,0.46495439700083807,0.06462928000109969
UTM-NN,33,tm,80.81,0.46025013900361955,0.06536760099697858
UTM-NN,34,tm,80.88,0.46148310200078413,0.06555164499877719
UTM-NN,35,tm,80.97,0.4602872169998591,0.06389155199576635
UTM-NN,36,tm,81.08999999999999,0.45098232100281166,0.06520463599736104
UTM-NN,37,tm,80.99,0.462529934993654,0.06487949599977583
UTM-NN,38,tm,80.95,0.4601410869945539,0.06491668300441233
UTM-NN,39,tm,81.17,0.448538433003705,0.06582461200014222
UTM-NN,40,tm,80.93,0.4588625399992452,0.06446922499890206
UTM-NN,41,tm,81.06,0.4636287329994957,0.06450345699704485
UTM-NN,42,tm,80.97,0.46255019700038247,0.0646272689991747
UTM-NN,43,tm,80.89,0.461330136997276,0.06644652799877804
UTM-NN,44,tm,81.08999999999999,0.4560722129972419,0.06523904899950139
UTM-NN,45,tm,81.08,0.4578548590070568,0.06652653800119879
UTM-NN,46,tm,81.04,0.46932975800154964,0.06722328800242394
UTM-NN,47,tm,80.95,0.4615572870025062,0.06697877300030086
UTM-NN,48,tm,80.88,0.4638834380020853,0.06466744399949675
UTM-NN,49,tm,80.97999999999999,0.4599604589966475,0.07080698699428467
UTM-NN,50,tm,81.08,0.45872749800037127,0.06555219299480086
UTM-NN,51,tm,80.88,0.45834666500013554,0.06545384600030957
UTM-NN,52,tm,80.87,0.4645479600003455,0.06716326600144384
UTM-NN,53,tm,81.06,0.4583417489993735,0.06812405899836449
UTM-NN,54,tm,81.19,0.44416087299759965,0.06506670099770417
UTM-NN,55,tm,81.07,0.46170619199983776,0.06583660199976293
UTM-NN,56,tm,80.87,0.4640022610037704,0.06532609400164802
UTM-NN,57,tm,81.08999999999999,0.4608764689983218,0.06440537700109417
UTM-NN,58,tm,81.07,0.4714192629980971,0.06491552599618444
UTM-NN,59,tm,80.91000000000001,0.4605795639945427,0.06743544000346446
UTM-NN,60,tm,81.24,0.46249138499842957,0.0649352570035262
UTM-NN,61,tm,81.06,0.47113907700259006,0.06550734100164846
UTM-NN,62,tm,81.21000000000001,0.4683929389939294,0.06508817999565508
UTM-NN,63,tm,81.23,0.46428152700536884,0.06653893299517222
UTM-NN,64,tm,80.9,0.46743051199882757,0.06533250599750318
UTM-NN,65,tm,80.89,0.4530704780045198,0.06465443599881837
UTM-NN,66,tm,80.82000000000001,0.452596477996849,0.06299548799870536
UTM-NN,67,tm,81.08999999999999,0.4589613330026623,0.06232542299403576
UTM-NN,68,tm,81.02000000000001,0.477928010004689,0.066275492994464
UTM-NN,69,tm,80.80000000000001,0.4665434349954012,0.06511698100075591
UTM-NN,70,tm,80.75,0.44993834199703997,0.06581856899720151
UTM-NN,71,tm,80.82000000000001,0.45902762199693825,0.06540865699935239
UTM-NN,72,tm,80.88,0.4601271529973019,0.06589069100300549
UTM-NN,73,tm,80.82000000000001,0.46997882099822164,0.06497282400232507
UTM-NN,74,tm,80.76,0.4688287949975347,0.06996382299985271
UTM-NN,75,tm,80.88,0.4649168639953132,0.06513286500558024
UTM-NN,76,tm,80.9,0.4692454410032951,0.06569021399627673
UTM-NN,77,tm,80.89,0.4668692459963495,0.06441078699572245
UTM-NN,78,tm,80.95,0.4609500860024127,0.06485526900360128
UTM-NN,79,tm,80.82000000000001,0.4700361160066677,0.06535833900124999
UTM-NN,80,tm,80.86,0.46705466999992495,0.06459440600156086
UTM-NN,81,tm,80.89,0.4663187789992662,0.06491881299734814
UTM-NN,82,tm,80.9,0.45895974800077965,0.06407882500207052
UTM-NN,83,tm,80.89,0.46917648799717426,0.0645120110057178
UTM-NN,84,tm,80.82000000000001,0.46270976700179745,0.0647881819968461
UTM-NN,85,tm,80.91000000000001,0.4644125150007312,0.06341501899441937
UTM-NN,86,tm,80.89,0.4550630630037631,0.06505859000026248
UTM-NN,87,tm,80.97,0.4613605019985698,0.06312028100364842
UTM-NN,88,tm,80.73,0.4517782519978937,0.06525278500339482
UTM-NN,89,tm,80.81,0.4631185580001329,0.0646119879966136
UTM-NN,90,tm,80.84,0.4631183269957546,0.0652561900060391
UTM-NN,91,tm,80.86,0.4708051460038405,0.06279722799808951
UTM-NN,92,tm,80.92,0.4628254920025938,0.06441413600259693
UTM-NN,93,tm,80.87,0.470520666000084,0.06514138499915134
UTM-NN,94,tm,80.9,0.47062031400128035,0.06488050199550344
UTM-NN,95,tm,80.96,0.4686322280031163,0.0651201700020465
UTM-NN,96,tm,81.10000000000001,0.4676546810005675,0.06843695900170133
UTM-NN,97,tm,81.11,0.4665203280019341,0.06651204099762253
UTM-NN,98,tm,81.13,0.4700999039996532,0.06737194200104568
UTM-NN,99,tm,81.11,0.4732707200018922,0.06622502699610777
UTM-NN,100,tm,81.06,0.4682210680039134,0.06538451500091469
UTM-NN,101,tm,81.0,0.46498914800031343,0.06697370899928501
UTM-NN,102,tm,80.94,0.4796384650035179,0.06593960899772355
UTM-NN,103,tm,80.86,0.46721047500614077,0.0649855169976945
UTM-NN,104,tm,80.85,0.4728789709988632,0.06750732200453058
UTM-NN,105,tm,81.06,0.4687836770026479,0.06546501999400789
UTM-NN,106,tm,80.93,0.46820927399676293,0.06508091699652141
UTM-NN,107,tm,80.80000000000001,0.4589563289991929,0.06636011900263838
UTM-NN,108,tm,80.93,0.46502170500025386,0.06512735300202621
UTM-NN,109,tm,80.67999999999999,0.4718401249992894,0.06663895000383491
UTM-NN,110,tm,80.85,0.4639147319976473,0.06462683800054947
UTM-NN,111,tm,80.86,0.4696211940026842,0.06535234799957834
UTM-NN,112,tm,80.9,0.4653379219962517,0.0628571400011424
UTM-NN,113,tm,80.81,0.4600546240035328,0.06426949900196632
UTM-NN,114,tm,80.82000000000001,0.4695531999968807,0.06577001300320262
UTM-NN,115,tm,80.76,0.4746887700021034,0.06538493600237416
UTM-NN,116,tm,80.99,0.4603574970024056,0.06414449399744626
UTM-NN,117,tm,80.7,0.47078060200146865,0.06480323300638702
UTM-NN,118,tm,80.88,0.46605777100194246,0.06483909799862886
UTM-NN,119,tm,80.78999999999999,0.4673008019963163,0.06715038100082893
UTM-NN,120,tm,80.97,0.4607550299988361,0.06539180200343253
UTM-NN,121,tm,80.97,0.47177746999659576,0.06468434700218495
UTM-NN,122,tm,81.06,0.4729180720023578,0.06603456900484161
UTM-NN,123,tm,81.05,0.46533890199498273,0.06362959499529097
UTM-NN,124,tm,81.11,0.4655115889981971,0.06227213599777315
UTM-NN,125,tm,81.07,0.469182576998719,0.06890250399737852
UTM-NN,126,tm,81.04,0.47578609099582536,0.06482036300440086
UTM-NN,127,tm,80.93,0.46960354300244944,0.06270463400142035
UTM-NN,128,tm,80.83,0.4699018750034156,0.0663727149949409
UTM-NN,129,tm,80.83,0.4708817659993656,0.06777178800257389
UTM-NN,130,tm,80.96,0.47267890899820486,0.06463505799911218
UTM-NN,131,tm,81.05,0.4763469890021952,0.06431851799425203
UTM-NN,132,tm,81.08999999999999,0.4666806800014456,0.06565100699663162
UTM-NN,133,tm,80.91000000000001,0.46978511700581294,0.06529525299993111
UTM-NN,134,tm,81.08999999999999,0.47403300199948717,0.06521272000099998
UTM-NN,135,tm,81.12,0.4672646260005422,0.06430221700429684
UTM-NN,136,tm,81.15,0.4636808139985078,0.06543395599874202
UTM-NN,137,tm,81.2,0.4678556189974188,0.06408284600183833
UTM-NN,138,tm,81.17,0.4673502119985642,0.06569373499951325
UTM-NN,139,tm,81.11,0.47909450699808076,0.06612859899905743
UTM-NN,140,tm,81.11,0.4678153040003963,0.0647458449966507
UTM-NN,141,tm,81.02000000000001,0.4753540689998772,0.06477593699673889
UTM-NN,142,tm,81.17,0.46265362900157925,0.06495063000329537
UTM-NN,143,tm,81.31,0.46830297400447307,0.06446451500232797
UTM-NN,144,tm,81.10000000000001,0.46725208600400947,0.06490806800138671
UTM-NN,145,tm,81.05,0.46855630299978657,0.06508002099872101
UTM-NN,146,tm,81.17,0.4526523910026299,0.06496084100217558
UTM-NN,147,tm,81.03,0.4682282949943328,0.06475808900722768
UTM-NN,148,tm,80.83,0.47298526800295804,0.06439036800293252
UTM-NN,149,tm,81.08999999999999,0.4701502050011186,0.06642635299795074
UTM-NN,150,tm,81.26,0.46448569600033807,0.06570168000325793
UTM-NN,151,nn,81.75,0.1952457930019591,0.06770200600294629
UTM-NN,152,nn,81.89999999999999,0.2462140760035254,0.06507352799962973
UTM-NN,153,nn,82.0,0.2004966510066879,0.06736373400053708
UTM-NN,154,nn,82.03,0.1967983610011288,0.06771104300423758
UTM-NN,155,nn,82.27,0.21257302300364245,0.06877717199677136
UTM-NN,156,nn,82.22,0.2597476080045453,0.0660752180046984
UTM-NN,157,nn,82.39999999999999,0.21589854499325156,0.0669199639960425
UTM-NN,158,nn,82.42,0.19480252099310746,0.0642980320044444
UTM-NN,159,nn,82.37,0.19412610099971062,0.06504367000161437
UTM-NN,160,nn,82.36,0.26321966200339375,0.06425746200693538
UTM-NN,161,nn,82.43,0.20281339800567366,0.06552282699703937
UTM-NN,162,nn,82.41000000000001,0.20612975399853894,0.06518060999951558
UTM-NN,163,nn,82.32000000000001,0.2113027460000012,0.06580031199700898
UTM-NN,164,nn,82.45,0.21817195000039646,0.0676463209965732
UTM-NN,165,nn,82.52000000000001,0.2683577569987392,0.06613077400106704
UTM-NN,166,nn,82.53,0.21799754700623453,0.06616204999590991
UTM-NN,167,nn,82.59,0.21550228399428306,0.06632010299654212
UTM-NN,168,nn,82.50999999999999,0.2056752749995212,0.06432389499968849
UTM-NN,169,nn,82.57,0.26838968499941984,0.06811086599918781
UTM-NN,170,nn,82.54,0.21234736599581083,0.06717168299655896
UTM-NN,171,nn,82.58,0.21600376199785387,0.0670545899993158
UTM-NN,172,nn,82.55,0.2172173919971101,0.06686285500472877
UTM-NN,173,nn,82.63000000000001,0.2722473930043634,0.06517734399676556
UTM-NN,174,nn,82.59,0.19555775600019842,0.06542612799967173
UTM-NN,175,nn,82.59,0.20134283800143749,0.06520679799723439
UTM-NN,176,nn,82.59,0.21986427099909633,0.06594838100136258
UTM-NN,177,nn,82.63000000000001,0.2724057939994964,0.06791971399798058
UTM-NN,178,nn,82.67999999999999,0.19693116300186375,0.06379708099848358
UTM-NN,179,nn,82.64,0.2168515360026504,0.06559410600311821
UTM-NN,180,nn,82.63000000000001,0.19387084600020899,0.06613552699855063
UTM-NN,181,nn,82.58,0.22081115699984366,0.06450395099818707
UTM-NN,182,nn,82.53,0.2620454019997851,0.06571470999915618
UTM-NN,183,nn,82.62,0.1946023589989636,0.06554513699666131
UTM-NN,184,nn,82.67999999999999,0.2030474530038191,0.06675866200384917
UTM-NN,185,nn,82.56,0.1952515989978565,0.06797132900101133
UTM-NN,186,nn,82.65,0.24614811399806058,0.06694091799727175
UTM-NN,187,nn,82.58,0.19548137099627638,0.06657480799913174
UTM-NN,188,nn,82.66,0.19561936000536662,0.06614626000373391
UTM-NN,189,nn,82.6,0.19703019900043728,0.06675809199805371
UTM-NN,190,nn,82.58,0.24526779799634824,0.0668026120038121
UTM-NN,191,nn,82.5,0.19512818200018955,0.06797905299754348
UTM-NN,192,nn,82.63000000000001,0.19644868100294843,0.06665197099937359
UTM-NN,193,nn,82.57,0.19797917399409926,0.06765288500173483
UTM-NN,194,nn,82.72,0.24818269700335804,0.06624286199803464
UTM-NN,195,nn,82.65,0.1989302570000291,0.06610770800034516
UTM-NN,196,nn,82.75,0.19666792300267844,0.06588098900101613
UTM-NN,197,nn,82.52000000000001,0.21336472799885087,0.0669449459965108
UTM-NN,198,nn,82.65,0.2687000270016142,0.0636960550036747
UTM-NN,199,nn,82.64,0.20720490199892083,0.06696957100211876
UTM-NN,200,nn,82.47,0.1970094540010905,0.06528963900200324
UTM-NN,201,nn,82.59,0.20093864900263725,0.06687582099402789
UTM-NN,202,nn,82.67999999999999,0.19963406799797667,0.0674529270036146
UTM-NN,203,nn,82.64,0.2649080000046524,0.06712196599983145
UTM-NN,204,nn,82.58,0.214958641998237,0.0687913719957578
UTM-NN,205,nn,82.62,0.21367399600421777,0.0665826430049492
UTM-NN,206,nn,82.65,0.22050339099951088,0.0666982740003732
UTM-NN,207,nn,82.67999999999999,0.2609828779968666,0.06656405199464643
UTM-NN,208,nn,82.62,0.2121173049963545,0.06645546499930788
UTM-NN,209,nn,82.66,0.19451520499569597,0.06653244500193978
UTM-NN,210,nn,82.64,0.1991009440025664,0.06710024399944814
UTM-NN,211,nn,82.41000000000001,0.25189591699745506,0.06708091700420482
UTM-NN,212,nn,82.56,0.2139366589981364,0.06340954099869123
UTM-NN,213,nn,82.69,0.2041097350011114,0.06517920700571267
UTM-NN,214,nn,82.54,0.19867487000010442,0.06629977199918358
UTM-NN,215,nn,82.59,0.24811959300132003,0.06517536399769597
UTM-NN,216,nn,82.64,0.20371422900643665,0.06438905499817338
UTM-NN,217,nn,82.69999999999999,0.21812164300354198,0.06740101899777073
UTM-NN,218,nn,82.67,0.19360623999818927,0.0666217800026061
UTM-NN,219,nn,82.67,0.19447057600336848,0.0639326250020531
UTM-NN,220,nn,82.64,0.27168007499858504,0.06693191799422493
UTM-NN,221,nn,82.74000000000001,0.19792152599984547,0.06538607000402408
UTM-NN,222,nn,82.6,0.20104980400355998,0.0647128269993118
UTM-NN,223,nn,82.58,0.21017511699756142,0.06586602199968183
UTM-NN,224,nn,82.65,0.2675214560003951,0.06625093000184279
UTM-NN,225,nn,82.67999999999999,0.19893736099766102,0.06344781300140312
UTM-NN,226,nn,82.47,0.19531978399754735,0.0637915150000481
UTM-NN,227,nn,82.62,0.19619536800018977,0.06543020499520935
UTM-NN,228,nn,82.65,0.25269015500089154,0.06612835499981884
UTM-NN,229,nn,82.64,0.20133450299908873,0.06655390000378247
UTM-NN,230,nn,82.56,0.22146813700237544,0.0666534620031598
UTM-NN,231,nn,82.63000000000001,0.1983400039971457,0.0667559209978208
UTM-NN,232,nn,82.55,0.25004761799937114,0.06552842700330075
UTM-NN,233,nn,82.55,0.19519347300229128,0.06290026100032264
UTM-NN,234,nn,82.65,0.19845188599720132,0.0663876420003362
UTM-NN,235,nn,82.76,0.1968982739999774,0.06540269000106491
UTM-NN,236,nn,82.59,0.19553316599922255,0.06498015100078192
UTM-NN,237,nn,82.66,0.2451889510048204,0.06723078100185376
UTM-NN,238,nn,82.64,0.19416690300568007,0.06404716899851337
UTM-NN,239,nn,82.5,0.19778856800257927,0.06673721699917223
UTM-NN,240,nn,82.61,0.21955329799675383,0.066258722996281
UTM-NN,241,nn,82.58,0.26722157900076127,0.06331589600449661
UTM-NN,242,nn,82.69,0.20113406199379824,0.06658231699839234
UTM-NN,243,nn,82.61,0.2135471699948539,0.06780237899511121
UTM-NN,244,nn,82.66,0.19825125499482965,0.06478145999426488
UTM-NN,245,nn,82.59,0.2598176660030731,0.0638856039950042
UTM-NN,246,nn,82.6,0.19792551799764624,0.06372198500321247
UTM-NN,247,nn,82.54,0.21826350600167643,0.06642661800287897
UTM-NN,248,nn,82.63000000000001,0.20513559399842052,0.06703814300271915
UTM-NN,249,nn,82.56,0.2538035260004108,0.06750561799708521
UTM-NN,250,nn,82.61,0.2013528759998735,0.06617624399950728
UTM-NN,251,nn,82.55,0.21719609400315676,0.0641617099972791
UTM-NN,252,nn,82.58,0.20221880300232442,0.06581956300215097
UTM-NN,253,nn,82.54,0.21161252000456443,0.0657777719970909
UTM-NN,254,nn,82.65,0.268195807999291,0.06540937099634903
UTM-NN,255,nn,82.55,0.20656712400523247,0.0664768999995431
UTM-NN,256,nn,82.61,0.20265579400438583,0.06530318499426357
UTM-NN,257,nn,82.66,0.2002741709948168,0.06701618999795755
UTM-NN,258,nn,82.52000000000001,0.2521126810024725,0.06609976199979428
UTM-NN,259,nn,82.61,0.19645059499453055,0.06612121899524936
UTM-NN,260,nn,82.69,0.19724826799938455,0.06354840399581008
UTM-NN,261,nn,82.58,0.21021251999627566,0.06328559400571976
UTM-NN,262,nn,82.56,0.26769531200261554,0.06335407599544851
UTM-NN,263,nn,82.53,0.1952690799953416,0.06395688300108304
UTM-NN,264,nn,82.62,0.19836104899877682,0.06574469099723501
UTM-NN,265,nn,82.57,0.19615161300316686,0.06388215300103184
UTM-NN,266,nn,82.67999999999999,0.25401504099863814,0.06428457199945115
UTM-NN,267,nn,82.64,0.217809973997646,0.0644510319980327
UTM-NN,268,nn,82.62,0.21193416899768636,0.06390021800325485
UTM-NN,269,nn,82.55,0.21784380699682515,0.06690228399384068
UTM-NN,270,nn,82.59,0.21539426500385161,0.06660129900410539
UTM-NN,271,nn,82.56,0.24566339600278297,0.06685186899994733
UTM-NN,272,nn,82.6,0.2022218259953661,0.06675954000093043
UTM-NN,273,nn,82.6,0.2004039789972012,0.06756711300113238
UTM-NN,274,nn,82.61,0.2148894619967905,0.06817168000270613
UTM-NN,275,nn,82.57,0.25444145599612966,0.06562840699916705
UTM-NN,276,nn,82.53,0.20527998699981254,0.06666250600392232
UTM-NN,277,nn,82.63000000000001,0.2175243980018422,0.06721909299812978
UTM-NN,278,nn,82.52000000000001,0.1989822919931612,0.06746835399826523
UTM-NN,279,nn,82.61,0.2688606159936171,0.06734192300064024
UTM-NN,280,nn,82.65,0.20056717700208537,0.0677469709989964
UTM-NN,281,nn,82.72,0.22325451999495272,0.06546597400301835
UTM-NN,282,nn,82.61,0.2173659289983334,0.06469848599954275
UTM-NN,283,nn,82.55,0.2735521510039689,0.0668034059999627
UTM-NN,284,nn,82.64,0.21915065700159175,0.0659438919974491
UTM-NN,285,nn,82.71,0.21726190199842677,0.06657519500004128
UTM-NN,286,nn,82.61,0.21514754300005734,0.06635302100039553
UTM-NN,287,nn,82.69999999999999,0.20144068999798037,0.06730139600404073
UTM-NN,288,nn,82.58,0.24809908799943514,0.06757570899935672
UTM-NN,289,nn,82.69999999999999,0.19519326300360262,0.06764704899978824
UTM-NN,290,nn,82.65,0.19915816700085998,0.06650898799853167
UTM-NN,291,nn,82.63000000000001,0.19773617399914656,0.06763241100270534
UTM-NN,292,nn,82.58,0.2642808029995649,0.06754963099956512
UTM-NN,293,nn,82.55,0.1977019879996078,0.06726816699665505
UTM-NN,294,nn,82.54,0.19869032399583375,0.06728678399667842
UTM-NN,295,nn,82.53,0.1968499319991679,0.06760965099965688
UTM-NN,296,nn,82.52000000000001,0.2603204469996854,0.06655907599633792
UTM-NN,297,nn,82.63000000000001,0.20965397899999516,0.06658833099936601
UTM-NN,298,nn,82.62,0.1956739329980337,0.06653713500418235
UTM-NN,299,nn,82.58,0.19884878800075967,0.06665487599821063
UTM-NN,300,nn,82.72,0.26743965900095645,0.06864744100312237
UTM-NN,301,nn,82.64,0.22405884999898262,0.06894482599454932
UTM-NN,302,nn,82.64,0.2172225870017428,0.06629939100093907
UTM-NN,303,nn,82.64,0.19404650000069523,0.06732818599994062
UTM-NN,304,nn,82.54,0.2694374590064399,0.06680164000135846
UTM-NN,305,nn,82.57,0.2165189490042394,0.06809352900017984
UTM-NN,306,nn,82.55,0.20247519999975339,0.06777489300293382
UTM-NN,307,nn,82.6,0.21738776300480822,0.06577550799556775
UTM-NN,308,nn,82.52000000000001,0.19894029300485272,0.06778671000211034
UTM-NN,309,nn,82.54,0.2529823809964,0.06795649000559933
UTM-NN,310,nn,82.78,0.21808449200034374,0.06816848699963884
UTM-NN,311,nn,82.65,0.21805837000283645,0.06699710699467687
UTM-NN,312,nn,82.67999999999999,0.21916115900239674,0.06842563999816775
UTM-NN,313,nn,82.63000000000001,0.2586434730037581,0.06797706399811432
UTM-NN,314,nn,82.50999999999999,0.20097780899959616,0.06698601400421467
UTM-NN,315,nn,82.56,0.20085906999884173,0.0675953629979631
UTM-NN,316,nn,82.54,0.20019670799956657,0.06685050000669435
UTM-NN,317,nn,82.53,0.25502766700083157,0.0680894309989526
UTM-NN,318,nn,82.6,0.19868643500376493,0.06701604800036876
UTM-NN,319,nn,82.53,0.19841273599740816,0.06660612399718957
UTM-NN,320,nn,82.49,0.1970779789990047,0.06368784200458322
UTM-NN,321,nn,82.56,0.24463914099760586,0.06707194100454217
UTM-NN,322,nn,82.67999999999999,0.20248661500227172,0.06749868099723244
UTM-NN,323,nn,82.61,0.19662980399880325,0.06776505100424401
UTM-NN,324,nn,82.49,0.19500060199789004,0.06488340999931097
UTM-NN,325,nn,82.61,0.19497932500235038,0.06703538700094214
UTM-NN,326,nn,82.57,0.2495771479952964,0.06633582599897636
UTM-NN,327,nn,82.61,0.21658930700505152,0.06570332699629944
UTM-NN,328,nn,82.57,0.2023138150034356,0.06728019600268453
UTM-NN,329,nn,82.63000000000001,0.20242329299799167,0.06787546400300926
UTM-NN,330,nn,82.61,0.2670771409975714,0.06614112300303532
UTM-NN,331,nn,82.63000000000001,0.22100427500117803,0.0666418530017836
UTM-NN,332,nn,82.62,0.2199286250033765,0.0667472999994061
UTM-NN,333,nn,82.67999999999999,0.2171068970055785,0.0683060259980266
UTM-NN,334,nn,82.55,0.2642300959996646,0.0677408560004551
UTM-NN,335,nn,82.62,0.20341913399897749,0.06941961599659408
UTM-NN,336,nn,82.58,0.1977104700054042,0.0679109340053401
UTM-NN,337,nn,82.61,0.20316719800030114,0.06748361099744216
UTM-NN,338,nn,82.52000000000001,0.27111110300029395,0.06722094699944137
UTM-NN,339,nn,82.58,0.20431593900138978,0.06598216600104934
UTM-NN,340,nn,82.58,0.21775109200098086,0.06631616999948164
UTM-NN,341,nn,82.66,0.21885848799865926,0.0677592479987652
UTM-NN,342,nn,82.62,0.2243417589997989,0.06694942800095305
UTM-NN,343,nn,82.63000000000001,0.2661094930008403,0.06768116600142093
UTM-NN,344,nn,82.69,0.21909186099946965,0.06431399800203508
UTM-NN,345,nn,82.56,0.21657331900496501,0.06663119199947687
UTM-NN,346,nn,82.61,0.21770502200524788,0.06508380999730434
UTM-NN,347,nn,82.6,0.2672219279993442,0.06757075899804477
UTM-NN,348,nn,82.62,0.1964888479997171,0.06805183600226883
UTM-NN,349,nn,82.6,0.2198851819994161,0.06342217799829086
UTM-NN,350,nn,82.66,0.21659355900192168,0.06431109499681043
UTM-NN,351,nn,82.59,0.25557094599935226,0.06674011499853805
UTM-NN,352,nn,82.53,0.20221675400534878,0.06755119399895193
UTM-NN,353,nn,82.57,0.21653645399783272,0.06449313300254289
UTM-NN,354,nn,82.50999999999999,0.21980111300217686,0.0664173760014819
UTM-NN,355,nn,82.59,0.2534986679966096,0.06793067399848951
UTM-NN,356,nn,82.6,0.21965351099788677,0.06588236600509845
UTM-NN,357,nn,82.74000000000001,0.20557777799695032,0.06831870899623027
UTM-NN,358,nn,82.67999999999999,0.20109262900223257,0.06713258799572941
UTM-NN,359,nn,82.63000000000001,0.22149899700161768,0.06666550900263246
UTM-NN,360,nn,82.63000000000001,0.24682385399501072,0.06438677600090159
UTM-NN,361,nn,82.61,0.20352458800334716,0.06718469800398452
UTM-NN,362,nn,82.67999999999999,0.1949734890004038,0.0670889429966337
UTM-NN,363,nn,82.59,0.21812058799696388,0.0672492189987679
UTM-NN,364,nn,82.56,0.25773068399576005,0.06751497300137999
UTM-NN,365,nn,82.67999999999999,0.20050059099594364,0.06743769699824043
UTM-NN,366,nn,82.5,0.21593948699592147,0.06685948700032895
UTM-NN,367,nn,82.56,0.21841945599589963,0.06726687499758555
UTM-NN,368,nn,82.53,0.25120856399735203,0.06682974899740657
UTM-NN,369,nn,82.66,0.19563826400553808,0.06714168499456719
UTM-NN,370,nn,82.72,0.19666730699827895,0.06552840099902824
UTM-NN,371,nn,82.62,0.19529009999678237,0.06698662500275532
UTM-NN,372,nn,82.56,0.24944011199841043,0.06572918000165373
UTM-NN,373,nn,82.6,0.1964159000053769,0.06440129600377986
UTM-NN,374,nn,82.69,0.1980475810050848,0.0653999610003666
UTM-NN,375,nn,82.65,0.1978206810017582,0.06619425000099
UTM-NN,376,nn,82.65,0.24730622700008098,0.06659852300072089
UTM-NN,377,nn,82.69,0.19615395599976182,0.06639952499972424
UTM-NN,378,nn,82.63000000000001,0.19540275399776874,0.06761446600285126
UTM-NN,379,nn,82.6,0.2084845339995809,0.06684764399687992
UTM-NN,380,nn,82.62,0.2010880400048336,0.06732735699915793
UTM-NN,381,nn,82.67999999999999,0.24521109500346938,0.06657013099902542
UTM-NN,382,nn,82.53,0.21956309400411556,0.06655361299635842
UTM-NN,383,nn,82.59,0.1983790410013171,0.06685885299521033
UTM-NN,384,nn,82.66,0.19442330600577407,0.06766391299606767
UTM-NN,385,nn,82.67,0.2447438270028215,0.06590888899518177
UTM-NN,386,nn,82.54,0.19611359400005313,0.0669832170024165
UTM-NN,387,nn,82.59,0.20024423800350633,0.06724184600170702
UTM-NN,388,nn,82.58,0.19756920499639818,0.06704684100259328
UTM-NN,389,nn,82.72,0.24552589299855754,0.06640898899786407
UTM-NN,390,nn,82.6,0.19546308400458656,0.06903518200124381
UTM-NN,391,nn,82.67999999999999,0.19967263199941954,0.06715152399556246
UTM-NN,392,nn,82.67999999999999,0.19823520100180758,0.06703273200400872
UTM-NN,393,nn,82.56,0.25689917099953163,0.06329428100434598
UTM-NN,394,nn,82.63000000000001,0.19895797099889023,0.06737619799969252
UTM-NN,395,nn,82.56,0.20294048699724954,0.06766377900203224
UTM-NN,396,nn,82.61,0.21580427099979715,0.06719592100125737
UTM-NN,397,nn,82.61,0.2133181870012777,0.0671396760008065
UTM-NN,398,nn,82.67,0.2691877100005513,0.06750461900082882
UTM-NN,399,nn,82.66,0.2191234970014193,0.0681232029965031
UTM-NN,400,nn,82.52000000000001,0.20145928100100718,0.06746856600511819
UTM-NN,401,nn,82.58,0.20410743899992667,0.068144469994877
UTM-NN,402,nn,82.5,0.2641365930030588,0.06657000499399146
UTM-NN,403,nn,82.52000000000001,0.20131080899591325,0.06721267200191505
UTM-NN,404,nn,82.56,0.19919009799923515,0.0664590720043634
UTM-NN,405,nn,82.69999999999999,0.21867959199880715,0.06719198000064353
UTM-NN,406,nn,82.65,0.25214912200317485,0.06529546499950811
UTM-NN,407,nn,82.53,0.19585683399782283,0.06805512300343253
UTM-NN,408,nn,82.63000000000001,0.21945271299773594,0.06788884399429662
UTM-NN,409,nn,82.55,0.2006833600025857,0.06706387099984568
UTM-NN,410,nn,82.58,0.24471430499397684,0.06770079599664314
UTM-NN,411,nn,82.58,0.19473018900316674,0.06307758799812291
UTM-NN,412,nn,82.56,0.2018143430032069,0.06676338700344786
UTM-NN,413,nn,82.6,0.2064549650021945,0.06927826099854428
UTM-NN,414,nn,82.61,0.2111878659998183,0.06708640700526303
UTM-NN,415,nn,82.49,0.25788280199776636,0.06626176200370537
UTM-NN,416,nn,82.63000000000001,0.21462557400082005,0.06743735600321088
UTM-NN,417,nn,82.56,0.19562032400426688,0.06798074700054713
UTM-NN,418,nn,82.71,0.1946847750004963,0.06681154800025979
UTM-NN,419,nn,82.56,0.25477090099593624,0.06628417399770115
UTM-NN,420,nn,82.61,0.19617311699403217,0.06715543700556736
UTM-NN,421,nn,82.56,0.19560606199956965,0.06737719100055983
UTM-NN,422,nn,82.67999999999999,0.1984928200035938,0.06710596699849702
UTM-NN,423,nn,82.69999999999999,0.2679335969951353,0.06782595900585875
UTM-NN,424,nn,82.64,0.19719760700536426,0.06680603400309337
UTM-NN,425,nn,82.55,0.1962763920018915,0.06724721600039629
UTM-NN,426,nn,82.57,0.21139117399434326,0.06647531400085427
UTM-NN,427,nn,82.55,0.2563099519975367,0.06671223400189774
UTM-NN,428,nn,82.62,0.2010808709965204,0.06656226199993398
UTM-NN,429,nn,82.62,0.2164012279972667,0.06673562900687102
UTM-NN,430,nn,82.72,0.21924529600073583,0.06839541400404414
UTM-NN,431,nn,82.58,0.2002758719972917,0.06808045400248375
UTM-NN,432,nn,82.64,0.2698628949947306,0.0665240449961857
UTM-NN,433,nn,82.54,0.19354710100014927,0.06656741299957503
UTM-NN,434,nn,82.61,0.20426488800148945,0.06649775299592875
UTM-NN,435,nn,82.64,0.2084418980011833,0.06719510100083426
UTM-NN,436,nn,82.55,0.2597691589980968,0.0675184369974886
UTM-NN,437,nn,82.59,0.21354564499779372,0.06577648399979807
UTM-NN,438,nn,82.67,0.20294834399828687,0.06649951000144938
UTM-NN,439,nn,82.6,0.21772352600237355,0.06652328599739121
UTM-NN,440,nn,82.55,0.271444646998134,0.06605271800071932
UTM-NN,441,nn,82.61,0.20083381100266706,0.06723635500384262
UTM-NN,442,nn,82.67999999999999,0.19518805299594533,0.06776401199749671
UTM-NN,443,nn,82.56,0.19686486200225772,0.06634972299798392
UTM-NN,444,nn,82.58,0.24505611600034172,0.06713297000533203
UTM-NN,445,nn,82.59,0.2020019690025947,0.06534240600012708
UTM-NN,446,nn,82.61,0.19543377299851272,0.0648619499988854
UTM-NN,447,nn,82.58,0.19740280199766858,0.06638791099976515
UTM-NN,448,nn,82.61,0.19599669700255617,0.0672066939951037
UTM-NN,449,nn,82.67999999999999,0.2667727369989734,0.06749665100505808
UTM-NN,450,nn,82.61,0.1984367720069713,0.06687037800293183
UTM-NN,451,nn,82.59,0.22027202999743167,0.06746083100006217
UTM-NN,452,nn,82.66,0.22017167400190374,0.06853099799627671
UTM-NN,453,nn,82.58,0.2689238050006679,0.06624070500402013
UTM-NN,454,nn,82.65,0.2067777499978547,0.0674677220013109
UTM-NN,455,nn,82.65,0.21474842700263252,0.06675476200325647
UTM-NN,456,nn,82.61,0.21656692700344138,0.06731932899856474
UTM-NN,457,nn,82.59,0.26545297000120627,0.06703685200045584
UTM-NN,458,nn,82.66,0.21669977900455706,0.0651716430002125
UTM-NN,459,nn,82.6,0.22273140600009356,0.06845712699578144
UTM-NN,460,nn,82.50999999999999,0.19777290300407913,0.06377280000015162
UTM-NN,461,nn,82.53,0.24723442899994552,0.06669482500001322
UTM-NN,462,nn,82.53,0.19784829700074624,0.06730298900220077
UTM-NN,463,nn,82.64,0.19714710699918214,0.06695710400526877
UTM-NN,464,nn,82.59,0.19570326999382814,0.06620756900520064
UTM-NN,465,nn,82.62,0.24601638199965237,0.06740996799635468
UTM-NN,466,nn,82.66,0.19615547399735078,0.06801075200201012
UTM-NN,467,nn,82.67,0.2061586299969349,0.06727714000589913
UTM-NN,468,nn,82.62,0.21796803600591375,0.06696012100292137
UTM-NN,469,nn,82.59,0.20604150100552943,0.06481595699733589
UTM-NN,470,nn,82.56,0.2629496220033616,0.06773590499506099
UTM-NN,471,nn,82.62,0.21817487899534171,0.06778894799936097
UTM-NN,472,nn,82.66,0.19585601099970518,0.06681250500696478
UTM-NN,473,nn,82.57,0.19431952099694172,0.06766235899704043
UTM-NN,474,nn,82.6,0.2679298220027704,0.06710138299968094
UTM-NN,475,nn,82.65,0.21225481000146829,0.06735727300110739
UTM-NN,476,nn,82.57,0.20698569300293457,0.0636896229989361
UTM-NN,477,nn,82.61,0.19782261200452922,0.06596137399901636
UTM-NN,478,nn,82.55,0.2518489229987608,0.06702782399952412
UTM-NN,479,nn,82.69,0.2015789439974469,0.06673439799487824
UTM-NN,480,nn,82.62,0.1977691540014348,0.06451337000180501
UTM-NN,481,nn,82.45,0.2187920779979322,0.06891452599666081
UTM-NN,482,nn,82.63000000000001,0.2562328839994734,0.06676006899942877
UTM-NN,483,nn,82.65,0.2193083750025835,0.06661431400425499
UTM-NN,484,nn,82.6,0.19563193999783834,0.06490924299578182
UTM-NN,485,nn,82.67999999999999,0.21859665499505354,0.06635848600126337
UTM-NN,486,nn,82.69999999999999,0.20416673600266222,0.06714951900357846
UTM-NN,487,nn,82.54,0.2680065230015316,0.06396336499892641
UTM-NN,488,nn,82.66,0.19405081699369475,0.06798828700266313
UTM-NN,489,nn,82.5,0.19583163000061177,0.065697664002073
UTM-NN,490,nn,82.64,0.199765056000615,0.0680769809987396
UTM-NN,491,nn,82.71,0.2446330669990857,0.0668355019952287
UTM-NN,492,nn,82.63000000000001,0.19689800900232513,0.06633764899743255
UTM-NN,493,nn,82.58,0.20139132699841866,0.06779799699870637
UTM-NN,494,nn,82.61,0.20415939899976365,0.0661558080028044
UTM-NN,495,nn,82.57,0.25758299099834403,0.06619085699639982
UTM-NN,496,nn,82.61,0.20496341300167842,0.06494574899988947
UTM-NN,497,nn,82.63000000000001,0.19967826200445415,0.06611364999844227
UTM-NN,498,nn,82.50999999999999,0.20322545299859485,0.06551374799892073
UTM-NN,499,nn,82.59,0.2490750869983458,0.06638552500226069
UTM-NN,500,nn,82.56,0.19898640400060685,0.06642753000051016
