method,epoch,model_type,test_accuracy,train_time,test_time
UTM,1,tm,69.34615384615384,2.768396619001578,0.7587148189995787
UTM,2,tm,70.02403846153847,2.5005628380022245,0.7570671279972885
UTM,3,tm,71.125,2.446386572002666,0.7616342409965
UTM,4,tm,71.03846153846153,2.4298773650007206,0.7732953230006387
UTM,5,tm,71.5625,2.4109622110008786,0.7675314410007559
UTM,6,tm,71.36538461538461,2.393959803001053,0.7772743690002244
UTM,7,tm,71.8125,2.3894703689984453,0.7682937509998737
UTM,8,tm,71.86057692307692,2.38765658599732,0.7605003940007009
UTM,9,tm,71.91826923076923,2.3738870399974985,0.7661221220005245
UTM,10,tm,71.66346153846153,2.379682161998062,0.7776208340001176
UTM,11,tm,72.20673076923076,2.3888508140007616,0.7680446739977924
UTM,12,tm,72.15384615384616,2.385143635001441,0.7739802169999166
UTM,13,tm,72.16826923076923,2.3950175790014328,0.767840365999291
UTM,14,tm,72.39423076923077,2.367092338998191,0.7642292979980994
UTM,15,tm,72.34615384615385,2.3762360859982437,0.7628077949993894
UTM,16,tm,72.30288461538461,2.360565022998344,0.765213135000522
UTM,17,tm,72.40384615384615,2.3589923520012235,0.7637479219993111
UTM,18,tm,72.25,2.3743092059994524,0.763086225000734
UTM,19,tm,72.60096153846153,2.3660445409987005,0.774807581998175
UTM,20,tm,72.29807692307692,2.3599728439985483,0.7764874689964927
UTM,21,tm,72.61057692307692,2.3717760359977547,0.7646502999996301
UTM,22,tm,72.39423076923077,2.3557665629996336,0.7732487020002736
UTM,23,tm,72.71634615384616,2.363112283001101,0.7593189919971337
UTM,24,tm,72.67788461538461,2.3441100409982027,0.7628662549977889
UTM,25,tm,72.80288461538461,2.3404122159990948,0.7638150400016457
UTM,26,tm,72.71153846153847,2.3596165960007056,0.7603167140005098
UTM,27,tm,72.65865384615384,2.3665868429998227,0.7783090709999669
UTM,28,tm,72.60096153846153,2.3643856230009987,0.7735682490019826
UTM,29,tm,72.875,2.352023094998003,0.7722330020005757
UTM,30,tm,72.58653846153847,2.3460968639992643,0.7760025110001152
UTM,31,tm,72.59134615384616,2.3534786210002494,0.7784982890007086
UTM,32,tm,72.89423076923077,2.371569091003039,0.7838754740005243
UTM,33,tm,72.6875,2.355378837000899,0.7717678059998434
UTM,34,tm,72.97115384615384,2.364552486997127,0.7675424029985152
UTM,35,tm,73.0048076923077,2.3669439350014727,0.7703267090000736
UTM,36,tm,73.0,2.3596518720005406,0.7636454700004833
UTM,37,tm,73.07211538461539,2.3753210920003767,0.772435619001044
UTM,38,tm,73.01923076923077,2.3605873989981774,0.7734267160012678
UTM,39,tm,72.97596153846155,2.355167268000514,0.76482727000257
UTM,40,tm,73.02884615384615,2.3646390440007963,0.7762348620017292
UTM,41,tm,72.95673076923077,2.3516595919973042,0.7656132900010562
UTM,42,tm,73.20673076923076,2.363449655000295,0.7688220899981388
UTM,43,tm,72.97596153846155,2.349860673002695,0.7492908530002751
UTM,44,tm,73.0673076923077,2.357439344003069,0.7538997320007184
UTM,45,tm,73.1875,2.3432125260005705,0.7584914290018787
UTM,46,tm,73.02403846153847,2.3537350190017605,0.7670513819975895
UTM,47,tm,73.04807692307692,2.347618305000651,0.7673012730010669
UTM,48,tm,73.04326923076923,2.3564720819995273,0.7760649240008206
UTM,49,tm,73.20673076923076,2.35410014000081,0.7603919100001804
UTM,50,tm,73.01923076923077,2.3410592789987277,0.7517106669984059
UTM,51,tm,73.21153846153847,2.345857935000822,0.7504399780009408
UTM,52,tm,73.22596153846153,2.353673064000759,0.7611934319975262
UTM,53,tm,73.13461538461539,2.346255274002033,0.7578887570016377
UTM,54,tm,73.11057692307692,2.363976267999533,0.763703450000321
UTM,55,tm,73.03846153846155,2.3579899569995177,0.7826697509990481
UTM,56,tm,72.9951923076923,2.3608809639990795,0.7629041260006488
UTM,57,tm,73.08173076923077,2.3630562920006923,0.777548021000257
UTM,58,tm,72.9423076923077,2.342690315999789,0.7736717330008105
UTM,59,tm,73.01442307692308,2.3482403170019097,0.7708275530021638
UTM,60,tm,73.02884615384615,2.350369412000873,0.7660372959981032
UTM,61,tm,73.0048076923077,2.3693420039999182,0.771598596998956
UTM,62,tm,73.0576923076923,2.3539957470020454,0.7692545869977039
UTM,63,tm,73.11057692307692,2.3521385050007666,0.7721712429993204
UTM,64,tm,73.09134615384615,2.34732588100087,0.7750872699980391
UTM,65,tm,72.84615384615385,2.338403058001859,0.7573513249990356
UTM,66,tm,73.22115384615384,2.354595833003259,0.7667541740011075
UTM,67,tm,72.90865384615385,2.346920941999997,0.7681814969982952
UTM,68,tm,72.8125,2.3424503349997394,0.7751532649999717
UTM,69,tm,73.02884615384615,2.336336623000534,0.7790996289986651
UTM,70,tm,73.15384615384616,2.3516862589967786,0.750790849000623
UTM,71,tm,73.23557692307693,2.3502698300035263,0.7600986449979246
UTM,72,tm,73.27884615384616,2.3607007270002214,0.7527429209985712
UTM,73,tm,73.04807692307692,2.3525061319996894,0.7728642910005874
UTM,74,tm,73.22115384615384,2.3629773009997734,0.7748260439984733
UTM,75,tm,73.17788461538461,2.356895944001735,0.7834792970024864
UTM,76,tm,73.10576923076924,2.3649472299985064,0.7685734839978977
UTM,77,tm,73.03846153846155,2.3467882810000447,0.7676520080021874
UTM,78,tm,73.0,2.3354363010003,0.7641003199969418
UTM,79,tm,73.14903846153847,2.36920877099692,0.7695921199992881
UTM,80,tm,73.29326923076923,2.357771937000507,0.8018909710008302
UTM,81,tm,73.125,2.363972985000146,0.7665271549994941
UTM,82,tm,72.77403846153845,2.3627330320014153,0.775452261997998
UTM,83,tm,73.08173076923077,2.3366705080006795,0.7666454169993813
UTM,84,tm,72.9375,2.3724623460002476,0.7596928940001817
UTM,85,tm,73.01442307692308,2.339054562002275,0.7667417160009791
UTM,86,tm,73.1923076923077,2.357280661999539,0.7604911340022227
UTM,87,tm,73.125,2.3515869740003836,0.7644845889990393
UTM,88,tm,73.04326923076923,2.360593933000928,0.7630495369994605
UTM,89,tm,73.1201923076923,2.3549683050005115,0.7706568150024395
UTM,90,tm,73.00961538461539,2.3621508770011133,0.7612700940007926
UTM,91,tm,73.05288461538461,2.3480016969988355,0.7551627499997267
UTM,92,tm,73.17307692307692,2.337164598000527,0.7647888350002177
UTM,93,tm,72.90384615384615,2.3602582969979267,0.7641305710021697
UTM,94,tm,72.74038461538461,2.368530125997495,0.7772831469992525
UTM,95,tm,72.76923076923076,2.356704814003024,0.778125352000643
UTM,96,tm,72.90384615384615,2.355518018001021,0.7917788000013388
UTM,97,tm,73.14903846153847,2.345799134000117,0.7674082099983934
UTM,98,tm,73.13942307692308,2.346081105999474,0.762564675998874
UTM,99,tm,73.1298076923077,2.3511887029999343,0.76514181499806
UTM,100,tm,73.1923076923077,2.3560516859979543,0.7659605650005687
UTM,101,tm,73.23076923076923,2.3583894209987193,0.7674864920008986
UTM,102,tm,73.10576923076924,2.3651107990008313,0.777686948000337
UTM,103,tm,73.0625,2.3532591490002233,0.7621569490002003
UTM,104,tm,73.10096153846153,2.3633972220013675,0.7807616579993919
UTM,105,tm,73.2548076923077,2.3693783460003033,0.7751523589977296
UTM,106,tm,73.24038461538461,2.3637340429995675,0.7769613980017311
UTM,107,tm,73.21634615384616,2.3630963649993646,0.7635452249996888
UTM,108,tm,73.38942307692308,2.366946630001621,0.7681320129995584
UTM,109,tm,73.17788461538461,2.3681703570000536,0.77840596200258
UTM,110,tm,73.25961538461539,2.346849610999925,0.7699942250001186
UTM,111,tm,73.22596153846153,2.364319214000716,0.7705793259992788
UTM,112,tm,72.98076923076923,2.349879535002401,0.7704053829984332
UTM,113,tm,73.07211538461539,2.3563482600002317,0.7738262060011039
UTM,114,tm,73.04326923076923,2.3542562879993056,0.763843298998836
UTM,115,tm,72.9423076923077,2.3602621280006133,0.7653262300009374
UTM,116,tm,73.03365384615384,2.3636989859987807,0.7626318160000665
UTM,117,tm,73.21634615384616,2.353884083000594,0.7780493820027914
UTM,118,tm,73.41346153846153,2.368054761998792,0.7810638329974608
UTM,119,tm,73.25961538461539,2.374256997001794,0.7585920530000294
UTM,120,tm,73.29326923076923,2.3824281890010752,0.7670638410018
UTM,121,tm,73.29807692307693,2.3582902589987498,0.7576387199987948
UTM,122,tm,73.3701923076923,2.3613406909971673,0.7674900829988474
UTM,123,tm,73.48076923076923,2.3656177669981844,0.754737102000945
UTM,124,tm,73.26442307692308,2.3578173009991588,0.7668033250010922
UTM,125,tm,73.22115384615384,2.3880253799979982,0.7727830389994779
UTM,126,tm,73.33653846153845,2.3668589849985437,0.7642094360016927
UTM,127,tm,73.25,2.3495697199978167,0.778137097000581
UTM,128,tm,73.3701923076923,2.3694527160005237,0.7736320589974639
UTM,129,tm,73.27884615384616,2.359261678000621,0.7595276199972432
UTM,130,tm,73.3125,2.353893778999918,0.7709905880001315
UTM,131,tm,73.34134615384616,2.353427523001301,0.7694707640002889
UTM,132,tm,73.27403846153845,2.363766783000756,0.7606292609998491
UTM,133,tm,73.13942307692308,2.363877814997977,0.7651202509987343
UTM,134,tm,73.07211538461539,2.362961365997762,0.7823223220002546
UTM,135,tm,73.23557692307693,2.358097929998621,0.76483032899705
UTM,136,tm,73.20192307692308,2.3657399430012447,0.7716122019992326
UTM,137,tm,73.28846153846153,2.365606791998289,0.7516102850022435
UTM,138,tm,73.20673076923076,2.3812856990007276,0.751378108998324
UTM,139,tm,73.2548076923077,2.356487967001158,0.7661168270024064
UTM,140,tm,73.0576923076923,2.365467904997786,0.7568505460003507
UTM,141,tm,73.07692307692307,2.3563061889981327,0.764915834999556
UTM,142,tm,73.11538461538461,2.356265258997155,0.7699841360008577
UTM,143,tm,73.16826923076924,2.3660538049989555,0.7581716969980334
UTM,144,tm,73.29326923076923,2.362474953999481,0.7636673359993438
UTM,145,tm,73.16346153846153,2.3532716349982366,0.7552309299971967
UTM,146,tm,73.15865384615384,2.3589680179975403,0.760742520000349
UTM,147,tm,73.41346153846153,2.3435837410033855,0.7836160049992031
UTM,148,tm,73.1923076923077,2.3634995560023526,0.7653883769999084
UTM,149,tm,73.3076923076923,2.379183221000858,0.7722421099970234
UTM,150,tm,73.23076923076923,2.3586145130029763,0.7859752730000764
UTM,151,tm,73.05288461538461,2.356030072001886,0.7701407940003264
UTM,152,tm,73.26923076923076,2.371828318002372,0.7805477900001279
UTM,153,tm,73.36057692307692,2.3714887520000048,0.7757682489973377
UTM,154,tm,73.4375,2.3557243299983384,0.7606400269978622
UTM,155,tm,73.3076923076923,2.375983139998425,0.7681759070001135
UTM,156,tm,73.38942307692308,2.370358683001541,0.7772437719977461
UTM,157,tm,73.33173076923077,2.360863462999987,0.7789202640014992
UTM,158,tm,73.36538461538461,2.3829219740000553,0.7645791899994947
UTM,159,tm,73.39903846153845,2.3744010200025514,0.7757638639996003
UTM,160,tm,73.28365384615385,2.3675457509998523,0.7617613170004915
UTM,161,tm,73.1201923076923,2.363154505001148,0.7704605260005337
UTM,162,tm,73.1201923076923,2.361521269001969,0.7833675959991524
UTM,163,tm,73.16346153846153,2.3679220840022026,0.7638641099983943
UTM,164,tm,73.00961538461539,2.3661063209983695,0.7747884329983208
UTM,165,tm,72.8798076923077,2.365660700001172,0.7935303600024781
UTM,166,tm,72.6875,2.378849790999084,0.7935578630022064
UTM,167,tm,72.7548076923077,2.372235921997344,0.7589199180001742
UTM,168,tm,72.65384615384616,2.3685055570022087,0.7733487459991011
UTM,169,tm,72.64903846153847,2.364127759999974,0.7649330150015885
UTM,170,tm,73.25961538461539,2.377739986000961,0.7616025130009803
UTM,171,tm,73.36538461538461,2.366713116000028,0.7682882110020728
UTM,172,tm,73.26923076923076,2.347442725000292,0.765986595000868
UTM,173,tm,73.20673076923076,2.3622737580008106,0.7595945939974627
UTM,174,tm,73.2451923076923,2.3636517729974003,0.7674569379996683
UTM,175,tm,73.21153846153847,2.3685884850019647,0.7699869249991025
UTM,176,tm,73.1298076923077,2.364127787997859,0.7881980460006162
UTM,177,tm,73.27884615384616,2.3773747860032017,0.7608442710006784
UTM,178,tm,73.22115384615384,2.365799827999581,0.7700674890002119
UTM,179,tm,73.20673076923076,2.3657303170002706,0.7487350439987495
UTM,180,tm,73.3701923076923,2.3730959919994348,0.7657761859991297
UTM,181,tm,73.3125,2.3776758129970403,0.765276656999049
UTM,182,tm,73.30288461538461,2.3613304440004868,0.7660919279987866
UTM,183,tm,73.28365384615385,2.373490663998382,0.7696574990004592
UTM,184,tm,73.08653846153847,2.364067034002801,0.7685018029987987
UTM,185,tm,73.07692307692307,2.3733140519980225,0.7614577940003073
UTM,186,tm,73.23076923076923,2.3704409700003453,0.7628515549986332
UTM,187,tm,73.46153846153847,2.367632951001724,0.7704447869982687
UTM,188,tm,73.23557692307693,2.357164837001619,0.7582644230024016
UTM,189,tm,73.3798076923077,2.3701005529983377,0.7601529220009979
UTM,190,tm,73.1826923076923,2.37234933000218,0.7808727789997647
UTM,191,tm,73.26442307692308,2.3723796019985457,0.7642109230000642
UTM,192,tm,73.29807692307693,2.37898007900003,0.7750865429989062
UTM,193,tm,73.36057692307692,2.3806138389991247,0.7635669209994376
UTM,194,tm,73.23076923076923,2.3860482900017814,0.762794466001651
UTM,195,tm,73.26442307692308,2.366458609998517,0.7635949940013234
UTM,196,tm,73.1826923076923,2.3695886390014493,0.7755668659992807
UTM,197,tm,73.10096153846153,2.36321725200105,0.7536186589968565
UTM,198,tm,73.20673076923076,2.3906296960012696,0.7616019810011494
UTM,199,tm,72.85576923076923,2.3775322159999632,0.7679612389983959
UTM,200,tm,73.00961538461539,2.359513520001201,0.7783748619986
UTM,201,tm,72.84615384615385,2.379652346000512,0.7733932619994448
UTM,202,tm,73.24038461538461,2.381535521999467,0.7703379839986155
UTM,203,tm,73.22596153846153,2.3827139610002632,0.7780104650009889
UTM,204,tm,73.16826923076924,2.3666165209979226,0.7686988419991394
UTM,205,tm,73.11538461538461,2.3976001889968757,0.7709936520004703
UTM,206,tm,73.1298076923077,2.4022628300008364,0.7638192079975852
UTM,207,tm,73.1201923076923,2.3771667539986083,0.7723122030001832
UTM,208,tm,73.1298076923077,2.356288416998723,0.7814830380011699
UTM,209,tm,72.94711538461539,2.363151896999625,0.7725655199974426
UTM,210,tm,73.11538461538461,2.362174223999318,0.7703881399975216
UTM,211,tm,73.28365384615385,2.3786326169974927,0.7686360619991319
UTM,212,tm,73.1201923076923,2.3741304600007425,0.7727872709983785
UTM,213,tm,72.91826923076923,2.3838088609991246,0.7712016259974916
UTM,214,tm,72.97596153846155,2.3698346149976715,0.7635909710006672
UTM,215,tm,73.38461538461539,2.3722600229993986,0.766986722999718
UTM,216,tm,73.375,2.377735802998359,0.7655178259992681
UTM,217,tm,73.30288461538461,2.389249697997002,0.7762574509979459
UTM,218,tm,73.30288461538461,2.361038639999606,0.7672455690008064
UTM,219,tm,73.34134615384616,2.3714497969995136,0.7712886230001459
UTM,220,tm,73.1826923076923,2.3683511080016615,0.7542643929991755
UTM,221,tm,73.32692307692308,2.3784653980001167,0.7637018380009977
UTM,222,tm,73.26923076923076,2.3868095340003492,0.773536321001302
UTM,223,tm,73.20673076923076,2.3670492340024794,0.7653970569990634
UTM,224,tm,73.14903846153847,2.3587072160007665,0.7630514240008779
UTM,225,tm,73.2548076923077,2.3709750329981034,0.7760811089974595
UTM,226,tm,73.3076923076923,2.373381787998369,0.7625652709975839
UTM,227,tm,73.24038461538461,2.3574384530002135,0.7650130570000329
UTM,228,tm,73.11057692307692,2.376698330997897,0.7611168010007532
UTM,229,tm,73.25,2.375497117998748,0.7669641540014709
UTM,230,tm,73.25,2.380160339998838,0.7756971529997827
UTM,231,tm,73.32211538461539,2.386221046999708,0.7481651669986604
UTM,232,tm,73.34615384615385,2.3679400849978265,0.7645051780018548
UTM,233,tm,73.26923076923076,2.3738950970000587,0.7754291649980587
UTM,234,tm,73.47115384615385,2.372096312999929,0.7602658139985579
UTM,235,tm,73.3173076923077,2.382096821998857,0.7724598319982761
UTM,236,tm,73.34615384615385,2.3861663740026415,0.7747891629987862
UTM,237,tm,73.35576923076923,2.382950744002301,0.768255062001117
UTM,238,tm,73.35096153846153,2.367939320000005,0.7819577789996401
UTM,239,tm,73.47115384615385,2.371427116999257,0.7553143259974604
UTM,240,tm,73.39903846153845,2.382081529998686,0.7553044810010761
UTM,241,tm,73.34615384615385,2.3782613369985484,0.7572579980005685
UTM,242,tm,73.26442307692308,2.3706228359988017,0.7548543679986324
UTM,243,tm,73.35576923076923,2.375271528002486,0.7813569030004146
UTM,244,tm,73.32211538461539,2.3944752490024257,0.7662144930000068
UTM,245,tm,72.9423076923077,2.3838147910028056,0.7678085529987584
UTM,246,tm,73.29807692307693,2.3700199910017545,0.7652914919999603
UTM,247,tm,73.4326923076923,2.375912729999982,0.771190661998844
UTM,248,tm,73.32211538461539,2.3894466780002404,0.7733433249995869
UTM,249,tm,73.23557692307693,2.370823887998995,0.7668106899982376
UTM,250,tm,73.13942307692308,2.3616459109980497,0.7822446370009857
UTM,251,tm,73.45673076923077,2.3820729660001234,0.7689355519978562
UTM,252,tm,73.3125,2.3804787939989183,0.7712224440001592
UTM,253,tm,73.34615384615385,2.3658058469991374,0.7925471030030167
UTM,254,tm,73.5,2.371312265000597,0.7815551749990846
UTM,255,tm,73.46634615384615,2.375077346998296,0.7625819470013084
UTM,256,tm,73.30288461538461,2.381763602999854,0.7701480119976623
UTM,257,tm,73.21634615384616,2.3847944690023724,0.7734407919997466
UTM,258,tm,73.35096153846153,2.3747026989985898,0.7683631090003473
UTM,259,tm,73.14423076923077,2.396813776002091,0.7739649949980958
UTM,260,tm,73.27884615384616,2.392850008000096,0.7708525529997132
UTM,261,tm,72.98557692307692,2.3849367149996397,0.7726796710012422
UTM,262,tm,73.1875,2.3863436020001245,0.7565235729998676
UTM,263,tm,73.20192307692308,2.384162816000753,0.7546777359966654
UTM,264,tm,73.22115384615384,2.3600261120009236,0.7577865429993835
UTM,265,tm,73.2451923076923,2.372975010999653,0.756258119999984
UTM,266,tm,73.26923076923076,2.3715198030004103,0.7599336940002104
UTM,267,tm,73.1298076923077,2.3856365460014786,0.759942515000148
UTM,268,tm,73.26442307692308,2.3651891619992966,0.7614659380014928
UTM,269,tm,73.20192307692308,2.368142725001235,0.7826271630001429
UTM,270,tm,73.16346153846153,2.370795219001593,0.7731232549995184
UTM,271,tm,73.01442307692308,2.3708282619991223,0.7737827630007814
UTM,272,tm,72.9375,2.3852980119991116,0.7594095059976098
UTM,273,tm,72.95192307692308,2.366327158997592,0.7855353360027948
UTM,274,tm,73.07211538461539,2.3783738000020094,0.7616885930001445
UTM,275,tm,73.09134615384615,2.3849157039985585,0.7676684180005395
UTM,276,tm,73.10576923076924,2.384020983001392,0.7593002560024615
UTM,277,tm,73.44711538461539,2.3900159999975585,0.7666775819998293
UTM,278,tm,73.3798076923077,2.3908075759973144,0.7546258149995992
UTM,279,tm,73.28846153846153,2.385825075998582,0.7685295800001768
UTM,280,tm,73.44711538461539,2.393625858003361,0.767535228998895
UTM,281,tm,73.3076923076923,2.3771763820004708,0.7587878800004546
UTM,282,tm,73.3798076923077,2.3751493060008215,0.7769559090011171
UTM,283,tm,73.21153846153847,2.372135020999849,0.7788147530009155
UTM,284,tm,73.25961538461539,2.379464983998332,0.7822442439974111
UTM,285,tm,73.45673076923077,2.377042041000095,0.770983005000744
UTM,286,tm,73.35576923076923,2.3744100549993163,0.7840052319988899
UTM,287,tm,73.04807692307692,2.381922806001967,0.7718691080008284
UTM,288,tm,72.66346153846153,2.379246284999681,0.7807455609981844
UTM,289,tm,73.11538461538461,2.3865298190030444,0.7717716170009226
UTM,290,tm,73.21634615384616,2.377984672999446,0.7613906529986707
UTM,291,tm,73.29326923076923,2.3998766980002983,0.7709251449996373
UTM,292,tm,73.29807692307693,2.3865206299997226,0.7683972900013032
UTM,293,tm,73.3798076923077,2.3858743280034105,0.7705956619975041
UTM,294,tm,73.35096153846153,2.389456589000474,0.7790450430002238
UTM,295,tm,73.28365384615385,2.3827919699979248,0.7661192740015395
UTM,296,tm,73.36538461538461,2.3983715009999287,0.7733250000019325
UTM,297,tm,73.32211538461539,2.389490139001282,0.7795130320009775
UTM,298,tm,73.35096153846153,2.3907982780001475,0.7822062129998812
UTM,299,tm,73.27884615384616,2.3717730889984523,0.7798376819991972
UTM,300,tm,73.2548076923077,2.3874970130018482,0.7803654429990274
UTM,301,tm,73.19711538461539,2.3792657619997044,0.7785016289999476
UTM,302,tm,73.13461538461539,2.3742308010005218,0.7675184239997179
UTM,303,tm,73.10576923076924,2.378783221000049,0.7835538199979055
UTM,304,tm,73.14423076923077,2.3636885519990756,0.752357903002121
UTM,305,tm,73.2451923076923,2.383044969999901,0.760717991997808
UTM,306,tm,73.32692307692308,2.372082939997199,0.7671130900016578
UTM,307,tm,73.28365384615385,2.376080974998331,0.7626227979999385
UTM,308,tm,73.26442307692308,2.381950909002626,0.7622674009980983
UTM,309,tm,73.27884615384616,2.3794911400000274,0.7627388010005234
UTM,310,tm,73.39423076923077,2.3897935280001548,0.7685654240012809
UTM,311,tm,73.3173076923077,2.375665407998895,0.7607125470021856
UTM,312,tm,73.15384615384616,2.387701513001957,0.7583561069986899
UTM,313,tm,73.10096153846153,2.3785858859992004,0.7665706170009798
UTM,314,tm,73.13942307692308,2.3701680849990225,0.7612050069983525
UTM,315,tm,73.0,2.390521451001405,0.7559151139976166
UTM,316,tm,73.1201923076923,2.3676731910018134,0.77016382399961
UTM,317,tm,73.0,2.3671314399980474,0.779668789000425
UTM,318,tm,72.7451923076923,2.391704726000171,0.7781366549970699
UTM,319,tm,73.1826923076923,2.376880836000055,0.7792080590006663
UTM,320,tm,73.38461538461539,2.373465585998929,0.768887354999606
UTM,321,tm,73.33173076923077,2.3722344340021664,0.7737556880019838
UTM,322,tm,73.1875,2.370973363998928,0.7640438199996424
UTM,323,tm,73.22115384615384,2.3690864089985553,0.7670881129997724
UTM,324,tm,73.11538461538461,2.3758286730007967,0.7581899879987759
UTM,325,tm,73.16826923076924,2.389944596001442,0.7878516179989674
UTM,326,tm,73.21153846153847,2.3820160320028663,0.7670883720020356
UTM,327,tm,73.0673076923077,2.377584093999758,0.765685244998167
UTM,328,tm,73.27403846153845,2.3736395919986535,0.7650503139993816
UTM,329,tm,73.21634615384616,2.3762013759987894,0.7734438130028138
UTM,330,tm,73.125,2.3747474270021485,0.7671932310004195
UTM,331,tm,73.05288461538461,2.398041797001497,0.7679606759993476
UTM,332,tm,72.98076923076923,2.3946655159998045,0.7788626270012173
UTM,333,tm,72.88942307692308,2.3863598159987305,0.7686613699988811
UTM,334,tm,72.90865384615385,2.3776111110018974,0.7687818279991916
UTM,335,tm,73.0576923076923,2.3748319200021797,0.7576043379995099
UTM,336,tm,73.28846153846153,2.38857287099745,0.7575203699998383
UTM,337,tm,73.375,2.3712685110003804,0.7631362050015014
UTM,338,tm,73.4423076923077,2.3806449609983247,0.7629859480002779
UTM,339,tm,73.2451923076923,2.3758834559994284,0.7602739300018584
UTM,340,tm,73.2451923076923,2.3837842589964566,0.7641030990016588
UTM,341,tm,73.27403846153845,2.388269744998979,0.7685234990021854
UTM,342,tm,73.16826923076924,2.373000018997118,0.7670018059980066
UTM,343,tm,73.10576923076924,2.3877240889996756,0.770247273001587
UTM,344,tm,73.10576923076924,2.3756970040012675,0.7739294490020256
UTM,345,tm,73.05288461538461,2.37826580500041,0.7781784109974978
UTM,346,tm,73.16346153846153,2.3791403340001125,0.7693435729997873
UTM,347,tm,72.9326923076923,2.383730320001632,0.7678472690022318
UTM,348,tm,73.15865384615384,2.3686542510004074,0.7566362489997118
UTM,349,tm,73.16826923076924,2.3744214390026173,0.7498480230024143
UTM,350,tm,73.14423076923077,2.380581825000263,0.7537156159996812
UTM,351,tm,73.1826923076923,2.374609488997521,0.7545396620007523
UTM,352,tm,73.04807692307692,2.3923626720024913,0.7608656840020558
UTM,353,tm,73.32211538461539,2.3880231830007688,0.759407478999492
UTM,354,tm,72.9951923076923,2.3822960460020113,0.7643249149987241
UTM,355,tm,72.97596153846155,2.389092478002567,0.7705924620022415
UTM,356,tm,73.02403846153847,2.3893431879987475,0.7853537419978238
UTM,357,tm,73.2451923076923,2.3796772200003034,0.7597303069996997
UTM,358,tm,73.14423076923077,2.3880078330003016,0.7807149930013111
UTM,359,tm,73.23557692307693,2.390547830000287,0.7667636780024623
UTM,360,tm,73.2451923076923,2.367929535001167,0.7814627610023308
UTM,361,tm,73.39903846153845,2.3800051660000463,0.7805031579991919
UTM,362,tm,73.2548076923077,2.391267346996756,0.7711551650027104
UTM,363,tm,73.3076923076923,2.3815842289986904,0.7749783829967782
UTM,364,tm,73.29326923076923,2.394649797999591,0.767534059999889
UTM,365,tm,73.1923076923077,2.398692390001088,0.7741436329997669
UTM,366,tm,73.28846153846153,2.386411165000027,0.7794853010018414
UTM,367,tm,73.11057692307692,2.391704106998077,0.7759992860010243
UTM,368,tm,73.04807692307692,2.3942732050018094,0.7671641810011351
UTM,369,tm,73.09615384615384,2.38893314699817,0.7930022760010615
UTM,370,tm,73.0576923076923,2.3843806749973737,0.7777731540008972
UTM,371,tm,73.22115384615384,2.3775379569997313,0.7625236599997152
UTM,372,tm,73.21153846153847,2.3694648720011173,0.77292394899996
UTM,373,tm,72.9375,2.3843145159989945,0.7672862830004306
UTM,374,tm,72.96153846153847,2.3789098409979488,0.7737649179980508
UTM,375,tm,73.08653846153847,2.3877618059996166,0.7716836449981201
UTM,376,tm,72.86057692307692,2.3788886639995326,0.7749496530013857
UTM,377,tm,72.86057692307692,2.37899184699927,0.776672708998376
UTM,378,tm,72.95673076923077,2.402515403002326,0.7673100620013429
UTM,379,tm,73.0,2.3805636430006416,0.7715355799991812
UTM,380,tm,72.96634615384615,2.3992144820003887,0.7669155820003652
UTM,381,tm,72.88942307692308,2.3861057280009845,0.7668090939987451
UTM,382,tm,73.11057692307692,2.3917881720008154,0.7842617770002107
UTM,383,tm,73.04326923076923,2.387380239000777,0.7658379599997716
UTM,384,tm,73.03365384615384,2.387895062001917,0.7706991400009429
UTM,385,tm,73.15865384615384,2.394401851997827,0.7685351750005793
UTM,386,tm,73.15865384615384,2.383600896002463,0.7670410909995553
UTM,387,tm,73.26923076923076,2.397903896999196,0.759307872998761
UTM,388,tm,73.27884615384616,2.3829169609998644,0.7792037629988045
UTM,389,tm,73.08173076923077,2.4029999560007127,0.7787074129992106
UTM,390,tm,73.25,2.3899072800013528,0.7815489130007336
UTM,391,tm,73.05288461538461,2.3832093460005126,0.7769056990000536
UTM,392,tm,73.2451923076923,2.3939921790006338,0.7753582889999961
UTM,393,tm,73.1923076923077,2.3883160400000634,0.7659479469984944
UTM,394,tm,73.14423076923077,2.382069651997881,0.7676749769998423
UTM,395,tm,73.04807692307692,2.396854392001842,0.7883366499991098
UTM,396,tm,73.0,2.389165104003041,0.7925047229982738
UTM,397,tm,73.02403846153847,2.3852022889986984,0.7637337079977442
UTM,398,tm,73.14423076923077,2.4034329109999817,0.7688742929967702
UTM,399,tm,73.16346153846153,2.386947187002079,0.7721457599982386
UTM,400,tm,73.24038461538461,2.3928559229971142,0.761863801999425
UTM,401,tm,73.27884615384616,2.400325516999146,0.7657977300004859
UTM,402,tm,73.08653846153847,2.3964214000006905,0.7667236309971486
UTM,403,tm,73.125,2.4028673770008027,0.7762229330000991
UTM,404,tm,73.08653846153847,2.3935655540008156,0.7560161439978401
UTM,405,tm,73.10096153846153,2.3929085960007797,0.7691525989976071
UTM,406,tm,73.0576923076923,2.402661789001286,0.7501228439978149
UTM,407,tm,72.9423076923077,2.3942419990016788,0.7792569190023642
UTM,408,tm,73.03846153846155,2.389274031000241,0.7597110460010299
UTM,409,tm,72.91826923076923,2.3910935839994636,0.7716781780000019
UTM,410,tm,72.96634615384615,2.386833445998491,0.7663789719990746
UTM,411,tm,73.08653846153847,2.3710477959975833,0.7637779159995262
UTM,412,tm,72.875,2.391484861000208,0.7593906219990458
UTM,413,tm,73.0,2.372824251997372,0.756342520002363
UTM,414,tm,72.8798076923077,2.3716613139986293,0.7616676249999728
UTM,415,tm,73.125,2.3936274010011402,0.77676743900156
UTM,416,tm,73.03365384615384,2.3861856349976733,0.7677184539970767
UTM,417,tm,73.20192307692308,2.3927149409973936,0.761386861999199
UTM,418,tm,73.1201923076923,2.397517384000821,0.765935688999889
UTM,419,tm,73.0576923076923,2.4011504000009154,0.7674130250015878
UTM,420,tm,73.11057692307692,2.396736274997238,0.7683794740005396
UTM,421,tm,73.03365384615384,2.3923748820016044,0.7658532470013597
UTM,422,tm,73.04807692307692,2.399778951999906,0.7707657809987722
UTM,423,tm,73.13461538461539,2.3902202380013478,0.7807871010008967
UTM,424,tm,72.97596153846155,2.3950678689980123,0.768910088998382
UTM,425,tm,72.83653846153845,2.4073276960007206,0.767694415000733
UTM,426,tm,72.9326923076923,2.392544907001138,0.7702712199970847
UTM,427,tm,72.82211538461539,2.3956371290005336,0.7829613829999289
UTM,428,tm,72.84615384615385,2.387917161999212,0.7712329610003508
UTM,429,tm,72.8701923076923,2.3870729240006767,0.7604838330007624
UTM,430,tm,72.91826923076923,2.4045862239981943,0.7737672639996163
UTM,431,tm,73.0625,2.3958172669990745,0.7710985240009904
UTM,432,tm,73.07692307692307,2.399031979999563,0.7654398619997664
UTM,433,tm,73.14903846153847,2.395573369001795,0.7534412130007695
UTM,434,tm,73.0576923076923,2.399589570999524,0.7520774090007762
UTM,435,tm,72.99038461538461,2.396287282997946,0.7568817320025119
UTM,436,tm,73.14903846153847,2.390526653998677,0.7691171349979413
UTM,437,tm,73.0,2.4012221379998664,0.7734352900006343
UTM,438,tm,73.25,2.3843449100022553,0.7710145269993518
UTM,439,tm,73.17788461538461,2.3926646300024004,0.7731064500003413
UTM,440,tm,73.16346153846153,2.386418008001783,0.7604533059966343
UTM,441,tm,72.98557692307692,2.3823545849991206,0.7670858310011681
UTM,442,tm,73.15865384615384,2.394000297997991,0.7683403320006619
UTM,443,tm,73.01442307692308,2.412957483000355,0.7751835939998273
UTM,444,tm,73.23557692307693,2.408213009002793,0.7730156520010496
UTM,445,tm,72.9951923076923,2.4023175399997854,0.7675856719979492
UTM,446,tm,73.04326923076923,2.401088034002896,0.7718247529992368
UTM,447,tm,72.7548076923077,2.3791277130003436,0.7595452519999526
UTM,448,tm,72.82692307692308,2.383996589000162,0.7803003279987024
UTM,449,tm,72.86057692307692,2.390916364001896,0.7725270849987282
UTM,450,tm,72.60576923076924,2.38927629400132,0.7672831809977652
UTM,451,tm,72.96153846153847,2.3852644360013073,0.7659704559991951
UTM,452,tm,72.9375,2.40054427600262,0.7540327419992536
UTM,453,tm,73.14423076923077,2.388066955998511,0.7486120439971273
UTM,454,tm,72.98557692307692,2.401575318999676,0.7600042459998804
UTM,455,tm,72.9326923076923,2.3971063179997145,0.7564749960001791
UTM,456,tm,73.1298076923077,2.3981118490009976,0.7584938399995735
UTM,457,tm,73.11057692307692,2.405359435997525,0.756649421997281
UTM,458,tm,73.15384615384616,2.396509291000257,0.774691583999811
UTM,459,tm,73.02884615384615,2.3905145339995215,0.7653014259994961
UTM,460,tm,73.19711538461539,2.389873464999255,0.7635267379992001
UTM,461,tm,73.20673076923076,2.391403426998295,0.7766793209993921
UTM,462,tm,73.11538461538461,2.3928835460028495,0.7708713770007307
UTM,463,tm,72.9951923076923,2.3913665720028803,0.7698646110002301
UTM,464,tm,73.15384615384616,2.3979090499997255,0.7773236210014147
UTM,465,tm,73.2451923076923,2.391040851998696,0.7646136499970453
UTM,466,tm,73.23076923076923,2.378239498997573,0.766898059999221
UTM,467,tm,73.13461538461539,2.3978697849997843,0.7691597859993635
UTM,468,tm,73.07211538461539,2.39991616000043,0.7662539039993135
UTM,469,tm,73.05288461538461,2.3903109729981225,0.7739550689984753
UTM,470,tm,73.05288461538461,2.3908849190011097,0.7726159739977447
UTM,471,tm,72.98557692307692,2.390411012998811,0.7875057149976783
UTM,472,tm,72.90384615384615,2.3885675460005587,0.775497008999082
UTM,473,tm,72.98076923076923,2.3958551799987617,0.7770259409990103
UTM,474,tm,72.95192307692308,2.3845191469990823,0.7706880779987841
UTM,475,tm,72.8125,2.392409886000678,0.7689837799989618
UTM,476,tm,72.88942307692308,2.395458682000026,0.7655603559978772
UTM,477,tm,73.13461538461539,2.397517716999573,0.7872766330001468
UTM,478,tm,73.11538461538461,2.3914179040002637,0.7838516769988928
UTM,479,tm,72.9423076923077,2.395056203000422,0.7725595310002973
UTM,480,tm,73.0,2.39854113399997,0.7665929069989943
UTM,481,tm,72.92307692307692,2.3981407350001973,0.7837042450009903
UTM,482,tm,73.1298076923077,2.387767869000527,0.7642826099981903
UTM,483,tm,73.02884615384615,2.3925940599983733,0.7737600830005249
UTM,484,tm,72.92307692307692,2.396497185000044,0.7747003280019271
UTM,485,tm,73.0673076923077,2.395613003998733,0.7625330390001182
UTM,486,tm,73.11538461538461,2.400108003999776,0.7746323339997616
UTM,487,tm,73.26442307692308,2.383064228997682,0.7685516839992488
UTM,488,tm,73.16826923076924,2.4011638020019745,0.7624113579986442
UTM,489,tm,73.1201923076923,2.390116416998353,0.7685273360002611
UTM,490,tm,72.89423076923077,2.3921030660021643,0.7768112990015652
UTM,491,tm,72.78846153846153,2.412422803998197,0.7705016240033729
UTM,492,tm,72.71634615384616,2.39609456800099,0.7689140280017455
UTM,493,tm,72.80288461538461,2.3854426160032745,0.7737009519987623
UTM,494,tm,72.95673076923077,2.387427742,0.7851391320000403
UTM,495,tm,72.84134615384616,2.40361330900123,0.7694187819979561
UTM,496,tm,72.97115384615384,2.399440504002996,0.7723729870012903
UTM,497,tm,72.75961538461539,2.395415070997842,0.764386522998393
UTM,498,tm,73.03846153846155,2.4010225250021904,0.7669232730004296
UTM,499,tm,73.14903846153847,2.398859585999162,0.7569362930007628
UTM,500,tm,73.3125,2.3921306020019983,0.770865476999461
WTM,1,tm,63.39903846153846,1.7284172090003267,0.7020212940005877
WTM,2,tm,68.64903846153845,1.4230580289986392,0.6989516049980011
WTM,3,tm,69.6923076923077,1.3348861479971674,0.708679729999858
WTM,4,tm,69.73557692307692,1.2744658349984093,0.7142600090010092
WTM,5,tm,71.2548076923077,1.2157748589997937,0.7240118379995693
WTM,6,tm,71.50961538461539,1.2050567389997013,0.7382419299974572
WTM,7,tm,71.85096153846153,1.1753406710013223,0.7374107540017576
WTM,8,tm,72.82211538461539,1.1306479240010958,0.7292299230030039
WTM,9,tm,72.82211538461539,1.127081951002765,0.7235566790004668
WTM,10,tm,74.46153846153845,1.1146792709987494,0.7332036759980838
WTM,11,tm,73.85096153846153,1.0883933080003771,0.7239850890000525
WTM,12,tm,75.71153846153847,1.0868227800019667,0.7404891939986555
WTM,13,tm,74.88461538461539,1.0551631420021295,0.7282639020013448
WTM,14,tm,74.78365384615384,1.0543964530006633,0.7238209759998426
WTM,15,tm,74.92788461538461,1.0463926209995407,0.725651436001499
WTM,16,tm,75.97596153846153,1.0497355139996216,0.737551865997375
WTM,17,tm,76.79807692307692,1.0379189259983832,0.7289206139976159
WTM,18,tm,75.78846153846153,1.0205481740013056,0.7257921689997602
WTM,19,tm,75.04326923076923,1.0176457019988447,0.7374196220007434
WTM,20,tm,75.375,1.0074561439978424,0.7403934670001036
WTM,21,tm,77.11057692307692,1.0058774360004463,0.7435726109979441
WTM,22,tm,76.01923076923077,0.9946872630025609,0.7291638749993581
WTM,23,tm,75.91346153846153,0.992294256000605,0.7334150579990819
WTM,24,tm,75.77884615384616,0.9861078260000795,0.7510725110005296
WTM,25,tm,77.36057692307692,0.9849612389989488,0.7354171799997857
WTM,26,tm,75.70192307692307,0.9814447539974935,0.7381044020003174
WTM,27,tm,77.76442307692307,0.960346727999422,0.7308793929987587
WTM,28,tm,76.50961538461539,0.9775239959999453,0.737302333000116
WTM,29,tm,75.80288461538461,0.9771856010011106,0.7455410389993631
WTM,30,tm,75.10576923076923,0.9642597450001631,0.7229519399988931
WTM,31,tm,76.38461538461539,0.9602941820012347,0.7380736619998061
WTM,32,tm,77.02884615384616,0.9527738899996621,0.7288757459973567
WTM,33,tm,76.72596153846155,0.9541940279996197,0.7480511909998313
WTM,34,tm,76.39903846153845,0.9561475590016926,0.7538892589982424
WTM,35,tm,75.6923076923077,0.9402271379985905,0.7251587549981195
WTM,36,tm,76.70192307692307,0.9408904240008269,0.7276660789975722
WTM,37,tm,77.59615384615385,0.9407522680012335,0.736384215997532
WTM,38,tm,77.42307692307693,0.9460870129987597,0.7331134670021129
WTM,39,tm,77.51442307692308,0.9316506470022432,0.7350404310018348
WTM,40,tm,76.30288461538461,0.9371769309982483,0.7267707189967041
WTM,41,tm,76.39423076923076,0.9235393260023557,0.7349616980027349
WTM,42,tm,78.3076923076923,0.9280151419989124,0.7271715629976825
WTM,43,tm,77.65865384615384,0.9123239520013158,0.7692227509978693
WTM,44,tm,76.1298076923077,0.9293346300000849,0.7406757789976837
WTM,45,tm,77.67307692307692,0.9078851979975298,0.7370014089974575
WTM,46,tm,78.17788461538461,0.9197601199994097,0.7410745300003327
WTM,47,tm,78.3798076923077,0.906819149000512,0.729282518997934
WTM,48,tm,76.125,0.9034487600001739,0.74312037600248
WTM,49,tm,78.63461538461539,0.9025062750006327,0.7410911029983254
WTM,50,tm,77.33653846153847,0.8960048830012965,0.7352166739983659
WTM,51,tm,78.5048076923077,0.894720629999938,0.7242093730019405
WTM,52,tm,77.94711538461539,0.9007133199993405,0.7241473360008968
WTM,53,tm,79.13461538461539,0.9007236920006108,0.7301428989994747
WTM,54,tm,78.64423076923077,0.8908247090002988,0.7372019920003368
WTM,55,tm,78.3798076923077,0.8985582009991049,0.7377943930005131
WTM,56,tm,78.0576923076923,0.8963350209996861,0.7372752349983784
WTM,57,tm,78.95673076923076,0.8771888480005146,0.7426132380023773
WTM,58,tm,78.39903846153847,0.8973526720001246,0.7326176789974852
WTM,59,tm,78.78365384615384,0.8828772239976388,0.7269519700021192
WTM,60,tm,78.02403846153845,0.8933850590001384,0.7385740130011982
WTM,61,tm,78.28846153846155,0.8987965600026655,0.7280441000002611
WTM,62,tm,78.28846153846155,0.8923533239976678,0.7457689789989672
WTM,63,tm,79.11057692307692,0.885388418999355,0.7349378569997498
WTM,64,tm,78.95192307692308,0.8809913740005868,0.7386510340002133
WTM,65,tm,78.40865384615384,0.8852993770015019,0.7449228689984011
WTM,66,tm,78.65865384615385,0.8830618549982319,0.7354418169998098
WTM,67,tm,79.2548076923077,0.8770470290000958,0.7407450329992571
WTM,68,tm,79.35576923076924,0.8757894589980424,0.7400146710024273
WTM,69,tm,78.13942307692308,0.8801008779992117,0.7359968570017372
WTM,70,tm,77.9423076923077,0.8882314219990803,0.7335522520006634
WTM,71,tm,78.59134615384616,0.8955423099978361,0.7203010670018557
WTM,72,tm,78.76442307692308,0.8654569549980806,0.7316887470005895
WTM,73,tm,78.15865384615385,0.8743577559980622,0.7387509990003309
WTM,74,tm,78.73076923076923,0.8713084439987142,0.7322987590014236
WTM,75,tm,78.7548076923077,0.8666973429972131,0.7382181390021287
WTM,76,tm,78.58653846153845,0.8781486070001847,0.7416482709995762
WTM,77,tm,77.99038461538461,0.8789167870017991,0.7407722770003602
WTM,78,tm,80.22596153846155,0.8744111509986396,0.7303071700007422
WTM,79,tm,79.14903846153845,0.8745620549998421,0.7339643340019393
WTM,80,tm,78.70192307692308,0.8660514170005627,0.7431189059971075
WTM,81,tm,79.05288461538461,0.8690411709976615,0.7485012159995676
WTM,82,tm,78.33653846153847,0.8799885009975696,0.7359540039979038
WTM,83,tm,78.61538461538461,0.8656156149991148,0.7441979930008529
WTM,84,tm,79.1923076923077,0.8700621509997291,0.7407272849995934
WTM,85,tm,78.4951923076923,0.8621379760006675,0.7141340600028343
WTM,86,tm,78.79326923076924,0.8649720670000534,0.7348100729977887
WTM,87,tm,79.52884615384616,0.8487600309999834,0.734356888999173
WTM,88,tm,79.5625,0.8701148239997565,0.7226245790006942
WTM,89,tm,78.8125,0.8731868490031047,0.7175598889989487
WTM,90,tm,79.57211538461539,0.8511637330011581,0.744290856000589
WTM,91,tm,79.6826923076923,0.8561121560014726,0.7302628949983045
WTM,92,tm,79.14903846153845,0.8546942229986598,0.7334827810009301
WTM,93,tm,79.3701923076923,0.8575512630013691,0.756415523999749
WTM,94,tm,78.80288461538461,0.8664361340015603,0.7383546970013413
WTM,95,tm,79.84134615384615,0.8667152620000707,0.7380405959993368
WTM,96,tm,79.59134615384616,0.8644268839998404,0.7336451369992574
WTM,97,tm,78.91346153846153,0.8429079689994978,0.729687835999357
WTM,98,tm,79.92788461538461,0.8525935869984096,0.7336068009972223
WTM,99,tm,79.25961538461539,0.8457628050018684,0.731219435998355
WTM,100,tm,79.02884615384616,0.857746670000779,0.7374885290009843
WTM,101,tm,80.63461538461539,0.8620835539986729,0.7365756840008544
WTM,102,tm,79.82692307692307,0.8586198550001427,0.735757468999509
WTM,103,tm,79.8798076923077,0.8577574820010341,0.7336048229990411
WTM,104,tm,78.76923076923077,0.8397689159974107,0.7462276570004178
WTM,105,tm,78.7548076923077,0.8554353020008421,0.7424097379989689
WTM,106,tm,80.04326923076923,0.8606691280001542,0.7490686569981335
WTM,107,tm,79.92307692307692,0.8581801290019939,0.7470102080005745
WTM,108,tm,76.73076923076924,0.855355564999627,0.7437486099988746
WTM,109,tm,79.5673076923077,0.8443592600015108,0.7449913429991284
WTM,110,tm,80.20673076923077,0.8419483739999123,0.7395401440007845
WTM,111,tm,78.7548076923077,0.8390415210014908,0.7330344259971753
WTM,112,tm,79.67788461538461,0.8452016730007017,0.7421794969995972
WTM,113,tm,78.98076923076923,0.8366551680010161,0.7312430849997327
WTM,114,tm,79.47596153846153,0.839245615999971,0.7166292280016933
WTM,115,tm,79.51923076923076,0.8486076750014035,0.7386001230006514
WTM,116,tm,79.59134615384616,0.8423527599989029,0.7453934049990494
WTM,117,tm,78.92307692307692,0.835919086002832,0.7457409489979909
WTM,118,tm,78.58173076923077,0.840609516002587,0.7387522300014098
WTM,119,tm,78.88942307692308,0.8535414289981418,0.7301090369983285
WTM,120,tm,79.3173076923077,0.8529540090021328,0.7367444049996266
WTM,121,tm,79.91346153846153,0.8349151859983976,0.7434072899995954
WTM,122,tm,78.92307692307692,0.8416623850025644,0.7474809699997422
WTM,123,tm,79.1201923076923,0.8436247900026501,0.7448570870001276
WTM,124,tm,79.47115384615384,0.8372457550030958,0.738341598000261
WTM,125,tm,79.3173076923077,0.842815675001475,0.7276412460014399
WTM,126,tm,79.8701923076923,0.8349895179999294,0.7355729490009253
WTM,127,tm,78.80288461538461,0.8495492030015157,0.7324016839993419
WTM,128,tm,79.11057692307692,0.8261813950011856,0.735249212000781
WTM,129,tm,78.84615384615384,0.8313016559986863,0.7462730059996829
WTM,130,tm,79.14903846153845,0.8382940129995404,0.7427618110014009
WTM,131,tm,79.2451923076923,0.8320457289992191,0.7292231690007611
WTM,132,tm,78.96153846153847,0.8367524429995683,0.7318417430033151
WTM,133,tm,80.03365384615385,0.8362214430017048,0.7390095649971045
WTM,134,tm,80.16346153846153,0.830111545001273,0.7407837409991771
WTM,135,tm,80.04807692307693,0.8368443920007849,0.7314481390021683
WTM,136,tm,79.26923076923077,0.8331675549998181,0.7361344450000615
WTM,137,tm,79.8125,0.8288181530006113,0.7467085889984446
WTM,138,tm,79.38461538461539,0.8214247630021418,0.7373645570005465
WTM,139,tm,80.53846153846153,0.8231444269986241,0.7425699739978882
WTM,140,tm,79.98076923076923,0.8299565219967917,0.7479981260003115
WTM,141,tm,80.42788461538461,0.8397054209999624,0.7403431849998015
WTM,142,tm,78.88461538461539,0.8458300860002055,0.7481920569989597
WTM,143,tm,79.92307692307692,0.8418724900002417,0.7445599019993097
WTM,144,tm,79.59134615384616,0.8453116800010321,0.7501993730002141
WTM,145,tm,79.89423076923077,0.8368297410015657,0.7409337219978624
WTM,146,tm,79.10576923076923,0.8424470700010716,0.7511123539989057
WTM,147,tm,79.1923076923077,0.8398186359991087,0.731796531999862
WTM,148,tm,78.92788461538461,0.830644541001675,0.7412548219981545
WTM,149,tm,80.21634615384615,0.8400809630002186,0.7406987030008167
WTM,150,tm,80.4423076923077,0.82778381299795,0.7495174489995406
WTM,151,tm,79.65865384615385,0.8294336299986753,0.743431546001375
WTM,152,tm,79.28846153846155,0.8203604119989905,0.7284119809992262
WTM,153,tm,78.36057692307692,0.8240505670000857,0.7386417959969549
WTM,154,tm,79.16346153846155,0.8302067280019401,0.7410546150022128
WTM,155,tm,79.04326923076923,0.8177157569989504,0.7314272289986548
WTM,156,tm,79.17788461538461,0.8316996449975704,0.7502382460006629
WTM,157,tm,79.78365384615384,0.8382631940003193,0.7401321319994167
WTM,158,tm,80.25961538461537,0.8218964660009078,0.7417804460019397
WTM,159,tm,79.16346153846155,0.825578690997645,0.7432148239968228
WTM,160,tm,79.75961538461539,0.8290144159982447,0.7395835790011915
WTM,161,tm,80.77884615384615,0.8309544460025791,0.7452154189995781
WTM,162,tm,79.4326923076923,0.8231290280018584,0.7464812760008499
WTM,163,tm,80.20192307692308,0.8256199759998708,0.7413651540009596
WTM,164,tm,79.86057692307692,0.831143654002517,0.7378465239999059
WTM,165,tm,79.42307692307692,0.8260525190016779,0.7416762850007217
WTM,166,tm,78.29326923076924,0.8363031650005723,0.731821855999442
WTM,167,tm,78.7451923076923,0.8206040420009231,0.7509395420020155
WTM,168,tm,80.42307692307692,0.8331515690006199,0.7374782480001159
WTM,169,tm,79.1923076923077,0.8359331360006763,0.7348854980009492
WTM,170,tm,80.16346153846153,0.8276780400010466,0.7290679189973162
WTM,171,tm,80.03846153846153,0.8338980139997147,0.7315993580014037
WTM,172,tm,79.375,0.8288688600005116,0.7349189689994091
WTM,173,tm,79.67307692307692,0.8256402770020941,0.7276437439977599
WTM,174,tm,79.39903846153847,0.828064903998893,0.7319645509996917
WTM,175,tm,79.53846153846153,0.8135606850009935,0.7378968379998696
WTM,176,tm,80.79807692307692,0.8262018219975289,0.7288866109993251
WTM,177,tm,80.95192307692308,0.8290656640019733,0.7456928270003118
WTM,178,tm,80.23076923076923,0.8241504969992093,0.7495611759986787
WTM,179,tm,79.83173076923077,0.8277941119995376,0.734834792001493
WTM,180,tm,79.23557692307692,0.8223978690002696,0.7512806250015274
WTM,181,tm,79.04326923076923,0.8236605689999124,0.7451782840034866
WTM,182,tm,79.8076923076923,0.8310885270002473,0.7403672729997197
WTM,183,tm,79.92788461538461,0.8250610520008195,0.7397601080010645
WTM,184,tm,78.9326923076923,0.8482795409981918,0.7484248290020332
WTM,185,tm,79.49038461538461,0.8176428139995551,0.7455793900007848
WTM,186,tm,79.5048076923077,0.8329426500022237,0.7370796959985455
WTM,187,tm,80.40865384615384,0.8064546550012892,0.7352882000013778
WTM,188,tm,79.03846153846153,0.8282176929969864,0.7395393119986693
WTM,189,tm,79.40865384615384,0.8252969780005515,0.7257081179996021
WTM,190,tm,80.29326923076923,0.8249246049999783,0.7408438059974287
WTM,191,tm,79.625,0.8325531860027695,0.7531257409973477
WTM,192,tm,80.29807692307692,0.8350193739970564,0.7532589479997114
WTM,193,tm,79.46634615384616,0.8366458599994075,0.7377995480019308
WTM,194,tm,79.5673076923077,0.819965973001672,0.7363780760024383
WTM,195,tm,79.33653846153847,0.8120004730008077,0.7312980200003949
WTM,196,tm,78.96153846153847,0.8190301760005241,0.752083097002469
WTM,197,tm,79.28846153846155,0.8140207319993351,0.7382644350000191
WTM,198,tm,79.63461538461539,0.8246424310018483,0.7399173679987143
WTM,199,tm,79.50961538461539,0.8191010440023092,0.7347518550013774
WTM,200,tm,79.45673076923076,0.8182281650006189,0.7366133130017261
WTM,201,tm,79.95673076923076,0.8115392899999279,0.7300796790004824
WTM,202,tm,80.91346153846153,0.8225951089989394,0.7359984920003626
WTM,203,tm,80.1826923076923,0.8144998550014861,0.7358823249996931
WTM,204,tm,80.16826923076923,0.8215207249995728,0.738445438000781
WTM,205,tm,80.41346153846153,0.8225780580032733,0.7288674600022205
WTM,206,tm,80.45673076923077,0.8137461109981814,0.7436338640000031
WTM,207,tm,80.0048076923077,0.8160767149965977,0.7467797859972052
WTM,208,tm,79.20673076923077,0.8117056029986998,0.7452528310022899
WTM,209,tm,78.92788461538461,0.8250250590026553,0.7368920109984174
WTM,210,tm,80.91826923076924,0.8150289839977631,0.7385683100001188
WTM,211,tm,80.77884615384615,0.8308849830027611,0.739712488000805
WTM,212,tm,79.83173076923077,0.8160479709986248,0.7347084439970786
WTM,213,tm,80.53846153846153,0.8207810739986598,0.7314463600014278
WTM,214,tm,81.08653846153845,0.8337821409986645,0.7516023520001909
WTM,215,tm,81.7451923076923,0.820895863998885,0.7388009630012675
WTM,216,tm,80.36057692307692,0.8252177309987019,0.7426958709984319
WTM,217,tm,79.95673076923076,0.8130708630014851,0.7491828399979568
WTM,218,tm,79.3173076923077,0.8165688539993425,0.7346407699988049
WTM,219,tm,80.51923076923076,0.8035637690009025,0.744499149001058
WTM,220,tm,80.88942307692307,0.8235281489978661,0.7438516860020172
WTM,221,tm,80.1875,0.8157445439974254,0.7539118599997892
WTM,222,tm,79.88942307692307,0.8168907189974561,0.7650513600019622
WTM,223,tm,80.67788461538463,0.8099361560016405,0.7413282029992843
WTM,224,tm,80.74038461538461,0.8204756939994695,0.7467611899992335
WTM,225,tm,80.13942307692308,0.8119413319982414,0.7587600650003878
WTM,226,tm,80.23076923076923,0.8142215970001416,0.7557576239996706
WTM,227,tm,80.02403846153847,0.8165326890011784,0.7481720530013263
WTM,228,tm,80.25,0.8155460279995168,0.7471598820011423
WTM,229,tm,79.69711538461539,0.8201948300011281,0.7301424340002995
WTM,230,tm,78.86538461538461,0.8063085960020544,0.7424390630003472
WTM,231,tm,80.02403846153847,0.8252782980016491,0.737035760001163
WTM,232,tm,80.61538461538461,0.8180129370011855,0.7447562419984024
WTM,233,tm,81.0625,0.8128284859994892,0.7388361440025619
WTM,234,tm,80.23557692307692,0.8260104900000442,0.7499156820013013
WTM,235,tm,80.60576923076923,0.8207123180000053,0.7413506849989062
WTM,236,tm,80.28365384615384,0.812955821002106,0.7337478699992062
WTM,237,tm,80.23557692307692,0.8057151680004608,0.7390736660017865
WTM,238,tm,79.90865384615384,0.82573680600035,0.7309646930007148
WTM,239,tm,79.96153846153847,0.8179630429985991,0.7363353700020525
WTM,240,tm,80.08653846153845,0.8025325210001029,0.7459438309997495
WTM,241,tm,78.42788461538461,0.8205918329986162,0.7445118590003403
WTM,242,tm,80.07211538461539,0.8179805990002933,0.7431154969999625
WTM,243,tm,80.1875,0.8144447549966571,0.7388670059990545
WTM,244,tm,80.52884615384616,0.8096040870004799,0.7354840820007666
WTM,245,tm,81.5576923076923,0.7968406759973732,0.7372054259976721
WTM,246,tm,80.52884615384616,0.812351740001759,0.7389308940000774
WTM,247,tm,80.91826923076924,0.8182160169999406,0.7350299919999088
WTM,248,tm,79.97596153846153,0.8008670499984873,0.7368767980005941
WTM,249,tm,79.77884615384615,0.8106034259981243,0.742707657002029
WTM,250,tm,80.29807692307692,0.8107588409984601,0.7288891680000233
WTM,251,tm,80.36057692307692,0.8155178890010575,0.7263054430004559
WTM,252,tm,79.77403846153847,0.8129964190011378,0.7436611609991814
WTM,253,tm,80.2451923076923,0.8150736710013007,0.7478740360020311
WTM,254,tm,79.4375,0.8099267659999896,0.747528797997802
WTM,255,tm,80.1201923076923,0.8096182729968859,0.7406205289989884
WTM,256,tm,80.61057692307692,0.8054479149977851,0.735531369002274
WTM,257,tm,81.02403846153847,0.8008282760019938,0.7450466949994734
WTM,258,tm,79.33173076923077,0.807527362001565,0.7437650530009705
WTM,259,tm,80.42788461538461,0.7988931859981676,0.7462085400002252
WTM,260,tm,80.0625,0.8061038460000418,0.7429384920033044
WTM,261,tm,81.39423076923077,0.8147197660000529,0.7428526589974354
WTM,262,tm,79.77403846153847,0.8063552690000506,0.7304704080015654
WTM,263,tm,79.29326923076923,0.8063645399997768,0.7444900759983284
WTM,264,tm,80.28846153846155,0.8223305499996059,0.74696872399727
WTM,265,tm,80.58173076923076,0.8081963660006295,0.7435648149985354
WTM,266,tm,80.15384615384616,0.8064349529995525,0.7358190980012296
WTM,267,tm,80.63942307692308,0.7984905660014192,0.7390793319973454
WTM,268,tm,80.5048076923077,0.8048620299996401,0.7399033309993683
WTM,269,tm,79.8125,0.8050588169971888,0.7319619440022507
WTM,270,tm,80.26442307692308,0.8011394559980545,0.7274447740019241
WTM,271,tm,80.32211538461539,0.7967047710008046,0.7276612839996233
WTM,272,tm,79.46153846153847,0.8006267640012084,0.7327960660004464
WTM,273,tm,79.61538461538461,0.8139604360003432,0.7522513779986184
WTM,274,tm,80.19711538461539,0.8140190419981082,0.7517365290004818
WTM,275,tm,79.76442307692308,0.8069853960005275,0.7487639860009949
WTM,276,tm,79.27403846153847,0.8068577199992433,0.7372005340002943
WTM,277,tm,79.6875,0.8067097090024618,0.7495688880007947
WTM,278,tm,80.69711538461539,0.8033261290001974,0.7449474519999058
WTM,279,tm,79.83173076923077,0.8055924910004251,0.7474839410024288
WTM,280,tm,80.82692307692308,0.8129788599981111,0.7475329419976333
WTM,281,tm,80.1826923076923,0.8044374199998856,0.7525914290017681
WTM,282,tm,80.20192307692308,0.8053662199999962,0.7477757569977257
WTM,283,tm,81.11057692307693,0.8102009300018835,0.7462621209997451
WTM,284,tm,80.03846153846153,0.8073999730004289,0.7477978669994627
WTM,285,tm,80.65865384615385,0.8073150620002707,0.7504265890020179
WTM,286,tm,79.7548076923077,0.8119460079979035,0.7446721380001691
WTM,287,tm,79.0048076923077,0.8131799770017096,0.7430423799996788
WTM,288,tm,80.4951923076923,0.8107341479990282,0.7348925149999559
WTM,289,tm,80.79326923076923,0.7976043849994312,0.7479016889992636
WTM,290,tm,80.36538461538461,0.8089639129975694,0.7483668470013072
WTM,291,tm,79.64423076923077,0.8025174340000376,0.7449241400026949
WTM,292,tm,80.32211538461539,0.7974941789980221,0.7542245409968018
WTM,293,tm,80.34134615384615,0.8070432900021842,0.750605553999776
WTM,294,tm,80.46153846153847,0.8029971169999044,0.7462497710002935
WTM,295,tm,80.17788461538461,0.7970058689970756,0.7364544039992325
WTM,296,tm,80.25961538461537,0.8067116379970685,0.7384029920031026
WTM,297,tm,81.14903846153845,0.8032181879971176,0.7433579530006682
WTM,298,tm,80.64423076923077,0.8079777219973039,0.7507923509983812
WTM,299,tm,81.125,0.8052746779976587,0.7481160630013619
WTM,300,tm,80.51923076923076,0.8144021890002477,0.7261011180016794
WTM,301,tm,80.48557692307692,0.8085400220006704,0.7378530780006258
WTM,302,tm,78.88461538461539,0.8184054250014015,0.7489561829970626
WTM,303,tm,80.20673076923077,0.8006538349982293,0.7421110449977277
WTM,304,tm,81.70673076923077,0.8119356160023017,0.7522311150023597
WTM,305,tm,80.42307692307692,0.7975892920003389,0.7432420539989835
WTM,306,tm,80.89903846153847,0.8034684099984588,0.7429490350004926
WTM,307,tm,80.57211538461539,0.8101124160020845,0.7446919159992831
WTM,308,tm,80.5673076923077,0.8223362040007487,0.7526917010000034
WTM,309,tm,79.66826923076923,0.8142448139988119,0.7406103459979931
WTM,310,tm,80.2451923076923,0.8068279359977168,0.7248802209978749
WTM,311,tm,80.23076923076923,0.8074469759994827,0.7491516859990952
WTM,312,tm,79.7451923076923,0.8160219300007157,0.7450417979998747
WTM,313,tm,80.24038461538461,0.8007869930006564,0.7390870659983193
WTM,314,tm,80.14903846153845,0.8065255450019322,0.7403339539996523
WTM,315,tm,80.32211538461539,0.8054430939992017,0.7480718410006375
WTM,316,tm,80.82692307692308,0.8043141300004208,0.737777868998819
WTM,317,tm,81.00961538461539,0.811380631999782,0.7479078210017178
WTM,318,tm,80.6298076923077,0.8028949079998711,0.7491890570017858
WTM,319,tm,80.7548076923077,0.8146628479989886,0.7388732829967921
WTM,320,tm,80.20673076923077,0.819429326998943,0.752541456000472
WTM,321,tm,81.19711538461539,0.8158971379998547,0.7420411700004479
WTM,322,tm,80.32211538461539,0.796351755001524,0.7355538669980888
WTM,323,tm,81.1875,0.8180540610010212,0.7434032420023868
WTM,324,tm,81.0048076923077,0.8001576700007718,0.7392051620008715
WTM,325,tm,79.72596153846155,0.8048938500032818,0.736184219000279
WTM,326,tm,79.91826923076924,0.8086489769993932,0.7379785390003235
WTM,327,tm,80.92788461538461,0.7877684039995074,0.7330161790014245
WTM,328,tm,79.52403846153845,0.8020637820009142,0.7469214929988084
WTM,329,tm,81.22596153846153,0.8079086590005318,0.7438471969981038
WTM,330,tm,80.28846153846155,0.8162508299974434,0.738329343002988
WTM,331,tm,79.83173076923077,0.8060608599989791,0.7396903010012466
WTM,332,tm,79.3701923076923,0.7890018049984064,0.7513304150015756
WTM,333,tm,80.78846153846155,0.8018723419991147,0.750792625000031
WTM,334,tm,80.25961538461537,0.814252034000674,0.7346588159998646
WTM,335,tm,80.61538461538461,0.8001678319997154,0.7489680360013153
WTM,336,tm,81.46634615384616,0.8230346290001762,0.740044382000633
WTM,337,tm,80.1923076923077,0.8093015880003804,0.7376290499996685
WTM,338,tm,80.45192307692308,0.821467275996838,0.7409466229983082
WTM,339,tm,78.76442307692308,0.8209423549997155,0.7373361899990414
WTM,340,tm,80.01923076923076,0.8051365120008995,0.742260934002843
WTM,341,tm,79.9423076923077,0.7963070149999112,0.7438015940024343
WTM,342,tm,80.42788461538461,0.8248879680031678,0.749155902001803
WTM,343,tm,80.7548076923077,0.8031370810022054,0.7396065380016807
WTM,344,tm,80.90384615384615,0.792603017998772,0.7543456630010041
WTM,345,tm,80.4423076923077,0.800181098999019,0.741575598000054
WTM,346,tm,80.44711538461539,0.8060260099991865,0.7322320610001043
WTM,347,tm,81.375,0.8052998070015747,0.7429988309995679
WTM,348,tm,79.75,0.7998950649998733,0.7382536510012869
WTM,349,tm,80.6298076923077,0.8204387440018763,0.7371626330022991
WTM,350,tm,80.67307692307692,0.8189302309983759,0.7422083269993891
WTM,351,tm,80.80288461538461,0.8175900839996757,0.7389090469987423
WTM,352,tm,79.96634615384616,0.8117771870020078,0.742794273999607
WTM,353,tm,79.85576923076924,0.7996173249994172,0.747233245998359
WTM,354,tm,79.79326923076923,0.8025345300011395,0.7446126300019387
WTM,355,tm,81.33173076923077,0.8210816569990129,0.7526356329981354
WTM,356,tm,80.5625,0.7992056389994104,0.7399118410030496
WTM,357,tm,81.13942307692308,0.8051391959998,0.7390276920014003
WTM,358,tm,79.23076923076923,0.8137442769984773,0.7488297009986127
WTM,359,tm,79.63942307692308,0.8053090649991645,0.740081004001695
WTM,360,tm,80.23076923076923,0.8037633119965903,0.7446083760005422
WTM,361,tm,81.07692307692308,0.8049240799991821,0.7382346749982389
WTM,362,tm,80.91826923076924,0.7819854600020335,0.7364992959992378
WTM,363,tm,80.9326923076923,0.7975407049998466,0.7432537150016287
WTM,364,tm,80.82692307692308,0.8019454710010905,0.7457026119991497
WTM,365,tm,80.17307692307692,0.8018135799975425,0.7355410470008792
WTM,366,tm,79.90384615384616,0.8145884689984086,0.7348486989976664
WTM,367,tm,80.30288461538461,0.804530553999939,0.731775419000769
WTM,368,tm,80.00961538461539,0.7837799709996034,0.7323074910018477
WTM,369,tm,80.67307692307692,0.8070779040026537,0.7390002690008259
WTM,370,tm,80.79807692307692,0.8090787430010096,0.7412738900020486
WTM,371,tm,80.54326923076923,0.8125440379990323,0.7299820679982076
WTM,372,tm,80.08173076923077,0.8020210319991747,0.736374092000915
WTM,373,tm,78.79807692307692,0.8061320220003836,0.7281951080003637
WTM,374,tm,80.77884615384615,0.8150530999992043,0.7434501880015887
WTM,375,tm,80.26442307692308,0.8058546540014504,0.7384692449995782
WTM,376,tm,80.76923076923077,0.8082315400024527,0.7271024780020525
WTM,377,tm,81.00961538461539,0.8036978109994379,0.7483742389995314
WTM,378,tm,79.82211538461539,0.7995725469991157,0.740893836999021
WTM,379,tm,79.6298076923077,0.8055059489997802,0.7416918410017388
WTM,380,tm,80.9326923076923,0.8074918940001226,0.7347944780012767
WTM,381,tm,81.61057692307693,0.8039089250014513,0.7376466400019126
WTM,382,tm,80.41346153846153,0.7908650399986072,0.7399947939993581
WTM,383,tm,79.6826923076923,0.7969412650018057,0.7504898820006929
WTM,384,tm,80.75,0.8025561770009517,0.7382834809977794
WTM,385,tm,80.14903846153845,0.7970298209984321,0.7405757199994696
WTM,386,tm,80.40865384615384,0.7945596370009298,0.7296280929986096
WTM,387,tm,79.76442307692308,0.7967523139996047,0.7349654210011067
WTM,388,tm,79.20673076923077,0.7914885129976028,0.7433951000020897
WTM,389,tm,81.0625,0.808777222999197,0.7413766869976826
WTM,390,tm,81.00961538461539,0.8103149519993167,0.7398720629971649
WTM,391,tm,80.58173076923076,0.8163175419977051,0.733596835998469
WTM,392,tm,79.83653846153847,0.8002874900012102,0.7476911209996615
WTM,393,tm,80.59615384615385,0.8014460409976891,0.7369637019983202
WTM,394,tm,80.7548076923077,0.8031990909985325,0.7447910580012831
WTM,395,tm,81.04326923076923,0.8000362179991498,0.7348810259973106
WTM,396,tm,80.63461538461539,0.8025341690008645,0.7458319479992497
WTM,397,tm,80.52403846153847,0.7962524909999047,0.7379319979991124
WTM,398,tm,80.80288461538461,0.7936685050008236,0.743837738998991
WTM,399,tm,80.44711538461539,0.8008470610002405,0.7452575629977218
WTM,400,tm,80.39903846153847,0.7964770430007775,0.7404802940000081
WTM,401,tm,79.89903846153847,0.7979485649993876,0.7472630660013238
WTM,402,tm,78.875,0.8089906969980802,0.7384822980020544
WTM,403,tm,79.9951923076923,0.792894106998574,0.7492244639979617
WTM,404,tm,80.14423076923077,0.8084680709980603,0.7444709599985799
WTM,405,tm,79.20192307692308,0.804467220998049,0.7495250639985898
WTM,406,tm,79.98557692307692,0.8125069870002335,0.7395016129994474
WTM,407,tm,81.02884615384616,0.7930500639995444,0.7357856050002738
WTM,408,tm,79.4423076923077,0.798194858001807,0.7416671920000226
WTM,409,tm,79.5048076923077,0.7992501219996484,0.7418062870019639
WTM,410,tm,80.22596153846155,0.7979767489996448,0.7425562549979077
WTM,411,tm,80.03365384615385,0.7998589400012861,0.749977965002472
WTM,412,tm,79.10096153846153,0.7898683189996518,0.738150304001465
WTM,413,tm,80.28846153846155,0.7991205769976659,0.7317498750016966
WTM,414,tm,80.71153846153845,0.8022236760007218,0.7425307170015003
WTM,415,tm,80.1298076923077,0.7979106029997638,0.7476898309978424
WTM,416,tm,80.53846153846153,0.79408882899952,0.7500711509965186
WTM,417,tm,79.90865384615384,0.8041600920005294,0.7403945959995326
WTM,418,tm,81.39903846153847,0.7944091739991563,0.7412932199986244
WTM,419,tm,80.26442307692308,0.8063265630007663,0.7391825730010169
WTM,420,tm,79.4951923076923,0.8002395010007604,0.7336780549994728
WTM,421,tm,81.04326923076923,0.7948575160007749,0.7483158879986149
WTM,422,tm,79.6298076923077,0.8016253839996352,0.7429516760021215
WTM,423,tm,80.58173076923076,0.7992246309986513,0.7396747049970145
WTM,424,tm,79.94711538461539,0.8015409330000693,0.7475700200011488
WTM,425,tm,80.09615384615385,0.7991499620002287,0.7360850780023611
WTM,426,tm,80.78846153846155,0.8060799570012023,0.7449204780023138
WTM,427,tm,81.125,0.8004469480001717,0.7508360579995497
WTM,428,tm,79.8798076923077,0.7993022349983221,0.7522060880000936
WTM,429,tm,79.42788461538461,0.7922599500016076,0.752693783997529
WTM,430,tm,81.20192307692308,0.8120992020012636,0.7445750980004959
WTM,431,tm,79.9375,0.8107119589985814,0.7468945590007934
WTM,432,tm,80.65865384615385,0.8034994959998585,0.7421340170003532
WTM,433,tm,80.39903846153847,0.7952567159991304,0.746042786999169
WTM,434,tm,79.2451923076923,0.801618724999571,0.7507093999993231
WTM,435,tm,79.28365384615384,0.8004771260020789,0.7518377099986537
WTM,436,tm,80.53846153846153,0.8007839480014809,0.7329444559982221
WTM,437,tm,81.02884615384616,0.7987033620011061,0.7375102239966509
WTM,438,tm,79.77403846153847,0.7977910980007437,0.7259907949992339
WTM,439,tm,79.95192307692308,0.8039770249997673,0.747968925999885
WTM,440,tm,80.4375,0.8015970170017681,0.7357056260007084
WTM,441,tm,80.28365384615384,0.7912724899979366,0.7386069509993831
WTM,442,tm,80.28365384615384,0.7972227089994703,0.7361693940001715
WTM,443,tm,80.14903846153845,0.8005027049985074,0.7440750109999499
WTM,444,tm,79.9326923076923,0.806360978000157,0.7424910519985133
WTM,445,tm,80.52403846153847,0.7985062680018018,0.7424432830011938
WTM,446,tm,80.51442307692308,0.8011736540029233,0.7463997840022785
WTM,447,tm,80.86057692307692,0.796276482000394,0.7495493440001155
WTM,448,tm,79.86538461538461,0.8023303499976464,0.7532784849972813
WTM,449,tm,79.98557692307692,0.7968766400008462,0.7540447309984302
WTM,450,tm,80.40384615384616,0.7973115450004116,0.7438925779970305
WTM,451,tm,79.5673076923077,0.794818017999205,0.738240594000672
WTM,452,tm,80.47596153846153,0.811391684001137,0.7365425239986507
WTM,453,tm,80.25,0.7928812600002857,0.7454938080009015
WTM,454,tm,80.82692307692308,0.7948522030019376,0.7375535980027053
WTM,455,tm,81.17307692307692,0.8135002519993577,0.748952558999008
WTM,456,tm,80.9423076923077,0.8005582139994658,0.7459684879977431
WTM,457,tm,80.0673076923077,0.7932325850015332,0.7457524589990498
WTM,458,tm,80.63942307692308,0.8013943739970273,0.7492493319987261
WTM,459,tm,80.1298076923077,0.785142819997418,0.7470171739987563
WTM,460,tm,79.75961538461539,0.7988265280000633,0.7493731459981063
WTM,461,tm,80.0048076923077,0.7976164789979521,0.7368178270007775
WTM,462,tm,80.29326923076923,0.7932846730000165,0.7486971260004793
WTM,463,tm,79.90865384615384,0.7976716289995238,0.7374923169991234
WTM,464,tm,80.29807692307692,0.7917048769995745,0.7409598540034494
WTM,465,tm,79.60576923076923,0.7891451760006021,0.741237877002277
WTM,466,tm,81.28846153846155,0.7881346799986204,0.7404505810009141
WTM,467,tm,80.58173076923076,0.7936778820003383,0.7528406679994077
WTM,468,tm,80.86538461538461,0.7948647449993587,0.7417796449990419
WTM,469,tm,79.66346153846153,0.7915244040013931,0.7491727420019743
WTM,470,tm,80.26923076923077,0.8049367200001143,0.7433548479966703
WTM,471,tm,80.55288461538461,0.7881939209983102,0.738035955997475
WTM,472,tm,80.99038461538461,0.7971722720030812,0.7473035009970772
WTM,473,tm,80.875,0.8064875000018219,0.7518033149972325
WTM,474,tm,80.6298076923077,0.7920031240028038,0.748132443997747
WTM,475,tm,80.6298076923077,0.7921129679998558,0.7400460339995334
WTM,476,tm,80.45673076923077,0.8003419220003707,0.7401810990013473
WTM,477,tm,80.1826923076923,0.7896268109980156,0.7328837630011549
WTM,478,tm,80.48557692307692,0.8005973479994282,0.7531883959964034
WTM,479,tm,81.04326923076923,0.7730673930018384,0.7421631530014565
WTM,480,tm,80.1923076923077,0.8078268539975397,0.7495350839999446
WTM,481,tm,80.875,0.7962094739996246,0.7345051480006077
WTM,482,tm,80.74038461538461,0.8005288960011967,0.7472313889993529
WTM,483,tm,80.17307692307692,0.7980678599997191,0.7448417890009296
WTM,484,tm,81.2451923076923,0.7945161730021937,0.7508075269979599
WTM,485,tm,79.38461538461539,0.7924526780007,0.7421108240014291
WTM,486,tm,79.53365384615385,0.7870135649973236,0.7309649570015608
WTM,487,tm,80.9326923076923,0.8017634969983192,0.7357687809999334
WTM,488,tm,81.51442307692308,0.7914676390028035,0.7400633680008468
WTM,489,tm,79.58653846153845,0.794475261001935,0.7305185779987369
WTM,490,tm,81.4326923076923,0.7780410039995331,0.7391180880003958
WTM,491,tm,80.46153846153847,0.7994903809994867,0.7413412460009567
WTM,492,tm,80.625,0.7936894999984361,0.7425851709995186
WTM,493,tm,80.65865384615385,0.788468594000733,0.7276002990001871
WTM,494,tm,80.375,0.7961236070004816,0.7437789309988148
WTM,495,tm,81.27884615384615,0.7945592979995126,0.7500398619995394
WTM,496,tm,81.3798076923077,0.7911831040000834,0.7429608500024187
WTM,497,tm,80.39903846153847,0.7950156709994189,0.7396219479996944
WTM,498,tm,80.08653846153845,0.7999567820006632,0.7386138289984956
WTM,499,tm,79.51923076923076,0.7920448459990439,0.7377829129982274
WTM,500,tm,79.9951923076923,0.7843306860013399,0.7475744389994361
WTM-NN,1,tm,63.39903846153846,1.7284172090003267,0.7020212940005877
WTM-NN,2,tm,68.64903846153845,1.4230580289986392,0.6989516049980011
WTM-NN,3,tm,69.6923076923077,1.3348861479971674,0.708679729999858
WTM-NN,4,tm,69.73557692307692,1.2744658349984093,0.7142600090010092
WTM-NN,5,tm,71.2548076923077,1.2157748589997937,0.7240118379995693
WTM-NN,6,tm,71.50961538461539,1.2050567389997013,0.7382419299974572
WTM-NN,7,tm,71.85096153846153,1.1753406710013223,0.7374107540017576
WTM-NN,8,tm,72.82211538461539,1.1306479240010958,0.7292299230030039
WTM-NN,9,tm,72.82211538461539,1.127081951002765,0.7235566790004668
WTM-NN,10,tm,74.46153846153845,1.1146792709987494,0.7332036759980838
WTM-NN,11,tm,73.85096153846153,1.0883933080003771,0.7239850890000525
WTM-NN,12,tm,75.71153846153847,1.0868227800019667,0.7404891939986555
WTM-NN,13,tm,74.88461538461539,1.0551631420021295,0.7282639020013448
WTM-NN,14,tm,74.78365384615384,1.0543964530006633,0.7238209759998426
WTM-NN,15,tm,74.92788461538461,1.0463926209995407,0.725651436001499
WTM-NN,16,tm,75.97596153846153,1.0497355139996216,0.737551865997375
WTM-NN,17,tm,76.79807692307692,1.0379189259983832,0.7289206139976159
WTM-NN,18,tm,75.78846153846153,1.0205481740013056,0.7257921689997602
WTM-NN,19,tm,75.04326923076923,1.0176457019988447,0.7374196220007434
WTM-NN,20,tm,75.375,1.0074561439978424,0.7403934670001036
WTM-NN,21,tm,77.11057692307692,1.0058774360004463,0.7435726109979441
WTM-NN,22,tm,76.01923076923077,0.9946872630025609,0.7291638749993581
WTM-NN,23,tm,75.91346153846153,0.992294256000605,0.7334150579990819
WTM-NN,24,tm,75.77884615384616,0.9861078260000795,0.7510725110005296
WTM-NN,25,tm,77.36057692307692,0.9849612389989488,0.7354171799997857
WTM-NN,26,tm,75.70192307692307,0.9814447539974935,0.7381044020003174
WTM-NN,27,tm,77.76442307692307,0.960346727999422,0.7308793929987587
WTM-NN,28,tm,76.50961538461539,0.9775239959999453,0.737302333000116
WTM-NN,29,tm,75.80288461538461,0.9771856010011106,0.7455410389993631
WTM-NN,30,tm,75.10576923076923,0.9642597450001631,0.7229519399988931
WTM-NN,31,tm,76.38461538461539,0.9602941820012347,0.7380736619998061
WTM-NN,32,tm,77.02884615384616,0.9527738899996621,0.7288757459973567
WTM-NN,33,tm,76.72596153846155,0.9541940279996197,0.7480511909998313
WTM-NN,34,tm,76.39903846153845,0.9561475590016926,0.7538892589982424
WTM-NN,35,tm,75.6923076923077,0.9402271379985905,0.7251587549981195
WTM-NN,36,tm,76.70192307692307,0.9408904240008269,0.7276660789975722
WTM-NN,37,tm,77.59615384615385,0.9407522680012335,0.736384215997532
WTM-NN,38,tm,77.42307692307693,0.9460870129987597,0.7331134670021129
WTM-NN,39,tm,77.51442307692308,0.9316506470022432,0.7350404310018348
WTM-NN,40,tm,76.30288461538461,0.9371769309982483,0.7267707189967041
WTM-NN,41,tm,76.39423076923076,0.9235393260023557,0.7349616980027349
WTM-NN,42,tm,78.3076923076923,0.9280151419989124,0.7271715629976825
WTM-NN,43,tm,77.65865384615384,0.9123239520013158,0.7692227509978693
WTM-NN,44,tm,76.1298076923077,0.9293346300000849,0.7406757789976837
WTM-NN,45,tm,77.67307692307692,0.9078851979975298,0.7370014089974575
WTM-NN,46,tm,78.17788461538461,0.9197601199994097,0.7410745300003327
WTM-NN,47,tm,78.3798076923077,0.906819149000512,0.729282518997934
WTM-NN,48,tm,76.125,0.9034487600001739,0.74312037600248
WTM-NN,49,tm,78.63461538461539,0.9025062750006327,0.7410911029983254
WTM-NN,50,tm,77.33653846153847,0.8960048830012965,0.7352166739983659
WTM-NN,51,tm,78.5048076923077,0.894720629999938,0.7242093730019405
WTM-NN,52,tm,77.94711538461539,0.9007133199993405,0.7241473360008968
WTM-NN,53,tm,79.13461538461539,0.9007236920006108,0.7301428989994747
WTM-NN,54,tm,78.64423076923077,0.8908247090002988,0.7372019920003368
WTM-NN,55,tm,78.3798076923077,0.8985582009991049,0.7377943930005131
WTM-NN,56,tm,78.0576923076923,0.8963350209996861,0.7372752349983784
WTM-NN,57,tm,78.95673076923076,0.8771888480005146,0.7426132380023773
WTM-NN,58,tm,78.39903846153847,0.8973526720001246,0.7326176789974852
WTM-NN,59,tm,78.78365384615384,0.8828772239976388,0.7269519700021192
WTM-NN,60,tm,78.02403846153845,0.8933850590001384,0.7385740130011982
WTM-NN,61,tm,78.28846153846155,0.8987965600026655,0.7280441000002611
WTM-NN,62,tm,78.28846153846155,0.8923533239976678,0.7457689789989672
WTM-NN,63,tm,79.11057692307692,0.885388418999355,0.7349378569997498
WTM-NN,64,tm,78.95192307692308,0.8809913740005868,0.7386510340002133
WTM-NN,65,tm,78.40865384615384,0.8852993770015019,0.7449228689984011
WTM-NN,66,tm,78.65865384615385,0.8830618549982319,0.7354418169998098
WTM-NN,67,tm,79.2548076923077,0.8770470290000958,0.7407450329992571
WTM-NN,68,tm,79.35576923076924,0.8757894589980424,0.7400146710024273
WTM-NN,69,tm,78.13942307692308,0.8801008779992117,0.7359968570017372
WTM-NN,70,tm,77.9423076923077,0.8882314219990803,0.7335522520006634
WTM-NN,71,tm,78.59134615384616,0.8955423099978361,0.7203010670018557
WTM-NN,72,tm,78.76442307692308,0.8654569549980806,0.7316887470005895
WTM-NN,73,tm,78.15865384615385,0.8743577559980622,0.7387509990003309
WTM-NN,74,tm,78.73076923076923,0.8713084439987142,0.7322987590014236
WTM-NN,75,tm,78.7548076923077,0.8666973429972131,0.7382181390021287
WTM-NN,76,tm,78.58653846153845,0.8781486070001847,0.7416482709995762
WTM-NN,77,tm,77.99038461538461,0.8789167870017991,0.7407722770003602
WTM-NN,78,tm,80.22596153846155,0.8744111509986396,0.7303071700007422
WTM-NN,79,tm,79.14903846153845,0.8745620549998421,0.7339643340019393
WTM-NN,80,tm,78.70192307692308,0.8660514170005627,0.7431189059971075
WTM-NN,81,tm,79.05288461538461,0.8690411709976615,0.7485012159995676
WTM-NN,82,tm,78.33653846153847,0.8799885009975696,0.7359540039979038
WTM-NN,83,tm,78.61538461538461,0.8656156149991148,0.7441979930008529
WTM-NN,84,tm,79.1923076923077,0.8700621509997291,0.7407272849995934
WTM-NN,85,tm,78.4951923076923,0.8621379760006675,0.7141340600028343
WTM-NN,86,tm,78.79326923076924,0.8649720670000534,0.7348100729977887
WTM-NN,87,tm,79.52884615384616,0.8487600309999834,0.734356888999173
WTM-NN,88,tm,79.5625,0.8701148239997565,0.7226245790006942
WTM-NN,89,tm,78.8125,0.8731868490031047,0.7175598889989487
WTM-NN,90,tm,79.57211538461539,0.8511637330011581,0.744290856000589
WTM-NN,91,tm,79.6826923076923,0.8561121560014726,0.7302628949983045
WTM-NN,92,tm,79.14903846153845,0.8546942229986598,0.7334827810009301
WTM-NN,93,tm,79.3701923076923,0.8575512630013691,0.756415523999749
WTM-NN,94,tm,78.80288461538461,0.8664361340015603,0.7383546970013413
WTM-NN,95,tm,79.84134615384615,0.8667152620000707,0.7380405959993368
WTM-NN,96,tm,79.59134615384616,0.8644268839998404,0.7336451369992574
WTM-NN,97,tm,78.91346153846153,0.8429079689994978,0.729687835999357
WTM-NN,98,tm,79.92788461538461,0.8525935869984096,0.7336068009972223
WTM-NN,99,tm,79.25961538461539,0.8457628050018684,0.731219435998355
WTM-NN,100,tm,79.02884615384616,0.857746670000779,0.7374885290009843
WTM-NN,101,tm,80.63461538461539,0.8620835539986729,0.7365756840008544
WTM-NN,102,tm,79.82692307692307,0.8586198550001427,0.735757468999509
WTM-NN,103,tm,79.8798076923077,0.8577574820010341,0.7336048229990411
WTM-NN,104,tm,78.76923076923077,0.8397689159974107,0.7462276570004178
WTM-NN,105,tm,78.7548076923077,0.8554353020008421,0.7424097379989689
WTM-NN,106,tm,80.04326923076923,0.8606691280001542,0.7490686569981335
WTM-NN,107,tm,79.92307692307692,0.8581801290019939,0.7470102080005745
WTM-NN,108,tm,76.73076923076924,0.855355564999627,0.7437486099988746
WTM-NN,109,tm,79.5673076923077,0.8443592600015108,0.7449913429991284
WTM-NN,110,tm,80.20673076923077,0.8419483739999123,0.7395401440007845
WTM-NN,111,tm,78.7548076923077,0.8390415210014908,0.7330344259971753
WTM-NN,112,tm,79.67788461538461,0.8452016730007017,0.7421794969995972
WTM-NN,113,tm,78.98076923076923,0.8366551680010161,0.7312430849997327
WTM-NN,114,tm,79.47596153846153,0.839245615999971,0.7166292280016933
WTM-NN,115,tm,79.51923076923076,0.8486076750014035,0.7386001230006514
WTM-NN,116,tm,79.59134615384616,0.8423527599989029,0.7453934049990494
WTM-NN,117,tm,78.92307692307692,0.835919086002832,0.7457409489979909
WTM-NN,118,tm,78.58173076923077,0.840609516002587,0.7387522300014098
WTM-NN,119,tm,78.88942307692308,0.8535414289981418,0.7301090369983285
WTM-NN,120,tm,79.3173076923077,0.8529540090021328,0.7367444049996266
WTM-NN,121,tm,79.91346153846153,0.8349151859983976,0.7434072899995954
WTM-NN,122,tm,78.92307692307692,0.8416623850025644,0.7474809699997422
WTM-NN,123,tm,79.1201923076923,0.8436247900026501,0.7448570870001276
WTM-NN,124,tm,79.47115384615384,0.8372457550030958,0.738341598000261
WTM-NN,125,tm,79.3173076923077,0.842815675001475,0.7276412460014399
WTM-NN,126,tm,79.8701923076923,0.8349895179999294,0.7355729490009253
WTM-NN,127,tm,78.80288461538461,0.8495492030015157,0.7324016839993419
WTM-NN,128,tm,79.11057692307692,0.8261813950011856,0.735249212000781
WTM-NN,129,tm,78.84615384615384,0.8313016559986863,0.7462730059996829
WTM-NN,130,tm,79.14903846153845,0.8382940129995404,0.7427618110014009
WTM-NN,131,tm,79.2451923076923,0.8320457289992191,0.7292231690007611
WTM-NN,132,tm,78.96153846153847,0.8367524429995683,0.7318417430033151
WTM-NN,133,tm,80.03365384615385,0.8362214430017048,0.7390095649971045
WTM-NN,134,tm,80.16346153846153,0.830111545001273,0.7407837409991771
WTM-NN,135,tm,80.04807692307693,0.8368443920007849,0.7314481390021683
WTM-NN,136,tm,79.26923076923077,0.8331675549998181,0.7361344450000615
WTM-NN,137,tm,79.8125,0.8288181530006113,0.7467085889984446
WTM-NN,138,tm,79.38461538461539,0.8214247630021418,0.7373645570005465
WTM-NN,139,tm,80.53846153846153,0.8231444269986241,0.7425699739978882
WTM-NN,140,tm,79.98076923076923,0.8299565219967917,0.7479981260003115
WTM-NN,141,tm,80.42788461538461,0.8397054209999624,0.7403431849998015
WTM-NN,142,tm,78.88461538461539,0.8458300860002055,0.7481920569989597
WTM-NN,143,tm,79.92307692307692,0.8418724900002417,0.7445599019993097
WTM-NN,144,tm,79.59134615384616,0.8453116800010321,0.7501993730002141
WTM-NN,145,tm,79.89423076923077,0.8368297410015657,0.7409337219978624
WTM-NN,146,tm,79.10576923076923,0.8424470700010716,0.7511123539989057
WTM-NN,147,tm,79.1923076923077,0.8398186359991087,0.731796531999862
WTM-NN,148,tm,78.92788461538461,0.830644541001675,0.7412548219981545
WTM-NN,149,tm,80.21634615384615,0.8400809630002186,0.7406987030008167
WTM-NN,150,tm,80.4423076923077,0.82778381299795,0.7495174489995406
WTM-NN,151,nn,85.1298076923077,0.5904476979994797,0.7701333479999448
WTM-NN,152,nn,85.1201923076923,0.5302400990003662,0.7653260219994991
WTM-NN,153,nn,85.15384615384616,0.5836884300006204,0.7640020539984107
WTM-NN,154,nn,85.1298076923077,0.4877783019983326,0.7621002999985649
WTM-NN,155,nn,85.17788461538461,0.4826085009990493,0.7536207310004102
WTM-NN,156,nn,85.20192307692308,0.48376706300041405,0.7606805710020126
WTM-NN,157,nn,85.28365384615385,0.5895023069970193,0.7498283239983721
WTM-NN,158,nn,85.11538461538461,0.5278036359995895,0.7455957979982486
WTM-NN,159,nn,85.13461538461539,0.5607791920010641,0.7619520559965167
WTM-NN,160,nn,85.09134615384616,0.48411379299795954,0.7486949259982794
WTM-NN,161,nn,85.13461538461539,0.48651872699701926,0.762091946999135
WTM-NN,162,nn,85.04326923076924,0.5461498360018595,0.7509559210011503
WTM-NN,163,nn,85.20192307692308,0.5001118999971368,0.7553621410006599
WTM-NN,164,nn,85.01923076923077,0.586309825997887,0.7528619010008697
WTM-NN,165,nn,85.0673076923077,0.4861717479980143,0.7559294759994373
WTM-NN,166,nn,85.07692307692307,0.48631774399837013,0.7516171389979718
WTM-NN,167,nn,84.94711538461537,0.48285676100204,0.7658887790021254
WTM-NN,168,nn,84.90384615384615,0.5446138879997307,0.7501427169991075
WTM-NN,169,nn,84.85576923076923,0.48852961100055836,0.7553491830003622
WTM-NN,170,nn,84.8701923076923,0.5473835370030429,0.7612886620008794
WTM-NN,171,nn,84.8701923076923,0.4845713100003195,0.7692171759990742
WTM-NN,172,nn,84.98076923076923,0.4851726020024216,0.7556439800027874
WTM-NN,173,nn,84.83653846153845,0.4879492770014622,0.760909766999248
WTM-NN,174,nn,84.88461538461539,0.5546472709975205,0.7618583339972247
WTM-NN,175,nn,84.8701923076923,0.4848336940012814,0.7610177200003818
WTM-NN,176,nn,84.83173076923077,0.5838624949974474,0.7675553519984533
WTM-NN,177,nn,84.9423076923077,0.48972665700057405,0.766397939001763
WTM-NN,178,nn,85.11057692307692,0.488222677999147,0.7669170689987368
WTM-NN,179,nn,85.1298076923077,0.5434433139998873,0.7683873259993561
WTM-NN,180,nn,84.8798076923077,0.4853623599992716,0.7606212339997
WTM-NN,181,nn,84.72115384615385,0.5811169330008852,0.7644933789997594
WTM-NN,182,nn,84.875,0.5288191529980395,0.752877527000237
WTM-NN,183,nn,84.91826923076923,0.5321467530011432,0.7651421180016769
WTM-NN,184,nn,84.89903846153845,0.5064329680026276,0.7455743159989652
WTM-NN,185,nn,84.8701923076923,0.5834981360021629,0.7684682609979063
WTM-NN,186,nn,84.84134615384616,0.5227607380002155,0.7614750110005843
WTM-NN,187,nn,84.88461538461539,0.5895395970001118,0.7542594550031936
WTM-NN,188,nn,84.98076923076923,0.5270080010013771,0.7707727720007824
WTM-NN,189,nn,84.95673076923077,0.5245283000003838,0.7539224180000019
WTM-NN,190,nn,85.03365384615384,0.5250627739987976,0.7644655909971334
WTM-NN,191,nn,84.82211538461539,0.5728905149990169,0.7528709990001516
WTM-NN,192,nn,84.94711538461537,0.5263102230019285,0.7579834239986667
WTM-NN,193,nn,84.85096153846153,0.5900459190015681,0.7685851159985759
WTM-NN,194,nn,85.09615384615384,0.5256326410017209,0.7512004729978798
WTM-NN,195,nn,84.84134615384616,0.5226728220004588,0.7591024190005555
WTM-NN,196,nn,84.9326923076923,0.5861291100009112,0.7551851569987775
WTM-NN,197,nn,85.0048076923077,0.5304049059996032,0.763044325998635
WTM-NN,198,nn,84.8701923076923,0.5831188550000661,0.766609962000075
WTM-NN,199,nn,84.9951923076923,0.5164963679999346,0.7619529110015719
WTM-NN,200,nn,84.80288461538461,0.5133648289993289,0.7669781479999074
WTM-NN,201,nn,84.97596153846155,0.5264986350011895,0.7554581010008405
WTM-NN,202,nn,85.0048076923077,0.5912794020005094,0.757383888001641
WTM-NN,203,nn,84.90865384615385,0.5279839659997378,0.7556802950020938
WTM-NN,204,nn,85.00961538461539,0.5878353160005645,0.7590662570000859
WTM-NN,205,nn,84.98557692307692,0.5225964119999844,0.7559407629996713
WTM-NN,206,nn,84.99038461538461,0.5260080940024636,0.7575013819987362
WTM-NN,207,nn,85.08173076923077,0.5156890170001134,0.75674251899909
WTM-NN,208,nn,85.1826923076923,0.5481618129997514,0.7541080449991568
WTM-NN,209,nn,85.01442307692308,0.5232588519975252,0.7605002909986069
WTM-NN,210,nn,84.97596153846155,0.5831388659971708,0.7624316889996408
WTM-NN,211,nn,85.00961538461539,0.5290117969998391,0.7565994159995171
WTM-NN,212,nn,84.97596153846155,0.4721519439990516,0.7425315100008447
WTM-NN,213,nn,85.03365384615384,0.5821560969998245,0.7478347220021533
WTM-NN,214,nn,84.8798076923077,0.5265024039981654,0.7572758869973768
WTM-NN,215,nn,85.0,0.5462736270019377,0.7538843820002512
WTM-NN,216,nn,85.16346153846153,0.48701360400082194,0.7556229700021504
WTM-NN,217,nn,84.98557692307692,0.4971641330012062,0.7489232750012889
WTM-NN,218,nn,85.0625,0.5247117430008075,0.7625988029976725
WTM-NN,219,nn,85.13461538461539,0.5914549299995997,0.754842803999054
WTM-NN,220,nn,85.15384615384616,0.5293558390003454,0.7636008650006261
WTM-NN,221,nn,85.01923076923077,0.5713342800008832,0.7658638959983364
WTM-NN,222,nn,85.08653846153847,0.5236387679979089,0.757464885002264
WTM-NN,223,nn,85.0576923076923,0.5268466300003638,0.7570387640007539
WTM-NN,224,nn,85.21153846153847,0.521708503998525,0.7580483159981668
WTM-NN,225,nn,85.1875,0.5896937229990726,0.7544514670007629
WTM-NN,226,nn,85.16346153846153,0.5295809099989128,0.7565281369970762
WTM-NN,227,nn,85.03365384615384,0.5886896709998837,0.7552278529983596
WTM-NN,228,nn,85.11057692307692,0.5297176819985907,0.7548260209987347
WTM-NN,229,nn,85.08173076923077,0.5188785809987166,0.7633279479996418
WTM-NN,230,nn,85.0673076923077,0.5853089580014057,0.7557476850015519
WTM-NN,231,nn,85.10096153846153,0.5262418750025972,0.7563475310016656
WTM-NN,232,nn,85.23557692307693,0.588295339999604,0.7529146669985494
WTM-NN,233,nn,85.2451923076923,0.524533795996831,0.7585271460011427
WTM-NN,234,nn,85.07211538461539,0.5283421839994844,0.759223569999449
WTM-NN,235,nn,85.16346153846153,0.5203020030021435,0.7521323379987734
WTM-NN,236,nn,85.3173076923077,0.5872217230025853,0.7489404150001064
WTM-NN,237,nn,85.1298076923077,0.5290466680016834,0.7552099809981883
WTM-NN,238,nn,85.14903846153847,0.5852981060015736,0.7594818620018486
WTM-NN,239,nn,85.1923076923077,0.5238850919995457,0.7601143499996397
WTM-NN,240,nn,85.125,0.5218613110009755,0.7543904249978368
WTM-NN,241,nn,85.10576923076924,0.48766484500083607,0.7595067500005825
WTM-NN,242,nn,85.08173076923077,0.5483911979972618,0.7609517069977301
WTM-NN,243,nn,85.19711538461539,0.4886806729991804,0.7598645450016193
WTM-NN,244,nn,85.23076923076923,0.5557524809992174,0.7513187300028221
WTM-NN,245,nn,85.20673076923076,0.4871201169989945,0.7554806000007375
WTM-NN,246,nn,85.13461538461539,0.48602057799871545,0.7776473910016648
WTM-NN,247,nn,85.3125,0.5464788829995086,0.763579402002506
WTM-NN,248,nn,85.1923076923077,0.487195393001457,0.7623396169983607
WTM-NN,249,nn,85.3125,0.5477793930003827,0.7722233390013571
WTM-NN,250,nn,85.2548076923077,0.48533440599931055,0.7389286729994637
WTM-NN,251,nn,85.22115384615384,0.4889328299977933,0.7612872649988276
WTM-NN,252,nn,85.20192307692308,0.503388338998775,0.745023654999386
WTM-NN,253,nn,85.29326923076923,0.5890538610001386,0.7511530430019775
WTM-NN,254,nn,85.35576923076923,0.5295085489997291,0.7602350259985542
WTM-NN,255,nn,85.29807692307692,0.594331840002269,0.7507343500001298
WTM-NN,256,nn,85.125,0.5278633730013098,0.7603457269979117
WTM-NN,257,nn,85.26923076923076,0.5256929200004379,0.7564985770004569
WTM-NN,258,nn,85.28365384615385,0.5331149330013432,0.7551690759974008
WTM-NN,259,nn,85.3173076923077,0.5381785630015656,0.7577454919992306
WTM-NN,260,nn,85.1201923076923,0.5146578399981081,0.7666789549984969
WTM-NN,261,nn,85.22596153846153,0.5889986519978265,0.7565098970007966
WTM-NN,262,nn,85.23076923076923,0.5316754939995008,0.7470149700020556
WTM-NN,263,nn,85.24038461538461,0.5306060219991195,0.7499639690031472
WTM-NN,264,nn,85.21634615384616,0.5837641719990643,0.7599367239999992
WTM-NN,265,nn,85.21153846153847,0.5281714919983642,0.7581533810007386
WTM-NN,266,nn,85.1875,0.5906695269986812,0.7551336879987502
WTM-NN,267,nn,85.41826923076923,0.4854206609998073,0.7661090859983233
WTM-NN,268,nn,85.28365384615385,0.48690587199962465,0.7521223479998298
WTM-NN,269,nn,85.26923076923076,0.48691569500078913,0.7644364560001122
WTM-NN,270,nn,85.26923076923076,0.5453327610011911,0.7603425289998995
WTM-NN,271,nn,85.22596153846153,0.485561224999401,0.7498885419990984
WTM-NN,272,nn,85.2548076923077,0.5490802490021451,0.7633708289977221
WTM-NN,273,nn,85.33653846153845,0.48509041400029673,0.7597966780012939
WTM-NN,274,nn,85.26442307692308,0.4834729119975236,0.758948810002039
WTM-NN,275,nn,85.36057692307692,0.4851732440001797,0.7539194129967655
WTM-NN,276,nn,85.40384615384615,0.5534908260015072,0.7571096270003181
WTM-NN,277,nn,85.3798076923077,0.5866410090020509,0.7542210800020257
WTM-NN,278,nn,85.21634615384616,0.5208360030010226,0.7611554949980928
WTM-NN,279,nn,85.45673076923077,0.5221536980025121,0.7544480789983936
WTM-NN,280,nn,85.2548076923077,0.5253981770001701,0.7516428929993708
WTM-NN,281,nn,85.40384615384615,0.5769600439998612,0.766180197999347
WTM-NN,282,nn,85.25961538461539,0.530762816000788,0.759801159001654
WTM-NN,283,nn,85.04807692307692,0.5848343959987687,0.7626545269995404
WTM-NN,284,nn,85.17307692307692,0.5089533950012992,0.75206618899756
WTM-NN,285,nn,85.29326923076923,0.5300181569982669,0.7493656779988669
WTM-NN,286,nn,85.26923076923076,0.5255826849970617,0.7555967990010686
WTM-NN,287,nn,85.40865384615385,0.5887773720023688,0.7555876010010252
WTM-NN,288,nn,85.15384615384616,0.5012058609972883,0.7521137549993
WTM-NN,289,nn,85.3173076923077,0.5751875050009403,0.7628862990022753
WTM-NN,290,nn,85.22596153846153,0.5223363870027242,0.7550301070004934
WTM-NN,291,nn,85.2451923076923,0.5280956280003011,0.759833324002102
WTM-NN,292,nn,85.35096153846153,0.5278107830017689,0.758014468003239
WTM-NN,293,nn,85.29326923076923,0.5866125669999747,0.7638064200000372
WTM-NN,294,nn,85.34134615384616,0.5808009380016301,0.7517337640019832
WTM-NN,295,nn,85.39423076923077,0.491475419003109,0.7705193250003504
WTM-NN,296,nn,85.34134615384616,0.5264298540023447,0.7607976270010113
WTM-NN,297,nn,85.28846153846153,0.5310203789995285,0.7586166060027608
WTM-NN,298,nn,85.3125,0.5857096150029975,0.7551110620006511
WTM-NN,299,nn,85.34134615384616,0.5360692340000242,0.7578731020003033
WTM-NN,300,nn,85.24038461538461,0.585353499998746,0.7796909030003008
WTM-NN,301,nn,85.26442307692308,0.5271510759994271,0.7665575579994766
WTM-NN,302,nn,85.29326923076923,0.5180432170018321,0.7570013110016589
WTM-NN,303,nn,85.36538461538463,0.5163425329992606,0.7516103289999592
WTM-NN,304,nn,85.35096153846153,0.5818684149999171,0.7570922699997027
WTM-NN,305,nn,85.28846153846153,0.5273212540014356,0.7592875339978491
WTM-NN,306,nn,85.2451923076923,0.5883967480003776,0.763527167000575
WTM-NN,307,nn,85.27884615384616,0.5176080009987345,0.7682093699986581
WTM-NN,308,nn,85.20192307692308,0.5294010739999067,0.757427717999235
WTM-NN,309,nn,85.14903846153847,0.5274052509994362,0.7581451840014779
WTM-NN,310,nn,85.30288461538461,0.5971106750002946,0.7529666860027646
WTM-NN,311,nn,85.25961538461539,0.5789161140019132,0.7636831679992611
WTM-NN,312,nn,85.32692307692308,0.527105956000014,0.7621821789980459
WTM-NN,313,nn,85.09134615384616,0.5319037970002682,0.7584643330010294
WTM-NN,314,nn,85.23076923076923,0.526937963997625,0.7589225129995611
WTM-NN,315,nn,85.17788461538461,0.5817213509981229,0.7566142069990747
WTM-NN,316,nn,85.17788461538461,0.5188944670007913,0.7624791890011693
WTM-NN,317,nn,85.16826923076923,0.5805408209998859,0.7578734070011706
WTM-NN,318,nn,85.22596153846153,0.5214693599991733,0.7558880340002361
WTM-NN,319,nn,85.36057692307692,0.5282036379976489,0.7574897270023939
WTM-NN,320,nn,85.20673076923076,0.5117998610003269,0.7511698249982146
WTM-NN,321,nn,85.375,0.5854263910005102,0.7526653670029191
WTM-NN,322,nn,85.25961538461539,0.5299343619990395,0.7618987540008675
WTM-NN,323,nn,85.2451923076923,0.5879612190001353,0.7566853380012617
WTM-NN,324,nn,85.27884615384616,0.5127159250005207,0.7747549289997551
WTM-NN,325,nn,85.33653846153845,0.5208535339988885,0.7521257439984765
WTM-NN,326,nn,85.30288461538461,0.5287772199990286,0.7582580919988686
WTM-NN,327,nn,85.15384615384616,0.5453052890006802,0.7730727849993855
WTM-NN,328,nn,85.23557692307693,0.5441808100003982,0.7567227479994472
WTM-NN,329,nn,85.23076923076923,0.486667529999977,0.7577899060015625
WTM-NN,330,nn,85.34134615384616,0.4867360460011696,0.758057907998591
WTM-NN,331,nn,85.30288461538461,0.5318059210003412,0.7677450840019446
WTM-NN,332,nn,85.3798076923077,0.5872904070020013,0.7524741859997448
WTM-NN,333,nn,85.3798076923077,0.5206276460012305,0.7555580930020369
WTM-NN,334,nn,85.23076923076923,0.5469893720000982,0.7592036509995523
WTM-NN,335,nn,85.23557692307693,0.5280090060005023,0.7650719040029799
WTM-NN,336,nn,85.3125,0.5287574869980745,0.7618589650010108
WTM-NN,337,nn,85.17788461538461,0.5270065599979716,0.7616892860023654
WTM-NN,338,nn,85.09134615384616,0.5806123910006136,0.764740194001206
WTM-NN,339,nn,85.19711538461539,0.5222811399980856,0.7486107059994538
WTM-NN,340,nn,85.3173076923077,0.5440667240000039,0.7645639520014811
WTM-NN,341,nn,85.20673076923076,0.4873938229975465,0.7763933189999079
WTM-NN,342,nn,85.40384615384615,0.5071512529975735,0.7693661760022223
WTM-NN,343,nn,85.2451923076923,0.5096746560011525,0.7478545049998502
WTM-NN,344,nn,85.41826923076923,0.573343627002032,0.7551635919990076
WTM-NN,345,nn,85.39903846153845,0.5869170169971767,0.7549195299980056
WTM-NN,346,nn,85.07692307692307,0.5276661839998269,0.7604927669999597
WTM-NN,347,nn,85.3076923076923,0.5149827400018694,0.7527551330022106
WTM-NN,348,nn,85.16346153846153,0.5308777300015208,0.7561027880001348
WTM-NN,349,nn,85.28365384615385,0.5853278479989967,0.7552514880007948
WTM-NN,350,nn,85.1298076923077,0.5232290649983042,0.7575912550018984
WTM-NN,351,nn,85.34615384615385,0.5920372030013823,0.7554004279991204
WTM-NN,352,nn,85.3173076923077,0.4903587860026164,0.7662525449995883
WTM-NN,353,nn,85.32211538461539,0.5297043389982719,0.7500425109974458
WTM-NN,354,nn,85.26442307692308,0.4886172189981153,0.7678227579999657
WTM-NN,355,nn,85.51442307692308,0.5490266099986911,0.7547445199998037
WTM-NN,356,nn,85.33653846153845,0.4868675389989221,0.7628117490021395
WTM-NN,357,nn,85.26442307692308,0.5462161540017405,0.7561923969988129
WTM-NN,358,nn,85.2548076923077,0.5290090880007483,0.7540988819964696
WTM-NN,359,nn,85.29807692307692,0.48984189499969943,0.7585210889992595
WTM-NN,360,nn,85.27403846153845,0.4850218780011346,0.7408683739995467
WTM-NN,361,nn,85.29326923076923,0.5435285880012088,0.757378078000329
WTM-NN,362,nn,85.27884615384616,0.5823143230009009,0.7547875870004646
WTM-NN,363,nn,85.21153846153847,0.48918218499966315,0.7568902769999113
WTM-NN,364,nn,85.3125,0.4842394459992647,0.7637490109991631
WTM-NN,365,nn,85.33173076923077,0.4848183030007931,0.7447459240029275
WTM-NN,366,nn,85.3173076923077,0.5642542260029586,0.7535973630001536
WTM-NN,367,nn,85.25,0.4885750499997812,0.7552649940007541
WTM-NN,368,nn,85.40865384615385,0.5593460180025431,0.7683128379976552
WTM-NN,369,nn,85.13461538461539,0.48427691600227263,0.7522995559993433
WTM-NN,370,nn,85.29807692307692,0.4883134810006595,0.763595077998616
WTM-NN,371,nn,85.27884615384616,0.5229094370006351,0.7554805619984108
WTM-NN,372,nn,85.25,0.546821877000184,0.7626958609980647
WTM-NN,373,nn,85.16346153846153,0.48748515600163955,0.7596941400006472
WTM-NN,374,nn,85.13942307692308,0.5471262030005164,0.7450412180005515
WTM-NN,375,nn,85.32211538461539,0.5130909580002481,0.762601641999936
WTM-NN,376,nn,85.14903846153847,0.5297582970015355,0.7593858250002086
WTM-NN,377,nn,85.5,0.5850724010015256,0.7583838099999411
WTM-NN,378,nn,85.40865384615385,0.48777997700017295,0.7623691169974336
WTM-NN,379,nn,85.46634615384615,0.5831164100018214,0.7528982629992242
WTM-NN,380,nn,85.38461538461539,0.48472277900145855,0.7628121279994957
WTM-NN,381,nn,85.33653846153845,0.4847673459989892,0.7591917440004181
WTM-NN,382,nn,85.28846153846153,0.48726981300205807,0.7613827130007849
WTM-NN,383,nn,85.3701923076923,0.5466976179995982,0.7647484040026029
WTM-NN,384,nn,85.3701923076923,0.5259382070034917,0.7644624599997769
WTM-NN,385,nn,85.27403846153845,0.5470216550020268,0.7549903459985217
WTM-NN,386,nn,85.2451923076923,0.48601450600108365,0.759013219998451
WTM-NN,387,nn,85.25961538461539,0.48927155599812977,0.7745996720004769
WTM-NN,388,nn,85.26923076923076,0.4851305280026281,0.7649987549993966
WTM-NN,389,nn,85.13461538461539,0.592905167999561,0.7547654869995313
WTM-NN,390,nn,85.28846153846153,0.5264815670016105,0.752515862997825
WTM-NN,391,nn,85.35096153846153,0.5821389820011973,0.7614641799991659
WTM-NN,392,nn,85.34615384615385,0.49057526900287485,0.7588635309984966
WTM-NN,393,nn,85.40865384615385,0.48489894500016817,0.7472858709988941
WTM-NN,394,nn,85.32211538461539,0.5898091320013918,0.7560928120001336
WTM-NN,395,nn,85.4375,0.5345364029999473,0.7590176680023433
WTM-NN,396,nn,85.27403846153845,0.5837397569994209,0.7596781919964997
WTM-NN,397,nn,85.35096153846153,0.5223828580019472,0.760534724999161
WTM-NN,398,nn,85.375,0.5157994399996824,0.766418525003246
WTM-NN,399,nn,85.3173076923077,0.5075564189974102,0.7530456439999398
WTM-NN,400,nn,85.39903846153845,0.5813921929984645,0.752501057999325
WTM-NN,401,nn,85.30288461538461,0.5267890780014568,0.7587521000023116
WTM-NN,402,nn,85.3701923076923,0.5859180810002727,0.7714252830010082
WTM-NN,403,nn,85.42788461538461,0.5225725970012718,0.7573489719979989
WTM-NN,404,nn,85.29807692307692,0.48828217199843493,0.751973492999241
WTM-NN,405,nn,85.15865384615384,0.48376613700020243,0.7596639059993322
WTM-NN,406,nn,85.34615384615385,0.5866258930000186,0.7568524220005202
WTM-NN,407,nn,85.30288461538461,0.4889828679988568,0.7525451410001551
WTM-NN,408,nn,85.15384615384616,0.5785740989995247,0.759330785000202
WTM-NN,409,nn,85.375,0.5263294430005772,0.7684835440013558
WTM-NN,410,nn,85.42788461538461,0.48885328300093533,0.771894762001466
WTM-NN,411,nn,85.24038461538461,0.54567187900102,0.7512178610013507
WTM-NN,412,nn,85.35096153846153,0.4887754479968862,0.7594317879993469
WTM-NN,413,nn,85.3076923076923,0.584644581998873,0.7589165910030715
WTM-NN,414,nn,85.1923076923077,0.5281133610005782,0.7613567599983071
WTM-NN,415,nn,85.28365384615385,0.5271204660020885,0.756195354002557
WTM-NN,416,nn,85.22596153846153,0.5320175059969188,0.7578341139997065
WTM-NN,417,nn,85.23557692307693,0.5761559220009076,0.7557242549992225
WTM-NN,418,nn,85.29326923076923,0.5219991270023456,0.7566979190014536
WTM-NN,419,nn,85.1826923076923,0.5802348180004628,0.7472409889996925
WTM-NN,420,nn,85.38461538461539,0.5054259809985524,0.7563201730008586
WTM-NN,421,nn,85.28365384615385,0.5148486900034186,0.7510113210009877
WTM-NN,422,nn,85.41346153846155,0.48331983699972625,0.7576804640011687
WTM-NN,423,nn,85.3798076923077,0.5868051719990035,0.761693528998876
WTM-NN,424,nn,85.17307692307692,0.5225542379994295,0.7604955019996851
WTM-NN,425,nn,85.38942307692308,0.5812967339988973,0.7577158999993117
WTM-NN,426,nn,85.29326923076923,0.5272385450007278,0.7515098660005606
WTM-NN,427,nn,85.32211538461539,0.5146802250019391,0.7594799280013831
WTM-NN,428,nn,85.36538461538463,0.5831293400005961,0.7519375900010346
WTM-NN,429,nn,85.36057692307692,0.5259166670002742,0.7566816059988923
WTM-NN,430,nn,85.34615384615385,0.5857106219991692,0.7584522649995051
WTM-NN,431,nn,85.25961538461539,0.507095721000951,0.7672008080007799
WTM-NN,432,nn,85.2451923076923,0.5311589560005814,0.7549925819985219
WTM-NN,433,nn,85.33173076923077,0.5261798729989096,0.7550260899988643
WTM-NN,434,nn,85.36538461538463,0.5656076919985935,0.7500151169988385
WTM-NN,435,nn,85.4375,0.5272295770009805,0.7585041520032973
WTM-NN,436,nn,85.17788461538461,0.5911371589972987,0.7606031830000575
WTM-NN,437,nn,85.34134615384616,0.5237523750001856,0.7626589159990544
WTM-NN,438,nn,85.29326923076923,0.5292689769994467,0.7554897390000406
WTM-NN,439,nn,85.28846153846153,0.5177015890003531,0.7548785229992063
WTM-NN,440,nn,85.15384615384616,0.5801145350014849,0.7462144900018757
WTM-NN,441,nn,85.42788461538461,0.5312029920023633,0.7436517739988631
WTM-NN,442,nn,85.04326923076924,0.5919117449993792,0.7526619550008036
WTM-NN,443,nn,85.3173076923077,0.533181193000928,0.7527149600027769
WTM-NN,444,nn,85.3173076923077,0.5316876920005598,0.7598220210020372
WTM-NN,445,nn,85.27884615384616,0.555653227998846,0.7564026619984361
WTM-NN,446,nn,85.34615384615385,0.4885424950007291,0.7557824959985737
WTM-NN,447,nn,85.36538461538463,0.5484022349992301,0.7563451259993599
WTM-NN,448,nn,85.21153846153847,0.49206814100034535,0.7573178669990739
WTM-NN,449,nn,85.17307692307692,0.4849390140007017,0.7462291960000584
WTM-NN,450,nn,85.1201923076923,0.5194690530006483,0.7505990019999444
WTM-NN,451,nn,85.20192307692308,0.5921579630012275,0.757185415001004
WTM-NN,452,nn,85.26442307692308,0.528966968999157,0.759110151000641
WTM-NN,453,nn,85.22596153846153,0.5979706379985146,0.7564267140005541
WTM-NN,454,nn,85.41826923076923,0.528631608998694,0.7550895099993795
WTM-NN,455,nn,85.22596153846153,0.5119393240020145,0.7558940959970641
WTM-NN,456,nn,85.35096153846153,0.5218179369985592,0.7616360239990172
WTM-NN,457,nn,85.3173076923077,0.5811316790022829,0.7596331519998785
WTM-NN,458,nn,85.1826923076923,0.526695494998421,0.7586497109987249
WTM-NN,459,nn,85.27884615384616,0.5905185299998266,0.7452637049973418
WTM-NN,460,nn,85.30288461538461,0.5126830650006013,0.7582380690000718
WTM-NN,461,nn,85.35576923076923,0.4853064330018242,0.7638605989995995
WTM-NN,462,nn,85.16346153846153,0.5442341110028792,0.7470276670028397
WTM-NN,463,nn,85.32211538461539,0.4869881839986192,0.7604723059994285
WTM-NN,464,nn,85.3125,0.5505868289983482,0.7453903759997047
WTM-NN,465,nn,85.38461538461539,0.4928520999965258,0.7496777880005538
WTM-NN,466,nn,85.32692307692308,0.48426312200172106,0.7593292120000115
WTM-NN,467,nn,85.20673076923076,0.48670955799752846,0.7505366440018406
WTM-NN,468,nn,85.29326923076923,0.5483027350019256,0.7461929790006252
WTM-NN,469,nn,85.29326923076923,0.4859235699987039,0.749623468000209
WTM-NN,470,nn,85.13461538461539,0.5481700649979757,0.7482451850009966
WTM-NN,471,nn,85.47596153846155,0.48814581699843984,0.7580433339971933
WTM-NN,472,nn,85.26923076923076,0.5253131730023597,0.7572619340025994
WTM-NN,473,nn,85.22596153846153,0.5272620750001806,0.7568107059996692
WTM-NN,474,nn,85.17788461538461,0.5900336659979075,0.763687488000869
WTM-NN,475,nn,85.32692307692308,0.5211317469984351,0.7569720510000479
WTM-NN,476,nn,85.26442307692308,0.5825878809991991,0.753208910999092
WTM-NN,477,nn,85.28846153846153,0.5260797360024299,0.7541448369993304
WTM-NN,478,nn,85.36057692307692,0.5240926660007972,0.7482847120008955
WTM-NN,479,nn,85.3798076923077,0.5468712950023473,0.75544911399993
WTM-NN,480,nn,85.29326923076923,0.48834420400089584,0.7468224179974641
WTM-NN,481,nn,85.38461538461539,0.5941151080005511,0.7574269189972256
WTM-NN,482,nn,85.20192307692308,0.5282077730007586,0.7547426370001631
WTM-NN,483,nn,85.30288461538461,0.5029441049991874,0.752267480998853
WTM-NN,484,nn,85.36538461538463,0.5253236450007535,0.7582879190013045
WTM-NN,485,nn,85.17788461538461,0.5856370389992662,0.7530408029997488
WTM-NN,486,nn,85.24038461538461,0.5273208650032757,0.7609618749993388
WTM-NN,487,nn,85.33653846153845,0.58895896699687,0.7508614680009487
WTM-NN,488,nn,85.2451923076923,0.5317881610026234,0.7594810750015313
WTM-NN,489,nn,85.47115384615384,0.5281875809996563,0.7666904239995347
WTM-NN,490,nn,85.22596153846153,0.5303224890012643,0.7631494179986476
WTM-NN,491,nn,85.2451923076923,0.5847015349972935,0.7517588609989616
WTM-NN,492,nn,85.46634615384615,0.5321579289993679,0.7591334649987402
WTM-NN,493,nn,85.47115384615384,0.5756485999991128,0.7574065050030185
WTM-NN,494,nn,85.13942307692308,0.5277942559987423,0.7661525469993649
WTM-NN,495,nn,85.3173076923077,0.5279033849983534,0.7608795630003442
WTM-NN,496,nn,85.38942307692308,0.5954847990033159,0.7548691720003262
WTM-NN,497,nn,85.10096153846153,0.49487943799977074,0.75850986200021
WTM-NN,498,nn,85.4423076923077,0.5860573730024043,0.7572645970030862
WTM-NN,499,nn,85.39903846153845,0.5116599920002045,0.7650552369996149
WTM-NN,500,nn,85.36057692307692,0.4854177340021124,0.7674989179977274
UTM-NN,1,tm,69.34615384615384,2.768396619001578,0.7587148189995787
UTM-NN,2,tm,70.02403846153847,2.5005628380022245,0.7570671279972885
UTM-NN,3,tm,71.125,2.446386572002666,0.7616342409965
UTM-NN,4,tm,71.03846153846153,2.4298773650007206,0.7732953230006387
UTM-NN,5,tm,71.5625,2.4109622110008786,0.7675314410007559
UTM-NN,6,tm,71.36538461538461,2.393959803001053,0.7772743690002244
UTM-NN,7,tm,71.8125,2.3894703689984453,0.7682937509998737
UTM-NN,8,tm,71.86057692307692,2.38765658599732,0.7605003940007009
UTM-NN,9,tm,71.91826923076923,2.3738870399974985,0.7661221220005245
UTM-NN,10,tm,71.66346153846153,2.379682161998062,0.7776208340001176
UTM-NN,11,tm,72.20673076923076,2.3888508140007616,0.7680446739977924
UTM-NN,12,tm,72.15384615384616,2.385143635001441,0.7739802169999166
UTM-NN,13,tm,72.16826923076923,2.3950175790014328,0.767840365999291
UTM-NN,14,tm,72.39423076923077,2.367092338998191,0.7642292979980994
UTM-NN,15,tm,72.34615384615385,2.3762360859982437,0.7628077949993894
UTM-NN,16,tm,72.30288461538461,2.360565022998344,0.765213135000522
UTM-NN,17,tm,72.40384615384615,2.3589923520012235,0.7637479219993111
UTM-NN,18,tm,72.25,2.3743092059994524,0.763086225000734
UTM-NN,19,tm,72.60096153846153,2.3660445409987005,0.774807581998175
UTM-NN,20,tm,72.29807692307692,2.3599728439985483,0.7764874689964927
UTM-NN,21,tm,72.61057692307692,2.3717760359977547,0.7646502999996301
UTM-NN,22,tm,72.39423076923077,2.3557665629996336,0.7732487020002736
UTM-NN,23,tm,72.71634615384616,2.363112283001101,0.7593189919971337
UTM-NN,24,tm,72.67788461538461,2.3441100409982027,0.7628662549977889
UTM-NN,25,tm,72.80288461538461,2.3404122159990948,0.7638150400016457
UTM-NN,26,tm,72.71153846153847,2.3596165960007056,0.7603167140005098
UTM-NN,27,tm,72.65865384615384,2.3665868429998227,0.7783090709999669
UTM-NN,28,tm,72.60096153846153,2.3643856230009987,0.7735682490019826
UTM-NN,29,tm,72.875,2.352023094998003,0.7722330020005757
UTM-NN,30,tm,72.58653846153847,2.3460968639992643,0.7760025110001152
UTM-NN,31,tm,72.59134615384616,2.3534786210002494,0.7784982890007086
UTM-NN,32,tm,72.89423076923077,2.371569091003039,0.7838754740005243
UTM-NN,33,tm,72.6875,2.355378837000899,0.7717678059998434
UTM-NN,34,tm,72.97115384615384,2.364552486997127,0.7675424029985152
UTM-NN,35,tm,73.0048076923077,2.3669439350014727,0.7703267090000736
UTM-NN,36,tm,73.0,2.3596518720005406,0.7636454700004833
UTM-NN,37,tm,73.07211538461539,2.3753210920003767,0.772435619001044
UTM-NN,38,tm,73.01923076923077,2.3605873989981774,0.7734267160012678
UTM-NN,39,tm,72.97596153846155,2.355167268000514,0.76482727000257
UTM-NN,40,tm,73.02884615384615,2.3646390440007963,0.7762348620017292
UTM-NN,41,tm,72.95673076923077,2.3516595919973042,0.7656132900010562
UTM-NN,42,tm,73.20673076923076,2.363449655000295,0.7688220899981388
UTM-NN,43,tm,72.97596153846155,2.349860673002695,0.7492908530002751
UTM-NN,44,tm,73.0673076923077,2.357439344003069,0.7538997320007184
UTM-NN,45,tm,73.1875,2.3432125260005705,0.7584914290018787
UTM-NN,46,tm,73.02403846153847,2.3537350190017605,0.7670513819975895
UTM-NN,47,tm,73.04807692307692,2.347618305000651,0.7673012730010669
UTM-NN,48,tm,73.04326923076923,2.3564720819995273,0.7760649240008206
UTM-NN,49,tm,73.20673076923076,2.35410014000081,0.7603919100001804
UTM-NN,50,tm,73.01923076923077,2.3410592789987277,0.7517106669984059
UTM-NN,51,tm,73.21153846153847,2.345857935000822,0.7504399780009408
UTM-NN,52,tm,73.22596153846153,2.353673064000759,0.7611934319975262
UTM-NN,53,tm,73.13461538461539,2.346255274002033,0.7578887570016377
UTM-NN,54,tm,73.11057692307692,2.363976267999533,0.763703450000321
UTM-NN,55,tm,73.03846153846155,2.3579899569995177,0.7826697509990481
UTM-NN,56,tm,72.9951923076923,2.3608809639990795,0.7629041260006488
UTM-NN,57,tm,73.08173076923077,2.3630562920006923,0.777548021000257
UTM-NN,58,tm,72.9423076923077,2.342690315999789,0.7736717330008105
UTM-NN,59,tm,73.01442307692308,2.3482403170019097,0.7708275530021638
UTM-NN,60,tm,73.02884615384615,2.350369412000873,0.7660372959981032
UTM-NN,61,tm,73.0048076923077,2.3693420039999182,0.771598596998956
UTM-NN,62,tm,73.0576923076923,2.3539957470020454,0.7692545869977039
UTM-NN,63,tm,73.11057692307692,2.3521385050007666,0.7721712429993204
UTM-NN,64,tm,73.09134615384615,2.34732588100087,0.7750872699980391
UTM-NN,65,tm,72.84615384615385,2.338403058001859,0.7573513249990356
UTM-NN,66,tm,73.22115384615384,2.354595833003259,0.7667541740011075
UTM-NN,67,tm,72.90865384615385,2.346920941999997,0.7681814969982952
UTM-NN,68,tm,72.8125,2.3424503349997394,0.7751532649999717
UTM-NN,69,tm,73.02884615384615,2.336336623000534,0.7790996289986651
UTM-NN,70,tm,73.15384615384616,2.3516862589967786,0.750790849000623
UTM-NN,71,tm,73.23557692307693,2.3502698300035263,0.7600986449979246
UTM-NN,72,tm,73.27884615384616,2.3607007270002214,0.7527429209985712
UTM-NN,73,tm,73.04807692307692,2.3525061319996894,0.7728642910005874
UTM-NN,74,tm,73.22115384615384,2.3629773009997734,0.7748260439984733
UTM-NN,75,tm,73.17788461538461,2.356895944001735,0.7834792970024864
UTM-NN,76,tm,73.10576923076924,2.3649472299985064,0.7685734839978977
UTM-NN,77,tm,73.03846153846155,2.3467882810000447,0.7676520080021874
UTM-NN,78,tm,73.0,2.3354363010003,0.7641003199969418
UTM-NN,79,tm,73.14903846153847,2.36920877099692,0.7695921199992881
UTM-NN,80,tm,73.29326923076923,2.357771937000507,0.8018909710008302
UTM-NN,81,tm,73.125,2.363972985000146,0.7665271549994941
UTM-NN,82,tm,72.77403846153845,2.3627330320014153,0.775452261997998
UTM-NN,83,tm,73.08173076923077,2.3366705080006795,0.7666454169993813
UTM-NN,84,tm,72.9375,2.3724623460002476,0.7596928940001817
UTM-NN,85,tm,73.01442307692308,2.339054562002275,0.7667417160009791
UTM-NN,86,tm,73.1923076923077,2.357280661999539,0.7604911340022227
UTM-NN,87,tm,73.125,2.3515869740003836,0.7644845889990393
UTM-NN,88,tm,73.04326923076923,2.360593933000928,0.7630495369994605
UTM-NN,89,tm,73.1201923076923,2.3549683050005115,0.7706568150024395
UTM-NN,90,tm,73.00961538461539,2.3621508770011133,0.7612700940007926
UTM-NN,91,tm,73.05288461538461,2.3480016969988355,0.7551627499997267
UTM-NN,92,tm,73.17307692307692,2.337164598000527,0.7647888350002177
UTM-NN,93,tm,72.90384615384615,2.3602582969979267,0.7641305710021697
UTM-NN,94,tm,72.74038461538461,2.368530125997495,0.7772831469992525
UTM-NN,95,tm,72.76923076923076,2.356704814003024,0.778125352000643
UTM-NN,96,tm,72.90384615384615,2.355518018001021,0.7917788000013388
UTM-NN,97,tm,73.14903846153847,2.345799134000117,0.7674082099983934
UTM-NN,98,tm,73.13942307692308,2.346081105999474,0.762564675998874
UTM-NN,99,tm,73.1298076923077,2.3511887029999343,0.76514181499806
UTM-NN,100,tm,73.1923076923077,2.3560516859979543,0.7659605650005687
UTM-NN,101,tm,73.23076923076923,2.3583894209987193,0.7674864920008986
UTM-NN,102,tm,73.10576923076924,2.3651107990008313,0.777686948000337
UTM-NN,103,tm,73.0625,2.3532591490002233,0.7621569490002003
UTM-NN,104,tm,73.10096153846153,2.3633972220013675,0.7807616579993919
UTM-NN,105,tm,73.2548076923077,2.3693783460003033,0.7751523589977296
UTM-NN,106,tm,73.24038461538461,2.3637340429995675,0.7769613980017311
UTM-NN,107,tm,73.21634615384616,2.3630963649993646,0.7635452249996888
UTM-NN,108,tm,73.38942307692308,2.366946630001621,0.7681320129995584
UTM-NN,109,tm,73.17788461538461,2.3681703570000536,0.77840596200258
UTM-NN,110,tm,73.25961538461539,2.346849610999925,0.7699942250001186
UTM-NN,111,tm,73.22596153846153,2.364319214000716,0.7705793259992788
UTM-NN,112,tm,72.98076923076923,2.349879535002401,0.7704053829984332
UTM-NN,113,tm,73.07211538461539,2.3563482600002317,0.7738262060011039
UTM-NN,114,tm,73.04326923076923,2.3542562879993056,0.763843298998836
UTM-NN,115,tm,72.9423076923077,2.3602621280006133,0.7653262300009374
UTM-NN,116,tm,73.03365384615384,2.3636989859987807,0.7626318160000665
UTM-NN,117,tm,73.21634615384616,2.353884083000594,0.7780493820027914
UTM-NN,118,tm,73.41346153846153,2.368054761998792,0.7810638329974608
UTM-NN,119,tm,73.25961538461539,2.374256997001794,0.7585920530000294
UTM-NN,120,tm,73.29326923076923,2.3824281890010752,0.7670638410018
UTM-NN,121,tm,73.29807692307693,2.3582902589987498,0.7576387199987948
UTM-NN,122,tm,73.3701923076923,2.3613406909971673,0.7674900829988474
UTM-NN,123,tm,73.48076923076923,2.3656177669981844,0.754737102000945
UTM-NN,124,tm,73.26442307692308,2.3578173009991588,0.7668033250010922
UTM-NN,125,tm,73.22115384615384,2.3880253799979982,0.7727830389994779
UTM-NN,126,tm,73.33653846153845,2.3668589849985437,0.7642094360016927
UTM-NN,127,tm,73.25,2.3495697199978167,0.778137097000581
UTM-NN,128,tm,73.3701923076923,2.3694527160005237,0.7736320589974639
UTM-NN,129,tm,73.27884615384616,2.359261678000621,0.7595276199972432
UTM-NN,130,tm,73.3125,2.353893778999918,0.7709905880001315
UTM-NN,131,tm,73.34134615384616,2.353427523001301,0.7694707640002889
UTM-NN,132,tm,73.27403846153845,2.363766783000756,0.7606292609998491
UTM-NN,133,tm,73.13942307692308,2.363877814997977,0.7651202509987343
UTM-NN,134,tm,73.07211538461539,2.362961365997762,0.7823223220002546
UTM-NN,135,tm,73.23557692307693,2.358097929998621,0.76483032899705
UTM-NN,136,tm,73.20192307692308,2.3657399430012447,0.7716122019992326
UTM-NN,137,tm,73.28846153846153,2.365606791998289,0.7516102850022435
UTM-NN,138,tm,73.20673076923076,2.3812856990007276,0.751378108998324
UTM-NN,139,tm,73.2548076923077,2.356487967001158,0.7661168270024064
UTM-NN,140,tm,73.0576923076923,2.365467904997786,0.7568505460003507
UTM-NN,141,tm,73.07692307692307,2.3563061889981327,0.764915834999556
UTM-NN,142,tm,73.11538461538461,2.356265258997155,0.7699841360008577
UTM-NN,143,tm,73.16826923076924,2.3660538049989555,0.7581716969980334
UTM-NN,144,tm,73.29326923076923,2.362474953999481,0.7636673359993438
UTM-NN,145,tm,73.16346153846153,2.3532716349982366,0.7552309299971967
UTM-NN,146,tm,73.15865384615384,2.3589680179975403,0.760742520000349
UTM-NN,147,tm,73.41346153846153,2.3435837410033855,0.7836160049992031
UTM-NN,148,tm,73.1923076923077,2.3634995560023526,0.7653883769999084
UTM-NN,149,tm,73.3076923076923,2.379183221000858,0.7722421099970234
UTM-NN,150,tm,73.23076923076923,2.3586145130029763,0.7859752730000764
UTM-NN,151,nn,76.72115384615384,0.5394512689999829,0.753797632001806
UTM-NN,152,nn,77.47115384615385,0.4835983730008593,0.7622326589989825
UTM-NN,153,nn,77.8701923076923,0.4804094739993161,0.746648546999495
UTM-NN,154,nn,78.21634615384615,0.4810640159994364,0.7562875280018488
UTM-NN,155,nn,78.27403846153847,0.5433907510014251,0.7667976250013453
UTM-NN,156,nn,78.28365384615384,0.5184329379990231,0.7587737909998395
UTM-NN,157,nn,78.45192307692308,0.5427312189967779,0.7718530959973577
UTM-NN,158,nn,78.57692307692308,0.48060002800048096,0.7681144510024751
UTM-NN,159,nn,78.70673076923077,0.48191747699820553,0.7701724400030798
UTM-NN,160,nn,78.70192307692308,0.5288853509991895,0.7780392969980312
UTM-NN,161,nn,78.63942307692308,0.5892547849980474,0.7850362249992031
UTM-NN,162,nn,78.83653846153847,0.523350085997663,0.7661293220007792
UTM-NN,163,nn,78.77403846153847,0.5907104079997225,0.7710068650012545
UTM-NN,164,nn,78.82211538461539,0.52189843999804,0.7704011330024514
UTM-NN,165,nn,78.79807692307692,0.5204243010011851,0.7669461710029282
UTM-NN,166,nn,78.80288461538461,0.5890040790000057,0.7766312780004228
UTM-NN,167,nn,78.58653846153845,0.5261637630028417,0.7702412389990059
UTM-NN,168,nn,78.82211538461539,0.59089655400021,0.7690727389999665
UTM-NN,169,nn,78.91826923076923,0.4935085830002208,0.7702290410015848
UTM-NN,170,nn,78.8125,0.5108065050008008,0.7645279990028939
UTM-NN,171,nn,78.8701923076923,0.48300376199767925,0.7828196760019637
UTM-NN,172,nn,78.92307692307692,0.5438364469991939,0.7824443070021516
UTM-NN,173,nn,78.79326923076924,0.48502101600024616,0.7707576739994693
UTM-NN,174,nn,78.78365384615384,0.5816418200010958,0.7704705920004926
UTM-NN,175,nn,78.86057692307692,0.48668005999934394,0.7675201130005007
UTM-NN,176,nn,78.74038461538461,0.4805036399993696,0.7645384710012877
UTM-NN,177,nn,78.88942307692308,0.4809330099997169,0.767073134000384
UTM-NN,178,nn,78.83173076923077,0.573612079002487,0.7632877560026827
UTM-NN,179,nn,78.8076923076923,0.5288057710022258,0.7755616629983706
UTM-NN,180,nn,78.8076923076923,0.539220648999617,0.7848802059997979
UTM-NN,181,nn,78.79326923076924,0.4812320509990968,0.7654242649987282
UTM-NN,182,nn,78.82211538461539,0.4855816589988535,0.7719011910012341
UTM-NN,183,nn,78.82692307692307,0.5435097120025603,0.7701763390032283
UTM-NN,184,nn,78.75,0.4822276890008652,0.779053167996608
UTM-NN,185,nn,78.86538461538461,0.5423951960001432,0.7648426570012816
UTM-NN,186,nn,78.92788461538461,0.5009615259987186,0.7629147620027652
UTM-NN,187,nn,78.875,0.522212378000404,0.7635262510011671
UTM-NN,188,nn,78.79807692307692,0.525237207999453,0.7724602079979377
UTM-NN,189,nn,78.77884615384615,0.5879270479999832,0.7749118579995411
UTM-NN,190,nn,78.86538461538461,0.5229780640001991,0.7612941360021068
UTM-NN,191,nn,78.88461538461539,0.5864033050020225,0.762432544001058
UTM-NN,192,nn,78.88942307692308,0.5263572490002844,0.7620082239991461
UTM-NN,193,nn,78.8125,0.5150123470011749,0.7641867620004632
UTM-NN,194,nn,78.91346153846153,0.5340525759966113,0.7660099100030493
UTM-NN,195,nn,78.76923076923077,0.5900427449996641,0.7641616580003756
UTM-NN,196,nn,78.88461538461539,0.4833996070010471,0.7676465069998812
UTM-NN,197,nn,78.8173076923077,0.544308431999525,0.766514858998562
UTM-NN,198,nn,78.78365384615384,0.48133518699978595,0.7578298699991137
UTM-NN,199,nn,78.79807692307692,0.5266336540007615,0.7698364339994441
UTM-NN,200,nn,78.8173076923077,0.5872252250010206,0.7644753050008148
UTM-NN,201,nn,78.9326923076923,0.5298072620025778,0.7812328510008228
UTM-NN,202,nn,78.85576923076924,0.5868971480012988,0.7638844469984178
UTM-NN,203,nn,78.84134615384616,0.5281820339987462,0.771077213998069
UTM-NN,204,nn,78.86057692307692,0.5226688590009871,0.7694306550001784
UTM-NN,205,nn,78.88942307692308,0.5198046209989116,0.7586177739976847
UTM-NN,206,nn,78.77403846153847,0.5876476949997596,0.7734796259974246
UTM-NN,207,nn,78.86057692307692,0.529755303003185,0.7684266040014336
UTM-NN,208,nn,78.76923076923077,0.5875042010011384,0.7617476250015898
UTM-NN,209,nn,78.91826923076923,0.5332808679995651,0.7668454320009914
UTM-NN,210,nn,78.90865384615384,0.519999189000373,0.7660364090006624
UTM-NN,211,nn,78.8173076923077,0.5227597490011249,0.7707891889986058
UTM-NN,212,nn,78.91346153846153,0.5886521240026923,0.7740879019984277
UTM-NN,213,nn,78.95192307692308,0.5104241079970961,0.7681954950021463
UTM-NN,214,nn,78.75961538461539,0.5438824360026047,0.7737964640000428
UTM-NN,215,nn,78.82211538461539,0.5209213779999118,0.7699630629977037
UTM-NN,216,nn,78.86057692307692,0.48186932599855936,0.7717649640035233
UTM-NN,217,nn,78.83173076923077,0.5428448419988854,0.7814100840005267
UTM-NN,218,nn,78.84615384615384,0.5257045869984722,0.7585973550012568
UTM-NN,219,nn,78.92788461538461,0.5452614599998924,0.7691341690006084
UTM-NN,220,nn,78.8798076923077,0.5280223849986214,0.7697060020000208
UTM-NN,221,nn,78.85576923076924,0.5297113060005358,0.7730286209989572
UTM-NN,222,nn,78.875,0.4865531089999422,0.7656300310009101
UTM-NN,223,nn,78.71153846153847,0.5453773629997158,0.7764097510007559
UTM-NN,224,nn,78.85096153846153,0.4834560909985157,0.7685862690013892
UTM-NN,225,nn,78.8125,0.544616342001973,0.7629181339980278
UTM-NN,226,nn,78.7451923076923,0.5277199809970625,0.7714737919995969
UTM-NN,227,nn,78.8076923076923,0.48295891800080426,0.7662014359993918
UTM-NN,228,nn,78.85096153846153,0.527656770998874,0.7638797179970425
UTM-NN,229,nn,78.85576923076924,0.5681825600004231,0.76685420099966
UTM-NN,230,nn,78.95673076923076,0.5232034389991895,0.7638107780003338
UTM-NN,231,nn,78.8125,0.5449805179996474,0.7849162410020654
UTM-NN,232,nn,78.84615384615384,0.5085151690000203,0.7761410749990318
UTM-NN,233,nn,78.79326923076924,0.5258967010013293,0.773000069999398
UTM-NN,234,nn,78.82211538461539,0.5793693120031094,0.7665170139989641
UTM-NN,235,nn,78.71634615384615,0.4812148700002581,0.7716074990021298
UTM-NN,236,nn,78.79326923076924,0.5844123789975129,0.7657894369986025
UTM-NN,237,nn,78.76442307692308,0.4834316230007971,0.7728715670018573
UTM-NN,238,nn,78.82211538461539,0.4907639089979057,0.7693901639977412
UTM-NN,239,nn,78.75,0.48045077200004016,0.7686371859999781
UTM-NN,240,nn,78.82692307692307,0.5565301089991408,0.7818567070025892
UTM-NN,241,nn,78.70673076923077,0.48767683199912426,0.7541891410000972
UTM-NN,242,nn,78.8701923076923,0.5877712280016567,0.7840619009984948
UTM-NN,243,nn,78.82692307692307,0.4807863690002705,0.7734204940024938
UTM-NN,244,nn,78.8798076923077,0.5286870039999485,0.7575295719980204
UTM-NN,245,nn,78.76442307692308,0.48559325099995476,0.760743699996965
UTM-NN,246,nn,78.8125,0.5619261489991914,0.7737060120016395
UTM-NN,247,nn,78.83653846153847,0.5425266330021259,0.7640011929979664
UTM-NN,248,nn,78.8125,0.528378064998833,0.7643773089985189
UTM-NN,249,nn,78.76923076923077,0.4805778679983632,0.7483810169978824
UTM-NN,250,nn,78.8701923076923,0.484042280997528,0.7590443629997026
UTM-NN,251,nn,78.79807692307692,0.5418485859991051,0.7689428349985974
UTM-NN,252,nn,78.82692307692307,0.482590783998603,0.773593156998686
UTM-NN,253,nn,78.83653846153847,0.5430741970012605,0.767246489001991
UTM-NN,254,nn,78.8701923076923,0.4853564059994824,0.7634060989985301
UTM-NN,255,nn,78.84615384615384,0.48104662200057646,0.7643351799997617
UTM-NN,256,nn,78.83173076923077,0.48469811199902324,0.7652104699991469
UTM-NN,257,nn,78.91346153846153,0.5722727399988798,0.7597906350019912
UTM-NN,258,nn,78.76923076923077,0.5332011099999363,0.7592052950021753
UTM-NN,259,nn,78.80288461538461,0.5749124180001672,0.7755553020033403
UTM-NN,260,nn,78.84615384615384,0.5261529370000062,0.7694585139979608
UTM-NN,261,nn,78.84134615384616,0.5293195830017794,0.7731621290004114
UTM-NN,262,nn,78.94711538461539,0.5333199330016214,0.7603959169973677
UTM-NN,263,nn,78.79807692307692,0.5828491869979189,0.7761507280010846
UTM-NN,264,nn,78.71634615384615,0.5172271560004447,0.7656024989992147
UTM-NN,265,nn,78.79807692307692,0.5398622720022104,0.7662053770000057
UTM-NN,266,nn,78.79326923076924,0.48153459899913287,0.7548453490016982
UTM-NN,267,nn,78.8076923076923,0.4857868580002105,0.7581800570005726
UTM-NN,268,nn,78.82692307692307,0.5733278690022416,0.7753547149986844
UTM-NN,269,nn,78.77884615384615,0.5308083230011107,0.7611525710017304
UTM-NN,270,nn,78.84134615384616,0.540468711998983,0.7595825749995129
UTM-NN,271,nn,78.82211538461539,0.48472449200198753,0.7575496280005609
UTM-NN,272,nn,78.85576923076924,0.4837135079978907,0.7571823569996923
UTM-NN,273,nn,78.88942307692308,0.48136727800010704,0.7615058350020263
UTM-NN,274,nn,78.94711538461539,0.5418275990014081,0.7674572020005144
UTM-NN,275,nn,78.83173076923077,0.5129041099971801,0.7733494919993973
UTM-NN,276,nn,78.92307692307692,0.5758263890020316,0.7496687969978666
UTM-NN,277,nn,78.80288461538461,0.5277146219996212,0.7707624600006966
UTM-NN,278,nn,78.83173076923077,0.5280790149990935,0.7685515199991642
UTM-NN,279,nn,78.83173076923077,0.5195831380005984,0.7740737929998431
UTM-NN,280,nn,78.80288461538461,0.5658269919986196,0.7652657380021992
UTM-NN,281,nn,78.6875,0.522664789998089,0.7689364899997599
UTM-NN,282,nn,78.88461538461539,0.5459415520017501,0.7726416629993764
UTM-NN,283,nn,78.8076923076923,0.4837390679967939,0.7634316049989138
UTM-NN,284,nn,78.88461538461539,0.4866009139987,0.7604157729983854
UTM-NN,285,nn,78.73076923076923,0.5481755969994992,0.7649853680013621
UTM-NN,286,nn,78.83653846153847,0.5266698750019714,0.7729558029968757
UTM-NN,287,nn,78.76442307692308,0.5849862230024883,0.7648936950026837
UTM-NN,288,nn,78.82211538461539,0.5139580779978132,0.7599005140000372
UTM-NN,289,nn,78.8798076923077,0.504351002000476,0.7682236159998865
UTM-NN,290,nn,78.67788461538461,0.4820719380004448,0.7609612609994656
UTM-NN,291,nn,78.86538461538461,0.542096784000023,0.7714406760023849
UTM-NN,292,nn,78.84615384615384,0.48519733699868084,0.7659553720004624
UTM-NN,293,nn,78.79807692307692,0.5559683860010409,0.7822890460010967
UTM-NN,294,nn,78.85096153846153,0.5232012510023196,0.7618200550023175
UTM-NN,295,nn,78.8701923076923,0.522052389998862,0.7629258729975845
UTM-NN,296,nn,78.84134615384616,0.5126728659997752,0.7750430009982665
UTM-NN,297,nn,78.8701923076923,0.5596475470010773,0.7712144520010042
UTM-NN,298,nn,78.76442307692308,0.5175039829991874,0.7537131159988348
UTM-NN,299,nn,78.86538461538461,0.588317570000072,0.7594400570014841
UTM-NN,300,nn,78.79326923076924,0.528600360998098,0.7611284470003739
UTM-NN,301,nn,78.85096153846153,0.5208858199985116,0.7636016340002243
UTM-NN,302,nn,78.85576923076924,0.5705701679980848,0.7607695189981314
UTM-NN,303,nn,78.88942307692308,0.515287096000975,0.7697712770022918
UTM-NN,304,nn,78.84134615384616,0.5877373599978455,0.7507551599992439
UTM-NN,305,nn,78.85096153846153,0.5289660839989665,0.7620631940008025
UTM-NN,306,nn,78.76923076923077,0.5277446919972135,0.7479326440006844
UTM-NN,307,nn,78.8125,0.5196368180004356,0.7554310829982569
UTM-NN,308,nn,78.78846153846155,0.542501177998929,0.773300354998355
UTM-NN,309,nn,78.71634615384615,0.5280685249999806,0.7604915509982675
UTM-NN,310,nn,78.77884615384615,0.581381905998569,0.7501313879984082
UTM-NN,311,nn,78.88942307692308,0.5291385660020751,0.7494351589994039
UTM-NN,312,nn,78.85096153846153,0.5283030310019967,0.7525046530026884
UTM-NN,313,nn,78.85096153846153,0.5279640420012583,0.7696171159986989
UTM-NN,314,nn,78.82692307692307,0.5875678189986502,0.7511090500011051
UTM-NN,315,nn,78.7548076923077,0.5426842070010025,0.7569324790019891
UTM-NN,316,nn,78.88461538461539,0.531400443000166,0.7597505960002309
UTM-NN,317,nn,78.75,0.5275468440013356,0.7694794219969481
UTM-NN,318,nn,78.73557692307692,0.5086339709996537,0.7539555769981234
UTM-NN,319,nn,78.7548076923077,0.5787069840007462,0.7622537930001272
UTM-NN,320,nn,78.74038461538461,0.5309645679990354,0.751317777998338
UTM-NN,321,nn,78.72115384615384,0.5855511379995733,0.7532755799984443
UTM-NN,322,nn,78.8173076923077,0.5212613100011367,0.745879212001455
UTM-NN,323,nn,78.79807692307692,0.5273331999997026,0.7718289430013101
UTM-NN,324,nn,78.8076923076923,0.5256640650004556,0.7534161809999205
UTM-NN,325,nn,78.84134615384616,0.5441302090002864,0.7506647379996139
UTM-NN,326,nn,78.79326923076924,0.4830170620007266,0.7575281099998392
UTM-NN,327,nn,78.875,0.5521454299996549,0.7548340059984184
UTM-NN,328,nn,78.8076923076923,0.4836822809993464,0.7449716289993376
UTM-NN,329,nn,78.8798076923077,0.4835739800000738,0.7605822759978764
UTM-NN,330,nn,78.82211538461539,0.5223163539994857,0.7545373409993772
UTM-NN,331,nn,78.83653846153847,0.5860996559968044,0.7514244160011003
UTM-NN,332,nn,78.84134615384616,0.5816575399985595,0.7559878390020458
UTM-NN,333,nn,78.89423076923077,0.5269751900013944,0.7537694269994972
UTM-NN,334,nn,78.82692307692307,0.5287285820013494,0.7556581219978398
UTM-NN,335,nn,78.72115384615384,0.5180040049999661,0.7625806010000815
UTM-NN,336,nn,78.92307692307692,0.5757663760014111,0.7527083800014225
UTM-NN,337,nn,78.7548076923077,0.5024852120004653,0.7509190040000249
UTM-NN,338,nn,78.79326923076924,0.5453715749972616,0.7556308560015168
UTM-NN,339,nn,78.84615384615384,0.4976494629991066,0.7581925939994107
UTM-NN,340,nn,78.90384615384616,0.4807172860018909,0.7662595610017888
UTM-NN,341,nn,78.8701923076923,0.48373805899973377,0.7521530480007641
UTM-NN,342,nn,78.8798076923077,0.5438446740008658,0.7490936329995748
UTM-NN,343,nn,78.83653846153847,0.5277961290012172,0.7575772630007123
UTM-NN,344,nn,78.8798076923077,0.5892066410015104,0.7582539509967319
UTM-NN,345,nn,78.85576923076924,0.48415548100092565,0.7524470450007357
UTM-NN,346,nn,78.82692307692307,0.4848701679984515,0.7584591260019806
UTM-NN,347,nn,78.75961538461539,0.4907004670021706,0.7571177419995365
UTM-NN,348,nn,78.875,0.5902849359990796,0.7536128529973212
UTM-NN,349,nn,78.85096153846153,0.5905208229996788,0.748990641997807
UTM-NN,350,nn,78.8125,0.5267383589998644,0.7549502490001032
UTM-NN,351,nn,78.8798076923077,0.5262545229998068,0.7586408860006486
UTM-NN,352,nn,78.85096153846153,0.5214097820025927,0.7317606880023959
UTM-NN,353,nn,78.90865384615384,0.5843816619999416,0.7565537890004634
UTM-NN,354,nn,78.84615384615384,0.5305875799967907,0.7571136250007839
UTM-NN,355,nn,78.84134615384616,0.5816926170009538,0.741543111998908
UTM-NN,356,nn,78.80288461538461,0.5250754509979743,0.7453270730002259
UTM-NN,357,nn,78.8798076923077,0.5274483850007528,0.7618332880010712
UTM-NN,358,nn,78.84134615384616,0.5288043689979531,0.7563468650005234
UTM-NN,359,nn,78.89903846153847,0.5897906570025953,0.7472399179969216
UTM-NN,360,nn,78.83653846153847,0.5299306070010061,0.7746601780017954
UTM-NN,361,nn,78.83653846153847,0.5408563230012078,0.758610958000645
UTM-NN,362,nn,78.8701923076923,0.5198041010007728,0.7597030799988715
UTM-NN,363,nn,78.8173076923077,0.4855526370010921,0.7627914660006354
UTM-NN,364,nn,78.91826923076923,0.5368038660017191,0.7677158240003337
UTM-NN,365,nn,78.875,0.5828257910034154,0.7719012670022494
UTM-NN,366,nn,78.88461538461539,0.5846636749993195,0.7719661890005227
UTM-NN,367,nn,78.75,0.5099170600005891,0.7632991550017323
UTM-NN,368,nn,78.96153846153847,0.4826916310012166,0.768106881998392
UTM-NN,369,nn,78.92788461538461,0.5257274620016688,0.7628517299999658
UTM-NN,370,nn,78.77884615384615,0.5878205459994206,0.7584265469995444
UTM-NN,371,nn,78.84615384615384,0.48557725499995286,0.759104582000873
UTM-NN,372,nn,78.82211538461539,0.568750620001083,0.7530573469994124
UTM-NN,373,nn,78.85576923076924,0.48218343000189634,0.759875097002805
UTM-NN,374,nn,78.8701923076923,0.48125916500066523,0.7656754769996041
UTM-NN,375,nn,78.80288461538461,0.5000391460016544,0.7620498549986223
UTM-NN,376,nn,78.74038461538461,0.5752473950014974,0.7596873719994619
UTM-NN,377,nn,78.86057692307692,0.5277008070006559,0.766117884999403
UTM-NN,378,nn,78.84615384615384,0.5445556400009082,0.7769870280026225
UTM-NN,379,nn,78.71634615384615,0.5288790289996541,0.7710515960025077
UTM-NN,380,nn,78.88942307692308,0.5168831020018843,0.7537645769989467
UTM-NN,381,nn,78.79807692307692,0.4858490350015927,0.7641285110003082
UTM-NN,382,nn,78.83653846153847,0.5522010950007825,0.7644184210003004
UTM-NN,383,nn,78.83173076923077,0.540812059000018,0.7507301389996428
UTM-NN,384,nn,78.8701923076923,0.5112982290011132,0.7632670040002267
UTM-NN,385,nn,78.86538461538461,0.48256526200202643,0.768038169000647
UTM-NN,386,nn,78.86057692307692,0.5294453290007368,0.774784447003185
UTM-NN,387,nn,78.8798076923077,0.5857811130008486,0.7668045760001405
UTM-NN,388,nn,78.89423076923077,0.5219355419976637,0.7651276649994543
UTM-NN,389,nn,78.8125,0.5636695629982569,0.7690074650017777
UTM-NN,390,nn,78.8798076923077,0.5203230170009192,0.7543173459998798
UTM-NN,391,nn,78.90384615384616,0.48082523599805427,0.7566024890002154
UTM-NN,392,nn,78.77403846153847,0.48224515699985204,0.7723380290008208
UTM-NN,393,nn,78.84134615384616,0.5935077390022343,0.7732724269990285
UTM-NN,394,nn,78.78846153846155,0.5195214479972492,0.7667308900017815
UTM-NN,395,nn,78.83653846153847,0.5404780799981381,0.7719393059996946
UTM-NN,396,nn,78.86057692307692,0.5293276539996441,0.7696504919986182
UTM-NN,397,nn,78.74038461538461,0.4825829799992789,0.7628937379995477
UTM-NN,398,nn,78.86057692307692,0.5205394570002682,0.754084829997737
UTM-NN,399,nn,78.85576923076924,0.5504488590013352,0.7540883239998948
UTM-NN,400,nn,78.86538461538461,0.590760422997846,0.7490838640005677
UTM-NN,401,nn,78.86538461538461,0.5320000979991164,0.7538160819967743
UTM-NN,402,nn,78.82692307692307,0.4842766629990365,0.7666707690004841
UTM-NN,403,nn,78.86057692307692,0.4802112289980869,0.7560867770007462
UTM-NN,404,nn,78.91826923076923,0.5406598299996404,0.7470070189992839
UTM-NN,405,nn,78.875,0.4823061310016783,0.7531470480025746
UTM-NN,406,nn,78.82692307692307,0.5846804450011405,0.7549327359993185
UTM-NN,407,nn,78.82211538461539,0.5228878280031495,0.76045229599913
UTM-NN,408,nn,78.74038461538461,0.47987480200026766,0.7788357509998605
UTM-NN,409,nn,78.8076923076923,0.5255064960001619,0.7589852749988495
UTM-NN,410,nn,78.86057692307692,0.5452407010016032,0.7498155499997665
UTM-NN,411,nn,78.75961538461539,0.5237516350025544,0.7870433530006267
UTM-NN,412,nn,78.80288461538461,0.5879448550003872,0.7565522369986866
UTM-NN,413,nn,78.83173076923077,0.5270716929990158,0.7558635109999159
UTM-NN,414,nn,78.9326923076923,0.5128708170013851,0.7653116559995397
UTM-NN,415,nn,78.88942307692308,0.4882720680034254,0.7645405150033184
UTM-NN,416,nn,78.82692307692307,0.5492016300013347,0.7618593049992342
UTM-NN,417,nn,78.64903846153845,0.5831711249993532,0.7555390600027749
UTM-NN,418,nn,78.86538461538461,0.5285467469984724,0.7549808779986051
UTM-NN,419,nn,78.77403846153847,0.4852276189994882,0.7490888139982417
UTM-NN,420,nn,78.91346153846153,0.4808521720005956,0.7602031759997772
UTM-NN,421,nn,78.83653846153847,0.5829095659973973,0.7658997879989329
UTM-NN,422,nn,78.77884615384615,0.4838245490027475,0.7680416590010282
UTM-NN,423,nn,78.875,0.5886025780018826,0.7680670529989584
UTM-NN,424,nn,78.8173076923077,0.518060439000692,0.7653044010003214
UTM-NN,425,nn,78.8798076923077,0.5285900720009522,0.7871643939979549
UTM-NN,426,nn,78.84615384615384,0.48081585700128926,0.7494862959974853
UTM-NN,427,nn,78.88461538461539,0.5452397869994456,0.7590465950015641
UTM-NN,428,nn,78.88942307692308,0.48782432599909953,0.7516273299988825
UTM-NN,429,nn,78.91826923076923,0.5461462409984961,0.7434959010024613
UTM-NN,430,nn,78.875,0.4801839829997334,0.7364426229978562
UTM-NN,431,nn,78.84134615384616,0.528099094000936,0.7548136359982891
UTM-NN,432,nn,78.875,0.5104814679980336,0.7701747989995056
UTM-NN,433,nn,78.88942307692308,0.5816749869991327,0.7713752449999447
UTM-NN,434,nn,78.82211538461539,0.5417478960007429,0.7634422480005014
UTM-NN,435,nn,78.72596153846155,0.5282201090012677,0.7550951690027432
UTM-NN,436,nn,78.69711538461537,0.483242265003355,0.7607702109999082
UTM-NN,437,nn,78.88461538461539,0.4798216210001556,0.7574094160008826
UTM-NN,438,nn,78.85096153846153,0.5860838459993829,0.7699157150018436
UTM-NN,439,nn,78.8701923076923,0.5259992819992476,0.7564602279999235
UTM-NN,440,nn,78.83653846153847,0.580408529000124,0.7577296929994191
UTM-NN,441,nn,78.8125,0.5022795799995947,0.7698365350006497
UTM-NN,442,nn,78.8076923076923,0.5203886679992138,0.7725192819998483
UTM-NN,443,nn,78.875,0.4812146260010195,0.7492713659994479
UTM-NN,444,nn,78.84615384615384,0.5916604529993492,0.7514202730017132
UTM-NN,445,nn,78.89903846153847,0.4872483010003634,0.7555224800016731
UTM-NN,446,nn,78.78846153846155,0.590290295000159,0.7518981449975399
UTM-NN,447,nn,78.8173076923077,0.4797127450001426,0.7579942459997255
UTM-NN,448,nn,78.75,0.5013087590014038,0.7690486030005559
UTM-NN,449,nn,78.88461538461539,0.5516522069992789,0.7706995480002661
UTM-NN,450,nn,78.82692307692307,0.4860277779989701,0.7540688370027055
UTM-NN,451,nn,78.88461538461539,0.5409468670004571,0.7711081060006109
UTM-NN,452,nn,78.83173076923077,0.48683920400071656,0.753351859999384
UTM-NN,453,nn,78.8125,0.48394626200024504,0.7577732730023854
UTM-NN,454,nn,78.89903846153847,0.48023196100257337,0.7579628009989392
UTM-NN,455,nn,78.89423076923077,0.5420652239990886,0.7544711059999827
UTM-NN,456,nn,78.86538461538461,0.5309548810000706,0.7425715300014417
UTM-NN,457,nn,78.88461538461539,0.5889197219985363,0.7476296599998022
UTM-NN,458,nn,78.84615384615384,0.5291831789982098,0.7595413170020038
UTM-NN,459,nn,78.84134615384616,0.5282178769994061,0.7613405789998069
UTM-NN,460,nn,78.875,0.5216389239976706,0.7630045170008088
UTM-NN,461,nn,78.82692307692307,0.5881332290009595,0.7590068860008614
UTM-NN,462,nn,78.89903846153847,0.4865017039992381,0.7499956539977575
UTM-NN,463,nn,78.88461538461539,0.5392595089979295,0.7707183070015162
UTM-NN,464,nn,78.82692307692307,0.48043956699984847,0.7589010789997701
UTM-NN,465,nn,78.89423076923077,0.4837530910008354,0.7599802810000256
UTM-NN,466,nn,78.89423076923077,0.5856853100012813,0.7592270919994917
UTM-NN,467,nn,78.77403846153847,0.5172401249983523,0.767378306001774
UTM-NN,468,nn,78.88942307692308,0.5869987690020935,0.7766538960022444
UTM-NN,469,nn,78.80288461538461,0.5100126819997968,0.7555653429990343
UTM-NN,470,nn,78.84615384615384,0.5213520489996881,0.7554038870002842
UTM-NN,471,nn,78.75,0.5264749090019905,0.7632897020012024
UTM-NN,472,nn,78.78365384615384,0.5814091559986991,0.7661851910015685
UTM-NN,473,nn,78.89423076923077,0.5273351229989203,0.7579987650024123
UTM-NN,474,nn,78.86057692307692,0.5797445770003833,0.7643473629977962
UTM-NN,475,nn,78.77403846153847,0.4848182239984453,0.7513664649995917
UTM-NN,476,nn,78.86538461538461,0.5263865400011127,0.7692594760010252
UTM-NN,477,nn,78.71153846153847,0.5248362509992148,0.7771337909980502
UTM-NN,478,nn,78.78846153846155,0.5663053140015109,0.7658535859991389
UTM-NN,479,nn,78.8798076923077,0.48617607499909354,0.7664819689998694
UTM-NN,480,nn,78.85576923076924,0.5408764929998142,0.7621014590004052
UTM-NN,481,nn,78.79326923076924,0.5283535009984917,0.7686856470027124
UTM-NN,482,nn,78.8173076923077,0.48576310600037687,0.7832088869981817
UTM-NN,483,nn,78.8173076923077,0.5450620259980496,0.7721784530003788
UTM-NN,484,nn,78.77403846153847,0.5296579909991124,0.7577755980018992
UTM-NN,485,nn,78.84615384615384,0.5880160960005014,0.7706086049984151
UTM-NN,486,nn,78.8076923076923,0.5314289879970602,0.772215654997126
UTM-NN,487,nn,78.85096153846153,0.5250670019995596,0.764256487997045
UTM-NN,488,nn,78.8125,0.5214629479996802,0.7639017969995621
UTM-NN,489,nn,78.82211538461539,0.5868147479995969,0.7670521759973781
UTM-NN,490,nn,78.82692307692307,0.529161041999032,0.7566092729975935
UTM-NN,491,nn,78.86538461538461,0.5867906739986211,0.7588458160025766
UTM-NN,492,nn,78.8173076923077,0.5284906930028228,0.7748411290012882
UTM-NN,493,nn,78.86057692307692,0.5141731330004404,0.7610329700000875
UTM-NN,494,nn,78.86057692307692,0.5244000560014683,0.7647022790006304
UTM-NN,495,nn,78.83173076923077,0.5890836629987461,0.7652955389967246
UTM-NN,496,nn,78.71153846153847,0.5257033920024696,0.7534059039971908
UTM-NN,497,nn,78.89423076923077,0.5836163500025577,0.7621814390004147
UTM-NN,498,nn,78.8076923076923,0.5157825560017955,0.7665898609993747
UTM-NN,499,nn,78.84615384615384,0.4807248389988672,0.7758717389988306
UTM-NN,500,nn,78.8701923076923,0.5416242120008974,0.7621623369996087
