method,epoch,model_type,test_accuracy,train_time,test_time
UTM,1,tm,78.72,0.48248352800055727,0.06494293400010065
UTM,2,tm,80.11,0.4381168859999889,0.06496902599974419
UTM,3,tm,79.85,0.4323467949998303,0.06642219400055183
UTM,4,tm,79.75,0.42985560099987197,0.06475091599986627
UTM,5,tm,79.82000000000001,0.4309997279997333,0.06596747200001118
UTM,6,tm,79.91,0.426444965999508,0.06451447100062069
UTM,7,tm,80.05,0.43062512399956177,0.06475758899978246
UTM,8,tm,80.17999999999999,0.4254980069999874,0.06493086000045878
UTM,9,tm,80.32000000000001,0.4175025859995003,0.06473498299965286
UTM,10,tm,80.33,0.4219296179999219,0.06565916399995331
UTM,11,tm,80.64,0.41286045299966645,0.06471541799965053
UTM,12,tm,80.65,0.41817685100068047,0.06498137299968221
UTM,13,tm,80.47999999999999,0.41793254599997454,0.0657022909999796
UTM,14,tm,80.44,0.42766789400047855,0.06462804600050731
UTM,15,tm,80.57,0.4250932710001507,0.06464811300065776
UTM,16,tm,80.41,0.41576881499986484,0.06478084799982753
UTM,17,tm,80.63,0.4303715350006314,0.06619938499989075
UTM,18,tm,80.58,0.4235428000001775,0.06461902299997746
UTM,19,tm,80.58,0.41555318600057944,0.06545266700049979
UTM,20,tm,80.54,0.4209316679998665,0.06471846800013736
UTM,21,tm,80.54,0.4155080780001299,0.06450695500006987
UTM,22,tm,80.69,0.4191849609997007,0.06401742599973659
UTM,23,tm,80.85,0.4104393080006048,0.0676483150000422
UTM,24,tm,80.72,0.4099637850004001,0.06503496700042888
UTM,25,tm,80.88,0.40802296600031696,0.06554650899943226
UTM,26,tm,80.81,0.4153997370003708,0.06562171199948352
UTM,27,tm,80.89,0.4135696729999836,0.06361080299939204
UTM,28,tm,80.92,0.4213607169995157,0.06470055099998717
UTM,29,tm,80.82000000000001,0.42699602999982744,0.0649367619998884
UTM,30,tm,80.84,0.41478396099955717,0.06500047000008635
UTM,31,tm,80.9,0.4219506460003686,0.0653911559993503
UTM,32,tm,81.05,0.4253216790002625,0.0658661609995761
UTM,33,tm,81.0,0.41928793199986103,0.0647542330007127
UTM,34,tm,81.0,0.41650321099950816,0.06941459000063332
UTM,35,tm,80.97999999999999,0.4164464929999667,0.0646580439997706
UTM,36,tm,80.87,0.40962769299949287,0.06514552499993442
UTM,37,tm,80.91000000000001,0.41135832399959327,0.06948147599996446
UTM,38,tm,80.66,0.42285215299943957,0.06555504799962364
UTM,39,tm,81.13,0.41142056899934687,0.0655631949994131
UTM,40,tm,80.72,0.41503689999990456,0.0653141399998276
UTM,41,tm,80.74,0.4144650440002806,0.06420207799965283
UTM,42,tm,80.78999999999999,0.41867524099961884,0.06277697099994839
UTM,43,tm,81.05,0.4157063909997305,0.0650414620004085
UTM,44,tm,81.11,0.41805285800001,0.06564740000067104
UTM,45,tm,80.99,0.4112138820000837,0.0665958990002764
UTM,46,tm,81.07,0.42036845900020126,0.06605152800057112
UTM,47,tm,81.10000000000001,0.41646720500011725,0.06660265999926196
UTM,48,tm,80.95,0.4273982819995581,0.06421540200062736
UTM,49,tm,80.97999999999999,0.4096700330001113,0.06466903900036414
UTM,50,tm,80.95,0.4168472789997395,0.06544604800001252
UTM,51,tm,81.0,0.4137135450000642,0.06385383300039393
UTM,52,tm,81.14,0.4190817109993077,0.06435815599979833
UTM,53,tm,81.03,0.41531045800002175,0.06443761100035772
UTM,54,tm,81.02000000000001,0.4094004180005868,0.0634023820002767
UTM,55,tm,81.14,0.4219045449999612,0.06465465300061624
UTM,56,tm,81.2,0.41875626599994575,0.06416515199998685
UTM,57,tm,81.16,0.41831556399938563,0.06394994399943243
UTM,58,tm,81.0,0.4142066829999749,0.06457211599990842
UTM,59,tm,80.99,0.4171574800002418,0.06534795400057192
UTM,60,tm,81.07,0.4037843559999601,0.06413654900006804
UTM,61,tm,81.03,0.4125407579995226,0.06503472200074611
UTM,62,tm,80.97999999999999,0.4258860840000125,0.06485467900074582
UTM,63,tm,81.11,0.41103624800052785,0.06557441899985861
UTM,64,tm,80.81,0.42691675599962764,0.0646618730006594
UTM,65,tm,81.04,0.4169217940007002,0.064398452000205
UTM,66,tm,80.69,0.42074842999954853,0.06482124499962083
UTM,67,tm,81.14,0.428378528000394,0.06476892000046064
UTM,68,tm,81.07,0.42118035800012876,0.06447095499970601
UTM,69,tm,81.05,0.4165168810004616,0.06435459600015747
UTM,70,tm,80.83,0.4177477640005236,0.06404742199993052
UTM,71,tm,80.94,0.41275290599969594,0.06413889299983566
UTM,72,tm,81.11,0.4070272630006002,0.06404339100026846
UTM,73,tm,81.03,0.4133588360000431,0.06300149700018665
UTM,74,tm,81.12,0.4115886549998322,0.0648694980000073
UTM,75,tm,81.14,0.41795471099976567,0.06458518199997343
UTM,76,tm,81.13,0.41300288699949306,0.06459753999934037
UTM,77,tm,81.15,0.41411250999954063,0.06450624900026014
UTM,78,tm,80.91000000000001,0.4163412329999119,0.065039259000514
UTM,79,tm,81.15,0.4136071129996708,0.06445206700027484
UTM,80,tm,81.03,0.4222672199994122,0.06502605999958178
UTM,81,tm,81.2,0.4152313909999066,0.06391319599970302
UTM,82,tm,80.97,0.4094465339994713,0.06539661199985858
UTM,83,tm,80.9,0.4120516540006065,0.06404365599973971
UTM,84,tm,81.16,0.42271942399929685,0.06525160499950289
UTM,85,tm,80.97999999999999,0.4171413920003033,0.06526951599971653
UTM,86,tm,81.12,0.42131511899970064,0.06584487999953126
UTM,87,tm,81.03,0.41367393800010177,0.06440018899957067
UTM,88,tm,80.85,0.42479112500041083,0.06462177299999894
UTM,89,tm,81.23,0.41724046199942677,0.06454925300022296
UTM,90,tm,81.05,0.4255001310002626,0.0645436040003915
UTM,91,tm,81.15,0.43216103600025235,0.06464366800082644
UTM,92,tm,81.22,0.41527934999976424,0.06462871199983056
UTM,93,tm,81.19,0.4184507149993806,0.06560024000009435
UTM,94,tm,81.15,0.41642839799987996,0.06540348599992285
UTM,95,tm,80.97999999999999,0.41583211299985123,0.06546048099971813
UTM,96,tm,81.23,0.41498192100061715,0.06614756100043451
UTM,97,tm,81.13,0.4200178060000326,0.06514002299991262
UTM,98,tm,81.19,0.4201566689998799,0.06479093899997679
UTM,99,tm,81.13,0.4227390659998491,0.06440716900033294
UTM,100,tm,81.03,0.4194392469999002,0.06580445899999177
UTM,101,tm,81.16,0.423791410999911,0.06480462799936504
UTM,102,tm,81.10000000000001,0.42395123900041654,0.06554189700000279
UTM,103,tm,81.14,0.4162087060003614,0.06614534999971511
UTM,104,tm,81.25,0.41518187899964687,0.06443634100014606
UTM,105,tm,81.24,0.42183828499946685,0.06451973999992333
UTM,106,tm,81.10000000000001,0.4242440570005783,0.06571796300067945
UTM,107,tm,81.13,0.4175522710002042,0.06585365800037835
UTM,108,tm,81.01,0.4233723950001149,0.06769717299994227
UTM,109,tm,81.17999999999999,0.4223378529995898,0.06466602000000421
UTM,110,tm,81.32000000000001,0.41866908200063335,0.06424692400014465
UTM,111,tm,81.2,0.41587443699972937,0.06587093500002084
UTM,112,tm,80.94,0.42907686200032913,0.06612098799996602
UTM,113,tm,81.14,0.41882508999970014,0.06616597800075397
UTM,114,tm,81.17999999999999,0.42714264599999296,0.0656333850001829
UTM,115,tm,81.26,0.4224953419998201,0.06664167500002804
UTM,116,tm,81.19,0.4211037380000562,0.0648979480001799
UTM,117,tm,81.15,0.43180254100025195,0.06475691000014194
UTM,118,tm,80.97,0.42626298899995163,0.06435249100013607
UTM,119,tm,80.93,0.4123171769997498,0.06582728000012139
UTM,120,tm,81.08999999999999,0.42063050100023247,0.06526061499971547
UTM,121,tm,80.86,0.4225624279997646,0.06434730599994509
UTM,122,tm,81.02000000000001,0.42371178999928816,0.06334940099986852
UTM,123,tm,80.95,0.4128086690006967,0.06281274400043912
UTM,124,tm,80.97999999999999,0.4181247410006108,0.06311309699958656
UTM,125,tm,81.07,0.41317823699955625,0.06462567600010516
UTM,126,tm,81.24,0.4233523039993088,0.06379784399996424
UTM,127,tm,81.04,0.41944330299975263,0.06445469299978868
UTM,128,tm,80.86,0.4251521710002635,0.06556159499996284
UTM,129,tm,80.95,0.4211142040003324,0.06386800699965534
UTM,130,tm,80.99,0.42001552599958814,0.06444984100016882
UTM,131,tm,80.86,0.42792633900080546,0.0646583540001302
UTM,132,tm,80.91000000000001,0.4307340909999766,0.064299313000447
UTM,133,tm,80.91000000000001,0.4179559820004215,0.06479422300071747
UTM,134,tm,81.15,0.42672308500004874,0.06447281900000235
UTM,135,tm,81.01,0.4251062000003003,0.06441867500052467
UTM,136,tm,80.77,0.4263901120002629,0.06458623300022737
UTM,137,tm,80.87,0.41867016299966053,0.06466212499981339
UTM,138,tm,81.07,0.41845718400054466,0.06468184300047142
UTM,139,tm,80.84,0.4255357189995266,0.06456340099975932
UTM,140,tm,80.81,0.4327719490001982,0.06462547099999938
UTM,141,tm,80.78,0.43380363199958083,0.06594566799958557
UTM,142,tm,80.78,0.42460972700064303,0.0638910540001234
UTM,143,tm,80.83,0.4295597020000059,0.06450602499990055
UTM,144,tm,80.7,0.4257381750003333,0.06416981999973359
UTM,145,tm,80.7,0.4390546969998468,0.06522183300057804
UTM,146,tm,80.80000000000001,0.43216054599997733,0.06477649899989046
UTM,147,tm,80.78999999999999,0.42647294100061117,0.06419015299979947
UTM,148,tm,80.96,0.4270665550002377,0.06476660400039691
UTM,149,tm,80.94,0.431443450000188,0.06467790799979412
UTM,150,tm,80.97,0.43125490300008096,0.06497753299936448
UTM,151,tm,80.91000000000001,0.43536534600025334,0.06514031499955308
UTM,152,tm,80.85,0.4259829009997702,0.07049600400023337
UTM,153,tm,81.11,0.4274376800003665,0.06428687199968408
UTM,154,tm,81.0,0.429513890000635,0.06622658199921716
UTM,155,tm,81.03,0.4324744350005858,0.06466963499951817
UTM,156,tm,80.95,0.426249039999675,0.0648254289999386
UTM,157,tm,80.89,0.4359808119997979,0.06575572600013402
UTM,158,tm,80.83,0.41814614800023264,0.0632156430001487
UTM,159,tm,80.81,0.40356584699929954,0.06372297699999763
UTM,160,tm,81.14,0.43068900699927326,0.06456568700014031
UTM,161,tm,81.01,0.4299516469991431,0.06553195399919787
UTM,162,tm,80.97,0.4177252019999287,0.06467986600000586
UTM,163,tm,80.97999999999999,0.4341926489996695,0.06250491400078317
UTM,164,tm,80.92,0.42733207599940215,0.06427371199970366
UTM,165,tm,80.91000000000001,0.4175797429998056,0.06512911800018628
UTM,166,tm,80.78999999999999,0.4284313789994485,0.06172102300024562
UTM,167,tm,80.7,0.4271467770004165,0.06328796799971315
UTM,168,tm,80.9,0.4154132519997802,0.06425619900073798
UTM,169,tm,80.97,0.4160664609999003,0.0647370900005626
UTM,170,tm,80.83,0.42613119700035895,0.06441985099991143
UTM,171,tm,80.77,0.4292912229993817,0.0647646919996987
UTM,172,tm,80.78,0.4302380990002348,0.06437690399980056
UTM,173,tm,80.91000000000001,0.42765003600015916,0.06438863399944239
UTM,174,tm,80.9,0.42231612999967183,0.06580034600028739
UTM,175,tm,80.86,0.4167069429995536,0.06281402299919137
UTM,176,tm,80.78999999999999,0.4245144940005048,0.06522716000017681
UTM,177,tm,80.78,0.4189738639997813,0.06474033300037263
UTM,178,tm,80.83,0.42864072599968495,0.06429671900059475
UTM,179,tm,80.84,0.4321916879998753,0.06465104800008703
UTM,180,tm,80.89,0.42690664299971104,0.06438271600018197
UTM,181,tm,80.67,0.42420717400000285,0.06486482899981638
UTM,182,tm,80.86,0.4167257079998308,0.06286338299923955
UTM,183,tm,80.87,0.42554959500012046,0.06328051299988147
UTM,184,tm,80.84,0.43541891599943483,0.064273246999619
UTM,185,tm,80.91000000000001,0.4272139109998534,0.06595691300026374
UTM,186,tm,80.88,0.42727949300024193,0.06479143799970188
UTM,187,tm,80.93,0.4189397239997561,0.06372720200033655
UTM,188,tm,80.86,0.4203370430004725,0.06423826100035512
UTM,189,tm,80.96,0.4344023300000117,0.06575556899952062
UTM,190,tm,80.69,0.43217296800048643,0.06433752800057846
UTM,191,tm,80.65,0.43174236899994867,0.06513746499967965
UTM,192,tm,80.67,0.4257316359999095,0.06469383600051515
UTM,193,tm,80.82000000000001,0.42105486299988115,0.06336981399999786
UTM,194,tm,80.86,0.42732285500005673,0.06695266400038236
UTM,195,tm,80.67999999999999,0.4240687900000921,0.06781621299978724
UTM,196,tm,80.75,0.42654723600026045,0.06610081100006937
UTM,197,tm,80.83,0.4276058349996674,0.06559643799937476
UTM,198,tm,80.78,0.4294140210004116,0.06544063199999073
UTM,199,tm,80.82000000000001,0.4325935730003039,0.06419381400064594
UTM,200,tm,80.77,0.4281506879997323,0.06471731399960845
UTM,201,tm,80.91000000000001,0.41991005599993514,0.06296399399980146
UTM,202,tm,80.75,0.4251227980003023,0.06435729399981938
UTM,203,tm,80.75,0.4307696229998328,0.06529906000014307
UTM,204,tm,80.73,0.4188099310003963,0.06455856699994911
UTM,205,tm,80.88,0.4214356490001592,0.06368727300014143
UTM,206,tm,80.74,0.4206537650006794,0.0663980929994068
UTM,207,tm,80.80000000000001,0.4200864760005061,0.06402348700066796
UTM,208,tm,81.01,0.4252915690003647,0.06520960699981515
UTM,209,tm,80.86,0.42543024200040236,0.06710307899993495
UTM,210,tm,80.9,0.43514488199980406,0.06458548199952929
UTM,211,tm,80.96,0.4288986929996099,0.0641059330000644
UTM,212,tm,80.73,0.4253244060000725,0.06633584500013967
UTM,213,tm,80.81,0.4295889630002421,0.06489808700007416
UTM,214,tm,80.81,0.42516717499984225,0.06490541299990582
UTM,215,tm,80.69,0.41941709399998217,0.06424291000075755
UTM,216,tm,80.82000000000001,0.4216622739995728,0.06345369800055778
UTM,217,tm,80.76,0.43232753700067406,0.06945345700023609
UTM,218,tm,80.80000000000001,0.42053934299929097,0.06436079899958713
UTM,219,tm,80.82000000000001,0.43123991700031183,0.06565254199995252
UTM,220,tm,80.81,0.42370794599992223,0.06519541800025763
UTM,221,tm,80.86,0.432543891000023,0.06411569800002326
UTM,222,tm,80.81,0.4184208300002865,0.06564961500043864
UTM,223,tm,80.85,0.4254913160002616,0.06428818499989575
UTM,224,tm,80.77,0.4323087550001219,0.06494990500050335
UTM,225,tm,80.69,0.42087884900047356,0.06483697099974961
UTM,226,tm,80.76,0.43624189700040006,0.06591399500030093
UTM,227,tm,80.83,0.43288204799955565,0.06446347200017044
UTM,228,tm,80.80000000000001,0.4231356810005309,0.06488559300032648
UTM,229,tm,80.82000000000001,0.4350019359999351,0.06598592799946346
UTM,230,tm,80.65,0.4287975600000209,0.06512767299955158
UTM,231,tm,80.83,0.4368612950001989,0.06443255600061093
UTM,232,tm,80.47999999999999,0.42195444100070745,0.06643439700019371
UTM,233,tm,80.73,0.43359178900027473,0.06458815799942386
UTM,234,tm,80.77,0.42769121599940263,0.06472885199946177
UTM,235,tm,80.75,0.43282880399965507,0.06601272199986852
UTM,236,tm,80.83,0.43199385200023244,0.06272258499939198
UTM,237,tm,80.75,0.4307150719996571,0.06419053799982066
UTM,238,tm,80.78,0.4300671159999183,0.06460806500035687
UTM,239,tm,80.78,0.43451766799989855,0.06358146499951545
UTM,240,tm,80.64,0.43002266099938424,0.06447239899989654
UTM,241,tm,80.69,0.43389105499954894,0.0656704200000604
UTM,242,tm,80.76,0.42663489200003823,0.0653611269999601
UTM,243,tm,80.87,0.42387941400011186,0.06452557600005093
UTM,244,tm,80.82000000000001,0.42441390800013323,0.06470497600003
UTM,245,tm,80.71000000000001,0.43444365699997434,0.06437645900041389
UTM,246,tm,80.69,0.4364477170001919,0.06504858999960561
UTM,247,tm,80.66,0.4227414790002513,0.06450573700021778
UTM,248,tm,80.76,0.43157745200005593,0.06515360899993539
UTM,249,tm,80.89,0.4333784619993821,0.06463070900008461
UTM,250,tm,80.73,0.4368114640001295,0.06487009900047269
UTM,251,tm,80.67,0.4229235989996596,0.06545517500035203
UTM,252,tm,80.60000000000001,0.4325662680003006,0.0646455039995999
UTM,253,tm,80.56,0.4343081279994294,0.06590669099932711
UTM,254,tm,80.32000000000001,0.43739748100051656,0.06530039600056625
UTM,255,tm,80.58999999999999,0.42273973300052603,0.06480337899938604
UTM,256,tm,80.84,0.44136213900037546,0.06512706600005913
UTM,257,tm,80.69,0.43419261399958486,0.06461863100048504
UTM,258,tm,80.58999999999999,0.42648986899985175,0.06546575999982451
UTM,259,tm,80.74,0.4324243220007702,0.06437354400077311
UTM,260,tm,80.60000000000001,0.4221817430006922,0.06565139899976202
UTM,261,tm,80.56,0.42593512599978567,0.06516319099955581
UTM,262,tm,80.67999999999999,0.429362129000765,0.06547697099995275
UTM,263,tm,80.71000000000001,0.42776482599947485,0.0644731190004677
UTM,264,tm,80.72,0.4275955889997931,0.06482380400029797
UTM,265,tm,80.77,0.4280395599998883,0.06506967099994654
UTM,266,tm,80.72,0.4273176690003311,0.06447739099985483
UTM,267,tm,80.72,0.42691410099996574,0.06444049899982929
UTM,268,tm,80.7,0.43424647099982394,0.06438313299986476
UTM,269,tm,80.85,0.43244148700068763,0.06556222700055514
UTM,270,tm,80.80000000000001,0.4328972440007419,0.06409493499995733
UTM,271,tm,80.77,0.4318607429995609,0.06401375200039183
UTM,272,tm,80.9,0.42815596899981756,0.06297165199976007
UTM,273,tm,80.95,0.4291227029998481,0.06443649099946924
UTM,274,tm,80.78,0.42833530900043115,0.06478491100006067
UTM,275,tm,80.81,0.42632229500031826,0.06444772599934367
UTM,276,tm,80.73,0.4329512770000292,0.06471778400009498
UTM,277,tm,80.57,0.42760929400083114,0.07069556700025714
UTM,278,tm,80.55,0.43011535400000867,0.06548659199961548
UTM,279,tm,80.71000000000001,0.4306654090005395,0.06429190099970583
UTM,280,tm,80.67999999999999,0.4342388380000557,0.06462161299987201
UTM,281,tm,80.81,0.4221830760006924,0.06382759600001009
UTM,282,tm,80.69,0.4208633219996045,0.06446544099981111
UTM,283,tm,80.75,0.42709913500038965,0.06491427699984342
UTM,284,tm,80.94,0.42725194899958296,0.0690288790001432
UTM,285,tm,80.85,0.43191220199969393,0.06421776300066995
UTM,286,tm,80.75,0.4240779620004105,0.06489910700020118
UTM,287,tm,80.67999999999999,0.42803658899993025,0.06420019199958915
UTM,288,tm,80.61,0.43272653899930447,0.06454720100009581
UTM,289,tm,80.9,0.4295061600005283,0.06448941599956015
UTM,290,tm,80.7,0.43112069699964195,0.06427533400074026
UTM,291,tm,80.80000000000001,0.42912521599919273,0.06413597099981416
UTM,292,tm,80.69,0.4335902190005072,0.06439148400022532
UTM,293,tm,80.67999999999999,0.4248715619996801,0.06552202199964086
UTM,294,tm,80.77,0.43128600499949243,0.06470239700047387
UTM,295,tm,80.66,0.4284506029998738,0.06432465900070383
UTM,296,tm,80.71000000000001,0.43073425500006124,0.06429362899962143
UTM,297,tm,80.78999999999999,0.41823507200024324,0.06388508500003809
UTM,298,tm,80.80000000000001,0.42881256100008613,0.06396855999992113
UTM,299,tm,80.81,0.4281246809996446,0.06465230399953725
UTM,300,tm,80.86,0.42850600499969005,0.06453966600020067
UTM,301,tm,80.69,0.43442281399984495,0.0648344499995801
UTM,302,tm,80.72,0.4326484690000143,0.06619778300046164
UTM,303,tm,80.67,0.4394909729999199,0.06311034400005155
UTM,304,tm,80.64,0.43475126500015904,0.06465301400021417
UTM,305,tm,80.73,0.43342503999974724,0.06478368699936254
UTM,306,tm,80.63,0.4335768709997865,0.06536005300040415
UTM,307,tm,80.91000000000001,0.43148553799983347,0.06467539700042835
UTM,308,tm,80.73,0.4267446089997975,0.06444447200010472
UTM,309,tm,80.7,0.4322134770000048,0.0658293769993179
UTM,310,tm,80.75,0.43130628200015053,0.06444234999980836
UTM,311,tm,80.63,0.4296117920002871,0.06507739600056084
UTM,312,tm,80.64,0.4474593040004038,0.06559719600045355
UTM,313,tm,80.63,0.4302675930002806,0.06483861400010937
UTM,314,tm,80.77,0.4274544070003685,0.0647301270000753
UTM,315,tm,80.71000000000001,0.43491491500026314,0.06486230500013335
UTM,316,tm,80.78,0.43660173500029487,0.06633306999992783
UTM,317,tm,80.82000000000001,0.43694745100037835,0.06472347700037062
UTM,318,tm,80.75,0.429343814999811,0.06537870299962378
UTM,319,tm,80.86,0.4330971259996659,0.06448052700034168
UTM,320,tm,80.71000000000001,0.4340765389997614,0.06555086399930588
UTM,321,tm,80.72,0.4348415679996833,0.06538849500066135
UTM,322,tm,80.83,0.43498185299995384,0.06585283799995523
UTM,323,tm,80.7,0.4332336400002532,0.0654791920005664
UTM,324,tm,80.80000000000001,0.4261200460005057,0.06482462199983274
UTM,325,tm,80.89,0.4279914620001364,0.06409258299936482
UTM,326,tm,80.95,0.42823080899961496,0.0651323809997848
UTM,327,tm,80.97,0.43453433200011204,0.06488866499967116
UTM,328,tm,80.92,0.436213582000164,0.0645261190002202
UTM,329,tm,80.91000000000001,0.4266975790005745,0.0654520189991672
UTM,330,tm,80.99,0.439344520999839,0.06550690099993517
UTM,331,tm,80.84,0.4326165630000105,0.0646837800004505
UTM,332,tm,80.97,0.4363019560005341,0.06443276099980721
UTM,333,tm,80.92,0.4322560250002425,0.06641180299993721
UTM,334,tm,80.78999999999999,0.4336563139995633,0.06467251199956081
UTM,335,tm,80.71000000000001,0.4357145069998296,0.06583901999965747
UTM,336,tm,80.85,0.4319101840001167,0.06511219299954973
UTM,337,tm,80.58999999999999,0.4291147860003548,0.06681985599971085
UTM,338,tm,80.67,0.4262023010005578,0.06470402900049521
UTM,339,tm,80.82000000000001,0.43814226599988615,0.0662447009999596
UTM,340,tm,80.86,0.4407053309996627,0.06635266199918988
UTM,341,tm,80.85,0.4253294370000731,0.06599513799937995
UTM,342,tm,80.78,0.4308603139998013,0.06463162099953479
UTM,343,tm,80.92,0.4245119730003353,0.06575516099928791
UTM,344,tm,80.77,0.435089228999459,0.06440670499978296
UTM,345,tm,80.92,0.4333546739999292,0.06459377599912841
UTM,346,tm,80.78,0.4339062909994027,0.0658354999995936
UTM,347,tm,80.82000000000001,0.4314898529992206,0.06858709800053475
UTM,348,tm,80.81,0.43600458500077366,0.06643787000029988
UTM,349,tm,80.77,0.43519728600040253,0.06712204099949304
UTM,350,tm,80.72,0.43435954699998547,0.06499574099962047
UTM,351,tm,80.9,0.4331403109999883,0.0657859869997992
UTM,352,tm,80.81,0.4387812009999834,0.06601853000029223
UTM,353,tm,80.7,0.4360111539999707,0.064589299000545
UTM,354,tm,80.84,0.43959060500037594,0.06469355600074778
UTM,355,tm,80.76,0.43633181499990314,0.06506849299967143
UTM,356,tm,80.85,0.43382765899968945,0.06402065400016
UTM,357,tm,80.76,0.4398629549996258,0.06365654199998971
UTM,358,tm,80.73,0.43820802200025355,0.06424924600014492
UTM,359,tm,80.82000000000001,0.4321813710002971,0.06459194400031265
UTM,360,tm,80.86,0.43041612100023485,0.06532421100018837
UTM,361,tm,80.99,0.4359031200001482,0.06553954099945258
UTM,362,tm,80.97999999999999,0.45580010199955723,0.06542168199939624
UTM,363,tm,80.85,0.4334620810004708,0.06605339399993682
UTM,364,tm,80.81,0.4421500610005751,0.06463468899983127
UTM,365,tm,80.81,0.433615601999918,0.06582326100033242
UTM,366,tm,80.7,0.424024269000256,0.06410712100023375
UTM,367,tm,80.72,0.4522108310002295,0.06476939500043954
UTM,368,tm,80.56,0.43655587600005674,0.06460008100020787
UTM,369,tm,80.9,0.42567088099985995,0.06438778000028833
UTM,370,tm,80.64,0.4337644150000415,0.0634554999996908
UTM,371,tm,80.61,0.4264211259996955,0.06515634500010492
UTM,372,tm,80.81,0.43663881399970705,0.0649499580003976
UTM,373,tm,80.67999999999999,0.43693308799993247,0.06500655299987557
UTM,374,tm,80.67999999999999,0.43185464599991974,0.06409150299987232
UTM,375,tm,80.67,0.43858566000017163,0.06530674999976327
UTM,376,tm,80.88,0.4271646650004186,0.06537170299998252
UTM,377,tm,80.56,0.43204896499992174,0.06488797800011525
UTM,378,tm,80.43,0.4299168269999427,0.06478554300065298
UTM,379,tm,80.49,0.4353363209993404,0.06507101300030627
UTM,380,tm,80.60000000000001,0.43655594200026826,0.0641330280004695
UTM,381,tm,80.56,0.431861473999561,0.06438546299978043
UTM,382,tm,80.67999999999999,0.44946999900002993,0.06481274199995823
UTM,383,tm,80.7,0.43153467399952206,0.06588474000000133
UTM,384,tm,80.62,0.4431766259995129,0.06465303799996036
UTM,385,tm,80.67999999999999,0.43538479800008645,0.06586388899995654
UTM,386,tm,80.47,0.4410928169991166,0.06587041500006308
UTM,387,tm,80.41,0.44335781300014787,0.06516842399923917
UTM,388,tm,80.61,0.44003655400047137,0.07083250699997734
UTM,389,tm,80.71000000000001,0.44298664599955373,0.06491025800005445
UTM,390,tm,80.67999999999999,0.4447189669999716,0.06564577000062854
UTM,391,tm,80.74,0.42638402299962763,0.06573761100025877
UTM,392,tm,80.71000000000001,0.42556824599978427,0.0649493809996784
UTM,393,tm,80.76,0.429980090000754,0.07046145900039846
UTM,394,tm,80.75,0.42933940700004314,0.06509859699963272
UTM,395,tm,80.57,0.43458717499925115,0.06514702500044223
UTM,396,tm,80.74,0.43979746300010447,0.06428300399966247
UTM,397,tm,80.76,0.43641317099991284,0.06546983800035377
UTM,398,tm,80.9,0.4478909740000745,0.06483085500076413
UTM,399,tm,80.76,0.441835457999332,0.06459894800082111
UTM,400,tm,80.9,0.4432992040001409,0.06423988699953043
UTM,401,tm,80.72,0.42489593999926,0.0646798719999424
UTM,402,tm,80.84,0.44261270799961494,0.06449307099956059
UTM,403,tm,80.83,0.43633634700017865,0.06551690200012672
UTM,404,tm,80.83,0.43492991699986305,0.06471138300003076
UTM,405,tm,80.71000000000001,0.4397518650002894,0.06450153100013267
UTM,406,tm,80.78999999999999,0.42964302099971974,0.0643052590003208
UTM,407,tm,80.74,0.43334088000028714,0.06405129399990983
UTM,408,tm,80.9,0.43214753400025074,0.0648290810004255
UTM,409,tm,80.77,0.42932807600027445,0.06479538300027343
UTM,410,tm,80.72,0.4355044819994873,0.06462894000014785
UTM,411,tm,80.88,0.4470401669996136,0.06478996199984977
UTM,412,tm,80.85,0.4349658149994866,0.06441070599976229
UTM,413,tm,80.72,0.4289692029997241,0.06608572599998297
UTM,414,tm,80.88,0.4306781420000334,0.06625662700025714
UTM,415,tm,80.78999999999999,0.4370491050003693,0.06482089000019187
UTM,416,tm,80.76,0.4373352149996208,0.06606279500010714
UTM,417,tm,80.80000000000001,0.44246589899921673,0.06462706399997842
UTM,418,tm,80.69,0.4305290439997407,0.0648494839997511
UTM,419,tm,80.63,0.43051329299942154,0.06561819499984267
UTM,420,tm,80.58999999999999,0.4337939520000873,0.06433159199968941
UTM,421,tm,80.67,0.4378389950006749,0.0655906980000509
UTM,422,tm,80.82000000000001,0.44088771699989593,0.06402216100013902
UTM,423,tm,80.58,0.43264504400031,0.06532035999953223
UTM,424,tm,80.77,0.43441161299961095,0.06423886199991102
UTM,425,tm,80.67999999999999,0.43227735300024506,0.06615553200026625
UTM,426,tm,80.64,0.4367026239997358,0.06698793699979433
UTM,427,tm,80.58999999999999,0.4364847060005559,0.06571754699962185
UTM,428,tm,80.80000000000001,0.4404985930004841,0.06456060399978014
UTM,429,tm,80.85,0.42952150700057246,0.06363428500026203
UTM,430,tm,80.73,0.43582139700083644,0.06297328799973911
UTM,431,tm,80.56,0.4375986000004559,0.06567304000054719
UTM,432,tm,80.67999999999999,0.440862845999618,0.06599959099912667
UTM,433,tm,80.9,0.4328386530005446,0.06589240199991764
UTM,434,tm,80.83,0.43717109599947435,0.06603789200016763
UTM,435,tm,80.86,0.4272311049999189,0.06503666600019642
UTM,436,tm,80.89,0.43222361800053477,0.06429323799966369
UTM,437,tm,80.71000000000001,0.4334698610000487,0.06600333499955013
UTM,438,tm,80.81,0.43513126900052157,0.0656269990004148
UTM,439,tm,80.71000000000001,0.43341458099985175,0.06578201499996794
UTM,440,tm,80.77,0.4379195430001346,0.06397765800011257
UTM,441,tm,80.78,0.4247497349997502,0.06521834399973159
UTM,442,tm,80.58999999999999,0.43068735700035177,0.06507537699962995
UTM,443,tm,80.75,0.44528730500042,0.06467797499954031
UTM,444,tm,80.49,0.45233371000085754,0.06494686699988961
UTM,445,tm,80.56,0.4333351209998,0.0647124340002847
UTM,446,tm,80.78,0.4323859480000465,0.0688419519992749
UTM,447,tm,80.45,0.4337663300002532,0.06367673099975946
UTM,448,tm,80.4,0.4278326370003924,0.06458203199963464
UTM,449,tm,80.62,0.4281848029995672,0.06439295800009859
UTM,450,tm,80.57,0.4332299460002105,0.06446861200038256
UTM,451,tm,80.72,0.424566338000659,0.06531843599987042
UTM,452,tm,80.76,0.42820929999925283,0.06448383799943258
UTM,453,tm,80.73,0.43040930799998023,0.06560750200060284
UTM,454,tm,80.72,0.4399457879999318,0.06605384100021183
UTM,455,tm,80.74,0.43679901200084714,0.06570132300021214
UTM,456,tm,80.85,0.436694534999333,0.06448840900065989
UTM,457,tm,80.71000000000001,0.4324902429998474,0.06464534899987484
UTM,458,tm,80.60000000000001,0.4274468190005791,0.06679804200030048
UTM,459,tm,80.81,0.430405318999874,0.0659870730005423
UTM,460,tm,80.80000000000001,0.4300931899997522,0.06520250100038538
UTM,461,tm,80.67,0.43695121000018844,0.06594616299935296
UTM,462,tm,80.57,0.43176601300001494,0.06561527899975772
UTM,463,tm,80.69,0.42720635200021206,0.06502822399943398
UTM,464,tm,80.62,0.42659588900005474,0.06415513299998565
UTM,465,tm,80.58999999999999,0.43156524100049865,0.06520185899989883
UTM,466,tm,80.56,0.43603638099921227,0.06450252499962517
UTM,467,tm,80.54,0.42969015600010607,0.06506411300051695
UTM,468,tm,80.49,0.4363640220008165,0.06455266699958884
UTM,469,tm,80.57,0.4313927129996955,0.06578743099998974
UTM,470,tm,80.46,0.4294736000001649,0.06446321500061458
UTM,471,tm,80.54,0.4322969719996763,0.06557231600072555
UTM,472,tm,80.52,0.4375611420000496,0.06582814400007919
UTM,473,tm,80.61,0.4275556080001479,0.06587283600038063
UTM,474,tm,80.51,0.4362124469998889,0.06458009400012088
UTM,475,tm,80.61,0.4279807150005581,0.06557988100030343
UTM,476,tm,80.58,0.4258854830004566,0.06503622899981565
UTM,477,tm,80.57,0.43094664000000193,0.06473117699988507
UTM,478,tm,80.45,0.4462973620002231,0.06452682599956461
UTM,479,tm,80.60000000000001,0.4354802709995056,0.06418500400013727
UTM,480,tm,80.76,0.4283024189999196,0.06490938699971593
UTM,481,tm,80.65,0.4225653900002726,0.06538080399968749
UTM,482,tm,80.62,0.4281913990007524,0.06438818700007687
UTM,483,tm,80.54,0.42598218500006624,0.06520528399960313
UTM,484,tm,80.41,0.43716168100036157,0.06390775799991388
UTM,485,tm,80.58,0.43254536099993857,0.0647697069998685
UTM,486,tm,80.63,0.4398099659993022,0.06472690999999031
UTM,487,tm,80.65,0.4271237629991447,0.06564414300009958
UTM,488,tm,80.67,0.4334702730002391,0.0644517780001479
UTM,489,tm,80.53,0.43303952499991283,0.06498752500010596
UTM,490,tm,80.38,0.4358529170003749,0.06447680399924138
UTM,491,tm,80.76,0.43569842600027187,0.06474541100033093
UTM,492,tm,80.53,0.4278033639993737,0.06435052899996663
UTM,493,tm,80.51,0.43268922900006146,0.06489389800026402
UTM,494,tm,80.63,0.43360317400038184,0.06453301900000952
UTM,495,tm,80.66,0.43322133400033636,0.06462240200016822
UTM,496,tm,80.54,0.43543589000000793,0.0651421719994687
UTM,497,tm,80.46,0.4356704820002051,0.06466532299964456
UTM,498,tm,80.49,0.4319476090004173,0.0647266120004133
UTM,499,tm,80.33,0.4383383590002268,0.06463022499974613
UTM,500,tm,80.39,0.43359840999983135,0.06393952500002342
WTM,1,tm,76.14999999999999,0.35854344199924526,0.0657569009999861
WTM,2,tm,78.82000000000001,0.32210786400082725,0.06626128099924244
WTM,3,tm,78.69,0.3220974429996204,0.06705008400058432
WTM,4,tm,79.41,0.30823942400002124,0.06633181899996998
WTM,5,tm,78.14,0.29900561700014805,0.06722438499946293
WTM,6,tm,79.78,0.31833189000008133,0.06703648499933479
WTM,7,tm,79.36,0.3046232279994001,0.06753118400047242
WTM,8,tm,77.69,0.29873333199975605,0.06775969599948439
WTM,9,tm,79.06,0.2928628400004527,0.06790669500060176
WTM,10,tm,79.17,0.30037857800016354,0.06753829500030406
WTM,11,tm,79.75999999999999,0.2908373529999153,0.06658646999949269
WTM,12,tm,79.14999999999999,0.2916291559995443,0.06772829399960756
WTM,13,tm,80.24,0.28578106999975716,0.0668325040005584
WTM,14,tm,80.71000000000001,0.2898432109996065,0.06754373799958557
WTM,15,tm,79.36,0.2947075060001225,0.06698354899981496
WTM,16,tm,80.85,0.28672813000048336,0.06674919800025236
WTM,17,tm,80.54,0.28279057500003546,0.06730878200050938
WTM,18,tm,79.41,0.28270503699968685,0.06750201999966521
WTM,19,tm,80.43,0.28539792299943656,0.06887956299942743
WTM,20,tm,81.0,0.28950351599996793,0.067298908000339
WTM,21,tm,80.13,0.29196716099977493,0.06663384400053474
WTM,22,tm,81.03,0.28593245100000786,0.0669082909998906
WTM,23,tm,79.94,0.28301817499959725,0.06730459299978975
WTM,24,tm,81.24,0.28175130399995396,0.06690666299982695
WTM,25,tm,77.44,0.2866861059992516,0.06750146899958054
WTM,26,tm,81.16,0.29237799900056416,0.06716659100038669
WTM,27,tm,79.82000000000001,0.2914663499996095,0.06963713099958113
WTM,28,tm,80.42,0.2902779770001871,0.06719951499962917
WTM,29,tm,79.66,0.2919774250003684,0.06761317800010147
WTM,30,tm,80.96,0.2783110279997345,0.0673020379999798
WTM,31,tm,81.2,0.28157750699938333,0.06912810300036654
WTM,32,tm,79.89,0.281606343999556,0.06790869900032703
WTM,33,tm,81.31,0.29073374800009333,0.06781035599942697
WTM,34,tm,80.84,0.28202966099979676,0.06809074500051793
WTM,35,tm,80.83,0.28176427600010356,0.06759977999990952
WTM,36,tm,80.54,0.2845895180007574,0.06723383999997168
WTM,37,tm,80.06,0.2756532840003274,0.06571046600038244
WTM,38,tm,81.51,0.28210798599957343,0.06768244599970785
WTM,39,tm,80.72,0.27726573100062524,0.06778039900018484
WTM,40,tm,81.28,0.2860582430002978,0.06746507899970311
WTM,41,tm,80.24,0.2844291199999134,0.0677401530001589
WTM,42,tm,79.49000000000001,0.2844063239999741,0.06793720400037273
WTM,43,tm,80.89,0.27973220800049603,0.06695850399955816
WTM,44,tm,79.91,0.2804534480001166,0.067061179999655
WTM,45,tm,81.51,0.2746231050005008,0.06746482900052797
WTM,46,tm,80.82000000000001,0.28638486500040017,0.06766847899962158
WTM,47,tm,80.55,0.2812647549999383,0.0674655110005915
WTM,48,tm,81.14,0.29045800199946825,0.06803438499991898
WTM,49,tm,80.57,0.27715067799999815,0.06892743699972925
WTM,50,tm,80.35,0.2896923890002654,0.06734486499954073
WTM,51,tm,81.91000000000001,0.2820234350001556,0.06823318899932929
WTM,52,tm,79.82000000000001,0.2859821160000138,0.0686735810004393
WTM,53,tm,80.65,0.28210457999921346,0.06851333699978568
WTM,54,tm,80.80000000000001,0.27632575499956147,0.06765177600027528
WTM,55,tm,81.05,0.2804284789999656,0.06778386199948727
WTM,56,tm,81.53,0.28458417000001646,0.07317301199964277
WTM,57,tm,79.4,0.28530796599989117,0.06833482699948945
WTM,58,tm,81.08,0.2756581570001799,0.06721303099948273
WTM,59,tm,82.32000000000001,0.2763061139994534,0.06701296299979731
WTM,60,tm,81.39999999999999,0.28037564500027656,0.06722953500047879
WTM,61,tm,80.9,0.2823919829997976,0.0672063319998415
WTM,62,tm,81.36,0.2884290840001995,0.06951936000041314
WTM,63,tm,80.69,0.2833013730005405,0.0685989610001343
WTM,64,tm,80.92,0.2826552239994271,0.06853033900006267
WTM,65,tm,81.58,0.28556983599992236,0.06860380399939459
WTM,66,tm,81.08999999999999,0.275894985999912,0.06817783499991492
WTM,67,tm,80.88,0.27473741399990104,0.06808317500053818
WTM,68,tm,81.39,0.28209810299995297,0.06710748099976627
WTM,69,tm,81.52000000000001,0.269037393999497,0.06786519399975077
WTM,70,tm,81.98,0.2855422689999614,0.06915641500017955
WTM,71,tm,81.19,0.2809052739994513,0.06867858100031299
WTM,72,tm,81.08,0.28802507300042635,0.0674389149999115
WTM,73,tm,80.56,0.2802554740001142,0.0684123359997102
WTM,74,tm,80.91000000000001,0.2773395209997034,0.06854732600004354
WTM,75,tm,80.71000000000001,0.2861480189994836,0.06893681800011109
WTM,76,tm,80.83,0.2778761300005499,0.06893471300008969
WTM,77,tm,81.41000000000001,0.2759056739996595,0.06784029499976896
WTM,78,tm,81.25,0.28337793499940744,0.07217399599994678
WTM,79,tm,81.0,0.27551801600020553,0.06662332300038543
WTM,80,tm,81.43,0.2843609430001379,0.06747528199957742
WTM,81,tm,81.45,0.2827590169999894,0.06667649199971493
WTM,82,tm,80.75,0.27339761100029136,0.06664798900055757
WTM,83,tm,80.42,0.2710331509997559,0.06768140599979233
WTM,84,tm,81.17,0.2778029049995894,0.06760259999919072
WTM,85,tm,81.35,0.27204645999972854,0.07073759499962762
WTM,86,tm,81.17,0.2773947420000695,0.06705846399927395
WTM,87,tm,80.15,0.28106904400010535,0.06698546600000554
WTM,88,tm,81.33,0.2833135350001612,0.06750165399989783
WTM,89,tm,81.91000000000001,0.2826405709993196,0.06643445300051098
WTM,90,tm,81.42,0.2780129760003547,0.06645728300009068
WTM,91,tm,82.06,0.27653234800072823,0.06669964699995035
WTM,92,tm,81.58,0.2843482109992692,0.06740376200013998
WTM,93,tm,81.04,0.27773139199962316,0.06787128599989956
WTM,94,tm,81.24,0.27600022699971305,0.06868008700075734
WTM,95,tm,81.72,0.28380760900017776,0.06704463099958957
WTM,96,tm,80.77,0.2788929199996346,0.06901859000026889
WTM,97,tm,80.73,0.2906498140000622,0.06904921099976491
WTM,98,tm,80.45,0.27691641700039327,0.06897382199986168
WTM,99,tm,81.10000000000001,0.27564496700051677,0.06878368000070623
WTM,100,tm,80.73,0.278421752000213,0.06712089999928139
WTM,101,tm,80.96,0.27760978799960867,0.06720628799939732
WTM,102,tm,81.37,0.2753265689998443,0.06846559400037222
WTM,103,tm,80.77,0.27916903700042894,0.06844805800028553
WTM,104,tm,81.67999999999999,0.27679125999929965,0.06655756099917198
WTM,105,tm,81.43,0.28326327000013407,0.06764655300048616
WTM,106,tm,80.78,0.2738877000001594,0.06843044600009307
WTM,107,tm,81.51,0.27181195199955255,0.06822148199989897
WTM,108,tm,81.94,0.2739463150001029,0.06734052400042856
WTM,109,tm,81.64,0.2763395500005572,0.06862295900009485
WTM,110,tm,80.93,0.2775723429995196,0.06798229800006084
WTM,111,tm,81.03,0.2777011180005502,0.06682496600024024
WTM,112,tm,81.06,0.27709964199948445,0.06697753699972964
WTM,113,tm,82.14,0.2722666809995644,0.06717193299937207
WTM,114,tm,82.16,0.2768010059999142,0.06771045099958428
WTM,115,tm,80.62,0.2851603450008042,0.06830245199944329
WTM,116,tm,81.39,0.27617516899954353,0.07002644499971211
WTM,117,tm,80.56,0.2753884129997459,0.06684790800045448
WTM,118,tm,80.73,0.2785759580001468,0.06744274899938318
WTM,119,tm,79.12,0.27565051700003096,0.06763381700056925
WTM,120,tm,80.9,0.28516971199951513,0.06738239799960866
WTM,121,tm,81.97,0.2745060859997466,0.0674512709992996
WTM,122,tm,81.44,0.2745300309998129,0.0665884999998525
WTM,123,tm,79.23,0.27447323900014453,0.0689692579999246
WTM,124,tm,80.17,0.28036353300012706,0.06723115200020402
WTM,125,tm,81.07,0.2765820670001631,0.06842040499941504
WTM,126,tm,80.58,0.2808862309993856,0.06854878400008602
WTM,127,tm,81.61,0.27314483000009204,0.06873274499957915
WTM,128,tm,81.62,0.2825692149999668,0.0672535859994241
WTM,129,tm,81.95,0.2751691120001851,0.06676792800044495
WTM,130,tm,81.85,0.27729666699997324,0.06699672699960502
WTM,131,tm,81.71000000000001,0.274002752999877,0.067619661000208
WTM,132,tm,81.46,0.2731776520004132,0.06646358100078942
WTM,133,tm,81.63,0.274634800000058,0.06772075200024119
WTM,134,tm,81.43,0.2758298239996293,0.06818848400052957
WTM,135,tm,81.25,0.27574195499983034,0.06752872899960494
WTM,136,tm,81.74,0.27532063399939943,0.06688537800073391
WTM,137,tm,81.2,0.2732058229994436,0.06612648100053775
WTM,138,tm,81.28,0.2649386789998971,0.06677998299983301
WTM,139,tm,81.43,0.27284261800014065,0.06719472599979781
WTM,140,tm,81.17,0.2757273899997017,0.067195661000369
WTM,141,tm,81.95,0.27469912200012914,0.06678307299989683
WTM,142,tm,81.47,0.2749142269994991,0.06678782500057423
WTM,143,tm,81.82000000000001,0.2789453200002754,0.06745146499997645
WTM,144,tm,81.88,0.2697360660004051,0.06741884900020523
WTM,145,tm,82.84,0.2776089930002854,0.06821345499974996
WTM,146,tm,82.02000000000001,0.27828386900000623,0.06732618000023649
WTM,147,tm,81.2,0.2740786530002879,0.06828375400073128
WTM,148,tm,80.67,0.27798387099937827,0.06841288899977371
WTM,149,tm,81.83,0.2781021110004076,0.0672670920002929
WTM,150,tm,80.99,0.2769353619996764,0.06824175899964757
WTM,151,tm,81.88,0.2658782529997552,0.06836507699972572
WTM,152,tm,81.54,0.27865002899943647,0.06732256199939002
WTM,153,tm,81.2,0.27015662499979953,0.06746388600004138
WTM,154,tm,81.33,0.2761991550005405,0.06817791899993608
WTM,155,tm,81.82000000000001,0.28024185200047214,0.06735812600072677
WTM,156,tm,81.43,0.27495464900039224,0.06918113399933645
WTM,157,tm,81.10000000000001,0.27557894500023394,0.06785800899979222
WTM,158,tm,79.86999999999999,0.286518161999993,0.06707661199925496
WTM,159,tm,81.17,0.27636924699982046,0.06905273699976533
WTM,160,tm,82.04,0.27162355099972046,0.06649102200026391
WTM,161,tm,79.39,0.2755520840000827,0.06730201299978944
WTM,162,tm,81.31,0.2804522509995877,0.06778462400052376
WTM,163,tm,80.17999999999999,0.29575703099999373,0.06707047800045984
WTM,164,tm,80.94,0.26581703200008633,0.06582191399957082
WTM,165,tm,81.5,0.26923109800009115,0.06461919899993518
WTM,166,tm,80.63,0.2626281120001295,0.06707818300037616
WTM,167,tm,80.25999999999999,0.2733932500004812,0.06776683299995057
WTM,168,tm,80.69,0.2802021429997694,0.0672065320004549
WTM,169,tm,81.77,0.27812953800003015,0.06804876099977264
WTM,170,tm,81.87,0.27424525800051924,0.06717269900036626
WTM,171,tm,81.69,0.27264157899935526,0.06793416300024546
WTM,172,tm,81.72,0.27495690200066747,0.06773891000011645
WTM,173,tm,81.96,0.27444626099986635,0.06957464999959484
WTM,174,tm,80.47,0.2813657549995696,0.06840047199966648
WTM,175,tm,81.64,0.27455923999968945,0.06969919299990579
WTM,176,tm,80.93,0.2776120139997147,0.06899589500062575
WTM,177,tm,81.08999999999999,0.2747780290001174,0.06712100100048701
WTM,178,tm,81.97,0.28471872600039205,0.06794245599940041
WTM,179,tm,81.34,0.26781154200034507,0.06826684799943905
WTM,180,tm,81.32000000000001,0.28182952599945565,0.06701213900032599
WTM,181,tm,80.97,0.2721892449999359,0.0684759670002677
WTM,182,tm,80.99,0.28311689699967246,0.0709279989996503
WTM,183,tm,81.31,0.2774638659993798,0.0682691669999258
WTM,184,tm,81.52000000000001,0.28439157599950704,0.06781221099936374
WTM,185,tm,81.73,0.2781224350001139,0.06817082199995639
WTM,186,tm,81.71000000000001,0.2788961090000157,0.06872739699974773
WTM,187,tm,80.65,0.28728584899999987,0.06975890299963794
WTM,188,tm,80.97999999999999,0.2745401590000256,0.06759726600012073
WTM,189,tm,81.08,0.28066284699980315,0.06822671400004765
WTM,190,tm,81.87,0.28168707199984055,0.06794374399942171
WTM,191,tm,81.21000000000001,0.27513235399965197,0.06884602099944459
WTM,192,tm,81.53,0.27217843200014613,0.07481145499968989
WTM,193,tm,80.74,0.2821262699999352,0.06713246799972694
WTM,194,tm,81.43,0.27104940399931365,0.06792787100039277
WTM,195,tm,81.62,0.2803831840001294,0.06963717100006761
WTM,196,tm,80.78,0.2749610239998219,0.06904364499951043
WTM,197,tm,81.49,0.2787976340005116,0.06860089000019798
WTM,198,tm,82.0,0.2745349070000884,0.06753352200030349
WTM,199,tm,81.93,0.28002071199989587,0.06794144100058475
WTM,200,tm,81.5,0.27133194399993954,0.06848703900050168
WTM,201,tm,81.8,0.27516393899986724,0.06739673199990648
WTM,202,tm,81.69,0.2797940229993401,0.06964570299987827
WTM,203,tm,81.52000000000001,0.2674557949994778,0.06647463199988124
WTM,204,tm,82.28,0.2787953799997922,0.06787913299922366
WTM,205,tm,80.99,0.2666406440002902,0.06766573200002313
WTM,206,tm,82.02000000000001,0.2819254860005458,0.06707530299991049
WTM,207,tm,81.53,0.27726101000007475,0.06853597499957687
WTM,208,tm,82.1,0.2754588349998812,0.06835449099980906
WTM,209,tm,81.39999999999999,0.28297266899971873,0.06751886399979412
WTM,210,tm,81.17999999999999,0.27447167500031355,0.06802751399936824
WTM,211,tm,80.88,0.25874150399977225,0.06753722499979631
WTM,212,tm,82.05,0.27717462799955683,0.06850375399972108
WTM,213,tm,81.34,0.28311774499979947,0.06768662200011022
WTM,214,tm,82.34,0.273517692000496,0.06730047600012767
WTM,215,tm,81.35,0.2723559870000827,0.06760390699946583
WTM,216,tm,81.85,0.27188421600021684,0.07261386699974537
WTM,217,tm,81.72,0.2757467279998309,0.06765909299974737
WTM,218,tm,81.88,0.2733577669996521,0.06825207800011412
WTM,219,tm,80.78999999999999,0.2735111690008125,0.06571736699970643
WTM,220,tm,79.81,0.2851667559998532,0.0687439359999189
WTM,221,tm,81.02000000000001,0.27505972900053166,0.06780484399951092
WTM,222,tm,80.81,0.2764269260005676,0.06812433999948553
WTM,223,tm,81.01,0.27026530700004514,0.06746944099995744
WTM,224,tm,82.12,0.266923406999922,0.06683137900017755
WTM,225,tm,81.31,0.2803587319995131,0.06793827899946336
WTM,226,tm,81.58,0.27358220600035565,0.06761074899986852
WTM,227,tm,81.81,0.27683249799974874,0.06804003900015232
WTM,228,tm,81.44,0.2804648780002026,0.06732659699991927
WTM,229,tm,81.76,0.2681916800002,0.0686455830000341
WTM,230,tm,82.11,0.28150840800026344,0.06677438499991695
WTM,231,tm,80.96,0.27549020100013877,0.06745340500037855
WTM,232,tm,82.15,0.27103444900058093,0.0680201360000865
WTM,233,tm,82.25,0.2722628920000716,0.06798515399987082
WTM,234,tm,81.98,0.26982754900018335,0.06740427600016119
WTM,235,tm,81.03,0.2677645370004029,0.06718335799996566
WTM,236,tm,81.78999999999999,0.27149238499987405,0.06720910199965147
WTM,237,tm,81.28999999999999,0.2753920870000002,0.06805929699930857
WTM,238,tm,80.44,0.27033559800020157,0.06910090699966531
WTM,239,tm,80.2,0.2817011890001595,0.06902645799982565
WTM,240,tm,81.42,0.2786303670000052,0.06730880400027672
WTM,241,tm,81.91000000000001,0.27341016399986984,0.06772549099969183
WTM,242,tm,78.97999999999999,0.2778576210002939,0.06650058200011699
WTM,243,tm,81.85,0.273406772999806,0.06723662100012007
WTM,244,tm,80.84,0.27570431100048154,0.06772868799998832
WTM,245,tm,81.0,0.2825912779999271,0.06954972999938036
WTM,246,tm,81.10000000000001,0.2794687339992379,0.0675379989997964
WTM,247,tm,81.51,0.27253797100001975,0.06741629299995111
WTM,248,tm,81.23,0.27191345099981845,0.06736643699969136
WTM,249,tm,81.97,0.2698844520000421,0.06830715100022644
WTM,250,tm,80.71000000000001,0.28388811700006045,0.06656467500033614
WTM,251,tm,82.52000000000001,0.2723001550002664,0.06764760199985176
WTM,252,tm,80.03,0.2738636050007699,0.06614328500018019
WTM,253,tm,81.12,0.2754288149999411,0.0676830880001944
WTM,254,tm,80.72,0.2740780800004359,0.06865563800056407
WTM,255,tm,82.31,0.27526215099987894,0.06761097599974164
WTM,256,tm,81.87,0.27477691100011725,0.06860763100030454
WTM,257,tm,81.24,0.2801678860005268,0.06863583700032905
WTM,258,tm,81.95,0.2709852170000886,0.0679570109996348
WTM,259,tm,82.04,0.2628634200000306,0.06842593799956376
WTM,260,tm,81.99,0.2687704180007131,0.06860860200049501
WTM,261,tm,81.43,0.2759114459995544,0.06874572099968645
WTM,262,tm,82.04,0.27599197200015624,0.06793961800030957
WTM,263,tm,82.13000000000001,0.27393712400044024,0.06857634000061807
WTM,264,tm,82.34,0.275046366999959,0.0683594260008249
WTM,265,tm,80.60000000000001,0.2795461340001566,0.06918564199986577
WTM,266,tm,80.46,0.26584484900013194,0.06824150300053589
WTM,267,tm,81.85,0.27445942500071396,0.06890258400017046
WTM,268,tm,81.42,0.2742103219998171,0.06795103200056474
WTM,269,tm,81.26,0.2804780689994004,0.06797747100063134
WTM,270,tm,81.41000000000001,0.2675586060004207,0.0677295960003903
WTM,271,tm,81.32000000000001,0.27732088599987037,0.07031151399951341
WTM,272,tm,81.69,0.2819384230006108,0.06803723500070191
WTM,273,tm,82.65,0.2726135919992885,0.06750207799996133
WTM,274,tm,81.87,0.2747947070001828,0.06859454599998571
WTM,275,tm,80.14,0.28645257300013327,0.06859010100015439
WTM,276,tm,81.08,0.28348556000037206,0.06872907400065742
WTM,277,tm,81.78999999999999,0.28059396899971034,0.0673851689998628
WTM,278,tm,81.67999999999999,0.28463126299993746,0.06718564800030435
WTM,279,tm,81.46,0.27463855399946624,0.06747366399940802
WTM,280,tm,81.21000000000001,0.2762064750004356,0.06865877699965495
WTM,281,tm,81.53,0.28075611400072376,0.06721466100043472
WTM,282,tm,80.86,0.28005649400074617,0.06749995400059561
WTM,283,tm,81.61,0.27323702899957425,0.06876308099981543
WTM,284,tm,81.69,0.273601306999808,0.06676286699985212
WTM,285,tm,81.0,0.27528411200000846,0.06918911899992963
WTM,286,tm,81.82000000000001,0.27770167800008494,0.06936012200003461
WTM,287,tm,81.78,0.27501902699987113,0.06826877399998921
WTM,288,tm,81.10000000000001,0.2790484289998858,0.06779893899965828
WTM,289,tm,82.1,0.27902863300005265,0.0678772460005348
WTM,290,tm,81.96,0.2683577480001986,0.06857298600061768
WTM,291,tm,82.28,0.28279767200001515,0.06814138800018554
WTM,292,tm,81.69,0.27774176000002626,0.06824836099985987
WTM,293,tm,81.56,0.2789529080000648,0.0696017190002749
WTM,294,tm,82.3,0.27801706599984755,0.06656009699963761
WTM,295,tm,82.01,0.2722913449997577,0.06920599400018546
WTM,296,tm,81.12,0.2863408269995489,0.06685758299954614
WTM,297,tm,81.83,0.2777913770005398,0.06775056100013899
WTM,298,tm,81.16,0.2737448679999943,0.06801785700008622
WTM,299,tm,81.65,0.2733697399999073,0.06814739899982669
WTM,300,tm,81.58999999999999,0.27770593099921825,0.06911139899966656
WTM,301,tm,81.36,0.27596477799943386,0.07038670200017805
WTM,302,tm,81.03,0.2879070809995028,0.06765662499947211
WTM,303,tm,82.25,0.28068275499936135,0.06703451900011714
WTM,304,tm,81.04,0.27713790999951016,0.06767275800029893
WTM,305,tm,82.32000000000001,0.2786616450002839,0.068813930000033
WTM,306,tm,81.58999999999999,0.27615567300017574,0.06884660200012149
WTM,307,tm,81.31,0.27740544399966893,0.06654691199946683
WTM,308,tm,81.36,0.28137058899937983,0.06843847799973446
WTM,309,tm,80.69,0.2786568310002622,0.06702393899922754
WTM,310,tm,81.95,0.27332023399958416,0.06955569500041747
WTM,311,tm,81.67,0.2645160899992334,0.06810843000039313
WTM,312,tm,81.39,0.27314635799939424,0.06820692299970688
WTM,313,tm,80.9,0.27631620800002565,0.0697601219999342
WTM,314,tm,81.49,0.27561515999968833,0.06885832199986908
WTM,315,tm,81.28,0.290894845999901,0.07198555700051656
WTM,316,tm,80.35,0.2785758780000833,0.06820556200000283
WTM,317,tm,80.24,0.2862650980005128,0.06820231299934676
WTM,318,tm,81.28999999999999,0.2790764789997411,0.06843767000009393
WTM,319,tm,80.86,0.2750069740004619,0.06801972100038256
WTM,320,tm,80.61,0.27110160200027167,0.0684088090001751
WTM,321,tm,81.07,0.2739171820003321,0.0680959929995879
WTM,322,tm,81.56,0.2847986659999151,0.06779222900058812
WTM,323,tm,81.41000000000001,0.2765776400001414,0.06768647100034286
WTM,324,tm,81.37,0.28491210299944214,0.0665175439999075
WTM,325,tm,81.5,0.27764228399973945,0.06751060399983544
WTM,326,tm,81.35,0.27923486300005607,0.06763148200025171
WTM,327,tm,81.75,0.28116694100026507,0.06758074400022451
WTM,328,tm,81.67999999999999,0.27322053300031257,0.06809424799939734
WTM,329,tm,80.82000000000001,0.2713019829998302,0.06654029400033323
WTM,330,tm,81.53,0.2848584639996261,0.06764998299968283
WTM,331,tm,80.94,0.2828447279998727,0.0676101999997627
WTM,332,tm,80.78,0.2809268620003422,0.06812713199997233
WTM,333,tm,82.17999999999999,0.279431564999868,0.0675612099994396
WTM,334,tm,82.16,0.2756361600004311,0.0679836070003148
WTM,335,tm,80.64,0.2734223959996598,0.0675112180006181
WTM,336,tm,81.11,0.2741522369997256,0.06747997799993755
WTM,337,tm,82.24000000000001,0.27014351400066516,0.0679956759995548
WTM,338,tm,81.41000000000001,0.2760319429999072,0.06730731599964201
WTM,339,tm,81.76,0.2753388549999727,0.06754929500038998
WTM,340,tm,81.47999999999999,0.27594001600027696,0.06741143999988708
WTM,341,tm,81.52000000000001,0.27483774199936306,0.06852388300012535
WTM,342,tm,80.19,0.26976961200034566,0.06965198999932909
WTM,343,tm,80.91000000000001,0.2767050210004527,0.06838977999996132
WTM,344,tm,80.17,0.27257105900025635,0.06756746100018063
WTM,345,tm,80.91000000000001,0.28078992599967023,0.06835443099953409
WTM,346,tm,81.47,0.27200140900004044,0.06894374900002731
WTM,347,tm,80.77,0.2769095240000752,0.06833596199976455
WTM,348,tm,82.12,0.27687340100055735,0.06885521299955144
WTM,349,tm,81.78,0.2763591800003269,0.0698805000001812
WTM,350,tm,82.16,0.27044605599985516,0.06793903000016144
WTM,351,tm,80.67999999999999,0.2814226079999571,0.06807988999935333
WTM,352,tm,81.58,0.2706330479995813,0.06852462499955436
WTM,353,tm,82.03,0.2799570130000575,0.06890059499983181
WTM,354,tm,81.58999999999999,0.28642082100031985,0.06860172400047304
WTM,355,tm,81.66,0.27574415700019017,0.0686671989997194
WTM,356,tm,81.82000000000001,0.29159820299992134,0.0692723219999607
WTM,357,tm,82.33,0.27636515800077177,0.06844634899971425
WTM,358,tm,80.52,0.2702746430004481,0.0672788390002097
WTM,359,tm,81.27,0.27347733699934906,0.06727636800042092
WTM,360,tm,80.63,0.2761419950002164,0.0684656419998646
WTM,361,tm,81.15,0.2846740189997945,0.07350298199980898
WTM,362,tm,80.95,0.27653808599916374,0.0678710290003437
WTM,363,tm,81.71000000000001,0.28218795399970986,0.06821020300048986
WTM,364,tm,81.15,0.2815680899993822,0.06835242600027414
WTM,365,tm,80.05,0.2741843539997717,0.0677438289994825
WTM,366,tm,80.53,0.2745369389995176,0.06871481000052881
WTM,367,tm,81.69999999999999,0.2816503180001746,0.06986447899998893
WTM,368,tm,81.95,0.27582474000064394,0.07034868400023697
WTM,369,tm,81.41000000000001,0.2773546670005089,0.0679569640005866
WTM,370,tm,81.42,0.27059236300010525,0.06847813399963343
WTM,371,tm,81.44,0.28054506500029674,0.0750823019998279
WTM,372,tm,81.74,0.26736170399999537,0.06723429300018324
WTM,373,tm,81.34,0.2764074749993597,0.07099914800073748
WTM,374,tm,81.58999999999999,0.28092219100017246,0.0676828880004905
WTM,375,tm,81.75,0.26693618100034655,0.06835146800040093
WTM,376,tm,81.82000000000001,0.2750131409993628,0.06889387399951374
WTM,377,tm,81.81,0.2792309509995903,0.07103989099960017
WTM,378,tm,82.34,0.2835183359993607,0.06773575900024298
WTM,379,tm,82.17,0.27037492700037546,0.06774784400022327
WTM,380,tm,81.64,0.2777130419999594,0.06860994399994524
WTM,381,tm,82.1,0.2840675890001876,0.06747599800019088
WTM,382,tm,81.75,0.27777538999998796,0.06676798999978928
WTM,383,tm,80.15,0.2777847249999468,0.06883984900014184
WTM,384,tm,81.67999999999999,0.28366897300020355,0.0683147560002908
WTM,385,tm,81.23,0.2731287840006189,0.06962847500017233
WTM,386,tm,80.39,0.28567935099999886,0.0681667290000405
WTM,387,tm,80.42,0.2878427140003623,0.0677957409998271
WTM,388,tm,81.73,0.27436402500006807,0.06837915399955818
WTM,389,tm,80.65,0.27872692300024937,0.06677129799936665
WTM,390,tm,81.64,0.27241652900011104,0.06978030400023272
WTM,391,tm,81.01,0.2782648540005539,0.06786345399996208
WTM,392,tm,81.0,0.2755706210000426,0.06816915800027346
WTM,393,tm,81.58999999999999,0.2781835420000789,0.06682269599969004
WTM,394,tm,82.34,0.2811256949999006,0.06800870799997938
WTM,395,tm,80.85,0.2763990619996548,0.06842218400015554
WTM,396,tm,81.87,0.27595452400055365,0.06770241600042937
WTM,397,tm,81.98,0.2801667379999344,0.06810864299950481
WTM,398,tm,81.77,0.27233738899940363,0.06799343500006216
WTM,399,tm,81.34,0.2759000449996165,0.0701617830000032
WTM,400,tm,81.76,0.26838355800009595,0.06748714199966344
WTM,401,tm,80.24,0.27622542999961297,0.06910662500013132
WTM,402,tm,81.85,0.26876879900009953,0.06861666799977684
WTM,403,tm,80.86,0.27897073599979194,0.06859923299998627
WTM,404,tm,82.21000000000001,0.2701896630005649,0.06985950200032676
WTM,405,tm,79.11,0.2806736370002909,0.06746840400046494
WTM,406,tm,81.32000000000001,0.2743537960004687,0.06856894900010957
WTM,407,tm,82.27,0.27559765099977085,0.06902008900033252
WTM,408,tm,82.16,0.27186631799941097,0.0683612679995349
WTM,409,tm,81.24,0.28102269700048055,0.06754258000000846
WTM,410,tm,81.99,0.27245095199941716,0.06929327900070348
WTM,411,tm,82.11,0.27091040699997393,0.0687737879998167
WTM,412,tm,80.28,0.27861249900070106,0.0673866890001591
WTM,413,tm,82.03,0.27153226700011146,0.06749503900027776
WTM,414,tm,81.57,0.27368235900030413,0.07103241499953583
WTM,415,tm,81.24,0.2755993170003421,0.06677781499911362
WTM,416,tm,81.67999999999999,0.2729721959995004,0.06730005999997957
WTM,417,tm,81.89999999999999,0.27711112599990884,0.0678048720001243
WTM,418,tm,82.08,0.27554212999984884,0.06840183500025887
WTM,419,tm,80.67,0.282261720999486,0.0684275069997966
WTM,420,tm,80.94,0.272227176999877,0.06921404999957304
WTM,421,tm,81.88,0.2778764160002538,0.06739922299948375
WTM,422,tm,81.01,0.2725233239998488,0.06764757400014787
WTM,423,tm,81.0,0.2751331690005827,0.0691868540006908
WTM,424,tm,80.86,0.27826978899975074,0.06884069299940165
WTM,425,tm,82.33,0.27770352700008516,0.067129806999219
WTM,426,tm,80.9,0.2840944390000004,0.06890395099981106
WTM,427,tm,81.63,0.27590041999974346,0.06670313500035263
WTM,428,tm,81.3,0.26919070099938835,0.06729623400042328
WTM,429,tm,81.75,0.2800111599999582,0.06726255000012316
WTM,430,tm,81.55,0.2860026079997624,0.06756115999996837
WTM,431,tm,81.64,0.2816200029992615,0.06847323799956939
WTM,432,tm,81.38,0.2711735820003014,0.06819085000006453
WTM,433,tm,80.07,0.2896451739998156,0.06777559200054384
WTM,434,tm,81.2,0.27827342999989924,0.06827693800005363
WTM,435,tm,81.47999999999999,0.2775024200000189,0.0701294329992379
WTM,436,tm,81.92,0.28048147600020457,0.06945193299998209
WTM,437,tm,80.36,0.27667505699992034,0.06768353099960223
WTM,438,tm,80.30000000000001,0.281205090000185,0.07000616199911747
WTM,439,tm,81.32000000000001,0.27623414499976207,0.06775411600028747
WTM,440,tm,80.99,0.2814863379999224,0.06686194499980047
WTM,441,tm,81.22,0.2897479929997644,0.0677536200000759
WTM,442,tm,80.72,0.2753274020005847,0.06981871599964506
WTM,443,tm,80.61,0.28053541900044365,0.06904328699965845
WTM,444,tm,81.19,0.2838949990000401,0.06733057800011011
WTM,445,tm,80.65,0.2743485999999393,0.06819264899968402
WTM,446,tm,81.58999999999999,0.2723402219999116,0.0687386380004682
WTM,447,tm,80.2,0.27450902500004304,0.06840095900042797
WTM,448,tm,81.49,0.276713252999798,0.0693454219999694
WTM,449,tm,80.97999999999999,0.2795460870001989,0.0684047360000477
WTM,450,tm,80.91000000000001,0.27196914900014235,0.06851358600033564
WTM,451,tm,80.58,0.2799246979993768,0.06905796699993516
WTM,452,tm,81.23,0.27839141499953257,0.06864388499980123
WTM,453,tm,81.28999999999999,0.27595409999958065,0.06745429900001909
WTM,454,tm,80.91000000000001,0.2726824299998043,0.06795324599988817
WTM,455,tm,81.33,0.2718112819993621,0.0697789340001691
WTM,456,tm,81.25,0.2856699909998497,0.06693376899966097
WTM,457,tm,81.47999999999999,0.2872486559999743,0.06772346299931087
WTM,458,tm,82.08,0.27427636599986727,0.0681690150004215
WTM,459,tm,82.23,0.27808994299994083,0.06806731399956334
WTM,460,tm,81.8,0.2764420359999349,0.06790705700041144
WTM,461,tm,81.54,0.27279375400030403,0.06847459599975991
WTM,462,tm,80.43,0.2701573650001592,0.0690357480007151
WTM,463,tm,82.11,0.2723930560005101,0.06836038500023278
WTM,464,tm,81.45,0.28329925300022296,0.06731087000025582
WTM,465,tm,79.89,0.28059337100057746,0.0676792590002151
WTM,466,tm,81.05,0.2714287050002895,0.06748958900061552
WTM,467,tm,80.56,0.2730494199995519,0.06824686900017696
WTM,468,tm,81.2,0.274831279000864,0.06837081300000136
WTM,469,tm,80.94,0.2786411519991816,0.07097760800024844
WTM,470,tm,81.55,0.2721970579996196,0.0688943079994715
WTM,471,tm,81.58999999999999,0.27841631899991626,0.06818582699997933
WTM,472,tm,81.26,0.2834257120002803,0.06912864400055696
WTM,473,tm,81.23,0.2797486370000115,0.06799655499980872
WTM,474,tm,82.16,0.27390487499997107,0.06743680899944593
WTM,475,tm,81.86,0.27065946699985943,0.0680051489998732
WTM,476,tm,81.55,0.27814695200049755,0.0686131860002206
WTM,477,tm,82.19,0.2722441610003443,0.06903260800027056
WTM,478,tm,80.62,0.2786633300001995,0.06699310200019681
WTM,479,tm,80.05,0.2765412179996929,0.06684108899935381
WTM,480,tm,81.2,0.2735677129994656,0.06756668599973636
WTM,481,tm,81.23,0.27132912400065834,0.06851724700027262
WTM,482,tm,81.23,0.27341058000001794,0.0664260519997697
WTM,483,tm,80.52,0.27378236100048525,0.06791199000053894
WTM,484,tm,81.91000000000001,0.2741378540004007,0.06679293900015182
WTM,485,tm,81.33,0.2765281199999663,0.06694443499964109
WTM,486,tm,81.71000000000001,0.27743538999948214,0.06692439600010403
WTM,487,tm,82.21000000000001,0.28009383700009494,0.06801222099966253
WTM,488,tm,82.22,0.27062759499949607,0.06728672200006258
WTM,489,tm,81.66,0.27666332599983434,0.06746234100046422
WTM,490,tm,81.39,0.2747658609996506,0.06767586499972822
WTM,491,tm,81.25,0.27873994399942603,0.067830643999514
WTM,492,tm,80.82000000000001,0.28397236000000703,0.06716530100038653
WTM,493,tm,80.45,0.2750228699997024,0.0685764179997932
WTM,494,tm,81.33,0.27409265899950697,0.06770088499979465
WTM,495,tm,80.19,0.277038600999731,0.06781918300021061
WTM,496,tm,81.38,0.27068702399992617,0.0681895079997048
WTM,497,tm,80.91000000000001,0.2711019309999756,0.068385271999432
WTM,498,tm,81.38,0.27555041199957486,0.0690953580005953
WTM,499,tm,81.24,0.28916380900045624,0.06820948200038401
WTM,500,tm,81.66,0.27367788500032475,0.06947386899992125
WTM-NN,1,tm,76.14999999999999,0.35854344199924526,0.0657569009999861
WTM-NN,2,tm,78.82000000000001,0.32210786400082725,0.06626128099924244
WTM-NN,3,tm,78.69,0.3220974429996204,0.06705008400058432
WTM-NN,4,tm,79.41,0.30823942400002124,0.06633181899996998
WTM-NN,5,tm,78.14,0.29900561700014805,0.06722438499946293
WTM-NN,6,tm,79.78,0.31833189000008133,0.06703648499933479
WTM-NN,7,tm,79.36,0.3046232279994001,0.06753118400047242
WTM-NN,8,tm,77.69,0.29873333199975605,0.06775969599948439
WTM-NN,9,tm,79.06,0.2928628400004527,0.06790669500060176
WTM-NN,10,tm,79.17,0.30037857800016354,0.06753829500030406
WTM-NN,11,tm,79.75999999999999,0.2908373529999153,0.06658646999949269
WTM-NN,12,tm,79.14999999999999,0.2916291559995443,0.06772829399960756
WTM-NN,13,tm,80.24,0.28578106999975716,0.0668325040005584
WTM-NN,14,tm,80.71000000000001,0.2898432109996065,0.06754373799958557
WTM-NN,15,tm,79.36,0.2947075060001225,0.06698354899981496
WTM-NN,16,tm,80.85,0.28672813000048336,0.06674919800025236
WTM-NN,17,tm,80.54,0.28279057500003546,0.06730878200050938
WTM-NN,18,tm,79.41,0.28270503699968685,0.06750201999966521
WTM-NN,19,tm,80.43,0.28539792299943656,0.06887956299942743
WTM-NN,20,tm,81.0,0.28950351599996793,0.067298908000339
WTM-NN,21,tm,80.13,0.29196716099977493,0.06663384400053474
WTM-NN,22,tm,81.03,0.28593245100000786,0.0669082909998906
WTM-NN,23,tm,79.94,0.28301817499959725,0.06730459299978975
WTM-NN,24,tm,81.24,0.28175130399995396,0.06690666299982695
WTM-NN,25,tm,77.44,0.2866861059992516,0.06750146899958054
WTM-NN,26,tm,81.16,0.29237799900056416,0.06716659100038669
WTM-NN,27,tm,79.82000000000001,0.2914663499996095,0.06963713099958113
WTM-NN,28,tm,80.42,0.2902779770001871,0.06719951499962917
WTM-NN,29,tm,79.66,0.2919774250003684,0.06761317800010147
WTM-NN,30,tm,80.96,0.2783110279997345,0.0673020379999798
WTM-NN,31,tm,81.2,0.28157750699938333,0.06912810300036654
WTM-NN,32,tm,79.89,0.281606343999556,0.06790869900032703
WTM-NN,33,tm,81.31,0.29073374800009333,0.06781035599942697
WTM-NN,34,tm,80.84,0.28202966099979676,0.06809074500051793
WTM-NN,35,tm,80.83,0.28176427600010356,0.06759977999990952
WTM-NN,36,tm,80.54,0.2845895180007574,0.06723383999997168
WTM-NN,37,tm,80.06,0.2756532840003274,0.06571046600038244
WTM-NN,38,tm,81.51,0.28210798599957343,0.06768244599970785
WTM-NN,39,tm,80.72,0.27726573100062524,0.06778039900018484
WTM-NN,40,tm,81.28,0.2860582430002978,0.06746507899970311
WTM-NN,41,tm,80.24,0.2844291199999134,0.0677401530001589
WTM-NN,42,tm,79.49000000000001,0.2844063239999741,0.06793720400037273
WTM-NN,43,tm,80.89,0.27973220800049603,0.06695850399955816
WTM-NN,44,tm,79.91,0.2804534480001166,0.067061179999655
WTM-NN,45,tm,81.51,0.2746231050005008,0.06746482900052797
WTM-NN,46,tm,80.82000000000001,0.28638486500040017,0.06766847899962158
WTM-NN,47,tm,80.55,0.2812647549999383,0.0674655110005915
WTM-NN,48,tm,81.14,0.29045800199946825,0.06803438499991898
WTM-NN,49,tm,80.57,0.27715067799999815,0.06892743699972925
WTM-NN,50,tm,80.35,0.2896923890002654,0.06734486499954073
WTM-NN,51,tm,81.91000000000001,0.2820234350001556,0.06823318899932929
WTM-NN,52,tm,79.82000000000001,0.2859821160000138,0.0686735810004393
WTM-NN,53,tm,80.65,0.28210457999921346,0.06851333699978568
WTM-NN,54,tm,80.80000000000001,0.27632575499956147,0.06765177600027528
WTM-NN,55,tm,81.05,0.2804284789999656,0.06778386199948727
WTM-NN,56,tm,81.53,0.28458417000001646,0.07317301199964277
WTM-NN,57,tm,79.4,0.28530796599989117,0.06833482699948945
WTM-NN,58,tm,81.08,0.2756581570001799,0.06721303099948273
WTM-NN,59,tm,82.32000000000001,0.2763061139994534,0.06701296299979731
WTM-NN,60,tm,81.39999999999999,0.28037564500027656,0.06722953500047879
WTM-NN,61,tm,80.9,0.2823919829997976,0.0672063319998415
WTM-NN,62,tm,81.36,0.2884290840001995,0.06951936000041314
WTM-NN,63,tm,80.69,0.2833013730005405,0.0685989610001343
WTM-NN,64,tm,80.92,0.2826552239994271,0.06853033900006267
WTM-NN,65,tm,81.58,0.28556983599992236,0.06860380399939459
WTM-NN,66,tm,81.08999999999999,0.275894985999912,0.06817783499991492
WTM-NN,67,tm,80.88,0.27473741399990104,0.06808317500053818
WTM-NN,68,tm,81.39,0.28209810299995297,0.06710748099976627
WTM-NN,69,tm,81.52000000000001,0.269037393999497,0.06786519399975077
WTM-NN,70,tm,81.98,0.2855422689999614,0.06915641500017955
WTM-NN,71,tm,81.19,0.2809052739994513,0.06867858100031299
WTM-NN,72,tm,81.08,0.28802507300042635,0.0674389149999115
WTM-NN,73,tm,80.56,0.2802554740001142,0.0684123359997102
WTM-NN,74,tm,80.91000000000001,0.2773395209997034,0.06854732600004354
WTM-NN,75,tm,80.71000000000001,0.2861480189994836,0.06893681800011109
WTM-NN,76,tm,80.83,0.2778761300005499,0.06893471300008969
WTM-NN,77,tm,81.41000000000001,0.2759056739996595,0.06784029499976896
WTM-NN,78,tm,81.25,0.28337793499940744,0.07217399599994678
WTM-NN,79,tm,81.0,0.27551801600020553,0.06662332300038543
WTM-NN,80,tm,81.43,0.2843609430001379,0.06747528199957742
WTM-NN,81,tm,81.45,0.2827590169999894,0.06667649199971493
WTM-NN,82,tm,80.75,0.27339761100029136,0.06664798900055757
WTM-NN,83,tm,80.42,0.2710331509997559,0.06768140599979233
WTM-NN,84,tm,81.17,0.2778029049995894,0.06760259999919072
WTM-NN,85,tm,81.35,0.27204645999972854,0.07073759499962762
WTM-NN,86,tm,81.17,0.2773947420000695,0.06705846399927395
WTM-NN,87,tm,80.15,0.28106904400010535,0.06698546600000554
WTM-NN,88,tm,81.33,0.2833135350001612,0.06750165399989783
WTM-NN,89,tm,81.91000000000001,0.2826405709993196,0.06643445300051098
WTM-NN,90,tm,81.42,0.2780129760003547,0.06645728300009068
WTM-NN,91,tm,82.06,0.27653234800072823,0.06669964699995035
WTM-NN,92,tm,81.58,0.2843482109992692,0.06740376200013998
WTM-NN,93,tm,81.04,0.27773139199962316,0.06787128599989956
WTM-NN,94,tm,81.24,0.27600022699971305,0.06868008700075734
WTM-NN,95,tm,81.72,0.28380760900017776,0.06704463099958957
WTM-NN,96,tm,80.77,0.2788929199996346,0.06901859000026889
WTM-NN,97,tm,80.73,0.2906498140000622,0.06904921099976491
WTM-NN,98,tm,80.45,0.27691641700039327,0.06897382199986168
WTM-NN,99,tm,81.10000000000001,0.27564496700051677,0.06878368000070623
WTM-NN,100,tm,80.73,0.278421752000213,0.06712089999928139
WTM-NN,101,tm,80.96,0.27760978799960867,0.06720628799939732
WTM-NN,102,tm,81.37,0.2753265689998443,0.06846559400037222
WTM-NN,103,tm,80.77,0.27916903700042894,0.06844805800028553
WTM-NN,104,tm,81.67999999999999,0.27679125999929965,0.06655756099917198
WTM-NN,105,tm,81.43,0.28326327000013407,0.06764655300048616
WTM-NN,106,tm,80.78,0.2738877000001594,0.06843044600009307
WTM-NN,107,tm,81.51,0.27181195199955255,0.06822148199989897
WTM-NN,108,tm,81.94,0.2739463150001029,0.06734052400042856
WTM-NN,109,tm,81.64,0.2763395500005572,0.06862295900009485
WTM-NN,110,tm,80.93,0.2775723429995196,0.06798229800006084
WTM-NN,111,tm,81.03,0.2777011180005502,0.06682496600024024
WTM-NN,112,tm,81.06,0.27709964199948445,0.06697753699972964
WTM-NN,113,tm,82.14,0.2722666809995644,0.06717193299937207
WTM-NN,114,tm,82.16,0.2768010059999142,0.06771045099958428
WTM-NN,115,tm,80.62,0.2851603450008042,0.06830245199944329
WTM-NN,116,tm,81.39,0.27617516899954353,0.07002644499971211
WTM-NN,117,tm,80.56,0.2753884129997459,0.06684790800045448
WTM-NN,118,tm,80.73,0.2785759580001468,0.06744274899938318
WTM-NN,119,tm,79.12,0.27565051700003096,0.06763381700056925
WTM-NN,120,tm,80.9,0.28516971199951513,0.06738239799960866
WTM-NN,121,tm,81.97,0.2745060859997466,0.0674512709992996
WTM-NN,122,tm,81.44,0.2745300309998129,0.0665884999998525
WTM-NN,123,tm,79.23,0.27447323900014453,0.0689692579999246
WTM-NN,124,tm,80.17,0.28036353300012706,0.06723115200020402
WTM-NN,125,tm,81.07,0.2765820670001631,0.06842040499941504
WTM-NN,126,tm,80.58,0.2808862309993856,0.06854878400008602
WTM-NN,127,tm,81.61,0.27314483000009204,0.06873274499957915
WTM-NN,128,tm,81.62,0.2825692149999668,0.0672535859994241
WTM-NN,129,tm,81.95,0.2751691120001851,0.06676792800044495
WTM-NN,130,tm,81.85,0.27729666699997324,0.06699672699960502
WTM-NN,131,tm,81.71000000000001,0.274002752999877,0.067619661000208
WTM-NN,132,tm,81.46,0.2731776520004132,0.06646358100078942
WTM-NN,133,tm,81.63,0.274634800000058,0.06772075200024119
WTM-NN,134,tm,81.43,0.2758298239996293,0.06818848400052957
WTM-NN,135,tm,81.25,0.27574195499983034,0.06752872899960494
WTM-NN,136,tm,81.74,0.27532063399939943,0.06688537800073391
WTM-NN,137,tm,81.2,0.2732058229994436,0.06612648100053775
WTM-NN,138,tm,81.28,0.2649386789998971,0.06677998299983301
WTM-NN,139,tm,81.43,0.27284261800014065,0.06719472599979781
WTM-NN,140,tm,81.17,0.2757273899997017,0.067195661000369
WTM-NN,141,tm,81.95,0.27469912200012914,0.06678307299989683
WTM-NN,142,tm,81.47,0.2749142269994991,0.06678782500057423
WTM-NN,143,tm,81.82000000000001,0.2789453200002754,0.06745146499997645
WTM-NN,144,tm,81.88,0.2697360660004051,0.06741884900020523
WTM-NN,145,tm,82.84,0.2776089930002854,0.06821345499974996
WTM-NN,146,tm,82.02000000000001,0.27828386900000623,0.06732618000023649
WTM-NN,147,tm,81.2,0.2740786530002879,0.06828375400073128
WTM-NN,148,tm,80.67,0.27798387099937827,0.06841288899977371
WTM-NN,149,tm,81.83,0.2781021110004076,0.0672670920002929
WTM-NN,150,tm,80.99,0.2769353619996764,0.06824175899964757
WTM-NN,151,nn,82.86,0.17111837999982527,0.06633088799935649
WTM-NN,152,nn,82.78,0.18552413300039916,0.06569760999991558
WTM-NN,153,nn,82.65,0.18948981600078696,0.06574736700076755
WTM-NN,154,nn,82.56,0.18988060900028358,0.0665511819997846
WTM-NN,155,nn,82.78,0.18797450500005652,0.06666018899977644
WTM-NN,156,nn,82.63000000000001,0.19116319300064788,0.0728817760000311
WTM-NN,157,nn,82.82000000000001,0.17569666100007453,0.07319574400025886
WTM-NN,158,nn,82.6,0.2578174410000429,0.06656651200046326
WTM-NN,159,nn,82.62,0.1927649110002676,0.06691433299965865
WTM-NN,160,nn,82.71,0.17950782399930176,0.06567366699982813
WTM-NN,161,nn,82.78999999999999,0.19101130200033367,0.06623975500042434
WTM-NN,162,nn,82.63000000000001,0.2504954579999321,0.06753343299988046
WTM-NN,163,nn,82.69999999999999,0.1914995959996304,0.06662332699943363
WTM-NN,164,nn,82.92,0.17682402599984925,0.06557798399990133
WTM-NN,165,nn,82.73,0.17753554099999747,0.06789255600051547
WTM-NN,166,nn,82.62,0.17725396300011198,0.06629081999926711
WTM-NN,167,nn,82.89,0.17847400100072264,0.06719377499939583
WTM-NN,168,nn,82.82000000000001,0.17688111200004641,0.06790444899979775
WTM-NN,169,nn,82.88,0.17724434999945515,0.0673547750002399
WTM-NN,170,nn,82.83,0.24428206499942462,0.06679785199958133
WTM-NN,171,nn,83.07,0.19200494299911952,0.064785777999532
WTM-NN,172,nn,82.98,0.1895853249998254,0.06696789200032072
WTM-NN,173,nn,82.92,0.19165021200024057,0.0674850069999593
WTM-NN,174,nn,83.1,0.24772805200063885,0.06562728900007642
WTM-NN,175,nn,83.0,0.189864230999774,0.06632960999922943
WTM-NN,176,nn,83.06,0.19344875700062403,0.06724340699929598
WTM-NN,177,nn,83.13000000000001,0.19204693800020323,0.06594474200028344
WTM-NN,178,nn,83.13000000000001,0.19001285400008783,0.06513933999940491
WTM-NN,179,nn,83.2,0.19258760400043684,0.06566320500041911
WTM-NN,180,nn,83.21,0.1747539889993277,0.06606449500031886
WTM-NN,181,nn,83.33,0.17544166399966343,0.06557866699949955
WTM-NN,182,nn,83.45,0.2509393970003657,0.06622986900038086
WTM-NN,183,nn,83.47,0.18604943099944649,0.06564820099993085
WTM-NN,184,nn,83.39999999999999,0.19243767999978445,0.06449635900025896
WTM-NN,185,nn,83.46000000000001,0.2498840479993305,0.06629968699962774
WTM-NN,186,nn,83.3,0.19075622400032444,0.06566775100054656
WTM-NN,187,nn,83.57,0.19191897100063215,0.0651371800004199
WTM-NN,188,nn,83.49,0.19179214499945374,0.06750510100027896
WTM-NN,189,nn,83.50999999999999,0.19251388199973007,0.06596017700030643
WTM-NN,190,nn,83.58,0.19167436200041266,0.06677942499936762
WTM-NN,191,nn,83.59,0.19014386199978617,0.06637102500008041
WTM-NN,192,nn,83.65,0.18846147900057986,0.06557747199985897
WTM-NN,193,nn,83.78,0.2449172639999233,0.06633659099952638
WTM-NN,194,nn,83.58,0.18247817300016322,0.06651308100026654
WTM-NN,195,nn,83.63000000000001,0.1810117570003058,0.06595649199971376
WTM-NN,196,nn,83.67,0.18890591299987136,0.06609314299930702
WTM-NN,197,nn,83.7,0.23723503299970616,0.06546293700012029
WTM-NN,198,nn,83.74000000000001,0.18691396899976098,0.06761373500012269
WTM-NN,199,nn,83.78,0.1919573559998753,0.06636220600012166
WTM-NN,200,nn,83.75,0.19074664799973107,0.06603937099953328
WTM-NN,201,nn,83.67,0.18965247699998145,0.06442284800050402
WTM-NN,202,nn,83.87,0.19140146399968216,0.06625095799972769
WTM-NN,203,nn,83.89999999999999,0.17476711500057718,0.0643948389997604
WTM-NN,204,nn,83.78,0.19038931199975195,0.06519088099958026
WTM-NN,205,nn,83.77,0.24688936099937564,0.06722379100028775
WTM-NN,206,nn,83.94,0.18346510399987892,0.06747101899964036
WTM-NN,207,nn,83.64,0.19195209800000157,0.06542066499969224
WTM-NN,208,nn,83.87,0.19297617400025047,0.07187259000056656
WTM-NN,209,nn,83.62,0.23948874899997463,0.070731947999775
WTM-NN,210,nn,83.88,0.191866606000076,0.0661353590003273
WTM-NN,211,nn,83.8,0.19040794499960612,0.0628779079997912
WTM-NN,212,nn,83.82,0.19185764199937694,0.065530955000213
WTM-NN,213,nn,83.86,0.1921190659995773,0.06661689000065962
WTM-NN,214,nn,83.78999999999999,0.19066765400020813,0.06559483099954377
WTM-NN,215,nn,83.83,0.18960055200022907,0.06776431599973876
WTM-NN,216,nn,83.95,0.17990272699989873,0.06767278899951634
WTM-NN,217,nn,83.89999999999999,0.24830171699977654,0.06587092400059191
WTM-NN,218,nn,83.81,0.1917390839998916,0.06577155200011475
WTM-NN,219,nn,83.77,0.18386107300011645,0.06399958299971331
WTM-NN,220,nn,83.76,0.19100131900086126,0.06566147600005934
WTM-NN,221,nn,83.85000000000001,0.24971554099920468,0.06642961299985473
WTM-NN,222,nn,83.74000000000001,0.18992835800054308,0.06440138399921125
WTM-NN,223,nn,84.02,0.17792199599989544,0.06612550099998771
WTM-NN,224,nn,83.95,0.19144386399966606,0.06753853899954265
WTM-NN,225,nn,83.87,0.1770632799998566,0.0667505319997872
WTM-NN,226,nn,84.0,0.18336366999938036,0.06604850999974587
WTM-NN,227,nn,83.87,0.19057786100074736,0.06630060199950094
WTM-NN,228,nn,83.78999999999999,0.24752770100076305,0.06535124799938785
WTM-NN,229,nn,83.78,0.1908599910002522,0.0664057000003595
WTM-NN,230,nn,83.91,0.17726147399935144,0.06674557499991352
WTM-NN,231,nn,83.91999999999999,0.18182643599993753,0.06497797500014713
WTM-NN,232,nn,84.0,0.23830789900057425,0.06571297000027698
WTM-NN,233,nn,83.78,0.1841132240006118,0.06592506500055606
WTM-NN,234,nn,83.99,0.19184285800020007,0.063928926000699
WTM-NN,235,nn,83.91999999999999,0.19233549000000494,0.06560434799939685
WTM-NN,236,nn,83.93,0.18711858400001802,0.06655579400012357
WTM-NN,237,nn,83.83,0.1904103409997333,0.06736631500007206
WTM-NN,238,nn,83.91999999999999,0.19377333099964744,0.0660060070003965
WTM-NN,239,nn,83.83,0.1842202220004765,0.06563322900001367
WTM-NN,240,nn,83.82,0.2500892819998626,0.06621464999989257
WTM-NN,241,nn,83.87,0.1942282330001035,0.06634722099988721
WTM-NN,242,nn,83.91999999999999,0.18758753600013733,0.06620511299934151
WTM-NN,243,nn,83.88,0.19086605799930112,0.0633622010000181
WTM-NN,244,nn,83.8,0.2506243269999686,0.06687305500054208
WTM-NN,245,nn,83.91,0.19192208100048447,0.07098528999995324
WTM-NN,246,nn,83.94,0.19227172200044151,0.06617314599952806
WTM-NN,247,nn,83.77,0.19144174799930624,0.067192970999713
WTM-NN,248,nn,83.94,0.1913970799996605,0.06678701200053183
WTM-NN,249,nn,83.93,0.17259927699979016,0.06591143700006796
WTM-NN,250,nn,83.89999999999999,0.1912166439997236,0.06646231400009128
WTM-NN,251,nn,83.91,0.1889043910005057,0.06624785599979077
WTM-NN,252,nn,83.82,0.24260616100036714,0.06669218499973795
WTM-NN,253,nn,83.89999999999999,0.18782446699970023,0.06727376299932075
WTM-NN,254,nn,83.97,0.19036974899972847,0.06793576199925155
WTM-NN,255,nn,83.99,0.18508377600028325,0.06600489799984643
WTM-NN,256,nn,83.84,0.2484396370000468,0.06654986800003826
WTM-NN,257,nn,83.93,0.19092413999987912,0.06709029899957386
WTM-NN,258,nn,83.75,0.18967412099937064,0.0650860929999908
WTM-NN,259,nn,83.82,0.19024541599992517,0.06701179500032595
WTM-NN,260,nn,83.83,0.19034259500040207,0.06777766800041718
WTM-NN,261,nn,83.83,0.19020578599975124,0.06371928400039906
WTM-NN,262,nn,83.84,0.17742723900028068,0.06778984700031288
WTM-NN,263,nn,84.07,0.24970022899924516,0.0634781689996089
WTM-NN,264,nn,83.8,0.19167207400005282,0.06537445900085004
WTM-NN,265,nn,83.81,0.18820424099976663,0.06642500500038295
WTM-NN,266,nn,83.99,0.19023644699973374,0.0665395809992333
WTM-NN,267,nn,83.91999999999999,0.24990912199973536,0.065896853000595
WTM-NN,268,nn,83.88,0.1896943530000499,0.06529324500024813
WTM-NN,269,nn,83.91999999999999,0.1920540119999714,0.06578715799969359
WTM-NN,270,nn,83.89,0.19338477400015108,0.06599159599954874
WTM-NN,271,nn,83.91999999999999,0.1899891140001273,0.06671237199952884
WTM-NN,272,nn,83.81,0.18474281599992537,0.06540736099941569
WTM-NN,273,nn,83.99,0.1897619230003329,0.06511224000041693
WTM-NN,274,nn,83.95,0.17665314900023077,0.06677247600055125
WTM-NN,275,nn,83.99,0.24242220900032407,0.06698028299979342
WTM-NN,276,nn,83.91999999999999,0.19243822600037674,0.06694305499968323
WTM-NN,277,nn,84.1,0.19182394899962674,0.066975994999666
WTM-NN,278,nn,83.98,0.19294943000022613,0.06543633599994791
WTM-NN,279,nn,83.88,0.23734344000058627,0.06579126999986329
WTM-NN,280,nn,83.73,0.1793586249996224,0.06580953899992892
WTM-NN,281,nn,83.83,0.17797046099985891,0.06609255399962422
WTM-NN,282,nn,83.81,0.179001442000299,0.06669658899954811
WTM-NN,283,nn,83.86,0.17764467500001047,0.06598032399961085
WTM-NN,284,nn,83.87,0.17713955599992914,0.06734168000002683
WTM-NN,285,nn,83.96000000000001,0.18158553800003574,0.0671923070003686
WTM-NN,286,nn,84.03,0.17775702200015076,0.0664655379996475
WTM-NN,287,nn,83.88,0.23696860899963212,0.06562827299967466
WTM-NN,288,nn,83.99,0.1786415090000446,0.06610100199941371
WTM-NN,289,nn,83.75,0.1905501399996865,0.06552346999978909
WTM-NN,290,nn,83.85000000000001,0.19206804299938085,0.06670049900003505
WTM-NN,291,nn,83.88,0.25048918399988906,0.0656378269995912
WTM-NN,292,nn,83.76,0.19231449499966402,0.06545352499961155
WTM-NN,293,nn,83.93,0.1908538130001034,0.06412777800051117
WTM-NN,294,nn,83.76,0.18458392199954687,0.06524013099988224
WTM-NN,295,nn,83.85000000000001,0.18145187300069665,0.06689512799948716
WTM-NN,296,nn,83.78,0.18897969599947828,0.06760642500012182
WTM-NN,297,nn,83.88,0.1771312549999493,0.06689240000014252
WTM-NN,298,nn,83.85000000000001,0.23919814599958045,0.06567249999989144
WTM-NN,299,nn,84.0,0.1802216830001271,0.06612802499967074
WTM-NN,300,nn,83.78,0.19228715600002033,0.06588038600057189
WTM-NN,301,nn,84.09,0.1910296730002301,0.0673783080001158
WTM-NN,302,nn,83.96000000000001,0.23446861499996885,0.06686883900056273
WTM-NN,303,nn,84.11999999999999,0.18978300399976433,0.06703089099937642
WTM-NN,304,nn,83.91999999999999,0.19002700799956074,0.0662704099995608
WTM-NN,305,nn,83.81,0.17620166899996548,0.06715220400019462
WTM-NN,306,nn,83.88,0.18974915600028908,0.06528430200069124
WTM-NN,307,nn,83.82,0.1810834129992145,0.06652098199992906
WTM-NN,308,nn,83.83,0.1904821529997207,0.06561603600039234
WTM-NN,309,nn,84.04,0.19122560899995733,0.06577826400007325
WTM-NN,310,nn,83.83,0.24803811900073924,0.06649852099963027
WTM-NN,311,nn,83.96000000000001,0.18257795000045007,0.06640048499957629
WTM-NN,312,nn,83.95,0.17758107999998174,0.06692872400071792
WTM-NN,313,nn,83.75,0.17773041300006298,0.06653369099967676
WTM-NN,314,nn,83.86,0.24999400399974547,0.06738849100020161
WTM-NN,315,nn,83.84,0.17345072599982814,0.0665045679998002
WTM-NN,316,nn,83.98,0.19087277700054983,0.066497683000307
WTM-NN,317,nn,83.84,0.1915263139999297,0.06448205499964388
WTM-NN,318,nn,84.1,0.1877621130006446,0.06702317100007349
WTM-NN,319,nn,83.76,0.18187153799954103,0.06541106599979685
WTM-NN,320,nn,83.87,0.19234095699994214,0.06325726799968834
WTM-NN,321,nn,84.02,0.19107536200044706,0.07786756799941941
WTM-NN,322,nn,83.78999999999999,0.2505864370004929,0.06556996000017534
WTM-NN,323,nn,83.84,0.1925549260004118,0.06767669999953796
WTM-NN,324,nn,83.93,0.19217991899949993,0.0664807640005165
WTM-NN,325,nn,83.94,0.18031898600020213,0.06569478700021136
WTM-NN,326,nn,83.91,0.24956533500062505,0.06714498700057447
WTM-NN,327,nn,83.91999999999999,0.17807184499997675,0.06729044900021108
WTM-NN,328,nn,83.84,0.17776188700008788,0.06627174099958211
WTM-NN,329,nn,84.02,0.1906861729994489,0.06674452099923656
WTM-NN,330,nn,84.05,0.18242620399996667,0.0658581059997232
WTM-NN,331,nn,83.96000000000001,0.19155534399942553,0.06650904199977958
WTM-NN,332,nn,83.86,0.1902376979996916,0.06559055599973362
WTM-NN,333,nn,83.95,0.24918171000081202,0.06703525200009608
WTM-NN,334,nn,83.74000000000001,0.19010431500009872,0.06824435300040932
WTM-NN,335,nn,83.89999999999999,0.19037113900049007,0.06467621499996312
WTM-NN,336,nn,83.86,0.19208522400003858,0.0669507339998745
WTM-NN,337,nn,83.84,0.250038389999645,0.06433812699924601
WTM-NN,338,nn,83.88,0.17078283200044098,0.06657818499934365
WTM-NN,339,nn,83.82,0.19127727799968852,0.06643605299996125
WTM-NN,340,nn,83.93,0.1894372589995328,0.06610832400019717
WTM-NN,341,nn,83.95,0.17642599099963263,0.06595272300000943
WTM-NN,342,nn,83.91999999999999,0.1708334510003624,0.06642932999966433
WTM-NN,343,nn,83.94,0.18985950900059834,0.06728335800016794
WTM-NN,344,nn,83.77,0.18850176399973861,0.06487507199926767
WTM-NN,345,nn,83.93,0.24943907299984858,0.06549357599942596
WTM-NN,346,nn,83.91,0.19216603000040777,0.06440504800048075
WTM-NN,347,nn,83.83,0.1917422299993632,0.06601636499999586
WTM-NN,348,nn,83.8,0.1743084469999303,0.06568198700006178
WTM-NN,349,nn,83.76,0.24249999499988917,0.06692218499938463
WTM-NN,350,nn,84.02,0.17298947699964629,0.06446133999997983
WTM-NN,351,nn,83.84,0.18868335000024672,0.06616542099982325
WTM-NN,352,nn,83.98,0.18954342600045493,0.06731855999987602
WTM-NN,353,nn,83.89,0.18851261700001487,0.0675082019997717
WTM-NN,354,nn,83.85000000000001,0.1917187199996988,0.06395739400068123
WTM-NN,355,nn,83.86,0.1911994769998273,0.06549257799997577
WTM-NN,356,nn,83.84,0.19099955499950738,0.06567945500046335
WTM-NN,357,nn,83.84,0.2504563500006043,0.06573129200023686
WTM-NN,358,nn,83.85000000000001,0.1909734680002657,0.06654753299972072
WTM-NN,359,nn,83.87,0.19230775699998048,0.06618370399974083
WTM-NN,360,nn,83.89,0.19078133099992556,0.06630406400017819
WTM-NN,361,nn,83.94,0.2536036459996467,0.06553943799917761
WTM-NN,362,nn,83.84,0.1871462610006347,0.07232386900068377
WTM-NN,363,nn,83.85000000000001,0.1926476830003594,0.07042099099999177
WTM-NN,364,nn,83.81,0.1883628770001451,0.06644292599958135
WTM-NN,365,nn,83.87,0.19092399999954068,0.06467829000030179
WTM-NN,366,nn,83.98,0.19040598300034617,0.06484001199987688
WTM-NN,367,nn,83.97,0.1864899330003027,0.06642502100021375
WTM-NN,368,nn,83.91,0.19192537399976572,0.06667949100028636
WTM-NN,369,nn,83.93,0.24839282299944898,0.0645496009992712
WTM-NN,370,nn,83.87,0.19253455599937297,0.06667078600003151
WTM-NN,371,nn,84.0,0.18048745400028565,0.06648685199979809
WTM-NN,372,nn,83.82,0.25155193000045983,0.06502585199996247
WTM-NN,373,nn,83.93,0.18585407200043846,0.06724736999967718
WTM-NN,374,nn,83.88,0.1792682169998443,0.0663071859999036
WTM-NN,375,nn,83.82,0.19166541899994627,0.06745388099989214
WTM-NN,376,nn,84.07,0.19028649000028963,0.06602155200016568
WTM-NN,377,nn,83.88,0.19000690699976985,0.06648749399937515
WTM-NN,378,nn,83.67999999999999,0.19146238099983748,0.06777249400056462
WTM-NN,379,nn,83.95,0.19001760399987688,0.06887270499919396
WTM-NN,380,nn,83.78999999999999,0.2503426409994063,0.06601886299995385
WTM-NN,381,nn,83.74000000000001,0.18167688700032159,0.06601749500077858
WTM-NN,382,nn,83.91,0.18778640299933613,0.06603907699991396
WTM-NN,383,nn,83.91999999999999,0.18453237099947728,0.06808747000013682
WTM-NN,384,nn,83.87,0.24160922400005802,0.06768025899964414
WTM-NN,385,nn,83.93,0.19325394200041046,0.06795994200001587
WTM-NN,386,nn,83.93,0.18975520599997253,0.06562841599952662
WTM-NN,387,nn,83.93,0.18366043399964838,0.06548344299972086
WTM-NN,388,nn,83.95,0.1819902240004012,0.06701702499958628
WTM-NN,389,nn,83.74000000000001,0.19065594299991062,0.06456446799984406
WTM-NN,390,nn,83.89,0.19151397699988593,0.06346264100011467
WTM-NN,391,nn,83.8,0.17779531700034568,0.0661623010000767
WTM-NN,392,nn,84.08,0.25081896200026677,0.06804179600021598
WTM-NN,393,nn,84.00999999999999,0.1925728149999486,0.06535580800027674
WTM-NN,394,nn,83.93,0.1913889580000614,0.06779852100044081
WTM-NN,395,nn,84.02,0.19206412000039563,0.0678695639999205
WTM-NN,396,nn,83.82,0.24965129099928163,0.07455790599942702
WTM-NN,397,nn,83.99,0.17614427500029706,0.06667565400039166
WTM-NN,398,nn,83.83,0.19228638999993564,0.06506372200055921
WTM-NN,399,nn,84.09,0.17630804700002045,0.06601923200014426
WTM-NN,400,nn,83.91,0.18038783500014688,0.06602056800056744
WTM-NN,401,nn,83.98,0.1916144360002363,0.0656116350000957
WTM-NN,402,nn,83.99,0.19151815000077477,0.06555507600023702
WTM-NN,403,nn,83.93,0.17280922800000553,0.06560233400068682
WTM-NN,404,nn,83.89,0.24639685800048028,0.06688634500005719
WTM-NN,405,nn,83.98,0.19275126899992756,0.0662747930000478
WTM-NN,406,nn,83.89999999999999,0.1914816360003897,0.06293080700015707
WTM-NN,407,nn,84.05,0.17816508800024167,0.0651527050004006
WTM-NN,408,nn,83.93,0.24951662499915983,0.06501317200036283
WTM-NN,409,nn,84.11999999999999,0.19047174699971947,0.066410251999514
WTM-NN,410,nn,83.88,0.18630235599994194,0.06591237100019498
WTM-NN,411,nn,83.96000000000001,0.191953401000319,0.06569081399993593
WTM-NN,412,nn,83.88,0.1833779680000589,0.06578488900049706
WTM-NN,413,nn,83.77,0.1863803950000147,0.06406268800037651
WTM-NN,414,nn,83.96000000000001,0.1909542640005384,0.06700504099990212
WTM-NN,415,nn,83.91999999999999,0.2492406849996769,0.06751692300076684
WTM-NN,416,nn,84.0,0.17652635099966574,0.06649885499973607
WTM-NN,417,nn,83.81,0.17406252999990102,0.0664036499993017
WTM-NN,418,nn,83.89,0.18819386700033647,0.06546127799992973
WTM-NN,419,nn,83.89999999999999,0.25084540599982574,0.06667959900005371
WTM-NN,420,nn,83.86,0.18831252300060441,0.07170756100003928
WTM-NN,421,nn,83.94,0.19238325300011638,0.06687425299969618
WTM-NN,422,nn,83.94,0.19271376199958468,0.06660234299943113
WTM-NN,423,nn,83.94,0.19062869800018234,0.06595312100034789
WTM-NN,424,nn,83.89,0.1916122680004264,0.06570680200002244
WTM-NN,425,nn,84.0,0.19168961899958958,0.06518527000025642
WTM-NN,426,nn,83.93,0.1788990349996311,0.06591028399998322
WTM-NN,427,nn,83.85000000000001,0.2411614410002585,0.06582101900039561
WTM-NN,428,nn,83.85000000000001,0.19041895999998815,0.06568096799946943
WTM-NN,429,nn,83.82,0.17849301200021728,0.06621398099923681
WTM-NN,430,nn,84.14,0.17781714600005216,0.06643766700017295
WTM-NN,431,nn,83.83,0.2501476019997426,0.0655922380001357
WTM-NN,432,nn,83.86,0.18382765199930873,0.06642493600065791
WTM-NN,433,nn,83.85000000000001,0.17761140000038722,0.0669502900000225
WTM-NN,434,nn,83.86,0.1904708230003962,0.06622299300033774
WTM-NN,435,nn,83.91999999999999,0.18944683000063378,0.06742158100041706
WTM-NN,436,nn,83.89999999999999,0.18404852399999072,0.06667641600051866
WTM-NN,437,nn,83.88,0.1913482030004161,0.06728861699957633
WTM-NN,438,nn,83.95,0.19082513400007883,0.06573181000021577
WTM-NN,439,nn,83.93,0.24764774999948713,0.07137899100052891
WTM-NN,440,nn,83.85000000000001,0.1886649859998215,0.06666466699971352
WTM-NN,441,nn,83.84,0.17985175699959655,0.06724457400014217
WTM-NN,442,nn,83.83,0.19095488200036925,0.06673581300037768
WTM-NN,443,nn,83.85000000000001,0.24137531699943793,0.06626143100038462
WTM-NN,444,nn,83.91,0.1932111010000881,0.06547399000010046
WTM-NN,445,nn,83.91,0.18092518699995708,0.06657775300027424
WTM-NN,446,nn,83.97,0.1922661809994679,0.06672010900001624
WTM-NN,447,nn,83.97,0.19044141300037154,0.06433783000011317
WTM-NN,448,nn,84.05,0.191292120000071,0.06696239900065848
WTM-NN,449,nn,83.84,0.19277718099965568,0.07122669099953782
WTM-NN,450,nn,83.91,0.2321921470002053,0.07274449000033201
WTM-NN,451,nn,83.86,0.19389590399987355,0.06650508099937724
WTM-NN,452,nn,83.88,0.1921986300003482,0.0658072460000767
WTM-NN,453,nn,83.85000000000001,0.1771298490002664,0.06642594700042537
WTM-NN,454,nn,83.83,0.2512760489998982,0.06838174499989691
WTM-NN,455,nn,83.98,0.18279022200022155,0.067696672999773
WTM-NN,456,nn,83.95,0.18206114300028275,0.06744826000067405
WTM-NN,457,nn,83.97,0.18953816199973517,0.06528493700079707
WTM-NN,458,nn,83.8,0.19108670500008884,0.06569095499980904
WTM-NN,459,nn,83.91,0.1812446430003547,0.06694112000059249
WTM-NN,460,nn,83.98,0.18201424299968494,0.06616802799999277
WTM-NN,461,nn,83.95,0.18881233100000827,0.06569330399997853
WTM-NN,462,nn,83.89999999999999,0.2506466989998444,0.06660908300000301
WTM-NN,463,nn,83.91999999999999,0.18102087499937625,0.06668408400037151
WTM-NN,464,nn,83.89,0.17872129900024447,0.06644373000017367
WTM-NN,465,nn,83.89999999999999,0.19188424200001464,0.06746391900014714
WTM-NN,466,nn,83.89999999999999,0.25406311899951106,0.06616783400022541
WTM-NN,467,nn,83.83,0.19066529199972138,0.06720901700009563
WTM-NN,468,nn,83.77,0.1898775019999448,0.06631551000009495
WTM-NN,469,nn,83.91,0.17895552099980705,0.06747833600002195
WTM-NN,470,nn,83.85000000000001,0.17821802999969805,0.06618320899997343
WTM-NN,471,nn,83.98,0.17798977700022078,0.06700046500009194
WTM-NN,472,nn,83.91,0.1784813630001736,0.06703827000001183
WTM-NN,473,nn,83.83,0.17981714500001544,0.06522228999983781
WTM-NN,474,nn,83.95,0.23779852499956178,0.06631542600007378
WTM-NN,475,nn,83.94,0.17790352099927986,0.06590650900034234
WTM-NN,476,nn,83.97,0.18045647200051462,0.06509773800007679
WTM-NN,477,nn,83.89999999999999,0.17916111900012766,0.0655753189994357
WTM-NN,478,nn,83.89999999999999,0.2370906610003658,0.06692663800004084
WTM-NN,479,nn,83.95,0.17771469799936312,0.06623153500004264
WTM-NN,480,nn,84.03,0.1776891829995293,0.06491689599988604
WTM-NN,481,nn,83.88,0.19247238099978858,0.06774125900028594
WTM-NN,482,nn,83.88,0.1932012079996639,0.06568100999993476
WTM-NN,483,nn,83.99,0.18385517800015805,0.0656572870002492
WTM-NN,484,nn,83.91,0.17756765699959942,0.06567437000012433
WTM-NN,485,nn,83.96000000000001,0.2358118909996847,0.06815989099959552
WTM-NN,486,nn,83.95,0.18061238399968715,0.0660167129999536
WTM-NN,487,nn,83.94,0.17859344799944665,0.06552777999968384
WTM-NN,488,nn,83.75,0.17895246999978554,0.06729574099972524
WTM-NN,489,nn,83.93,0.23808551100046316,0.06776119900041522
WTM-NN,490,nn,83.82,0.17881492099968455,0.06773512300060247
WTM-NN,491,nn,83.88,0.18027643099958368,0.06675086100040062
WTM-NN,492,nn,83.94,0.1779150299998946,0.06607229100063705
WTM-NN,493,nn,83.94,0.18047042000034708,0.06690094999976282
WTM-NN,494,nn,83.87,0.17828057800034003,0.06633003400020243
WTM-NN,495,nn,83.82,0.17770731699965836,0.06607044100019266
WTM-NN,496,nn,83.89,0.17816089100051613,0.06683616600003006
WTM-NN,497,nn,83.82,0.24825336000048992,0.06622268999944936
WTM-NN,498,nn,83.84,0.19122647699987283,0.06632010900011664
WTM-NN,499,nn,83.91999999999999,0.17949987499923736,0.06686139200064645
WTM-NN,500,nn,83.89999999999999,0.1808194139994157,0.0648073980000845
UTM-NN,1,tm,78.72,0.48248352800055727,0.06494293400010065
UTM-NN,2,tm,80.11,0.4381168859999889,0.06496902599974419
UTM-NN,3,tm,79.85,0.4323467949998303,0.06642219400055183
UTM-NN,4,tm,79.75,0.42985560099987197,0.06475091599986627
UTM-NN,5,tm,79.82000000000001,0.4309997279997333,0.06596747200001118
UTM-NN,6,tm,79.91,0.426444965999508,0.06451447100062069
UTM-NN,7,tm,80.05,0.43062512399956177,0.06475758899978246
UTM-NN,8,tm,80.17999999999999,0.4254980069999874,0.06493086000045878
UTM-NN,9,tm,80.32000000000001,0.4175025859995003,0.06473498299965286
UTM-NN,10,tm,80.33,0.4219296179999219,0.06565916399995331
UTM-NN,11,tm,80.64,0.41286045299966645,0.06471541799965053
UTM-NN,12,tm,80.65,0.41817685100068047,0.06498137299968221
UTM-NN,13,tm,80.47999999999999,0.41793254599997454,0.0657022909999796
UTM-NN,14,tm,80.44,0.42766789400047855,0.06462804600050731
UTM-NN,15,tm,80.57,0.4250932710001507,0.06464811300065776
UTM-NN,16,tm,80.41,0.41576881499986484,0.06478084799982753
UTM-NN,17,tm,80.63,0.4303715350006314,0.06619938499989075
UTM-NN,18,tm,80.58,0.4235428000001775,0.06461902299997746
UTM-NN,19,tm,80.58,0.41555318600057944,0.06545266700049979
UTM-NN,20,tm,80.54,0.4209316679998665,0.06471846800013736
UTM-NN,21,tm,80.54,0.4155080780001299,0.06450695500006987
UTM-NN,22,tm,80.69,0.4191849609997007,0.06401742599973659
UTM-NN,23,tm,80.85,0.4104393080006048,0.0676483150000422
UTM-NN,24,tm,80.72,0.4099637850004001,0.06503496700042888
UTM-NN,25,tm,80.88,0.40802296600031696,0.06554650899943226
UTM-NN,26,tm,80.81,0.4153997370003708,0.06562171199948352
UTM-NN,27,tm,80.89,0.4135696729999836,0.06361080299939204
UTM-NN,28,tm,80.92,0.4213607169995157,0.06470055099998717
UTM-NN,29,tm,80.82000000000001,0.42699602999982744,0.0649367619998884
UTM-NN,30,tm,80.84,0.41478396099955717,0.06500047000008635
UTM-NN,31,tm,80.9,0.4219506460003686,0.0653911559993503
UTM-NN,32,tm,81.05,0.4253216790002625,0.0658661609995761
UTM-NN,33,tm,81.0,0.41928793199986103,0.0647542330007127
UTM-NN,34,tm,81.0,0.41650321099950816,0.06941459000063332
UTM-NN,35,tm,80.97999999999999,0.4164464929999667,0.0646580439997706
UTM-NN,36,tm,80.87,0.40962769299949287,0.06514552499993442
UTM-NN,37,tm,80.91000000000001,0.41135832399959327,0.06948147599996446
UTM-NN,38,tm,80.66,0.42285215299943957,0.06555504799962364
UTM-NN,39,tm,81.13,0.41142056899934687,0.0655631949994131
UTM-NN,40,tm,80.72,0.41503689999990456,0.0653141399998276
UTM-NN,41,tm,80.74,0.4144650440002806,0.06420207799965283
UTM-NN,42,tm,80.78999999999999,0.41867524099961884,0.06277697099994839
UTM-NN,43,tm,81.05,0.4157063909997305,0.0650414620004085
UTM-NN,44,tm,81.11,0.41805285800001,0.06564740000067104
UTM-NN,45,tm,80.99,0.4112138820000837,0.0665958990002764
UTM-NN,46,tm,81.07,0.42036845900020126,0.06605152800057112
UTM-NN,47,tm,81.10000000000001,0.41646720500011725,0.06660265999926196
UTM-NN,48,tm,80.95,0.4273982819995581,0.06421540200062736
UTM-NN,49,tm,80.97999999999999,0.4096700330001113,0.06466903900036414
UTM-NN,50,tm,80.95,0.4168472789997395,0.06544604800001252
UTM-NN,51,tm,81.0,0.4137135450000642,0.06385383300039393
UTM-NN,52,tm,81.14,0.4190817109993077,0.06435815599979833
UTM-NN,53,tm,81.03,0.41531045800002175,0.06443761100035772
UTM-NN,54,tm,81.02000000000001,0.4094004180005868,0.0634023820002767
UTM-NN,55,tm,81.14,0.4219045449999612,0.06465465300061624
UTM-NN,56,tm,81.2,0.41875626599994575,0.06416515199998685
UTM-NN,57,tm,81.16,0.41831556399938563,0.06394994399943243
UTM-NN,58,tm,81.0,0.4142066829999749,0.06457211599990842
UTM-NN,59,tm,80.99,0.4171574800002418,0.06534795400057192
UTM-NN,60,tm,81.07,0.4037843559999601,0.06413654900006804
UTM-NN,61,tm,81.03,0.4125407579995226,0.06503472200074611
UTM-NN,62,tm,80.97999999999999,0.4258860840000125,0.06485467900074582
UTM-NN,63,tm,81.11,0.41103624800052785,0.06557441899985861
UTM-NN,64,tm,80.81,0.42691675599962764,0.0646618730006594
UTM-NN,65,tm,81.04,0.4169217940007002,0.064398452000205
UTM-NN,66,tm,80.69,0.42074842999954853,0.06482124499962083
UTM-NN,67,tm,81.14,0.428378528000394,0.06476892000046064
UTM-NN,68,tm,81.07,0.42118035800012876,0.06447095499970601
UTM-NN,69,tm,81.05,0.4165168810004616,0.06435459600015747
UTM-NN,70,tm,80.83,0.4177477640005236,0.06404742199993052
UTM-NN,71,tm,80.94,0.41275290599969594,0.06413889299983566
UTM-NN,72,tm,81.11,0.4070272630006002,0.06404339100026846
UTM-NN,73,tm,81.03,0.4133588360000431,0.06300149700018665
UTM-NN,74,tm,81.12,0.4115886549998322,0.0648694980000073
UTM-NN,75,tm,81.14,0.41795471099976567,0.06458518199997343
UTM-NN,76,tm,81.13,0.41300288699949306,0.06459753999934037
UTM-NN,77,tm,81.15,0.41411250999954063,0.06450624900026014
UTM-NN,78,tm,80.91000000000001,0.4163412329999119,0.065039259000514
UTM-NN,79,tm,81.15,0.4136071129996708,0.06445206700027484
UTM-NN,80,tm,81.03,0.4222672199994122,0.06502605999958178
UTM-NN,81,tm,81.2,0.4152313909999066,0.06391319599970302
UTM-NN,82,tm,80.97,0.4094465339994713,0.06539661199985858
UTM-NN,83,tm,80.9,0.4120516540006065,0.06404365599973971
UTM-NN,84,tm,81.16,0.42271942399929685,0.06525160499950289
UTM-NN,85,tm,80.97999999999999,0.4171413920003033,0.06526951599971653
UTM-NN,86,tm,81.12,0.42131511899970064,0.06584487999953126
UTM-NN,87,tm,81.03,0.41367393800010177,0.06440018899957067
UTM-NN,88,tm,80.85,0.42479112500041083,0.06462177299999894
UTM-NN,89,tm,81.23,0.41724046199942677,0.06454925300022296
UTM-NN,90,tm,81.05,0.4255001310002626,0.0645436040003915
UTM-NN,91,tm,81.15,0.43216103600025235,0.06464366800082644
UTM-NN,92,tm,81.22,0.41527934999976424,0.06462871199983056
UTM-NN,93,tm,81.19,0.4184507149993806,0.06560024000009435
UTM-NN,94,tm,81.15,0.41642839799987996,0.06540348599992285
UTM-NN,95,tm,80.97999999999999,0.41583211299985123,0.06546048099971813
UTM-NN,96,tm,81.23,0.41498192100061715,0.06614756100043451
UTM-NN,97,tm,81.13,0.4200178060000326,0.06514002299991262
UTM-NN,98,tm,81.19,0.4201566689998799,0.06479093899997679
UTM-NN,99,tm,81.13,0.4227390659998491,0.06440716900033294
UTM-NN,100,tm,81.03,0.4194392469999002,0.06580445899999177
UTM-NN,101,tm,81.16,0.423791410999911,0.06480462799936504
UTM-NN,102,tm,81.10000000000001,0.42395123900041654,0.06554189700000279
UTM-NN,103,tm,81.14,0.4162087060003614,0.06614534999971511
UTM-NN,104,tm,81.25,0.41518187899964687,0.06443634100014606
UTM-NN,105,tm,81.24,0.42183828499946685,0.06451973999992333
UTM-NN,106,tm,81.10000000000001,0.4242440570005783,0.06571796300067945
UTM-NN,107,tm,81.13,0.4175522710002042,0.06585365800037835
UTM-NN,108,tm,81.01,0.4233723950001149,0.06769717299994227
UTM-NN,109,tm,81.17999999999999,0.4223378529995898,0.06466602000000421
UTM-NN,110,tm,81.32000000000001,0.41866908200063335,0.06424692400014465
UTM-NN,111,tm,81.2,0.41587443699972937,0.06587093500002084
UTM-NN,112,tm,80.94,0.42907686200032913,0.06612098799996602
UTM-NN,113,tm,81.14,0.41882508999970014,0.06616597800075397
UTM-NN,114,tm,81.17999999999999,0.42714264599999296,0.0656333850001829
UTM-NN,115,tm,81.26,0.4224953419998201,0.06664167500002804
UTM-NN,116,tm,81.19,0.4211037380000562,0.0648979480001799
UTM-NN,117,tm,81.15,0.43180254100025195,0.06475691000014194
UTM-NN,118,tm,80.97,0.42626298899995163,0.06435249100013607
UTM-NN,119,tm,80.93,0.4123171769997498,0.06582728000012139
UTM-NN,120,tm,81.08999999999999,0.42063050100023247,0.06526061499971547
UTM-NN,121,tm,80.86,0.4225624279997646,0.06434730599994509
UTM-NN,122,tm,81.02000000000001,0.42371178999928816,0.06334940099986852
UTM-NN,123,tm,80.95,0.4128086690006967,0.06281274400043912
UTM-NN,124,tm,80.97999999999999,0.4181247410006108,0.06311309699958656
UTM-NN,125,tm,81.07,0.41317823699955625,0.06462567600010516
UTM-NN,126,tm,81.24,0.4233523039993088,0.06379784399996424
UTM-NN,127,tm,81.04,0.41944330299975263,0.06445469299978868
UTM-NN,128,tm,80.86,0.4251521710002635,0.06556159499996284
UTM-NN,129,tm,80.95,0.4211142040003324,0.06386800699965534
UTM-NN,130,tm,80.99,0.42001552599958814,0.06444984100016882
UTM-NN,131,tm,80.86,0.42792633900080546,0.0646583540001302
UTM-NN,132,tm,80.91000000000001,0.4307340909999766,0.064299313000447
UTM-NN,133,tm,80.91000000000001,0.4179559820004215,0.06479422300071747
UTM-NN,134,tm,81.15,0.42672308500004874,0.06447281900000235
UTM-NN,135,tm,81.01,0.4251062000003003,0.06441867500052467
UTM-NN,136,tm,80.77,0.4263901120002629,0.06458623300022737
UTM-NN,137,tm,80.87,0.41867016299966053,0.06466212499981339
UTM-NN,138,tm,81.07,0.41845718400054466,0.06468184300047142
UTM-NN,139,tm,80.84,0.4255357189995266,0.06456340099975932
UTM-NN,140,tm,80.81,0.4327719490001982,0.06462547099999938
UTM-NN,141,tm,80.78,0.43380363199958083,0.06594566799958557
UTM-NN,142,tm,80.78,0.42460972700064303,0.0638910540001234
UTM-NN,143,tm,80.83,0.4295597020000059,0.06450602499990055
UTM-NN,144,tm,80.7,0.4257381750003333,0.06416981999973359
UTM-NN,145,tm,80.7,0.4390546969998468,0.06522183300057804
UTM-NN,146,tm,80.80000000000001,0.43216054599997733,0.06477649899989046
UTM-NN,147,tm,80.78999999999999,0.42647294100061117,0.06419015299979947
UTM-NN,148,tm,80.96,0.4270665550002377,0.06476660400039691
UTM-NN,149,tm,80.94,0.431443450000188,0.06467790799979412
UTM-NN,150,tm,80.97,0.43125490300008096,0.06497753299936448
UTM-NN,151,nn,81.58,0.17691804700007197,0.0691001610002786
UTM-NN,152,nn,81.71000000000001,0.24960488700071437,0.060392375999981596
UTM-NN,153,nn,81.76,0.1932106490003207,0.06178537599953415
UTM-NN,154,nn,81.78,0.1917407920000187,0.062407231999713986
UTM-NN,155,nn,81.85,0.1912893629996688,0.060827242999948794
UTM-NN,156,nn,81.93,0.2492948350000006,0.06217826200008858
UTM-NN,157,nn,82.03,0.1870285690001765,0.05991324099977646
UTM-NN,158,nn,82.08,0.17670652600008907,0.06084266100060631
UTM-NN,159,nn,82.21000000000001,0.17715553600010026,0.061383745999592065
UTM-NN,160,nn,82.15,0.18951548699988052,0.062080179000076896
UTM-NN,161,nn,82.19999999999999,0.18901634200028639,0.061565377000079025
UTM-NN,162,nn,82.21000000000001,0.1901883540003837,0.06054170300012629
UTM-NN,163,nn,82.35,0.2494276900006298,0.06030770399956964
UTM-NN,164,nn,82.25,0.17574628999955166,0.06067138500020519
UTM-NN,165,nn,82.3,0.17334361099983653,0.061471476000406255
UTM-NN,166,nn,82.27,0.19042020000051707,0.06129695800063928
UTM-NN,167,nn,82.35,0.25056581100034236,0.06149575099971116
UTM-NN,168,nn,82.31,0.182828119000078,0.059423497000352654
UTM-NN,169,nn,82.32000000000001,0.1914338400001725,0.061421830000654154
UTM-NN,170,nn,82.34,0.1771638050004185,0.06142455200006225
UTM-NN,171,nn,82.37,0.1776877020001848,0.06062886099971365
UTM-NN,172,nn,82.3,0.18017590599993127,0.061437456000021484
UTM-NN,173,nn,82.35,0.17755833499995788,0.061409824000293156
UTM-NN,174,nn,82.37,0.1778549569999086,0.06193825700029265
UTM-NN,175,nn,82.39,0.252052542000456,0.06145220100006554
UTM-NN,176,nn,82.39,0.19070550200012804,0.060489634000077785
UTM-NN,177,nn,82.45,0.17062801300016872,0.061617144000592816
UTM-NN,178,nn,82.38,0.18011111400028312,0.06136397200043575
UTM-NN,179,nn,82.35,0.24998310199953266,0.06155684100031067
UTM-NN,180,nn,82.35,0.19011620299988863,0.06085080499997275
UTM-NN,181,nn,82.39,0.18130642400046781,0.061220650999530335
UTM-NN,182,nn,82.37,0.17557156900056725,0.061079725999661605
UTM-NN,183,nn,82.39,0.18030878999979905,0.05883081299998594
UTM-NN,184,nn,82.42,0.17620059300043067,0.06004327199934778
UTM-NN,185,nn,82.32000000000001,0.1740896569999677,0.06471358299950225
UTM-NN,186,nn,82.44,0.19045517300037318,0.062479862999680336
UTM-NN,187,nn,82.33,0.25066458099990996,0.06132625600002939
UTM-NN,188,nn,82.39,0.1704254950000177,0.0619026770000346
UTM-NN,189,nn,82.58,0.19112344899986056,0.06199561599987646
UTM-NN,190,nn,82.39,0.18551849400046194,0.06126003000008495
UTM-NN,191,nn,82.39,0.24437914700047259,0.06211034200077847
UTM-NN,192,nn,82.34,0.17688300300051196,0.06222598400017887
UTM-NN,193,nn,82.42,0.18924674299978506,0.05837752099978388
UTM-NN,194,nn,82.38,0.19114514400007465,0.06048854900018341
UTM-NN,195,nn,82.36,0.1752446990003591,0.061390301999381336
UTM-NN,196,nn,82.38,0.19015146099991398,0.061329757999374124
UTM-NN,197,nn,82.32000000000001,0.19029422600033286,0.0612763070002984
UTM-NN,198,nn,82.28999999999999,0.2380845349998708,0.06136396100009733
UTM-NN,199,nn,82.39,0.1750153949997184,0.06379370299964648
UTM-NN,200,nn,82.39999999999999,0.19136318100026983,0.061077164000380435
UTM-NN,201,nn,82.32000000000001,0.1892002449994834,0.06108973199934553
UTM-NN,202,nn,82.45,0.2465599260003728,0.05854836799971963
UTM-NN,203,nn,82.39,0.18630948099962552,0.061169874999905005
UTM-NN,204,nn,82.28,0.1770331059997261,0.06124995600021066
UTM-NN,205,nn,82.31,0.1775228579999748,0.06266380899978685
UTM-NN,206,nn,82.43,0.17727868700058025,0.061476115999539616
UTM-NN,207,nn,82.31,0.1800726620003843,0.06211250800060952
UTM-NN,208,nn,82.28999999999999,0.1779101920001267,0.062089331999231945
UTM-NN,209,nn,82.42,0.1785412079998423,0.058461807000639965
UTM-NN,210,nn,82.35,0.23590149599931465,0.061409269999785465
UTM-NN,211,nn,82.33,0.17741868699977204,0.0612061600004381
UTM-NN,212,nn,82.52000000000001,0.18194034600037412,0.06023699899924395
UTM-NN,213,nn,82.34,0.1829981829996541,0.06163261900019279
UTM-NN,214,nn,82.45,0.25027444699935586,0.060469799999737006
UTM-NN,215,nn,82.48,0.1790845490004358,0.06134740699963004
UTM-NN,216,nn,82.37,0.1729620950000026,0.06175411499953043
UTM-NN,217,nn,82.39999999999999,0.18506048600011127,0.06083633400066901
UTM-NN,218,nn,82.31,0.1916535330001352,0.061177858000519336
UTM-NN,219,nn,82.42,0.18874736099951406,0.061396295000122336
UTM-NN,220,nn,82.49,0.19205655199948524,0.06146007000006648
UTM-NN,221,nn,82.42,0.1912115420000191,0.06222237500060146
UTM-NN,222,nn,82.24000000000001,0.2507750889999443,0.06245655899965641
UTM-NN,223,nn,82.24000000000001,0.19089635999989696,0.06133365599998797
UTM-NN,224,nn,82.42,0.1911707600002046,0.061500658999648294
UTM-NN,225,nn,82.41000000000001,0.18355275700014317,0.061244243000146525
UTM-NN,226,nn,82.33,0.25103928400039877,0.06161177099966153
UTM-NN,227,nn,82.39999999999999,0.19070416900012788,0.06136049999986426
UTM-NN,228,nn,82.39999999999999,0.19101828600014414,0.06148163800025941
UTM-NN,229,nn,82.47,0.18576414000017394,0.06152489899977809
UTM-NN,230,nn,82.27,0.17136895000021468,0.06118630600030883
UTM-NN,231,nn,82.28,0.18895619299928512,0.06109879399991769
UTM-NN,232,nn,82.39,0.18759929499992722,0.061529847999736376
UTM-NN,233,nn,82.37,0.230546991000665,0.06171655900016049
UTM-NN,234,nn,82.43,0.19039801199960493,0.06101950799984479
UTM-NN,235,nn,82.46,0.18783675199938443,0.06107466499997827
UTM-NN,236,nn,82.49,0.18021765400044387,0.06127315699995961
UTM-NN,237,nn,82.43,0.23935106699991593,0.05908708400056639
UTM-NN,238,nn,82.47,0.1904003620002186,0.06230110699925717
UTM-NN,239,nn,82.33,0.1919780329999412,0.06027186600022105
UTM-NN,240,nn,82.39999999999999,0.17697470399980375,0.06191595500058611
UTM-NN,241,nn,82.44,0.17683144400052697,0.06120785100029025
UTM-NN,242,nn,82.42,0.1772692710001138,0.061243522000040684
UTM-NN,243,nn,82.42,0.1791679510006361,0.06146826599979249
UTM-NN,244,nn,82.38,0.1766238729996985,0.06163197800015041
UTM-NN,245,nn,82.39,0.2368204689992126,0.06129912200049148
UTM-NN,246,nn,82.45,0.17998109400014073,0.06166521799968905
UTM-NN,247,nn,82.43,0.17764678000003187,0.060415126999942004
UTM-NN,248,nn,82.5,0.17767621700022573,0.06230616100037878
UTM-NN,249,nn,82.33,0.23608034100016084,0.06132744800015644
UTM-NN,250,nn,82.42,0.17768440799954988,0.061379985999337805
UTM-NN,251,nn,82.41000000000001,0.1768182980003985,0.06215872400025546
UTM-NN,252,nn,82.42,0.17776463700010936,0.062233080000623886
UTM-NN,253,nn,82.41000000000001,0.17929098600052384,0.060803074999967066
UTM-NN,254,nn,82.41000000000001,0.17722910800057434,0.061607121000633924
UTM-NN,255,nn,82.42,0.1770925230002831,0.06212098200012406
UTM-NN,256,nn,82.41000000000001,0.17790452999997797,0.06135869300032937
UTM-NN,257,nn,82.45,0.23844159899999795,0.061563520999698085
UTM-NN,258,nn,82.36,0.17904607899981784,0.06161449899991567
UTM-NN,259,nn,82.49,0.17732721399988804,0.061442697000529733
UTM-NN,260,nn,82.55,0.1793230080002104,0.061466355999982625
UTM-NN,261,nn,82.38,0.23621701299998676,0.06148172800021712
UTM-NN,262,nn,82.43,0.17789935699966009,0.06145403900063684
UTM-NN,263,nn,82.43,0.1768673269998544,0.06229298300058872
UTM-NN,264,nn,82.5,0.1778758310001649,0.061114787999940745
UTM-NN,265,nn,82.48,0.17730790599944157,0.061418235000019195
UTM-NN,266,nn,82.35,0.17783871099982207,0.062120820000018284
UTM-NN,267,nn,82.47,0.1753978589995313,0.06244780099950731
UTM-NN,268,nn,82.42,0.2502488350000931,0.06120339100016281
UTM-NN,269,nn,82.44,0.18002377500033617,0.061624658000255295
UTM-NN,270,nn,82.38,0.1900546349997967,0.06258612399960839
UTM-NN,271,nn,82.39999999999999,0.1907736279999881,0.06279421099952742
UTM-NN,272,nn,82.35,0.25080531900039205,0.06255371899987949
UTM-NN,273,nn,82.45,0.19023528500019893,0.0608545969998886
UTM-NN,274,nn,82.38,0.17575163299989072,0.061933780999424926
UTM-NN,275,nn,82.39,0.18788646000029985,0.06156140599978244
UTM-NN,276,nn,82.36,0.18432288999974844,0.06236195600013161
UTM-NN,277,nn,82.34,0.1806769559998429,0.061706697999397875
UTM-NN,278,nn,82.44,0.1905482669999401,0.0658339130004606
UTM-NN,279,nn,82.35,0.17405948599935073,0.061195981000309985
UTM-NN,280,nn,82.39,0.24977678100003686,0.062367369999265065
UTM-NN,281,nn,82.5,0.17507244599983096,0.062272291999761364
UTM-NN,282,nn,82.44,0.181063064999762,0.06059690799975215
UTM-NN,283,nn,82.49,0.17684158199972444,0.061294559000089066
UTM-NN,284,nn,82.3,0.24416833500072244,0.06132927300041047
UTM-NN,285,nn,82.36,0.189683313000387,0.06150789799994527
UTM-NN,286,nn,82.43,0.1857634740008507,0.061349351999524515
UTM-NN,287,nn,82.45,0.18903180100005557,0.06095888700019714
UTM-NN,288,nn,82.38,0.1907608130004519,0.06185050699968997
UTM-NN,289,nn,82.32000000000001,0.18257020500004728,0.06281733699961478
UTM-NN,290,nn,82.44,0.1701877590003278,0.062196446999223554
UTM-NN,291,nn,82.38,0.17138325999985682,0.06228450500020699
UTM-NN,292,nn,82.47,0.2426081030007481,0.061908960999971896
UTM-NN,293,nn,82.36,0.17652150499998243,0.061920330000248214
UTM-NN,294,nn,82.46,0.18099072899985913,0.06114578899996559
UTM-NN,295,nn,82.26,0.18883957300022303,0.06246066699986841
UTM-NN,296,nn,82.37,0.24846403100036696,0.05834950700045738
UTM-NN,297,nn,82.5,0.18014326599950437,0.062278854999931355
UTM-NN,298,nn,82.50999999999999,0.18173200999990513,0.061050373000398395
UTM-NN,299,nn,82.41000000000001,0.1900608010000724,0.06135160099984205
UTM-NN,300,nn,82.33,0.1748010430001159,0.06240295400039031
UTM-NN,301,nn,82.39,0.17885489400032384,0.060001331999956165
UTM-NN,302,nn,82.37,0.18214413399982732,0.060494879999168916
UTM-NN,303,nn,82.50999999999999,0.17758540700015146,0.06115573500028404
UTM-NN,304,nn,82.31,0.24243079899952136,0.06205388299986225
UTM-NN,305,nn,82.45,0.18234531400048581,0.06063174799965054
UTM-NN,306,nn,82.43,0.17776124699958018,0.06156621599984646
UTM-NN,307,nn,82.52000000000001,0.23391838899988215,0.059439124000164156
UTM-NN,308,nn,82.37,0.1729535639997266,0.06198529600078473
UTM-NN,309,nn,82.42,0.17724543399981485,0.06093160000000353
UTM-NN,310,nn,82.35,0.17902226400019572,0.06110442199951649
UTM-NN,311,nn,82.39,0.1879628260003301,0.06131726800049364
UTM-NN,312,nn,82.42,0.18320786000003864,0.06147796099958214
UTM-NN,313,nn,82.34,0.18170461899990187,0.061385543000142206
UTM-NN,314,nn,82.37,0.17256750899923645,0.06243216700022458
UTM-NN,315,nn,82.31,0.23731080800007476,0.06094984800074599
UTM-NN,316,nn,82.34,0.1765708339999037,0.06148936200042954
UTM-NN,317,nn,82.39,0.1838814339998862,0.06151030599994556
UTM-NN,318,nn,82.42,0.18537559600008535,0.06141217799995502
UTM-NN,319,nn,82.39999999999999,0.24966181800027698,0.06162911699993856
UTM-NN,320,nn,82.50999999999999,0.18312024499937252,0.062181206000786915
UTM-NN,321,nn,82.43,0.17644357799963473,0.061651594000068144
UTM-NN,322,nn,82.32000000000001,0.18442322999999305,0.06159186099921499
UTM-NN,323,nn,82.38,0.18873088899999857,0.060906464000254346
UTM-NN,324,nn,82.31,0.1763431760000458,0.059308043999408255
UTM-NN,325,nn,82.48,0.1770633239993913,0.06128003499998158
UTM-NN,326,nn,82.36,0.1828006279993133,0.061018271999273566
UTM-NN,327,nn,82.35,0.24248028500005603,0.06136549900020327
UTM-NN,328,nn,82.3,0.18691440899965528,0.06116017199929047
UTM-NN,329,nn,82.42,0.17687331099932635,0.06138893899969844
UTM-NN,330,nn,82.46,0.18168606800009002,0.06146993400034262
UTM-NN,331,nn,82.33,0.2370325669999147,0.06160935400021117
UTM-NN,332,nn,82.26,0.17726917100026185,0.06230648000018846
UTM-NN,333,nn,82.28999999999999,0.1802106189998085,0.0611984270008179
UTM-NN,334,nn,82.35,0.18393289300001925,0.0622323450006661
UTM-NN,335,nn,82.5,0.18240561499987962,0.05955277000066417
UTM-NN,336,nn,82.39,0.192212049999398,0.061679369000557926
UTM-NN,337,nn,82.53,0.17851976299971284,0.060462290000032226
UTM-NN,338,nn,82.47,0.1892659859995547,0.060225474000617396
UTM-NN,339,nn,82.32000000000001,0.2506541239999933,0.061393943999974
UTM-NN,340,nn,82.41000000000001,0.1894930939997721,0.061354296999525104
UTM-NN,341,nn,82.34,0.1859623560003456,0.061562837000565196
UTM-NN,342,nn,82.35,0.1795269450003616,0.06284629999936442
UTM-NN,343,nn,82.47,0.2479847009999503,0.0614908050001759
UTM-NN,344,nn,82.36,0.1895725639997181,0.06148960900009115
UTM-NN,345,nn,82.32000000000001,0.18660325499968167,0.062471057000038854
UTM-NN,346,nn,82.44,0.19060855099996843,0.0620260870000493
UTM-NN,347,nn,82.32000000000001,0.18115766600021743,0.06141215499974351
UTM-NN,348,nn,82.33,0.19119103800039738,0.06277412100007496
UTM-NN,349,nn,82.48,0.19105043799936539,0.06158197299919266
UTM-NN,350,nn,82.44,0.230762969999887,0.06290318600076716
UTM-NN,351,nn,82.36,0.18982361999951536,0.06222020999939559
UTM-NN,352,nn,82.3,0.17633784300051047,0.06101211100030923
UTM-NN,353,nn,82.39,0.19235998799922527,0.06225576699944213
UTM-NN,354,nn,82.34,0.2497910440006308,0.0622920139994676
UTM-NN,355,nn,82.43,0.18640077100008057,0.06230629299989232
UTM-NN,356,nn,82.31,0.1845372170000701,0.06758197999988624
UTM-NN,357,nn,82.38,0.1935464400003184,0.06139939599961508
UTM-NN,358,nn,82.42,0.19147675900057948,0.06118912800047838
UTM-NN,359,nn,82.42,0.18992929100022593,0.061985182000171335
UTM-NN,360,nn,82.45,0.1829159270000673,0.06239630000072793
UTM-NN,361,nn,82.46,0.19593381699996826,0.06784068700017087
UTM-NN,362,nn,82.33,0.24859441999979026,0.06172632400011935
UTM-NN,363,nn,82.35,0.18533769599980587,0.06111812499966618
UTM-NN,364,nn,82.44,0.18559085899960337,0.06295159000001149
UTM-NN,365,nn,82.48,0.1890872109997872,0.0648827409995647
UTM-NN,366,nn,82.44,0.24961679899934097,0.06133679399954417
UTM-NN,367,nn,82.36,0.190266485000393,0.06155803300043772
UTM-NN,368,nn,82.37,0.1914322490001723,0.06147222399977181
UTM-NN,369,nn,82.43,0.19187724400035222,0.06108915800086834
UTM-NN,370,nn,82.26,0.18412508300025365,0.061277539000002434
UTM-NN,371,nn,82.43,0.17396835099953023,0.061375232000500546
UTM-NN,372,nn,82.33,0.18305890300052852,0.06124237899985019
UTM-NN,373,nn,82.42,0.19010108099973877,0.0611123389999193
UTM-NN,374,nn,82.35,0.25132732299971394,0.06260794299942063
UTM-NN,375,nn,82.43,0.1876604140006748,0.06164080100006686
UTM-NN,376,nn,82.41000000000001,0.19174293900050543,0.061264626000593125
UTM-NN,377,nn,82.41000000000001,0.19210624900006223,0.06253644800017355
UTM-NN,378,nn,82.46,0.2504140320006627,0.061376166999252746
UTM-NN,379,nn,82.43,0.19032345700088626,0.062151418999746966
UTM-NN,380,nn,82.39,0.1704196000000593,0.06138254500001494
UTM-NN,381,nn,82.28999999999999,0.17138792500009004,0.06213059800029441
UTM-NN,382,nn,82.22,0.18351212000015948,0.06157599900052446
UTM-NN,383,nn,82.33,0.18971675699958723,0.061550764000458
UTM-NN,384,nn,82.44,0.19176928999968368,0.0622080189996268
UTM-NN,385,nn,82.37,0.2504422780002642,0.06186995899952308
UTM-NN,386,nn,82.43,0.19090555399998266,0.06213732099968183
UTM-NN,387,nn,82.36,0.175152044999777,0.0626449319997846
UTM-NN,388,nn,82.43,0.1846315399998275,0.06103468400033307
UTM-NN,389,nn,82.34,0.23531494800045039,0.06265392400018754
UTM-NN,390,nn,82.41000000000001,0.1890293259993996,0.062419701000180794
UTM-NN,391,nn,82.32000000000001,0.19030097399991064,0.06228129699957208
UTM-NN,392,nn,82.42,0.1825585679998767,0.06071818000054918
UTM-NN,393,nn,82.37,0.16945221300011326,0.06087394099995436
UTM-NN,394,nn,82.28999999999999,0.19125996999991912,0.06193269199957285
UTM-NN,395,nn,82.46,0.1910905989998355,0.061180603000138944
UTM-NN,396,nn,82.39999999999999,0.18786478899983194,0.061064241000167385
UTM-NN,397,nn,82.34,0.24375311499989039,0.06143079499997839
UTM-NN,398,nn,82.34,0.19039975099985895,0.06155837400001474
UTM-NN,399,nn,82.35,0.17222747199957666,0.060807824000221444
UTM-NN,400,nn,82.36,0.1907529109994357,0.06216146499991737
UTM-NN,401,nn,82.38,0.2500193269997908,0.06221002500024042
UTM-NN,402,nn,82.39999999999999,0.18655518300056428,0.06040441400000418
UTM-NN,403,nn,82.41000000000001,0.19179138399977091,0.061380780000035884
UTM-NN,404,nn,82.44,0.19146076800006995,0.06151987600060238
UTM-NN,405,nn,82.31,0.19214619800004584,0.06160248499963927
UTM-NN,406,nn,82.38,0.19013894600084313,0.06146286900002451
UTM-NN,407,nn,82.26,0.18925144499917224,0.060925229000531544
UTM-NN,408,nn,82.45,0.1743034709998028,0.06099148600060289
UTM-NN,409,nn,82.39999999999999,0.25062961200001155,0.06120319000001473
UTM-NN,410,nn,82.41000000000001,0.19110030499996356,0.06159696300073847
UTM-NN,411,nn,82.43,0.1833597130007547,0.06138669600022695
UTM-NN,412,nn,82.39,0.189867576999859,0.06131112099956226
UTM-NN,413,nn,82.38,0.24964826500035997,0.058833328999753576
UTM-NN,414,nn,82.38,0.1768482210000002,0.06104643299931922
UTM-NN,415,nn,82.44,0.1888042040000073,0.060399257999961264
UTM-NN,416,nn,82.54,0.19123661599951447,0.0608889340001042
UTM-NN,417,nn,82.48,0.19079668999984278,0.061012015999949654
UTM-NN,418,nn,82.48,0.18902157899992744,0.062222870999903535
UTM-NN,419,nn,82.31,0.1761998539996057,0.06100121600047714
UTM-NN,420,nn,82.44,0.24612468299983448,0.061770516999786196
UTM-NN,421,nn,82.55,0.18623386600029335,0.061506961999839405
UTM-NN,422,nn,82.28999999999999,0.18863930200041068,0.06106234399976529
UTM-NN,423,nn,82.27,0.19273613000041223,0.06134568899960868
UTM-NN,424,nn,82.36,0.2404618680002386,0.06128855299994029
UTM-NN,425,nn,82.39999999999999,0.1904431540006044,0.061273331000847975
UTM-NN,426,nn,82.45,0.18087756499971874,0.06134590900001058
UTM-NN,427,nn,82.28,0.18486662699979206,0.06231262599976617
UTM-NN,428,nn,82.38,0.172526332000416,0.06073248400025477
UTM-NN,429,nn,82.43,0.18284515799950896,0.06207968600028835
UTM-NN,430,nn,82.34,0.1882310619994314,0.061975984999662614
UTM-NN,431,nn,82.5,0.18539725699974952,0.0614811670002382
UTM-NN,432,nn,82.42,0.2482415909998963,0.06148456999926566
UTM-NN,433,nn,82.31,0.1780463929999314,0.0612344020000819
UTM-NN,434,nn,82.39999999999999,0.1772113850001915,0.061723811999399913
UTM-NN,435,nn,82.39999999999999,0.17864881300010893,0.061463108999305405
UTM-NN,436,nn,82.43,0.23968850799974462,0.06076570000004722
UTM-NN,437,nn,82.39,0.17733501300062926,0.0629848190001212
UTM-NN,438,nn,82.35,0.17816446700089728,0.06138219900003605
UTM-NN,439,nn,82.45,0.1789098909994209,0.06147510100072395
UTM-NN,440,nn,82.42,0.17665566699997726,0.0614908560000913
UTM-NN,441,nn,82.37,0.17816626599960728,0.06148731699977361
UTM-NN,442,nn,82.31,0.1782158989999516,0.06017252599940548
UTM-NN,443,nn,82.3,0.18102578500020172,0.06062804100020003
UTM-NN,444,nn,82.36,0.23593977099972108,0.05978510200020537
UTM-NN,445,nn,82.33,0.17789715799972328,0.06217779300004622
UTM-NN,446,nn,82.23,0.18002817100023094,0.05854444699980377
UTM-NN,447,nn,82.45,0.1872936399995524,0.060989686999164405
UTM-NN,448,nn,82.37,0.23626729899933707,0.062145447000148124
UTM-NN,449,nn,82.46,0.18390257099963492,0.06227072000001499
UTM-NN,450,nn,82.28999999999999,0.18077117199936765,0.060953307999625395
UTM-NN,451,nn,82.42,0.1831549010003073,0.058396098999764945
UTM-NN,452,nn,82.32000000000001,0.17366052700072032,0.05830710200007161
UTM-NN,453,nn,82.35,0.18705792899982043,0.061243932000252244
UTM-NN,454,nn,82.39999999999999,0.18323566799972468,0.06107359700035886
UTM-NN,455,nn,82.41000000000001,0.23581573799947364,0.06201767299990024
UTM-NN,456,nn,82.35,0.18585702199925436,0.061386687999402056
UTM-NN,457,nn,82.36,0.18511756299994886,0.06056489999991754
UTM-NN,458,nn,82.42,0.18541095799992036,0.060349659999701544
UTM-NN,459,nn,82.34,0.24720749300013267,0.06145941500017216
UTM-NN,460,nn,82.43,0.17055813699971623,0.06106881300001987
UTM-NN,461,nn,82.49,0.18126481999934185,0.060597644000154105
UTM-NN,462,nn,82.38,0.1753672059994642,0.06274161500004993
UTM-NN,463,nn,82.45,0.17325098600031197,0.05846256600034394
UTM-NN,464,nn,82.44,0.19149472000026435,0.06051842199940438
UTM-NN,465,nn,82.38,0.18140473600033147,0.06129822899947612
UTM-NN,466,nn,82.26,0.1895517960001598,0.06306944100015244
UTM-NN,467,nn,82.39,0.24397689099987474,0.061378178000268235
UTM-NN,468,nn,82.54,0.18819528499989246,0.061222971999995934
UTM-NN,469,nn,82.31,0.19060492199969303,0.06138807900060783
UTM-NN,470,nn,82.36,0.1840019850005774,0.06173719400067057
UTM-NN,471,nn,82.33,0.2414518700006738,0.06072545600000012
UTM-NN,472,nn,82.36,0.179134568000336,0.06085069900018425
UTM-NN,473,nn,82.39999999999999,0.1825550599996859,0.06002433400044538
UTM-NN,474,nn,82.34,0.18366992000028404,0.06145761600055266
UTM-NN,475,nn,82.45,0.1824566280001818,0.061686361000283796
UTM-NN,476,nn,82.37,0.18566661899967585,0.06252517999928386
UTM-NN,477,nn,82.27,0.1789246620000995,0.058824351000112074
UTM-NN,478,nn,82.32000000000001,0.1896710989994972,0.06155427300018346
UTM-NN,479,nn,82.32000000000001,0.25020890799987683,0.062211681999542634
UTM-NN,480,nn,82.35,0.18746045700027025,0.061519372000475414
UTM-NN,481,nn,82.42,0.18804414399983216,0.06137531699914689
UTM-NN,482,nn,82.34,0.174881287000062,0.061461997000151314
UTM-NN,483,nn,82.32000000000001,0.25010864199975913,0.06164809299934859
UTM-NN,484,nn,82.39999999999999,0.18612770799973077,0.061922195999613905
UTM-NN,485,nn,82.42,0.18836588299927826,0.060615729999881296
UTM-NN,486,nn,82.48,0.18572830499942938,0.06180582100023457
UTM-NN,487,nn,82.41000000000001,0.17893533700043918,0.06108099399989442
UTM-NN,488,nn,82.58,0.1904068540006847,0.05997888500041881
UTM-NN,489,nn,82.39,0.18094787399968482,0.06136787600007665
UTM-NN,490,nn,82.44,0.1840030610001122,0.06145621699943149
UTM-NN,491,nn,82.39,0.24707781100005377,0.06052446299963776
UTM-NN,492,nn,82.43,0.1774549499996283,0.06150568500015652
UTM-NN,493,nn,82.43,0.19132264499967278,0.0618452939997951
UTM-NN,494,nn,82.58,0.23429922000013903,0.06147151999994094
UTM-NN,495,nn,82.36,0.18567213000005722,0.06127075299991702
UTM-NN,496,nn,82.39999999999999,0.18739505400026246,0.06131603600078961
UTM-NN,497,nn,82.39999999999999,0.18423170299956837,0.06101695600045787
UTM-NN,498,nn,82.39,0.18295612900055858,0.06017556699953275
UTM-NN,499,nn,82.43,0.17160491499998898,0.061388692999571504
UTM-NN,500,nn,82.41000000000001,0.18150771399996302,0.06145369000023493
