method,epoch,model_type,test_accuracy,train_time,test_time
UTM,1,tm,89.91,0.5012585199999933,0.07192155200002048
UTM,2,tm,90.12,0.44464751699999283,0.06370135800000298
UTM,3,tm,90.61,0.43181681000001504,0.06796644100001004
UTM,4,tm,91.02,0.4277489070000229,0.06648339500000588
UTM,5,tm,91.12,0.42064446699998825,0.06525954100001741
UTM,6,tm,91.01,0.4169444960000135,0.0672052699999881
UTM,7,tm,90.95,0.4233819569999753,0.0653270379999924
UTM,8,tm,90.95,0.41032262499999206,0.06792125600000531
UTM,9,tm,91.09,0.42185963399998627,0.06591590700000438
UTM,10,tm,90.96,0.42543497399998387,0.06840162400001759
UTM,11,tm,90.94,0.4199584840000057,0.06580880799998567
UTM,12,tm,90.96,0.42548686800000723,0.06862210200000618
UTM,13,tm,91.03999999999999,0.4218932050000035,0.06957917599999064
UTM,14,tm,91.34,0.4207104160000199,0.06945711200000915
UTM,15,tm,91.14999999999999,0.41992242399999213,0.06756088000000204
UTM,16,tm,91.3,0.4230519349999895,0.06777213800000936
UTM,17,tm,91.21000000000001,0.42121879399999784,0.0665523210000174
UTM,18,tm,91.23,0.41997915299998567,0.068858634999998
UTM,19,tm,91.31,0.42111399699999197,0.06952560700000276
UTM,20,tm,91.35,0.42092646700001524,0.06794051500000364
UTM,21,tm,91.38,0.40355525499998635,0.06905027500002348
UTM,22,tm,91.31,0.4169341569999858,0.06912714800000685
UTM,23,tm,91.49000000000001,0.4209827290000021,0.06800001599998495
UTM,24,tm,91.39,0.4193681559999902,0.06785283900001104
UTM,25,tm,91.53999999999999,0.4147971539999844,0.06844415700001605
UTM,26,tm,91.53,0.42029235200001835,0.06750445400001581
UTM,27,tm,91.46,0.41253971700001557,0.06798962900001015
UTM,28,tm,91.47,0.42142310500000235,0.06706891600001086
UTM,29,tm,91.36999999999999,0.41054524100002254,0.06608648799999628
UTM,30,tm,91.14,0.4161081599999932,0.06894814500000734
UTM,31,tm,91.25999999999999,0.4116477229999873,0.06826236400002017
UTM,32,tm,91.44,0.4081672340000182,0.06858903299999497
UTM,33,tm,91.31,0.41066050599999926,0.0681485610000152
UTM,34,tm,91.42,0.4127576010000098,0.0676429050000138
UTM,35,tm,91.38,0.4151115619999928,0.0671768739999834
UTM,36,tm,91.19,0.4208158939999862,0.06856256800000438
UTM,37,tm,91.25,0.4114076870000076,0.0670525269999871
UTM,38,tm,91.34,0.4061945360000152,0.06877724999998236
UTM,39,tm,91.14999999999999,0.4149525859999983,0.07066457300001616
UTM,40,tm,91.33,0.4137693689999935,0.06851832800001034
UTM,41,tm,91.19,0.414485008999975,0.06914789900000073
UTM,42,tm,91.36999999999999,0.4168785850000063,0.06790405800001054
UTM,43,tm,91.29,0.4193363320000003,0.06822915399999374
UTM,44,tm,91.4,0.42489475499999685,0.06773960899997178
UTM,45,tm,91.47999999999999,0.4156824500000198,0.0678163629999915
UTM,46,tm,91.52,0.40673739300001444,0.06950925500001404
UTM,47,tm,91.43,0.41545952000001307,0.06811174899999628
UTM,48,tm,91.36999999999999,0.42335483900001236,0.06845726099999183
UTM,49,tm,91.35,0.407152219000011,0.06858970100000761
UTM,50,tm,91.41,0.4160329559999809,0.06702928500001804
UTM,51,tm,91.31,0.42158189500000276,0.06707940000001145
UTM,52,tm,91.45,0.42463665799999717,0.06862959299999716
UTM,53,tm,91.31,0.42717168400000105,0.06814522199999828
UTM,54,tm,91.41,0.4229841970000052,0.06801147199999491
UTM,55,tm,91.43,0.40572103300002027,0.06882061299998554
UTM,56,tm,91.62,0.4169923930000152,0.06784812999998735
UTM,57,tm,91.41,0.41013177599998585,0.0682241769999905
UTM,58,tm,91.57,0.4164102929999842,0.06678061900001353
UTM,59,tm,91.41,0.41178918700001077,0.06771210499999825
UTM,60,tm,91.42,0.4209281280000141,0.06843480700001692
UTM,61,tm,91.49000000000001,0.417256736000013,0.0676822140000013
UTM,62,tm,91.25,0.41611551299999405,0.06622963899999945
UTM,63,tm,91.34,0.42247429200000397,0.06718246699998076
UTM,64,tm,91.36999999999999,0.41726979899999606,0.0661497220000058
UTM,65,tm,91.31,0.39244862600000374,0.06720488000001978
UTM,66,tm,91.19,0.4038184899999919,0.06786940200001368
UTM,67,tm,91.23,0.41078735199999983,0.06770015300000409
UTM,68,tm,91.28,0.41365030299999717,0.0678330689999882
UTM,69,tm,91.33,0.41944577000001004,0.06738606300001493
UTM,70,tm,91.41,0.41651805300000433,0.06781857100000366
UTM,71,tm,91.36999999999999,0.41349864899999034,0.06624092699999551
UTM,72,tm,91.18,0.4061275449999755,0.06731104900001128
UTM,73,tm,91.35,0.4118819589999987,0.06523969099998794
UTM,74,tm,91.25,0.4080308209999828,0.06793246899999872
UTM,75,tm,91.34,0.40615318400000433,0.067177240999996
UTM,76,tm,91.16,0.41247181899998964,0.0667360090000102
UTM,77,tm,91.16,0.41553966699999023,0.06815768100000241
UTM,78,tm,91.03999999999999,0.41621817800000827,0.06799558800000227
UTM,79,tm,91.18,0.4112064029999942,0.06786710700001208
UTM,80,tm,91.25999999999999,0.40433813799998575,0.06768305900001792
UTM,81,tm,91.2,0.42025632100001076,0.06663550800001872
UTM,82,tm,91.36,0.4086709659999883,0.06892464699998868
UTM,83,tm,91.36,0.41905065000000263,0.06809843900001056
UTM,84,tm,91.29,0.42209762499999215,0.06882073899998886
UTM,85,tm,91.2,0.4108119429999988,0.06655121500000405
UTM,86,tm,91.07,0.41716906799999265,0.06832104599999411
UTM,87,tm,91.22,0.40898870200001625,0.06915988000000084
UTM,88,tm,91.14999999999999,0.41649884800000336,0.06653201199998193
UTM,89,tm,91.21000000000001,0.41084307399998465,0.06786187800000221
UTM,90,tm,91.16,0.41134577900001545,0.06826107599999887
UTM,91,tm,91.21000000000001,0.4091524149999941,0.06736605800000461
UTM,92,tm,91.27,0.40850998300001606,0.06611130900000717
UTM,93,tm,91.23,0.4139066449999973,0.06626765600000795
UTM,94,tm,91.09,0.41930791300001147,0.06683590200000822
UTM,95,tm,91.17,0.41278600499998674,0.0668927459999793
UTM,96,tm,91.13,0.40993221700000504,0.06840539699999226
UTM,97,tm,91.19,0.41197028499999533,0.06763095700000576
UTM,98,tm,91.10000000000001,0.4179429890000108,0.06874303099999679
UTM,99,tm,91.16,0.41494038900000874,0.06831816499999377
UTM,100,tm,91.27,0.4064633780000122,0.06814734099998532
UTM,101,tm,91.22,0.4152105619999986,0.0677363319999813
UTM,102,tm,91.14,0.4233059900000171,0.0666554570000244
UTM,103,tm,91.25999999999999,0.4124373689999743,0.06794053499999109
UTM,104,tm,91.02,0.41908365199998343,0.06786806100001286
UTM,105,tm,91.12,0.4165957090000063,0.06692484199999171
UTM,106,tm,91.08000000000001,0.4129535369999928,0.06767947999998114
UTM,107,tm,91.16,0.40992494399998236,0.06774093800001424
UTM,108,tm,91.22,0.41838590899999417,0.06814077399999974
UTM,109,tm,91.3,0.42024099599998976,0.06733463400001938
UTM,110,tm,91.25,0.41824543100000255,0.06862183900000218
UTM,111,tm,91.25,0.4114049039999941,0.07135793599999829
UTM,112,tm,91.32000000000001,0.4115389549999975,0.06657099599999583
UTM,113,tm,91.31,0.42204252299998757,0.07189581099999032
UTM,114,tm,91.38,0.4150116460000106,0.06672531499998513
UTM,115,tm,91.38,0.4191179219999981,0.06971162400000708
UTM,116,tm,91.34,0.4270051200000182,0.06776300900000365
UTM,117,tm,91.16,0.4175462629999913,0.06602267599998868
UTM,118,tm,91.23,0.41031531600000903,0.0680666110000061
UTM,119,tm,91.25999999999999,0.4081040689999895,0.06732175999999868
UTM,120,tm,91.22,0.408851516999988,0.06789370100000269
UTM,121,tm,91.29,0.4097183689999895,0.0669164530000046
UTM,122,tm,91.21000000000001,0.4126949740000043,0.06805659299999434
UTM,123,tm,91.36999999999999,0.4230488439999931,0.068753595000004
UTM,124,tm,91.23,0.40434097499999666,0.06945570100000964
UTM,125,tm,91.27,0.4073355440000057,0.06824632699999711
UTM,126,tm,91.17,0.4167147,0.0666708999999912
UTM,127,tm,91.10000000000001,0.42037851599999954,0.06900314999998614
UTM,128,tm,91.25999999999999,0.41118611400000304,0.06692569300000173
UTM,129,tm,91.17,0.4078183329999945,0.06457308200000966
UTM,130,tm,91.24,0.4132658009999943,0.06680159500001537
UTM,131,tm,91.25999999999999,0.41035547900000324,0.06593867099999784
UTM,132,tm,91.14999999999999,0.41553428700001405,0.06799568900001418
UTM,133,tm,91.28,0.41999172999999246,0.06896316699999261
UTM,134,tm,91.14,0.4149471420000168,0.06811255300002017
UTM,135,tm,91.34,0.4171131800000012,0.06777131200001918
UTM,136,tm,91.22,0.41306994099997496,0.06916400800000133
UTM,137,tm,91.32000000000001,0.4277383939999879,0.06633488599999282
UTM,138,tm,91.12,0.4059886150000125,0.06892475899999795
UTM,139,tm,91.21000000000001,0.41029971300000057,0.06792486300000178
UTM,140,tm,91.22,0.42363087800001153,0.0679807680000124
UTM,141,tm,91.34,0.41314167199999474,0.06633127499998182
UTM,142,tm,91.31,0.4086363419999941,0.06721704200001
UTM,143,tm,91.35,0.4214977580000152,0.06815927700000657
UTM,144,tm,91.11,0.4167705030000093,0.06607868099999337
UTM,145,tm,91.34,0.41823996200000124,0.06764447499998028
UTM,146,tm,91.3,0.41972331300001997,0.06820289800000978
UTM,147,tm,91.36999999999999,0.4144955699999855,0.06838092299997811
UTM,148,tm,91.25,0.42658912699999973,0.06875786800000583
UTM,149,tm,91.3,0.41384102600000006,0.06848556200000644
UTM,150,tm,91.35,0.42482212900000604,0.06901144600001885
UTM,151,tm,91.31,0.4090943599999832,0.06883686199998351
UTM,152,tm,91.38,0.4190309199999831,0.06794218900000715
UTM,153,tm,91.39,0.4183364229999995,0.06642807299999731
UTM,154,tm,91.35,0.40831207399997993,0.06774692499999446
UTM,155,tm,91.32000000000001,0.42016342499999837,0.06821894099999781
UTM,156,tm,91.35,0.41125042499999154,0.06745592100000408
UTM,157,tm,91.21000000000001,0.40946400999999355,0.06669482300000595
UTM,158,tm,91.35,0.4198228799999981,0.06759231800000975
UTM,159,tm,91.18,0.41003913599999464,0.06686563299999193
UTM,160,tm,91.16,0.40316703299998835,0.06795882299999789
UTM,161,tm,91.36999999999999,0.41814497199999323,0.06867794499999036
UTM,162,tm,91.22,0.4145296769999902,0.06717860099999484
UTM,163,tm,91.24,0.4170973440000125,0.06793948000000682
UTM,164,tm,91.3,0.4258964740000124,0.06754610299998376
UTM,165,tm,91.4,0.4170305710000264,0.06644761700002277
UTM,166,tm,91.31,0.4021181610000042,0.06720518800000264
UTM,167,tm,91.39,0.4167710360000001,0.06817615299999602
UTM,168,tm,91.17,0.4056194620000042,0.06732905599997707
UTM,169,tm,91.24,0.4075982930000066,0.06873737300000471
UTM,170,tm,91.2,0.41681188900000166,0.0684810169999821
UTM,171,tm,91.3,0.4204882929999769,0.0676758709999774
UTM,172,tm,91.22,0.4119132109999839,0.06794192800001042
UTM,173,tm,91.14999999999999,0.41515058199999544,0.06879542300001162
UTM,174,tm,91.18,0.42057454300001496,0.06829127699998594
UTM,175,tm,91.14999999999999,0.42474485799999684,0.0685030169999834
UTM,176,tm,91.29,0.4105139469999983,0.06800860699999589
UTM,177,tm,91.19,0.4206045349999954,0.06791247300000691
UTM,178,tm,91.18,0.4216003259999752,0.06620795199998497
UTM,179,tm,91.07,0.4119889820000253,0.06508513399998606
UTM,180,tm,91.24,0.41703943600001026,0.06948208100001807
UTM,181,tm,91.22,0.4074206370000013,0.06821874600001365
UTM,182,tm,91.16,0.40647510700000566,0.06651947099999234
UTM,183,tm,91.25999999999999,0.4090667340000209,0.06690925600000242
UTM,184,tm,91.22,0.40925402199999894,0.06815740299998652
UTM,185,tm,91.12,0.41504658599998834,0.06812109000000532
UTM,186,tm,91.22,0.4151764060000005,0.0682389209999883
UTM,187,tm,91.21000000000001,0.41208831899999154,0.06825097899999832
UTM,188,tm,91.3,0.4182999999999879,0.06761537500000259
UTM,189,tm,91.34,0.42111309099999517,0.06736121200000866
UTM,190,tm,91.09,0.4124822779999988,0.06837998800000378
UTM,191,tm,91.29,0.4142632770000034,0.06756975199999715
UTM,192,tm,91.14999999999999,0.42182518699999605,0.06685109900001862
UTM,193,tm,91.21000000000001,0.4169498949999877,0.06794606400001157
UTM,194,tm,91.03,0.4101973859999646,0.06763818400003174
UTM,195,tm,91.01,0.41832963999996764,0.06798173100003169
UTM,196,tm,91.14999999999999,0.4149902450000127,0.06805041699999492
UTM,197,tm,91.09,0.4165966919999846,0.06759565100003329
UTM,198,tm,91.02,0.42187348699997074,0.06773148400003492
UTM,199,tm,91.19,0.4138691829999743,0.0668432800000005
UTM,200,tm,91.18,0.4180656120000208,0.06742012699999123
UTM,201,tm,91.17,0.41786038899999767,0.07003801700000167
UTM,202,tm,90.97,0.41648601600002166,0.0669344350000074
UTM,203,tm,91.08000000000001,0.4208582350000256,0.06815699499998118
UTM,204,tm,91.16,0.4246102109999583,0.07165312699999049
UTM,205,tm,91.14,0.4177173580000044,0.06791604900001857
UTM,206,tm,91.07,0.42564699299998665,0.0685514930000295
UTM,207,tm,91.25999999999999,0.4177176640000084,0.06786914799999977
UTM,208,tm,91.19,0.4223737230000211,0.07059452999999394
UTM,209,tm,91.09,0.41847407300002715,0.06858216299997366
UTM,210,tm,91.10000000000001,0.407012318999989,0.06734407000004694
UTM,211,tm,91.14,0.4118271500000219,0.06545119600002636
UTM,212,tm,91.03999999999999,0.41238257399999156,0.06791417600004479
UTM,213,tm,90.93,0.41661140600001545,0.06715728499995066
UTM,214,tm,90.89,0.4124262750000298,0.06622697900002095
UTM,215,tm,90.89,0.4191640180000036,0.06579297800004724
UTM,216,tm,90.94,0.421105300000022,0.07237637899999072
UTM,217,tm,90.98,0.420631195999988,0.0675582650000024
UTM,218,tm,91.10000000000001,0.4156598419999682,0.07964171700001543
UTM,219,tm,91.02,0.41531011899996884,0.06728135499997734
UTM,220,tm,91.06,0.4185580639999671,0.06648545400003059
UTM,221,tm,91.08000000000001,0.4253481740000211,0.0690745869999887
UTM,222,tm,91.02,0.4191386929999794,0.06921083100002079
UTM,223,tm,91.08000000000001,0.4214648239999974,0.06844111499998462
UTM,224,tm,91.09,0.41551457199994957,0.06804859999999735
UTM,225,tm,91.08000000000001,0.412608286999955,0.06853403700000626
UTM,226,tm,91.11,0.41576828800003796,0.06928927600000634
UTM,227,tm,91.08000000000001,0.4151493870000422,0.06873157000001129
UTM,228,tm,91.09,0.43053512400001637,0.07004660000001195
UTM,229,tm,90.96,0.42492357899999433,0.06856764999997722
UTM,230,tm,91.09,0.41940296900003204,0.06662445099999559
UTM,231,tm,91.12,0.42153695899997956,0.06821309800000108
UTM,232,tm,91.03999999999999,0.42614990300000954,0.06797854199999165
UTM,233,tm,91.0,0.4148534830000017,0.06771913500000437
UTM,234,tm,91.14999999999999,0.41738395199996603,0.0660648649999871
UTM,235,tm,91.22,0.4171515950000071,0.06915937100001202
UTM,236,tm,91.06,0.4252541569999835,0.06796135500002265
UTM,237,tm,91.2,0.4237741210000081,0.06985312099999419
UTM,238,tm,90.97,0.42422882500000014,0.07222354699996458
UTM,239,tm,90.99000000000001,0.4202668309999922,0.06948920499996802
UTM,240,tm,90.79,0.41895743599997104,0.06826762499997585
UTM,241,tm,90.94,0.41468366699996295,0.06844983399997773
UTM,242,tm,90.85,0.4202396070000418,0.06844328800002586
UTM,243,tm,90.97,0.40828658200001655,0.0666525689999844
UTM,244,tm,91.03,0.4265512199999648,0.06655397200000834
UTM,245,tm,90.9,0.41949485399999276,0.06787885599999299
UTM,246,tm,90.95,0.4254827650000266,0.06847531900001513
UTM,247,tm,91.03,0.4158566950000022,0.06888426699998718
UTM,248,tm,91.01,0.4199839550000206,0.06828867099994795
UTM,249,tm,90.9,0.4152138750000063,0.06763915200002657
UTM,250,tm,91.03,0.41125307100003283,0.06684891600002629
UTM,251,tm,91.0,0.41438648999996985,0.06835516299997835
UTM,252,tm,91.06,0.42182732899999564,0.0688099959999704
UTM,253,tm,90.92,0.42781150600001183,0.06785224000003609
UTM,254,tm,91.01,0.4241905119999956,0.06775294299995949
UTM,255,tm,91.01,0.42175598200003606,0.0666579339999771
UTM,256,tm,90.82000000000001,0.4162669529999903,0.06706121899998152
UTM,257,tm,90.85,0.4227894429999992,0.06867497399997546
UTM,258,tm,90.98,0.4209376630000179,0.06869617699999253
UTM,259,tm,90.84,0.41756475699997964,0.06821672799998169
UTM,260,tm,90.95,0.4146873519999872,0.06730562199999213
UTM,261,tm,91.09,0.4255463329999998,0.06665053299997226
UTM,262,tm,91.05,0.41683182899998883,0.06700751500000024
UTM,263,tm,91.11,0.42090473499996506,0.06790774300003477
UTM,264,tm,90.96,0.4266702589999909,0.06773116799996615
UTM,265,tm,91.01,0.42678366100000176,0.06667339899996705
UTM,266,tm,91.17,0.42218674599996575,0.06885982699998294
UTM,267,tm,91.10000000000001,0.4166686689999892,0.06826404399998864
UTM,268,tm,91.07,0.41350363199995854,0.06883265800001936
UTM,269,tm,91.03,0.42270199500001127,0.06834254200003897
UTM,270,tm,91.11,0.41921350400002666,0.06831927500002166
UTM,271,tm,91.02,0.42097073799999407,0.06793527800004995
UTM,272,tm,91.03999999999999,0.4165639889999966,0.0686846419999938
UTM,273,tm,91.03,0.4268398149999939,0.06797505200000842
UTM,274,tm,91.0,0.41636379300001636,0.06872550999997884
UTM,275,tm,91.10000000000001,0.41162619599998607,0.06766175199999225
UTM,276,tm,91.09,0.42574985799996057,0.06816452200001777
UTM,277,tm,91.11,0.4272242659999961,0.06800731900000301
UTM,278,tm,91.03,0.42166516700001466,0.06773205400003235
UTM,279,tm,91.17,0.4114017190000254,0.068136246999984
UTM,280,tm,91.10000000000001,0.4095027909999658,0.06831250799996269
UTM,281,tm,90.92,0.41457518799995796,0.06772370400000227
UTM,282,tm,90.95,0.42258924399999387,0.06793858000003183
UTM,283,tm,91.05,0.4130781439999964,0.067949896000016
UTM,284,tm,90.92,0.425053231999982,0.06842353900003673
UTM,285,tm,90.9,0.4209327309999935,0.0685159589999671
UTM,286,tm,90.81,0.40666647599999806,0.06786095999996178
UTM,287,tm,91.0,0.4207390339999506,0.06656293100002131
UTM,288,tm,90.98,0.41999115100003337,0.0685527699999966
UTM,289,tm,91.12,0.41705748800001174,0.06838854200003652
UTM,290,tm,91.28,0.42663033399998085,0.06731135900002982
UTM,291,tm,91.11,0.41363565300002847,0.06744495499998493
UTM,292,tm,91.03999999999999,0.42454893999996557,0.06866390499999397
UTM,293,tm,91.11,0.4064263749999668,0.06746777399996517
UTM,294,tm,90.96,0.4225474579999968,0.06650015499997153
UTM,295,tm,91.09,0.41686447800003634,0.06776456399995823
UTM,296,tm,91.06,0.4002075280000099,0.06793492399998513
UTM,297,tm,91.09,0.42691412599998557,0.06773195699997814
UTM,298,tm,91.17,0.41950379200000043,0.06887710500001276
UTM,299,tm,90.86,0.4242684479999639,0.06802778200000148
UTM,300,tm,91.02,0.42013975399999026,0.06827330800001619
UTM,301,tm,91.01,0.42882619699997804,0.06822155399999019
UTM,302,tm,91.19,0.42787466400000085,0.06824823799996693
UTM,303,tm,91.2,0.4173401250000097,0.06888295999999627
UTM,304,tm,91.14999999999999,0.41566815799995993,0.07080280000002404
UTM,305,tm,91.14,0.4221121289999701,0.06930704899997409
UTM,306,tm,91.13,0.4286311470000328,0.07172178999996959
UTM,307,tm,91.10000000000001,0.42495222499997,0.06949347100004388
UTM,308,tm,90.97,0.4275973160000035,0.06999557099999265
UTM,309,tm,90.93,0.4256495739999764,0.06893700800003444
UTM,310,tm,90.75,0.42768712699995604,0.06798491699998976
UTM,311,tm,90.86,0.42077013499999794,0.06900916500001131
UTM,312,tm,90.89,0.4158025820000262,0.06765368099996749
UTM,313,tm,90.91,0.42302450899995847,0.0675210929999821
UTM,314,tm,91.02,0.41944074599996384,0.06813274900002853
UTM,315,tm,90.91,0.41600265199997466,0.06505309499999612
UTM,316,tm,91.14,0.4280451889999881,0.06559835199999497
UTM,317,tm,91.08000000000001,0.42585344200000463,0.06881932100003496
UTM,318,tm,91.13,0.4186465030000477,0.06519054999995433
UTM,319,tm,91.14999999999999,0.42576069800003324,0.06891135999995868
UTM,320,tm,91.17,0.4217785499999991,0.06813267000001133
UTM,321,tm,91.17,0.41580622000003586,0.06851470000003701
UTM,322,tm,91.01,0.41377519700000676,0.07002076100002341
UTM,323,tm,91.01,0.41470656000001327,0.0693704269999671
UTM,324,tm,91.19,0.41612458299999844,0.06830138200001556
UTM,325,tm,90.99000000000001,0.42051035599996567,0.06838803800002324
UTM,326,tm,91.21000000000001,0.4252462439999931,0.06862608000000137
UTM,327,tm,91.32000000000001,0.41034263899996404,0.06916865099998404
UTM,328,tm,91.23,0.42598372300000165,0.06848260599997502
UTM,329,tm,91.3,0.41332564100002855,0.06659679399996321
UTM,330,tm,91.21000000000001,0.4166380740000477,0.0665565539999875
UTM,331,tm,91.21000000000001,0.4203886500000067,0.07042748100002427
UTM,332,tm,91.39,0.42820336000005454,0.06836510400000861
UTM,333,tm,91.31,0.4197267999999781,0.067765976999965
UTM,334,tm,91.24,0.4259097369999836,0.06660258899995597
UTM,335,tm,91.31,0.4171127159999628,0.0687229929999944
UTM,336,tm,91.21000000000001,0.42097515900002236,0.06850491100004774
UTM,337,tm,91.19,0.42562294200001816,0.06788762799999404
UTM,338,tm,91.08000000000001,0.4144217850000018,0.06870707800004539
UTM,339,tm,91.08000000000001,0.4149598600000104,0.06754152100000965
UTM,340,tm,91.13,0.41664855400000533,0.066470986000013
UTM,341,tm,91.01,0.42015199499996925,0.06862889500001756
UTM,342,tm,91.16,0.4234762369999885,0.06753407099995457
UTM,343,tm,91.03999999999999,0.42284413999999515,0.06811668000000282
UTM,344,tm,91.06,0.41753054999998085,0.06912072400001534
UTM,345,tm,90.98,0.4240074649999883,0.06725856300005262
UTM,346,tm,91.08000000000001,0.4240293639999777,0.06799925400002849
UTM,347,tm,90.97,0.4257489249999935,0.0685820260000014
UTM,348,tm,91.07,0.4211631339999826,0.06801298800002087
UTM,349,tm,90.98,0.42053562299997793,0.06741955299997926
UTM,350,tm,91.11,0.41941393799999105,0.0684055080000121
UTM,351,tm,91.05,0.4297576000000163,0.06923889899996993
UTM,352,tm,91.05,0.4266280670000242,0.07017036999997117
UTM,353,tm,91.17,0.42896910100000696,0.06940912999999682
UTM,354,tm,91.17,0.41043077699998776,0.06807788899999423
UTM,355,tm,91.08000000000001,0.42950453599996763,0.06902735699998175
UTM,356,tm,91.01,0.4192486219999978,0.06660743800000546
UTM,357,tm,90.98,0.4290230579999843,0.06917517299996234
UTM,358,tm,90.92,0.4252188269999806,0.06785329799998863
UTM,359,tm,91.03,0.4267923539999856,0.06614154499999358
UTM,360,tm,91.0,0.414193245999968,0.06820820900003355
UTM,361,tm,91.06,0.4296615850000194,0.0680701979999867
UTM,362,tm,90.92,0.42729869200002213,0.06824927700000671
UTM,363,tm,91.01,0.4223072499999603,0.06872174199997971
UTM,364,tm,91.05,0.42060712599999306,0.06881419600000527
UTM,365,tm,90.86,0.4217317260000186,0.06999552199999926
UTM,366,tm,91.13,0.42241775700000517,0.07260164600000962
UTM,367,tm,90.94,0.42558247400000937,0.07134219099998518
UTM,368,tm,91.06,0.42956257999998115,0.06888968099997328
UTM,369,tm,91.09,0.42762836399998605,0.0683642259999715
UTM,370,tm,91.13,0.43353716100000383,0.06884369799996648
UTM,371,tm,91.16,0.4265219629999706,0.06877257999997255
UTM,372,tm,91.19,0.4273278430000005,0.06764464599996245
UTM,373,tm,91.21000000000001,0.42158073500002047,0.06863002699998333
UTM,374,tm,90.89,0.4178586889999565,0.06799573799997916
UTM,375,tm,91.12,0.42251426199999287,0.06818918299995858
UTM,376,tm,91.14,0.42789171500004386,0.06779921300000069
UTM,377,tm,91.24,0.4221952690000421,0.06844243699998742
UTM,378,tm,91.14999999999999,0.4211699280000403,0.06826591499998358
UTM,379,tm,91.21000000000001,0.42527464199997667,0.06784575299997186
UTM,380,tm,91.25,0.4168822059999684,0.06892210299997714
UTM,381,tm,91.2,0.42600615200001357,0.06846273200000041
UTM,382,tm,91.03999999999999,0.42243138600002794,0.06875965000000406
UTM,383,tm,91.17,0.4128250929999808,0.06783878700002788
UTM,384,tm,91.03999999999999,0.43237278899999865,0.06700387999995883
UTM,385,tm,91.21000000000001,0.4167145559999881,0.06960914500001536
UTM,386,tm,91.2,0.4346709480000186,0.06801881299998058
UTM,387,tm,90.99000000000001,0.42685709199997746,0.07039078400003973
UTM,388,tm,91.12,0.42500142299996924,0.07131437300000698
UTM,389,tm,91.14,0.4160179049999897,0.06860005400000091
UTM,390,tm,91.09,0.4254301309999846,0.06928455500002428
UTM,391,tm,91.21000000000001,0.4282668359999775,0.06717987300004324
UTM,392,tm,91.08000000000001,0.41349693700004764,0.06876340000002301
UTM,393,tm,91.11,0.4156268429999841,0.06722022100001368
UTM,394,tm,91.08000000000001,0.42030184200001486,0.06821937000000844
UTM,395,tm,91.13,0.42687703400002874,0.0682555930000035
UTM,396,tm,91.25,0.4189474699999778,0.06846427199997152
UTM,397,tm,91.21000000000001,0.4252769650000232,0.07009658300000865
UTM,398,tm,91.27,0.42764977900003487,0.06794533200002206
UTM,399,tm,91.13,0.41939511999999013,0.06995737700003701
UTM,400,tm,91.02,0.4248402380000016,0.06862890700000435
UTM,401,tm,91.03,0.4245115649999889,0.0674679720000313
UTM,402,tm,91.02,0.42895012100001395,0.06904793299997891
UTM,403,tm,91.03,0.41076283900002863,0.06912434200000916
UTM,404,tm,91.09,0.42362463000000616,0.06818438299995933
UTM,405,tm,91.05,0.4227940290000447,0.07005348600000616
UTM,406,tm,91.14,0.4508447939999769,0.06863525199997866
UTM,407,tm,91.13,0.42416965600000367,0.06824193699998204
UTM,408,tm,91.03,0.42242822899999055,0.06755446500000062
UTM,409,tm,91.11,0.4241368140000077,0.0684082070000045
UTM,410,tm,90.98,0.41990857300004336,0.06842889699998977
UTM,411,tm,91.06,0.42048075999997536,0.06755081900001869
UTM,412,tm,91.06,0.42392639399997734,0.06680569799999603
UTM,413,tm,91.01,0.4228462899999954,0.06906578100000615
UTM,414,tm,91.10000000000001,0.4279034019999699,0.06817738500001269
UTM,415,tm,91.03999999999999,0.42077747600001203,0.06861797099998057
UTM,416,tm,91.09,0.4235450799999967,0.06844884699995646
UTM,417,tm,91.0,0.42700409500002934,0.0677330999999981
UTM,418,tm,90.93,0.4212357469999688,0.06944983599998977
UTM,419,tm,90.95,0.430007551000017,0.06940937599995323
UTM,420,tm,91.12,0.41891969699997844,0.06898460100001103
UTM,421,tm,91.12,0.42724800299998833,0.06868545999998332
UTM,422,tm,91.09,0.417277428000034,0.06870410800001991
UTM,423,tm,91.05,0.4169133630000488,0.06855667700000367
UTM,424,tm,91.05,0.42476464200001374,0.06855464300002723
UTM,425,tm,91.07,0.4277787579999881,0.0681507069999725
UTM,426,tm,91.08000000000001,0.414747981000005,0.06876420899999403
UTM,427,tm,91.07,0.42070696000001817,0.06833382300004587
UTM,428,tm,91.14,0.4289640810000037,0.0681085209999992
UTM,429,tm,90.97,0.4212477519999993,0.07355298500004892
UTM,430,tm,91.02,0.42270748700002514,0.06903402400001823
UTM,431,tm,91.14,0.4184950610000442,0.06862884199995278
UTM,432,tm,91.13,0.41964487899997494,0.06843116300001384
UTM,433,tm,91.21000000000001,0.4324949150000066,0.06822382100000368
UTM,434,tm,91.25999999999999,0.4154897230000074,0.06840713200000437
UTM,435,tm,91.31,0.42980226000003086,0.06852317599998514
UTM,436,tm,91.25999999999999,0.424273965999987,0.06927221600000166
UTM,437,tm,91.14,0.42030440000002045,0.06850724299999911
UTM,438,tm,91.18,0.4197385840000152,0.06860101399996665
UTM,439,tm,91.12,0.4143442590000177,0.0686715659999777
UTM,440,tm,91.25,0.4145488739999905,0.06698441899999352
UTM,441,tm,91.31,0.4209884059999922,0.06651235199996108
UTM,442,tm,91.27,0.4218807500000139,0.0669749589999924
UTM,443,tm,91.27,0.41382116299996596,0.06836306799999647
UTM,444,tm,91.24,0.42455095799999754,0.06861438599997882
UTM,445,tm,91.27,0.4242348099999731,0.06809109400001034
UTM,446,tm,91.17,0.42437608099999125,0.06864853800004767
UTM,447,tm,91.24,0.423239298999988,0.06648941600002445
UTM,448,tm,91.22,0.4123935609999876,0.06626581599999781
UTM,449,tm,91.12,0.4073781449999956,0.06778224999999338
UTM,450,tm,91.14999999999999,0.4222434620000399,0.06701762299996972
UTM,451,tm,90.93,0.41587902600002735,0.06855278400001907
UTM,452,tm,90.97,0.4244424770000137,0.06657797799999798
UTM,453,tm,91.2,0.4312601110000287,0.06737998800002742
UTM,454,tm,91.06,0.42427725900000723,0.06797428599998057
UTM,455,tm,90.95,0.41661041499997964,0.06636450600001353
UTM,456,tm,91.06,0.41660580299998173,0.06820229400000244
UTM,457,tm,90.92,0.43165898400002334,0.06658688700002813
UTM,458,tm,90.74,0.43046431300001586,0.0675740620000056
UTM,459,tm,90.92,0.4322834980000039,0.06953571100001454
UTM,460,tm,90.97,0.4174238789999549,0.06814555900001551
UTM,461,tm,91.05,0.4124337939999805,0.06698687200002951
UTM,462,tm,90.97,0.4269482509999989,0.06833413900000096
UTM,463,tm,90.98,0.422920587999954,0.06852412500001037
UTM,464,tm,91.02,0.42056562299995903,0.0683648250000033
UTM,465,tm,91.01,0.4170811550000053,0.06693525499997577
UTM,466,tm,91.0,0.4234942410000144,0.06793663700000252
UTM,467,tm,91.08000000000001,0.427576901000009,0.06711612999998806
UTM,468,tm,91.03999999999999,0.4312333640000361,0.06857448299996349
UTM,469,tm,90.96,0.42867227900001126,0.06746075900002779
UTM,470,tm,90.96,0.41862378200005423,0.06740311099997598
UTM,471,tm,91.21000000000001,0.423068010999998,0.06833688099999335
UTM,472,tm,91.11,0.4134250339999994,0.06837030999997751
UTM,473,tm,91.22,0.425582511000016,0.06864872999994986
UTM,474,tm,91.19,0.4234491100000355,0.067636240000013
UTM,475,tm,91.28,0.42473900099997763,0.06841038999999682
UTM,476,tm,91.31,0.41866012399998453,0.0673565150000286
UTM,477,tm,91.17,0.41814798900003325,0.06667457199995397
UTM,478,tm,91.18,0.41902227299999595,0.068285531000015
UTM,479,tm,91.03999999999999,0.4247388590000014,0.06756331600001886
UTM,480,tm,91.25999999999999,0.4142851370000358,0.06805704300001025
UTM,481,tm,91.32000000000001,0.42077750400000014,0.06733854499998415
UTM,482,tm,91.21000000000001,0.42384697400001414,0.06814659700000902
UTM,483,tm,91.03999999999999,0.4256938560000094,0.065466291000007
UTM,484,tm,91.18,0.42718949199996814,0.06805976199996167
UTM,485,tm,91.3,0.42230552899997065,0.0664839830000119
UTM,486,tm,91.10000000000001,0.4185331479999945,0.06827794499997708
UTM,487,tm,91.02,0.4266017919999854,0.06658922000002576
UTM,488,tm,91.07,0.42608015199999727,0.06877995799999326
UTM,489,tm,91.09,0.42749157999998033,0.06704133300002013
UTM,490,tm,91.05,0.41468219199998657,0.06786069200001066
UTM,491,tm,91.16,0.4234552589999794,0.06617075700000896
UTM,492,tm,91.14999999999999,0.4237698819999878,0.06650370099998781
UTM,493,tm,91.13,0.4162145340000052,0.06684883999997737
UTM,494,tm,90.93,0.42020974300004355,0.06801610900004107
UTM,495,tm,91.03,0.42910054399999353,0.06823943999995663
UTM,496,tm,91.28,0.4162746269999502,0.06767121500001849
UTM,497,tm,91.16,0.4244864529999859,0.06848502599996209
UTM,498,tm,91.10000000000001,0.4188247939999883,0.06834649199998921
UTM,499,tm,91.14999999999999,0.42522690499998816,0.06853157300002977
UTM,500,tm,91.14,0.4248776359999624,0.06826831000000766
WTM,1,tm,86.95,0.3170136680000155,0.06061448600001995
WTM,2,tm,90.03,0.27185469599999124,0.06128972400000521
WTM,3,tm,90.31,0.25817895599999474,0.0601351160000263
WTM,4,tm,91.21000000000001,0.2547005929999955,0.06002472099999068
WTM,5,tm,91.60000000000001,0.24803168800002595,0.06025636399999712
WTM,6,tm,90.22,0.24096418800002084,0.06107138999999506
WTM,7,tm,92.02,0.24392739199998914,0.06164159700000482
WTM,8,tm,92.25999999999999,0.24102857399998356,0.059806618999971306
WTM,9,tm,91.59,0.24894246799999564,0.06225699499998427
WTM,10,tm,91.66,0.24470828099998698,0.06154156399998101
WTM,11,tm,91.58,0.2443284839999933,0.0631279369999902
WTM,12,tm,92.17999999999999,0.2308525860000259,0.06481698400000369
WTM,13,tm,91.74,0.22753904399996827,0.06097748799999181
WTM,14,tm,92.60000000000001,0.22279561700003114,0.06161052500004871
WTM,15,tm,90.97,0.2312519350000457,0.06350157700001091
WTM,16,tm,92.93,0.22947170000003325,0.0623781749999921
WTM,17,tm,92.07,0.23205914900000835,0.06229996899998014
WTM,18,tm,92.30000000000001,0.23400525099998504,0.06155772099998558
WTM,19,tm,92.78,0.2344087540000146,0.061939512000037666
WTM,20,tm,92.38,0.22182674800001223,0.06308372399996642
WTM,21,tm,93.19,0.2187189320000016,0.06175557300002765
WTM,22,tm,92.64,0.22026626199999555,0.06142067100000759
WTM,23,tm,92.19000000000001,0.22146350799999936,0.061598238999977184
WTM,24,tm,93.32000000000001,0.22052256000000625,0.06078153700002531
WTM,25,tm,93.36,0.22170158399995898,0.0679538280000429
WTM,26,tm,93.66,0.21854787800003805,0.06261291399999891
WTM,27,tm,93.39,0.215584487000001,0.06173902000000453
WTM,28,tm,93.12,0.2166819209999744,0.062278930999980275
WTM,29,tm,92.77,0.21612298100001226,0.06205702399995516
WTM,30,tm,93.52000000000001,0.22229299299999639,0.061933111999962875
WTM,31,tm,93.32000000000001,0.21728233000004593,0.06317406699997719
WTM,32,tm,93.32000000000001,0.21302898600004028,0.061250781000012466
WTM,33,tm,93.39,0.21885914500001036,0.06299632299999303
WTM,34,tm,93.46,0.22108552899999268,0.06091088700003411
WTM,35,tm,93.2,0.21976047200001858,0.061744065000027604
WTM,36,tm,93.86,0.21709706499996173,0.0611592419999738
WTM,37,tm,93.5,0.21688099900001134,0.061311215999978685
WTM,38,tm,93.17999999999999,0.21009187199996404,0.06188705699997854
WTM,39,tm,93.14,0.21345845799999097,0.06130130299999337
WTM,40,tm,93.39,0.21255695100001049,0.06214362700001175
WTM,41,tm,93.46,0.2150454550000518,0.061826357999962056
WTM,42,tm,93.07,0.2157387380000273,0.0617696520000095
WTM,43,tm,94.21000000000001,0.21981710699998303,0.061540776000015285
WTM,44,tm,92.93,0.21459574200002862,0.06079975400001558
WTM,45,tm,92.47999999999999,0.21252577299998165,0.06162775499996087
WTM,46,tm,93.34,0.21028902199998356,0.06114042000001518
WTM,47,tm,92.81,0.2209037179999882,0.0627353969999831
WTM,48,tm,94.23,0.20895222899997634,0.06211754200000996
WTM,49,tm,94.37,0.21237235900002815,0.06066062600001487
WTM,50,tm,93.37,0.21263082799998756,0.06160696199998483
WTM,51,tm,93.84,0.21171497799997496,0.06151818400002185
WTM,52,tm,93.30000000000001,0.21206714600003806,0.06260818699996662
WTM,53,tm,93.46,0.21095085899997912,0.06125113899997814
WTM,54,tm,93.47,0.21194352900005242,0.061351680999962355
WTM,55,tm,93.5,0.21654727499998216,0.06032129699997313
WTM,56,tm,94.27,0.21114563999998381,0.06208830200000648
WTM,57,tm,93.52000000000001,0.2147267810000244,0.06158429300000989
WTM,58,tm,94.12,0.21132329600004596,0.062358534999987114
WTM,59,tm,93.76,0.20965153299999884,0.061810893000028955
WTM,60,tm,93.84,0.21242536099998688,0.06140472999999247
WTM,61,tm,93.60000000000001,0.21222908699996879,0.06174370599995882
WTM,62,tm,93.35,0.21071607400000403,0.062378344999956425
WTM,63,tm,93.17999999999999,0.21366376600002468,0.06150493800004142
WTM,64,tm,92.39,0.21430799500001285,0.06210469299998067
WTM,65,tm,93.87,0.20939784199998712,0.06208372099996495
WTM,66,tm,93.94,0.21999750200001245,0.06254856499998596
WTM,67,tm,93.66,0.21619255400003112,0.06275067500001796
WTM,68,tm,93.22,0.2084372229999758,0.06246654699998544
WTM,69,tm,93.15,0.21304902700001094,0.06198580599999559
WTM,70,tm,93.34,0.21527175199997828,0.0626082680000195
WTM,71,tm,93.71000000000001,0.2117432090000193,0.06193706499999507
WTM,72,tm,94.15,0.21302848499999527,0.062417189999962375
WTM,73,tm,93.57,0.210876356999961,0.06101194599995097
WTM,74,tm,93.8,0.2141581490000135,0.06219448100000591
WTM,75,tm,93.14,0.2090944429999695,0.062317025999959696
WTM,76,tm,93.47,0.20852911999998014,0.06225207800002863
WTM,77,tm,93.45,0.21128590400002167,0.06151822099997162
WTM,78,tm,93.64,0.20983316300004162,0.06237761599999203
WTM,79,tm,93.66,0.2115618819999554,0.06158192199995938
WTM,80,tm,94.19999999999999,0.20916678800000454,0.06151735900004951
WTM,81,tm,93.0,0.21721637199999577,0.0621680099999935
WTM,82,tm,93.97999999999999,0.20991583799997215,0.06129924499998651
WTM,83,tm,93.16,0.2096767339999701,0.06118886899997733
WTM,84,tm,94.12,0.2097272260000409,0.06143616399998564
WTM,85,tm,93.4,0.20308042599998544,0.06071275499999729
WTM,86,tm,93.97999999999999,0.21935008799999878,0.06130140999999867
WTM,87,tm,92.96,0.21737341900001184,0.06148284500000045
WTM,88,tm,93.65,0.21525062299997444,0.060949909999976626
WTM,89,tm,93.44,0.221704031999991,0.06144869199999903
WTM,90,tm,94.02000000000001,0.21945975899996029,0.0616571979999776
WTM,91,tm,93.97,0.21213498200000913,0.06220474999997805
WTM,92,tm,93.71000000000001,0.21290981300001022,0.06110395299998572
WTM,93,tm,93.86,0.21098257599999215,0.06106939699998293
WTM,94,tm,92.99,0.2225526089999903,0.06397109100004172
WTM,95,tm,93.77,0.21418698600001562,0.06132394500002647
WTM,96,tm,93.72,0.21392850199998747,0.066768833000026
WTM,97,tm,93.39,0.21050376100004087,0.06220231300000023
WTM,98,tm,94.0,0.2178350700000351,0.06365121400000362
WTM,99,tm,94.04,0.21447771599997623,0.06415423099997497
WTM,100,tm,93.34,0.21821405999997978,0.06190731799995319
WTM,101,tm,93.99,0.21107829899995068,0.06225786900000685
WTM,102,tm,93.45,0.20982383199998367,0.06222635500000706
WTM,103,tm,93.42,0.21112089000001788,0.062105245999987346
WTM,104,tm,93.31,0.21326542100001689,0.06284685200000695
WTM,105,tm,93.52000000000001,0.20994245800000044,0.062096165000014025
WTM,106,tm,94.03,0.21484944100001258,0.06314358200000925
WTM,107,tm,93.86,0.21339116999996577,0.06316220600001543
WTM,108,tm,93.46,0.20751204200001894,0.061970611999981884
WTM,109,tm,94.46,0.21399521799997956,0.06241488099999515
WTM,110,tm,93.78,0.22236128999998073,0.0609153099999844
WTM,111,tm,93.96,0.2123862089999875,0.06089997999998786
WTM,112,tm,93.65,0.21041402899999184,0.06148459600001388
WTM,113,tm,93.36,0.2127289349999728,0.06270952699998134
WTM,114,tm,93.5,0.2081614709999826,0.06325384900003428
WTM,115,tm,93.30000000000001,0.21384291500004338,0.06148278900002424
WTM,116,tm,93.82000000000001,0.21467188299999407,0.06194837399999642
WTM,117,tm,94.48,0.21187527000000728,0.0633724959999995
WTM,118,tm,94.08999999999999,0.20805797399998482,0.06156751399998939
WTM,119,tm,94.14,0.2091063109999709,0.061813924999967185
WTM,120,tm,93.42,0.21454177000003938,0.06226024000000052
WTM,121,tm,93.85,0.21917393100000027,0.06214488899996695
WTM,122,tm,92.94,0.21542709800002058,0.06248737499998924
WTM,123,tm,93.97,0.21890968299999258,0.06228583699999035
WTM,124,tm,94.07,0.2148368030000256,0.06248214800001506
WTM,125,tm,94.57,0.2113049339999975,0.061150349000001825
WTM,126,tm,93.45,0.21163658899996562,0.06139833899999303
WTM,127,tm,94.22,0.21049435200001199,0.06227660999996942
WTM,128,tm,93.49,0.21162070899998753,0.06167364399999542
WTM,129,tm,93.05,0.20654592800002547,0.06157741999999189
WTM,130,tm,93.89,0.21690526199995475,0.06186539499998389
WTM,131,tm,94.12,0.21478926999998293,0.06122224799997866
WTM,132,tm,93.47999999999999,0.20276056200003723,0.061030469000002086
WTM,133,tm,92.97,0.20985624500002587,0.06149437599998464
WTM,134,tm,93.58999999999999,0.22029108399999586,0.0624275399999874
WTM,135,tm,93.24,0.21094003199999634,0.06184110299994927
WTM,136,tm,93.71000000000001,0.20901723200000788,0.06191927200001146
WTM,137,tm,94.26,0.21173982299995942,0.06137257199998203
WTM,138,tm,93.85,0.21162872700000435,0.061105248000046686
WTM,139,tm,93.28999999999999,0.20641882700005,0.06158553700004177
WTM,140,tm,94.05,0.20808178200002203,0.0619375820000414
WTM,141,tm,94.01,0.20953457600001002,0.06224795999997923
WTM,142,tm,93.19,0.21291989899998498,0.06038607499999671
WTM,143,tm,93.99,0.21532680000001392,0.06197408399998494
WTM,144,tm,93.65,0.21187320100000306,0.06342460999997002
WTM,145,tm,93.67999999999999,0.21545354699998143,0.06189013200003046
WTM,146,tm,93.85,0.21714706300002717,0.06774920599997358
WTM,147,tm,94.6,0.21550755599997728,0.06178406599997288
WTM,148,tm,93.36,0.20808976500001108,0.06212483600000951
WTM,149,tm,94.05,0.2118728689999898,0.06149732100004712
WTM,150,tm,93.67999999999999,0.21439128999998047,0.06192746899995427
WTM,151,tm,93.10000000000001,0.20607339500003263,0.06136364899998625
WTM,152,tm,93.84,0.21016229500003192,0.06194274300003144
WTM,153,tm,93.03,0.20865883100003657,0.06119712399998889
WTM,154,tm,94.04,0.20877094700000498,0.0619038959999898
WTM,155,tm,93.78999999999999,0.20919010900001922,0.061328853000020445
WTM,156,tm,94.33,0.21065561900002194,0.062135627000031945
WTM,157,tm,93.67,0.2112562510000089,0.0621280700000284
WTM,158,tm,94.11,0.21394456499996295,0.06115136600004689
WTM,159,tm,93.69,0.21050905800001374,0.061316447999956836
WTM,160,tm,93.60000000000001,0.212525127000049,0.06249579800004312
WTM,161,tm,93.94,0.21372554200002014,0.0603284809999991
WTM,162,tm,93.17,0.21092846999999892,0.062617476000014
WTM,163,tm,92.80000000000001,0.2105053979999525,0.06117044799998439
WTM,164,tm,94.06,0.2079135489999544,0.062381014999971285
WTM,165,tm,93.64,0.2082699709999929,0.06178730499999574
WTM,166,tm,94.15,0.20716774699997131,0.06094051800005218
WTM,167,tm,93.63,0.2188864079999462,0.0615498479999701
WTM,168,tm,93.93,0.2101411730000109,0.061858846000006906
WTM,169,tm,93.76,0.2115438629999744,0.06218355599997949
WTM,170,tm,93.51,0.21219601900003227,0.060065170000029866
WTM,171,tm,93.5,0.21493909299999814,0.06215178500002594
WTM,172,tm,93.15,0.21792079300001888,0.061117411999987326
WTM,173,tm,93.89,0.21876653200001783,0.06233114000002615
WTM,174,tm,93.88,0.21240320199996177,0.06243354100001852
WTM,175,tm,93.67,0.20491613000001507,0.06224251699995875
WTM,176,tm,93.87,0.20956004299995357,0.06142104099996004
WTM,177,tm,93.84,0.21157429499999125,0.060885079999991376
WTM,178,tm,93.02,0.20841370099998358,0.06102770199998986
WTM,179,tm,92.44,0.20953895700000658,0.06252489500002412
WTM,180,tm,93.05,0.2083432640000069,0.061696831000006114
WTM,181,tm,94.04,0.2173660219999647,0.06109873900004459
WTM,182,tm,91.86,0.21440323899997793,0.06207534399999304
WTM,183,tm,93.46,0.20719647099997474,0.06167994899999485
WTM,184,tm,93.85,0.21225961499999357,0.06259682799998245
WTM,185,tm,93.71000000000001,0.2081463009999993,0.061786513000015475
WTM,186,tm,94.19,0.20906292400002258,0.06166199099999403
WTM,187,tm,94.17999999999999,0.215767593999999,0.06112415699999474
WTM,188,tm,93.88,0.21514448700003186,0.06095557599996937
WTM,189,tm,93.37,0.21574562000000697,0.06468447700001434
WTM,190,tm,94.27,0.21437788199995111,0.061298343999965255
WTM,191,tm,92.47999999999999,0.20514262000000372,0.062193153000009715
WTM,192,tm,92.46,0.20781052699999236,0.06221852900000613
WTM,193,tm,92.43,0.2105457220000062,0.06276061099998742
WTM,194,tm,93.28,0.2097026180000512,0.06105608300003951
WTM,195,tm,94.24,0.21369752600003267,0.06247733700001845
WTM,196,tm,93.47999999999999,0.21421246499994595,0.06278076600000304
WTM,197,tm,94.19999999999999,0.2117057330000307,0.05865141900000026
WTM,198,tm,92.86,0.20211164900001677,0.05981456099999605
WTM,199,tm,94.07,0.2050670449999643,0.061140468000019155
WTM,200,tm,93.53,0.2134609130000058,0.06271587700001646
WTM,201,tm,94.32000000000001,0.21367932600003314,0.06143683999999894
WTM,202,tm,92.27,0.20564955199995438,0.06145242699994924
WTM,203,tm,93.34,0.20967068400000244,0.06211651600000323
WTM,204,tm,93.84,0.20430782900001532,0.061136443999998846
WTM,205,tm,94.24,0.21096782399996528,0.06094029299998738
WTM,206,tm,93.63,0.212764591999985,0.06148080799999889
WTM,207,tm,93.62,0.2076795830000151,0.0632487159999755
WTM,208,tm,93.91000000000001,0.21126828299998124,0.061732299999960105
WTM,209,tm,93.93,0.21696818600003098,0.062225232999992386
WTM,210,tm,93.19,0.21517503300003682,0.06301578900001914
WTM,211,tm,93.78999999999999,0.20972571699996934,0.062079996000022675
WTM,212,tm,93.89999999999999,0.2088210460000255,0.0639798000000269
WTM,213,tm,92.34,0.21965780000004997,0.06246517900001436
WTM,214,tm,94.5,0.20551380000000563,0.06216195500002186
WTM,215,tm,93.96,0.2107105629999637,0.06325711299996328
WTM,216,tm,94.03,0.21596044899996514,0.06314449000001332
WTM,217,tm,94.14,0.2054705170000375,0.06323065599997335
WTM,218,tm,94.03,0.21125954299998284,0.06119160700001203
WTM,219,tm,94.42,0.2132299410000087,0.06189809500000365
WTM,220,tm,94.22,0.21163435800002617,0.06140294400000812
WTM,221,tm,94.01,0.20423609700003453,0.06261380399996597
WTM,222,tm,94.19,0.20917021999997587,0.06271409400000039
WTM,223,tm,93.39,0.21624829699999282,0.061274704000027214
WTM,224,tm,93.87,0.2142951839999796,0.06278927200003181
WTM,225,tm,94.12,0.2093548629999873,0.06260830499996928
WTM,226,tm,94.02000000000001,0.20882701299996143,0.06179187399999364
WTM,227,tm,93.78999999999999,0.21072872600001347,0.061978317000011884
WTM,228,tm,93.53,0.21163792599998033,0.062288121999984014
WTM,229,tm,94.08999999999999,0.21009356100000787,0.06251225300002261
WTM,230,tm,93.10000000000001,0.21056311700004926,0.06216073199999528
WTM,231,tm,94.37,0.20854395899999645,0.061900716999957694
WTM,232,tm,94.55,0.2082889719999912,0.06394214499999862
WTM,233,tm,93.4,0.2216064210000468,0.06162550400000555
WTM,234,tm,94.66,0.21579222799999798,0.06096399599999813
WTM,235,tm,93.52000000000001,0.20941621200000782,0.061384333000034985
WTM,236,tm,93.73,0.2077858139999762,0.06134127699999681
WTM,237,tm,93.67999999999999,0.20470043099999202,0.06237791799998149
WTM,238,tm,94.15,0.2092157419999694,0.06238673400002881
WTM,239,tm,93.8,0.21044732199999316,0.06357784300001867
WTM,240,tm,93.71000000000001,0.2177211470000202,0.061550483000019085
WTM,241,tm,93.61,0.20936259100000143,0.06197228000002042
WTM,242,tm,93.65,0.21397071399997003,0.061648962999981904
WTM,243,tm,93.47999999999999,0.20277104500001997,0.06208114499997919
WTM,244,tm,93.06,0.2096592469999905,0.0641627290000315
WTM,245,tm,93.49,0.21722616400001016,0.062160914999992656
WTM,246,tm,93.72,0.21424331499997606,0.061664661999998316
WTM,247,tm,94.36,0.21367903300000535,0.062257167000041136
WTM,248,tm,94.21000000000001,0.20756035400000883,0.06108275400004004
WTM,249,tm,94.12,0.21372743999995691,0.06325060099999291
WTM,250,tm,94.34,0.21349886400003015,0.06234742499998447
WTM,251,tm,93.94,0.21345700900002385,0.06257364999999027
WTM,252,tm,94.44,0.20737057199994524,0.06072615299996187
WTM,253,tm,94.08999999999999,0.20981901400000424,0.06209883399998262
WTM,254,tm,93.30000000000001,0.2108516320000149,0.06231925700001284
WTM,255,tm,93.57,0.2170537179999883,0.062010251999993216
WTM,256,tm,94.26,0.21503244699999868,0.06129458899999918
WTM,257,tm,93.78,0.20754877100000613,0.06182093199998917
WTM,258,tm,93.73,0.2049942439999768,0.06258590999999569
WTM,259,tm,93.92,0.2103561749999585,0.061443484999983866
WTM,260,tm,93.69,0.21221075100004327,0.06138998800003037
WTM,261,tm,93.81,0.2135802590000253,0.061506379000036304
WTM,262,tm,93.84,0.2098760349999793,0.06298170700000583
WTM,263,tm,93.76,0.2095091570000136,0.06417918699997927
WTM,264,tm,93.44,0.2115393089999884,0.062037237000026835
WTM,265,tm,93.89999999999999,0.21811479699999836,0.06467333900002359
WTM,266,tm,93.99,0.20432530799996584,0.061871863000021676
WTM,267,tm,93.91000000000001,0.20784981999997854,0.060794297999962055
WTM,268,tm,94.03,0.2044339040000409,0.062394312999970225
WTM,269,tm,93.99,0.21008329900001854,0.06272694500000853
WTM,270,tm,94.19999999999999,0.21502430500004266,0.060436165999988134
WTM,271,tm,93.73,0.21202292399999578,0.06227228500000592
WTM,272,tm,93.64,0.21586619699996845,0.060958630000016
WTM,273,tm,94.02000000000001,0.21200181699998666,0.06309157099997265
WTM,274,tm,94.31,0.20450544199997012,0.06174566599997888
WTM,275,tm,93.64,0.214351540999985,0.06261311100001876
WTM,276,tm,93.17999999999999,0.2136217010000223,0.06192650200000571
WTM,277,tm,94.32000000000001,0.21423558300000423,0.062330036000048494
WTM,278,tm,94.41000000000001,0.21173141399998485,0.062350917999992816
WTM,279,tm,94.21000000000001,0.21664260200003582,0.06022025800001529
WTM,280,tm,93.49,0.21054462700004706,0.06216325799999822
WTM,281,tm,93.93,0.20914709900000616,0.06201358500004517
WTM,282,tm,93.82000000000001,0.20890449400002353,0.06258982600002128
WTM,283,tm,94.17999999999999,0.2141913250000016,0.061719769000035285
WTM,284,tm,94.08,0.20673844600003122,0.06378456800001686
WTM,285,tm,93.78,0.21303409399996553,0.062113923000026716
WTM,286,tm,92.77,0.2103656699999874,0.06375495600002523
WTM,287,tm,93.89,0.21397858400001724,0.06223693400005459
WTM,288,tm,93.03,0.21118676399999003,0.06160773200002723
WTM,289,tm,91.64999999999999,0.21369908799999848,0.06293765999998868
WTM,290,tm,93.11,0.2098570480000035,0.062396852999995644
WTM,291,tm,93.95,0.21495116599999164,0.06237964299998566
WTM,292,tm,93.51,0.20743399799999906,0.06190732599998228
WTM,293,tm,94.48,0.20687780200000816,0.06283882799999674
WTM,294,tm,94.28999999999999,0.20796663800001625,0.06163120399997979
WTM,295,tm,94.37,0.20827775599997267,0.06226985100005322
WTM,296,tm,94.11,0.21172131300005503,0.061617767000029744
WTM,297,tm,93.11,0.20883830200000375,0.06231900299997051
WTM,298,tm,92.42,0.21283179900001414,0.06229964999999993
WTM,299,tm,93.36,0.2076307119999683,0.06195636399996829
WTM,300,tm,94.04,0.2059554319999961,0.06299688299998252
WTM,301,tm,94.01,0.20889696300002925,0.062124527999969814
WTM,302,tm,93.86,0.2116094989999624,0.06839129000002231
WTM,303,tm,93.84,0.20515632599995115,0.06425579900002276
WTM,304,tm,93.99,0.2041100089999759,0.06219183800004657
WTM,305,tm,93.96,0.20763272099998176,0.06200290900000027
WTM,306,tm,94.13,0.21795092700000396,0.06252369100002397
WTM,307,tm,93.75,0.20555239700001948,0.06250377800000706
WTM,308,tm,94.53,0.21493781100002707,0.06197193400004153
WTM,309,tm,94.01,0.21242209199999706,0.06121389999998428
WTM,310,tm,94.44,0.20732149700000946,0.06423705900004961
WTM,311,tm,93.38,0.20879418900000246,0.06470227500000192
WTM,312,tm,94.46,0.21616941400003498,0.062470904999997856
WTM,313,tm,93.71000000000001,0.20664843399998745,0.061401165000006586
WTM,314,tm,93.54,0.20776834400004418,0.06099720800000341
WTM,315,tm,93.67999999999999,0.2101603750000436,0.06176090200000317
WTM,316,tm,93.88,0.20719973100000288,0.06035338399999546
WTM,317,tm,94.02000000000001,0.2102959029999738,0.06173992100002579
WTM,318,tm,94.14,0.20962723899998537,0.0611446899999919
WTM,319,tm,93.89999999999999,0.21328964799999994,0.060362265000037496
WTM,320,tm,93.17999999999999,0.20488689600000498,0.061477564000028906
WTM,321,tm,94.06,0.21202948600000582,0.061097012000004725
WTM,322,tm,94.39,0.2083118840000111,0.06279366200004688
WTM,323,tm,94.0,0.2103796080000393,0.06222700200004283
WTM,324,tm,93.78999999999999,0.2163584989999663,0.06086162700000841
WTM,325,tm,93.13,0.209487992999982,0.06082683800002542
WTM,326,tm,94.3,0.20920308200004456,0.06211053300000913
WTM,327,tm,94.26,0.2082408400000304,0.06255116500000213
WTM,328,tm,93.66,0.2188791320000405,0.06273546099998839
WTM,329,tm,92.67,0.2079744310000251,0.060006647999955476
WTM,330,tm,93.17999999999999,0.2145313600000236,0.06260543000001917
WTM,331,tm,93.12,0.21308310699998856,0.0618008089999762
WTM,332,tm,92.92,0.21052496100003282,0.06181713099999797
WTM,333,tm,93.41000000000001,0.20804825199996912,0.06283304100003306
WTM,334,tm,93.78999999999999,0.20638096699997277,0.06107282100003886
WTM,335,tm,94.04,0.2102047090000383,0.06201894100001937
WTM,336,tm,93.30000000000001,0.2058195810000143,0.06152212900002496
WTM,337,tm,94.19,0.20504209599999967,0.06199392799999259
WTM,338,tm,93.15,0.20968109399996138,0.06096930500001463
WTM,339,tm,93.83,0.20276510700000472,0.06283074599997462
WTM,340,tm,94.06,0.2156594329999848,0.0630222789999948
WTM,341,tm,94.24,0.20655480800002124,0.06153327800001307
WTM,342,tm,93.63,0.2076624430000038,0.06148379799998338
WTM,343,tm,94.28,0.20796751099999256,0.06263654699995413
WTM,344,tm,94.03,0.20717869300000302,0.061043176999987736
WTM,345,tm,93.47999999999999,0.21459866600002897,0.06267383299996254
WTM,346,tm,93.24,0.208936322999989,0.06034319900004448
WTM,347,tm,93.97999999999999,0.2090613330000224,0.06225511500002767
WTM,348,tm,93.89,0.21328476100001126,0.06293652599998723
WTM,349,tm,93.32000000000001,0.2105839250000372,0.06108565199997429
WTM,350,tm,94.39,0.20784797999999682,0.061705905999986044
WTM,351,tm,93.54,0.2107626229999937,0.06195052200001783
WTM,352,tm,93.07,0.20522799500002975,0.06203245300002891
WTM,353,tm,93.27,0.20911481899997852,0.06484305199995788
WTM,354,tm,94.22,0.20813607799999545,0.0617479189999699
WTM,355,tm,94.43,0.20625510799999347,0.06294945900003768
WTM,356,tm,93.78999999999999,0.21097467799995684,0.061155632000009064
WTM,357,tm,93.96,0.20846393099998295,0.0610191069999928
WTM,358,tm,94.03,0.21069944100003113,0.06117870299999595
WTM,359,tm,94.44,0.20477339799998617,0.06093671999997241
WTM,360,tm,93.72,0.20467703600002096,0.06173908199997413
WTM,361,tm,93.96,0.21012545499996804,0.061370196999973814
WTM,362,tm,93.83,0.20682885100001158,0.0634349069999871
WTM,363,tm,94.08999999999999,0.20875708299996631,0.06145226400002457
WTM,364,tm,93.82000000000001,0.21367752999998402,0.060535742000013215
WTM,365,tm,94.45,0.20915344800005187,0.06164544400002114
WTM,366,tm,93.85,0.21440066099995647,0.06254212300001427
WTM,367,tm,94.02000000000001,0.2123095800000101,0.06156500200000892
WTM,368,tm,94.03,0.2107685650000235,0.061600806000001285
WTM,369,tm,94.28999999999999,0.20911770700001853,0.060405782000032104
WTM,370,tm,94.13,0.2121244650000449,0.06112421699998549
WTM,371,tm,94.26,0.2119008299999905,0.06136770399996294
WTM,372,tm,94.15,0.2164013789999899,0.06088272199997391
WTM,373,tm,93.52000000000001,0.21259348200004524,0.061220469999966554
WTM,374,tm,93.66,0.21470854400001826,0.06183475199998156
WTM,375,tm,93.97999999999999,0.21103032499996743,0.06423493600004804
WTM,376,tm,93.24,0.20914722600002733,0.06311674099998754
WTM,377,tm,94.23,0.20490418299999646,0.061781929000005675
WTM,378,tm,93.46,0.20704561299999114,0.06132529300003853
WTM,379,tm,94.14,0.20963991600001464,0.06351596700000073
WTM,380,tm,93.87,0.20960892099998318,0.06096294100001387
WTM,381,tm,94.12,0.21349852499997723,0.062347364999993715
WTM,382,tm,93.7,0.21216254500001241,0.06138515899999675
WTM,383,tm,94.32000000000001,0.20656663799996977,0.06075365199995986
WTM,384,tm,92.83,0.21142495899999858,0.06178800599997203
WTM,385,tm,93.7,0.2112553099999559,0.061613382000018646
WTM,386,tm,93.99,0.21669353100003264,0.061668867999969734
WTM,387,tm,93.78999999999999,0.2184412839999368,0.06352883299996392
WTM,388,tm,92.4,0.21479630800001814,0.062405667999996695
WTM,389,tm,93.2,0.20893032499998299,0.061838244000000486
WTM,390,tm,93.61,0.20942529900003137,0.06168043599996054
WTM,391,tm,93.31,0.21097171700000672,0.061807130000033794
WTM,392,tm,93.92,0.21104287899993324,0.06286465799996677
WTM,393,tm,92.73,0.20934669200005374,0.06262524300007044
WTM,394,tm,93.44,0.21473829199999273,0.06232475000001614
WTM,395,tm,93.97,0.21196602700001677,0.06226916000002802
WTM,396,tm,93.56,0.21610255999996753,0.060921592999989116
WTM,397,tm,93.04,0.2112832120000121,0.06080112500001178
WTM,398,tm,93.84,0.20974709400002212,0.062161457000001974
WTM,399,tm,93.26,0.21147339699996337,0.06294050500002868
WTM,400,tm,93.52000000000001,0.21423490199993012,0.062366773000007925
WTM,401,tm,93.45,0.20935792700004185,0.06174772800000028
WTM,402,tm,92.74,0.2086581590000378,0.062279326999941986
WTM,403,tm,93.74,0.21218755399991096,0.06178123600000163
WTM,404,tm,93.78999999999999,0.20798617200000535,0.061975129999950695
WTM,405,tm,93.58999999999999,0.20602584999994633,0.06237174099999265
WTM,406,tm,93.86,0.21098044699999718,0.061765725999975984
WTM,407,tm,92.95,0.21042307799996252,0.06247880499995517
WTM,408,tm,94.07,0.20600830899991251,0.060594566999952804
WTM,409,tm,92.65,0.20725118400002884,0.06355136199999833
WTM,410,tm,93.25,0.20892903300000398,0.06142770799999653
WTM,411,tm,94.17999999999999,0.2000623710000582,0.06192756699999791
WTM,412,tm,93.32000000000001,0.20502823499998613,0.06230883700004597
WTM,413,tm,93.23,0.2030358920000026,0.06267938600001344
WTM,414,tm,93.82000000000001,0.21180247899997084,0.06167903400000796
WTM,415,tm,93.67999999999999,0.20762180700000954,0.06190197800003716
WTM,416,tm,94.16,0.20780105900007584,0.06280280099997526
WTM,417,tm,94.31,0.20666820099995675,0.0616491790000282
WTM,418,tm,93.96,0.20549770399998124,0.062134509999964394
WTM,419,tm,92.82000000000001,0.20903826000005665,0.06286550599998009
WTM,420,tm,93.0,0.20256222799991974,0.061402083000075436
WTM,421,tm,93.26,0.20935023899994576,0.06294087499998113
WTM,422,tm,92.7,0.21791298899995581,0.0631478560000005
WTM,423,tm,93.76,0.20874394600002688,0.061669591000054425
WTM,424,tm,93.11,0.20683265599996048,0.06123754899999767
WTM,425,tm,94.17,0.21406669500004227,0.06171169200001714
WTM,426,tm,93.97,0.2166615209999918,0.06182813800000986
WTM,427,tm,94.07,0.21068719600009445,0.06208454599993729
WTM,428,tm,93.58,0.21121572200001992,0.0620194900000115
WTM,429,tm,93.03,0.21711811799991665,0.06185007399994902
WTM,430,tm,93.58999999999999,0.2150907369999686,0.06221748999996635
WTM,431,tm,93.94,0.210956327999952,0.0614559250000184
WTM,432,tm,93.56,0.20821557500005383,0.062327726000035
WTM,433,tm,93.24,0.20629241099993578,0.06391925200000514
WTM,434,tm,94.14,0.2077533520000543,0.06443254399994203
WTM,435,tm,92.78,0.2038442529999429,0.06355245899999318
WTM,436,tm,94.19999999999999,0.21383433400001195,0.06310942100003558
WTM,437,tm,91.99000000000001,0.20785444099999495,0.06199873699995351
WTM,438,tm,93.56,0.20962405399995987,0.061813433999986955
WTM,439,tm,93.74,0.21160798899995825,0.06186055800003487
WTM,440,tm,93.43,0.20613422300004913,0.06184607499994854
WTM,441,tm,93.36,0.2166434879999315,0.0618024930000729
WTM,442,tm,93.91000000000001,0.20570414699989215,0.06131705200004944
WTM,443,tm,93.65,0.20773993699992843,0.06371320300002026
WTM,444,tm,93.35,0.20450716899995314,0.06255032599995047
WTM,445,tm,91.74,0.20818761299995003,0.06215606499995374
WTM,446,tm,92.96,0.20955834599999434,0.06464515599998322
WTM,447,tm,94.11,0.21091825200005587,0.06181350500003191
WTM,448,tm,94.03,0.20638904199995523,0.06280317799996737
WTM,449,tm,94.03,0.20919658299999355,0.06134582300001057
WTM,450,tm,93.27,0.20552546500005064,0.061007616999972925
WTM,451,tm,93.87,0.21557319099997585,0.0615613500000336
WTM,452,tm,94.44,0.21050310300006458,0.06168489800006682
WTM,453,tm,93.72,0.21288291100006518,0.06126507900000888
WTM,454,tm,93.36,0.2085252849999506,0.06209588600006555
WTM,455,tm,94.17999999999999,0.19829321999998228,0.06159274699996331
WTM,456,tm,93.75,0.20947089000003416,0.06056460000002062
WTM,457,tm,93.76,0.20814600500000324,0.0631513549999454
WTM,458,tm,93.97999999999999,0.20718176100001529,0.06199732699997185
WTM,459,tm,93.81,0.2089336579999781,0.060614943000018684
WTM,460,tm,93.97,0.20837582000001476,0.06183561600005305
WTM,461,tm,93.81,0.2159544090000054,0.06170846800000618
WTM,462,tm,94.43,0.2107136580000315,0.062289673000009316
WTM,463,tm,92.94,0.21024086399995667,0.06361762200003795
WTM,464,tm,94.1,0.21476500599999326,0.06294033599999693
WTM,465,tm,93.54,0.21122835200003465,0.061714444000017465
WTM,466,tm,94.11,0.20799892999991698,0.06135731900008068
WTM,467,tm,91.33,0.21023285000001124,0.06124766899995393
WTM,468,tm,94.05,0.20769314400001804,0.061606295000046885
WTM,469,tm,93.53,0.2115323199999466,0.06224707000001217
WTM,470,tm,93.86,0.20838492400002906,0.061337034999951356
WTM,471,tm,93.97,0.20859632499991676,0.06100815000002058
WTM,472,tm,94.01,0.2089825010000368,0.061916432999964854
WTM,473,tm,94.0,0.20310223699993912,0.06194740899991302
WTM,474,tm,93.52000000000001,0.20176860200001556,0.06174872200006121
WTM,475,tm,94.26,0.21162853999999243,0.061179821999985506
WTM,476,tm,94.63000000000001,0.20790828899998814,0.06236632299999201
WTM,477,tm,94.21000000000001,0.20870836899996448,0.0621457959999816
WTM,478,tm,93.89999999999999,0.2087766610000017,0.06203325599994969
WTM,479,tm,93.60000000000001,0.20777377700005673,0.06255820000001222
WTM,480,tm,94.13,0.2107911509999667,0.060959295999964525
WTM,481,tm,94.22,0.20530500400002438,0.063054541999918
WTM,482,tm,94.28,0.2073866389999921,0.061060396000016226
WTM,483,tm,93.67999999999999,0.21059650999995938,0.060917443999983334
WTM,484,tm,94.04,0.2101829569999154,0.06061066999996001
WTM,485,tm,94.44,0.2067615380000234,0.06139021000001321
WTM,486,tm,94.26,0.20327353699997275,0.061024899000017285
WTM,487,tm,94.54,0.21026378900000964,0.06122999699994125
WTM,488,tm,93.89999999999999,0.20977676699999392,0.06098790599992299
WTM,489,tm,93.77,0.21121530299990354,0.06203723600003741
WTM,490,tm,93.74,0.21107360499991046,0.06164193800009343
WTM,491,tm,92.81,0.20243064400006006,0.062470447999999124
WTM,492,tm,92.96,0.2108943730000874,0.06168167500004529
WTM,493,tm,92.78,0.21904701200003274,0.06215027199993983
WTM,494,tm,93.43,0.2172833230000606,0.06920040299996799
WTM,495,tm,93.4,0.2096686799999361,0.06241192400000273
WTM,496,tm,94.45,0.20595503700008067,0.06144219099996917
WTM,497,tm,93.66,0.20944581899993864,0.06294777799996609
WTM,498,tm,93.81,0.21297517499999685,0.06172508800000287
WTM,499,tm,93.97,0.20940619999998944,0.06201175800003966
WTM,500,tm,93.82000000000001,0.21184144100004687,0.06208763299991915
WTM-NN,1,tm,86.95,0.3170136680000155,0.06061448600001995
WTM-NN,2,tm,90.03,0.27185469599999124,0.06128972400000521
WTM-NN,3,tm,90.31,0.25817895599999474,0.0601351160000263
WTM-NN,4,tm,91.21000000000001,0.2547005929999955,0.06002472099999068
WTM-NN,5,tm,91.60000000000001,0.24803168800002595,0.06025636399999712
WTM-NN,6,tm,90.22,0.24096418800002084,0.06107138999999506
WTM-NN,7,tm,92.02,0.24392739199998914,0.06164159700000482
WTM-NN,8,tm,92.25999999999999,0.24102857399998356,0.059806618999971306
WTM-NN,9,tm,91.59,0.24894246799999564,0.06225699499998427
WTM-NN,10,tm,91.66,0.24470828099998698,0.06154156399998101
WTM-NN,11,tm,91.58,0.2443284839999933,0.0631279369999902
WTM-NN,12,tm,92.17999999999999,0.2308525860000259,0.06481698400000369
WTM-NN,13,tm,91.74,0.22753904399996827,0.06097748799999181
WTM-NN,14,tm,92.60000000000001,0.22279561700003114,0.06161052500004871
WTM-NN,15,tm,90.97,0.2312519350000457,0.06350157700001091
WTM-NN,16,tm,92.93,0.22947170000003325,0.0623781749999921
WTM-NN,17,tm,92.07,0.23205914900000835,0.06229996899998014
WTM-NN,18,tm,92.30000000000001,0.23400525099998504,0.06155772099998558
WTM-NN,19,tm,92.78,0.2344087540000146,0.061939512000037666
WTM-NN,20,tm,92.38,0.22182674800001223,0.06308372399996642
WTM-NN,21,tm,93.19,0.2187189320000016,0.06175557300002765
WTM-NN,22,tm,92.64,0.22026626199999555,0.06142067100000759
WTM-NN,23,tm,92.19000000000001,0.22146350799999936,0.061598238999977184
WTM-NN,24,tm,93.32000000000001,0.22052256000000625,0.06078153700002531
WTM-NN,25,tm,93.36,0.22170158399995898,0.0679538280000429
WTM-NN,26,tm,93.66,0.21854787800003805,0.06261291399999891
WTM-NN,27,tm,93.39,0.215584487000001,0.06173902000000453
WTM-NN,28,tm,93.12,0.2166819209999744,0.062278930999980275
WTM-NN,29,tm,92.77,0.21612298100001226,0.06205702399995516
WTM-NN,30,tm,93.52000000000001,0.22229299299999639,0.061933111999962875
WTM-NN,31,tm,93.32000000000001,0.21728233000004593,0.06317406699997719
WTM-NN,32,tm,93.32000000000001,0.21302898600004028,0.061250781000012466
WTM-NN,33,tm,93.39,0.21885914500001036,0.06299632299999303
WTM-NN,34,tm,93.46,0.22108552899999268,0.06091088700003411
WTM-NN,35,tm,93.2,0.21976047200001858,0.061744065000027604
WTM-NN,36,tm,93.86,0.21709706499996173,0.0611592419999738
WTM-NN,37,tm,93.5,0.21688099900001134,0.061311215999978685
WTM-NN,38,tm,93.17999999999999,0.21009187199996404,0.06188705699997854
WTM-NN,39,tm,93.14,0.21345845799999097,0.06130130299999337
WTM-NN,40,tm,93.39,0.21255695100001049,0.06214362700001175
WTM-NN,41,tm,93.46,0.2150454550000518,0.061826357999962056
WTM-NN,42,tm,93.07,0.2157387380000273,0.0617696520000095
WTM-NN,43,tm,94.21000000000001,0.21981710699998303,0.061540776000015285
WTM-NN,44,tm,92.93,0.21459574200002862,0.06079975400001558
WTM-NN,45,tm,92.47999999999999,0.21252577299998165,0.06162775499996087
WTM-NN,46,tm,93.34,0.21028902199998356,0.06114042000001518
WTM-NN,47,tm,92.81,0.2209037179999882,0.0627353969999831
WTM-NN,48,tm,94.23,0.20895222899997634,0.06211754200000996
WTM-NN,49,tm,94.37,0.21237235900002815,0.06066062600001487
WTM-NN,50,tm,93.37,0.21263082799998756,0.06160696199998483
WTM-NN,51,tm,93.84,0.21171497799997496,0.06151818400002185
WTM-NN,52,tm,93.30000000000001,0.21206714600003806,0.06260818699996662
WTM-NN,53,tm,93.46,0.21095085899997912,0.06125113899997814
WTM-NN,54,tm,93.47,0.21194352900005242,0.061351680999962355
WTM-NN,55,tm,93.5,0.21654727499998216,0.06032129699997313
WTM-NN,56,tm,94.27,0.21114563999998381,0.06208830200000648
WTM-NN,57,tm,93.52000000000001,0.2147267810000244,0.06158429300000989
WTM-NN,58,tm,94.12,0.21132329600004596,0.062358534999987114
WTM-NN,59,tm,93.76,0.20965153299999884,0.061810893000028955
WTM-NN,60,tm,93.84,0.21242536099998688,0.06140472999999247
WTM-NN,61,tm,93.60000000000001,0.21222908699996879,0.06174370599995882
WTM-NN,62,tm,93.35,0.21071607400000403,0.062378344999956425
WTM-NN,63,tm,93.17999999999999,0.21366376600002468,0.06150493800004142
WTM-NN,64,tm,92.39,0.21430799500001285,0.06210469299998067
WTM-NN,65,tm,93.87,0.20939784199998712,0.06208372099996495
WTM-NN,66,tm,93.94,0.21999750200001245,0.06254856499998596
WTM-NN,67,tm,93.66,0.21619255400003112,0.06275067500001796
WTM-NN,68,tm,93.22,0.2084372229999758,0.06246654699998544
WTM-NN,69,tm,93.15,0.21304902700001094,0.06198580599999559
WTM-NN,70,tm,93.34,0.21527175199997828,0.0626082680000195
WTM-NN,71,tm,93.71000000000001,0.2117432090000193,0.06193706499999507
WTM-NN,72,tm,94.15,0.21302848499999527,0.062417189999962375
WTM-NN,73,tm,93.57,0.210876356999961,0.06101194599995097
WTM-NN,74,tm,93.8,0.2141581490000135,0.06219448100000591
WTM-NN,75,tm,93.14,0.2090944429999695,0.062317025999959696
WTM-NN,76,tm,93.47,0.20852911999998014,0.06225207800002863
WTM-NN,77,tm,93.45,0.21128590400002167,0.06151822099997162
WTM-NN,78,tm,93.64,0.20983316300004162,0.06237761599999203
WTM-NN,79,tm,93.66,0.2115618819999554,0.06158192199995938
WTM-NN,80,tm,94.19999999999999,0.20916678800000454,0.06151735900004951
WTM-NN,81,tm,93.0,0.21721637199999577,0.0621680099999935
WTM-NN,82,tm,93.97999999999999,0.20991583799997215,0.06129924499998651
WTM-NN,83,tm,93.16,0.2096767339999701,0.06118886899997733
WTM-NN,84,tm,94.12,0.2097272260000409,0.06143616399998564
WTM-NN,85,tm,93.4,0.20308042599998544,0.06071275499999729
WTM-NN,86,tm,93.97999999999999,0.21935008799999878,0.06130140999999867
WTM-NN,87,tm,92.96,0.21737341900001184,0.06148284500000045
WTM-NN,88,tm,93.65,0.21525062299997444,0.060949909999976626
WTM-NN,89,tm,93.44,0.221704031999991,0.06144869199999903
WTM-NN,90,tm,94.02000000000001,0.21945975899996029,0.0616571979999776
WTM-NN,91,tm,93.97,0.21213498200000913,0.06220474999997805
WTM-NN,92,tm,93.71000000000001,0.21290981300001022,0.06110395299998572
WTM-NN,93,tm,93.86,0.21098257599999215,0.06106939699998293
WTM-NN,94,tm,92.99,0.2225526089999903,0.06397109100004172
WTM-NN,95,tm,93.77,0.21418698600001562,0.06132394500002647
WTM-NN,96,tm,93.72,0.21392850199998747,0.066768833000026
WTM-NN,97,tm,93.39,0.21050376100004087,0.06220231300000023
WTM-NN,98,tm,94.0,0.2178350700000351,0.06365121400000362
WTM-NN,99,tm,94.04,0.21447771599997623,0.06415423099997497
WTM-NN,100,tm,93.34,0.21821405999997978,0.06190731799995319
WTM-NN,101,tm,93.99,0.21107829899995068,0.06225786900000685
WTM-NN,102,tm,93.45,0.20982383199998367,0.06222635500000706
WTM-NN,103,tm,93.42,0.21112089000001788,0.062105245999987346
WTM-NN,104,tm,93.31,0.21326542100001689,0.06284685200000695
WTM-NN,105,tm,93.52000000000001,0.20994245800000044,0.062096165000014025
WTM-NN,106,tm,94.03,0.21484944100001258,0.06314358200000925
WTM-NN,107,tm,93.86,0.21339116999996577,0.06316220600001543
WTM-NN,108,tm,93.46,0.20751204200001894,0.061970611999981884
WTM-NN,109,tm,94.46,0.21399521799997956,0.06241488099999515
WTM-NN,110,tm,93.78,0.22236128999998073,0.0609153099999844
WTM-NN,111,tm,93.96,0.2123862089999875,0.06089997999998786
WTM-NN,112,tm,93.65,0.21041402899999184,0.06148459600001388
WTM-NN,113,tm,93.36,0.2127289349999728,0.06270952699998134
WTM-NN,114,tm,93.5,0.2081614709999826,0.06325384900003428
WTM-NN,115,tm,93.30000000000001,0.21384291500004338,0.06148278900002424
WTM-NN,116,tm,93.82000000000001,0.21467188299999407,0.06194837399999642
WTM-NN,117,tm,94.48,0.21187527000000728,0.0633724959999995
WTM-NN,118,tm,94.08999999999999,0.20805797399998482,0.06156751399998939
WTM-NN,119,tm,94.14,0.2091063109999709,0.061813924999967185
WTM-NN,120,tm,93.42,0.21454177000003938,0.06226024000000052
WTM-NN,121,tm,93.85,0.21917393100000027,0.06214488899996695
WTM-NN,122,tm,92.94,0.21542709800002058,0.06248737499998924
WTM-NN,123,tm,93.97,0.21890968299999258,0.06228583699999035
WTM-NN,124,tm,94.07,0.2148368030000256,0.06248214800001506
WTM-NN,125,tm,94.57,0.2113049339999975,0.061150349000001825
WTM-NN,126,tm,93.45,0.21163658899996562,0.06139833899999303
WTM-NN,127,tm,94.22,0.21049435200001199,0.06227660999996942
WTM-NN,128,tm,93.49,0.21162070899998753,0.06167364399999542
WTM-NN,129,tm,93.05,0.20654592800002547,0.06157741999999189
WTM-NN,130,tm,93.89,0.21690526199995475,0.06186539499998389
WTM-NN,131,tm,94.12,0.21478926999998293,0.06122224799997866
WTM-NN,132,tm,93.47999999999999,0.20276056200003723,0.061030469000002086
WTM-NN,133,tm,92.97,0.20985624500002587,0.06149437599998464
WTM-NN,134,tm,93.58999999999999,0.22029108399999586,0.0624275399999874
WTM-NN,135,tm,93.24,0.21094003199999634,0.06184110299994927
WTM-NN,136,tm,93.71000000000001,0.20901723200000788,0.06191927200001146
WTM-NN,137,tm,94.26,0.21173982299995942,0.06137257199998203
WTM-NN,138,tm,93.85,0.21162872700000435,0.061105248000046686
WTM-NN,139,tm,93.28999999999999,0.20641882700005,0.06158553700004177
WTM-NN,140,tm,94.05,0.20808178200002203,0.0619375820000414
WTM-NN,141,tm,94.01,0.20953457600001002,0.06224795999997923
WTM-NN,142,tm,93.19,0.21291989899998498,0.06038607499999671
WTM-NN,143,tm,93.99,0.21532680000001392,0.06197408399998494
WTM-NN,144,tm,93.65,0.21187320100000306,0.06342460999997002
WTM-NN,145,tm,93.67999999999999,0.21545354699998143,0.06189013200003046
WTM-NN,146,tm,93.85,0.21714706300002717,0.06774920599997358
WTM-NN,147,tm,94.6,0.21550755599997728,0.06178406599997288
WTM-NN,148,tm,93.36,0.20808976500001108,0.06212483600000951
WTM-NN,149,tm,94.05,0.2118728689999898,0.06149732100004712
WTM-NN,150,tm,93.67999999999999,0.21439128999998047,0.06192746899995427
WTM-NN,151,nn,95.55,0.43752783500008263,0.062340736999999535
WTM-NN,152,nn,95.55,0.1708967950000897,0.06000668300009693
WTM-NN,153,nn,95.82000000000001,0.17141938700001447,0.06154081400006817
WTM-NN,154,nn,95.85000000000001,0.22645213599992076,0.0610256049999407
WTM-NN,155,nn,95.76,0.17059833099995103,0.0621496159999424
WTM-NN,156,nn,95.69,0.17056450600000517,0.061877018000018325
WTM-NN,157,nn,95.78999999999999,0.17005584099990756,0.059765716000015345
WTM-NN,158,nn,95.76,0.1703674670000055,0.0619356870000729
WTM-NN,159,nn,95.76,0.17181252000000313,0.06121055100004469
WTM-NN,160,nn,95.78999999999999,0.17220074400006524,0.05944219699995301
WTM-NN,161,nn,95.78999999999999,0.1727652650000664,0.05983440399995743
WTM-NN,162,nn,95.81,0.2245349920000308,0.06067059400004382
WTM-NN,163,nn,95.78,0.17140635499993095,0.06053504800001974
WTM-NN,164,nn,95.71,0.17072067200001584,0.058897235000017645
WTM-NN,165,nn,95.77,0.17124336000006224,0.06013983200000439
WTM-NN,166,nn,95.75,0.2249821929999598,0.05949725799996486
WTM-NN,167,nn,95.81,0.17086894800002028,0.06070296099994721
WTM-NN,168,nn,95.78999999999999,0.17359788800001752,0.061761867999962305
WTM-NN,169,nn,95.76,0.17377336699996704,0.061086191000072176
WTM-NN,170,nn,95.75,0.1713981689999855,0.05931969499999923
WTM-NN,171,nn,95.82000000000001,0.17714095100006944,0.05967684100005499
WTM-NN,172,nn,95.74000000000001,0.16846629699989535,0.060074691000068015
WTM-NN,173,nn,95.78,0.22819924700002048,0.05882945700000164
WTM-NN,174,nn,95.74000000000001,0.16828392000002168,0.0595760109999901
WTM-NN,175,nn,95.84,0.18602393600008327,0.0632186709999587
WTM-NN,176,nn,95.87,0.1769715110000334,0.05899937399999544
WTM-NN,177,nn,95.87,0.23377496899991002,0.06038741300005768
WTM-NN,178,nn,95.69,0.17204446499999904,0.05927356000006512
WTM-NN,179,nn,95.72,0.1671160299999883,0.0605333859999746
WTM-NN,180,nn,95.81,0.17094308699995509,0.060314736999998786
WTM-NN,181,nn,95.76,0.1752226309999969,0.05842234199997165
WTM-NN,182,nn,95.81,0.17172586800006684,0.060572522000029494
WTM-NN,183,nn,95.91,0.1692093340000156,0.05982817300002807
WTM-NN,184,nn,95.91,0.22494785999992928,0.06197087900000042
WTM-NN,185,nn,95.84,0.16907150400004411,0.06149244899995665
WTM-NN,186,nn,95.86,0.17406231300003583,0.06088384099996347
WTM-NN,187,nn,95.87,0.17715871699999752,0.06015595899998516
WTM-NN,188,nn,95.91,0.23303135399999064,0.060915675999922314
WTM-NN,189,nn,95.86,0.16766467000002194,0.05956013100001201
WTM-NN,190,nn,95.88,0.1784419150000076,0.05940711099992768
WTM-NN,191,nn,95.92,0.16842397099992468,0.059884885000087706
WTM-NN,192,nn,95.78999999999999,0.16997056200000316,0.059951878999982
WTM-NN,193,nn,95.88,0.16939982400003828,0.060641948000011325
WTM-NN,194,nn,95.86,0.17294948999995086,0.06089628699999139
WTM-NN,195,nn,95.91,0.17836663799994312,0.059577537999985
WTM-NN,196,nn,95.96000000000001,0.24042501400003857,0.06135914799995135
WTM-NN,197,nn,95.91,0.17931601399993724,0.06267505799996798
WTM-NN,198,nn,95.94,0.17212157500000558,0.060562928999956966
WTM-NN,199,nn,96.0,0.23098184899993157,0.06141562300001624
WTM-NN,200,nn,95.93,0.1744767289999345,0.06000528599997779
WTM-NN,201,nn,95.92,0.17304180499991162,0.06022109499997441
WTM-NN,202,nn,95.96000000000001,0.17030778600008034,0.06010621500001889
WTM-NN,203,nn,95.94,0.17501342200000636,0.05915778500002489
WTM-NN,204,nn,95.93,0.1834693729999799,0.059941108999964854
WTM-NN,205,nn,95.93,0.17323797500000637,0.061712254000099165
WTM-NN,206,nn,95.89,0.18432782499996847,0.05999946999997974
WTM-NN,207,nn,95.92,0.22860894899997675,0.060336750000033135
WTM-NN,208,nn,95.91,0.18014909999999418,0.05945725599997331
WTM-NN,209,nn,95.96000000000001,0.18466010599991023,0.05986238500008767
WTM-NN,210,nn,95.98,0.1740739570000187,0.05898174599997219
WTM-NN,211,nn,95.97,0.23174985799994374,0.06121936800002459
WTM-NN,212,nn,95.96000000000001,0.16911640399996486,0.06134663900002124
WTM-NN,213,nn,95.99,0.17102898899997854,0.059240873000021566
WTM-NN,214,nn,95.89,0.19275263500003348,0.059754962000056366
WTM-NN,215,nn,95.97,0.17696573800003534,0.0619548610000038
WTM-NN,216,nn,95.98,0.18170700699999998,0.06050465999999233
WTM-NN,217,nn,95.87,0.18232530099999167,0.05984424600001148
WTM-NN,218,nn,95.87,0.235219137999934,0.06153643499999362
WTM-NN,219,nn,95.97,0.17830155699994066,0.06173831599994628
WTM-NN,220,nn,95.91,0.18370598299998164,0.05897870100000091
WTM-NN,221,nn,95.99,0.17502851200003988,0.06035594900004071
WTM-NN,222,nn,96.00999999999999,0.23625362400002814,0.06180563500004155
WTM-NN,223,nn,96.05,0.17672293900000113,0.06208903999993254
WTM-NN,224,nn,95.93,0.18075182899997344,0.06029224400003841
WTM-NN,225,nn,95.93,0.17742963600005623,0.05986897899992982
WTM-NN,226,nn,96.0,0.16791511899998568,0.06200685800001793
WTM-NN,227,nn,96.04,0.1852664680000089,0.06264682299990909
WTM-NN,228,nn,96.05,0.17576448099998743,0.06194864200006123
WTM-NN,229,nn,95.98,0.23756989499997871,0.062481671999989885
WTM-NN,230,nn,96.05,0.17099295200000597,0.06001044100003128
WTM-NN,231,nn,95.96000000000001,0.17762502999994467,0.06164198400006171
WTM-NN,232,nn,95.97,0.1765841060000639,0.06079534499997408
WTM-NN,233,nn,95.89,0.2309660859999667,0.06090203299993391
WTM-NN,234,nn,95.92,0.18270853100000295,0.06116805400006342
WTM-NN,235,nn,96.02000000000001,0.16982366599995657,0.061798311999950784
WTM-NN,236,nn,96.06,0.17731693100006396,0.060059101999968334
WTM-NN,237,nn,96.05,0.1812234479999688,0.06019000200001301
WTM-NN,238,nn,96.00999999999999,0.18288899900005617,0.060274858999946446
WTM-NN,239,nn,96.02000000000001,0.17813250699998662,0.060722568999949544
WTM-NN,240,nn,96.02000000000001,0.17041797700005645,0.059909726000000774
WTM-NN,241,nn,96.08,0.23967276199994103,0.059216695000031905
WTM-NN,242,nn,96.0,0.17295794799997566,0.060357790000011846
WTM-NN,243,nn,96.05,0.18195650699999533,0.06089789899999687
WTM-NN,244,nn,96.02000000000001,0.23870198999998138,0.0600408120000111
WTM-NN,245,nn,95.99,0.18150698699992063,0.059731785000053605
WTM-NN,246,nn,95.99,0.18157917199994245,0.06181775699997161
WTM-NN,247,nn,95.98,0.17525545399996645,0.059878131999994366
WTM-NN,248,nn,96.0,0.1690117250000185,0.060298117000002094
WTM-NN,249,nn,95.99,0.17265922299998238,0.062062958999945295
WTM-NN,250,nn,96.0,0.17621094999992692,0.061810327999978654
WTM-NN,251,nn,96.07,0.17662678900001083,0.06165280300001541
WTM-NN,252,nn,96.09,0.23902481900006478,0.060694215000012264
WTM-NN,253,nn,95.93,0.1786212679999153,0.061374804000024596
WTM-NN,254,nn,96.03,0.17857742199998938,0.059521396000036475
WTM-NN,255,nn,96.0,0.17808743800003413,0.06187021300002016
WTM-NN,256,nn,95.98,0.2360187509999605,0.06014360699998633
WTM-NN,257,nn,95.95,0.1760951499999237,0.06019161099993653
WTM-NN,258,nn,95.95,0.16578507799999898,0.06085270500000206
WTM-NN,259,nn,95.99,0.17549911599996904,0.061549409999997806
WTM-NN,260,nn,96.07,0.16591884399997525,0.06257077899999786
WTM-NN,261,nn,95.89999999999999,0.17244847899996785,0.060254825000015444
WTM-NN,262,nn,96.13000000000001,0.17854728099996464,0.06222728199998073
WTM-NN,263,nn,96.03,0.23498800000004394,0.06130374400004257
WTM-NN,264,nn,96.07,0.17204084499996952,0.06126651099998526
WTM-NN,265,nn,95.88,0.16911102200003825,0.059633050000002186
WTM-NN,266,nn,95.98,0.16988009200008491,0.06269649499995467
WTM-NN,267,nn,95.97,0.23305103699999563,0.06132012000000486
WTM-NN,268,nn,95.88,0.17866985299997395,0.060383785999988504
WTM-NN,269,nn,96.00999999999999,0.1708264500000496,0.06136685900003158
WTM-NN,270,nn,96.03,0.17303699799992955,0.05997935199991389
WTM-NN,271,nn,95.89999999999999,0.17310034000001906,0.06009436800002277
WTM-NN,272,nn,95.94,0.17146130400010406,0.0608651430000009
WTM-NN,273,nn,96.0,0.1730359690000114,0.06019817099991087
WTM-NN,274,nn,96.0,0.2305455629999642,0.06020037900009356
WTM-NN,275,nn,96.04,0.17622872999993433,0.059877159000052416
WTM-NN,276,nn,96.06,0.1746818169999642,0.06031782600007318
WTM-NN,277,nn,96.0,0.17377540699999372,0.05980270500003826
WTM-NN,278,nn,96.07,0.23028020799995375,0.06005368499995711
WTM-NN,279,nn,95.95,0.18311432799998784,0.05979806099992402
WTM-NN,280,nn,96.02000000000001,0.18498080999995636,0.060222250000038
WTM-NN,281,nn,95.94,0.17602464799995232,0.06062424900005681
WTM-NN,282,nn,95.97,0.17698407800003224,0.05939130499996281
WTM-NN,283,nn,96.05,0.17681716900005995,0.06046234400002959
WTM-NN,284,nn,96.0,0.17768321100004414,0.060047001000043565
WTM-NN,285,nn,96.07,0.1821001039999146,0.057671354000035535
WTM-NN,286,nn,96.04,0.23964670600003046,0.060618983000040316
WTM-NN,287,nn,96.02000000000001,0.1803711029999704,0.06200555600003099
WTM-NN,288,nn,96.09,0.18530130400006328,0.06085835199996836
WTM-NN,289,nn,96.02000000000001,0.2371449389999043,0.05888599000002159
WTM-NN,290,nn,95.98,0.1752325520000113,0.06142232900003819
WTM-NN,291,nn,96.0,0.17217635200006498,0.059811489000026086
WTM-NN,292,nn,96.08,0.1688056890000098,0.06160079999995105
WTM-NN,293,nn,96.04,0.1751161409999895,0.06190969400006452
WTM-NN,294,nn,96.0,0.17094928599999548,0.060353402000032474
WTM-NN,295,nn,95.96000000000001,0.17354966199991395,0.06058891099996799
WTM-NN,296,nn,96.04,0.17137231099991368,0.06124983899997005
WTM-NN,297,nn,96.06,0.22527313800003412,0.061043507000022146
WTM-NN,298,nn,96.06,0.1745125409998991,0.06039991599993755
WTM-NN,299,nn,96.02000000000001,0.17166466700007277,0.06061339000007138
WTM-NN,300,nn,96.0,0.17276125200010028,0.0605196789999809
WTM-NN,301,nn,96.00999999999999,0.22479928300003849,0.06122600900005182
WTM-NN,302,nn,95.96000000000001,0.173582754999984,0.0617108820000567
WTM-NN,303,nn,96.0,0.17209014299999126,0.061113406000004034
WTM-NN,304,nn,96.00999999999999,0.17178678699997363,0.06160294500000418
WTM-NN,305,nn,95.95,0.17315204399994855,0.06072028399989904
WTM-NN,306,nn,95.96000000000001,0.1713610689999996,0.05935444399995049
WTM-NN,307,nn,95.98,0.18374514899994665,0.05866424599992115
WTM-NN,308,nn,95.97,0.23883844299996326,0.05990340500000002
WTM-NN,309,nn,96.08,0.17535438400000203,0.06002412300006199
WTM-NN,310,nn,96.02000000000001,0.18368779900004029,0.06100973700006307
WTM-NN,311,nn,96.11,0.1707987359999379,0.060581981999916934
WTM-NN,312,nn,95.94,0.2310286320000614,0.06060895999996774
WTM-NN,313,nn,96.08,0.1728595669999322,0.060745160999999825
WTM-NN,314,nn,96.03,0.17008128999998462,0.05949134200000117
WTM-NN,315,nn,95.87,0.1830177609999737,0.06435367200003839
WTM-NN,316,nn,95.96000000000001,0.1646527509999487,0.06062489500004631
WTM-NN,317,nn,95.98,0.172743784999966,0.06016152400002284
WTM-NN,318,nn,96.04,0.1836047020000251,0.05951337199996942
WTM-NN,319,nn,95.94,0.236492515000009,0.05925225800001499
WTM-NN,320,nn,95.96000000000001,0.1756229609999309,0.05971239699999842
WTM-NN,321,nn,96.02000000000001,0.18443098099999133,0.06155663000004097
WTM-NN,322,nn,95.97,0.18442861999994875,0.05987012100001721
WTM-NN,323,nn,95.97,0.22650810299990098,0.0599446659999785
WTM-NN,324,nn,96.00999999999999,0.18029437799998504,0.059591595000028974
WTM-NN,325,nn,95.99,0.17540135100000498,0.060217926000063926
WTM-NN,326,nn,95.97,0.18043422400000964,0.06176097800005209
WTM-NN,327,nn,96.02000000000001,0.1816633369999181,0.058558118000064496
WTM-NN,328,nn,96.02000000000001,0.18488810599990302,0.061111740999990616
WTM-NN,329,nn,96.00999999999999,0.17575357399994118,0.0601861300000337
WTM-NN,330,nn,96.07,0.16848314200001369,0.059026829000004
WTM-NN,331,nn,95.96000000000001,0.22959631799994895,0.06002540899999076
WTM-NN,332,nn,96.06,0.17473771599998145,0.06154433400001835
WTM-NN,333,nn,95.99,0.1812568080000574,0.06145337400005246
WTM-NN,334,nn,96.03,0.2348613199999363,0.06005940299996837
WTM-NN,335,nn,96.08,0.1773910499999829,0.06077697699993223
WTM-NN,336,nn,95.99,0.1704938379999703,0.06197206600006666
WTM-NN,337,nn,96.0,0.17061355900000308,0.0605939549999448
WTM-NN,338,nn,95.98,0.17366152099998544,0.061072807000073226
WTM-NN,339,nn,96.02000000000001,0.17334188000006634,0.06114109500003906
WTM-NN,340,nn,95.99,0.17406677700000728,0.06107794799993371
WTM-NN,341,nn,96.03,0.17088770600003045,0.06055064700001367
WTM-NN,342,nn,96.05,0.22559092500000588,0.06113044500000342
WTM-NN,343,nn,96.0,0.17235941900003127,0.06136047099994357
WTM-NN,344,nn,96.04,0.1663047160000133,0.05947568199997022
WTM-NN,345,nn,96.0,0.18007902499994088,0.06010951399991882
WTM-NN,346,nn,96.02000000000001,0.22508188199992674,0.059388154000089344
WTM-NN,347,nn,96.05,0.17204122599991933,0.06088750600008552
WTM-NN,348,nn,95.89999999999999,0.1712919779999993,0.061694663000025685
WTM-NN,349,nn,96.06,0.17183629300006942,0.0622130480001033
WTM-NN,350,nn,96.00999999999999,0.17245469700003468,0.06170420900002682
WTM-NN,351,nn,95.92,0.17863362299999608,0.06038816900002075
WTM-NN,352,nn,96.0,0.17784585000003972,0.06098513200004163
WTM-NN,353,nn,95.97,0.22552287200005594,0.06278343099995709
WTM-NN,354,nn,96.06,0.17440416200008713,0.061589068999978736
WTM-NN,355,nn,95.96000000000001,0.17166517600003317,0.059919773000046916
WTM-NN,356,nn,96.00999999999999,0.17249901299999237,0.06138952200001313
WTM-NN,357,nn,96.03,0.2251710150000008,0.06053281999993487
WTM-NN,358,nn,96.02000000000001,0.17426458600004935,0.061458803000050466
WTM-NN,359,nn,95.97,0.17190629699996407,0.059992814999986877
WTM-NN,360,nn,95.97,0.17389777400001094,0.060621351999998296
WTM-NN,361,nn,95.99,0.17661690399995678,0.06011608799997248
WTM-NN,362,nn,96.04,0.18384088699997392,0.06132995399991614
WTM-NN,363,nn,96.06,0.17935717299997123,0.0623189430000366
WTM-NN,364,nn,95.95,0.23462377400005607,0.061953603000006296
WTM-NN,365,nn,95.97,0.17046856500007834,0.06042905200001769
WTM-NN,366,nn,95.99,0.18106587900001614,0.06100569600005201
WTM-NN,367,nn,96.05,0.1842647629999874,0.06158412000002045
WTM-NN,368,nn,95.98,0.23539933699998983,0.061034708999955
WTM-NN,369,nn,95.97,0.1716945579998992,0.0619728159999795
WTM-NN,370,nn,96.1,0.17408139400004075,0.06129535599995961
WTM-NN,371,nn,96.04,0.17338879699991594,0.06110612600002696
WTM-NN,372,nn,95.89999999999999,0.17338830999995025,0.06121998100002202
WTM-NN,373,nn,96.05,0.17337683100004142,0.060345263000044724
WTM-NN,374,nn,96.07,0.1708518150001055,0.06106712099995093
WTM-NN,375,nn,95.99,0.17091603100004704,0.059645757999987836
WTM-NN,376,nn,95.95,0.226008155000045,0.061163889999988896
WTM-NN,377,nn,95.97,0.17332733099999587,0.06132153199996537
WTM-NN,378,nn,96.0,0.17241400800003248,0.060167714000044725
WTM-NN,379,nn,96.05,0.22968848700008948,0.06165924999993422
WTM-NN,380,nn,96.02000000000001,0.17181373300002178,0.06243297299999995
WTM-NN,381,nn,95.95,0.17163423099998454,0.059456835999981195
WTM-NN,382,nn,96.06,0.17328344199995627,0.06196870300004775
WTM-NN,383,nn,95.95,0.1736641200000122,0.06100267600004372
WTM-NN,384,nn,96.04,0.17231553800002075,0.06077400000003763
WTM-NN,385,nn,96.0,0.17263646200001403,0.060356076000061876
WTM-NN,386,nn,95.93,0.172671562000005,0.06172114599996803
WTM-NN,387,nn,96.14,0.2276017789999969,0.06067235000000437
WTM-NN,388,nn,96.02000000000001,0.17479924100007338,0.06119450799997139
WTM-NN,389,nn,96.12,0.17416232999994463,0.060173784000085107
WTM-NN,390,nn,96.02000000000001,0.17295973699992828,0.06025674399995751
WTM-NN,391,nn,95.97,0.22652105899999242,0.06129078900005425
WTM-NN,392,nn,95.95,0.1709409060000553,0.06045364800002062
WTM-NN,393,nn,96.04,0.17261120099999516,0.06067467299999407
WTM-NN,394,nn,95.99,0.17166718600003605,0.061720525000055204
WTM-NN,395,nn,96.0,0.17165914200006682,0.061324485000000095
WTM-NN,396,nn,96.04,0.1710455520000096,0.06090544299991052
WTM-NN,397,nn,96.03,0.17359468600000127,0.06072251800003414
WTM-NN,398,nn,96.14,0.22736542300003748,0.06225653199999215
WTM-NN,399,nn,96.00999999999999,0.1781863200000089,0.0612023029999591
WTM-NN,400,nn,96.00999999999999,0.1712579549999873,0.06003799000006893
WTM-NN,401,nn,96.03,0.18477938099999847,0.061757521999993514
WTM-NN,402,nn,95.93,0.23625918900006582,0.061855942999955005
WTM-NN,403,nn,96.02000000000001,0.18403610600000775,0.0614537559999917
WTM-NN,404,nn,95.98,0.17324390199996742,0.06216560399991522
WTM-NN,405,nn,95.96000000000001,0.1739016870000114,0.06180443400000968
WTM-NN,406,nn,95.89999999999999,0.17188439700009894,0.06191063899996152
WTM-NN,407,nn,95.98,0.17338702200004263,0.0612545690000843
WTM-NN,408,nn,95.94,0.17314914799999315,0.06159475399999792
WTM-NN,409,nn,96.05,0.2275897580000219,0.061596888000053696
WTM-NN,410,nn,96.04,0.17142966099993373,0.06212892199994258
WTM-NN,411,nn,96.07,0.17424596399996517,0.06161139700009244
WTM-NN,412,nn,95.93,0.17895024300003115,0.05801523700006328
WTM-NN,413,nn,96.0,0.22903569299990068,0.059467593000022134
WTM-NN,414,nn,95.96000000000001,0.1720691310000575,0.06109215200001472
WTM-NN,415,nn,95.99,0.17150718100003814,0.06148446600002444
WTM-NN,416,nn,95.98,0.1754134589999694,0.06101419899994198
WTM-NN,417,nn,96.04,0.17056256199998643,0.06108247800000299
WTM-NN,418,nn,96.03,0.1740811180000037,0.061626183000043966
WTM-NN,419,nn,96.04,0.17163793700001406,0.06167014200002541
WTM-NN,420,nn,95.94,0.17115297999998802,0.0625531509999746
WTM-NN,421,nn,95.98,0.2252294959999972,0.06230996600004346
WTM-NN,422,nn,95.94,0.17216766499996083,0.06259262999992643
WTM-NN,423,nn,96.04,0.17217987399999402,0.06243243899996287
WTM-NN,424,nn,96.05,0.22500397800001792,0.05961915900002168
WTM-NN,425,nn,96.03,0.1747717340000463,0.061383875999922566
WTM-NN,426,nn,95.96000000000001,0.17209314299998368,0.06160170999999082
WTM-NN,427,nn,96.02000000000001,0.1711597559999518,0.06283413799997106
WTM-NN,428,nn,96.14,0.17085991700002978,0.06150650300003235
WTM-NN,429,nn,95.96000000000001,0.1724555009999449,0.06201057500004481
WTM-NN,430,nn,96.02000000000001,0.17159847999994327,0.06288012599998183
WTM-NN,431,nn,96.0,0.1768679209999391,0.061783909000041604
WTM-NN,432,nn,96.0,0.22946250899997267,0.06189382699994894
WTM-NN,433,nn,96.00999999999999,0.17610953500002324,0.061969401999931506
WTM-NN,434,nn,96.03,0.17159678699999859,0.060011109000015495
WTM-NN,435,nn,96.0,0.1738772850000032,0.06293296900003043
WTM-NN,436,nn,95.91,0.22931697600006373,0.060000086999934865
WTM-NN,437,nn,96.05,0.16973041999995075,0.059744969000007586
WTM-NN,438,nn,95.89,0.17147638800008735,0.060448526999948626
WTM-NN,439,nn,96.02000000000001,0.17430887700004405,0.06023636199995508
WTM-NN,440,nn,96.06,0.16553929999997763,0.05950632500002939
WTM-NN,441,nn,95.98,0.18459226200002377,0.06065455700002076
WTM-NN,442,nn,96.04,0.1789766709999867,0.06166287899998224
WTM-NN,443,nn,96.00999999999999,0.23179836599990722,0.062124251000000186
WTM-NN,444,nn,96.06,0.178366020999988,0.06108392700002696
WTM-NN,445,nn,96.09,0.18160008699999253,0.061730576000059045
WTM-NN,446,nn,95.99,0.18174341600001753,0.06121560299993689
WTM-NN,447,nn,96.04,0.24115621699991152,0.06157798200001707
WTM-NN,448,nn,96.02000000000001,0.17163295600005313,0.0601430240000127
WTM-NN,449,nn,96.08,0.18493283899999824,0.06199865700000373
WTM-NN,450,nn,96.04,0.17882823299999018,0.06266152700004568
WTM-NN,451,nn,96.02000000000001,0.17195216200002506,0.06271375000005719
WTM-NN,452,nn,96.05,0.1706597510000165,0.06440128900010222
WTM-NN,453,nn,96.03,0.16728063999994447,0.0669692029999851
WTM-NN,454,nn,95.91,0.23940143499999067,0.06055617300000904
WTM-NN,455,nn,96.02000000000001,0.18024466700001085,0.0611856739999439
WTM-NN,456,nn,95.95,0.18045672000005197,0.05979881600001136
WTM-NN,457,nn,95.98,0.1722005800000943,0.060603033999996114
WTM-NN,458,nn,96.0,0.2306822339999144,0.06280853500004469
WTM-NN,459,nn,96.00999999999999,0.17115387000001192,0.06059391200005848
WTM-NN,460,nn,95.96000000000001,0.17788107199999104,0.06213008399993214
WTM-NN,461,nn,96.08,0.1711019069999793,0.0607064129999344
WTM-NN,462,nn,96.03,0.17060161199992763,0.06240747399999691
WTM-NN,463,nn,96.09,0.17116931400005342,0.061399224999945545
WTM-NN,464,nn,96.16,0.17264131800004634,0.06254812199995285
WTM-NN,465,nn,95.99,0.1692816209999819,0.06150698699991608
WTM-NN,466,nn,95.93,0.23336064200009332,0.06226901499996984
WTM-NN,467,nn,96.03,0.17573160599999937,0.06771692100005566
WTM-NN,468,nn,96.03,0.16894481099996028,0.06067632599990702
WTM-NN,469,nn,96.07,0.22170630300001903,0.06297303600001669
WTM-NN,470,nn,95.89999999999999,0.1704258590000336,0.06047587500006557
WTM-NN,471,nn,95.97,0.18528169600006095,0.06204967300004682
WTM-NN,472,nn,96.00999999999999,0.1764030819999789,0.06278214399992521
WTM-NN,473,nn,96.02000000000001,0.17533914299997377,0.061185866000073474
WTM-NN,474,nn,96.03,0.17710732099999404,0.06238948700001856
WTM-NN,475,nn,96.02000000000001,0.17153716500001792,0.06209830099999181
WTM-NN,476,nn,96.08,0.1706953269999758,0.06279947500001981
WTM-NN,477,nn,95.99,0.22448051799995028,0.06205407200002355
WTM-NN,478,nn,96.00999999999999,0.17289523900001313,0.061971498000048086
WTM-NN,479,nn,95.93,0.17472893399997247,0.0669253230000777
WTM-NN,480,nn,95.93,0.18519963500000358,0.06702450900002077
WTM-NN,481,nn,96.07,0.23144407899997077,0.06259158599993953
WTM-NN,482,nn,96.07,0.16878808200010553,0.06103788600000826
WTM-NN,483,nn,95.99,0.1718501660000129,0.061942810999994435
WTM-NN,484,nn,96.07,0.1740673169999809,0.060520472999996855
WTM-NN,485,nn,96.02000000000001,0.16713124499995047,0.06264192200001162
WTM-NN,486,nn,96.00999999999999,0.17227990700007467,0.061262226999929226
WTM-NN,487,nn,96.03,0.16959847199996148,0.06225048400006017
WTM-NN,488,nn,96.00999999999999,0.22991751799997928,0.06010221500002899
WTM-NN,489,nn,96.04,0.18424662899997202,0.06121952199998759
WTM-NN,490,nn,96.04,0.174844511999936,0.060165684999901714
WTM-NN,491,nn,96.0,0.184231132999912,0.06221542399998725
WTM-NN,492,nn,95.95,0.2378007609999031,0.060764055999925404
WTM-NN,493,nn,96.03,0.17087517799996021,0.058449614999972255
WTM-NN,494,nn,96.00999999999999,0.18117215199993097,0.06078898800001298
WTM-NN,495,nn,96.06,0.17645869900002253,0.06114610999998149
WTM-NN,496,nn,96.03,0.17450906999999916,0.06097380900007465
WTM-NN,497,nn,95.95,0.16406863800000338,0.06256283699997311
WTM-NN,498,nn,96.05,0.17585238000003756,0.06178833699993902
WTM-NN,499,nn,96.00999999999999,0.2395255129999896,0.062253058999999666
WTM-NN,500,nn,95.99,0.1804032019999795,0.06212369200000012
UTM-NN,1,tm,89.91,0.5012585199999933,0.07192155200002048
UTM-NN,2,tm,90.12,0.44464751699999283,0.06370135800000298
UTM-NN,3,tm,90.61,0.43181681000001504,0.06796644100001004
UTM-NN,4,tm,91.02,0.4277489070000229,0.06648339500000588
UTM-NN,5,tm,91.12,0.42064446699998825,0.06525954100001741
UTM-NN,6,tm,91.01,0.4169444960000135,0.0672052699999881
UTM-NN,7,tm,90.95,0.4233819569999753,0.0653270379999924
UTM-NN,8,tm,90.95,0.41032262499999206,0.06792125600000531
UTM-NN,9,tm,91.09,0.42185963399998627,0.06591590700000438
UTM-NN,10,tm,90.96,0.42543497399998387,0.06840162400001759
UTM-NN,11,tm,90.94,0.4199584840000057,0.06580880799998567
UTM-NN,12,tm,90.96,0.42548686800000723,0.06862210200000618
UTM-NN,13,tm,91.03999999999999,0.4218932050000035,0.06957917599999064
UTM-NN,14,tm,91.34,0.4207104160000199,0.06945711200000915
UTM-NN,15,tm,91.14999999999999,0.41992242399999213,0.06756088000000204
UTM-NN,16,tm,91.3,0.4230519349999895,0.06777213800000936
UTM-NN,17,tm,91.21000000000001,0.42121879399999784,0.0665523210000174
UTM-NN,18,tm,91.23,0.41997915299998567,0.068858634999998
UTM-NN,19,tm,91.31,0.42111399699999197,0.06952560700000276
UTM-NN,20,tm,91.35,0.42092646700001524,0.06794051500000364
UTM-NN,21,tm,91.38,0.40355525499998635,0.06905027500002348
UTM-NN,22,tm,91.31,0.4169341569999858,0.06912714800000685
UTM-NN,23,tm,91.49000000000001,0.4209827290000021,0.06800001599998495
UTM-NN,24,tm,91.39,0.4193681559999902,0.06785283900001104
UTM-NN,25,tm,91.53999999999999,0.4147971539999844,0.06844415700001605
UTM-NN,26,tm,91.53,0.42029235200001835,0.06750445400001581
UTM-NN,27,tm,91.46,0.41253971700001557,0.06798962900001015
UTM-NN,28,tm,91.47,0.42142310500000235,0.06706891600001086
UTM-NN,29,tm,91.36999999999999,0.41054524100002254,0.06608648799999628
UTM-NN,30,tm,91.14,0.4161081599999932,0.06894814500000734
UTM-NN,31,tm,91.25999999999999,0.4116477229999873,0.06826236400002017
UTM-NN,32,tm,91.44,0.4081672340000182,0.06858903299999497
UTM-NN,33,tm,91.31,0.41066050599999926,0.0681485610000152
UTM-NN,34,tm,91.42,0.4127576010000098,0.0676429050000138
UTM-NN,35,tm,91.38,0.4151115619999928,0.0671768739999834
UTM-NN,36,tm,91.19,0.4208158939999862,0.06856256800000438
UTM-NN,37,tm,91.25,0.4114076870000076,0.0670525269999871
UTM-NN,38,tm,91.34,0.4061945360000152,0.06877724999998236
UTM-NN,39,tm,91.14999999999999,0.4149525859999983,0.07066457300001616
UTM-NN,40,tm,91.33,0.4137693689999935,0.06851832800001034
UTM-NN,41,tm,91.19,0.414485008999975,0.06914789900000073
UTM-NN,42,tm,91.36999999999999,0.4168785850000063,0.06790405800001054
UTM-NN,43,tm,91.29,0.4193363320000003,0.06822915399999374
UTM-NN,44,tm,91.4,0.42489475499999685,0.06773960899997178
UTM-NN,45,tm,91.47999999999999,0.4156824500000198,0.0678163629999915
UTM-NN,46,tm,91.52,0.40673739300001444,0.06950925500001404
UTM-NN,47,tm,91.43,0.41545952000001307,0.06811174899999628
UTM-NN,48,tm,91.36999999999999,0.42335483900001236,0.06845726099999183
UTM-NN,49,tm,91.35,0.407152219000011,0.06858970100000761
UTM-NN,50,tm,91.41,0.4160329559999809,0.06702928500001804
UTM-NN,51,tm,91.31,0.42158189500000276,0.06707940000001145
UTM-NN,52,tm,91.45,0.42463665799999717,0.06862959299999716
UTM-NN,53,tm,91.31,0.42717168400000105,0.06814522199999828
UTM-NN,54,tm,91.41,0.4229841970000052,0.06801147199999491
UTM-NN,55,tm,91.43,0.40572103300002027,0.06882061299998554
UTM-NN,56,tm,91.62,0.4169923930000152,0.06784812999998735
UTM-NN,57,tm,91.41,0.41013177599998585,0.0682241769999905
UTM-NN,58,tm,91.57,0.4164102929999842,0.06678061900001353
UTM-NN,59,tm,91.41,0.41178918700001077,0.06771210499999825
UTM-NN,60,tm,91.42,0.4209281280000141,0.06843480700001692
UTM-NN,61,tm,91.49000000000001,0.417256736000013,0.0676822140000013
UTM-NN,62,tm,91.25,0.41611551299999405,0.06622963899999945
UTM-NN,63,tm,91.34,0.42247429200000397,0.06718246699998076
UTM-NN,64,tm,91.36999999999999,0.41726979899999606,0.0661497220000058
UTM-NN,65,tm,91.31,0.39244862600000374,0.06720488000001978
UTM-NN,66,tm,91.19,0.4038184899999919,0.06786940200001368
UTM-NN,67,tm,91.23,0.41078735199999983,0.06770015300000409
UTM-NN,68,tm,91.28,0.41365030299999717,0.0678330689999882
UTM-NN,69,tm,91.33,0.41944577000001004,0.06738606300001493
UTM-NN,70,tm,91.41,0.41651805300000433,0.06781857100000366
UTM-NN,71,tm,91.36999999999999,0.41349864899999034,0.06624092699999551
UTM-NN,72,tm,91.18,0.4061275449999755,0.06731104900001128
UTM-NN,73,tm,91.35,0.4118819589999987,0.06523969099998794
UTM-NN,74,tm,91.25,0.4080308209999828,0.06793246899999872
UTM-NN,75,tm,91.34,0.40615318400000433,0.067177240999996
UTM-NN,76,tm,91.16,0.41247181899998964,0.0667360090000102
UTM-NN,77,tm,91.16,0.41553966699999023,0.06815768100000241
UTM-NN,78,tm,91.03999999999999,0.41621817800000827,0.06799558800000227
UTM-NN,79,tm,91.18,0.4112064029999942,0.06786710700001208
UTM-NN,80,tm,91.25999999999999,0.40433813799998575,0.06768305900001792
UTM-NN,81,tm,91.2,0.42025632100001076,0.06663550800001872
UTM-NN,82,tm,91.36,0.4086709659999883,0.06892464699998868
UTM-NN,83,tm,91.36,0.41905065000000263,0.06809843900001056
UTM-NN,84,tm,91.29,0.42209762499999215,0.06882073899998886
UTM-NN,85,tm,91.2,0.4108119429999988,0.06655121500000405
UTM-NN,86,tm,91.07,0.41716906799999265,0.06832104599999411
UTM-NN,87,tm,91.22,0.40898870200001625,0.06915988000000084
UTM-NN,88,tm,91.14999999999999,0.41649884800000336,0.06653201199998193
UTM-NN,89,tm,91.21000000000001,0.41084307399998465,0.06786187800000221
UTM-NN,90,tm,91.16,0.41134577900001545,0.06826107599999887
UTM-NN,91,tm,91.21000000000001,0.4091524149999941,0.06736605800000461
UTM-NN,92,tm,91.27,0.40850998300001606,0.06611130900000717
UTM-NN,93,tm,91.23,0.4139066449999973,0.06626765600000795
UTM-NN,94,tm,91.09,0.41930791300001147,0.06683590200000822
UTM-NN,95,tm,91.17,0.41278600499998674,0.0668927459999793
UTM-NN,96,tm,91.13,0.40993221700000504,0.06840539699999226
UTM-NN,97,tm,91.19,0.41197028499999533,0.06763095700000576
UTM-NN,98,tm,91.10000000000001,0.4179429890000108,0.06874303099999679
UTM-NN,99,tm,91.16,0.41494038900000874,0.06831816499999377
UTM-NN,100,tm,91.27,0.4064633780000122,0.06814734099998532
UTM-NN,101,tm,91.22,0.4152105619999986,0.0677363319999813
UTM-NN,102,tm,91.14,0.4233059900000171,0.0666554570000244
UTM-NN,103,tm,91.25999999999999,0.4124373689999743,0.06794053499999109
UTM-NN,104,tm,91.02,0.41908365199998343,0.06786806100001286
UTM-NN,105,tm,91.12,0.4165957090000063,0.06692484199999171
UTM-NN,106,tm,91.08000000000001,0.4129535369999928,0.06767947999998114
UTM-NN,107,tm,91.16,0.40992494399998236,0.06774093800001424
UTM-NN,108,tm,91.22,0.41838590899999417,0.06814077399999974
UTM-NN,109,tm,91.3,0.42024099599998976,0.06733463400001938
UTM-NN,110,tm,91.25,0.41824543100000255,0.06862183900000218
UTM-NN,111,tm,91.25,0.4114049039999941,0.07135793599999829
UTM-NN,112,tm,91.32000000000001,0.4115389549999975,0.06657099599999583
UTM-NN,113,tm,91.31,0.42204252299998757,0.07189581099999032
UTM-NN,114,tm,91.38,0.4150116460000106,0.06672531499998513
UTM-NN,115,tm,91.38,0.4191179219999981,0.06971162400000708
UTM-NN,116,tm,91.34,0.4270051200000182,0.06776300900000365
UTM-NN,117,tm,91.16,0.4175462629999913,0.06602267599998868
UTM-NN,118,tm,91.23,0.41031531600000903,0.0680666110000061
UTM-NN,119,tm,91.25999999999999,0.4081040689999895,0.06732175999999868
UTM-NN,120,tm,91.22,0.408851516999988,0.06789370100000269
UTM-NN,121,tm,91.29,0.4097183689999895,0.0669164530000046
UTM-NN,122,tm,91.21000000000001,0.4126949740000043,0.06805659299999434
UTM-NN,123,tm,91.36999999999999,0.4230488439999931,0.068753595000004
UTM-NN,124,tm,91.23,0.40434097499999666,0.06945570100000964
UTM-NN,125,tm,91.27,0.4073355440000057,0.06824632699999711
UTM-NN,126,tm,91.17,0.4167147,0.0666708999999912
UTM-NN,127,tm,91.10000000000001,0.42037851599999954,0.06900314999998614
UTM-NN,128,tm,91.25999999999999,0.41118611400000304,0.06692569300000173
UTM-NN,129,tm,91.17,0.4078183329999945,0.06457308200000966
UTM-NN,130,tm,91.24,0.4132658009999943,0.06680159500001537
UTM-NN,131,tm,91.25999999999999,0.41035547900000324,0.06593867099999784
UTM-NN,132,tm,91.14999999999999,0.41553428700001405,0.06799568900001418
UTM-NN,133,tm,91.28,0.41999172999999246,0.06896316699999261
UTM-NN,134,tm,91.14,0.4149471420000168,0.06811255300002017
UTM-NN,135,tm,91.34,0.4171131800000012,0.06777131200001918
UTM-NN,136,tm,91.22,0.41306994099997496,0.06916400800000133
UTM-NN,137,tm,91.32000000000001,0.4277383939999879,0.06633488599999282
UTM-NN,138,tm,91.12,0.4059886150000125,0.06892475899999795
UTM-NN,139,tm,91.21000000000001,0.41029971300000057,0.06792486300000178
UTM-NN,140,tm,91.22,0.42363087800001153,0.0679807680000124
UTM-NN,141,tm,91.34,0.41314167199999474,0.06633127499998182
UTM-NN,142,tm,91.31,0.4086363419999941,0.06721704200001
UTM-NN,143,tm,91.35,0.4214977580000152,0.06815927700000657
UTM-NN,144,tm,91.11,0.4167705030000093,0.06607868099999337
UTM-NN,145,tm,91.34,0.41823996200000124,0.06764447499998028
UTM-NN,146,tm,91.3,0.41972331300001997,0.06820289800000978
UTM-NN,147,tm,91.36999999999999,0.4144955699999855,0.06838092299997811
UTM-NN,148,tm,91.25,0.42658912699999973,0.06875786800000583
UTM-NN,149,tm,91.3,0.41384102600000006,0.06848556200000644
UTM-NN,150,tm,91.35,0.42482212900000604,0.06901144600001885
UTM-NN,151,nn,92.11,0.179571186999965,0.06438708099994983
UTM-NN,152,nn,92.33,0.18294471100000465,0.06654706599999827
UTM-NN,153,nn,92.31,0.1750827409999829,0.06425973400007479
UTM-NN,154,nn,92.52,0.1705074969999032,0.06448043500006406
UTM-NN,155,nn,92.60000000000001,0.18348157600007653,0.06646923799996785
UTM-NN,156,nn,92.66,0.2379178820000334,0.06395590499994341
UTM-NN,157,nn,92.67,0.18626217999997152,0.06519236400004047
UTM-NN,158,nn,92.74,0.16914998300001116,0.06489272100009202
UTM-NN,159,nn,92.77,0.17485354400002961,0.06434552399991844
UTM-NN,160,nn,92.77,0.23522164199994222,0.06658394699991277
UTM-NN,161,nn,92.74,0.17150714599995354,0.06483467500004281
UTM-NN,162,nn,92.78999999999999,0.17298375400002897,0.06637907000003906
UTM-NN,163,nn,92.78999999999999,0.18260068600000068,0.06514081699992857
UTM-NN,164,nn,92.83,0.17676036900002146,0.06524411199995939
UTM-NN,165,nn,92.84,0.16483626300009746,0.06485153899996021
UTM-NN,166,nn,92.81,0.1852874989999691,0.06480640600000243
UTM-NN,167,nn,92.84,0.23575915899994015,0.06343660799996087
UTM-NN,168,nn,92.86,0.1772441829999707,0.06638798399990264
UTM-NN,169,nn,92.89,0.16767992100005813,0.06560224800000469
UTM-NN,170,nn,92.89,0.18355730999996922,0.06306413600009364
UTM-NN,171,nn,92.83,0.2337796489999846,0.06432569100002183
UTM-NN,172,nn,92.86999999999999,0.1726043490000393,0.06380390599997554
UTM-NN,173,nn,92.88,0.180726808999907,0.0624113279999392
UTM-NN,174,nn,92.85,0.1717533989999538,0.06479109099996094
UTM-NN,175,nn,92.80000000000001,0.18187639099994612,0.06385071800002606
UTM-NN,176,nn,92.84,0.17850797599999169,0.06484139899998809
UTM-NN,177,nn,92.83,0.1788735300000326,0.06620073500005219
UTM-NN,178,nn,92.86999999999999,0.23405072700006713,0.06428179800002454
UTM-NN,179,nn,92.9,0.17245014399998126,0.06504823699992812
UTM-NN,180,nn,92.85,0.1761922890000278,0.06648770199990395
UTM-NN,181,nn,92.85,0.17690313799994328,0.06499172299993461
UTM-NN,182,nn,92.86,0.2391243060000079,0.06467111200004183
UTM-NN,183,nn,92.88,0.17143674099997952,0.0657833089999258
UTM-NN,184,nn,92.86,0.18489053399991917,0.06548926599998595
UTM-NN,185,nn,92.86999999999999,0.1851520210000217,0.06379835699999603
UTM-NN,186,nn,92.93,0.18414252800005215,0.06564210999999887
UTM-NN,187,nn,92.91,0.1806499959999428,0.0650700459999598
UTM-NN,188,nn,92.88,0.17579129000000648,0.06545714100002442
UTM-NN,189,nn,92.85,0.18459000699999706,0.06569144299999152
UTM-NN,190,nn,92.78999999999999,0.23542130199996336,0.06495965800002068
UTM-NN,191,nn,92.85,0.18094511300000704,0.06561795799996162
UTM-NN,192,nn,92.9,0.17364047700004903,0.06466186800003015
UTM-NN,193,nn,92.86999999999999,0.22757807499999672,0.06444825500000206
UTM-NN,194,nn,92.84,0.17121163699994213,0.06476486799999748
UTM-NN,195,nn,92.86,0.17449681000005057,0.06472848299995348
UTM-NN,196,nn,92.89,0.1712159100000008,0.06620243199995457
UTM-NN,197,nn,92.88,0.17100929700006873,0.0638746849999734
UTM-NN,198,nn,92.85,0.17360488500003157,0.06641520599998785
UTM-NN,199,nn,92.89,0.17302622100010012,0.0654740730000185
UTM-NN,200,nn,92.91,0.17287905999990016,0.06498117499995715
UTM-NN,201,nn,92.86999999999999,0.22597325599997475,0.06612992099996973
UTM-NN,202,nn,92.85,0.17779303899999377,0.06523456100001113
UTM-NN,203,nn,92.86999999999999,0.1742674879999413,0.06600459499998124
UTM-NN,204,nn,92.92,0.17230095000002166,0.07245567600000413
UTM-NN,205,nn,92.86999999999999,0.22763315499992132,0.06294091500001286
UTM-NN,206,nn,92.9,0.17362735299991527,0.0633766610000066
UTM-NN,207,nn,92.84,0.18368298099994718,0.06636561999994228
UTM-NN,208,nn,92.86999999999999,0.18442093599992404,0.063822949999917
UTM-NN,209,nn,92.91,0.17877078300000449,0.06485604099998454
UTM-NN,210,nn,92.88,0.18168272299999444,0.06492314599995552
UTM-NN,211,nn,92.88,0.17617510600007336,0.0653040529999771
UTM-NN,212,nn,92.84,0.22684744299999693,0.06512679100001151
UTM-NN,213,nn,92.86999999999999,0.17662361099996815,0.06476937399997951
UTM-NN,214,nn,92.82000000000001,0.1792701979999265,0.0661993789999542
UTM-NN,215,nn,92.89,0.1868793150000556,0.06630255400000351
UTM-NN,216,nn,92.86,0.23936212000000978,0.06644599000003382
UTM-NN,217,nn,92.84,0.17744634799998948,0.06644377399993573
UTM-NN,218,nn,92.86,0.1688491319999912,0.0626449239999829
UTM-NN,219,nn,92.86,0.17609443800006375,0.06439940600000682
UTM-NN,220,nn,92.89,0.17740654399995037,0.06480859200007671
UTM-NN,221,nn,92.83,0.18075449599996318,0.06339148799997929
UTM-NN,222,nn,92.86,0.17203639199999543,0.0655924050000749
UTM-NN,223,nn,92.84,0.23941687399997136,0.06721115899995311
UTM-NN,224,nn,92.9,0.1805576529999371,0.06301984500009894
UTM-NN,225,nn,92.89,0.18025597799999105,0.06626314599998295
UTM-NN,226,nn,92.81,0.1776373310000281,0.06322545099999388
UTM-NN,227,nn,92.86,0.23381528799995976,0.06747015100006593
UTM-NN,228,nn,92.89,0.17959530999996787,0.06368921000000682
UTM-NN,229,nn,92.83,0.18642746499995155,0.0663720249999642
UTM-NN,230,nn,92.89,0.17322416499996507,0.06463129999997363
UTM-NN,231,nn,92.83,0.17100742100001298,0.0627046719999953
UTM-NN,232,nn,92.85,0.1738933710000765,0.06562584400001015
UTM-NN,233,nn,92.86,0.17420627199999217,0.06312379900009546
UTM-NN,234,nn,92.84,0.1704951770000207,0.06503994199999852
UTM-NN,235,nn,92.88,0.23542182300002423,0.06664187900003071
UTM-NN,236,nn,92.88,0.18141453600003388,0.06537247899996146
UTM-NN,237,nn,92.91,0.18337056799998663,0.06446439100000134
UTM-NN,238,nn,92.85,0.2216451640000514,0.06320662900009211
UTM-NN,239,nn,92.86,0.17603912300000957,0.06581474200004322
UTM-NN,240,nn,92.88,0.1738753979999501,0.06426362499996685
UTM-NN,241,nn,92.83,0.17143286600003194,0.06543046600006619
UTM-NN,242,nn,92.91,0.17521482799998012,0.07115327899998647
UTM-NN,243,nn,92.86999999999999,0.17191725300006055,0.07198164199996882
UTM-NN,244,nn,92.9,0.17215210200004094,0.07300038699997913
UTM-NN,245,nn,92.91,0.1736731859999736,0.07176899600005981
UTM-NN,246,nn,92.91,0.23063086499996643,0.06616689199995562
UTM-NN,247,nn,92.89,0.1793849330000512,0.06663363199993455
UTM-NN,248,nn,92.81,0.17103524399999515,0.072531179000066
UTM-NN,249,nn,92.9,0.18118076300004304,0.067220916999986
UTM-NN,250,nn,92.88,0.2326537939999298,0.06543099600003188
UTM-NN,251,nn,92.85,0.18172454299997298,0.06463324800006376
UTM-NN,252,nn,92.84,0.18330023199996504,0.06540592999999717
UTM-NN,253,nn,92.83,0.18550862200004303,0.06424088799997207
UTM-NN,254,nn,92.86999999999999,0.17547287900003994,0.06535038300000906
UTM-NN,255,nn,92.86999999999999,0.17708937200006858,0.06389117000003353
UTM-NN,256,nn,92.83,0.1673228619999918,0.06469875199991293
UTM-NN,257,nn,92.86999999999999,0.23960669999996753,0.06485981699995591
UTM-NN,258,nn,92.92,0.17877659600003426,0.0648524499999894
UTM-NN,259,nn,92.91,0.17227154599993355,0.06422617900000205
UTM-NN,260,nn,92.9,0.1713089280000304,0.066345149999961
UTM-NN,261,nn,92.83,0.23675027399997361,0.06641393799998241
UTM-NN,262,nn,92.85,0.1804479209999954,0.06476474600003712
UTM-NN,263,nn,92.83,0.18446918500001175,0.06606706900004156
UTM-NN,264,nn,92.86999999999999,0.1783184789999268,0.06604191299993545
UTM-NN,265,nn,92.85,0.1792830709999862,0.06474333100004515
UTM-NN,266,nn,92.89,0.1718861909999987,0.06666074600002503
UTM-NN,267,nn,92.86,0.18344099299997652,0.06761683499996707
UTM-NN,268,nn,92.88,0.2292836950000492,0.06536091400005262
UTM-NN,269,nn,92.83,0.17249407100007375,0.06693272600000455
UTM-NN,270,nn,92.84,0.18329353500007528,0.06855751199998394
UTM-NN,271,nn,92.94,0.17685171400000854,0.06473840399996789
UTM-NN,272,nn,92.9,0.23850929599996107,0.06661194299999806
UTM-NN,273,nn,92.86999999999999,0.1853319989999136,0.06628505000003315
UTM-NN,274,nn,92.82000000000001,0.17742319899991799,0.06648562500004118
UTM-NN,275,nn,92.88,0.175034164000067,0.06551573600006577
UTM-NN,276,nn,92.82000000000001,0.17301173700002437,0.06704173499997523
UTM-NN,277,nn,92.88,0.1837789520000115,0.06619788000000426
UTM-NN,278,nn,92.84,0.17879220999998324,0.06658381399995505
UTM-NN,279,nn,92.84,0.17547773500007224,0.0651249039999584
UTM-NN,280,nn,92.84,0.2411191129999679,0.06753322199995182
UTM-NN,281,nn,92.85,0.17878886100004365,0.06734978899999078
UTM-NN,282,nn,92.89,0.17379384799994568,0.0667746439999064
UTM-NN,283,nn,92.74,0.23248316199999408,0.06641646699995363
UTM-NN,284,nn,92.86999999999999,0.17236444000002393,0.06835339299993848
UTM-NN,285,nn,92.84,0.17551584800003184,0.06592617600006179
UTM-NN,286,nn,92.86,0.17356766699992932,0.0661916569999903
UTM-NN,287,nn,92.89,0.17044691900002817,0.06812251299993477
UTM-NN,288,nn,92.88,0.17539787900000192,0.06585584499998731
UTM-NN,289,nn,92.89,0.1847575509999615,0.06763980599998831
UTM-NN,290,nn,92.84,0.18543128000010256,0.06597191200000907
UTM-NN,291,nn,92.88,0.23897419900004024,0.0647375229999625
UTM-NN,292,nn,92.86,0.18498896899995998,0.06465600700005325
UTM-NN,293,nn,92.81,0.18279489799999737,0.06664585800001532
UTM-NN,294,nn,92.83,0.17500318499992318,0.06483930000001692
UTM-NN,295,nn,92.86,0.23515911000004053,0.06525811099993462
UTM-NN,296,nn,92.91,0.17651043099999697,0.06451991799997359
UTM-NN,297,nn,92.92,0.1691889749999973,0.06511425299993334
UTM-NN,298,nn,92.88,0.1726454099999728,0.06670057099995574
UTM-NN,299,nn,92.86999999999999,0.17318332699994698,0.06378737900001852
UTM-NN,300,nn,92.93,0.1752503999999817,0.06489971700000297
UTM-NN,301,nn,92.88,0.1678544909999573,0.06414553299998715
UTM-NN,302,nn,92.88,0.23557505300004777,0.06350304500006132
UTM-NN,303,nn,92.86999999999999,0.1761394930000506,0.06451030000005176
UTM-NN,304,nn,92.86999999999999,0.16999672300005386,0.06442102399989835
UTM-NN,305,nn,92.9,0.17573961100003999,0.06424179299995103
UTM-NN,306,nn,92.81,0.23914601799992852,0.06429169000000456
UTM-NN,307,nn,92.86,0.1785305260000314,0.07201118599994061
UTM-NN,308,nn,92.86999999999999,0.17162982399997873,0.06385081600001286
UTM-NN,309,nn,92.9,0.17376347699996586,0.06397656799993001
UTM-NN,310,nn,92.89,0.17413965299999745,0.06468635900000663
UTM-NN,311,nn,92.85,0.171067078999954,0.0666640939999752
UTM-NN,312,nn,92.89,0.17059215099993708,0.06508685400001468
UTM-NN,313,nn,92.9,0.2268828690000646,0.06603920700001709
UTM-NN,314,nn,92.81,0.17201874199997746,0.06384962100003122
UTM-NN,315,nn,92.88,0.17149945799997113,0.06491008299997247
UTM-NN,316,nn,92.88,0.17155146000004606,0.06594454100002167
UTM-NN,317,nn,92.85,0.22795919500003947,0.06459004199996343
UTM-NN,318,nn,92.88,0.17118905499989978,0.06517709699994612
UTM-NN,319,nn,92.88,0.17137808699999368,0.06474833300001137
UTM-NN,320,nn,92.88,0.1742169340000146,0.06425805599997148
UTM-NN,321,nn,92.85,0.1720729260000553,0.0678988259999187
UTM-NN,322,nn,92.86,0.17100377099995967,0.06552415900000597
UTM-NN,323,nn,92.86999999999999,0.17097832200010998,0.0666379470000038
UTM-NN,324,nn,92.88,0.17325623699991866,0.06355547499993008
UTM-NN,325,nn,92.9,0.2253804859999491,0.06474057700006597
UTM-NN,326,nn,92.84,0.17150747100004082,0.06448475499996675
UTM-NN,327,nn,92.88,0.1742023330000393,0.06508212299991101
UTM-NN,328,nn,92.86999999999999,0.1730940400000236,0.06482488900007866
UTM-NN,329,nn,92.82000000000001,0.2248163190000696,0.0660930260000896
UTM-NN,330,nn,92.88,0.17276083800004471,0.06393865100005769
UTM-NN,331,nn,92.89,0.17184007200000906,0.06616434800002935
UTM-NN,332,nn,92.83,0.17365767899991624,0.06497805999993034
UTM-NN,333,nn,92.86999999999999,0.17074534899995797,0.06666438800004926
UTM-NN,334,nn,92.93,0.17329942100002427,0.0658040970000684
UTM-NN,335,nn,92.86,0.17161853700008578,0.06547627800000555
UTM-NN,336,nn,92.83,0.2260164799999984,0.06409065100001499
UTM-NN,337,nn,92.86,0.17109197899992523,0.06583008799998424
UTM-NN,338,nn,92.81,0.17484033499999896,0.06431785799998124
UTM-NN,339,nn,92.82000000000001,0.17153138100002252,0.06665588399994249
UTM-NN,340,nn,92.82000000000001,0.22498403900010544,0.0663650819999475
UTM-NN,341,nn,92.88,0.17447677099994507,0.06423603600001115
UTM-NN,342,nn,92.85,0.1709015899999713,0.06477110800005903
UTM-NN,343,nn,92.86,0.17207503199995244,0.06414376700001867
UTM-NN,344,nn,92.89,0.1718004929999779,0.06332147499995244
UTM-NN,345,nn,92.89,0.1713988099999142,0.06702471500000229
UTM-NN,346,nn,92.88,0.17076323899993895,0.06650105599999279
UTM-NN,347,nn,92.92,0.22498455300001297,0.06590987100003076
UTM-NN,348,nn,92.86999999999999,0.17633778800006894,0.06544952800004467
UTM-NN,349,nn,92.9,0.17133248100003584,0.06500968499994997
UTM-NN,350,nn,92.83,0.1713270889999876,0.06727995699998246
UTM-NN,351,nn,92.86,0.2290159259999882,0.06437949099995421
UTM-NN,352,nn,92.86999999999999,0.1723295889999008,0.0666537500000004
UTM-NN,353,nn,92.83,0.17124985999998898,0.06528651299993271
UTM-NN,354,nn,92.84,0.1720721939999521,0.0670766470000217
UTM-NN,355,nn,92.85,0.174746955000046,0.06520518499996797
UTM-NN,356,nn,92.92,0.17099576099997194,0.06428247899998496
UTM-NN,357,nn,92.85,0.17074382999999216,0.0653125410000257
UTM-NN,358,nn,92.83,0.17293875699999717,0.06543484200005878
UTM-NN,359,nn,92.81,0.22642314300003363,0.06642187499994634
UTM-NN,360,nn,92.83,0.17128452800000105,0.06475048400000105
UTM-NN,361,nn,92.89,0.1713082049999457,0.06409878900001331
UTM-NN,362,nn,92.86,0.22822715699999208,0.066977952000002
UTM-NN,363,nn,92.86,0.17080581900006564,0.06550866399993538
UTM-NN,364,nn,92.85,0.1705688150000242,0.06601051899997401
UTM-NN,365,nn,92.88,0.17449486199996045,0.06553786999995737
UTM-NN,366,nn,92.82000000000001,0.17359514600002512,0.06718297599991274
UTM-NN,367,nn,92.89,0.17072558899997148,0.06587249400001838
UTM-NN,368,nn,92.88,0.17139566099990589,0.06761386100004074
UTM-NN,369,nn,92.85,0.1722131950000403,0.06541588400000364
UTM-NN,370,nn,92.86,0.22513298099988788,0.06446462499991412
UTM-NN,371,nn,92.86,0.17127027499998349,0.0653813710000577
UTM-NN,372,nn,92.82000000000001,0.17403880300003038,0.06826789399997324
UTM-NN,373,nn,92.91,0.1758340159999534,0.06498002199998609
UTM-NN,374,nn,92.82000000000001,0.2247504240000353,0.06532480800001395
UTM-NN,375,nn,92.88,0.1720796380000138,0.06491570100001809
UTM-NN,376,nn,92.81,0.17443166600003224,0.06580556099993373
UTM-NN,377,nn,92.86,0.17272599899990837,0.06642931600003976
UTM-NN,378,nn,92.82000000000001,0.17164020199993502,0.06590053899992654
UTM-NN,379,nn,92.85,0.17466924699999709,0.06541142399998989
UTM-NN,380,nn,92.92,0.1709398020000208,0.06531630400002086
UTM-NN,381,nn,92.86999999999999,0.22498703300004763,0.0668219939999517
UTM-NN,382,nn,92.86999999999999,0.17350901200006774,0.06415796499993576
UTM-NN,383,nn,92.84,0.17200321899997562,0.06649679800000285
UTM-NN,384,nn,92.78,0.1715408000000025,0.06469160299991472
UTM-NN,385,nn,92.82000000000001,0.22581173599996873,0.0674152829999457
UTM-NN,386,nn,92.84,0.17395063499998287,0.06651169700000992
UTM-NN,387,nn,92.86999999999999,0.17171533099997305,0.06550592999997207
UTM-NN,388,nn,92.86,0.17090856699996948,0.06494197799997892
UTM-NN,389,nn,92.88,0.17426446499996473,0.06433698700004697
UTM-NN,390,nn,92.84,0.1721086520000199,0.06764189200009696
UTM-NN,391,nn,92.86999999999999,0.17407141299997875,0.06657150500006992
UTM-NN,392,nn,92.88,0.22529913999994733,0.06621890299993538
UTM-NN,393,nn,92.86999999999999,0.1724928580000551,0.06706903600002079
UTM-NN,394,nn,92.91,0.17261739000002763,0.06708520199993018
UTM-NN,395,nn,92.89,0.171771294999985,0.0670798940000168
UTM-NN,396,nn,92.86999999999999,0.23143147099995076,0.06747232099996836
UTM-NN,397,nn,92.9,0.17143845299995064,0.06718640100007178
UTM-NN,398,nn,92.89,0.17104447899998831,0.06746798699998635
UTM-NN,399,nn,92.88,0.17406100200003038,0.06600103299990678
UTM-NN,400,nn,92.86999999999999,0.17250980399990112,0.06621816200004105
UTM-NN,401,nn,92.78999999999999,0.17084969200004707,0.06725585699996373
UTM-NN,402,nn,92.86,0.17108559299992976,0.06704861900004744
UTM-NN,403,nn,92.84,0.17768839999996544,0.06648555700007819
UTM-NN,404,nn,92.85,0.2280358210000486,0.06517821199997798
UTM-NN,405,nn,92.91,0.17815346299994417,0.0669965700000148
UTM-NN,406,nn,92.88,0.1817443219999859,0.06542443800003639
UTM-NN,407,nn,92.85,0.23402159500005837,0.06441037800004779
UTM-NN,408,nn,92.86,0.16987599100002626,0.06621745299992199
UTM-NN,409,nn,92.86,0.18356231600000683,0.06500227899994115
UTM-NN,410,nn,92.89,0.16622270699997443,0.06716374799998448
UTM-NN,411,nn,92.83,0.18071410099992136,0.06611900500001866
UTM-NN,412,nn,92.86999999999999,0.17183462200000577,0.06548812500000167
UTM-NN,413,nn,92.86,0.17995394100000794,0.06688043200006177
UTM-NN,414,nn,92.82000000000001,0.16710052700000233,0.0668026569999256
UTM-NN,415,nn,92.89,0.2268844129999934,0.06557748099999117
UTM-NN,416,nn,92.81,0.16903441600004498,0.06679611300000943
UTM-NN,417,nn,92.86,0.1861134519999723,0.06540744699998413
UTM-NN,418,nn,92.88,0.18561632000000827,0.0645346400000335
UTM-NN,419,nn,92.92,0.2334137280000732,0.0646921029999703
UTM-NN,420,nn,92.88,0.17559993899999427,0.06569435000005797
UTM-NN,421,nn,92.92,0.17195448200004648,0.06697634100009964
UTM-NN,422,nn,92.9,0.1765533709999545,0.06677223299993784
UTM-NN,423,nn,92.88,0.18805833800001892,0.0651495669999349
UTM-NN,424,nn,92.9,0.18631758800006537,0.06367675699993924
UTM-NN,425,nn,92.89,0.17292765000001964,0.06492991899995104
UTM-NN,426,nn,92.91,0.2369213110000601,0.06447654400005831
UTM-NN,427,nn,92.86999999999999,0.18401677800000016,0.0641731890000301
UTM-NN,428,nn,92.84,0.18460535100007291,0.0652440100000149
UTM-NN,429,nn,92.85,0.1826296070000808,0.06485253300002114
UTM-NN,430,nn,92.85,0.24195690599992759,0.06609415699995225
UTM-NN,431,nn,92.86999999999999,0.18087071300010393,0.06444450300000426
UTM-NN,432,nn,92.84,0.1838959579999937,0.06500108900002033
UTM-NN,433,nn,92.86,0.1834902409999586,0.06500661399991259
UTM-NN,434,nn,92.86999999999999,0.1765708899999936,0.06500385399999686
UTM-NN,435,nn,92.88,0.1829086449999977,0.06559460500000114
UTM-NN,436,nn,92.88,0.18315435099998467,0.0644282010000552
UTM-NN,437,nn,92.91,0.23853289000010136,0.0667384390000052
UTM-NN,438,nn,92.86,0.18661124200002632,0.06639662700001736
UTM-NN,439,nn,92.85,0.1855917389999604,0.06688294200000655
UTM-NN,440,nn,92.91,0.17102133299999878,0.06703418199992939
UTM-NN,441,nn,92.81,0.2360966290000306,0.06531040699996993
UTM-NN,442,nn,92.86,0.17142792499998905,0.06290769299994281
UTM-NN,443,nn,92.86999999999999,0.18076970000004167,0.06418504099997335
UTM-NN,444,nn,92.91,0.18512703299995792,0.06627317800007404
UTM-NN,445,nn,92.9,0.18284798499996668,0.06424078500003816
UTM-NN,446,nn,92.9,0.1675381400000333,0.06527687899995271
UTM-NN,447,nn,92.86,0.17610823499990147,0.06376635899994199
UTM-NN,448,nn,92.93,0.1825930930000368,0.0661741900000834
UTM-NN,449,nn,92.82000000000001,0.23872407599992584,0.0640851069999826
UTM-NN,450,nn,92.86999999999999,0.1868362420000267,0.06465915399996902
UTM-NN,451,nn,92.89,0.1843011099999785,0.06493651100004172
UTM-NN,452,nn,92.86999999999999,0.23752244399997835,0.06502008999996178
UTM-NN,453,nn,92.92,0.18551064099995074,0.06438012599994636
UTM-NN,454,nn,92.92,0.16716081299989582,0.06521804999999858
UTM-NN,455,nn,92.86,0.1830045430000382,0.06641102799994769
UTM-NN,456,nn,92.78999999999999,0.1823571439999796,0.06645509299994501
UTM-NN,457,nn,92.86999999999999,0.1753649920000271,0.06469149199995172
UTM-NN,458,nn,92.85,0.1733160899999575,0.06492227799992634
UTM-NN,459,nn,92.89,0.1709219839999605,0.06575063600007525
UTM-NN,460,nn,92.92,0.2289472840000144,0.06627284499995767
UTM-NN,461,nn,92.82000000000001,0.17414021699994464,0.06617537799991169
UTM-NN,462,nn,92.89,0.17332136699997136,0.06576059199994688
UTM-NN,463,nn,92.83,0.1739019179999559,0.06521613500001422
UTM-NN,464,nn,92.82000000000001,0.23815444900003513,0.06579337600010149
UTM-NN,465,nn,92.86999999999999,0.1838101480000205,0.06358552000006057
UTM-NN,466,nn,92.9,0.1855428540000048,0.06412145599995256
UTM-NN,467,nn,92.88,0.1708074980000447,0.06499556699998266
UTM-NN,468,nn,92.86,0.17775661399991805,0.06602832699991268
UTM-NN,469,nn,92.86,0.1817261529999996,0.06516965200000868
UTM-NN,470,nn,92.89,0.17193268699998043,0.06566381699997237
UTM-NN,471,nn,92.93,0.2267790740000919,0.06406773099990914
UTM-NN,472,nn,92.86,0.17752671900007044,0.06451981500003967
UTM-NN,473,nn,92.83,0.1787869460000593,0.06468038599996362
UTM-NN,474,nn,92.88,0.17467653000005612,0.06683625999994547
UTM-NN,475,nn,92.91,0.22543875299993488,0.06508219099998769
UTM-NN,476,nn,92.84,0.17335989900004733,0.06474087399999462
UTM-NN,477,nn,92.89,0.17520024700002068,0.06491048099996988
UTM-NN,478,nn,92.86,0.17119745600007263,0.06565219000003708
UTM-NN,479,nn,92.82000000000001,0.17467145000000528,0.06606542700001228
UTM-NN,480,nn,92.93,0.17015166200008025,0.06444357300006232
UTM-NN,481,nn,92.86999999999999,0.16647522899995693,0.06462624699997832
UTM-NN,482,nn,92.83,0.2311596819999977,0.0650514410000369
UTM-NN,483,nn,92.83,0.18363526300004196,0.06490266100001918
UTM-NN,484,nn,92.88,0.17394344399997408,0.06490503099996658
UTM-NN,485,nn,92.89,0.18014682600005472,0.06482216199992763
UTM-NN,486,nn,92.86999999999999,0.2389947660000189,0.06473327300000165
UTM-NN,487,nn,92.85,0.17647124200004782,0.06616480600007435
UTM-NN,488,nn,92.88,0.17137441399995623,0.06473717900007614
UTM-NN,489,nn,92.81,0.18220862399994076,0.06453005900004882
UTM-NN,490,nn,92.83,0.1834715979999828,0.06537742399996205
UTM-NN,491,nn,92.86999999999999,0.17205593200003477,0.06515435400001479
UTM-NN,492,nn,92.83,0.17081691299995327,0.06476863600005345
UTM-NN,493,nn,92.83,0.1842858930000375,0.0650198249999221
UTM-NN,494,nn,92.85,0.2344260980000854,0.06606581400001232
UTM-NN,495,nn,92.86999999999999,0.18723694099992372,0.07080470999994759
UTM-NN,496,nn,92.89,0.18705652000005557,0.06993915300006392
UTM-NN,497,nn,92.9,0.24081543099998726,0.06671431200004463
UTM-NN,498,nn,92.86999999999999,0.183954276999998,0.07246558899998945
UTM-NN,499,nn,92.86,0.1870417320000115,0.06918948699990324
UTM-NN,500,nn,92.88,0.18493267799999558,0.07054091400004836
