method,epoch,model_type,test_accuracy,train_time,test_time
Cyclic,1,tm,55.44,0.46598123500007205,0.06266946200048551
Cyclic,2,tm,63.580000000000005,0.3959022310009459,0.06359320098999888
Cyclic,3,tm,60.980000000000004,0.39203591299883556,0.06299942400073633
Cyclic,4,tm,66.75999999999999,0.3838268200051971,0.06357646599644795
Cyclic,5,tm,65.09,0.3785390470002312,0.06406425999011844
Cyclic,6,tm,62.870000000000005,0.36939630399865564,0.06459068800904788
Cyclic,7,tm,67.58,0.36289044200384524,0.06680819300527219
Cyclic,8,tm,70.17999999999999,0.35742415899585467,0.06290381099097431
Cyclic,9,tm,70.26,0.3644460109935608,0.06420447900018189
Cyclic,10,tm,69.02000000000001,0.3577691320097074,0.06519069999922067
Cyclic,11,tm,71.26,0.3552251229993999,0.06568305801192764
Cyclic,12,tm,68.89,0.350055468006758,0.06721107599150855
Cyclic,13,tm,68.46,0.34647396800573915,0.06528967199847102
Cyclic,14,tm,69.64,0.3304209699999774,0.06614445500599686
Cyclic,15,tm,71.56,0.3439833180018468,0.06589648799854331
Cyclic,16,tm,68.99,0.3396251090016449,0.06505260600533802
Cyclic,17,tm,68.26,0.3359631700004684,0.06465681499685161
Cyclic,18,tm,71.35000000000001,0.34347386300214566,0.0653784260066459
Cyclic,19,tm,72.56,0.3391153259872226,0.07092026600730605
Cyclic,20,tm,66.3,0.33087255600548815,0.06566221000684891
Cyclic,21,tm,72.23,0.3344580209959531,0.06570156100497115
Cyclic,22,tm,67.82000000000001,0.33517852400837,0.06445795299077872
Cyclic,23,tm,69.02000000000001,0.33846241800347343,0.06450315000256523
Cyclic,24,tm,69.85,0.340433227000176,0.06566344799648505
Cyclic,25,tm,72.0,0.33519287999661174,0.06441588800225873
Cyclic,26,tm,70.09,0.33529730400186963,0.06532690599851776
Cyclic,27,tm,67.44,0.32755754599929787,0.06546764601080213
Cyclic,28,tm,71.13000000000001,0.33415702800266445,0.06640752100793179
Cyclic,29,tm,72.52,0.32514935499057174,0.06283475000236649
Cyclic,30,tm,71.66,0.32800466600747313,0.06696217998978682
Cyclic,31,tm,71.76,0.330269316007616,0.06929298699833453
Cyclic,32,tm,70.86,0.32131562499853317,0.06455653200100642
Cyclic,33,tm,69.67999999999999,0.337783117996878,0.0646479150018422
Cyclic,34,tm,70.56,0.3344833939918317,0.06544764200225472
Cyclic,35,tm,72.75,0.32671883699367754,0.06581776599341538
Cyclic,36,tm,71.76,0.3376079939916963,0.06384950299980119
Cyclic,37,tm,70.41,0.3322428430110449,0.06516753099276684
Cyclic,38,tm,71.91,0.33276313000533264,0.06648142999620177
Cyclic,39,tm,72.06,0.33022003299265634,0.06399274300201796
Cyclic,40,tm,72.52,0.3287650419952115,0.06552455900236964
Cyclic,41,tm,69.75,0.32315511800698005,0.0646588560048258
Cyclic,42,tm,71.93,0.33697035801014863,0.06509606399049517
Cyclic,43,tm,72.1,0.3299315260082949,0.0653362129960442
Cyclic,44,tm,73.54,0.32084199599921703,0.06513533300312702
Cyclic,45,tm,74.21,0.324437866001972,0.0651798089966178
Cyclic,46,tm,70.33,0.3328319209977053,0.06694060600420926
Cyclic,47,tm,74.06,0.32954304201120976,0.06582558200170752
Cyclic,48,tm,74.99,0.3223248519934714,0.06547301799582783
Cyclic,49,tm,71.98,0.3213243509962922,0.06478105299174786
Cyclic,50,tm,72.53,0.3259799220104469,0.06482380899251439
Cyclic,51,nn,79.11,0.1950301360047888,0.06845557199267205
Cyclic,52,nn,79.66,0.19456568801251706,0.06665672900271602
Cyclic,53,nn,79.80000000000001,0.19807302999834064,0.0676647009968292
Cyclic,54,nn,80.0,0.2573229249974247,0.06802206698921509
Cyclic,55,nn,79.92,0.19617804400331806,0.06846958798996639
Cyclic,56,nn,80.15,0.19530564799788408,0.06771923501219135
Cyclic,57,nn,79.97,0.19933182800014038,0.06663446199672762
Cyclic,58,nn,79.89,0.25167998699180316,0.06610629800707102
Cyclic,59,nn,80.15,0.1985747540020384,0.06776339400676079
Cyclic,60,nn,80.08,0.1989985219988739,0.06695404800120741
Cyclic,61,nn,80.13,0.22548973400262184,0.06810952399973758
Cyclic,62,nn,80.08999999999999,0.25351306500670034,0.06359360400529113
Cyclic,63,nn,80.28,0.19979091099230573,0.06652257799578365
Cyclic,64,nn,80.07,0.19461596199835185,0.06749038900306914
Cyclic,65,nn,80.01,0.19896826600597706,0.06476852799823973
Cyclic,66,nn,80.25,0.19402149200323038,0.0652648959949147
Cyclic,67,nn,80.06,0.2536971869994886,0.06671353100682609
Cyclic,68,nn,80.11,0.21746013300435152,0.06851582899980713
Cyclic,69,nn,80.15,0.2000102309975773,0.06774050300009549
Cyclic,70,nn,80.13,0.1996300750033697,0.06794835200707894
Cyclic,71,nn,80.36999999999999,0.26065574899257626,0.06879977400240023
Cyclic,72,nn,80.25,0.20410466800967697,0.06922376700094901
Cyclic,73,nn,80.30000000000001,0.19664986300631426,0.06746939299046062
Cyclic,74,nn,80.16,0.19676492699363735,0.06905551700037904
Cyclic,75,nn,80.25999999999999,0.2563057169900276,0.06871485500596464
Cyclic,76,nn,80.28,0.20600122700852808,0.06810530999791808
Cyclic,77,nn,80.22,0.20848948899947572,0.06781723600579426
Cyclic,78,nn,80.36,0.19822112799738534,0.0686747689906042
Cyclic,79,nn,80.46,0.1964381739962846,0.06807071999355685
Cyclic,80,nn,80.36999999999999,0.24752217599598225,0.0690485180093674
Cyclic,81,nn,80.57,0.19624121200467926,0.06760626700997818
Cyclic,82,nn,80.45,0.22303783499228302,0.06812135699146893
Cyclic,83,nn,80.46,0.21927693799079861,0.06832957800361328
Cyclic,84,nn,80.45,0.2470199099916499,0.06786519799788948
Cyclic,85,nn,80.7,0.19799281599989627,0.06765459199959878
Cyclic,86,nn,80.54,0.20062383300682995,0.06785707299422938
Cyclic,87,nn,80.57,0.21995138499187306,0.06733296900347341
Cyclic,88,nn,80.43,0.24767461499141064,0.06813928700285032
Cyclic,89,nn,80.49,0.19717409899749327,0.06766029699065257
Cyclic,90,nn,80.60000000000001,0.19842289299413096,0.07047666900325567
Cyclic,91,nn,80.56,0.2172578799945768,0.06339445899357088
Cyclic,92,nn,80.58999999999999,0.24840359500376508,0.06675608799559996
Cyclic,93,nn,80.45,0.20419532799860463,0.06859298500057776
Cyclic,94,nn,80.57,0.20175630399899092,0.06719463800254744
Cyclic,95,nn,80.65,0.20355720199586358,0.06797034900228027
Cyclic,96,tm,71.45,0.3283729809918441,0.06451567199837882
Cyclic,97,tm,72.92999999999999,0.32280266599263996,0.06418395601212978
Cyclic,98,tm,71.89999999999999,0.32067868299782276,0.06584612400911283
Cyclic,99,tm,72.92999999999999,0.31679332499334123,0.06466346699744463
Cyclic,100,tm,72.95,0.32344493200071156,0.06297089900181163
Cyclic,101,tm,70.71,0.32663185300771147,0.06758694699965417
Cyclic,102,tm,67.92,0.3168531260016607,0.06606640901009087
Cyclic,103,tm,72.7,0.3229814259975683,0.06590291400789283
Cyclic,104,tm,72.96000000000001,0.3148051390016917,0.06768758199177682
Cyclic,105,tm,74.35000000000001,0.3230324250034755,0.06659805201343261
Cyclic,106,tm,74.64,0.33874085400020704,0.06300064400420524
Cyclic,107,tm,70.72,0.3337020670005586,0.0684389009984443
Cyclic,108,tm,72.57000000000001,0.3301645909959916,0.06698447300004773
Cyclic,109,tm,71.13000000000001,0.3327014630049234,0.06598746799863875
Cyclic,110,tm,73.72,0.3204545530024916,0.0655647579987999
Cyclic,111,tm,71.24000000000001,0.32122709599207155,0.06487351199029945
Cyclic,112,tm,70.33,0.319315180007834,0.06538431100489106
Cyclic,113,tm,72.6,0.3235989170061657,0.066738263994921
Cyclic,114,tm,72.67,0.323955505999038,0.06637566100107506
Cyclic,115,tm,74.92,0.3154840339993825,0.06490801498875953
Cyclic,116,tm,75.14,0.31823332600470167,0.06451219000155106
Cyclic,117,tm,75.02,0.32430958999611903,0.06458176299929619
Cyclic,118,tm,74.53,0.3234908529993845,0.06547488400246948
Cyclic,119,tm,72.78,0.32952568400651217,0.06654018300469033
Cyclic,120,tm,72.8,0.3276912229921436,0.06367969400889706
Cyclic,121,tm,74.06,0.32195480399241205,0.06481967699073721
Cyclic,122,tm,73.88,0.3205473849957343,0.06496799300657585
Cyclic,123,tm,74.03999999999999,0.3197243159956997,0.06620283699885476
Cyclic,124,tm,73.27,0.3281681320077041,0.06462474800355267
Cyclic,125,tm,72.52,0.3274449460004689,0.06533311399107333
Cyclic,126,tm,71.78,0.32694936599000357,0.0676060179976048
Cyclic,127,tm,74.69,0.3200551269983407,0.06662348400277551
Cyclic,128,tm,73.61,0.31639401099528186,0.06520306000311393
Cyclic,129,tm,73.11999999999999,0.3242938019975554,0.06769040900690015
Cyclic,130,tm,75.32,0.3171802419965388,0.06454720201145392
Cyclic,131,tm,72.2,0.32515457100817,0.06362780201015994
Cyclic,132,tm,71.64,0.3191039469966199,0.06533903199306224
Cyclic,133,tm,75.03,0.3123358279990498,0.06529360200511292
Cyclic,134,tm,74.03,0.3238649980048649,0.06596041399461683
Cyclic,135,tm,72.76,0.3244152719998965,0.06648671699804254
Cyclic,136,tm,73.61,0.3116094389988575,0.06564868600980844
Cyclic,137,tm,72.72999999999999,0.31748461500683334,0.06537055100488942
Cyclic,138,tm,74.36,0.3300438330043107,0.06513654100126587
Cyclic,139,tm,72.98,0.32249607298581395,0.06597645601141267
Cyclic,140,tm,71.33,0.3196072249993449,0.06201762400451116
Cyclic,141,tm,73.39,0.31766461199731566,0.06479180300084408
Cyclic,142,tm,71.0,0.3180337000085274,0.06602508400101215
Cyclic,143,tm,74.72,0.32536320699728094,0.06223327899351716
Cyclic,144,tm,72.68,0.32699760800460353,0.0658664590009721
Cyclic,145,tm,74.17,0.3241354310011957,0.06601015200430993
Cyclic,146,nn,78.58000000000001,0.19899625499965623,0.06877817198983394
Cyclic,147,nn,79.03,0.259757140011061,0.06832330099132378
Cyclic,148,nn,79.52,0.19988112499413546,0.06625874699966516
Cyclic,149,nn,79.67999999999999,0.21917961500003003,0.06749865600431804
Cyclic,150,nn,79.81,0.20148548299039248,0.06888638201053254
Cyclic,151,nn,79.80000000000001,0.19762104499386624,0.0687281940045068
Cyclic,152,nn,79.96,0.2509063320030691,0.06796487899555359
Cyclic,153,nn,79.97999999999999,0.19995620001282077,0.06832310899335425
Cyclic,154,nn,80.02,0.19770498099387623,0.06747022400668357
Cyclic,155,nn,79.86999999999999,0.2071429520001402,0.06924766799784265
Cyclic,156,nn,80.08999999999999,0.24672602200007532,0.06556685500254389
Cyclic,157,nn,79.85,0.20159926600172184,0.06891552401066292
Cyclic,158,nn,79.82000000000001,0.19778913899790496,0.06727306700486224
Cyclic,159,nn,79.82000000000001,0.19511525898997206,0.06927885700133629
Cyclic,160,nn,80.02,0.2619919989956543,0.06697052100207657
Cyclic,161,nn,80.16,0.20473372700507753,0.06772822799393907
Cyclic,162,nn,80.04,0.20186083400039934,0.06879475999448914
Cyclic,163,nn,79.97999999999999,0.19600920600350946,0.06578488599916454
Cyclic,164,nn,80.10000000000001,0.24679358200228307,0.06714714899135288
Cyclic,165,nn,80.08999999999999,0.20295455399900675,0.06858317500154953
Cyclic,166,nn,80.13,0.1962113759946078,0.06719981199421454
Cyclic,167,nn,80.19,0.19463984199683182,0.06691830199270044
Cyclic,168,nn,80.0,0.19809075999364723,0.06781428599788342
Cyclic,169,nn,80.12,0.27689468099561054,0.06798937899293378
Cyclic,170,nn,80.08999999999999,0.19907820099615492,0.06627608599956147
Cyclic,171,nn,80.17999999999999,0.20183290500426665,0.06773571200028528
Cyclic,172,nn,80.05,0.2072648309986107,0.06916259998979513
Cyclic,173,nn,80.01,0.26476291999279056,0.06786029100476298
Cyclic,174,nn,80.19,0.21749116999853868,0.06796408799709752
Cyclic,175,nn,80.02,0.2170348570070928,0.06610610500501934
Cyclic,176,nn,80.10000000000001,0.2183052219916135,0.06854509600088932
Cyclic,177,nn,80.14,0.2538144620048115,0.0675941219960805
Cyclic,178,tm,73.21,0.32470550799916964,0.06401553000614513
Cyclic,179,tm,73.79,0.3180793170031393,0.06611977699503768
Cyclic,180,tm,74.29,0.31851699099934194,0.0664685490046395
Cyclic,181,tm,72.35000000000001,0.32234523798979353,0.06552093700156547
Cyclic,182,tm,74.31,0.3239981240039924,0.06671308100339957
Cyclic,183,tm,73.9,0.3102377370087197,0.06547631400462706
Cyclic,184,tm,72.63,0.3156075949955266,0.06684272699931171
Cyclic,185,tm,74.05000000000001,0.315239047005889,0.06598871799360495
Cyclic,186,tm,72.11,0.3137753680057358,0.06576409000263084
Cyclic,187,tm,72.38,0.3133705850050319,0.06551798700820655
Cyclic,188,tm,74.11,0.3414117049978813,0.06561093201162294
Cyclic,189,tm,74.33999999999999,0.32762260099116247,0.06814619900251273
Cyclic,190,tm,74.59,0.32176586201239843,0.06453472199791577
Cyclic,191,tm,73.83,0.3138191909965826,0.06830137700308114
Cyclic,192,tm,70.49,0.31791652900574263,0.06550010999490041
Cyclic,193,tm,72.50999999999999,0.31267638099961914,0.06577042299613822
Cyclic,194,tm,72.99,0.3217724549904233,0.06584897900756914
Cyclic,195,tm,69.6,0.31782183700124733,0.06598098599351943
Cyclic,196,tm,72.36,0.3268229200039059,0.06685977200686466
Cyclic,197,tm,75.97,0.3142241710011149,0.0653061390039511
Cyclic,198,tm,72.59,0.313247495010728,0.06626807199791074
Cyclic,199,tm,73.3,0.31379309100157116,0.06568267299735453
Cyclic,200,tm,73.02,0.3186018510023132,0.06660570099484175
Cyclic,201,tm,73.92,0.3128878769930452,0.06659272100660019
Cyclic,202,tm,74.31,0.32150796199857723,0.06485155699192546
Cyclic,203,tm,75.56,0.3181623970012879,0.0670347010018304
Cyclic,204,tm,72.36,0.32004508799582254,0.0655967700004112
Cyclic,205,tm,74.00999999999999,0.3249369190016296,0.06604703501216136
Cyclic,206,tm,70.5,0.30865944700781256,0.06641659401066136
Cyclic,207,tm,69.28,0.3227508830022998,0.0661886140005663
Cyclic,208,tm,74.71,0.31550827799947,0.06690840900409967
Cyclic,209,tm,72.36,0.31304627399367746,0.06513085900223814
Cyclic,210,tm,74.24,0.31726456599426456,0.06291238400444854
Cyclic,211,tm,72.15,0.31582334500853904,0.06504826000309549
Cyclic,212,tm,74.33999999999999,0.31297341399476863,0.06539700498979073
Cyclic,213,tm,72.36,0.31778451800346375,0.0657800230110297
Cyclic,214,tm,72.33000000000001,0.3175904950039694,0.0654968870076118
Cyclic,215,tm,73.46000000000001,0.3155951950029703,0.06889573199441656
Cyclic,216,tm,72.8,0.3132781949971104,0.06279456200718414
Cyclic,217,tm,74.03999999999999,0.3022492809977848,0.06577751200529747
Cyclic,218,tm,72.63,0.30959932299447246,0.06618808099301532
Cyclic,219,tm,73.82,0.3249632289953297,0.06707692200143356
Cyclic,220,tm,73.8,0.3104351780057186,0.068588890004321
Cyclic,221,tm,73.82,0.31193402399367187,0.06611851499474142
Cyclic,222,tm,75.28,0.31968635000521317,0.06853535599657334
Cyclic,223,tm,73.04,0.31102618399017956,0.06742037000367418
Cyclic,224,tm,75.86,0.3156978229962988,0.0660921880044043
Cyclic,225,tm,73.66,0.31562503600434866,0.06580884200229775
Cyclic,226,tm,73.99,0.3116699029924348,0.06546473699563649
Cyclic,227,tm,75.4,0.31740681000519544,0.06585779499437194
Cyclic,228,nn,79.45,0.21618983399821445,0.06581686099525541
Cyclic,229,nn,79.67999999999999,0.22061127499910071,0.06781229899206664
Cyclic,230,nn,79.78,0.20034198100620415,0.06760983799176756
Cyclic,231,nn,79.75999999999999,0.24917101100436412,0.06663812499027699
Cyclic,232,nn,79.95,0.2189053580077598,0.06774531200062484
Cyclic,233,nn,80.08999999999999,0.20869285700609908,0.06639065299532376
Cyclic,234,nn,80.04,0.21868148200155701,0.06857869400118943
Cyclic,235,nn,80.04,0.22106370300753042,0.06777627600240521
Cyclic,236,nn,80.17999999999999,0.2638490639947122,0.06837860200903378
Cyclic,237,nn,79.80000000000001,0.21179437199316453,0.06670593400485814
Cyclic,238,nn,79.99000000000001,0.1987067570007639,0.0692024849995505
Cyclic,239,nn,79.97999999999999,0.21965165599249303,0.06848022100166418
Cyclic,240,nn,80.13,0.2680396229989128,0.06783548599923961
Cyclic,241,nn,80.02,0.21065085499139968,0.06886852699972223
Cyclic,242,nn,80.19,0.20161204900068697,0.06874916200467851
Cyclic,243,nn,80.25999999999999,0.2073571439977968,0.06882392699480988
Cyclic,244,nn,80.28,0.2569864560064161,0.06847788600134663
Cyclic,245,nn,80.22,0.1978552079963265,0.0675737280107569
Cyclic,246,nn,80.5,0.21851745201274753,0.06800627399934456
Cyclic,247,nn,80.53,0.2040946269989945,0.06927517701114994
Cyclic,248,nn,80.32000000000001,0.25144934200216085,0.06722490399261005
Cyclic,249,nn,80.49,0.21752125800412614,0.06875982199562714
Cyclic,250,nn,80.35,0.20988717798900325,0.07081074200686999
Cyclic,251,nn,80.60000000000001,0.2292701050027972,0.06783377799729351
Cyclic,252,nn,80.49,0.21878187599941157,0.06758805899880826
Cyclic,253,nn,80.39,0.27217708200623747,0.06463798400363885
Cyclic,254,nn,80.54,0.20048403499822598,0.06799207700532861
Cyclic,255,nn,80.42,0.20335618499666452,0.06778667798789684
Cyclic,256,nn,80.71000000000001,0.21045556401077192,0.0663231119979173
Cyclic,257,nn,80.67999999999999,0.2705884610040812,0.06804047300829552
Cyclic,258,nn,80.71000000000001,0.21124168699316215,0.06755326400161721
Cyclic,259,nn,80.65,0.2020734550023917,0.06591626499721315
Cyclic,260,nn,80.63,0.2190324480034178,0.06826797800022177
Cyclic,261,nn,80.71000000000001,0.2692442179977661,0.06762236799113452
Cyclic,262,nn,80.76,0.2187011070054723,0.06815194699447602
Cyclic,263,nn,80.80000000000001,0.2161298630089732,0.0684370680100983
Cyclic,264,nn,80.82000000000001,0.20973363700613845,0.06795953000255395
Cyclic,265,nn,80.86,0.21916062099626288,0.06806274199334439
Cyclic,266,nn,80.78,0.26948545599589124,0.0684802969917655
Cyclic,267,nn,80.80000000000001,0.21154592599486932,0.06895788499969058
Cyclic,268,nn,80.83,0.20103837799979374,0.06810470100026578
Cyclic,269,nn,80.97,0.2031037720007589,0.06992458300373983
Cyclic,270,nn,80.96,0.26916998501110356,0.06671844801167026
Cyclic,271,nn,80.92,0.2198853799927747,0.06745111900090706
Cyclic,272,nn,80.88,0.22064912499627098,0.06867620800039731
Cyclic,273,nn,80.76,0.21830858201428782,0.06952873399131931
Cyclic,274,nn,80.86,0.26501871799700893,0.06892520700057503
Cyclic,275,nn,81.01,0.20352731099410448,0.06783150999399368
Cyclic,276,nn,80.99,0.19551696599228308,0.06902855398948304
Cyclic,277,nn,80.89,0.1969278289907379,0.0686803510034224
Cyclic,278,tm,74.68,0.3245815970003605,0.06711845099925995
Cyclic,279,tm,73.14,0.3127860620006686,0.06552981500863098
Cyclic,280,tm,75.69,0.31499236600939184,0.06582085699483287
Cyclic,281,tm,74.98,0.32110904800356366,0.06728341100097168
Cyclic,282,tm,70.76,0.31176478500128724,0.06578348598850425
Cyclic,283,tm,69.67999999999999,0.3129831109981751,0.06508480900083669
Cyclic,284,tm,73.79,0.31923637801082805,0.06572394999966491
Cyclic,285,tm,72.6,0.3092976910120342,0.06540532900544349
Cyclic,286,tm,74.62,0.3141862560005393,0.06520297900715377
Cyclic,287,tm,76.49000000000001,0.3247841619886458,0.06533605299773626
Cyclic,288,tm,71.71,0.3180321799882222,0.06530331198882777
Cyclic,289,tm,73.56,0.30864008599019144,0.06532028599758632
Cyclic,290,tm,70.89999999999999,0.3144327009940753,0.06686041300417855
Cyclic,291,tm,74.4,0.31349139199301135,0.06644959800178185
Cyclic,292,tm,74.64,0.31717694400867913,0.06635077401006129
Cyclic,293,tm,73.64,0.3120934189937543,0.0653011849935865
Cyclic,294,tm,74.74,0.31569605400727596,0.06524340799660422
Cyclic,295,tm,74.61,0.31653814199671615,0.06655025700456463
Cyclic,296,tm,72.58,0.3101484310027445,0.06695322900486644
Cyclic,297,tm,74.03999999999999,0.3126169569877675,0.06171109799470287
Cyclic,298,tm,75.13,0.3228470419999212,0.06709508399944752
Cyclic,299,tm,73.71,0.31477903899212833,0.06706481298897415
Cyclic,300,tm,74.00999999999999,0.30795583900180645,0.06500506099837366
Cyclic,301,tm,75.29,0.3098209680028958,0.06676671800960321
Cyclic,302,tm,74.74,0.3161977499985369,0.06692209799075499
Cyclic,303,tm,74.48,0.31980929999554064,0.0661957129923394
Cyclic,304,tm,73.33,0.3101206040009856,0.06510455798706971
Cyclic,305,tm,73.02,0.32061510799394455,0.06685449999349657
Cyclic,306,tm,73.74000000000001,0.31774839499848895,0.06544497099821456
Cyclic,307,tm,72.65,0.31931154799531214,0.06709892500657588
Cyclic,308,tm,73.77,0.30557572399266064,0.06663749000290409
Cyclic,309,tm,73.61,0.31278372700035106,0.06531992099189665
Cyclic,310,tm,73.35000000000001,0.31619657900591847,0.0651087180012837
Cyclic,311,tm,75.51,0.31836608199228067,0.06525845000578556
Cyclic,312,tm,74.69,0.31270017799397465,0.06564466499548871
Cyclic,313,tm,73.81,0.31647683499613777,0.06613361700146925
Cyclic,314,tm,74.22999999999999,0.32094649999635294,0.06553387499297969
Cyclic,315,tm,75.39,0.3136344160011504,0.06583724099618848
Cyclic,316,tm,74.41,0.31166575000679586,0.06716386099287774
Cyclic,317,tm,74.0,0.31699900499370415,0.06533205500454642
Cyclic,318,tm,72.21,0.329344311991008,0.0658234519942198
Cyclic,319,tm,73.04,0.3223974130087299,0.06609516999742482
Cyclic,320,tm,72.61999999999999,0.3223363440047251,0.06582019099732861
Cyclic,321,tm,71.87,0.3130806340050185,0.06647302400961053
Cyclic,322,tm,75.44,0.31015414399735164,0.06505390000529587
Cyclic,323,tm,70.7,0.31595045000722166,0.06752917499397881
Cyclic,324,tm,72.61,0.3183738719963003,0.06673363999288995
Cyclic,325,tm,75.66000000000001,0.31279312999686226,0.06491452199406922
Cyclic,326,tm,74.81,0.3204579650046071,0.06475788999523502
Cyclic,327,tm,72.21,0.31994655600283295,0.06525125699408818
Cyclic,328,nn,79.10000000000001,0.2655703680065926,0.06775947500136681
Cyclic,329,nn,79.78,0.2063666949979961,0.06837950799672399
Cyclic,330,nn,80.05,0.21913672100345138,0.0678586220019497
Cyclic,331,nn,80.05,0.2181306699931156,0.07039777700265404
Cyclic,332,nn,80.14,0.2676928989967564,0.06838124299247283
Cyclic,333,nn,80.36,0.20283345300413202,0.06899916000838857
Cyclic,334,nn,80.53,0.2196337330096867,0.06897820500307716
Cyclic,335,nn,80.58,0.19732429800205864,0.06575752999924589
Cyclic,336,nn,80.58999999999999,0.2522122170048533,0.06706150399986655
Cyclic,337,nn,80.51,0.21027457699528895,0.06724611499521416
Cyclic,338,nn,80.32000000000001,0.2018282380013261,0.06935688901285175
Cyclic,339,nn,80.5,0.20256475600763224,0.07033120200503618
Cyclic,340,nn,80.51,0.2031017539993627,0.06825560200377367
Cyclic,341,nn,80.64,0.2603765520034358,0.06910836999304593
Cyclic,342,nn,80.58,0.20151897199684754,0.06985806599550415
Cyclic,343,nn,80.49,0.1984122920111986,0.06830310900113545
Cyclic,344,nn,80.58999999999999,0.21909047100052703,0.06895208000787534
Cyclic,345,nn,80.51,0.26728629699209705,0.06986459798645228
Cyclic,346,nn,80.4,0.21481938399665523,0.06934467099199537
Cyclic,347,nn,80.45,0.21032643699436449,0.06831460300600156
Cyclic,348,nn,80.66,0.19654339201224502,0.06921499299642164
Cyclic,349,nn,80.53,0.25188419700134546,0.06917037999664899
Cyclic,350,nn,80.51,0.19775836200278718,0.06788900900573935
Cyclic,351,nn,80.64,0.19632707801065408,0.06826093900599517
Cyclic,352,nn,80.58999999999999,0.19458142599614803,0.06949051699484698
Cyclic,353,nn,80.56,0.19575058300688397,0.06904801400378346
Cyclic,354,nn,80.51,0.24889971000084188,0.06679442500171717
Cyclic,355,nn,80.7,0.20194315900153015,0.06781301800219808
Cyclic,356,nn,80.57,0.19811930500145536,0.07049578899750486
Cyclic,357,nn,80.54,0.20273551699938253,0.06984087100136094
Cyclic,358,nn,80.65,0.2644051910028793,0.0688317339954665
Cyclic,359,nn,80.67999999999999,0.19674598101119045,0.06668976800574455
Cyclic,360,nn,80.7,0.20069539800169878,0.06930080799793359
Cyclic,361,nn,80.65,0.1977055500028655,0.07017156500660349
Cyclic,362,nn,80.80000000000001,0.2518396630039206,0.06793000100878999
Cyclic,363,nn,80.66,0.20320834399899468,0.06758965799235739
Cyclic,364,nn,80.78,0.20643627099343576,0.07039786499808542
Cyclic,365,nn,80.69,0.20263712700398173,0.0675550320011098
Cyclic,366,nn,80.69,0.20041642000433058,0.06940386700443923
Cyclic,367,nn,80.86,0.27108870398660656,0.06864731200039387
Cyclic,368,nn,80.80000000000001,0.2003003410063684,0.06824413599679247
Cyclic,369,nn,81.01,0.20155651999812108,0.06776113400701433
Cyclic,370,nn,80.83,0.19779414699587505,0.06847313200705685
Cyclic,371,nn,80.67,0.2592500479950104,0.06963615199492779
Cyclic,372,nn,80.78999999999999,0.19919010999728926,0.0676492810016498
Cyclic,373,nn,80.76,0.19681578000017907,0.06811566499527544
Cyclic,374,nn,80.57,0.19601635199796874,0.06827015698945615
Cyclic,375,nn,80.51,0.2511523680004757,0.06894928999827243
Cyclic,376,nn,80.77,0.19785022300493438,0.06779412500327453
Cyclic,377,nn,80.69,0.19614290000754409,0.06850029400084168
Cyclic,378,tm,71.66,0.322469289007131,0.06697151200205553
Cyclic,379,tm,75.86,0.3114673079981003,0.06518997300008778
Cyclic,380,tm,72.48,0.30705245000717696,0.06322535499930382
Cyclic,381,tm,73.22,0.3134251509909518,0.06626395699277055
Cyclic,382,tm,72.44,0.3129231049970258,0.06563352899684105
Cyclic,383,tm,73.57000000000001,0.3159246619907208,0.06609113499871455
Cyclic,384,tm,74.17,0.3227995329943951,0.06563396900310181
Cyclic,385,tm,72.97,0.3176283350039739,0.06762772399815731
Cyclic,386,tm,72.15,0.31331345200305805,0.06687139499990735
Cyclic,387,tm,74.03999999999999,0.3181195680081146,0.06720004200178664
Cyclic,388,tm,74.03,0.30887911800527945,0.06605109000520315
Cyclic,389,tm,73.07000000000001,0.3093751589913154,0.0649906119942898
Cyclic,390,tm,73.8,0.3116547300014645,0.06701680200058036
Cyclic,391,tm,74.02,0.319773608003743,0.06702026299899444
Cyclic,392,tm,73.22,0.31004793700412847,0.06572023099579383
Cyclic,393,tm,75.0,0.31739146600011736,0.0659345879976172
Cyclic,394,tm,73.95,0.32514898900990374,0.06502797501161695
Cyclic,395,tm,73.79,0.3137163600040367,0.06720301900350023
Cyclic,396,tm,73.97,0.31550653200247325,0.06657777699001599
Cyclic,397,tm,72.37,0.3071158370003104,0.0641357370041078
Cyclic,398,tm,75.37,0.3071472640003776,0.06569330299680587
Cyclic,399,tm,73.26,0.30859492799208965,0.0656006939971121
Cyclic,400,tm,73.07000000000001,0.3081825310073327,0.06560432400146965
Cyclic,401,tm,73.44000000000001,0.3112056709942408,0.06600452700513415
Cyclic,402,tm,71.55,0.31785823400423396,0.06596679199719802
Cyclic,403,tm,72.16,0.3193487009993987,0.06704594800248742
Cyclic,404,tm,72.94,0.31782520600245334,0.06616302199836355
Cyclic,405,tm,73.48,0.3138338249991648,0.06796653500350658
Cyclic,406,tm,73.85000000000001,0.31724736299656797,0.06706489699718077
Cyclic,407,tm,74.52,0.31250344299769495,0.0651371139974799
Cyclic,408,tm,75.51,0.311670373994275,0.06581193399324547
Cyclic,409,tm,73.81,0.3156839199946262,0.06600552400050219
Cyclic,410,tm,72.99,0.31511482699716,0.06662972101185005
Cyclic,411,tm,72.78,0.3125956150033744,0.06544117898738477
Cyclic,412,tm,72.38,0.31896616698941216,0.06532270599564072
Cyclic,413,tm,73.22,0.313329212993267,0.06644713900459465
Cyclic,414,tm,75.98,0.3204602350015193,0.0667765190009959
Cyclic,415,tm,72.56,0.31511046999366954,0.06672230099502485
Cyclic,416,tm,72.47,0.31771512200066354,0.06666881000273861
Cyclic,417,tm,74.44,0.30627316900063306,0.06562234200828243
Cyclic,418,tm,73.58,0.31466426399128977,0.0662758649996249
Cyclic,419,tm,72.92999999999999,0.31682737500523217,0.06556876600370742
Cyclic,420,tm,75.17,0.3191849930008175,0.06671266299963463
Cyclic,421,tm,74.26,0.31776141899172217,0.06538560400076676
Cyclic,422,tm,73.36,0.31513345600978937,0.06432414399750996
Cyclic,423,tm,72.58,0.31421853898791596,0.06560504500521347
Cyclic,424,tm,73.32,0.31539265700848773,0.06664494100550655
Cyclic,425,tm,74.58,0.32181077600398567,0.06351325199648272
Cyclic,426,tm,75.08,0.31091413499962073,0.0659046539949486
Cyclic,427,tm,70.46,0.3142298360035056,0.0663216620014282
Cyclic,428,nn,78.73,0.1977911879948806,0.06465898000169545
Cyclic,429,nn,79.21000000000001,0.2696442809974542,0.06873599099344574
Cyclic,430,nn,79.51,0.19822368300810922,0.06808889200328849
Cyclic,431,nn,79.5,0.19731699000112712,0.06865460600238293
Cyclic,432,nn,79.47999999999999,0.22059496099245735,0.0677942170004826
Cyclic,433,nn,79.43,0.2023619259998668,0.06801045399333816
Cyclic,434,nn,79.54,0.24743169199791737,0.06773523999436293
Cyclic,435,nn,79.56,0.19602771499194205,0.06946243999118451
Cyclic,436,nn,79.67999999999999,0.2065630900033284,0.06820636900374666
Cyclic,437,nn,79.63,0.19934882898814976,0.06868579299771227
Cyclic,438,nn,79.66,0.24778986599994823,0.06766127499577124
Cyclic,439,nn,79.57,0.2181293899921002,0.06852649900247343
Cyclic,440,nn,79.73,0.21265459200367332,0.06796492099238094
Cyclic,441,nn,79.64,0.20490759701351635,0.06755352499021683
Cyclic,442,nn,79.73,0.24763449699094053,0.06648267799755558
Cyclic,443,nn,79.85,0.1961622009985149,0.06412080099107698
Cyclic,444,nn,79.80000000000001,0.1970713619957678,0.06750576599733904
Cyclic,445,nn,79.91,0.19720475599751808,0.06725690299936105
Cyclic,446,nn,79.84,0.19723553500080016,0.06811776199901942
Cyclic,447,nn,79.65,0.24789711099583656,0.06866082499618642
Cyclic,448,nn,79.82000000000001,0.1979064670013031,0.06666460700216703
Cyclic,449,nn,79.88,0.19819652500154916,0.06882145199051592
Cyclic,450,nn,79.9,0.19554371299454942,0.06860205699922517
Cyclic,451,nn,79.82000000000001,0.24541406800562982,0.06770582000899594
Cyclic,452,nn,79.85,0.19603645800088998,0.06746558600571007
Cyclic,453,nn,79.92,0.19556244199338835,0.06654616798914503
Cyclic,454,nn,79.93,0.1963803279941203,0.06869975000154227
Cyclic,455,nn,80.08999999999999,0.2540734729991527,0.06821922800736502
Cyclic,456,nn,79.97,0.21356643299805,0.06940618299995549
Cyclic,457,nn,80.15,0.19577744900016114,0.06848441300098784
Cyclic,458,nn,79.95,0.21172232800745405,0.0688574949890608
Cyclic,459,nn,80.0,0.24967805099731777,0.06748910900205374
Cyclic,460,nn,80.15,0.19607094199454878,0.06645744400157128
Cyclic,461,nn,80.13,0.19640081199759152,0.06724949199997354
Cyclic,462,nn,79.97,0.2008503889956046,0.06651337299263105
Cyclic,463,nn,80.12,0.19688158899953123,0.06671886600088328
Cyclic,464,nn,80.21000000000001,0.24662150799122173,0.06769705700571649
Cyclic,465,nn,80.25999999999999,0.19500420600525104,0.06731867099006195
Cyclic,466,nn,80.31,0.19929567599319853,0.06716738700924907
Cyclic,467,nn,80.28999999999999,0.20395860800636,0.06711806099337991
Cyclic,468,nn,80.28999999999999,0.26135337600135244,0.06604196201078594
Cyclic,469,nn,80.30000000000001,0.20720936100406107,0.06919063100940548
Cyclic,470,nn,80.36,0.20151418600289617,0.06517829799850006
Cyclic,471,nn,80.31,0.21902744099497795,0.06994640199991409
Cyclic,472,nn,80.25999999999999,0.27396433299873024,0.0695543049951084
Cyclic,473,nn,80.36999999999999,0.2066448380064685,0.06840435799676925
Cyclic,474,nn,80.45,0.198814693998429,0.06808022200129926
Cyclic,475,nn,80.28,0.2015418619994307,0.0698680530040292
Cyclic,476,nn,80.42,0.25397683199844323,0.06879165100690443
Cyclic,477,nn,80.42,0.19368849199963734,0.06817608699202538
UTM,1,tm,63.99,0.6394142170029227,0.07058357400819659
UTM,2,tm,65.02,0.5896556869993219,0.07310742100526113
UTM,3,tm,65.61,0.5831104179960676,0.0719831900059944
UTM,4,tm,66.73,0.5774793250020593,0.07101644399517681
UTM,5,tm,66.57,0.5778845749882748,0.0743941190012265
UTM,6,tm,66.22,0.576958112011198,0.07112415999290533
UTM,7,tm,67.09,0.566507907002233,0.07224597000458743
UTM,8,tm,66.81,0.5705114219890675,0.07252648200665135
UTM,9,tm,66.51,0.5650559219939169,0.07031327699951362
UTM,10,tm,67.35,0.5624743240041425,0.07286631400347687
UTM,11,tm,67.11,0.5733980149962008,0.0703545089927502
UTM,12,tm,67.19000000000001,0.5686289979930734,0.07352537900442258
UTM,13,tm,67.32000000000001,0.5685775190067943,0.07297901500714943
UTM,14,tm,67.06,0.5766096040024422,0.07209948200033978
UTM,15,tm,66.97999999999999,0.569421855994733,0.07116787100676447
UTM,16,tm,67.56,0.5647341290023178,0.07499942000140436
UTM,17,tm,67.45,0.5661796659987886,0.0734694459970342
UTM,18,tm,67.47999999999999,0.5607972829893697,0.07212058000732213
UTM,19,tm,67.41,0.5558169239957351,0.07302412900025956
UTM,20,tm,67.75,0.5616777289978927,0.07053763399017043
UTM,21,tm,67.69,0.554957286993158,0.0727021339989733
UTM,22,tm,67.81,0.5625166589888977,0.07276669600105379
UTM,23,tm,67.44,0.5696505219966639,0.07795508700655773
UTM,24,tm,67.30000000000001,0.5621471099875635,0.07268324699543882
UTM,25,tm,67.47,0.5600166099902708,0.06926738300535362
UTM,26,tm,67.17,0.5647019300085958,0.07080376900557894
UTM,27,tm,67.47,0.5804445719986688,0.07121558400103822
UTM,28,tm,67.62,0.5499220420024358,0.07148177300405223
UTM,29,tm,67.61,0.553597862002789,0.07177638199937064
UTM,30,tm,67.75999999999999,0.5557464479934424,0.06930005700269248
UTM,31,tm,67.92,0.5645505190041149,0.07137137500103563
UTM,32,tm,67.77,0.5534399489988573,0.07119890600733925
UTM,33,tm,67.44,0.5521689570014132,0.07150317600462586
UTM,34,tm,67.22,0.547121199007961,0.07262854899454396
UTM,35,tm,67.83,0.54883958400751,0.07443865100503899
UTM,36,tm,67.85,0.5615012700000079,0.07434006800758652
UTM,37,tm,67.53,0.5566708709957311,0.0734411749872379
UTM,38,tm,67.80000000000001,0.5594802749983501,0.07294591100071557
UTM,39,tm,67.71000000000001,0.5643782330007525,0.07240483300120104
UTM,40,tm,68.0,0.557379083998967,0.07245980900188442
UTM,41,tm,68.01,0.5635472720023245,0.07406197799718939
UTM,42,tm,68.04,0.560537919998751,0.07279051099612843
UTM,43,tm,68.17,0.5576482869946631,0.07259668600454461
UTM,44,tm,68.22,0.5620651189965429,0.07137694499397185
UTM,45,tm,68.17,0.5612532220111461,0.07332744900486432
UTM,46,tm,68.08999999999999,0.5577202669956023,0.0705879909946816
UTM,47,tm,67.81,0.5370702149957651,0.07168128900229931
UTM,48,tm,67.73,0.5557563189940993,0.07311312800447922
UTM,49,tm,68.14,0.5621739459893433,0.07171030300378334
UTM,50,tm,68.23,0.571069420009735,0.07224881098954938
UTM,51,tm,67.95,0.5582838819973404,0.07150210099644028
UTM,52,tm,68.11,0.5525673410011223,0.0726587529934477
UTM,53,tm,67.86,0.5571648719924269,0.07250131899490952
UTM,54,tm,68.24,0.5495013469917467,0.07439353701192886
UTM,55,tm,68.04,0.56955745400046,0.0707970799994655
UTM,56,tm,67.9,0.5638494869926944,0.0723441120062489
UTM,57,tm,68.27,0.5425498100084951,0.07169495600101072
UTM,58,tm,68.10000000000001,0.5542703370010713,0.07912886100530159
UTM,59,tm,67.99,0.509721370995976,0.07294123200699687
UTM,60,tm,67.88,0.5554629700054647,0.07376748899696395
UTM,61,tm,67.96,0.5634627500112401,0.07815901200228836
UTM,62,tm,68.08999999999999,0.5792774510046002,0.07089723300305195
UTM,63,tm,67.80000000000001,0.5495740079932148,0.07173056699684821
UTM,64,tm,68.10000000000001,0.5544890199962538,0.07353454799158499
UTM,65,tm,67.91,0.5493198350013699,0.07345414099108893
UTM,66,tm,68.02,0.5612178059964208,0.07008566800504923
UTM,67,tm,68.15,0.5481206660042517,0.07376089900208171
UTM,68,tm,68.58999999999999,0.548009115998866,0.0726956589933252
UTM,69,tm,68.43,0.5599591030040756,0.07389832999615464
UTM,70,tm,67.97,0.5592335889959941,0.07171058800304309
UTM,71,tm,68.05,0.5615679869952146,0.07304625598771963
UTM,72,tm,68.17999999999999,0.555116748000728,0.07324038300430402
UTM,73,tm,68.49,0.5615663210046478,0.0726329619938042
UTM,74,tm,68.41000000000001,0.5631113669951446,0.0712090439919848
UTM,75,tm,68.05,0.5633342180080945,0.07252735400106758
UTM,76,tm,67.63,0.552879559007124,0.070401799006504
UTM,77,tm,67.94,0.5507182639994426,0.0714765879965853
UTM,78,tm,67.81,0.5554826640000101,0.07364650399540551
UTM,79,tm,68.21000000000001,0.5653679919923889,0.0732400039996719
UTM,80,tm,68.52000000000001,0.565291746010189,0.07379652898816857
UTM,81,tm,68.47999999999999,0.5624157200072659,0.07317412200791296
UTM,82,tm,68.58,0.5598539450002136,0.07133025000803173
UTM,83,tm,68.74,0.5559758220042568,0.07137287300429307
UTM,84,tm,68.33,0.558016911993036,0.07131482601107564
UTM,85,tm,68.15,0.5542581789923133,0.07382042199606076
UTM,86,tm,67.69,0.5529929159965832,0.06899888798943721
UTM,87,tm,67.69,0.5507570210029371,0.07227345599676482
UTM,88,tm,67.86999999999999,0.5582065789931221,0.07357601600233465
UTM,89,tm,68.4,0.5226096810074523,0.06968103499093559
UTM,90,tm,68.58999999999999,0.5528493119927589,0.07418507299735211
UTM,91,tm,67.89,0.5767300360021181,0.07358335400931537
UTM,92,tm,67.91,0.5451268479955615,0.07081342699530069
UTM,93,tm,68.06,0.5551653830043506,0.07390933799615595
UTM,94,tm,68.06,0.5701313929894241,0.07865450199460611
UTM,95,tm,68.04,0.5595271729980595,0.07436598300409969
UTM,96,tm,68.13,0.5588615189917618,0.07406449801055714
UTM,97,tm,68.06,0.5647730679920642,0.08339730500301812
UTM,98,tm,68.67999999999999,0.5521903269982431,0.07401582499733195
UTM,99,tm,68.58999999999999,0.5676987910119351,0.07417307500145398
UTM,100,tm,68.21000000000001,0.5540174140041927,0.07193428098980803
UTM,101,tm,68.25,0.5399361460004002,0.07130520600185264
UTM,102,tm,68.27,0.5687465730006807,0.07332712000061292
UTM,103,tm,68.08999999999999,0.5574022859946126,0.07346066400350537
UTM,104,tm,68.22,0.5645482709951466,0.0732318939990364
UTM,105,tm,68.07,0.554681202993379,0.07346533398958854
UTM,106,tm,68.24,0.5385207549988991,0.07134299499739427
UTM,107,tm,68.61,0.5562151619960787,0.07096654099586885
UTM,108,tm,68.47999999999999,0.5529874240019126,0.07145811400550883
UTM,109,tm,68.60000000000001,0.5571921819937415,0.06951909100462217
UTM,110,tm,68.53,0.5489936239900999,0.0734411059966078
UTM,111,tm,68.53,0.5561770119966241,0.07332606200361624
UTM,112,tm,68.56,0.5564410889928695,0.07358205399941653
UTM,113,tm,68.39,0.5581701689952752,0.07272311000269838
UTM,114,tm,68.08999999999999,0.5599002450035186,0.07317120699735824
UTM,115,tm,68.08,0.5567857559944969,0.07112440299533773
UTM,116,tm,67.80000000000001,0.5584634219994769,0.07141737200436182
UTM,117,tm,67.58999999999999,0.5608155880036065,0.07455821501207538
UTM,118,tm,67.67999999999999,0.5641934110026341,0.07315220999589656
UTM,119,tm,67.96,0.5532625330088194,0.07321979801054113
UTM,120,tm,67.72,0.5600557299912907,0.07215829299821053
UTM,121,tm,68.06,0.5587337000033585,0.07288766199781094
UTM,122,tm,67.71000000000001,0.5569129319919739,0.07231663999846205
UTM,123,tm,67.96,0.5539695510087768,0.07151763098954689
UTM,124,tm,67.75999999999999,0.5479185650037834,0.07043949600483757
UTM,125,tm,68.01,0.5642520999972476,0.07301808800548315
UTM,126,tm,68.06,0.5624691090051783,0.07368196098832414
UTM,127,tm,68.13,0.5484383259899914,0.07342922298994381
UTM,128,tm,68.32000000000001,0.5545373680070043,0.07083003300067503
UTM,129,tm,67.78,0.5577095549961086,0.07365941400348675
UTM,130,tm,67.71000000000001,0.5490549079986522,0.07226794899906963
UTM,131,tm,67.41,0.5511662829958368,0.07543618799536489
UTM,132,tm,67.58,0.5610826409974834,0.07375378601136617
UTM,133,tm,67.97,0.5654926360002719,0.07393146499816794
UTM,134,tm,68.08999999999999,0.5590602360025514,0.07645630100159906
UTM,135,tm,68.06,0.5564581079961499,0.07093809799698647
UTM,136,tm,68.05,0.5349588749959366,0.07082916199578904
UTM,137,tm,67.78999999999999,0.5541384940006537,0.07264888100326061
UTM,138,tm,67.88,0.561735287992633,0.073814677001792
UTM,139,tm,67.38,0.559188716011704,0.07416618200659286
UTM,140,tm,68.10000000000001,0.5580010039993795,0.0773947599955136
UTM,141,tm,67.61,0.5533418099948904,0.07209753000643104
UTM,142,tm,67.71000000000001,0.5559364119981183,0.07446488800633233
UTM,143,tm,67.67,0.5626468150003348,0.07140405800601002
UTM,144,tm,67.52,0.5481402069999604,0.07148059899918735
UTM,145,tm,67.91,0.557151562999934,0.0742251240008045
UTM,146,tm,67.85,0.5210580379934981,0.07402578499750234
UTM,147,tm,67.91,0.5589537710038712,0.07433601999946404
UTM,148,tm,67.94,0.5556887080019806,0.07251161101157777
UTM,149,tm,67.9,0.5569036469969433,0.07358994901005644
UTM,150,tm,67.83,0.5701619890023721,0.07349467799940612
UTM,151,tm,67.86,0.5534890109993285,0.07083854400843848
UTM,152,tm,67.23,0.5490445850009564,0.07187303400132805
UTM,153,tm,67.58999999999999,0.545950173996971,0.07335455100110266
UTM,154,tm,67.60000000000001,0.5579641520016594,0.0724989410082344
UTM,155,tm,67.63,0.5622944669885328,0.0724255870009074
UTM,156,tm,67.67999999999999,0.5602570210030535,0.07307890499942005
UTM,157,tm,67.72,0.5553861610096646,0.07122923899441957
UTM,158,tm,68.06,0.5572375189949526,0.07248569298826624
UTM,159,tm,67.7,0.5660701409942703,0.0723352469940437
UTM,160,tm,67.99,0.5697711780085228,0.07308464401285164
UTM,161,tm,67.44,0.557560700995964,0.076135280993185
UTM,162,tm,67.58,0.5534650049958145,0.07311938700149767
UTM,163,tm,67.66,0.5596996429958381,0.07543271599570289
UTM,164,tm,67.7,0.5583985179982847,0.07301050200476311
UTM,165,tm,67.64,0.5486193749966333,0.0737824819952948
UTM,166,tm,67.71000000000001,0.5582753520138795,0.07284648099448532
UTM,167,tm,67.46,0.5576752100023441,0.07276335800997913
UTM,168,tm,67.67,0.5589964889950352,0.07258536900917534
UTM,169,tm,67.85,0.562714808009332,0.07316872700175736
UTM,170,tm,68.01,0.5626674999948591,0.07899006899970118
UTM,171,tm,68.06,0.556964870003867,0.07312293400173075
UTM,172,tm,67.78999999999999,0.5503223590058042,0.07345358499151189
UTM,173,tm,67.78999999999999,0.527708495996194,0.0724021689966321
UTM,174,tm,67.86999999999999,0.5575982180016581,0.07281393599987496
UTM,175,tm,68.11,0.5535236149880802,0.07289486200897954
UTM,176,tm,67.83,0.5662929860118311,0.07328354500350542
UTM,177,tm,67.64,0.5695905470056459,0.07295695898937993
UTM,178,tm,67.60000000000001,0.5600761389941908,0.07131939700047951
UTM,179,tm,67.56,0.5654587309982162,0.0703814849985065
UTM,180,tm,67.62,0.5584415969933616,0.07319663200178184
UTM,181,tm,67.55,0.5566024279978592,0.07630838399927597
UTM,182,tm,67.57,0.564623793005012,0.07422306200896855
UTM,183,tm,67.35,0.5622831740038237,0.07401658600429073
UTM,184,tm,67.16,0.5517219649918843,0.0711120369960554
UTM,185,tm,67.66,0.5599864710093243,0.07397480799409095
UTM,186,tm,67.81,0.5634075760026462,0.07325697899796069
UTM,187,tm,67.88,0.5414553320006235,0.07350661799137015
UTM,188,tm,67.86,0.5577813379932195,0.0737415939947823
UTM,189,tm,67.03,0.5569189779926091,0.07265194099454675
UTM,190,tm,67.45,0.566906175998156,0.07392205100040883
UTM,191,tm,67.58,0.566398355003912,0.07383126599597745
UTM,192,tm,67.43,0.554373184000724,0.07203827799821738
UTM,193,tm,67.75,0.553074495997862,0.07120915400446393
UTM,194,tm,68.16,0.5552859400049783,0.07240425200143363
UTM,195,tm,67.97,0.561814956003218,0.07314934900205117
UTM,196,tm,67.56,0.5624925089941826,0.07320196999353357
UTM,197,tm,67.74,0.5678016000019852,0.0729898630088428
UTM,198,tm,67.66,0.5559427619882626,0.07223793299635872
UTM,199,tm,67.45,0.5690355800034013,0.07335797500854824
UTM,200,tm,67.75,0.5627740700001596,0.07236927100166213
UTM,201,tm,67.36999999999999,0.5513950710010249,0.07113560699508525
UTM,202,tm,67.61,0.5514987530041253,0.07126702599634882
UTM,203,tm,67.44,0.5623219880071701,0.0728271260013571
UTM,204,tm,67.23,0.5704083540040301,0.07292599100037478
UTM,205,tm,67.72,0.5595646279980429,0.07420552699477412
UTM,206,tm,67.61,0.5596740139881149,0.0722615419945214
UTM,207,tm,68.02,0.5681227070017485,0.07296684400353115
UTM,208,tm,67.97999999999999,0.5556209279893665,0.07035829999949783
UTM,209,tm,67.51,0.5559379780024756,0.07091956200019922
UTM,210,tm,67.81,0.557724092999706,0.07303220299945679
UTM,211,tm,67.65,0.5554963610047707,0.0714497969893273
UTM,212,tm,67.54,0.5566314379975665,0.07032232100027613
UTM,213,tm,67.17999999999999,0.5663916959892958,0.07624494899937417
UTM,214,tm,67.0,0.5496098820003681,0.07276125300268177
UTM,215,tm,66.83,0.5724564269912662,0.07174846199632157
UTM,216,tm,67.49000000000001,0.5541727270028787,0.074231057005818
UTM,217,tm,67.69,0.5580197400122415,0.07414289700682275
UTM,218,tm,68.04,0.5601418029982597,0.07362536899745464
UTM,219,tm,68.15,0.5536947369982954,0.07111545800580643
UTM,220,tm,68.10000000000001,0.5647424909984693,0.06966382700193208
UTM,221,tm,67.86999999999999,0.557567764990381,0.07234946600510739
UTM,222,tm,67.92,0.5433151879988145,0.07380545399792027
UTM,223,tm,67.33,0.5516875100001926,0.07264919199224096
UTM,224,tm,67.51,0.5509259340033168,0.07549081799515989
UTM,225,tm,67.91,0.5495302920026006,0.07005821001075674
UTM,226,tm,67.85,0.5662879570008954,0.07338987399998587
UTM,227,tm,68.04,0.5635117250058101,0.0740060660027666
UTM,228,tm,67.96,0.5651684190088417,0.07463287501013838
UTM,229,tm,67.75999999999999,0.5498620629950892,0.0735166929953266
UTM,230,tm,67.7,0.5752734379930189,0.07449954400362913
UTM,231,tm,67.83,0.5530698590009706,0.07301784100127406
UTM,232,tm,67.58,0.5593343770015053,0.07332061800116207
UTM,233,tm,67.29,0.5575195270066615,0.07155768400116358
UTM,234,tm,66.82000000000001,0.557185069003026,0.07104712199361529
UTM,235,tm,66.97,0.5572210590034956,0.07205784399411641
UTM,236,tm,67.14,0.54624361799506,0.07262350700329989
UTM,237,tm,67.28,0.5713389699958498,0.07278261499595828
UTM,238,tm,67.73,0.5623509190045297,0.07322271300654393
UTM,239,tm,67.63,0.5649061040021479,0.07266536699899007
UTM,240,tm,67.74,0.5601310209895018,0.07243321499845479
UTM,241,tm,67.99,0.566410735991667,0.07257970700447913
UTM,242,tm,67.62,0.5518096099985996,0.0713728760019876
UTM,243,tm,67.58999999999999,0.5593013350007823,0.07091928599402308
UTM,244,tm,67.56,0.5586252149951179,0.0734180770086823
UTM,245,tm,67.56,0.5525271139922552,0.07421949799754657
UTM,246,tm,67.35,0.5604480449983384,0.07211813599860761
UTM,247,tm,67.44,0.5525605440052459,0.07263571600196883
UTM,248,tm,67.78,0.5604398330033291,0.07337730500148609
UTM,249,tm,67.62,0.5506076969904825,0.07240675200591795
UTM,250,tm,68.04,0.5589737039990723,0.07026180598768406
UTM,251,tm,67.62,0.5576530280086445,0.07392571000673342
UTM,252,tm,67.51,0.5591854600061197,0.06889814700116403
UTM,253,tm,67.75999999999999,0.5673100109997904,0.07230062699818518
UTM,254,tm,68.02,0.5507885770057328,0.0741119830054231
UTM,255,tm,67.74,0.5599623469897779,0.07282039998972323
UTM,256,tm,67.69,0.5534058649936924,0.07126057099958416
UTM,257,tm,67.75,0.5524908210063586,0.07467360200826079
UTM,258,tm,67.77,0.5619661059899954,0.07338251201144885
UTM,259,tm,67.88,0.5630102709983476,0.07420457400439773
UTM,260,tm,67.71000000000001,0.5481225950061344,0.07212108600651845
UTM,261,tm,67.61,0.5528531199961435,0.0744960779993562
UTM,262,tm,67.56,0.557742374992813,0.07168619200820103
UTM,263,tm,67.61,0.5414813129900722,0.07078078199992888
UTM,264,tm,67.55,0.562853544994141,0.07628103000752162
UTM,265,tm,67.47999999999999,0.5667147759959335,0.07267087099899072
UTM,266,tm,67.39,0.5560113350074971,0.07296796199807432
UTM,267,tm,67.5,0.55733426300867,0.07247830399137456
UTM,268,tm,67.75,0.5574678630073322,0.07161453399749007
UTM,269,tm,67.69,0.5395297369977925,0.07573870501073543
UTM,270,tm,67.75,0.5595120489888359,0.07154919298773166
UTM,271,tm,67.67999999999999,0.5526041799894301,0.07312395500775892
UTM,272,tm,67.7,0.5502341850078665,0.07141800000681542
UTM,273,tm,67.80000000000001,0.5612856259976979,0.07350116901216097
UTM,274,tm,67.78999999999999,0.5533935870043933,0.07241047600109596
UTM,275,tm,67.64,0.5693262230051914,0.07240410101076122
UTM,276,tm,67.83,0.5628696149942698,0.07316632100264542
UTM,277,tm,67.61,0.5608315169956768,0.07414910099760164
UTM,278,tm,67.58,0.562952325999504,0.07237927400274202
UTM,279,tm,67.4,0.5639928299933672,0.07237839799199719
UTM,280,tm,67.65,0.5582010320067639,0.07252723899728153
UTM,281,tm,67.81,0.5668005089974031,0.07247698999708518
UTM,282,tm,67.41,0.565535434987396,0.07238539200625382
UTM,283,tm,67.80000000000001,0.5539554049901199,0.07071448900387622
UTM,284,tm,67.42,0.5532135649991687,0.07456884600105695
UTM,285,tm,67.47,0.5460837009886745,0.07081470399862155
UTM,286,tm,67.22,0.5598575930052903,0.07271741800650489
UTM,287,tm,67.36999999999999,0.5504388720000861,0.07102999500057194
UTM,288,tm,67.35,0.5538707689993316,0.07266212199465372
UTM,289,tm,67.36999999999999,0.5662479110033019,0.07408733900228981
UTM,290,tm,67.85,0.5568733340041945,0.07418080999923404
UTM,291,tm,67.75,0.5555185629928019,0.07370644999900833
UTM,292,tm,67.97,0.5539974860002985,0.0743747710075695
UTM,293,tm,67.92,0.5608054809999885,0.07084042600763496
UTM,294,tm,67.92,0.5539465799956815,0.07229246299539227
UTM,295,tm,67.97999999999999,0.5610183469980257,0.07134053100890014
UTM,296,tm,67.74,0.5439516190090217,0.07173770300869364
UTM,297,tm,67.75,0.5602019369980553,0.07204764099151362
UTM,298,tm,68.16,0.5529552289954154,0.07267914000840392
UTM,299,tm,67.49000000000001,0.5589299290004419,0.0702351059881039
UTM,300,tm,67.9,0.556509134999942,0.07210534099431243
UTM,301,tm,67.82000000000001,0.5557732350134756,0.07277749999775551
UTM,302,tm,67.95,0.5545273629977601,0.07087005898938514
UTM,303,tm,67.36,0.5681543050013715,0.07081323099555448
UTM,304,tm,67.56,0.5557406139996601,0.07370961799460929
UTM,305,tm,67.52,0.5568946739949752,0.0725903229904361
UTM,306,tm,67.34,0.5536442750017159,0.0728352380101569
UTM,307,tm,67.34,0.5553739639872219,0.07322463899618015
UTM,308,tm,67.44,0.5602794020087458,0.0716950329951942
UTM,309,tm,67.36,0.5600226320093498,0.07298711201292463
UTM,310,tm,67.21000000000001,0.5693849640083499,0.07140154199441895
UTM,311,tm,67.45,0.5617358650051756,0.07328361399413552
UTM,312,tm,67.5,0.5677933669940103,0.071382481008186
UTM,313,tm,67.64,0.5621187749929959,0.07322889599890914
UTM,314,tm,67.13,0.5458964019926498,0.07241257598798256
UTM,315,tm,67.12,0.5581822780077346,0.07323918800102547
UTM,316,tm,67.41,0.5515096159942914,0.07411140100157354
UTM,317,tm,67.25999999999999,0.5513220090069808,0.07208385800186079
UTM,318,tm,67.02,0.5580204119905829,0.07274415099527687
UTM,319,tm,67.41,0.5659082970087184,0.07248719400377013
UTM,320,tm,67.82000000000001,0.5644087930122623,0.07218016900878865
UTM,321,tm,67.44,0.5580087970010936,0.07324735401198268
UTM,322,tm,67.15,0.5574666809989139,0.07393808700726368
UTM,323,tm,67.39,0.5526859030069318,0.07285830599721521
UTM,324,tm,67.28,0.5624036170047475,0.07062133900763001
UTM,325,tm,67.25,0.5610998379997909,0.07435279700439423
UTM,326,tm,67.36999999999999,0.5708557769976323,0.07284010699368082
UTM,327,tm,67.15,0.5678389249951579,0.07339573198987637
UTM,328,tm,67.41,0.5573325619916432,0.07261227400158532
UTM,329,tm,67.27,0.5598179389926372,0.07229532999917865
UTM,330,tm,67.36,0.5547527220041957,0.07220916099322494
UTM,331,tm,67.45,0.5552816269919276,0.07136310900386889
UTM,332,tm,66.91,0.552095022998401,0.07381912998971529
UTM,333,tm,67.56,0.5598667839949485,0.07204580500547308
UTM,334,tm,67.57,0.5651075499918079,0.07353872701060027
UTM,335,tm,67.77,0.561840915994253,0.07225302999722771
UTM,336,tm,67.52,0.5541191039956175,0.07111340599658433
UTM,337,tm,67.65,0.5557762819953496,0.07288168800005224
UTM,338,tm,67.53,0.5685527449968504,0.07103616998938378
UTM,339,tm,67.25999999999999,0.5544611029908992,0.07142879799357615
UTM,340,tm,67.46,0.5564067860104842,0.07143892199383117
UTM,341,tm,67.16,0.5600576689903392,0.07385231100488454
UTM,342,tm,66.89,0.5592069489939604,0.07304751500487328
UTM,343,tm,66.78,0.5621905869920738,0.07247774201096036
UTM,344,tm,66.78,0.5467733520054026,0.07010619700304233
UTM,345,tm,67.10000000000001,0.5536774880019948,0.0726226639962988
UTM,346,tm,67.12,0.5586515239992877,0.0727043950028019
UTM,347,tm,67.29,0.5689570160029689,0.07331913099915255
UTM,348,tm,67.19000000000001,0.569043919997057,0.07263475700165145
UTM,349,tm,67.36,0.5590299439936643,0.0733943490049569
UTM,350,tm,67.77,0.5535400049993768,0.07276914099929854
UTM,351,tm,67.36999999999999,0.5574832629936282,0.0726374859950738
UTM,352,tm,67.13,0.5644546529947547,0.07273728800646495
UTM,353,tm,67.4,0.5559100929967826,0.06975297399912961
UTM,354,tm,67.64,0.5602480469970033,0.0731996429967694
UTM,355,tm,67.42,0.5580122999963351,0.07225140499940608
UTM,356,tm,67.69,0.5553970449982444,0.07374938600696623
UTM,357,tm,67.61,0.5512795910035493,0.07360027200775221
UTM,358,tm,67.53,0.5554533450049348,0.07407142300507985
UTM,359,tm,67.35,0.5609712550067343,0.0743450049922103
UTM,360,tm,67.25,0.5582202700024936,0.07221848100016359
UTM,361,tm,67.47,0.561133246999816,0.07024171100056265
UTM,362,tm,67.35,0.5535807900014333,0.07371999300085008
UTM,363,tm,67.29,0.5552886630030116,0.07271315599791706
UTM,364,tm,67.81,0.5573322790005477,0.0733097809861647
UTM,365,tm,67.73,0.5573748530005105,0.07071536699368153
UTM,366,tm,67.75,0.5615967810008442,0.06908869599283207
UTM,367,tm,67.67999999999999,0.5581188150099479,0.07135147300141398
UTM,368,tm,67.38,0.566225235001184,0.07267922899336554
UTM,369,tm,67.25999999999999,0.5537458909966517,0.07310674000473227
UTM,370,tm,67.04,0.5485535090119811,0.07259474700549617
UTM,371,tm,66.83,0.552323414987768,0.07510569698933978
UTM,372,tm,66.99000000000001,0.5574350899987621,0.07274689699988812
UTM,373,tm,67.28,0.559897371000261,0.0719082050054567
UTM,374,tm,67.13,0.5602444730029674,0.0743673409888288
UTM,375,tm,67.28,0.5605913190083811,0.07378194299235474
UTM,376,tm,67.52,0.5607595579931512,0.07316017099947203
UTM,377,tm,67.21000000000001,0.5580784259946086,0.0743332269921666
UTM,378,tm,67.10000000000001,0.5683142109919572,0.071886789999553
UTM,379,tm,66.72,0.5568708240025444,0.07381218999216799
UTM,380,tm,67.16,0.5677641090005636,0.0750401349941967
UTM,381,tm,67.13,0.5628659159992822,0.07326732299407013
UTM,382,tm,67.78999999999999,0.5532253020064672,0.07242621800105553
UTM,383,tm,67.69,0.5588421389984433,0.07282060099532828
UTM,384,tm,67.27,0.5517325420078123,0.0732840370037593
UTM,385,tm,67.28,0.5467698260035831,0.07167026499519125
UTM,386,tm,67.65,0.5598571180016734,0.07142584999382962
UTM,387,tm,67.53,0.5603987849899568,0.07209618399792816
UTM,388,tm,67.47,0.5627009020099649,0.06938099898979999
UTM,389,tm,67.05,0.5714735559886321,0.0719405209965771
UTM,390,tm,67.41,0.5680868409981485,0.07233576101134531
UTM,391,tm,67.55,0.562011411995627,0.06990236499405
UTM,392,tm,67.52,0.5582451209920691,0.07231807299831416
UTM,393,tm,67.56,0.5613029050000478,0.07298726699082181
UTM,394,tm,67.84,0.5569313279993366,0.07456265299697407
UTM,395,tm,67.67,0.5631227730045794,0.07206273000338115
UTM,396,tm,67.55,0.5626524870021967,0.0710003459971631
UTM,397,tm,67.56,0.5580714200041257,0.07362967799417675
UTM,398,tm,67.47999999999999,0.5480411609896692,0.06848387399804778
UTM,399,tm,67.44,0.559545973999775,0.0714570529962657
UTM,400,tm,67.47,0.5675127980066463,0.07111643700045533
UTM,401,tm,67.46,0.5522162599954754,0.07191064400831237
UTM,402,tm,67.52,0.5480130719952285,0.07462235999992117
UTM,403,tm,67.06,0.5538812049926491,0.07326359699072782
UTM,404,tm,67.45,0.5595165659906343,0.07385927699215245
UTM,405,tm,66.84,0.5709780790057266,0.07389437999518123
UTM,406,tm,66.75999999999999,0.5583030929992674,0.07613945699995384
UTM,407,tm,66.85,0.5546697770041646,0.07204572499904316
UTM,408,tm,67.36,0.5612773930042749,0.07309187499049585
UTM,409,tm,67.38,0.562794859011774,0.07208215098944493
UTM,410,tm,67.75,0.5631030210060999,0.07240746699972078
UTM,411,tm,67.67999999999999,0.5689751250029076,0.07454307000443805
UTM,412,tm,67.38,0.5653846960049123,0.07296835299348459
UTM,413,tm,67.24,0.5685881809913553,0.07420769199961796
UTM,414,tm,66.95,0.5646435870003188,0.07245798700023443
UTM,415,tm,66.88,0.5439367969956947,0.07238598000549246
UTM,416,tm,67.17999999999999,0.5580028940021293,0.07437850900168996
UTM,417,tm,67.07,0.5671783490106463,0.07329914100409951
UTM,418,tm,67.64,0.5525563339906512,0.07095875700179022
UTM,419,tm,67.2,0.5552868849918013,0.07337493900558911
UTM,420,tm,67.25,0.5503364440082805,0.07235240399313625
UTM,421,tm,67.15,0.5532618449942674,0.07313364000583533
UTM,422,tm,66.86,0.5493900710134767,0.07068295900535304
UTM,423,tm,67.14,0.5579437779961154,0.07680256800085772
UTM,424,tm,67.36,0.5563422109989915,0.07368370800395496
UTM,425,tm,67.08,0.556352435000008,0.07195474801119417
UTM,426,tm,67.09,0.5636398260103306,0.0743950979958754
UTM,427,tm,67.44,0.5545596949959872,0.07134667500213254
UTM,428,tm,67.39,0.5561159469943959,0.07405211300647352
UTM,429,tm,67.60000000000001,0.5727936760085868,0.07170242100255564
UTM,430,tm,67.66,0.5636069089960074,0.07413632801035419
UTM,431,tm,67.80000000000001,0.5456554090051213,0.07408765000582207
UTM,432,tm,67.63,0.5465344850090332,0.07403038599295542
UTM,433,tm,67.7,0.5582096619909862,0.07402465600171126
UTM,434,tm,67.22,0.5561429039953509,0.07232504099374637
UTM,435,tm,66.95,0.5519918180070817,0.07429928900091909
UTM,436,tm,67.25,0.5687523119995603,0.07492974599881563
UTM,437,tm,67.08,0.5724517229973571,0.07269738799368497
UTM,438,tm,66.75999999999999,0.565377928011003,0.07289670399040915
UTM,439,tm,67.05,0.5599593939987244,0.07303939999837894
UTM,440,tm,67.36999999999999,0.5581848169967998,0.07275806499819737
UTM,441,tm,67.41,0.5646595209982479,0.07690559700131416
UTM,442,tm,67.57,0.5665260700043291,0.07455207000020891
UTM,443,tm,67.24,0.5674159790069098,0.07161991600878537
UTM,444,tm,67.17999999999999,0.5635729070054367,0.07449998499942012
UTM,445,tm,67.16,0.5660496150085237,0.0722648009978002
UTM,446,tm,67.2,0.5624279850017047,0.07284171000355855
UTM,447,tm,67.36,0.5562782790075289,0.0738307680003345
UTM,448,tm,67.38,0.5499916789995041,0.07196761098748539
UTM,449,tm,67.34,0.5586081829969771,0.07323514499876183
UTM,450,tm,67.15,0.5572887800080935,0.07420601099147461
UTM,451,tm,66.89,0.5565601300040726,0.07429096999112517
UTM,452,tm,67.28,0.5536219290079316,0.07397818600293249
UTM,453,tm,67.27,0.557671634000144,0.07261441899754573
UTM,454,tm,67.30000000000001,0.564615927010891,0.0750009460025467
UTM,455,tm,67.96,0.5718092040042393,0.07285743299871683
UTM,456,tm,67.49000000000001,0.5582328299933579,0.07268165200366639
UTM,457,tm,67.64,0.5598950349958614,0.07240480999462306
UTM,458,tm,67.43,0.567788799002301,0.07329273999494035
UTM,459,tm,67.41,0.5590299890027381,0.07277906899980735
UTM,460,tm,67.56,0.5591868969931966,0.07354780500463676
UTM,461,tm,67.22,0.5648209690116346,0.0707572719984455
UTM,462,tm,67.38,0.5515616920019966,0.07483997699455358
UTM,463,tm,67.71000000000001,0.5656381670123665,0.07264441798906773
UTM,464,tm,67.25999999999999,0.5639221020101104,0.07035656800144352
UTM,465,tm,67.4,0.5638249790063128,0.07492445700336248
UTM,466,tm,67.07,0.5431677220040001,0.0714559279876994
UTM,467,tm,67.10000000000001,0.5533036229899153,0.07241192499350291
UTM,468,tm,67.4,0.5602580980048515,0.07382577900716569
UTM,469,tm,67.32000000000001,0.5536702079989482,0.07115116299246438
UTM,470,tm,67.12,0.5627873320045182,0.07320782900205813
UTM,471,tm,67.04,0.5637363910063868,0.07312761498906184
UTM,472,tm,67.63,0.5535905860015191,0.071744854998542
UTM,473,tm,67.51,0.5615837520017521,0.07173743199382443
UTM,474,tm,67.44,0.5559186289901845,0.07441922099678777
UTM,475,tm,67.19000000000001,0.5660171170020476,0.07228798999858554
UTM,476,tm,67.25,0.5661045760061825,0.07304519499302842
UTM,477,tm,66.62,0.5588159780018032,0.07340706800459884
UTM,478,tm,66.97,0.5659172749874415,0.07230407700990327
UTM,479,tm,67.39,0.5107796439988306,0.07462770398706198
UTM,480,tm,67.52,0.5562922319950303,0.0709349770040717
UTM,481,tm,67.53,0.5655859640100971,0.07267519099696074
UTM,482,tm,67.61,0.5728763959923526,0.07169473799876869
UTM,483,tm,67.14,0.5644486670062179,0.07229276500584092
UTM,484,tm,67.21000000000001,0.5611421030043857,0.07291783900291193
UTM,485,tm,67.0,0.5569415220088558,0.07125149099738337
UTM,486,tm,67.09,0.5549736429966288,0.07177683900226839
UTM,487,tm,67.42,0.5554129899974214,0.07251887599704787
UTM,488,tm,66.94,0.5546020789915929,0.07348763399932068
UTM,489,tm,66.93,0.5709713160031242,0.0753749279974727
UTM,490,tm,67.21000000000001,0.5656825360056246,0.0734539270051755
UTM,491,tm,67.45,0.5526185799972154,0.07085671101231128
UTM,492,tm,67.53,0.5581251940020593,0.07321396000043023
UTM,493,tm,67.07,0.5578415159980068,0.07689598300203215
UTM,494,tm,66.99000000000001,0.5660882819938706,0.07205799799703527
UTM,495,tm,67.47,0.5607677929947386,0.07344701199326664
UTM,496,tm,67.25999999999999,0.5804404320078902,0.07314121299714316
UTM,497,tm,67.12,0.5526920970005449,0.07245759900251869
UTM,498,tm,67.42,0.5668878500000574,0.07243258800008334
UTM,499,tm,67.32000000000001,0.5352770140016219,0.07337371299217921
UTM,500,tm,67.25999999999999,0.5610630820010556,0.07306218300072942
WTM,1,tm,60.61,0.4692474009934813,0.06320921899168752
WTM,2,tm,63.53,0.41900635899219196,0.06523855999694206
WTM,3,tm,67.56,0.38997967400064226,0.06521740100288298
WTM,4,tm,66.29,0.38520031099324115,0.06553482000890654
WTM,5,tm,69.52000000000001,0.3683120659989072,0.06702986999880522
WTM,6,tm,66.17,0.3697582809982123,0.06511107600817923
WTM,7,tm,67.84,0.36475262700696476,0.06603034699219279
WTM,8,tm,68.15,0.3554894770059036,0.0651319619937567
WTM,9,tm,68.10000000000001,0.3466664790030336,0.06767110100190621
WTM,10,tm,71.45,0.34158526099054143,0.0653274749929551
WTM,11,tm,70.89,0.3520507719949819,0.06609225799911655
WTM,12,tm,68.47,0.34817786401254125,0.06451025999558624
WTM,13,tm,72.17,0.33275929000228643,0.06479665100050624
WTM,14,tm,71.27,0.3411816130101215,0.0646276079933159
WTM,15,tm,68.92,0.34028071600187104,0.06460209499346092
WTM,16,tm,69.52000000000001,0.33897734399943147,0.06530350499087945
WTM,17,tm,70.86,0.33204603199556004,0.06526940599724185
WTM,18,tm,71.05,0.33305463699798565,0.06485461999545805
WTM,19,tm,70.05,0.3431695210019825,0.062695001004613
WTM,20,tm,70.91,0.3268483260035282,0.06705678900470957
WTM,21,tm,70.95,0.3334757139964495,0.06759589300781954
WTM,22,tm,72.00999999999999,0.3356795690051513,0.0651328480016673
WTM,23,tm,71.34,0.3445001799991587,0.06466752001142595
WTM,24,tm,70.49,0.3343006609939039,0.06723012300790288
WTM,25,tm,71.88,0.32607550198736135,0.06772403899230994
WTM,26,tm,71.43,0.3298927229916444,0.06497756300086621
WTM,27,tm,73.2,0.3269253890030086,0.06558335199952126
WTM,28,tm,73.21,0.3332538659888087,0.06551156200293917
WTM,29,tm,71.96000000000001,0.3359660019923467,0.06882625400612596
WTM,30,tm,71.00999999999999,0.33441973899607547,0.06598558700352442
WTM,31,tm,72.7,0.32747527200262994,0.06623878299433272
WTM,32,tm,73.57000000000001,0.32896165299462155,0.06371832398872357
WTM,33,tm,71.84,0.32010921399341896,0.0646167980012251
WTM,34,tm,72.31,0.32136810100928415,0.06287127699761186
WTM,35,tm,75.03,0.3254480559990043,0.0647321630094666
WTM,36,tm,72.13000000000001,0.3230228909960715,0.06479477700486314
WTM,37,tm,72.28999999999999,0.31901368299440946,0.0652139960002387
WTM,38,tm,73.15,0.33010041899979115,0.06529896400752477
WTM,39,tm,72.86,0.3252624729939271,0.06507744500413537
WTM,40,tm,72.3,0.32355781001388095,0.06506850899313577
WTM,41,tm,71.2,0.32712297899706755,0.06539668201003224
WTM,42,tm,74.46000000000001,0.32101910799974576,0.06579540399252437
WTM,43,tm,72.6,0.3282744000025559,0.0656126930116443
WTM,44,tm,72.42,0.3278150429978268,0.06725928300875239
WTM,45,tm,72.84,0.31855763201019727,0.06606591699528508
WTM,46,tm,72.17,0.328191513006459,0.06739295501029119
WTM,47,tm,71.11,0.3244134389969986,0.06471302200225182
WTM,48,tm,72.46000000000001,0.32938137400196865,0.06755122999311425
WTM,49,tm,74.6,0.3302255989983678,0.06498679200012702
WTM,50,tm,70.52000000000001,0.3276033010042738,0.06741592200705782
WTM,51,tm,69.67,0.3327845489984611,0.06595326200476848
WTM,52,tm,73.83,0.32713618301204406,0.06579418400360737
WTM,53,tm,72.86,0.3295296900032554,0.06666497999685816
WTM,54,tm,74.62,0.3214831860095728,0.06454129998746794
WTM,55,tm,71.73,0.3250382549886126,0.06530960100644734
WTM,56,tm,71.26,0.3225205720082158,0.06543061000411399
WTM,57,tm,72.05,0.31919944600667804,0.06457678599690553
WTM,58,tm,71.96000000000001,0.3246388319967082,0.06512507400475442
WTM,59,tm,72.15,0.31711037999775726,0.06437243901018519
WTM,60,tm,73.61999999999999,0.3182396680058446,0.06734316899382975
WTM,61,tm,73.61,0.3173242220073007,0.06645468299393542
WTM,62,tm,74.39,0.314376185007859,0.06649199999810662
WTM,63,tm,71.58,0.32829457201296464,0.06545272099901922
WTM,64,tm,71.41999999999999,0.31928959500510246,0.06530196400126442
WTM,65,tm,71.32,0.3167340170039097,0.0651046650018543
WTM,66,tm,73.94,0.31360382500861306,0.0642910269962158
WTM,67,tm,73.28,0.3190477309981361,0.06505914099398069
WTM,68,tm,68.97,0.3196142639935715,0.06590538700402249
WTM,69,tm,71.94,0.32891671200923156,0.07165039499523118
WTM,70,tm,70.44,0.32316173700382933,0.0626568040024722
WTM,71,tm,72.91,0.31479700599447824,0.06390040599217173
WTM,72,tm,73.47,0.3166731160017662,0.06546288999379613
WTM,73,tm,72.00999999999999,0.3108585830050288,0.06657853900105692
WTM,74,tm,73.7,0.31964158698974643,0.06692418700549752
WTM,75,tm,71.44,0.3096954639913747,0.06679055599670392
WTM,76,tm,69.85,0.31859092800004873,0.06700359199021477
WTM,77,tm,72.15,0.3229795610095607,0.06551579901133664
WTM,78,tm,73.21,0.31088184998952784,0.06521127899759449
WTM,79,tm,73.15,0.31443825300084427,0.067539541007136
WTM,80,tm,71.37,0.32123277700156905,0.06501244800165296
WTM,81,tm,71.17,0.32247212099900935,0.06524515501223505
WTM,82,tm,70.55,0.3179240620083874,0.06641836601193063
WTM,83,tm,73.17,0.3143292800086783,0.06637306000629906
WTM,84,tm,74.11999999999999,0.3258120520040393,0.06636908899236005
WTM,85,tm,74.4,0.32702027799678035,0.06477907000225969
WTM,86,tm,70.69,0.3146930020011496,0.06600436598819215
WTM,87,tm,70.95,0.3114345899957698,0.06596901400189381
WTM,88,tm,70.81,0.32044935099838767,0.0658934979874175
WTM,89,tm,73.00999999999999,0.31298959300329443,0.06610363299841993
WTM,90,tm,73.55000000000001,0.3289655880071223,0.06402214999252465
WTM,91,tm,72.25,0.32300831899920013,0.06325459900835995
WTM,92,tm,72.74000000000001,0.3178946010011714,0.06479664699872956
WTM,93,tm,73.05,0.31478672500816174,0.06689825899957214
WTM,94,tm,73.49,0.31940733299416024,0.0671122909989208
WTM,95,tm,74.58,0.31556625799566973,0.0661538869899232
WTM,96,tm,74.8,0.3183472939999774,0.06568158199661411
WTM,97,tm,71.66,0.31544952699914575,0.06408457300858572
WTM,98,tm,70.93,0.3105394430021988,0.06550585399963893
WTM,99,tm,68.97,0.3150316060055047,0.0662441580061568
WTM,100,tm,72.5,0.3220866119954735,0.06546266400255263
WTM,101,tm,75.99000000000001,0.30358114901173394,0.0650278389948653
WTM,102,tm,69.93,0.31479818699881434,0.06598365999525413
WTM,103,tm,73.53,0.3275593730068067,0.06592173399985768
WTM,104,tm,72.18,0.31274600300821476,0.06453343000612222
WTM,105,tm,72.74000000000001,0.31253573299909476,0.06638583399762865
WTM,106,tm,72.08,0.3202782180014765,0.06577826500870287
WTM,107,tm,70.67,0.31662689299264457,0.06659821899665985
WTM,108,tm,71.8,0.3121096469985787,0.0670344020036282
WTM,109,tm,72.71,0.3127704380021896,0.06639081799949054
WTM,110,tm,73.47,0.3148242949973792,0.06570121999538969
WTM,111,tm,74.21,0.32643682400521357,0.06545451100100763
WTM,112,tm,72.87,0.32145002800098155,0.06660517101408914
WTM,113,tm,74.4,0.3110780979914125,0.06596950000675861
WTM,114,tm,70.7,0.31942862199502997,0.06572094799776096
WTM,115,tm,74.53,0.31381565300398506,0.06729457300389186
WTM,116,tm,72.92999999999999,0.31323444900044706,0.06578401700244285
WTM,117,tm,74.3,0.31547646000399254,0.0673031530022854
WTM,118,tm,74.87,0.31615733400394674,0.06682366300083231
WTM,119,tm,74.9,0.3083304549945751,0.06523595801263582
WTM,120,tm,73.56,0.3177517669973895,0.06548230200132821
WTM,121,tm,73.66,0.31099605100462213,0.06427638800232671
WTM,122,tm,71.83,0.3065551140025491,0.07055032200878486
WTM,123,tm,73.26,0.31750759700662456,0.06583423099073116
WTM,124,tm,72.49,0.3161393269983819,0.07215002900920808
WTM,125,tm,72.72999999999999,0.31551987199054565,0.06517847299983259
WTM,126,tm,73.02,0.3266693710029358,0.06664943500072695
WTM,127,tm,73.57000000000001,0.32481753898900934,0.06520609599829186
WTM,128,tm,71.89999999999999,0.30747742200037464,0.06514635699568316
WTM,129,tm,73.22999999999999,0.30626542400568724,0.06732778598961886
WTM,130,tm,72.06,0.3046287290053442,0.06550483500177506
WTM,131,tm,73.92,0.3243862880044617,0.06693749899568502
WTM,132,tm,74.75,0.31419625200214796,0.06647174099634867
WTM,133,tm,72.71,0.31127806899894495,0.06686034800077323
WTM,134,tm,74.06,0.3158415780053474,0.06507842199061997
WTM,135,tm,71.41999999999999,0.32172675400215667,0.06571070999780204
WTM,136,tm,71.71,0.31737673599855043,0.06678289799310733
WTM,137,tm,70.00999999999999,0.3136385149991838,0.06501865999598522
WTM,138,tm,71.1,0.3175242680008523,0.06574368599103764
WTM,139,tm,74.08,0.3124028299935162,0.06509885100240353
WTM,140,tm,73.75,0.30966097899363376,0.06598097599635366
WTM,141,tm,73.24000000000001,0.31447304399625864,0.06668124999850988
WTM,142,tm,70.46,0.313221844000509,0.06633937600417994
WTM,143,tm,70.24000000000001,0.32175295999331865,0.0652140390011482
WTM,144,tm,73.89,0.3136267490044702,0.0665683200058993
WTM,145,tm,73.8,0.31558190599025693,0.06672307399276178
WTM,146,tm,74.26,0.31663070899958257,0.06538945800275542
WTM,147,tm,71.52,0.30975914899318013,0.069121295993682
WTM,148,tm,70.74000000000001,0.31528577899734955,0.06803631399816368
WTM,149,tm,73.99,0.32103384599031415,0.06271524299518205
WTM,150,tm,73.38,0.32194025500211865,0.06629860500106588
WTM,151,tm,73.31,0.314615984010743,0.06495007799821906
WTM,152,tm,70.45,0.310767028000555,0.0660374029976083
WTM,153,tm,73.66,0.31486158299958333,0.06653137900866568
WTM,154,tm,73.47,0.3072726579994196,0.06569962200592272
WTM,155,tm,74.9,0.3109023160068318,0.0665642930107424
WTM,156,tm,72.48,0.31019904899585526,0.06655516401224304
WTM,157,tm,75.01,0.31745260099705774,0.06580930801283102
WTM,158,tm,71.88,0.30797721599810757,0.06639070999517571
WTM,159,tm,74.03,0.31035345800046343,0.0656346100004157
WTM,160,tm,75.98,0.32104908699693624,0.06680357801087666
WTM,161,tm,73.61999999999999,0.3105917339998996,0.06670750399644021
WTM,162,tm,73.89,0.3082414109958336,0.06605963000038173
WTM,163,tm,72.61999999999999,0.31259841700375546,0.0657706719939597
WTM,164,tm,73.92999999999999,0.32257859699893743,0.06665613899531309
WTM,165,tm,74.16,0.31475466799747664,0.06671970900788438
WTM,166,tm,72.56,0.31931950998841785,0.06524421999347396
WTM,167,tm,70.62,0.31433513898809906,0.06177245199796744
WTM,168,tm,73.81,0.31173384199792054,0.0663399580080295
WTM,169,tm,74.4,0.3131522410112666,0.06521046900888905
WTM,170,tm,74.92999999999999,0.31057796100503765,0.06487213500076905
WTM,171,tm,72.0,0.31020341999828815,0.06546282600902487
WTM,172,tm,75.33,0.3088043479947373,0.06791440999950282
WTM,173,tm,72.59,0.3225667630031239,0.0673651489923941
WTM,174,tm,73.09,0.31082402598985936,0.06712006899761036
WTM,175,tm,74.02,0.3220972109993454,0.06714781699702144
WTM,176,tm,75.28,0.3159492010017857,0.06642761299735866
WTM,177,tm,71.91,0.30671538499882445,0.06544169499829877
WTM,178,tm,74.32,0.31774350500199944,0.06627795399981551
WTM,179,tm,75.01,0.3136188399948878,0.06614204599463847
WTM,180,tm,73.26,0.31346501599182375,0.06600733898812905
WTM,181,tm,71.72,0.3112922879954567,0.06555542899877764
WTM,182,tm,73.49,0.3083103469980415,0.06517352200171445
WTM,183,tm,72.61,0.30331488499359693,0.06641817699710373
WTM,184,tm,74.18,0.3096345410012873,0.06593753398919944
WTM,185,tm,73.13,0.3041856969939545,0.06742307099921163
WTM,186,tm,71.81,0.3153914220019942,0.06758313899626955
WTM,187,tm,74.46000000000001,0.31582849800179247,0.06663923599990085
WTM,188,tm,72.76,0.3108839869964868,0.06699211199884303
WTM,189,tm,73.14,0.3160258080024505,0.06522624799981713
WTM,190,tm,72.66,0.3087030979950214,0.06553064299805555
WTM,191,tm,72.14,0.3105184229934821,0.06690479800454341
WTM,192,tm,72.33000000000001,0.3044639529980486,0.06783114899008069
WTM,193,tm,75.09,0.31542117199569475,0.06682819400157314
WTM,194,tm,73.38,0.3128501719911583,0.06545562499377411
WTM,195,tm,71.33,0.307525653988705,0.0667294549930375
WTM,196,tm,73.2,0.30334555900481064,0.06444882700452581
WTM,197,tm,74.29,0.31356990299536847,0.06682627800910268
WTM,198,tm,73.42,0.31956311299290974,0.06598974199732766
WTM,199,tm,74.08,0.31027926100068726,0.0650389950023964
WTM,200,tm,75.21,0.31615845899796113,0.06502937400364317
WTM,201,tm,73.05,0.3114198659895919,0.0655393240012927
WTM,202,tm,73.42,0.3114207689941395,0.06695189599122386
WTM,203,tm,76.47,0.3069555279944325,0.06516092200763524
WTM,204,tm,76.46,0.31675866500881966,0.06715532900125254
WTM,205,tm,75.03,0.3237196900008712,0.06471498899918515
WTM,206,tm,76.06,0.3091366820008261,0.06677693600067869
WTM,207,tm,72.87,0.3137969700037502,0.065540105002583
WTM,208,tm,73.21,0.31471103298827074,0.06598900900280569
WTM,209,tm,73.14,0.3113873299880652,0.0663880570064066
WTM,210,tm,71.92,0.3116378760023508,0.06506410500151105
WTM,211,tm,72.0,0.3075752559961984,0.06602109500090592
WTM,212,tm,72.35000000000001,0.3061792069929652,0.06538819200068247
WTM,213,tm,72.96000000000001,0.3027278639929136,0.06494789000134915
WTM,214,tm,71.02000000000001,0.30755096999928355,0.06495289600570686
WTM,215,tm,75.3,0.3133467500010738,0.06516849200124852
WTM,216,tm,73.66,0.3148643640015507,0.06626781899831258
WTM,217,tm,70.1,0.3070412510132883,0.06741025300289039
WTM,218,tm,72.3,0.3270627780002542,0.06770470199990086
WTM,219,tm,74.72999999999999,0.31196134199853987,0.06996438700298313
WTM,220,tm,73.98,0.30771046299196314,0.06554233199858572
WTM,221,tm,73.96000000000001,0.31057289500313345,0.06566671500331722
WTM,222,tm,75.1,0.3188274379936047,0.06528925399470609
WTM,223,tm,74.74,0.31654501699085813,0.06613338999159168
WTM,224,tm,71.47,0.3130420840025181,0.06618785699538421
WTM,225,tm,73.19,0.3194197809934849,0.06297621299745515
WTM,226,tm,71.26,0.30329974900814705,0.06568770798912738
WTM,227,tm,73.78,0.3182011080061784,0.06506038700172212
WTM,228,tm,74.1,0.30603499099379405,0.06457641901215538
WTM,229,tm,76.48,0.31552728499809746,0.06677066600241233
WTM,230,tm,72.36,0.30466792300285306,0.06653899099910632
WTM,231,tm,73.55000000000001,0.3120934589969693,0.06689810199895874
WTM,232,tm,71.69,0.3137854590022471,0.06640768199576996
WTM,233,tm,74.91,0.3087865779962158,0.06463646198972128
WTM,234,tm,75.27000000000001,0.31079696700908244,0.06530054900213145
WTM,235,tm,73.96000000000001,0.3151372060092399,0.06504174700239673
WTM,236,tm,72.49,0.31320871799835004,0.06512981800187845
WTM,237,tm,73.83999999999999,0.3023869669996202,0.06567662599263713
WTM,238,tm,73.54,0.3111721869936446,0.06577874699723907
WTM,239,tm,71.86,0.3146744029945694,0.06560240499675274
WTM,240,tm,75.38,0.3120523929974297,0.06734682800015435
WTM,241,tm,72.88,0.3038983229926089,0.06548387500515673
WTM,242,tm,74.31,0.32389060100831557,0.06648343098640908
WTM,243,tm,73.67,0.31384785400587134,0.0652034509985242
WTM,244,tm,73.9,0.3034289909992367,0.06485377300123218
WTM,245,tm,72.27,0.3159242669935338,0.06803964200662449
WTM,246,tm,73.0,0.3194485989952227,0.0662131249991944
WTM,247,tm,73.1,0.30989174600108527,0.06825087100150995
WTM,248,tm,71.38,0.31008644099347293,0.06959918899519835
WTM,249,tm,74.28,0.30682645000342745,0.06599639100022614
WTM,250,tm,72.03,0.3059116030053701,0.06539415099541657
WTM,251,tm,75.16000000000001,0.3075895920046605,0.06535090898978524
WTM,252,tm,73.82,0.30746856999758165,0.06600516600883566
WTM,253,tm,74.2,0.30977958798757754,0.0665907380025601
WTM,254,tm,74.6,0.31177108400152065,0.06565178600430954
WTM,255,tm,73.85000000000001,0.31040334698627703,0.06577510898932815
WTM,256,tm,74.89,0.3112312750017736,0.06576737599971239
WTM,257,tm,70.63000000000001,0.3136298669996904,0.06588845999795012
WTM,258,tm,71.45,0.30927693301055115,0.067506160994526
WTM,259,tm,74.36,0.3161211389960954,0.06507635899470188
WTM,260,tm,74.59,0.3111313080007676,0.06529885300551541
WTM,261,tm,74.13,0.32045366399688646,0.06529291599872522
WTM,262,tm,73.18,0.3105219010030851,0.0652871589991264
WTM,263,tm,72.09,0.3033196259930264,0.0648026410053717
WTM,264,tm,73.22999999999999,0.31208173400955275,0.0656449679954676
WTM,265,tm,73.11,0.3011137260036776,0.06278626898711082
WTM,266,tm,75.29,0.3037146569986362,0.06694925099145621
WTM,267,tm,74.29,0.30447547300718725,0.06527687099878676
WTM,268,tm,73.24000000000001,0.31220564000250306,0.06558975399821065
WTM,269,tm,74.25,0.31346328000654466,0.06518080900423229
WTM,270,tm,74.13,0.3111826719978126,0.06620373199984897
WTM,271,tm,72.18,0.3124255740112858,0.06712128399522044
WTM,272,tm,73.6,0.3175300800066907,0.06565845900331624
WTM,273,tm,74.8,0.3058001960016554,0.06661490000260528
WTM,274,tm,69.67,0.3091183789947536,0.06648027600022033
WTM,275,tm,74.42,0.31623103900346905,0.06650348399125505
WTM,276,tm,74.4,0.31714417900366243,0.0656450000096811
WTM,277,tm,72.19,0.30398847701144405,0.06530034999013878
WTM,278,tm,75.33,0.305515165993711,0.06379153099260293
WTM,279,tm,73.02,0.3108372930000769,0.0646082899911562
WTM,280,tm,73.39,0.3115166089992272,0.0655749180004932
WTM,281,tm,73.88,0.309997653006576,0.06659959799435455
WTM,282,tm,73.44000000000001,0.31532669298758265,0.06711743099731393
WTM,283,tm,71.44,0.3094576519943075,0.06504699999641161
WTM,284,tm,73.22,0.3096294429997215,0.065431640992756
WTM,285,tm,74.72,0.306386381998891,0.06543880399840418
WTM,286,tm,73.06,0.303299978011637,0.06372830300824717
WTM,287,tm,74.29,0.3255480840016389,0.06732662799186073
WTM,288,tm,73.79,0.3171831309882691,0.06470212400017772
WTM,289,tm,71.26,0.3116462410107488,0.069291231004172
WTM,290,tm,74.49,0.32590444799279794,0.06542977198841982
WTM,291,tm,74.78,0.30893330099934246,0.06578033498954028
WTM,292,tm,75.59,0.3109107870113803,0.06570586099405773
WTM,293,tm,73.49,0.30316803300229367,0.06525407898880076
WTM,294,tm,74.57000000000001,0.3121410830062814,0.06642657300108112
WTM,295,tm,72.50999999999999,0.31593132398847956,0.06622868399426807
WTM,296,tm,72.98,0.3095165049890056,0.06644478799717035
WTM,297,tm,73.4,0.30635365199123044,0.06338981899898499
WTM,298,tm,75.82,0.3085037370037753,0.06549405900295824
WTM,299,tm,72.84,0.3130259300087346,0.06579105200944468
WTM,300,tm,73.63,0.30084424300002865,0.06637186800071504
WTM,301,tm,75.02,0.31379772699438035,0.06476872999337502
WTM,302,tm,74.06,0.31362561900459696,0.06576866500836331
WTM,303,tm,73.13,0.2992899539967766,0.06559831299819052
WTM,304,tm,72.42,0.3092289499909384,0.06576226599281654
WTM,305,tm,74.57000000000001,0.3092242919956334,0.0633135179959936
WTM,306,tm,74.87,0.30219786798988935,0.06698329199571162
WTM,307,tm,73.87,0.31411964500148315,0.06497381799272262
WTM,308,tm,76.63,0.3141402199980803,0.06619736799621023
WTM,309,tm,74.22999999999999,0.3147105109965196,0.0677028420032002
WTM,310,tm,75.58,0.31156131299212575,0.06591436899907421
WTM,311,tm,73.97,0.3130246310029179,0.0666429889970459
WTM,312,tm,68.60000000000001,0.31799607699213084,0.06543977301043924
WTM,313,tm,73.50999999999999,0.3090066430013394,0.06620207500236575
WTM,314,tm,72.74000000000001,0.3150120920035988,0.06490034199669026
WTM,315,tm,73.58,0.30715019900526386,0.06456839801103342
WTM,316,tm,73.83999999999999,0.3085482329915976,0.06645422299334314
WTM,317,tm,73.95,0.3101047380041564,0.06746544199995697
WTM,318,tm,68.62,0.30245864600874484,0.06543315399903804
WTM,319,tm,75.69,0.316527369999676,0.06650029399315827
WTM,320,tm,73.75,0.3103300889924867,0.07065002700255718
WTM,321,tm,74.31,0.3070485979988007,0.06563185999402776
WTM,322,tm,70.96000000000001,0.305236459011212,0.06568245298694819
WTM,323,tm,71.61,0.31297382101183757,0.0654329919925658
WTM,324,tm,73.77,0.31648368800233584,0.06682116900628898
WTM,325,tm,72.84,0.3118918330001179,0.066701149000437
WTM,326,tm,72.81,0.31794545000593644,0.06551751699589659
WTM,327,tm,74.03,0.30590924600255676,0.06558002599922474
WTM,328,tm,73.53,0.3109714210004313,0.06680273699748795
WTM,329,tm,73.5,0.30661617800069507,0.06667287200980354
WTM,330,tm,74.05000000000001,0.3134921220043907,0.06537788100831676
WTM,331,tm,72.78,0.31764975200349,0.06669458199758083
WTM,332,tm,70.61,0.3084473899943987,0.06560478200844955
WTM,333,tm,74.37,0.30451773799723014,0.06488016199728008
WTM,334,tm,72.02,0.3141973430028884,0.06465001798642334
WTM,335,tm,75.42999999999999,0.3029258419992402,0.06548315100371838
WTM,336,tm,72.16,0.3103084390022559,0.06690136800170876
WTM,337,tm,74.02,0.3078336640028283,0.06650825000542682
WTM,338,tm,73.02,0.31037819299672265,0.06467127699579578
WTM,339,tm,74.94,0.30776893498841673,0.06527543799893465
WTM,340,tm,74.82,0.3145457970094867,0.06337525899289176
WTM,341,tm,74.98,0.31717576600203756,0.06569940999906976
WTM,342,tm,72.83,0.31268970399105456,0.06440334199578501
WTM,343,tm,74.82,0.3072424010024406,0.0641792349924799
WTM,344,tm,75.17,0.3095505579985911,0.06525290900026448
WTM,345,tm,74.49,0.30896710901288316,0.06605310700251721
WTM,346,tm,73.98,0.3080419729958521,0.06545770099910442
WTM,347,tm,73.86,0.3094791459880071,0.06805045600049198
WTM,348,tm,74.11999999999999,0.3325658760004444,0.06561058999795932
WTM,349,tm,71.82,0.31189082498895004,0.06555521801055875
WTM,350,tm,74.63,0.3163334660057444,0.06624246899446007
WTM,351,tm,74.76,0.3195365720021073,0.06596957999863662
WTM,352,tm,74.68,0.3094556330033811,0.06638254900462925
WTM,353,tm,73.35000000000001,0.31102709099650383,0.06614982000610325
WTM,354,tm,72.77,0.3071185919980053,0.06562260899227113
WTM,355,tm,73.47,0.3106872420030413,0.06727974099339917
WTM,356,tm,72.17,0.3158017399982782,0.06491382401145529
WTM,357,tm,71.45,0.31393128099443857,0.06644594400131609
WTM,358,tm,72.50999999999999,0.30509287099994253,0.06601223199686501
WTM,359,tm,75.57000000000001,0.31407384799967986,0.06519553999532945
WTM,360,tm,72.36,0.308093553991057,0.06551172700710595
WTM,361,tm,74.59,0.31554757099365816,0.06518655999389011
WTM,362,tm,73.06,0.30987364299653564,0.0657176380045712
WTM,363,tm,74.89,0.305095399991842,0.06524885499675293
WTM,364,tm,75.53,0.3165323190041818,0.06671762799669523
WTM,365,tm,72.68,0.30857531500805635,0.06583707500249147
WTM,366,tm,74.11,0.3019588040042436,0.06720879999920726
WTM,367,tm,76.27000000000001,0.3035772290022578,0.06565837599919178
WTM,368,tm,75.01,0.3123346709908219,0.0660473520110827
WTM,369,tm,74.07000000000001,0.30890154899680056,0.06641060599940829
WTM,370,tm,73.87,0.31069352400663774,0.06634069999563508
WTM,371,tm,74.22999999999999,0.3098119240021333,0.06801788900338579
WTM,372,tm,72.21,0.3067146649991628,0.06603097700281069
WTM,373,tm,73.65,0.3178094600007171,0.0690705749875633
WTM,374,tm,71.91,0.3104916879965458,0.06713378601125441
WTM,375,tm,74.68,0.31091663699771743,0.06612339300045278
WTM,376,tm,72.15,0.30775925899797585,0.06738107799901627
WTM,377,tm,72.52,0.30840314499801025,0.06693681298929732
WTM,378,tm,74.91,0.32219142898975406,0.06576873399899341
WTM,379,tm,74.11,0.30414213000040036,0.06611318199429661
WTM,380,tm,72.52,0.30518143500376027,0.06659145100275055
WTM,381,tm,72.89999999999999,0.30904034301056527,0.06734251300804317
WTM,382,tm,74.32,0.30201584500900935,0.06631602700508665
WTM,383,tm,74.24,0.3117118929949356,0.06513538400758989
WTM,384,tm,73.19,0.31317872200452257,0.06550815199443605
WTM,385,tm,74.76,0.30936245300108567,0.06659220700385049
WTM,386,tm,72.08,0.30709785599901807,0.0655883459985489
WTM,387,tm,73.63,0.3055253350030398,0.06676808300835546
WTM,388,tm,72.00999999999999,0.3120343229966238,0.06674344000930432
WTM,389,tm,72.63,0.3251843220059527,0.06583241099724546
WTM,390,tm,74.00999999999999,0.309944941996946,0.0669851820130134
WTM,391,tm,72.6,0.31067012398852967,0.06676596199395135
WTM,392,tm,73.97,0.31147943099495023,0.06585690400970634
WTM,393,tm,72.88,0.31019208699581213,0.06700553599512205
WTM,394,tm,72.08,0.31369529500079807,0.06604142399737611
WTM,395,tm,75.42999999999999,0.30822267099574674,0.06648218000191264
WTM,396,tm,72.0,0.3075280070042936,0.06580637799925171
WTM,397,tm,72.39,0.3109945269970922,0.06510034899110906
WTM,398,tm,72.39999999999999,0.3144382189930184,0.06587064899213146
WTM,399,tm,75.05,0.31066988299426157,0.06787145799899008
WTM,400,tm,73.83,0.31088966300012544,0.06602734499028884
WTM,401,tm,74.76,0.302182019004249,0.07132843301224057
WTM,402,tm,73.44000000000001,0.30380518299352843,0.06519499199930578
WTM,403,tm,74.8,0.30688701500184834,0.06646676099626347
WTM,404,tm,74.09,0.3101377530110767,0.06621612100570928
WTM,405,tm,73.87,0.3183989749959437,0.0655243539949879
WTM,406,tm,71.36,0.3062252340023406,0.06642135701258667
WTM,407,tm,74.35000000000001,0.31088094200822525,0.06574233599530999
WTM,408,tm,71.69,0.2987674370087916,0.06538022799941245
WTM,409,tm,74.82,0.3324876300030155,0.06637353100813925
WTM,410,tm,72.38,0.3219725219969405,0.06603753300441895
WTM,411,tm,74.7,0.30744462700386066,0.06526684800337534
WTM,412,tm,73.82,0.30871944199316204,0.06528455000079703
WTM,413,tm,75.64,0.3110208150028484,0.0669715520052705
WTM,414,tm,73.76,0.3143620640039444,0.0659679749951465
WTM,415,tm,71.16,0.3061057669983711,0.06581284500134643
WTM,416,tm,73.83,0.30788599800143857,0.06328029801079538
WTM,417,tm,74.67,0.31281620399386156,0.06637749999936204
WTM,418,tm,73.28,0.30269972899986897,0.06604334099392872
WTM,419,tm,74.56,0.30863336801121477,0.06634501001099125
WTM,420,tm,74.74,0.3116060950123938,0.06534188200021163
WTM,421,tm,72.11999999999999,0.3061928800016176,0.06588151099276729
WTM,422,tm,74.41,0.3068846929963911,0.06613698300498072
WTM,423,tm,75.27000000000001,0.30708921000768896,0.06545982501120307
WTM,424,tm,73.42,0.308293980997405,0.06598148700140882
WTM,425,tm,73.68,0.30783545300073456,0.06638269899121951
WTM,426,tm,69.97,0.30960723099997267,0.0659523289941717
WTM,427,tm,73.19,0.3116428680077661,0.06557665699801873
WTM,428,tm,72.94,0.3062701479939278,0.06494899200333748
WTM,429,tm,74.11999999999999,0.31184176899841987,0.06513434600492474
WTM,430,tm,73.05,0.31198306700389367,0.06680751600652002
WTM,431,tm,74.45,0.30882993299746886,0.06544783800200094
WTM,432,tm,73.79,0.3106338330107974,0.06589171099767555
WTM,433,tm,75.03999999999999,0.29715521199977957,0.06617567999637686
WTM,434,tm,73.2,0.3049525569949765,0.06555597999249585
WTM,435,tm,75.89,0.3058494689903455,0.06499101700319443
WTM,436,tm,74.26,0.308488379989285,0.06701122400409076
WTM,437,tm,75.92999999999999,0.30940737201308366,0.06560083699878305
WTM,438,tm,73.61,0.31157111399807036,0.06595441199897323
WTM,439,tm,74.94,0.3094858190015657,0.0660585409932537
WTM,440,tm,73.86,0.31134214300254826,0.06497377599589527
WTM,441,tm,73.99,0.3211236950010061,0.0675669949996518
WTM,442,tm,74.29,0.31214539099892136,0.0646693479939131
WTM,443,tm,75.24,0.3143859209958464,0.06595753200235777
WTM,444,tm,73.64,0.3048783120029839,0.06651845099986531
WTM,445,tm,72.14,0.30956209400028456,0.06241001299349591
WTM,446,tm,72.6,0.310154851002153,0.06579507001151796
WTM,447,tm,73.2,0.31026844799635,0.06593955300922971
WTM,448,tm,72.31,0.3099177440017229,0.06488823800464161
WTM,449,tm,73.45,0.31273136399977375,0.06606546499824617
WTM,450,tm,74.02,0.3080760560114868,0.06657290800649207
WTM,451,tm,74.49,0.29882474000623915,0.06604139899718575
WTM,452,tm,71.87,0.3035445839923341,0.06510685999819543
WTM,453,tm,73.45,0.31388845399487764,0.06743416900280863
WTM,454,tm,74.26,0.31467849199543707,0.06628445799287874
WTM,455,tm,74.45,0.304606147998129,0.06583811600285117
WTM,456,tm,74.22,0.31251267199695576,0.06701765999605414
WTM,457,tm,73.78,0.30808284399972763,0.06570322498737369
WTM,458,tm,73.28,0.30487629999697674,0.06528990600781981
WTM,459,tm,73.42999999999999,0.29953903499699663,0.06539786999928765
WTM,460,tm,72.72999999999999,0.3090443019900704,0.06626496899116319
WTM,461,tm,75.84,0.31100279999373015,0.06416309101041406
WTM,462,tm,74.55000000000001,0.30298586799472105,0.06637451199640054
WTM,463,tm,75.01,0.3068116749927867,0.06853547399805393
WTM,464,tm,71.55,0.304516579999472,0.06672082000295632
WTM,465,tm,73.44000000000001,0.32446955298655666,0.06519806700816844
WTM,466,tm,75.48,0.30524675000924617,0.06644455400237348
WTM,467,tm,73.72,0.3056376000022283,0.06661397300194949
WTM,468,tm,73.37,0.3096473179903114,0.0650938659964595
WTM,469,tm,70.5,0.3376827509928262,0.06541394100349862
WTM,470,tm,76.58,0.318251999997301,0.06904356200539041
WTM,471,tm,75.94999999999999,0.30512204600381665,0.06593720400996972
WTM,472,tm,73.59,0.30422575400734786,0.06615575500472914
WTM,473,tm,74.15,0.3078611840028316,0.06557221300317906
WTM,474,tm,74.05000000000001,0.3086587489960948,0.06649354098772164
WTM,475,tm,74.45,0.3050736410077661,0.06371059699449688
WTM,476,tm,72.66,0.30594955298874993,0.06536672999209259
WTM,477,tm,74.44,0.3085456659900956,0.0664896569942357
WTM,478,tm,71.28,0.3052822069876129,0.06547596199379768
WTM,479,tm,73.52,0.3162453800032381,0.06857498599856626
WTM,480,tm,73.18,0.30548134799755644,0.06665770799736492
WTM,481,tm,75.55,0.3120982959953835,0.06632830100716092
WTM,482,tm,74.95,0.3142445179983042,0.06648653298907448
WTM,483,tm,73.32,0.31121029499627184,0.06562097198911943
WTM,484,tm,72.72999999999999,0.3014784069964662,0.06523829800426029
WTM,485,tm,72.64,0.3161804500123253,0.06521982299454976
WTM,486,tm,73.58,0.30740367600810714,0.06500121499993838
WTM,487,tm,74.24,0.30397498499951325,0.06533806100196671
WTM,488,tm,73.27,0.3087433750042692,0.06567421100044157
WTM,489,tm,75.36,0.3032710080005927,0.06494830899464432
WTM,490,tm,73.11999999999999,0.3075211319955997,0.0651228299975628
WTM,491,tm,73.61999999999999,0.30603859199618455,0.06495418399572372
WTM,492,tm,73.45,0.30417305300943553,0.06637322599999607
WTM,493,tm,72.89,0.3097961619932903,0.06583176901040133
WTM,494,tm,74.81,0.3070971639972413,0.06544004900206346
WTM,495,tm,72.37,0.3053904840053292,0.06660316001216415
WTM,496,tm,73.45,0.3061240300012287,0.06806290100212209
WTM,497,tm,71.49,0.30585636700561736,0.06550098399748094
WTM,498,tm,72.39999999999999,0.30983235899475403,0.06576768700324465
WTM,499,tm,74.72999999999999,0.3116848089994164,0.06586928600154351
WTM,500,tm,72.61999999999999,0.3024769589974312,0.06678985699545592
WTM-NN,1,tm,60.61,0.4692474009934813,0.06320921899168752
WTM-NN,2,tm,63.53,0.41900635899219196,0.06523855999694206
WTM-NN,3,tm,67.56,0.38997967400064226,0.06521740100288298
WTM-NN,4,tm,66.29,0.38520031099324115,0.06553482000890654
WTM-NN,5,tm,69.52000000000001,0.3683120659989072,0.06702986999880522
WTM-NN,6,tm,66.17,0.3697582809982123,0.06511107600817923
WTM-NN,7,tm,67.84,0.36475262700696476,0.06603034699219279
WTM-NN,8,tm,68.15,0.3554894770059036,0.0651319619937567
WTM-NN,9,tm,68.10000000000001,0.3466664790030336,0.06767110100190621
WTM-NN,10,tm,71.45,0.34158526099054143,0.0653274749929551
WTM-NN,11,tm,70.89,0.3520507719949819,0.06609225799911655
WTM-NN,12,tm,68.47,0.34817786401254125,0.06451025999558624
WTM-NN,13,tm,72.17,0.33275929000228643,0.06479665100050624
WTM-NN,14,tm,71.27,0.3411816130101215,0.0646276079933159
WTM-NN,15,tm,68.92,0.34028071600187104,0.06460209499346092
WTM-NN,16,tm,69.52000000000001,0.33897734399943147,0.06530350499087945
WTM-NN,17,tm,70.86,0.33204603199556004,0.06526940599724185
WTM-NN,18,tm,71.05,0.33305463699798565,0.06485461999545805
WTM-NN,19,tm,70.05,0.3431695210019825,0.062695001004613
WTM-NN,20,tm,70.91,0.3268483260035282,0.06705678900470957
WTM-NN,21,tm,70.95,0.3334757139964495,0.06759589300781954
WTM-NN,22,tm,72.00999999999999,0.3356795690051513,0.0651328480016673
WTM-NN,23,tm,71.34,0.3445001799991587,0.06466752001142595
WTM-NN,24,tm,70.49,0.3343006609939039,0.06723012300790288
WTM-NN,25,tm,71.88,0.32607550198736135,0.06772403899230994
WTM-NN,26,tm,71.43,0.3298927229916444,0.06497756300086621
WTM-NN,27,tm,73.2,0.3269253890030086,0.06558335199952126
WTM-NN,28,tm,73.21,0.3332538659888087,0.06551156200293917
WTM-NN,29,tm,71.96000000000001,0.3359660019923467,0.06882625400612596
WTM-NN,30,tm,71.00999999999999,0.33441973899607547,0.06598558700352442
WTM-NN,31,tm,72.7,0.32747527200262994,0.06623878299433272
WTM-NN,32,tm,73.57000000000001,0.32896165299462155,0.06371832398872357
WTM-NN,33,tm,71.84,0.32010921399341896,0.0646167980012251
WTM-NN,34,tm,72.31,0.32136810100928415,0.06287127699761186
WTM-NN,35,tm,75.03,0.3254480559990043,0.0647321630094666
WTM-NN,36,tm,72.13000000000001,0.3230228909960715,0.06479477700486314
WTM-NN,37,tm,72.28999999999999,0.31901368299440946,0.0652139960002387
WTM-NN,38,tm,73.15,0.33010041899979115,0.06529896400752477
WTM-NN,39,tm,72.86,0.3252624729939271,0.06507744500413537
WTM-NN,40,tm,72.3,0.32355781001388095,0.06506850899313577
WTM-NN,41,tm,71.2,0.32712297899706755,0.06539668201003224
WTM-NN,42,tm,74.46000000000001,0.32101910799974576,0.06579540399252437
WTM-NN,43,tm,72.6,0.3282744000025559,0.0656126930116443
WTM-NN,44,tm,72.42,0.3278150429978268,0.06725928300875239
WTM-NN,45,tm,72.84,0.31855763201019727,0.06606591699528508
WTM-NN,46,tm,72.17,0.328191513006459,0.06739295501029119
WTM-NN,47,tm,71.11,0.3244134389969986,0.06471302200225182
WTM-NN,48,tm,72.46000000000001,0.32938137400196865,0.06755122999311425
WTM-NN,49,tm,74.6,0.3302255989983678,0.06498679200012702
WTM-NN,50,tm,70.52000000000001,0.3276033010042738,0.06741592200705782
WTM-NN,51,tm,69.67,0.3327845489984611,0.06595326200476848
WTM-NN,52,tm,73.83,0.32713618301204406,0.06579418400360737
WTM-NN,53,tm,72.86,0.3295296900032554,0.06666497999685816
WTM-NN,54,tm,74.62,0.3214831860095728,0.06454129998746794
WTM-NN,55,tm,71.73,0.3250382549886126,0.06530960100644734
WTM-NN,56,tm,71.26,0.3225205720082158,0.06543061000411399
WTM-NN,57,tm,72.05,0.31919944600667804,0.06457678599690553
WTM-NN,58,tm,71.96000000000001,0.3246388319967082,0.06512507400475442
WTM-NN,59,tm,72.15,0.31711037999775726,0.06437243901018519
WTM-NN,60,tm,73.61999999999999,0.3182396680058446,0.06734316899382975
WTM-NN,61,tm,73.61,0.3173242220073007,0.06645468299393542
WTM-NN,62,tm,74.39,0.314376185007859,0.06649199999810662
WTM-NN,63,tm,71.58,0.32829457201296464,0.06545272099901922
WTM-NN,64,tm,71.41999999999999,0.31928959500510246,0.06530196400126442
WTM-NN,65,tm,71.32,0.3167340170039097,0.0651046650018543
WTM-NN,66,tm,73.94,0.31360382500861306,0.0642910269962158
WTM-NN,67,tm,73.28,0.3190477309981361,0.06505914099398069
WTM-NN,68,tm,68.97,0.3196142639935715,0.06590538700402249
WTM-NN,69,tm,71.94,0.32891671200923156,0.07165039499523118
WTM-NN,70,tm,70.44,0.32316173700382933,0.0626568040024722
WTM-NN,71,tm,72.91,0.31479700599447824,0.06390040599217173
WTM-NN,72,tm,73.47,0.3166731160017662,0.06546288999379613
WTM-NN,73,tm,72.00999999999999,0.3108585830050288,0.06657853900105692
WTM-NN,74,tm,73.7,0.31964158698974643,0.06692418700549752
WTM-NN,75,tm,71.44,0.3096954639913747,0.06679055599670392
WTM-NN,76,tm,69.85,0.31859092800004873,0.06700359199021477
WTM-NN,77,tm,72.15,0.3229795610095607,0.06551579901133664
WTM-NN,78,tm,73.21,0.31088184998952784,0.06521127899759449
WTM-NN,79,tm,73.15,0.31443825300084427,0.067539541007136
WTM-NN,80,tm,71.37,0.32123277700156905,0.06501244800165296
WTM-NN,81,tm,71.17,0.32247212099900935,0.06524515501223505
WTM-NN,82,tm,70.55,0.3179240620083874,0.06641836601193063
WTM-NN,83,tm,73.17,0.3143292800086783,0.06637306000629906
WTM-NN,84,tm,74.11999999999999,0.3258120520040393,0.06636908899236005
WTM-NN,85,tm,74.4,0.32702027799678035,0.06477907000225969
WTM-NN,86,tm,70.69,0.3146930020011496,0.06600436598819215
WTM-NN,87,tm,70.95,0.3114345899957698,0.06596901400189381
WTM-NN,88,tm,70.81,0.32044935099838767,0.0658934979874175
WTM-NN,89,tm,73.00999999999999,0.31298959300329443,0.06610363299841993
WTM-NN,90,tm,73.55000000000001,0.3289655880071223,0.06402214999252465
WTM-NN,91,tm,72.25,0.32300831899920013,0.06325459900835995
WTM-NN,92,tm,72.74000000000001,0.3178946010011714,0.06479664699872956
WTM-NN,93,tm,73.05,0.31478672500816174,0.06689825899957214
WTM-NN,94,tm,73.49,0.31940733299416024,0.0671122909989208
WTM-NN,95,tm,74.58,0.31556625799566973,0.0661538869899232
WTM-NN,96,tm,74.8,0.3183472939999774,0.06568158199661411
WTM-NN,97,tm,71.66,0.31544952699914575,0.06408457300858572
WTM-NN,98,tm,70.93,0.3105394430021988,0.06550585399963893
WTM-NN,99,tm,68.97,0.3150316060055047,0.0662441580061568
WTM-NN,100,tm,72.5,0.3220866119954735,0.06546266400255263
WTM-NN,101,tm,75.99000000000001,0.30358114901173394,0.0650278389948653
WTM-NN,102,tm,69.93,0.31479818699881434,0.06598365999525413
WTM-NN,103,tm,73.53,0.3275593730068067,0.06592173399985768
WTM-NN,104,tm,72.18,0.31274600300821476,0.06453343000612222
WTM-NN,105,tm,72.74000000000001,0.31253573299909476,0.06638583399762865
WTM-NN,106,tm,72.08,0.3202782180014765,0.06577826500870287
WTM-NN,107,tm,70.67,0.31662689299264457,0.06659821899665985
WTM-NN,108,tm,71.8,0.3121096469985787,0.0670344020036282
WTM-NN,109,tm,72.71,0.3127704380021896,0.06639081799949054
WTM-NN,110,tm,73.47,0.3148242949973792,0.06570121999538969
WTM-NN,111,tm,74.21,0.32643682400521357,0.06545451100100763
WTM-NN,112,tm,72.87,0.32145002800098155,0.06660517101408914
WTM-NN,113,tm,74.4,0.3110780979914125,0.06596950000675861
WTM-NN,114,tm,70.7,0.31942862199502997,0.06572094799776096
WTM-NN,115,tm,74.53,0.31381565300398506,0.06729457300389186
WTM-NN,116,tm,72.92999999999999,0.31323444900044706,0.06578401700244285
WTM-NN,117,tm,74.3,0.31547646000399254,0.0673031530022854
WTM-NN,118,tm,74.87,0.31615733400394674,0.06682366300083231
WTM-NN,119,tm,74.9,0.3083304549945751,0.06523595801263582
WTM-NN,120,tm,73.56,0.3177517669973895,0.06548230200132821
WTM-NN,121,tm,73.66,0.31099605100462213,0.06427638800232671
WTM-NN,122,tm,71.83,0.3065551140025491,0.07055032200878486
WTM-NN,123,tm,73.26,0.31750759700662456,0.06583423099073116
WTM-NN,124,tm,72.49,0.3161393269983819,0.07215002900920808
WTM-NN,125,tm,72.72999999999999,0.31551987199054565,0.06517847299983259
WTM-NN,126,tm,73.02,0.3266693710029358,0.06664943500072695
WTM-NN,127,tm,73.57000000000001,0.32481753898900934,0.06520609599829186
WTM-NN,128,tm,71.89999999999999,0.30747742200037464,0.06514635699568316
WTM-NN,129,tm,73.22999999999999,0.30626542400568724,0.06732778598961886
WTM-NN,130,tm,72.06,0.3046287290053442,0.06550483500177506
WTM-NN,131,tm,73.92,0.3243862880044617,0.06693749899568502
WTM-NN,132,tm,74.75,0.31419625200214796,0.06647174099634867
WTM-NN,133,tm,72.71,0.31127806899894495,0.06686034800077323
WTM-NN,134,tm,74.06,0.3158415780053474,0.06507842199061997
WTM-NN,135,tm,71.41999999999999,0.32172675400215667,0.06571070999780204
WTM-NN,136,tm,71.71,0.31737673599855043,0.06678289799310733
WTM-NN,137,tm,70.00999999999999,0.3136385149991838,0.06501865999598522
WTM-NN,138,tm,71.1,0.3175242680008523,0.06574368599103764
WTM-NN,139,tm,74.08,0.3124028299935162,0.06509885100240353
WTM-NN,140,tm,73.75,0.30966097899363376,0.06598097599635366
WTM-NN,141,tm,73.24000000000001,0.31447304399625864,0.06668124999850988
WTM-NN,142,tm,70.46,0.313221844000509,0.06633937600417994
WTM-NN,143,tm,70.24000000000001,0.32175295999331865,0.0652140390011482
WTM-NN,144,tm,73.89,0.3136267490044702,0.0665683200058993
WTM-NN,145,tm,73.8,0.31558190599025693,0.06672307399276178
WTM-NN,146,tm,74.26,0.31663070899958257,0.06538945800275542
WTM-NN,147,tm,71.52,0.30975914899318013,0.069121295993682
WTM-NN,148,tm,70.74000000000001,0.31528577899734955,0.06803631399816368
WTM-NN,149,tm,73.99,0.32103384599031415,0.06271524299518205
WTM-NN,150,tm,73.38,0.32194025500211865,0.06629860500106588
WTM-NN,151,nn,79.03,0.21852922700054478,0.0690302459988743
WTM-NN,152,nn,79.52,0.21651963799376972,0.06872710499737877
WTM-NN,153,nn,79.65,0.21186127499095164,0.06821914500324056
WTM-NN,154,nn,80.05,0.24495181599922944,0.06876013799046632
WTM-NN,155,nn,80.15,0.19613066800229717,0.0689156250009546
WTM-NN,156,nn,80.15,0.19651960699411575,0.06926315199234523
WTM-NN,157,nn,80.03,0.19678943099279422,0.06764678600302432
WTM-NN,158,nn,80.03,0.24458655600028578,0.06866895798884798
WTM-NN,159,nn,80.05,0.19300511000619736,0.0675884189986391
WTM-NN,160,nn,79.96,0.19632483599707484,0.06870733400864992
WTM-NN,161,nn,80.01,0.19875719500123523,0.06736270399414934
WTM-NN,162,nn,80.12,0.2568090790009592,0.06788440600212198
WTM-NN,163,nn,80.04,0.195184091993724,0.06851731799542904
WTM-NN,164,nn,80.04,0.20502682300866581,0.06732445300440304
WTM-NN,165,nn,80.08,0.2008649810013594,0.0689529679948464
WTM-NN,166,nn,79.97,0.2186914140038425,0.06768182800442446
WTM-NN,167,nn,80.15,0.2654832589905709,0.06844709601136856
WTM-NN,168,nn,80.17,0.20064122999610845,0.06785811998997815
WTM-NN,169,nn,80.16,0.1935022410034435,0.06840104699949734
WTM-NN,170,nn,80.02,0.19401140300033148,0.06830950299627148
WTM-NN,171,nn,80.07,0.24644792199251242,0.06810249100090005
WTM-NN,172,nn,80.27,0.2015637379954569,0.06713374600803945
WTM-NN,173,nn,80.11,0.2175342870032182,0.06464242699439637
WTM-NN,174,nn,80.17999999999999,0.2103455379983643,0.0680141869961517
WTM-NN,175,nn,80.22,0.2702019400021527,0.06472511500760447
WTM-NN,176,nn,80.31,0.2170311290101381,0.06415087400819175
WTM-NN,177,nn,80.28,0.21749132200784516,0.06788549500925001
WTM-NN,178,nn,80.33,0.2188771649962291,0.06773527798941359
WTM-NN,179,nn,80.24,0.268996191007318,0.06768009399820585
WTM-NN,180,nn,80.27,0.21428928199748043,0.06843082900741138
WTM-NN,181,nn,80.30000000000001,0.19151670100109186,0.06672269100090489
WTM-NN,182,nn,80.2,0.19798592699225992,0.06657141899631824
WTM-NN,183,nn,80.32000000000001,0.19351934098813217,0.06699098899844103
WTM-NN,184,nn,80.42,0.2449461449868977,0.06803337400197051
WTM-NN,185,nn,80.42,0.19585284100321587,0.06895468299626373
WTM-NN,186,nn,80.42,0.20501320601033513,0.06765249599993695
WTM-NN,187,nn,80.55,0.19427264700061642,0.06750273099169135
WTM-NN,188,nn,80.41,0.25645078299567103,0.06739590599318035
WTM-NN,189,nn,80.45,0.20864951900148299,0.06763902500097174
WTM-NN,190,nn,80.33,0.19599039798777085,0.06781361700268462
WTM-NN,191,nn,80.65,0.2181000970012974,0.06573413099977188
WTM-NN,192,nn,80.36999999999999,0.27544929600844625,0.06784575300116558
WTM-NN,193,nn,80.75,0.2205005279975012,0.06777013499231543
WTM-NN,194,nn,80.43,0.21629134500108194,0.06701496599998791
WTM-NN,195,nn,80.42,0.2199310029973276,0.0692043070012005
WTM-NN,196,nn,80.43,0.19760872100596316,0.06801777299551759
WTM-NN,197,nn,80.58999999999999,0.2497536089940695,0.06830615800572559
WTM-NN,198,nn,80.44,0.19306056598725263,0.06748583499575034
WTM-NN,199,nn,80.51,0.19517628499306738,0.06891426700167358
WTM-NN,200,nn,80.43,0.19430607500544284,0.06758425600128248
WTM-NN,201,nn,80.43,0.24474808500963263,0.06815672000811901
WTM-NN,202,nn,80.45,0.193608403991675,0.0673992219963111
WTM-NN,203,nn,80.42,0.2019609529961599,0.0639188670029398
WTM-NN,204,nn,80.52,0.19837838401144836,0.06776627000363078
WTM-NN,205,nn,80.55,0.24466094899980817,0.0639139429986244
WTM-NN,206,nn,80.42,0.19408729700080585,0.06752959599543829
WTM-NN,207,nn,80.47,0.19669573499413673,0.06765329500194639
WTM-NN,208,nn,80.57,0.19338769899331965,0.06770946900360286
WTM-NN,209,nn,80.43,0.2678094250004506,0.06550692200835329
WTM-NN,210,nn,80.36,0.2131411680020392,0.06613618199480698
WTM-NN,211,nn,80.47,0.2179959979985142,0.06967171700671315
WTM-NN,212,nn,80.58,0.21889208200445864,0.06624842200835701
WTM-NN,213,nn,80.53,0.20043475700367708,0.0639437609934248
WTM-NN,214,nn,80.57,0.2612386830005562,0.06780690999585204
WTM-NN,215,nn,80.52,0.2178794899955392,0.0683861639990937
WTM-NN,216,nn,80.66,0.2164262449950911,0.06484249200730119
WTM-NN,217,nn,80.47,0.20234636899840552,0.06793897299212404
WTM-NN,218,nn,80.5,0.2575079789967276,0.06478851000429131
WTM-NN,219,nn,80.42,0.19809504599834327,0.06682221998926252
WTM-NN,220,nn,80.47999999999999,0.19425788198714145,0.06724797400238458
WTM-NN,221,nn,80.76,0.19579147698823363,0.06769095100753475
WTM-NN,222,nn,80.51,0.24489114301104564,0.06752233998849988
WTM-NN,223,nn,80.5,0.19443418699665926,0.06853596199653111
WTM-NN,224,nn,80.38,0.19586350499594118,0.06692395600839518
WTM-NN,225,nn,80.58999999999999,0.1942148649977753,0.06747854300192557
WTM-NN,226,nn,80.58,0.19529407400113996,0.06738141099049244
WTM-NN,227,nn,80.39,0.24749229999724776,0.06712187500670552
WTM-NN,228,nn,80.53,0.19580545999633614,0.06819940499553923
WTM-NN,229,nn,80.46,0.19536295800935477,0.06352587600122206
WTM-NN,230,nn,80.38,0.19366699599777348,0.06367854500422254
WTM-NN,231,nn,80.47999999999999,0.2467583929974353,0.06557331200747285
WTM-NN,232,nn,80.55,0.19672878499841318,0.06472960200335365
WTM-NN,233,nn,80.53,0.19393641100032255,0.0678401409968501
WTM-NN,234,nn,80.45,0.19851117000507656,0.06789207800466102
WTM-NN,235,nn,80.49,0.24788294899917673,0.06781553900509607
WTM-NN,236,nn,80.69,0.19540308899013326,0.06730747999972664
WTM-NN,237,nn,80.27,0.1944457270001294,0.06768229699810036
WTM-NN,238,nn,80.53,0.19449773999804165,0.06832853100786451
WTM-NN,239,nn,80.36999999999999,0.24852720300259534,0.06704839100711979
WTM-NN,240,nn,80.58,0.19397116400068626,0.06773730499844532
WTM-NN,241,nn,80.58999999999999,0.21233341499464586,0.06802154600154608
WTM-NN,242,nn,80.58999999999999,0.21729475099709816,0.06793427799129859
WTM-NN,243,nn,80.52,0.21022084100695793,0.06761577499855775
WTM-NN,244,nn,80.4,0.26969721900240984,0.06886540200503077
WTM-NN,245,nn,80.38,0.21854561900545377,0.06758291699225083
WTM-NN,246,nn,80.67,0.20286528900032863,0.06890369299799204
WTM-NN,247,nn,80.42,0.21879576100036502,0.06833960600488354
WTM-NN,248,nn,80.49,0.2707207249914063,0.06778466800460592
WTM-NN,249,nn,80.69,0.21570479100046214,0.06752947100903839
WTM-NN,250,nn,80.46,0.21918207699491177,0.06641286000376567
WTM-NN,251,nn,80.82000000000001,0.2184879690030357,0.06713732099160552
WTM-NN,252,nn,80.31,0.24897451300057583,0.06574012400233187
WTM-NN,253,nn,80.67,0.19754023100540508,0.0651515870122239
WTM-NN,254,nn,80.65,0.21889584699238185,0.06739729200489819
WTM-NN,255,nn,80.66,0.21825955499662086,0.0675934140017489
WTM-NN,256,nn,80.47999999999999,0.2168073449865915,0.0672395480069099
WTM-NN,257,nn,80.49,0.26900094700977206,0.06651264100219123
WTM-NN,258,nn,80.60000000000001,0.2168984210002236,0.06606601100065745
WTM-NN,259,nn,80.62,0.2183070780010894,0.06789199500053655
WTM-NN,260,nn,80.60000000000001,0.21992715100350324,0.06731272699835245
WTM-NN,261,nn,80.39,0.2509242000087397,0.0673115640092874
WTM-NN,262,nn,80.67,0.19878468099341262,0.06948263100639451
WTM-NN,263,nn,80.69,0.19633084299857728,0.06598734500585124
WTM-NN,264,nn,80.41,0.19937812600983307,0.06821436699829064
WTM-NN,265,nn,80.62,0.2683842060068855,0.06906274700304493
WTM-NN,266,nn,80.54,0.19578827600344084,0.06859011699270923
WTM-NN,267,nn,80.53,0.19812383699172642,0.06540729200060014
WTM-NN,268,nn,80.32000000000001,0.1933281459932914,0.06650659699516837
WTM-NN,269,nn,80.67999999999999,0.24363381399598438,0.06688030099030584
WTM-NN,270,nn,80.61,0.20118090699543245,0.06370593699102756
WTM-NN,271,nn,80.67,0.19584635300270747,0.0678303099994082
WTM-NN,272,nn,80.57,0.19490272899565753,0.0676568469934864
WTM-NN,273,nn,80.42,0.1944257379946066,0.06566809299692977
WTM-NN,274,nn,80.53,0.24679989900323562,0.06723191900528036
WTM-NN,275,nn,80.49,0.19558088699704967,0.06820587499532849
WTM-NN,276,nn,80.36999999999999,0.19451327399292495,0.06854051699338015
WTM-NN,277,nn,80.56,0.19670175299688708,0.06757628500054125
WTM-NN,278,nn,80.5,0.2479845029884018,0.0682054019998759
WTM-NN,279,nn,80.47,0.19284004799555987,0.06846467300783843
WTM-NN,280,nn,80.55,0.20595540500653442,0.06790172299952246
WTM-NN,281,nn,80.56,0.1970316699880641,0.06718418099626433
WTM-NN,282,nn,80.56,0.24655827500100713,0.06742632000532467
WTM-NN,283,nn,80.52,0.1937241519917734,0.06896358499943744
WTM-NN,284,nn,80.55,0.1954972550011007,0.06909127600374632
WTM-NN,285,nn,80.56,0.20187549099500757,0.06700432898651343
WTM-NN,286,nn,80.5,0.24465799200697802,0.06764211099653039
WTM-NN,287,nn,80.49,0.19370504799007904,0.06844498499413021
WTM-NN,288,nn,80.47,0.20041921400115825,0.06789734000631142
WTM-NN,289,nn,80.43,0.19432043000415433,0.06793667399324477
WTM-NN,290,nn,80.52,0.1941660949960351,0.06803594800294377
WTM-NN,291,nn,80.58999999999999,0.2455829399987124,0.06821601100091357
WTM-NN,292,nn,80.41,0.19960154399450403,0.06818740098970011
WTM-NN,293,nn,80.57,0.19616270798724145,0.06835335798677988
WTM-NN,294,nn,80.52,0.19295738299842924,0.0666247100016335
WTM-NN,295,nn,80.45,0.2438657109887572,0.06858347599336412
WTM-NN,296,nn,80.55,0.19765295699471608,0.06376656499924138
WTM-NN,297,nn,80.60000000000001,0.19370886600518133,0.068549615010852
WTM-NN,298,nn,80.42,0.1976954480051063,0.06841048599744681
WTM-NN,299,nn,80.60000000000001,0.24708681101037655,0.06715988999349065
WTM-NN,300,nn,80.61,0.19836903898976743,0.06752257100015413
WTM-NN,301,nn,80.5,0.1937605159910163,0.0671571330021834
WTM-NN,302,nn,80.54,0.19742110300285276,0.06845847099612001
WTM-NN,303,nn,80.34,0.1972052060009446,0.06750141798693221
WTM-NN,304,nn,80.44,0.24517673200170975,0.0674976570007857
WTM-NN,305,nn,80.43,0.19367439699999522,0.06981205199554097
WTM-NN,306,nn,80.46,0.1952112550061429,0.0686818870017305
WTM-NN,307,nn,80.47999999999999,0.20081230900541414,0.0677795219962718
WTM-NN,308,nn,80.53,0.24594117900414858,0.0677150459960103
WTM-NN,309,nn,80.56,0.1951015520025976,0.06582453798910137
WTM-NN,310,nn,80.62,0.20116571499966085,0.06900268499157391
WTM-NN,311,nn,80.53,0.194140719002462,0.0675094909965992
WTM-NN,312,nn,80.61,0.2442746799933957,0.06759973199223168
WTM-NN,313,nn,80.47,0.1939178860047832,0.06846050600870512
WTM-NN,314,nn,80.53,0.1963278809998883,0.06853081200097222
WTM-NN,315,nn,80.62,0.19522142499045003,0.06758181899203919
WTM-NN,316,nn,80.39,0.19554657700064126,0.06766575400251895
WTM-NN,317,nn,80.45,0.24511220800923184,0.06526742200367153
WTM-NN,318,nn,80.45,0.1958492859994294,0.06632460500986781
WTM-NN,319,nn,80.56,0.19415867699717637,0.06758079399878625
WTM-NN,320,nn,80.51,0.20047080900985748,0.06580474600195885
WTM-NN,321,nn,80.63,0.24826868499803822,0.06755751399032306
WTM-NN,322,nn,80.52,0.1983441330085043,0.06651976899593137
WTM-NN,323,nn,80.49,0.19540338900696952,0.0676973090012325
WTM-NN,324,nn,80.55,0.2067117650003638,0.06881808600155637
WTM-NN,325,nn,80.4,0.26458397100213915,0.06711332600389142
WTM-NN,326,nn,80.58,0.20100924700091127,0.06869538899627514
WTM-NN,327,nn,80.62,0.19432483900163788,0.06738576400675811
WTM-NN,328,nn,80.42,0.19628039101371542,0.06537245599611197
WTM-NN,329,nn,80.39,0.25096612100605853,0.06803765200311318
WTM-NN,330,nn,80.52,0.19969132301048376,0.06694345700088888
WTM-NN,331,nn,80.45,0.19432121999852825,0.06712982000317425
WTM-NN,332,nn,80.62,0.21848608100845013,0.06760873399616685
WTM-NN,333,nn,80.43,0.2154056059953291,0.06688352300261613
WTM-NN,334,nn,80.47,0.2549266159912804,0.06830143499246333
WTM-NN,335,nn,80.4,0.19669701800739858,0.06828763699741103
WTM-NN,336,nn,80.42,0.2192820680065779,0.06988640299823601
WTM-NN,337,nn,80.23,0.19526332200621255,0.0644512319995556
WTM-NN,338,nn,80.53,0.25005709899414796,0.066417702997569
WTM-NN,339,nn,80.71000000000001,0.20018966399948113,0.06784525400144048
WTM-NN,340,nn,80.27,0.21960377899813466,0.06725976000598166
WTM-NN,341,nn,80.47999999999999,0.21999833300651517,0.0679624030017294
WTM-NN,342,nn,80.33,0.26909302799322177,0.0678705290047219
WTM-NN,343,nn,80.54,0.19984790500893723,0.0669140930112917
WTM-NN,344,nn,80.53,0.22362301401153672,0.06797826400725171
WTM-NN,345,nn,80.60000000000001,0.2046245070087025,0.06789721199311316
WTM-NN,346,nn,80.53,0.22054164099972695,0.06900061400665436
WTM-NN,347,nn,80.5,0.26477401101146825,0.06674337499134708
WTM-NN,348,nn,80.58,0.21918518000165932,0.06780789801268838
WTM-NN,349,nn,80.56,0.21709887900215108,0.06794584699673578
WTM-NN,350,nn,80.52,0.21693699600291438,0.06731760399998166
WTM-NN,351,nn,80.51,0.26632381200033706,0.06982364600116853
WTM-NN,352,nn,80.47999999999999,0.19337347599503119,0.0675378399901092
WTM-NN,353,nn,80.46,0.2003913679945981,0.06840746299712919
WTM-NN,354,nn,80.47,0.2175662649970036,0.06524173798970878
WTM-NN,355,nn,80.58999999999999,0.2708903180027846,0.06625764099590015
WTM-NN,356,nn,80.62,0.21264390500437003,0.06518413200683426
WTM-NN,357,nn,80.47999999999999,0.21538091999536846,0.06669120499282144
WTM-NN,358,nn,80.27,0.2018657919979887,0.06908925499010365
WTM-NN,359,nn,80.44,0.27087882498744875,0.06536598199454602
WTM-NN,360,nn,80.39,0.19726438100042287,0.06768609800201375
WTM-NN,361,nn,80.32000000000001,0.1963070570054697,0.06754950800677761
WTM-NN,362,nn,80.67,0.21931822200713214,0.06725064500642475
WTM-NN,363,nn,80.35,0.21667463300400414,0.06821874299203046
WTM-NN,364,nn,80.65,0.2680510649952339,0.06721174000995234
WTM-NN,365,nn,80.38,0.20538382299127989,0.06799976600450464
WTM-NN,366,nn,80.55,0.2182195390050765,0.06380635099776555
WTM-NN,367,nn,80.67,0.19621565700799692,0.0682368160050828
WTM-NN,368,nn,80.53,0.262230191990966,0.06605331099126488
WTM-NN,369,nn,80.51,0.2069653710059356,0.06792462099110708
WTM-NN,370,nn,80.45,0.19708894200448412,0.06629188399529085
WTM-NN,371,nn,80.35,0.19782040899735875,0.06788747999235056
WTM-NN,372,nn,80.53,0.27010775401140563,0.06648778800445143
WTM-NN,373,nn,80.54,0.21752075900440104,0.06651203701039776
WTM-NN,374,nn,80.45,0.1938788349943934,0.06699401799414773
WTM-NN,375,nn,80.55,0.2150810029997956,0.06844985501084011
WTM-NN,376,nn,80.49,0.26845375800621696,0.06775737499992829
WTM-NN,377,nn,80.56,0.20837066500098445,0.06784088000131305
WTM-NN,378,nn,80.31,0.21690382999076974,0.06787332700332627
WTM-NN,379,nn,80.38,0.21116552900639363,0.06586371699813753
WTM-NN,380,nn,80.38,0.21615057600138243,0.06826658399950247
WTM-NN,381,nn,80.44,0.24585719501192216,0.06642123400524724
WTM-NN,382,nn,80.32000000000001,0.1995583680109121,0.06548400799511
WTM-NN,383,nn,80.67999999999999,0.1986576859926572,0.06720086699351668
WTM-NN,384,nn,80.49,0.19960421900032088,0.06833360200107563
WTM-NN,385,nn,80.45,0.24671374401077628,0.06716784200398251
WTM-NN,386,nn,80.5,0.20141089899698272,0.06558827900153119
WTM-NN,387,nn,80.55,0.19456706500204746,0.06749156399746425
WTM-NN,388,nn,80.4,0.19978476299729664,0.06656758800090756
WTM-NN,389,nn,80.55,0.2439554229931673,0.06736589700449258
WTM-NN,390,nn,80.33,0.197179883994977,0.06752497800334822
WTM-NN,391,nn,80.46,0.19499258500582073,0.06751482699473854
WTM-NN,392,nn,80.47,0.19465853500878438,0.06791899699601345
WTM-NN,393,nn,80.42,0.19338977499864995,0.0668072230037069
WTM-NN,394,nn,80.7,0.24936732101195958,0.06829921899770852
WTM-NN,395,nn,80.58,0.20048425100685563,0.06780764399445616
WTM-NN,396,nn,80.45,0.19224930899508763,0.0668238090001978
WTM-NN,397,nn,80.43,0.192952814992168,0.06703997000295203
WTM-NN,398,nn,80.62,0.24571622000075877,0.0644294919911772
WTM-NN,399,nn,80.45,0.19659692599088885,0.06706735900661442
WTM-NN,400,nn,80.65,0.21571227700042073,0.06822492799255997
WTM-NN,401,nn,80.47,0.2149794549914077,0.068814778001979
WTM-NN,402,nn,80.51,0.26060951899853535,0.06872644400573336
WTM-NN,403,nn,80.36,0.2191711449995637,0.06856472199433483
WTM-NN,404,nn,80.38,0.20308475800266024,0.06788264100032393
WTM-NN,405,nn,80.58,0.2188712440110976,0.06741308601340279
WTM-NN,406,nn,80.47999999999999,0.24729403799574357,0.06628884800011292
WTM-NN,407,nn,80.5,0.21866944700013846,0.06744516700564418
WTM-NN,408,nn,80.47999999999999,0.21739195998816285,0.06658748300105799
WTM-NN,409,nn,80.4,0.20023642999876756,0.06892372498987243
WTM-NN,410,nn,80.55,0.21920032300113235,0.06688141899940092
WTM-NN,411,nn,80.47,0.2513884660002077,0.06857836998824496
WTM-NN,412,nn,80.58999999999999,0.21025977400131524,0.06841668000561185
WTM-NN,413,nn,80.52,0.2177600549912313,0.06726123600674327
WTM-NN,414,nn,80.4,0.21657564799534157,0.0674213620077353
WTM-NN,415,nn,80.47999999999999,0.26754010100557934,0.06661634201009292
WTM-NN,416,nn,80.5,0.20071056298911572,0.06677090600715019
WTM-NN,417,nn,80.56,0.21834398699866142,0.06684621299791615
WTM-NN,418,nn,80.45,0.21663257699401584,0.06717490500886925
WTM-NN,419,nn,80.44,0.27011357599985786,0.06793752600788139
WTM-NN,420,nn,80.72,0.2174287679954432,0.06734922000032384
WTM-NN,421,nn,80.5,0.20823651399405207,0.06845851198886521
WTM-NN,422,nn,80.73,0.20048496501112822,0.06714864500099793
WTM-NN,423,nn,80.62,0.2041805720073171,0.06788025901187211
WTM-NN,424,nn,80.41,0.24878729599004146,0.06728621300135273
WTM-NN,425,nn,80.51,0.2052814170019701,0.06765321199782193
WTM-NN,426,nn,80.47999999999999,0.19801177800400183,0.0687867240048945
WTM-NN,427,nn,80.36999999999999,0.19573139600106515,0.0675170030008303
WTM-NN,428,nn,80.30000000000001,0.2453321280045202,0.06665383999643382
WTM-NN,429,nn,80.62,0.19759232499927748,0.0675473309966037
WTM-NN,430,nn,80.56,0.2131204070028616,0.06757331200060435
WTM-NN,431,nn,80.63,0.19513832801021636,0.06762975901074242
WTM-NN,432,nn,80.49,0.27019549800024834,0.06850516100530513
WTM-NN,433,nn,80.69,0.2195681150042219,0.06768944600480609
WTM-NN,434,nn,80.66,0.1960330230067484,0.06752773599873763
WTM-NN,435,nn,80.55,0.1944393760059029,0.06690415700722951
WTM-NN,436,nn,80.44,0.2702820599952247,0.06821022099757101
WTM-NN,437,nn,80.36,0.20947521699417848,0.06836015700537246
WTM-NN,438,nn,80.49,0.21956388800754212,0.06810284800303634
WTM-NN,439,nn,80.55,0.21870806500373874,0.06849683298787568
WTM-NN,440,nn,80.41,0.21901317499578,0.06790014301077463
WTM-NN,441,nn,80.38,0.24697178199130576,0.06751172599615529
WTM-NN,442,nn,80.43,0.22431276499992236,0.06780683201213833
WTM-NN,443,nn,80.51,0.21618002900504507,0.06828371499432251
WTM-NN,444,nn,80.67,0.20221496099838987,0.06823783899017144
WTM-NN,445,nn,80.60000000000001,0.2684823460003827,0.06836953299352899
WTM-NN,446,nn,80.63,0.21848945299279876,0.06612326399772428
WTM-NN,447,nn,80.56,0.1964465890050633,0.06548478698823601
WTM-NN,448,nn,80.47,0.19615269200585317,0.06708344399521593
WTM-NN,449,nn,80.64,0.2448696089995792,0.066172994003864
WTM-NN,450,nn,80.60000000000001,0.19700377200206276,0.06837317100143991
WTM-NN,451,nn,80.58,0.19737861900648568,0.06514638400403783
WTM-NN,452,nn,80.49,0.20363472300232388,0.06695178500376642
WTM-NN,453,nn,80.58999999999999,0.24414651199185755,0.0676392930035945
WTM-NN,454,nn,80.35,0.22174173199164215,0.06896524300100282
WTM-NN,455,nn,80.44,0.19431775600241963,0.06616673398821149
WTM-NN,456,nn,80.64,0.20889955099846702,0.0648055000056047
WTM-NN,457,nn,80.28,0.21818456098844763,0.06737359300313983
WTM-NN,458,nn,80.56,0.255357478003134,0.06787512500886805
WTM-NN,459,nn,80.25,0.19557711499510333,0.06605548500374425
WTM-NN,460,nn,80.49,0.20768666600633878,0.06849195799441077
WTM-NN,461,nn,80.73,0.21911629600799643,0.0666965239943238
WTM-NN,462,nn,80.55,0.2567012890067417,0.06665492600586731
WTM-NN,463,nn,80.39,0.2198633559892187,0.06545607300358824
WTM-NN,464,nn,80.47999999999999,0.21822855100617744,0.06836016599845607
WTM-NN,465,nn,80.5,0.2098604390048422,0.06731547700474039
WTM-NN,466,nn,80.52,0.26636820400017314,0.06736524000007194
WTM-NN,467,nn,80.36,0.21714226600306574,0.06571116400300525
WTM-NN,468,nn,80.54,0.21727332701266278,0.06877356200129725
WTM-NN,469,nn,80.34,0.21713557999464683,0.06751104899740312
WTM-NN,470,nn,80.52,0.26757808300317265,0.06761710101272911
WTM-NN,471,nn,80.43,0.21535192799638025,0.06702171100187115
WTM-NN,472,nn,80.5,0.20556574300280772,0.06748274200072046
WTM-NN,473,nn,80.44,0.21126140300475527,0.0670353850000538
WTM-NN,474,nn,80.47999999999999,0.21746123599587008,0.06768167798873037
WTM-NN,475,nn,80.64,0.2649613340036012,0.06880888500018045
WTM-NN,476,nn,80.42,0.2178272780001862,0.06612794000830036
WTM-NN,477,nn,80.58999999999999,0.2167859449982643,0.06712004799919669
WTM-NN,478,nn,80.46,0.21602713399624918,0.06881298100051936
WTM-NN,479,nn,80.60000000000001,0.257410186008201,0.06636319500103127
WTM-NN,480,nn,80.46,0.215501177997794,0.06713599499198608
WTM-NN,481,nn,80.36999999999999,0.19363957199675497,0.06848239499959163
WTM-NN,482,nn,80.43,0.19727172100101598,0.06812912599707488
WTM-NN,483,nn,80.53,0.24386653600959107,0.06838968300144188
WTM-NN,484,nn,80.49,0.1942653989972314,0.068573896001908
WTM-NN,485,nn,80.61,0.19398702899343334,0.06867316400166601
WTM-NN,486,nn,80.46,0.20127681799931452,0.06828257499728352
WTM-NN,487,nn,80.49,0.21666909000487067,0.06906720300321467
WTM-NN,488,nn,80.52,0.2483895829936955,0.06735191500047222
WTM-NN,489,nn,80.42,0.21572905300126877,0.06788723799400032
WTM-NN,490,nn,80.45,0.21660301700467244,0.06850374300847761
WTM-NN,491,nn,80.54,0.2202169959928142,0.06731940699683037
WTM-NN,492,nn,80.33,0.26855098400847055,0.06580903999565635
WTM-NN,493,nn,80.42,0.19570277399907354,0.06730262699420564
WTM-NN,494,nn,80.47,0.21905178199813236,0.06930472201202065
WTM-NN,495,nn,80.55,0.1947487100114813,0.06747830999665894
WTM-NN,496,nn,80.47,0.24903488300333265,0.06749221099016722
WTM-NN,497,nn,80.67999999999999,0.19451887600007467,0.06752441299613565
WTM-NN,498,nn,80.54,0.19370182800048497,0.06759467000665609
WTM-NN,499,nn,80.33,0.1949488569953246,0.06725686999561731
WTM-NN,500,nn,80.51,0.2821830479952041,0.06838797399541363
UTM-NN,1,tm,63.99,0.6394142170029227,0.07058357400819659
UTM-NN,2,tm,65.02,0.5896556869993219,0.07310742100526113
UTM-NN,3,tm,65.61,0.5831104179960676,0.0719831900059944
UTM-NN,4,tm,66.73,0.5774793250020593,0.07101644399517681
UTM-NN,5,tm,66.57,0.5778845749882748,0.0743941190012265
UTM-NN,6,tm,66.22,0.576958112011198,0.07112415999290533
UTM-NN,7,tm,67.09,0.566507907002233,0.07224597000458743
UTM-NN,8,tm,66.81,0.5705114219890675,0.07252648200665135
UTM-NN,9,tm,66.51,0.5650559219939169,0.07031327699951362
UTM-NN,10,tm,67.35,0.5624743240041425,0.07286631400347687
UTM-NN,11,tm,67.11,0.5733980149962008,0.0703545089927502
UTM-NN,12,tm,67.19000000000001,0.5686289979930734,0.07352537900442258
UTM-NN,13,tm,67.32000000000001,0.5685775190067943,0.07297901500714943
UTM-NN,14,tm,67.06,0.5766096040024422,0.07209948200033978
UTM-NN,15,tm,66.97999999999999,0.569421855994733,0.07116787100676447
UTM-NN,16,tm,67.56,0.5647341290023178,0.07499942000140436
UTM-NN,17,tm,67.45,0.5661796659987886,0.0734694459970342
UTM-NN,18,tm,67.47999999999999,0.5607972829893697,0.07212058000732213
UTM-NN,19,tm,67.41,0.5558169239957351,0.07302412900025956
UTM-NN,20,tm,67.75,0.5616777289978927,0.07053763399017043
UTM-NN,21,tm,67.69,0.554957286993158,0.0727021339989733
UTM-NN,22,tm,67.81,0.5625166589888977,0.07276669600105379
UTM-NN,23,tm,67.44,0.5696505219966639,0.07795508700655773
UTM-NN,24,tm,67.30000000000001,0.5621471099875635,0.07268324699543882
UTM-NN,25,tm,67.47,0.5600166099902708,0.06926738300535362
UTM-NN,26,tm,67.17,0.5647019300085958,0.07080376900557894
UTM-NN,27,tm,67.47,0.5804445719986688,0.07121558400103822
UTM-NN,28,tm,67.62,0.5499220420024358,0.07148177300405223
UTM-NN,29,tm,67.61,0.553597862002789,0.07177638199937064
UTM-NN,30,tm,67.75999999999999,0.5557464479934424,0.06930005700269248
UTM-NN,31,tm,67.92,0.5645505190041149,0.07137137500103563
UTM-NN,32,tm,67.77,0.5534399489988573,0.07119890600733925
UTM-NN,33,tm,67.44,0.5521689570014132,0.07150317600462586
UTM-NN,34,tm,67.22,0.547121199007961,0.07262854899454396
UTM-NN,35,tm,67.83,0.54883958400751,0.07443865100503899
UTM-NN,36,tm,67.85,0.5615012700000079,0.07434006800758652
UTM-NN,37,tm,67.53,0.5566708709957311,0.0734411749872379
UTM-NN,38,tm,67.80000000000001,0.5594802749983501,0.07294591100071557
UTM-NN,39,tm,67.71000000000001,0.5643782330007525,0.07240483300120104
UTM-NN,40,tm,68.0,0.557379083998967,0.07245980900188442
UTM-NN,41,tm,68.01,0.5635472720023245,0.07406197799718939
UTM-NN,42,tm,68.04,0.560537919998751,0.07279051099612843
UTM-NN,43,tm,68.17,0.5576482869946631,0.07259668600454461
UTM-NN,44,tm,68.22,0.5620651189965429,0.07137694499397185
UTM-NN,45,tm,68.17,0.5612532220111461,0.07332744900486432
UTM-NN,46,tm,68.08999999999999,0.5577202669956023,0.0705879909946816
UTM-NN,47,tm,67.81,0.5370702149957651,0.07168128900229931
UTM-NN,48,tm,67.73,0.5557563189940993,0.07311312800447922
UTM-NN,49,tm,68.14,0.5621739459893433,0.07171030300378334
UTM-NN,50,tm,68.23,0.571069420009735,0.07224881098954938
UTM-NN,51,tm,67.95,0.5582838819973404,0.07150210099644028
UTM-NN,52,tm,68.11,0.5525673410011223,0.0726587529934477
UTM-NN,53,tm,67.86,0.5571648719924269,0.07250131899490952
UTM-NN,54,tm,68.24,0.5495013469917467,0.07439353701192886
UTM-NN,55,tm,68.04,0.56955745400046,0.0707970799994655
UTM-NN,56,tm,67.9,0.5638494869926944,0.0723441120062489
UTM-NN,57,tm,68.27,0.5425498100084951,0.07169495600101072
UTM-NN,58,tm,68.10000000000001,0.5542703370010713,0.07912886100530159
UTM-NN,59,tm,67.99,0.509721370995976,0.07294123200699687
UTM-NN,60,tm,67.88,0.5554629700054647,0.07376748899696395
UTM-NN,61,tm,67.96,0.5634627500112401,0.07815901200228836
UTM-NN,62,tm,68.08999999999999,0.5792774510046002,0.07089723300305195
UTM-NN,63,tm,67.80000000000001,0.5495740079932148,0.07173056699684821
UTM-NN,64,tm,68.10000000000001,0.5544890199962538,0.07353454799158499
UTM-NN,65,tm,67.91,0.5493198350013699,0.07345414099108893
UTM-NN,66,tm,68.02,0.5612178059964208,0.07008566800504923
UTM-NN,67,tm,68.15,0.5481206660042517,0.07376089900208171
UTM-NN,68,tm,68.58999999999999,0.548009115998866,0.0726956589933252
UTM-NN,69,tm,68.43,0.5599591030040756,0.07389832999615464
UTM-NN,70,tm,67.97,0.5592335889959941,0.07171058800304309
UTM-NN,71,tm,68.05,0.5615679869952146,0.07304625598771963
UTM-NN,72,tm,68.17999999999999,0.555116748000728,0.07324038300430402
UTM-NN,73,tm,68.49,0.5615663210046478,0.0726329619938042
UTM-NN,74,tm,68.41000000000001,0.5631113669951446,0.0712090439919848
UTM-NN,75,tm,68.05,0.5633342180080945,0.07252735400106758
UTM-NN,76,tm,67.63,0.552879559007124,0.070401799006504
UTM-NN,77,tm,67.94,0.5507182639994426,0.0714765879965853
UTM-NN,78,tm,67.81,0.5554826640000101,0.07364650399540551
UTM-NN,79,tm,68.21000000000001,0.5653679919923889,0.0732400039996719
UTM-NN,80,tm,68.52000000000001,0.565291746010189,0.07379652898816857
UTM-NN,81,tm,68.47999999999999,0.5624157200072659,0.07317412200791296
UTM-NN,82,tm,68.58,0.5598539450002136,0.07133025000803173
UTM-NN,83,tm,68.74,0.5559758220042568,0.07137287300429307
UTM-NN,84,tm,68.33,0.558016911993036,0.07131482601107564
UTM-NN,85,tm,68.15,0.5542581789923133,0.07382042199606076
UTM-NN,86,tm,67.69,0.5529929159965832,0.06899888798943721
UTM-NN,87,tm,67.69,0.5507570210029371,0.07227345599676482
UTM-NN,88,tm,67.86999999999999,0.5582065789931221,0.07357601600233465
UTM-NN,89,tm,68.4,0.5226096810074523,0.06968103499093559
UTM-NN,90,tm,68.58999999999999,0.5528493119927589,0.07418507299735211
UTM-NN,91,tm,67.89,0.5767300360021181,0.07358335400931537
UTM-NN,92,tm,67.91,0.5451268479955615,0.07081342699530069
UTM-NN,93,tm,68.06,0.5551653830043506,0.07390933799615595
UTM-NN,94,tm,68.06,0.5701313929894241,0.07865450199460611
UTM-NN,95,tm,68.04,0.5595271729980595,0.07436598300409969
UTM-NN,96,tm,68.13,0.5588615189917618,0.07406449801055714
UTM-NN,97,tm,68.06,0.5647730679920642,0.08339730500301812
UTM-NN,98,tm,68.67999999999999,0.5521903269982431,0.07401582499733195
UTM-NN,99,tm,68.58999999999999,0.5676987910119351,0.07417307500145398
UTM-NN,100,tm,68.21000000000001,0.5540174140041927,0.07193428098980803
UTM-NN,101,tm,68.25,0.5399361460004002,0.07130520600185264
UTM-NN,102,tm,68.27,0.5687465730006807,0.07332712000061292
UTM-NN,103,tm,68.08999999999999,0.5574022859946126,0.07346066400350537
UTM-NN,104,tm,68.22,0.5645482709951466,0.0732318939990364
UTM-NN,105,tm,68.07,0.554681202993379,0.07346533398958854
UTM-NN,106,tm,68.24,0.5385207549988991,0.07134299499739427
UTM-NN,107,tm,68.61,0.5562151619960787,0.07096654099586885
UTM-NN,108,tm,68.47999999999999,0.5529874240019126,0.07145811400550883
UTM-NN,109,tm,68.60000000000001,0.5571921819937415,0.06951909100462217
UTM-NN,110,tm,68.53,0.5489936239900999,0.0734411059966078
UTM-NN,111,tm,68.53,0.5561770119966241,0.07332606200361624
UTM-NN,112,tm,68.56,0.5564410889928695,0.07358205399941653
UTM-NN,113,tm,68.39,0.5581701689952752,0.07272311000269838
UTM-NN,114,tm,68.08999999999999,0.5599002450035186,0.07317120699735824
UTM-NN,115,tm,68.08,0.5567857559944969,0.07112440299533773
UTM-NN,116,tm,67.80000000000001,0.5584634219994769,0.07141737200436182
UTM-NN,117,tm,67.58999999999999,0.5608155880036065,0.07455821501207538
UTM-NN,118,tm,67.67999999999999,0.5641934110026341,0.07315220999589656
UTM-NN,119,tm,67.96,0.5532625330088194,0.07321979801054113
UTM-NN,120,tm,67.72,0.5600557299912907,0.07215829299821053
UTM-NN,121,tm,68.06,0.5587337000033585,0.07288766199781094
UTM-NN,122,tm,67.71000000000001,0.5569129319919739,0.07231663999846205
UTM-NN,123,tm,67.96,0.5539695510087768,0.07151763098954689
UTM-NN,124,tm,67.75999999999999,0.5479185650037834,0.07043949600483757
UTM-NN,125,tm,68.01,0.5642520999972476,0.07301808800548315
UTM-NN,126,tm,68.06,0.5624691090051783,0.07368196098832414
UTM-NN,127,tm,68.13,0.5484383259899914,0.07342922298994381
UTM-NN,128,tm,68.32000000000001,0.5545373680070043,0.07083003300067503
UTM-NN,129,tm,67.78,0.5577095549961086,0.07365941400348675
UTM-NN,130,tm,67.71000000000001,0.5490549079986522,0.07226794899906963
UTM-NN,131,tm,67.41,0.5511662829958368,0.07543618799536489
UTM-NN,132,tm,67.58,0.5610826409974834,0.07375378601136617
UTM-NN,133,tm,67.97,0.5654926360002719,0.07393146499816794
UTM-NN,134,tm,68.08999999999999,0.5590602360025514,0.07645630100159906
UTM-NN,135,tm,68.06,0.5564581079961499,0.07093809799698647
UTM-NN,136,tm,68.05,0.5349588749959366,0.07082916199578904
UTM-NN,137,tm,67.78999999999999,0.5541384940006537,0.07264888100326061
UTM-NN,138,tm,67.88,0.561735287992633,0.073814677001792
UTM-NN,139,tm,67.38,0.559188716011704,0.07416618200659286
UTM-NN,140,tm,68.10000000000001,0.5580010039993795,0.0773947599955136
UTM-NN,141,tm,67.61,0.5533418099948904,0.07209753000643104
UTM-NN,142,tm,67.71000000000001,0.5559364119981183,0.07446488800633233
UTM-NN,143,tm,67.67,0.5626468150003348,0.07140405800601002
UTM-NN,144,tm,67.52,0.5481402069999604,0.07148059899918735
UTM-NN,145,tm,67.91,0.557151562999934,0.0742251240008045
UTM-NN,146,tm,67.85,0.5210580379934981,0.07402578499750234
UTM-NN,147,tm,67.91,0.5589537710038712,0.07433601999946404
UTM-NN,148,tm,67.94,0.5556887080019806,0.07251161101157777
UTM-NN,149,tm,67.9,0.5569036469969433,0.07358994901005644
UTM-NN,150,tm,67.83,0.5701619890023721,0.07349467799940612
UTM-NN,151,nn,70.15,0.2045586629974423,0.07540256000356749
UTM-NN,152,nn,70.74000000000001,0.21727408800506964,0.07431531399197411
UTM-NN,153,nn,71.3,0.21776514299563132,0.07558556000003591
UTM-NN,154,nn,71.48,0.218935983008123,0.07112380399485119
UTM-NN,155,nn,71.41,0.26869777400861494,0.07255748599709477
UTM-NN,156,nn,71.39,0.20103414900950156,0.07284980399708729
UTM-NN,157,nn,71.58,0.20109732300625183,0.07381775099202059
UTM-NN,158,nn,71.54,0.21284481399925426,0.07352669000101741
UTM-NN,159,nn,71.61,0.26915344000735786,0.07181538500299212
UTM-NN,160,nn,71.61999999999999,0.21711418901395518,0.07268550399749074
UTM-NN,161,nn,71.56,0.2229491589969257,0.07352854000055231
UTM-NN,162,nn,71.75,0.2163478760048747,0.07450582100136671
UTM-NN,163,nn,71.69,0.26817415800178424,0.07672842500323895
UTM-NN,164,nn,71.66,0.1960951179935364,0.07322172200656496
UTM-NN,165,nn,71.61999999999999,0.21118326499708928,0.07271691899222787
UTM-NN,166,nn,71.69,0.2211279079929227,0.07227565700304694
UTM-NN,167,nn,71.78999999999999,0.219960535003338,0.07636741700116545
UTM-NN,168,nn,71.75,0.2699999370088335,0.07434954401105642
UTM-NN,169,nn,71.76,0.22267748600279447,0.07204483001260087
UTM-NN,170,nn,71.61,0.2180808050034102,0.07367363899538759
UTM-NN,171,nn,71.85000000000001,0.21908636500302237,0.07490726899413858
UTM-NN,172,nn,71.78999999999999,0.26855397000326775,0.07566460400994401
UTM-NN,173,nn,71.63000000000001,0.21757018499192782,0.07570599000609946
UTM-NN,174,nn,71.81,0.2192731450049905,0.07214535899402108
UTM-NN,175,nn,71.78999999999999,0.2032400080061052,0.07255048899969552
UTM-NN,176,nn,71.77,0.26676616800250486,0.07447548500203993
UTM-NN,177,nn,71.82,0.2170216100057587,0.0740587750042323
UTM-NN,178,nn,71.86,0.20216346401139162,0.0753519959980622
UTM-NN,179,nn,71.75,0.2238910809974186,0.07463614399603102
UTM-NN,180,nn,71.76,0.2665924559987616,0.07199473900254816
UTM-NN,181,nn,71.84,0.21975576000113506,0.07666466399678029
UTM-NN,182,nn,71.78,0.21927246000268497,0.07404521400167141
UTM-NN,183,nn,71.75,0.217649675993016,0.07418027200037614
UTM-NN,184,nn,71.83,0.21219064699835144,0.0747792850015685
UTM-NN,185,nn,71.78,0.2677393089979887,0.07201798399910331
UTM-NN,186,nn,71.81,0.19645550499262754,0.07378255799994804
UTM-NN,187,nn,71.72,0.21750655000505503,0.07272518299578223
UTM-NN,188,nn,71.63000000000001,0.20671468200453091,0.07423053399543278
UTM-NN,189,nn,71.77,0.25270022699260153,0.07315260499308351
UTM-NN,190,nn,71.78999999999999,0.22029613800987136,0.07348487799754366
UTM-NN,191,nn,71.81,0.21112087499932386,0.0715146430011373
UTM-NN,192,nn,71.83,0.20889095700113103,0.07652296400920022
UTM-NN,193,nn,71.81,0.27017076199990697,0.0737256080028601
UTM-NN,194,nn,71.78999999999999,0.21857248900050763,0.07336009400023613
UTM-NN,195,nn,71.73,0.19785439799306914,0.07337463299336378
UTM-NN,196,nn,71.71,0.21656012700987048,0.07400120100646745
UTM-NN,197,nn,71.93,0.21816377200593706,0.07432106499618385
UTM-NN,198,nn,71.78,0.26083643099991605,0.07481330601149239
UTM-NN,199,nn,71.82,0.194408134004334,0.07188609198783524
UTM-NN,200,nn,71.78,0.21777351800119504,0.07230341600370593
UTM-NN,201,nn,71.81,0.22257641699980013,0.07192753700655885
UTM-NN,202,nn,71.69,0.26053792699531186,0.07150871900375932
UTM-NN,203,nn,71.81,0.21764707200054545,0.07317250499909278
UTM-NN,204,nn,71.64,0.21741617600491736,0.0722232139960397
UTM-NN,205,nn,71.71,0.20419316900370177,0.07340499298879877
UTM-NN,206,nn,71.61,0.26874159900762606,0.07603178400313482
UTM-NN,207,nn,71.94,0.2163030230003642,0.0734074759966461
UTM-NN,208,nn,71.84,0.21593626101093832,0.07151925899961498
UTM-NN,209,nn,71.88,0.21904945198912174,0.0752508459991077
UTM-NN,210,nn,71.74000000000001,0.2702709620061796,0.07187968499783892
UTM-NN,211,nn,71.69,0.22102823200111743,0.07538615399971604
UTM-NN,212,nn,71.77,0.19592790699971374,0.07348960101080593
UTM-NN,213,nn,71.92,0.21672196900181007,0.07354290799412411
UTM-NN,214,nn,71.85000000000001,0.21837082599813584,0.07231459299509879
UTM-NN,215,nn,71.95,0.2530871539929649,0.07213328700163402
UTM-NN,216,nn,71.81,0.21721326200349722,0.07289526599925011
UTM-NN,217,nn,71.89,0.2170750590012176,0.07484536200354341
UTM-NN,218,nn,71.85000000000001,0.21705597300024237,0.0761884889943758
UTM-NN,219,nn,71.87,0.261367564991815,0.07424930199340452
UTM-NN,220,nn,71.87,0.2158366619987646,0.0734694869897794
UTM-NN,221,nn,71.69,0.21898366000095848,0.07403149800666142
UTM-NN,222,nn,71.69,0.1974182770063635,0.07379672800016124
UTM-NN,223,nn,71.95,0.27343789499718696,0.07496704399818555
UTM-NN,224,nn,71.81,0.22064566100016236,0.0753363760013599
UTM-NN,225,nn,71.86,0.22547028299595695,0.07385039200016763
UTM-NN,226,nn,71.73,0.19747191399801522,0.07246163400122896
UTM-NN,227,nn,71.76,0.19327304601029027,0.07227654600865208
UTM-NN,228,nn,71.72,0.24586599000031129,0.07365281200327445
UTM-NN,229,nn,71.74000000000001,0.19387945700145792,0.07348200300475582
UTM-NN,230,nn,71.78999999999999,0.19308329599152785,0.07288682500075083
UTM-NN,231,nn,71.7,0.19439339599921368,0.07179478500620462
UTM-NN,232,nn,71.72,0.24779751199821476,0.07533620200410951
UTM-NN,233,nn,71.86,0.20034805200702976,0.07183743799396325
UTM-NN,234,nn,71.74000000000001,0.21578240700182505,0.07126100700406823
UTM-NN,235,nn,71.75,0.21739107499888632,0.0732723260007333
UTM-NN,236,nn,71.64,0.2575268899963703,0.07346394400519785
UTM-NN,237,nn,71.82,0.2171164480096195,0.0746516040089773
UTM-NN,238,nn,71.83,0.21882944900426082,0.07504075100587215
UTM-NN,239,nn,71.66,0.20166743001027498,0.07384942600037903
UTM-NN,240,nn,71.94,0.24984187899099197,0.07120857399422675
UTM-NN,241,nn,71.76,0.21643365800264291,0.0722524619923206
UTM-NN,242,nn,71.78,0.21863714700157288,0.07281794300070032
UTM-NN,243,nn,71.89999999999999,0.21709924899914768,0.07543067100050393
UTM-NN,244,nn,71.97,0.21848308900371194,0.07414327700098511
UTM-NN,245,nn,71.96000000000001,0.27166472999670077,0.07480193999072071
UTM-NN,246,nn,71.91,0.2176076629984891,0.0747071249934379
UTM-NN,247,nn,71.82,0.21735438700125087,0.07524445300805382
UTM-NN,248,nn,71.89999999999999,0.21824148400628474,0.07569010400038678
UTM-NN,249,nn,71.73,0.26181849600106943,0.07554046499717515
UTM-NN,250,nn,71.78,0.21182898599363398,0.07314243901055306
UTM-NN,251,nn,71.71,0.21662234599352814,0.07303279300685972
UTM-NN,252,nn,71.65,0.2128257550066337,0.07531772300717421
UTM-NN,253,nn,71.65,0.27143530300236307,0.07477786199888214
UTM-NN,254,nn,71.77,0.20037027999933343,0.07720539699948858
UTM-NN,255,nn,71.76,0.21192879999580327,0.07709093300218228
UTM-NN,256,nn,71.72,0.19541331700747833,0.07590332700056024
UTM-NN,257,nn,71.92,0.20868922500812914,0.07404422298714053
UTM-NN,258,nn,71.77,0.2575339350005379,0.07530389599560294
UTM-NN,259,nn,71.69,0.20639368098636623,0.07609082698763814
UTM-NN,260,nn,71.94,0.21961782799917273,0.0746145709999837
UTM-NN,261,nn,71.8,0.1942939009895781,0.07532127600279637
UTM-NN,262,nn,71.92,0.27064662901102565,0.07543802799773403
UTM-NN,263,nn,71.84,0.21051990099658724,0.07580932900600601
UTM-NN,264,nn,71.83,0.21886881400132552,0.07499156700214371
UTM-NN,265,nn,71.84,0.20033444800355937,0.0747857819951605
UTM-NN,266,nn,71.87,0.27165190600499045,0.07330770899716299
UTM-NN,267,nn,71.72,0.21087469800841063,0.07305216501117684
UTM-NN,268,nn,71.65,0.21145722499932162,0.07363788799557369
UTM-NN,269,nn,71.67,0.19470700100646354,0.07417896398692392
UTM-NN,270,nn,71.74000000000001,0.24489399199956097,0.07266089500626549
UTM-NN,271,nn,71.89999999999999,0.20345061099214945,0.07208970599458553
UTM-NN,272,nn,71.99,0.22099436799180694,0.07325205199595075
UTM-NN,273,nn,71.81,0.20584869300364517,0.07570219099579845
UTM-NN,274,nn,71.74000000000001,0.21474250000028405,0.07309907999297138
UTM-NN,275,nn,71.89,0.24534659000346437,0.07370335799350869
UTM-NN,276,nn,71.89999999999999,0.19668266100052278,0.07236444900627248
UTM-NN,277,nn,71.78999999999999,0.19583861299906857,0.0736598390067229
UTM-NN,278,nn,71.85000000000001,0.20207011500315275,0.07265542700770311
UTM-NN,279,nn,71.85000000000001,0.2706303070008289,0.07461166000575759
UTM-NN,280,nn,71.78,0.19559770700288936,0.07339609100017697
UTM-NN,281,nn,71.82,0.2180533450009534,0.07472533300460782
UTM-NN,282,nn,71.91,0.19526870299887378,0.07322458398994058
UTM-NN,283,nn,71.65,0.24692248200881295,0.07329381999443285
UTM-NN,284,nn,71.94,0.1953529689926654,0.07369385298807174
UTM-NN,285,nn,71.92,0.19435376199544407,0.07224600699555594
UTM-NN,286,nn,71.78999999999999,0.19460722399526276,0.07225153100444004
UTM-NN,287,nn,71.59,0.2633742440084461,0.07394064099935349
UTM-NN,288,nn,71.71,0.21865629700187128,0.077073119013221
UTM-NN,289,nn,71.73,0.19637124199653044,0.07536135500413366
UTM-NN,290,nn,71.77,0.20785723799781408,0.07214489699981641
UTM-NN,291,nn,71.84,0.19904637000581715,0.07253217900870368
UTM-NN,292,nn,71.78,0.24587208501179703,0.07398531600483693
UTM-NN,293,nn,71.77,0.21734746100264601,0.07512387399037834
UTM-NN,294,nn,71.89,0.20886976200563367,0.07405489600205328
UTM-NN,295,nn,71.84,0.20051752099243458,0.07371638399490621
UTM-NN,296,nn,71.86,0.2511911239998881,0.07466426299652085
UTM-NN,297,nn,71.91,0.19566555799974594,0.07201164300204255
UTM-NN,298,nn,71.85000000000001,0.19373073300812393,0.07363707100739703
UTM-NN,299,nn,71.86,0.2072546749986941,0.0723045360064134
UTM-NN,300,nn,71.72,0.24563258299895097,0.07338022299518343
UTM-NN,301,nn,71.75,0.19378439499996603,0.07363980800437275
UTM-NN,302,nn,71.78999999999999,0.19664421999186743,0.07391639098932501
UTM-NN,303,nn,71.91,0.2018565650068922,0.07423220100463368
UTM-NN,304,nn,71.77,0.19598167299409397,0.07480725499044638
UTM-NN,305,nn,71.75,0.2452020700002322,0.07293698599096388
UTM-NN,306,nn,71.74000000000001,0.19341124600032344,0.07138823300192598
UTM-NN,307,nn,71.87,0.19803786599368323,0.07148551000864245
UTM-NN,308,nn,71.8,0.2007454249978764,0.07676719799928833
UTM-NN,309,nn,71.82,0.268060667993268,0.07510891799756791
UTM-NN,310,nn,71.77,0.21072446901234798,0.07489787200756837
UTM-NN,311,nn,71.89999999999999,0.20467467299022246,0.07242308001150377
UTM-NN,312,nn,71.71,0.19737860800523777,0.07461117800266948
UTM-NN,313,nn,71.78,0.2677616970031522,0.07541199399565812
UTM-NN,314,nn,71.8,0.21563329099444672,0.07317464500374626
UTM-NN,315,nn,71.67999999999999,0.2165206719946582,0.07325900299474597
UTM-NN,316,nn,71.58,0.21562173499842174,0.0716216700093355
UTM-NN,317,nn,71.97,0.20510520300013013,0.07515558200248051
UTM-NN,318,nn,71.85000000000001,0.25274974400235806,0.07426259700150695
UTM-NN,319,nn,71.8,0.21869219301152043,0.07439546201203484
UTM-NN,320,nn,71.78999999999999,0.2058734949969221,0.07347551400016528
UTM-NN,321,nn,71.78999999999999,0.21993578600813635,0.0726822290016571
UTM-NN,322,nn,71.83,0.26864434000162873,0.07282579300226644
UTM-NN,323,nn,71.89,0.21473226699163206,0.07311661299900152
UTM-NN,324,nn,71.95,0.19874728498689365,0.07516014699649531
UTM-NN,325,nn,71.86,0.21095120400423184,0.07448552899586502
UTM-NN,326,nn,71.97,0.27147167301154695,0.07336175799719058
UTM-NN,327,nn,71.77,0.2191193440085044,0.07538332800322678
UTM-NN,328,nn,71.81,0.20720332600467373,0.07234923398937099
UTM-NN,329,nn,71.85000000000001,0.21812404300726485,0.07531827699858695
UTM-NN,330,nn,71.86,0.2757554749987321,0.07487423899874557
UTM-NN,331,nn,71.63000000000001,0.20960004298831336,0.07256849500117823
UTM-NN,332,nn,71.74000000000001,0.19980347499949858,0.07377902699226979
UTM-NN,333,nn,71.78,0.19340440300584305,0.07301304400607478
UTM-NN,334,nn,71.65,0.19999246900260914,0.07436901300388854
UTM-NN,335,nn,71.76,0.27518994800630026,0.0748439140006667
UTM-NN,336,nn,71.82,0.21939650501008146,0.07360916399920825
UTM-NN,337,nn,71.83,0.21992630099703092,0.07398842999828048
UTM-NN,338,nn,71.76,0.20969579101074487,0.07339167600730434
UTM-NN,339,nn,71.98,0.24503470399940852,0.07457859099667985
UTM-NN,340,nn,71.8,0.198705427988898,0.07502132200170308
UTM-NN,341,nn,71.83,0.21781093999743462,0.07180188399797771
UTM-NN,342,nn,71.92,0.21990712599654216,0.0734309670078801
UTM-NN,343,nn,71.78999999999999,0.2617693770007463,0.07279490400105715
UTM-NN,344,nn,71.8,0.21800177900877316,0.07199235999723896
UTM-NN,345,nn,71.81,0.2032287960028043,0.07368385700101499
UTM-NN,346,nn,71.91,0.2177036049979506,0.07206116900488269
UTM-NN,347,nn,71.86,0.21702532899507787,0.0748256609949749
UTM-NN,348,nn,71.78,0.26026404098956846,0.07383407298766542
UTM-NN,349,nn,71.95,0.19687424000585452,0.073950470003183
UTM-NN,350,nn,71.8,0.19284966199484188,0.07486982899717987
UTM-NN,351,nn,71.8,0.19427975900180172,0.0751774960081093
UTM-NN,352,nn,71.83,0.2562235190125648,0.07374713700846769
UTM-NN,353,nn,71.89999999999999,0.1939830930059543,0.07379253499675542
UTM-NN,354,nn,71.82,0.19491133700648788,0.07230946399795357
UTM-NN,355,nn,71.86,0.19349436499760486,0.07377732500026468
UTM-NN,356,nn,71.73,0.24434464299702086,0.07559551099257078
UTM-NN,357,nn,71.81,0.19349051800963935,0.07201936199271586
UTM-NN,358,nn,71.91,0.1942289470025571,0.07204389000253286
UTM-NN,359,nn,71.88,0.19706994100124575,0.07813085398811381
UTM-NN,360,nn,71.82,0.24441991599451285,0.07332318199041765
UTM-NN,361,nn,71.64,0.19487499199749436,0.0737712720001582
UTM-NN,362,nn,71.74000000000001,0.1948994949925691,0.07205196800350677
UTM-NN,363,nn,71.83,0.1959163020073902,0.07326400199963246
UTM-NN,364,nn,71.83,0.19373515198822133,0.07354406699596439
UTM-NN,365,nn,71.81,0.24715708900475875,0.07406707899644971
UTM-NN,366,nn,71.82,0.19660716400539968,0.07258055599231739
UTM-NN,367,nn,71.67,0.2024266649968922,0.07366199800162576
UTM-NN,368,nn,71.86,0.1950149100011913,0.07338640200032387
UTM-NN,369,nn,71.8,0.245325687006698,0.07386500999564305
UTM-NN,370,nn,71.86,0.19660722799017094,0.07449343299958855
UTM-NN,371,nn,71.82,0.1932766370009631,0.07370714998978656
UTM-NN,372,nn,71.81,0.21072534398990683,0.07531844099867158
UTM-NN,373,nn,71.74000000000001,0.2485045649955282,0.07457645799149759
UTM-NN,374,nn,71.72,0.1992348089988809,0.07376899699738715
UTM-NN,375,nn,71.84,0.19530796899925917,0.07403427199460566
UTM-NN,376,nn,71.7,0.19570999199640937,0.07463430600182619
UTM-NN,377,nn,71.72,0.2520178529957775,0.07315879499947187
UTM-NN,378,nn,71.75,0.20060346501122694,0.07310104499629233
UTM-NN,379,nn,71.78,0.21829935201094486,0.07173309700738173
UTM-NN,380,nn,71.83,0.2126763230044162,0.07364576900727116
UTM-NN,381,nn,71.71,0.21030654000060167,0.07431055199413095
UTM-NN,382,nn,71.77,0.2676430790015729,0.07458535098703578
UTM-NN,383,nn,71.84,0.20839314701152034,0.07424005199573003
UTM-NN,384,nn,71.85000000000001,0.21650723100174218,0.07438841300609056
UTM-NN,385,nn,71.75,0.21690424799453467,0.07351119699887931
UTM-NN,386,nn,71.77,0.26381271200079937,0.07377391299814917
UTM-NN,387,nn,71.89,0.1978376540064346,0.07408465900516603
UTM-NN,388,nn,71.85000000000001,0.1998736440000357,0.07388259300205391
UTM-NN,389,nn,71.83,0.20296282500203233,0.07267585300724022
UTM-NN,390,nn,71.84,0.2543298710079398,0.07403914899623487
UTM-NN,391,nn,71.76,0.2175567950034747,0.07204205100424588
UTM-NN,392,nn,71.85000000000001,0.21653663599863648,0.07368110500101466
UTM-NN,393,nn,71.74000000000001,0.2175311699975282,0.0734929049940547
UTM-NN,394,nn,71.86,0.21123581400024705,0.07352515499223955
UTM-NN,395,nn,71.6,0.25269860799016897,0.07495054200990126
UTM-NN,396,nn,71.81,0.20116047700867057,0.0733849289972568
UTM-NN,397,nn,71.82,0.19637704400520306,0.0748022620100528
UTM-NN,398,nn,71.78999999999999,0.2196639710018644,0.07311153000046033
UTM-NN,399,nn,71.83,0.2727813950041309,0.07190523100143764
UTM-NN,400,nn,71.78999999999999,0.21818304299085867,0.07385057900683023
UTM-NN,401,nn,71.81,0.21983361399907153,0.07208342300145887
UTM-NN,402,nn,71.86,0.20372393900470342,0.07363206800073385
UTM-NN,403,nn,71.67,0.241421339000226,0.07374620300834067
UTM-NN,404,nn,71.77,0.19582074900972657,0.07334084699687082
UTM-NN,405,nn,71.84,0.21720101500977762,0.07331186901137698
UTM-NN,406,nn,71.93,0.21849014399049338,0.07363803600310348
UTM-NN,407,nn,71.77,0.2712405719939852,0.07297856100194622
UTM-NN,408,nn,71.77,0.19522309399326332,0.07105182399391197
UTM-NN,409,nn,71.77,0.20816570200258866,0.07415293699887116
UTM-NN,410,nn,71.75,0.19749578299524728,0.07353482900361996
UTM-NN,411,nn,71.64,0.1988299980002921,0.07203236100031063
UTM-NN,412,nn,71.89999999999999,0.25240146700525656,0.07281019700167235
UTM-NN,413,nn,71.74000000000001,0.2178368379973108,0.07453632200486027
UTM-NN,414,nn,71.95,0.21286448700993787,0.07468114999937825
UTM-NN,415,nn,71.77,0.19299708600738086,0.07327748299576342
UTM-NN,416,nn,71.83,0.257534944001236,0.07410732800781261
UTM-NN,417,nn,71.75,0.19500369900197256,0.07433578300697263
UTM-NN,418,nn,71.8,0.1955219180090353,0.07105121400672942
UTM-NN,419,nn,71.7,0.19298342301044613,0.07217017999209929
UTM-NN,420,nn,71.66,0.26878985899384134,0.07290275699051563
UTM-NN,421,nn,71.89,0.19558133800455835,0.07348120999813545
UTM-NN,422,nn,71.69,0.19408157200086862,0.07351738600118551
UTM-NN,423,nn,71.87,0.19661273100064136,0.07569695300480817
UTM-NN,424,nn,71.85000000000001,0.19293674899381585,0.07268841100449208
UTM-NN,425,nn,71.82,0.24679946499236394,0.07204184700094629
UTM-NN,426,nn,71.72,0.1939591159898555,0.07390001500607468
UTM-NN,427,nn,71.74000000000001,0.19700029700470623,0.07509962799667846
UTM-NN,428,nn,71.84,0.19501527899410576,0.07351862199720927
UTM-NN,429,nn,71.92,0.24609939601214137,0.07351747200300451
UTM-NN,430,nn,71.73,0.19527902899426408,0.07471363100921735
UTM-NN,431,nn,71.61999999999999,0.19922402199881617,0.0735143719939515
UTM-NN,432,nn,71.94,0.2022847619955428,0.07475693299784325
UTM-NN,433,nn,71.66,0.27222539400099777,0.07253343099728227
UTM-NN,434,nn,71.78999999999999,0.2196191459952388,0.07347294400096871
UTM-NN,435,nn,71.87,0.21471727499738336,0.07568798901047558
UTM-NN,436,nn,71.67,0.21776553901145235,0.07540818900451995
UTM-NN,437,nn,71.8,0.2610350299946731,0.07305131500470452
UTM-NN,438,nn,71.88,0.19490150100318715,0.07215781700506341
UTM-NN,439,nn,71.85000000000001,0.2135797250084579,0.07538442198710982
UTM-NN,440,nn,71.81,0.21817232300236356,0.07187468100164551
UTM-NN,441,nn,71.95,0.2163071600080002,0.07319988899689633
UTM-NN,442,nn,71.88,0.2532977069931803,0.07426936000410933
UTM-NN,443,nn,71.85000000000001,0.2180196050030645,0.07256597299419809
UTM-NN,444,nn,71.89999999999999,0.2195852190052392,0.07615840899234172
UTM-NN,445,nn,71.7,0.19427799299592152,0.07252404499740805
UTM-NN,446,nn,71.64,0.2676108659943566,0.0748184520052746
UTM-NN,447,nn,71.67,0.2187068830098724,0.07438976400590036
UTM-NN,448,nn,71.89,0.21801201699418016,0.07348911999724805
UTM-NN,449,nn,71.99,0.19954604700615164,0.07560709500103258
UTM-NN,450,nn,71.76,0.2682871439901646,0.07509128599485848
UTM-NN,451,nn,71.81,0.2176048469991656,0.07670627599873114
UTM-NN,452,nn,71.83,0.20869737600150984,0.07418422499904409
UTM-NN,453,nn,71.88,0.19483930300339125,0.07411578099709004
UTM-NN,454,nn,71.76,0.26835093898989726,0.07193765699048527
UTM-NN,455,nn,71.95,0.21507189501426183,0.07605494000017643
UTM-NN,456,nn,71.67,0.2160918729932746,0.07808820898935664
UTM-NN,457,nn,71.8,0.1959070289885858,0.07391461999213789
UTM-NN,458,nn,71.83,0.1970795840024948,0.07863416100735776
UTM-NN,459,nn,71.72,0.25315734501054976,0.07455318099528085
UTM-NN,460,nn,71.78,0.21595960900594946,0.0759724319941597
UTM-NN,461,nn,71.78999999999999,0.21837816698825918,0.07302753000112716
UTM-NN,462,nn,71.91,0.20416911599750165,0.07447469199541956
UTM-NN,463,nn,71.82,0.2679141940025147,0.0731354250019649
UTM-NN,464,nn,71.78999999999999,0.21675332500308286,0.07335883400810417
UTM-NN,465,nn,71.81,0.19098584201128688,0.07705931000236887
UTM-NN,466,nn,71.86,0.1990937859955011,0.0738947579957312
UTM-NN,467,nn,72.00999999999999,0.26716615600162186,0.07438624098722357
UTM-NN,468,nn,71.8,0.21905970100488048,0.07593295400147326
UTM-NN,469,nn,71.67999999999999,0.20462135400157422,0.07319119400926866
UTM-NN,470,nn,71.86,0.21830437700555194,0.07339777499146294
UTM-NN,471,nn,71.89,0.26905303800594993,0.07154080498730764
UTM-NN,472,nn,71.84,0.2164903270022478,0.07251659900066443
UTM-NN,473,nn,71.78,0.21727710599952843,0.07452605200523976
UTM-NN,474,nn,71.84,0.20172078898758627,0.0734356739994837
UTM-NN,475,nn,71.78,0.19316195498686284,0.07398132899834309
UTM-NN,476,nn,71.81,0.24704494699835777,0.07349662500200793
UTM-NN,477,nn,71.76,0.2035595360066509,0.07116468599997461
UTM-NN,478,nn,71.7,0.21729807001247536,0.07433717799722217
UTM-NN,479,nn,71.76,0.21895432600285858,0.07775091899384279
UTM-NN,480,nn,71.83,0.25654223099991214,0.07397730600496288
UTM-NN,481,nn,71.91,0.21514759700221475,0.0720000169967534
UTM-NN,482,nn,71.92,0.20037594299355987,0.0740894320042571
UTM-NN,483,nn,71.94,0.19326590601122007,0.07227873300143983
UTM-NN,484,nn,71.71,0.25658363600086886,0.07255312899360433
UTM-NN,485,nn,71.74000000000001,0.21875624399399385,0.07521245800307952
UTM-NN,486,nn,71.78,0.2071235369949136,0.0760748250031611
UTM-NN,487,nn,71.59,0.19597204998717643,0.07183015800546855
UTM-NN,488,nn,71.69,0.21876114398764912,0.07211445699795149
UTM-NN,489,nn,71.89,0.26859112599049695,0.07346571299422067
UTM-NN,490,nn,71.89999999999999,0.21751034799672198,0.07178599199687596
UTM-NN,491,nn,71.71,0.21835488799843006,0.07171288700192235
UTM-NN,492,nn,71.77,0.19482581799093168,0.07179314900713507
UTM-NN,493,nn,71.81,0.2679766159999417,0.07342214899836108
UTM-NN,494,nn,71.85000000000001,0.2187992969993502,0.07438897600513883
UTM-NN,495,nn,71.97,0.21804852499917615,0.07430861001193989
UTM-NN,496,nn,71.84,0.1996475019986974,0.07401070999912918
UTM-NN,497,nn,71.97,0.2595134299917845,0.07368103199405596
UTM-NN,498,nn,71.73,0.20915177300048526,0.07233299101062585
UTM-NN,499,nn,71.8,0.21750854299170896,0.07438593500410207
UTM-NN,500,nn,71.86,0.1933888790081255,0.07500928899389692
