method,epoch,model_type,test_accuracy,train_time,test_time
UTM,1,tm,78.73,0.47459913000056986,0.0652905249999094
UTM,2,tm,79.60000000000001,0.43925407999995514,0.06429943200055277
UTM,3,tm,80.30000000000001,0.42704568299996026,0.06525156299994705
UTM,4,tm,80.21000000000001,0.425876469999821,0.06458950599972013
UTM,5,tm,80.44,0.42668533899995964,0.06437587700020231
UTM,6,tm,80.33,0.4285532129997591,0.06506466700011515
UTM,7,tm,80.28,0.42250467899975774,0.06429728300008719
UTM,8,tm,80.46,0.41556786599994666,0.06471239699931175
UTM,9,tm,80.82000000000001,0.41158880600050907,0.06558070600021892
UTM,10,tm,80.82000000000001,0.41919241300001886,0.06413008500021533
UTM,11,tm,80.65,0.4161031069997989,0.06542845300009503
UTM,12,tm,80.89,0.42491870199955883,0.06402160300058313
UTM,13,tm,80.78,0.4179402809995736,0.06456373299988627
UTM,14,tm,80.76,0.4138237669994851,0.06480869700044423
UTM,15,tm,80.61,0.40430874899993796,0.06523176400060038
UTM,16,tm,80.64,0.4173012339997513,0.06448536999960197
UTM,17,tm,80.65,0.4198035780000282,0.06435611600045377
UTM,18,tm,81.06,0.4135624540003846,0.06541411000034714
UTM,19,tm,80.96,0.4257671109999137,0.06442060299923469
UTM,20,tm,81.10000000000001,0.41134274500018364,0.06441881899991131
UTM,21,tm,80.85,0.4237876570005028,0.06509985299999244
UTM,22,tm,81.11,0.3967333439995855,0.06497629400018923
UTM,23,tm,80.71000000000001,0.4150381049994394,0.06576342300013494
UTM,24,tm,80.9,0.4137543309998364,0.06490202399982081
UTM,25,tm,80.9,0.4252517530003388,0.06487054199988052
UTM,26,tm,81.11,0.4226391809997949,0.06918222599961155
UTM,27,tm,80.82000000000001,0.4206773779997093,0.06568775800042204
UTM,28,tm,80.94,0.4192580690005343,0.06483305200072209
UTM,29,tm,80.93,0.4180183219996252,0.0647750680000172
UTM,30,tm,81.21000000000001,0.41664871600005426,0.06454484200003208
UTM,31,tm,80.87,0.42628863000027195,0.06439420700007759
UTM,32,tm,81.19,0.42101491399989754,0.06490158500037069
UTM,33,tm,81.14,0.4091183350001302,0.06382104700060154
UTM,34,tm,81.13,0.41196628300076554,0.06445173199972487
UTM,35,tm,81.21000000000001,0.4234422360004828,0.06465369099987583
UTM,36,tm,81.11,0.42986759599989455,0.0646965440000713
UTM,37,tm,81.13,0.4259908140002153,0.06437771000037174
UTM,38,tm,81.19,0.41693787700023677,0.06481349000023329
UTM,39,tm,81.17,0.42539956600012374,0.06468602600034501
UTM,40,tm,81.08,0.42193830700034596,0.06451733499943657
UTM,41,tm,81.12,0.4243393089991514,0.06420461899961083
UTM,42,tm,81.10000000000001,0.4228872580006282,0.06455931999971654
UTM,43,tm,80.92,0.4226946329999919,0.06434822600022017
UTM,44,tm,80.83,0.411456625000028,0.06426098399970215
UTM,45,tm,80.85,0.4261071900000388,0.06451144600032421
UTM,46,tm,80.88,0.4166912119999324,0.06468344800032355
UTM,47,tm,81.01,0.4184199940000326,0.06552650999947218
UTM,48,tm,81.01,0.4265327819994127,0.06455415600066772
UTM,49,tm,80.88,0.40247555400037527,0.06527849600024638
UTM,50,tm,80.91000000000001,0.40958285799933947,0.064181751000433
UTM,51,tm,80.77,0.4156834229997912,0.06512175900024886
UTM,52,tm,81.03,0.4180277559999013,0.06548990899955243
UTM,53,tm,80.92,0.4186968909998541,0.06436953499996889
UTM,54,tm,80.7,0.4264571079993402,0.0649037720004344
UTM,55,tm,81.19,0.4173229710004307,0.06495554399953107
UTM,56,tm,81.08,0.40691163900009997,0.06526617400049872
UTM,57,tm,81.13,0.39926955999999336,0.0648580100005347
UTM,58,tm,81.02000000000001,0.42346669000016846,0.06475583299925347
UTM,59,tm,81.05,0.42240918500010594,0.06490689000020211
UTM,60,tm,81.08,0.41792409000026964,0.06542572399939672
UTM,61,tm,81.24,0.41495622000002186,0.06464828999924066
UTM,62,tm,81.01,0.4190423150002971,0.06576688899986038
UTM,63,tm,81.0,0.41472410099959234,0.07030918399959774
UTM,64,tm,80.99,0.41201596500013693,0.06996482300019125
UTM,65,tm,81.08999999999999,0.4190982730005999,0.06552935000036086
UTM,66,tm,80.96,0.4164679069999693,0.06481542399978935
UTM,67,tm,80.99,0.41636184900016815,0.06538700000055542
UTM,68,tm,81.21000000000001,0.4212871339996127,0.06395015799989778
UTM,69,tm,81.05,0.41934994899929734,0.06403477900039434
UTM,70,tm,81.03,0.41520069999933185,0.06445260500004224
UTM,71,tm,81.23,0.41960025299977133,0.06486135199975251
UTM,72,tm,81.05,0.42612609900061216,0.06544777199997043
UTM,73,tm,80.97999999999999,0.4171646779996081,0.06452020400047331
UTM,74,tm,80.84,0.41407795299983263,0.0649384940006712
UTM,75,tm,80.85,0.4262566740007969,0.06444549200023175
UTM,76,tm,81.25,0.4140334019994043,0.06455679700047767
UTM,77,tm,80.96,0.42034161599985964,0.06679141899985552
UTM,78,tm,80.99,0.40613106300043,0.06595251499948063
UTM,79,tm,80.71000000000001,0.43098359600026015,0.06495344900031341
UTM,80,tm,81.04,0.41480525599945395,0.0653512970002339
UTM,81,tm,80.77,0.42622640399986267,0.06485995599996386
UTM,82,tm,80.80000000000001,0.4253475150007944,0.06610699999964709
UTM,83,tm,80.69,0.41962808200059953,0.06576041400057875
UTM,84,tm,80.7,0.41946373700011463,0.0655073790003371
UTM,85,tm,80.95,0.41885931299930235,0.0653729409996231
UTM,86,tm,81.03,0.42680153800029075,0.0635401740000816
UTM,87,tm,80.97,0.4160321790004673,0.06812924299993028
UTM,88,tm,81.01,0.4309961469998598,0.06576017899988074
UTM,89,tm,81.05,0.4263844649995008,0.06447652599945286
UTM,90,tm,80.93,0.4283555379997779,0.06441735599946696
UTM,91,tm,80.93,0.4305413980000594,0.06560021999939636
UTM,92,tm,80.91000000000001,0.42485984599989024,0.06524643499960803
UTM,93,tm,80.92,0.4146547259997533,0.06505143100002897
UTM,94,tm,80.9,0.4269651149998026,0.06539674800023931
UTM,95,tm,81.02000000000001,0.4192906860007497,0.0641263630004687
UTM,96,tm,80.88,0.43153573800009326,0.06508400900020206
UTM,97,tm,81.11,0.42867810999996436,0.06432498899994243
UTM,98,tm,81.08999999999999,0.4179852260003827,0.06443374799982848
UTM,99,tm,80.87,0.4146747619997768,0.07212672600053338
UTM,100,tm,81.17999999999999,0.4212888749998456,0.06450340799983678
UTM,101,tm,80.96,0.4282040539992522,0.0649033599993345
UTM,102,tm,80.99,0.424436366000009,0.06473097700018116
UTM,103,tm,81.04,0.4222020569995948,0.06467340299968782
UTM,104,tm,81.23,0.42692597299992485,0.0656831879996389
UTM,105,tm,81.07,0.4125023570004487,0.06453783000051772
UTM,106,tm,81.02000000000001,0.41515202400023554,0.0642810509998526
UTM,107,tm,81.04,0.4288095229994724,0.0651414649992148
UTM,108,tm,80.97,0.4206591229994956,0.06354409599953215
UTM,109,tm,81.06,0.41954015600003913,0.06482309800048824
UTM,110,tm,81.21000000000001,0.41518461399937223,0.06594869499986089
UTM,111,tm,81.10000000000001,0.4223133340001368,0.06460826300008193
UTM,112,tm,80.9,0.43211662900012016,0.06452439700024115
UTM,113,tm,81.12,0.428698794000411,0.06448106300013023
UTM,114,tm,81.16,0.43023106399959943,0.06485549999979412
UTM,115,tm,81.04,0.42622120900068694,0.07065698399946996
UTM,116,tm,80.95,0.43158290700012003,0.06462309700054902
UTM,117,tm,80.83,0.42191637999985687,0.06471306399998866
UTM,118,tm,80.86,0.4219336050000493,0.06491829300011887
UTM,119,tm,81.06,0.4327243330008059,0.06453695700020035
UTM,120,tm,81.02000000000001,0.41660838999996486,0.06437208799979999
UTM,121,tm,81.12,0.42229424900051526,0.06501864299934823
UTM,122,tm,81.21000000000001,0.4287387390004369,0.06451634200038825
UTM,123,tm,81.03,0.429497543999787,0.06483129100070073
UTM,124,tm,80.99,0.42253671099933854,0.06449707999945531
UTM,125,tm,81.0,0.4295431569998982,0.06460695499936264
UTM,126,tm,81.08,0.42008089299997664,0.06520778699996299
UTM,127,tm,81.11,0.42498562699984177,0.06597041399982118
UTM,128,tm,80.84,0.4240887349997138,0.06609252799989918
UTM,129,tm,81.04,0.4288733849998607,0.06444920500052831
UTM,130,tm,80.96,0.4318385170008696,0.06787631799943483
UTM,131,tm,81.10000000000001,0.42018076200020005,0.06642477100012911
UTM,132,tm,80.9,0.4297910659997797,0.06466554000053293
UTM,133,tm,81.19,0.4255090830001791,0.06561917799990624
UTM,134,tm,81.11,0.42125907899935555,0.0646118029999343
UTM,135,tm,80.97999999999999,0.42372710399922653,0.06551188800040109
UTM,136,tm,81.25,0.41990185599934193,0.06460946900006093
UTM,137,tm,81.06,0.42534104300011677,0.06442164600048272
UTM,138,tm,81.08999999999999,0.4304172629999812,0.06584997500067402
UTM,139,tm,80.97999999999999,0.4270865649996267,0.06490603900056158
UTM,140,tm,81.21000000000001,0.426768094000181,0.06507005899948126
UTM,141,tm,81.07,0.4122327229997609,0.06468429399956221
UTM,142,tm,81.12,0.4306536670001151,0.06463449100010621
UTM,143,tm,80.97,0.43264687300052174,0.06615796000005503
UTM,144,tm,80.71000000000001,0.425470445999963,0.06446421100008592
UTM,145,tm,80.83,0.42935396099983336,0.06576731600034691
UTM,146,tm,80.95,0.43326016099945264,0.06419109999933426
UTM,147,tm,80.94,0.43036020300041855,0.06463390800035995
UTM,148,tm,81.0,0.42685396399974707,0.06585924299997714
UTM,149,tm,80.95,0.41026669799975934,0.06508310100070958
UTM,150,tm,80.97,0.4226611009999033,0.06546494099984557
UTM,151,tm,81.03,0.42034986399994523,0.06488141699992411
UTM,152,tm,81.14,0.4202447719999327,0.06455413000003318
UTM,153,tm,81.08,0.4317002190000494,0.0648631200001546
UTM,154,tm,80.97999999999999,0.4278315780002231,0.06469761900007143
UTM,155,tm,80.78,0.42605678200015973,0.06522181600030308
UTM,156,tm,80.94,0.4347692430001189,0.06823793900002784
UTM,157,tm,81.08,0.42276297799980966,0.06480682600067666
UTM,158,tm,81.0,0.432220325000344,0.06550861699997768
UTM,159,tm,80.89,0.4308575519999067,0.06598845000007714
UTM,160,tm,80.97,0.4220542140001271,0.06537519300036365
UTM,161,tm,81.21000000000001,0.4249016160001702,0.06481446099951427
UTM,162,tm,81.34,0.42593913300061104,0.06455994399948395
UTM,163,tm,81.16,0.4322666409998419,0.0654515039996113
UTM,164,tm,81.17999999999999,0.419801918000303,0.06561435000003257
UTM,165,tm,80.95,0.4256682349996481,0.06293443000049592
UTM,166,tm,80.89,0.4284811899997294,0.06449103100021603
UTM,167,tm,80.88,0.42038964699986536,0.06466062900017278
UTM,168,tm,80.88,0.4214092050006002,0.06452183700002934
UTM,169,tm,80.71000000000001,0.42084259199964436,0.0646189270000832
UTM,170,tm,80.87,0.4294753459998901,0.06404862199997297
UTM,171,tm,81.08999999999999,0.421724875000109,0.06366342500041355
UTM,172,tm,80.84,0.4201812940000309,0.06456130599963217
UTM,173,tm,80.91000000000001,0.42373593100001017,0.06513812699995469
UTM,174,tm,81.0,0.42886835700028314,0.06474624400016182
UTM,175,tm,81.07,0.42642436899950553,0.06833539399940491
UTM,176,tm,80.97999999999999,0.42984013200020854,0.06429627299985441
UTM,177,tm,80.81,0.4233360640000683,0.06445754699961981
UTM,178,tm,80.88,0.427543445000083,0.06388753099963651
UTM,179,tm,80.92,0.4264498479997201,0.06735596799990162
UTM,180,tm,81.04,0.4282330469995941,0.06435096000041085
UTM,181,tm,80.94,0.42554737699992984,0.06432518099973095
UTM,182,tm,80.93,0.4334111309999571,0.06481556100061425
UTM,183,tm,81.07,0.4241470799997842,0.06411347299945191
UTM,184,tm,81.13,0.41756324699963443,0.06500776400025643
UTM,185,tm,81.10000000000001,0.42058691600050224,0.06488994099981937
UTM,186,tm,81.02000000000001,0.4305375899994033,0.06475738100016315
UTM,187,tm,81.02000000000001,0.42943910299982235,0.06463100899964047
UTM,188,tm,81.24,0.4293136329997651,0.06473928500054171
UTM,189,tm,81.05,0.4209129330001815,0.0712456689998362
UTM,190,tm,81.15,0.4221577979997164,0.06427235400042264
UTM,191,tm,81.22,0.4320511980004085,0.06410762299947237
UTM,192,tm,81.13,0.43214963500031445,0.06427758400059247
UTM,193,tm,81.14,0.4362076649995288,0.06431032899945421
UTM,194,tm,81.13,0.43236000900014915,0.06431451400021615
UTM,195,tm,81.26,0.43265100400003575,0.06440876999931788
UTM,196,tm,81.10000000000001,0.42714226499992947,0.06399587699979747
UTM,197,tm,81.17,0.4363441529994816,0.06485283700021682
UTM,198,tm,80.91000000000001,0.4426984749998155,0.06439843699990888
UTM,199,tm,81.07,0.43294975500066357,0.06457164999937959
UTM,200,tm,81.2,0.43003391599995666,0.0641546050001125
UTM,201,tm,81.08999999999999,0.42918198900042626,0.06582183899990923
UTM,202,tm,81.25,0.4298059740003737,0.06465607700010878
UTM,203,tm,81.22,0.425791689000107,0.06485016799979348
UTM,204,tm,81.17,0.4322420250000505,0.06524649000039062
UTM,205,tm,81.01,0.42323488500005624,0.06469412699971144
UTM,206,tm,81.15,0.4356186979994163,0.06603253999946901
UTM,207,tm,81.17999999999999,0.43138625499977934,0.06538995500068268
UTM,208,tm,81.17,0.4271189749997575,0.06493183800012048
UTM,209,tm,81.14,0.42994749799981946,0.06437224999990576
UTM,210,tm,81.10000000000001,0.42307564899965655,0.06280751600024814
UTM,211,tm,80.96,0.4236804629999824,0.06411860800017166
UTM,212,tm,81.05,0.4320704699994167,0.06455347900009656
UTM,213,tm,81.05,0.4201783250000517,0.06481961699955718
UTM,214,tm,81.11,0.4296842290004861,0.06443662099991343
UTM,215,tm,81.14,0.43301234699993074,0.06772800999988249
UTM,216,tm,81.05,0.43643081699974573,0.06550796299961803
UTM,217,tm,81.11,0.43033143899992865,0.06516240800010564
UTM,218,tm,81.08999999999999,0.4303638930005036,0.06580218499948387
UTM,219,tm,80.89,0.43401197499952104,0.06467601399981504
UTM,220,tm,80.89,0.4331619939994198,0.06455714099956822
UTM,221,tm,81.02000000000001,0.43265974299993104,0.06469674099935219
UTM,222,tm,81.03,0.43447922599989397,0.06530941600067308
UTM,223,tm,81.08,0.42776411900013045,0.06815517399991222
UTM,224,tm,81.02000000000001,0.4362360749992149,0.06448946000000433
UTM,225,tm,80.97999999999999,0.4322373740005787,0.06393342000046687
UTM,226,tm,80.94,0.4274754260004556,0.06525357299960888
UTM,227,tm,81.03,0.42936213000029966,0.06584945199938375
UTM,228,tm,80.93,0.42754872600016824,0.06476283499978308
UTM,229,tm,81.02000000000001,0.42844866499945056,0.06460227600018698
UTM,230,tm,80.99,0.4253613189994212,0.06560046300000977
UTM,231,tm,81.14,0.44967849499971635,0.06430929999987711
UTM,232,tm,81.03,0.42915677599921764,0.06428649200006475
UTM,233,tm,81.14,0.42997252799978014,0.06459074600024906
UTM,234,tm,80.83,0.4208420249997289,0.06471360599971376
UTM,235,tm,81.13,0.42727098500017746,0.06640947100004269
UTM,236,tm,81.14,0.42638122900007147,0.06445951200021227
UTM,237,tm,81.10000000000001,0.43321856500006106,0.06439850999959162
UTM,238,tm,80.92,0.4295497190005335,0.06934791699950438
UTM,239,tm,80.97999999999999,0.4251812610000343,0.06581113899937918
UTM,240,tm,81.04,0.4349979529997654,0.06536948600023607
UTM,241,tm,81.01,0.41892961700068554,0.06465649500023574
UTM,242,tm,80.95,0.43237029500050994,0.06475692900039576
UTM,243,tm,80.78,0.4282751439995991,0.06519176799974957
UTM,244,tm,80.92,0.4340668059994641,0.06474787900060619
UTM,245,tm,80.93,0.43761200200060557,0.06486029899951973
UTM,246,tm,81.02000000000001,0.42666852999991534,0.0646704900000259
UTM,247,tm,80.94,0.4313320310002382,0.06546782800069195
UTM,248,tm,80.93,0.4323628199999803,0.0674996480001937
UTM,249,tm,80.85,0.4316988290001973,0.0660025900006076
UTM,250,tm,80.94,0.4339114510003128,0.06432749299983698
UTM,251,tm,80.82000000000001,0.4343574410004294,0.0642417299995941
UTM,252,tm,80.9,0.4255821759998071,0.06487770500007173
UTM,253,tm,80.76,0.4299294809998173,0.064400231000036
UTM,254,tm,80.93,0.4319417450005858,0.06432821100042929
UTM,255,tm,80.95,0.4364681130000463,0.06455873499999143
UTM,256,tm,80.85,0.4286119750004218,0.06413940899983572
UTM,257,tm,80.78999999999999,0.43509453699971345,0.06482626199976949
UTM,258,tm,81.06,0.438336272000015,0.06466412999998283
UTM,259,tm,80.83,0.43500588000006246,0.06513147599980584
UTM,260,tm,80.97999999999999,0.42604618199948163,0.06528854099997261
UTM,261,tm,80.92,0.4317286169998624,0.06363268099994457
UTM,262,tm,81.08999999999999,0.4188933770001313,0.06445480300044437
UTM,263,tm,81.04,0.4322944899995491,0.06462759599980927
UTM,264,tm,80.96,0.4283231879999221,0.0645153269997536
UTM,265,tm,81.05,0.42869405199962785,0.06504745699930936
UTM,266,tm,81.06,0.4287587650005662,0.06563789800020459
UTM,267,tm,81.13,0.42536409800050023,0.06611146600062057
UTM,268,tm,81.2,0.4297382419999849,0.06570565600031841
UTM,269,tm,81.17999999999999,0.43200178400002187,0.06427978800002165
UTM,270,tm,81.11,0.4223310819998005,0.06524332799926924
UTM,271,tm,81.08999999999999,0.4364788650000264,0.06382122200011509
UTM,272,tm,80.97999999999999,0.4258426279993728,0.06571389199962141
UTM,273,tm,81.08999999999999,0.42402722899987566,0.06834409499970207
UTM,274,tm,81.12,0.4257028909996734,0.06520378899949719
UTM,275,tm,81.03,0.42599000700010947,0.06525491800039163
UTM,276,tm,81.08,0.42286681499990664,0.06704360799994902
UTM,277,tm,81.15,0.43438794600024266,0.06470798299960734
UTM,278,tm,81.11,0.4284215290008433,0.06565272999978333
UTM,279,tm,81.19,0.42687451700021484,0.06500902900006622
UTM,280,tm,80.86,0.4245580160004465,0.06633453399990685
UTM,281,tm,80.92,0.42266116500013595,0.064593344000059
UTM,282,tm,80.81,0.4352533499995843,0.06500917299945286
UTM,283,tm,80.71000000000001,0.43312720200083277,0.06524375099979807
UTM,284,tm,80.97,0.43049596899982134,0.0652208139999857
UTM,285,tm,81.06,0.4462548199999219,0.06953438999971695
UTM,286,tm,81.10000000000001,0.43041597599949455,0.06453971299924888
UTM,287,tm,80.97,0.43399351999960345,0.06469028199990134
UTM,288,tm,81.2,0.434615870000016,0.06470686700049555
UTM,289,tm,80.97,0.42784606400073244,0.06480279400057043
UTM,290,tm,80.95,0.43223008000040863,0.06478205300027184
UTM,291,tm,81.01,0.43860313999994105,0.06493365500045911
UTM,292,tm,81.10000000000001,0.4288419079994128,0.06389348299944686
UTM,293,tm,80.88,0.43019235500014474,0.06481518300006428
UTM,294,tm,80.97,0.4326233649999267,0.06437477100007527
UTM,295,tm,80.92,0.43702478500017605,0.06408239400025195
UTM,296,tm,80.83,0.4335884209995129,0.06506476799950178
UTM,297,tm,80.88,0.4409373480002614,0.06558070800019777
UTM,298,tm,81.05,0.43109424600061175,0.0649857680000423
UTM,299,tm,80.80000000000001,0.4278292059998421,0.06102743399969768
UTM,300,tm,80.96,0.42589696100003493,0.06464375100040343
UTM,301,tm,80.94,0.43737698900076794,0.06524561799960793
UTM,302,tm,80.97999999999999,0.434820080999998,0.06545409800037305
UTM,303,tm,80.94,0.4283532780000314,0.06443585900069593
UTM,304,tm,80.97999999999999,0.43468415799998184,0.06415003699930821
UTM,305,tm,80.97,0.436286377000215,0.064501255000323
UTM,306,tm,81.05,0.4359753210001145,0.06595455299975583
UTM,307,tm,81.07,0.4336381490002168,0.0650724530005391
UTM,308,tm,81.08,0.433536472999549,0.06722406600056274
UTM,309,tm,81.17999999999999,0.43074065299970243,0.06522668300021905
UTM,310,tm,81.19,0.41699855600018054,0.06361755699981586
UTM,311,tm,81.03,0.4322086350002792,0.06542976300079317
UTM,312,tm,80.75,0.43715993499972683,0.06570512899997993
UTM,313,tm,81.15,0.4303946629997881,0.06535777799945208
UTM,314,tm,81.12,0.43790807599998516,0.06319407299997692
UTM,315,tm,80.92,0.4398589809998157,0.0656845939993218
UTM,316,tm,81.07,0.4338776120002876,0.06475565299933805
UTM,317,tm,80.92,0.42779248700026073,0.06442038700060948
UTM,318,tm,80.86,0.42576309900050546,0.06455226500020217
UTM,319,tm,80.93,0.442470209000021,0.06634911099990859
UTM,320,tm,80.9,0.4307504560001689,0.06445872599942959
UTM,321,tm,80.96,0.4364519509999809,0.0642762360002962
UTM,322,tm,80.78,0.43096783900000446,0.06454590199973609
UTM,323,tm,80.95,0.44130937900081335,0.06538550700042833
UTM,324,tm,80.97,0.4346596639998097,0.06414692799990007
UTM,325,tm,80.95,0.43015554700014036,0.06463375900057144
UTM,326,tm,80.82000000000001,0.43836721900061093,0.06594686999960686
UTM,327,tm,80.78999999999999,0.43418807799935166,0.0677970329998061
UTM,328,tm,80.89,0.434323872999812,0.06423894700037636
UTM,329,tm,80.92,0.4279887680004322,0.06560012700083462
UTM,330,tm,80.94,0.4394085720005023,0.06446344899995893
UTM,331,tm,80.83,0.43798879600035434,0.06551630100057082
UTM,332,tm,80.99,0.42753117499978543,0.06457077799950639
UTM,333,tm,80.99,0.43116912999994383,0.06465740999919944
UTM,334,tm,80.93,0.43591206800010696,0.06821306100027869
UTM,335,tm,80.89,0.43746210700010124,0.06445801699919684
UTM,336,tm,80.99,0.4363068350003232,0.06444049699985044
UTM,337,tm,81.08999999999999,0.4324050020004506,0.06562315299925103
UTM,338,tm,81.08,0.4354702360005831,0.06479071200010367
UTM,339,tm,80.93,0.43385221199969237,0.06575399699977424
UTM,340,tm,80.86,0.4314648620002117,0.0646852959998796
UTM,341,tm,80.97999999999999,0.43715960499957873,0.06457571899954928
UTM,342,tm,80.80000000000001,0.4294659799998044,0.06472993199986377
UTM,343,tm,80.97999999999999,0.4327900979997139,0.06514614099978644
UTM,344,tm,81.08999999999999,0.4326742100001866,0.07006560899935721
UTM,345,tm,80.94,0.4349720049995085,0.06451139599994349
UTM,346,tm,80.9,0.4327510249995612,0.06548959699921397
UTM,347,tm,80.89,0.4338878680000562,0.06557810799949948
UTM,348,tm,80.85,0.4299500500001159,0.0653045099998053
UTM,349,tm,81.08,0.43384709999918414,0.0653130990003774
UTM,350,tm,80.86,0.4416431800000282,0.06497891000071832
UTM,351,tm,80.86,0.4371893320003437,0.06599623799957044
UTM,352,tm,81.13,0.43486158399991837,0.06296668399954797
UTM,353,tm,80.86,0.43065961000047537,0.06491226199977973
UTM,354,tm,81.03,0.4223947459995543,0.06460294600037741
UTM,355,tm,80.93,0.41933815500033234,0.0658536640003149
UTM,356,tm,80.97,0.43130631999974867,0.06456219199935731
UTM,357,tm,81.23,0.43818057400039834,0.06359000400061632
UTM,358,tm,80.95,0.42171090899955743,0.06473964399992838
UTM,359,tm,81.03,0.4280968690000009,0.06592930200076808
UTM,360,tm,80.91000000000001,0.43299920900062716,0.06603206399995543
UTM,361,tm,81.07,0.4278758660002495,0.06558803100051591
UTM,362,tm,80.94,0.4254171770007815,0.06465220999962185
UTM,363,tm,80.77,0.43425170899990917,0.06534404899957735
UTM,364,tm,80.85,0.42857746400022734,0.06467845499992109
UTM,365,tm,80.9,0.42880029099978856,0.06459618900044006
UTM,366,tm,80.73,0.44440099299936264,0.06411261599987483
UTM,367,tm,80.85,0.4395384090003063,0.06564126099965506
UTM,368,tm,80.73,0.43240498900013336,0.06422402099997271
UTM,369,tm,80.86,0.4392305720002696,0.06426588399972388
UTM,370,tm,80.66,0.42396722299963585,0.06499513699964155
UTM,371,tm,80.56,0.4267421779995857,0.06948716999977478
UTM,372,tm,80.62,0.4306943190003949,0.06419254200045543
UTM,373,tm,80.65,0.4327818040001148,0.06434347200047341
UTM,374,tm,80.85,0.43465444299999945,0.06688547199973982
UTM,375,tm,80.44,0.4375149269999383,0.06616447099986544
UTM,376,tm,80.83,0.4344204509998235,0.0653198620002513
UTM,377,tm,80.85,0.4337742360003176,0.06657220200031588
UTM,378,tm,80.60000000000001,0.4349230819998411,0.06425553200006107
UTM,379,tm,80.76,0.4367116610001176,0.06551982000019052
UTM,380,tm,80.82000000000001,0.42759984099939174,0.07141278000017337
UTM,381,tm,80.74,0.4296665289994053,0.06541245100015658
UTM,382,tm,80.93,0.43196880600044096,0.06518024500019237
UTM,383,tm,80.96,0.43202036500042595,0.06387311500020587
UTM,384,tm,80.76,0.4399556440002925,0.06464822100042511
UTM,385,tm,80.72,0.4277531280004041,0.06580349900013971
UTM,386,tm,80.87,0.43448696799987374,0.06444116800048505
UTM,387,tm,80.96,0.43436216400004923,0.06322500300029787
UTM,388,tm,80.78,0.43610898299994005,0.06403980699997192
UTM,389,tm,80.93,0.44143488600002456,0.06568143799995596
UTM,390,tm,80.82000000000001,0.4276624009999068,0.06442812600016623
UTM,391,tm,80.94,0.43336716999965574,0.062788207000267
UTM,392,tm,80.96,0.431642890999683,0.0655109290000837
UTM,393,tm,81.0,0.4320732189999035,0.06615833599971666
UTM,394,tm,81.02000000000001,0.44057416100076807,0.06598255999961111
UTM,395,tm,81.10000000000001,0.43681875899983424,0.06441577599980519
UTM,396,tm,81.10000000000001,0.43543062700064183,0.0627006849999816
UTM,397,tm,81.02000000000001,0.4335892999997668,0.06480540000029578
UTM,398,tm,81.13,0.43629953599975124,0.06668617200011795
UTM,399,tm,80.97,0.4235835549998228,0.06512611899961485
UTM,400,tm,80.80000000000001,0.42992534099994373,0.06495090600037656
UTM,401,tm,81.03,0.43895589299972926,0.06396292800036463
UTM,402,tm,80.97,0.4322703010002442,0.06469179000032454
UTM,403,tm,80.95,0.4305738580005709,0.06455375899986393
UTM,404,tm,80.87,0.4350015379995966,0.06554484599928401
UTM,405,tm,80.94,0.44112877499992464,0.06387462100065022
UTM,406,tm,80.76,0.4235969520004801,0.0634002340002553
UTM,407,tm,80.58,0.4277338560004864,0.06373529000029521
UTM,408,tm,80.77,0.4277865220001331,0.06375367199962056
UTM,409,tm,80.87,0.43675140000050305,0.06541868600015732
UTM,410,tm,80.85,0.4319831319999139,0.06466829200053326
UTM,411,tm,80.91000000000001,0.4257874229997469,0.06501953499991941
UTM,412,tm,80.81,0.4283394340000086,0.06575501399947825
UTM,413,tm,80.80000000000001,0.4244124249999004,0.06569751999995788
UTM,414,tm,80.87,0.4304791539998405,0.07189061099961691
UTM,415,tm,80.95,0.43241026800023974,0.06450403700000606
UTM,416,tm,81.04,0.42962308100049995,0.06464657499964233
UTM,417,tm,80.87,0.440169651999895,0.06482056499953615
UTM,418,tm,80.85,0.43464808899989293,0.07049186499989446
UTM,419,tm,80.96,0.4232413790005012,0.06511262099957094
UTM,420,tm,80.9,0.4375526690000697,0.06462238000040088
UTM,421,tm,81.01,0.4361636809999254,0.06596045799960848
UTM,422,tm,80.99,0.42455070899995917,0.06600682000043889
UTM,423,tm,80.87,0.4356809559994872,0.06417897499977698
UTM,424,tm,80.91000000000001,0.43594714700066106,0.06594047499947919
UTM,425,tm,80.72,0.42664947699995537,0.06501295599991863
UTM,426,tm,80.75,0.4272359389997291,0.07031247200029611
UTM,427,tm,80.69,0.4304044040000008,0.06570406399987405
UTM,428,tm,80.89,0.4321805609997682,0.06509045399980096
UTM,429,tm,80.82000000000001,0.4333056639998176,0.06616862600003515
UTM,430,tm,80.57,0.42823535699972126,0.06413178100046935
UTM,431,tm,80.86,0.43621622000046045,0.06544013100028678
UTM,432,tm,80.77,0.4372762140001214,0.06621773499955452
UTM,433,tm,80.75,0.4205937349997839,0.06455068600007507
UTM,434,tm,80.85,0.4403716249998979,0.0650888459995258
UTM,435,tm,80.92,0.4300871269997515,0.06442415699984849
UTM,436,tm,80.82000000000001,0.42958277799971256,0.07025457799954893
UTM,437,tm,80.80000000000001,0.4357375069994305,0.06529155299995182
UTM,438,tm,80.91000000000001,0.4355256400003782,0.0653498869996838
UTM,439,tm,80.96,0.42869616099960695,0.06471355200028484
UTM,440,tm,80.69,0.44443856199995935,0.06627731999924436
UTM,441,tm,80.78,0.43243425600030605,0.06643591800002469
UTM,442,tm,80.81,0.4231533459997081,0.06458687899976212
UTM,443,tm,80.72,0.4416432549996898,0.0648932309995871
UTM,444,tm,80.84,0.4379238669998813,0.06466510100017331
UTM,445,tm,80.61,0.4313862679991871,0.064588219000143
UTM,446,tm,80.61,0.4401868619997913,0.06726462899951002
UTM,447,tm,80.73,0.427067034999709,0.06527920099961193
UTM,448,tm,80.80000000000001,0.4216997519997676,0.06545418499990774
UTM,449,tm,80.95,0.42599452499962354,0.06549574899963773
UTM,450,tm,80.78,0.43078421900008834,0.06413721299941244
UTM,451,tm,80.85,0.43111576799947215,0.06428087099993718
UTM,452,tm,80.81,0.4348548749994734,0.0656531709992123
UTM,453,tm,80.80000000000001,0.4353609919999144,0.06526375200064649
UTM,454,tm,80.69,0.4425184910005555,0.06470837199958623
UTM,455,tm,80.78999999999999,0.42300826300015615,0.06431933299973025
UTM,456,tm,80.64,0.43323640000016894,0.06484032499975001
UTM,457,tm,80.75,0.4350446270000248,0.06472117200064531
UTM,458,tm,80.78999999999999,0.4375005450001481,0.06407917399974394
UTM,459,tm,80.80000000000001,0.43667617600021913,0.06447050699989632
UTM,460,tm,80.67999999999999,0.4361788799997157,0.06445157100006327
UTM,461,tm,80.84,0.43164233199968294,0.06556153400015319
UTM,462,tm,80.64,0.4267645489999268,0.06447446999936801
UTM,463,tm,80.54,0.43486671299979207,0.06451153000034537
UTM,464,tm,80.78999999999999,0.4379575789998853,0.06466661400008888
UTM,465,tm,80.80000000000001,0.4274665319999258,0.0650016700001288
UTM,466,tm,80.84,0.44045462400026736,0.06565773600050306
UTM,467,tm,81.03,0.43813587299973733,0.06403496399980213
UTM,468,tm,80.78,0.43280821400003333,0.06483814200055349
UTM,469,tm,80.76,0.437186150999878,0.06493679400045949
UTM,470,tm,80.74,0.43439570700047625,0.06434753499979706
UTM,471,tm,80.4,0.42628525600048306,0.06405443600033323
UTM,472,tm,80.65,0.43649530800030334,0.06535869199979061
UTM,473,tm,80.85,0.4382839600002626,0.06533190699974512
UTM,474,tm,80.86,0.43557274199974927,0.06453336300000956
UTM,475,tm,80.72,0.4408372269999745,0.06447690699951636
UTM,476,tm,80.72,0.4333894719993623,0.0656366760003948
UTM,477,tm,80.82000000000001,0.4373576629996023,0.0644867199998771
UTM,478,tm,80.96,0.42363512000065384,0.06596768200051883
UTM,479,tm,80.80000000000001,0.4373356739997689,0.06499280800017004
UTM,480,tm,80.72,0.4359059990001697,0.06448309300049004
UTM,481,tm,80.91000000000001,0.4263484339999195,0.06543370600047638
UTM,482,tm,80.82000000000001,0.43925836500056903,0.0646928599999228
UTM,483,tm,80.73,0.4344777440001053,0.06515097500050615
UTM,484,tm,80.89,0.432772365999881,0.06497645099989313
UTM,485,tm,81.02000000000001,0.4443102870000075,0.06581004400050006
UTM,486,tm,81.13,0.43855497799995646,0.064804476000063
UTM,487,tm,80.96,0.43903680900075415,0.06506875799914269
UTM,488,tm,81.0,0.4364735589997508,0.06434679399990273
UTM,489,tm,80.9,0.43177856000056636,0.06302906299970346
UTM,490,tm,80.93,0.4302036439994481,0.06418358200062357
UTM,491,tm,80.81,0.44776088100024936,0.06400024100003066
UTM,492,tm,80.92,0.4366591640000479,0.06397592400026042
UTM,493,tm,80.87,0.4354472220002208,0.06493902900001558
UTM,494,tm,80.94,0.4372631510004794,0.06533430699983
UTM,495,tm,80.72,0.4362862859998131,0.06443185100033588
UTM,496,tm,81.03,0.4369711559993448,0.06586672299999918
UTM,497,tm,80.97,0.4362589760003175,0.06477295799959393
UTM,498,tm,81.05,0.4368893559994831,0.06485825999970984
UTM,499,tm,81.08999999999999,0.43626893400050903,0.06536031900031958
UTM,500,tm,80.85,0.44524280599944177,0.06512103600016417
WTM,1,tm,77.82,0.35917662300016673,0.06738784800018038
WTM,2,tm,77.53999999999999,0.3361940200002209,0.066742312000315
WTM,3,tm,78.64,0.3187835790004101,0.06572275899998203
WTM,4,tm,79.12,0.31269473699921946,0.06667442499929166
WTM,5,tm,77.61,0.3173205840002993,0.06846178300020256
WTM,6,tm,79.21000000000001,0.30212481999933516,0.06696621299943217
WTM,7,tm,80.2,0.30654490899996745,0.06691873199997644
WTM,8,tm,78.03999999999999,0.3098999049998383,0.06817565900018963
WTM,9,tm,79.62,0.30749851200016565,0.06809362300009525
WTM,10,tm,80.03,0.2987034349998794,0.06516863300021214
WTM,11,tm,79.54,0.28945963899968774,0.06695336200027668
WTM,12,tm,79.47999999999999,0.29272919800041564,0.06732077600008779
WTM,13,tm,80.95,0.29373507000036625,0.0673574889997326
WTM,14,tm,80.41,0.2901048429994262,0.06686991500009754
WTM,15,tm,80.10000000000001,0.28480855399993743,0.06728352400023141
WTM,16,tm,80.04,0.29453615700003866,0.06654981699921336
WTM,17,tm,81.01,0.28923311899961845,0.06953095300013956
WTM,18,tm,81.05,0.2915199510007369,0.06839846499951818
WTM,19,tm,80.97999999999999,0.29456055799983005,0.06723294800030999
WTM,20,tm,79.97,0.28640328199981013,0.0672615470002711
WTM,21,tm,80.96,0.28718387599928974,0.06891244899998128
WTM,22,tm,80.64,0.2934096650005813,0.06767919499998243
WTM,23,tm,80.65,0.28675837999981013,0.0686844050005675
WTM,24,tm,79.7,0.29364225500012253,0.07172154500040051
WTM,25,tm,80.4,0.2833848170002966,0.06899359699946217
WTM,26,tm,79.86999999999999,0.2854605939992325,0.0680156859998533
WTM,27,tm,80.33,0.2828804250002577,0.0683649049997257
WTM,28,tm,80.84,0.2924404499999582,0.06740495800022472
WTM,29,tm,80.53,0.2876975899998797,0.0669948149998163
WTM,30,tm,80.16,0.2902116389996081,0.06910134400004608
WTM,31,tm,80.13,0.28060906999962754,0.0690320090006935
WTM,32,tm,80.9,0.28546623999955045,0.06764917600048648
WTM,33,tm,80.07,0.27074287599953095,0.06952109800022299
WTM,34,tm,81.28,0.2847059280002213,0.06918655499976012
WTM,35,tm,81.39,0.2848068900002545,0.0682564660000935
WTM,36,tm,81.11,0.2718172909999339,0.06811473499965359
WTM,37,tm,81.34,0.2816837129994383,0.06643558599989774
WTM,38,tm,80.07,0.2811305260001973,0.06910015399989788
WTM,39,tm,81.54,0.287861585000428,0.06782488699991518
WTM,40,tm,81.54,0.2806355809998422,0.06689050200020574
WTM,41,tm,81.39999999999999,0.2807358279997061,0.0698653600002217
WTM,42,tm,81.36,0.28351738400033355,0.0664145880000433
WTM,43,tm,81.01,0.2766667639998559,0.0694948709997334
WTM,44,tm,81.83,0.279367662000368,0.06925827899976866
WTM,45,tm,79.81,0.28015769600006024,0.06716158900053415
WTM,46,tm,81.32000000000001,0.2808695430003354,0.06800505300088844
WTM,47,tm,81.28999999999999,0.2800293439995585,0.06516326400014805
WTM,48,tm,81.33,0.2839471979996233,0.067445902000145
WTM,49,tm,80.44,0.27490634599962505,0.06806233400038764
WTM,50,tm,81.57,0.2800257969993254,0.06777887899988855
WTM,51,tm,81.45,0.2778172970001833,0.06636351500037563
WTM,52,tm,80.64,0.28570293499979016,0.06797313600054622
WTM,53,tm,81.47999999999999,0.28636334800012264,0.06817912299993623
WTM,54,tm,80.73,0.28159707999930106,0.06861089900030493
WTM,55,tm,81.19,0.28139540599931934,0.06975273799980641
WTM,56,tm,80.30000000000001,0.28153314700011833,0.0687358850000237
WTM,57,tm,81.89,0.27734987500025454,0.06875207700068131
WTM,58,tm,81.62,0.278736320000462,0.06799474799936434
WTM,59,tm,81.27,0.2835511060002318,0.06915708000087761
WTM,60,tm,81.63,0.277474735999931,0.06756764999954612
WTM,61,tm,80.93,0.27707133300009446,0.0663972600004854
WTM,62,tm,82.41000000000001,0.28225102499982313,0.06828191699969466
WTM,63,tm,82.0,0.27902212199933274,0.06695516699983273
WTM,64,tm,81.81,0.27607897500001854,0.06847059099982289
WTM,65,tm,80.93,0.28816099499999837,0.06928038799924252
WTM,66,tm,80.64,0.27695526699972106,0.06816578500001924
WTM,67,tm,81.76,0.27864438599954156,0.06730033500025456
WTM,68,tm,81.41000000000001,0.27550632300062716,0.06737594100013666
WTM,69,tm,81.69999999999999,0.277790811000159,0.06769338899994182
WTM,70,tm,81.44,0.28564149199974054,0.06731051499991736
WTM,71,tm,81.58,0.28304357399974833,0.06756833899999037
WTM,72,tm,81.15,0.27600361300028453,0.06749263600067934
WTM,73,tm,81.71000000000001,0.2821998080007688,0.06720201600001019
WTM,74,tm,80.88,0.291831505999653,0.06881466599952546
WTM,75,tm,81.35,0.2787486169991098,0.06689514299978327
WTM,76,tm,81.77,0.28201568399981625,0.06845097099994746
WTM,77,tm,81.67,0.2870192999998835,0.06712659699951473
WTM,78,tm,81.89999999999999,0.2827340029998595,0.07639104000008956
WTM,79,tm,82.38,0.28242972699990787,0.06930241399913939
WTM,80,tm,81.13,0.277585970000473,0.06851135200031422
WTM,81,tm,80.7,0.27836679099982575,0.06853170100021089
WTM,82,tm,81.81,0.2806936509996376,0.06734307400074613
WTM,83,tm,81.78,0.28123986999980843,0.06775752199973795
WTM,84,tm,82.35,0.27937455600022076,0.06846704199961096
WTM,85,tm,81.82000000000001,0.2891290190000291,0.06923568799993518
WTM,86,tm,81.47999999999999,0.28847451499950694,0.06789250499969057
WTM,87,tm,81.52000000000001,0.27631943600044906,0.06828221499927167
WTM,88,tm,80.58,0.28165979200002766,0.06792379299986351
WTM,89,tm,80.96,0.27562021799985814,0.06839344000036363
WTM,90,tm,81.23,0.2764471999998932,0.0692973310005982
WTM,91,tm,80.87,0.2782669509997504,0.06807427900002949
WTM,92,tm,80.81,0.2792850369996813,0.07656334600051196
WTM,93,tm,80.35,0.2744869709995328,0.06895800799975405
WTM,94,tm,81.56,0.2809963190002236,0.06762352199984889
WTM,95,tm,80.76,0.2832343270001729,0.06736718499996641
WTM,96,tm,81.43,0.28172527399965475,0.06742890499936038
WTM,97,tm,81.3,0.2815051739999035,0.07434756300062872
WTM,98,tm,81.77,0.27148949899947183,0.06756902100005391
WTM,99,tm,81.88,0.27739983100036625,0.06850434500029223
WTM,100,tm,81.16,0.2752258949994939,0.06785393899917835
WTM,101,tm,82.04,0.27987978199962527,0.06843348100028379
WTM,102,tm,80.92,0.2935871520003275,0.06755364699984057
WTM,103,tm,80.36,0.27621534900026745,0.06775087299956795
WTM,104,tm,81.31,0.27332701700015605,0.06634766400020453
WTM,105,tm,81.82000000000001,0.2758640910005852,0.06823805699968943
WTM,106,tm,81.24,0.27156745599950227,0.06856967000021541
WTM,107,tm,81.61,0.2827346909998596,0.0667373280002721
WTM,108,tm,81.22,0.2781562780000968,0.06801394899957813
WTM,109,tm,81.69999999999999,0.28661843499958195,0.06720304400005261
WTM,110,tm,80.47999999999999,0.27527278199977445,0.069269140999495
WTM,111,tm,80.73,0.2828599079994092,0.06927671900029964
WTM,112,tm,81.43,0.2795117499999833,0.06794602500031033
WTM,113,tm,80.74,0.2713410340002156,0.06882397699973808
WTM,114,tm,81.61,0.2858480940003574,0.06751871100004792
WTM,115,tm,81.72,0.2785743349995755,0.06836681100048736
WTM,116,tm,78.31,0.27230538799994974,0.06664791099956346
WTM,117,tm,82.14,0.2699399130005986,0.06986022900036915
WTM,118,tm,81.39,0.27362472499953583,0.06542210299994622
WTM,119,tm,81.17,0.27217866299997695,0.0676952750000055
WTM,120,tm,81.02000000000001,0.2793465400000059,0.06740639899999223
WTM,121,tm,81.51,0.27688577199933206,0.06710199400004058
WTM,122,tm,81.31,0.2722671050005374,0.06747723499938729
WTM,123,tm,81.03,0.27414821700040193,0.06400627800030634
WTM,124,tm,82.34,0.2675856030000432,0.06487694600036775
WTM,125,tm,79.75999999999999,0.2703841739994459,0.06703654499960976
WTM,126,tm,81.47,0.2771876299993892,0.06727084799967997
WTM,127,tm,81.04,0.27709611099999165,0.0684315329999663
WTM,128,tm,81.92,0.2775694239999211,0.06863070799954585
WTM,129,tm,81.13,0.2735713559995929,0.06785451500036288
WTM,130,tm,79.35,0.2723905349994311,0.07021862300007342
WTM,131,tm,81.38,0.28469030799988104,0.06909424199966452
WTM,132,tm,81.2,0.2742651129992737,0.06935819299997092
WTM,133,tm,81.2,0.2780085329995927,0.06896074599990243
WTM,134,tm,81.54,0.2762529589999758,0.06798275799974363
WTM,135,tm,81.94,0.27849943900037033,0.06721431799996935
WTM,136,tm,79.97,0.28453328300020075,0.06795699699978286
WTM,137,tm,81.24,0.2844077159998051,0.06781104299989238
WTM,138,tm,80.76,0.2727295469994715,0.06881449600041378
WTM,139,tm,81.06,0.2760994150003171,0.06827781599986338
WTM,140,tm,81.66,0.2808796489998713,0.06804666000061843
WTM,141,tm,81.15,0.2788606250005614,0.06897765099984099
WTM,142,tm,81.73,0.27176945400060504,0.06843474899960711
WTM,143,tm,82.05,0.27991796100013744,0.06944635699983337
WTM,144,tm,81.75,0.2839333740002985,0.06899503800013917
WTM,145,tm,81.46,0.2854139260007287,0.06931077399985952
WTM,146,tm,81.88,0.2866014580004048,0.06715460899977188
WTM,147,tm,81.47,0.27324198200039973,0.06805121499928646
WTM,148,tm,81.82000000000001,0.2713802329999453,0.0683325039999545
WTM,149,tm,81.71000000000001,0.2832356869994328,0.06741910800064943
WTM,150,tm,81.25,0.27236737000021094,0.06721711600039271
WTM,151,tm,80.84,0.28090028499991604,0.06804219900004682
WTM,152,tm,80.52,0.2760848409998289,0.06733992400040734
WTM,153,tm,80.02,0.2677676839994092,0.06861710099929041
WTM,154,tm,80.73,0.26853286100049445,0.06826272899979813
WTM,155,tm,82.48,0.282878685000469,0.06790013200043177
WTM,156,tm,81.38,0.279247452999698,0.06882057300026645
WTM,157,tm,82.26,0.2823456870000882,0.06687676700039447
WTM,158,tm,81.91000000000001,0.2739132200003951,0.06874420000076498
WTM,159,tm,81.57,0.2719541570004367,0.06754800499948033
WTM,160,tm,81.15,0.26396400300018286,0.06656292199932068
WTM,161,tm,79.99000000000001,0.2734273399992162,0.06786164900040603
WTM,162,tm,82.15,0.26768745400022453,0.06831195500035392
WTM,163,tm,81.31,0.27035250700009783,0.0680054790000213
WTM,164,tm,81.73,0.27048759300032543,0.0662037899992356
WTM,165,tm,81.66,0.27327678900019237,0.06855119099964213
WTM,166,tm,82.07,0.2834321620002811,0.06843201699939527
WTM,167,tm,82.0,0.27272459699997853,0.0683144810000158
WTM,168,tm,81.32000000000001,0.2750671310004691,0.06844220199945994
WTM,169,tm,81.64,0.277586328000325,0.06900398800007679
WTM,170,tm,80.97999999999999,0.2794689769998513,0.06994544900044275
WTM,171,tm,82.14,0.27666069099996093,0.06940205800037802
WTM,172,tm,81.67999999999999,0.2806682559994442,0.06912644299973181
WTM,173,tm,81.17,0.2867969560002166,0.06857029399998282
WTM,174,tm,81.89,0.2718693879996863,0.06906358400010504
WTM,175,tm,79.94,0.2731018430004042,0.06798363599955337
WTM,176,tm,81.25,0.275854774000436,0.06728661299985106
WTM,177,tm,82.57,0.285948224999629,0.06752637600038724
WTM,178,tm,81.12,0.27463607899971976,0.06794697100031044
WTM,179,tm,81.38,0.27543940099985775,0.07141743099964515
WTM,180,tm,81.13,0.27546003899988136,0.06790188800005126
WTM,181,tm,81.6,0.27165021000018896,0.06755966500077193
WTM,182,tm,82.15,0.27778090900028474,0.0697499580001022
WTM,183,tm,82.09,0.28657004899923777,0.06573703100002604
WTM,184,tm,80.72,0.26952986500054976,0.06720024700007343
WTM,185,tm,81.85,0.2760450369996761,0.06761917099993298
WTM,186,tm,81.51,0.273162694000348,0.06760426700020616
WTM,187,tm,82.01,0.2824738110002727,0.0683493050000834
WTM,188,tm,80.78999999999999,0.2737777479997021,0.06903690600029222
WTM,189,tm,81.05,0.2736294980004459,0.06755943600001046
WTM,190,tm,80.80000000000001,0.26493844499964325,0.0693819429998257
WTM,191,tm,82.07,0.2755589960006546,0.06767599000068003
WTM,192,tm,81.58999999999999,0.27486066600067716,0.0674822929995571
WTM,193,tm,82.17999999999999,0.2674699409999448,0.0680931890001375
WTM,194,tm,82.03,0.28127507400040486,0.0676919210000051
WTM,195,tm,81.56,0.2739998930001093,0.06840895500045008
WTM,196,tm,82.35,0.2860463739998522,0.06681467199996405
WTM,197,tm,81.55,0.27684058399972855,0.06819393499972648
WTM,198,tm,81.46,0.28261842899974,0.06705217799935781
WTM,199,tm,81.06,0.2720006479994481,0.06876722600009089
WTM,200,tm,81.89999999999999,0.2679806589994769,0.06933673799994722
WTM,201,tm,80.85,0.27585849200022494,0.06865381900024659
WTM,202,tm,81.56,0.2857711950000521,0.06690971999978501
WTM,203,tm,81.76,0.2717975599998681,0.06910260299991933
WTM,204,tm,81.38,0.2805572689994733,0.06937872300022718
WTM,205,tm,81.83,0.2721472350003751,0.06846238199977961
WTM,206,tm,82.47,0.281745846999911,0.06789017600021907
WTM,207,tm,82.02000000000001,0.27384520299983706,0.07075879999956669
WTM,208,tm,82.55,0.27633735300059925,0.06899804499971651
WTM,209,tm,81.55,0.27625761600029364,0.06797107700003835
WTM,210,tm,80.96,0.27710246999959054,0.06818196499989426
WTM,211,tm,81.6,0.27379465300055017,0.06950828100070794
WTM,212,tm,80.87,0.282470779000505,0.06713344099989627
WTM,213,tm,82.50999999999999,0.277232140999331,0.0692180690002715
WTM,214,tm,82.19,0.28417602899935446,0.06875212300019484
WTM,215,tm,81.89999999999999,0.27260926100007055,0.06743331699999544
WTM,216,tm,81.19,0.27474581400019815,0.06694659499953559
WTM,217,tm,81.38,0.2745226300003196,0.06866919599997345
WTM,218,tm,81.52000000000001,0.27113262500006385,0.06466898899998341
WTM,219,tm,82.1,0.27072575700003654,0.06974333799917076
WTM,220,tm,81.77,0.27693631000056484,0.06828534099986427
WTM,221,tm,81.8,0.2724731980006254,0.06700188299964793
WTM,222,tm,81.15,0.27103629899920634,0.06915695299994695
WTM,223,tm,82.19999999999999,0.27014051500009373,0.06767188200046803
WTM,224,tm,81.12,0.27719462500044756,0.06770534800034511
WTM,225,tm,80.9,0.2758002379996469,0.06912421800006996
WTM,226,tm,80.86,0.27582986500055995,0.06813116499961325
WTM,227,tm,81.95,0.27485369500027446,0.0685359539993442
WTM,228,tm,81.46,0.2756815579996328,0.06767493699953775
WTM,229,tm,81.32000000000001,0.2754586860000927,0.06762446900029317
WTM,230,tm,80.9,0.27031705700028397,0.06764654200014775
WTM,231,tm,81.78,0.2876297489992794,0.06787829400036571
WTM,232,tm,82.3,0.2693759069998123,0.06926953800029878
WTM,233,tm,81.93,0.28261096799997176,0.07117067000035604
WTM,234,tm,82.28,0.2728196529997149,0.0686051660004523
WTM,235,tm,81.78,0.2727542140000878,0.06767173899970658
WTM,236,tm,82.6,0.2702057500000592,0.06749641500027792
WTM,237,tm,81.58,0.2760213260007731,0.06930591800028196
WTM,238,tm,81.8,0.28038700700017216,0.07000513399998454
WTM,239,tm,82.07,0.2857229359997291,0.06706357199982449
WTM,240,tm,81.41000000000001,0.28222939199986286,0.06845587499992689
WTM,241,tm,81.92,0.2718264889999773,0.0678882270003669
WTM,242,tm,82.06,0.2784602410001753,0.06856417000017245
WTM,243,tm,81.75,0.2740870850002466,0.06701677199998812
WTM,244,tm,82.69,0.27600947900009487,0.06808506299967121
WTM,245,tm,81.3,0.2745276650002779,0.06854138700055046
WTM,246,tm,81.53,0.28355368800021097,0.06788711299941497
WTM,247,tm,81.01,0.27497710900024686,0.06960276500012696
WTM,248,tm,82.45,0.2796141919998263,0.06661557899951731
WTM,249,tm,81.89999999999999,0.2753927269995984,0.06732698299947515
WTM,250,tm,80.87,0.26696228999935556,0.06718470900068496
WTM,251,tm,81.28999999999999,0.266627852000056,0.06792895099988527
WTM,252,tm,81.77,0.2769314500001201,0.0682587869996496
WTM,253,tm,80.86,0.2670174679997217,0.06650256000011723
WTM,254,tm,81.39,0.26922621300036553,0.06714692900004593
WTM,255,tm,81.39999999999999,0.27282279300015944,0.06865442699927371
WTM,256,tm,81.54,0.27297869299945887,0.06674707399997715
WTM,257,tm,81.49,0.2759344530004455,0.06683198900009302
WTM,258,tm,82.14,0.267954527999791,0.0666876779996528
WTM,259,tm,81.73,0.2695135260000825,0.06859488600002805
WTM,260,tm,81.3,0.2563676769996164,0.06720777999998973
WTM,261,tm,80.2,0.2732411890001458,0.06792069399944012
WTM,262,tm,81.01,0.27590478699949017,0.06794858500052214
WTM,263,tm,80.76,0.27464252900063,0.06723201099975995
WTM,264,tm,81.04,0.2694331329994384,0.06754424099926837
WTM,265,tm,81.78999999999999,0.26526291000027413,0.06770104499992158
WTM,266,tm,82.23,0.2771440830001666,0.06812812599946483
WTM,267,tm,80.80000000000001,0.27535967899984826,0.06832805700014433
WTM,268,tm,82.23,0.277804639000351,0.06625069599976996
WTM,269,tm,82.35,0.2751066920000085,0.0684866259998671
WTM,270,tm,81.55,0.26137200399989524,0.06898440799977834
WTM,271,tm,82.07,0.26701903299999685,0.06704178499967384
WTM,272,tm,80.92,0.27407808800035127,0.06739576699965255
WTM,273,tm,82.1,0.277362914999685,0.06757558099980088
WTM,274,tm,81.0,0.2681224830002975,0.06879394299994601
WTM,275,tm,82.01,0.27421394000066357,0.06843788799960748
WTM,276,tm,81.21000000000001,0.2769047000001592,0.06759594599952834
WTM,277,tm,81.73,0.28132119299971237,0.0684483810000529
WTM,278,tm,81.10000000000001,0.2769238470000346,0.06809456599967234
WTM,279,tm,82.59,0.28643283499968675,0.06668901200009714
WTM,280,tm,81.89,0.27451087099962024,0.0679908849997446
WTM,281,tm,82.04,0.27153584199913894,0.06922008900073706
WTM,282,tm,81.56,0.2797369499994602,0.06814659600058803
WTM,283,tm,81.63,0.2817154260001189,0.06714795399966533
WTM,284,tm,81.8,0.2728187639995667,0.06839921399932791
WTM,285,tm,82.26,0.274940771000729,0.0690576119995967
WTM,286,tm,81.23,0.2770275100001527,0.06819008999991638
WTM,287,tm,82.26,0.2697212769999169,0.06725909499982663
WTM,288,tm,81.52000000000001,0.2678562979999697,0.06842648700057907
WTM,289,tm,82.03,0.29342470099982165,0.06756223399952432
WTM,290,tm,81.72,0.2881732069999998,0.06743345300037618
WTM,291,tm,81.8,0.2770743819992276,0.06964574700032244
WTM,292,tm,81.3,0.2776998999997886,0.06826980200003163
WTM,293,tm,81.47999999999999,0.2737242019993573,0.06835275400044338
WTM,294,tm,81.14,0.2766296509998938,0.06799288199999864
WTM,295,tm,82.03,0.2745991869996942,0.06751076700038539
WTM,296,tm,82.05,0.27225615400038805,0.06838848000006692
WTM,297,tm,81.47999999999999,0.28163469199989777,0.06736718100000871
WTM,298,tm,81.5,0.275222856000255,0.06766672100002324
WTM,299,tm,81.78,0.2693621010002971,0.0680442380007662
WTM,300,tm,81.12,0.26715656200030935,0.06818773300074099
WTM,301,tm,81.87,0.2823787090001133,0.066922083999998
WTM,302,tm,81.91000000000001,0.28646365200074797,0.06788865399994393
WTM,303,tm,81.92,0.2672708930003864,0.06753811500038864
WTM,304,tm,81.75,0.2810418180006309,0.06719742600034806
WTM,305,tm,81.76,0.27366713100036577,0.06732688800002506
WTM,306,tm,80.77,0.27058157500050584,0.06888984199940751
WTM,307,tm,82.22,0.27658429500024795,0.06855103799989593
WTM,308,tm,81.89999999999999,0.2718415420004021,0.0688470300001427
WTM,309,tm,81.34,0.2736019160001888,0.06824230300026102
WTM,310,tm,81.71000000000001,0.26987659399947006,0.06864434100043582
WTM,311,tm,80.96,0.26621813800011296,0.06913151400021889
WTM,312,tm,80.12,0.27740656599962676,0.06839027600017289
WTM,313,tm,81.75,0.27844197299964435,0.06875845600006869
WTM,314,tm,81.51,0.2767498640005215,0.06978731599974708
WTM,315,tm,80.67,0.27841729700048745,0.0678887259991825
WTM,316,tm,82.01,0.27655310000045574,0.06854363000002195
WTM,317,tm,80.94,0.27294453400008933,0.0675620189995243
WTM,318,tm,80.74,0.28140128900031414,0.06804388999989897
WTM,319,tm,82.02000000000001,0.2709348129992577,0.06910966700070276
WTM,320,tm,81.39,0.2815413359994636,0.06785664400013047
WTM,321,tm,81.87,0.2642729060007696,0.06885694300035539
WTM,322,tm,81.88,0.2742668910004795,0.06854621799993765
WTM,323,tm,81.24,0.2798936359995423,0.07016858400038473
WTM,324,tm,81.08999999999999,0.28714565800055425,0.06762477099982789
WTM,325,tm,81.76,0.27555516899974464,0.06811410599948431
WTM,326,tm,81.67,0.2743237760005286,0.06745838199913123
WTM,327,tm,81.96,0.2687116570004946,0.0676373300002524
WTM,328,tm,82.16,0.27015301899973565,0.06898628799990547
WTM,329,tm,81.15,0.27411244199993234,0.06803763799962326
WTM,330,tm,81.5,0.2759784899999431,0.0676619979994939
WTM,331,tm,81.78999999999999,0.2715820479998001,0.0677793050008404
WTM,332,tm,81.8,0.27155867500005115,0.06894332699994266
WTM,333,tm,80.80000000000001,0.2698372719996769,0.06903209499978402
WTM,334,tm,81.39999999999999,0.27112967999983084,0.0684980509995512
WTM,335,tm,82.03,0.27317895800024417,0.06923019599980762
WTM,336,tm,82.07,0.27197344500018517,0.06722774199988635
WTM,337,tm,82.01,0.2796720540000024,0.0679814670002088
WTM,338,tm,81.88,0.28324061400053324,0.06902454499959276
WTM,339,tm,80.91000000000001,0.2752163119994293,0.06916924400047719
WTM,340,tm,80.47,0.26471554999989166,0.06774645200039231
WTM,341,tm,81.75,0.2755884040007004,0.06922486199982814
WTM,342,tm,80.56,0.2762815589994716,0.06897417200070777
WTM,343,tm,80.88,0.27290206199995737,0.07218830399961007
WTM,344,tm,81.0,0.2743692660005763,0.06846220499937772
WTM,345,tm,81.93,0.2803525310000623,0.0695813239999552
WTM,346,tm,81.01,0.2711051429996587,0.06917640099982236
WTM,347,tm,81.71000000000001,0.27743806800026505,0.06794740599980287
WTM,348,tm,81.41000000000001,0.276522240000304,0.06756079699971451
WTM,349,tm,82.53,0.27942920199984655,0.06849298699944484
WTM,350,tm,82.1,0.27054927199969825,0.06847037700026704
WTM,351,tm,81.95,0.2752786080000078,0.0685402660001273
WTM,352,tm,81.01,0.2751689589995294,0.06714993300010974
WTM,353,tm,81.5,0.2802549320003891,0.06733991500004777
WTM,354,tm,81.08999999999999,0.27547856500041235,0.06817327899989323
WTM,355,tm,80.9,0.275461197000368,0.06826444999933301
WTM,356,tm,80.95,0.2770873780000329,0.06850620699970023
WTM,357,tm,82.0,0.27428702599991084,0.0687979849999465
WTM,358,tm,82.08,0.28799407400038035,0.0686212450000312
WTM,359,tm,82.57,0.2755002309995689,0.06874022000010882
WTM,360,tm,81.15,0.2735293880004974,0.06829393400039407
WTM,361,tm,81.31,0.2799877649995324,0.06834055800027272
WTM,362,tm,81.69,0.2732660080000642,0.0681840409997676
WTM,363,tm,81.64,0.2801792390000628,0.06783290099974693
WTM,364,tm,81.58,0.2742976079998698,0.06957287099976384
WTM,365,tm,82.64,0.2886166680000315,0.06739442799971584
WTM,366,tm,80.63,0.2743506070000876,0.0676320440006748
WTM,367,tm,80.97,0.2755642900001476,0.06966077800007042
WTM,368,tm,80.96,0.2789310640000622,0.0692497749996619
WTM,369,tm,81.3,0.2797214840002198,0.06817475600018952
WTM,370,tm,80.74,0.27928218099987134,0.0682155660006174
WTM,371,tm,79.10000000000001,0.27759673499986093,0.06860502699964854
WTM,372,tm,81.91000000000001,0.2706505249998372,0.06921158600016497
WTM,373,tm,81.86,0.2725245619994894,0.06867710099959368
WTM,374,tm,82.03,0.2810347590002493,0.06770719799988001
WTM,375,tm,81.14,0.27681377899989457,0.06675265200010472
WTM,376,tm,81.3,0.26999766300014016,0.0689836789997571
WTM,377,tm,81.55,0.2757663840002351,0.06668116400032886
WTM,378,tm,81.8,0.2756645839999692,0.06865666300018347
WTM,379,tm,81.86,0.27236807999997836,0.06710394800029462
WTM,380,tm,81.87,0.2762124520004363,0.06773776699992595
WTM,381,tm,81.62,0.2639653830001407,0.06686330299999099
WTM,382,tm,82.33,0.2696237049995034,0.06750373199975002
WTM,383,tm,82.89,0.2743956819995219,0.0684263959992677
WTM,384,tm,81.58999999999999,0.27651705900007073,0.06717055500030256
WTM,385,tm,82.38,0.2721906229999149,0.06834433399944828
WTM,386,tm,82.36,0.2725200960003349,0.06921665400022903
WTM,387,tm,81.64,0.26797881800030154,0.06929161099924386
WTM,388,tm,81.55,0.26672901199981425,0.0669331549997878
WTM,389,tm,80.52,0.27056707100018684,0.06866365800033236
WTM,390,tm,81.52000000000001,0.27689409899994644,0.06835930299985193
WTM,391,tm,80.84,0.2717876440001419,0.06868529100029264
WTM,392,tm,81.67,0.28046887300024537,0.06791685300049721
WTM,393,tm,81.8,0.27136665699981677,0.06792849300018133
WTM,394,tm,81.39999999999999,0.2697336249993896,0.06864262199997029
WTM,395,tm,81.6,0.27541263199964305,0.0679182320000109
WTM,396,tm,81.5,0.27524933099994087,0.06856346699987625
WTM,397,tm,81.84,0.27672559100028593,0.06692313399980776
WTM,398,tm,81.93,0.27362001900019095,0.06869533600001887
WTM,399,tm,81.58999999999999,0.2718104229998062,0.06635898599961365
WTM,400,tm,80.07,0.2786769780004761,0.06856963599966548
WTM,401,tm,81.19,0.27987819999998464,0.06886773600035667
WTM,402,tm,81.72,0.26982987099927414,0.0686421540003721
WTM,403,tm,81.83,0.2728017160006857,0.06849343800058705
WTM,404,tm,80.71000000000001,0.2745115670004452,0.068168316000083
WTM,405,tm,80.51,0.2678874999992331,0.06970488000024488
WTM,406,tm,81.35,0.28468854499988083,0.0676322680001249
WTM,407,tm,81.45,0.2759985719994802,0.06882761199995002
WTM,408,tm,79.9,0.2783956789999138,0.06722098399950482
WTM,409,tm,81.92,0.28015547599989077,0.06692723000014666
WTM,410,tm,81.37,0.27095638399987365,0.06807365499935258
WTM,411,tm,81.34,0.2795155780004279,0.06792210100047669
WTM,412,tm,81.69,0.2854119780004112,0.06726859999980661
WTM,413,tm,80.93,0.27178520200050116,0.0687818669994158
WTM,414,tm,82.25,0.27944865399967966,0.07066174500050693
WTM,415,tm,81.51,0.2726335769993966,0.06644529100049112
WTM,416,tm,81.11,0.2756907720004165,0.06765788700067787
WTM,417,tm,81.69999999999999,0.2648430700000972,0.06860695199975453
WTM,418,tm,80.71000000000001,0.26662960600060615,0.06792823599971598
WTM,419,tm,82.63000000000001,0.2684789169998112,0.0672780929999135
WTM,420,tm,81.6,0.26730437700007315,0.06839405899972917
WTM,421,tm,81.71000000000001,0.2691842060003182,0.06640048799999931
WTM,422,tm,80.58999999999999,0.27313860499998555,0.06830169800014119
WTM,423,tm,81.77,0.26756640799976594,0.06924574499953451
WTM,424,tm,82.44,0.2772390379996068,0.07008451500041701
WTM,425,tm,82.19999999999999,0.2821858589995827,0.06814135100012209
WTM,426,tm,82.21000000000001,0.2686786049998773,0.06815384600031393
WTM,427,tm,81.69999999999999,0.26849720400059596,0.06846954699994967
WTM,428,tm,81.38,0.2760089989997141,0.06651661799969588
WTM,429,tm,81.57,0.27763444499942125,0.06863569799952529
WTM,430,tm,82.19,0.2720491390000461,0.0687622300001749
WTM,431,tm,80.92,0.2765848349999942,0.06855809900025633
WTM,432,tm,81.78,0.280412121000154,0.06809226700079307
WTM,433,tm,81.47,0.2736682459999429,0.06883725100033189
WTM,434,tm,81.53,0.2735838379994675,0.06780243000048358
WTM,435,tm,80.72,0.2811811579995265,0.06924736299970391
WTM,436,tm,81.92,0.2743519079995167,0.06810473699988506
WTM,437,tm,81.36,0.2733443710003485,0.06848563699986698
WTM,438,tm,81.33,0.28273714300030406,0.06687212400083808
WTM,439,tm,81.87,0.27021139199950994,0.06766738900023483
WTM,440,tm,81.8,0.27228512999954546,0.06610703600017587
WTM,441,tm,81.10000000000001,0.2795555169996078,0.06809405399962998
WTM,442,tm,81.89999999999999,0.2722273090003,0.06814950099942507
WTM,443,tm,81.22,0.27385774800040963,0.0683478599994487
WTM,444,tm,81.61,0.2774465460006468,0.06758007100052055
WTM,445,tm,82.05,0.27027170099972864,0.06756840299931355
WTM,446,tm,80.74,0.2739546530001462,0.06809030800013716
WTM,447,tm,81.96,0.27570147200003703,0.06744081400029245
WTM,448,tm,81.87,0.2804459830003907,0.06740464199992857
WTM,449,tm,79.88,0.27771080100046674,0.06873714500034112
WTM,450,tm,81.22,0.26716483600012,0.06614606600032857
WTM,451,tm,80.85,0.2742359079993548,0.06743678699967859
WTM,452,tm,81.87,0.27611831500053086,0.06773394299943902
WTM,453,tm,81.44,0.2760870639995119,0.06869407500016678
WTM,454,tm,81.88,0.27945204800016654,0.06855219000044599
WTM,455,tm,81.67999999999999,0.2781337730002633,0.06803130099979171
WTM,456,tm,80.25,0.2715592770000512,0.06896969399986119
WTM,457,tm,81.07,0.2784786520005582,0.06708322399936151
WTM,458,tm,81.53,0.27666214300006686,0.06732354099949589
WTM,459,tm,82.06,0.27056748699942545,0.06887620999987121
WTM,460,tm,81.57,0.2735051500003465,0.07159312099975068
WTM,461,tm,81.83,0.28029477299969585,0.06749816600040504
WTM,462,tm,81.46,0.27926490200025,0.0676901770002587
WTM,463,tm,81.26,0.2764482830007182,0.0685345439997036
WTM,464,tm,80.95,0.27709032199982175,0.06745039399993402
WTM,465,tm,81.65,0.27344957800050906,0.06757161200039263
WTM,466,tm,80.73,0.27537760800078104,0.0679577180007982
WTM,467,tm,80.30000000000001,0.27433691500027635,0.06799943199985137
WTM,468,tm,81.76,0.27861017399936827,0.06836100399959832
WTM,469,tm,81.88,0.2725538819995563,0.0687114840002323
WTM,470,tm,81.93,0.27669306699954177,0.06825200100047368
WTM,471,tm,81.76,0.27250913199986826,0.06865106099940022
WTM,472,tm,81.17999999999999,0.27431019399955403,0.06689218500014249
WTM,473,tm,81.64,0.27465497800039884,0.06750752700008888
WTM,474,tm,81.05,0.26847034200000053,0.06789563700021972
WTM,475,tm,81.46,0.26675844000055804,0.0667623770004866
WTM,476,tm,82.33,0.27605517199936,0.06820201000027737
WTM,477,tm,82.32000000000001,0.2731371410000065,0.06842954700005066
WTM,478,tm,80.78,0.27141714799927286,0.06871119400057069
WTM,479,tm,81.74,0.274485218999871,0.06732438300059584
WTM,480,tm,81.89999999999999,0.2731300650002595,0.0682712719999472
WTM,481,tm,81.95,0.2789795109993065,0.06821454800046922
WTM,482,tm,81.52000000000001,0.2754784569997355,0.06867205599974113
WTM,483,tm,81.54,0.27544634900004894,0.06937051200020505
WTM,484,tm,80.96,0.2726459440000326,0.06837937199998123
WTM,485,tm,80.24,0.2777351219992852,0.0682520160007698
WTM,486,tm,81.08999999999999,0.2687340710008357,0.06802602599964302
WTM,487,tm,80.87,0.2713359050003419,0.06812182300018321
WTM,488,tm,81.53,0.2795339829999648,0.06928963600057614
WTM,489,tm,81.39999999999999,0.27079617399976996,0.06825575699986075
WTM,490,tm,82.26,0.2744601150006929,0.06860849899931054
WTM,491,tm,81.34,0.2692296499999429,0.06829411499984417
WTM,492,tm,82.44,0.2749145490006413,0.06712718299968401
WTM,493,tm,81.96,0.2782350540001062,0.06752760900053545
WTM,494,tm,81.69999999999999,0.26715890600007697,0.06806104899987986
WTM,495,tm,80.7,0.27312379399972997,0.06782760999976745
WTM,496,tm,81.83,0.27248824300022534,0.06770938299996487
WTM,497,tm,81.95,0.2779031110003416,0.06777237900041655
WTM,498,tm,81.24,0.2727964879995852,0.06797934900077962
WTM,499,tm,81.38,0.2654454040002747,0.06697861399970861
WTM,500,tm,81.16,0.2658642050000708,0.06797489600012341
WTM-NN,1,tm,77.82,0.35917662300016673,0.06738784800018038
WTM-NN,2,tm,77.53999999999999,0.3361940200002209,0.066742312000315
WTM-NN,3,tm,78.64,0.3187835790004101,0.06572275899998203
WTM-NN,4,tm,79.12,0.31269473699921946,0.06667442499929166
WTM-NN,5,tm,77.61,0.3173205840002993,0.06846178300020256
WTM-NN,6,tm,79.21000000000001,0.30212481999933516,0.06696621299943217
WTM-NN,7,tm,80.2,0.30654490899996745,0.06691873199997644
WTM-NN,8,tm,78.03999999999999,0.3098999049998383,0.06817565900018963
WTM-NN,9,tm,79.62,0.30749851200016565,0.06809362300009525
WTM-NN,10,tm,80.03,0.2987034349998794,0.06516863300021214
WTM-NN,11,tm,79.54,0.28945963899968774,0.06695336200027668
WTM-NN,12,tm,79.47999999999999,0.29272919800041564,0.06732077600008779
WTM-NN,13,tm,80.95,0.29373507000036625,0.0673574889997326
WTM-NN,14,tm,80.41,0.2901048429994262,0.06686991500009754
WTM-NN,15,tm,80.10000000000001,0.28480855399993743,0.06728352400023141
WTM-NN,16,tm,80.04,0.29453615700003866,0.06654981699921336
WTM-NN,17,tm,81.01,0.28923311899961845,0.06953095300013956
WTM-NN,18,tm,81.05,0.2915199510007369,0.06839846499951818
WTM-NN,19,tm,80.97999999999999,0.29456055799983005,0.06723294800030999
WTM-NN,20,tm,79.97,0.28640328199981013,0.0672615470002711
WTM-NN,21,tm,80.96,0.28718387599928974,0.06891244899998128
WTM-NN,22,tm,80.64,0.2934096650005813,0.06767919499998243
WTM-NN,23,tm,80.65,0.28675837999981013,0.0686844050005675
WTM-NN,24,tm,79.7,0.29364225500012253,0.07172154500040051
WTM-NN,25,tm,80.4,0.2833848170002966,0.06899359699946217
WTM-NN,26,tm,79.86999999999999,0.2854605939992325,0.0680156859998533
WTM-NN,27,tm,80.33,0.2828804250002577,0.0683649049997257
WTM-NN,28,tm,80.84,0.2924404499999582,0.06740495800022472
WTM-NN,29,tm,80.53,0.2876975899998797,0.0669948149998163
WTM-NN,30,tm,80.16,0.2902116389996081,0.06910134400004608
WTM-NN,31,tm,80.13,0.28060906999962754,0.0690320090006935
WTM-NN,32,tm,80.9,0.28546623999955045,0.06764917600048648
WTM-NN,33,tm,80.07,0.27074287599953095,0.06952109800022299
WTM-NN,34,tm,81.28,0.2847059280002213,0.06918655499976012
WTM-NN,35,tm,81.39,0.2848068900002545,0.0682564660000935
WTM-NN,36,tm,81.11,0.2718172909999339,0.06811473499965359
WTM-NN,37,tm,81.34,0.2816837129994383,0.06643558599989774
WTM-NN,38,tm,80.07,0.2811305260001973,0.06910015399989788
WTM-NN,39,tm,81.54,0.287861585000428,0.06782488699991518
WTM-NN,40,tm,81.54,0.2806355809998422,0.06689050200020574
WTM-NN,41,tm,81.39999999999999,0.2807358279997061,0.0698653600002217
WTM-NN,42,tm,81.36,0.28351738400033355,0.0664145880000433
WTM-NN,43,tm,81.01,0.2766667639998559,0.0694948709997334
WTM-NN,44,tm,81.83,0.279367662000368,0.06925827899976866
WTM-NN,45,tm,79.81,0.28015769600006024,0.06716158900053415
WTM-NN,46,tm,81.32000000000001,0.2808695430003354,0.06800505300088844
WTM-NN,47,tm,81.28999999999999,0.2800293439995585,0.06516326400014805
WTM-NN,48,tm,81.33,0.2839471979996233,0.067445902000145
WTM-NN,49,tm,80.44,0.27490634599962505,0.06806233400038764
WTM-NN,50,tm,81.57,0.2800257969993254,0.06777887899988855
WTM-NN,51,tm,81.45,0.2778172970001833,0.06636351500037563
WTM-NN,52,tm,80.64,0.28570293499979016,0.06797313600054622
WTM-NN,53,tm,81.47999999999999,0.28636334800012264,0.06817912299993623
WTM-NN,54,tm,80.73,0.28159707999930106,0.06861089900030493
WTM-NN,55,tm,81.19,0.28139540599931934,0.06975273799980641
WTM-NN,56,tm,80.30000000000001,0.28153314700011833,0.0687358850000237
WTM-NN,57,tm,81.89,0.27734987500025454,0.06875207700068131
WTM-NN,58,tm,81.62,0.278736320000462,0.06799474799936434
WTM-NN,59,tm,81.27,0.2835511060002318,0.06915708000087761
WTM-NN,60,tm,81.63,0.277474735999931,0.06756764999954612
WTM-NN,61,tm,80.93,0.27707133300009446,0.0663972600004854
WTM-NN,62,tm,82.41000000000001,0.28225102499982313,0.06828191699969466
WTM-NN,63,tm,82.0,0.27902212199933274,0.06695516699983273
WTM-NN,64,tm,81.81,0.27607897500001854,0.06847059099982289
WTM-NN,65,tm,80.93,0.28816099499999837,0.06928038799924252
WTM-NN,66,tm,80.64,0.27695526699972106,0.06816578500001924
WTM-NN,67,tm,81.76,0.27864438599954156,0.06730033500025456
WTM-NN,68,tm,81.41000000000001,0.27550632300062716,0.06737594100013666
WTM-NN,69,tm,81.69999999999999,0.277790811000159,0.06769338899994182
WTM-NN,70,tm,81.44,0.28564149199974054,0.06731051499991736
WTM-NN,71,tm,81.58,0.28304357399974833,0.06756833899999037
WTM-NN,72,tm,81.15,0.27600361300028453,0.06749263600067934
WTM-NN,73,tm,81.71000000000001,0.2821998080007688,0.06720201600001019
WTM-NN,74,tm,80.88,0.291831505999653,0.06881466599952546
WTM-NN,75,tm,81.35,0.2787486169991098,0.06689514299978327
WTM-NN,76,tm,81.77,0.28201568399981625,0.06845097099994746
WTM-NN,77,tm,81.67,0.2870192999998835,0.06712659699951473
WTM-NN,78,tm,81.89999999999999,0.2827340029998595,0.07639104000008956
WTM-NN,79,tm,82.38,0.28242972699990787,0.06930241399913939
WTM-NN,80,tm,81.13,0.277585970000473,0.06851135200031422
WTM-NN,81,tm,80.7,0.27836679099982575,0.06853170100021089
WTM-NN,82,tm,81.81,0.2806936509996376,0.06734307400074613
WTM-NN,83,tm,81.78,0.28123986999980843,0.06775752199973795
WTM-NN,84,tm,82.35,0.27937455600022076,0.06846704199961096
WTM-NN,85,tm,81.82000000000001,0.2891290190000291,0.06923568799993518
WTM-NN,86,tm,81.47999999999999,0.28847451499950694,0.06789250499969057
WTM-NN,87,tm,81.52000000000001,0.27631943600044906,0.06828221499927167
WTM-NN,88,tm,80.58,0.28165979200002766,0.06792379299986351
WTM-NN,89,tm,80.96,0.27562021799985814,0.06839344000036363
WTM-NN,90,tm,81.23,0.2764471999998932,0.0692973310005982
WTM-NN,91,tm,80.87,0.2782669509997504,0.06807427900002949
WTM-NN,92,tm,80.81,0.2792850369996813,0.07656334600051196
WTM-NN,93,tm,80.35,0.2744869709995328,0.06895800799975405
WTM-NN,94,tm,81.56,0.2809963190002236,0.06762352199984889
WTM-NN,95,tm,80.76,0.2832343270001729,0.06736718499996641
WTM-NN,96,tm,81.43,0.28172527399965475,0.06742890499936038
WTM-NN,97,tm,81.3,0.2815051739999035,0.07434756300062872
WTM-NN,98,tm,81.77,0.27148949899947183,0.06756902100005391
WTM-NN,99,tm,81.88,0.27739983100036625,0.06850434500029223
WTM-NN,100,tm,81.16,0.2752258949994939,0.06785393899917835
WTM-NN,101,tm,82.04,0.27987978199962527,0.06843348100028379
WTM-NN,102,tm,80.92,0.2935871520003275,0.06755364699984057
WTM-NN,103,tm,80.36,0.27621534900026745,0.06775087299956795
WTM-NN,104,tm,81.31,0.27332701700015605,0.06634766400020453
WTM-NN,105,tm,81.82000000000001,0.2758640910005852,0.06823805699968943
WTM-NN,106,tm,81.24,0.27156745599950227,0.06856967000021541
WTM-NN,107,tm,81.61,0.2827346909998596,0.0667373280002721
WTM-NN,108,tm,81.22,0.2781562780000968,0.06801394899957813
WTM-NN,109,tm,81.69999999999999,0.28661843499958195,0.06720304400005261
WTM-NN,110,tm,80.47999999999999,0.27527278199977445,0.069269140999495
WTM-NN,111,tm,80.73,0.2828599079994092,0.06927671900029964
WTM-NN,112,tm,81.43,0.2795117499999833,0.06794602500031033
WTM-NN,113,tm,80.74,0.2713410340002156,0.06882397699973808
WTM-NN,114,tm,81.61,0.2858480940003574,0.06751871100004792
WTM-NN,115,tm,81.72,0.2785743349995755,0.06836681100048736
WTM-NN,116,tm,78.31,0.27230538799994974,0.06664791099956346
WTM-NN,117,tm,82.14,0.2699399130005986,0.06986022900036915
WTM-NN,118,tm,81.39,0.27362472499953583,0.06542210299994622
WTM-NN,119,tm,81.17,0.27217866299997695,0.0676952750000055
WTM-NN,120,tm,81.02000000000001,0.2793465400000059,0.06740639899999223
WTM-NN,121,tm,81.51,0.27688577199933206,0.06710199400004058
WTM-NN,122,tm,81.31,0.2722671050005374,0.06747723499938729
WTM-NN,123,tm,81.03,0.27414821700040193,0.06400627800030634
WTM-NN,124,tm,82.34,0.2675856030000432,0.06487694600036775
WTM-NN,125,tm,79.75999999999999,0.2703841739994459,0.06703654499960976
WTM-NN,126,tm,81.47,0.2771876299993892,0.06727084799967997
WTM-NN,127,tm,81.04,0.27709611099999165,0.0684315329999663
WTM-NN,128,tm,81.92,0.2775694239999211,0.06863070799954585
WTM-NN,129,tm,81.13,0.2735713559995929,0.06785451500036288
WTM-NN,130,tm,79.35,0.2723905349994311,0.07021862300007342
WTM-NN,131,tm,81.38,0.28469030799988104,0.06909424199966452
WTM-NN,132,tm,81.2,0.2742651129992737,0.06935819299997092
WTM-NN,133,tm,81.2,0.2780085329995927,0.06896074599990243
WTM-NN,134,tm,81.54,0.2762529589999758,0.06798275799974363
WTM-NN,135,tm,81.94,0.27849943900037033,0.06721431799996935
WTM-NN,136,tm,79.97,0.28453328300020075,0.06795699699978286
WTM-NN,137,tm,81.24,0.2844077159998051,0.06781104299989238
WTM-NN,138,tm,80.76,0.2727295469994715,0.06881449600041378
WTM-NN,139,tm,81.06,0.2760994150003171,0.06827781599986338
WTM-NN,140,tm,81.66,0.2808796489998713,0.06804666000061843
WTM-NN,141,tm,81.15,0.2788606250005614,0.06897765099984099
WTM-NN,142,tm,81.73,0.27176945400060504,0.06843474899960711
WTM-NN,143,tm,82.05,0.27991796100013744,0.06944635699983337
WTM-NN,144,tm,81.75,0.2839333740002985,0.06899503800013917
WTM-NN,145,tm,81.46,0.2854139260007287,0.06931077399985952
WTM-NN,146,tm,81.88,0.2866014580004048,0.06715460899977188
WTM-NN,147,tm,81.47,0.27324198200039973,0.06805121499928646
WTM-NN,148,tm,81.82000000000001,0.2713802329999453,0.0683325039999545
WTM-NN,149,tm,81.71000000000001,0.2832356869994328,0.06741910800064943
WTM-NN,150,tm,81.25,0.27236737000021094,0.06721711600039271
WTM-NN,151,nn,83.32000000000001,0.18256714200015267,0.06642228100008651
WTM-NN,152,nn,83.42,0.1819562059999953,0.06639991700012615
WTM-NN,153,nn,83.26,0.17550595500051713,0.06824338900059956
WTM-NN,154,nn,83.36,0.1893478160000086,0.06652349300020433
WTM-NN,155,nn,83.1,0.17967382200004067,0.06719441200039
WTM-NN,156,nn,83.13000000000001,0.17711894500007475,0.06465861099968606
WTM-NN,157,nn,83.28999999999999,0.1771697080002923,0.06665054800032522
WTM-NN,158,nn,83.07,0.2452192049995574,0.06588253599966265
WTM-NN,159,nn,83.23,0.188780133000364,0.06707399199967767
WTM-NN,160,nn,83.12,0.17623762399944098,0.06460680099917226
WTM-NN,161,nn,83.28999999999999,0.1871849689996452,0.06622246899951278
WTM-NN,162,nn,83.28,0.249464092999915,0.06553284100027668
WTM-NN,163,nn,83.27,0.1905224129995986,0.06538874099987879
WTM-NN,164,nn,83.3,0.1912635090002368,0.06619139599933987
WTM-NN,165,nn,83.24000000000001,0.19207787300001655,0.06491914900016127
WTM-NN,166,nn,83.32000000000001,0.18998042800012627,0.06587919200046599
WTM-NN,167,nn,83.44,0.19096075800007384,0.06418942199979938
WTM-NN,168,nn,83.35000000000001,0.17260732999966422,0.06662672399943403
WTM-NN,169,nn,83.35000000000001,0.19053930700010824,0.06757636600013939
WTM-NN,170,nn,83.48,0.25046968900005595,0.06648119300007238
WTM-NN,171,nn,83.49,0.1805879300000015,0.06593702299960569
WTM-NN,172,nn,83.56,0.19297511100012343,0.06620908999957464
WTM-NN,173,nn,83.54,0.1913435689994003,0.06525922499986336
WTM-NN,174,nn,83.55,0.24832031000005372,0.06623511799989501
WTM-NN,175,nn,83.62,0.17781188500066492,0.06615102999967348
WTM-NN,176,nn,83.8,0.19224066300012055,0.06550701499963907
WTM-NN,177,nn,83.87,0.18787080099991726,0.06549974900008237
WTM-NN,178,nn,83.77,0.18112565699993866,0.06656196799940517
WTM-NN,179,nn,83.78,0.1806425439999657,0.06693643100061308
WTM-NN,180,nn,83.89999999999999,0.18037488700065296,0.06691037699965818
WTM-NN,181,nn,83.81,0.1806115059998774,0.06518221999976959
WTM-NN,182,nn,83.89999999999999,0.23750545599978068,0.06519990299966594
WTM-NN,183,nn,83.67,0.1784818500000256,0.06740914500005601
WTM-NN,184,nn,83.77,0.1792801640003745,0.0651176729998042
WTM-NN,185,nn,83.87,0.17814026300038677,0.06352207799955067
WTM-NN,186,nn,83.89999999999999,0.23757870600002207,0.06688506099999358
WTM-NN,187,nn,83.95,0.17835569099952409,0.06583752699953038
WTM-NN,188,nn,83.91999999999999,0.17886575200009247,0.06595125400053803
WTM-NN,189,nn,84.00999999999999,0.1789460270001655,0.0663061570003265
WTM-NN,190,nn,83.91,0.17800290800005314,0.0668652860003931
WTM-NN,191,nn,84.00999999999999,0.1802054189993214,0.06692533299974457
WTM-NN,192,nn,84.05,0.17768590400009998,0.0673252760007017
WTM-NN,193,nn,84.19,0.1777371009993658,0.06583377799961454
WTM-NN,194,nn,84.17999999999999,0.2378848119997201,0.06703427100001136
WTM-NN,195,nn,84.09,0.17816024700005073,0.06697360599991953
WTM-NN,196,nn,84.05,0.17829146400072204,0.06645122800000536
WTM-NN,197,nn,84.13000000000001,0.1794517349999296,0.0658426669997425
WTM-NN,198,nn,84.00999999999999,0.24043479600004503,0.06568543299999874
WTM-NN,199,nn,84.07,0.1777171970006748,0.06522223999945709
WTM-NN,200,nn,84.17999999999999,0.1782702349992178,0.06664712600013445
WTM-NN,201,nn,84.25,0.17961146099969483,0.06646453299981658
WTM-NN,202,nn,84.24000000000001,0.1772766780004531,0.06520671599992056
WTM-NN,203,nn,84.28,0.17793854999945324,0.06647866599996632
WTM-NN,204,nn,84.35000000000001,0.179002820000278,0.066488088999904
WTM-NN,205,nn,84.11,0.2455845970007431,0.06669262499963224
WTM-NN,206,nn,84.28999999999999,0.18162690200006182,0.06675590899976669
WTM-NN,207,nn,84.15,0.18930225399981282,0.06590987500021583
WTM-NN,208,nn,84.17,0.17992043899994314,0.06645767200006958
WTM-NN,209,nn,84.17999999999999,0.2490285899993978,0.06669384300039383
WTM-NN,210,nn,84.25,0.18981309500031784,0.06579285699990578
WTM-NN,211,nn,84.3,0.18888661300024978,0.06542985499982024
WTM-NN,212,nn,84.16,0.18946420500014938,0.06544049000058294
WTM-NN,213,nn,84.33,0.18713911599934363,0.06623033199957717
WTM-NN,214,nn,84.34,0.1731156550004016,0.06379152099998464
WTM-NN,215,nn,84.36,0.19126381499972922,0.06558246700024029
WTM-NN,216,nn,84.33,0.17714277899995068,0.06558216299981723
WTM-NN,217,nn,84.28,0.2500975170005404,0.06336402000033559
WTM-NN,218,nn,84.24000000000001,0.18554064900035883,0.06576012299956346
WTM-NN,219,nn,84.3,0.19187680699997145,0.06609894700068253
WTM-NN,220,nn,84.31,0.1927340030006235,0.06543738699929236
WTM-NN,221,nn,84.23,0.24320183300005738,0.06508415999996942
WTM-NN,222,nn,84.3,0.1928471270002774,0.06475704100012081
WTM-NN,223,nn,84.32,0.17967431500073872,0.06551915799991548
WTM-NN,224,nn,84.26,0.18368406999979925,0.06595502199979819
WTM-NN,225,nn,84.31,0.17071203799969226,0.06544344199937768
WTM-NN,226,nn,84.27,0.17899840399968525,0.06384212899956765
WTM-NN,227,nn,84.39999999999999,0.1747733230004087,0.06686444699971617
WTM-NN,228,nn,84.21,0.17648036399987177,0.06524845500007359
WTM-NN,229,nn,84.33,0.2401515510000536,0.06412924300002487
WTM-NN,230,nn,84.27,0.17694697600018117,0.06606713899964234
WTM-NN,231,nn,84.31,0.18859501700080727,0.06365805899986299
WTM-NN,232,nn,84.37,0.18676884600063204,0.06602377199942566
WTM-NN,233,nn,84.15,0.2502087720004056,0.06532250100008241
WTM-NN,234,nn,84.32,0.19161481899936916,0.06604616599997826
WTM-NN,235,nn,84.21,0.19258642200020404,0.06582444600007875
WTM-NN,236,nn,84.27,0.19096231600087776,0.0662643890000254
WTM-NN,237,nn,84.2,0.19134866400054307,0.06680146399958176
WTM-NN,238,nn,84.32,0.18022940499940887,0.06506213900047442
WTM-NN,239,nn,84.37,0.1918342749995645,0.06435920600051759
WTM-NN,240,nn,84.39999999999999,0.2500288069995804,0.0648713320006209
WTM-NN,241,nn,84.36,0.1771113000004334,0.06597956499990687
WTM-NN,242,nn,84.38,0.19193181700029527,0.06676678799976798
WTM-NN,243,nn,84.23,0.1918449500008137,0.06746882800052845
WTM-NN,244,nn,84.43,0.2530614050001532,0.06617370000003575
WTM-NN,245,nn,84.39999999999999,0.1931818180000846,0.06696637799996097
WTM-NN,246,nn,84.3,0.19130776200017863,0.06443259399929957
WTM-NN,247,nn,84.35000000000001,0.19067068799995468,0.06365641000047617
WTM-NN,248,nn,84.32,0.1805650930000411,0.06264989299961599
WTM-NN,249,nn,84.44,0.18742829700022412,0.06458853200001613
WTM-NN,250,nn,84.28,0.19099759999971866,0.06618334300037532
WTM-NN,251,nn,84.38,0.1818625100004283,0.06532562600023084
WTM-NN,252,nn,84.24000000000001,0.25076593999983743,0.06628382100007002
WTM-NN,253,nn,84.22,0.19403634299942496,0.0668323119998604
WTM-NN,254,nn,84.26,0.19096202899982018,0.06337389500004065
WTM-NN,255,nn,84.26,0.19236608099981822,0.06553060899932461
WTM-NN,256,nn,84.28,0.2474133420000726,0.0655900660003681
WTM-NN,257,nn,84.32,0.18972947800011752,0.06584719199963729
WTM-NN,258,nn,84.28,0.1902452069998617,0.0656568510003126
WTM-NN,259,nn,84.50999999999999,0.19222367000020313,0.06590664899977128
WTM-NN,260,nn,84.22,0.18360919099995954,0.0653420990001905
WTM-NN,261,nn,84.36,0.17605609299971547,0.0658650770001259
WTM-NN,262,nn,84.45,0.19154445699950884,0.06681062900042889
WTM-NN,263,nn,84.31,0.17681295199963643,0.06499472599989531
WTM-NN,264,nn,84.32,0.2458936069997435,0.07229226500021468
WTM-NN,265,nn,84.37,0.18718642400017416,0.0700336130003052
WTM-NN,266,nn,84.28999999999999,0.1935334839999996,0.06550709900056972
WTM-NN,267,nn,84.32,0.18910922200029745,0.06567058400014503
WTM-NN,268,nn,84.19,0.24613818299985724,0.06686565099971631
WTM-NN,269,nn,84.22,0.19120959300016693,0.06558084300013434
WTM-NN,270,nn,84.33,0.17765209100070933,0.06494393299999501
WTM-NN,271,nn,84.41,0.18897132100028102,0.06576769599996624
WTM-NN,272,nn,84.38,0.17277447299966298,0.06557035000059841
WTM-NN,273,nn,84.32,0.19145284300066123,0.0716485470002226
WTM-NN,274,nn,84.3,0.18558672300059698,0.07171510899934219
WTM-NN,275,nn,84.36,0.19288529799996468,0.06742735000079847
WTM-NN,276,nn,84.28999999999999,0.24753078399953665,0.06679965700004686
WTM-NN,277,nn,84.17999999999999,0.18866445099956763,0.06445231700035947
WTM-NN,278,nn,84.35000000000001,0.192012075999628,0.06601103100001637
WTM-NN,279,nn,84.38,0.2500446220001322,0.06330183199952444
WTM-NN,280,nn,84.31,0.1912500700000237,0.06704636999984359
WTM-NN,281,nn,84.38,0.19142008299968438,0.06611629899998661
WTM-NN,282,nn,84.33,0.17878849799944874,0.06506588100000954
WTM-NN,283,nn,84.42,0.18113120399993932,0.06713714799934678
WTM-NN,284,nn,84.28,0.1789486850002504,0.06839101100013067
WTM-NN,285,nn,84.3,0.18103947100007645,0.06704172399986419
WTM-NN,286,nn,84.42,0.17892921199927514,0.06494532700071431
WTM-NN,287,nn,84.35000000000001,0.23946073699971748,0.06685230700077227
WTM-NN,288,nn,84.3,0.1908810960003393,0.07243141299932176
WTM-NN,289,nn,84.22,0.19315216399991186,0.06761494900001708
WTM-NN,290,nn,84.2,0.18178826599978493,0.06853844299985212
WTM-NN,291,nn,84.32,0.25250779500038334,0.06579400000009628
WTM-NN,292,nn,84.28999999999999,0.18979711399970256,0.06591478599966649
WTM-NN,293,nn,84.44,0.19081218500014074,0.06610488200021791
WTM-NN,294,nn,84.32,0.19085901000016747,0.06597689499994885
WTM-NN,295,nn,84.23,0.19264237200059142,0.07084439499976725
WTM-NN,296,nn,84.22,0.17869407600028353,0.06584846700025082
WTM-NN,297,nn,84.23,0.18117250800059992,0.06631208900034835
WTM-NN,298,nn,84.3,0.18583497800045734,0.06517208500008564
WTM-NN,299,nn,84.39,0.2394614080003521,0.06580200799999147
WTM-NN,300,nn,84.23,0.19167958599973645,0.06703167199975724
WTM-NN,301,nn,84.27,0.1913635079999949,0.06566440899950976
WTM-NN,302,nn,84.41,0.19317033300012554,0.0668566889999056
WTM-NN,303,nn,84.33,0.24623775600048248,0.06643806400006724
WTM-NN,304,nn,84.28999999999999,0.19204851499944198,0.06745296299959591
WTM-NN,305,nn,84.28999999999999,0.19151744300052087,0.06794926099973964
WTM-NN,306,nn,84.34,0.18131457199979195,0.06650360399999045
WTM-NN,307,nn,84.42,0.1791874189993905,0.06581107800047903
WTM-NN,308,nn,84.3,0.1908584709999559,0.06598372200005542
WTM-NN,309,nn,84.14,0.1832054189999326,0.06731893999949534
WTM-NN,310,nn,84.46000000000001,0.1920997429997442,0.06344205000004877
WTM-NN,311,nn,84.33,0.24380104299962113,0.06320198699995672
WTM-NN,312,nn,84.31,0.19200800599992363,0.0667271559996152
WTM-NN,313,nn,84.28,0.18018940599995403,0.0688966520001486
WTM-NN,314,nn,84.24000000000001,0.1928435370000443,0.067980327999976
WTM-NN,315,nn,84.37,0.2510032680002041,0.0637149699996371
WTM-NN,316,nn,84.36,0.18316404300003342,0.06584407100035605
WTM-NN,317,nn,84.35000000000001,0.17032332599956135,0.06544142600068881
WTM-NN,318,nn,84.26,0.18987548600034643,0.06645153199951892
WTM-NN,319,nn,84.39,0.1910207350001656,0.0663187360005395
WTM-NN,320,nn,84.42,0.18781894799940346,0.06660801199996058
WTM-NN,321,nn,84.34,0.17838545499944303,0.06642530099998112
WTM-NN,322,nn,84.27,0.23599555900000269,0.06596211699979904
WTM-NN,323,nn,84.42,0.17846354999983305,0.0651545939999778
WTM-NN,324,nn,84.48,0.18065166899941687,0.06663063900032284
WTM-NN,325,nn,84.28,0.1785996159997012,0.06584905799991247
WTM-NN,326,nn,84.35000000000001,0.2373552049994032,0.06615917999988596
WTM-NN,327,nn,84.37,0.1807519100002537,0.0637347089996183
WTM-NN,328,nn,84.37,0.1779056989998935,0.06504153500009124
WTM-NN,329,nn,84.33,0.17837931499980186,0.06628764800007048
WTM-NN,330,nn,84.19,0.1806638349999048,0.0655851800001983
WTM-NN,331,nn,84.33,0.17818536599952495,0.06523432200083334
WTM-NN,332,nn,84.35000000000001,0.1791486129995974,0.065736561000449
WTM-NN,333,nn,84.34,0.1780580810000174,0.06608469499951752
WTM-NN,334,nn,84.36,0.23949605199959478,0.06600369700026931
WTM-NN,335,nn,84.24000000000001,0.17856683500031068,0.0659989490004591
WTM-NN,336,nn,84.38,0.179228707999755,0.06642091999947297
WTM-NN,337,nn,84.33,0.1813804559997152,0.06556928499958303
WTM-NN,338,nn,84.36,0.23979013200005284,0.06634874399969704
WTM-NN,339,nn,84.28999999999999,0.17837117299950478,0.0638258399994811
WTM-NN,340,nn,84.22,0.18222129300011147,0.06622700800016901
WTM-NN,341,nn,84.24000000000001,0.17778435699983675,0.06568408200018894
WTM-NN,342,nn,84.24000000000001,0.18743007100056275,0.06569576600031724
WTM-NN,343,nn,84.33,0.1767626860000746,0.06644402299934882
WTM-NN,344,nn,84.17999999999999,0.18112138899959973,0.066604720000214
WTM-NN,345,nn,84.19,0.1778223830006027,0.06642645800002356
WTM-NN,346,nn,84.43,0.24362568200012902,0.06576881199998752
WTM-NN,347,nn,84.26,0.18774203199973272,0.06650099899979978
WTM-NN,348,nn,84.26,0.17829849499958073,0.06582594799965591
WTM-NN,349,nn,84.39999999999999,0.23698572400007833,0.06654435200016451
WTM-NN,350,nn,84.2,0.17904433400053676,0.06609463400036475
WTM-NN,351,nn,84.34,0.1790732380004556,0.0658734699991328
WTM-NN,352,nn,84.27,0.18491509800060157,0.06604792500002077
WTM-NN,353,nn,84.33,0.1904391680000117,0.06541807600024185
WTM-NN,354,nn,84.23,0.19407431000036013,0.06367458699969575
WTM-NN,355,nn,84.31,0.1914968470000531,0.06636032100050215
WTM-NN,356,nn,84.28999999999999,0.19096568300028594,0.06546496600003593
WTM-NN,357,nn,84.3,0.24991320600020117,0.06767802400008804
WTM-NN,358,nn,84.36,0.19228081300025224,0.0663841429995955
WTM-NN,359,nn,84.31,0.1911496590000752,0.06641408700033935
WTM-NN,360,nn,84.34,0.19187670100018295,0.0660988660001749
WTM-NN,361,nn,84.39,0.248756902000423,0.06525971500013839
WTM-NN,362,nn,84.35000000000001,0.19056802000068274,0.06678094800008694
WTM-NN,363,nn,84.33,0.18902963299933617,0.06532658000014635
WTM-NN,364,nn,84.32,0.19233658499979356,0.06562722599937842
WTM-NN,365,nn,84.37,0.1901003769999079,0.06573804500021652
WTM-NN,366,nn,84.26,0.1914739070007272,0.06606306300000142
WTM-NN,367,nn,84.39999999999999,0.18073096099942632,0.06540030500036664
WTM-NN,368,nn,84.34,0.17766860000028828,0.06451009600004909
WTM-NN,369,nn,84.25,0.2364169039992703,0.06602451599974302
WTM-NN,370,nn,84.3,0.18022852299964143,0.06703868800013879
WTM-NN,371,nn,84.21,0.1798322080003345,0.06496760600020934
WTM-NN,372,nn,84.31,0.17890353300026618,0.06536208299985447
WTM-NN,373,nn,84.33,0.23625775999971665,0.06594476200007193
WTM-NN,374,nn,84.32,0.17825642699972377,0.06632535199969425
WTM-NN,375,nn,84.38,0.17751695300012216,0.06591694800044934
WTM-NN,376,nn,84.3,0.18890157799978624,0.06559262600057991
WTM-NN,377,nn,84.35000000000001,0.1830155060006291,0.06358947799981252
WTM-NN,378,nn,84.34,0.191663669999798,0.0661860419995719
WTM-NN,379,nn,84.27,0.19455914899936033,0.06326712000009138
WTM-NN,380,nn,84.44,0.19124052499955724,0.06463554699985252
WTM-NN,381,nn,84.45,0.2521090959999128,0.07200291799927072
WTM-NN,382,nn,84.36,0.19419254199965508,0.06455717799963168
WTM-NN,383,nn,84.27,0.19374691599932703,0.06572467099977075
WTM-NN,384,nn,84.33,0.18349737300013658,0.0663354789994628
WTM-NN,385,nn,84.42,0.24992179200035025,0.06378657999994175
WTM-NN,386,nn,84.27,0.1892709060002744,0.06401253700005327
WTM-NN,387,nn,84.38,0.19212466000044515,0.07179356899996492
WTM-NN,388,nn,84.31,0.19028721099948598,0.06389523600046232
WTM-NN,389,nn,84.31,0.19113148399992497,0.06348577399967326
WTM-NN,390,nn,84.32,0.18119525099973544,0.06359499300015159
WTM-NN,391,nn,84.42,0.1786179609998726,0.0654006209997533
WTM-NN,392,nn,84.38,0.23616792399934639,0.06642553599976964
WTM-NN,393,nn,84.33,0.17941096400045353,0.06710917899999913
WTM-NN,394,nn,84.35000000000001,0.17947314999946684,0.06588198100052978
WTM-NN,395,nn,84.3,0.18837871099913173,0.06470484700002999
WTM-NN,396,nn,84.35000000000001,0.24417464499947528,0.06379946199922415
WTM-NN,397,nn,84.36,0.19169034699916665,0.06436252900039108
WTM-NN,398,nn,84.17999999999999,0.18378178200055117,0.06579266800054029
WTM-NN,399,nn,84.34,0.1782071059997179,0.06541177199960657
WTM-NN,400,nn,84.39,0.1805775859993446,0.06579538899950421
WTM-NN,401,nn,84.39,0.1776351929993325,0.06659162000050856
WTM-NN,402,nn,84.27,0.17783826699997007,0.06671631999961392
WTM-NN,403,nn,84.22,0.17856190600014088,0.06501784000010957
WTM-NN,404,nn,84.25,0.23844234800071717,0.06525538999994751
WTM-NN,405,nn,84.33,0.17840047599929676,0.06604592300027434
WTM-NN,406,nn,84.39999999999999,0.17800631699992664,0.06615940199935721
WTM-NN,407,nn,84.38,0.1799030819993277,0.06597989599958964
WTM-NN,408,nn,84.26,0.24252858199997718,0.06782486999964021
WTM-NN,409,nn,84.24000000000001,0.19717193199994654,0.07013274299970362
WTM-NN,410,nn,84.53,0.18664501599960204,0.06562101400049869
WTM-NN,411,nn,84.21,0.1841384150002341,0.06529339799999434
WTM-NN,412,nn,84.37,0.1794840380007372,0.06640515299932304
WTM-NN,413,nn,84.39999999999999,0.17565713800013327,0.06629235499985953
WTM-NN,414,nn,84.27,0.19252651599981618,0.06597707600030844
WTM-NN,415,nn,84.43,0.17730418399969494,0.06714893200023653
WTM-NN,416,nn,84.31,0.2468035530000634,0.06416400999933103
WTM-NN,417,nn,84.19,0.17515300900049624,0.06468516699987958
WTM-NN,418,nn,84.47,0.18065503900015756,0.06582944100046006
WTM-NN,419,nn,84.36,0.19252459600011207,0.06584038199980569
WTM-NN,420,nn,84.33,0.2484455670000898,0.07363539200014202
WTM-NN,421,nn,84.26,0.19619994300046528,0.07373038799960341
WTM-NN,422,nn,84.17999999999999,0.1721399680000104,0.06672535400048218
WTM-NN,423,nn,84.26,0.18713191599999845,0.06696191899936821
WTM-NN,424,nn,84.35000000000001,0.19015415699959703,0.06744662300025084
WTM-NN,425,nn,84.17,0.1897336809997796,0.06743036599982588
WTM-NN,426,nn,84.22,0.1860743260003801,0.06715401800011023
WTM-NN,427,nn,84.39999999999999,0.17480084199996782,0.06589882600019337
WTM-NN,428,nn,84.28,0.25135812899952725,0.06603976999940642
WTM-NN,429,nn,84.27,0.17566107299990108,0.06523655799992412
WTM-NN,430,nn,84.31,0.17975091399966914,0.0667116390004594
WTM-NN,431,nn,84.41,0.18724917700001242,0.06570773100065708
WTM-NN,432,nn,84.46000000000001,0.24273377700046694,0.06673411700012366
WTM-NN,433,nn,84.27,0.18219137000050978,0.06600099399929604
WTM-NN,434,nn,84.43,0.19225948700022855,0.06637538100039819
WTM-NN,435,nn,84.26,0.19143601399991894,0.06464838099964254
WTM-NN,436,nn,84.33,0.18930161699972814,0.0651614120006343
WTM-NN,437,nn,84.28999999999999,0.19380498600003193,0.06605999600014911
WTM-NN,438,nn,84.2,0.19149391200062382,0.07280002100014826
WTM-NN,439,nn,84.33,0.24994219899963355,0.06543752600009611
WTM-NN,440,nn,84.26,0.1727498629998081,0.0656527389992334
WTM-NN,441,nn,84.28999999999999,0.18379496299985476,0.06511336200037476
WTM-NN,442,nn,84.21,0.18907685300018784,0.06577272499998799
WTM-NN,443,nn,84.28999999999999,0.2510866750008063,0.06580851500075369
WTM-NN,444,nn,84.25,0.18520599699968443,0.06618136700035393
WTM-NN,445,nn,84.21,0.18155516600018018,0.06605309299993678
WTM-NN,446,nn,84.23,0.17914818200006266,0.0650115509997704
WTM-NN,447,nn,84.43,0.1832017149999956,0.06567909899968072
WTM-NN,448,nn,84.28999999999999,0.1876499630006947,0.0657542069993724
WTM-NN,449,nn,84.43,0.17956400699949882,0.06556120799996279
WTM-NN,450,nn,84.34,0.19379609799943864,0.06687358399994991
WTM-NN,451,nn,84.35000000000001,0.25153854099971795,0.066939913999704
WTM-NN,452,nn,84.33,0.19131743799971446,0.06678837000072235
WTM-NN,453,nn,84.39999999999999,0.18176537900035328,0.06777085099929536
WTM-NN,454,nn,84.34,0.19266454100034025,0.06620561399995495
WTM-NN,455,nn,84.26,0.25121956299972226,0.06692653499976586
WTM-NN,456,nn,84.37,0.18856072299968218,0.06710332800048491
WTM-NN,457,nn,84.3,0.1908187140006703,0.06665686900032597
WTM-NN,458,nn,84.39999999999999,0.1931942009996419,0.06632552700011729
WTM-NN,459,nn,84.36,0.1910199730000386,0.06414014700021653
WTM-NN,460,nn,84.24000000000001,0.1927345880003486,0.06512520900014351
WTM-NN,461,nn,84.36,0.1870358549995217,0.06647271600013482
WTM-NN,462,nn,84.39,0.19054222000067966,0.06616306199975952
WTM-NN,463,nn,84.28999999999999,0.23642617800032895,0.06609580100030144
WTM-NN,464,nn,84.19,0.19293989099969622,0.06557519900070474
WTM-NN,465,nn,84.26,0.1914939170001162,0.0657758739998826
WTM-NN,466,nn,84.39,0.24452797700087103,0.06619986100031383
WTM-NN,467,nn,84.19,0.19270274999962567,0.06552345699947182
WTM-NN,468,nn,84.26,0.19005984000068565,0.06705372000033094
WTM-NN,469,nn,84.33,0.1929820870000185,0.06659900700014987
WTM-NN,470,nn,84.35000000000001,0.19188715600012074,0.0666672520001157
WTM-NN,471,nn,84.37,0.19241632299963385,0.06656247799946868
WTM-NN,472,nn,84.28,0.19135260399980325,0.06657148300018889
WTM-NN,473,nn,84.28,0.18905453799925453,0.06593697300013446
WTM-NN,474,nn,84.44,0.2472755499993582,0.06629283199981728
WTM-NN,475,nn,84.31,0.19148290099929,0.06660939399989729
WTM-NN,476,nn,84.38,0.17535441700056253,0.0668474829999468
WTM-NN,477,nn,84.33,0.19249212500017165,0.06634862200007774
WTM-NN,478,nn,84.35000000000001,0.2494729379995988,0.0658429850000175
WTM-NN,479,nn,84.37,0.18153492900000856,0.06584298300003866
WTM-NN,480,nn,84.22,0.19125623099989753,0.06659410500014928
WTM-NN,481,nn,84.31,0.19281658500040066,0.06681299400042917
WTM-NN,482,nn,84.36,0.18984049100072298,0.06809434200022224
WTM-NN,483,nn,84.41,0.19256819600013841,0.06563176600047882
WTM-NN,484,nn,84.39999999999999,0.19078603100024338,0.06607739599985507
WTM-NN,485,nn,84.47,0.19046440400052234,0.06591026000023703
WTM-NN,486,nn,84.44,0.24617729900000995,0.06612955899981898
WTM-NN,487,nn,84.28,0.19297563300006004,0.0650459119997322
WTM-NN,488,nn,84.33,0.19317649899949174,0.06589869800063752
WTM-NN,489,nn,84.3,0.1815079499992862,0.06581486999948538
WTM-NN,490,nn,84.47,0.25103429699993285,0.06524307700055942
WTM-NN,491,nn,84.27,0.19138072799978545,0.06607647800046834
WTM-NN,492,nn,84.32,0.19078412299950287,0.07279871499940782
WTM-NN,493,nn,84.35000000000001,0.18413902900010726,0.07297719100006361
WTM-NN,494,nn,84.37,0.17547862699939287,0.06573858100000507
WTM-NN,495,nn,84.37,0.19274355199922866,0.06896695400064345
WTM-NN,496,nn,84.36,0.19055522500002553,0.06568723899999895
WTM-NN,497,nn,84.36,0.18307388799985347,0.06736518300021999
WTM-NN,498,nn,84.35000000000001,0.2507355669995377,0.06639392299985047
WTM-NN,499,nn,84.27,0.19345965000047727,0.06638800800010358
WTM-NN,500,nn,84.28,0.19181145600032323,0.06648664599924814
UTM-NN,1,tm,78.73,0.47459913000056986,0.0652905249999094
UTM-NN,2,tm,79.60000000000001,0.43925407999995514,0.06429943200055277
UTM-NN,3,tm,80.30000000000001,0.42704568299996026,0.06525156299994705
UTM-NN,4,tm,80.21000000000001,0.425876469999821,0.06458950599972013
UTM-NN,5,tm,80.44,0.42668533899995964,0.06437587700020231
UTM-NN,6,tm,80.33,0.4285532129997591,0.06506466700011515
UTM-NN,7,tm,80.28,0.42250467899975774,0.06429728300008719
UTM-NN,8,tm,80.46,0.41556786599994666,0.06471239699931175
UTM-NN,9,tm,80.82000000000001,0.41158880600050907,0.06558070600021892
UTM-NN,10,tm,80.82000000000001,0.41919241300001886,0.06413008500021533
UTM-NN,11,tm,80.65,0.4161031069997989,0.06542845300009503
UTM-NN,12,tm,80.89,0.42491870199955883,0.06402160300058313
UTM-NN,13,tm,80.78,0.4179402809995736,0.06456373299988627
UTM-NN,14,tm,80.76,0.4138237669994851,0.06480869700044423
UTM-NN,15,tm,80.61,0.40430874899993796,0.06523176400060038
UTM-NN,16,tm,80.64,0.4173012339997513,0.06448536999960197
UTM-NN,17,tm,80.65,0.4198035780000282,0.06435611600045377
UTM-NN,18,tm,81.06,0.4135624540003846,0.06541411000034714
UTM-NN,19,tm,80.96,0.4257671109999137,0.06442060299923469
UTM-NN,20,tm,81.10000000000001,0.41134274500018364,0.06441881899991131
UTM-NN,21,tm,80.85,0.4237876570005028,0.06509985299999244
UTM-NN,22,tm,81.11,0.3967333439995855,0.06497629400018923
UTM-NN,23,tm,80.71000000000001,0.4150381049994394,0.06576342300013494
UTM-NN,24,tm,80.9,0.4137543309998364,0.06490202399982081
UTM-NN,25,tm,80.9,0.4252517530003388,0.06487054199988052
UTM-NN,26,tm,81.11,0.4226391809997949,0.06918222599961155
UTM-NN,27,tm,80.82000000000001,0.4206773779997093,0.06568775800042204
UTM-NN,28,tm,80.94,0.4192580690005343,0.06483305200072209
UTM-NN,29,tm,80.93,0.4180183219996252,0.0647750680000172
UTM-NN,30,tm,81.21000000000001,0.41664871600005426,0.06454484200003208
UTM-NN,31,tm,80.87,0.42628863000027195,0.06439420700007759
UTM-NN,32,tm,81.19,0.42101491399989754,0.06490158500037069
UTM-NN,33,tm,81.14,0.4091183350001302,0.06382104700060154
UTM-NN,34,tm,81.13,0.41196628300076554,0.06445173199972487
UTM-NN,35,tm,81.21000000000001,0.4234422360004828,0.06465369099987583
UTM-NN,36,tm,81.11,0.42986759599989455,0.0646965440000713
UTM-NN,37,tm,81.13,0.4259908140002153,0.06437771000037174
UTM-NN,38,tm,81.19,0.41693787700023677,0.06481349000023329
UTM-NN,39,tm,81.17,0.42539956600012374,0.06468602600034501
UTM-NN,40,tm,81.08,0.42193830700034596,0.06451733499943657
UTM-NN,41,tm,81.12,0.4243393089991514,0.06420461899961083
UTM-NN,42,tm,81.10000000000001,0.4228872580006282,0.06455931999971654
UTM-NN,43,tm,80.92,0.4226946329999919,0.06434822600022017
UTM-NN,44,tm,80.83,0.411456625000028,0.06426098399970215
UTM-NN,45,tm,80.85,0.4261071900000388,0.06451144600032421
UTM-NN,46,tm,80.88,0.4166912119999324,0.06468344800032355
UTM-NN,47,tm,81.01,0.4184199940000326,0.06552650999947218
UTM-NN,48,tm,81.01,0.4265327819994127,0.06455415600066772
UTM-NN,49,tm,80.88,0.40247555400037527,0.06527849600024638
UTM-NN,50,tm,80.91000000000001,0.40958285799933947,0.064181751000433
UTM-NN,51,tm,80.77,0.4156834229997912,0.06512175900024886
UTM-NN,52,tm,81.03,0.4180277559999013,0.06548990899955243
UTM-NN,53,tm,80.92,0.4186968909998541,0.06436953499996889
UTM-NN,54,tm,80.7,0.4264571079993402,0.0649037720004344
UTM-NN,55,tm,81.19,0.4173229710004307,0.06495554399953107
UTM-NN,56,tm,81.08,0.40691163900009997,0.06526617400049872
UTM-NN,57,tm,81.13,0.39926955999999336,0.0648580100005347
UTM-NN,58,tm,81.02000000000001,0.42346669000016846,0.06475583299925347
UTM-NN,59,tm,81.05,0.42240918500010594,0.06490689000020211
UTM-NN,60,tm,81.08,0.41792409000026964,0.06542572399939672
UTM-NN,61,tm,81.24,0.41495622000002186,0.06464828999924066
UTM-NN,62,tm,81.01,0.4190423150002971,0.06576688899986038
UTM-NN,63,tm,81.0,0.41472410099959234,0.07030918399959774
UTM-NN,64,tm,80.99,0.41201596500013693,0.06996482300019125
UTM-NN,65,tm,81.08999999999999,0.4190982730005999,0.06552935000036086
UTM-NN,66,tm,80.96,0.4164679069999693,0.06481542399978935
UTM-NN,67,tm,80.99,0.41636184900016815,0.06538700000055542
UTM-NN,68,tm,81.21000000000001,0.4212871339996127,0.06395015799989778
UTM-NN,69,tm,81.05,0.41934994899929734,0.06403477900039434
UTM-NN,70,tm,81.03,0.41520069999933185,0.06445260500004224
UTM-NN,71,tm,81.23,0.41960025299977133,0.06486135199975251
UTM-NN,72,tm,81.05,0.42612609900061216,0.06544777199997043
UTM-NN,73,tm,80.97999999999999,0.4171646779996081,0.06452020400047331
UTM-NN,74,tm,80.84,0.41407795299983263,0.0649384940006712
UTM-NN,75,tm,80.85,0.4262566740007969,0.06444549200023175
UTM-NN,76,tm,81.25,0.4140334019994043,0.06455679700047767
UTM-NN,77,tm,80.96,0.42034161599985964,0.06679141899985552
UTM-NN,78,tm,80.99,0.40613106300043,0.06595251499948063
UTM-NN,79,tm,80.71000000000001,0.43098359600026015,0.06495344900031341
UTM-NN,80,tm,81.04,0.41480525599945395,0.0653512970002339
UTM-NN,81,tm,80.77,0.42622640399986267,0.06485995599996386
UTM-NN,82,tm,80.80000000000001,0.4253475150007944,0.06610699999964709
UTM-NN,83,tm,80.69,0.41962808200059953,0.06576041400057875
UTM-NN,84,tm,80.7,0.41946373700011463,0.0655073790003371
UTM-NN,85,tm,80.95,0.41885931299930235,0.0653729409996231
UTM-NN,86,tm,81.03,0.42680153800029075,0.0635401740000816
UTM-NN,87,tm,80.97,0.4160321790004673,0.06812924299993028
UTM-NN,88,tm,81.01,0.4309961469998598,0.06576017899988074
UTM-NN,89,tm,81.05,0.4263844649995008,0.06447652599945286
UTM-NN,90,tm,80.93,0.4283555379997779,0.06441735599946696
UTM-NN,91,tm,80.93,0.4305413980000594,0.06560021999939636
UTM-NN,92,tm,80.91000000000001,0.42485984599989024,0.06524643499960803
UTM-NN,93,tm,80.92,0.4146547259997533,0.06505143100002897
UTM-NN,94,tm,80.9,0.4269651149998026,0.06539674800023931
UTM-NN,95,tm,81.02000000000001,0.4192906860007497,0.0641263630004687
UTM-NN,96,tm,80.88,0.43153573800009326,0.06508400900020206
UTM-NN,97,tm,81.11,0.42867810999996436,0.06432498899994243
UTM-NN,98,tm,81.08999999999999,0.4179852260003827,0.06443374799982848
UTM-NN,99,tm,80.87,0.4146747619997768,0.07212672600053338
UTM-NN,100,tm,81.17999999999999,0.4212888749998456,0.06450340799983678
UTM-NN,101,tm,80.96,0.4282040539992522,0.0649033599993345
UTM-NN,102,tm,80.99,0.424436366000009,0.06473097700018116
UTM-NN,103,tm,81.04,0.4222020569995948,0.06467340299968782
UTM-NN,104,tm,81.23,0.42692597299992485,0.0656831879996389
UTM-NN,105,tm,81.07,0.4125023570004487,0.06453783000051772
UTM-NN,106,tm,81.02000000000001,0.41515202400023554,0.0642810509998526
UTM-NN,107,tm,81.04,0.4288095229994724,0.0651414649992148
UTM-NN,108,tm,80.97,0.4206591229994956,0.06354409599953215
UTM-NN,109,tm,81.06,0.41954015600003913,0.06482309800048824
UTM-NN,110,tm,81.21000000000001,0.41518461399937223,0.06594869499986089
UTM-NN,111,tm,81.10000000000001,0.4223133340001368,0.06460826300008193
UTM-NN,112,tm,80.9,0.43211662900012016,0.06452439700024115
UTM-NN,113,tm,81.12,0.428698794000411,0.06448106300013023
UTM-NN,114,tm,81.16,0.43023106399959943,0.06485549999979412
UTM-NN,115,tm,81.04,0.42622120900068694,0.07065698399946996
UTM-NN,116,tm,80.95,0.43158290700012003,0.06462309700054902
UTM-NN,117,tm,80.83,0.42191637999985687,0.06471306399998866
UTM-NN,118,tm,80.86,0.4219336050000493,0.06491829300011887
UTM-NN,119,tm,81.06,0.4327243330008059,0.06453695700020035
UTM-NN,120,tm,81.02000000000001,0.41660838999996486,0.06437208799979999
UTM-NN,121,tm,81.12,0.42229424900051526,0.06501864299934823
UTM-NN,122,tm,81.21000000000001,0.4287387390004369,0.06451634200038825
UTM-NN,123,tm,81.03,0.429497543999787,0.06483129100070073
UTM-NN,124,tm,80.99,0.42253671099933854,0.06449707999945531
UTM-NN,125,tm,81.0,0.4295431569998982,0.06460695499936264
UTM-NN,126,tm,81.08,0.42008089299997664,0.06520778699996299
UTM-NN,127,tm,81.11,0.42498562699984177,0.06597041399982118
UTM-NN,128,tm,80.84,0.4240887349997138,0.06609252799989918
UTM-NN,129,tm,81.04,0.4288733849998607,0.06444920500052831
UTM-NN,130,tm,80.96,0.4318385170008696,0.06787631799943483
UTM-NN,131,tm,81.10000000000001,0.42018076200020005,0.06642477100012911
UTM-NN,132,tm,80.9,0.4297910659997797,0.06466554000053293
UTM-NN,133,tm,81.19,0.4255090830001791,0.06561917799990624
UTM-NN,134,tm,81.11,0.42125907899935555,0.0646118029999343
UTM-NN,135,tm,80.97999999999999,0.42372710399922653,0.06551188800040109
UTM-NN,136,tm,81.25,0.41990185599934193,0.06460946900006093
UTM-NN,137,tm,81.06,0.42534104300011677,0.06442164600048272
UTM-NN,138,tm,81.08999999999999,0.4304172629999812,0.06584997500067402
UTM-NN,139,tm,80.97999999999999,0.4270865649996267,0.06490603900056158
UTM-NN,140,tm,81.21000000000001,0.426768094000181,0.06507005899948126
UTM-NN,141,tm,81.07,0.4122327229997609,0.06468429399956221
UTM-NN,142,tm,81.12,0.4306536670001151,0.06463449100010621
UTM-NN,143,tm,80.97,0.43264687300052174,0.06615796000005503
UTM-NN,144,tm,80.71000000000001,0.425470445999963,0.06446421100008592
UTM-NN,145,tm,80.83,0.42935396099983336,0.06576731600034691
UTM-NN,146,tm,80.95,0.43326016099945264,0.06419109999933426
UTM-NN,147,tm,80.94,0.43036020300041855,0.06463390800035995
UTM-NN,148,tm,81.0,0.42685396399974707,0.06585924299997714
UTM-NN,149,tm,80.95,0.41026669799975934,0.06508310100070958
UTM-NN,150,tm,80.97,0.4226611009999033,0.06546494099984557
UTM-NN,151,nn,81.73,0.19358237400047074,0.0683975410001949
UTM-NN,152,nn,81.75,0.17927423299988732,0.06112537699937093
UTM-NN,153,nn,81.74,0.23582188099953783,0.060010390999195806
UTM-NN,154,nn,81.89999999999999,0.1799168359993928,0.061320435000197904
UTM-NN,155,nn,82.04,0.17705862100046943,0.06142170699968119
UTM-NN,156,nn,82.07,0.17759092400046939,0.06099248200007423
UTM-NN,157,nn,82.17,0.23801455600005283,0.06595221299994591
UTM-NN,158,nn,82.27,0.187345763999474,0.06129588000021613
UTM-NN,159,nn,82.24000000000001,0.1915700810004637,0.06156538800041744
UTM-NN,160,nn,82.22,0.1916139969998767,0.06097768600011477
UTM-NN,161,nn,82.28999999999999,0.1850552850000895,0.062189529000534094
UTM-NN,162,nn,82.33,0.19199936800032447,0.061655260999941675
UTM-NN,163,nn,82.32000000000001,0.190112818999296,0.06252834099996107
UTM-NN,164,nn,82.36,0.23925759899975674,0.061861389999648964
UTM-NN,165,nn,82.42,0.19128653099960502,0.061455435000425496
UTM-NN,166,nn,82.44,0.19022045400015486,0.0615800389996366
UTM-NN,167,nn,82.34,0.18863184499969066,0.06239096600074845
UTM-NN,168,nn,82.46,0.24442495000039344,0.06138102499971865
UTM-NN,169,nn,82.43,0.18097115299951838,0.05908422399988922
UTM-NN,170,nn,82.48,0.17630871900018974,0.059351292999963334
UTM-NN,171,nn,82.57,0.17418336999980966,0.06139928700031305
UTM-NN,172,nn,82.49,0.19121252700006153,0.06238452499928826
UTM-NN,173,nn,82.44,0.19087878099981026,0.062126857999828644
UTM-NN,174,nn,82.48,0.19390036299955682,0.06142427200029488
UTM-NN,175,nn,82.50999999999999,0.19094771100026264,0.062232665000010456
UTM-NN,176,nn,82.50999999999999,0.24651503799941565,0.06137336499978119
UTM-NN,177,nn,82.50999999999999,0.18861643299987918,0.0614641890006169
UTM-NN,178,nn,82.58,0.17992977299945778,0.061614772000211815
UTM-NN,179,nn,82.53,0.19145741300053487,0.06208019200039416
UTM-NN,180,nn,82.6,0.2485802519995559,0.06248336400039989
UTM-NN,181,nn,82.47,0.18885620800028846,0.06194253499961633
UTM-NN,182,nn,82.5,0.18071987599978456,0.06111638000038511
UTM-NN,183,nn,82.54,0.18741025800045463,0.06167184700007056
UTM-NN,184,nn,82.53,0.1791895910000676,0.06306754199977149
UTM-NN,185,nn,82.49,0.179341506000128,0.06320469399997819
UTM-NN,186,nn,82.36,0.1847070949997942,0.06141631900027278
UTM-NN,187,nn,82.62,0.1804857119996086,0.06037259700042341
UTM-NN,188,nn,82.54,0.2376865739997811,0.06192827399991074
UTM-NN,189,nn,82.46,0.17753400299989153,0.06232624199947168
UTM-NN,190,nn,82.48,0.1849823849997847,0.061381122000057076
UTM-NN,191,nn,82.48,0.18985243600036483,0.06232926199936628
UTM-NN,192,nn,82.47,0.2520635520004362,0.06156784399991011
UTM-NN,193,nn,82.5,0.19096884800001135,0.06184957999994367
UTM-NN,194,nn,82.46,0.1928505599998971,0.06216822900023544
UTM-NN,195,nn,82.5,0.18943916100033675,0.060199485999874014
UTM-NN,196,nn,82.55,0.18942949699976452,0.06117648199960968
UTM-NN,197,nn,82.43,0.17593568799929926,0.06225111999992805
UTM-NN,198,nn,82.44,0.19112825200045336,0.06212917599987122
UTM-NN,199,nn,82.57,0.2489832840001327,0.06122916799995437
UTM-NN,200,nn,82.56,0.1921515169997292,0.0615043150000929
UTM-NN,201,nn,82.5,0.17130095299944514,0.0612548599992806
UTM-NN,202,nn,82.47,0.1904225039997982,0.06144835100076307
UTM-NN,203,nn,82.62,0.2502752500004135,0.059513741999580816
UTM-NN,204,nn,82.47,0.18121303799944144,0.060481609000817116
UTM-NN,205,nn,82.5,0.19141361200036044,0.06220356300036656
UTM-NN,206,nn,82.56,0.18952324399924692,0.06106702699980815
UTM-NN,207,nn,82.44,0.1914093959994716,0.061681680000219785
UTM-NN,208,nn,82.48,0.1899063089995252,0.061477783000555064
UTM-NN,209,nn,82.54,0.18879877899962594,0.06229695199999696
UTM-NN,210,nn,82.49,0.19012220299919136,0.06107054499989317
UTM-NN,211,nn,82.49,0.2451768439996158,0.062246339000012085
UTM-NN,212,nn,82.5,0.17235372499999357,0.06247008999980608
UTM-NN,213,nn,82.55,0.1920931019994896,0.061656941000364895
UTM-NN,214,nn,82.44,0.18656749699948705,0.06310806500005128
UTM-NN,215,nn,82.52000000000001,0.2493840179995459,0.06197437099945091
UTM-NN,216,nn,82.57,0.1768011200001638,0.06185233099949983
UTM-NN,217,nn,82.46,0.19119910300014453,0.06188737799948285
UTM-NN,218,nn,82.61,0.1900604980000935,0.06166107599983661
UTM-NN,219,nn,82.50999999999999,0.18945631499991578,0.06219597600011184
UTM-NN,220,nn,82.43,0.19067452900071657,0.06300138000005973
UTM-NN,221,nn,82.46,0.18011843299973407,0.06222808999973495
UTM-NN,222,nn,82.36,0.1762836400002925,0.06175035999967804
UTM-NN,223,nn,82.52000000000001,0.23621349400036706,0.06254999300017516
UTM-NN,224,nn,82.48,0.18082970900013606,0.06181547500000306
UTM-NN,225,nn,82.42,0.17760475100021722,0.06173288300033164
UTM-NN,226,nn,82.49,0.17717192500003875,0.061803407999832416
UTM-NN,227,nn,82.57,0.2354763829998774,0.06222826700013684
UTM-NN,228,nn,82.46,0.17751031199986755,0.06275777399969229
UTM-NN,229,nn,82.65,0.17730172200026573,0.06250434699995822
UTM-NN,230,nn,82.62,0.1823435750002318,0.06267985900012718
UTM-NN,231,nn,82.55,0.185211005000383,0.061534457000561815
UTM-NN,232,nn,82.5,0.17731722299959074,0.062421112000265566
UTM-NN,233,nn,82.39999999999999,0.1765934049999487,0.06251226699987456
UTM-NN,234,nn,82.48,0.2359273909996773,0.06398600600005011
UTM-NN,235,nn,82.41000000000001,0.18029462499998772,0.06222994299969287
UTM-NN,236,nn,82.58,0.1775912260000041,0.06281624200073566
UTM-NN,237,nn,82.56,0.1776532469993981,0.06230338400018809
UTM-NN,238,nn,82.55,0.23887267900045117,0.06154369799969572
UTM-NN,239,nn,82.50999999999999,0.17875232900041738,0.06158095199953095
UTM-NN,240,nn,82.50999999999999,0.18158601699997234,0.06316800500007957
UTM-NN,241,nn,82.50999999999999,0.1750066810000135,0.06260004399973695
UTM-NN,242,nn,82.58,0.1918874559996766,0.061585114000081376
UTM-NN,243,nn,82.48,0.17568256199956522,0.06112227500034351
UTM-NN,244,nn,82.45,0.19018091300040396,0.06076411300000473
UTM-NN,245,nn,82.65,0.17457487399951788,0.06717971699981717
UTM-NN,246,nn,82.48,0.2504283010002837,0.0630557399999816
UTM-NN,247,nn,82.62,0.1908944490005524,0.06183848900036537
UTM-NN,248,nn,82.58,0.18076555200059374,0.061809601000277326
UTM-NN,249,nn,82.62,0.19148922899967147,0.061549579000711674
UTM-NN,250,nn,82.50999999999999,0.24735367399989627,0.06309549000070547
UTM-NN,251,nn,82.53,0.18519202599964046,0.06117560199982108
UTM-NN,252,nn,82.48,0.19134148200009804,0.06120525799997267
UTM-NN,253,nn,82.42,0.18590080000012676,0.061386069000036514
UTM-NN,254,nn,82.47,0.18393248900065373,0.0612659899998107
UTM-NN,255,nn,82.47,0.17431712899997365,0.06161117400006333
UTM-NN,256,nn,82.42,0.19055005300015182,0.062158964999980526
UTM-NN,257,nn,82.58,0.18988965200060193,0.06245190600020578
UTM-NN,258,nn,82.61,0.23713190099988424,0.062169349000214424
UTM-NN,259,nn,82.6,0.19352302700008295,0.06322037800055114
UTM-NN,260,nn,82.47,0.19014123200031463,0.06317152400060877
UTM-NN,261,nn,82.55,0.19047061299988854,0.061179475000244565
UTM-NN,262,nn,82.54,0.24088442100037355,0.06293734199971368
UTM-NN,263,nn,82.58,0.17267860199990537,0.06201639499977318
UTM-NN,264,nn,82.53,0.19009438499961107,0.062204265000218584
UTM-NN,265,nn,82.48,0.17482892899988656,0.06165081099970848
UTM-NN,266,nn,82.49,0.1780639219996374,0.061707773999842175
UTM-NN,267,nn,82.52000000000001,0.1903857440001957,0.06139267500020651
UTM-NN,268,nn,82.42,0.18040718999964156,0.06008814500000881
UTM-NN,269,nn,82.5,0.2445064289995571,0.06293718699998863
UTM-NN,270,nn,82.55,0.1924312179999106,0.061882986000455276
UTM-NN,271,nn,82.50999999999999,0.17755849399964063,0.061774216999765486
UTM-NN,272,nn,82.54,0.1745394519994079,0.0645324580000306
UTM-NN,273,nn,82.50999999999999,0.252228269000625,0.06777864800005773
UTM-NN,274,nn,82.59,0.1922957030001271,0.06166649300030258
UTM-NN,275,nn,82.44,0.1821328400001221,0.06204310599969176
UTM-NN,276,nn,82.48,0.191208223999638,0.06143040999995719
UTM-NN,277,nn,82.43,0.19046757599971897,0.06204793800043262
UTM-NN,278,nn,82.55,0.18967751400032284,0.061616211000000476
UTM-NN,279,nn,82.46,0.1905571549996239,0.060947626000597666
UTM-NN,280,nn,82.55,0.1901961769999616,0.061613397999281005
UTM-NN,281,nn,82.52000000000001,0.2493405659997734,0.06190426600005594
UTM-NN,282,nn,82.52000000000001,0.18309514399970794,0.06318392400044104
UTM-NN,283,nn,82.56,0.18907829799991305,0.0613446319994182
UTM-NN,284,nn,82.55,0.19081486699997185,0.06143134900048608
UTM-NN,285,nn,82.53,0.25113319299998693,0.061186842000097386
UTM-NN,286,nn,82.57,0.19114715799969417,0.06223468700045487
UTM-NN,287,nn,82.50999999999999,0.18979510000008304,0.06757677599944145
UTM-NN,288,nn,82.38,0.1924568240001463,0.06139082000026974
UTM-NN,289,nn,82.54,0.19012407699938194,0.06190856600005645
UTM-NN,290,nn,82.5,0.19038636700042844,0.062420413999461744
UTM-NN,291,nn,82.58,0.18609339200065733,0.06176185799995437
UTM-NN,292,nn,82.58,0.17611007499999687,0.06141522300003999
UTM-NN,293,nn,82.50999999999999,0.24515614499978255,0.061469336000300245
UTM-NN,294,nn,82.57,0.19231044800017116,0.06287674800023524
UTM-NN,295,nn,82.53,0.18296851200011588,0.06134299299992563
UTM-NN,296,nn,82.46,0.18892465999942942,0.06593460900057835
UTM-NN,297,nn,82.48,0.251144724000369,0.06278668200047832
UTM-NN,298,nn,82.56,0.1921816130006846,0.06204465100017842
UTM-NN,299,nn,82.64,0.1900248140000258,0.06096139900000708
UTM-NN,300,nn,82.34,0.1905474730001515,0.06192223899961391
UTM-NN,301,nn,82.56,0.19198515200059774,0.061761271999785095
UTM-NN,302,nn,82.53,0.19474230200012244,0.06251643500036153
UTM-NN,303,nn,82.52000000000001,0.19212019799942937,0.06402635399990686
UTM-NN,304,nn,82.48,0.19191678300012427,0.06540285400024004
UTM-NN,305,nn,82.50999999999999,0.23907185299958655,0.06168727099975513
UTM-NN,306,nn,82.46,0.19105833199955669,0.061850383000091824
UTM-NN,307,nn,82.52000000000001,0.19146276599985868,0.06613154200022109
UTM-NN,308,nn,82.5,0.2501194229998873,0.06179107499974634
UTM-NN,309,nn,82.37,0.197220840999762,0.06167372800064186
UTM-NN,310,nn,82.48,0.1930780650000088,0.06479735799985065
UTM-NN,311,nn,82.62,0.1924851639996632,0.0593753809998816
UTM-NN,312,nn,82.5,0.19288184200013347,0.06255185100053495
UTM-NN,313,nn,82.5,0.19100250199971924,0.06119864399988728
UTM-NN,314,nn,82.56,0.19194667000010668,0.0625678099995639
UTM-NN,315,nn,82.52000000000001,0.17956982099985908,0.06229314400025032
UTM-NN,316,nn,82.48,0.23697714599984465,0.06253966100030084
UTM-NN,317,nn,82.41000000000001,0.17802824999944278,0.061858963999839034
UTM-NN,318,nn,82.53,0.18143308000071556,0.06221736199950101
UTM-NN,319,nn,82.49,0.19337179400008608,0.061576685000545694
UTM-NN,320,nn,82.49,0.2492174540002452,0.0613631690002876
UTM-NN,321,nn,82.47,0.191279902000133,0.06147917900034372
UTM-NN,322,nn,82.6,0.19103766799980804,0.05968393900002411
UTM-NN,323,nn,82.6,0.18642352400001982,0.061792169000000285
UTM-NN,324,nn,82.48,0.19085296299999754,0.06208196899933682
UTM-NN,325,nn,82.47,0.18574599799921998,0.06134774699967238
UTM-NN,326,nn,82.49,0.18881389399939508,0.06135874099982175
UTM-NN,327,nn,82.46,0.1857215330001054,0.06166811200000666
UTM-NN,328,nn,82.45,0.24534157100060838,0.06233471900031873
UTM-NN,329,nn,82.50999999999999,0.19129131600038818,0.06141231699984928
UTM-NN,330,nn,82.44,0.19242659399969853,0.06139784500010137
UTM-NN,331,nn,82.49,0.17568369199943845,0.06160531300065486
UTM-NN,332,nn,82.37,0.24000076900028944,0.061298469000576006
UTM-NN,333,nn,82.48,0.18436270199981664,0.06219369500013272
UTM-NN,334,nn,82.5,0.18871040800058836,0.06131583000023966
UTM-NN,335,nn,82.56,0.17600017499989917,0.06204300500030513
UTM-NN,336,nn,82.55,0.18029826000019966,0.06005868299962458
UTM-NN,337,nn,82.52000000000001,0.19012006299999484,0.060758861000067554
UTM-NN,338,nn,82.66,0.18986902599954192,0.05884867700024188
UTM-NN,339,nn,82.45,0.19190725299995393,0.06063515499954519
UTM-NN,340,nn,82.53,0.24861382200015214,0.06123734999982844
UTM-NN,341,nn,82.46,0.18111740099993767,0.06356844899983116
UTM-NN,342,nn,82.48,0.19153573699986737,0.061621743000614515
UTM-NN,343,nn,82.53,0.1874425070000143,0.06240915499984112
UTM-NN,344,nn,82.45,0.24926592300016637,0.06105023100008111
UTM-NN,345,nn,82.49,0.18138642200028698,0.06419237999944016
UTM-NN,346,nn,82.50999999999999,0.19835840099949564,0.06184652699994331
UTM-NN,347,nn,82.5,0.19127675899926544,0.061598125000273285
UTM-NN,348,nn,82.52000000000001,0.19195200400008616,0.06235455699970771
UTM-NN,349,nn,82.61,0.18832386299982318,0.061704626999926404
UTM-NN,350,nn,82.55,0.1905810600001132,0.062315293999745336
UTM-NN,351,nn,82.52000000000001,0.25045119100013835,0.06155528800081811
UTM-NN,352,nn,82.49,0.19229258699942875,0.06104332399991108
UTM-NN,353,nn,82.57,0.19203168399963033,0.062376268999287277
UTM-NN,354,nn,82.44,0.1908580549998078,0.06140240099921357
UTM-NN,355,nn,82.50999999999999,0.24185142100031953,0.06150191599954269
UTM-NN,356,nn,82.56,0.19220448499982012,0.0608997460003593
UTM-NN,357,nn,82.46,0.19118843300020671,0.061394968000058725
UTM-NN,358,nn,82.45,0.1871355390003373,0.061483865999434784
UTM-NN,359,nn,82.48,0.19060160699973494,0.06137209700045787
UTM-NN,360,nn,82.59,0.19020553900008963,0.061950995000188414
UTM-NN,361,nn,82.47,0.19251159200030088,0.06180455100002291
UTM-NN,362,nn,82.50999999999999,0.18188288799956354,0.060643590999461594
UTM-NN,363,nn,82.47,0.23538294300033158,0.06453972300005262
UTM-NN,364,nn,82.50999999999999,0.19244865499968,0.06256534400017699
UTM-NN,365,nn,82.42,0.18801730100040004,0.06228796699997474
UTM-NN,366,nn,82.49,0.1909059529998558,0.06135402499967313
UTM-NN,367,nn,82.52000000000001,0.2503361399994901,0.06182080600046902
UTM-NN,368,nn,82.65,0.18665316500027984,0.06129780699939147
UTM-NN,369,nn,82.45,0.19017807000000175,0.06115784299981897
UTM-NN,370,nn,82.53,0.191163313999823,0.06142009699942719
UTM-NN,371,nn,82.6,0.19017750000057276,0.061702426000010746
UTM-NN,372,nn,82.55,0.17774418699991656,0.06775931300035154
UTM-NN,373,nn,82.5,0.1899601729992355,0.06219009100004769
UTM-NN,374,nn,82.5,0.19063099600043643,0.061386894999486685
UTM-NN,375,nn,82.39999999999999,0.2395912820002195,0.06259164399943984
UTM-NN,376,nn,82.42,0.1845181730004697,0.06120932000067114
UTM-NN,377,nn,82.43,0.18696423399978812,0.06139198300024873
UTM-NN,378,nn,82.53,0.1920816530000593,0.06231708199993591
UTM-NN,379,nn,82.46,0.24969283900009032,0.06138356099927478
UTM-NN,380,nn,82.48,0.18909547499970358,0.062007491999793274
UTM-NN,381,nn,82.32000000000001,0.1910184409998692,0.062471635000292736
UTM-NN,382,nn,82.55,0.19059821699920576,0.06176009799946769
UTM-NN,383,nn,82.43,0.1773529599995527,0.06148351500087301
UTM-NN,384,nn,82.36,0.18362136599989753,0.06097866399977647
UTM-NN,385,nn,82.5,0.18072977800056833,0.062245434999567806
UTM-NN,386,nn,82.49,0.24932167800034222,0.06096042999979545
UTM-NN,387,nn,82.48,0.1879279510003471,0.06173906299954979
UTM-NN,388,nn,82.53,0.17989783700068074,0.06043983000017761
UTM-NN,389,nn,82.50999999999999,0.1807905360001314,0.06083559699982288
UTM-NN,390,nn,82.48,0.24882213099954242,0.06222311300007277
UTM-NN,391,nn,82.56,0.18297388099927048,0.06166588799987949
UTM-NN,392,nn,82.6,0.18223052700068365,0.06151844099986192
UTM-NN,393,nn,82.36,0.18303957099942636,0.06743197100058751
UTM-NN,394,nn,82.44,0.1792629969995687,0.06341729700034193
UTM-NN,395,nn,82.57,0.18636280699956842,0.06224465299965232
UTM-NN,396,nn,82.59,0.19158076599978813,0.06044913300047483
UTM-NN,397,nn,82.49,0.18944255099995644,0.06135339899992687
UTM-NN,398,nn,82.53,0.25002551499983383,0.06227242199929606
UTM-NN,399,nn,82.53,0.19203346500034968,0.062224985000284505
UTM-NN,400,nn,82.54,0.19077123299939558,0.0611580929999036
UTM-NN,401,nn,82.48,0.19204498399994918,0.06228084200029116
UTM-NN,402,nn,82.52000000000001,0.23794726400046784,0.06657643300059135
UTM-NN,403,nn,82.61,0.1911341730001368,0.06061534699983895
UTM-NN,404,nn,82.56,0.18550497700016422,0.06168832499952259
UTM-NN,405,nn,82.39999999999999,0.18150875399987854,0.060544609000316996
UTM-NN,406,nn,82.57,0.19045877600001404,0.06065257199952612
UTM-NN,407,nn,82.36,0.185264489000474,0.06136170200079505
UTM-NN,408,nn,82.47,0.18465384299997822,0.06170336800005316
UTM-NN,409,nn,82.5,0.17747305000011693,0.06203602900041005
UTM-NN,410,nn,82.55,0.24975881099999242,0.062311877999491116
UTM-NN,411,nn,82.46,0.17398291599965887,0.061654391999582
UTM-NN,412,nn,82.35,0.17406923599992297,0.0631398449995686
UTM-NN,413,nn,82.54,0.19121931600056996,0.06265574200006085
UTM-NN,414,nn,82.43,0.2396709770000598,0.06253989200013166
UTM-NN,415,nn,82.57,0.18495418400016206,0.062000798000553914
UTM-NN,416,nn,82.5,0.19062450000001263,0.061615389000508
UTM-NN,417,nn,82.5,0.18896188700000494,0.06139936800082069
UTM-NN,418,nn,82.5,0.18425953800033312,0.06149987400021928
UTM-NN,419,nn,82.44,0.1843491150002592,0.061011415000393754
UTM-NN,420,nn,82.5,0.18258941499971115,0.06082680100007565
UTM-NN,421,nn,82.49,0.23651136199987377,0.061276548999558145
UTM-NN,422,nn,82.53,0.17747151399998984,0.06089648600027431
UTM-NN,423,nn,82.46,0.18517518099997687,0.06220209499952034
UTM-NN,424,nn,82.41000000000001,0.18351807900035055,0.060542392000570544
UTM-NN,425,nn,82.50999999999999,0.2387391430002026,0.06146436299968627
UTM-NN,426,nn,82.5,0.18981382999936613,0.0613503579997996
UTM-NN,427,nn,82.45,0.18956713799980207,0.061531621000540326
UTM-NN,428,nn,82.41000000000001,0.19074385900057678,0.06254462099968805
UTM-NN,429,nn,82.47,0.18614068500028225,0.06151690400020016
UTM-NN,430,nn,82.48,0.18904856700009987,0.061874479999460164
UTM-NN,431,nn,82.34,0.18211994000012055,0.06153975699999137
UTM-NN,432,nn,82.52000000000001,0.17793945699941105,0.062231167999925674
UTM-NN,433,nn,82.5,0.2489678370002366,0.06118622299982235
UTM-NN,434,nn,82.41000000000001,0.18942324999989069,0.062409820000539185
UTM-NN,435,nn,82.48,0.17460991900043155,0.061542095999357116
UTM-NN,436,nn,82.45,0.19194888499987428,0.0609356149998348
UTM-NN,437,nn,82.53,0.25050978299987037,0.06225319599980139
UTM-NN,438,nn,82.47,0.18403365300036967,0.06189819799965335
UTM-NN,439,nn,82.5,0.1721031219994984,0.062192379999942204
UTM-NN,440,nn,82.47,0.19050347000029433,0.06002804899981129
UTM-NN,441,nn,82.39999999999999,0.19113264699990395,0.0623878890000924
UTM-NN,442,nn,82.41000000000001,0.18922786100029043,0.06786548299987771
UTM-NN,443,nn,82.52000000000001,0.18246432699925208,0.061864487000093504
UTM-NN,444,nn,82.52000000000001,0.18929746400044678,0.06210407800062967
UTM-NN,445,nn,82.58,0.25021460900006787,0.059149442000489216
UTM-NN,446,nn,82.52000000000001,0.18424116999995022,0.061677985000642366
UTM-NN,447,nn,82.43,0.19075864200021897,0.0621177559996795
UTM-NN,448,nn,82.42,0.19142946400006622,0.06162189099995885
UTM-NN,449,nn,82.50999999999999,0.2510190339999099,0.06158266799957346
UTM-NN,450,nn,82.50999999999999,0.18854655399991316,0.06142188299963891
UTM-NN,451,nn,82.44,0.19176749700000073,0.06131554900002811
UTM-NN,452,nn,82.38,0.18599381399963022,0.061171844999989844
UTM-NN,453,nn,82.6,0.17640636599935533,0.06169473499994638
UTM-NN,454,nn,82.54,0.17637331599962636,0.061406320999594755
UTM-NN,455,nn,82.46,0.178512203999162,0.061761852000017825
UTM-NN,456,nn,82.46,0.24897046299975045,0.0619450300000608
UTM-NN,457,nn,82.45,0.19197100000019418,0.06133407300058025
UTM-NN,458,nn,82.55,0.18872469699999783,0.06146344399985537
UTM-NN,459,nn,82.41000000000001,0.1791239569993195,0.06143110399989382
UTM-NN,460,nn,82.55,0.24941035699976055,0.061405227999784984
UTM-NN,461,nn,82.45,0.19255297900053847,0.06136172300011822
UTM-NN,462,nn,82.57,0.19000379699991754,0.06199843299964414
UTM-NN,463,nn,82.56,0.1771309020004992,0.06146368900044763
UTM-NN,464,nn,82.50999999999999,0.1767348769999444,0.0618941860002451
UTM-NN,465,nn,82.48,0.1782914929999606,0.06145881400061626
UTM-NN,466,nn,82.49,0.1717889589999686,0.062383512999986124
UTM-NN,467,nn,82.42,0.18315328999960911,0.06133937399954448
UTM-NN,468,nn,82.38,0.24170909500026028,0.061101405000044906
UTM-NN,469,nn,82.49,0.18406020399925183,0.06061871000019892
UTM-NN,470,nn,82.50999999999999,0.17793898500076466,0.06202977999964787
UTM-NN,471,nn,82.5,0.18371371100056422,0.06139186800010066
UTM-NN,472,nn,82.48,0.2502465090001351,0.061373977000585
UTM-NN,473,nn,82.45,0.17720035599995754,0.06040699500044866
UTM-NN,474,nn,82.53,0.17670593500042742,0.061758154000017385
UTM-NN,475,nn,82.52000000000001,0.18194633100029023,0.06172610000066925
UTM-NN,476,nn,82.53,0.1786319540005934,0.06209551099982491
UTM-NN,477,nn,82.59,0.18196761699982744,0.061616167000465794
UTM-NN,478,nn,82.56,0.19119587099976343,0.06159747200035781
UTM-NN,479,nn,82.57,0.18988947099933284,0.06102896599986707
UTM-NN,480,nn,82.43,0.24946310699942842,0.06111113299994031
UTM-NN,481,nn,82.6,0.18943034499989153,0.061626763999811374
UTM-NN,482,nn,82.53,0.19128252700011217,0.06177169700004015
UTM-NN,483,nn,82.50999999999999,0.19137136000063037,0.06153505699967354
UTM-NN,484,nn,82.44,0.24986310500025866,0.06238607700015564
UTM-NN,485,nn,82.53,0.17595811000046524,0.06048156500037294
UTM-NN,486,nn,82.48,0.17955424499996298,0.06195299199953297
UTM-NN,487,nn,82.54,0.19005911000022024,0.06600437899942335
UTM-NN,488,nn,82.52000000000001,0.1920838489995731,0.06250012500004232
UTM-NN,489,nn,82.42,0.19155832899923553,0.05997373899936065
UTM-NN,490,nn,82.55,0.19034779499997967,0.060574948999601474
UTM-NN,491,nn,82.49,0.19182278599964775,0.06795634200079803
UTM-NN,492,nn,82.47,0.2508127350001814,0.06503079100002651
UTM-NN,493,nn,82.59,0.1786259809996409,0.06212940300065384
UTM-NN,494,nn,82.6,0.18247996199988847,0.061439164000148594
UTM-NN,495,nn,82.47,0.23393578300056106,0.06151910900007351
UTM-NN,496,nn,82.54,0.18958356799976173,0.06318352800008142
UTM-NN,497,nn,82.45,0.17829337399962242,0.062210500000219326
UTM-NN,498,nn,82.50999999999999,0.18685013499998604,0.06532713799970224
UTM-NN,499,nn,82.46,0.18691689199931716,0.061049525999806065
UTM-NN,500,nn,82.45,0.18945414299923868,0.06258367200007342
