method,epoch,model_type,test_accuracy,train_time,test_time
UTM,1,tm,63.449999999999996,0.5787964660003126,0.06626692299960268
UTM,2,tm,65.53999999999999,0.5364499289999003,0.06748435000008612
UTM,3,tm,65.89,0.5177275630003351,0.0721628729997974
UTM,4,tm,66.14,0.5071235350005736,0.06772918200022104
UTM,5,tm,65.57,0.5177669929998956,0.06811373600066872
UTM,6,tm,66.0,0.5080535039996903,0.0691055499992217
UTM,7,tm,67.03,0.5093860289998702,0.07428879400049482
UTM,8,tm,67.09,0.5111013700006879,0.06715707100011059
UTM,9,tm,67.04,0.5081365810001444,0.06868745900010254
UTM,10,tm,66.84,0.5045384599998215,0.06797155300046143
UTM,11,tm,66.83,0.5091209800002616,0.06815136499972141
UTM,12,tm,67.67999999999999,0.5056341070003327,0.06898093299969332
UTM,13,tm,67.51,0.5058815550000872,0.06766886399964278
UTM,14,tm,67.42,0.5112835130003077,0.06767624100029934
UTM,15,tm,67.86999999999999,0.4991747349995421,0.06770162700013316
UTM,16,tm,67.69,0.5017137439999715,0.0681353179998041
UTM,17,tm,67.38,0.5048502110003028,0.06891313599953719
UTM,18,tm,66.97,0.4998520239996651,0.06859101999998529
UTM,19,tm,67.38,0.4927263629997469,0.06958814099925803
UTM,20,tm,67.25999999999999,0.500127603000692,0.06790050100062217
UTM,21,tm,67.45,0.498905972999637,0.06721038799969392
UTM,22,tm,67.36999999999999,0.49522443800015026,0.06664730200009217
UTM,23,tm,67.49000000000001,0.4963158439995823,0.06727906100059045
UTM,24,tm,67.77,0.4999603410005875,0.0693936150000809
UTM,25,tm,67.67,0.5055304139996224,0.06610118099979445
UTM,26,tm,67.74,0.49900450099994487,0.06678063800063683
UTM,27,tm,67.4,0.49208654400081286,0.06912254200051393
UTM,28,tm,67.04,0.507642642999599,0.06865081900014047
UTM,29,tm,67.84,0.4985828990002119,0.07015004200002295
UTM,30,tm,68.27,0.4988221759995213,0.06805757699930837
UTM,31,tm,67.62,0.5019500910002535,0.06874087100004544
UTM,32,tm,67.93,0.4948967820000689,0.06980815600036294
UTM,33,tm,67.58999999999999,0.5039809190002416,0.06900470799973846
UTM,34,tm,68.14,0.4956756019992099,0.06818760399983148
UTM,35,tm,67.92,0.49050386199996865,0.06810353099990607
UTM,36,tm,68.01,0.5014240430000427,0.06828575000054116
UTM,37,tm,67.75999999999999,0.5034771059999912,0.06884930999967764
UTM,38,tm,67.63,0.5020844489999945,0.06892433800021536
UTM,39,tm,67.80000000000001,0.4924697400001605,0.06847686099990824
UTM,40,tm,67.78999999999999,0.49410546099989006,0.06830186499973934
UTM,41,tm,67.80000000000001,0.5043013059994337,0.06843051100076991
UTM,42,tm,67.84,0.5023112019998734,0.06797134899989032
UTM,43,tm,68.08999999999999,0.5047195849992931,0.06797711299986986
UTM,44,tm,67.91,0.49558722600067995,0.06750184300017281
UTM,45,tm,67.84,0.49739543399937247,0.06827144599992607
UTM,46,tm,67.52,0.5035273080002298,0.0687018030002946
UTM,47,tm,67.96,0.5023105299997042,0.06871947899981024
UTM,48,tm,67.65,0.5011147100003654,0.0684734300002674
UTM,49,tm,67.2,0.49496977899980266,0.0653174039998703
UTM,50,tm,67.85,0.496016929999314,0.06745811900054832
UTM,51,tm,67.73,0.49446737100061,0.06973865599957207
UTM,52,tm,67.89,0.49416918200040527,0.06854725599987432
UTM,53,tm,67.77,0.5032535820000703,0.06910887100002583
UTM,54,tm,67.99,0.49619329500001186,0.06924414200057072
UTM,55,tm,67.82000000000001,0.49372861699976056,0.06706016999942221
UTM,56,tm,67.75999999999999,0.5003383349994692,0.06897171399941726
UTM,57,tm,67.97999999999999,0.5033000960002028,0.06894438200015429
UTM,58,tm,68.16,0.49670445999981894,0.07078507299956982
UTM,59,tm,68.11,0.5026816270001291,0.06915737199960859
UTM,60,tm,67.75,0.4934454309995999,0.0703889579999668
UTM,61,tm,67.91,0.503942993000237,0.06875253099951806
UTM,62,tm,68.17999999999999,0.500590998000007,0.06852434299980814
UTM,63,tm,67.93,0.5040586109998912,0.06719878700005211
UTM,64,tm,67.95,0.491899396000008,0.06960410900046554
UTM,65,tm,68.23,0.5013705729998037,0.06900969700018322
UTM,66,tm,68.34,0.5010650310005076,0.06850323199978448
UTM,67,tm,68.23,0.49621282600037375,0.06908268499955739
UTM,68,tm,68.11,0.49770439799976884,0.06884975899993151
UTM,69,tm,68.19,0.5024867330002962,0.06772876400009409
UTM,70,tm,67.97999999999999,0.49143846899914934,0.0691747499995472
UTM,71,tm,68.21000000000001,0.5030573280000681,0.06864386199958972
UTM,72,tm,67.7,0.5012403749997247,0.06816480299949035
UTM,73,tm,68.43,0.5099151180002082,0.06914340399998764
UTM,74,tm,67.97,0.5009214400006385,0.068090098000539
UTM,75,tm,68.10000000000001,0.49186340999949607,0.06856780599991907
UTM,76,tm,68.43,0.5022865469991302,0.06812321999950655
UTM,77,tm,68.26,0.5010391089999757,0.06745098700048402
UTM,78,tm,68.21000000000001,0.49386462599977676,0.06944585600012942
UTM,79,tm,68.42,0.5027428430003056,0.06869135000033566
UTM,80,tm,68.21000000000001,0.5026859290001084,0.06827769500068825
UTM,81,tm,68.34,0.5005193440001676,0.06745965800018894
UTM,82,tm,68.07,0.49288263200014626,0.06818398799987335
UTM,83,tm,68.2,0.49695707299997594,0.06867715600037627
UTM,84,tm,68.17,0.5005712960000892,0.06809080399943923
UTM,85,tm,68.17,0.5029234329995234,0.06908847000067908
UTM,86,tm,68.15,0.4973547210001925,0.06842917799986026
UTM,87,tm,68.44,0.4918392360004873,0.0682725249998839
UTM,88,tm,67.89,0.49970441100049356,0.068931535000047
UTM,89,tm,68.47999999999999,0.5055645350003033,0.06794923599954927
UTM,90,tm,68.67,0.5004199690001769,0.0682634210006654
UTM,91,tm,68.61,0.5010582170007183,0.06654373299988947
UTM,92,tm,68.55,0.5041353959995831,0.06815884399929928
UTM,93,tm,68.46,0.4924177749999217,0.07308644400018238
UTM,94,tm,68.51,0.5051343289997021,0.06999960200027999
UTM,95,tm,68.28999999999999,0.4976388360000783,0.06881096200049797
UTM,96,tm,68.27,0.5010546519997661,0.06968621699979849
UTM,97,tm,68.17,0.5044990799997322,0.0688253979997171
UTM,98,tm,68.60000000000001,0.48937803199987684,0.06827826599965192
UTM,99,tm,68.27,0.4987551550002536,0.07148928299920954
UTM,100,tm,68.71000000000001,0.49347318099989934,0.06899318499927176
UTM,101,tm,68.25,0.5029528509994634,0.06903676100046141
UTM,102,tm,68.56,0.5142269339994527,0.06884433499999432
UTM,103,tm,68.47,0.49448355700042157,0.06865482100056397
UTM,104,tm,68.25,0.49461732100007794,0.06816971599982935
UTM,105,tm,68.34,0.5012274850005269,0.06833226100025058
UTM,106,tm,68.47999999999999,0.4971323919999122,0.06891162000010809
UTM,107,tm,68.51,0.4947493600002417,0.06659108900021238
UTM,108,tm,68.47,0.5037931899996693,0.0678412240004036
UTM,109,tm,68.61,0.4976079509997362,0.06836745999953564
UTM,110,tm,68.56,0.4977057320002132,0.06746599199959746
UTM,111,tm,68.31,0.49438769500011404,0.06868555100027152
UTM,112,tm,68.35,0.5006401460004781,0.06887034400006087
UTM,113,tm,68.34,0.4981760979999308,0.06691369800046232
UTM,114,tm,68.19,0.4929793500004962,0.06681763300002785
UTM,115,tm,67.99,0.5005703630004064,0.06919392300005711
UTM,116,tm,68.23,0.49413571799959755,0.06895606200032489
UTM,117,tm,68.42,0.49970101899998554,0.06778797900005884
UTM,118,tm,68.24,0.48959293699954287,0.06765433799955645
UTM,119,tm,68.45,0.4921083559993349,0.0672500789996775
UTM,120,tm,68.32000000000001,0.5033092749999923,0.06863228000020172
UTM,121,tm,68.17999999999999,0.4975959220000732,0.07070816699979332
UTM,122,tm,68.08999999999999,0.5097491320002518,0.07549733699943317
UTM,123,tm,68.27,0.494550227000218,0.06933328200011601
UTM,124,tm,68.38,0.5060559880002984,0.06821709499945428
UTM,125,tm,68.69,0.5080451339999854,0.06843104800009314
UTM,126,tm,68.8,0.5040752220002105,0.06909550499949546
UTM,127,tm,68.88,0.5032793660002426,0.06827883299956738
UTM,128,tm,68.17,0.5058527350001896,0.06851402099982806
UTM,129,tm,68.36,0.4946081829994,0.07020981799996662
UTM,130,tm,68.52000000000001,0.5019684489998326,0.06809420900026453
UTM,131,tm,68.08,0.5020766259995071,0.06756750899967301
UTM,132,tm,68.02,0.4932379680003578,0.06979037200017046
UTM,133,tm,67.41,0.503504191000502,0.07022302699988359
UTM,134,tm,67.21000000000001,0.5083760899997287,0.06834215900016716
UTM,135,tm,67.77,0.5040034749999904,0.06826381499922718
UTM,136,tm,68.36,0.49769679499968333,0.0685600759998124
UTM,137,tm,68.23,0.4980751319999399,0.06974927899955219
UTM,138,tm,68.42,0.506484644000011,0.06841586599966831
UTM,139,tm,68.87,0.5014645789997303,0.06823809400066239
UTM,140,tm,68.73,0.4975028140006543,0.06720503700034897
UTM,141,tm,68.89999999999999,0.5061308930007726,0.06758482700024615
UTM,142,tm,69.08,0.5051362650001465,0.06903972700001759
UTM,143,tm,68.23,0.49369282799943903,0.06811583899980178
UTM,144,tm,68.06,0.5087849479996294,0.06971201899978041
UTM,145,tm,68.14,0.5069411519998539,0.06954223000047932
UTM,146,tm,68.47999999999999,0.5147986820002188,0.06908587399993849
UTM,147,tm,68.64,0.5084299350000947,0.06909242900019308
UTM,148,tm,68.27,0.49699416600014956,0.06901579999976093
UTM,149,tm,68.22,0.490587952000169,0.06852692399934313
UTM,150,tm,68.58999999999999,0.4988664649999919,0.06953539599999203
UTM,151,tm,68.72,0.507487616000617,0.06752906499968958
UTM,152,tm,68.58999999999999,0.5151306380003007,0.06909763899966492
UTM,153,tm,68.22,0.4991002569995544,0.06834804299978714
UTM,154,tm,68.78,0.5053019099996163,0.06897621799998888
UTM,155,tm,68.35,0.5059691010001188,0.0685723919996235
UTM,156,tm,68.34,0.5172577920002368,0.06930762800038792
UTM,157,tm,68.33,0.5129851350002355,0.06845105899992632
UTM,158,tm,68.37,0.5091650289996323,0.0682757690001381
UTM,159,tm,68.24,0.507190179000645,0.06836833000033948
UTM,160,tm,68.08999999999999,0.49552307700014353,0.06988257400007569
UTM,161,tm,67.57,0.5125552649997189,0.06761265099976299
UTM,162,tm,68.12,0.4954819869999483,0.06816421500025172
UTM,163,tm,68.19,0.5167358540002169,0.06883900199954951
UTM,164,tm,68.43,0.5025118799994743,0.06896598500043183
UTM,165,tm,68.47999999999999,0.49927992899938545,0.06810423200022342
UTM,166,tm,68.19,0.5036123760000919,0.0686097060006432
UTM,167,tm,68.08,0.5058337400005257,0.06959562599968194
UTM,168,tm,67.84,0.5009403369995198,0.06822032000036415
UTM,169,tm,68.25,0.5074273689997426,0.06836886899964156
UTM,170,tm,68.17,0.5025317759991594,0.0681192709998868
UTM,171,tm,68.24,0.49505433600006654,0.06849068599967723
UTM,172,tm,68.19,0.4934863200005566,0.06782318600016879
UTM,173,tm,68.54,0.5048748649996924,0.0662260930002958
UTM,174,tm,68.17,0.5028497250004875,0.06928914899981464
UTM,175,tm,68.46,0.5026422319997437,0.06718729299973347
UTM,176,tm,68.56,0.49164764099987224,0.06793893699978071
UTM,177,tm,68.13,0.5062155839996194,0.0667922169996018
UTM,178,tm,68.06,0.5045654749992536,0.06797938799991243
UTM,179,tm,67.94,0.5011615059993346,0.06980173400006606
UTM,180,tm,68.47999999999999,0.5081328269998266,0.06853348200002074
UTM,181,tm,68.41000000000001,0.49766670200006047,0.06880269200064504
UTM,182,tm,68.58999999999999,0.5024208209997596,0.06802294899989647
UTM,183,tm,68.5,0.49817648800035386,0.07164905199988425
UTM,184,tm,68.54,0.5058714019996842,0.06835844599936536
UTM,185,tm,68.55,0.499658518000615,0.06896978700024192
UTM,186,tm,68.22,0.5038896579999346,0.06602653699974326
UTM,187,tm,67.96,0.49702586500006873,0.06705450999925233
UTM,188,tm,68.12,0.5018622500001584,0.0674281109995718
UTM,189,tm,68.41000000000001,0.4946139060002679,0.0687174969998523
UTM,190,tm,68.37,0.48847367800044594,0.06889625799976784
UTM,191,tm,68.47999999999999,0.493906875999528,0.06716405400038639
UTM,192,tm,68.78,0.5025605529999666,0.06842175900055736
UTM,193,tm,68.51,0.5043323560003046,0.06884563600033289
UTM,194,tm,68.06,0.5019071760007137,0.06865144800030976
UTM,195,tm,68.47999999999999,0.5094045089999781,0.06843232299979718
UTM,196,tm,68.53,0.5050510239998403,0.0696476929997516
UTM,197,tm,68.37,0.502767054999822,0.06991481600016414
UTM,198,tm,68.51,0.49380725199989683,0.06953326999973797
UTM,199,tm,68.58,0.5026085230001627,0.06741941299969767
UTM,200,tm,68.23,0.5028080700003557,0.06903271400005906
UTM,201,tm,67.74,0.5034178239993707,0.06970967599954747
UTM,202,tm,68.12,0.5110757749998811,0.06880423500024335
UTM,203,tm,67.73,0.5024048900004345,0.06829195099999197
UTM,204,tm,68.19,0.5055755530001989,0.06880228600039118
UTM,205,tm,68.05,0.501903026999571,0.0671318960003191
UTM,206,tm,68.16,0.4963589580002008,0.06840693200047099
UTM,207,tm,67.60000000000001,0.5030150209995554,0.06851090399959503
UTM,208,tm,67.67999999999999,0.5030501360006383,0.06859711299966875
UTM,209,tm,68.24,0.5013044050001554,0.06804901899977267
UTM,210,tm,68.39,0.506309635999969,0.06877834100032487
UTM,211,tm,68.34,0.5048592909997751,0.06922671399934188
UTM,212,tm,68.07,0.5017833680003605,0.06816639699991356
UTM,213,tm,68.16,0.5028449050005293,0.06705588000022544
UTM,214,tm,68.28,0.5023042560005706,0.06959042900052737
UTM,215,tm,68.56,0.5039079809994291,0.06967931500003033
UTM,216,tm,68.62,0.503803761999734,0.06828277499971591
UTM,217,tm,68.41000000000001,0.4929465949999212,0.06924841000000015
UTM,218,tm,68.52000000000001,0.5053820490002181,0.06888052999966021
UTM,219,tm,68.28999999999999,0.4999788820005051,0.06881761400018149
UTM,220,tm,68.45,0.5004956499997206,0.06869675800044206
UTM,221,tm,68.41000000000001,0.5053403310002977,0.06763352899997699
UTM,222,tm,68.04,0.5059725559995059,0.07031544400069834
UTM,223,tm,68.2,0.5021018309998908,0.06898627200007468
UTM,224,tm,68.05,0.49066395799945894,0.06793991199992888
UTM,225,tm,68.33,0.5012632240004677,0.06871624699942913
UTM,226,tm,68.54,0.5056990109997059,0.0680827460000728
UTM,227,tm,68.56,0.5055060270005924,0.0670308409999052
UTM,228,tm,68.67999999999999,0.49919429300007323,0.06843387400022038
UTM,229,tm,68.16,0.49300271599986445,0.06966810599988094
UTM,230,tm,68.11,0.5071549610001966,0.06827288999920711
UTM,231,tm,68.52000000000001,0.4990427719994841,0.06834710699968127
UTM,232,tm,68.41000000000001,0.49695251699995424,0.07001255099930859
UTM,233,tm,68.7,0.5015503109998463,0.06790056500085484
UTM,234,tm,68.47,0.5017002149998007,0.0676938649994554
UTM,235,tm,68.17,0.4935221030000321,0.06693065999934333
UTM,236,tm,67.86999999999999,0.4996922469999845,0.06858510399979423
UTM,237,tm,67.99,0.5009970270002668,0.06848413100033213
UTM,238,tm,68.47,0.503892210000231,0.06927171099960105
UTM,239,tm,68.53,0.5004731850003736,0.06864866700016137
UTM,240,tm,68.28999999999999,0.50565377500061,0.06971991200043703
UTM,241,tm,68.89999999999999,0.4960703899996588,0.06957264299944654
UTM,242,tm,68.86,0.5073721750004552,0.06721445199946174
UTM,243,tm,69.01,0.5058416420006324,0.075669783000194
UTM,244,tm,68.60000000000001,0.5062258640000437,0.06898806899971532
UTM,245,tm,68.66,0.5101041660000192,0.06870234600046388
UTM,246,tm,68.52000000000001,0.5047134810001808,0.0685961960007262
UTM,247,tm,68.25,0.5083228710000185,0.06856447700010904
UTM,248,tm,68.17,0.5144832830001178,0.06882209800005512
UTM,249,tm,68.21000000000001,0.5036340990000099,0.07091175699952146
UTM,250,tm,67.93,0.49441044900049747,0.06864298999971652
UTM,251,tm,67.7,0.5125129349999042,0.06851285599987023
UTM,252,tm,67.99,0.4926613849993373,0.07288570099990466
UTM,253,tm,67.89,0.5100681690000783,0.06923624299997755
UTM,254,tm,68.15,0.5079845890004435,0.06840580100015359
UTM,255,tm,68.43,0.5162474540002222,0.06855424100012897
UTM,256,tm,68.57,0.5159097189998647,0.06815633099995466
UTM,257,tm,68.47,0.5151205419997495,0.06904146299984859
UTM,258,tm,68.43,0.5032403590003014,0.0701910300003874
UTM,259,tm,68.89999999999999,0.4935625699999946,0.06841159800023888
UTM,260,tm,68.4,0.5038667170001645,0.06942829899981007
UTM,261,tm,68.38,0.5036909690006723,0.06886862099963764
UTM,262,tm,67.86999999999999,0.510083332999784,0.06933158899937553
UTM,263,tm,67.77,0.5117128669999147,0.06885879400033446
UTM,264,tm,67.86,0.5027307489999657,0.06790605500009406
UTM,265,tm,68.25,0.4997225940005592,0.06847999999990861
UTM,266,tm,68.28,0.4921097930000542,0.06801779000034003
UTM,267,tm,68.62,0.49960594500043953,0.06996783999966283
UTM,268,tm,68.84,0.5059494449997146,0.06946109199998318
UTM,269,tm,68.26,0.5047109359993556,0.07322317799935263
UTM,270,tm,68.12,0.49487490899991826,0.06761790400014434
UTM,271,tm,68.53,0.5043550700002015,0.06868190799923468
UTM,272,tm,68.2,0.4998154770000838,0.07015631099966413
UTM,273,tm,68.03,0.5059084289996463,0.06814598300024954
UTM,274,tm,67.9,0.5075883969993811,0.06587979000050836
UTM,275,tm,68.12,0.506299549000687,0.06859504499971081
UTM,276,tm,68.5,0.5192774039996948,0.06832516000031319
UTM,277,tm,69.13,0.5058189589999529,0.06882607900024595
UTM,278,tm,68.77,0.5039080610004021,0.0679380809997383
UTM,279,tm,68.73,0.5001932109998961,0.06825908100017841
UTM,280,tm,68.7,0.5040577800000392,0.06998386800023582
UTM,281,tm,68.31,0.5051716010002565,0.06752710199998546
UTM,282,tm,68.36,0.5024704569996175,0.06963464000000386
UTM,283,tm,68.15,0.5024087840001812,0.06841479200011236
UTM,284,tm,68.38,0.5087166240000442,0.06864447800035123
UTM,285,tm,68.28,0.5033478530003777,0.06840901099985786
UTM,286,tm,68.08999999999999,0.5051283749999129,0.06854999600000156
UTM,287,tm,67.78,0.49763480500041624,0.06991149599980417
UTM,288,tm,67.83,0.5047601940004824,0.06826738200015825
UTM,289,tm,68.11,0.5082334790004097,0.06850619099986943
UTM,290,tm,68.31,0.4993332179992649,0.06861733599998843
UTM,291,tm,68.34,0.5024817720004648,0.0685420219997468
UTM,292,tm,68.28,0.5046508120003637,0.0683849070001088
UTM,293,tm,68.41000000000001,0.5092506450000656,0.0678237080001054
UTM,294,tm,68.74,0.5075267290003467,0.06811160100005509
UTM,295,tm,68.76,0.5013297959994816,0.06869733500025177
UTM,296,tm,68.77,0.49904739299927314,0.06889998900078353
UTM,297,tm,68.5,0.49855858399951103,0.06811175100028777
UTM,298,tm,68.30000000000001,0.5005297679999785,0.06896011200024077
UTM,299,tm,68.21000000000001,0.5060430349994931,0.06804849599939189
UTM,300,tm,68.04,0.49896004800029914,0.06995455000014772
UTM,301,tm,68.08999999999999,0.5057133170002999,0.06775012700018124
UTM,302,tm,68.2,0.49513172000024497,0.06978395900023315
UTM,303,tm,68.03,0.5038832099999127,0.06748553599936713
UTM,304,tm,68.44,0.4995546860000104,0.0670940990003146
UTM,305,tm,68.25,0.5043586369993136,0.06778927000050317
UTM,306,tm,68.19,0.5019517099999575,0.06876431899945601
UTM,307,tm,68.27,0.5123655749994214,0.06927055300002394
UTM,308,tm,68.55,0.5046373889999813,0.0691260190005778
UTM,309,tm,68.12,0.5054234590006672,0.0683892819997709
UTM,310,tm,68.57,0.5040795710001476,0.0674466050004412
UTM,311,tm,67.99,0.4979483289998825,0.06847233999997115
UTM,312,tm,68.5,0.49964034499953414,0.06818581700008508
UTM,313,tm,68.34,0.5046281879995149,0.06823724800051423
UTM,314,tm,68.10000000000001,0.5029587429999083,0.06876866000038717
UTM,315,tm,67.75999999999999,0.4989461420000225,0.068211956999221
UTM,316,tm,67.78999999999999,0.502381869000601,0.06919901899982506
UTM,317,tm,67.86,0.5097742390007625,0.06921374699959415
UTM,318,tm,67.67999999999999,0.49324812200029555,0.0665467990002071
UTM,319,tm,68.04,0.5032314019999831,0.06870039600016753
UTM,320,tm,68.11,0.49999527400086663,0.06637710799986962
UTM,321,tm,67.82000000000001,0.5000590079998801,0.06891091199941002
UTM,322,tm,67.75,0.5120703170005072,0.06785636199947476
UTM,323,tm,67.33,0.5038102029993752,0.06936540300011984
UTM,324,tm,67.9,0.5074751789998118,0.0677576099997168
UTM,325,tm,68.19,0.5002339370003028,0.06751853999958257
UTM,326,tm,68.58,0.4965566419996321,0.06843868500072858
UTM,327,tm,68.32000000000001,0.5050518729995019,0.06939010600035544
UTM,328,tm,68.56,0.5055395119998138,0.0680013159999362
UTM,329,tm,68.35,0.5056158150000556,0.06885760400018626
UTM,330,tm,68.53,0.5026574240000627,0.06809148799948161
UTM,331,tm,68.5,0.5109526070000356,0.06900390999999217
UTM,332,tm,68.11,0.4994262580003124,0.06913318300030369
UTM,333,tm,68.61,0.5035675509998327,0.06766938999953709
UTM,334,tm,68.06,0.5021665920003215,0.06874876899928495
UTM,335,tm,67.86999999999999,0.5006645710000157,0.0668749120004577
UTM,336,tm,68.02,0.5028698300002361,0.06832999200014456
UTM,337,tm,68.2,0.4921511989996361,0.06902595299925451
UTM,338,tm,68.01,0.5013248650002424,0.06828534699980082
UTM,339,tm,68.36,0.4846292969996284,0.06830969600014214
UTM,340,tm,68.44,0.4951297190000332,0.06853658900035953
UTM,341,tm,68.58999999999999,0.5145185119999951,0.06881839600009698
UTM,342,tm,68.45,0.49076491899995744,0.06641181599934498
UTM,343,tm,68.38,0.4895450679996429,0.06923311799982912
UTM,344,tm,68.53,0.48615624200010643,0.06925534299989522
UTM,345,tm,68.43,0.4999543869998888,0.068926134999856
UTM,346,tm,68.5,0.5148769719999109,0.06849574699936056
UTM,347,tm,68.52000000000001,0.5073799120000331,0.06884425600037503
UTM,348,tm,67.64,0.4992417650000789,0.07571126499988168
UTM,349,tm,67.80000000000001,0.5056051699993986,0.0679975259999992
UTM,350,tm,67.02,0.49208910100060166,0.0686451980000129
UTM,351,tm,67.49000000000001,0.50505586700001,0.06829729200035217
UTM,352,tm,67.78999999999999,0.49617029700038984,0.06820674200025678
UTM,353,tm,67.94,0.4966599409999617,0.06861043400022027
UTM,354,tm,68.4,0.48640026599969133,0.06781757499993546
UTM,355,tm,68.2,0.5090897959998983,0.06772468800045317
UTM,356,tm,68.14,0.5037362430002759,0.06837472400002298
UTM,357,tm,68.14,0.49998658200001955,0.06817878699985158
UTM,358,tm,68.75,0.5029569270000138,0.06648871200013673
UTM,359,tm,68.46,0.49628294900048786,0.06829488399944239
UTM,360,tm,68.61,0.502850865000255,0.0682884150000973
UTM,361,tm,68.51,0.5076994520004519,0.07031564299995807
UTM,362,tm,68.47,0.49692255900026794,0.06798760699984996
UTM,363,tm,68.30000000000001,0.5030374530006156,0.0681890759997259
UTM,364,tm,68.15,0.49992111199935607,0.07156566599951475
UTM,365,tm,68.33,0.5046137460003592,0.06740477000039391
UTM,366,tm,67.9,0.5011778219995904,0.06763408000006166
UTM,367,tm,67.73,0.5060531509998327,0.06829375799952686
UTM,368,tm,68.12,0.5030163199999151,0.0668042229999628
UTM,369,tm,68.46,0.5003403310001886,0.06839333000061742
UTM,370,tm,68.41000000000001,0.5016224270002567,0.06816724400050589
UTM,371,tm,68.4,0.5054149009993125,0.06904220999967947
UTM,372,tm,68.41000000000001,0.4994466440002725,0.06938996300050349
UTM,373,tm,68.75,0.5039655619993937,0.06713645899981202
UTM,374,tm,68.73,0.5005820100004712,0.06843753800058039
UTM,375,tm,68.08999999999999,0.5000380739993489,0.06730315599997994
UTM,376,tm,68.13,0.4979233240001122,0.06830870700014202
UTM,377,tm,68.02,0.5050845519999712,0.06683855900064373
UTM,378,tm,68.27,0.5043147599999429,0.0679962340000202
UTM,379,tm,67.80000000000001,0.5091108819997316,0.06859629500013398
UTM,380,tm,68.24,0.5056212150002466,0.06838180399972771
UTM,381,tm,68.45,0.5113413210001454,0.06852551599968137
UTM,382,tm,68.12,0.48904683599994314,0.06819093700050871
UTM,383,tm,68.31,0.5065778769994722,0.06804866499987838
UTM,384,tm,68.61,0.50859618999948,0.06967110999994475
UTM,385,tm,68.42,0.5099093119997633,0.0692139729999326
UTM,386,tm,68.4,0.5047182960006467,0.06916902900047717
UTM,387,tm,68.26,0.5147646849991361,0.06858697500047128
UTM,388,tm,68.43,0.5065065759999925,0.06813877500007948
UTM,389,tm,68.55,0.5244098819994178,0.06849000700003671
UTM,390,tm,68.16,0.5085216750003383,0.0684081059998789
UTM,391,tm,68.52000000000001,0.5072781460003171,0.06867906300067261
UTM,392,tm,68.60000000000001,0.5032889960002649,0.06814741899961518
UTM,393,tm,68.5,0.5072020939996946,0.06869989099959639
UTM,394,tm,67.53,0.5132878260001235,0.06858261399975163
UTM,395,tm,68.13,0.5110391409998556,0.06855783399987558
UTM,396,tm,68.51,0.5114530459995876,0.06852232399978675
UTM,397,tm,67.75999999999999,0.5078403400002571,0.06802852400051052
UTM,398,tm,67.99,0.5038136319999467,0.06876999300038733
UTM,399,tm,67.46,0.5046406649998971,0.06902089799950772
UTM,400,tm,67.71000000000001,0.5103838830000313,0.06944371699955809
UTM,401,tm,67.65,0.5110277439998754,0.06800410200048645
UTM,402,tm,67.73,0.4999944230003166,0.06884434800031158
UTM,403,tm,68.25,0.5024340449999727,0.0684450429998833
UTM,404,tm,68.43,0.5012110300003769,0.0694599759999619
UTM,405,tm,68.30000000000001,0.49813272500068706,0.06832050899993192
UTM,406,tm,68.14,0.5088617839992366,0.06829071099946304
UTM,407,tm,68.67,0.498526012000184,0.07118874099978711
UTM,408,tm,68.28,0.5045707039998888,0.06817934900027467
UTM,409,tm,68.23,0.5059809549993588,0.0675343270004305
UTM,410,tm,68.57,0.5067949859994769,0.06963728099981381
UTM,411,tm,68.33,0.5139266609994593,0.06877285799964739
UTM,412,tm,68.37,0.4998399160003828,0.06883848699999362
UTM,413,tm,68.10000000000001,0.5135144310006581,0.06905098199968052
UTM,414,tm,67.93,0.5028910330001963,0.06865880799978186
UTM,415,tm,68.14,0.5061855579997427,0.06847108500005561
UTM,416,tm,67.80000000000001,0.4951603640001849,0.0687639620000482
UTM,417,tm,67.24,0.5082412940000722,0.06867535400033375
UTM,418,tm,67.27,0.504536188000202,0.06845542100018065
UTM,419,tm,67.51,0.5065846010002133,0.0662339169994084
UTM,420,tm,67.92,0.5128667560002214,0.06959095700040052
UTM,421,tm,67.83,0.5090720719999808,0.06804036100038502
UTM,422,tm,67.69,0.5046648689994981,0.06856608300040534
UTM,423,tm,67.91,0.503359821000231,0.06874961999983498
UTM,424,tm,67.86999999999999,0.504940820000229,0.06863751499986392
UTM,425,tm,67.97,0.499368468999819,0.06793202700009715
UTM,426,tm,68.19,0.5034316579994993,0.06876734900015435
UTM,427,tm,68.25,0.49858494399995834,0.06733937899934972
UTM,428,tm,68.25,0.505175840999982,0.06845060500018008
UTM,429,tm,68.74,0.5069050160000188,0.06843209299950104
UTM,430,tm,68.92,0.5100127859996064,0.0693016360000911
UTM,431,tm,68.84,0.5049302140005238,0.06838534200051072
UTM,432,tm,68.58,0.49869843799933733,0.06910719200004678
UTM,433,tm,68.57,0.5053841380004087,0.07139476700012892
UTM,434,tm,68.22,0.5014650180000899,0.06917878199965344
UTM,435,tm,68.10000000000001,0.49826890299937077,0.07153365100020892
UTM,436,tm,67.83,0.5022760069996366,0.06858091300000524
UTM,437,tm,67.60000000000001,0.5065746870004659,0.06897601799937547
UTM,438,tm,67.52,0.5064091149997694,0.06910669099943334
UTM,439,tm,66.94,0.50951181200071,0.06849683099972026
UTM,440,tm,67.41,0.5031725579992781,0.06818985700010671
UTM,441,tm,68.03,0.5019269180002084,0.06937175799976103
UTM,442,tm,68.17999999999999,0.5109976989997449,0.06892671099922154
UTM,443,tm,68.17,0.5034279060000699,0.06856621399947471
UTM,444,tm,68.33,0.5029866410004615,0.06813716699980432
UTM,445,tm,67.93,0.5045108939993952,0.06909332499981247
UTM,446,tm,67.91,0.5034306249999645,0.06694352600061393
UTM,447,tm,67.93,0.503465715000857,0.0697227529999509
UTM,448,tm,67.97999999999999,0.49977896100062935,0.06856031699953746
UTM,449,tm,68.01,0.5033178190005856,0.07247195700074371
UTM,450,tm,68.17,0.5008690200002093,0.07051814199985529
UTM,451,tm,68.63,0.4921970779996627,0.0685061999993195
UTM,452,tm,68.71000000000001,0.505672993999724,0.06996399000036035
UTM,453,tm,68.51,0.5052726169997186,0.06883328300045832
UTM,454,tm,68.78999999999999,0.5022674629999528,0.06863613699988491
UTM,455,tm,68.57,0.5138006560000576,0.06861312099954375
UTM,456,tm,68.03,0.5052505980002024,0.06862040499981958
UTM,457,tm,68.28999999999999,0.5103993500006254,0.07030640299944935
UTM,458,tm,68.11,0.5119177420001506,0.06824649099962699
UTM,459,tm,67.95,0.5040480990001015,0.06889696700000059
UTM,460,tm,68.19,0.5089739899995038,0.06878962900009356
UTM,461,tm,67.92,0.5085887100003674,0.06917938399965351
UTM,462,tm,67.95,0.49981874100012647,0.06820833799974935
UTM,463,tm,68.12,0.5069702179998785,0.0683135030003541
UTM,464,tm,68.17,0.5088997899993046,0.06939036499989015
UTM,465,tm,68.30000000000001,0.49904227899969555,0.06848458099921118
UTM,466,tm,68.54,0.5050474569998187,0.0686133429999245
UTM,467,tm,68.60000000000001,0.5037350559996412,0.06870019600046362
UTM,468,tm,68.30000000000001,0.5080005179997897,0.06851462499980698
UTM,469,tm,68.33,0.5105072220003422,0.06920377100050246
UTM,470,tm,68.26,0.5002847900004781,0.06692522200046369
UTM,471,tm,68.63,0.49252819799949066,0.06994626699997752
UTM,472,tm,68.33,0.5099291910000829,0.0683846909996646
UTM,473,tm,67.73,0.5116412249999485,0.06798928599982901
UTM,474,tm,68.08999999999999,0.5098287619994153,0.06869625499984977
UTM,475,tm,67.71000000000001,0.5083766369998557,0.06857661899994127
UTM,476,tm,67.78,0.5129768509996211,0.06773459499981982
UTM,477,tm,67.74,0.49738005899962445,0.0709022979999645
UTM,478,tm,68.53,0.5094605539998156,0.06822132300021622
UTM,479,tm,67.97,0.4989229560005697,0.07111741799963056
UTM,480,tm,68.42,0.5081421230006526,0.071080016000451
UTM,481,tm,68.26,0.5016801689998829,0.06557208499998524
UTM,482,tm,68.19,0.5024231299994426,0.06464163300006476
UTM,483,tm,67.82000000000001,0.5064363560004495,0.06887976500001969
UTM,484,tm,68.10000000000001,0.5070063120001578,0.06817822199991497
UTM,485,tm,67.89,0.5054945309993855,0.0686307530004342
UTM,486,tm,67.86,0.49965952899947297,0.0686170620001576
UTM,487,tm,67.96,0.5069357329994091,0.0682220700000471
UTM,488,tm,68.16,0.5098910269998669,0.06825843099977646
UTM,489,tm,68.16,0.5052661339996121,0.06698017700000491
UTM,490,tm,68.39,0.5012550319997899,0.06874236000021483
UTM,491,tm,68.63,0.5003676919995996,0.06662035699991975
UTM,492,tm,68.47,0.49072911700022814,0.06756887000028655
UTM,493,tm,68.42,0.5001855079999586,0.06813716600026964
UTM,494,tm,68.49,0.5021448659999805,0.07098116599991044
UTM,495,tm,68.31,0.5072074670006259,0.06651875300030952
UTM,496,tm,67.84,0.5031975470001271,0.068437635999544
UTM,497,tm,67.80000000000001,0.5055921699995451,0.07079585100018448
UTM,498,tm,68.15,0.5031154560001596,0.06886766900061048
UTM,499,tm,67.72,0.5112675650007077,0.07075672500013752
UTM,500,tm,66.97,0.5052155130006213,0.07140300999981264
WTM,1,tm,61.53999999999999,0.418375406999985,0.05811979700047232
WTM,2,tm,61.6,0.3792669399999795,0.059038479999799165
WTM,3,tm,60.709999999999994,0.3644720480006072,0.059400946000096155
WTM,4,tm,67.77,0.3438088630000493,0.05995640899982391
WTM,5,tm,70.87,0.34713267700044526,0.0603659839998727
WTM,6,tm,70.03,0.3351545139994414,0.059691469999961555
WTM,7,tm,66.36,0.32667379200029245,0.059781732999908854
WTM,8,tm,70.61,0.3219334939994951,0.060718392999660864
WTM,9,tm,69.45,0.3086075500004881,0.05964179900001909
WTM,10,tm,68.75,0.3247543730003599,0.0622784249999313
WTM,11,tm,69.03,0.31916899399948306,0.06355402300050628
WTM,12,tm,69.67999999999999,0.31721698799992737,0.05985987399981241
WTM,13,tm,71.84,0.3086699850000514,0.06020936700042512
WTM,14,tm,69.5,0.30241758300053334,0.06101854899952741
WTM,15,tm,69.84,0.30494313599956513,0.061209018000226934
WTM,16,tm,70.57,0.3076143039997987,0.05904840499988495
WTM,17,tm,71.75,0.2998486070000581,0.060598759999265894
WTM,18,tm,70.21,0.3122555609998017,0.059804585999700066
WTM,19,tm,71.3,0.304233180000665,0.061192658000436495
WTM,20,tm,70.17,0.3030382010001631,0.06029913700058387
WTM,21,tm,68.22,0.30130148900025233,0.06599414499942213
WTM,22,tm,72.17,0.30251289300031203,0.06094102200040652
WTM,23,tm,69.3,0.29946448899954703,0.0597406940005385
WTM,24,tm,70.62,0.30029786700015393,0.06069103899972106
WTM,25,tm,69.54,0.2920238030001201,0.05945515700022952
WTM,26,tm,68.25,0.2933371379995151,0.059773958999358
WTM,27,tm,73.06,0.2978775410001617,0.05780378999952518
WTM,28,tm,72.25,0.29556681599933654,0.06236884000009013
WTM,29,tm,71.41999999999999,0.2988555190004263,0.06082632600009674
WTM,30,tm,71.95,0.28933954000058293,0.06076502700034325
WTM,31,tm,71.84,0.3129515230002653,0.05994584800009761
WTM,32,tm,71.37,0.29479884400006995,0.06035149699982867
WTM,33,tm,72.49,0.29548515300029976,0.06060542299928784
WTM,34,tm,73.44000000000001,0.29353191500013054,0.06036442300046474
WTM,35,tm,72.09,0.2941932829999132,0.06072300899995753
WTM,36,tm,72.71,0.3010135280001123,0.06055358200046612
WTM,37,tm,72.17,0.2985843910000767,0.06135776699920825
WTM,38,tm,72.44,0.2985478519995013,0.06140467899967916
WTM,39,tm,73.50999999999999,0.28787468500013347,0.06466800599991984
WTM,40,tm,72.96000000000001,0.2952245509995919,0.06195885399938561
WTM,41,tm,71.55,0.2923049239998363,0.061873298000136856
WTM,42,tm,70.41,0.29793042300025263,0.06074615199941036
WTM,43,tm,71.92,0.2985517399993114,0.060855513000205974
WTM,44,tm,73.56,0.28948637600024085,0.06018956700063427
WTM,45,tm,72.67,0.29155304199957754,0.06028749599954608
WTM,46,tm,72.99,0.2983149100000446,0.06070385200018791
WTM,47,tm,71.66,0.2892116570001235,0.06049893399995199
WTM,48,tm,73.38,0.2870727489998899,0.060870250000334636
WTM,49,tm,72.68,0.2916249300005802,0.06119148400011909
WTM,50,tm,70.52000000000001,0.2908581170004254,0.061233516999891435
WTM,51,tm,72.71,0.29334661600023537,0.05981151800006046
WTM,52,tm,71.71,0.28835825199985265,0.06084199599990825
WTM,53,tm,74.3,0.29132808999929694,0.06037117500000022
WTM,54,tm,72.15,0.2853740269993068,0.06042636100028176
WTM,55,tm,72.13000000000001,0.29104504699989775,0.059597607000796415
WTM,56,tm,74.22,0.29011855800035846,0.06047286100056226
WTM,57,tm,73.32,0.29224468899974454,0.05989432800015493
WTM,58,tm,73.89,0.28769269800068287,0.061434382999323134
WTM,59,tm,73.42,0.2871008490001259,0.06049132900079712
WTM,60,tm,73.52,0.2931357610004852,0.060382407999895804
WTM,61,tm,71.35000000000001,0.282345659999919,0.06037746699985291
WTM,62,tm,73.42,0.29258543200012355,0.060438679000071716
WTM,63,tm,73.34,0.2917719839997517,0.06048010999984399
WTM,64,tm,72.95,0.30018926999946416,0.06071590899955481
WTM,65,tm,72.0,0.285261955000351,0.05975584800034994
WTM,66,tm,70.03,0.2840227689994208,0.060998308999842266
WTM,67,tm,72.57000000000001,0.284598129999722,0.06050859599963587
WTM,68,tm,75.44,0.2856509389994244,0.06054530199980945
WTM,69,tm,71.57,0.2924584180000238,0.06049319799967634
WTM,70,tm,73.16,0.28523366799981886,0.05990275899966946
WTM,71,tm,72.65,0.2935947039995881,0.06055585899957805
WTM,72,tm,74.46000000000001,0.2989121700002215,0.06060305699975288
WTM,73,tm,72.41,0.29507703199942625,0.06064545899971563
WTM,74,tm,72.34,0.28517451500010793,0.06163990200002445
WTM,75,tm,69.1,0.30232246900050086,0.060744116000023496
WTM,76,tm,75.07000000000001,0.28625845900023705,0.06038650299979054
WTM,77,tm,75.09,0.2923099789995831,0.05969592499968712
WTM,78,tm,71.08,0.2894906500005163,0.06099708100009593
WTM,79,tm,72.69,0.2954891109993696,0.06099704100051895
WTM,80,tm,71.0,0.288815140999759,0.06080392700005177
WTM,81,tm,71.76,0.2869486399995367,0.06161024499942869
WTM,82,tm,71.56,0.29979523699967103,0.06071855600021081
WTM,83,tm,68.78999999999999,0.286129262999566,0.060669323000183795
WTM,84,tm,73.08,0.28799848900052893,0.06122561200027121
WTM,85,tm,73.38,0.2855062420003378,0.062045898999713245
WTM,86,tm,68.43,0.2869632800002364,0.060951491000196256
WTM,87,tm,70.88,0.29182688199944096,0.06068617799974163
WTM,88,tm,73.0,0.28863634299978,0.06141093800033559
WTM,89,tm,73.13,0.2860699670000031,0.06086739199963631
WTM,90,tm,71.32,0.2885896560001129,0.06066911900052219
WTM,91,tm,73.02,0.2861236459993961,0.06091823499991733
WTM,92,tm,69.67,0.2837020669994672,0.0609355010001309
WTM,93,tm,73.74000000000001,0.28672034300052474,0.060392026999579684
WTM,94,tm,74.64,0.2963123489998907,0.059147990999917965
WTM,95,tm,74.03999999999999,0.2870578250003746,0.060895069999787665
WTM,96,tm,71.41999999999999,0.28428949899989675,0.06039439100004529
WTM,97,tm,71.09,0.28430771500006813,0.060738967999895976
WTM,98,tm,72.6,0.2946345410000504,0.06189569500020298
WTM,99,tm,74.67,0.30066257399994356,0.060132280999823706
WTM,100,tm,71.78,0.2918385530001615,0.05973965999965003
WTM,101,tm,71.81,0.283236138000575,0.061228397999911977
WTM,102,tm,72.11999999999999,0.2846889590000501,0.0604955520002477
WTM,103,tm,72.27,0.28961713500029873,0.06051898900022934
WTM,104,tm,71.16,0.2821298590006336,0.06052381700010301
WTM,105,tm,71.67,0.2845116090002193,0.06022591900000407
WTM,106,tm,69.96,0.28563023199967574,0.05961313199986762
WTM,107,tm,74.67,0.28166644600059954,0.060554642000170134
WTM,108,tm,74.11999999999999,0.28551892599989515,0.060563936999642465
WTM,109,tm,71.02000000000001,0.2851908660004483,0.06049606600026891
WTM,110,tm,73.72999999999999,0.2890295769993827,0.06096789599996555
WTM,111,tm,72.15,0.2895018479994178,0.060681406000185234
WTM,112,tm,73.76,0.2854774340003132,0.06026165799994487
WTM,113,tm,72.41,0.2827174369995191,0.060646464000456035
WTM,114,tm,73.76,0.2905994749999081,0.060399228000278526
WTM,115,tm,72.85000000000001,0.2863841259995752,0.06066066199946363
WTM,116,tm,73.2,0.2823941240003478,0.05994494400056283
WTM,117,tm,72.64,0.2861245770000096,0.06196889300008479
WTM,118,tm,72.65,0.284060782000779,0.0611378120001973
WTM,119,tm,72.98,0.2852030720005132,0.060543364999830374
WTM,120,tm,75.55,0.28921332099980646,0.0605622230004883
WTM,121,tm,72.89,0.28573205300017435,0.060936029000004055
WTM,122,tm,73.32,0.2804928060004386,0.060541918000126316
WTM,123,tm,72.76,0.28659062599945173,0.061589910999828135
WTM,124,tm,74.8,0.2842266869993182,0.0607586079995599
WTM,125,tm,71.45,0.2856204079998861,0.06067038800028968
WTM,126,tm,72.52,0.2886973869999565,0.061995192000722454
WTM,127,tm,72.64,0.28320380699915404,0.06061907000002975
WTM,128,tm,72.43,0.2764448040006755,0.060479758000838046
WTM,129,tm,74.77000000000001,0.2829221439997127,0.060439806999966095
WTM,130,tm,74.72,0.2801660080003785,0.060866286999953445
WTM,131,tm,70.19999999999999,0.2755946440001935,0.06145617600031983
WTM,132,tm,73.24000000000001,0.28345050799998717,0.06166616399968916
WTM,133,tm,72.72999999999999,0.28618460100005905,0.05987862300025881
WTM,134,tm,73.59,0.2831029649996708,0.06166777899943554
WTM,135,tm,74.03999999999999,0.291869128000144,0.06076608900002611
WTM,136,tm,73.76,0.28713899300055346,0.06096624600013456
WTM,137,tm,71.8,0.28717165299985936,0.06043511500047316
WTM,138,tm,74.17,0.28442887399978645,0.06090761100040254
WTM,139,tm,71.02000000000001,0.28328619500007335,0.060499351000544266
WTM,140,tm,73.78,0.28169205299946043,0.06094185100027971
WTM,141,tm,71.57,0.281780739000169,0.060815518000708835
WTM,142,tm,73.11999999999999,0.2830447500000446,0.06006491599964647
WTM,143,tm,74.36,0.2797225960002834,0.06089251299999887
WTM,144,tm,74.05000000000001,0.27888420300041616,0.0603354799995941
WTM,145,tm,72.55,0.2800997089998418,0.06068836000031297
WTM,146,tm,71.66,0.283866611999656,0.06034826899940526
WTM,147,tm,73.39,0.2792066600004546,0.05969388399989839
WTM,148,tm,70.88,0.28049609099980444,0.062160596000467194
WTM,149,tm,72.55,0.2840687590005473,0.06008680299964908
WTM,150,tm,74.32,0.28356481199989503,0.06178300699957617
WTM,151,tm,74.91,0.2916039660003662,0.06206929800009675
WTM,152,tm,72.66,0.2864562860004298,0.0603023680005208
WTM,153,tm,73.97,0.28431910299968877,0.06190492899986566
WTM,154,tm,71.99,0.2845502800000759,0.06086048599991045
WTM,155,tm,75.03999999999999,0.2877339769993341,0.06084105100035231
WTM,156,tm,75.46000000000001,0.2859866000007969,0.06050926499938214
WTM,157,tm,72.84,0.28337404299963964,0.05937220099986007
WTM,158,tm,73.22999999999999,0.2778302860006079,0.06216772099924128
WTM,159,tm,75.17,0.28404621799927554,0.0608844019998287
WTM,160,tm,72.04,0.2801542919996791,0.0619747249993452
WTM,161,tm,70.00999999999999,0.2856385750001209,0.061121861999708926
WTM,162,tm,71.89,0.28748127300059423,0.06200630300008925
WTM,163,tm,73.85000000000001,0.2852706659996329,0.06065343399950507
WTM,164,tm,75.77000000000001,0.28580638299990824,0.06061510899962741
WTM,165,tm,74.99,0.2805704540005536,0.06069653600025049
WTM,166,tm,73.52,0.28388986100071634,0.06093319000046904
WTM,167,tm,75.64,0.2825744310002847,0.060708306999913475
WTM,168,tm,72.63,0.28746611600035976,0.06063137499950244
WTM,169,tm,74.81,0.29235188300026493,0.06159466600001906
WTM,170,tm,74.36,0.29112176499984344,0.060864725000101316
WTM,171,tm,74.06,0.2799192230004337,0.05994322599963198
WTM,172,tm,73.78,0.2848025780003809,0.0606163110005582
WTM,173,tm,74.49,0.2842544569994061,0.060601457999837294
WTM,174,tm,72.61999999999999,0.28319643499980884,0.060759007000342535
WTM,175,tm,72.98,0.280823144000351,0.060372684000867594
WTM,176,tm,72.21,0.2814517019996856,0.06070001100033551
WTM,177,tm,74.33,0.28937483499976224,0.06020182800057228
WTM,178,tm,75.68,0.2842462250000608,0.061077819999809435
WTM,179,tm,73.49,0.28719849699973565,0.06032543400033319
WTM,180,tm,72.77,0.28531851999923674,0.0617133380001178
WTM,181,tm,74.16,0.2808740469999975,0.059816710000632156
WTM,182,tm,71.47,0.2882888770000136,0.061318439000388025
WTM,183,tm,72.53,0.28364114799933304,0.06163527700027771
WTM,184,tm,73.32,0.288948667999648,0.059018857999944885
WTM,185,tm,71.67999999999999,0.280724485999599,0.06154471299942088
WTM,186,tm,73.11,0.2809387070001321,0.06162331800078391
WTM,187,tm,72.77,0.27632471500055544,0.06126544500057207
WTM,188,tm,74.42,0.2794377110003552,0.06043030299952079
WTM,189,tm,74.32,0.29014996100067947,0.060964616000092064
WTM,190,tm,73.42999999999999,0.28411121600038314,0.060991231000116386
WTM,191,tm,74.89,0.2870811720003985,0.06133079800019914
WTM,192,tm,69.06,0.28914667299977737,0.060533621999638854
WTM,193,tm,74.13,0.2833284839998669,0.06191364200003591
WTM,194,tm,73.45,0.2758912749995943,0.0615655350002271
WTM,195,tm,73.2,0.2864353300001312,0.06038912599979085
WTM,196,tm,68.87,0.2818152489999193,0.06207467799958977
WTM,197,tm,75.49,0.2889727159999893,0.06068834599955153
WTM,198,tm,71.97,0.27833770800043567,0.06040233699968667
WTM,199,tm,72.58,0.2806597690005219,0.06024137499935023
WTM,200,tm,74.82,0.28625269700023637,0.06035518000044249
WTM,201,tm,73.87,0.28338058600002114,0.061353901000074984
WTM,202,tm,73.38,0.28566802099976485,0.061551077000331134
WTM,203,tm,71.67999999999999,0.2824492050003755,0.061398836999615014
WTM,204,tm,71.59,0.28471993199946155,0.06066884699976072
WTM,205,tm,73.44000000000001,0.2779793959998642,0.06108633500025462
WTM,206,tm,73.61,0.2831647259999954,0.060530963000019256
WTM,207,tm,73.03,0.28375268199943093,0.06162801299979037
WTM,208,tm,72.02,0.28587202100061404,0.061315511999964656
WTM,209,tm,74.13,0.28021083300063765,0.060698041999785346
WTM,210,tm,73.59,0.28076669900019624,0.06131406400072592
WTM,211,tm,70.12,0.2783638679993601,0.06214990900025441
WTM,212,tm,72.3,0.27588124300018535,0.06117608700060373
WTM,213,tm,74.75,0.2819854910003414,0.06077279900000576
WTM,214,tm,71.96000000000001,0.28109363000021403,0.0608496209997611
WTM,215,tm,74.09,0.2838067630000296,0.06096364800032461
WTM,216,tm,71.81,0.27909004499997536,0.060530210999786505
WTM,217,tm,73.47,0.2804672960000971,0.060452231999988726
WTM,218,tm,74.06,0.2816442490002373,0.06042439200064109
WTM,219,tm,72.5,0.287468345999514,0.061167436999312486
WTM,220,tm,74.11,0.27632536700002674,0.06052227700001822
WTM,221,tm,74.11,0.27965769399997953,0.06108271900029649
WTM,222,tm,73.27,0.28148903000055725,0.060474971999610716
WTM,223,tm,73.52,0.294325175999802,0.06097177700030443
WTM,224,tm,73.61,0.2829784749992541,0.061326014000769646
WTM,225,tm,70.35,0.2783979180003371,0.06173466800009919
WTM,226,tm,72.37,0.28122212599919294,0.0618314499997723
WTM,227,tm,72.39999999999999,0.2807738920000702,0.0608034389997556
WTM,228,tm,72.11999999999999,0.2786744670002008,0.05985185099962109
WTM,229,tm,73.97,0.28130443999998533,0.061399246000291896
WTM,230,tm,72.39999999999999,0.2856449730006716,0.06069708199993329
WTM,231,tm,73.29,0.293359736999264,0.06144392300029722
WTM,232,tm,69.99,0.2798091200002091,0.06173520999982429
WTM,233,tm,71.31,0.28486761699969065,0.061938363000081154
WTM,234,tm,71.09,0.27764193100028933,0.0603697540000212
WTM,235,tm,74.33999999999999,0.28106919800029573,0.060943013999349205
WTM,236,tm,69.82000000000001,0.2844449069998518,0.061080086000401934
WTM,237,tm,73.17,0.28067552100037574,0.06110839099983423
WTM,238,tm,74.09,0.27911963099995774,0.06194876400059002
WTM,239,tm,74.48,0.28059856699928787,0.06048477699914656
WTM,240,tm,74.61,0.28070598900012556,0.061074297999766713
WTM,241,tm,74.07000000000001,0.27976257800037274,0.060978858999988006
WTM,242,tm,75.24,0.28026294900064386,0.06037551499957772
WTM,243,tm,75.18,0.2778940710004463,0.06107491299917456
WTM,244,tm,75.14,0.2799007909998181,0.06199130499953753
WTM,245,tm,74.42,0.2795931729997392,0.06071843300014734
WTM,246,tm,74.58,0.2830442240001503,0.062203626000155054
WTM,247,tm,74.28,0.29094610100037244,0.061152909999691474
WTM,248,tm,71.17999999999999,0.2876285359998292,0.060529405000124825
WTM,249,tm,74.66000000000001,0.28361333000066224,0.061360632999821973
WTM,250,tm,74.95,0.2791198479999366,0.062072724000245216
WTM,251,tm,73.68,0.27933782799937035,0.06102483599988773
WTM,252,tm,72.58,0.2833817660002751,0.05993627200041374
WTM,253,tm,73.67,0.29037574700032565,0.06799261899959674
WTM,254,tm,73.50999999999999,0.2831913120007812,0.06230648200016731
WTM,255,tm,71.91,0.2747108780004055,0.06099153000013757
WTM,256,tm,73.09,0.2868796709999515,0.06072981000033906
WTM,257,tm,74.36,0.2788917259995287,0.06051203100014391
WTM,258,tm,70.7,0.2861506700000973,0.06122242499986896
WTM,259,tm,73.78,0.28476599599980545,0.061169439999503084
WTM,260,tm,74.18,0.2875102259995401,0.06090463100008492
WTM,261,tm,74.06,0.2764085310000155,0.061821186000088346
WTM,262,tm,74.68,0.2862402180007848,0.06082924299971637
WTM,263,tm,75.22999999999999,0.28414157499992143,0.06081273299969325
WTM,264,tm,74.14,0.27825324300010834,0.061326135000854265
WTM,265,tm,70.04,0.282106405000377,0.06059777300015412
WTM,266,tm,72.23,0.2847710249998272,0.06168591200002993
WTM,267,tm,71.37,0.2852079429994774,0.06363854199935304
WTM,268,tm,73.47,0.2912282170000253,0.06113895599992247
WTM,269,tm,73.50999999999999,0.27391950499986706,0.061501354000029096
WTM,270,tm,73.91,0.28671715000018594,0.062238475999947696
WTM,271,tm,72.5,0.2824398390002898,0.061333573999945656
WTM,272,tm,74.7,0.27753346099962073,0.05951093200019386
WTM,273,tm,75.14999999999999,0.2857813910004552,0.060750939000172366
WTM,274,tm,73.47,0.27916211999945517,0.06115324900019914
WTM,275,tm,74.28,0.28431273299975146,0.061362747000202944
WTM,276,tm,75.24,0.27659461599978385,0.06072662200040213
WTM,277,tm,74.15,0.28420695299973886,0.06169389099977707
WTM,278,tm,74.57000000000001,0.2820951020003122,0.060984757999904105
WTM,279,tm,73.81,0.28727310100020986,0.06060041899945645
WTM,280,tm,71.32,0.28523023900015687,0.061296519999814336
WTM,281,tm,71.58,0.2836759609999717,0.06064718099969468
WTM,282,tm,75.0,0.2727483910002775,0.06092145000002347
WTM,283,tm,70.92,0.2816705089999232,0.0613477070000954
WTM,284,tm,72.76,0.279473297999175,0.060656630999801564
WTM,285,tm,72.11,0.2850955710000562,0.06101057199975912
WTM,286,tm,73.22,0.27924833399993076,0.060851514999740175
WTM,287,tm,72.41,0.2793869960005395,0.060563043000001926
WTM,288,tm,74.03999999999999,0.27845284700015327,0.060987463000856224
WTM,289,tm,73.36,0.28213004200006253,0.060613483000452106
WTM,290,tm,75.39,0.27898220699989906,0.06071331499970256
WTM,291,tm,73.33,0.28229890700004034,0.06110870399970736
WTM,292,tm,73.29,0.283610547000535,0.061046634999911475
WTM,293,tm,72.7,0.27565784899979917,0.06045225199977722
WTM,294,tm,73.22999999999999,0.278311537999798,0.06090306800069811
WTM,295,tm,71.81,0.2797997239995311,0.06088473699946917
WTM,296,tm,73.83999999999999,0.28378973599956225,0.06087994900008198
WTM,297,tm,73.36,0.2870192460004546,0.06069885599936242
WTM,298,tm,73.09,0.2833903599994301,0.06067118500050128
WTM,299,tm,71.71,0.28064123000058316,0.060806756000602036
WTM,300,tm,73.22,0.281397945000208,0.06077262500002689
WTM,301,tm,72.98,0.28740395000022545,0.06420567199984362
WTM,302,tm,74.39,0.2860980940004083,0.06090157199923851
WTM,303,tm,74.76,0.28454667899950437,0.06217793599989818
WTM,304,tm,71.37,0.28093188799994095,0.06201462199987873
WTM,305,tm,73.61,0.2789377279996188,0.06099615800030733
WTM,306,tm,74.33,0.28605291500025487,0.06139781199999561
WTM,307,tm,70.32000000000001,0.2896796670002004,0.061069379999935336
WTM,308,tm,74.65,0.2871147790001487,0.06113691700011259
WTM,309,tm,74.48,0.2840706320002937,0.06122896400029276
WTM,310,tm,71.96000000000001,0.27844260900019435,0.06104064299961465
WTM,311,tm,71.77,0.2846393709996846,0.06149428400021861
WTM,312,tm,72.37,0.27767459500046243,0.06138778800050204
WTM,313,tm,74.51,0.27390206400013994,0.06072788599976775
WTM,314,tm,74.41,0.27784186600001703,0.06100880400026654
WTM,315,tm,74.78,0.2876850539996667,0.061236489999828336
WTM,316,tm,74.69,0.28394585400019423,0.06080724899948109
WTM,317,tm,75.39,0.2812051209994024,0.0628499960002955
WTM,318,tm,72.8,0.28740894600014144,0.06092381500002375
WTM,319,tm,73.54,0.2819889639995381,0.06165386700013187
WTM,320,tm,75.49,0.28363746699960757,0.061047709999911604
WTM,321,tm,72.98,0.2847910700002103,0.06413074500051152
WTM,322,tm,71.15,0.2841079650006577,0.06118633799997042
WTM,323,tm,74.07000000000001,0.2809552819999226,0.06209963199944468
WTM,324,tm,75.44,0.2761130779999803,0.06068605000018579
WTM,325,tm,73.75,0.276493248999941,0.0607441119991563
WTM,326,tm,73.96000000000001,0.28425642700040044,0.06201528000019607
WTM,327,tm,72.53,0.2790291920000527,0.06096432999947865
WTM,328,tm,73.82,0.28092430099968624,0.06024741799956246
WTM,329,tm,73.79,0.2816315179998128,0.060947912000301585
WTM,330,tm,75.52,0.2826448489995528,0.06091969000044628
WTM,331,tm,75.49,0.2813005179996253,0.06260801699954754
WTM,332,tm,74.03,0.2859154329999001,0.06010349700045481
WTM,333,tm,74.98,0.2819537240002319,0.06102665700018406
WTM,334,tm,74.52,0.2799376510001821,0.06143431500004226
WTM,335,tm,75.33999999999999,0.2888265550000142,0.061390197000037006
WTM,336,tm,75.4,0.27929937099997915,0.061053480999362364
WTM,337,tm,74.74,0.28312362900032895,0.060664654999527556
WTM,338,tm,75.29,0.2901408609995997,0.06121046299995214
WTM,339,tm,72.59,0.3025695199994516,0.061951310000040394
WTM,340,tm,73.74000000000001,0.2810024029995475,0.06180861200027721
WTM,341,tm,74.52,0.28150216799986083,0.0628660590000436
WTM,342,tm,69.84,0.2827926939999088,0.06030267999994976
WTM,343,tm,72.45,0.2748953149994122,0.060685477999868453
WTM,344,tm,73.41,0.28170809199946234,0.06126073599989468
WTM,345,tm,70.82000000000001,0.2777682919995641,0.06095061399992119
WTM,346,tm,69.43,0.2798942060007903,0.06240964599965082
WTM,347,tm,70.38,0.28779816899987054,0.061022568000225874
WTM,348,tm,73.56,0.2780023710001842,0.06115150200002972
WTM,349,tm,72.11,0.28349347400035185,0.062032693999753974
WTM,350,tm,71.49,0.2850054119999186,0.06093052400046872
WTM,351,tm,72.11999999999999,0.2790471600001183,0.06178330599959736
WTM,352,tm,73.3,0.2775717619997522,0.060949179000090226
WTM,353,tm,71.04,0.2868681320005635,0.061723984999844106
WTM,354,tm,73.6,0.2848627799994574,0.06118735099971673
WTM,355,tm,73.85000000000001,0.2779945360007332,0.06108252099966194
WTM,356,tm,73.31,0.27814974400007486,0.06054567400042288
WTM,357,tm,72.92999999999999,0.28036435800004256,0.060869849000482645
WTM,358,tm,73.66,0.2806424979999065,0.0610761679999996
WTM,359,tm,71.77,0.2834528230005162,0.062224957000580616
WTM,360,tm,70.41,0.2888818649998939,0.06133070299983956
WTM,361,tm,72.81,0.28144358200006536,0.06139220099976228
WTM,362,tm,72.95,0.27863911999975244,0.06134130999998888
WTM,363,tm,73.07000000000001,0.2740935600004377,0.06252670300000318
WTM,364,tm,74.41,0.27857994900023186,0.060789899000155856
WTM,365,tm,73.03,0.2843129470002168,0.06182242000068072
WTM,366,tm,73.56,0.2751198079995447,0.061927841000397166
WTM,367,tm,73.21,0.2796806079995804,0.061302647999582405
WTM,368,tm,74.89,0.2918915250002101,0.061019957999633334
WTM,369,tm,71.12,0.2780719599995791,0.062008756999603065
WTM,370,tm,74.69,0.2785646900001666,0.06098128500070743
WTM,371,tm,71.61,0.274769214999651,0.06110547299977043
WTM,372,tm,71.77,0.2814485520002563,0.06096148600045126
WTM,373,tm,75.4,0.28402477000054205,0.060889635999956226
WTM,374,tm,74.77000000000001,0.28272384999945643,0.06137468999986595
WTM,375,tm,71.43,0.27718908399947395,0.06117581099988456
WTM,376,tm,73.79,0.28434008000022004,0.06159037800080114
WTM,377,tm,74.75,0.2787586280001051,0.06120743100018444
WTM,378,tm,74.92999999999999,0.27862055799960217,0.060846686999866506
WTM,379,tm,74.08,0.2696368999995684,0.06098012200072844
WTM,380,tm,73.47,0.2814462940004887,0.0612153580004815
WTM,381,tm,74.27,0.2774981200000184,0.06096887100011372
WTM,382,tm,74.62,0.281665933000113,0.061481730999730644
WTM,383,tm,75.03999999999999,0.2813844140000583,0.06178152400025283
WTM,384,tm,74.85000000000001,0.2768310820001716,0.061694132999946305
WTM,385,tm,74.36,0.27607759700003953,0.06188542600011715
WTM,386,tm,73.5,0.28130242499992164,0.061991448999833665
WTM,387,tm,73.95,0.27931301900025574,0.06201637100002699
WTM,388,tm,70.33,0.27966029300023365,0.06198181900072086
WTM,389,tm,74.68,0.27770093100025406,0.06108578299972578
WTM,390,tm,74.71,0.2823984719998407,0.06186414700005116
WTM,391,tm,74.33,0.2874063279996335,0.061742539999613655
WTM,392,tm,73.15,0.28343122600017523,0.061359100000117905
WTM,393,tm,73.22999999999999,0.28259471300043515,0.061757057000249915
WTM,394,tm,73.6,0.27728116500020406,0.06068374499955098
WTM,395,tm,75.07000000000001,0.27312362599968765,0.06029974200009747
WTM,396,tm,73.68,0.27697345900014625,0.06132264299958479
WTM,397,tm,72.78999999999999,0.28911142499964626,0.061815012000806746
WTM,398,tm,74.14,0.2735094770005162,0.061875461999989056
WTM,399,tm,72.34,0.2821466049999799,0.0600020060001043
WTM,400,tm,72.1,0.27441148099933343,0.061957515999893076
WTM,401,tm,72.06,0.28302995700050815,0.061836763999963296
WTM,402,tm,73.9,0.2788167170001543,0.0607395679999172
WTM,403,tm,74.3,0.28219381800045085,0.061167451000073925
WTM,404,tm,70.7,0.27754777100017236,0.060531561999596306
WTM,405,tm,75.09,0.292663160000302,0.06161461599913309
WTM,406,tm,73.91,0.2713433859998986,0.0616556250006397
WTM,407,tm,69.69999999999999,0.27967136500046763,0.062303923000399664
WTM,408,tm,73.65,0.2844992039999852,0.06065653800033033
WTM,409,tm,71.41999999999999,0.2804340120001143,0.06267199800004164
WTM,410,tm,74.72,0.2814479359994948,0.06094481400032237
WTM,411,tm,72.78999999999999,0.28290586799994344,0.061175350000667095
WTM,412,tm,75.26,0.2723817620008049,0.061309051000534964
WTM,413,tm,75.25,0.2767328589998215,0.06085159699978249
WTM,414,tm,72.05,0.2812183969999751,0.06124552499932179
WTM,415,tm,75.27000000000001,0.2782328739995137,0.061110077000193996
WTM,416,tm,74.22,0.28150237599948014,0.0617555810003978
WTM,417,tm,72.15,0.28571936000025744,0.06712391600012779
WTM,418,tm,75.91,0.2779960689995278,0.06141312999989168
WTM,419,tm,74.72999999999999,0.27739280900004815,0.06168775000060123
WTM,420,tm,74.31,0.2709065910003119,0.061249856000358704
WTM,421,tm,73.15,0.28218675300013274,0.062213416999838955
WTM,422,tm,74.94,0.27180979900003877,0.06082963100016059
WTM,423,tm,71.59,0.28454770000007557,0.061956333999660274
WTM,424,tm,75.33,0.27461275000041496,0.06101537099948473
WTM,425,tm,73.69,0.2730505479994463,0.06089596100082417
WTM,426,tm,75.25,0.28245721900020726,0.0617402170000787
WTM,427,tm,74.78,0.27741814399996656,0.060899385000084294
WTM,428,tm,71.34,0.28498350700010633,0.060705782999320945
WTM,429,tm,73.36,0.2856525679999322,0.061477981000280124
WTM,430,tm,73.79,0.2787142799998037,0.06099471699963033
WTM,431,tm,72.0,0.27650327300034405,0.06178848699983064
WTM,432,tm,73.09,0.28464469900063705,0.061753175999911036
WTM,433,tm,72.86,0.2878764360002606,0.06244285499997204
WTM,434,tm,75.84,0.2766876880004929,0.06140331300048274
WTM,435,tm,75.76,0.2762633469992579,0.060927298000024166
WTM,436,tm,73.39,0.27861982499962323,0.06130159300028026
WTM,437,tm,74.22999999999999,0.28334159499991074,0.062272243000734306
WTM,438,tm,74.39,0.2862253069997678,0.06165846999920177
WTM,439,tm,74.77000000000001,0.27827147399966634,0.06436069300070812
WTM,440,tm,74.22999999999999,0.28130948900070507,0.061139931000070646
WTM,441,tm,71.83,0.28853737999997975,0.06106273000023066
WTM,442,tm,74.72999999999999,0.2799168069996085,0.06233930899998086
WTM,443,tm,74.77000000000001,0.27754838400051085,0.061788432999492215
WTM,444,tm,73.00999999999999,0.2744002569997974,0.06086338800014346
WTM,445,tm,73.13,0.2827228690002812,0.06084221199944295
WTM,446,tm,71.75,0.27895149999949354,0.06088472700048442
WTM,447,tm,74.14,0.2820349530002204,0.06140961600067385
WTM,448,tm,72.84,0.27858401100002084,0.06109694899987517
WTM,449,tm,72.55,0.27173020699956396,0.06109735300015018
WTM,450,tm,71.24000000000001,0.28487842199956503,0.060529602999849885
WTM,451,tm,71.89,0.2801745349997873,0.06232441900010599
WTM,452,tm,73.88,0.2829439140004979,0.06124628300040058
WTM,453,tm,74.65,0.2958407599999191,0.06123702500008221
WTM,454,tm,71.89,0.27157731399984186,0.06043382999996538
WTM,455,tm,72.50999999999999,0.28066851000039605,0.06269337000048836
WTM,456,tm,73.81,0.2751458619995901,0.06094105699958163
WTM,457,tm,72.36,0.28959742300048674,0.06129053000040585
WTM,458,tm,76.4,0.27114730499943107,0.06189246899975842
WTM,459,tm,76.05,0.27408315499997116,0.061556439999549184
WTM,460,tm,74.42,0.29282175000025745,0.06082609799977945
WTM,461,tm,75.07000000000001,0.27853134099950694,0.06086806100029207
WTM,462,tm,76.62,0.27276224399975035,0.061011706000499544
WTM,463,tm,73.49,0.27983470399976795,0.06106420700052695
WTM,464,tm,72.76,0.28029357499963226,0.06156351500067103
WTM,465,tm,73.57000000000001,0.2772190959994987,0.06021956200038403
WTM,466,tm,74.6,0.27711157300018385,0.06083492300058424
WTM,467,tm,73.89,0.2778552720001244,0.060504289000164135
WTM,468,tm,75.52,0.2780899520003004,0.06137654400026804
WTM,469,tm,70.56,0.27934607499992126,0.061113834000025236
WTM,470,tm,75.44999999999999,0.2779166279997298,0.06074175399953674
WTM,471,tm,74.67,0.2842947680001089,0.06292904699967039
WTM,472,tm,73.53,0.28217593600038526,0.061537343000054534
WTM,473,tm,70.89,0.28880531800041354,0.06189231699954689
WTM,474,tm,72.63,0.2817878739997468,0.06164560500019434
WTM,475,tm,76.17,0.271700105000491,0.060647680000329274
WTM,476,tm,74.2,0.2884149699993941,0.06055863800065708
WTM,477,tm,71.34,0.2741456189996825,0.06105065599967929
WTM,478,tm,73.57000000000001,0.2701501029996507,0.06191933400077687
WTM,479,tm,73.6,0.2804608090000329,0.06574059699960344
WTM,480,tm,74.3,0.27729810800065025,0.06182407999949646
WTM,481,tm,73.83999999999999,0.2867777510000451,0.061651601000448863
WTM,482,tm,75.11,0.2694864080003754,0.06168091900053696
WTM,483,tm,73.24000000000001,0.2774667080002473,0.06246776499938278
WTM,484,tm,72.77,0.28524210099931224,0.06200984899987816
WTM,485,tm,73.54,0.28457019599954947,0.06048431700037327
WTM,486,tm,75.37,0.2849107249994631,0.06128217900004529
WTM,487,tm,70.58,0.27075209399936284,0.06094116199983546
WTM,488,tm,73.96000000000001,0.2789744379997501,0.06179681199955667
WTM,489,tm,71.50999999999999,0.28424764800001867,0.06095549899964681
WTM,490,tm,73.63,0.2683875299999272,0.06315948300016316
WTM,491,tm,75.64,0.28881988099965383,0.06156671900043875
WTM,492,tm,73.83999999999999,0.27675256000020454,0.06188531099996908
WTM,493,tm,75.52,0.2772744630001398,0.061070791999554785
WTM,494,tm,73.88,0.2757581329997265,0.06140275899997505
WTM,495,tm,74.81,0.2833469309998691,0.0612347240003146
WTM,496,tm,74.46000000000001,0.2875524860000951,0.061479015000259096
WTM,497,tm,74.83,0.27964660300040123,0.06138388500039582
WTM,498,tm,74.39,0.2852804379999725,0.06090341099934449
WTM,499,tm,74.33,0.2788349410002411,0.06059044899939181
WTM,500,tm,73.55000000000001,0.28950505800003157,0.061033869000311824
WTM-NN,1,tm,61.53999999999999,0.418375406999985,0.05811979700047232
WTM-NN,2,tm,61.6,0.3792669399999795,0.059038479999799165
WTM-NN,3,tm,60.709999999999994,0.3644720480006072,0.059400946000096155
WTM-NN,4,tm,67.77,0.3438088630000493,0.05995640899982391
WTM-NN,5,tm,70.87,0.34713267700044526,0.0603659839998727
WTM-NN,6,tm,70.03,0.3351545139994414,0.059691469999961555
WTM-NN,7,tm,66.36,0.32667379200029245,0.059781732999908854
WTM-NN,8,tm,70.61,0.3219334939994951,0.060718392999660864
WTM-NN,9,tm,69.45,0.3086075500004881,0.05964179900001909
WTM-NN,10,tm,68.75,0.3247543730003599,0.0622784249999313
WTM-NN,11,tm,69.03,0.31916899399948306,0.06355402300050628
WTM-NN,12,tm,69.67999999999999,0.31721698799992737,0.05985987399981241
WTM-NN,13,tm,71.84,0.3086699850000514,0.06020936700042512
WTM-NN,14,tm,69.5,0.30241758300053334,0.06101854899952741
WTM-NN,15,tm,69.84,0.30494313599956513,0.061209018000226934
WTM-NN,16,tm,70.57,0.3076143039997987,0.05904840499988495
WTM-NN,17,tm,71.75,0.2998486070000581,0.060598759999265894
WTM-NN,18,tm,70.21,0.3122555609998017,0.059804585999700066
WTM-NN,19,tm,71.3,0.304233180000665,0.061192658000436495
WTM-NN,20,tm,70.17,0.3030382010001631,0.06029913700058387
WTM-NN,21,tm,68.22,0.30130148900025233,0.06599414499942213
WTM-NN,22,tm,72.17,0.30251289300031203,0.06094102200040652
WTM-NN,23,tm,69.3,0.29946448899954703,0.0597406940005385
WTM-NN,24,tm,70.62,0.30029786700015393,0.06069103899972106
WTM-NN,25,tm,69.54,0.2920238030001201,0.05945515700022952
WTM-NN,26,tm,68.25,0.2933371379995151,0.059773958999358
WTM-NN,27,tm,73.06,0.2978775410001617,0.05780378999952518
WTM-NN,28,tm,72.25,0.29556681599933654,0.06236884000009013
WTM-NN,29,tm,71.41999999999999,0.2988555190004263,0.06082632600009674
WTM-NN,30,tm,71.95,0.28933954000058293,0.06076502700034325
WTM-NN,31,tm,71.84,0.3129515230002653,0.05994584800009761
WTM-NN,32,tm,71.37,0.29479884400006995,0.06035149699982867
WTM-NN,33,tm,72.49,0.29548515300029976,0.06060542299928784
WTM-NN,34,tm,73.44000000000001,0.29353191500013054,0.06036442300046474
WTM-NN,35,tm,72.09,0.2941932829999132,0.06072300899995753
WTM-NN,36,tm,72.71,0.3010135280001123,0.06055358200046612
WTM-NN,37,tm,72.17,0.2985843910000767,0.06135776699920825
WTM-NN,38,tm,72.44,0.2985478519995013,0.06140467899967916
WTM-NN,39,tm,73.50999999999999,0.28787468500013347,0.06466800599991984
WTM-NN,40,tm,72.96000000000001,0.2952245509995919,0.06195885399938561
WTM-NN,41,tm,71.55,0.2923049239998363,0.061873298000136856
WTM-NN,42,tm,70.41,0.29793042300025263,0.06074615199941036
WTM-NN,43,tm,71.92,0.2985517399993114,0.060855513000205974
WTM-NN,44,tm,73.56,0.28948637600024085,0.06018956700063427
WTM-NN,45,tm,72.67,0.29155304199957754,0.06028749599954608
WTM-NN,46,tm,72.99,0.2983149100000446,0.06070385200018791
WTM-NN,47,tm,71.66,0.2892116570001235,0.06049893399995199
WTM-NN,48,tm,73.38,0.2870727489998899,0.060870250000334636
WTM-NN,49,tm,72.68,0.2916249300005802,0.06119148400011909
WTM-NN,50,tm,70.52000000000001,0.2908581170004254,0.061233516999891435
WTM-NN,51,tm,72.71,0.29334661600023537,0.05981151800006046
WTM-NN,52,tm,71.71,0.28835825199985265,0.06084199599990825
WTM-NN,53,tm,74.3,0.29132808999929694,0.06037117500000022
WTM-NN,54,tm,72.15,0.2853740269993068,0.06042636100028176
WTM-NN,55,tm,72.13000000000001,0.29104504699989775,0.059597607000796415
WTM-NN,56,tm,74.22,0.29011855800035846,0.06047286100056226
WTM-NN,57,tm,73.32,0.29224468899974454,0.05989432800015493
WTM-NN,58,tm,73.89,0.28769269800068287,0.061434382999323134
WTM-NN,59,tm,73.42,0.2871008490001259,0.06049132900079712
WTM-NN,60,tm,73.52,0.2931357610004852,0.060382407999895804
WTM-NN,61,tm,71.35000000000001,0.282345659999919,0.06037746699985291
WTM-NN,62,tm,73.42,0.29258543200012355,0.060438679000071716
WTM-NN,63,tm,73.34,0.2917719839997517,0.06048010999984399
WTM-NN,64,tm,72.95,0.30018926999946416,0.06071590899955481
WTM-NN,65,tm,72.0,0.285261955000351,0.05975584800034994
WTM-NN,66,tm,70.03,0.2840227689994208,0.060998308999842266
WTM-NN,67,tm,72.57000000000001,0.284598129999722,0.06050859599963587
WTM-NN,68,tm,75.44,0.2856509389994244,0.06054530199980945
WTM-NN,69,tm,71.57,0.2924584180000238,0.06049319799967634
WTM-NN,70,tm,73.16,0.28523366799981886,0.05990275899966946
WTM-NN,71,tm,72.65,0.2935947039995881,0.06055585899957805
WTM-NN,72,tm,74.46000000000001,0.2989121700002215,0.06060305699975288
WTM-NN,73,tm,72.41,0.29507703199942625,0.06064545899971563
WTM-NN,74,tm,72.34,0.28517451500010793,0.06163990200002445
WTM-NN,75,tm,69.1,0.30232246900050086,0.060744116000023496
WTM-NN,76,tm,75.07000000000001,0.28625845900023705,0.06038650299979054
WTM-NN,77,tm,75.09,0.2923099789995831,0.05969592499968712
WTM-NN,78,tm,71.08,0.2894906500005163,0.06099708100009593
WTM-NN,79,tm,72.69,0.2954891109993696,0.06099704100051895
WTM-NN,80,tm,71.0,0.288815140999759,0.06080392700005177
WTM-NN,81,tm,71.76,0.2869486399995367,0.06161024499942869
WTM-NN,82,tm,71.56,0.29979523699967103,0.06071855600021081
WTM-NN,83,tm,68.78999999999999,0.286129262999566,0.060669323000183795
WTM-NN,84,tm,73.08,0.28799848900052893,0.06122561200027121
WTM-NN,85,tm,73.38,0.2855062420003378,0.062045898999713245
WTM-NN,86,tm,68.43,0.2869632800002364,0.060951491000196256
WTM-NN,87,tm,70.88,0.29182688199944096,0.06068617799974163
WTM-NN,88,tm,73.0,0.28863634299978,0.06141093800033559
WTM-NN,89,tm,73.13,0.2860699670000031,0.06086739199963631
WTM-NN,90,tm,71.32,0.2885896560001129,0.06066911900052219
WTM-NN,91,tm,73.02,0.2861236459993961,0.06091823499991733
WTM-NN,92,tm,69.67,0.2837020669994672,0.0609355010001309
WTM-NN,93,tm,73.74000000000001,0.28672034300052474,0.060392026999579684
WTM-NN,94,tm,74.64,0.2963123489998907,0.059147990999917965
WTM-NN,95,tm,74.03999999999999,0.2870578250003746,0.060895069999787665
WTM-NN,96,tm,71.41999999999999,0.28428949899989675,0.06039439100004529
WTM-NN,97,tm,71.09,0.28430771500006813,0.060738967999895976
WTM-NN,98,tm,72.6,0.2946345410000504,0.06189569500020298
WTM-NN,99,tm,74.67,0.30066257399994356,0.060132280999823706
WTM-NN,100,tm,71.78,0.2918385530001615,0.05973965999965003
WTM-NN,101,tm,71.81,0.283236138000575,0.061228397999911977
WTM-NN,102,tm,72.11999999999999,0.2846889590000501,0.0604955520002477
WTM-NN,103,tm,72.27,0.28961713500029873,0.06051898900022934
WTM-NN,104,tm,71.16,0.2821298590006336,0.06052381700010301
WTM-NN,105,tm,71.67,0.2845116090002193,0.06022591900000407
WTM-NN,106,tm,69.96,0.28563023199967574,0.05961313199986762
WTM-NN,107,tm,74.67,0.28166644600059954,0.060554642000170134
WTM-NN,108,tm,74.11999999999999,0.28551892599989515,0.060563936999642465
WTM-NN,109,tm,71.02000000000001,0.2851908660004483,0.06049606600026891
WTM-NN,110,tm,73.72999999999999,0.2890295769993827,0.06096789599996555
WTM-NN,111,tm,72.15,0.2895018479994178,0.060681406000185234
WTM-NN,112,tm,73.76,0.2854774340003132,0.06026165799994487
WTM-NN,113,tm,72.41,0.2827174369995191,0.060646464000456035
WTM-NN,114,tm,73.76,0.2905994749999081,0.060399228000278526
WTM-NN,115,tm,72.85000000000001,0.2863841259995752,0.06066066199946363
WTM-NN,116,tm,73.2,0.2823941240003478,0.05994494400056283
WTM-NN,117,tm,72.64,0.2861245770000096,0.06196889300008479
WTM-NN,118,tm,72.65,0.284060782000779,0.0611378120001973
WTM-NN,119,tm,72.98,0.2852030720005132,0.060543364999830374
WTM-NN,120,tm,75.55,0.28921332099980646,0.0605622230004883
WTM-NN,121,tm,72.89,0.28573205300017435,0.060936029000004055
WTM-NN,122,tm,73.32,0.2804928060004386,0.060541918000126316
WTM-NN,123,tm,72.76,0.28659062599945173,0.061589910999828135
WTM-NN,124,tm,74.8,0.2842266869993182,0.0607586079995599
WTM-NN,125,tm,71.45,0.2856204079998861,0.06067038800028968
WTM-NN,126,tm,72.52,0.2886973869999565,0.061995192000722454
WTM-NN,127,tm,72.64,0.28320380699915404,0.06061907000002975
WTM-NN,128,tm,72.43,0.2764448040006755,0.060479758000838046
WTM-NN,129,tm,74.77000000000001,0.2829221439997127,0.060439806999966095
WTM-NN,130,tm,74.72,0.2801660080003785,0.060866286999953445
WTM-NN,131,tm,70.19999999999999,0.2755946440001935,0.06145617600031983
WTM-NN,132,tm,73.24000000000001,0.28345050799998717,0.06166616399968916
WTM-NN,133,tm,72.72999999999999,0.28618460100005905,0.05987862300025881
WTM-NN,134,tm,73.59,0.2831029649996708,0.06166777899943554
WTM-NN,135,tm,74.03999999999999,0.291869128000144,0.06076608900002611
WTM-NN,136,tm,73.76,0.28713899300055346,0.06096624600013456
WTM-NN,137,tm,71.8,0.28717165299985936,0.06043511500047316
WTM-NN,138,tm,74.17,0.28442887399978645,0.06090761100040254
WTM-NN,139,tm,71.02000000000001,0.28328619500007335,0.060499351000544266
WTM-NN,140,tm,73.78,0.28169205299946043,0.06094185100027971
WTM-NN,141,tm,71.57,0.281780739000169,0.060815518000708835
WTM-NN,142,tm,73.11999999999999,0.2830447500000446,0.06006491599964647
WTM-NN,143,tm,74.36,0.2797225960002834,0.06089251299999887
WTM-NN,144,tm,74.05000000000001,0.27888420300041616,0.0603354799995941
WTM-NN,145,tm,72.55,0.2800997089998418,0.06068836000031297
WTM-NN,146,tm,71.66,0.283866611999656,0.06034826899940526
WTM-NN,147,tm,73.39,0.2792066600004546,0.05969388399989839
WTM-NN,148,tm,70.88,0.28049609099980444,0.062160596000467194
WTM-NN,149,tm,72.55,0.2840687590005473,0.06008680299964908
WTM-NN,150,tm,74.32,0.28356481199989503,0.06178300699957617
WTM-NN,151,nn,79.32000000000001,0.17440917099975195,0.06269094400067843
WTM-NN,152,nn,79.38,0.17351966000023822,0.06314534899956925
WTM-NN,153,nn,79.62,0.2545757819998471,0.06484928400004719
WTM-NN,154,nn,79.89,0.18396450399995956,0.06558124200000748
WTM-NN,155,nn,79.84,0.19228682399989339,0.06458570599988889
WTM-NN,156,nn,80.2,0.19055791199934902,0.0662943509996694
WTM-NN,157,nn,80.21000000000001,0.19241865300045902,0.063772804999644
WTM-NN,158,nn,80.25999999999999,0.1922162679993562,0.0652845590002471
WTM-NN,159,nn,80.21000000000001,0.19442746300046565,0.0663928849999138
WTM-NN,160,nn,80.28999999999999,0.19160931599981268,0.06667772000037075
WTM-NN,161,nn,80.28,0.2542681269997047,0.06478419799987023
WTM-NN,162,nn,80.34,0.1944010650004202,0.0664192180001919
WTM-NN,163,nn,80.25,0.192872081999667,0.06566294599997491
WTM-NN,164,nn,80.34,0.18758096600049612,0.06715649799934909
WTM-NN,165,nn,80.31,0.2432105470006718,0.06557274199985841
WTM-NN,166,nn,80.36999999999999,0.18971067199981917,0.0662460799994733
WTM-NN,167,nn,80.41,0.17642875000001368,0.06502638399979332
WTM-NN,168,nn,80.27,0.1938213719995474,0.06683742700079165
WTM-NN,169,nn,80.36999999999999,0.19299936300012632,0.06509902800007694
WTM-NN,170,nn,80.47999999999999,0.19413998699928925,0.06645863199992164
WTM-NN,171,nn,80.61,0.1724139429998104,0.0657922200007306
WTM-NN,172,nn,80.56,0.24598704499931046,0.06508667900016007
WTM-NN,173,nn,80.46,0.1851822100006757,0.0658951289997276
WTM-NN,174,nn,80.41,0.18526339900017774,0.06635266200009937
WTM-NN,175,nn,80.62,0.1915232230003312,0.0655036790003578
WTM-NN,176,nn,80.58999999999999,0.2519165999992765,0.06492165899999236
WTM-NN,177,nn,80.64,0.19041363399992406,0.06675811300010537
WTM-NN,178,nn,80.61,0.1927732249996552,0.06557082699964667
WTM-NN,179,nn,80.57,0.19428573999994114,0.06453675400007342
WTM-NN,180,nn,80.55,0.19243785799972102,0.06655691000014485
WTM-NN,181,nn,80.58999999999999,0.18776956800047628,0.06423899099991104
WTM-NN,182,nn,80.7,0.180931148000127,0.06548087600003782
WTM-NN,183,nn,80.67999999999999,0.19176577300004283,0.06600131699997291
WTM-NN,184,nn,80.9,0.25353731300037907,0.0661370869993334
WTM-NN,185,nn,80.72,0.1923928429996522,0.06467862099998456
WTM-NN,186,nn,80.75,0.19299925999985135,0.06621971499953361
WTM-NN,187,nn,80.71000000000001,0.19037467500038474,0.06650526900011755
WTM-NN,188,nn,80.76,0.25264828000035777,0.06706330799988791
WTM-NN,189,nn,80.71000000000001,0.1940956019998339,0.0644366100004845
WTM-NN,190,nn,80.88,0.1917012510002678,0.0645189830001982
WTM-NN,191,nn,80.81,0.19050703399989288,0.06427943800008507
WTM-NN,192,nn,80.92,0.19303387299987662,0.0644335589995535
WTM-NN,193,nn,80.7,0.1944681729992226,0.06606723200002307
WTM-NN,194,nn,80.91000000000001,0.1771231960001387,0.06558385900007124
WTM-NN,195,nn,80.66,0.19318123799985187,0.06448194099993998
WTM-NN,196,nn,80.89,0.2519305380001242,0.0669574579997061
WTM-NN,197,nn,80.92,0.18542330099990068,0.06702677799967205
WTM-NN,198,nn,81.01,0.19281802400018933,0.06543611799952487
WTM-NN,199,nn,80.82000000000001,0.19287385899951914,0.0669714430005115
WTM-NN,200,nn,80.84,0.2510466039993844,0.06575066999994306
WTM-NN,201,nn,80.87,0.19021759099996416,0.06488325000009354
WTM-NN,202,nn,80.92,0.185150825999699,0.06625253699985478
WTM-NN,203,nn,80.77,0.19303086200034159,0.06563264100077504
WTM-NN,204,nn,80.97,0.19147710899960657,0.06547109700022702
WTM-NN,205,nn,80.84,0.17688683600044897,0.06439683100052207
WTM-NN,206,nn,80.89,0.19256642700020166,0.0652280399999654
WTM-NN,207,nn,80.97,0.2448593750004875,0.06705867199980275
WTM-NN,208,nn,80.88,0.19435701300062647,0.06531687699953181
WTM-NN,209,nn,80.85,0.19077481099975557,0.06704311100020277
WTM-NN,210,nn,80.83,0.19149629399998958,0.0665509779992135
WTM-NN,211,nn,80.91000000000001,0.2523608980000063,0.06535208399964176
WTM-NN,212,nn,81.08,0.18696034399999917,0.06712895500004379
WTM-NN,213,nn,81.04,0.1806189560002167,0.06506472299952293
WTM-NN,214,nn,80.95,0.18902195999999094,0.06468907699945703
WTM-NN,215,nn,80.86,0.19227065999984916,0.06563954099965486
WTM-NN,216,nn,80.97,0.1821892839998327,0.06464496300031897
WTM-NN,217,nn,80.89,0.18742828899939923,0.06727014999978564
WTM-NN,218,nn,80.91000000000001,0.17830512199998338,0.06619709000005969
WTM-NN,219,nn,80.96,0.23668375199940783,0.06517423599962058
WTM-NN,220,nn,81.04,0.1831071590004285,0.06635309199918993
WTM-NN,221,nn,80.88,0.17885551700055657,0.06706492500052263
WTM-NN,222,nn,80.97,0.17889986699992733,0.06452857099975517
WTM-NN,223,nn,80.85,0.24155832799988275,0.06784701899960055
WTM-NN,224,nn,81.01,0.19307512900013535,0.06593017399973178
WTM-NN,225,nn,80.82000000000001,0.1925348449994999,0.06669425499967474
WTM-NN,226,nn,80.97,0.19334542300020985,0.0651158900000155
WTM-NN,227,nn,81.01,0.18563420999998925,0.06586155300010432
WTM-NN,228,nn,80.85,0.17941796100058127,0.06640047500059154
WTM-NN,229,nn,81.0,0.17864446800012956,0.06645672300055594
WTM-NN,230,nn,81.05,0.1793602670004475,0.06622743599928071
WTM-NN,231,nn,80.95,0.24100061900026049,0.06712760300069931
WTM-NN,232,nn,81.01,0.19215878199975123,0.06539748799968947
WTM-NN,233,nn,81.05,0.18810550699981832,0.06628727199949935
WTM-NN,234,nn,80.97999999999999,0.18625993100067717,0.0659343320003245
WTM-NN,235,nn,81.07,0.2375064019997808,0.06693430300038017
WTM-NN,236,nn,80.88,0.17985592500008352,0.06613285799994628
WTM-NN,237,nn,81.01,0.18171141000038915,0.06412844000078621
WTM-NN,238,nn,81.01,0.17983240000012302,0.06440982399999484
WTM-NN,239,nn,80.89,0.1788076379998529,0.06630982000024233
WTM-NN,240,nn,80.82000000000001,0.180018416999701,0.06647302500005026
WTM-NN,241,nn,80.9,0.1797373270001117,0.06487980200017773
WTM-NN,242,nn,80.87,0.2372637010003018,0.06596522200015897
WTM-NN,243,nn,80.91000000000001,0.1861167890001525,0.0652328749993103
WTM-NN,244,nn,80.9,0.17511200199987798,0.06506540000009409
WTM-NN,245,nn,81.06,0.1854388250003467,0.06538297600036458
WTM-NN,246,nn,80.77,0.24527747899992391,0.06404875299995183
WTM-NN,247,nn,81.07,0.18478030099959142,0.06619071300065116
WTM-NN,248,nn,81.03,0.18781187400054478,0.06696444800036261
WTM-NN,249,nn,80.94,0.18929018500057282,0.06570988000021316
WTM-NN,250,nn,81.0,0.19363076199988427,0.0644438050003373
WTM-NN,251,nn,81.14,0.18930326200006675,0.06587005100027454
WTM-NN,252,nn,80.92,0.19268998400002602,0.0650364350003656
WTM-NN,253,nn,80.92,0.1892279520006923,0.0641404309999416
WTM-NN,254,nn,80.88,0.2472100799996042,0.0627205180007877
WTM-NN,255,nn,81.06,0.19425126599981013,0.06446463899919763
WTM-NN,256,nn,80.82000000000001,0.19069004999983008,0.06568553099987184
WTM-NN,257,nn,80.78,0.1860296400000152,0.06456417799927294
WTM-NN,258,nn,80.92,0.24863777900009154,0.06695395800034021
WTM-NN,259,nn,80.81,0.18734370299989678,0.06628077200002735
WTM-NN,260,nn,81.05,0.19299194599989278,0.06487573699996574
WTM-NN,261,nn,80.97,0.1861736569999266,0.06590365300053236
WTM-NN,262,nn,81.04,0.1783764900001188,0.06510123399948498
WTM-NN,263,nn,80.94,0.18781603699972038,0.06505150000066351
WTM-NN,264,nn,81.0,0.17781187299988233,0.06497972000033769
WTM-NN,265,nn,81.01,0.18530540699975973,0.06489539699941815
WTM-NN,266,nn,81.05,0.25410566099981224,0.07095113400009723
WTM-NN,267,nn,80.94,0.18202207299964357,0.06536582599983376
WTM-NN,268,nn,80.92,0.1930693770000289,0.06516280400046526
WTM-NN,269,nn,80.99,0.19347991599988745,0.07597695799995563
WTM-NN,270,nn,81.15,0.25287228300021525,0.06507712200073001
WTM-NN,271,nn,81.01,0.18209719199967367,0.06500144499932503
WTM-NN,272,nn,80.85,0.1928789700004927,0.06461607700020977
WTM-NN,273,nn,80.96,0.17707397600042896,0.06481220300065615
WTM-NN,274,nn,80.97999999999999,0.19271102800030349,0.06466545199964457
WTM-NN,275,nn,80.91000000000001,0.19203556399952504,0.06702250000034837
WTM-NN,276,nn,80.96,0.19176761800008535,0.06292342200049461
WTM-NN,277,nn,80.91000000000001,0.24139330700018036,0.06461700999989262
WTM-NN,278,nn,80.84,0.19354778400065697,0.06456242500007647
WTM-NN,279,nn,80.95,0.18189997999979823,0.06676327699915419
WTM-NN,280,nn,80.92,0.19339542699981394,0.06470798400005151
WTM-NN,281,nn,80.97,0.2477368519994343,0.06249741100054962
WTM-NN,282,nn,80.97,0.1838179400001536,0.06551622200004203
WTM-NN,283,nn,81.05,0.17984593199980736,0.06541177399958542
WTM-NN,284,nn,80.91000000000001,0.1804086370002551,0.06433235599979525
WTM-NN,285,nn,80.92,0.17893394800012175,0.06439616799980286
WTM-NN,286,nn,80.89,0.18068202900030883,0.06525397299992619
WTM-NN,287,nn,81.06,0.1818687030008732,0.06584492799993313
WTM-NN,288,nn,80.97,0.17995262800013734,0.06531120999989071
WTM-NN,289,nn,80.9,0.2374691860004532,0.06451819299945782
WTM-NN,290,nn,80.92,0.18000746599955164,0.06644621399937023
WTM-NN,291,nn,80.97,0.1791723380001713,0.06605014500019024
WTM-NN,292,nn,80.91000000000001,0.18595577500036597,0.0652527669999472
WTM-NN,293,nn,81.05,0.2521607069993479,0.06513079500018648
WTM-NN,294,nn,80.99,0.17935954600034165,0.06461819099968125
WTM-NN,295,nn,81.15,0.18000788700010162,0.0654530399997384
WTM-NN,296,nn,80.76,0.17932304400073917,0.06367255199984356
WTM-NN,297,nn,80.97999999999999,0.18096614000023692,0.06571691000044666
WTM-NN,298,nn,80.93,0.17909149600018281,0.06579896000039298
WTM-NN,299,nn,80.91000000000001,0.1798850830000447,0.06561691400020209
WTM-NN,300,nn,80.92,0.19178561999979138,0.06390871699932177
WTM-NN,301,nn,80.93,0.24558146500021394,0.06555827499960287
WTM-NN,302,nn,80.97999999999999,0.19419529500009958,0.06577400199967087
WTM-NN,303,nn,81.03,0.19402536900088307,0.06200016500042693
WTM-NN,304,nn,81.13,0.19561117600005673,0.06470738799998799
WTM-NN,305,nn,80.87,0.25299566499961657,0.06596650600022258
WTM-NN,306,nn,80.93,0.19328593399950478,0.06511655099984637
WTM-NN,307,nn,80.77,0.19421286200031318,0.06584889799978555
WTM-NN,308,nn,80.93,0.192914221999672,0.06479959299940674
WTM-NN,309,nn,80.84,0.18628394699953787,0.06247638700006064
WTM-NN,310,nn,81.14,0.18464877099995647,0.06628396199994313
WTM-NN,311,nn,81.0,0.18318309200003569,0.06590538900036336
WTM-NN,312,nn,80.92,0.18800292299965804,0.06596637600068789
WTM-NN,313,nn,80.95,0.2537164679997659,0.06522505500015541
WTM-NN,314,nn,81.14,0.1836563249999017,0.06568164100008289
WTM-NN,315,nn,81.16,0.18639562800035492,0.06585242500023014
WTM-NN,316,nn,80.82000000000001,0.17889951600045606,0.06557596099992224
WTM-NN,317,nn,80.87,0.2432739820005736,0.06560810199971456
WTM-NN,318,nn,80.96,0.18940126199959195,0.06687753099959082
WTM-NN,319,nn,80.76,0.19302867199985485,0.06788274900009128
WTM-NN,320,nn,80.94,0.19418234699969616,0.06436019800003123
WTM-NN,321,nn,80.83,0.1738637739999831,0.06565983800010144
WTM-NN,322,nn,81.01,0.19408663000012893,0.06810784900062572
WTM-NN,323,nn,80.92,0.18130016600025556,0.06588335800006462
WTM-NN,324,nn,80.96,0.2406512190000285,0.06710034400020959
WTM-NN,325,nn,81.02000000000001,0.1801084400003674,0.06427066099968215
WTM-NN,326,nn,80.84,0.17991254000025947,0.06667115500022192
WTM-NN,327,nn,80.91000000000001,0.18122204300016165,0.06634488500003499
WTM-NN,328,nn,80.84,0.23761905399987882,0.06709033399965847
WTM-NN,329,nn,80.94,0.17829999500008853,0.06409789400004229
WTM-NN,330,nn,80.9,0.17892414899961295,0.06362858400007099
WTM-NN,331,nn,81.05,0.17877645899989147,0.064763714000037
WTM-NN,332,nn,80.87,0.17849945699981618,0.06683417000022018
WTM-NN,333,nn,81.15,0.18006143499951577,0.06628915599958418
WTM-NN,334,nn,80.99,0.18409779099965817,0.06707911099965713
WTM-NN,335,nn,81.02000000000001,0.19597452400012116,0.06492595700001402
WTM-NN,336,nn,81.0,0.25549311399936414,0.07152647400016576
WTM-NN,337,nn,81.04,0.19330795999940165,0.0721626099993955
WTM-NN,338,nn,80.88,0.18547346200011816,0.07057961499958765
WTM-NN,339,nn,81.06,0.18598100600047474,0.07066751699949236
WTM-NN,340,nn,80.9,0.2552184730002409,0.06488719700064394
WTM-NN,341,nn,80.88,0.19244997700025124,0.06476323799961392
WTM-NN,342,nn,80.9,0.19409165399974881,0.07091266499992344
WTM-NN,343,nn,80.97999999999999,0.1920090989997334,0.06566708500031382
WTM-NN,344,nn,80.96,0.1825937450003039,0.06334003299980395
WTM-NN,345,nn,80.84,0.19251546899977257,0.06482587899972714
WTM-NN,346,nn,80.9,0.19414673000028415,0.07272900199950527
WTM-NN,347,nn,80.94,0.1894681280000441,0.06641375800063543
WTM-NN,348,nn,81.04,0.25413753999964683,0.07255408600030933
WTM-NN,349,nn,80.85,0.19732246100011253,0.06475416499961284
WTM-NN,350,nn,80.95,0.18924618599976384,0.06727339300050517
WTM-NN,351,nn,80.93,0.18895423699996172,0.06491154900049878
WTM-NN,352,nn,80.93,0.24030451599992375,0.0669657839998763
WTM-NN,353,nn,80.84,0.17996728599973721,0.06663531300000614
WTM-NN,354,nn,81.05,0.17944517599971732,0.06719179500032624
WTM-NN,355,nn,80.85,0.1788938669997151,0.06665768000038952
WTM-NN,356,nn,80.88,0.1794467560002886,0.06599996299974009
WTM-NN,357,nn,80.96,0.19115974299984373,0.06682075299977441
WTM-NN,358,nn,80.87,0.1857226209995133,0.0673303779994967
WTM-NN,359,nn,80.85,0.23776359499970567,0.06652653099990857
WTM-NN,360,nn,80.99,0.18265771599999425,0.06467133099977218
WTM-NN,361,nn,80.9,0.17292888300016784,0.06614484099918627
WTM-NN,362,nn,80.93,0.18623709300027258,0.06690097499995318
WTM-NN,363,nn,81.05,0.23749966499963193,0.06480365700008406
WTM-NN,364,nn,80.91000000000001,0.1790703400001803,0.0670819280003343
WTM-NN,365,nn,80.88,0.17958144299973355,0.06519531499998266
WTM-NN,366,nn,80.99,0.19057130599958327,0.06556031000036455
WTM-NN,367,nn,80.89,0.18732577100035996,0.06510310799967556
WTM-NN,368,nn,81.01,0.19251163700027973,0.06514211499961675
WTM-NN,369,nn,80.75,0.1943423700004132,0.06583604299976287
WTM-NN,370,nn,80.87,0.1909661169993342,0.06707764699967811
WTM-NN,371,nn,80.9,0.2503682939995997,0.06604188799974509
WTM-NN,372,nn,81.02000000000001,0.1866032299994913,0.06472693500018067
WTM-NN,373,nn,81.0,0.1777196669991099,0.06661046900080692
WTM-NN,374,nn,81.0,0.17718630600029428,0.06581761400047981
WTM-NN,375,nn,80.93,0.25174434699965786,0.07219496400011849
WTM-NN,376,nn,80.91000000000001,0.1859771899999032,0.06916094000007433
WTM-NN,377,nn,80.82000000000001,0.1891511330004505,0.06589570500000264
WTM-NN,378,nn,80.95,0.1935446449997471,0.06647423400045227
WTM-NN,379,nn,80.99,0.19344163300047512,0.06737919099941792
WTM-NN,380,nn,80.85,0.19379981800011592,0.06441135600016423
WTM-NN,381,nn,80.93,0.17524481899999955,0.06539241399968887
WTM-NN,382,nn,80.97999999999999,0.19150653499946202,0.07135364900022978
WTM-NN,383,nn,81.13,0.2527535839999473,0.06358408800042525
WTM-NN,384,nn,80.85,0.1956986129998768,0.06648970100013685
WTM-NN,385,nn,81.01,0.18375041899980715,0.0649256870001409
WTM-NN,386,nn,81.02000000000001,0.19346763399971678,0.06469548899985966
WTM-NN,387,nn,81.08999999999999,0.2547541679996357,0.06513279899991176
WTM-NN,388,nn,80.97,0.19125830699977087,0.07179582600019785
WTM-NN,389,nn,80.94,0.18940408199978265,0.06484469599945442
WTM-NN,390,nn,81.17999999999999,0.1946029950004231,0.0663098759996501
WTM-NN,391,nn,80.95,0.1942974650000906,0.0660095610001008
WTM-NN,392,nn,80.97,0.19302103700010775,0.06588982899938856
WTM-NN,393,nn,80.77,0.1852866660001382,0.06857798000055482
WTM-NN,394,nn,80.93,0.24206308799966791,0.0725081720001981
WTM-NN,395,nn,81.05,0.19641806700019515,0.0706456910002089
WTM-NN,396,nn,80.92,0.19280101799995464,0.06460661700020864
WTM-NN,397,nn,81.0,0.19335059199966054,0.071790785000303
WTM-NN,398,nn,81.04,0.2548916060004558,0.06537709300027927
WTM-NN,399,nn,80.83,0.19380938500034972,0.06509684499997093
WTM-NN,400,nn,81.08,0.19418964099986624,0.06512167399978352
WTM-NN,401,nn,80.74,0.19258358600018255,0.06584779900003923
WTM-NN,402,nn,81.17999999999999,0.18031341599998996,0.06534187799934443
WTM-NN,403,nn,80.78999999999999,0.1920504499994422,0.06622036499993555
WTM-NN,404,nn,80.9,0.1928961920002621,0.06514147500001854
WTM-NN,405,nn,80.96,0.19384106899997278,0.07158349499968608
WTM-NN,406,nn,80.84,0.2664734990003126,0.06990326999948593
WTM-NN,407,nn,80.97999999999999,0.19474235300003784,0.07140590699964378
WTM-NN,408,nn,81.11,0.1940567009996812,0.07180396600051608
WTM-NN,409,nn,81.11,0.19574245600051654,0.06481478800014884
WTM-NN,410,nn,81.05,0.2541534980000506,0.06554270499964332
WTM-NN,411,nn,81.08999999999999,0.195069076999971,0.06471105699984037
WTM-NN,412,nn,81.07,0.19442093700035912,0.06463550900025439
WTM-NN,413,nn,80.96,0.17634519500006718,0.06416786900081206
WTM-NN,414,nn,81.07,0.19301666600040335,0.06635026499952801
WTM-NN,415,nn,81.01,0.19567192900012742,0.065493413000695
WTM-NN,416,nn,81.06,0.190896958999474,0.0668274929994368
WTM-NN,417,nn,80.97,0.182820771000479,0.0661532600006467
WTM-NN,418,nn,80.80000000000001,0.250017489000129,0.06599990799986699
WTM-NN,419,nn,80.95,0.1907024639995143,0.0662086909997015
WTM-NN,420,nn,80.95,0.18877599499955977,0.06545473700043658
WTM-NN,421,nn,80.72,0.1804989279999063,0.06671694599936018
WTM-NN,422,nn,81.11,0.25313171799916745,0.06333779099986714
WTM-NN,423,nn,80.89,0.18106103900026937,0.06669833200066932
WTM-NN,424,nn,80.88,0.18952641299983952,0.0646570540002358
WTM-NN,425,nn,80.94,0.18818954800008214,0.06600665000041772
WTM-NN,426,nn,80.97,0.18818028000077902,0.06514573999993445
WTM-NN,427,nn,80.9,0.19414173099994514,0.0653633659994739
WTM-NN,428,nn,80.93,0.19407077500000014,0.06389698400016641
WTM-NN,429,nn,80.96,0.24825352700008807,0.06421261899959063
WTM-NN,430,nn,80.92,0.1908042730001398,0.06630082700030471
WTM-NN,431,nn,81.06,0.19461575200057268,0.06515313100044295
WTM-NN,432,nn,80.92,0.1905099829991741,0.06642390799970599
WTM-NN,433,nn,80.92,0.23628054700020584,0.06636240300031204
WTM-NN,434,nn,81.17999999999999,0.1936768879995725,0.06468197899994266
WTM-NN,435,nn,81.12,0.1928613909994965,0.06537291600034223
WTM-NN,436,nn,80.89,0.18254816899934667,0.06612156499977573
WTM-NN,437,nn,81.02000000000001,0.18645514699983323,0.06624218200067844
WTM-NN,438,nn,80.89,0.17520840300039708,0.06652985100026854
WTM-NN,439,nn,80.91000000000001,0.1923504709993722,0.06639915899995685
WTM-NN,440,nn,81.11,0.19034888799978944,0.064492552000047
WTM-NN,441,nn,80.96,0.24636018799992598,0.0666335590003655
WTM-NN,442,nn,80.97,0.19311589800054207,0.06513938999978564
WTM-NN,443,nn,81.03,0.1769611879999502,0.06567853600063245
WTM-NN,444,nn,81.07,0.19431974300005095,0.06450105000021722
WTM-NN,445,nn,81.12,0.24681065300046612,0.06554726300055336
WTM-NN,446,nn,80.89,0.17887816700022086,0.06523796500005119
WTM-NN,447,nn,80.78999999999999,0.18316769799912436,0.066168034999464
WTM-NN,448,nn,80.87,0.19348193199948582,0.06561424200026522
WTM-NN,449,nn,81.03,0.19229346599968267,0.06584489699980622
WTM-NN,450,nn,80.99,0.18249218199980533,0.06627950999973109
WTM-NN,451,nn,80.92,0.17376674500064837,0.06578770699979941
WTM-NN,452,nn,80.99,0.18829138100045384,0.06543681299990567
WTM-NN,453,nn,80.9,0.24728909599980398,0.06479831300021033
WTM-NN,454,nn,81.03,0.17637691399977484,0.0647345529996528
WTM-NN,455,nn,81.06,0.1837872599999173,0.06448333099979209
WTM-NN,456,nn,80.85,0.18839480499991623,0.06547508499988908
WTM-NN,457,nn,80.89,0.25046835800003464,0.06520974500017473
WTM-NN,458,nn,80.74,0.19485985500068637,0.06470672499926877
WTM-NN,459,nn,80.96,0.1884704470003271,0.06589557200004492
WTM-NN,460,nn,81.04,0.19318842600023345,0.06321112199930212
WTM-NN,461,nn,81.0,0.19184532500003115,0.06595244200070738
WTM-NN,462,nn,80.97999999999999,0.1774928140002885,0.07173945199974696
WTM-NN,463,nn,81.0,0.17304325100030837,0.07191200899978867
WTM-NN,464,nn,80.88,0.2566426479997972,0.06582564400014235
WTM-NN,465,nn,80.83,0.17725898400021833,0.07130717499967432
WTM-NN,466,nn,80.83,0.18818632599959528,0.06933843000024353
WTM-NN,467,nn,80.97999999999999,0.19523012799982098,0.06558174099973257
WTM-NN,468,nn,80.93,0.2541463670004305,0.0663273879999906
WTM-NN,469,nn,80.95,0.18942034000065178,0.07196562999979506
WTM-NN,470,nn,81.0,0.19392668000000413,0.06982695599981525
WTM-NN,471,nn,81.02000000000001,0.19442965399957757,0.07173722499919677
WTM-NN,472,nn,80.97999999999999,0.19297095100046135,0.07033129600040411
WTM-NN,473,nn,80.97,0.18293033500049205,0.06538940399968851
WTM-NN,474,nn,80.95,0.19288970599973254,0.06514301199968031
WTM-NN,475,nn,80.94,0.1866999029998624,0.07178762100011227
WTM-NN,476,nn,80.94,0.2565113640002892,0.07158182199964358
WTM-NN,477,nn,80.91000000000001,0.19314305800071452,0.07004969199988409
WTM-NN,478,nn,80.86,0.19497771199985436,0.06554446199970698
WTM-NN,479,nn,81.0,0.18515023999952973,0.06965570500051399
WTM-NN,480,nn,81.05,0.2528778849991795,0.06594292400041013
WTM-NN,481,nn,80.95,0.18688516399924993,0.06467968800006929
WTM-NN,482,nn,81.02000000000001,0.18761466600062704,0.06478804899961688
WTM-NN,483,nn,81.03,0.18802039899946976,0.06382308799948078
WTM-NN,484,nn,80.87,0.1827034679999997,0.06454236099943955
WTM-NN,485,nn,81.01,0.18231573299999582,0.0652525940004125
WTM-NN,486,nn,80.86,0.17763423200085526,0.06539785000040865
WTM-NN,487,nn,80.95,0.19115783699999156,0.06500303800021356
WTM-NN,488,nn,80.95,0.2519187440002497,0.06569030799983011
WTM-NN,489,nn,80.9,0.18589934700048616,0.06520877300044958
WTM-NN,490,nn,81.0,0.1796614729992143,0.06655407500056754
WTM-NN,491,nn,80.77,0.1800832230001106,0.0659070680003424
WTM-NN,492,nn,80.97,0.24241071500000544,0.06586787000014738
WTM-NN,493,nn,81.01,0.17963526699986687,0.06474816899935831
WTM-NN,494,nn,81.07,0.18413080499976786,0.06563779099997191
WTM-NN,495,nn,80.97,0.19308866800020041,0.06515473099989322
WTM-NN,496,nn,81.10000000000001,0.17612824699972407,0.0658761909999157
WTM-NN,497,nn,80.88,0.19064325299950724,0.06581266700050037
WTM-NN,498,nn,81.04,0.19001897700036352,0.06589212299968494
WTM-NN,499,nn,80.97,0.18966738600011013,0.06645768599992152
WTM-NN,500,nn,81.01,0.25330175699946267,0.06616178300009778
UTM-NN,1,tm,63.449999999999996,0.5787964660003126,0.06626692299960268
UTM-NN,2,tm,65.53999999999999,0.5364499289999003,0.06748435000008612
UTM-NN,3,tm,65.89,0.5177275630003351,0.0721628729997974
UTM-NN,4,tm,66.14,0.5071235350005736,0.06772918200022104
UTM-NN,5,tm,65.57,0.5177669929998956,0.06811373600066872
UTM-NN,6,tm,66.0,0.5080535039996903,0.0691055499992217
UTM-NN,7,tm,67.03,0.5093860289998702,0.07428879400049482
UTM-NN,8,tm,67.09,0.5111013700006879,0.06715707100011059
UTM-NN,9,tm,67.04,0.5081365810001444,0.06868745900010254
UTM-NN,10,tm,66.84,0.5045384599998215,0.06797155300046143
UTM-NN,11,tm,66.83,0.5091209800002616,0.06815136499972141
UTM-NN,12,tm,67.67999999999999,0.5056341070003327,0.06898093299969332
UTM-NN,13,tm,67.51,0.5058815550000872,0.06766886399964278
UTM-NN,14,tm,67.42,0.5112835130003077,0.06767624100029934
UTM-NN,15,tm,67.86999999999999,0.4991747349995421,0.06770162700013316
UTM-NN,16,tm,67.69,0.5017137439999715,0.0681353179998041
UTM-NN,17,tm,67.38,0.5048502110003028,0.06891313599953719
UTM-NN,18,tm,66.97,0.4998520239996651,0.06859101999998529
UTM-NN,19,tm,67.38,0.4927263629997469,0.06958814099925803
UTM-NN,20,tm,67.25999999999999,0.500127603000692,0.06790050100062217
UTM-NN,21,tm,67.45,0.498905972999637,0.06721038799969392
UTM-NN,22,tm,67.36999999999999,0.49522443800015026,0.06664730200009217
UTM-NN,23,tm,67.49000000000001,0.4963158439995823,0.06727906100059045
UTM-NN,24,tm,67.77,0.4999603410005875,0.0693936150000809
UTM-NN,25,tm,67.67,0.5055304139996224,0.06610118099979445
UTM-NN,26,tm,67.74,0.49900450099994487,0.06678063800063683
UTM-NN,27,tm,67.4,0.49208654400081286,0.06912254200051393
UTM-NN,28,tm,67.04,0.507642642999599,0.06865081900014047
UTM-NN,29,tm,67.84,0.4985828990002119,0.07015004200002295
UTM-NN,30,tm,68.27,0.4988221759995213,0.06805757699930837
UTM-NN,31,tm,67.62,0.5019500910002535,0.06874087100004544
UTM-NN,32,tm,67.93,0.4948967820000689,0.06980815600036294
UTM-NN,33,tm,67.58999999999999,0.5039809190002416,0.06900470799973846
UTM-NN,34,tm,68.14,0.4956756019992099,0.06818760399983148
UTM-NN,35,tm,67.92,0.49050386199996865,0.06810353099990607
UTM-NN,36,tm,68.01,0.5014240430000427,0.06828575000054116
UTM-NN,37,tm,67.75999999999999,0.5034771059999912,0.06884930999967764
UTM-NN,38,tm,67.63,0.5020844489999945,0.06892433800021536
UTM-NN,39,tm,67.80000000000001,0.4924697400001605,0.06847686099990824
UTM-NN,40,tm,67.78999999999999,0.49410546099989006,0.06830186499973934
UTM-NN,41,tm,67.80000000000001,0.5043013059994337,0.06843051100076991
UTM-NN,42,tm,67.84,0.5023112019998734,0.06797134899989032
UTM-NN,43,tm,68.08999999999999,0.5047195849992931,0.06797711299986986
UTM-NN,44,tm,67.91,0.49558722600067995,0.06750184300017281
UTM-NN,45,tm,67.84,0.49739543399937247,0.06827144599992607
UTM-NN,46,tm,67.52,0.5035273080002298,0.0687018030002946
UTM-NN,47,tm,67.96,0.5023105299997042,0.06871947899981024
UTM-NN,48,tm,67.65,0.5011147100003654,0.0684734300002674
UTM-NN,49,tm,67.2,0.49496977899980266,0.0653174039998703
UTM-NN,50,tm,67.85,0.496016929999314,0.06745811900054832
UTM-NN,51,tm,67.73,0.49446737100061,0.06973865599957207
UTM-NN,52,tm,67.89,0.49416918200040527,0.06854725599987432
UTM-NN,53,tm,67.77,0.5032535820000703,0.06910887100002583
UTM-NN,54,tm,67.99,0.49619329500001186,0.06924414200057072
UTM-NN,55,tm,67.82000000000001,0.49372861699976056,0.06706016999942221
UTM-NN,56,tm,67.75999999999999,0.5003383349994692,0.06897171399941726
UTM-NN,57,tm,67.97999999999999,0.5033000960002028,0.06894438200015429
UTM-NN,58,tm,68.16,0.49670445999981894,0.07078507299956982
UTM-NN,59,tm,68.11,0.5026816270001291,0.06915737199960859
UTM-NN,60,tm,67.75,0.4934454309995999,0.0703889579999668
UTM-NN,61,tm,67.91,0.503942993000237,0.06875253099951806
UTM-NN,62,tm,68.17999999999999,0.500590998000007,0.06852434299980814
UTM-NN,63,tm,67.93,0.5040586109998912,0.06719878700005211
UTM-NN,64,tm,67.95,0.491899396000008,0.06960410900046554
UTM-NN,65,tm,68.23,0.5013705729998037,0.06900969700018322
UTM-NN,66,tm,68.34,0.5010650310005076,0.06850323199978448
UTM-NN,67,tm,68.23,0.49621282600037375,0.06908268499955739
UTM-NN,68,tm,68.11,0.49770439799976884,0.06884975899993151
UTM-NN,69,tm,68.19,0.5024867330002962,0.06772876400009409
UTM-NN,70,tm,67.97999999999999,0.49143846899914934,0.0691747499995472
UTM-NN,71,tm,68.21000000000001,0.5030573280000681,0.06864386199958972
UTM-NN,72,tm,67.7,0.5012403749997247,0.06816480299949035
UTM-NN,73,tm,68.43,0.5099151180002082,0.06914340399998764
UTM-NN,74,tm,67.97,0.5009214400006385,0.068090098000539
UTM-NN,75,tm,68.10000000000001,0.49186340999949607,0.06856780599991907
UTM-NN,76,tm,68.43,0.5022865469991302,0.06812321999950655
UTM-NN,77,tm,68.26,0.5010391089999757,0.06745098700048402
UTM-NN,78,tm,68.21000000000001,0.49386462599977676,0.06944585600012942
UTM-NN,79,tm,68.42,0.5027428430003056,0.06869135000033566
UTM-NN,80,tm,68.21000000000001,0.5026859290001084,0.06827769500068825
UTM-NN,81,tm,68.34,0.5005193440001676,0.06745965800018894
UTM-NN,82,tm,68.07,0.49288263200014626,0.06818398799987335
UTM-NN,83,tm,68.2,0.49695707299997594,0.06867715600037627
UTM-NN,84,tm,68.17,0.5005712960000892,0.06809080399943923
UTM-NN,85,tm,68.17,0.5029234329995234,0.06908847000067908
UTM-NN,86,tm,68.15,0.4973547210001925,0.06842917799986026
UTM-NN,87,tm,68.44,0.4918392360004873,0.0682725249998839
UTM-NN,88,tm,67.89,0.49970441100049356,0.068931535000047
UTM-NN,89,tm,68.47999999999999,0.5055645350003033,0.06794923599954927
UTM-NN,90,tm,68.67,0.5004199690001769,0.0682634210006654
UTM-NN,91,tm,68.61,0.5010582170007183,0.06654373299988947
UTM-NN,92,tm,68.55,0.5041353959995831,0.06815884399929928
UTM-NN,93,tm,68.46,0.4924177749999217,0.07308644400018238
UTM-NN,94,tm,68.51,0.5051343289997021,0.06999960200027999
UTM-NN,95,tm,68.28999999999999,0.4976388360000783,0.06881096200049797
UTM-NN,96,tm,68.27,0.5010546519997661,0.06968621699979849
UTM-NN,97,tm,68.17,0.5044990799997322,0.0688253979997171
UTM-NN,98,tm,68.60000000000001,0.48937803199987684,0.06827826599965192
UTM-NN,99,tm,68.27,0.4987551550002536,0.07148928299920954
UTM-NN,100,tm,68.71000000000001,0.49347318099989934,0.06899318499927176
UTM-NN,101,tm,68.25,0.5029528509994634,0.06903676100046141
UTM-NN,102,tm,68.56,0.5142269339994527,0.06884433499999432
UTM-NN,103,tm,68.47,0.49448355700042157,0.06865482100056397
UTM-NN,104,tm,68.25,0.49461732100007794,0.06816971599982935
UTM-NN,105,tm,68.34,0.5012274850005269,0.06833226100025058
UTM-NN,106,tm,68.47999999999999,0.4971323919999122,0.06891162000010809
UTM-NN,107,tm,68.51,0.4947493600002417,0.06659108900021238
UTM-NN,108,tm,68.47,0.5037931899996693,0.0678412240004036
UTM-NN,109,tm,68.61,0.4976079509997362,0.06836745999953564
UTM-NN,110,tm,68.56,0.4977057320002132,0.06746599199959746
UTM-NN,111,tm,68.31,0.49438769500011404,0.06868555100027152
UTM-NN,112,tm,68.35,0.5006401460004781,0.06887034400006087
UTM-NN,113,tm,68.34,0.4981760979999308,0.06691369800046232
UTM-NN,114,tm,68.19,0.4929793500004962,0.06681763300002785
UTM-NN,115,tm,67.99,0.5005703630004064,0.06919392300005711
UTM-NN,116,tm,68.23,0.49413571799959755,0.06895606200032489
UTM-NN,117,tm,68.42,0.49970101899998554,0.06778797900005884
UTM-NN,118,tm,68.24,0.48959293699954287,0.06765433799955645
UTM-NN,119,tm,68.45,0.4921083559993349,0.0672500789996775
UTM-NN,120,tm,68.32000000000001,0.5033092749999923,0.06863228000020172
UTM-NN,121,tm,68.17999999999999,0.4975959220000732,0.07070816699979332
UTM-NN,122,tm,68.08999999999999,0.5097491320002518,0.07549733699943317
UTM-NN,123,tm,68.27,0.494550227000218,0.06933328200011601
UTM-NN,124,tm,68.38,0.5060559880002984,0.06821709499945428
UTM-NN,125,tm,68.69,0.5080451339999854,0.06843104800009314
UTM-NN,126,tm,68.8,0.5040752220002105,0.06909550499949546
UTM-NN,127,tm,68.88,0.5032793660002426,0.06827883299956738
UTM-NN,128,tm,68.17,0.5058527350001896,0.06851402099982806
UTM-NN,129,tm,68.36,0.4946081829994,0.07020981799996662
UTM-NN,130,tm,68.52000000000001,0.5019684489998326,0.06809420900026453
UTM-NN,131,tm,68.08,0.5020766259995071,0.06756750899967301
UTM-NN,132,tm,68.02,0.4932379680003578,0.06979037200017046
UTM-NN,133,tm,67.41,0.503504191000502,0.07022302699988359
UTM-NN,134,tm,67.21000000000001,0.5083760899997287,0.06834215900016716
UTM-NN,135,tm,67.77,0.5040034749999904,0.06826381499922718
UTM-NN,136,tm,68.36,0.49769679499968333,0.0685600759998124
UTM-NN,137,tm,68.23,0.4980751319999399,0.06974927899955219
UTM-NN,138,tm,68.42,0.506484644000011,0.06841586599966831
UTM-NN,139,tm,68.87,0.5014645789997303,0.06823809400066239
UTM-NN,140,tm,68.73,0.4975028140006543,0.06720503700034897
UTM-NN,141,tm,68.89999999999999,0.5061308930007726,0.06758482700024615
UTM-NN,142,tm,69.08,0.5051362650001465,0.06903972700001759
UTM-NN,143,tm,68.23,0.49369282799943903,0.06811583899980178
UTM-NN,144,tm,68.06,0.5087849479996294,0.06971201899978041
UTM-NN,145,tm,68.14,0.5069411519998539,0.06954223000047932
UTM-NN,146,tm,68.47999999999999,0.5147986820002188,0.06908587399993849
UTM-NN,147,tm,68.64,0.5084299350000947,0.06909242900019308
UTM-NN,148,tm,68.27,0.49699416600014956,0.06901579999976093
UTM-NN,149,tm,68.22,0.490587952000169,0.06852692399934313
UTM-NN,150,tm,68.58999999999999,0.4988664649999919,0.06953539599999203
UTM-NN,151,nn,70.44,0.18423934899965388,0.06747608800014859
UTM-NN,152,nn,71.02000000000001,0.17524451600002067,0.06769995800004835
UTM-NN,153,nn,71.16,0.1938287789998867,0.06804248400021606
UTM-NN,154,nn,71.16,0.18060771000000386,0.06912824100072612
UTM-NN,155,nn,71.46000000000001,0.17966823100050533,0.0670380949995888
UTM-NN,156,nn,71.39,0.17486521799946786,0.06619146899993211
UTM-NN,157,nn,71.47,0.23986515200067515,0.06729308600006334
UTM-NN,158,nn,71.36,0.17420353200031968,0.06785973899968667
UTM-NN,159,nn,71.43,0.17959823000001052,0.06810149600005388
UTM-NN,160,nn,71.44,0.18590058500012674,0.06596177100072964
UTM-NN,161,nn,71.56,0.24223511699983646,0.06620234700039873
UTM-NN,162,nn,71.57,0.18546279500060336,0.06702650399984122
UTM-NN,163,nn,71.57,0.1776113770001757,0.06561133200011682
UTM-NN,164,nn,71.85000000000001,0.19017377499949362,0.06841470300059882
UTM-NN,165,nn,71.87,0.19291375699958735,0.06585462500061112
UTM-NN,166,nn,71.78,0.19183730899931106,0.06845203900047636
UTM-NN,167,nn,71.88,0.19230836699989595,0.06436811799994757
UTM-NN,168,nn,71.82,0.24997474100018735,0.06639689299936435
UTM-NN,169,nn,71.81,0.19379954700070812,0.06907440200029669
UTM-NN,170,nn,71.85000000000001,0.19236625299981824,0.06735824499992304
UTM-NN,171,nn,71.66,0.19206203400062805,0.06806778399914037
UTM-NN,172,nn,71.86,0.25192109899944626,0.06624062500031869
UTM-NN,173,nn,71.74000000000001,0.1905013699997653,0.06896255599986034
UTM-NN,174,nn,71.88,0.17802432499956922,0.06852906600033748
UTM-NN,175,nn,71.88,0.1924437530005889,0.06767883900010929
UTM-NN,176,nn,71.96000000000001,0.1841234390003592,0.06853563999993639
UTM-NN,177,nn,71.81,0.17950444300004165,0.0682249880001109
UTM-NN,178,nn,71.78999999999999,0.17797081299977435,0.06601316199976281
UTM-NN,179,nn,71.87,0.17787565699927654,0.0665380609998465
UTM-NN,180,nn,71.82,0.2450213479996819,0.06900794900047913
UTM-NN,181,nn,71.85000000000001,0.19347679800011974,0.0693553110004359
UTM-NN,182,nn,71.88,0.17925935199946252,0.06726084299953072
UTM-NN,183,nn,71.85000000000001,0.17814385299971036,0.06904303699957381
UTM-NN,184,nn,71.82,0.23768821700014087,0.06641690600008587
UTM-NN,185,nn,71.85000000000001,0.17912159699972108,0.06701641600011499
UTM-NN,186,nn,71.96000000000001,0.17788306300008117,0.06567895599982876
UTM-NN,187,nn,71.8,0.18135816900030477,0.06853059900004155
UTM-NN,188,nn,71.93,0.17818945300041378,0.06791459699979896
UTM-NN,189,nn,71.71,0.17859796799984906,0.06822369400015305
UTM-NN,190,nn,71.81,0.17989897499955987,0.06617759700020542
UTM-NN,191,nn,71.83,0.17880105399945023,0.0670808009999746
UTM-NN,192,nn,71.94,0.23884632199951739,0.06750903300053324
UTM-NN,193,nn,71.92,0.18193483499999274,0.06889625799976784
UTM-NN,194,nn,71.91,0.18035640800007968,0.06590584199966543
UTM-NN,195,nn,72.02,0.17895847499949014,0.06905789600023127
UTM-NN,196,nn,71.83,0.23785643600058393,0.0676395529999354
UTM-NN,197,nn,71.8,0.18246267900030944,0.06748682400029793
UTM-NN,198,nn,71.83,0.17940475500017783,0.06784574399989651
UTM-NN,199,nn,71.92,0.18025909300013154,0.06660686699979124
UTM-NN,200,nn,71.87,0.1823047329999099,0.06717607099926681
UTM-NN,201,nn,71.73,0.17937496500053385,0.06823851299941452
UTM-NN,202,nn,71.89999999999999,0.1797680270001365,0.06860369500009256
UTM-NN,203,nn,71.76,0.237364348000483,0.06918045299971709
UTM-NN,204,nn,71.85000000000001,0.18107579100069415,0.06872077899970463
UTM-NN,205,nn,71.73,0.18235287799961952,0.066061759999684
UTM-NN,206,nn,71.82,0.18523602400000527,0.06753994100017735
UTM-NN,207,nn,71.99,0.2430246489993806,0.06772909999926924
UTM-NN,208,nn,72.03,0.17920879299981607,0.067295730999831
UTM-NN,209,nn,71.72,0.1785135469999659,0.06910570499985624
UTM-NN,210,nn,71.82,0.18178256200008036,0.0687232740001491
UTM-NN,211,nn,71.96000000000001,0.1781164229996648,0.06719278299988218
UTM-NN,212,nn,71.84,0.18151327899977332,0.0664715979992252
UTM-NN,213,nn,71.83,0.1778521300002467,0.0672530950005239
UTM-NN,214,nn,71.87,0.18116195800030255,0.06811165100043581
UTM-NN,215,nn,71.96000000000001,0.2395073109992154,0.06853148600021086
UTM-NN,216,nn,71.96000000000001,0.18119364500034862,0.06637639299970033
UTM-NN,217,nn,71.86,0.17749142600041523,0.06850493199999619
UTM-NN,218,nn,71.91,0.18567805900056555,0.06669958099973883
UTM-NN,219,nn,71.95,0.2511554779994185,0.06778019099965604
UTM-NN,220,nn,71.89,0.18423396700018202,0.06720607399984146
UTM-NN,221,nn,71.78,0.182615652000095,0.06945687000006728
UTM-NN,222,nn,71.89,0.17968564100010553,0.06633636299920909
UTM-NN,223,nn,71.76,0.177784538999731,0.068092639000497
UTM-NN,224,nn,71.93,0.1789898919996631,0.06660549600019294
UTM-NN,225,nn,71.81,0.1789516429998912,0.0681412879994241
UTM-NN,226,nn,71.77,0.1798088010000356,0.06814608999957272
UTM-NN,227,nn,71.98,0.2400020079994647,0.06780375900052604
UTM-NN,228,nn,71.88,0.17887390600026265,0.06627172800017433
UTM-NN,229,nn,71.87,0.18023993899987545,0.06760433500039653
UTM-NN,230,nn,71.78,0.18099084999994375,0.06813553199935996
UTM-NN,231,nn,71.89999999999999,0.23739830900012748,0.06898859499960963
UTM-NN,232,nn,71.92,0.17974419399979524,0.06658945399976801
UTM-NN,233,nn,71.71,0.17823868900086381,0.06730669500029762
UTM-NN,234,nn,71.84,0.1788077510000221,0.06761669900060951
UTM-NN,235,nn,71.85000000000001,0.1794008839997332,0.06849989400052436
UTM-NN,236,nn,71.67999999999999,0.17898102999970433,0.06750136400023621
UTM-NN,237,nn,71.97,0.18194959399988875,0.06852150700069615
UTM-NN,238,nn,71.7,0.23715716100014106,0.06745970999963902
UTM-NN,239,nn,71.82,0.18116872500013415,0.06803743500040582
UTM-NN,240,nn,71.94,0.18807405600000493,0.06801792700025544
UTM-NN,241,nn,71.77,0.1789384390003761,0.06871660599972529
UTM-NN,242,nn,71.74000000000001,0.23754625200035662,0.06635407900012069
UTM-NN,243,nn,71.76,0.18031288099973608,0.06701313899975503
UTM-NN,244,nn,71.84,0.17879063800046424,0.0664217240000653
UTM-NN,245,nn,71.82,0.1807684049999807,0.06640540499938652
UTM-NN,246,nn,71.82,0.1784760649998134,0.06682227600049373
UTM-NN,247,nn,71.94,0.18213849400035542,0.06898105700020096
UTM-NN,248,nn,71.97,0.17807211499984987,0.06693737400019018
UTM-NN,249,nn,71.89999999999999,0.1778642179997405,0.067164301000048
UTM-NN,250,nn,72.09,0.24051943099948403,0.067838859999938
UTM-NN,251,nn,71.95,0.19402818599974125,0.06728986799953418
UTM-NN,252,nn,71.85000000000001,0.18499470000006113,0.06919163800012029
UTM-NN,253,nn,72.02,0.18966981500034308,0.06664270700002817
UTM-NN,254,nn,71.88,0.25149488899933203,0.0684165379998376
UTM-NN,255,nn,71.87,0.19274481399952492,0.06792393700015964
UTM-NN,256,nn,71.92,0.19291456700011622,0.07384811799965973
UTM-NN,257,nn,71.86,0.1809576460000244,0.06911155800025881
UTM-NN,258,nn,71.94,0.1937899419999667,0.0690525260006325
UTM-NN,259,nn,71.93,0.17500122000001284,0.06701313299981848
UTM-NN,260,nn,71.93,0.18163042000014684,0.06744962800075882
UTM-NN,261,nn,71.89999999999999,0.19398855500003265,0.06588756000019202
UTM-NN,262,nn,71.88,0.24050347199954558,0.06833819599978597
UTM-NN,263,nn,71.75,0.18946195499938767,0.06722864800030948
UTM-NN,264,nn,71.95,0.17948544899991248,0.06802697900002386
UTM-NN,265,nn,71.83,0.18042390100072225,0.06476536999980453
UTM-NN,266,nn,71.94,0.2471516880004856,0.06511587600016355
UTM-NN,267,nn,71.87,0.17517915999997058,0.0676723900005527
UTM-NN,268,nn,71.83,0.18068031499933568,0.0666507529995215
UTM-NN,269,nn,72.07000000000001,0.1892281369991906,0.06585185600033583
UTM-NN,270,nn,71.85000000000001,0.18881261000024097,0.06986480799969286
UTM-NN,271,nn,71.77,0.18540787100027956,0.0677694159994644
UTM-NN,272,nn,71.86,0.17754706499999884,0.06618133099982515
UTM-NN,273,nn,71.89,0.1899422059996141,0.06643109500055289
UTM-NN,274,nn,72.02,0.2507031699997242,0.06918096500066895
UTM-NN,275,nn,71.93,0.19429085699994175,0.06782631900023262
UTM-NN,276,nn,71.86,0.1896105460000399,0.066532809999444
UTM-NN,277,nn,71.89999999999999,0.19393535500057624,0.0656495069997618
UTM-NN,278,nn,71.96000000000001,0.25242250799965404,0.06669115600016084
UTM-NN,279,nn,71.89999999999999,0.18551521700010198,0.06785525499981304
UTM-NN,280,nn,71.89999999999999,0.19228525500057003,0.06711070100027428
UTM-NN,281,nn,71.78999999999999,0.17765710699950432,0.06693498700042255
UTM-NN,282,nn,71.78,0.19276108299982297,0.06704612100020313
UTM-NN,283,nn,71.81,0.18513985600020533,0.06717758800004958
UTM-NN,284,nn,71.91,0.1779888689998188,0.0664743859997543
UTM-NN,285,nn,72.06,0.23667028399995615,0.06887583099978656
UTM-NN,286,nn,71.88,0.18151489200045035,0.06698088899975119
UTM-NN,287,nn,71.8,0.17924262699943938,0.06762334599989117
UTM-NN,288,nn,71.77,0.17958759599969198,0.06786538599953928
UTM-NN,289,nn,71.86,0.2371642089992747,0.06792192699958832
UTM-NN,290,nn,71.98,0.1782331869999325,0.06643818599968654
UTM-NN,291,nn,71.78,0.1784656849995372,0.06649725300030696
UTM-NN,292,nn,71.92,0.1784506970006987,0.06458616799955053
UTM-NN,293,nn,71.8,0.19705765900016559,0.06515553600002022
UTM-NN,294,nn,71.64,0.18358823800008395,0.06512800499967852
UTM-NN,295,nn,71.96000000000001,0.1918136209997101,0.0667479439998715
UTM-NN,296,nn,71.88,0.18287853700076084,0.06604189200061228
UTM-NN,297,nn,71.73,0.2463386059998811,0.0684282689999236
UTM-NN,298,nn,71.67999999999999,0.19332873500025016,0.06450473999939277
UTM-NN,299,nn,71.78,0.18086893700001383,0.06636290999995254
UTM-NN,300,nn,71.73,0.19182623300002888,0.06515842900080315
UTM-NN,301,nn,71.83,0.23911308199967607,0.06792379400030768
UTM-NN,302,nn,71.77,0.17862585199964087,0.06647870599954331
UTM-NN,303,nn,71.81,0.19309688699922845,0.06478571800016653
UTM-NN,304,nn,71.92,0.19443403300010687,0.06635640100012097
UTM-NN,305,nn,71.95,0.18822998900031962,0.0670275379998202
UTM-NN,306,nn,71.93,0.18296961200030637,0.06619783799942525
UTM-NN,307,nn,71.81,0.19327322200024355,0.06701316799990309
UTM-NN,308,nn,71.95,0.18985497299945564,0.06646816699958435
UTM-NN,309,nn,71.86,0.24723142800030473,0.06555224300063855
UTM-NN,310,nn,71.95,0.1920629000005647,0.06803145100002439
UTM-NN,311,nn,71.87,0.1909315000002607,0.06727996000063285
UTM-NN,312,nn,71.85000000000001,0.19148890700034826,0.06615446600062569
UTM-NN,313,nn,71.92,0.23642484300034994,0.06823212499966758
UTM-NN,314,nn,71.95,0.19420604100014316,0.06618425600026967
UTM-NN,315,nn,71.6,0.19122031700044317,0.06645157899947662
UTM-NN,316,nn,71.87,0.175557731000481,0.06615720099944156
UTM-NN,317,nn,71.73,0.19274622200009617,0.06560398399960832
UTM-NN,318,nn,71.82,0.19064354000056483,0.06653553500018461
UTM-NN,319,nn,71.76,0.18363263299943355,0.06796251600007963
UTM-NN,320,nn,71.96000000000001,0.2499593869997625,0.0661517439993986
UTM-NN,321,nn,71.95,0.19254412000009324,0.06648893800047517
UTM-NN,322,nn,71.87,0.19001240400029928,0.06528414199965482
UTM-NN,323,nn,71.97,0.1897848669996165,0.06620905399995536
UTM-NN,324,nn,71.86,0.25075062699943373,0.06627820600078849
UTM-NN,325,nn,71.89,0.19205231100022502,0.06782861000010598
UTM-NN,326,nn,71.93,0.19269294900004752,0.06647516299926792
UTM-NN,327,nn,71.95,0.19013812499997584,0.06795903599959274
UTM-NN,328,nn,71.7,0.1929250540006251,0.06697360500038485
UTM-NN,329,nn,71.77,0.17563324499951705,0.06586562800021056
UTM-NN,330,nn,71.84,0.19171437399927527,0.06559763899986137
UTM-NN,331,nn,71.93,0.19347284299965395,0.06783055600044463
UTM-NN,332,nn,71.87,0.2548754050003481,0.06633191400032956
UTM-NN,333,nn,71.98,0.1882622339999216,0.0664010070004224
UTM-NN,334,nn,71.89,0.187674159999915,0.06925149200014857
UTM-NN,335,nn,71.8,0.18197203599993372,0.06747837600050843
UTM-NN,336,nn,71.86,0.24874229799934255,0.06765748900033941
UTM-NN,337,nn,71.92,0.1929367579996324,0.06891769999947428
UTM-NN,338,nn,72.05,0.1920477049998226,0.06813532499927533
UTM-NN,339,nn,71.86,0.193222333000449,0.06713688700074272
UTM-NN,340,nn,71.85000000000001,0.18495850900035293,0.06640233300004184
UTM-NN,341,nn,71.77,0.18473161699967022,0.06653102400014177
UTM-NN,342,nn,71.92,0.18954098599988356,0.06734528899960424
UTM-NN,343,nn,72.0,0.1922064689997569,0.06835982899974624
UTM-NN,344,nn,71.78999999999999,0.25131743300062226,0.06841955700019753
UTM-NN,345,nn,71.94,0.1807873349998772,0.06488617899958626
UTM-NN,346,nn,71.94,0.18339019700033532,0.06841547700059891
UTM-NN,347,nn,71.85000000000001,0.19212801699995907,0.06642009499955748
UTM-NN,348,nn,71.8,0.24583980400075234,0.06583421899995301
UTM-NN,349,nn,71.89,0.19392077100019378,0.06643872199947509
UTM-NN,350,nn,71.83,0.19165421599973342,0.06771776799996587
UTM-NN,351,nn,71.67999999999999,0.19315078099953098,0.06534377800016955
UTM-NN,352,nn,72.0,0.18608555200080446,0.065606230999947
UTM-NN,353,nn,71.75,0.18303645000014512,0.06854252099947189
UTM-NN,354,nn,71.89,0.1826054129996919,0.06536868100010906
UTM-NN,355,nn,71.83,0.24700002099962148,0.06709036300071602
UTM-NN,356,nn,71.84,0.19365348399969662,0.06780347899984918
UTM-NN,357,nn,71.82,0.19188361299984535,0.066101462000006
UTM-NN,358,nn,71.92,0.18653125399941928,0.06686487999922974
UTM-NN,359,nn,71.76,0.2491877549991841,0.06659827600014978
UTM-NN,360,nn,71.73,0.19300780599951395,0.0674806710003395
UTM-NN,361,nn,71.83,0.1968674790005025,0.07373659599943494
UTM-NN,362,nn,71.8,0.19479041200065694,0.07365117199969973
UTM-NN,363,nn,71.72,0.19410507700013113,0.06766943200000242
UTM-NN,364,nn,71.94,0.19322615900000528,0.06440924000071391
UTM-NN,365,nn,71.82,0.18394471000010526,0.06707099899995228
UTM-NN,366,nn,71.87,0.1779722490000495,0.06660879799983377
UTM-NN,367,nn,71.88,0.241620972000419,0.06616073200075334
UTM-NN,368,nn,71.91,0.18203227300000435,0.06799840999974549
UTM-NN,369,nn,71.86,0.18058313999972597,0.06867328099997394
UTM-NN,370,nn,72.00999999999999,0.19342274799964798,0.0671162379994712
UTM-NN,371,nn,71.89999999999999,0.24833607299933647,0.06654750300003798
UTM-NN,372,nn,71.91,0.19487142999969365,0.06533920200035936
UTM-NN,373,nn,71.87,0.19252417400002741,0.06740409200028807
UTM-NN,374,nn,71.93,0.1889105139998719,0.07291007900039403
UTM-NN,375,nn,71.85000000000001,0.19434800900035043,0.06755609599986201
UTM-NN,376,nn,71.86,0.19089386199993896,0.067130761000044
UTM-NN,377,nn,71.8,0.19227586800025165,0.06640376500035927
UTM-NN,378,nn,71.98,0.19321942599981412,0.06799752300048567
UTM-NN,379,nn,71.86,0.25211599599970214,0.06803086899981281
UTM-NN,380,nn,71.84,0.1924128450000353,0.06604212499951245
UTM-NN,381,nn,71.88,0.1949724679998326,0.06638072500027192
UTM-NN,382,nn,71.77,0.19327154199982033,0.06682179899962648
UTM-NN,383,nn,71.92,0.25094906199956313,0.06826742600060243
UTM-NN,384,nn,71.94,0.18066639700009546,0.06832639000003837
UTM-NN,385,nn,71.82,0.17482204799944157,0.06637489900003857
UTM-NN,386,nn,71.95,0.1923976580001181,0.0661698730000353
UTM-NN,387,nn,71.87,0.18946357099957822,0.0674454500003776
UTM-NN,388,nn,71.83,0.17943706200003362,0.06603797300067527
UTM-NN,389,nn,71.86,0.1778419109996321,0.06691965899972274
UTM-NN,390,nn,71.89,0.2365579280003658,0.06673129799946764
UTM-NN,391,nn,71.75,0.179161820000445,0.06750580300013098
UTM-NN,392,nn,71.91,0.1800160960001449,0.06758486699982313
UTM-NN,393,nn,71.93,0.1783503019996715,0.06775782400018215
UTM-NN,394,nn,71.92,0.24248360399997182,0.06841901099960523
UTM-NN,395,nn,71.77,0.17869694899945898,0.06681653899977391
UTM-NN,396,nn,71.65,0.1787033579994386,0.06644246799987741
UTM-NN,397,nn,71.82,0.18090641799972218,0.06756188500003191
UTM-NN,398,nn,71.97,0.17877021099957346,0.06723283300016192
UTM-NN,399,nn,71.87,0.17882217199985462,0.06782832400040206
UTM-NN,400,nn,71.87,0.17818746600005397,0.06851313399965875
UTM-NN,401,nn,71.78,0.18024220999996032,0.06809480500032805
UTM-NN,402,nn,71.78,0.23700435999944602,0.06814334799946664
UTM-NN,403,nn,71.92,0.179010102000575,0.06755185800011532
UTM-NN,404,nn,71.89,0.1834579760006818,0.06732372699934785
UTM-NN,405,nn,71.86,0.17985994499940716,0.06644704799964529
UTM-NN,406,nn,71.8,0.23785164699984307,0.06770518499979516
UTM-NN,407,nn,71.91,0.17901443299979292,0.06709749500078033
UTM-NN,408,nn,71.87,0.180598031000045,0.06784295800025575
UTM-NN,409,nn,71.83,0.19343166700036818,0.06689939999978378
UTM-NN,410,nn,71.82,0.19286439300049096,0.06842592200064246
UTM-NN,411,nn,71.92,0.1929358029992727,0.06616850699992938
UTM-NN,412,nn,71.91,0.19098972499978117,0.06707014299990988
UTM-NN,413,nn,71.93,0.19239579799977946,0.06808576799994626
UTM-NN,414,nn,71.84,0.25246643999980733,0.06866368600003625
UTM-NN,415,nn,71.87,0.19287521799924434,0.06939064000016515
UTM-NN,416,nn,71.99,0.19333314699997572,0.0673962600003506
UTM-NN,417,nn,71.88,0.19165386500026216,0.06793084200035082
UTM-NN,418,nn,71.99,0.2512310049996813,0.06859260599958361
UTM-NN,419,nn,71.89999999999999,0.19431558700034657,0.06821817200034275
UTM-NN,420,nn,71.67999999999999,0.18087266200018348,0.06648481299998821
UTM-NN,421,nn,71.8,0.19405441199978668,0.0663348620000761
UTM-NN,422,nn,71.75,0.178371031000097,0.06780226799946831
UTM-NN,423,nn,71.88,0.17885536100038735,0.06782426799964014
UTM-NN,424,nn,71.92,0.17852967199996783,0.06645830200068303
UTM-NN,425,nn,71.81,0.23772145499970065,0.06738689099984185
UTM-NN,426,nn,71.83,0.17832323200036626,0.06701286399948003
UTM-NN,427,nn,71.92,0.1808334229999673,0.0669039980002708
UTM-NN,428,nn,71.89,0.17989833499996166,0.06631575800020073
UTM-NN,429,nn,71.98,0.23812591700061603,0.06623979000050895
UTM-NN,430,nn,71.89999999999999,0.18101765299979888,0.06931014499969024
UTM-NN,431,nn,71.82,0.17854779899971618,0.06802111500019237
UTM-NN,432,nn,71.65,0.17808007599978737,0.06858360800015362
UTM-NN,433,nn,71.8,0.17854004000037094,0.06778587900043931
UTM-NN,434,nn,71.87,0.1796774100002949,0.0667177029999948
UTM-NN,435,nn,71.88,0.17931082599989168,0.06720027099981962
UTM-NN,436,nn,71.85000000000001,0.18264088999967498,0.06624219900004391
UTM-NN,437,nn,71.78999999999999,0.24017675799950666,0.06636796899965702
UTM-NN,438,nn,71.87,0.1802024109992999,0.06851585399999749
UTM-NN,439,nn,71.89,0.1790047879994745,0.06532673200035788
UTM-NN,440,nn,71.97,0.18077507499947387,0.06607042999985424
UTM-NN,441,nn,71.89999999999999,0.253854919999867,0.06693070999972406
UTM-NN,442,nn,71.69,0.192398325000795,0.06638281699997606
UTM-NN,443,nn,71.88,0.18857734099947265,0.06575080600032379
UTM-NN,444,nn,72.03,0.17805769099959434,0.06813206900005753
UTM-NN,445,nn,71.89,0.17743997000070522,0.0651020340001196
UTM-NN,446,nn,71.89,0.1780109060000541,0.0690787059993454
UTM-NN,447,nn,71.89999999999999,0.18184847599968634,0.06871260099978826
UTM-NN,448,nn,71.84,0.17803565000031085,0.06766811900070024
UTM-NN,449,nn,72.03,0.2371167699993748,0.06772748399998818
UTM-NN,450,nn,72.00999999999999,0.18352083200079505,0.06605335699987336
UTM-NN,451,nn,72.08,0.1795781269993313,0.0659351960002823
UTM-NN,452,nn,71.89,0.178398730000481,0.06787608199920214
UTM-NN,453,nn,71.83,0.2513888069997847,0.06515486199987208
UTM-NN,454,nn,71.91,0.19423122100033652,0.06603409099989221
UTM-NN,455,nn,72.00999999999999,0.19150020000051882,0.06851668499984953
UTM-NN,456,nn,71.86,0.19252951299949927,0.06926628500059451
UTM-NN,457,nn,72.05,0.1852260830000887,0.0665878870004235
UTM-NN,458,nn,71.87,0.17842534600004,0.06822691500019573
UTM-NN,459,nn,71.73,0.17764154900032736,0.06709575199965911
UTM-NN,460,nn,71.64,0.18177922100039723,0.06572089500059519
UTM-NN,461,nn,71.91,0.23841028500009998,0.06555691399989882
UTM-NN,462,nn,71.97,0.19052065500000026,0.06633007799973711
UTM-NN,463,nn,71.87,0.1891019899994717,0.06650883900056215
UTM-NN,464,nn,71.76,0.1811398330000884,0.06847338199986552
UTM-NN,465,nn,71.83,0.24088878199927422,0.06734312800017506
UTM-NN,466,nn,71.74000000000001,0.19009935299982317,0.06649592600024334
UTM-NN,467,nn,71.94,0.18390356000054453,0.06603771800018876
UTM-NN,468,nn,71.98,0.19132685099975788,0.06421508899984474
UTM-NN,469,nn,71.89999999999999,0.19261468700005935,0.0663690299998052
UTM-NN,470,nn,71.67,0.19098014300016075,0.06815770699995483
UTM-NN,471,nn,71.88,0.19212505599989527,0.06869480000023032
UTM-NN,472,nn,71.86,0.2509576100001141,0.06783900800019182
UTM-NN,473,nn,71.92,0.1781907009999486,0.06743164699946647
UTM-NN,474,nn,71.91,0.19301099199947203,0.06596161400011624
UTM-NN,475,nn,71.97,0.19390540399945166,0.06541065900000831
UTM-NN,476,nn,71.83,0.24815789700005553,0.06725413099957223
UTM-NN,477,nn,71.91,0.1781396409996887,0.06858291000025929
UTM-NN,478,nn,71.83,0.17966345900003944,0.06811208500039356
UTM-NN,479,nn,71.72,0.19311588700020366,0.06659175099957793
UTM-NN,480,nn,71.78,0.19365035600003466,0.06504631400002836
UTM-NN,481,nn,71.85000000000001,0.1922564099995725,0.0677280250001786
UTM-NN,482,nn,71.87,0.19173001299986936,0.066151732000435
UTM-NN,483,nn,72.02,0.1774480730000505,0.06732975300019461
UTM-NN,484,nn,71.94,0.2510135550000996,0.06665709699973377
UTM-NN,485,nn,71.83,0.19344281000030605,0.06623047700031748
UTM-NN,486,nn,71.58,0.19157995899968228,0.06579584199971578
UTM-NN,487,nn,71.82,0.18878583700006857,0.06501850899985584
UTM-NN,488,nn,71.96000000000001,0.24919583999962924,0.06902023699967685
UTM-NN,489,nn,71.86,0.1872687049999513,0.06704782999986492
UTM-NN,490,nn,71.91,0.1909593649997987,0.06723545400018338
UTM-NN,491,nn,71.93,0.19138989099974424,0.06887241500044183
UTM-NN,492,nn,71.86,0.1890704959996583,0.0660581390002335
UTM-NN,493,nn,71.84,0.18949241900008928,0.06680335800047033
UTM-NN,494,nn,71.81,0.19314865999967878,0.06571435600017139
UTM-NN,495,nn,71.86,0.19281380200027343,0.06785358400065888
UTM-NN,496,nn,71.73,0.25405792699984886,0.06797220499993273
UTM-NN,497,nn,71.78999999999999,0.1920448530008798,0.06745783599944843
UTM-NN,498,nn,71.97,0.19328560200028733,0.06753781399947911
UTM-NN,499,nn,71.89,0.1800201769992782,0.06650118900051893
UTM-NN,500,nn,71.83,0.25080199300009554,0.06671025000014197
