{"teacher_history": [72.64, 72.95, 75.92, 77.22, 79.79, 77.56, 79.9, 78.67, 81.51, 81.26, 79.95, 79.83, 80.36, 82.05, 81.39, 81.04, 81.17, 82.54, 82.66, 83.39, 82.03, 82.03, 83.72, 82.99, 83.02000000000001, 83.6, 82.67999999999999, 83.81, 81.69, 82.26, 82.8, 83.1, 83.07, 84.0, 83.1, 84.02, 83.8, 82.76, 83.71, 84.22, 84.22, 83.50999999999999, 84.21, 83.38, 83.38, 82.63000000000001, 82.66, 82.96, 84.89999999999999, 82.55], "student_history": [66.53999999999999, 67.58, 69.15, 72.50999999999999, 72.08, 71.72, 72.65, 72.98, 72.86, 74.00999999999999, 73.11, 74.22999999999999, 72.92999999999999, 73.8, 75.46000000000001, 75.79, 75.03999999999999, 72.82, 74.83, 75.02, 73.79, 74.92999999999999, 76.82, 75.29, 74.66000000000001, 75.73, 75.17, 74.68, 75.44, 75.06, 75.1, 74.11999999999999, 75.5, 75.69, 74.88, 76.37, 75.18, 77.03999999999999, 76.64999999999999, 75.61, 75.63, 76.09, 76.01, 76.8, 74.27, 74.68, 76.28, 75.38, 74.58, 75.76, 76.38000000000001, 75.71, 75.77000000000001, 76.61, 76.67, 74.6, 76.23, 72.67, 75.11, 75.44, 75.85, 73.19, 74.33, 74.31, 76.46, 76.19, 76.79, 75.49, 75.41, 76.92, 75.06, 75.6, 76.63, 76.05, 75.41, 75.32, 76.55, 76.3, 76.11, 76.42, 75.8, 75.14999999999999, 75.29, 74.87, 74.83999999999999, 76.42, 76.03999999999999, 75.26, 74.75, 76.71, 75.36, 75.11, 75.92, 75.4, 76.22, 75.44, 74.81, 75.42, 75.52, 76.82, 75.35, 75.03999999999999, 76.14999999999999, 75.14999999999999, 74.62, 75.99000000000001, 74.5, 75.96000000000001, 75.91, 75.13, 76.86, 76.82, 76.42, 75.91, 75.14999999999999, 74.92, 72.72, 76.01, 74.62, 75.9, 75.28, 74.96000000000001, 74.81, 75.6, 74.11, 75.79, 75.7, 74.32, 76.59, 74.9, 75.55, 75.96000000000001, 76.12, 76.69, 75.22999999999999, 74.83, 74.95, 76.64, 74.56, 74.16, 75.8, 76.42, 75.41, 75.12, 75.48, 75.76, 76.1, 75.83, 75.57000000000001, 76.32], "distilled_history": [64.9, 67.64, 70.97, 73.37, 72.28, 73.57000000000001, 73.02, 74.78, 75.97, 75.8, 75.21, 77.13, 75.72, 75.51, 76.05, 75.97, 76.49000000000001, 74.42999999999999, 76.63, 76.25999999999999, 75.85, 75.86, 77.28, 77.39, 74.88, 76.16000000000001, 76.03, 77.18, 76.47, 76.81, 76.27000000000001, 74.89, 78.4, 75.52, 76.6, 77.69, 77.84, 76.92, 77.10000000000001, 77.42999999999999, 77.49000000000001, 76.87, 77.89, 77.13, 76.63, 77.41, 76.74, 76.72, 76.99000000000001, 77.22, 75.72, 77.49000000000001, 77.68, 77.25, 75.62, 77.62, 76.8, 77.69, 76.46, 76.91, 77.35, 75.99000000000001, 76.0, 76.85, 78.63, 76.19, 77.32, 76.64999999999999, 76.96, 76.72, 76.68, 77.71000000000001, 77.38000000000001, 77.24, 77.13, 76.91, 76.5, 77.98, 78.56, 77.48, 76.55, 77.53999999999999, 77.4, 77.23, 77.57, 77.66, 76.5, 76.59, 77.33, 77.83, 77.78, 76.79, 76.83, 75.85, 75.82, 76.55999999999999, 76.11, 76.84, 76.94, 77.19], "avg_teacher_acc": 81.7722, "avg_student_acc": 75.15146666666666, "avg_distilled_acc": 76.35739999999998, "teacher_params": {"number_of_clauses": 1000, "T": 100, "s": 8.2, "boost_true_positive_feedback": 1, "number_of_state_bits": 8, "append_negated": true, "weighted_clauses": true}, "student_params": {"number_of_clauses": 100, "T": 100, "s": 8.2, "boost_true_positive_feedback": 1, "number_of_state_bits": 8, "append_negated": true, "weighted_clauses": true}, "distillation_params": {"temperature": 4.0, "alpha": 0.5}, "final_accuracies": {"teacher": 82.55, "student": 76.32, "distilled": 77.19}, "inference_times": {"teacher": 0.7602365016937256, "student": 0.08653879165649414, "distilled": 0.08586645126342773}}