{"teacher_history": [68.49, 75.24, 76.67, 77.02, 78.41, 79.03999999999999, 79.67, 77.78, 79.71000000000001, 80.56, 80.31, 81.08, 82.63000000000001, 79.89, 81.61, 82.99, 82.03, 82.82000000000001, 82.19, 81.66, 82.58, 84.11999999999999, 82.04, 83.26, 80.88, 82.73, 82.28999999999999, 83.02000000000001, 82.31, 82.46, 84.21, 83.24000000000001, 81.8, 82.89, 83.07, 84.36, 84.03, 84.56, 83.22, 83.1, 83.45, 84.03, 83.63000000000001, 83.96000000000001, 84.47, 83.88, 84.28, 83.65, 83.09, 83.50999999999999], "student_history": [65.49000000000001, 70.26, 69.6, 71.73, 72.78, 72.02, 74.41, 73.76, 72.91, 73.98, 74.17, 72.72, 74.9, 74.6, 75.92, 74.22999999999999, 74.42999999999999, 74.21, 76.11, 75.13, 74.00999999999999, 74.59, 73.97, 75.42, 76.68, 74.89, 75.2, 75.89, 75.75, 75.61, 75.91, 76.83, 75.71, 74.91, 75.27000000000001, 76.42999999999999, 74.27, 76.14999999999999, 74.69, 76.16000000000001, 74.29, 74.72999999999999, 74.72999999999999, 76.34, 76.06, 75.83, 75.91, 76.3, 76.53, 76.64999999999999, 75.42, 76.57000000000001, 73.89, 76.63, 75.82, 75.57000000000001, 75.61, 75.33, 75.99000000000001, 76.64999999999999, 77.14999999999999, 75.03999999999999, 76.34, 77.09, 75.73, 76.89, 77.16, 77.08, 75.86, 75.56, 75.81, 76.29, 76.51, 75.83, 75.55, 73.77, 76.53, 77.45, 73.34, 76.28, 76.48, 75.76, 76.59, 75.89, 76.67, 75.52, 76.08, 74.03, 75.42999999999999, 77.23, 76.22, 74.4, 76.64999999999999, 76.17, 76.07000000000001, 76.11, 76.74, 76.17, 75.37, 76.28, 76.85, 75.59, 76.91, 74.8, 74.5, 75.33, 76.44999999999999, 77.84, 76.64, 76.79, 76.55, 74.83, 74.85000000000001, 76.02, 76.08, 74.15, 74.4, 76.47, 77.19, 74.31, 75.69, 76.2, 75.46000000000001, 76.29, 76.08, 77.14999999999999, 76.34, 76.44999999999999, 76.2, 76.14999999999999, 76.7, 76.32, 76.96, 75.99000000000001, 76.18, 76.59, 75.71, 75.51, 75.31, 73.58, 74.81, 75.3, 76.17, 76.22, 76.68, 76.55999999999999, 76.42999999999999, 76.67, 76.51, 75.13], "distilled_history": [66.75999999999999, 66.97, 71.28, 71.69, 73.63, 72.37, 73.18, 73.11999999999999, 73.21, 75.2, 74.68, 76.28, 74.58, 74.24, 75.94, 76.01, 74.75, 76.25, 74.87, 75.41, 76.58, 76.34, 76.92, 75.97, 76.09, 76.44999999999999, 76.25999999999999, 75.94, 76.83, 76.92, 76.63, 76.11, 76.34, 75.25, 76.64999999999999, 75.72, 76.75, 77.01, 76.22, 76.53, 76.06, 76.62, 74.49, 77.35, 77.64999999999999, 76.58, 77.18, 76.09, 75.91, 78.09, 76.67, 76.13, 76.42999999999999, 76.27000000000001, 77.01, 77.11, 76.06, 76.14999999999999, 75.64999999999999, 76.2, 75.33, 75.4, 76.49000000000001, 77.05, 76.36, 77.12, 76.13, 75.67, 77.05, 77.83, 77.7, 76.13, 77.66999999999999, 76.83, 76.8, 77.24, 77.33, 76.42, 76.71, 77.60000000000001, 76.24, 76.07000000000001, 76.85, 76.86, 77.60000000000001, 76.63, 76.96, 77.92999999999999, 76.62, 75.87, 76.85, 76.67, 77.36, 76.12, 76.62, 76.63, 76.8, 76.55999999999999, 76.75999999999999, 76.41], "avg_teacher_acc": 81.7584, "avg_student_acc": 75.50373333333334, "avg_distilled_acc": 75.96900000000001, "teacher_params": {"number_of_clauses": 1000, "T": 100, "s": 8.2, "boost_true_positive_feedback": 1, "number_of_state_bits": 8, "append_negated": true, "weighted_clauses": true}, "student_params": {"number_of_clauses": 100, "T": 100, "s": 8.2, "boost_true_positive_feedback": 1, "number_of_state_bits": 8, "append_negated": true, "weighted_clauses": true}, "distillation_params": {"temperature": 4.0, "alpha": 0.5}, "final_accuracies": {"teacher": 83.50999999999999, "student": 75.13, "distilled": 76.41}, "inference_times": {"teacher": 1.1262843608856201, "student": 0.08658814430236816, "distilled": 0.0880131721496582}}