{"teacher_history": [70.05, 76.02, 75.51, 78.82000000000001, 75.82, 76.67, 79.81, 78.71000000000001, 80.02, 80.58, 81.83, 79.54, 82.48, 80.08, 81.72, 81.95, 80.7, 82.67, 81.52000000000001, 80.96, 83.28, 82.19999999999999, 83.17, 81.04, 81.6, 83.69, 83.41, 83.21, 81.2, 83.32000000000001, 82.91, 81.98, 83.25, 83.87, 83.08, 84.07, 83.42, 81.61, 81.22, 82.69, 83.67, 84.13000000000001, 83.65, 83.72, 83.35000000000001, 83.93, 83.25, 84.57000000000001, 84.71, 84.59], "student_history": [63.339999999999996, 66.64, 70.98, 72.75, 72.61999999999999, 72.11999999999999, 73.3, 72.96000000000001, 72.94, 72.96000000000001, 73.67, 73.69, 72.61, 73.77, 75.07000000000001, 74.36, 73.83999999999999, 74.79, 74.0, 74.76, 75.22, 76.32, 75.82, 75.92999999999999, 75.21, 77.0, 76.03, 75.26, 75.3, 72.84, 74.7, 74.83999999999999, 76.08, 76.31, 75.31, 74.57000000000001, 76.31, 76.38000000000001, 74.85000000000001, 74.22999999999999, 74.94, 75.03, 74.49, 74.72, 75.9, 76.48, 75.94999999999999, 75.35, 74.36, 76.53999999999999, 74.5, 73.58, 73.06, 76.6, 74.75, 76.66, 75.27000000000001, 76.25999999999999, 76.33, 76.17, 75.42999999999999, 76.32, 75.82, 75.97, 76.49000000000001, 74.85000000000001, 76.82, 75.53, 74.48, 74.33, 76.42999999999999, 74.86, 75.9, 76.25, 74.33, 75.22, 75.84, 75.33, 74.44, 74.69, 74.35000000000001, 74.51, 75.84, 74.7, 76.17, 76.38000000000001, 75.3, 75.67, 76.95, 74.46000000000001, 75.31, 74.25, 75.94999999999999, 74.33, 75.92, 73.95, 75.92999999999999, 75.58, 75.8, 74.79, 75.76, 74.9, 76.71, 75.27000000000001, 75.39, 76.34, 75.39, 75.75, 76.44, 74.67, 76.13, 75.67, 75.47, 75.4, 73.98, 76.64, 74.31, 75.46000000000001, 74.85000000000001, 75.9, 74.49, 76.14999999999999, 76.14, 73.72, 76.2, 75.57000000000001, 75.39, 75.25, 74.8, 75.07000000000001, 72.58, 75.42, 73.83999999999999, 76.2, 74.37, 75.38, 75.42, 75.69, 75.32, 75.13, 75.72, 75.44999999999999, 75.35, 74.2, 75.28, 75.44999999999999, 75.4, 75.62, 73.91, 74.77000000000001], "distilled_history": [65.79, 67.58999999999999, 71.00999999999999, 72.82, 71.53, 73.00999999999999, 73.76, 74.46000000000001, 75.17, 75.0, 76.36, 73.88, 76.0, 76.16000000000001, 75.31, 75.42, 78.10000000000001, 75.78, 77.47, 77.32, 76.79, 75.31, 76.42, 75.74, 75.03, 75.29, 77.27000000000001, 77.17, 78.03999999999999, 76.12, 76.42, 75.58, 77.10000000000001, 77.52, 77.33, 77.13, 77.21000000000001, 76.68, 77.36, 75.64, 76.42, 76.5, 74.27, 77.5, 77.8, 78.06, 77.19, 76.75, 76.83, 76.14, 76.39, 76.74, 77.84, 77.32, 76.24, 75.94999999999999, 77.4, 77.72, 76.42999999999999, 77.45, 76.05, 77.85, 76.99000000000001, 77.62, 77.96, 76.32, 76.29, 77.48, 77.32, 78.67, 75.59, 76.89, 76.05, 77.64, 76.53999999999999, 76.5, 76.79, 76.74, 75.61, 76.92, 77.74, 77.4, 76.21, 76.1, 76.67, 78.16, 77.61, 77.25999999999999, 76.46, 77.11, 77.7, 77.10000000000001, 77.62, 77.01, 76.96, 76.88000000000001, 77.10000000000001, 78.16, 77.44, 77.25999999999999], "avg_teacher_acc": 81.585, "avg_student_acc": 74.972, "avg_distilled_acc": 76.318, "teacher_params": {"number_of_clauses": 1000, "T": 100, "s": 8.2, "boost_true_positive_feedback": 1, "number_of_state_bits": 8, "append_negated": true, "weighted_clauses": true}, "student_params": {"number_of_clauses": 100, "T": 100, "s": 8.2, "boost_true_positive_feedback": 1, "number_of_state_bits": 8, "append_negated": true, "weighted_clauses": true}, "distillation_params": {"temperature": 4.0, "alpha": 0.5}, "final_accuracies": {"teacher": 84.59, "student": 74.77000000000001, "distilled": 77.25999999999999}, "inference_times": {"teacher": 0.7645902633666992, "student": 0.0851132869720459, "distilled": 0.08497214317321777}}