method,epoch,model_type,test_accuracy,train_time,test_time
UTM,1,tm,90.16,0.49469016100010776,0.06343137099975138
UTM,2,tm,90.63,0.4426579450000645,0.06328856700019969
UTM,3,tm,90.8,0.4355815939998138,0.06316165599992019
UTM,4,tm,91.07,0.4332078030001867,0.061354483000286564
UTM,5,tm,90.82000000000001,0.43076169400001163,0.06183638900029109
UTM,6,tm,90.85,0.4143672560003324,0.06370123899978353
UTM,7,tm,91.11,0.4220549060000849,0.06404390499983492
UTM,8,tm,90.96,0.4242645280000943,0.0636649920002128
UTM,9,tm,90.8,0.4148222460003126,0.06412434599997141
UTM,10,tm,90.88000000000001,0.4209459720000268,0.06379056900004798
UTM,11,tm,90.78,0.42625670999996146,0.06441231000007974
UTM,12,tm,90.95,0.4132771239997055,0.06422411299990927
UTM,13,tm,91.10000000000001,0.4256271919998653,0.0642736749996402
UTM,14,tm,91.06,0.4190090600000076,0.06466575200010993
UTM,15,tm,90.79,0.4022849070001939,0.0640464919997612
UTM,16,tm,91.05,0.4188909109998349,0.06365066400030628
UTM,17,tm,91.06,0.4171884709999176,0.0645289330000196
UTM,18,tm,91.13,0.421054632999585,0.06266762499990364
UTM,19,tm,90.96,0.4127750450002168,0.06422228699966581
UTM,20,tm,90.94,0.41858710999986215,0.06475631100011014
UTM,21,tm,90.88000000000001,0.4245536540001922,0.06583422799985783
UTM,22,tm,91.08000000000001,0.41664401999969414,0.06465007199994943
UTM,23,tm,91.03999999999999,0.42052786400017794,0.06461969900010445
UTM,24,tm,90.94,0.41867451699999947,0.0644973199996457
UTM,25,tm,90.91,0.41753575900020223,0.06476025100027982
UTM,26,tm,90.94,0.4155589910001254,0.06454752199988434
UTM,27,tm,90.86999999999999,0.4183784729998479,0.06377648699981364
UTM,28,tm,90.94,0.41011097599994173,0.06479311499970208
UTM,29,tm,90.94,0.42423203299995293,0.06424084100035543
UTM,30,tm,91.28,0.42236166500015315,0.06513006600016524
UTM,31,tm,91.19,0.4034303999997064,0.06497311700013597
UTM,32,tm,91.25,0.4053020920000563,0.06535212299968407
UTM,33,tm,91.08000000000001,0.40891587599980994,0.06353011800001696
UTM,34,tm,91.21000000000001,0.40900578399987353,0.062255145000108314
UTM,35,tm,91.27,0.4035747509997236,0.06467480299988893
UTM,36,tm,91.21000000000001,0.40859823299979325,0.06419551699991644
UTM,37,tm,91.36,0.40387412399968525,0.06477141200002734
UTM,38,tm,91.23,0.41805910200037033,0.06439178499977061
UTM,39,tm,91.18,0.410548892999941,0.0634469460001128
UTM,40,tm,91.39,0.4109776549998969,0.06293619200005196
UTM,41,tm,91.39,0.41135246100020595,0.06454636299986305
UTM,42,tm,91.36,0.4076989440000034,0.0651041080000141
UTM,43,tm,91.32000000000001,0.4174475549998533,0.06507997300013812
UTM,44,tm,91.4,0.4077010870000777,0.06433965599990188
UTM,45,tm,91.29,0.40937179200000173,0.06408273299985012
UTM,46,tm,91.32000000000001,0.4118662849996326,0.06364649300030578
UTM,47,tm,91.16,0.41327013699992676,0.06280381899978238
UTM,48,tm,91.2,0.4101155700000163,0.06393009299972618
UTM,49,tm,91.03999999999999,0.41701202800004467,0.06502150100004656
UTM,50,tm,91.17,0.4169375900000887,0.06554065299997092
UTM,51,tm,91.2,0.4129725610000605,0.06449289000011049
UTM,52,tm,91.10000000000001,0.4194615419996808,0.06451258400011284
UTM,53,tm,91.31,0.42302567199976693,0.06356199799984097
UTM,54,tm,91.27,0.4099185969998871,0.06536388299991813
UTM,55,tm,91.36,0.4118683350002357,0.0651786259995788
UTM,56,tm,91.23,0.41007136300004277,0.06568034399970202
UTM,57,tm,91.35,0.4219694190001064,0.06520628600037526
UTM,58,tm,91.41,0.41771295900025507,0.06517024100003255
UTM,59,tm,91.27,0.4094561199999589,0.06437941700005467
UTM,60,tm,91.33,0.3936130709998906,0.06532851700012543
UTM,61,tm,91.24,0.4119209969999247,0.06447647699997106
UTM,62,tm,91.08000000000001,0.4154370209998888,0.06521208499998465
UTM,63,tm,91.27,0.41070524199994907,0.06521367200002715
UTM,64,tm,91.11,0.41080169099996056,0.06337419300007241
UTM,65,tm,91.18,0.41128630099956354,0.06401610299963068
UTM,66,tm,91.22,0.41777841799967064,0.06404142600013074
UTM,67,tm,91.16,0.4089528980002797,0.06357442599983187
UTM,68,tm,91.13,0.4094480680000743,0.06461880000006204
UTM,69,tm,91.25,0.41590224600031434,0.06494935399996393
UTM,70,tm,91.36,0.41801155900020603,0.06535100199971566
UTM,71,tm,91.24,0.4162558460002401,0.06324900100025843
UTM,72,tm,91.19,0.4057405200001085,0.06487096399996517
UTM,73,tm,91.3,0.4153972670001167,0.06246048200000587
UTM,74,tm,91.29,0.40690375199983464,0.06348985200020252
UTM,75,tm,91.28,0.4132363550002083,0.06462732099998902
UTM,76,tm,91.25999999999999,0.4109000630000992,0.06429378300026656
UTM,77,tm,91.31,0.40795211100021334,0.06524208299970269
UTM,78,tm,91.21000000000001,0.4103770869996879,0.06600494999975126
UTM,79,tm,91.34,0.41807391600013943,0.0651144939997721
UTM,80,tm,91.36,0.40650951899988286,0.06490778799980035
UTM,81,tm,91.44,0.3971017049998409,0.06500757100002375
UTM,82,tm,91.47,0.41378683099992486,0.06471965699984139
UTM,83,tm,91.39,0.402673907999997,0.06566691399984848
UTM,84,tm,91.45,0.41566281399991567,0.0649393680000685
UTM,85,tm,91.43,0.40476368500003446,0.06454737300009583
UTM,86,tm,91.38,0.4078171179999117,0.0644316070001878
UTM,87,tm,91.39,0.4131476269999439,0.06141026400018745
UTM,88,tm,91.36,0.41404003500019826,0.0654555060000348
UTM,89,tm,91.4,0.4005348780001441,0.06502417000001515
UTM,90,tm,91.31,0.4076551309999559,0.06515888800004177
UTM,91,tm,91.25999999999999,0.4085832880000453,0.06487484799981758
UTM,92,tm,91.22,0.4142388049999681,0.065435553000043
UTM,93,tm,91.21000000000001,0.4205435980002221,0.065480019000006
UTM,94,tm,91.36,0.4095032599998376,0.06530659500003821
UTM,95,tm,91.27,0.4076543670003048,0.06460989400011385
UTM,96,tm,91.38,0.4112823349996688,0.06422017100021549
UTM,97,tm,91.33,0.4116164550000576,0.06423982600017553
UTM,98,tm,91.28,0.41563350699971124,0.06376099699991755
UTM,99,tm,91.35,0.41187474399976054,0.06409795800027496
UTM,100,tm,91.3,0.4177274019998549,0.06401680499993745
UTM,101,tm,91.43,0.40707785699987653,0.06417805299997781
UTM,102,tm,91.19,0.4141937100002906,0.06514719100005095
UTM,103,tm,91.38,0.4233477610000591,0.0643850379997275
UTM,104,tm,91.38,0.41327901800013933,0.0648266660000445
UTM,105,tm,91.35,0.41659198900015326,0.06322859299962147
UTM,106,tm,91.4,0.4082678540003144,0.06468179900002724
UTM,107,tm,91.36999999999999,0.40673922999985734,0.06499805700013894
UTM,108,tm,91.25,0.41126158399993074,0.06464101799974742
UTM,109,tm,91.13,0.41120732999979737,0.06462567400012631
UTM,110,tm,91.27,0.42117693000000145,0.06454748100031793
UTM,111,tm,91.38,0.41931801499958965,0.0643090429998665
UTM,112,tm,91.25,0.4189039180000691,0.06458140399990953
UTM,113,tm,91.3,0.42144483800029775,0.06379704099981609
UTM,114,tm,91.39,0.41605220600013126,0.06328100599967001
UTM,115,tm,91.19,0.4190894130001652,0.06475901699968745
UTM,116,tm,91.42,0.4208931210000628,0.06557885199981683
UTM,117,tm,91.38,0.4217198420001296,0.0646603669997603
UTM,118,tm,91.23,0.41214538700023695,0.06532596700026261
UTM,119,tm,91.34,0.4122912359998736,0.06705741899986606
UTM,120,tm,91.34,0.41527892999965843,0.0624852959999771
UTM,121,tm,91.27,0.4166404360003071,0.06299884700001712
UTM,122,tm,91.24,0.4116330809997635,0.06292819999998756
UTM,123,tm,91.31,0.4048759769998469,0.06417959000009432
UTM,124,tm,91.33,0.40571908699985215,0.06345639700020911
UTM,125,tm,91.41,0.4085854460004157,0.06361059299979388
UTM,126,tm,91.42,0.4119309100001374,0.06351148799967632
UTM,127,tm,91.4,0.4117889419999301,0.06254024300005767
UTM,128,tm,91.36,0.4029877769999075,0.06480799100017975
UTM,129,tm,91.42,0.40379123799993977,0.06348790900028689
UTM,130,tm,91.43,0.40444870700002866,0.06216284499987523
UTM,131,tm,91.43,0.41677987599996413,0.06791724200002136
UTM,132,tm,91.34,0.4095879739998054,0.06571802000007665
UTM,133,tm,91.31,0.409224969999741,0.06429893299991818
UTM,134,tm,91.25999999999999,0.40878461800002697,0.06318117099999654
UTM,135,tm,91.3,0.4129989940001906,0.06524682400004167
UTM,136,tm,91.33,0.40556939600037367,0.0643811889999597
UTM,137,tm,91.35,0.4047839089998888,0.06283079000013458
UTM,138,tm,91.35,0.402443196999684,0.06489481100015837
UTM,139,tm,91.25,0.42526157700012845,0.06539258299972062
UTM,140,tm,91.14,0.4076559760001146,0.06463608100011697
UTM,141,tm,91.29,0.404677164000077,0.06502865600032237
UTM,142,tm,91.36999999999999,0.4177073930000006,0.06473644500010778
UTM,143,tm,91.4,0.4120783040002607,0.06394961400019383
UTM,144,tm,91.33,0.41247946499970567,0.06438021399981153
UTM,145,tm,91.38,0.4175285010001062,0.07160428699990007
UTM,146,tm,91.46,0.4139734810000846,0.0649433090002276
UTM,147,tm,91.42,0.41847004999999626,0.06468486100038717
UTM,148,tm,91.32000000000001,0.42299195299983694,0.06489094700009446
UTM,149,tm,91.4,0.4108214529996985,0.06491851999999199
UTM,150,tm,91.39,0.4235157309999522,0.06516004300010536
UTM,151,tm,91.36,0.40573420399960014,0.06507875799979956
UTM,152,tm,91.32000000000001,0.4152932729998611,0.0647027509999134
UTM,153,tm,91.2,0.4073558370000683,0.06514668299996629
UTM,154,tm,91.34,0.40851507000024867,0.0642676819998087
UTM,155,tm,91.28,0.4007381279998299,0.06256941800029381
UTM,156,tm,91.31,0.40994698600025004,0.0639347229998748
UTM,157,tm,91.4,0.42049901300015335,0.06525862299986329
UTM,158,tm,91.53999999999999,0.41873405500018634,0.06534933800003273
UTM,159,tm,91.43,0.41771987399988575,0.06176587900017694
UTM,160,tm,91.38,0.40919592899990676,0.06176636700001836
UTM,161,tm,91.36,0.4176330020000023,0.0634272540000893
UTM,162,tm,91.36999999999999,0.407898541999657,0.06581647400025759
UTM,163,tm,91.25,0.4124010819996329,0.06389248300001782
UTM,164,tm,91.27,0.4196721870002875,0.06320571000014752
UTM,165,tm,91.29,0.4103868140000486,0.06477032500015412
UTM,166,tm,91.31,0.4077347010002086,0.06415404400013358
UTM,167,tm,91.3,0.4117637999997896,0.0693747870000152
UTM,168,tm,91.41,0.41640076300018336,0.0641348049998669
UTM,169,tm,91.53,0.40925211800004035,0.06465962399988712
UTM,170,tm,91.47999999999999,0.4155210460003218,0.06269741500000237
UTM,171,tm,91.43,0.4124421329997858,0.06270209200010868
UTM,172,tm,91.42,0.4179867899997589,0.06189328700020269
UTM,173,tm,91.28,0.4173936639999738,0.06469694599991271
UTM,174,tm,91.4,0.40424569100014196,0.06137703100012004
UTM,175,tm,91.36,0.41262437000023056,0.06306773300002533
UTM,176,tm,91.36,0.40817774100014503,0.06400854499997877
UTM,177,tm,91.42,0.4086382240002422,0.0645839049998358
UTM,178,tm,91.33,0.41463831600003687,0.06542550300036964
UTM,179,tm,91.33,0.4252911599996878,0.06420949499988637
UTM,180,tm,91.24,0.4201414730000579,0.06456082200020319
UTM,181,tm,91.24,0.41755164799997146,0.06492956500005675
UTM,182,tm,91.17,0.4197263149999344,0.06294591500000024
UTM,183,tm,91.23,0.41802624899992225,0.06437574399978985
UTM,184,tm,91.17,0.4112642469999628,0.06405850900000587
UTM,185,tm,91.05,0.41559919000019363,0.06197722499973679
UTM,186,tm,91.17,0.4250913139999284,0.06459147000032317
UTM,187,tm,91.06,0.4252060670000901,0.062151730000095995
UTM,188,tm,91.12,0.4136096679999355,0.06514633799997682
UTM,189,tm,91.10000000000001,0.41446402200017474,0.0630233510000835
UTM,190,tm,91.14999999999999,0.41179406799983553,0.063014628000019
UTM,191,tm,91.18,0.41007612900011736,0.06267883400005303
UTM,192,tm,91.25,0.41063399199993,0.06458250300011059
UTM,193,tm,91.31,0.42090801299991654,0.06276445299999978
UTM,194,tm,91.23,0.4138607889999548,0.06409390999988318
UTM,195,tm,91.34,0.40939731499975096,0.06405538199987859
UTM,196,tm,91.33,0.41105630700030815,0.06412678000015148
UTM,197,tm,91.23,0.4007001689997196,0.06402467099997011
UTM,198,tm,91.33,0.4014496820000204,0.06448143900024661
UTM,199,tm,91.21000000000001,0.41195869400007723,0.06384417700019185
UTM,200,tm,91.38,0.4147577429998819,0.06449443800011068
UTM,201,tm,91.29,0.4073843759997544,0.06179759800033935
UTM,202,tm,91.41,0.4079644449998341,0.06507680599997911
UTM,203,tm,91.29,0.41419651400019575,0.06469981600002939
UTM,204,tm,91.19,0.42495567499963727,0.06516483900031744
UTM,205,tm,91.27,0.41624653999997463,0.06476940599986847
UTM,206,tm,91.34,0.4218926480002665,0.0651326069996685
UTM,207,tm,91.29,0.4095604240001194,0.06398846799993407
UTM,208,tm,91.19,0.41022239800031457,0.06446418999985326
UTM,209,tm,91.21000000000001,0.4128976009997132,0.0654067710001982
UTM,210,tm,91.23,0.40908489100002043,0.06456042700028775
UTM,211,tm,91.43,0.40409297899986996,0.06464057799985312
UTM,212,tm,91.18,0.41315054400001827,0.0652021569999306
UTM,213,tm,91.29,0.4137153510000644,0.0660493850000421
UTM,214,tm,91.27,0.4220109030002277,0.06422795500020584
UTM,215,tm,91.34,0.4137573129996781,0.06413255999996181
UTM,216,tm,91.18,0.4211265200001435,0.06583259299986821
UTM,217,tm,91.28,0.40606186299964975,0.06423334199962483
UTM,218,tm,91.25999999999999,0.4083447640000486,0.06555582999999388
UTM,219,tm,91.25,0.4217254969998976,0.06289584199976161
UTM,220,tm,91.25,0.4240006799996081,0.06035293600007208
UTM,221,tm,91.23,0.41241661999993084,0.06385761000001366
UTM,222,tm,91.34,0.41302903599989804,0.0628780749998441
UTM,223,tm,91.27,0.41907147499978237,0.06272470799967778
UTM,224,tm,91.31,0.4160079480002423,0.06418594500019026
UTM,225,tm,91.19,0.39971923299981427,0.06548160500005906
UTM,226,tm,91.31,0.41174485199962874,0.06502522300024793
UTM,227,tm,91.24,0.40868206699997245,0.06118716100036181
UTM,228,tm,91.18,0.41396860499980903,0.06399152700032573
UTM,229,tm,91.18,0.415442960999826,0.06435407200024201
UTM,230,tm,91.25999999999999,0.42375220200028707,0.0631792089998271
UTM,231,tm,91.21000000000001,0.41267215699963344,0.06416363299967998
UTM,232,tm,91.19,0.4151152109998293,0.06436788700011675
UTM,233,tm,91.27,0.4158250280001994,0.06496580000020913
UTM,234,tm,91.12,0.41912091299991516,0.06434682899998734
UTM,235,tm,91.25999999999999,0.41967896799997106,0.06612879000022076
UTM,236,tm,91.23,0.41558468599987464,0.06391905899999983
UTM,237,tm,91.32000000000001,0.4213601739998012,0.06497901800003092
UTM,238,tm,91.13,0.4118614779999916,0.0651027270000668
UTM,239,tm,91.25,0.4168375809999816,0.06506659300021056
UTM,240,tm,91.11,0.4153723899999022,0.06329569199988327
UTM,241,tm,91.23,0.4017599539997718,0.06492573300010918
UTM,242,tm,91.24,0.4058332529998552,0.0650189739999405
UTM,243,tm,91.13,0.411251208000067,0.06316824400028054
UTM,244,tm,91.29,0.4149745800000346,0.06447692999972787
UTM,245,tm,91.25,0.4251118940001106,0.06528231600032086
UTM,246,tm,91.27,0.4196202319999429,0.06433905599988066
UTM,247,tm,91.21000000000001,0.4238509150000027,0.06392435099996874
UTM,248,tm,91.25999999999999,0.4077925450001203,0.06455434700001206
UTM,249,tm,91.21000000000001,0.42196669799977826,0.06772858800013637
UTM,250,tm,91.24,0.4138307039997926,0.06566722800016578
UTM,251,tm,91.14999999999999,0.4166963930001657,0.06597654200004399
UTM,252,tm,91.09,0.4141638400001284,0.06509069100002307
UTM,253,tm,91.28,0.4203087789996971,0.0635379630002717
UTM,254,tm,91.29,0.40986268899996503,0.06383310000001075
UTM,255,tm,91.19,0.4274955300002148,0.06570162800016988
UTM,256,tm,91.19,0.4211317650001547,0.06538172599994141
UTM,257,tm,91.21000000000001,0.4200488370001949,0.06469847900007153
UTM,258,tm,91.12,0.4225583059997007,0.06534530499993707
UTM,259,tm,91.11,0.4153277939999498,0.07021174600004088
UTM,260,tm,91.13,0.41069324199997936,0.06572734400015179
UTM,261,tm,91.11,0.4056877809998696,0.06359241900008783
UTM,262,tm,91.08000000000001,0.4194525230000181,0.06350814100005664
UTM,263,tm,91.12,0.42399770499969236,0.06352469700004804
UTM,264,tm,91.07,0.42428719299959994,0.06493971899999451
UTM,265,tm,91.02,0.4229483449998952,0.06559133400014616
UTM,266,tm,91.19,0.4188231960001758,0.06513224099990111
UTM,267,tm,91.14,0.40853116099970066,0.06585136000012426
UTM,268,tm,91.10000000000001,0.4248298669999713,0.06433224700003848
UTM,269,tm,91.06,0.4085944909998034,0.06386318800014124
UTM,270,tm,91.11,0.4198111749997224,0.06499528700032897
UTM,271,tm,91.13,0.4199513990001833,0.06529058099977192
UTM,272,tm,91.09,0.40949734300011187,0.06481620300019131
UTM,273,tm,91.10000000000001,0.406776770000306,0.06451204899985896
UTM,274,tm,91.19,0.40646693500002584,0.06318357899999683
UTM,275,tm,91.28,0.4095696730000782,0.0646486890000233
UTM,276,tm,91.29,0.4117109869998785,0.06498265299978812
UTM,277,tm,91.2,0.41322648400000617,0.06091682799979026
UTM,278,tm,91.10000000000001,0.418506382999567,0.06292175799990218
UTM,279,tm,90.98,0.40623877600000924,0.06462899899997865
UTM,280,tm,90.99000000000001,0.4232583949997206,0.06505824399982885
UTM,281,tm,91.13,0.4174385420001272,0.0649802580001051
UTM,282,tm,91.13,0.4221613200002139,0.06519483500005663
UTM,283,tm,91.29,0.42076645800034385,0.06516387499959819
UTM,284,tm,91.23,0.42048534800005655,0.06263803400042889
UTM,285,tm,91.12,0.4251191270000163,0.06496571199977552
UTM,286,tm,91.25,0.41892858100027297,0.06487870699993437
UTM,287,tm,91.14,0.42498565200003213,0.06425728200019876
UTM,288,tm,91.19,0.4233389240002907,0.06501462300002459
UTM,289,tm,91.22,0.40796280400036267,0.06524949099957666
UTM,290,tm,91.33,0.4265223729998979,0.07027893399981622
UTM,291,tm,91.33,0.4200099740000951,0.06545345500035182
UTM,292,tm,91.17,0.4233928349999587,0.06497104200025206
UTM,293,tm,91.21000000000001,0.4216741049999655,0.06490065700018022
UTM,294,tm,91.13,0.42016628100009257,0.06506960800015804
UTM,295,tm,91.25,0.41996187999984613,0.0643070539999826
UTM,296,tm,91.29,0.42514004900021973,0.06968587599976672
UTM,297,tm,91.2,0.4181083190001118,0.06132657800026209
UTM,298,tm,91.23,0.4163953100000981,0.06463201099995786
UTM,299,tm,91.23,0.42421233799996116,0.063596600999972
UTM,300,tm,91.23,0.4187808899996526,0.06227915799991024
UTM,301,tm,91.3,0.41579835899983664,0.06340102100011791
UTM,302,tm,91.27,0.41620326900010696,0.06530656299992188
UTM,303,tm,91.19,0.41757489900010114,0.06408023700032572
UTM,304,tm,91.19,0.42388295499995365,0.06536832100027823
UTM,305,tm,91.25,0.40758334500014826,0.06552737199990588
UTM,306,tm,91.3,0.41142844900014097,0.06658782099975724
UTM,307,tm,91.27,0.41475461299978633,0.06466966300013155
UTM,308,tm,91.24,0.4077922149999722,0.06600962599986815
UTM,309,tm,91.25999999999999,0.41244463500015627,0.06473816200013971
UTM,310,tm,91.14,0.4205086769998161,0.06536430000005566
UTM,311,tm,91.18,0.425725224999951,0.06540979999999763
UTM,312,tm,91.21000000000001,0.4104814110000916,0.06315454299965495
UTM,313,tm,91.25,0.42061906599974463,0.06330817099978958
UTM,314,tm,91.19,0.40060513399976116,0.06367025600002307
UTM,315,tm,91.23,0.42231438199996774,0.06576092400018752
UTM,316,tm,91.02,0.4152790279999863,0.06626828900016335
UTM,317,tm,91.24,0.4266189990003113,0.06466182799977105
UTM,318,tm,91.21000000000001,0.42593868700032544,0.0644821740002044
UTM,319,tm,91.36999999999999,0.40437704399982977,0.06444023099993501
UTM,320,tm,91.31,0.4172320900001978,0.06465276600010839
UTM,321,tm,91.35,0.4074471919998359,0.06594652800004042
UTM,322,tm,91.29,0.42412472599971807,0.06194093199974304
UTM,323,tm,91.25999999999999,0.4222816160004186,0.06487272800040955
UTM,324,tm,90.97,0.4214100860003782,0.0648929760000101
UTM,325,tm,91.27,0.4224056540001584,0.0644724970002244
UTM,326,tm,91.38,0.42167138700006035,0.0631489560000773
UTM,327,tm,91.25,0.40976601699958337,0.06307591599988882
UTM,328,tm,91.17,0.40968210599976373,0.06479607600022064
UTM,329,tm,91.29,0.41656620799994926,0.0628531109996402
UTM,330,tm,91.24,0.41112265699985073,0.06484827899976153
UTM,331,tm,91.24,0.4082719400003043,0.06310022599973308
UTM,332,tm,91.25,0.4136561499999516,0.07018939299996418
UTM,333,tm,91.07,0.4182558180000342,0.06316374000016367
UTM,334,tm,91.07,0.4273420439999427,0.06492563599977075
UTM,335,tm,91.18,0.4063859670000056,0.06442880899976444
UTM,336,tm,91.27,0.4174509240001498,0.06529215299997304
UTM,337,tm,91.25999999999999,0.41367623600035586,0.06276566600035949
UTM,338,tm,91.14,0.4094520579997152,0.06357387500020195
UTM,339,tm,91.14999999999999,0.416635722999672,0.06471438399967155
UTM,340,tm,91.29,0.41724494800018874,0.0633281430000352
UTM,341,tm,91.14999999999999,0.40930369100033204,0.06532637100008287
UTM,342,tm,91.07,0.4091997589998755,0.0650667679997241
UTM,343,tm,91.19,0.41703692500004763,0.06420481900022423
UTM,344,tm,91.18,0.41690517900042323,0.06387641499986785
UTM,345,tm,91.16,0.4196624320002229,0.06496157199990193
UTM,346,tm,91.12,0.4186813500000426,0.06440991399995255
UTM,347,tm,91.17,0.4113042230001156,0.06357720799996969
UTM,348,tm,91.14,0.41125426399958087,0.06313427200029764
UTM,349,tm,91.14999999999999,0.41929723400016883,0.0637054420003551
UTM,350,tm,91.22,0.4231735570001547,0.06503962099986893
UTM,351,tm,91.28,0.4138993199999277,0.06396432300016386
UTM,352,tm,91.29,0.42006149700000606,0.06316619799963519
UTM,353,tm,91.16,0.4115086460001294,0.06281022100029077
UTM,354,tm,91.28,0.4129382749997603,0.06290117200023815
UTM,355,tm,91.36999999999999,0.41539859399972556,0.06491505299982236
UTM,356,tm,91.35,0.4236118720000377,0.0642138140001407
UTM,357,tm,91.23,0.4157688320001398,0.06354906300020957
UTM,358,tm,91.14999999999999,0.4099567590001243,0.0643063370002892
UTM,359,tm,91.19,0.4185764260000724,0.06496697399961704
UTM,360,tm,91.08000000000001,0.41318460499996945,0.06393518899994888
UTM,361,tm,91.12,0.4180380900002092,0.06386454299990874
UTM,362,tm,91.10000000000001,0.41227628300021024,0.06522335699992254
UTM,363,tm,91.12,0.4215892070001246,0.06883504399957019
UTM,364,tm,91.12,0.41371526700004324,0.06407801399973323
UTM,365,tm,91.10000000000001,0.4136822129999018,0.06439564400034214
UTM,366,tm,91.14,0.4100614530002531,0.06589669799996045
UTM,367,tm,91.19,0.4160319679999702,0.06490887200016004
UTM,368,tm,91.21000000000001,0.41494122700032676,0.06246306100001675
UTM,369,tm,91.3,0.4157137550000698,0.06462551699996766
UTM,370,tm,91.28,0.42591166900001554,0.06314089499983311
UTM,371,tm,91.3,0.42204820400002063,0.06451733099993362
UTM,372,tm,91.19,0.41666362299974935,0.06404316699990886
UTM,373,tm,91.13,0.41773659399996177,0.06987382999977854
UTM,374,tm,91.16,0.42076694900015355,0.06475630700015245
UTM,375,tm,91.18,0.4157467100003487,0.07095213799993871
UTM,376,tm,91.2,0.4186554379998597,0.06503381099992112
UTM,377,tm,91.24,0.4238197310000942,0.06478306100007103
UTM,378,tm,91.16,0.4152258089998213,0.06485093200035408
UTM,379,tm,91.14999999999999,0.4136931840002944,0.06529972499993164
UTM,380,tm,91.29,0.4201031160000639,0.06434484500005055
UTM,381,tm,91.29,0.40187213499984864,0.06513699600009204
UTM,382,tm,91.31,0.40107777699995495,0.06430411900009858
UTM,383,tm,91.23,0.427445458999955,0.06454033099998924
UTM,384,tm,91.22,0.41831168900034754,0.06200290700007827
UTM,385,tm,91.34,0.4100719380003284,0.06693793599970377
UTM,386,tm,91.28,0.4100959350002995,0.0634858489997896
UTM,387,tm,91.3,0.43159714300009,0.06357676400011769
UTM,388,tm,91.43,0.4183262379997359,0.06516734900014853
UTM,389,tm,91.36,0.41426993699997183,0.0629362729996501
UTM,390,tm,91.33,0.4075946389998535,0.06324536000010994
UTM,391,tm,91.38,0.4256922919998942,0.06379639399983716
UTM,392,tm,91.43,0.42151153899976634,0.06611936200033597
UTM,393,tm,91.34,0.4111110240000926,0.06480562299975645
UTM,394,tm,91.5,0.41780747999973755,0.06556338300015341
UTM,395,tm,91.39,0.420115160000023,0.06495266900037677
UTM,396,tm,91.35,0.424744407000162,0.06451990899995508
UTM,397,tm,91.47999999999999,0.418805261000216,0.06477594600028169
UTM,398,tm,91.38,0.4164703390001705,0.06579805100000158
UTM,399,tm,91.38,0.41652247799993347,0.0641317300000992
UTM,400,tm,91.49000000000001,0.4095565539996642,0.0625167129996953
UTM,401,tm,91.29,0.42423164100000577,0.061974507000286394
UTM,402,tm,91.36999999999999,0.4205177460003142,0.06483351099996071
UTM,403,tm,91.47999999999999,0.41848223299984966,0.06515628499982995
UTM,404,tm,91.41,0.4176859580002201,0.06484646699982477
UTM,405,tm,91.42,0.41175719399961963,0.06536441500020373
UTM,406,tm,91.35,0.410230909999882,0.0641710250001779
UTM,407,tm,91.25,0.4190889640003661,0.06522911100000783
UTM,408,tm,91.21000000000001,0.4131967260000238,0.06506752299992513
UTM,409,tm,91.25,0.41094590900002004,0.06525001799991514
UTM,410,tm,91.11,0.4060076420000769,0.0650126530003945
UTM,411,tm,90.98,0.4121415549998346,0.06545759299979181
UTM,412,tm,91.14,0.4168476540003212,0.06287699199992858
UTM,413,tm,91.16,0.4015090930001861,0.06570351800019125
UTM,414,tm,91.25999999999999,0.42309643699991284,0.06477578500016534
UTM,415,tm,91.25999999999999,0.41798222699981125,0.0651762319998852
UTM,416,tm,91.25,0.4153622339999856,0.07052593600019463
UTM,417,tm,91.29,0.41733898900019994,0.0636725330000445
UTM,418,tm,91.24,0.41159516299967436,0.06529444399984641
UTM,419,tm,91.16,0.42429017700033,0.06493797400025869
UTM,420,tm,91.28,0.4168288470000334,0.06465459699984422
UTM,421,tm,91.4,0.42321141299999,0.0650257170000259
UTM,422,tm,91.34,0.4201399090002269,0.06543524700009584
UTM,423,tm,91.28,0.4215404659998967,0.06526235499995892
UTM,424,tm,91.25999999999999,0.41753768299986405,0.0654245229998196
UTM,425,tm,91.35,0.41728216299998167,0.064976803999798
UTM,426,tm,91.5,0.4148001089997706,0.06536991200027842
UTM,427,tm,91.3,0.4112226739998732,0.06468402699965736
UTM,428,tm,91.36,0.41354690599973765,0.06545310000001336
UTM,429,tm,91.39,0.42121299299969905,0.065682003999882
UTM,430,tm,91.49000000000001,0.41770628299991586,0.0653608540001187
UTM,431,tm,91.45,0.4158965320002608,0.0655891569999767
UTM,432,tm,91.47999999999999,0.4182763159997194,0.06552798999973675
UTM,433,tm,91.33,0.40841050700009873,0.064145660000122
UTM,434,tm,91.36,0.42402975699997114,0.0710706430004393
UTM,435,tm,91.43,0.4158381729998837,0.0642916899996635
UTM,436,tm,91.29,0.414304008000272,0.06553730499990706
UTM,437,tm,91.25,0.41925317799996265,0.06603608700015684
UTM,438,tm,91.32000000000001,0.41553181500012215,0.06473118499980046
UTM,439,tm,91.28,0.41856630599977507,0.06584334199988007
UTM,440,tm,91.41,0.42896533600014664,0.06523586999992403
UTM,441,tm,91.38,0.41845134599998346,0.06306056900029944
UTM,442,tm,91.36,0.41989609999973254,0.06381504899991342
UTM,443,tm,91.39,0.4147288320000371,0.06315019899966501
UTM,444,tm,91.36,0.40675977899991267,0.06550944499986144
UTM,445,tm,91.44,0.40711715599991294,0.0645148359999439
UTM,446,tm,91.53,0.41565860100035934,0.06500533899998118
UTM,447,tm,91.47,0.41992379900011656,0.0661733130000357
UTM,448,tm,91.44,0.4241029110003183,0.06500568599994949
UTM,449,tm,91.44,0.42589453099981256,0.06347492700024304
UTM,450,tm,91.58,0.4204799490003097,0.0648765910000293
UTM,451,tm,91.47999999999999,0.4225715970001147,0.06454534500016962
UTM,452,tm,91.47,0.4112119309997979,0.06363955699998769
UTM,453,tm,91.46,0.4108233699998891,0.06498559200008458
UTM,454,tm,91.4,0.4136565180001526,0.06463029499991535
UTM,455,tm,91.46,0.4233969349998006,0.06382656699997824
UTM,456,tm,91.46,0.41629032599985294,0.06795531299985669
UTM,457,tm,91.41,0.4195974499998556,0.06393564800009699
UTM,458,tm,91.53999999999999,0.4188399859999663,0.06352276899997378
UTM,459,tm,91.43,0.41807048600003327,0.06436515799987319
UTM,460,tm,91.47,0.4135246960004224,0.0639629529996455
UTM,461,tm,91.42,0.4202104959999815,0.0646311139998943
UTM,462,tm,91.39,0.4171676030000526,0.06448199700025725
UTM,463,tm,91.3,0.41446842000004835,0.06550082700005078
UTM,464,tm,91.38,0.4096977950002838,0.06530509100002746
UTM,465,tm,91.3,0.41848739800025214,0.06512642200004848
UTM,466,tm,91.36,0.4240755020000506,0.06484189599996171
UTM,467,tm,91.23,0.41147677099979774,0.06307013000014194
UTM,468,tm,91.39,0.4199091679997764,0.06604753200008417
UTM,469,tm,91.35,0.41941403800001353,0.0647008820001247
UTM,470,tm,91.22,0.42713664000029894,0.06476822000013271
UTM,471,tm,91.32000000000001,0.4184896269998717,0.06460444200001803
UTM,472,tm,91.3,0.4172618880002119,0.06530071899987888
UTM,473,tm,91.32000000000001,0.4198042810003244,0.06375560999958907
UTM,474,tm,91.39,0.41180504700014353,0.07067100000040227
UTM,475,tm,91.21000000000001,0.41547529499985103,0.06542973200021152
UTM,476,tm,91.2,0.42270164000001387,0.06411245500021323
UTM,477,tm,91.12,0.4226170520000778,0.06354467999972258
UTM,478,tm,91.18,0.41357505999985733,0.06338174200027424
UTM,479,tm,91.4,0.4190684689997397,0.06477430499990078
UTM,480,tm,91.36999999999999,0.41686718900018604,0.06388228799960416
UTM,481,tm,91.41,0.42515831199989407,0.06438651700000264
UTM,482,tm,91.47999999999999,0.4175743420000799,0.06519282499994006
UTM,483,tm,91.27,0.41493403000004037,0.06459139099979438
UTM,484,tm,91.49000000000001,0.4216750220002723,0.06517198499977894
UTM,485,tm,91.31,0.40417209299994283,0.06568818499999907
UTM,486,tm,91.3,0.4167932160003147,0.06569665600000008
UTM,487,tm,91.36999999999999,0.41956415800041214,0.06465500899957988
UTM,488,tm,91.32000000000001,0.4112115640000411,0.06498220699995727
UTM,489,tm,91.27,0.42553626300014,0.06500320199984344
UTM,490,tm,91.39,0.4067110930000126,0.06506448399977671
UTM,491,tm,91.31,0.4127413340002022,0.06472518000009586
UTM,492,tm,91.38,0.41025825399992755,0.06520950499998435
UTM,493,tm,91.4,0.4158529799997268,0.06601664400022855
UTM,494,tm,91.36,0.4183672250001109,0.06306950599991978
UTM,495,tm,91.33,0.4223452929995801,0.06529094400002577
UTM,496,tm,91.36,0.41869606000000203,0.06506479000017862
UTM,497,tm,91.31,0.4214113229995746,0.06215234399996916
UTM,498,tm,91.35,0.4213397389999045,0.0657208340003308
UTM,499,tm,91.23,0.4269598460000452,0.06670276400018338
UTM,500,tm,91.33,0.414045157000146,0.07090406499992241
WTM,1,tm,87.75,0.3216392200001792,0.05687300099998538
WTM,2,tm,89.5,0.2716606609997143,0.056762622999940504
WTM,3,tm,89.29,0.2587741909997021,0.05647259700026552
WTM,4,tm,91.49000000000001,0.2527952330001426,0.058004701000299974
WTM,5,tm,91.78,0.24875734599982025,0.057729731000108586
WTM,6,tm,91.2,0.2346561419999489,0.0558116769998378
WTM,7,tm,91.81,0.2352945739999086,0.058606662999864056
WTM,8,tm,92.10000000000001,0.2454576149998502,0.05648101199994926
WTM,9,tm,92.74,0.23637018099998386,0.05685915899994143
WTM,10,tm,92.33,0.2372150819996932,0.05713587300033396
WTM,11,tm,92.17999999999999,0.22858542600033616,0.05709949499987488
WTM,12,tm,92.22,0.2273734670002341,0.056917215999874315
WTM,13,tm,91.27,0.23229247400013264,0.05706836099989232
WTM,14,tm,92.25,0.23129820399981327,0.057473607000247284
WTM,15,tm,91.79,0.2224428149997948,0.05771991200026605
WTM,16,tm,92.57,0.22993874499979938,0.05767229799994311
WTM,17,tm,92.46,0.23298249599974952,0.05760653600009391
WTM,18,tm,92.38,0.22102738200010208,0.05696678399999655
WTM,19,tm,92.25999999999999,0.2200370919999841,0.055464058999859844
WTM,20,tm,92.22,0.21836837000000742,0.05699543599985191
WTM,21,tm,93.0,0.22355380199996944,0.05893335900009333
WTM,22,tm,92.56,0.2260914309999862,0.057349625999904674
WTM,23,tm,93.04,0.21830715999976746,0.058128920000399376
WTM,24,tm,93.43,0.2240361959998154,0.05717748899996877
WTM,25,tm,92.71000000000001,0.2264027639998858,0.05718028199999026
WTM,26,tm,92.82000000000001,0.2230904279999777,0.057903087999875424
WTM,27,tm,92.54,0.22288568300018596,0.0587306309998894
WTM,28,tm,92.47,0.22621033499990517,0.05842010600008507
WTM,29,tm,92.83,0.22334886499993445,0.05825133200005439
WTM,30,tm,93.13,0.22601878100022077,0.0573739060000662
WTM,31,tm,93.34,0.2191191130000334,0.05722713200020735
WTM,32,tm,92.80000000000001,0.217235898999661,0.059246378999887384
WTM,33,tm,92.09,0.23063865899985103,0.057637430999875505
WTM,34,tm,93.05,0.2217127559997607,0.05767250700000659
WTM,35,tm,93.03,0.21371117700027753,0.05930390699995769
WTM,36,tm,92.06,0.21915050799998426,0.05842493699992701
WTM,37,tm,92.88,0.2187359029999243,0.05839952099995571
WTM,38,tm,93.04,0.2187156509999113,0.0603668890003064
WTM,39,tm,92.92,0.2145525840001028,0.05873438500020711
WTM,40,tm,92.86999999999999,0.21825589899981424,0.05889823699999397
WTM,41,tm,92.71000000000001,0.21277343900010237,0.05884905399989293
WTM,42,tm,93.23,0.21806870600039474,0.05662138800016692
WTM,43,tm,92.49000000000001,0.21627895600022384,0.0576383069997064
WTM,44,tm,91.77,0.2154072839998662,0.05778798299979826
WTM,45,tm,93.87,0.21528187800004162,0.05796401199995671
WTM,46,tm,93.02,0.21922670899994046,0.058430230999874766
WTM,47,tm,93.51,0.21260427100014567,0.057200337999802287
WTM,48,tm,93.58999999999999,0.2122236539998994,0.057868850999966526
WTM,49,tm,91.47999999999999,0.2105193130000771,0.05903526299971418
WTM,50,tm,93.14,0.2105247300000883,0.058018569000068965
WTM,51,tm,92.78,0.21474526600013633,0.05868375099998957
WTM,52,tm,92.9,0.21901648200037016,0.05910925500029407
WTM,53,tm,93.58,0.22188480099976005,0.05850257400015835
WTM,54,tm,93.97999999999999,0.21827370800019708,0.058460985000238
WTM,55,tm,91.08000000000001,0.2176490889996785,0.059093006999773934
WTM,56,tm,92.96,0.21037701499972172,0.05783343400025842
WTM,57,tm,92.36999999999999,0.20951187199989363,0.058935743999882106
WTM,58,tm,92.97,0.21652749700024287,0.05732178699963697
WTM,59,tm,93.07,0.21388316100001248,0.05828748500016445
WTM,60,tm,92.78,0.21241584200015495,0.05799668000008751
WTM,61,tm,93.11,0.20915410199995677,0.05781695700034106
WTM,62,tm,92.75999999999999,0.20415340999988985,0.05763889800027755
WTM,63,tm,92.12,0.20569603600006303,0.05794585100011318
WTM,64,tm,92.93,0.2113542500001131,0.057744413999898825
WTM,65,tm,92.65,0.20799950499986153,0.05847219599991149
WTM,66,tm,93.38,0.21569162100013273,0.05786286099964855
WTM,67,tm,93.04,0.2100086430000374,0.05783762999999453
WTM,68,tm,93.41000000000001,0.21426372399992033,0.05687996199958434
WTM,69,tm,92.80000000000001,0.20653701900027954,0.057517405999988114
WTM,70,tm,93.28,0.21502677699982087,0.057973309000317386
WTM,71,tm,92.55,0.21631010800001604,0.05890317300008974
WTM,72,tm,91.81,0.21537921199978882,0.05847209700004896
WTM,73,tm,92.86,0.21135985699993398,0.05890873299995292
WTM,74,tm,93.37,0.21122363800031962,0.05704713899967828
WTM,75,tm,92.88,0.2179660580000018,0.058089999000003445
WTM,76,tm,92.44,0.21510988999989422,0.05804475500008266
WTM,77,tm,93.45,0.2100340239999241,0.05904039200004263
WTM,78,tm,92.88,0.21342472000014823,0.05736245099978987
WTM,79,tm,93.39,0.21029149500009225,0.05814461599993592
WTM,80,tm,93.37,0.21299881699997059,0.0571232920001421
WTM,81,tm,93.10000000000001,0.2186198599997624,0.05662902599988229
WTM,82,tm,93.36,0.2143046780001896,0.056765153000014834
WTM,83,tm,92.93,0.214516612999887,0.05867507199991451
WTM,84,tm,93.15,0.21369262200005323,0.05839172200012399
WTM,85,tm,93.47,0.21133595699984653,0.058235889000116
WTM,86,tm,93.30000000000001,0.21742167299998982,0.0569457470000998
WTM,87,tm,93.30000000000001,0.21374868599968977,0.056964137999784725
WTM,88,tm,93.72,0.21062533499980418,0.058355809999738995
WTM,89,tm,90.31,0.2066984660000344,0.057508451999638055
WTM,90,tm,93.43,0.21080359400002635,0.06035998700008349
WTM,91,tm,93.60000000000001,0.21384807799995542,0.05728232999990723
WTM,92,tm,92.74,0.21226229700005206,0.05725632100029543
WTM,93,tm,93.05,0.2112441009999202,0.058289536999836855
WTM,94,tm,92.92,0.21732511500022156,0.05947115499975553
WTM,95,tm,92.32000000000001,0.21316869900010715,0.057721123000192165
WTM,96,tm,92.61,0.2102217270003166,0.058885127999928955
WTM,97,tm,92.84,0.21018976899995323,0.058316765000199666
WTM,98,tm,93.64,0.2102910589997009,0.058495218999723875
WTM,99,tm,93.56,0.2237348679996103,0.05814400500003103
WTM,100,tm,93.63,0.20436337000001004,0.057653090999792767
WTM,101,tm,93.19,0.2061758039999404,0.05862631299987697
WTM,102,tm,93.66,0.21350515899985112,0.057662632999836205
WTM,103,tm,92.72,0.20934316000011677,0.058344451999801095
WTM,104,tm,93.23,0.2135673380003027,0.057372381999812205
WTM,105,tm,93.65,0.21041799700014963,0.058008737999898585
WTM,106,tm,93.63,0.21858040100005383,0.06023269299976164
WTM,107,tm,93.31,0.2197268630002327,0.059569923000253766
WTM,108,tm,93.28,0.2146891960001085,0.058195151000290934
WTM,109,tm,93.22,0.2112988110002334,0.05818414900022617
WTM,110,tm,93.63,0.21577222299993082,0.05967331500005457
WTM,111,tm,93.07,0.21336448100009875,0.058057476000158204
WTM,112,tm,93.87,0.2110947500000293,0.05984807200002251
WTM,113,tm,94.28999999999999,0.20671387399988816,0.058606507999684254
WTM,114,tm,93.2,0.21060713599990777,0.05978733599977204
WTM,115,tm,93.54,0.20966895599985946,0.0575989409999238
WTM,116,tm,93.82000000000001,0.2161962980003409,0.06351185099993018
WTM,117,tm,93.28,0.21088514199982455,0.059006428999964555
WTM,118,tm,92.62,0.21781672400038588,0.05830817800006116
WTM,119,tm,92.7,0.20499352100023316,0.0581266509998386
WTM,120,tm,92.41,0.20625039600008677,0.05773791399997208
WTM,121,tm,93.22,0.21250978900025075,0.05771130799985258
WTM,122,tm,92.51,0.21057612699996753,0.05771067399973617
WTM,123,tm,92.94,0.20784867100019255,0.058711182000024564
WTM,124,tm,93.28,0.20912670799998523,0.058564406000186864
WTM,125,tm,93.83,0.2076872149996234,0.056927577999886125
WTM,126,tm,93.65,0.21571295700005066,0.05852089000018168
WTM,127,tm,93.42,0.21604806200002713,0.06380136500001754
WTM,128,tm,93.60000000000001,0.20746819299984054,0.05811793000020771
WTM,129,tm,93.10000000000001,0.20913672400001815,0.060582251000141696
WTM,130,tm,92.93,0.20261700800028848,0.05796402299984038
WTM,131,tm,92.99,0.21417702300004748,0.05749175599976297
WTM,132,tm,93.2,0.21100970199995572,0.05871349900007772
WTM,133,tm,92.78999999999999,0.20479334599986032,0.05786257999989175
WTM,134,tm,94.15,0.21078403100000287,0.05806849999999031
WTM,135,tm,93.53,0.20689769399996294,0.058041496999976516
WTM,136,tm,93.27,0.21645049199969435,0.05793503899985808
WTM,137,tm,93.35,0.21262060800017935,0.0595609259999037
WTM,138,tm,93.67,0.20887994899976547,0.05868873300005362
WTM,139,tm,92.64,0.2118576809998558,0.060913076999895566
WTM,140,tm,93.15,0.215460322999661,0.05804702100022041
WTM,141,tm,93.61,0.21461339000006774,0.05899495499988916
WTM,142,tm,93.53,0.21958719299982477,0.0577009899998302
WTM,143,tm,93.16,0.21068398400029764,0.05920790400023179
WTM,144,tm,93.38,0.21061658600001465,0.057488479999847186
WTM,145,tm,93.75,0.20564640900011,0.05702394799982358
WTM,146,tm,93.17,0.21177712300004714,0.05796285499991427
WTM,147,tm,92.42,0.21301793000020552,0.057587414999943576
WTM,148,tm,93.37,0.2084867549997398,0.0585604439997951
WTM,149,tm,93.60000000000001,0.20838922500024637,0.058593417999873054
WTM,150,tm,93.37,0.20989685799986546,0.058089826000014
WTM,151,tm,93.8,0.20623153800033833,0.05747485300025801
WTM,152,tm,93.26,0.21145822700009376,0.05787876699969274
WTM,153,tm,93.53,0.205127050000101,0.059236499999769876
WTM,154,tm,93.03,0.20596998800010624,0.05902705300013622
WTM,155,tm,93.21000000000001,0.20812819899992974,0.05875689699996656
WTM,156,tm,92.22,0.2111952109999038,0.05915207499992903
WTM,157,tm,92.75,0.21395433699990463,0.05729112200015152
WTM,158,tm,92.25,0.21505605700031083,0.057929331000195816
WTM,159,tm,93.13,0.20975515100008124,0.059332061000077374
WTM,160,tm,93.78999999999999,0.21134625600006984,0.05752615999972477
WTM,161,tm,93.36,0.20791056600000957,0.057890235999821016
WTM,162,tm,93.46,0.2158779740002501,0.059715047999816306
WTM,163,tm,93.92,0.2122156600003109,0.05861507300005542
WTM,164,tm,94.15,0.21109736100015652,0.05878156000017043
WTM,165,tm,93.58999999999999,0.20983886999965762,0.058476700999563036
WTM,166,tm,93.0,0.20852432799983944,0.05766191600014281
WTM,167,tm,93.72,0.2088764430000083,0.05949697999994896
WTM,168,tm,93.74,0.2100078759999633,0.0574948379999114
WTM,169,tm,93.83,0.20664823600009186,0.05854259799980355
WTM,170,tm,93.65,0.208904937999705,0.05906720699977086
WTM,171,tm,93.17999999999999,0.20837600000004386,0.05942240100011986
WTM,172,tm,93.84,0.2145636810000724,0.06013574600001448
WTM,173,tm,93.23,0.21622907100027078,0.057846753999911016
WTM,174,tm,93.47,0.21043808800004626,0.05856073799986916
WTM,175,tm,93.61,0.21636610299992753,0.059342023999761295
WTM,176,tm,93.28999999999999,0.2095010790003471,0.05872786099962468
WTM,177,tm,93.06,0.21218510499966214,0.06021861099998205
WTM,178,tm,92.96,0.20916682799997943,0.05819863099986833
WTM,179,tm,93.5,0.21706650999976773,0.056771406999814644
WTM,180,tm,93.67,0.20895004100020742,0.058857877000264125
WTM,181,tm,93.10000000000001,0.21483307400012563,0.05891722200021832
WTM,182,tm,93.12,0.2053046600003654,0.05931381299978966
WTM,183,tm,93.92,0.20712962800007517,0.05915128000015102
WTM,184,tm,94.01,0.20579194199990525,0.057275711000329466
WTM,185,tm,92.78999999999999,0.20837061500014897,0.05767625599992243
WTM,186,tm,94.11,0.21053221900001517,0.060719262000020535
WTM,187,tm,93.14,0.21271988699982103,0.05837025900018489
WTM,188,tm,93.55,0.2133160799999132,0.06072134600026402
WTM,189,tm,93.49,0.2118855319999966,0.057793318000221916
WTM,190,tm,93.67999999999999,0.21845903699977498,0.06368845199995121
WTM,191,tm,93.53,0.21244685200008462,0.05878086899974733
WTM,192,tm,93.47999999999999,0.21578120499998477,0.05882767499997499
WTM,193,tm,92.58999999999999,0.21270995799977754,0.05664494999973613
WTM,194,tm,91.81,0.20719946200006234,0.05871525000020483
WTM,195,tm,92.47,0.2162860250000449,0.059237743000267074
WTM,196,tm,91.47999999999999,0.2036082399999941,0.058137570999861055
WTM,197,tm,92.64,0.20881391300008545,0.05672944899970389
WTM,198,tm,93.05,0.21052086300005612,0.057705611000073986
WTM,199,tm,94.03,0.21015531100010776,0.057827668999834714
WTM,200,tm,94.3,0.21522399800005587,0.058099126999877626
WTM,201,tm,94.39999999999999,0.2103497480002261,0.05796122100036882
WTM,202,tm,93.78,0.21454277499969976,0.05771221000031801
WTM,203,tm,93.77,0.21194362500000352,0.05801423799994154
WTM,204,tm,93.72,0.21016142500002388,0.05832976400006373
WTM,205,tm,92.77,0.2070913610000389,0.05816686300022411
WTM,206,tm,92.89,0.21104299800026638,0.058099046000279486
WTM,207,tm,94.05,0.2130168099997718,0.05755177800028832
WTM,208,tm,93.65,0.2118977619998077,0.059788790000311565
WTM,209,tm,92.25,0.20802435799987506,0.0564002419996541
WTM,210,tm,92.97,0.21228989900009765,0.05882443799964676
WTM,211,tm,93.75,0.21069449599963264,0.058591782999883435
WTM,212,tm,93.28999999999999,0.21413228699975662,0.0593581240000276
WTM,213,tm,93.25,0.2239911779997783,0.05807576999995945
WTM,214,tm,93.66,0.21112579700002243,0.057193439999991824
WTM,215,tm,93.08999999999999,0.21835309600010078,0.05914469600020311
WTM,216,tm,93.69,0.22032009500026106,0.06384720100004415
WTM,217,tm,93.08999999999999,0.20802189000005455,0.05917827600023884
WTM,218,tm,93.23,0.20956339500025933,0.05875581100008276
WTM,219,tm,93.55,0.20828141099991626,0.05780993899998066
WTM,220,tm,94.05,0.208028744999865,0.05763682199994946
WTM,221,tm,93.77,0.20906055800014656,0.05838159699987955
WTM,222,tm,92.67999999999999,0.20706303900033163,0.05882301899964659
WTM,223,tm,90.58,0.208382550999886,0.058190416999877925
WTM,224,tm,93.60000000000001,0.20171649299982164,0.05717070499986221
WTM,225,tm,92.33,0.20322898700032965,0.05820353900026021
WTM,226,tm,93.24,0.21789559399985592,0.0584458840003208
WTM,227,tm,92.67999999999999,0.21032113999990543,0.05873886999961542
WTM,228,tm,93.67,0.2057649630000924,0.05973160999974425
WTM,229,tm,94.12,0.21116474499967808,0.058297475000017585
WTM,230,tm,93.03,0.20704938099970605,0.0584928849998505
WTM,231,tm,94.08999999999999,0.20891631999984384,0.05709096300006422
WTM,232,tm,93.25,0.2089781210002002,0.05933004000007713
WTM,233,tm,92.49000000000001,0.21128989999988335,0.05748897100011163
WTM,234,tm,92.58999999999999,0.21620000899974912,0.0571126469999399
WTM,235,tm,93.65,0.20885216400029094,0.05747771400001511
WTM,236,tm,91.83,0.21311349799998425,0.0586299249998774
WTM,237,tm,93.28999999999999,0.20679512000015166,0.058378225000069506
WTM,238,tm,93.43,0.20961043400029666,0.05824875099960991
WTM,239,tm,93.33,0.21172625600001993,0.05842202600024393
WTM,240,tm,93.89999999999999,0.2121984320001502,0.05989712399968994
WTM,241,tm,92.99,0.21202793299971745,0.057615798999904655
WTM,242,tm,93.12,0.21817222799973024,0.057948742999997194
WTM,243,tm,93.78,0.21016235499973845,0.059349930999815115
WTM,244,tm,92.80000000000001,0.2136327559996971,0.05892557799961651
WTM,245,tm,93.42,0.2197076930001458,0.0596926070002155
WTM,246,tm,93.21000000000001,0.21549620699988736,0.05883540800004994
WTM,247,tm,93.27,0.21072336699990046,0.057691278000220336
WTM,248,tm,93.25,0.2103270109996629,0.05918342599989046
WTM,249,tm,93.81,0.20594525000024078,0.05786113100020884
WTM,250,tm,93.93,0.21619698099993911,0.05759213500004989
WTM,251,tm,94.39,0.21039640799972403,0.05819526899995253
WTM,252,tm,93.38,0.21137924000004205,0.05733002800025133
WTM,253,tm,93.12,0.21122757700004513,0.05720207800004573
WTM,254,tm,93.52000000000001,0.20759869000039544,0.057534404000307404
WTM,255,tm,93.30000000000001,0.2103712389998691,0.057965257999967434
WTM,256,tm,93.13,0.22050252700000783,0.05861046600011832
WTM,257,tm,93.58999999999999,0.21415784600003462,0.057941427000059775
WTM,258,tm,92.74,0.21486350100030904,0.05820810999966852
WTM,259,tm,93.69,0.21356513399996402,0.05836053599978186
WTM,260,tm,92.66,0.21189936099972329,0.05842365199987398
WTM,261,tm,92.35,0.20923203399979684,0.05738698300001488
WTM,262,tm,93.52000000000001,0.2091635359997781,0.05920382799968138
WTM,263,tm,93.52000000000001,0.21024634199966385,0.06040952300008939
WTM,264,tm,93.07,0.21182773300006374,0.05799290300001303
WTM,265,tm,93.42,0.20893620700007887,0.05848696099974404
WTM,266,tm,93.56,0.2129039550000016,0.058488172000124905
WTM,267,tm,94.08,0.2108174620002501,0.056646707999789214
WTM,268,tm,92.97999999999999,0.20295270899987372,0.05649924000044848
WTM,269,tm,93.38,0.20825541400017755,0.05800186099986604
WTM,270,tm,93.14,0.2156143250003879,0.05764137300002403
WTM,271,tm,93.47999999999999,0.20887089200004993,0.05844769500026814
WTM,272,tm,93.56,0.2142054759997336,0.05742082200004006
WTM,273,tm,93.63,0.20519664799985549,0.058321289000105025
WTM,274,tm,92.52,0.20508488199993735,0.05794621399991229
WTM,275,tm,92.71000000000001,0.21341468399987207,0.057714302000022144
WTM,276,tm,93.89,0.2128069560003496,0.05652676599993356
WTM,277,tm,93.54,0.2089794210000946,0.05907871099998374
WTM,278,tm,92.63,0.21376360000022032,0.05732048699974257
WTM,279,tm,93.03,0.2072713009997642,0.057873890999871946
WTM,280,tm,93.52000000000001,0.2107003179999083,0.05718632699972659
WTM,281,tm,93.99,0.20802898200008713,0.05655705599974681
WTM,282,tm,93.89,0.2145258659998035,0.05813548400010404
WTM,283,tm,94.31,0.226117578999947,0.05736977200012916
WTM,284,tm,93.27,0.21382502400001613,0.05906301799996072
WTM,285,tm,93.47,0.2068294139999125,0.05705494700032432
WTM,286,tm,93.97,0.21322314300005019,0.0591561350001939
WTM,287,tm,92.7,0.21677856599990264,0.05821533400012413
WTM,288,tm,94.17,0.209469653999804,0.0583973299999343
WTM,289,tm,93.31,0.20591603799994118,0.059050624000065
WTM,290,tm,92.75999999999999,0.21266226999978244,0.05848014299999704
WTM,291,tm,93.78999999999999,0.20837889999984327,0.05928517999973337
WTM,292,tm,93.39,0.2044233520000489,0.05843819400024586
WTM,293,tm,94.34,0.20821221599999262,0.058843733000230714
WTM,294,tm,93.47,0.20899417700002232,0.057442890999936935
WTM,295,tm,94.12,0.20861836499989295,0.058022858000185806
WTM,296,tm,93.77,0.21300701800009847,0.05897650800034171
WTM,297,tm,93.66,0.20385785500002385,0.0588002360000246
WTM,298,tm,93.74,0.20995825799991508,0.06673362499986979
WTM,299,tm,93.8,0.21052615899998273,0.05992535099994711
WTM,300,tm,93.24,0.20910318400001415,0.06030542400003469
WTM,301,tm,94.06,0.21361179800032914,0.061193070000172156
WTM,302,tm,92.58,0.20814942299966788,0.06052510800009259
WTM,303,tm,93.52000000000001,0.21973362499966242,0.060375535000275704
WTM,304,tm,93.83,0.2083992920001947,0.05846272799999497
WTM,305,tm,93.64,0.21020926899973347,0.05822372300008283
WTM,306,tm,92.57,0.20846006300007502,0.05909117500004868
WTM,307,tm,93.08999999999999,0.2096149690000857,0.058733040999868535
WTM,308,tm,93.01,0.2090319039998576,0.058333332000074734
WTM,309,tm,93.74,0.21762179400002424,0.05893609600025229
WTM,310,tm,94.42,0.21382410200021695,0.058175509000193415
WTM,311,tm,93.44,0.20727230200009217,0.058743831000356295
WTM,312,tm,93.02,0.21294841300004919,0.05964377700001933
WTM,313,tm,93.60000000000001,0.2083721730000434,0.06112718099984704
WTM,314,tm,93.85,0.21574129000009634,0.058735019999858196
WTM,315,tm,93.23,0.21175777799999196,0.05913834700004372
WTM,316,tm,93.15,0.21071667700016405,0.05933653800002503
WTM,317,tm,92.04,0.21468594299994948,0.05755635299965434
WTM,318,tm,93.47,0.21456295200005115,0.05886359799978891
WTM,319,tm,92.58,0.20499416299981021,0.05845507000003636
WTM,320,tm,92.75999999999999,0.21318956699997216,0.05784534199983682
WTM,321,tm,92.34,0.2078123780001988,0.05709511799977918
WTM,322,tm,93.78999999999999,0.20875528099986695,0.0574027859997841
WTM,323,tm,93.22,0.21495294600026682,0.05773830899988752
WTM,324,tm,92.81,0.2119538739998461,0.05835723500013046
WTM,325,tm,92.25,0.20730486799993741,0.05928349099986008
WTM,326,tm,93.75,0.21254600200018103,0.05988483400005862
WTM,327,tm,94.02000000000001,0.20780550900008166,0.057040186999984144
WTM,328,tm,92.94,0.20777530200030014,0.058548680000058084
WTM,329,tm,93.56,0.20762966999973287,0.05754115499985346
WTM,330,tm,92.33,0.2113484299998163,0.05923235199998089
WTM,331,tm,93.23,0.21247099500033073,0.0576643179997518
WTM,332,tm,93.47,0.21326722300000256,0.058856581000327424
WTM,333,tm,92.85,0.21092290600017805,0.06013795200033201
WTM,334,tm,93.13,0.20660841500011884,0.05779695000001084
WTM,335,tm,93.7,0.20886425900016548,0.05807431400035057
WTM,336,tm,93.97,0.20646188899991103,0.05828055400024823
WTM,337,tm,94.08,0.2109618480003519,0.05841726299968286
WTM,338,tm,94.14,0.21273288900010812,0.057147415000144974
WTM,339,tm,93.30000000000001,0.20804911799996262,0.06106859700003042
WTM,340,tm,93.83,0.21574842100017122,0.0654245659998196
WTM,341,tm,93.91000000000001,0.20688469700007772,0.05811039800028084
WTM,342,tm,93.36,0.20593480100023953,0.059830388000136736
WTM,343,tm,94.19999999999999,0.21447319199978665,0.05767086300011215
WTM,344,tm,93.37,0.20839791600019453,0.057799138000063977
WTM,345,tm,93.97,0.20972274099995047,0.05710508700030914
WTM,346,tm,93.67999999999999,0.2122652640000524,0.05805576900002052
WTM,347,tm,94.19,0.20714967399999296,0.05763870200007659
WTM,348,tm,94.34,0.2119371570001931,0.05771731100003308
WTM,349,tm,93.47,0.21617280600003141,0.06029755800000203
WTM,350,tm,92.85,0.21647805000020526,0.05764637699985542
WTM,351,tm,94.44,0.20941385400010404,0.05887298300012844
WTM,352,tm,93.93,0.20782880099977774,0.05769765199966059
WTM,353,tm,94.14,0.20608243000015136,0.05805276699993556
WTM,354,tm,93.88,0.2124638860000232,0.05812780899987047
WTM,355,tm,93.21000000000001,0.21104968100007682,0.05925156200009951
WTM,356,tm,93.12,0.2155345349997333,0.058354182000130095
WTM,357,tm,93.28999999999999,0.2063057300001674,0.05857516300011412
WTM,358,tm,93.37,0.20738342199956605,0.05807110099976853
WTM,359,tm,93.13,0.20834538600001906,0.05890849099978368
WTM,360,tm,93.15,0.21575877500026763,0.057732493999992585
WTM,361,tm,93.73,0.20805243399991014,0.05769902900010493
WTM,362,tm,93.67999999999999,0.20307490200002576,0.059311586000148964
WTM,363,tm,93.03,0.20857845000000452,0.057572128999709093
WTM,364,tm,93.87,0.21193787500033068,0.05788603000019066
WTM,365,tm,92.54,0.20552134899980956,0.057363218999853416
WTM,366,tm,94.08,0.22100685500026884,0.057649521000257664
WTM,367,tm,94.1,0.21910200599995733,0.05789530999982162
WTM,368,tm,93.94,0.21030788699999903,0.05966354699967269
WTM,369,tm,93.30000000000001,0.20846361900021293,0.057285979999960546
WTM,370,tm,94.35,0.2104704700000184,0.05965213699982996
WTM,371,tm,93.15,0.2093864379999104,0.05845701199996256
WTM,372,tm,93.66,0.21555396299982021,0.05897627700005614
WTM,373,tm,93.14,0.2124498630000744,0.05979113100011091
WTM,374,tm,92.27,0.21522667799990813,0.06276447700020071
WTM,375,tm,93.14,0.21249354299970946,0.059106200999849534
WTM,376,tm,93.95,0.21296373199993468,0.05682587599994804
WTM,377,tm,93.66,0.20663019099993107,0.058241038999767625
WTM,378,tm,93.32000000000001,0.20914656900004047,0.05825640100010787
WTM,379,tm,93.52000000000001,0.206827340000018,0.058776465999926586
WTM,380,tm,93.17999999999999,0.20581705300037356,0.05959334299996044
WTM,381,tm,92.61,0.20852577400000882,0.060653401000308804
WTM,382,tm,93.61,0.2066724350002005,0.0596006280002257
WTM,383,tm,94.33,0.2134921380002197,0.058504567999989376
WTM,384,tm,92.94,0.20921248100012235,0.05905422699970586
WTM,385,tm,92.78,0.20724019699991914,0.059642900000199006
WTM,386,tm,93.4,0.2106836320003822,0.05753692400003274
WTM,387,tm,93.53,0.21455832899982852,0.0580913909998344
WTM,388,tm,93.32000000000001,0.21079072300017287,0.058148350000010396
WTM,389,tm,94.36,0.2111538239996662,0.05802105000020674
WTM,390,tm,93.42,0.20826048999970226,0.059477266000158124
WTM,391,tm,92.69,0.20896800399987114,0.05980260800015458
WTM,392,tm,93.04,0.20439838599986615,0.0595681820000209
WTM,393,tm,93.64,0.2056362620000982,0.05863310599988836
WTM,394,tm,92.32000000000001,0.20576213000003918,0.0585623880001549
WTM,395,tm,94.26,0.20412072199997056,0.057365174000096886
WTM,396,tm,93.45,0.21312913600013417,0.05876369799989334
WTM,397,tm,93.85,0.20396275900020555,0.056768909000311396
WTM,398,tm,92.4,0.20677670000031867,0.05814019300032669
WTM,399,tm,93.17,0.20942650000006324,0.058641569999963394
WTM,400,tm,93.26,0.2101509399999486,0.0589279720002196
WTM,401,tm,93.22,0.20914759500010405,0.057937024000239035
WTM,402,tm,93.89999999999999,0.2144705660002728,0.05796947499993621
WTM,403,tm,92.80000000000001,0.2171770390000347,0.05837364700028047
WTM,404,tm,93.31,0.21438659199975518,0.05806654499974684
WTM,405,tm,93.46,0.2135581539996565,0.05717333399979907
WTM,406,tm,93.65,0.20985257899974386,0.05966771399971549
WTM,407,tm,92.67999999999999,0.21187668299990037,0.05768947599972307
WTM,408,tm,93.19,0.20801292299984198,0.05840033399999811
WTM,409,tm,94.06,0.2099340019999545,0.0597293969999555
WTM,410,tm,93.30000000000001,0.20365584699993633,0.058745316000113235
WTM,411,tm,92.2,0.21506636100002652,0.059959455000353046
WTM,412,tm,93.44,0.2054006160001336,0.05882603000009112
WTM,413,tm,93.55,0.2093260689998715,0.05881671600036498
WTM,414,tm,92.02,0.20977208800013614,0.05773948400019435
WTM,415,tm,93.22,0.20775517299989588,0.05831426200029455
WTM,416,tm,93.72,0.20382355299989285,0.05716216400014673
WTM,417,tm,93.26,0.20862623900029575,0.057480173999920225
WTM,418,tm,93.32000000000001,0.20774341400010599,0.05760811099980856
WTM,419,tm,93.13,0.21197987400000784,0.05996662000006836
WTM,420,tm,93.58999999999999,0.20953629800033013,0.057204777999686485
WTM,421,tm,93.27,0.21031505100017966,0.059087073000227974
WTM,422,tm,92.17,0.2061612839997906,0.06030734800015125
WTM,423,tm,92.89,0.20670335500017245,0.058536987000024965
WTM,424,tm,93.27,0.21056129899989173,0.05933304500013037
WTM,425,tm,94.21000000000001,0.20863621299986335,0.05876135800008342
WTM,426,tm,93.33,0.21211949100006677,0.06065547800017157
WTM,427,tm,93.17,0.2182141110001794,0.057761867999943206
WTM,428,tm,93.4,0.2117190369999662,0.05764979300010964
WTM,429,tm,93.78,0.20945362199972806,0.05844452400015143
WTM,430,tm,94.42,0.20882664900000236,0.05841039799997816
WTM,431,tm,93.33,0.20794002100001308,0.057994225999664195
WTM,432,tm,93.7,0.20870635599976595,0.05736062400001174
WTM,433,tm,93.5,0.20772812100040028,0.05978476399968713
WTM,434,tm,93.38,0.20757576300002256,0.057938203000048816
WTM,435,tm,94.15,0.20591190499999357,0.05790023800000199
WTM,436,tm,94.42,0.20663247699985732,0.0586196529998233
WTM,437,tm,93.64,0.20664181000029203,0.05724888500026282
WTM,438,tm,93.4,0.20558598599973266,0.05749385700028142
WTM,439,tm,93.41000000000001,0.21188917199970092,0.056912051999916
WTM,440,tm,93.27,0.2104088729997784,0.058123887999954604
WTM,441,tm,93.82000000000001,0.20508471700031805,0.05911263899997721
WTM,442,tm,94.04,0.20661234499993952,0.058086311999886675
WTM,443,tm,92.33,0.21008830199980366,0.05774534500005757
WTM,444,tm,93.66,0.20574674299996332,0.05779161999998905
WTM,445,tm,93.95,0.20977876999995715,0.0581455809997351
WTM,446,tm,93.54,0.20865242199988643,0.05830710400005046
WTM,447,tm,93.96,0.20876981299988984,0.05864619000021776
WTM,448,tm,94.03,0.20045627999979843,0.057931551999899966
WTM,449,tm,92.64,0.2069528629999695,0.058270919999813486
WTM,450,tm,94.22,0.20636035999996238,0.05822400099987135
WTM,451,tm,92.69,0.2098003409996636,0.05861147800032995
WTM,452,tm,93.87,0.20796523700028047,0.057220220000090194
WTM,453,tm,93.89,0.20761481999988973,0.05807585200000176
WTM,454,tm,92.96,0.21339228399983767,0.06328267000026244
WTM,455,tm,93.25,0.209105862999877,0.0579169819998242
WTM,456,tm,93.97,0.21134498899982646,0.05849349100026302
WTM,457,tm,93.89999999999999,0.20202160600001662,0.05772486200021376
WTM,458,tm,93.21000000000001,0.20755951699993602,0.05759712400003991
WTM,459,tm,93.84,0.20684599500009426,0.05840371900012542
WTM,460,tm,94.01,0.20948532300008083,0.058230271999946126
WTM,461,tm,93.04,0.20750002900012987,0.05775277400016421
WTM,462,tm,93.67,0.20813014700024723,0.058264278000024206
WTM,463,tm,93.28999999999999,0.2106699999999364,0.05810639000037554
WTM,464,tm,92.92,0.20894723799983694,0.057320128999890585
WTM,465,tm,93.97999999999999,0.20890765800004374,0.05838452200032407
WTM,466,tm,93.30000000000001,0.20856628499996077,0.05832668299990473
WTM,467,tm,93.52000000000001,0.2080498569998781,0.05774790199984636
WTM,468,tm,92.97999999999999,0.2059288089999427,0.057578331000058824
WTM,469,tm,92.23,0.20653671799982476,0.056951033999666834
WTM,470,tm,93.61,0.2096166829996946,0.05854792299987821
WTM,471,tm,93.64,0.2119697820003239,0.05951350099985575
WTM,472,tm,92.97,0.215933884000151,0.05826609499990809
WTM,473,tm,92.78999999999999,0.21570343499979572,0.05753914099977919
WTM,474,tm,92.82000000000001,0.20441966199996386,0.056493716000204586
WTM,475,tm,90.32,0.20990786800030037,0.06066207200001372
WTM,476,tm,94.26,0.2076591790000748,0.05693675899965456
WTM,477,tm,93.52000000000001,0.20059221800011073,0.056236109000110446
WTM,478,tm,92.86999999999999,0.20656397399989146,0.05855975300028149
WTM,479,tm,92.86999999999999,0.20467164899991985,0.05924610300007771
WTM,480,tm,93.28999999999999,0.21185479199994006,0.05767856700003904
WTM,481,tm,93.16,0.20907099000032758,0.05661051499964742
WTM,482,tm,93.28999999999999,0.2070556039998337,0.05814819999977772
WTM,483,tm,93.01,0.2103097579997666,0.05796732399994653
WTM,484,tm,93.89,0.21030415799987168,0.06558495199988101
WTM,485,tm,93.74,0.20920102800027962,0.05874147800022911
WTM,486,tm,93.30000000000001,0.21081549699965763,0.06598131100008686
WTM,487,tm,93.11,0.20635279799989803,0.05906664500025727
WTM,488,tm,94.07,0.2084226659999331,0.05817792800007737
WTM,489,tm,93.66,0.21236402600015936,0.05730055499998343
WTM,490,tm,93.31,0.21819872800006124,0.058932936000019254
WTM,491,tm,94.23,0.20578813700012688,0.05720921400006773
WTM,492,tm,93.07,0.21265489999996134,0.05971425400002772
WTM,493,tm,93.60000000000001,0.20722623900019244,0.05825007200019172
WTM,494,tm,92.96,0.2175824079999984,0.059060679000140226
WTM,495,tm,91.86999999999999,0.20666352699981871,0.05815274699989459
WTM,496,tm,93.38,0.20548852899992198,0.057537446999958775
WTM,497,tm,93.72,0.20718212500014488,0.05588248599997314
WTM,498,tm,93.49,0.209395670000049,0.057877219000147306
WTM,499,tm,93.37,0.20280118799973934,0.05766130299980432
WTM,500,tm,93.26,0.20907857200018043,0.05881345699981466
WTM-NN,1,tm,87.75,0.3216392200001792,0.05687300099998538
WTM-NN,2,tm,89.5,0.2716606609997143,0.056762622999940504
WTM-NN,3,tm,89.29,0.2587741909997021,0.05647259700026552
WTM-NN,4,tm,91.49000000000001,0.2527952330001426,0.058004701000299974
WTM-NN,5,tm,91.78,0.24875734599982025,0.057729731000108586
WTM-NN,6,tm,91.2,0.2346561419999489,0.0558116769998378
WTM-NN,7,tm,91.81,0.2352945739999086,0.058606662999864056
WTM-NN,8,tm,92.10000000000001,0.2454576149998502,0.05648101199994926
WTM-NN,9,tm,92.74,0.23637018099998386,0.05685915899994143
WTM-NN,10,tm,92.33,0.2372150819996932,0.05713587300033396
WTM-NN,11,tm,92.17999999999999,0.22858542600033616,0.05709949499987488
WTM-NN,12,tm,92.22,0.2273734670002341,0.056917215999874315
WTM-NN,13,tm,91.27,0.23229247400013264,0.05706836099989232
WTM-NN,14,tm,92.25,0.23129820399981327,0.057473607000247284
WTM-NN,15,tm,91.79,0.2224428149997948,0.05771991200026605
WTM-NN,16,tm,92.57,0.22993874499979938,0.05767229799994311
WTM-NN,17,tm,92.46,0.23298249599974952,0.05760653600009391
WTM-NN,18,tm,92.38,0.22102738200010208,0.05696678399999655
WTM-NN,19,tm,92.25999999999999,0.2200370919999841,0.055464058999859844
WTM-NN,20,tm,92.22,0.21836837000000742,0.05699543599985191
WTM-NN,21,tm,93.0,0.22355380199996944,0.05893335900009333
WTM-NN,22,tm,92.56,0.2260914309999862,0.057349625999904674
WTM-NN,23,tm,93.04,0.21830715999976746,0.058128920000399376
WTM-NN,24,tm,93.43,0.2240361959998154,0.05717748899996877
WTM-NN,25,tm,92.71000000000001,0.2264027639998858,0.05718028199999026
WTM-NN,26,tm,92.82000000000001,0.2230904279999777,0.057903087999875424
WTM-NN,27,tm,92.54,0.22288568300018596,0.0587306309998894
WTM-NN,28,tm,92.47,0.22621033499990517,0.05842010600008507
WTM-NN,29,tm,92.83,0.22334886499993445,0.05825133200005439
WTM-NN,30,tm,93.13,0.22601878100022077,0.0573739060000662
WTM-NN,31,tm,93.34,0.2191191130000334,0.05722713200020735
WTM-NN,32,tm,92.80000000000001,0.217235898999661,0.059246378999887384
WTM-NN,33,tm,92.09,0.23063865899985103,0.057637430999875505
WTM-NN,34,tm,93.05,0.2217127559997607,0.05767250700000659
WTM-NN,35,tm,93.03,0.21371117700027753,0.05930390699995769
WTM-NN,36,tm,92.06,0.21915050799998426,0.05842493699992701
WTM-NN,37,tm,92.88,0.2187359029999243,0.05839952099995571
WTM-NN,38,tm,93.04,0.2187156509999113,0.0603668890003064
WTM-NN,39,tm,92.92,0.2145525840001028,0.05873438500020711
WTM-NN,40,tm,92.86999999999999,0.21825589899981424,0.05889823699999397
WTM-NN,41,tm,92.71000000000001,0.21277343900010237,0.05884905399989293
WTM-NN,42,tm,93.23,0.21806870600039474,0.05662138800016692
WTM-NN,43,tm,92.49000000000001,0.21627895600022384,0.0576383069997064
WTM-NN,44,tm,91.77,0.2154072839998662,0.05778798299979826
WTM-NN,45,tm,93.87,0.21528187800004162,0.05796401199995671
WTM-NN,46,tm,93.02,0.21922670899994046,0.058430230999874766
WTM-NN,47,tm,93.51,0.21260427100014567,0.057200337999802287
WTM-NN,48,tm,93.58999999999999,0.2122236539998994,0.057868850999966526
WTM-NN,49,tm,91.47999999999999,0.2105193130000771,0.05903526299971418
WTM-NN,50,tm,93.14,0.2105247300000883,0.058018569000068965
WTM-NN,51,tm,92.78,0.21474526600013633,0.05868375099998957
WTM-NN,52,tm,92.9,0.21901648200037016,0.05910925500029407
WTM-NN,53,tm,93.58,0.22188480099976005,0.05850257400015835
WTM-NN,54,tm,93.97999999999999,0.21827370800019708,0.058460985000238
WTM-NN,55,tm,91.08000000000001,0.2176490889996785,0.059093006999773934
WTM-NN,56,tm,92.96,0.21037701499972172,0.05783343400025842
WTM-NN,57,tm,92.36999999999999,0.20951187199989363,0.058935743999882106
WTM-NN,58,tm,92.97,0.21652749700024287,0.05732178699963697
WTM-NN,59,tm,93.07,0.21388316100001248,0.05828748500016445
WTM-NN,60,tm,92.78,0.21241584200015495,0.05799668000008751
WTM-NN,61,tm,93.11,0.20915410199995677,0.05781695700034106
WTM-NN,62,tm,92.75999999999999,0.20415340999988985,0.05763889800027755
WTM-NN,63,tm,92.12,0.20569603600006303,0.05794585100011318
WTM-NN,64,tm,92.93,0.2113542500001131,0.057744413999898825
WTM-NN,65,tm,92.65,0.20799950499986153,0.05847219599991149
WTM-NN,66,tm,93.38,0.21569162100013273,0.05786286099964855
WTM-NN,67,tm,93.04,0.2100086430000374,0.05783762999999453
WTM-NN,68,tm,93.41000000000001,0.21426372399992033,0.05687996199958434
WTM-NN,69,tm,92.80000000000001,0.20653701900027954,0.057517405999988114
WTM-NN,70,tm,93.28,0.21502677699982087,0.057973309000317386
WTM-NN,71,tm,92.55,0.21631010800001604,0.05890317300008974
WTM-NN,72,tm,91.81,0.21537921199978882,0.05847209700004896
WTM-NN,73,tm,92.86,0.21135985699993398,0.05890873299995292
WTM-NN,74,tm,93.37,0.21122363800031962,0.05704713899967828
WTM-NN,75,tm,92.88,0.2179660580000018,0.058089999000003445
WTM-NN,76,tm,92.44,0.21510988999989422,0.05804475500008266
WTM-NN,77,tm,93.45,0.2100340239999241,0.05904039200004263
WTM-NN,78,tm,92.88,0.21342472000014823,0.05736245099978987
WTM-NN,79,tm,93.39,0.21029149500009225,0.05814461599993592
WTM-NN,80,tm,93.37,0.21299881699997059,0.0571232920001421
WTM-NN,81,tm,93.10000000000001,0.2186198599997624,0.05662902599988229
WTM-NN,82,tm,93.36,0.2143046780001896,0.056765153000014834
WTM-NN,83,tm,92.93,0.214516612999887,0.05867507199991451
WTM-NN,84,tm,93.15,0.21369262200005323,0.05839172200012399
WTM-NN,85,tm,93.47,0.21133595699984653,0.058235889000116
WTM-NN,86,tm,93.30000000000001,0.21742167299998982,0.0569457470000998
WTM-NN,87,tm,93.30000000000001,0.21374868599968977,0.056964137999784725
WTM-NN,88,tm,93.72,0.21062533499980418,0.058355809999738995
WTM-NN,89,tm,90.31,0.2066984660000344,0.057508451999638055
WTM-NN,90,tm,93.43,0.21080359400002635,0.06035998700008349
WTM-NN,91,tm,93.60000000000001,0.21384807799995542,0.05728232999990723
WTM-NN,92,tm,92.74,0.21226229700005206,0.05725632100029543
WTM-NN,93,tm,93.05,0.2112441009999202,0.058289536999836855
WTM-NN,94,tm,92.92,0.21732511500022156,0.05947115499975553
WTM-NN,95,tm,92.32000000000001,0.21316869900010715,0.057721123000192165
WTM-NN,96,tm,92.61,0.2102217270003166,0.058885127999928955
WTM-NN,97,tm,92.84,0.21018976899995323,0.058316765000199666
WTM-NN,98,tm,93.64,0.2102910589997009,0.058495218999723875
WTM-NN,99,tm,93.56,0.2237348679996103,0.05814400500003103
WTM-NN,100,tm,93.63,0.20436337000001004,0.057653090999792767
WTM-NN,101,tm,93.19,0.2061758039999404,0.05862631299987697
WTM-NN,102,tm,93.66,0.21350515899985112,0.057662632999836205
WTM-NN,103,tm,92.72,0.20934316000011677,0.058344451999801095
WTM-NN,104,tm,93.23,0.2135673380003027,0.057372381999812205
WTM-NN,105,tm,93.65,0.21041799700014963,0.058008737999898585
WTM-NN,106,tm,93.63,0.21858040100005383,0.06023269299976164
WTM-NN,107,tm,93.31,0.2197268630002327,0.059569923000253766
WTM-NN,108,tm,93.28,0.2146891960001085,0.058195151000290934
WTM-NN,109,tm,93.22,0.2112988110002334,0.05818414900022617
WTM-NN,110,tm,93.63,0.21577222299993082,0.05967331500005457
WTM-NN,111,tm,93.07,0.21336448100009875,0.058057476000158204
WTM-NN,112,tm,93.87,0.2110947500000293,0.05984807200002251
WTM-NN,113,tm,94.28999999999999,0.20671387399988816,0.058606507999684254
WTM-NN,114,tm,93.2,0.21060713599990777,0.05978733599977204
WTM-NN,115,tm,93.54,0.20966895599985946,0.0575989409999238
WTM-NN,116,tm,93.82000000000001,0.2161962980003409,0.06351185099993018
WTM-NN,117,tm,93.28,0.21088514199982455,0.059006428999964555
WTM-NN,118,tm,92.62,0.21781672400038588,0.05830817800006116
WTM-NN,119,tm,92.7,0.20499352100023316,0.0581266509998386
WTM-NN,120,tm,92.41,0.20625039600008677,0.05773791399997208
WTM-NN,121,tm,93.22,0.21250978900025075,0.05771130799985258
WTM-NN,122,tm,92.51,0.21057612699996753,0.05771067399973617
WTM-NN,123,tm,92.94,0.20784867100019255,0.058711182000024564
WTM-NN,124,tm,93.28,0.20912670799998523,0.058564406000186864
WTM-NN,125,tm,93.83,0.2076872149996234,0.056927577999886125
WTM-NN,126,tm,93.65,0.21571295700005066,0.05852089000018168
WTM-NN,127,tm,93.42,0.21604806200002713,0.06380136500001754
WTM-NN,128,tm,93.60000000000001,0.20746819299984054,0.05811793000020771
WTM-NN,129,tm,93.10000000000001,0.20913672400001815,0.060582251000141696
WTM-NN,130,tm,92.93,0.20261700800028848,0.05796402299984038
WTM-NN,131,tm,92.99,0.21417702300004748,0.05749175599976297
WTM-NN,132,tm,93.2,0.21100970199995572,0.05871349900007772
WTM-NN,133,tm,92.78999999999999,0.20479334599986032,0.05786257999989175
WTM-NN,134,tm,94.15,0.21078403100000287,0.05806849999999031
WTM-NN,135,tm,93.53,0.20689769399996294,0.058041496999976516
WTM-NN,136,tm,93.27,0.21645049199969435,0.05793503899985808
WTM-NN,137,tm,93.35,0.21262060800017935,0.0595609259999037
WTM-NN,138,tm,93.67,0.20887994899976547,0.05868873300005362
WTM-NN,139,tm,92.64,0.2118576809998558,0.060913076999895566
WTM-NN,140,tm,93.15,0.215460322999661,0.05804702100022041
WTM-NN,141,tm,93.61,0.21461339000006774,0.05899495499988916
WTM-NN,142,tm,93.53,0.21958719299982477,0.0577009899998302
WTM-NN,143,tm,93.16,0.21068398400029764,0.05920790400023179
WTM-NN,144,tm,93.38,0.21061658600001465,0.057488479999847186
WTM-NN,145,tm,93.75,0.20564640900011,0.05702394799982358
WTM-NN,146,tm,93.17,0.21177712300004714,0.05796285499991427
WTM-NN,147,tm,92.42,0.21301793000020552,0.057587414999943576
WTM-NN,148,tm,93.37,0.2084867549997398,0.0585604439997951
WTM-NN,149,tm,93.60000000000001,0.20838922500024637,0.058593417999873054
WTM-NN,150,tm,93.37,0.20989685799986546,0.058089826000014
WTM-NN,151,nn,95.44,0.17818376100012756,0.0581158370000594
WTM-NN,152,nn,95.49,0.18935459199974503,0.058452520000173536
WTM-NN,153,nn,95.53,0.19110664099980568,0.05645367899978737
WTM-NN,154,nn,95.48,0.17784032099962133,0.06124983499967129
WTM-NN,155,nn,95.46,0.2424126660002912,0.05843426499995985
WTM-NN,156,nn,95.55,0.17713790499965398,0.055728454000018246
WTM-NN,157,nn,95.55,0.17913852599986058,0.05637700999977824
WTM-NN,158,nn,95.59,0.1767787409999073,0.0557136829997944
WTM-NN,159,nn,95.6,0.19039512399967862,0.05593715800023347
WTM-NN,160,nn,95.55,0.17726418600022953,0.05860527999993792
WTM-NN,161,nn,95.59,0.18305987400026424,0.059245267000278545
WTM-NN,162,nn,95.62,0.2354388859998835,0.05629610000005414
WTM-NN,163,nn,95.63000000000001,0.17635396900004707,0.06276874000013777
WTM-NN,164,nn,95.67,0.18872917900034736,0.05392185300024721
WTM-NN,165,nn,95.61,0.19120930200006114,0.056547340999713924
WTM-NN,166,nn,95.67,0.24810005400013324,0.05865021699992212
WTM-NN,167,nn,95.65,0.18389598499970816,0.059036183999978675
WTM-NN,168,nn,95.55,0.16924400800007788,0.056072278000101505
WTM-NN,169,nn,95.58,0.1848781090002376,0.05507799400038493
WTM-NN,170,nn,95.59,0.18866477200026566,0.05802998300032414
WTM-NN,171,nn,95.64,0.1852349549999417,0.057728404000044975
WTM-NN,172,nn,95.57,0.19016510100027517,0.056234241999845835
WTM-NN,173,nn,95.57,0.18230715299978328,0.058766312999978254
WTM-NN,174,nn,95.6,0.24912297800028682,0.05891107800016471
WTM-NN,175,nn,95.61,0.18839873100023397,0.05647212399981072
WTM-NN,176,nn,95.62,0.19043997200014928,0.05730128400000467
WTM-NN,177,nn,95.67999999999999,0.19056059799959257,0.05742873500003043
WTM-NN,178,nn,95.56,0.23357772999997906,0.05740426700003809
WTM-NN,179,nn,95.6,0.19049778899989178,0.05514507299994875
WTM-NN,180,nn,95.65,0.1872753239999838,0.05687107500034472
WTM-NN,181,nn,95.64,0.19009536200019284,0.05669488200010164
WTM-NN,182,nn,95.66,0.18919142400000055,0.05641242899991994
WTM-NN,183,nn,95.72,0.1897876449997966,0.05796568699997806
WTM-NN,184,nn,95.67,0.19090788799985603,0.05861854000022504
WTM-NN,185,nn,95.64,0.24263129700011632,0.057341330999861384
WTM-NN,186,nn,95.61,0.1903651190000346,0.055374109000240423
WTM-NN,187,nn,95.7,0.19002027299984547,0.055072987000130524
WTM-NN,188,nn,95.59,0.19114248999994743,0.05741062900006
WTM-NN,189,nn,95.69,0.24755110299975058,0.054037053999763884
WTM-NN,190,nn,95.65,0.1899536870000702,0.05562505400030204
WTM-NN,191,nn,95.67999999999999,0.19111160800002835,0.05504400900008477
WTM-NN,192,nn,95.67,0.1729256980001992,0.053920305999781704
WTM-NN,193,nn,95.76,0.1859769640000195,0.05842441400000098
WTM-NN,194,nn,95.61,0.1755278119999275,0.05542257800016159
WTM-NN,195,nn,95.74000000000001,0.17634519300008833,0.05316840700015746
WTM-NN,196,nn,95.65,0.17626283800018427,0.05858268800011501
WTM-NN,197,nn,95.7,0.2408754789998966,0.06265234400007103
WTM-NN,198,nn,95.72,0.19240852400025688,0.05440717100009351
WTM-NN,199,nn,95.73,0.17814878100034548,0.05590349700014485
WTM-NN,200,nn,95.74000000000001,0.1901537650001046,0.05491642600009072
WTM-NN,201,nn,95.76,0.24673068899983264,0.05471552500011967
WTM-NN,202,nn,95.71,0.18962814399992567,0.055774891000055504
WTM-NN,203,nn,95.78,0.17609122099975139,0.058435283999642706
WTM-NN,204,nn,95.78999999999999,0.17363501299996642,0.057408912999562745
WTM-NN,205,nn,95.75,0.17592013600005885,0.05558093099989492
WTM-NN,206,nn,95.71,0.17868719499983854,0.05646666200027539
WTM-NN,207,nn,95.8,0.1872116790000291,0.056905275999724836
WTM-NN,208,nn,95.73,0.24605697700008022,0.05447395000010147
WTM-NN,209,nn,95.84,0.19172262899974157,0.05625451699961559
WTM-NN,210,nn,95.78999999999999,0.17738095899994732,0.05620057200030715
WTM-NN,211,nn,95.84,0.17666816700011623,0.05685853200020574
WTM-NN,212,nn,95.82000000000001,0.23333261799962202,0.057596997000018746
WTM-NN,213,nn,95.81,0.17951971499996944,0.055417684000076406
WTM-NN,214,nn,95.84,0.1780785939999987,0.057858886000303755
WTM-NN,215,nn,95.83,0.17678910900031042,0.05580669599976318
WTM-NN,216,nn,95.75,0.1769618140001512,0.05521295000016835
WTM-NN,217,nn,95.78999999999999,0.17653277499994147,0.05570798799999466
WTM-NN,218,nn,95.88,0.1762097599998924,0.05664560300010635
WTM-NN,219,nn,95.82000000000001,0.17720915800009607,0.05599128899984862
WTM-NN,220,nn,95.84,0.23609620900015216,0.05348674899960315
WTM-NN,221,nn,95.82000000000001,0.1910943769998994,0.05401281700005711
WTM-NN,222,nn,95.77,0.1910596899997472,0.053962361000230885
WTM-NN,223,nn,95.88,0.18923045499968794,0.05409787600001437
WTM-NN,224,nn,95.78999999999999,0.23894405999999435,0.055625355999836756
WTM-NN,225,nn,95.78999999999999,0.17687726199983445,0.05435709199991834
WTM-NN,226,nn,95.86,0.1765766439998515,0.05591813799992451
WTM-NN,227,nn,95.88,0.187206045000039,0.058065197999894735
WTM-NN,228,nn,95.89,0.1911772739999833,0.05759222699998645
WTM-NN,229,nn,95.88,0.19012629299959372,0.056016663999798766
WTM-NN,230,nn,95.84,0.19031152100023974,0.058429308000086166
WTM-NN,231,nn,95.89,0.17155486499996186,0.05810656100038614
WTM-NN,232,nn,95.85000000000001,0.23215259300013713,0.0565273319998596
WTM-NN,233,nn,95.87,0.1821113940000032,0.05800859999999375
WTM-NN,234,nn,95.89999999999999,0.18581414000027507,0.05943174799995177
WTM-NN,235,nn,95.86,0.24918047699975432,0.057231144000070344
WTM-NN,236,nn,95.88,0.19036508599992885,0.05927330099984829
WTM-NN,237,nn,95.91,0.1888474860002134,0.05760268499989252
WTM-NN,238,nn,95.85000000000001,0.1908191360003002,0.05799030700018193
WTM-NN,239,nn,95.89999999999999,0.18826632699983747,0.058075997000287316
WTM-NN,240,nn,95.89999999999999,0.18840904500029865,0.05711516200017286
WTM-NN,241,nn,95.89999999999999,0.1805231210000784,0.05931318000011743
WTM-NN,242,nn,95.87,0.18816891799997393,0.058698233000086475
WTM-NN,243,nn,95.89999999999999,0.24769315599996844,0.055980830999942555
WTM-NN,244,nn,95.89,0.190599234000274,0.056093130000135716
WTM-NN,245,nn,95.93,0.17833681799993428,0.058127417000378045
WTM-NN,246,nn,95.92,0.1909885610002675,0.0555069810002351
WTM-NN,247,nn,95.89,0.24013165100041078,0.059273974999996426
WTM-NN,248,nn,95.89,0.17616876399961257,0.05805265200024223
WTM-NN,249,nn,95.89999999999999,0.19101566000017556,0.05783857100004752
WTM-NN,250,nn,95.87,0.1910550399998101,0.05613558400000329
WTM-NN,251,nn,95.89999999999999,0.1899393459998464,0.05613121599981241
WTM-NN,252,nn,95.97,0.17581706400005714,0.05649388200026806
WTM-NN,253,nn,95.91,0.18641328000012436,0.05857041699982801
WTM-NN,254,nn,95.94,0.17569539599981,0.05703483499974027
WTM-NN,255,nn,95.93,0.23303387799978736,0.05867986499970357
WTM-NN,256,nn,95.89,0.1706449169996631,0.058174319000045216
WTM-NN,257,nn,95.91,0.188419284000247,0.05790006600000197
WTM-NN,258,nn,95.89,0.19131023999989338,0.058475087999795505
WTM-NN,259,nn,95.93,0.24677794199988057,0.056830870999874605
WTM-NN,260,nn,95.94,0.19038038400003643,0.056864648000100715
WTM-NN,261,nn,95.89,0.19125369599987607,0.05745179299992742
WTM-NN,262,nn,95.99,0.17364786300004198,0.058838306999859924
WTM-NN,263,nn,95.94,0.19087873700027558,0.057886480999968626
WTM-NN,264,nn,95.88,0.18073628399997688,0.058818089999931544
WTM-NN,265,nn,95.96000000000001,0.1910705020000023,0.058597828000074514
WTM-NN,266,nn,95.93,0.23437316499985172,0.05869888999995965
WTM-NN,267,nn,95.94,0.17850545100009185,0.05694802500011065
WTM-NN,268,nn,95.93,0.19163207900010093,0.057499700999869674
WTM-NN,269,nn,95.91,0.17740641499995036,0.05788966899990555
WTM-NN,270,nn,95.94,0.24576822200015158,0.05885218100002021
WTM-NN,271,nn,95.91,0.19139216699977624,0.05836135099980311
WTM-NN,272,nn,95.84,0.18825435300004756,0.059093396000207576
WTM-NN,273,nn,95.93,0.18518491400027415,0.057565552999676584
WTM-NN,274,nn,95.88,0.18988222300004054,0.058091826000236324
WTM-NN,275,nn,95.87,0.19037568000021565,0.05717276499990476
WTM-NN,276,nn,95.91,0.17126271899996937,0.05733684500000891
WTM-NN,277,nn,95.97,0.1816373609999573,0.057486219000111305
WTM-NN,278,nn,95.95,0.24180425500026104,0.056744595999589365
WTM-NN,279,nn,95.89999999999999,0.18695141399985005,0.05698355000004085
WTM-NN,280,nn,95.85000000000001,0.19009374100005516,0.058673565999924904
WTM-NN,281,nn,95.89999999999999,0.17321070099978897,0.057111494000309904
WTM-NN,282,nn,95.99,0.23543618500025332,0.05894474299975627
WTM-NN,283,nn,95.93,0.1900270839996665,0.058171107999896776
WTM-NN,284,nn,95.89999999999999,0.19054970000024696,0.057497361000059755
WTM-NN,285,nn,95.89999999999999,0.17679494899994097,0.05608438999979626
WTM-NN,286,nn,95.94,0.18775002700022014,0.0582516949998535
WTM-NN,287,nn,95.85000000000001,0.1784055489997627,0.05745137399981104
WTM-NN,288,nn,95.89,0.18612002899999425,0.05875026500007152
WTM-NN,289,nn,95.89999999999999,0.24940487300000314,0.06412902099964413
WTM-NN,290,nn,95.93,0.19121457299979738,0.05691427500005375
WTM-NN,291,nn,95.92,0.19147366600009263,0.058777275000011286
WTM-NN,292,nn,95.89,0.1928487390000555,0.057831112000258145
WTM-NN,293,nn,95.87,0.23731898999994883,0.05621366700006547
WTM-NN,294,nn,95.89999999999999,0.17855498399967473,0.058082739999917976
WTM-NN,295,nn,95.89999999999999,0.19207288100005826,0.06301003199996558
WTM-NN,296,nn,95.92,0.19531255799984137,0.0570854870002222
WTM-NN,297,nn,95.92,0.1782278400000905,0.05740582999987964
WTM-NN,298,nn,95.89999999999999,0.19116035000024567,0.057027908000236494
WTM-NN,299,nn,95.88,0.19092435700031274,0.05817228100022476
WTM-NN,300,nn,95.85000000000001,0.18286417099989194,0.05716755000003104
WTM-NN,301,nn,95.98,0.23425429600001735,0.05887051199988491
WTM-NN,302,nn,95.92,0.17992344500044055,0.057822820999717806
WTM-NN,303,nn,95.89,0.1819148539998423,0.05692778399998133
WTM-NN,304,nn,95.95,0.18096990399999413,0.05823663099999976
WTM-NN,305,nn,95.93,0.2488472630002434,0.05646605499987345
WTM-NN,306,nn,95.91,0.18832948099998248,0.058482160000039585
WTM-NN,307,nn,95.85000000000001,0.19309160400007386,0.05797084999994695
WTM-NN,308,nn,95.92,0.19116543699965405,0.0636038530001315
WTM-NN,309,nn,95.96000000000001,0.19137568399992233,0.05779557699997895
WTM-NN,310,nn,95.91,0.19045490600001358,0.05752399199991487
WTM-NN,311,nn,95.92,0.19132497199962017,0.06286526300027617
WTM-NN,312,nn,95.96000000000001,0.2515624459997525,0.05758504499999617
WTM-NN,313,nn,95.88,0.17701154900032634,0.05860061599969413
WTM-NN,314,nn,95.93,0.17789460499989218,0.05902665099984006
WTM-NN,315,nn,95.87,0.1902346399997441,0.06212730000015654
WTM-NN,316,nn,95.93,0.2556063400002131,0.05690055500008384
WTM-NN,317,nn,96.0,0.19198386099969866,0.05951357300000382
WTM-NN,318,nn,95.89999999999999,0.19149900499996875,0.05763369700025578
WTM-NN,319,nn,95.88,0.19276141599993935,0.057184621000033076
WTM-NN,320,nn,95.92,0.1910033789999943,0.05707517900009407
WTM-NN,321,nn,95.87,0.19106786200018178,0.06111385399981373
WTM-NN,322,nn,95.86,0.18151289800016457,0.058947168000031525
WTM-NN,323,nn,95.92,0.17271357399977205,0.05689270099992427
WTM-NN,324,nn,95.96000000000001,0.24939972899983331,0.05854395000005752
WTM-NN,325,nn,95.92,0.19129357600013464,0.057448555000064516
WTM-NN,326,nn,95.96000000000001,0.18337863999977344,0.05747676999999385
WTM-NN,327,nn,95.87,0.17961416700018162,0.05799943900001381
WTM-NN,328,nn,95.89999999999999,0.2543512309998732,0.057735326000056375
WTM-NN,329,nn,95.89,0.19130239400010396,0.05715714100006153
WTM-NN,330,nn,95.94,0.18518924800036984,0.057663993000005576
WTM-NN,331,nn,95.96000000000001,0.19223693699996147,0.05810019899990948
WTM-NN,332,nn,95.97,0.1903830559999733,0.05585890400016069
WTM-NN,333,nn,95.92,0.1815191139999115,0.05722028999980466
WTM-NN,334,nn,95.87,0.19113382199975604,0.06268014600027527
WTM-NN,335,nn,95.89999999999999,0.18450093199999174,0.05695595900033368
WTM-NN,336,nn,95.93,0.24137702699999863,0.057406446000186406
WTM-NN,337,nn,95.94,0.1879724189998342,0.05566585600035978
WTM-NN,338,nn,95.93,0.1818202970002858,0.05784569299976283
WTM-NN,339,nn,95.92,0.24757464200001777,0.05704765599966777
WTM-NN,340,nn,95.87,0.1913894330000403,0.058000129999982164
WTM-NN,341,nn,95.96000000000001,0.17958686900010434,0.056433237999954144
WTM-NN,342,nn,95.88,0.18178484300005948,0.0636279469999863
WTM-NN,343,nn,95.89999999999999,0.19243153099978372,0.05650020900020536
WTM-NN,344,nn,95.88,0.19278237699973033,0.05604160500024591
WTM-NN,345,nn,95.89,0.19200699400016674,0.06164297500026805
WTM-NN,346,nn,95.98,0.18645465800000238,0.058671972999945865
WTM-NN,347,nn,95.89999999999999,0.24768661200005226,0.0586624790003043
WTM-NN,348,nn,95.94,0.18053486799999519,0.05885148200013646
WTM-NN,349,nn,95.94,0.1870313580002403,0.058531756999855133
WTM-NN,350,nn,95.86,0.19086963600011586,0.05877439799996864
WTM-NN,351,nn,95.96000000000001,0.2465719420001733,0.05674714300039341
WTM-NN,352,nn,95.97,0.19100082000022667,0.058040754000103334
WTM-NN,353,nn,95.85000000000001,0.18930595499978153,0.057674411999869335
WTM-NN,354,nn,95.87,0.18970458600006168,0.059927325999979075
WTM-NN,355,nn,95.89999999999999,0.17541194799969162,0.058390476999647944
WTM-NN,356,nn,95.89,0.1909961060000569,0.05805895799994687
WTM-NN,357,nn,95.95,0.1936131480001677,0.059259937000206264
WTM-NN,358,nn,95.92,0.19115017600006468,0.05840990100023191
WTM-NN,359,nn,95.85000000000001,0.24877922599989688,0.05770556600009513
WTM-NN,360,nn,95.89,0.19215861900011078,0.05624479200014321
WTM-NN,361,nn,95.93,0.19143402999998216,0.054810841000289656
WTM-NN,362,nn,96.00999999999999,0.19269143500014252,0.057666061999952944
WTM-NN,363,nn,95.91,0.2475530990000152,0.0574446400000852
WTM-NN,364,nn,95.93,0.1902814740001304,0.058654472999933205
WTM-NN,365,nn,95.92,0.19098947800011956,0.055531285000142816
WTM-NN,366,nn,95.89,0.1902957620000052,0.05820154400043975
WTM-NN,367,nn,95.87,0.19056259700028022,0.05852327000002333
WTM-NN,368,nn,95.92,0.1889071700002205,0.05762064400005329
WTM-NN,369,nn,95.88,0.17825063800000862,0.057025544000225636
WTM-NN,370,nn,95.89999999999999,0.2453739540001152,0.059131561999947735
WTM-NN,371,nn,95.91,0.19029539700022724,0.05835985400017307
WTM-NN,372,nn,95.93,0.1772239830002036,0.059179032999963965
WTM-NN,373,nn,95.87,0.19174828799987154,0.05712252000012086
WTM-NN,374,nn,95.95,0.24774566899986894,0.05889446199989834
WTM-NN,375,nn,95.92,0.18995392299984815,0.058024537000164855
WTM-NN,376,nn,95.92,0.19002250199991977,0.05965840700037006
WTM-NN,377,nn,95.92,0.19043994000003295,0.05663623800001005
WTM-NN,378,nn,95.86,0.18651309200004107,0.05945952399997623
WTM-NN,379,nn,95.86,0.17688305399997262,0.05589702199995372
WTM-NN,380,nn,95.86,0.19088548700028696,0.057663810000121885
WTM-NN,381,nn,95.89999999999999,0.1838827889996537,0.057387262000247574
WTM-NN,382,nn,95.87,0.2427010380001775,0.056667689999812865
WTM-NN,383,nn,95.88,0.17746909800007415,0.05688705600005051
WTM-NN,384,nn,95.85000000000001,0.17753454900002907,0.06011322199992719
WTM-NN,385,nn,95.93,0.17853362999994715,0.0561421600000358
WTM-NN,386,nn,95.95,0.23672756100040715,0.05966762199977893
WTM-NN,387,nn,95.86,0.17662739800016425,0.057878694999999425
WTM-NN,388,nn,95.87,0.17721152600006462,0.05841559500004223
WTM-NN,389,nn,95.89999999999999,0.1913647989999845,0.05778049099990312
WTM-NN,390,nn,95.93,0.19053732899965325,0.05623757100011062
WTM-NN,391,nn,95.93,0.19008853000013914,0.05765758400002596
WTM-NN,392,nn,95.98,0.1893987839998772,0.058168124000076205
WTM-NN,393,nn,95.89,0.2445441300001221,0.058447648999845114
WTM-NN,394,nn,95.89999999999999,0.1908549380000295,0.05665846400006558
WTM-NN,395,nn,95.94,0.19215119999989838,0.05771631600009641
WTM-NN,396,nn,95.97,0.1867929519999052,0.0561500580001848
WTM-NN,397,nn,95.87,0.24929155000018,0.05715940700019928
WTM-NN,398,nn,95.85000000000001,0.19181556400008049,0.05721115999995163
WTM-NN,399,nn,95.87,0.18962022200003048,0.057878877999883116
WTM-NN,400,nn,95.87,0.19175904199983052,0.057004705000053946
WTM-NN,401,nn,95.88,0.19046221600001445,0.0608141370003068
WTM-NN,402,nn,96.02000000000001,0.19473963599966737,0.057718247000138945
WTM-NN,403,nn,95.91,0.1861616240003059,0.0569267050000235
WTM-NN,404,nn,95.97,0.1915756280000096,0.05767868599969006
WTM-NN,405,nn,95.95,0.24884739600020112,0.0595611479998297
WTM-NN,406,nn,95.83,0.19273843399969337,0.054763081000146485
WTM-NN,407,nn,95.98,0.1910166129996469,0.05905371999961062
WTM-NN,408,nn,95.92,0.19164288100000704,0.056179319999955624
WTM-NN,409,nn,95.92,0.24825489199974982,0.06350780399998257
WTM-NN,410,nn,95.84,0.19012007899982564,0.0621648629999072
WTM-NN,411,nn,95.94,0.19093046499983757,0.05813166899997668
WTM-NN,412,nn,95.95,0.18839396500015937,0.057116449999739416
WTM-NN,413,nn,95.88,0.1858114020001267,0.05631538300031025
WTM-NN,414,nn,95.88,0.19200528600003963,0.05670068200015521
WTM-NN,415,nn,95.91,0.1911395080001057,0.05701383099994928
WTM-NN,416,nn,95.89999999999999,0.24784452599988072,0.05713433699975212
WTM-NN,417,nn,95.89,0.1924860589997479,0.05748238999967725
WTM-NN,418,nn,95.89999999999999,0.19219340999961787,0.056962837999890326
WTM-NN,419,nn,95.89999999999999,0.19318251699996836,0.0566898960000799
WTM-NN,420,nn,95.92,0.24657896400003665,0.05906761300002472
WTM-NN,421,nn,95.95,0.19267243800004508,0.060425453999869205
WTM-NN,422,nn,95.94,0.19209571300007156,0.06338379899989377
WTM-NN,423,nn,95.92,0.1919996669998909,0.06331970400015052
WTM-NN,424,nn,95.91,0.19082200999991983,0.05623180200018396
WTM-NN,425,nn,95.89999999999999,0.19174520799970196,0.06162972299989633
WTM-NN,426,nn,95.93,0.18804027800024414,0.0575711940000474
WTM-NN,427,nn,95.89999999999999,0.1774968570002784,0.057358182999905694
WTM-NN,428,nn,95.94,0.24846058600041943,0.05695092599989948
WTM-NN,429,nn,96.02000000000001,0.1928852740002185,0.061433521999788354
WTM-NN,430,nn,95.89,0.19195116200035045,0.05679049999980634
WTM-NN,431,nn,95.88,0.18873552300010488,0.06339955399971586
WTM-NN,432,nn,95.89999999999999,0.24852687200018408,0.05806882400020186
WTM-NN,433,nn,95.89,0.18752570400010882,0.05785269900025014
WTM-NN,434,nn,95.97,0.1918871709999621,0.05673489700029677
WTM-NN,435,nn,95.93,0.20138423599973976,0.05586891900020419
WTM-NN,436,nn,95.86,0.19134119099999225,0.055708638000396604
WTM-NN,437,nn,95.96000000000001,0.1927052979999644,0.05657934700002443
WTM-NN,438,nn,95.99,0.19042037100007292,0.05629680799984271
WTM-NN,439,nn,95.93,0.24970997200034617,0.05998002500018629
WTM-NN,440,nn,95.91,0.19844638899985512,0.05533270900014031
WTM-NN,441,nn,95.88,0.1940736999999899,0.05637479000006351
WTM-NN,442,nn,95.97,0.19361266399982924,0.05567143999996915
WTM-NN,443,nn,95.88,0.24806156600016038,0.057857786000113265
WTM-NN,444,nn,95.91,0.19187514499981262,0.06263261499998407
WTM-NN,445,nn,95.87,0.19625617599967882,0.05833148900001106
WTM-NN,446,nn,95.94,0.19003420299986828,0.06350878300008844
WTM-NN,447,nn,95.86,0.1854134760001216,0.06225072300003376
WTM-NN,448,nn,95.92,0.19255225200004134,0.0573579530000643
WTM-NN,449,nn,95.89,0.19334102200036796,0.06186726300029477
WTM-NN,450,nn,95.92,0.1908479809999335,0.05770051499985129
WTM-NN,451,nn,95.89,0.24584713400008695,0.05654386499963948
WTM-NN,452,nn,95.89999999999999,0.18023612999968464,0.06398357299985946
WTM-NN,453,nn,95.91,0.17773621000014828,0.058289672000228165
WTM-NN,454,nn,95.93,0.18116005999991103,0.05606394500000533
WTM-NN,455,nn,95.92,0.23860427400040862,0.05686750299992127
WTM-NN,456,nn,95.89999999999999,0.1772630460000073,0.05808239099997081
WTM-NN,457,nn,95.94,0.19492873499984853,0.05379559099992548
WTM-NN,458,nn,95.86,0.18997309799988216,0.05924019700023564
WTM-NN,459,nn,95.96000000000001,0.18337106200033304,0.0577881049998723
WTM-NN,460,nn,95.92,0.1764672200001769,0.0539567050000187
WTM-NN,461,nn,95.89,0.1822937870001624,0.059423683999739296
WTM-NN,462,nn,95.92,0.24584578200028773,0.05684855399977096
WTM-NN,463,nn,95.97,0.1903949380002814,0.05745387999968443
WTM-NN,464,nn,95.91,0.19335505700018984,0.05650317400022686
WTM-NN,465,nn,95.89999999999999,0.19005389899984948,0.05838913799971124
WTM-NN,466,nn,95.93,0.24703649699995367,0.05754253900022377
WTM-NN,467,nn,95.89999999999999,0.18938056600018172,0.05752854100001059
WTM-NN,468,nn,95.87,0.1899291390000144,0.05769851100012602
WTM-NN,469,nn,95.93,0.18618140699982177,0.05699206899998899
WTM-NN,470,nn,95.93,0.18196755400003894,0.05762099699995815
WTM-NN,471,nn,95.86,0.18875433299990618,0.05722517300000618
WTM-NN,472,nn,95.95,0.17803532100015218,0.05853669099997205
WTM-NN,473,nn,95.92,0.19221226700028637,0.05790179200039347
WTM-NN,474,nn,95.86,0.24758913899995605,0.057799458999852504
WTM-NN,475,nn,95.86,0.1895931730000484,0.057241344999965804
WTM-NN,476,nn,95.95,0.18143404600004942,0.059243607000098564
WTM-NN,477,nn,95.89,0.17755154299993592,0.05669999199972153
WTM-NN,478,nn,95.88,0.2361395379998612,0.05705213100009132
WTM-NN,479,nn,95.94,0.1765471419998903,0.05774281699996209
WTM-NN,480,nn,95.93,0.18486804800022583,0.05675554499975988
WTM-NN,481,nn,95.89999999999999,0.18967564500007938,0.057101254999906814
WTM-NN,482,nn,95.87,0.18498126299982687,0.05880090799973914
WTM-NN,483,nn,95.92,0.19059208300041064,0.057381519000045955
WTM-NN,484,nn,95.98,0.1852472669997951,0.056396936000055575
WTM-NN,485,nn,95.93,0.2472776269996757,0.05663708200017936
WTM-NN,486,nn,96.00999999999999,0.17594674700012547,0.057443932999831304
WTM-NN,487,nn,95.93,0.1873317260001386,0.0571429779997743
WTM-NN,488,nn,95.92,0.18468027500011885,0.05309859899989533
WTM-NN,489,nn,95.93,0.24739262899993264,0.058567096999922796
WTM-NN,490,nn,95.89,0.1910664669999278,0.05814509199990425
WTM-NN,491,nn,95.89999999999999,0.18841862099998252,0.056305507000161015
WTM-NN,492,nn,95.88,0.18092937399978837,0.05639364799981195
WTM-NN,493,nn,95.95,0.18979891000026328,0.058535278999897855
WTM-NN,494,nn,95.85000000000001,0.19114572999978918,0.058416998000211606
WTM-NN,495,nn,95.92,0.19046303799996167,0.056445126999733475
WTM-NN,496,nn,95.89,0.19039970399990125,0.05658571200001461
WTM-NN,497,nn,95.88,0.24817095399976097,0.05732211699978507
WTM-NN,498,nn,95.91,0.19194185900005323,0.05653827600008299
WTM-NN,499,nn,95.92,0.17995968199966228,0.057693720999850484
WTM-NN,500,nn,95.93,0.19067120499994417,0.05811501700009103
UTM-NN,1,tm,90.16,0.49469016100010776,0.06343137099975138
UTM-NN,2,tm,90.63,0.4426579450000645,0.06328856700019969
UTM-NN,3,tm,90.8,0.4355815939998138,0.06316165599992019
UTM-NN,4,tm,91.07,0.4332078030001867,0.061354483000286564
UTM-NN,5,tm,90.82000000000001,0.43076169400001163,0.06183638900029109
UTM-NN,6,tm,90.85,0.4143672560003324,0.06370123899978353
UTM-NN,7,tm,91.11,0.4220549060000849,0.06404390499983492
UTM-NN,8,tm,90.96,0.4242645280000943,0.0636649920002128
UTM-NN,9,tm,90.8,0.4148222460003126,0.06412434599997141
UTM-NN,10,tm,90.88000000000001,0.4209459720000268,0.06379056900004798
UTM-NN,11,tm,90.78,0.42625670999996146,0.06441231000007974
UTM-NN,12,tm,90.95,0.4132771239997055,0.06422411299990927
UTM-NN,13,tm,91.10000000000001,0.4256271919998653,0.0642736749996402
UTM-NN,14,tm,91.06,0.4190090600000076,0.06466575200010993
UTM-NN,15,tm,90.79,0.4022849070001939,0.0640464919997612
UTM-NN,16,tm,91.05,0.4188909109998349,0.06365066400030628
UTM-NN,17,tm,91.06,0.4171884709999176,0.0645289330000196
UTM-NN,18,tm,91.13,0.421054632999585,0.06266762499990364
UTM-NN,19,tm,90.96,0.4127750450002168,0.06422228699966581
UTM-NN,20,tm,90.94,0.41858710999986215,0.06475631100011014
UTM-NN,21,tm,90.88000000000001,0.4245536540001922,0.06583422799985783
UTM-NN,22,tm,91.08000000000001,0.41664401999969414,0.06465007199994943
UTM-NN,23,tm,91.03999999999999,0.42052786400017794,0.06461969900010445
UTM-NN,24,tm,90.94,0.41867451699999947,0.0644973199996457
UTM-NN,25,tm,90.91,0.41753575900020223,0.06476025100027982
UTM-NN,26,tm,90.94,0.4155589910001254,0.06454752199988434
UTM-NN,27,tm,90.86999999999999,0.4183784729998479,0.06377648699981364
UTM-NN,28,tm,90.94,0.41011097599994173,0.06479311499970208
UTM-NN,29,tm,90.94,0.42423203299995293,0.06424084100035543
UTM-NN,30,tm,91.28,0.42236166500015315,0.06513006600016524
UTM-NN,31,tm,91.19,0.4034303999997064,0.06497311700013597
UTM-NN,32,tm,91.25,0.4053020920000563,0.06535212299968407
UTM-NN,33,tm,91.08000000000001,0.40891587599980994,0.06353011800001696
UTM-NN,34,tm,91.21000000000001,0.40900578399987353,0.062255145000108314
UTM-NN,35,tm,91.27,0.4035747509997236,0.06467480299988893
UTM-NN,36,tm,91.21000000000001,0.40859823299979325,0.06419551699991644
UTM-NN,37,tm,91.36,0.40387412399968525,0.06477141200002734
UTM-NN,38,tm,91.23,0.41805910200037033,0.06439178499977061
UTM-NN,39,tm,91.18,0.410548892999941,0.0634469460001128
UTM-NN,40,tm,91.39,0.4109776549998969,0.06293619200005196
UTM-NN,41,tm,91.39,0.41135246100020595,0.06454636299986305
UTM-NN,42,tm,91.36,0.4076989440000034,0.0651041080000141
UTM-NN,43,tm,91.32000000000001,0.4174475549998533,0.06507997300013812
UTM-NN,44,tm,91.4,0.4077010870000777,0.06433965599990188
UTM-NN,45,tm,91.29,0.40937179200000173,0.06408273299985012
UTM-NN,46,tm,91.32000000000001,0.4118662849996326,0.06364649300030578
UTM-NN,47,tm,91.16,0.41327013699992676,0.06280381899978238
UTM-NN,48,tm,91.2,0.4101155700000163,0.06393009299972618
UTM-NN,49,tm,91.03999999999999,0.41701202800004467,0.06502150100004656
UTM-NN,50,tm,91.17,0.4169375900000887,0.06554065299997092
UTM-NN,51,tm,91.2,0.4129725610000605,0.06449289000011049
UTM-NN,52,tm,91.10000000000001,0.4194615419996808,0.06451258400011284
UTM-NN,53,tm,91.31,0.42302567199976693,0.06356199799984097
UTM-NN,54,tm,91.27,0.4099185969998871,0.06536388299991813
UTM-NN,55,tm,91.36,0.4118683350002357,0.0651786259995788
UTM-NN,56,tm,91.23,0.41007136300004277,0.06568034399970202
UTM-NN,57,tm,91.35,0.4219694190001064,0.06520628600037526
UTM-NN,58,tm,91.41,0.41771295900025507,0.06517024100003255
UTM-NN,59,tm,91.27,0.4094561199999589,0.06437941700005467
UTM-NN,60,tm,91.33,0.3936130709998906,0.06532851700012543
UTM-NN,61,tm,91.24,0.4119209969999247,0.06447647699997106
UTM-NN,62,tm,91.08000000000001,0.4154370209998888,0.06521208499998465
UTM-NN,63,tm,91.27,0.41070524199994907,0.06521367200002715
UTM-NN,64,tm,91.11,0.41080169099996056,0.06337419300007241
UTM-NN,65,tm,91.18,0.41128630099956354,0.06401610299963068
UTM-NN,66,tm,91.22,0.41777841799967064,0.06404142600013074
UTM-NN,67,tm,91.16,0.4089528980002797,0.06357442599983187
UTM-NN,68,tm,91.13,0.4094480680000743,0.06461880000006204
UTM-NN,69,tm,91.25,0.41590224600031434,0.06494935399996393
UTM-NN,70,tm,91.36,0.41801155900020603,0.06535100199971566
UTM-NN,71,tm,91.24,0.4162558460002401,0.06324900100025843
UTM-NN,72,tm,91.19,0.4057405200001085,0.06487096399996517
UTM-NN,73,tm,91.3,0.4153972670001167,0.06246048200000587
UTM-NN,74,tm,91.29,0.40690375199983464,0.06348985200020252
UTM-NN,75,tm,91.28,0.4132363550002083,0.06462732099998902
UTM-NN,76,tm,91.25999999999999,0.4109000630000992,0.06429378300026656
UTM-NN,77,tm,91.31,0.40795211100021334,0.06524208299970269
UTM-NN,78,tm,91.21000000000001,0.4103770869996879,0.06600494999975126
UTM-NN,79,tm,91.34,0.41807391600013943,0.0651144939997721
UTM-NN,80,tm,91.36,0.40650951899988286,0.06490778799980035
UTM-NN,81,tm,91.44,0.3971017049998409,0.06500757100002375
UTM-NN,82,tm,91.47,0.41378683099992486,0.06471965699984139
UTM-NN,83,tm,91.39,0.402673907999997,0.06566691399984848
UTM-NN,84,tm,91.45,0.41566281399991567,0.0649393680000685
UTM-NN,85,tm,91.43,0.40476368500003446,0.06454737300009583
UTM-NN,86,tm,91.38,0.4078171179999117,0.0644316070001878
UTM-NN,87,tm,91.39,0.4131476269999439,0.06141026400018745
UTM-NN,88,tm,91.36,0.41404003500019826,0.0654555060000348
UTM-NN,89,tm,91.4,0.4005348780001441,0.06502417000001515
UTM-NN,90,tm,91.31,0.4076551309999559,0.06515888800004177
UTM-NN,91,tm,91.25999999999999,0.4085832880000453,0.06487484799981758
UTM-NN,92,tm,91.22,0.4142388049999681,0.065435553000043
UTM-NN,93,tm,91.21000000000001,0.4205435980002221,0.065480019000006
UTM-NN,94,tm,91.36,0.4095032599998376,0.06530659500003821
UTM-NN,95,tm,91.27,0.4076543670003048,0.06460989400011385
UTM-NN,96,tm,91.38,0.4112823349996688,0.06422017100021549
UTM-NN,97,tm,91.33,0.4116164550000576,0.06423982600017553
UTM-NN,98,tm,91.28,0.41563350699971124,0.06376099699991755
UTM-NN,99,tm,91.35,0.41187474399976054,0.06409795800027496
UTM-NN,100,tm,91.3,0.4177274019998549,0.06401680499993745
UTM-NN,101,tm,91.43,0.40707785699987653,0.06417805299997781
UTM-NN,102,tm,91.19,0.4141937100002906,0.06514719100005095
UTM-NN,103,tm,91.38,0.4233477610000591,0.0643850379997275
UTM-NN,104,tm,91.38,0.41327901800013933,0.0648266660000445
UTM-NN,105,tm,91.35,0.41659198900015326,0.06322859299962147
UTM-NN,106,tm,91.4,0.4082678540003144,0.06468179900002724
UTM-NN,107,tm,91.36999999999999,0.40673922999985734,0.06499805700013894
UTM-NN,108,tm,91.25,0.41126158399993074,0.06464101799974742
UTM-NN,109,tm,91.13,0.41120732999979737,0.06462567400012631
UTM-NN,110,tm,91.27,0.42117693000000145,0.06454748100031793
UTM-NN,111,tm,91.38,0.41931801499958965,0.0643090429998665
UTM-NN,112,tm,91.25,0.4189039180000691,0.06458140399990953
UTM-NN,113,tm,91.3,0.42144483800029775,0.06379704099981609
UTM-NN,114,tm,91.39,0.41605220600013126,0.06328100599967001
UTM-NN,115,tm,91.19,0.4190894130001652,0.06475901699968745
UTM-NN,116,tm,91.42,0.4208931210000628,0.06557885199981683
UTM-NN,117,tm,91.38,0.4217198420001296,0.0646603669997603
UTM-NN,118,tm,91.23,0.41214538700023695,0.06532596700026261
UTM-NN,119,tm,91.34,0.4122912359998736,0.06705741899986606
UTM-NN,120,tm,91.34,0.41527892999965843,0.0624852959999771
UTM-NN,121,tm,91.27,0.4166404360003071,0.06299884700001712
UTM-NN,122,tm,91.24,0.4116330809997635,0.06292819999998756
UTM-NN,123,tm,91.31,0.4048759769998469,0.06417959000009432
UTM-NN,124,tm,91.33,0.40571908699985215,0.06345639700020911
UTM-NN,125,tm,91.41,0.4085854460004157,0.06361059299979388
UTM-NN,126,tm,91.42,0.4119309100001374,0.06351148799967632
UTM-NN,127,tm,91.4,0.4117889419999301,0.06254024300005767
UTM-NN,128,tm,91.36,0.4029877769999075,0.06480799100017975
UTM-NN,129,tm,91.42,0.40379123799993977,0.06348790900028689
UTM-NN,130,tm,91.43,0.40444870700002866,0.06216284499987523
UTM-NN,131,tm,91.43,0.41677987599996413,0.06791724200002136
UTM-NN,132,tm,91.34,0.4095879739998054,0.06571802000007665
UTM-NN,133,tm,91.31,0.409224969999741,0.06429893299991818
UTM-NN,134,tm,91.25999999999999,0.40878461800002697,0.06318117099999654
UTM-NN,135,tm,91.3,0.4129989940001906,0.06524682400004167
UTM-NN,136,tm,91.33,0.40556939600037367,0.0643811889999597
UTM-NN,137,tm,91.35,0.4047839089998888,0.06283079000013458
UTM-NN,138,tm,91.35,0.402443196999684,0.06489481100015837
UTM-NN,139,tm,91.25,0.42526157700012845,0.06539258299972062
UTM-NN,140,tm,91.14,0.4076559760001146,0.06463608100011697
UTM-NN,141,tm,91.29,0.404677164000077,0.06502865600032237
UTM-NN,142,tm,91.36999999999999,0.4177073930000006,0.06473644500010778
UTM-NN,143,tm,91.4,0.4120783040002607,0.06394961400019383
UTM-NN,144,tm,91.33,0.41247946499970567,0.06438021399981153
UTM-NN,145,tm,91.38,0.4175285010001062,0.07160428699990007
UTM-NN,146,tm,91.46,0.4139734810000846,0.0649433090002276
UTM-NN,147,tm,91.42,0.41847004999999626,0.06468486100038717
UTM-NN,148,tm,91.32000000000001,0.42299195299983694,0.06489094700009446
UTM-NN,149,tm,91.4,0.4108214529996985,0.06491851999999199
UTM-NN,150,tm,91.39,0.4235157309999522,0.06516004300010536
UTM-NN,151,nn,92.04,0.24750537200043254,0.06331596900008662
UTM-NN,152,nn,92.09,0.18935755100028473,0.06302923600014765
UTM-NN,153,nn,92.25999999999999,0.19081297899992933,0.06330814400007512
UTM-NN,154,nn,92.33,0.18169628900022872,0.06334001400000489
UTM-NN,155,nn,92.36,0.24917528500009212,0.06247683799983861
UTM-NN,156,nn,92.38,0.190147978999903,0.06210793200034459
UTM-NN,157,nn,92.52,0.19403680799996437,0.06445581400021183
UTM-NN,158,nn,92.53,0.18866233499966256,0.06329781299973547
UTM-NN,159,nn,92.51,0.19129428500036738,0.06279479400018317
UTM-NN,160,nn,92.56,0.1896842139999535,0.06385211900033028
UTM-NN,161,nn,92.57,0.18586108799991052,0.06206052300012743
UTM-NN,162,nn,92.64,0.1900920660000338,0.06386499500013088
UTM-NN,163,nn,92.67,0.24806888400007665,0.0635120580000148
UTM-NN,164,nn,92.66,0.17665819500007274,0.062495739000041794
UTM-NN,165,nn,92.64,0.1903494880002654,0.06205326400004196
UTM-NN,166,nn,92.63,0.18335817300021517,0.06604539099998874
UTM-NN,167,nn,92.65,0.23840161699990858,0.0640971630000422
UTM-NN,168,nn,92.69,0.1800890290001007,0.06424846300024001
UTM-NN,169,nn,92.66,0.1720724310002879,0.06212589799997659
UTM-NN,170,nn,92.64,0.17841610000004948,0.062481178999860276
UTM-NN,171,nn,92.63,0.18995414899973184,0.06365576100006365
UTM-NN,172,nn,92.66,0.1901864490000662,0.0630086700002721
UTM-NN,173,nn,92.64,0.19017265399997996,0.064864727999975
UTM-NN,174,nn,92.64,0.24403447399981815,0.06361419500035481
UTM-NN,175,nn,92.63,0.18252979100043376,0.06400385100005224
UTM-NN,176,nn,92.61,0.1899368620001951,0.06554600699973889
UTM-NN,177,nn,92.64,0.19172131999994235,0.06326991500009171
UTM-NN,178,nn,92.63,0.24675309299982473,0.0624550080001427
UTM-NN,179,nn,92.67,0.1862911329999406,0.06319977400016796
UTM-NN,180,nn,92.64,0.18292911700018522,0.0628455800001575
UTM-NN,181,nn,92.60000000000001,0.16980202800004918,0.06378804599989962
UTM-NN,182,nn,92.62,0.17413546799980395,0.0631586959998458
UTM-NN,183,nn,92.64,0.17835745499996847,0.06229517199972179
UTM-NN,184,nn,92.67,0.18532966399970974,0.06320800200001031
UTM-NN,185,nn,92.58999999999999,0.17533645499997874,0.06454152600008456
UTM-NN,186,nn,92.64,0.23334410000006756,0.06233239999983198
UTM-NN,187,nn,92.62,0.1828651290002199,0.06213805199968192
UTM-NN,188,nn,92.64,0.1828775570002108,0.06147952599985729
UTM-NN,189,nn,92.55,0.17310176799992405,0.06125066999993578
UTM-NN,190,nn,92.64,0.24382697500004724,0.06407929600027273
UTM-NN,191,nn,92.63,0.18391456100016512,0.06485096699998394
UTM-NN,192,nn,92.67,0.1865365329999804,0.06450626800005921
UTM-NN,193,nn,92.66,0.18075838700042368,0.06041285199989943
UTM-NN,194,nn,92.65,0.19034612199993717,0.06285662199979924
UTM-NN,195,nn,92.64,0.1897850280001876,0.06241121100038072
UTM-NN,196,nn,92.62,0.1772690920001878,0.0630953220002084
UTM-NN,197,nn,92.64,0.24682771400011916,0.06368740200014145
UTM-NN,198,nn,92.63,0.1900531360001878,0.06337208000013561
UTM-NN,199,nn,92.61,0.18178592500044033,0.06347313199967175
UTM-NN,200,nn,92.58999999999999,0.18581405400027506,0.06896590899987132
UTM-NN,201,nn,92.65,0.24386570100023164,0.06275895400040099
UTM-NN,202,nn,92.62,0.19041428099990299,0.06150610900022002
UTM-NN,203,nn,92.63,0.18846106099999815,0.06298915399975158
UTM-NN,204,nn,92.60000000000001,0.18986256399966805,0.060670324999591685
UTM-NN,205,nn,92.62,0.18217361600000004,0.06740855799989731
UTM-NN,206,nn,92.60000000000001,0.18260675300007279,0.06425715600016702
UTM-NN,207,nn,92.61,0.17324404600003618,0.06477284499987945
UTM-NN,208,nn,92.58999999999999,0.1734476760002508,0.06314100999998118
UTM-NN,209,nn,92.64,0.24799553999991986,0.0626934430001711
UTM-NN,210,nn,92.65,0.1910568630000853,0.06189203699977952
UTM-NN,211,nn,92.63,0.18623193499979607,0.06212896700026249
UTM-NN,212,nn,92.54,0.17817342299986194,0.06311500199990405
UTM-NN,213,nn,92.65,0.23247957700004918,0.06417836699984036
UTM-NN,214,nn,92.57,0.17756592800014914,0.06436717199994746
UTM-NN,215,nn,92.65,0.18441484000004493,0.06192785199982609
UTM-NN,216,nn,92.61,0.19060028800004147,0.0639163840000947
UTM-NN,217,nn,92.63,0.19071908600017196,0.06299765399990065
UTM-NN,218,nn,92.67,0.19078474700017978,0.06332660299995041
UTM-NN,219,nn,92.58999999999999,0.19012896699996418,0.06409044900010485
UTM-NN,220,nn,92.63,0.23868258199991033,0.06406780899988007
UTM-NN,221,nn,92.65,0.18281319200013968,0.06503335899969898
UTM-NN,222,nn,92.62,0.18749038700025267,0.06366933099980088
UTM-NN,223,nn,92.63,0.1889715359998263,0.06282410800031357
UTM-NN,224,nn,92.62,0.2489569730000767,0.06291802800024016
UTM-NN,225,nn,92.64,0.19044875400004457,0.06171406300018134
UTM-NN,226,nn,92.63,0.1868529410003248,0.06288027199980206
UTM-NN,227,nn,92.64,0.17700715899991337,0.06322351500011791
UTM-NN,228,nn,92.64,0.17870374699987224,0.06202942999971128
UTM-NN,229,nn,92.65,0.17543913500003327,0.06420487600007618
UTM-NN,230,nn,92.63,0.17500115400025607,0.06223496399979922
UTM-NN,231,nn,92.60000000000001,0.17539101999955165,0.06375329599995894
UTM-NN,232,nn,92.61,0.23297565399980158,0.062101509000058286
UTM-NN,233,nn,92.62,0.17656554399991364,0.06206123599986313
UTM-NN,234,nn,92.60000000000001,0.17491074500003378,0.06349694099981207
UTM-NN,235,nn,92.60000000000001,0.17470533899995644,0.06423564600027021
UTM-NN,236,nn,92.58999999999999,0.2528442640000321,0.06332837899981314
UTM-NN,237,nn,92.65,0.1897027730001355,0.063289454000369
UTM-NN,238,nn,92.58999999999999,0.18481987899986052,0.06881492699994851
UTM-NN,239,nn,92.56,0.18196783499979574,0.06378421799990974
UTM-NN,240,nn,92.67,0.19020089500008908,0.0670041010002933
UTM-NN,241,nn,92.64,0.19054559100004553,0.0647522320000462
UTM-NN,242,nn,92.67,0.1919581800002561,0.07028496000020823
UTM-NN,243,nn,92.66,0.24703548900015448,0.07090791700011323
UTM-NN,244,nn,92.64,0.19206230600002527,0.06955760500022734
UTM-NN,245,nn,92.63,0.18887597799994182,0.0717070320001767
UTM-NN,246,nn,92.65,0.18240515799971035,0.06405388299981496
UTM-NN,247,nn,92.62,0.2498655700001109,0.06443838299992422
UTM-NN,248,nn,92.62,0.1875585709999541,0.06925199800025439
UTM-NN,249,nn,92.62,0.19132563499988464,0.064151683000091
UTM-NN,250,nn,92.69,0.18967875999987882,0.0640405849999297
UTM-NN,251,nn,92.64,0.19193097700008366,0.06311705699999948
UTM-NN,252,nn,92.58,0.17559839900013685,0.06810651299974779
UTM-NN,253,nn,92.62,0.19038425300004747,0.07086073200025567
UTM-NN,254,nn,92.66,0.19158637400005318,0.06148387700022795
UTM-NN,255,nn,92.58,0.24593978699977015,0.06477775900020788
UTM-NN,256,nn,92.61,0.1891532200002075,0.06255085800012239
UTM-NN,257,nn,92.62,0.18727530799969827,0.07068109300007563
UTM-NN,258,nn,92.67,0.1765954090001287,0.06979460599995946
UTM-NN,259,nn,92.63,0.24085641600004237,0.06988681600023483
UTM-NN,260,nn,92.65,0.17949574799968104,0.06498032499985129
UTM-NN,261,nn,92.63,0.18933621599990147,0.06258423799999946
UTM-NN,262,nn,92.62,0.1888350479998735,0.0649776639997981
UTM-NN,263,nn,92.57,0.18793577999986155,0.07018666700014364
UTM-NN,264,nn,92.65,0.191781507000087,0.06448700500004634
UTM-NN,265,nn,92.58999999999999,0.19001716299999316,0.06471255200040105
UTM-NN,266,nn,92.63,0.24371526200002336,0.06383957499974713
UTM-NN,267,nn,92.62,0.19054686199979187,0.06324798300011025
UTM-NN,268,nn,92.66,0.17040324100025828,0.06331246499985355
UTM-NN,269,nn,92.64,0.18785875300000043,0.06406188899973131
UTM-NN,270,nn,92.65,0.2468277139996644,0.06323684799963303
UTM-NN,271,nn,92.65,0.18484147599974676,0.06488100500018845
UTM-NN,272,nn,92.65,0.19041033999974388,0.06572534099996119
UTM-NN,273,nn,92.62,0.17577341200012597,0.06409687199993641
UTM-NN,274,nn,92.67999999999999,0.18491409400030534,0.06441495299986855
UTM-NN,275,nn,92.61,0.17961203200002274,0.06470481600035782
UTM-NN,276,nn,92.62,0.18743546200039418,0.06446192700013853
UTM-NN,277,nn,92.62,0.1893717220000326,0.0627289330000167
UTM-NN,278,nn,92.58999999999999,0.24331626999992295,0.06174473900000521
UTM-NN,279,nn,92.67999999999999,0.1767528619998302,0.06333927200012113
UTM-NN,280,nn,92.62,0.1813355419999425,0.06366072699984215
UTM-NN,281,nn,92.60000000000001,0.1876316000002589,0.06402050699989559
UTM-NN,282,nn,92.67999999999999,0.24758412200026214,0.0641988229999697
UTM-NN,283,nn,92.7,0.18780161899985615,0.06583621299978404
UTM-NN,284,nn,92.58,0.1698016930004087,0.06471929700001056
UTM-NN,285,nn,92.60000000000001,0.18927421199987293,0.06434719699973357
UTM-NN,286,nn,92.62,0.18301370500012126,0.0633330600003319
UTM-NN,287,nn,92.66,0.1885554069999671,0.06539484299992182
UTM-NN,288,nn,92.60000000000001,0.1789471360002608,0.06540013299991188
UTM-NN,289,nn,92.64,0.2471974909999517,0.06287635399985447
UTM-NN,290,nn,92.62,0.19019212000011976,0.06451784899991253
UTM-NN,291,nn,92.60000000000001,0.18099066399963704,0.06433352800013381
UTM-NN,292,nn,92.66,0.18239389299969844,0.06379164600002696
UTM-NN,293,nn,92.67999999999999,0.24736966599994048,0.062171987000056106
UTM-NN,294,nn,92.69,0.1830967320001946,0.06306430000040564
UTM-NN,295,nn,92.58,0.188919007000095,0.06431741599999441
UTM-NN,296,nn,92.7,0.17999061999989863,0.06284051900001941
UTM-NN,297,nn,92.63,0.18725517499979105,0.0629007500001535
UTM-NN,298,nn,92.64,0.1807076979998783,0.06401802700020198
UTM-NN,299,nn,92.60000000000001,0.17581986599998345,0.0633722709999347
UTM-NN,300,nn,92.62,0.17621884700020018,0.06431321199988815
UTM-NN,301,nn,92.58,0.2355844660000912,0.06248422600037884
UTM-NN,302,nn,92.63,0.1768362419998084,0.06346902299992507
UTM-NN,303,nn,92.62,0.17736798100031592,0.06301232499981779
UTM-NN,304,nn,92.62,0.1771256000001813,0.06376706399987597
UTM-NN,305,nn,92.62,0.23489688300014677,0.0624287710002136
UTM-NN,306,nn,92.63,0.1767308270000285,0.06328951600016808
UTM-NN,307,nn,92.56,0.1796228829998654,0.06549833899998703
UTM-NN,308,nn,92.67999999999999,0.18589382700019996,0.06206898899972657
UTM-NN,309,nn,92.61,0.18173824299992702,0.06363442700012456
UTM-NN,310,nn,92.69,0.1902983770000901,0.060721146000105364
UTM-NN,311,nn,92.65,0.18963514400002168,0.06259927299970514
UTM-NN,312,nn,92.66,0.24614914499989027,0.06386544699989827
UTM-NN,313,nn,92.61,0.18965185199976986,0.062041720999786776
UTM-NN,314,nn,92.61,0.19082959700017454,0.06400596200001019
UTM-NN,315,nn,92.62,0.18979089800041038,0.06986348800000997
UTM-NN,316,nn,92.63,0.24761495599977934,0.06205575600006341
UTM-NN,317,nn,92.61,0.1906029930000841,0.0653853710000476
UTM-NN,318,nn,92.64,0.19852333400012867,0.06228695900017556
UTM-NN,319,nn,92.63,0.1905355559997588,0.06241284599991559
UTM-NN,320,nn,92.64,0.19056443599993145,0.06105361999971137
UTM-NN,321,nn,92.64,0.192882481000197,0.06237830200007011
UTM-NN,322,nn,92.7,0.19094584799995573,0.06195030600019891
UTM-NN,323,nn,92.60000000000001,0.1879954490000273,0.06094613200002641
UTM-NN,324,nn,92.69,0.2475921160003054,0.062117530000250554
UTM-NN,325,nn,92.62,0.1912976339999659,0.06381221700030437
UTM-NN,326,nn,92.61,0.19015994000028513,0.06848535100016306
UTM-NN,327,nn,92.57,0.19278746300005878,0.06393740400017123
UTM-NN,328,nn,92.58999999999999,0.2313988849996349,0.06166756200036616
UTM-NN,329,nn,92.60000000000001,0.1878579079998417,0.06258031500010475
UTM-NN,330,nn,92.65,0.17964729300001636,0.0651195519999419
UTM-NN,331,nn,92.64,0.18314921599994705,0.06271047099971838
UTM-NN,332,nn,92.63,0.17333386100017378,0.062486123999860865
UTM-NN,333,nn,92.61,0.18253723699990587,0.06511433700006819
UTM-NN,334,nn,92.63,0.18803597000032823,0.06277360600006432
UTM-NN,335,nn,92.64,0.23818625800004156,0.06328909900003055
UTM-NN,336,nn,92.69,0.1747852859998602,0.06284440400031599
UTM-NN,337,nn,92.61,0.19084887400003936,0.0648092340002222
UTM-NN,338,nn,92.67,0.18918360399993617,0.0709875769998689
UTM-NN,339,nn,92.66,0.23864172300000064,0.06330283600027542
UTM-NN,340,nn,92.69,0.18917452599998796,0.06467577700004767
UTM-NN,341,nn,92.61,0.18619320900006642,0.0624832969997442
UTM-NN,342,nn,92.64,0.1887496229996941,0.06393672099966352
UTM-NN,343,nn,92.64,0.19088938000004418,0.0630979729999126
UTM-NN,344,nn,92.64,0.18675688700022874,0.06240344300022116
UTM-NN,345,nn,92.63,0.17580705299997135,0.07007085700024618
UTM-NN,346,nn,92.66,0.1899110809999911,0.06918359400015106
UTM-NN,347,nn,92.63,0.2441639259996009,0.07027138300009028
UTM-NN,348,nn,92.67999999999999,0.18188610300012442,0.07097092999993038
UTM-NN,349,nn,92.63,0.18605061700009173,0.06496049499992296
UTM-NN,350,nn,92.63,0.18286889899991365,0.06267069499972422
UTM-NN,351,nn,92.64,0.2484599210001761,0.06860376899976472
UTM-NN,352,nn,92.60000000000001,0.1921466999997392,0.06182164099982401
UTM-NN,353,nn,92.63,0.18967058599992015,0.06380385299962654
UTM-NN,354,nn,92.61,0.19599249900011273,0.06356941800004279
UTM-NN,355,nn,92.58,0.18787596799984385,0.06467463199987833
UTM-NN,356,nn,92.67999999999999,0.1909028310001304,0.06883916299966586
UTM-NN,357,nn,92.65,0.19180493100020612,0.06378481599995212
UTM-NN,358,nn,92.64,0.24969605699970998,0.062420892999853095
UTM-NN,359,nn,92.65,0.19042452200028492,0.06874064900011945
UTM-NN,360,nn,92.62,0.18961863599997741,0.06437219600002209
UTM-NN,361,nn,92.60000000000001,0.18916811400004008,0.06322421300001224
UTM-NN,362,nn,92.58,0.2527243139998063,0.07039216200018927
UTM-NN,363,nn,92.65,0.18940909000002648,0.06951519700032804
UTM-NN,364,nn,92.65,0.18979914300007295,0.07026099599988811
UTM-NN,365,nn,92.64,0.1901645150001059,0.06341553199990813
UTM-NN,366,nn,92.60000000000001,0.19050570099989272,0.06411248099993827
UTM-NN,367,nn,92.62,0.19152662100032103,0.06450043500035463
UTM-NN,368,nn,92.69,0.17880614299974695,0.06315125399987664
UTM-NN,369,nn,92.66,0.19051310600025317,0.06354867199979708
UTM-NN,370,nn,92.66,0.2428456340003322,0.06532502300024134
UTM-NN,371,nn,92.58,0.18817101600006936,0.062205947999700584
UTM-NN,372,nn,92.62,0.18034167699988757,0.06549164099988047
UTM-NN,373,nn,92.63,0.1827637979999963,0.07040728699985266
UTM-NN,374,nn,92.63,0.25041222899972126,0.06411449200004427
UTM-NN,375,nn,92.7,0.1969221499998639,0.0634711719999359
UTM-NN,376,nn,92.65,0.189463596999758,0.06295524600000135
UTM-NN,377,nn,92.62,0.18944911000016873,0.07000062499992055
UTM-NN,378,nn,92.63,0.18906407100030265,0.06206298499955665
UTM-NN,379,nn,92.60000000000001,0.1874875990001783,0.06285895399969377
UTM-NN,380,nn,92.67,0.18781362600020657,0.06250779899983172
UTM-NN,381,nn,92.61,0.24487880800006678,0.06221313399964856
UTM-NN,382,nn,92.64,0.1899498909997419,0.063084166000408
UTM-NN,383,nn,92.67999999999999,0.18780493499980366,0.061533295000117505
UTM-NN,384,nn,92.57,0.1898527789999207,0.0627368310001657
UTM-NN,385,nn,92.64,0.2454609960000198,0.06251939200001289
UTM-NN,386,nn,92.64,0.19076399800042054,0.06492978999995103
UTM-NN,387,nn,92.65,0.18583193299991763,0.06895050499997524
UTM-NN,388,nn,92.60000000000001,0.17889907400012817,0.06462691799970344
UTM-NN,389,nn,92.63,0.1934719989999394,0.063992779000273
UTM-NN,390,nn,92.64,0.19240602200034118,0.06325755899979413
UTM-NN,391,nn,92.66,0.18073253700003988,0.06378330400002596
UTM-NN,392,nn,92.66,0.19123485000000073,0.06241876500007493
UTM-NN,393,nn,92.58999999999999,0.24725197599991589,0.06413351599985617
UTM-NN,394,nn,92.58,0.18754264800008968,0.0614666810001836
UTM-NN,395,nn,92.62,0.17806678799979636,0.06130201899986787
UTM-NN,396,nn,92.64,0.19122052700004133,0.062075424999875395
UTM-NN,397,nn,92.67,0.24719987399976162,0.06327715099996567
UTM-NN,398,nn,92.65,0.18777966900006504,0.06298110999978235
UTM-NN,399,nn,92.63,0.17441429599966796,0.06370205600023837
UTM-NN,400,nn,92.57,0.19063838800002486,0.06402998600015053
UTM-NN,401,nn,92.63,0.18100263999986055,0.06642815899976995
UTM-NN,402,nn,92.67,0.19237029599980815,0.06318098900010227
UTM-NN,403,nn,92.65,0.17547484000033364,0.06115801599980841
UTM-NN,404,nn,92.63,0.2448160620001545,0.06124286999965989
UTM-NN,405,nn,92.57,0.19212091999997938,0.06314608200000293
UTM-NN,406,nn,92.60000000000001,0.18970555000032618,0.06250331899991579
UTM-NN,407,nn,92.60000000000001,0.1942533030000959,0.06325530300000537
UTM-NN,408,nn,92.64,0.23677254599988373,0.06364093999991383
UTM-NN,409,nn,92.63,0.19019494700023643,0.0634890789997371
UTM-NN,410,nn,92.63,0.19240837500001362,0.06510529300021517
UTM-NN,411,nn,92.65,0.18714193400001022,0.06098137899971334
UTM-NN,412,nn,92.61,0.18944835599995713,0.06380028299963669
UTM-NN,413,nn,92.64,0.18280399000013858,0.06327118699982748
UTM-NN,414,nn,92.67999999999999,0.18342760700033978,0.06420351499991739
UTM-NN,415,nn,92.62,0.19056508599987865,0.06285604999993666
UTM-NN,416,nn,92.64,0.2510994550002579,0.06266172699997696
UTM-NN,417,nn,92.58,0.18932500899973093,0.06347041599974546
UTM-NN,418,nn,92.61,0.1914764319999449,0.06295514299972638
UTM-NN,419,nn,92.62,0.18195847200013304,0.06372418499995547
UTM-NN,420,nn,92.64,0.24302650499976153,0.06467714000018532
UTM-NN,421,nn,92.66,0.17731171200011886,0.06484366399990904
UTM-NN,422,nn,92.67,0.18851762700023755,0.06197153099992647
UTM-NN,423,nn,92.65,0.18976698799997394,0.06397064900011173
UTM-NN,424,nn,92.62,0.18072993600026166,0.06187430099998892
UTM-NN,425,nn,92.57,0.19027381500018237,0.06120371299994076
UTM-NN,426,nn,92.71000000000001,0.18461624100018525,0.06303488100002141
UTM-NN,427,nn,92.58999999999999,0.24460651200024586,0.06298444399999426
UTM-NN,428,nn,92.62,0.18998325600023236,0.06303342699993664
UTM-NN,429,nn,92.64,0.19027658000004521,0.06257209800014607
UTM-NN,430,nn,92.60000000000001,0.1889530100002048,0.064593344000059
UTM-NN,431,nn,92.65,0.2450324950000322,0.061379233000025124
UTM-NN,432,nn,92.64,0.18485590499994942,0.06454507499984175
UTM-NN,433,nn,92.60000000000001,0.19033557500006282,0.062325536999651376
UTM-NN,434,nn,92.63,0.18855119999989256,0.06311239900014698
UTM-NN,435,nn,92.58999999999999,0.17958648300009372,0.0608998090001478
UTM-NN,436,nn,92.66,0.19145697199974165,0.06229802400002882
UTM-NN,437,nn,92.67999999999999,0.18861745100002736,0.06229451600029279
UTM-NN,438,nn,92.66,0.1924694110002747,0.06403995900018344
UTM-NN,439,nn,92.60000000000001,0.24797874100022455,0.0628630470000644
UTM-NN,440,nn,92.67,0.19013670600043042,0.06405707900012203
UTM-NN,441,nn,92.61,0.18492737699989448,0.06466708700008894
UTM-NN,442,nn,92.57,0.19019125300019368,0.06270031100029883
UTM-NN,443,nn,92.60000000000001,0.24151061100019433,0.0650048410002455
UTM-NN,444,nn,92.57,0.18726404500011995,0.06208521300004577
UTM-NN,445,nn,92.66,0.1902822090000882,0.06255606400009128
UTM-NN,446,nn,92.66,0.1888646009997501,0.06418425200035927
UTM-NN,447,nn,92.66,0.1893076809997183,0.06450817199993253
UTM-NN,448,nn,92.58999999999999,0.18983352099985495,0.06317104200024914
UTM-NN,449,nn,92.61,0.1905853160001243,0.0646100240001033
UTM-NN,450,nn,92.66,0.24436364800021693,0.06359019299998181
UTM-NN,451,nn,92.65,0.17847509300008824,0.06445056099983049
UTM-NN,452,nn,92.66,0.1783416200000829,0.06290442999988954
UTM-NN,453,nn,92.60000000000001,0.17604492300006314,0.06336225099994408
UTM-NN,454,nn,92.58,0.23584954300031313,0.0653134960002717
UTM-NN,455,nn,92.61,0.1869712529996832,0.06401723599992692
UTM-NN,456,nn,92.62,0.18888604499989015,0.06360843099992053
UTM-NN,457,nn,92.64,0.1895217149999553,0.06265258999974321
UTM-NN,458,nn,92.65,0.18428511199999775,0.06221708100019896
UTM-NN,459,nn,92.67999999999999,0.17720446900011666,0.06125258900010522
UTM-NN,460,nn,92.62,0.187809075000132,0.06276008399981947
UTM-NN,461,nn,92.65,0.183822002999932,0.07111964199975773
UTM-NN,462,nn,92.64,0.23641701999986253,0.06287805200008734
UTM-NN,463,nn,92.57,0.1757434609999109,0.06520360300009997
UTM-NN,464,nn,92.65,0.17584664600008182,0.0651303250001547
UTM-NN,465,nn,92.64,0.1767841769997176,0.06352133200016397
UTM-NN,466,nn,92.65,0.2335709769999994,0.06265257300037774
UTM-NN,467,nn,92.61,0.18173161400000026,0.06939304300021831
UTM-NN,468,nn,92.60000000000001,0.1762405729996317,0.06448410700022578
UTM-NN,469,nn,92.61,0.18299647999992885,0.06278497000039351
UTM-NN,470,nn,92.62,0.18748433200016734,0.06511083599980338
UTM-NN,471,nn,92.69,0.1889547619998666,0.06289532499977213
UTM-NN,472,nn,92.62,0.1899394699998993,0.06326963000037722
UTM-NN,473,nn,92.56,0.24464087400019707,0.06528144699996119
UTM-NN,474,nn,92.61,0.1910186509999221,0.06474891800007754
UTM-NN,475,nn,92.63,0.19113028199990367,0.06546034800021516
UTM-NN,476,nn,92.62,0.1828929700000117,0.06304516799991688
UTM-NN,477,nn,92.66,0.23247574200013332,0.06369043100039562
UTM-NN,478,nn,92.63,0.1785786079999525,0.06501724700001432
UTM-NN,479,nn,92.60000000000001,0.17606201100034014,0.06517892299962114
UTM-NN,480,nn,92.60000000000001,0.17640979099996912,0.06508900800008632
UTM-NN,481,nn,92.66,0.1779022310001892,0.06322525999985373
UTM-NN,482,nn,92.61,0.1761529119999068,0.06513590100030342
UTM-NN,483,nn,92.66,0.17861517699975593,0.0649263330001304
UTM-NN,484,nn,92.63,0.17615574000001288,0.06432709599994269
UTM-NN,485,nn,92.65,0.23576763600021877,0.0648824740001146
UTM-NN,486,nn,92.56,0.19051893100004236,0.06565614100009043
UTM-NN,487,nn,92.67999999999999,0.17604376400004185,0.06374643900016963
UTM-NN,488,nn,92.62,0.18550454399974114,0.06254482799977268
UTM-NN,489,nn,92.63,0.2475752659997852,0.06329902600009518
UTM-NN,490,nn,92.58999999999999,0.18897434099972088,0.06928035400005683
UTM-NN,491,nn,92.64,0.19051387800027442,0.06216554200000246
UTM-NN,492,nn,92.61,0.19076557900007174,0.06203761400001895
UTM-NN,493,nn,92.61,0.1898197280002023,0.06421615899989774
UTM-NN,494,nn,92.58999999999999,0.17570001300009608,0.06372743100018852
UTM-NN,495,nn,92.65,0.17411733400012963,0.06406118899985813
UTM-NN,496,nn,92.60000000000001,0.2439837010001611,0.06338925199997902
UTM-NN,497,nn,92.61,0.17584844099974362,0.06428897899968433
UTM-NN,498,nn,92.63,0.17860048800002915,0.06471295800020016
UTM-NN,499,nn,92.66,0.17664460400010285,0.06286284699990574
UTM-NN,500,nn,92.61,0.24163522499975443,0.06230277399981787
