method,epoch,model_type,test_accuracy,train_time,test_time
Cyclic,1,tm,76.08,0.38921807099541184,0.06610520999674918
Cyclic,2,tm,77.03,0.3637195999981486,0.06758556300337659
Cyclic,3,tm,77.14,0.36097023999900557,0.06899468500341754
Cyclic,4,tm,78.68,0.358005663001677,0.06752789900201606
Cyclic,5,tm,79.39,0.33748086499690544,0.06749390700133517
Cyclic,6,tm,77.69,0.3350406390018179,0.06786056300188648
Cyclic,7,tm,79.33,0.33643459800077835,0.0674185120005859
Cyclic,8,tm,79.51,0.3325854069989873,0.06856162400072208
Cyclic,9,tm,79.99000000000001,0.3375258509986452,0.06667176699556876
Cyclic,10,tm,80.36,0.3207583600014914,0.06667199000366963
Cyclic,11,tm,79.97,0.32442969400290167,0.06629189199884422
Cyclic,12,tm,79.23,0.32975554499716964,0.06735902299988084
Cyclic,13,tm,79.84,0.3256225470031495,0.06696016899513779
Cyclic,14,tm,79.65,0.32705698799691163,0.06715217899909476
Cyclic,15,tm,80.84,0.32659250799770234,0.06671395499870414
Cyclic,16,tm,80.14,0.3259649329993408,0.06841622999490937
Cyclic,17,tm,80.36999999999999,0.32035724299930735,0.07240589399589226
Cyclic,18,tm,81.02000000000001,0.3208838970022043,0.06795775300270179
Cyclic,19,tm,80.76,0.3180039110011421,0.06751869399886345
Cyclic,20,tm,80.60000000000001,0.3246082319965353,0.06491685299988603
Cyclic,21,tm,80.92,0.3161158169968985,0.071774584997911
Cyclic,22,tm,80.23,0.315195588998904,0.067440336002619
Cyclic,23,tm,79.27,0.3276873319991864,0.0680875800026115
Cyclic,24,tm,79.67999999999999,0.30459772900212556,0.0674332820053678
Cyclic,25,tm,78.99000000000001,0.3219399599984172,0.06680548500298755
Cyclic,26,tm,79.38,0.3173043959977804,0.06882316600240301
Cyclic,27,tm,81.67,0.325010831002146,0.06669857400265755
Cyclic,28,tm,81.2,0.31968920399958733,0.06679877000715351
Cyclic,29,tm,81.15,0.31768841399753,0.06697879500279669
Cyclic,30,tm,80.91000000000001,0.30760459400335094,0.06663426400336903
Cyclic,31,tm,81.49,0.32018485000298824,0.06720610200136434
Cyclic,32,tm,81.54,0.3132828009984223,0.06684510800550925
Cyclic,33,tm,79.58,0.3100008019973757,0.0678674949958804
Cyclic,34,tm,81.53,0.3165702650003368,0.06936566900549224
Cyclic,35,tm,81.57,0.3107941790003679,0.0673308769983123
Cyclic,36,tm,80.56,0.31325630100036506,0.06776798699866049
Cyclic,37,tm,81.51,0.31408018099318724,0.06612762499571545
Cyclic,38,tm,80.89,0.3153887059961562,0.06620645100338152
Cyclic,39,tm,80.17999999999999,0.31233055199845694,0.06669920700369403
Cyclic,40,tm,81.05,0.31357644299714593,0.06602132999978494
Cyclic,41,tm,81.25,0.30781119399762247,0.06901856300100917
Cyclic,42,tm,81.95,0.3086796260031406,0.06788013799814507
Cyclic,43,tm,80.78999999999999,0.3102744630014058,0.06611130900273565
Cyclic,44,tm,80.83,0.3168116770029883,0.06545080900104949
Cyclic,45,tm,81.87,0.3048340020031901,0.06704131199512631
Cyclic,46,tm,82.07,0.30719338900235016,0.06712492299993755
Cyclic,47,tm,81.58999999999999,0.3161603710032068,0.06869019199803006
Cyclic,48,tm,80.42,0.31445429399900604,0.07012842199765146
Cyclic,49,tm,81.14,0.3213776980046532,0.06829852900409605
Cyclic,50,tm,81.44,0.3067396420010482,0.07044730100460583
Cyclic,51,nn,83.24000000000001,0.21880171999509912,0.06896688300184906
Cyclic,52,nn,83.12,0.20172521499625873,0.06970221599476645
Cyclic,53,nn,83.28999999999999,0.19843450999906054,0.0688473820046056
Cyclic,54,nn,83.24000000000001,0.25246486499963794,0.06991332300094655
Cyclic,55,nn,83.1,0.21865225099463714,0.06980139900406357
Cyclic,56,nn,83.1,0.22231270799966296,0.06904917400242994
Cyclic,57,nn,83.12,0.2000191260012798,0.06890933999966364
Cyclic,58,nn,83.17999999999999,0.2662849990010727,0.06923709400143707
Cyclic,59,nn,83.28999999999999,0.20182532100443495,0.06866732300113654
Cyclic,60,nn,83.26,0.20337704200210283,0.06950920300005237
Cyclic,61,nn,83.26,0.19853184699604753,0.06833829699462513
Cyclic,62,nn,83.26,0.2455669199989643,0.06913370699476218
Cyclic,63,nn,83.39999999999999,0.19700501400075154,0.07082193699898198
Cyclic,64,nn,83.43,0.20505357900401577,0.06923787700361572
Cyclic,65,nn,83.37,0.2004289989999961,0.070216514999629
Cyclic,66,nn,83.28999999999999,0.20637780799734173,0.07081026500236476
Cyclic,67,nn,83.39,0.26674957999784965,0.06914017300005071
Cyclic,68,nn,83.54,0.20309958600410027,0.0663292140015983
Cyclic,69,nn,83.69,0.21928036699682707,0.0676117780021741
Cyclic,70,nn,83.65,0.19715756700315978,0.06691835499805165
Cyclic,71,nn,83.67,0.2622183780040359,0.07007655400229851
Cyclic,72,nn,83.7,0.2021366469998611,0.065363358000468
Cyclic,73,nn,83.83,0.19897799200407462,0.06732528000429738
Cyclic,74,nn,83.72,0.21235270900069736,0.06929839900112711
Cyclic,75,nn,83.81,0.27034005600580713,0.06785233000118751
Cyclic,76,nn,83.83,0.22176342100283364,0.06722882299800403
Cyclic,77,nn,83.93,0.22144887300237315,0.07023938100610394
Cyclic,78,nn,83.85000000000001,0.22042093399795704,0.06966649000241887
Cyclic,79,nn,84.17,0.26314359800016973,0.06855863999953726
Cyclic,80,nn,84.04,0.19965703900379594,0.06986177100043278
Cyclic,81,nn,83.99,0.19503118700231425,0.06950049299484817
Cyclic,82,nn,84.05,0.19946251099463552,0.06973101799667347
Cyclic,83,nn,84.14,0.251588710998476,0.0699152419983875
Cyclic,84,nn,84.17,0.19890890199894784,0.07048858400230529
Cyclic,85,nn,84.19,0.20422082000004593,0.06989341299777152
Cyclic,86,nn,84.22,0.20527552899875445,0.06737487400096143
Cyclic,87,nn,84.28999999999999,0.2081725070020184,0.06764321299851872
Cyclic,88,nn,84.3,0.26989663900167216,0.06950705400231527
Cyclic,89,nn,84.26,0.22152201300195884,0.06971423999493709
Cyclic,90,nn,84.31,0.22352312900329707,0.0701626970039797
Cyclic,91,nn,84.31,0.22160571200220147,0.07017611100309296
Cyclic,92,nn,84.28999999999999,0.2715271550041507,0.07066752999526216
Cyclic,93,nn,84.24000000000001,0.20840016299916897,0.07050244099809788
Cyclic,94,nn,84.26,0.19969951300299726,0.0692731100061792
Cyclic,95,nn,84.3,0.19728594300249824,0.06787409300159197
Cyclic,96,nn,84.28999999999999,0.2549961280019488,0.06976747799490113
Cyclic,97,nn,84.37,0.2059794189990498,0.06904610099445563
Cyclic,98,nn,84.48,0.20055004699679557,0.07030069499887759
Cyclic,99,nn,84.37,0.2043994109990308,0.06999204499879852
Cyclic,100,nn,84.37,0.2523024580004858,0.07002151999768103
Cyclic,101,tm,82.08,0.32085726899822475,0.067875623004511
Cyclic,102,tm,81.49,0.30959333200007677,0.06635969200578984
Cyclic,103,tm,79.94,0.31504968499939423,0.06730433100165101
Cyclic,104,tm,81.35,0.3028172890044516,0.0677709150040755
Cyclic,105,tm,82.04,0.3086252709981636,0.06896664699888788
Cyclic,106,tm,81.08999999999999,0.31355665000592126,0.06817195800249465
Cyclic,107,tm,81.5,0.30932553599996027,0.0665514440042898
Cyclic,108,tm,81.0,0.3181958509958349,0.06469308999658097
Cyclic,109,tm,81.95,0.3147462330016424,0.06743781299883267
Cyclic,110,tm,81.08999999999999,0.31826230300066527,0.06586827600403922
Cyclic,111,tm,80.45,0.3161962329977541,0.06868742599908728
Cyclic,112,tm,82.34,0.3093927829977474,0.06846107700403081
Cyclic,113,tm,81.52000000000001,0.3114861239955644,0.06997252400469733
Cyclic,114,tm,81.43,0.3086772300011944,0.06818161599949235
Cyclic,115,tm,81.78,0.31433356900379295,0.06899891500506783
Cyclic,116,tm,81.45,0.3098689309990732,0.06816843699925812
Cyclic,117,tm,81.84,0.3081514799996512,0.06749833700450836
Cyclic,118,tm,81.91000000000001,0.32476271700579673,0.06781264799792552
Cyclic,119,tm,82.75,0.30537288900086423,0.067605137002829
Cyclic,120,tm,80.58999999999999,0.31745994799712207,0.06658874000277137
Cyclic,121,tm,81.6,0.31458702600502875,0.06970121800259221
Cyclic,122,tm,81.64,0.3000902310013771,0.06859923600131879
Cyclic,123,tm,79.88,0.30575157800194575,0.06802189999871189
Cyclic,124,tm,80.84,0.30165434399532387,0.06732779499725439
Cyclic,125,tm,80.66,0.3123457830006373,0.06832569999824045
Cyclic,126,tm,82.23,0.30600582499755546,0.06710021899925778
Cyclic,127,tm,81.87,0.3122749229951296,0.06880145500326762
Cyclic,128,tm,81.03,0.30438978600432165,0.06735534399922471
Cyclic,129,tm,81.17,0.31395417699968675,0.06729605700093089
Cyclic,130,tm,81.56,0.301916254000389,0.06639638100023149
Cyclic,131,tm,81.39,0.3048067300042021,0.06556055699911667
Cyclic,132,tm,82.0,0.3029745140011073,0.068429949998972
Cyclic,133,tm,80.73,0.30887715599965304,0.06506596500548767
Cyclic,134,tm,81.38,0.30213960799301276,0.06821526799467392
Cyclic,135,tm,80.87,0.3057943060048274,0.06836788799409987
Cyclic,136,tm,81.6,0.3021531740014325,0.0663139210009831
Cyclic,137,tm,81.66,0.30274127700249664,0.06682014800026082
Cyclic,138,tm,81.67,0.305660360994807,0.06640397100272821
Cyclic,139,tm,81.3,0.3124356370026362,0.06847943799948553
Cyclic,140,tm,81.17,0.30513642499863636,0.06855322900082683
Cyclic,141,tm,79.75999999999999,0.3086711910000304,0.06740455299586756
Cyclic,142,tm,82.34,0.3014836100046523,0.06711712700052885
Cyclic,143,tm,81.41000000000001,0.3081164469986106,0.06735501499497332
Cyclic,144,tm,82.39999999999999,0.3154199429991422,0.0671789850021014
Cyclic,145,tm,81.75,0.31097194900212344,0.0674958199961111
Cyclic,146,tm,81.28,0.31013721299677854,0.06663716299954103
Cyclic,147,tm,80.57,0.30428122600278584,0.06728673799807439
Cyclic,148,tm,81.56,0.2955255220003892,0.06849005000549369
Cyclic,149,tm,80.36999999999999,0.30682761299976846,0.06822008999733953
Cyclic,150,tm,81.76,0.3127743270015344,0.06907682299788576
Cyclic,151,nn,83.36,0.22608827300427947,0.07020178699895041
Cyclic,152,nn,83.28,0.20222621099674143,0.06962121499964269
Cyclic,153,nn,83.34,0.19899773799988907,0.06898810699931346
Cyclic,154,nn,83.22,0.27514653999969596,0.07097447900014231
Cyclic,155,nn,83.33,0.20291863999591442,0.0696116239996627
Cyclic,156,nn,83.09,0.20227377700211946,0.06757570899935672
Cyclic,157,nn,83.39999999999999,0.20045152799866628,0.06956914100010181
Cyclic,158,nn,83.36,0.2545539700004156,0.06987122099963017
Cyclic,159,nn,83.31,0.19671957699756604,0.06951986999774817
Cyclic,160,nn,83.28,0.19752468400110956,0.07056285399448825
Cyclic,161,nn,83.33,0.1954069760031416,0.06903450700337999
Cyclic,162,nn,83.39999999999999,0.20093754599656677,0.06942720000370173
Cyclic,163,nn,83.5,0.25090400699991733,0.06713003599725198
Cyclic,164,nn,83.42,0.1968314810001175,0.06936866699834354
Cyclic,165,nn,83.41,0.19685705899610184,0.06893490900256438
Cyclic,166,nn,83.6,0.19691162199887913,0.06897619400115218
Cyclic,167,nn,83.50999999999999,0.24857114300539251,0.07050499799515819
Cyclic,168,nn,83.50999999999999,0.22676507700089132,0.06805867599905469
Cyclic,169,nn,83.5,0.20290750400454272,0.06804923099844018
Cyclic,170,nn,83.67999999999999,0.21774572700087447,0.06908096000552177
Cyclic,171,nn,83.75,0.25843581200024346,0.06883924700377975
Cyclic,172,nn,83.78999999999999,0.22407023100095103,0.06712484899617266
Cyclic,173,nn,84.02,0.19880887099861866,0.06907237899577012
Cyclic,174,nn,83.99,0.19885096299549332,0.06956851600261871
Cyclic,175,nn,84.08,0.2505973619990982,0.06788765300007071
Cyclic,176,nn,84.02,0.20997753799747443,0.06791459499800112
Cyclic,177,nn,84.19,0.19882273099938175,0.06946741399588063
Cyclic,178,nn,84.13000000000001,0.19850426299672108,0.06900574899918865
Cyclic,179,nn,84.22,0.2503482370011625,0.06810599299933529
Cyclic,180,nn,84.1,0.19420979500137037,0.06579285599582363
Cyclic,181,nn,84.22,0.20171986700006528,0.06792729999870062
Cyclic,182,nn,84.26,0.20086349199846154,0.06700673299928894
Cyclic,183,nn,84.33,0.19666042899916647,0.06997047599725192
Cyclic,184,nn,84.35000000000001,0.24782981700263917,0.06889065099676372
Cyclic,185,nn,84.45,0.1973643550009001,0.07009310799912782
Cyclic,186,nn,84.3,0.19617883700266248,0.0687177680010791
Cyclic,187,nn,84.63000000000001,0.20009747999574756,0.06952048799576005
Cyclic,188,nn,84.36,0.26354512199759483,0.06786869899951853
Cyclic,189,nn,84.61,0.19619690500258002,0.06954310499713756
Cyclic,190,nn,84.54,0.1998914279974997,0.06820976200106088
Cyclic,191,nn,84.67,0.20230862400057958,0.06664099900081055
Cyclic,192,nn,84.48,0.25699186899873894,0.06885567600693321
Cyclic,193,nn,84.54,0.22103132999473019,0.06722925099893473
Cyclic,194,nn,84.7,0.21046452400332782,0.06630697800574126
Cyclic,195,nn,84.63000000000001,0.2199854660066194,0.07026479200430913
Cyclic,196,nn,84.61,0.2688420729973586,0.06952015899878461
Cyclic,197,nn,84.64,0.22104199699970195,0.06732696200197097
Cyclic,198,nn,84.65,0.198005951999221,0.06909840400476241
Cyclic,199,nn,84.68,0.20195856299687875,0.06944264000048861
Cyclic,200,nn,84.74000000000001,0.27089676200557733,0.0677372669961187
Cyclic,201,tm,81.8,0.30920740699366434,0.06865552499948535
Cyclic,202,tm,81.78,0.3092506989996764,0.06632636499853106
Cyclic,203,tm,81.39,0.30979042800026946,0.06803209099598462
Cyclic,204,tm,81.66,0.31275468099920545,0.06801307100249687
Cyclic,205,tm,82.1,0.3114781389958807,0.06729873700533062
Cyclic,206,tm,81.65,0.3017167860016343,0.06749430199852213
Cyclic,207,tm,81.02000000000001,0.3095836430002237,0.06855482599348761
Cyclic,208,tm,80.91000000000001,0.3059429170025396,0.06637229299667524
Cyclic,209,tm,82.27,0.30757992200233275,0.06773495900415583
Cyclic,210,tm,82.26,0.3079307139996672,0.06673413099633763
Cyclic,211,tm,81.65,0.31135681399609894,0.06811966499662958
Cyclic,212,tm,81.94,0.31030989500141004,0.06640913099545287
Cyclic,213,tm,81.82000000000001,0.3080547469944577,0.06684703400242142
Cyclic,214,tm,82.0,0.30486025899881497,0.06730683099885937
Cyclic,215,tm,81.24,0.3157518820007681,0.06783091399847763
Cyclic,216,tm,81.94,0.3032622819955577,0.06831677399895852
Cyclic,217,tm,81.15,0.30412410799908685,0.06876010300038615
Cyclic,218,tm,81.93,0.3089659710021806,0.06751668600190897
Cyclic,219,tm,81.92,0.30283655500534223,0.067019636000623
Cyclic,220,tm,81.35,0.3006541639988427,0.06758026600437006
Cyclic,221,tm,82.1,0.30264976100443164,0.0681007819948718
Cyclic,222,tm,81.57,0.3078990560024977,0.06819508999615209
Cyclic,223,tm,81.89,0.3098303959995974,0.06775271899823565
Cyclic,224,tm,80.55,0.30299426200508606,0.06689374100096757
Cyclic,225,tm,80.85,0.30345319399930304,0.06402942100248765
Cyclic,226,tm,82.03,0.30496019600104773,0.06711682500463212
Cyclic,227,tm,82.27,0.3046615089988336,0.06889760599733563
Cyclic,228,tm,80.92,0.3005339039955288,0.06843802399816923
Cyclic,229,tm,81.33,0.3028708460042253,0.0685351139982231
Cyclic,230,tm,80.74,0.3017491889986559,0.06700684799579903
Cyclic,231,tm,82.24000000000001,0.30518199800280854,0.06792317800136516
Cyclic,232,tm,81.39999999999999,0.30280102400138276,0.06993936500657583
Cyclic,233,tm,81.43,0.3035931830017944,0.06885127599525731
Cyclic,234,tm,82.25,0.30267423699842766,0.0689988650046871
Cyclic,235,tm,79.5,0.2926567940012319,0.06722538599569816
Cyclic,236,tm,81.65,0.2996069580040057,0.06745984499866609
Cyclic,237,tm,81.61,0.3135521209987928,0.06678052099596243
Cyclic,238,tm,82.44,0.30023364999942714,0.06735223600117024
Cyclic,239,tm,81.84,0.30292664199805586,0.06717477799975313
Cyclic,240,tm,81.55,0.3011274150048848,0.06721354700130178
Cyclic,241,tm,82.78999999999999,0.304793248003989,0.06720217599649914
Cyclic,242,tm,82.09,0.3115978269997868,0.06763165700249374
Cyclic,243,tm,81.71000000000001,0.3085119239985943,0.06696641999587882
Cyclic,244,tm,81.52000000000001,0.30064919399592327,0.06657116900169058
Cyclic,245,tm,82.12,0.30586900700291153,0.06734068899822887
Cyclic,246,tm,82.82000000000001,0.3080034099984914,0.06875082600163296
Cyclic,247,tm,81.61,0.3036979349999456,0.06803635600226698
Cyclic,248,tm,83.00999999999999,0.31405381399963517,0.06685363900032826
Cyclic,249,tm,82.80999999999999,0.31020193199947244,0.06766182400315301
Cyclic,250,tm,81.43,0.30491158900258597,0.06786397700489033
Cyclic,251,nn,83.05,0.21066022499871906,0.06814743999711936
Cyclic,252,nn,83.21,0.20134577200224157,0.07015315899479901
Cyclic,253,nn,83.23,0.19941067900072085,0.06883171800291166
Cyclic,254,nn,83.3,0.19730859300034354,0.06782285600638716
Cyclic,255,nn,83.19,0.25382634899870027,0.07016819599812152
Cyclic,256,nn,83.3,0.19888104400160955,0.06848931000422454
Cyclic,257,nn,83.28999999999999,0.19672265600092942,0.06841190600243863
Cyclic,258,nn,83.34,0.19581254699733108,0.06650702399929287
Cyclic,259,nn,83.32000000000001,0.2563708500019857,0.06955762400320964
Cyclic,260,nn,83.36,0.19719284900202183,0.06942798099771608
Cyclic,261,nn,83.45,0.21496602000115672,0.07025521899777232
Cyclic,262,nn,83.41,0.21316000200022245,0.06971600399992894
Cyclic,263,nn,83.42,0.25118752099660924,0.06915677500364836
Cyclic,264,nn,83.50999999999999,0.19796569600293878,0.06936124499770813
Cyclic,265,nn,83.52000000000001,0.1972740490018623,0.06750540200300748
Cyclic,266,nn,83.53,0.205559613998048,0.06912132300203666
Cyclic,267,nn,83.55,0.2656071429955773,0.06621584700042149
Cyclic,268,nn,83.63000000000001,0.20760614000028,0.06706605100043816
Cyclic,269,nn,83.64,0.21609298000112176,0.06902439199620858
Cyclic,270,nn,83.57,0.20178748499893118,0.06587772000057157
Cyclic,271,nn,83.59,0.2178360670004622,0.06908042800205294
Cyclic,272,nn,83.57,0.2461972640012391,0.06978411700401921
Cyclic,273,nn,83.72,0.20025799200084293,0.06923149999784073
Cyclic,274,nn,83.8,0.21583817999635357,0.06884121299663093
Cyclic,275,nn,83.76,0.2004989669949282,0.06921897199936211
Cyclic,276,nn,83.82,0.2708656559989322,0.07027721399936127
Cyclic,277,nn,83.89,0.22231283099972643,0.06949907499802066
Cyclic,278,nn,83.88,0.21915961200284073,0.06922933700116118
Cyclic,279,nn,83.88,0.2211277099995641,0.06907874099852052
Cyclic,280,nn,84.11,0.26920338600029936,0.06847428399487399
Cyclic,281,nn,83.96000000000001,0.21557799199945293,0.0691966960002901
Cyclic,282,nn,84.03,0.20308317199669546,0.07013207599811722
Cyclic,283,nn,84.07,0.20016772400413174,0.07001664800191065
Cyclic,284,nn,84.11999999999999,0.24630678499670466,0.07040803400013829
Cyclic,285,nn,84.22,0.19638723600655794,0.07036688499647425
Cyclic,286,nn,84.25,0.19593816000269726,0.06830843899660977
Cyclic,287,nn,84.17999999999999,0.19849183699989226,0.06948545799968997
Cyclic,288,nn,84.17999999999999,0.24782573399716057,0.07108890199742746
Cyclic,289,nn,84.16,0.19693880799604813,0.06769562100089388
Cyclic,290,nn,84.23,0.19740997700137086,0.06710413399559911
Cyclic,291,nn,84.23,0.201196586000151,0.06843672200193396
Cyclic,292,nn,84.41,0.19803341799706686,0.06820824400347192
Cyclic,293,nn,84.28,0.2718013019984937,0.06699220999871613
Cyclic,294,nn,84.27,0.20354532100463985,0.07034740300150588
Cyclic,295,nn,84.23,0.20382940999843413,0.07039875000191387
Cyclic,296,nn,84.19,0.20015755500207888,0.06996069200249622
Cyclic,297,nn,84.33,0.2527343190013198,0.07011023200175259
Cyclic,298,nn,84.34,0.19682718000694877,0.07133162299578544
Cyclic,299,nn,84.34,0.2043830069960677,0.0695954350012471
Cyclic,300,nn,84.53,0.21866106699599186,0.06998587300040526
Cyclic,301,tm,81.93,0.31290846400224837,0.06607295099820476
Cyclic,302,tm,81.71000000000001,0.2997791110028629,0.06571952599915676
Cyclic,303,tm,81.67,0.3102930809982354,0.06893434399535181
Cyclic,304,tm,81.88,0.3064498800013098,0.06789719900552882
Cyclic,305,tm,80.61,0.3062731719983276,0.06428951100679114
Cyclic,306,tm,82.06,0.30379242500202963,0.06750140600343002
Cyclic,307,tm,81.89999999999999,0.3021124709994183,0.06723242799489526
Cyclic,308,tm,82.39,0.3052850079984637,0.06778626300365431
Cyclic,309,tm,81.04,0.30569383499823743,0.067262379998283
Cyclic,310,tm,82.37,0.30717704300332116,0.06717318199662259
Cyclic,311,tm,81.69999999999999,0.30016873800195754,0.06758984800399048
Cyclic,312,tm,81.53,0.30444270899897674,0.067842759002815
Cyclic,313,tm,81.39999999999999,0.30970960500417277,0.06934479400661075
Cyclic,314,tm,81.03,0.30372859699855326,0.06852503700065427
Cyclic,315,tm,82.17999999999999,0.3101916650048224,0.06737480699666776
Cyclic,316,tm,82.25,0.30684286700125085,0.0678610690010828
Cyclic,317,tm,82.61,0.30676578400016297,0.06929175699769985
Cyclic,318,tm,82.61,0.2986540440033423,0.06678223600465572
Cyclic,319,tm,82.0,0.3041615170004661,0.06878552099806257
Cyclic,320,tm,82.5,0.30116707099659834,0.06805911300034495
Cyclic,321,tm,82.36,0.30785231300251326,0.06731173900334397
Cyclic,322,tm,82.16,0.30850806400121655,0.0688794189991313
Cyclic,323,tm,82.26,0.30955986200569896,0.07083117099682568
Cyclic,324,tm,81.71000000000001,0.3101462949998677,0.0651402900039102
Cyclic,325,tm,82.09,0.3097590159959509,0.06827264199819183
Cyclic,326,tm,82.11,0.30066002999956254,0.0679864159974386
Cyclic,327,tm,83.33,0.3079450959994574,0.0683828459950746
Cyclic,328,tm,82.32000000000001,0.30491042399808066,0.06758414400246693
Cyclic,329,tm,82.19999999999999,0.3014723460000823,0.06693679499585414
Cyclic,330,tm,81.91000000000001,0.30400261400063755,0.06886306300293654
Cyclic,331,tm,81.89,0.3133297960011987,0.07341898099548416
Cyclic,332,tm,82.07,0.29558879799878923,0.06771768899488961
Cyclic,333,tm,82.55,0.30415022999659413,0.06775829599791905
Cyclic,334,tm,81.2,0.30821786600427004,0.06702356800087728
Cyclic,335,tm,80.16,0.30535204000625527,0.06752365900320001
Cyclic,336,tm,81.39999999999999,0.3046622930050944,0.06509485700371442
Cyclic,337,tm,80.72,0.301460599002894,0.06653457399806939
Cyclic,338,tm,82.58,0.30521084400243126,0.06756591699377168
Cyclic,339,tm,81.28999999999999,0.31213873499655165,0.06840609700157074
Cyclic,340,tm,81.84,0.304824856997584,0.06772118999651866
Cyclic,341,tm,81.78,0.3040512640000088,0.06892352100112475
Cyclic,342,tm,81.95,0.3118511450011283,0.06757737299631117
Cyclic,343,tm,82.31,0.3023502960058977,0.06791386500117369
Cyclic,344,tm,82.49,0.3027912830002606,0.07012130299699493
Cyclic,345,tm,81.84,0.31656781699712155,0.06758433199865976
Cyclic,346,tm,80.78999999999999,0.30409546999726444,0.06775009600096382
Cyclic,347,tm,82.33,0.30438772100023925,0.06866008700308157
Cyclic,348,tm,81.36,0.31006408899702365,0.0678548339928966
Cyclic,349,tm,81.47,0.2979765589989256,0.06431230899761431
Cyclic,350,tm,82.08,0.302934521001589,0.06903996599430684
Cyclic,351,nn,83.69,0.25587001600069925,0.0682599739957368
Cyclic,352,nn,83.39999999999999,0.1953239520007628,0.06887538699811557
Cyclic,353,nn,83.58,0.2103566049991059,0.06922380700416397
Cyclic,354,nn,83.44,0.210038027005794,0.06980555200425442
Cyclic,355,nn,83.32000000000001,0.2454882039965014,0.06929900099930819
Cyclic,356,nn,83.50999999999999,0.20563643200148363,0.06501435999962268
Cyclic,357,nn,83.47,0.220223898999393,0.06775920699874405
Cyclic,358,nn,83.46000000000001,0.19818755500455154,0.07057424200320384
Cyclic,359,nn,83.50999999999999,0.1999007909980719,0.06814797299739439
Cyclic,360,nn,83.63000000000001,0.24832071400305722,0.07029507699917303
Cyclic,361,nn,83.50999999999999,0.20130397599859862,0.06893184399814345
Cyclic,362,tm,81.54,0.31169852500170236,0.06723970000166446
Cyclic,363,tm,81.97,0.3038334790035151,0.06714373899740167
Cyclic,364,tm,82.15,0.30856045999826165,0.06527617100073257
Cyclic,365,tm,80.81,0.30227310900227167,0.07309467699815286
Cyclic,366,tm,81.61,0.30558916400332237,0.06752613900607685
Cyclic,367,tm,82.28999999999999,0.3039960109963431,0.06841863800218562
Cyclic,368,tm,81.47999999999999,0.30805989000509726,0.06847617099992931
Cyclic,369,tm,81.98,0.3014428759997827,0.0661311529984232
Cyclic,370,tm,79.71000000000001,0.31183970799611416,0.0685761279964936
Cyclic,371,tm,82.0,0.3080567540018819,0.06784528600110207
Cyclic,372,tm,81.65,0.29964272399956826,0.06769680500292452
Cyclic,373,tm,81.52000000000001,0.3059821240021847,0.06658428599621402
Cyclic,374,tm,82.46,0.30524663100368343,0.06926963300065836
Cyclic,375,tm,80.58999999999999,0.30627571799414,0.06721133600512985
Cyclic,376,tm,82.38,0.3034107209969079,0.0679584329991485
Cyclic,377,tm,82.01,0.3047576949975337,0.06783966600050917
Cyclic,378,tm,82.12,0.3063839260066743,0.06746810999902664
Cyclic,379,tm,82.21000000000001,0.30644071399729,0.06815085199923487
Cyclic,380,tm,82.04,0.31418694499734556,0.06888916900061304
Cyclic,381,tm,83.00999999999999,0.31187928000144893,0.06726625299779698
Cyclic,382,tm,82.42,0.3097082859967486,0.06852601600257913
Cyclic,383,tm,82.36,0.30468315899634035,0.06816028300090693
Cyclic,384,tm,81.69,0.3026790549993166,0.06959901200025342
Cyclic,385,tm,82.17,0.3051874129960197,0.0691232309982297
Cyclic,386,tm,80.66,0.3054760580052971,0.06956980399991153
Cyclic,387,tm,82.41000000000001,0.30837649600289296,0.06758786200225586
Cyclic,388,tm,81.97,0.31654706499830354,0.06747766299668001
Cyclic,389,tm,82.52000000000001,0.29763352099689655,0.06735002300410997
Cyclic,390,tm,80.46,0.30483024900604505,0.0678345909982454
Cyclic,391,tm,81.52000000000001,0.30904545000521466,0.06979832999786595
Cyclic,392,tm,81.61,0.31215550899651134,0.06911039000260644
Cyclic,393,tm,82.44,0.3159873010008596,0.06587534999562195
Cyclic,394,tm,81.41000000000001,0.30682007600262295,0.06673299499379937
Cyclic,395,tm,82.01,0.3144571160009946,0.0689394419969176
Cyclic,396,tm,81.6,0.3038342539948644,0.06814269800088368
Cyclic,397,tm,82.92,0.30717363100120565,0.0700990070035914
Cyclic,398,tm,81.96,0.30250645199703285,0.07387462999759009
Cyclic,399,tm,82.27,0.3070313529970008,0.06728672399913194
Cyclic,400,tm,81.69,0.30043608599953586,0.0667851980033447
Cyclic,401,tm,82.01,0.30689755699859234,0.06845654800417833
Cyclic,402,tm,82.09,0.3046559270005673,0.06843841500085546
Cyclic,403,tm,81.58,0.31013178499415517,0.06929836399649503
Cyclic,404,tm,82.08,0.3062345079961233,0.0678071069996804
Cyclic,405,tm,81.53,0.30565457599732326,0.06813392000185559
Cyclic,406,tm,81.74,0.2892950040040887,0.06765439399896422
Cyclic,407,tm,81.22,0.300657867002883,0.06763428699923679
Cyclic,408,tm,81.67999999999999,0.30507685100019444,0.0683840310011874
Cyclic,409,tm,82.12,0.3046529939965694,0.06611561399768107
Cyclic,410,tm,81.87,0.3004011760058347,0.06697409899788909
Cyclic,411,tm,81.61,0.3064537120008026,0.06755888099723961
Cyclic,412,nn,83.50999999999999,0.201915696998185,0.0668527180023375
Cyclic,413,nn,83.50999999999999,0.2025531890030834,0.06739262400515145
Cyclic,414,nn,83.64,0.2528603379978449,0.06618520699703367
Cyclic,415,nn,83.8,0.19571442699816544,0.06783352999627823
Cyclic,416,nn,83.88,0.19473119000031147,0.06805873400298879
Cyclic,417,nn,83.71,0.19557368899404537,0.06808451899996726
Cyclic,418,nn,83.72,0.24815572000079555,0.06660497700067936
Cyclic,419,nn,83.85000000000001,0.19594004700047662,0.06876190500042867
Cyclic,420,nn,83.72,0.20135481800389243,0.0670763949965476
Cyclic,421,nn,83.89999999999999,0.19535521500074537,0.0681922870062408
Cyclic,422,nn,83.82,0.24601559300208464,0.06671089099836536
Cyclic,423,nn,83.85000000000001,0.22105080299661495,0.06730301499919733
Cyclic,424,nn,83.95,0.19557843200163916,0.0689431130012963
Cyclic,425,nn,83.83,0.1990259409940336,0.07057958299992606
Cyclic,426,nn,83.91999999999999,0.27036080099787796,0.0684858900058316
Cyclic,427,nn,83.91,0.21866496100119548,0.0682499180038576
Cyclic,428,nn,83.89999999999999,0.21573581000120612,0.07046397800149862
Cyclic,429,nn,84.00999999999999,0.21575704599672463,0.06893641500209924
Cyclic,430,nn,84.05,0.2218277889987803,0.07038379200093914
Cyclic,431,nn,84.05,0.25984534800227266,0.06876957100030268
Cyclic,432,nn,83.99,0.21711037200293504,0.06923611499951221
Cyclic,433,nn,84.07,0.2217926789962803,0.06899332600005437
Cyclic,434,nn,84.14,0.20401804599532625,0.07147304200043436
Cyclic,435,nn,84.14,0.25450429799820995,0.06892582900036359
Cyclic,436,nn,84.21,0.20279343600122957,0.06979075099661713
Cyclic,437,nn,84.28999999999999,0.21912081300251884,0.07006697800534312
Cyclic,438,nn,84.13000000000001,0.2222824069976923,0.06915643999673193
Cyclic,439,nn,84.2,0.2712917339958949,0.06992984600219643
Cyclic,440,nn,84.23,0.22138524199544918,0.06982881500152871
Cyclic,441,nn,84.35000000000001,0.2122490010006004,0.07017725800687913
Cyclic,442,nn,84.37,0.2006294210004853,0.07027912000194192
Cyclic,443,nn,84.41,0.24539183099841466,0.0697375829986413
Cyclic,444,nn,84.28999999999999,0.19646983699931297,0.07047541600331897
Cyclic,445,nn,84.47,0.19693333599570906,0.07010872299724724
Cyclic,446,nn,84.45,0.19790349800314289,0.06919658100378001
Cyclic,447,nn,84.56,0.24538784899777966,0.06972767799743451
Cyclic,448,nn,84.58,0.19527027800359065,0.07008025600225665
Cyclic,449,nn,84.58,0.20144129999971483,0.06982698600040749
Cyclic,450,nn,84.59,0.196434905003116,0.06969356500485446
Cyclic,451,nn,84.59,0.19587801399757154,0.06985546599753434
Cyclic,452,nn,84.64,0.24773859400011133,0.07015688400133513
Cyclic,453,nn,84.74000000000001,0.19632173500576755,0.06946903799689608
Cyclic,454,nn,84.52,0.19568985600199085,0.06981591100338846
Cyclic,455,nn,84.53,0.19617368599574547,0.06922725799813634
Cyclic,456,nn,84.56,0.2500802990034572,0.07001576200127602
Cyclic,457,nn,84.61,0.19597927999711828,0.0680911660019774
Cyclic,458,nn,84.78,0.19791716300096596,0.07160959899920272
Cyclic,459,nn,84.7,0.19771279499400407,0.06964169399725506
Cyclic,460,nn,84.67,0.24642729300103383,0.06921060400054557
Cyclic,461,nn,84.87,0.19608549799886532,0.06889384600071935
UTM,1,tm,78.75,0.5044196620001458,0.064367280996521
UTM,2,tm,79.44,0.47715583499666536,0.06327923399658175
UTM,3,tm,80.05,0.47035352200327907,0.06401178699888987
UTM,4,tm,80.17999999999999,0.45911346600041725,0.06483064199710498
UTM,5,tm,80.5,0.4662611210005707,0.06408754299627617
UTM,6,tm,80.44,0.458560007995402,0.0656006239951239
UTM,7,tm,80.43,0.46282928599976003,0.06498790100158658
UTM,8,tm,80.5,0.4430900599982124,0.06495354000071529
UTM,9,tm,80.61,0.4637919789965963,0.06431068899837555
UTM,10,tm,80.27,0.4667273410013877,0.06455707500572316
UTM,11,tm,80.66,0.47003243399376515,0.0647338819981087
UTM,12,tm,80.72,0.45367731300211744,0.0652527589991223
UTM,13,tm,80.74,0.45576897200226085,0.06472792800195748
UTM,14,tm,80.67,0.4615268370034755,0.06530974099587183
UTM,15,tm,80.60000000000001,0.46248484199895756,0.06627250900055515
UTM,16,tm,80.66,0.4622950669945567,0.068163492003805
UTM,17,tm,80.43,0.460713852000481,0.06476014500367455
UTM,18,tm,80.58,0.4660880149967852,0.06547599100304069
UTM,19,tm,80.47999999999999,0.4586949939985061,0.06470021099812584
UTM,20,tm,80.57,0.4525622259970987,0.0658103950045188
UTM,21,tm,80.74,0.4633678009995492,0.06502550600271206
UTM,22,tm,80.64,0.4541016479997779,0.06459073400037596
UTM,23,tm,80.78999999999999,0.45184533699648455,0.06478698200226063
UTM,24,tm,80.65,0.46255169499636395,0.06450800399761647
UTM,25,tm,80.84,0.4562525959991035,0.06457152999792015
UTM,26,tm,80.63,0.46257991599850357,0.06279360899497988
UTM,27,tm,80.86,0.45936162999714725,0.06459663699934026
UTM,28,tm,80.78999999999999,0.4611769820039626,0.06489962600608123
UTM,29,tm,80.81,0.4590793209936237,0.06348707599681802
UTM,30,tm,80.88,0.4456084439952974,0.06578283500130055
UTM,31,tm,80.78999999999999,0.45992181100154994,0.06503115800296655
UTM,32,tm,80.82000000000001,0.4682975039977464,0.06396712299465435
UTM,33,tm,80.75,0.4599028360025841,0.0650427650034544
UTM,34,tm,80.69,0.4600353380010347,0.06477687299775425
UTM,35,tm,80.57,0.4640511290053837,0.0656324490046245
UTM,36,tm,80.47999999999999,0.45701031199860154,0.06449516699649394
UTM,37,tm,80.61,0.45917325500340667,0.06471876499563223
UTM,38,tm,80.58999999999999,0.46326779700029874,0.0656732639981783
UTM,39,tm,80.84,0.4611149840056896,0.06480260800162796
UTM,40,tm,81.0,0.46780919700540835,0.06604851999873063
UTM,41,tm,80.97,0.46614230800332734,0.06499912899744231
UTM,42,tm,80.89,0.4623082570033148,0.06494902200211072
UTM,43,tm,80.82000000000001,0.4647441870038165,0.06468720999691868
UTM,44,tm,80.83,0.46474460900208214,0.06553555499704089
UTM,45,tm,80.99,0.4516713789998903,0.06286078900302527
UTM,46,tm,80.74,0.4611617999980808,0.06496385899663437
UTM,47,tm,80.74,0.4394097199983662,0.06326101399463369
UTM,48,tm,81.06,0.4567096449973178,0.06352709799830336
UTM,49,tm,80.9,0.45318257300095866,0.06471370300278068
UTM,50,tm,80.89,0.46003201500570867,0.06499902699579252
UTM,51,tm,80.86,0.46323270200082334,0.06565204899379751
UTM,52,tm,80.93,0.4612471869986621,0.06593551100377226
UTM,53,tm,81.06,0.4698625150049338,0.06593232199520571
UTM,54,tm,80.97,0.4590712209974299,0.06521278100262862
UTM,55,tm,80.88,0.45407985099882353,0.06477104999794392
UTM,56,tm,80.7,0.4645865339989541,0.06645270500303013
UTM,57,tm,80.91000000000001,0.4639219850068912,0.06521758699818747
UTM,58,tm,81.14,0.4618032860016683,0.06603026000084355
UTM,59,tm,81.16,0.46587714300403604,0.06593880400032504
UTM,60,tm,81.24,0.4578451820052578,0.06428155199682806
UTM,61,tm,81.05,0.46414012799505144,0.06394666499545565
UTM,62,tm,80.91000000000001,0.4640761869959533,0.06518779799807817
UTM,63,tm,80.83,0.45655003400315763,0.06554715299716918
UTM,64,tm,80.95,0.4611705140050617,0.06343298900173977
UTM,65,tm,80.95,0.4494102250027936,0.06543184800102608
UTM,66,tm,81.01,0.46138630699715577,0.0650958600017475
UTM,67,tm,81.06,0.4640032789975521,0.06637331900128629
UTM,68,tm,81.08,0.46228224899823545,0.06518362000497291
UTM,69,tm,80.94,0.4619317079996108,0.06429520100209629
UTM,70,tm,80.92,0.4555680760022369,0.06442815699847415
UTM,71,tm,81.14,0.4607932709986926,0.06546843000251101
UTM,72,tm,80.97,0.4556392090016743,0.06601881800452247
UTM,73,tm,80.80000000000001,0.46154439299425576,0.06573396400199272
UTM,74,tm,80.88,0.4607973230013158,0.06411095999646932
UTM,75,tm,80.95,0.457940193999093,0.06431264399725478
UTM,76,tm,80.94,0.46344338900235016,0.06465173399919877
UTM,77,tm,80.96,0.4661447210019105,0.06322647900378797
UTM,78,tm,80.84,0.4620673919998808,0.06464029899507295
UTM,79,tm,80.71000000000001,0.455990557995392,0.06470205199730117
UTM,80,tm,80.77,0.4629535330022918,0.06502285700116772
UTM,81,tm,80.83,0.4579543790023308,0.0651954420027323
UTM,82,tm,80.81,0.45777414600161137,0.06428408099600347
UTM,83,tm,80.72,0.4595106310007395,0.06482737899932545
UTM,84,tm,80.9,0.45631961400067667,0.06498912599636242
UTM,85,tm,80.99,0.45762238199677086,0.06564401999639813
UTM,86,tm,80.71000000000001,0.4665071889976389,0.06602932499663439
UTM,87,tm,80.58,0.455669115006458,0.06399201299791457
UTM,88,tm,80.69,0.46458979599992745,0.0639576469984604
UTM,89,tm,80.75,0.46335480899870163,0.06144972799665993
UTM,90,tm,80.95,0.46509462500398513,0.06434486099897185
UTM,91,tm,81.05,0.46542446999956155,0.06532682100078091
UTM,92,tm,80.83,0.461239538002701,0.06465398999716854
UTM,93,tm,80.80000000000001,0.45820427800208563,0.06508145199768478
UTM,94,tm,81.06,0.459803751000436,0.06466688399814302
UTM,95,tm,80.72,0.46365664200129686,0.06637482800579164
UTM,96,tm,80.89,0.4605475460048183,0.06445645100029651
UTM,97,tm,80.82000000000001,0.47156460199767025,0.06650205700134393
UTM,98,tm,80.74,0.4585156300017843,0.06551712800137466
UTM,99,tm,81.01,0.4662018450035248,0.06655928200052585
UTM,100,tm,80.94,0.4667095960030565,0.06409573400014779
UTM,101,tm,81.0,0.4650739069984411,0.06632955399982166
UTM,102,tm,80.87,0.46714497500215657,0.06681643900083145
UTM,103,tm,80.97999999999999,0.4708716719978838,0.0649858899996616
UTM,104,tm,80.91000000000001,0.4659517649997724,0.06615013299597194
UTM,105,tm,80.83,0.46676488200319,0.06525248300022213
UTM,106,tm,80.9,0.47123294100310886,0.0646413099966594
UTM,107,tm,80.9,0.464398997995886,0.06632081800489686
UTM,108,tm,80.76,0.4677142860018648,0.0652660220002872
UTM,109,tm,80.82000000000001,0.4679686449962901,0.06459027800156036
UTM,110,tm,80.86,0.470343872999365,0.06484776200522901
UTM,111,tm,80.93,0.4650559000001522,0.06477672399341827
UTM,112,tm,80.83,0.4709329789984622,0.06470321500091814
UTM,113,tm,80.73,0.4625954620059929,0.06556318899674807
UTM,114,tm,80.63,0.4665789799983031,0.06551639400277054
UTM,115,tm,80.72,0.47327353700529784,0.06488755200552987
UTM,116,tm,80.92,0.46841910599323455,0.06404870400001528
UTM,117,tm,80.9,0.46678788799908943,0.06507017200055998
UTM,118,tm,80.87,0.46747932500147726,0.06737477900605882
UTM,119,tm,80.9,0.46953982399281813,0.06590981200133683
UTM,120,tm,80.97999999999999,0.45759271400311263,0.06403542699990794
UTM,121,tm,80.80000000000001,0.4667112530005397,0.06489261800015811
UTM,122,tm,80.92,0.4671760870041908,0.06536870799754979
UTM,123,tm,80.94,0.4802794159986661,0.06658125600370113
UTM,124,tm,81.01,0.46989886500523426,0.06468085799861001
UTM,125,tm,80.94,0.46283938999840757,0.06389098799991189
UTM,126,tm,81.05,0.4557084460029728,0.06719872800022131
UTM,127,tm,80.85,0.4822925469998154,0.06381613700068556
UTM,128,tm,80.93,0.4281949779979186,0.06520995600294555
UTM,129,tm,80.93,0.4705900500048301,0.06405355199967744
UTM,130,tm,81.05,0.4684147749940166,0.06377885500114644
UTM,131,tm,80.95,0.4672867349945591,0.06454680100432597
UTM,132,tm,80.96,0.47308049100684,0.06530095700145466
UTM,133,tm,80.94,0.45958311000140384,0.07185702700371621
UTM,134,tm,80.97999999999999,0.47130414699495304,0.06670570999995107
UTM,135,tm,80.96,0.4493487060026382,0.06407158199726837
UTM,136,tm,81.01,0.455257747998985,0.06637855600274634
UTM,137,tm,80.94,0.46056248899549246,0.06536804299685173
UTM,138,tm,81.0,0.4752586579998024,0.06332705500244629
UTM,139,tm,80.78999999999999,0.4620875900000101,0.06508559799840441
UTM,140,tm,80.97999999999999,0.4713234899973031,0.06221097500383621
UTM,141,tm,81.06,0.4670907059989986,0.06450670299818739
UTM,142,tm,81.05,0.47120949199597817,0.06480137800099328
UTM,143,tm,80.72,0.4659064059960656,0.06560954699671129
UTM,144,tm,81.0,0.4576859329972649,0.06462763599847676
UTM,145,tm,80.9,0.4683031660024426,0.06544324800051982
UTM,146,tm,80.92,0.4518556350012659,0.06587963499623584
UTM,147,tm,81.17999999999999,0.4722277969995048,0.06561404699459672
UTM,148,tm,81.04,0.463966427007108,0.06494531199859921
UTM,149,tm,81.0,0.4736407460004557,0.06625583099958021
UTM,150,tm,80.96,0.46608676799951354,0.06617669600382214
UTM,151,tm,80.83,0.46732638899993617,0.06408839999494376
UTM,152,tm,81.11,0.4590610769955674,0.06333329399785725
UTM,153,tm,81.06,0.46840178199636284,0.06237383099505678
UTM,154,tm,81.14,0.4451066499968874,0.06421723999665119
UTM,155,tm,81.15,0.47171313899889356,0.06472762600606075
UTM,156,tm,81.03,0.45454441900074016,0.06259871099609882
UTM,157,tm,81.15,0.46749911599908955,0.06491454299975885
UTM,158,tm,81.01,0.47060524700646056,0.06514751099894056
UTM,159,tm,81.21000000000001,0.45203446300001815,0.06502881500637159
UTM,160,tm,81.17999999999999,0.4758082260013907,0.06411572399520082
UTM,161,tm,81.05,0.4582398260026821,0.06537339799979236
UTM,162,tm,81.25,0.4708932450012071,0.06442488799802959
UTM,163,tm,81.15,0.46670072300184984,0.06558854100148892
UTM,164,tm,80.85,0.4644277260013041,0.06529200500517618
UTM,165,tm,80.99,0.4700362750008935,0.06656031800230267
UTM,166,tm,81.12,0.4612565940042259,0.06491707199893426
UTM,167,tm,80.88,0.47251563100144267,0.06226921300549293
UTM,168,tm,81.01,0.46288272999663604,0.06461226700048428
UTM,169,tm,81.08999999999999,0.4735373290022835,0.06483640800433932
UTM,170,tm,80.93,0.46521070200105896,0.06514328599587316
UTM,171,tm,80.99,0.47193124500336125,0.0637699739963864
UTM,172,tm,80.84,0.4846288800035836,0.06427067500044359
UTM,173,tm,80.81,0.47040399399702437,0.06606520200148225
UTM,174,tm,81.17,0.47395413699996425,0.06541209400165826
UTM,175,tm,81.2,0.46590167899557855,0.06285959500382887
UTM,176,tm,81.05,0.4688895040017087,0.06302771100308746
UTM,177,tm,81.08999999999999,0.4757298110052943,0.06489847999910126
UTM,178,tm,81.13,0.4688123939995421,0.06317495600524126
UTM,179,tm,81.05,0.4637196430048789,0.06505251600174233
UTM,180,tm,81.05,0.45791907099919626,0.06566636900242884
UTM,181,tm,80.96,0.4676963009987958,0.0651986129960278
UTM,182,tm,81.10000000000001,0.472589760000119,0.06480860600277083
UTM,183,tm,80.96,0.46383320699533215,0.06503539400000591
UTM,184,tm,81.04,0.46701901000051294,0.06312921499920776
UTM,185,tm,81.03,0.46936385599838104,0.06493532400054391
UTM,186,tm,81.03,0.4811378840022371,0.06448436299979221
UTM,187,tm,81.04,0.46769135000067763,0.06475070799933746
UTM,188,tm,81.08999999999999,0.4658848990002298,0.06697744600387523
UTM,189,tm,80.96,0.475426671000605,0.06535058800363913
UTM,190,tm,81.15,0.4645459050007048,0.06306616100482643
UTM,191,tm,81.08,0.4686257880021003,0.06423524700221606
UTM,192,tm,81.15,0.46262022299924865,0.06498263899993617
UTM,193,tm,80.97,0.47195286500209477,0.06512699699669611
UTM,194,tm,81.07,0.467732541001169,0.06519403700076509
UTM,195,tm,80.94,0.4667426979940501,0.066095263005991
UTM,196,tm,80.92,0.48295525000139605,0.06562545899942052
UTM,197,tm,81.08999999999999,0.4653867570013972,0.06595714399736607
UTM,198,tm,81.05,0.46773011200275505,0.06604436600173358
UTM,199,tm,80.97999999999999,0.47275433700269787,0.06386710100196069
UTM,200,tm,81.16,0.46799543000088306,0.06580502200085903
UTM,201,tm,81.25,0.4651575829993817,0.06629686700034654
UTM,202,tm,81.15,0.4713265419995878,0.06635096899844939
UTM,203,tm,81.3,0.4725497070030542,0.06558553699869663
UTM,204,tm,81.06,0.47213271600048756,0.0639788039989071
UTM,205,tm,80.88,0.4703002230016864,0.06353361600486096
UTM,206,tm,80.87,0.47076800099603133,0.06396482399577508
UTM,207,tm,81.02000000000001,0.46889580699644284,0.06388909299857914
UTM,208,tm,81.12,0.47195838100014953,0.06492113199783489
UTM,209,tm,81.02000000000001,0.4648631829986698,0.06378581600438338
UTM,210,tm,81.08999999999999,0.46660961699672043,0.06291511299787089
UTM,211,tm,81.01,0.4744681129959645,0.06800376200408209
UTM,212,tm,80.97,0.47022492299583973,0.06514103899826296
UTM,213,tm,80.91000000000001,0.4739348040020559,0.06590440400032094
UTM,214,tm,81.12,0.47053545100061456,0.0650015120045282
UTM,215,tm,81.05,0.47029902700160164,0.06487133799964795
UTM,216,tm,80.92,0.47101510900392896,0.0643016709946096
UTM,217,tm,80.94,0.4671007430006284,0.06547295799828134
UTM,218,tm,81.12,0.48078505400189897,0.06573309600207722
UTM,219,tm,81.11,0.47832874699815875,0.06941432500025257
UTM,220,tm,81.02000000000001,0.46675424800196197,0.06464692600275157
UTM,221,tm,80.97,0.4667330260053859,0.06065812300221296
UTM,222,tm,81.01,0.47337064999737777,0.06751793799776351
UTM,223,tm,81.04,0.46774234100303147,0.06527368000388378
UTM,224,tm,81.08,0.47076841999660246,0.0682528210018063
UTM,225,tm,81.03,0.46820679099619156,0.06446627699915553
UTM,226,tm,81.21000000000001,0.47343094299867516,0.06444255699898349
UTM,227,tm,80.81,0.46873539999796776,0.06557466599770123
UTM,228,tm,80.92,0.4679935040039709,0.06459576899942476
UTM,229,tm,81.01,0.47507702900475124,0.06225301000085892
UTM,230,tm,80.88,0.4674587929985137,0.06496287800109712
UTM,231,tm,80.9,0.47458907100372016,0.06451391200243961
UTM,232,tm,80.85,0.47275313999853097,0.06556318299408304
UTM,233,tm,81.08,0.4688166999985697,0.06426392100547673
UTM,234,tm,80.86,0.4771150390006369,0.06518074799532769
UTM,235,tm,81.02000000000001,0.47404528300103266,0.06751335800072411
UTM,236,tm,80.89,0.46304463499836856,0.06460276500001783
UTM,237,tm,80.87,0.4765146440040553,0.06533311699604383
UTM,238,tm,81.08999999999999,0.4638827279995894,0.06438853600411676
UTM,239,tm,81.02000000000001,0.47227549299714155,0.0653530560011859
UTM,240,tm,81.03,0.47859092799626524,0.06576151600165758
UTM,241,tm,81.13,0.468492056003015,0.06491008399461862
UTM,242,tm,81.04,0.4707405560038751,0.0642804020026233
UTM,243,tm,80.78999999999999,0.4755925659992499,0.0645855879993178
UTM,244,tm,80.95,0.4776510250012507,0.06641742999636335
UTM,245,tm,80.97999999999999,0.4769922380000935,0.06501953300175956
UTM,246,tm,80.89,0.4793137870001374,0.06539839199831476
UTM,247,tm,80.88,0.48287544600316323,0.06616442399536027
UTM,248,tm,81.03,0.4750536289939191,0.06467968799552182
UTM,249,tm,80.89,0.47261784900183557,0.06552395100152353
UTM,250,tm,80.97999999999999,0.46822045499720844,0.06485728100233246
UTM,251,tm,80.73,0.4668316299939761,0.06494948199542705
UTM,252,tm,80.62,0.47184522500174353,0.06476421000115806
UTM,253,tm,80.65,0.4590515419986332,0.06383417699544225
UTM,254,tm,80.73,0.46871313999872655,0.0632597719959449
UTM,255,tm,80.81,0.47841036900354084,0.06492263700056355
UTM,256,tm,80.61,0.4745968499992159,0.06453992800379638
UTM,257,tm,80.84,0.44883655499870656,0.06427786399581237
UTM,258,tm,80.76,0.46808068300015293,0.06494572600058746
UTM,259,tm,80.82000000000001,0.4763537459948566,0.06497885199496523
UTM,260,tm,80.86,0.47346233000280336,0.06500941500416957
UTM,261,tm,80.91000000000001,0.47083328400185565,0.06198703599511646
UTM,262,tm,80.9,0.47701967900502495,0.06482996200065827
UTM,263,tm,80.76,0.4801778289984213,0.06600517600600142
UTM,264,tm,80.69,0.4681268979984452,0.06486167100229068
UTM,265,tm,80.93,0.4808292950037867,0.06924700499803293
UTM,266,tm,80.75,0.4825480880026589,0.06575667599827284
UTM,267,tm,80.75,0.4736859309996362,0.06533291500090854
UTM,268,tm,80.95,0.4805258220003452,0.06484865799575346
UTM,269,tm,80.97,0.47117006400367245,0.06428264299756847
UTM,270,tm,80.94,0.47186698299628915,0.06434178099880228
UTM,271,tm,80.84,0.47251327199774096,0.06435737499850802
UTM,272,tm,80.66,0.4725477559986757,0.06467250199784758
UTM,273,tm,80.9,0.4740202980028698,0.06160306500532897
UTM,274,tm,80.73,0.4645161669977824,0.06423114100471139
UTM,275,tm,80.63,0.4635450019995915,0.06487592399935238
UTM,276,tm,80.93,0.47444881399860606,0.06425021999893943
UTM,277,tm,80.95,0.471114721003687,0.06481130300380755
UTM,278,tm,80.88,0.4658257889968809,0.06534848499723012
UTM,279,tm,80.73,0.46753230500326026,0.06461825299629709
UTM,280,tm,80.71000000000001,0.47660672799975146,0.06503510699985782
UTM,281,tm,80.74,0.4774344520046725,0.06423985500441631
UTM,282,tm,80.83,0.4683655879998696,0.06483792099606944
UTM,283,tm,80.88,0.4599202819954371,0.06462065300001996
UTM,284,tm,80.64,0.46646225299627986,0.06429313200351316
UTM,285,tm,80.75,0.4740562079969095,0.06577695300074993
UTM,286,tm,80.96,0.4695005579997087,0.06453353999677347
UTM,287,tm,80.67,0.4757912149943877,0.06483064900385216
UTM,288,tm,81.0,0.47345043499808526,0.06583874300122261
UTM,289,tm,80.9,0.4776834369986318,0.06517731500207447
UTM,290,tm,80.9,0.4687257059995318,0.06447481599752791
UTM,291,tm,80.87,0.4664374019994284,0.06320399299875135
UTM,292,tm,80.88,0.46373358700657263,0.06532299700484145
UTM,293,tm,80.91000000000001,0.48211361399444286,0.06440853599633556
UTM,294,tm,80.97,0.46420851899893023,0.06483116500021424
UTM,295,tm,80.95,0.4761025550033082,0.06621735999942757
UTM,296,tm,80.85,0.4820407029983471,0.06480870299856178
UTM,297,tm,80.99,0.4697577459955937,0.06448852099856595
UTM,298,tm,80.97,0.47547718100395286,0.06443607500114013
UTM,299,tm,81.02000000000001,0.47399547199893277,0.06542012499994598
UTM,300,tm,81.04,0.4771356050041504,0.06498662500234786
UTM,301,tm,80.95,0.4747514240007149,0.06510196399904089
UTM,302,tm,80.97999999999999,0.4682866910006851,0.06387412000185577
UTM,303,tm,80.92,0.4722505919999094,0.06475555500219343
UTM,304,tm,80.99,0.4724649930067244,0.064184971000941
UTM,305,tm,80.86,0.47150352699827636,0.06578085100045428
UTM,306,tm,81.2,0.47153474600054324,0.06498956099676434
UTM,307,tm,80.97999999999999,0.4716139490046771,0.06490499500068836
UTM,308,tm,81.17,0.4747776679942035,0.07081203300185734
UTM,309,tm,81.08,0.4618833800050197,0.06573655400279677
UTM,310,tm,81.06,0.4728992470045341,0.06556749899755232
UTM,311,tm,80.94,0.47341939100442687,0.0644378470024094
UTM,312,tm,80.97,0.47473638399969786,0.0643630580016179
UTM,313,tm,80.86,0.4753477570047835,0.0642080609977711
UTM,314,tm,81.10000000000001,0.4822747289945255,0.06339452400425216
UTM,315,tm,81.08999999999999,0.47413277000305243,0.06393471999763278
UTM,316,tm,81.0,0.4754997240015655,0.06407772199600004
UTM,317,tm,81.04,0.4723124060037662,0.06433638499584049
UTM,318,tm,80.77,0.4696751960000256,0.06595812400337309
UTM,319,tm,80.78999999999999,0.47798653300560545,0.06300469899724703
UTM,320,tm,80.9,0.46867827600362943,0.06598749899421819
UTM,321,tm,80.77,0.4720731369961868,0.06474913399870275
UTM,322,tm,81.02000000000001,0.474042025001836,0.0651997089953511
UTM,323,tm,80.84,0.4789256239964743,0.0660486699998728
UTM,324,tm,80.86,0.48185483000270324,0.06696595399989747
UTM,325,tm,81.03,0.48537657099950593,0.0638131239975337
UTM,326,tm,80.99,0.47958670100342715,0.06501677600317635
UTM,327,tm,80.97,0.47908850199746666,0.06338783700630302
UTM,328,tm,81.05,0.4469097449982655,0.06519441999989795
UTM,329,tm,80.96,0.4752018750004936,0.0640760979949846
UTM,330,tm,80.96,0.4719880150005338,0.06308243699459126
UTM,331,tm,81.02000000000001,0.46759000600286527,0.06498944300255971
UTM,332,tm,81.04,0.46507543500047177,0.06543055200017989
UTM,333,tm,81.03,0.4757025760045508,0.06666087800113019
UTM,334,tm,80.96,0.4706234620025498,0.06454346499958774
UTM,335,tm,80.92,0.47691372300323565,0.06451450599706732
UTM,336,tm,80.66,0.445942334998108,0.06408278800518019
UTM,337,tm,80.88,0.4686647769995034,0.06550467899796786
UTM,338,tm,80.77,0.48042227699625073,0.0650635499987402
UTM,339,tm,80.7,0.47532311999384547,0.06404207599553047
UTM,340,tm,80.72,0.46798096500424435,0.06446259100630414
UTM,341,tm,80.77,0.470988157998363,0.06499199799873168
UTM,342,tm,80.71000000000001,0.4781270079984097,0.06592860600358108
UTM,343,tm,80.7,0.4758466189960018,0.06717805499647511
UTM,344,tm,80.9,0.4739441240017186,0.0651057760042022
UTM,345,tm,81.08,0.46800625000469154,0.06597013499413151
UTM,346,tm,81.0,0.47991340400039917,0.06443989599938504
UTM,347,tm,80.83,0.4609757680009352,0.06419172100140713
UTM,348,tm,80.76,0.4789589400024852,0.0646013759978814
UTM,349,tm,80.93,0.47279323099792236,0.06463025599805405
UTM,350,tm,81.0,0.4773353920027148,0.06289513500087196
UTM,351,tm,80.80000000000001,0.47681368600024143,0.06561583700386109
UTM,352,tm,80.92,0.47521426499588415,0.06553374500072096
UTM,353,tm,80.9,0.4743321529967943,0.06548845300130779
UTM,354,tm,81.02000000000001,0.47215833999507595,0.06645382800343214
UTM,355,tm,80.86,0.4799680470023304,0.06877795099717332
UTM,356,tm,80.92,0.4857672639991506,0.06441319399891654
UTM,357,tm,80.87,0.4588500699974247,0.06445015000645071
UTM,358,tm,80.92,0.48351493499649223,0.06484165700385347
UTM,359,tm,80.86,0.4760377780039562,0.0640890290014795
UTM,360,tm,80.95,0.4730471549992217,0.06312904399965191
UTM,361,tm,80.86,0.474863876006566,0.06685856300464366
UTM,362,tm,80.97,0.480853594999644,0.06461016499815742
UTM,363,tm,80.93,0.46326560099987546,0.06518201899598353
UTM,364,tm,80.93,0.4632249810019857,0.06463798499316908
UTM,365,tm,80.74,0.4785753889955231,0.0649730420045671
UTM,366,tm,80.82000000000001,0.46633053199911956,0.0641130730000441
UTM,367,tm,80.88,0.4758172099973308,0.06639230599830626
UTM,368,tm,80.89,0.48596601000463124,0.06801558799634222
UTM,369,tm,80.96,0.47530265800014604,0.0649501239968231
UTM,370,tm,80.72,0.4505977540029562,0.06427033499494428
UTM,371,tm,81.0,0.4753121009998722,0.06446403299923986
UTM,372,tm,80.7,0.46861466400150675,0.06567252600507345
UTM,373,tm,80.67999999999999,0.47938974099815823,0.06628899399947841
UTM,374,tm,80.72,0.4700327569953515,0.06454133900115266
UTM,375,tm,80.7,0.4731678629977978,0.06457206600316567
UTM,376,tm,80.88,0.48534581800049637,0.06511016599688446
UTM,377,tm,80.96,0.482291674001317,0.06360937299905345
UTM,378,tm,80.87,0.4712006829940947,0.0657169679980143
UTM,379,tm,80.88,0.47069249199557817,0.06467044499731855
UTM,380,tm,81.05,0.47129034099634737,0.06508891800331185
UTM,381,tm,80.69,0.47618197900010273,0.06431791300565237
UTM,382,tm,80.83,0.4701552070036996,0.06542013400030555
UTM,383,tm,80.64,0.48172252000222215,0.06494787400151836
UTM,384,tm,80.81,0.47853010299877496,0.06490952299645869
UTM,385,tm,80.86,0.4867521600026521,0.06585545400594128
UTM,386,tm,80.7,0.47863978099485394,0.06533347100048559
UTM,387,tm,80.9,0.4830544610013021,0.0647317920011119
UTM,388,tm,80.83,0.4772779690028983,0.06412128500232939
UTM,389,tm,81.01,0.48003121300280327,0.06349149500601925
UTM,390,tm,80.96,0.47508170299988706,0.06391218499629758
UTM,391,tm,80.75,0.4693625930012786,0.06273023699759506
UTM,392,tm,80.97999999999999,0.4684416800009785,0.06518050900194794
UTM,393,tm,80.87,0.4741479239964974,0.06493528900318779
UTM,394,tm,80.83,0.47250522499962244,0.06373935699957656
UTM,395,tm,80.78999999999999,0.4817970179938129,0.06486181599757401
UTM,396,tm,80.91000000000001,0.46738815699791303,0.06565949999639997
UTM,397,tm,81.13,0.4774696699969354,0.06483876299898839
UTM,398,tm,80.97999999999999,0.4688338139967527,0.06560581299709156
UTM,399,tm,80.92,0.4733412580026197,0.06427601400355343
UTM,400,tm,80.64,0.48002167400409235,0.06755349699960789
UTM,401,tm,80.86,0.47935874100221554,0.06459547999838833
UTM,402,tm,81.07,0.4768508120032493,0.0641847860024427
UTM,403,tm,80.73,0.4704347750011948,0.06493525199766736
UTM,404,tm,80.96,0.48991693499556277,0.06816019999678247
UTM,405,tm,80.78999999999999,0.48403479700209573,0.06372892299987143
UTM,406,tm,80.82000000000001,0.4747046600023168,0.06477629800065188
UTM,407,tm,80.85,0.47722652899392415,0.062357440998312086
UTM,408,tm,80.77,0.47178189599799225,0.0645712889963761
UTM,409,tm,80.75,0.4754811249949853,0.06502874600118957
UTM,410,tm,80.81,0.4827332349959761,0.06449227599659935
UTM,411,tm,80.74,0.47345676999975694,0.06495505500060972
UTM,412,tm,80.7,0.4761537579979631,0.06680527800199343
UTM,413,tm,80.67,0.4795484549977118,0.06626329299615463
UTM,414,tm,80.94,0.4760630469972966,0.06303063099767314
UTM,415,tm,80.97999999999999,0.4709536190057406,0.06479705600213492
UTM,416,tm,80.93,0.47484185000212165,0.06446747099835193
UTM,417,tm,80.74,0.4810161909990711,0.0646876600003452
UTM,418,tm,80.77,0.46964490599930286,0.06469950199971208
UTM,419,tm,80.96,0.4717028599989135,0.06414208299975144
UTM,420,tm,80.93,0.4702847329972428,0.06347021900000982
UTM,421,tm,80.80000000000001,0.4750376960000722,0.06548313600069378
UTM,422,tm,80.82000000000001,0.4778047280051396,0.06539330499799689
UTM,423,tm,80.7,0.47702025699982187,0.06162103999668034
UTM,424,tm,80.78999999999999,0.47582352699828334,0.06454027099971427
UTM,425,tm,80.67999999999999,0.47169443299935665,0.06299921499885386
UTM,426,tm,80.58,0.47933876699971734,0.06534136299887905
UTM,427,tm,80.64,0.46666466500028037,0.06429701700108126
UTM,428,tm,80.96,0.47180983800353715,0.06543991099897539
UTM,429,tm,80.89,0.4899880070006475,0.06516274900059216
UTM,430,tm,80.87,0.4734333360029268,0.06525115900149103
UTM,431,tm,80.73,0.47730514599970775,0.06273346600210061
UTM,432,tm,80.84,0.47410814499744447,0.06277164900529897
UTM,433,tm,80.78,0.4661089590008487,0.06401502000517212
UTM,434,tm,80.93,0.4817167520013754,0.06436377099453239
UTM,435,tm,80.80000000000001,0.4695579789986368,0.06284457999572624
UTM,436,tm,80.78999999999999,0.4786180070004775,0.06391571200219914
UTM,437,tm,80.71000000000001,0.4802897469999152,0.06602338799712015
UTM,438,tm,80.85,0.47685838300094474,0.06450694200611906
UTM,439,tm,80.78,0.4732672769969213,0.06590849900385365
UTM,440,tm,80.61,0.4804259070006083,0.06400424300227314
UTM,441,tm,80.81,0.4789327459948254,0.06273145199520513
UTM,442,tm,80.69,0.48493018100271,0.06521398400218459
UTM,443,tm,80.47999999999999,0.4824711559995194,0.06452592700225068
UTM,444,tm,80.58,0.4742974099935964,0.06458090800151695
UTM,445,tm,80.58999999999999,0.4772345099991071,0.06746529500378529
UTM,446,tm,80.57,0.4727376040027593,0.06465652200131444
UTM,447,tm,80.75,0.47051108600135194,0.06446415399841499
UTM,448,tm,80.71000000000001,0.47948868900130037,0.06349237800168339
UTM,449,tm,80.49,0.47831299499375746,0.06442701500054682
UTM,450,tm,80.52,0.46218703300110064,0.06425232000037795
UTM,451,tm,80.77,0.47672041800251463,0.06260358799772803
UTM,452,tm,80.77,0.46291524099797243,0.06465291400672868
UTM,453,tm,80.75,0.4781718779995572,0.06431598599738209
UTM,454,tm,80.44,0.4823047280005994,0.06485009600146441
UTM,455,tm,80.44,0.4757709250043263,0.06487776999711059
UTM,456,tm,80.73,0.47302862399374135,0.06610421199729899
UTM,457,tm,80.82000000000001,0.471597820003808,0.06555743100034306
UTM,458,tm,80.7,0.4801628429995617,0.06572363300074358
UTM,459,tm,80.97999999999999,0.4710611010013963,0.06545425800140947
UTM,460,tm,80.75,0.4571210409994819,0.06514698400133057
UTM,461,tm,80.78,0.47789680699497694,0.06576951299939537
UTM,462,tm,80.78,0.4820441160045448,0.06569040199974552
UTM,463,tm,80.75,0.4866683419968467,0.06553436700050952
UTM,464,tm,80.84,0.4691646080027567,0.06420554999931483
UTM,465,tm,80.99,0.48815760799334385,0.06402654400153551
UTM,466,tm,80.93,0.48635517500224523,0.06572874799894635
UTM,467,tm,80.88,0.47920149700075854,0.06460239499574527
UTM,468,tm,80.87,0.4713048220000928,0.06484260800061747
UTM,469,tm,80.92,0.4749960659974022,0.06454042000405025
UTM,470,tm,80.94,0.47809255799802486,0.06472205599857261
UTM,471,tm,80.84,0.47761553899908904,0.06556605000514537
UTM,472,tm,80.86,0.47227615900192177,0.06655463799688732
UTM,473,tm,80.78,0.47232690599776106,0.06433479500265094
UTM,474,tm,80.78,0.47129619299812475,0.0629343480031821
UTM,475,tm,80.77,0.4716416070004925,0.06426246999762952
UTM,476,tm,80.9,0.46985715800110484,0.06496692699874984
UTM,477,tm,80.75,0.47382610400381964,0.06461636900348822
UTM,478,tm,80.9,0.4748661470002844,0.06413446200167527
UTM,479,tm,80.83,0.4674244829948293,0.06469679599831579
UTM,480,tm,80.84,0.46274532499955967,0.06504843699804042
UTM,481,tm,80.80000000000001,0.49292511800013017,0.06689115799963474
UTM,482,tm,80.86,0.48227167400182225,0.06554212199989706
UTM,483,tm,80.83,0.47185374499531463,0.064189526005066
UTM,484,tm,80.84,0.4726292229970568,0.06458833500073524
UTM,485,tm,81.05,0.47003925599710783,0.06466613099473761
UTM,486,tm,80.89,0.47309788200072944,0.06324186099664075
UTM,487,tm,80.9,0.46928128500439925,0.06457940000109375
UTM,488,tm,80.92,0.47006332199816825,0.06471013000555104
UTM,489,tm,81.04,0.4710874700031127,0.06413160599913681
UTM,490,tm,80.97,0.47806746599962935,0.06524877899937565
UTM,491,tm,80.9,0.4805295669939369,0.0655962439996074
UTM,492,tm,80.95,0.4789871070024674,0.06426010400173254
UTM,493,tm,80.95,0.4780521420034347,0.06584668000141392
UTM,494,tm,81.04,0.4799257479971857,0.06415749699954176
UTM,495,tm,80.97999999999999,0.4482700950029539,0.06238490699615795
UTM,496,tm,80.96,0.4763141759976861,0.06400546700024279
UTM,497,tm,80.95,0.4706901609970373,0.06387420799728716
UTM,498,tm,80.78,0.4765001129999291,0.0655424110009335
UTM,499,tm,81.0,0.46391670699813403,0.06511429699457949
UTM,500,tm,80.76,0.4846852450064034,0.06463940100366017
WTM,1,tm,74.63,0.3914754040015396,0.06540742899960605
WTM,2,tm,77.48,0.36394332499912707,0.06656127799942624
WTM,3,tm,78.02,0.3478315809988999,0.06754687400098192
WTM,4,tm,79.02,0.3452894729998661,0.06336289399769157
WTM,5,tm,78.99000000000001,0.3529832029962563,0.06789807599852793
WTM,6,tm,79.81,0.33233315699908417,0.06763710999803152
WTM,7,tm,78.86,0.3373531409961288,0.06768721400294453
WTM,8,tm,78.38000000000001,0.33823087400378427,0.06875701399985701
WTM,9,tm,80.82000000000001,0.3260198729985859,0.06830670600174926
WTM,10,tm,80.60000000000001,0.33206217900442425,0.06764630100224167
WTM,11,tm,80.28999999999999,0.33656631000485504,0.06632741400244413
WTM,12,tm,79.86999999999999,0.32927971000026446,0.06712195199361304
WTM,13,tm,79.60000000000001,0.3345642459971714,0.06772636800451437
WTM,14,tm,79.56,0.333453440995072,0.0679348179983208
WTM,15,tm,80.01,0.3298914650004008,0.06953425499523291
WTM,16,tm,79.95,0.32684888399671763,0.06855610499769682
WTM,17,tm,80.78,0.32901611700071953,0.0685759429979953
WTM,18,tm,81.69,0.32264516199938953,0.06708284899650607
WTM,19,tm,81.39,0.31999779299803777,0.06740905700280564
WTM,20,tm,79.97999999999999,0.32621502799884183,0.06860444199992344
WTM,21,tm,79.25999999999999,0.3231641620004666,0.0687236710000434
WTM,22,tm,80.66,0.32383701900107553,0.07223131800128613
WTM,23,tm,79.78,0.32111710499884794,0.0666379570029676
WTM,24,tm,80.88,0.31822640799509827,0.06666884500009473
WTM,25,tm,81.42,0.31086923999828286,0.06669402700208593
WTM,26,tm,80.92,0.3300864529956016,0.0677850270003546
WTM,27,tm,80.67999999999999,0.3201068840062362,0.06869264999841107
WTM,28,tm,80.02,0.3125192869993043,0.06774562100326875
WTM,29,tm,81.16,0.3245526329992572,0.06886948700412177
WTM,30,tm,81.82000000000001,0.31607162099680863,0.06919243199808989
WTM,31,tm,81.35,0.31487593299971195,0.06708933300251374
WTM,32,tm,78.03999999999999,0.31845368500216864,0.06814883300103247
WTM,33,tm,81.52000000000001,0.3150841069946182,0.06748337099998025
WTM,34,tm,79.42,0.325950261001708,0.06871031000628136
WTM,35,tm,80.97,0.3211323600044125,0.06828650099487277
WTM,36,tm,81.27,0.3172563539992552,0.06801896099932492
WTM,37,tm,81.01,0.3241923509995104,0.06615979600610444
WTM,38,tm,80.52,0.3128082510011154,0.06732423000357812
WTM,39,tm,80.74,0.3130384559990489,0.06856823399721179
WTM,40,tm,81.37,0.31595623300381703,0.06753438300074777
WTM,41,tm,80.78,0.31128710100165335,0.06769628600159194
WTM,42,tm,81.31,0.31877643100597197,0.06874554900423391
WTM,43,tm,81.25,0.3127590079966467,0.06697939400328323
WTM,44,tm,82.45,0.30682339199847775,0.06850163199851522
WTM,45,tm,80.52,0.32588002100237645,0.07010524100041948
WTM,46,tm,82.5,0.3199385819971212,0.06754641899897251
WTM,47,tm,82.27,0.3142771900020307,0.06715133299439913
WTM,48,tm,80.97999999999999,0.31448195700068027,0.06650369000271894
WTM,49,tm,80.45,0.30762444099673303,0.06813629400130594
WTM,50,tm,80.75,0.3077218820035341,0.06754868900316069
WTM,51,tm,78.86,0.3205203700053971,0.06796466899686493
WTM,52,tm,80.9,0.32228788600332337,0.06797861299855867
WTM,53,tm,80.43,0.3079412329971092,0.06807883999863407
WTM,54,tm,79.62,0.31830607799929567,0.06742992100043921
WTM,55,tm,81.0,0.3076806629978819,0.06690627399802906
WTM,56,tm,81.72,0.3054559079973842,0.0686129899986554
WTM,57,tm,81.82000000000001,0.3179786280015833,0.06841744200210087
WTM,58,tm,81.87,0.3125682250029058,0.06866849300422473
WTM,59,tm,81.57,0.30665454299742123,0.06725386200560024
WTM,60,tm,81.43,0.30720009400101844,0.06925742299790727
WTM,61,tm,81.82000000000001,0.31571578600414796,0.06713582499651238
WTM,62,tm,81.36,0.32633200300188037,0.06902801999967778
WTM,63,tm,80.95,0.3272702169997501,0.06863752700155601
WTM,64,tm,81.67,0.3095634900018922,0.06792834099906031
WTM,65,tm,80.14,0.309468064995599,0.06698402999609243
WTM,66,tm,82.19999999999999,0.3102863999956753,0.06805169200379169
WTM,67,tm,81.51,0.31513744599942584,0.07280455499858363
WTM,68,tm,82.53,0.31413221600087127,0.06792758299707202
WTM,69,tm,81.32000000000001,0.3072317390033277,0.06826613399607595
WTM,70,tm,81.67,0.30727138099609874,0.06798732200695667
WTM,71,tm,80.97,0.30429656200431054,0.06884917300340021
WTM,72,tm,80.5,0.30824892000237014,0.06940735399984987
WTM,73,tm,81.8,0.31031763899954967,0.06858875699981581
WTM,74,tm,81.39,0.31812804900255287,0.06995014999847626
WTM,75,tm,81.35,0.30057665200001793,0.06860841299931053
WTM,76,tm,80.34,0.3126441279964638,0.06682246599666541
WTM,77,tm,81.42,0.31503927599987946,0.06912262099649524
WTM,78,tm,80.49,0.3137300970047363,0.06851164199906634
WTM,79,tm,81.47,0.31174369899963494,0.06770146799681243
WTM,80,tm,81.33,0.3018281050026417,0.06757266599743161
WTM,81,tm,81.78,0.3196685900038574,0.06867095900088316
WTM,82,tm,80.96,0.31291774699639063,0.06879430700064404
WTM,83,tm,81.82000000000001,0.30863994600076694,0.06789940299495356
WTM,84,tm,80.96,0.31643857000017306,0.06920692599669565
WTM,85,tm,81.99,0.3180707780047669,0.0669562710027094
WTM,86,tm,81.13,0.3061905230060802,0.06899788900045678
WTM,87,tm,80.55,0.3186814860018785,0.06806797700119205
WTM,88,tm,81.58,0.30929445900255814,0.07104670599801466
WTM,89,tm,81.65,0.33000088300468633,0.06915385500178672
WTM,90,tm,81.82000000000001,0.3050984739966225,0.06962206599564524
WTM,91,tm,81.33,0.3125285230053123,0.06683855200390099
WTM,92,tm,80.27,0.3032916110023507,0.06732406799710589
WTM,93,tm,81.46,0.3125000549989636,0.06719832400267478
WTM,94,tm,81.52000000000001,0.3149932809974416,0.06741923700610641
WTM,95,tm,82.19999999999999,0.3068901549995644,0.06844051799998851
WTM,96,tm,81.81,0.3146032770018792,0.06725488299707649
WTM,97,tm,81.19,0.306315893001738,0.0684785080011352
WTM,98,tm,81.08999999999999,0.3010861719958484,0.06927448100032052
WTM,99,tm,81.52000000000001,0.3058116560059716,0.06973387699690647
WTM,100,tm,80.82000000000001,0.3100605759973405,0.0654659010033356
WTM,101,tm,81.28999999999999,0.30100615300034406,0.06890864900196902
WTM,102,tm,81.83,0.31567394099693047,0.06797565099986969
WTM,103,tm,82.22,0.30625808799959486,0.06863271800102666
WTM,104,tm,82.16,0.30958818899671314,0.06792554599815048
WTM,105,tm,81.81,0.3085634829985793,0.06851156400080072
WTM,106,tm,81.83,0.3055873289995361,0.0670158100037952
WTM,107,tm,81.75,0.3142231640013051,0.06776510999770835
WTM,108,tm,81.63,0.3037953910024953,0.06780956999864429
WTM,109,tm,81.67999999999999,0.3125234969993471,0.06868891500198515
WTM,110,tm,82.04,0.30658226699597435,0.06955253799969796
WTM,111,tm,81.76,0.32568992300366517,0.06739221700263442
WTM,112,tm,82.11,0.31235708500025794,0.0666172830024152
WTM,113,tm,80.61,0.30359672099439194,0.06874379199871328
WTM,114,tm,81.76,0.30974102100299206,0.06972129899804713
WTM,115,tm,81.47999999999999,0.31627290199685376,0.06805278600222664
WTM,116,tm,81.61,0.3030140039991238,0.06768107800598955
WTM,117,tm,81.02000000000001,0.3133960150007624,0.06836027600365924
WTM,118,tm,81.17999999999999,0.3231879850063706,0.06694889099890133
WTM,119,tm,81.26,0.3107100690031075,0.06721537900011754
WTM,120,tm,81.78999999999999,0.31761409300088417,0.06939657300245017
WTM,121,tm,79.77,0.31067814600100974,0.0699794039974222
WTM,122,tm,82.54,0.3052564390018233,0.06808795400138479
WTM,123,tm,81.13,0.3080440549965715,0.06785617899731733
WTM,124,tm,81.78,0.302911397004209,0.06881852399965283
WTM,125,tm,81.72,0.30851127500500297,0.0679254150018096
WTM,126,tm,81.58999999999999,0.31561031700402964,0.07116102300642524
WTM,127,tm,80.82000000000001,0.3130722220012103,0.06876252100482816
WTM,128,tm,81.36,0.31013707899546716,0.06760363299690653
WTM,129,tm,82.28,0.30596988600154873,0.06750423800258432
WTM,130,tm,81.66,0.30490483199537266,0.06822892600030173
WTM,131,tm,81.51,0.2967391470010625,0.06667001399910077
WTM,132,tm,80.67,0.30649975299456855,0.07057115300267469
WTM,133,tm,81.42,0.3106628309978987,0.06870290199731244
WTM,134,tm,82.07,0.3022986290015979,0.07054309899831424
WTM,135,tm,80.34,0.3024293369962834,0.06753124800161459
WTM,136,tm,82.13000000000001,0.31354748499870766,0.06862614100100473
WTM,137,tm,81.13,0.29664741799933836,0.06819510999775957
WTM,138,tm,80.73,0.30643165500077885,0.06922928399580996
WTM,139,tm,80.27,0.3048929139986285,0.0682922129999497
WTM,140,tm,82.42,0.3030561289997422,0.06884913000249071
WTM,141,tm,81.99,0.31420989699836355,0.06700439999985974
WTM,142,tm,81.89999999999999,0.3117774720012676,0.06771066500368761
WTM,143,tm,80.72,0.3026726809985121,0.0695861310014152
WTM,144,tm,80.56,0.309194324996497,0.06768044299678877
WTM,145,tm,81.83,0.30896503099938855,0.07113029799802462
WTM,146,tm,81.81,0.3078797519992804,0.06881239599897526
WTM,147,tm,80.88,0.3054487190020154,0.06903304500156082
WTM,148,tm,81.69999999999999,0.3042652250005631,0.06866548900143243
WTM,149,tm,82.07,0.3042794440043508,0.06869246599671897
WTM,150,tm,82.47,0.31144510000012815,0.06923190600355156
WTM,151,tm,81.04,0.3061097329991753,0.06906141299987212
WTM,152,tm,81.39,0.305892992997542,0.0687876160009182
WTM,153,tm,81.24,0.30745758999546524,0.06802153500029817
WTM,154,tm,81.54,0.30713497700344305,0.06865893599751871
WTM,155,tm,81.0,0.3017508480043034,0.06858368400571635
WTM,156,tm,81.84,0.31027079399791546,0.06723810999392299
WTM,157,tm,81.53,0.30661167099606246,0.06735025899979519
WTM,158,tm,82.05,0.3085035950061865,0.06866773700312478
WTM,159,tm,82.52000000000001,0.3104885060020024,0.06718353799806209
WTM,160,tm,80.51,0.3058027229999425,0.06660250300046755
WTM,161,tm,82.31,0.3066885150037706,0.06887396999809425
WTM,162,tm,81.14,0.30657183899893425,0.06923015899519669
WTM,163,tm,80.52,0.3107047599987709,0.06751532300404506
WTM,164,tm,81.44,0.3083810780008207,0.06793738900159951
WTM,165,tm,81.3,0.3068232919977163,0.06967186799738556
WTM,166,tm,79.54,0.3001200159997097,0.06537339300120948
WTM,167,tm,81.15,0.2996629640038009,0.06833560799714178
WTM,168,tm,81.17999999999999,0.30548490699584363,0.06824644099833677
WTM,169,tm,82.52000000000001,0.304386035000789,0.06864673200470861
WTM,170,tm,81.8,0.3080281959992135,0.06806309300009161
WTM,171,tm,81.22,0.30658398399828,0.06838590400002431
WTM,172,tm,82.15,0.30815109499963,0.06813412700284971
WTM,173,tm,81.83,0.30590020200179424,0.06939858799887588
WTM,174,tm,82.09,0.3083121599993319,0.06939461999718333
WTM,175,tm,82.12,0.30288622900116025,0.06813123100437224
WTM,176,tm,80.69,0.3032024470012402,0.06777165300445631
WTM,177,tm,81.53,0.3043249689944787,0.06865495099918917
WTM,178,tm,82.61,0.3140784089991939,0.06782679199386621
WTM,179,tm,81.95,0.3085263499961002,0.06725468699733028
WTM,180,tm,80.52,0.2994436919980217,0.06753510999988066
WTM,181,tm,81.91000000000001,0.3140859220002312,0.0672950829975889
WTM,182,tm,81.17,0.3110616799967829,0.06790482000360498
WTM,183,tm,82.46,0.3098786580012529,0.06929495399526786
WTM,184,tm,82.46,0.3076788460020907,0.06725248300062958
WTM,185,tm,80.63,0.29630033200373873,0.06851434200507356
WTM,186,tm,81.47,0.3050598119953065,0.06985148100648075
WTM,187,tm,80.65,0.3140321309983847,0.06797897000069497
WTM,188,tm,82.07,0.3060626460064668,0.06853213900467381
WTM,189,tm,81.32000000000001,0.31066652099980274,0.06864638199476758
WTM,190,tm,81.47999999999999,0.30245262600510614,0.06598395099717891
WTM,191,tm,81.3,0.30347099999926286,0.06675834299676353
WTM,192,tm,82.19,0.3035066289958195,0.06795329799933825
WTM,193,tm,81.46,0.318233941005019,0.06769621500279754
WTM,194,tm,82.22,0.3025302159949206,0.07424433899723226
WTM,195,tm,82.26,0.30318440799601376,0.06900011099787662
WTM,196,tm,81.54,0.2967428039992228,0.06476363300316734
WTM,197,tm,80.06,0.30276078899623826,0.06901972199557349
WTM,198,tm,81.26,0.31189018500299426,0.06838851299835369
WTM,199,tm,81.86,0.30735863199515734,0.06812170399643946
WTM,200,tm,82.42,0.30691284500062466,0.06873686600010842
WTM,201,tm,81.87,0.3100066209954093,0.06802188800065778
WTM,202,tm,81.78,0.3131361120031215,0.06891832400287967
WTM,203,tm,82.22,0.30365658099617576,0.06938279899623012
WTM,204,tm,82.3,0.3056923870026367,0.06878551399859134
WTM,205,tm,82.33,0.3058887580045848,0.06793357100104913
WTM,206,tm,81.75,0.299170819002029,0.06844837799872039
WTM,207,tm,82.1,0.3064553210060694,0.0671884580006008
WTM,208,tm,81.91000000000001,0.3041316930030007,0.06863951199920848
WTM,209,tm,81.8,0.3050843930031988,0.06494643199403072
WTM,210,tm,82.06,0.3037190940012806,0.06821838000178104
WTM,211,tm,82.08,0.29840020799747435,0.06902975699631497
WTM,212,tm,81.97,0.30164715100545436,0.06754224999895087
WTM,213,tm,81.47999999999999,0.2983142349985428,0.06834740399790462
WTM,214,tm,81.46,0.32043087700003525,0.06952299900149228
WTM,215,tm,82.63000000000001,0.3128251550006098,0.06677501000376651
WTM,216,tm,82.94,0.30520125099428697,0.06884804600122152
WTM,217,tm,82.38,0.3124096949977684,0.06737205399986124
WTM,218,tm,82.03,0.30333043599966913,0.06813805699493969
WTM,219,tm,81.44,0.30521198399947025,0.06868687400128692
WTM,220,tm,80.42,0.31415945499611553,0.0681062839939841
WTM,221,tm,82.37,0.30396595999627607,0.06829076400026679
WTM,222,tm,82.36,0.30921917100204155,0.0690972690063063
WTM,223,tm,81.28,0.301477432003594,0.06672335300390841
WTM,224,tm,81.66,0.30583859399484936,0.06900050100375665
WTM,225,tm,82.67999999999999,0.3049498000036692,0.06877401700330665
WTM,226,tm,81.07,0.3101074990045163,0.06788655700074742
WTM,227,tm,81.69999999999999,0.2997292829968501,0.06724734300223645
WTM,228,tm,82.25,0.30483964999439195,0.06825796199700562
WTM,229,tm,81.72,0.30184665900014807,0.06443229599972256
WTM,230,tm,80.74,0.30534724199969787,0.06675025000004098
WTM,231,tm,82.41000000000001,0.3098475000006147,0.06803807899996173
WTM,232,tm,82.57,0.3027122340063215,0.06759529899863992
WTM,233,tm,82.19,0.30225193499791203,0.06849318300373852
WTM,234,tm,82.0,0.3133818579954095,0.06886139499692945
WTM,235,tm,81.61,0.3053597769976477,0.06783948699739994
WTM,236,tm,81.86,0.3139906139986124,0.06827207200694829
WTM,237,tm,80.73,0.30977460100257304,0.06923927099705907
WTM,238,tm,81.53,0.3065962740001851,0.06803387199761346
WTM,239,tm,80.08,0.3000333930031047,0.06841448500199476
WTM,240,tm,82.26,0.30369462099770317,0.06931805700151017
WTM,241,tm,81.03,0.3071378719978384,0.06883655000274302
WTM,242,tm,81.62,0.3189459839995834,0.06824204500298947
WTM,243,tm,82.11,0.3136434650004958,0.06875082099577412
WTM,244,tm,82.56,0.30449154699454084,0.06914682000206085
WTM,245,tm,81.83,0.3022754650010029,0.06727685099758673
WTM,246,tm,82.49,0.3074477929985733,0.06747596599598182
WTM,247,tm,81.89,0.31014770999900065,0.06811243200354511
WTM,248,tm,80.9,0.3086303309974028,0.0669128650042694
WTM,249,tm,82.23,0.3052919870024198,0.06962162700074259
WTM,250,tm,81.28,0.30610292599885724,0.06937725899479119
WTM,251,tm,81.2,0.3038572280056542,0.06868262000352843
WTM,252,tm,81.85,0.30533579899929464,0.06766526400315342
WTM,253,tm,81.47,0.30459667299874127,0.06871556600526674
WTM,254,tm,81.03,0.3073143660003552,0.06768962100613862
WTM,255,tm,80.43,0.30549994300235994,0.0694322560011642
WTM,256,tm,81.62,0.30291597599716624,0.0697533169950475
WTM,257,tm,82.19999999999999,0.30643043700547423,0.06788884699926712
WTM,258,tm,81.73,0.3052162000021781,0.07508064399735304
WTM,259,tm,82.17999999999999,0.30524271900503663,0.06818464199750451
WTM,260,tm,80.91000000000001,0.31240010500187054,0.06584160899365088
WTM,261,tm,82.06,0.30654062300163787,0.06775349099916639
WTM,262,tm,80.73,0.2966742969947518,0.06864382899948396
WTM,263,tm,82.27,0.3052550569991581,0.0668028400032199
WTM,264,tm,81.69,0.29990312999871094,0.0686348960007308
WTM,265,tm,81.58,0.30214763399999356,0.06839838099404005
WTM,266,tm,82.0,0.30065424899657955,0.0679521480051335
WTM,267,tm,82.69,0.30106576200341806,0.06904573700012406
WTM,268,tm,81.44,0.3089581129970611,0.06718781000381568
WTM,269,tm,80.86,0.3047565889937687,0.06705362600041553
WTM,270,tm,82.73,0.3055441280012019,0.06674865799868712
WTM,271,tm,81.35,0.30836483700113604,0.06874037699890323
WTM,272,tm,81.27,0.3114976650031167,0.06753338099952089
WTM,273,tm,81.69999999999999,0.3078565299947513,0.06942158200399717
WTM,274,tm,80.86,0.30848820800019894,0.06828123599552782
WTM,275,tm,80.94,0.3064985980017809,0.06797161499707727
WTM,276,tm,81.55,0.30456534800032387,0.06957881600101246
WTM,277,tm,82.03,0.3182191710002371,0.0686043779933243
WTM,278,tm,80.9,0.3039611150015844,0.06732796800497454
WTM,279,tm,81.38,0.3072511080026743,0.0721755439953995
WTM,280,tm,81.83,0.2962575779965846,0.06716974300070433
WTM,281,tm,81.03,0.3044629440046265,0.06867418799811276
WTM,282,tm,81.89999999999999,0.3095175749986083,0.06792202499491395
WTM,283,tm,80.36999999999999,0.30729403300210834,0.06724668999959249
WTM,284,tm,82.39,0.31083595000382047,0.06823179299681215
WTM,285,tm,81.2,0.3030956169968704,0.06720883600064553
WTM,286,tm,81.53,0.3019947360007791,0.066021908998664
WTM,287,tm,80.9,0.3025004489973071,0.06904561100236606
WTM,288,tm,80.81,0.3095838870067382,0.06839698500698432
WTM,289,tm,82.16,0.30447730999730993,0.068408538994845
WTM,290,tm,81.47,0.30927573300141376,0.06863698399683926
WTM,291,tm,81.91000000000001,0.3143585810030345,0.06644196299748728
WTM,292,tm,81.21000000000001,0.30382464199647075,0.06939553300617263
WTM,293,tm,81.49,0.3074019630003022,0.06754912399628665
WTM,294,tm,81.64,0.3142895380005939,0.06712405099824537
WTM,295,tm,81.58,0.3066701269999612,0.06813970200164476
WTM,296,tm,80.32000000000001,0.30535186500492273,0.06799281499843346
WTM,297,tm,80.82000000000001,0.3058649519953178,0.06814548900001682
WTM,298,tm,81.26,0.3016383400026825,0.06789602000208106
WTM,299,tm,82.05,0.31685659900540486,0.06796409399976255
WTM,300,tm,79.85,0.3021670369998901,0.06676316600351129
WTM,301,tm,81.21000000000001,0.3043994300023769,0.06840301099873614
WTM,302,tm,82.59,0.2974228109960677,0.06687230399984401
WTM,303,tm,82.12,0.309803162002936,0.0680036750054569
WTM,304,tm,81.69,0.3071490399961476,0.06873543899564538
WTM,305,tm,82.0,0.3062043609970715,0.06922172800113913
WTM,306,tm,82.12,0.3017299519997323,0.0684571980018518
WTM,307,tm,81.93,0.3078915129954112,0.06890962499892339
WTM,308,tm,82.11,0.30989828200108605,0.06748375800088979
WTM,309,tm,82.76,0.3077242750005098,0.06727106900507351
WTM,310,tm,82.21000000000001,0.3059038059946033,0.06816530899959616
WTM,311,tm,80.88,0.3065962539985776,0.06936337399383774
WTM,312,tm,82.16,0.31192040700261714,0.06910355400032131
WTM,313,tm,82.03,0.30993611400481313,0.06878462400345597
WTM,314,tm,82.1,0.3093615100005991,0.06782206500065513
WTM,315,tm,82.25,0.29725918299664045,0.06812941599491751
WTM,316,tm,80.11,0.31003817500459263,0.06834225600323407
WTM,317,tm,81.32000000000001,0.31087203299830435,0.06839220700203441
WTM,318,tm,82.12,0.3001275540009374,0.06788294799480354
WTM,319,tm,81.99,0.30362688900640933,0.06852338700264227
WTM,320,tm,80.92,0.30963849300314905,0.06786017600097694
WTM,321,tm,81.31,0.3246852869997383,0.06837128400366055
WTM,322,tm,81.06,0.30985421699733706,0.06609255600051256
WTM,323,tm,81.28999999999999,0.3015282480046153,0.06681446800212143
WTM,324,tm,80.91000000000001,0.30367335399932927,0.0676041099941358
WTM,325,tm,81.41000000000001,0.3060449980039266,0.06996977899689227
WTM,326,tm,81.78999999999999,0.2995752890055883,0.06766695500118658
WTM,327,tm,81.11,0.3125036880010157,0.06818711899541086
WTM,328,tm,82.07,0.3021301310000126,0.06551117499475367
WTM,329,tm,82.26,0.29931202799343737,0.06895816099859076
WTM,330,tm,82.27,0.30475874400144676,0.06877821599482559
WTM,331,tm,82.56,0.3014583250042051,0.07119309299741872
WTM,332,tm,82.45,0.30445526800031075,0.06715924799937056
WTM,333,tm,82.26,0.30260852700303076,0.06614717000047676
WTM,334,tm,81.24,0.30683002099976875,0.06797900299716275
WTM,335,tm,81.94,0.30083545700472314,0.06677261599543272
WTM,336,tm,81.08,0.3060839820027468,0.06859112699748948
WTM,337,tm,81.71000000000001,0.3101110920033534,0.06933827699685935
WTM,338,tm,81.56,0.30878822800150374,0.06729542900575325
WTM,339,tm,82.31,0.30425645600189455,0.07289249300083611
WTM,340,tm,82.35,0.3089578340004664,0.06735024099907605
WTM,341,tm,80.76,0.31007948700425914,0.06839667299936991
WTM,342,tm,81.57,0.3147508510010084,0.06780255000194302
WTM,343,tm,81.61,0.3173659399981261,0.06884241300576832
WTM,344,tm,82.19,0.30610360999708064,0.06962014000600902
WTM,345,tm,81.07,0.3056383119983366,0.07117941800242988
WTM,346,tm,80.28,0.30988550199981546,0.06849800200143363
WTM,347,tm,81.45,0.30671239100047387,0.06921585500094807
WTM,348,tm,81.83,0.3074267600022722,0.06892584400338819
WTM,349,tm,81.93,0.304860666001332,0.0676246250004624
WTM,350,tm,82.15,0.3103705040048226,0.06965776099968934
WTM,351,tm,81.69999999999999,0.30230845700134523,0.06954929299536161
WTM,352,tm,82.12,0.306646303004527,0.06825216399738565
WTM,353,tm,81.61,0.30298507200495806,0.06927018400165252
WTM,354,tm,81.22,0.29858949600020424,0.0676933380018454
WTM,355,tm,81.58999999999999,0.3039807399982237,0.07415215199580416
WTM,356,tm,82.06,0.29644273000303656,0.06786120699689491
WTM,357,tm,81.97,0.30862707599590067,0.06934989200090058
WTM,358,tm,80.42,0.3068526799979736,0.06826124899816932
WTM,359,tm,81.94,0.3132254849988385,0.06849703199986834
WTM,360,tm,82.17999999999999,0.3017855819998658,0.06770640199829359
WTM,361,tm,81.89,0.2944877429981716,0.06807148799998686
WTM,362,tm,81.05,0.2989827459969092,0.06795545799832325
WTM,363,tm,81.0,0.3084883679985069,0.06878397800028324
WTM,364,tm,81.57,0.3060165830029291,0.06849399900238495
WTM,365,tm,81.64,0.2998729750033817,0.06711356499727117
WTM,366,tm,81.78,0.31101659999694675,0.07128966599702835
WTM,367,tm,82.02000000000001,0.3051802839981974,0.06769654799427371
WTM,368,tm,81.03,0.3092175869969651,0.06700889299827395
WTM,369,tm,82.11,0.3042642610016628,0.06723740099550923
WTM,370,tm,81.47999999999999,0.30120386199996574,0.06742414100153837
WTM,371,tm,81.17,0.30234337999718264,0.0687589110020781
WTM,372,tm,82.42,0.30210838499624515,0.06805078199977288
WTM,373,tm,81.91000000000001,0.3079938459995901,0.06904231500084279
WTM,374,tm,82.43,0.30790545899799326,0.06757217999984277
WTM,375,tm,81.44,0.3072367610002402,0.07287177000398515
WTM,376,tm,81.81,0.30810157299856655,0.06840215999545762
WTM,377,tm,82.26,0.3187905410013627,0.06923365300463047
WTM,378,tm,81.91000000000001,0.3088825779996114,0.06764360399392899
WTM,379,tm,81.38,0.29203230699931737,0.06871035099902656
WTM,380,tm,82.16,0.30084480199730024,0.06933906299673254
WTM,381,tm,81.43,0.3190737850018195,0.06803194300300675
WTM,382,tm,81.34,0.30698245800158475,0.0674940129974857
WTM,383,tm,81.71000000000001,0.301152717001969,0.06928194899955997
WTM,384,tm,82.11,0.30495062100089854,0.06835231399600161
WTM,385,tm,81.41000000000001,0.30525207699975,0.0692412369971862
WTM,386,tm,81.98,0.3037200059989118,0.0676476740045473
WTM,387,tm,80.67999999999999,0.2952717410007608,0.06613658000424039
WTM,388,tm,81.17999999999999,0.30337073899863753,0.06673930699616903
WTM,389,tm,82.38,0.30292596600338584,0.06795418099500239
WTM,390,tm,82.41000000000001,0.3016009729981306,0.06696372800070094
WTM,391,tm,81.62,0.30916570899717044,0.06876059099886334
WTM,392,tm,80.74,0.3091397869939101,0.06793193700286793
WTM,393,tm,81.19,0.3025461950019235,0.06912338400434237
WTM,394,tm,82.12,0.30304119700304,0.06920247700327309
WTM,395,tm,80.43,0.30787294499896234,0.06768629900034284
WTM,396,tm,81.27,0.3032759409979917,0.06903061200137017
WTM,397,tm,81.51,0.30328450800152496,0.06871983599558007
WTM,398,tm,81.26,0.30847251800150843,0.06755125500058057
WTM,399,tm,82.58,0.3028870999987703,0.06748226900526788
WTM,400,tm,81.55,0.31127119599841535,0.07190792300389148
WTM,401,tm,82.3,0.3069453599964618,0.06970130999980029
WTM,402,tm,81.84,0.31088116200407967,0.0683729049997055
WTM,403,tm,81.94,0.30210430499573704,0.06863903400517302
WTM,404,tm,81.42,0.29937992300256155,0.06867387300007977
WTM,405,tm,82.05,0.3046209839958465,0.06826286299474305
WTM,406,tm,82.19999999999999,0.3186809280014131,0.06885994800541084
WTM,407,tm,81.93,0.3120778820011765,0.06837809100397862
WTM,408,tm,81.88,0.31108625199703965,0.06994264099921566
WTM,409,tm,81.56,0.2992839579965221,0.06921418999991147
WTM,410,tm,81.43,0.3071244270031457,0.07086466000328073
WTM,411,tm,82.38,0.31110134899790864,0.06826595799793722
WTM,412,tm,82.35,0.3069395420025103,0.06901693400141085
WTM,413,tm,81.21000000000001,0.3103343330003554,0.06927826800529147
WTM,414,tm,82.42,0.30061568599921884,0.06816542299930006
WTM,415,tm,81.01,0.3053409400017699,0.06905434300279012
WTM,416,tm,81.44,0.30919054800324375,0.06776552599330898
WTM,417,tm,81.46,0.304023333999794,0.06660705899412278
WTM,418,tm,81.77,0.2985880950000137,0.06819589099904988
WTM,419,tm,82.99,0.3078162940000766,0.06956949499726761
WTM,420,tm,81.88,0.3057100710066152,0.06923698299942771
WTM,421,tm,81.86,0.30932285000017146,0.06641013100306736
WTM,422,tm,80.75,0.2997655489962199,0.06844683099916438
WTM,423,tm,81.58999999999999,0.31698568999854615,0.06917052700009663
WTM,424,tm,81.98,0.32020412699785084,0.068501452995406
WTM,425,tm,81.88,0.2997930349956732,0.06942397000238998
WTM,426,tm,82.14,0.3006953210060601,0.06866558799811173
WTM,427,tm,81.56,0.3063547740021022,0.06846530199982226
WTM,428,tm,81.88,0.3030780359986238,0.06877984700258821
WTM,429,tm,82.25,0.3105086229988956,0.06671480300428811
WTM,430,tm,81.28,0.30704520599829266,0.07001952500286279
WTM,431,tm,81.31,0.3144288580006105,0.06806167699687649
WTM,432,tm,81.81,0.30466267299925676,0.06563942199863959
WTM,433,tm,80.97,0.307957279997936,0.06589756000175839
WTM,434,tm,81.17,0.30473637400427833,0.06833034799637971
WTM,435,tm,79.67,0.3162500389953493,0.06676638399949297
WTM,436,tm,81.31,0.30383704700216185,0.06827821800106904
WTM,437,tm,81.36,0.3060134460029076,0.06713536099414341
WTM,438,tm,81.78999999999999,0.30239908899966395,0.06806019000214292
WTM,439,tm,81.69999999999999,0.30425398999796016,0.06926133199885953
WTM,440,tm,80.77,0.3049288969996269,0.07241814299777616
WTM,441,tm,81.69,0.3034835660000681,0.06709279699862236
WTM,442,tm,81.14,0.30971435700485017,0.06735288600611966
WTM,443,tm,81.17999999999999,0.3034619030004251,0.06855847100086976
WTM,444,tm,81.95,0.3056781859995681,0.06796279199625133
WTM,445,tm,81.93,0.30539293099718634,0.06963008599996101
WTM,446,tm,81.66,0.3093810749996919,0.06711960000393447
WTM,447,tm,80.81,0.30447025100147584,0.06881928999791853
WTM,448,tm,81.69999999999999,0.30812917900038883,0.06998494499566732
WTM,449,tm,81.96,0.3116300420006155,0.06845415299903834
WTM,450,tm,81.94,0.3228600099973846,0.06840667800133815
WTM,451,tm,81.69,0.30499767300352687,0.06870388500101399
WTM,452,tm,82.39999999999999,0.2999826609957381,0.06863655999768525
WTM,453,tm,81.5,0.31192242900579004,0.06740530200477224
WTM,454,tm,81.08999999999999,0.31492991800041636,0.07521867800096516
WTM,455,tm,82.39999999999999,0.30503687700547744,0.06930428399937227
WTM,456,tm,81.49,0.3051428999970085,0.06797138499678113
WTM,457,tm,81.84,0.30380863200116437,0.06770551099907607
WTM,458,tm,82.07,0.30285063100018306,0.06595624599867733
WTM,459,tm,81.55,0.303759798000101,0.06889617100387113
WTM,460,tm,80.84,0.3026379420043668,0.06794124199950602
WTM,461,tm,81.54,0.30821888499485794,0.06714681399898836
WTM,462,tm,81.88,0.31463484300184064,0.06772576900402782
WTM,463,tm,81.34,0.3072317190017202,0.06813159099692712
WTM,464,tm,80.28,0.31091273600031855,0.06889519000105793
WTM,465,tm,81.16,0.31373753899970325,0.06843646200286457
WTM,466,tm,81.25,0.3149299639990204,0.07007721300033154
WTM,467,tm,81.87,0.30461524600104894,0.06772355699649779
WTM,468,tm,82.03,0.30729277699720114,0.06902115100092487
WTM,469,tm,82.78999999999999,0.3057486089965096,0.06725766599993221
WTM,470,tm,82.13000000000001,0.29896327100141207,0.06938806000107434
WTM,471,tm,82.12,0.307224452997616,0.06707787399500376
WTM,472,tm,82.17999999999999,0.30549569199502,0.06783526899380377
WTM,473,tm,82.11,0.3117749770026421,0.06844088099751389
WTM,474,tm,80.06,0.31280484599847114,0.06828583299648017
WTM,475,tm,81.02000000000001,0.30991074399935314,0.06889259599847719
WTM,476,tm,81.64,0.3083645169972442,0.06903983100346522
WTM,477,tm,81.42,0.3023468760002288,0.0705815339970286
WTM,478,tm,81.97,0.3055124189995695,0.06511798599967733
WTM,479,tm,81.97,0.3053299210005207,0.06772341299802065
WTM,480,tm,82.02000000000001,0.31321332300285576,0.06776625900238287
WTM,481,tm,81.85,0.3138152820029063,0.06801252799778013
WTM,482,tm,82.24000000000001,0.3141568360006204,0.06875650899746688
WTM,483,tm,80.16,0.3054019970004447,0.06793530199502129
WTM,484,tm,80.73,0.30609593100234633,0.06898013199679554
WTM,485,tm,82.34,0.30112825200194493,0.06735772399406414
WTM,486,tm,81.67,0.30269492100342177,0.06788041799882194
WTM,487,tm,81.96,0.3148763239951222,0.06990873099857708
WTM,488,tm,80.9,0.30979159400158096,0.06488126500335056
WTM,489,tm,81.69999999999999,0.3140701340016676,0.06984494299831567
WTM,490,tm,81.19,0.3069354389954242,0.06801006299792789
WTM,491,tm,81.93,0.3086311549996026,0.06795022099686321
WTM,492,tm,80.82000000000001,0.3006858789958642,0.06869595299940556
WTM,493,tm,83.07,0.3089085850006086,0.07120232699526241
WTM,494,tm,82.36,0.3050835649992223,0.06980464700609446
WTM,495,tm,82.54,0.3070315040022251,0.06758072799857473
WTM,496,tm,80.73,0.2993262170057278,0.06677891700383043
WTM,497,tm,82.3,0.3005298310017679,0.06840770399867324
WTM,498,tm,82.22,0.3011155290005263,0.06768451599782566
WTM,499,tm,81.39,0.29671690400573425,0.06714841000211891
WTM,500,tm,81.45,0.3087403620011173,0.06683111900201766
WTM-NN,1,tm,74.63,0.3914754040015396,0.06540742899960605
WTM-NN,2,tm,77.48,0.36394332499912707,0.06656127799942624
WTM-NN,3,tm,78.02,0.3478315809988999,0.06754687400098192
WTM-NN,4,tm,79.02,0.3452894729998661,0.06336289399769157
WTM-NN,5,tm,78.99000000000001,0.3529832029962563,0.06789807599852793
WTM-NN,6,tm,79.81,0.33233315699908417,0.06763710999803152
WTM-NN,7,tm,78.86,0.3373531409961288,0.06768721400294453
WTM-NN,8,tm,78.38000000000001,0.33823087400378427,0.06875701399985701
WTM-NN,9,tm,80.82000000000001,0.3260198729985859,0.06830670600174926
WTM-NN,10,tm,80.60000000000001,0.33206217900442425,0.06764630100224167
WTM-NN,11,tm,80.28999999999999,0.33656631000485504,0.06632741400244413
WTM-NN,12,tm,79.86999999999999,0.32927971000026446,0.06712195199361304
WTM-NN,13,tm,79.60000000000001,0.3345642459971714,0.06772636800451437
WTM-NN,14,tm,79.56,0.333453440995072,0.0679348179983208
WTM-NN,15,tm,80.01,0.3298914650004008,0.06953425499523291
WTM-NN,16,tm,79.95,0.32684888399671763,0.06855610499769682
WTM-NN,17,tm,80.78,0.32901611700071953,0.0685759429979953
WTM-NN,18,tm,81.69,0.32264516199938953,0.06708284899650607
WTM-NN,19,tm,81.39,0.31999779299803777,0.06740905700280564
WTM-NN,20,tm,79.97999999999999,0.32621502799884183,0.06860444199992344
WTM-NN,21,tm,79.25999999999999,0.3231641620004666,0.0687236710000434
WTM-NN,22,tm,80.66,0.32383701900107553,0.07223131800128613
WTM-NN,23,tm,79.78,0.32111710499884794,0.0666379570029676
WTM-NN,24,tm,80.88,0.31822640799509827,0.06666884500009473
WTM-NN,25,tm,81.42,0.31086923999828286,0.06669402700208593
WTM-NN,26,tm,80.92,0.3300864529956016,0.0677850270003546
WTM-NN,27,tm,80.67999999999999,0.3201068840062362,0.06869264999841107
WTM-NN,28,tm,80.02,0.3125192869993043,0.06774562100326875
WTM-NN,29,tm,81.16,0.3245526329992572,0.06886948700412177
WTM-NN,30,tm,81.82000000000001,0.31607162099680863,0.06919243199808989
WTM-NN,31,tm,81.35,0.31487593299971195,0.06708933300251374
WTM-NN,32,tm,78.03999999999999,0.31845368500216864,0.06814883300103247
WTM-NN,33,tm,81.52000000000001,0.3150841069946182,0.06748337099998025
WTM-NN,34,tm,79.42,0.325950261001708,0.06871031000628136
WTM-NN,35,tm,80.97,0.3211323600044125,0.06828650099487277
WTM-NN,36,tm,81.27,0.3172563539992552,0.06801896099932492
WTM-NN,37,tm,81.01,0.3241923509995104,0.06615979600610444
WTM-NN,38,tm,80.52,0.3128082510011154,0.06732423000357812
WTM-NN,39,tm,80.74,0.3130384559990489,0.06856823399721179
WTM-NN,40,tm,81.37,0.31595623300381703,0.06753438300074777
WTM-NN,41,tm,80.78,0.31128710100165335,0.06769628600159194
WTM-NN,42,tm,81.31,0.31877643100597197,0.06874554900423391
WTM-NN,43,tm,81.25,0.3127590079966467,0.06697939400328323
WTM-NN,44,tm,82.45,0.30682339199847775,0.06850163199851522
WTM-NN,45,tm,80.52,0.32588002100237645,0.07010524100041948
WTM-NN,46,tm,82.5,0.3199385819971212,0.06754641899897251
WTM-NN,47,tm,82.27,0.3142771900020307,0.06715133299439913
WTM-NN,48,tm,80.97999999999999,0.31448195700068027,0.06650369000271894
WTM-NN,49,tm,80.45,0.30762444099673303,0.06813629400130594
WTM-NN,50,tm,80.75,0.3077218820035341,0.06754868900316069
WTM-NN,51,tm,78.86,0.3205203700053971,0.06796466899686493
WTM-NN,52,tm,80.9,0.32228788600332337,0.06797861299855867
WTM-NN,53,tm,80.43,0.3079412329971092,0.06807883999863407
WTM-NN,54,tm,79.62,0.31830607799929567,0.06742992100043921
WTM-NN,55,tm,81.0,0.3076806629978819,0.06690627399802906
WTM-NN,56,tm,81.72,0.3054559079973842,0.0686129899986554
WTM-NN,57,tm,81.82000000000001,0.3179786280015833,0.06841744200210087
WTM-NN,58,tm,81.87,0.3125682250029058,0.06866849300422473
WTM-NN,59,tm,81.57,0.30665454299742123,0.06725386200560024
WTM-NN,60,tm,81.43,0.30720009400101844,0.06925742299790727
WTM-NN,61,tm,81.82000000000001,0.31571578600414796,0.06713582499651238
WTM-NN,62,tm,81.36,0.32633200300188037,0.06902801999967778
WTM-NN,63,tm,80.95,0.3272702169997501,0.06863752700155601
WTM-NN,64,tm,81.67,0.3095634900018922,0.06792834099906031
WTM-NN,65,tm,80.14,0.309468064995599,0.06698402999609243
WTM-NN,66,tm,82.19999999999999,0.3102863999956753,0.06805169200379169
WTM-NN,67,tm,81.51,0.31513744599942584,0.07280455499858363
WTM-NN,68,tm,82.53,0.31413221600087127,0.06792758299707202
WTM-NN,69,tm,81.32000000000001,0.3072317390033277,0.06826613399607595
WTM-NN,70,tm,81.67,0.30727138099609874,0.06798732200695667
WTM-NN,71,tm,80.97,0.30429656200431054,0.06884917300340021
WTM-NN,72,tm,80.5,0.30824892000237014,0.06940735399984987
WTM-NN,73,tm,81.8,0.31031763899954967,0.06858875699981581
WTM-NN,74,tm,81.39,0.31812804900255287,0.06995014999847626
WTM-NN,75,tm,81.35,0.30057665200001793,0.06860841299931053
WTM-NN,76,tm,80.34,0.3126441279964638,0.06682246599666541
WTM-NN,77,tm,81.42,0.31503927599987946,0.06912262099649524
WTM-NN,78,tm,80.49,0.3137300970047363,0.06851164199906634
WTM-NN,79,tm,81.47,0.31174369899963494,0.06770146799681243
WTM-NN,80,tm,81.33,0.3018281050026417,0.06757266599743161
WTM-NN,81,tm,81.78,0.3196685900038574,0.06867095900088316
WTM-NN,82,tm,80.96,0.31291774699639063,0.06879430700064404
WTM-NN,83,tm,81.82000000000001,0.30863994600076694,0.06789940299495356
WTM-NN,84,tm,80.96,0.31643857000017306,0.06920692599669565
WTM-NN,85,tm,81.99,0.3180707780047669,0.0669562710027094
WTM-NN,86,tm,81.13,0.3061905230060802,0.06899788900045678
WTM-NN,87,tm,80.55,0.3186814860018785,0.06806797700119205
WTM-NN,88,tm,81.58,0.30929445900255814,0.07104670599801466
WTM-NN,89,tm,81.65,0.33000088300468633,0.06915385500178672
WTM-NN,90,tm,81.82000000000001,0.3050984739966225,0.06962206599564524
WTM-NN,91,tm,81.33,0.3125285230053123,0.06683855200390099
WTM-NN,92,tm,80.27,0.3032916110023507,0.06732406799710589
WTM-NN,93,tm,81.46,0.3125000549989636,0.06719832400267478
WTM-NN,94,tm,81.52000000000001,0.3149932809974416,0.06741923700610641
WTM-NN,95,tm,82.19999999999999,0.3068901549995644,0.06844051799998851
WTM-NN,96,tm,81.81,0.3146032770018792,0.06725488299707649
WTM-NN,97,tm,81.19,0.306315893001738,0.0684785080011352
WTM-NN,98,tm,81.08999999999999,0.3010861719958484,0.06927448100032052
WTM-NN,99,tm,81.52000000000001,0.3058116560059716,0.06973387699690647
WTM-NN,100,tm,80.82000000000001,0.3100605759973405,0.0654659010033356
WTM-NN,101,tm,81.28999999999999,0.30100615300034406,0.06890864900196902
WTM-NN,102,tm,81.83,0.31567394099693047,0.06797565099986969
WTM-NN,103,tm,82.22,0.30625808799959486,0.06863271800102666
WTM-NN,104,tm,82.16,0.30958818899671314,0.06792554599815048
WTM-NN,105,tm,81.81,0.3085634829985793,0.06851156400080072
WTM-NN,106,tm,81.83,0.3055873289995361,0.0670158100037952
WTM-NN,107,tm,81.75,0.3142231640013051,0.06776510999770835
WTM-NN,108,tm,81.63,0.3037953910024953,0.06780956999864429
WTM-NN,109,tm,81.67999999999999,0.3125234969993471,0.06868891500198515
WTM-NN,110,tm,82.04,0.30658226699597435,0.06955253799969796
WTM-NN,111,tm,81.76,0.32568992300366517,0.06739221700263442
WTM-NN,112,tm,82.11,0.31235708500025794,0.0666172830024152
WTM-NN,113,tm,80.61,0.30359672099439194,0.06874379199871328
WTM-NN,114,tm,81.76,0.30974102100299206,0.06972129899804713
WTM-NN,115,tm,81.47999999999999,0.31627290199685376,0.06805278600222664
WTM-NN,116,tm,81.61,0.3030140039991238,0.06768107800598955
WTM-NN,117,tm,81.02000000000001,0.3133960150007624,0.06836027600365924
WTM-NN,118,tm,81.17999999999999,0.3231879850063706,0.06694889099890133
WTM-NN,119,tm,81.26,0.3107100690031075,0.06721537900011754
WTM-NN,120,tm,81.78999999999999,0.31761409300088417,0.06939657300245017
WTM-NN,121,tm,79.77,0.31067814600100974,0.0699794039974222
WTM-NN,122,tm,82.54,0.3052564390018233,0.06808795400138479
WTM-NN,123,tm,81.13,0.3080440549965715,0.06785617899731733
WTM-NN,124,tm,81.78,0.302911397004209,0.06881852399965283
WTM-NN,125,tm,81.72,0.30851127500500297,0.0679254150018096
WTM-NN,126,tm,81.58999999999999,0.31561031700402964,0.07116102300642524
WTM-NN,127,tm,80.82000000000001,0.3130722220012103,0.06876252100482816
WTM-NN,128,tm,81.36,0.31013707899546716,0.06760363299690653
WTM-NN,129,tm,82.28,0.30596988600154873,0.06750423800258432
WTM-NN,130,tm,81.66,0.30490483199537266,0.06822892600030173
WTM-NN,131,tm,81.51,0.2967391470010625,0.06667001399910077
WTM-NN,132,tm,80.67,0.30649975299456855,0.07057115300267469
WTM-NN,133,tm,81.42,0.3106628309978987,0.06870290199731244
WTM-NN,134,tm,82.07,0.3022986290015979,0.07054309899831424
WTM-NN,135,tm,80.34,0.3024293369962834,0.06753124800161459
WTM-NN,136,tm,82.13000000000001,0.31354748499870766,0.06862614100100473
WTM-NN,137,tm,81.13,0.29664741799933836,0.06819510999775957
WTM-NN,138,tm,80.73,0.30643165500077885,0.06922928399580996
WTM-NN,139,tm,80.27,0.3048929139986285,0.0682922129999497
WTM-NN,140,tm,82.42,0.3030561289997422,0.06884913000249071
WTM-NN,141,tm,81.99,0.31420989699836355,0.06700439999985974
WTM-NN,142,tm,81.89999999999999,0.3117774720012676,0.06771066500368761
WTM-NN,143,tm,80.72,0.3026726809985121,0.0695861310014152
WTM-NN,144,tm,80.56,0.309194324996497,0.06768044299678877
WTM-NN,145,tm,81.83,0.30896503099938855,0.07113029799802462
WTM-NN,146,tm,81.81,0.3078797519992804,0.06881239599897526
WTM-NN,147,tm,80.88,0.3054487190020154,0.06903304500156082
WTM-NN,148,tm,81.69999999999999,0.3042652250005631,0.06866548900143243
WTM-NN,149,tm,82.07,0.3042794440043508,0.06869246599671897
WTM-NN,150,tm,82.47,0.31144510000012815,0.06923190600355156
WTM-NN,151,nn,83.93,0.22154627299460117,0.06906265399447875
WTM-NN,152,nn,84.02,0.21808006400533486,0.06791223099571653
WTM-NN,153,nn,83.89999999999999,0.2728728049987694,0.07053033300326206
WTM-NN,154,nn,83.96000000000001,0.22335105700040003,0.06920487999741454
WTM-NN,155,nn,83.94,0.22235790199920302,0.06886273700365564
WTM-NN,156,nn,83.88,0.20812949500395916,0.0689187399984803
WTM-NN,157,nn,83.93,0.2519485939992592,0.06972724700608524
WTM-NN,158,nn,84.03,0.2196740569997928,0.06939378999959445
WTM-NN,159,nn,83.94,0.2007700640024268,0.07096978099434637
WTM-NN,160,nn,83.91,0.2190557509966311,0.07047401900490513
WTM-NN,161,nn,83.93,0.2694133650002186,0.06904798799951095
WTM-NN,162,nn,83.86,0.19921548000274925,0.07224514100380475
WTM-NN,163,nn,84.04,0.20332789399981266,0.06938270300452132
WTM-NN,164,nn,84.06,0.19570027599547757,0.07101213699934306
WTM-NN,165,nn,84.11999999999999,0.19483718799892813,0.06780961299955379
WTM-NN,166,nn,84.07,0.24701089200243587,0.07123920299636666
WTM-NN,167,nn,84.21,0.20230478900339222,0.06950740899628727
WTM-NN,168,nn,84.27,0.19941567199566634,0.0686974390046089
WTM-NN,169,nn,84.33,0.2158141740001156,0.07122955099475803
WTM-NN,170,nn,84.27,0.26860855300037656,0.06770671000413131
WTM-NN,171,nn,84.33,0.22296174299845006,0.07060089399601566
WTM-NN,172,nn,84.31,0.2168397499990533,0.0703304130001925
WTM-NN,173,nn,84.42,0.1977278130070772,0.06975310500274645
WTM-NN,174,nn,84.3,0.2698896789952414,0.07066584399581188
WTM-NN,175,nn,84.50999999999999,0.21864899200591026,0.06731640100042569
WTM-NN,176,nn,84.56,0.20469653400505194,0.07040197599417297
WTM-NN,177,nn,84.59,0.1993178810007521,0.07101061600405956
WTM-NN,178,nn,84.66,0.24606107500585495,0.07063358400046127
WTM-NN,179,nn,84.64,0.19542004899994936,0.07075061299838126
WTM-NN,180,nn,84.61999999999999,0.19844366899633314,0.07025568799872417
WTM-NN,181,nn,84.57000000000001,0.19480018099420704,0.06979530300304759
WTM-NN,182,nn,84.63000000000001,0.26727235299767926,0.07139805799670285
WTM-NN,183,nn,84.74000000000001,0.21999893599422649,0.06828376699559158
WTM-NN,184,nn,84.78,0.19554583099670708,0.07565267799509456
WTM-NN,185,nn,84.75,0.1948665650052135,0.07012441199913155
WTM-NN,186,nn,84.81,0.19434330399963073,0.06913349500246113
WTM-NN,187,nn,84.78,0.26432679800200276,0.07078642000124091
WTM-NN,188,nn,84.82,0.20920756199484458,0.07130738699925132
WTM-NN,189,nn,84.86,0.20052231699810363,0.06872595899767475
WTM-NN,190,nn,84.82,0.21784138499788241,0.0713913740037242
WTM-NN,191,nn,84.95,0.2635077380036819,0.07037182000203757
WTM-NN,192,nn,84.82,0.20139201499841874,0.07112460999633186
WTM-NN,193,nn,84.83000000000001,0.21469018299831077,0.069202017999487
WTM-NN,194,nn,85.08,0.21183120099885855,0.06713743300497299
WTM-NN,195,nn,84.92,0.26534131600055844,0.07142562700028066
WTM-NN,196,nn,85.04,0.20471533099771477,0.07245217600575415
WTM-NN,197,nn,84.93,0.2181507299974328,0.06881674399483018
WTM-NN,198,nn,84.89,0.21993936699436745,0.06937272800132632
WTM-NN,199,nn,85.03,0.25524782900174614,0.069559739997203
WTM-NN,200,nn,85.04,0.21436500599520514,0.06684332299482776
WTM-NN,201,nn,85.05,0.2022394110026653,0.07059482700424269
WTM-NN,202,nn,85.00999999999999,0.22308677500404883,0.0710295250028139
WTM-NN,203,nn,84.98,0.25041060900548473,0.07018344199605053
WTM-NN,204,nn,85.14,0.2129481699957978,0.06949602600070648
WTM-NN,205,nn,84.91,0.19747196700336644,0.0705344870002591
WTM-NN,206,nn,85.06,0.21339552699646447,0.06956453000020701
WTM-NN,207,nn,85.16,0.21686864300136222,0.07167620700056432
WTM-NN,208,nn,85.16,0.27409407700179145,0.0693768849960179
WTM-NN,209,nn,85.17,0.21985018599661998,0.07013917699805461
WTM-NN,210,nn,84.91,0.21898258400324266,0.06909466199431336
WTM-NN,211,nn,85.1,0.21160682000481756,0.0705322680005338
WTM-NN,212,nn,85.03,0.2677085389950662,0.06723651900392724
WTM-NN,213,nn,84.94,0.2221192310025799,0.06994222699722741
WTM-NN,214,nn,85.11,0.2276535960045294,0.07114135199662996
WTM-NN,215,nn,85.11999999999999,0.2172199390042806,0.07068084099591943
WTM-NN,216,nn,85.05,0.26829401400027564,0.07053943399660056
WTM-NN,217,nn,85.09,0.21816606000356842,0.0685864409970236
WTM-NN,218,nn,85.08,0.21726069000578718,0.07048599499830743
WTM-NN,219,nn,85.09,0.21571601400501095,0.07388709299993934
WTM-NN,220,nn,85.06,0.2639095489939791,0.0701642619969789
WTM-NN,221,nn,85.06,0.21249688600073569,0.07177815799514065
WTM-NN,222,nn,85.09,0.21947892200114438,0.0697524630013504
WTM-NN,223,nn,85.05,0.2113887360028457,0.07077608200052055
WTM-NN,224,nn,85.03,0.2517000090010697,0.07024047899903962
WTM-NN,225,nn,85.15,0.2018931389975478,0.07093105999956606
WTM-NN,226,nn,85.09,0.21890501899906667,0.06931308499770239
WTM-NN,227,nn,85.11999999999999,0.20007109099969966,0.07023516700428445
WTM-NN,228,nn,85.15,0.21092795400181785,0.06932637900172267
WTM-NN,229,nn,85.06,0.24716646999877412,0.06777621199580608
WTM-NN,230,nn,85.08,0.22145612200256437,0.07014849199913442
WTM-NN,231,nn,85.17,0.19447373599541606,0.06987534500512993
WTM-NN,232,nn,85.06,0.19554597800015472,0.06938693700067233
WTM-NN,233,nn,85.05,0.24537061699811602,0.07073927400051616
WTM-NN,234,nn,85.0,0.20103333599399775,0.06899616600276204
WTM-NN,235,nn,85.14,0.2010666290007066,0.06977492599980906
WTM-NN,236,nn,85.06,0.1953255199987325,0.06976691499585286
WTM-NN,237,nn,85.28,0.2598514439960127,0.06979265100380871
WTM-NN,238,nn,85.13,0.1999621209979523,0.06926178100547986
WTM-NN,239,nn,85.14,0.19542623400047887,0.06895683499897132
WTM-NN,240,nn,85.13,0.20303958899603458,0.06950260200392222
WTM-NN,241,nn,85.18,0.2580444049963262,0.0671725560023333
WTM-NN,242,nn,85.03,0.20146821300295414,0.06708915399940452
WTM-NN,243,nn,84.94,0.22064852900075493,0.07005271600064589
WTM-NN,244,nn,84.96000000000001,0.19667230599588947,0.06967454600089695
WTM-NN,245,nn,85.1,0.24490577899996424,0.06808305199956521
WTM-NN,246,nn,85.13,0.19816405500023393,0.06929273399873637
WTM-NN,247,nn,85.14,0.19539218199497554,0.06928873400465818
WTM-NN,248,nn,85.03,0.19989505300327437,0.07360046399844578
WTM-NN,249,nn,85.0,0.20669093600008637,0.06792413299990585
WTM-NN,250,nn,85.08,0.26934697900287574,0.06879902099899482
WTM-NN,251,nn,85.15,0.21440103799977805,0.06676365999737754
WTM-NN,252,nn,85.02,0.22008609000477009,0.07077804100117646
WTM-NN,253,nn,85.11999999999999,0.2000540919980267,0.07058185799542116
WTM-NN,254,nn,85.13,0.2678965640006936,0.06951016299717594
WTM-NN,255,nn,85.15,0.22025250300066546,0.07191631499881623
WTM-NN,256,nn,85.1,0.19875602300453465,0.06934675099910237
WTM-NN,257,nn,85.06,0.21355742199375527,0.06871676800074056
WTM-NN,258,nn,84.99,0.2700121039961232,0.0705988330009859
WTM-NN,259,nn,85.13,0.20289706900075544,0.06980061200010823
WTM-NN,260,nn,85.11,0.19572100199729903,0.069675698003266
WTM-NN,261,nn,85.04,0.22017408599640476,0.06828842200047802
WTM-NN,262,nn,85.05,0.27003052899817703,0.0700145730006625
WTM-NN,263,nn,85.1,0.20070135800051503,0.07085948299936717
WTM-NN,264,nn,85.02,0.2023279540007934,0.07163618499907898
WTM-NN,265,nn,85.15,0.19440670200128807,0.07147038700350095
WTM-NN,266,nn,84.99,0.263503727997886,0.07099649700103328
WTM-NN,267,nn,85.02,0.22369870799593627,0.06988765099958982
WTM-NN,268,nn,85.07000000000001,0.21904817799804732,0.06842840999888722
WTM-NN,269,nn,85.11999999999999,0.21909234300255775,0.07237291999626905
WTM-NN,270,nn,85.18,0.20002743000077317,0.06977514900063397
WTM-NN,271,nn,85.15,0.26926561599975685,0.07153961099538719
WTM-NN,272,nn,85.11999999999999,0.1994300430014846,0.06877003100089496
WTM-NN,273,nn,85.19,0.2159292069991352,0.06923644899507053
WTM-NN,274,nn,85.07000000000001,0.1977216080049402,0.07000597600563196
WTM-NN,275,nn,84.95,0.2669097590041929,0.0695999009985826
WTM-NN,276,nn,85.13,0.21581934000278125,0.06929199900332605
WTM-NN,277,nn,85.09,0.20536139400064712,0.06965574099740479
WTM-NN,278,nn,85.07000000000001,0.20151723400340416,0.06936513099935837
WTM-NN,279,nn,85.05,0.2598800139967352,0.06901743700291263
WTM-NN,280,nn,84.97,0.22093773700180463,0.07068652299494715
WTM-NN,281,nn,85.08,0.21562545299821068,0.07064040999830468
WTM-NN,282,nn,85.22,0.21858682600577595,0.07152393499563914
WTM-NN,283,nn,84.96000000000001,0.25884042200050317,0.07018791400332702
WTM-NN,284,nn,85.11,0.19597945499845082,0.0703139339966583
WTM-NN,285,nn,85.08,0.21313116999954218,0.06720748700172408
WTM-NN,286,nn,85.08,0.21618476299772738,0.06969876400398789
WTM-NN,287,nn,84.98,0.25465782600076636,0.06956718699802877
WTM-NN,288,nn,84.96000000000001,0.22141611400002148,0.06708421999792336
WTM-NN,289,nn,84.98,0.2107125350012211,0.0688638300052844
WTM-NN,290,nn,85.09,0.2232281479955418,0.06887411599745974
WTM-NN,291,nn,85.07000000000001,0.22023988400178496,0.06880803999956697
WTM-NN,292,nn,85.14,0.26943049400142627,0.07058417500229552
WTM-NN,293,nn,85.16,0.2140582939973683,0.06971926400001394
WTM-NN,294,nn,85.16,0.20045602499885717,0.07031927900243318
WTM-NN,295,nn,85.13,0.2116237810041639,0.06991862200084142
WTM-NN,296,nn,85.14,0.26974170000175945,0.06936607300303876
WTM-NN,297,nn,85.02,0.19736734500474995,0.06684094700176502
WTM-NN,298,nn,85.11999999999999,0.21829200199863408,0.07179379599983804
WTM-NN,299,nn,85.08,0.2183693549959571,0.0711434049953823
WTM-NN,300,nn,85.14,0.2695180539958528,0.06937745300092502
WTM-NN,301,nn,85.14,0.21877323100488866,0.07021011700271629
WTM-NN,302,nn,85.14,0.19454317200143123,0.07144000599510036
WTM-NN,303,nn,85.13,0.21897363999596564,0.07021658399753505
WTM-NN,304,nn,85.06,0.2556549979999545,0.0711326909950003
WTM-NN,305,nn,85.05,0.20857541599980323,0.06931062999501592
WTM-NN,306,nn,85.18,0.21952147800038802,0.07034142799966503
WTM-NN,307,nn,85.02,0.22063335400162032,0.07163785800366895
WTM-NN,308,nn,84.99,0.2658720990002621,0.07004517900350038
WTM-NN,309,nn,85.06,0.22474916099599795,0.06923166399792535
WTM-NN,310,nn,85.1,0.20058295700437156,0.07089373499911744
WTM-NN,311,nn,85.08,0.19988747099705506,0.07095654399745399
WTM-NN,312,nn,85.16,0.1996859140053857,0.07006841599650215
WTM-NN,313,nn,85.08,0.26195608000125503,0.07056691800244153
WTM-NN,314,nn,85.15,0.21574125999904936,0.07177021900133695
WTM-NN,315,nn,85.15,0.19621703500160947,0.07057861000066623
WTM-NN,316,nn,85.11999999999999,0.21909933399729198,0.07196590000239667
WTM-NN,317,nn,85.2,0.26579137299995637,0.06952229899616214
WTM-NN,318,nn,85.07000000000001,0.19530434400076047,0.07148619000508916
WTM-NN,319,nn,85.0,0.20368431600218173,0.06707408499642042
WTM-NN,320,nn,85.1,0.2192512639958295,0.06958998300251551
WTM-NN,321,nn,85.03,0.2546995840020827,0.07143199100391939
WTM-NN,322,nn,85.1,0.20051186299679102,0.07030222399771446
WTM-NN,323,nn,85.08,0.2193048720000661,0.0692972910037497
WTM-NN,324,nn,85.06,0.22204354099812917,0.06930765699507901
WTM-NN,325,nn,85.08,0.2567093850011588,0.06965817600575974
WTM-NN,326,nn,85.08,0.19656446499720914,0.0700140159970033
WTM-NN,327,nn,85.22,0.19966200499766273,0.06923058399843285
WTM-NN,328,nn,85.06,0.21884173700527754,0.06815588499739533
WTM-NN,329,nn,85.13,0.26976957300212234,0.0687623230041936
WTM-NN,330,nn,84.99,0.21525830399332335,0.06810329000290949
WTM-NN,331,nn,84.98,0.2176248609976028,0.07003258699842263
WTM-NN,332,nn,85.11999999999999,0.21970277500076918,0.06765024599735625
WTM-NN,333,nn,85.00999999999999,0.21771001100569265,0.06972034399950644
WTM-NN,334,nn,85.13,0.26774072599801,0.06736134200036759
WTM-NN,335,nn,85.02,0.21152499400341185,0.06845496800087858
WTM-NN,336,nn,85.14,0.20000517400330864,0.06749735699850135
WTM-NN,337,nn,85.24000000000001,0.20592949199635768,0.0684093359959661
WTM-NN,338,nn,85.1,0.2626841500023147,0.06919925800320925
WTM-NN,339,nn,85.0,0.21978202600439545,0.0682968780020019
WTM-NN,340,nn,85.27,0.2039413109960151,0.0702761089996784
WTM-NN,341,nn,85.04,0.1972594369945,0.06895417200576048
WTM-NN,342,nn,85.13,0.24697403000027407,0.06937467699754052
WTM-NN,343,nn,85.1,0.1979646909967414,0.06899053399683908
WTM-NN,344,nn,84.99,0.19557575200451538,0.06982428800256457
WTM-NN,345,nn,84.99,0.1961676869977964,0.0712790239995229
WTM-NN,346,nn,85.00999999999999,0.24654606499825604,0.06953458300267812
WTM-NN,347,nn,85.05,0.19972796899673995,0.0690770799992606
WTM-NN,348,nn,85.06,0.1968217169996933,0.06960806399729336
WTM-NN,349,nn,85.13,0.19691687000158709,0.0695521989982808
WTM-NN,350,nn,85.31,0.24554976900253678,0.07087978100025794
WTM-NN,351,nn,85.13,0.19536316900484962,0.07007436999992933
WTM-NN,352,nn,85.0,0.19647202100168215,0.06801055099640507
WTM-NN,353,nn,84.96000000000001,0.19658905799587956,0.07073896499787224
WTM-NN,354,nn,85.07000000000001,0.19919098600075813,0.0704227690002881
WTM-NN,355,nn,84.96000000000001,0.25289827400411014,0.0707044790033251
WTM-NN,356,nn,85.1,0.19744819500192534,0.06933625099918572
WTM-NN,357,nn,85.14,0.19606418699549977,0.06977075400209287
WTM-NN,358,nn,85.1,0.1955552200015518,0.07001992099685594
WTM-NN,359,nn,85.11,0.24707486399711343,0.0698966339987237
WTM-NN,360,nn,85.13,0.19754852099868003,0.069429184004548
WTM-NN,361,nn,85.13,0.19679344599717297,0.06972047899762401
WTM-NN,362,nn,85.03,0.1999377230022219,0.07063345100323204
WTM-NN,363,nn,85.11999999999999,0.24709307400189573,0.06999143899884075
WTM-NN,364,nn,85.11,0.19737695599906147,0.06805959000485018
WTM-NN,365,nn,85.05,0.1963014720022329,0.0695913810050115
WTM-NN,366,nn,85.06,0.19689087799633853,0.06983179599774303
WTM-NN,367,nn,85.02,0.24782770599995274,0.0700503240004764
WTM-NN,368,nn,85.0,0.19586105499911355,0.06951103200117359
WTM-NN,369,nn,85.1,0.20527423699968494,0.0708462159964256
WTM-NN,370,nn,85.05,0.20556070600287057,0.06990150099591119
WTM-NN,371,nn,85.11999999999999,0.24832159499783302,0.07108714900095947
WTM-NN,372,nn,84.98,0.19957810300547862,0.06994891999784159
WTM-NN,373,nn,85.06,0.1958929479951621,0.07133526100369636
WTM-NN,374,nn,85.04,0.19786117699550232,0.07113459299580427
WTM-NN,375,nn,85.06,0.19605054399289656,0.07057095599884633
WTM-NN,376,nn,84.96000000000001,0.24612321099994006,0.07176548900315538
WTM-NN,377,nn,85.08,0.2015611480019288,0.06873887300025672
WTM-NN,378,nn,85.1,0.19800551799562527,0.07022884899924975
WTM-NN,379,nn,85.0,0.19719293100206414,0.07062950899853604
WTM-NN,380,nn,85.0,0.24521085600281367,0.06986132400197675
WTM-NN,381,nn,85.07000000000001,0.19773988499946427,0.06996453400643077
WTM-NN,382,nn,85.17,0.19715438400453422,0.07069030300044687
WTM-NN,383,nn,84.94,0.21247342100105016,0.06753829900117125
WTM-NN,384,nn,85.06,0.2554444820052595,0.0702619509975193
WTM-NN,385,nn,84.97,0.2144398610034841,0.0705008170043584
WTM-NN,386,nn,85.07000000000001,0.2000938880009926,0.07047579700156348
WTM-NN,387,nn,85.05,0.21972576799453236,0.07058995300030801
WTM-NN,388,nn,85.03,0.2711682470035157,0.0696679190004943
WTM-NN,389,nn,85.02,0.21289116599655244,0.0699580810032785
WTM-NN,390,nn,84.92,0.2100106979996781,0.06867623499420006
WTM-NN,391,nn,84.91,0.20501409000280546,0.07060596699739108
WTM-NN,392,nn,85.07000000000001,0.2696852849985589,0.06842800600134069
WTM-NN,393,nn,85.08,0.21904466299747583,0.06913841800269438
WTM-NN,394,nn,85.11999999999999,0.21364375700068194,0.07121555499907117
WTM-NN,395,nn,85.1,0.20851946499897167,0.07084310299978824
WTM-NN,396,nn,85.11999999999999,0.22069356899737613,0.06977173199993558
WTM-NN,397,nn,84.97,0.2464503510054783,0.06870690100186039
WTM-NN,398,nn,85.07000000000001,0.21338956100225914,0.07065714400232537
WTM-NN,399,nn,85.11,0.2176353460017708,0.07037350800237618
WTM-NN,400,nn,85.13,0.21982071999809705,0.06885171600151807
WTM-NN,401,nn,85.1,0.26994182800262934,0.0701085940017947
WTM-NN,402,nn,85.09,0.2007559970006696,0.0689265390028595
WTM-NN,403,nn,85.07000000000001,0.22064966099424055,0.07018843000696506
WTM-NN,404,nn,85.21,0.21897330300271278,0.0698459169943817
WTM-NN,405,nn,85.02,0.25779606500145746,0.07058279000193579
WTM-NN,406,nn,85.13,0.1967339870025171,0.07089493699459126
WTM-NN,407,nn,85.16,0.19538568399730138,0.07005992400081595
WTM-NN,408,nn,85.09,0.19940136399964103,0.06931507300032536
WTM-NN,409,nn,85.05,0.24744054100301582,0.07010394200187875
WTM-NN,410,nn,85.08,0.19645375599793624,0.07073801399383228
WTM-NN,411,nn,85.17,0.22231282199936686,0.06999931400059722
WTM-NN,412,nn,85.1,0.21341611700336216,0.06917508100013947
WTM-NN,413,nn,85.17,0.2560951679988648,0.0689055399998324
WTM-NN,414,nn,85.13,0.2197421730015776,0.0678554920013994
WTM-NN,415,nn,85.11,0.20033229300315725,0.06953735400020378
WTM-NN,416,nn,85.07000000000001,0.19885331299883546,0.07024709800316487
WTM-NN,417,nn,85.19,0.1966861239998252,0.06762996900215512
WTM-NN,418,nn,85.03,0.2612687009968795,0.07191449899983127
WTM-NN,419,nn,85.07000000000001,0.20338150899624452,0.06869888299843296
WTM-NN,420,nn,85.06,0.19991635299811605,0.07083750199672068
WTM-NN,421,nn,85.09,0.21830072999728145,0.0683220729988534
WTM-NN,422,nn,85.06,0.2679506619970198,0.07132911000371678
WTM-NN,423,nn,85.08,0.19461356200190494,0.07071500700112665
WTM-NN,424,nn,85.05,0.21704268600296928,0.06778582999686478
WTM-NN,425,nn,85.24000000000001,0.22352127599879168,0.06966888900205959
WTM-NN,426,nn,85.13,0.2750689389940817,0.06793944699893473
WTM-NN,427,nn,85.00999999999999,0.2010971480049193,0.06819731699943077
WTM-NN,428,nn,85.22,0.21848583999963012,0.06913367199740605
WTM-NN,429,nn,85.05,0.21939954400295392,0.07153233899589395
WTM-NN,430,nn,85.1,0.2578381579951383,0.06978613600222161
WTM-NN,431,nn,85.09,0.19554401400091592,0.06776222299959045
WTM-NN,432,nn,85.06,0.1972470879991306,0.07014927300042473
WTM-NN,433,nn,85.1,0.20642199400026584,0.07169931499811355
WTM-NN,434,nn,85.05,0.2595906809947337,0.06910667999909492
WTM-NN,435,nn,84.95,0.21520803699968383,0.0700991729972884
WTM-NN,436,nn,85.02,0.21589177300484153,0.07264911200036295
WTM-NN,437,nn,85.08,0.19603076700150268,0.06942041600268567
WTM-NN,438,nn,84.98,0.20655513900419464,0.07055100099387346
WTM-NN,439,nn,85.11,0.2686979339996469,0.06934012100100517
WTM-NN,440,nn,85.07000000000001,0.20188589199824492,0.07170023799699266
WTM-NN,441,nn,85.16,0.1982073990002391,0.06774463000328979
WTM-NN,442,nn,84.95,0.1991723870014539,0.07125180100410944
WTM-NN,443,nn,84.89,0.26609966500109294,0.06971089300350286
WTM-NN,444,nn,85.06,0.19863152199832257,0.06746421099524014
WTM-NN,445,nn,85.05,0.19604326599801425,0.06979424800374545
WTM-NN,446,nn,85.14,0.20062928200059105,0.07152595900697634
WTM-NN,447,nn,85.05,0.26803750499675516,0.07027410599403083
WTM-NN,448,nn,84.98,0.19910547100153053,0.07152926099661272
WTM-NN,449,nn,85.13,0.2041400079979212,0.07059409400244476
WTM-NN,450,nn,85.11,0.21947079699748429,0.07129741300013848
WTM-NN,451,nn,85.05,0.25272969800425926,0.07071727800212102
WTM-NN,452,nn,85.15,0.20603123200271511,0.06845276099920738
WTM-NN,453,nn,85.07000000000001,0.21925719200226013,0.0689906850020634
WTM-NN,454,nn,85.11,0.19985959000041476,0.07110096300311852
WTM-NN,455,nn,85.27,0.25628970000252593,0.0688029969969648
WTM-NN,456,nn,85.08,0.22169573699648026,0.0696423359986511
WTM-NN,457,nn,85.11,0.2104494609957328,0.069125582005654
WTM-NN,458,nn,84.84,0.2207788339947001,0.06953918199724285
WTM-NN,459,nn,85.00999999999999,0.20737620599538786,0.07067371200537309
WTM-NN,460,nn,85.07000000000001,0.26858213800005615,0.06941685300262179
WTM-NN,461,nn,85.11,0.2157943569982308,0.06895588699990185
WTM-NN,462,nn,85.03,0.19639998999628006,0.06870733599498635
WTM-NN,463,nn,85.04,0.20549738399859052,0.0708889410016127
WTM-NN,464,nn,85.05,0.25317548099701526,0.07129075099510374
WTM-NN,465,nn,85.08,0.2194817189956666,0.07066765299532562
WTM-NN,466,nn,85.06,0.20199591299751773,0.07046483299927786
WTM-NN,467,nn,85.11999999999999,0.1947642029990675,0.07074056500277948
WTM-NN,468,nn,85.24000000000001,0.24908611600403674,0.07101805199636146
WTM-NN,469,nn,85.21,0.20087213400256587,0.06995835900306702
WTM-NN,470,nn,84.96000000000001,0.1956940640011453,0.07011359200259903
WTM-NN,471,nn,85.11,0.20028240399551578,0.06984706100047333
WTM-NN,472,nn,85.08,0.24677559299743734,0.0696950609999476
WTM-NN,473,nn,85.13,0.19644633700227132,0.0705491689950577
WTM-NN,474,nn,85.06,0.19514334199629957,0.06944151099742157
WTM-NN,475,nn,85.09,0.19777285100281006,0.06924369099579053
WTM-NN,476,nn,85.13,0.2526164850060013,0.0689732590035419
WTM-NN,477,nn,85.06,0.20000646799599053,0.06965825200313702
WTM-NN,478,nn,85.14,0.19640123799763387,0.0707042649955838
WTM-NN,479,nn,85.00999999999999,0.1977299860009225,0.07001398099964717
WTM-NN,480,nn,85.24000000000001,0.19610557600390166,0.06959804399957648
WTM-NN,481,nn,85.07000000000001,0.24854540500382427,0.06982987599621993
WTM-NN,482,nn,85.04,0.1985706090054009,0.07058345100085717
WTM-NN,483,nn,84.98,0.19622514300135663,0.06987474000197835
WTM-NN,484,nn,85.21,0.20796827300364384,0.06883861700043781
WTM-NN,485,nn,84.92,0.2745813400033512,0.06878151400451316
WTM-NN,486,nn,85.11999999999999,0.21820014099648688,0.06659471800230676
WTM-NN,487,nn,85.06,0.22033625800395384,0.07107564100442687
WTM-NN,488,nn,84.91,0.2219620460018632,0.06909562100190669
WTM-NN,489,nn,85.09,0.2690969129980658,0.06985032499505905
WTM-NN,490,nn,85.0,0.21860114900482586,0.07238139000401134
WTM-NN,491,nn,85.22,0.2215297230068245,0.06964310799958184
WTM-NN,492,nn,85.1,0.21633344700239832,0.0685985919990344
WTM-NN,493,nn,85.08,0.25839294100296684,0.07124875600129599
WTM-NN,494,nn,85.18,0.21835826199821895,0.06942752999748336
WTM-NN,495,nn,84.96000000000001,0.21945442000287585,0.06839705200400203
WTM-NN,496,nn,84.96000000000001,0.22184921200096142,0.0697034549957607
WTM-NN,497,nn,85.09,0.27248740500363056,0.07023568099975819
WTM-NN,498,nn,85.08,0.2196922099974472,0.07006789599836338
WTM-NN,499,nn,85.1,0.21921656400081702,0.07075332800013712
WTM-NN,500,nn,85.08,0.2218545659998199,0.07116463800048223
UTM-NN,1,tm,78.75,0.5044196620001458,0.064367280996521
UTM-NN,2,tm,79.44,0.47715583499666536,0.06327923399658175
UTM-NN,3,tm,80.05,0.47035352200327907,0.06401178699888987
UTM-NN,4,tm,80.17999999999999,0.45911346600041725,0.06483064199710498
UTM-NN,5,tm,80.5,0.4662611210005707,0.06408754299627617
UTM-NN,6,tm,80.44,0.458560007995402,0.0656006239951239
UTM-NN,7,tm,80.43,0.46282928599976003,0.06498790100158658
UTM-NN,8,tm,80.5,0.4430900599982124,0.06495354000071529
UTM-NN,9,tm,80.61,0.4637919789965963,0.06431068899837555
UTM-NN,10,tm,80.27,0.4667273410013877,0.06455707500572316
UTM-NN,11,tm,80.66,0.47003243399376515,0.0647338819981087
UTM-NN,12,tm,80.72,0.45367731300211744,0.0652527589991223
UTM-NN,13,tm,80.74,0.45576897200226085,0.06472792800195748
UTM-NN,14,tm,80.67,0.4615268370034755,0.06530974099587183
UTM-NN,15,tm,80.60000000000001,0.46248484199895756,0.06627250900055515
UTM-NN,16,tm,80.66,0.4622950669945567,0.068163492003805
UTM-NN,17,tm,80.43,0.460713852000481,0.06476014500367455
UTM-NN,18,tm,80.58,0.4660880149967852,0.06547599100304069
UTM-NN,19,tm,80.47999999999999,0.4586949939985061,0.06470021099812584
UTM-NN,20,tm,80.57,0.4525622259970987,0.0658103950045188
UTM-NN,21,tm,80.74,0.4633678009995492,0.06502550600271206
UTM-NN,22,tm,80.64,0.4541016479997779,0.06459073400037596
UTM-NN,23,tm,80.78999999999999,0.45184533699648455,0.06478698200226063
UTM-NN,24,tm,80.65,0.46255169499636395,0.06450800399761647
UTM-NN,25,tm,80.84,0.4562525959991035,0.06457152999792015
UTM-NN,26,tm,80.63,0.46257991599850357,0.06279360899497988
UTM-NN,27,tm,80.86,0.45936162999714725,0.06459663699934026
UTM-NN,28,tm,80.78999999999999,0.4611769820039626,0.06489962600608123
UTM-NN,29,tm,80.81,0.4590793209936237,0.06348707599681802
UTM-NN,30,tm,80.88,0.4456084439952974,0.06578283500130055
UTM-NN,31,tm,80.78999999999999,0.45992181100154994,0.06503115800296655
UTM-NN,32,tm,80.82000000000001,0.4682975039977464,0.06396712299465435
UTM-NN,33,tm,80.75,0.4599028360025841,0.0650427650034544
UTM-NN,34,tm,80.69,0.4600353380010347,0.06477687299775425
UTM-NN,35,tm,80.57,0.4640511290053837,0.0656324490046245
UTM-NN,36,tm,80.47999999999999,0.45701031199860154,0.06449516699649394
UTM-NN,37,tm,80.61,0.45917325500340667,0.06471876499563223
UTM-NN,38,tm,80.58999999999999,0.46326779700029874,0.0656732639981783
UTM-NN,39,tm,80.84,0.4611149840056896,0.06480260800162796
UTM-NN,40,tm,81.0,0.46780919700540835,0.06604851999873063
UTM-NN,41,tm,80.97,0.46614230800332734,0.06499912899744231
UTM-NN,42,tm,80.89,0.4623082570033148,0.06494902200211072
UTM-NN,43,tm,80.82000000000001,0.4647441870038165,0.06468720999691868
UTM-NN,44,tm,80.83,0.46474460900208214,0.06553555499704089
UTM-NN,45,tm,80.99,0.4516713789998903,0.06286078900302527
UTM-NN,46,tm,80.74,0.4611617999980808,0.06496385899663437
UTM-NN,47,tm,80.74,0.4394097199983662,0.06326101399463369
UTM-NN,48,tm,81.06,0.4567096449973178,0.06352709799830336
UTM-NN,49,tm,80.9,0.45318257300095866,0.06471370300278068
UTM-NN,50,tm,80.89,0.46003201500570867,0.06499902699579252
UTM-NN,51,tm,80.86,0.46323270200082334,0.06565204899379751
UTM-NN,52,tm,80.93,0.4612471869986621,0.06593551100377226
UTM-NN,53,tm,81.06,0.4698625150049338,0.06593232199520571
UTM-NN,54,tm,80.97,0.4590712209974299,0.06521278100262862
UTM-NN,55,tm,80.88,0.45407985099882353,0.06477104999794392
UTM-NN,56,tm,80.7,0.4645865339989541,0.06645270500303013
UTM-NN,57,tm,80.91000000000001,0.4639219850068912,0.06521758699818747
UTM-NN,58,tm,81.14,0.4618032860016683,0.06603026000084355
UTM-NN,59,tm,81.16,0.46587714300403604,0.06593880400032504
UTM-NN,60,tm,81.24,0.4578451820052578,0.06428155199682806
UTM-NN,61,tm,81.05,0.46414012799505144,0.06394666499545565
UTM-NN,62,tm,80.91000000000001,0.4640761869959533,0.06518779799807817
UTM-NN,63,tm,80.83,0.45655003400315763,0.06554715299716918
UTM-NN,64,tm,80.95,0.4611705140050617,0.06343298900173977
UTM-NN,65,tm,80.95,0.4494102250027936,0.06543184800102608
UTM-NN,66,tm,81.01,0.46138630699715577,0.0650958600017475
UTM-NN,67,tm,81.06,0.4640032789975521,0.06637331900128629
UTM-NN,68,tm,81.08,0.46228224899823545,0.06518362000497291
UTM-NN,69,tm,80.94,0.4619317079996108,0.06429520100209629
UTM-NN,70,tm,80.92,0.4555680760022369,0.06442815699847415
UTM-NN,71,tm,81.14,0.4607932709986926,0.06546843000251101
UTM-NN,72,tm,80.97,0.4556392090016743,0.06601881800452247
UTM-NN,73,tm,80.80000000000001,0.46154439299425576,0.06573396400199272
UTM-NN,74,tm,80.88,0.4607973230013158,0.06411095999646932
UTM-NN,75,tm,80.95,0.457940193999093,0.06431264399725478
UTM-NN,76,tm,80.94,0.46344338900235016,0.06465173399919877
UTM-NN,77,tm,80.96,0.4661447210019105,0.06322647900378797
UTM-NN,78,tm,80.84,0.4620673919998808,0.06464029899507295
UTM-NN,79,tm,80.71000000000001,0.455990557995392,0.06470205199730117
UTM-NN,80,tm,80.77,0.4629535330022918,0.06502285700116772
UTM-NN,81,tm,80.83,0.4579543790023308,0.0651954420027323
UTM-NN,82,tm,80.81,0.45777414600161137,0.06428408099600347
UTM-NN,83,tm,80.72,0.4595106310007395,0.06482737899932545
UTM-NN,84,tm,80.9,0.45631961400067667,0.06498912599636242
UTM-NN,85,tm,80.99,0.45762238199677086,0.06564401999639813
UTM-NN,86,tm,80.71000000000001,0.4665071889976389,0.06602932499663439
UTM-NN,87,tm,80.58,0.455669115006458,0.06399201299791457
UTM-NN,88,tm,80.69,0.46458979599992745,0.0639576469984604
UTM-NN,89,tm,80.75,0.46335480899870163,0.06144972799665993
UTM-NN,90,tm,80.95,0.46509462500398513,0.06434486099897185
UTM-NN,91,tm,81.05,0.46542446999956155,0.06532682100078091
UTM-NN,92,tm,80.83,0.461239538002701,0.06465398999716854
UTM-NN,93,tm,80.80000000000001,0.45820427800208563,0.06508145199768478
UTM-NN,94,tm,81.06,0.459803751000436,0.06466688399814302
UTM-NN,95,tm,80.72,0.46365664200129686,0.06637482800579164
UTM-NN,96,tm,80.89,0.4605475460048183,0.06445645100029651
UTM-NN,97,tm,80.82000000000001,0.47156460199767025,0.06650205700134393
UTM-NN,98,tm,80.74,0.4585156300017843,0.06551712800137466
UTM-NN,99,tm,81.01,0.4662018450035248,0.06655928200052585
UTM-NN,100,tm,80.94,0.4667095960030565,0.06409573400014779
UTM-NN,101,tm,81.0,0.4650739069984411,0.06632955399982166
UTM-NN,102,tm,80.87,0.46714497500215657,0.06681643900083145
UTM-NN,103,tm,80.97999999999999,0.4708716719978838,0.0649858899996616
UTM-NN,104,tm,80.91000000000001,0.4659517649997724,0.06615013299597194
UTM-NN,105,tm,80.83,0.46676488200319,0.06525248300022213
UTM-NN,106,tm,80.9,0.47123294100310886,0.0646413099966594
UTM-NN,107,tm,80.9,0.464398997995886,0.06632081800489686
UTM-NN,108,tm,80.76,0.4677142860018648,0.0652660220002872
UTM-NN,109,tm,80.82000000000001,0.4679686449962901,0.06459027800156036
UTM-NN,110,tm,80.86,0.470343872999365,0.06484776200522901
UTM-NN,111,tm,80.93,0.4650559000001522,0.06477672399341827
UTM-NN,112,tm,80.83,0.4709329789984622,0.06470321500091814
UTM-NN,113,tm,80.73,0.4625954620059929,0.06556318899674807
UTM-NN,114,tm,80.63,0.4665789799983031,0.06551639400277054
UTM-NN,115,tm,80.72,0.47327353700529784,0.06488755200552987
UTM-NN,116,tm,80.92,0.46841910599323455,0.06404870400001528
UTM-NN,117,tm,80.9,0.46678788799908943,0.06507017200055998
UTM-NN,118,tm,80.87,0.46747932500147726,0.06737477900605882
UTM-NN,119,tm,80.9,0.46953982399281813,0.06590981200133683
UTM-NN,120,tm,80.97999999999999,0.45759271400311263,0.06403542699990794
UTM-NN,121,tm,80.80000000000001,0.4667112530005397,0.06489261800015811
UTM-NN,122,tm,80.92,0.4671760870041908,0.06536870799754979
UTM-NN,123,tm,80.94,0.4802794159986661,0.06658125600370113
UTM-NN,124,tm,81.01,0.46989886500523426,0.06468085799861001
UTM-NN,125,tm,80.94,0.46283938999840757,0.06389098799991189
UTM-NN,126,tm,81.05,0.4557084460029728,0.06719872800022131
UTM-NN,127,tm,80.85,0.4822925469998154,0.06381613700068556
UTM-NN,128,tm,80.93,0.4281949779979186,0.06520995600294555
UTM-NN,129,tm,80.93,0.4705900500048301,0.06405355199967744
UTM-NN,130,tm,81.05,0.4684147749940166,0.06377885500114644
UTM-NN,131,tm,80.95,0.4672867349945591,0.06454680100432597
UTM-NN,132,tm,80.96,0.47308049100684,0.06530095700145466
UTM-NN,133,tm,80.94,0.45958311000140384,0.07185702700371621
UTM-NN,134,tm,80.97999999999999,0.47130414699495304,0.06670570999995107
UTM-NN,135,tm,80.96,0.4493487060026382,0.06407158199726837
UTM-NN,136,tm,81.01,0.455257747998985,0.06637855600274634
UTM-NN,137,tm,80.94,0.46056248899549246,0.06536804299685173
UTM-NN,138,tm,81.0,0.4752586579998024,0.06332705500244629
UTM-NN,139,tm,80.78999999999999,0.4620875900000101,0.06508559799840441
UTM-NN,140,tm,80.97999999999999,0.4713234899973031,0.06221097500383621
UTM-NN,141,tm,81.06,0.4670907059989986,0.06450670299818739
UTM-NN,142,tm,81.05,0.47120949199597817,0.06480137800099328
UTM-NN,143,tm,80.72,0.4659064059960656,0.06560954699671129
UTM-NN,144,tm,81.0,0.4576859329972649,0.06462763599847676
UTM-NN,145,tm,80.9,0.4683031660024426,0.06544324800051982
UTM-NN,146,tm,80.92,0.4518556350012659,0.06587963499623584
UTM-NN,147,tm,81.17999999999999,0.4722277969995048,0.06561404699459672
UTM-NN,148,tm,81.04,0.463966427007108,0.06494531199859921
UTM-NN,149,tm,81.0,0.4736407460004557,0.06625583099958021
UTM-NN,150,tm,80.96,0.46608676799951354,0.06617669600382214
UTM-NN,151,nn,81.67,0.27000789199519204,0.06701183100085473
UTM-NN,152,nn,81.92,0.19924272099888185,0.06509455299965339
UTM-NN,153,nn,82.14,0.19836729399685282,0.06725228199502453
UTM-NN,154,nn,82.01,0.1983226350057521,0.06662359400070272
UTM-NN,155,nn,82.21000000000001,0.24888875799661037,0.06710763100272743
UTM-NN,156,nn,82.19,0.19872652999765705,0.06611600900214398
UTM-NN,157,nn,82.22,0.20157221500267042,0.06654915399849415
UTM-NN,158,nn,82.19999999999999,0.19857640699774493,0.06546242799959145
UTM-NN,159,nn,82.32000000000001,0.20557125200139126,0.06651660300121875
UTM-NN,160,nn,82.39,0.26565087999915704,0.06684941999992589
UTM-NN,161,nn,82.44,0.21819355499610538,0.06789918200229295
UTM-NN,162,nn,82.53,0.20833590099937283,0.06769935200281907
UTM-NN,163,nn,82.54,0.2194988050032407,0.0671127030000207
UTM-NN,164,nn,82.6,0.2632886499995948,0.06630577000032645
UTM-NN,165,nn,82.58,0.22159453699714504,0.06517456900473917
UTM-NN,166,nn,82.67,0.2150291930011008,0.06727684399811551
UTM-NN,167,nn,82.61,0.21122177600045688,0.06388843699824065
UTM-NN,168,nn,82.6,0.2690310739999404,0.06363599700125633
UTM-NN,169,nn,82.61,0.2014296870038379,0.06713916399894515
UTM-NN,170,nn,82.65,0.2030807979972451,0.06362615100078983
UTM-NN,171,nn,82.64,0.21806085699790856,0.06433166599890683
UTM-NN,172,nn,82.62,0.26601136399403913,0.06675552499655169
UTM-NN,173,nn,82.62,0.212643325998215,0.06465004900383065
UTM-NN,174,nn,82.66,0.20260049600619823,0.06362445100239711
UTM-NN,175,nn,82.62,0.20504523799900198,0.06444790800014744
UTM-NN,176,nn,82.59,0.24858156599657377,0.06398251299833646
UTM-NN,177,nn,82.65,0.20034575600584503,0.0655034470037208
UTM-NN,178,nn,82.66,0.21904464800172718,0.06476116500562057
UTM-NN,179,nn,82.63000000000001,0.1959507339997799,0.06633762900310103
UTM-NN,180,nn,82.62,0.25964564199966844,0.06387077600084012
UTM-NN,181,nn,82.62,0.2138821150001604,0.06931510700087529
UTM-NN,182,nn,82.65,0.19761266600107774,0.06429111699981149
UTM-NN,183,nn,82.69,0.19989582700509345,0.06760508899606066
UTM-NN,184,nn,82.64,0.21898868400603533,0.06723162399430294
UTM-NN,185,nn,82.62,0.2719972070044605,0.06697493600222515
UTM-NN,186,nn,82.69,0.195866048001335,0.06654419300321024
UTM-NN,187,nn,82.66,0.21855606899771374,0.06780550899566151
UTM-NN,188,nn,82.63000000000001,0.21913622700230917,0.06856907399924239
UTM-NN,189,nn,82.69999999999999,0.2653531359974295,0.06518805499945302
UTM-NN,190,nn,82.66,0.2021440230018925,0.06517624000116484
UTM-NN,191,nn,82.75,0.19749017400317825,0.0667220030009048
UTM-NN,192,nn,82.63000000000001,0.21705449000000954,0.06413162399985595
UTM-NN,193,nn,82.67,0.2600136070032022,0.06618614299804904
UTM-NN,194,nn,82.66,0.20847256599518005,0.0674976720038103
UTM-NN,195,nn,82.76,0.2187739729997702,0.06633810199855361
UTM-NN,196,nn,82.71,0.20617307700013043,0.0662229860026855
UTM-NN,197,nn,82.62,0.2678448259975994,0.06716641200182494
UTM-NN,198,nn,82.6,0.22238048999861348,0.0648583080037497
UTM-NN,199,nn,82.72,0.21559839299879968,0.06661844600603217
UTM-NN,200,nn,82.77,0.21884769100142876,0.0661007970047649
UTM-NN,201,nn,82.67,0.2685677059998852,0.06733603699831292
UTM-NN,202,nn,82.69999999999999,0.21939995299908333,0.06531685000663856
UTM-NN,203,nn,82.67999999999999,0.1984446679998655,0.0652660619962262
UTM-NN,204,nn,82.71,0.20460121200449066,0.06740140900365077
UTM-NN,205,nn,82.67,0.21768053899722872,0.06722009299846832
UTM-NN,206,nn,82.65,0.25365388600039296,0.0664955930042197
UTM-NN,207,nn,82.65,0.21632444499846315,0.06522708799457178
UTM-NN,208,nn,82.69,0.20041114799823845,0.06741428499663016
UTM-NN,209,nn,82.61,0.19893757499812637,0.06714293199911481
UTM-NN,210,nn,82.69999999999999,0.2712162050011102,0.06690560499555431
UTM-NN,211,nn,82.67,0.2078542630042648,0.06568475299718557
UTM-NN,212,nn,82.69999999999999,0.21702262399776373,0.06588905199896544
UTM-NN,213,nn,82.65,0.21171389899973292,0.06716846500057727
UTM-NN,214,nn,82.67,0.26754216099652695,0.0631808190009906
UTM-NN,215,nn,82.78999999999999,0.21001265099766897,0.06684827899880474
UTM-NN,216,nn,82.66,0.2182664440042572,0.06523906499933219
UTM-NN,217,nn,82.69999999999999,0.21204654000030132,0.06693340399942826
UTM-NN,218,nn,82.67999999999999,0.25566440999682527,0.06707831699895905
UTM-NN,219,nn,82.73,0.21876880600029835,0.06667841899616178
UTM-NN,220,nn,82.69999999999999,0.20745814599649748,0.06550826800230425
UTM-NN,221,nn,82.69999999999999,0.2046831990010105,0.06759724799485411
UTM-NN,222,nn,82.69999999999999,0.24989417599863373,0.0662141800057725
UTM-NN,223,nn,82.69,0.20296705099462997,0.06649387699872022
UTM-NN,224,nn,82.72,0.20191957700444618,0.06379947399545927
UTM-NN,225,nn,82.69,0.19837263200315647,0.06530162400304107
UTM-NN,226,nn,82.69,0.19671005000418518,0.06609068199759349
UTM-NN,227,nn,82.55,0.2586965489972499,0.06695140399824595
UTM-NN,228,nn,82.71,0.19276810200244654,0.06599789800384315
UTM-NN,229,nn,82.69,0.20208430200000294,0.0644835020066239
UTM-NN,230,nn,82.69999999999999,0.20156320899695856,0.06344096899556462
UTM-NN,231,nn,82.57,0.265773335006088,0.0666057210037252
UTM-NN,232,nn,82.6,0.19640739200258395,0.06445521400019061
UTM-NN,233,nn,82.65,0.1988423930015415,0.0660406030001468
UTM-NN,234,nn,82.57,0.19717329400009476,0.06589902000268921
UTM-NN,235,nn,82.72,0.2591084800005774,0.06755787199654151
UTM-NN,236,nn,82.54,0.19733949399960693,0.06548084400128573
UTM-NN,237,nn,82.73,0.19395771299605258,0.06661461300245719
UTM-NN,238,nn,82.67,0.19727658700139727,0.06683318699651863
UTM-NN,239,nn,82.65,0.2584677039994858,0.06681636199937202
UTM-NN,240,nn,82.67999999999999,0.21481221800058847,0.0652751969973906
UTM-NN,241,nn,82.72,0.2135626660019625,0.06591567100258544
UTM-NN,242,nn,82.64,0.1990176059989608,0.06380887200066354
UTM-NN,243,nn,82.54,0.2673703890031902,0.06319059599627508
UTM-NN,244,nn,82.65,0.21771833799721207,0.06456520799838472
UTM-NN,245,nn,82.66,0.22023187200102257,0.06373165900004096
UTM-NN,246,nn,82.59,0.21591706199978944,0.06377611399511807
UTM-NN,247,nn,82.65,0.20224097999744117,0.06357926400232827
UTM-NN,248,nn,82.65,0.24841660400124965,0.06773307899857173
UTM-NN,249,nn,82.74000000000001,0.2043490629948792,0.06651450999925146
UTM-NN,250,nn,82.67999999999999,0.19440748399938457,0.0662556070019491
UTM-NN,251,nn,82.71,0.21832586499658646,0.06618240199895808
UTM-NN,252,nn,82.67,0.2513788910000585,0.0674302199986414
UTM-NN,253,nn,82.73,0.19900378600141266,0.06625616500241449
UTM-NN,254,nn,82.5,0.19902838399866596,0.0666692660015542
UTM-NN,255,nn,82.73,0.2146210940045421,0.06745765799860237
UTM-NN,256,nn,82.67,0.26054246300191153,0.06786446499609156
UTM-NN,257,nn,82.6,0.2137710410024738,0.06856182200135663
UTM-NN,258,nn,82.57,0.199417153999093,0.06655844100168906
UTM-NN,259,nn,82.71,0.19888914300099714,0.06697633000294445
UTM-NN,260,nn,82.56,0.2452713530001347,0.0672884290033835
UTM-NN,261,nn,82.54,0.1982602220014087,0.0673146059998544
UTM-NN,262,nn,82.76,0.19593266399897402,0.06609842800389742
UTM-NN,263,nn,82.73,0.19801936599833425,0.06673817500268342
UTM-NN,264,nn,82.59,0.2520128289979766,0.06610169600025984
UTM-NN,265,nn,82.63000000000001,0.21479746700060787,0.06641786399995908
UTM-NN,266,nn,82.69999999999999,0.1995018989982782,0.06641513799695531
UTM-NN,267,nn,82.67999999999999,0.19869161899987375,0.06769505100237438
UTM-NN,268,nn,82.64,0.20766307899612002,0.06697589999384945
UTM-NN,269,nn,82.72,0.2615735490035149,0.06804666900279699
UTM-NN,270,nn,82.76,0.19513883699983126,0.06544973199925153
UTM-NN,271,nn,82.69,0.20679285599908326,0.066598833000171
UTM-NN,272,nn,82.61,0.21057124900107738,0.06640232099744026
UTM-NN,273,nn,82.61,0.26683154799684417,0.06799401299940655
UTM-NN,274,nn,82.59,0.19449962799990317,0.06744323000020813
UTM-NN,275,nn,82.67999999999999,0.23148716800642433,0.07089572899712948
UTM-NN,276,nn,82.64,0.22370748400135199,0.06721098900015932
UTM-NN,277,nn,82.65,0.2662095850027981,0.06841988800442778
UTM-NN,278,nn,82.58,0.20836823499848833,0.06789653799933149
UTM-NN,279,nn,82.67,0.21904483399703167,0.0664202230036608
UTM-NN,280,nn,82.55,0.22156775199982803,0.06626420900283847
UTM-NN,281,nn,82.69999999999999,0.2664849430002505,0.06588270799693419
UTM-NN,282,nn,82.64,0.2091863210007432,0.06701660000544507
UTM-NN,283,nn,82.69999999999999,0.1967523120038095,0.06638890199974412
UTM-NN,284,nn,82.62,0.19684778000373626,0.06735101000231225
UTM-NN,285,nn,82.66,0.2582189640015713,0.06473459999688203
UTM-NN,286,nn,82.65,0.19905612299771747,0.06789584000216564
UTM-NN,287,nn,82.69999999999999,0.2134522359992843,0.06699825599935139
UTM-NN,288,nn,82.69,0.21805480000330135,0.06640080999932252
UTM-NN,289,nn,82.67,0.21842541899968637,0.06796460599434795
UTM-NN,290,nn,82.62,0.2704187279960024,0.06582935000187717
UTM-NN,291,nn,82.57,0.202701125999738,0.06516663099318976
UTM-NN,292,nn,82.69,0.20152825999684865,0.06608723899989855
UTM-NN,293,nn,82.65,0.2176961500008474,0.06522324999968987
UTM-NN,294,nn,82.67999999999999,0.2567157480007154,0.06336596699838992
UTM-NN,295,nn,82.66,0.2168357999980799,0.06705224300094415
UTM-NN,296,nn,82.74000000000001,0.20480613799736602,0.06533083900285419
UTM-NN,297,nn,82.69999999999999,0.2053288210008759,0.06678685099905124
UTM-NN,298,nn,82.69999999999999,0.25929791499947896,0.06630398400011472
UTM-NN,299,nn,82.61,0.21511284099688055,0.06700693300081184
UTM-NN,300,nn,82.77,0.21497532099601813,0.06797498800005997
UTM-NN,301,nn,82.78,0.19917484100005822,0.06399973999941722
UTM-NN,302,nn,82.72,0.2567753420007648,0.06501144299545558
UTM-NN,303,nn,82.66,0.20181801400030963,0.065186123996682
UTM-NN,304,nn,82.74000000000001,0.20061135000287322,0.06725648300198372
UTM-NN,305,nn,82.69999999999999,0.20326842299982673,0.06691727799625369
UTM-NN,306,nn,82.62,0.2685333640038152,0.06602348900196375
UTM-NN,307,nn,82.61,0.21797651700035203,0.0676510170014808
UTM-NN,308,nn,82.64,0.2214848220028216,0.06605593200220028
UTM-NN,309,nn,82.55,0.20005131200014148,0.06683364800119307
UTM-NN,310,nn,82.67999999999999,0.21800489800079959,0.0665580900022178
UTM-NN,311,nn,82.63000000000001,0.25433904099918436,0.06410320600116393
UTM-NN,312,nn,82.62,0.19512875599320978,0.06679051399987657
UTM-NN,313,nn,82.57,0.19534227999974973,0.06403273699834244
UTM-NN,314,nn,82.69,0.1958292609997443,0.06543522099673282
UTM-NN,315,nn,82.62,0.24812799100618577,0.06593723100377247
UTM-NN,316,nn,82.67,0.19976357300038217,0.06938550600170856
UTM-NN,317,nn,82.66,0.19999769599962747,0.06631970399757847
UTM-NN,318,nn,82.69999999999999,0.2064560810031253,0.06673141799547011
UTM-NN,319,nn,82.57,0.2656667449991801,0.06702597100229468
UTM-NN,320,nn,82.58,0.2194446279972908,0.06637240000418387
UTM-NN,321,nn,82.56,0.2170456469975761,0.06720591200428316
UTM-NN,322,nn,82.63000000000001,0.21219732099416433,0.06757133999781217
UTM-NN,323,nn,82.61,0.25487133700517006,0.06773574700491736
UTM-NN,324,nn,82.67999999999999,0.21365496500220615,0.06599889999779407
UTM-NN,325,nn,82.62,0.21625575399957597,0.06455708900466561
UTM-NN,326,nn,82.64,0.20715781200124184,0.06681574400136014
UTM-NN,327,nn,82.67999999999999,0.25894621800398454,0.067631756006449
UTM-NN,328,nn,82.62,0.22097841100185178,0.06686546800483484
UTM-NN,329,nn,82.67999999999999,0.2209793419970083,0.06667846799973631
UTM-NN,330,nn,82.66,0.2191923130012583,0.06702379600028507
UTM-NN,331,nn,82.57,0.21845562800444895,0.06774347099417355
UTM-NN,332,nn,82.61,0.2638795940001728,0.06784555299964268
UTM-NN,333,nn,82.56,0.2122735869997996,0.0678358310033218
UTM-NN,334,nn,82.69999999999999,0.20106020900129806,0.06665771499683615
UTM-NN,335,nn,82.63000000000001,0.19496423799864715,0.06800770900008501
UTM-NN,336,nn,82.71,0.24788061599974753,0.06668794999859529
UTM-NN,337,nn,82.69999999999999,0.19636165699921548,0.06570833500154549
UTM-NN,338,nn,82.72,0.1986818899968057,0.06667761599965161
UTM-NN,339,nn,82.63000000000001,0.19459047900454607,0.06544592599675525
UTM-NN,340,nn,82.56,0.25733816499996465,0.06654188699758379
UTM-NN,341,nn,82.73,0.2187654039953486,0.0672147639998002
UTM-NN,342,nn,82.58,0.217525027001102,0.06625898500351468
UTM-NN,343,nn,82.59,0.21172409800055902,0.06558091500482988
UTM-NN,344,nn,82.73,0.27309939399856376,0.06457179900462506
UTM-NN,345,nn,82.61,0.21761820100073237,0.0648364560038317
UTM-NN,346,nn,82.62,0.19897504500113428,0.06646321700100088
UTM-NN,347,nn,82.63000000000001,0.20034160200157203,0.0680106740037445
UTM-NN,348,nn,82.66,0.24508142699778546,0.06700656700559193
UTM-NN,349,nn,82.62,0.21731868499773555,0.06396002499968745
UTM-NN,350,nn,82.63000000000001,0.22066275300312554,0.06701187100406969
UTM-NN,351,nn,82.66,0.21935295000002952,0.0662031389947515
UTM-NN,352,nn,82.59,0.21600156700151274,0.06619840599887539
UTM-NN,353,nn,82.65,0.270454231002077,0.06575774600059958
UTM-NN,354,nn,82.71,0.19573444800334983,0.06665211400104454
UTM-NN,355,nn,82.74000000000001,0.22265665799932322,0.06409368299500784
UTM-NN,356,nn,82.64,0.21724347899726126,0.0669718200006173
UTM-NN,357,nn,82.63000000000001,0.27098457400279585,0.06612896399747115
UTM-NN,358,nn,82.62,0.19558627699734643,0.06639551600528648
UTM-NN,359,nn,82.61,0.1974430409973138,0.06629533999512205
UTM-NN,360,nn,82.72,0.19576494600187289,0.06778287699853536
UTM-NN,361,nn,82.62,0.261784454996814,0.0657151449995581
UTM-NN,362,nn,82.72,0.1957691489951685,0.06327746200258844
UTM-NN,363,nn,82.67999999999999,0.20072526299918536,0.06532956199953333
UTM-NN,364,nn,82.65,0.20030031399801373,0.06714358700264711
UTM-NN,365,nn,82.71,0.24512226599472342,0.06678335699689342
UTM-NN,366,nn,82.73,0.19524316900060512,0.06725090600230033
UTM-NN,367,nn,82.71,0.19577665800170507,0.06658246100414544
UTM-NN,368,nn,82.62,0.20595102199877147,0.06681583099998534
UTM-NN,369,nn,82.76,0.25415986699954374,0.06709599500027252
UTM-NN,370,nn,82.69999999999999,0.21945957300340524,0.06667922199994791
UTM-NN,371,nn,82.58,0.20682473100168863,0.06590429100469919
UTM-NN,372,nn,82.72,0.21735956399788847,0.06395872300345218
UTM-NN,373,nn,82.62,0.19998065599793335,0.06551137100177584
UTM-NN,374,nn,82.69999999999999,0.24633991400332889,0.06674230799399083
UTM-NN,375,nn,82.62,0.20358942500024568,0.0678390169996419
UTM-NN,376,nn,82.64,0.19889378299558302,0.06428735500230687
UTM-NN,377,nn,82.63000000000001,0.19943619100376964,0.06659105099970475
UTM-NN,378,nn,82.67,0.2551970019994769,0.06578076200094074
UTM-NN,379,nn,82.66,0.1978584519965807,0.0660255809998489
UTM-NN,380,nn,82.67999999999999,0.19821316700108582,0.06665331999829505
UTM-NN,381,nn,82.61,0.2185014950009645,0.06416393000108656
UTM-NN,382,nn,82.63000000000001,0.2651291319998563,0.0628776400044444
UTM-NN,383,nn,82.64,0.2049707420010236,0.06750668300082907
UTM-NN,384,nn,82.65,0.19359807600267231,0.06323738900391618
UTM-NN,385,nn,82.57,0.19656289399426896,0.06691574699652847
UTM-NN,386,nn,82.69,0.2567119450031896,0.06651393799984362
UTM-NN,387,nn,82.65,0.19964761399751296,0.06643050199636491
UTM-NN,388,nn,82.62,0.19638566100184107,0.06535020800220082
UTM-NN,389,nn,82.58,0.1996367910032859,0.0662706450020778
UTM-NN,390,nn,82.69,0.2513588600049843,0.0670077710019541
UTM-NN,391,nn,82.63000000000001,0.20236956699955044,0.06669593400147278
UTM-NN,392,nn,82.67999999999999,0.19543270700523863,0.06571973199606873
UTM-NN,393,nn,82.65,0.20085296699835453,0.06707538200134877
UTM-NN,394,nn,82.62,0.19409653600450838,0.06658881299517816
UTM-NN,395,nn,82.63000000000001,0.26743435200478416,0.06676722100382904
UTM-NN,396,nn,82.69,0.20220779800001765,0.06505153200123459
UTM-NN,397,nn,82.6,0.19524773100420134,0.0669969310038141
UTM-NN,398,nn,82.65,0.19805694300157484,0.065820222000184
UTM-NN,399,nn,82.61,0.2637934009981109,0.06676080299803289
UTM-NN,400,nn,82.69999999999999,0.2000232530044741,0.06715556899871444
UTM-NN,401,nn,82.67,0.1966333800010034,0.06595425200066529
UTM-NN,402,nn,82.73,0.19477592399925925,0.06587788199976785
UTM-NN,403,nn,82.6,0.24682663600106025,0.06773285599774681
UTM-NN,404,nn,82.69999999999999,0.19803219199820887,0.06546380699728616
UTM-NN,405,nn,82.66,0.20413065199682023,0.06387608600198291
UTM-NN,406,nn,82.64,0.1960354559996631,0.06665866800176445
UTM-NN,407,nn,82.6,0.24738734599668533,0.06319090200122446
UTM-NN,408,nn,82.61,0.19559818299603648,0.06726335699931951
UTM-NN,409,nn,82.71,0.19633472699933918,0.06650982300197938
UTM-NN,410,nn,82.63000000000001,0.19625369700224837,0.06568821299879346
UTM-NN,411,nn,82.6,0.25201206900237594,0.06649940500210505
UTM-NN,412,nn,82.67999999999999,0.21779265900113387,0.0689379480027128
UTM-NN,413,nn,82.62,0.21984757099562557,0.06586036400403827
UTM-NN,414,nn,82.63000000000001,0.22206997199828038,0.0668211890006205
UTM-NN,415,nn,82.63000000000001,0.220487126003718,0.06700744599947939
UTM-NN,416,nn,82.67999999999999,0.27102172000013525,0.06717425199894933
UTM-NN,417,nn,82.65,0.214801695998176,0.06685577300231671
UTM-NN,418,nn,82.58,0.20150104500498855,0.06590281800163211
UTM-NN,419,nn,82.57,0.2136395019988413,0.06750752099469537
UTM-NN,420,nn,82.73,0.2725718330038944,0.06662727599905338
UTM-NN,421,nn,82.67999999999999,0.20254328299779445,0.06353718099853722
UTM-NN,422,nn,82.69,0.20361149199743522,0.06706392399792094
UTM-NN,423,nn,82.69,0.19831671100109816,0.06652326999756042
UTM-NN,424,nn,82.64,0.26816803699330194,0.06850364999991143
UTM-NN,425,nn,82.66,0.21903487400413724,0.06690256699948804
UTM-NN,426,nn,82.66,0.2199254950028262,0.06780886399792507
UTM-NN,427,nn,82.65,0.206341955003154,0.06421362300170586
UTM-NN,428,nn,82.67,0.2554473509953823,0.06584940299944719
UTM-NN,429,nn,82.64,0.19495901199843502,0.06707060500048101
UTM-NN,430,nn,82.73,0.1950305060017854,0.06493615599902114
UTM-NN,431,nn,82.58,0.1955269199970644,0.06477922900376143
UTM-NN,432,nn,82.66,0.24726752899732674,0.06381014199723722
UTM-NN,433,nn,82.55,0.19521094799711136,0.06465251099871239
UTM-NN,434,nn,82.69,0.20089641800586833,0.06769089299632469
UTM-NN,435,nn,82.65,0.19900774500274565,0.06736990100034745
UTM-NN,436,nn,82.66,0.1944642510061385,0.06766468600108055
UTM-NN,437,nn,82.74000000000001,0.2448257409996586,0.06522625200159382
UTM-NN,438,nn,82.6,0.19688455399591476,0.06554374999541324
UTM-NN,439,nn,82.71,0.1966958609991707,0.06745426999987103
UTM-NN,440,nn,82.71,0.19879324900102802,0.06805345400061924
UTM-NN,441,nn,82.6,0.24760351199802244,0.06467091300146421
UTM-NN,442,nn,82.59,0.19687323900143383,0.06843499100068584
UTM-NN,443,nn,82.6,0.19497511900408426,0.0679374059982365
UTM-NN,444,nn,82.49,0.19811836900044,0.0645691980025731
UTM-NN,445,nn,82.74000000000001,0.2454558809986338,0.06736309299594723
UTM-NN,446,nn,82.67999999999999,0.19974590899801115,0.06762365399481496
UTM-NN,447,nn,82.63000000000001,0.19489923200308112,0.06694579600298312
UTM-NN,448,nn,82.64,0.1963898519970826,0.06705489299929468
UTM-NN,449,nn,82.69999999999999,0.2517842279994511,0.06683987900032662
UTM-NN,450,nn,82.64,0.19725081999786198,0.06646563800313743
UTM-NN,451,nn,82.64,0.19578543499665102,0.06644275299913716
UTM-NN,452,nn,82.61,0.1946588389982935,0.06704124600219075
UTM-NN,453,nn,82.67,0.2484508999987156,0.06715636800072389
UTM-NN,454,nn,82.69,0.19670095299807144,0.06716067800152814
UTM-NN,455,nn,82.64,0.19477437699970324,0.06673793100344483
UTM-NN,456,nn,82.65,0.19544905699876836,0.0670071279964759
UTM-NN,457,nn,82.64,0.20015971899556462,0.0668956529989373
UTM-NN,458,nn,82.67,0.24677131199860014,0.0664651879997109
UTM-NN,459,nn,82.66,0.19494516499980818,0.06760279800073477
UTM-NN,460,nn,82.65,0.19534068599750753,0.06329555000411347
UTM-NN,461,nn,82.64,0.21315845500066644,0.06676975099981064
UTM-NN,462,nn,82.72,0.27083842599677155,0.06603696499951184
UTM-NN,463,nn,82.69999999999999,0.2261082909972174,0.06813598199369153
UTM-NN,464,nn,82.69,0.2100995399960084,0.06538307300070301
UTM-NN,465,nn,82.64,0.2084933039950556,0.06632410299789626
UTM-NN,466,nn,82.67,0.2659299639999517,0.06631385499349562
UTM-NN,467,nn,82.71,0.22021901900006924,0.06661859800078673
UTM-NN,468,nn,82.62,0.2187037089970545,0.06630922199838096
UTM-NN,469,nn,82.65,0.2180239720037207,0.06714607700268971
UTM-NN,470,nn,82.75,0.26890822099812794,0.06380275700212223
UTM-NN,471,nn,82.69999999999999,0.20146659199963324,0.0669034640013706
UTM-NN,472,nn,82.67,0.1953378789985436,0.06770883300487185
UTM-NN,473,nn,82.65,0.19532838300074218,0.06740355299552903
UTM-NN,474,nn,82.62,0.24541472200507997,0.06628538299992215
UTM-NN,475,nn,82.66,0.19629312100005336,0.06628084999829298
UTM-NN,476,nn,82.72,0.1958327480024309,0.06656776299496414
UTM-NN,477,nn,82.67999999999999,0.197600245999638,0.06636480299493996
UTM-NN,478,nn,82.62,0.2005361690025893,0.065540333998797
UTM-NN,479,nn,82.62,0.24707810399559094,0.06700028300110716
UTM-NN,480,nn,82.73,0.19687207099923398,0.06745107400638517
UTM-NN,481,nn,82.69999999999999,0.19646690599620342,0.06580729500274174
UTM-NN,482,nn,82.74000000000001,0.2173603089977405,0.06405162100418238
UTM-NN,483,nn,82.69999999999999,0.2662373450002633,0.0666006980027305
UTM-NN,484,nn,82.55,0.20341354799893452,0.06724945300084073
UTM-NN,485,nn,82.64,0.21729964800033486,0.06836333899991587
UTM-NN,486,nn,82.6,0.21788514599757036,0.06644034400233068
UTM-NN,487,nn,82.67,0.2660219160025008,0.06703643099899637
UTM-NN,488,nn,82.66,0.20614458299678518,0.06808279200049583
UTM-NN,489,nn,82.61,0.1959750809983234,0.06570081099926028
UTM-NN,490,nn,82.63000000000001,0.19749454900011187,0.06243718099722173
UTM-NN,491,nn,82.66,0.25459114700061036,0.06556426700262818
UTM-NN,492,nn,82.64,0.2102607060005539,0.06634974700136809
UTM-NN,493,nn,82.6,0.20396008499665186,0.06724334599857684
UTM-NN,494,nn,82.65,0.1920922889985377,0.06400501300231554
UTM-NN,495,nn,82.62,0.2549535319994902,0.06632335799804423
UTM-NN,496,nn,82.61,0.197046806999424,0.06640774700645125
UTM-NN,497,nn,82.55,0.19732520000252407,0.06647027999861166
UTM-NN,498,nn,82.71,0.1956760960019892,0.06709393499477301
UTM-NN,499,nn,82.69999999999999,0.19582419200014556,0.06610843400267186
UTM-NN,500,nn,82.55,0.2516390169985243,0.06675259499752428
