method,epoch,model_type,test_accuracy,train_time,test_time
UTM,1,tm,64.32,0.5894981560013548,0.06618906800031255
UTM,2,tm,66.17,0.5376119880002079,0.06696380200082785
UTM,3,tm,66.79,0.528961932999664,0.06787237400021695
UTM,4,tm,66.53999999999999,0.5100362779994612,0.06765963200086844
UTM,5,tm,66.36,0.5197054949985613,0.06775261199982197
UTM,6,tm,66.75,0.5282104529997014,0.06817497300107789
UTM,7,tm,67.64,0.5163935800010222,0.0678455599991139
UTM,8,tm,67.36999999999999,0.5112669229984022,0.06859638199966867
UTM,9,tm,67.54,0.5012635910006793,0.06800768399989465
UTM,10,tm,67.57,0.516850867001267,0.06809732100009569
UTM,11,tm,67.58,0.5232135170008405,0.06883975100026873
UTM,12,tm,67.51,0.512719829001071,0.06822370400004729
UTM,13,tm,66.82000000000001,0.5115892700014228,0.06966889999966952
UTM,14,tm,67.28,0.5166311520006275,0.06857294499968702
UTM,15,tm,67.15,0.5013667370003532,0.06841597499987984
UTM,16,tm,66.92,0.5053117769984965,0.06919308599935903
UTM,17,tm,66.99000000000001,0.5185940859992115,0.06861308299994562
UTM,18,tm,67.07,0.49855892800042056,0.06850483500056725
UTM,19,tm,67.24,0.5101378500003193,0.06910432799850241
UTM,20,tm,67.30000000000001,0.5101675199985038,0.06839897800091421
UTM,21,tm,67.69,0.5091011929998785,0.06839939699966635
UTM,22,tm,67.67999999999999,0.5078565210005763,0.06840549099979398
UTM,23,tm,68.22,0.5063554699991073,0.06857032799962326
UTM,24,tm,67.91,0.511648065999907,0.06791836899901682
UTM,25,tm,67.85,0.5155712209998455,0.0689065530004882
UTM,26,tm,67.96,0.4991079310002533,0.066778754000552
UTM,27,tm,67.84,0.5053093110000191,0.06609667100019578
UTM,28,tm,68.04,0.5043928649993177,0.06734672800121189
UTM,29,tm,67.71000000000001,0.4952262669994525,0.06593579900072655
UTM,30,tm,67.86999999999999,0.5084495070004778,0.06877611600066302
UTM,31,tm,68.26,0.5133213919998525,0.06841670999892813
UTM,32,tm,67.72,0.5023021310007607,0.06782469899917487
UTM,33,tm,67.44,0.5079795779984124,0.06826757800081396
UTM,34,tm,67.72,0.5055228159999388,0.06690327400065144
UTM,35,tm,67.49000000000001,0.5025400350004929,0.06806775999939418
UTM,36,tm,67.84,0.509304772998803,0.06935669800077449
UTM,37,tm,67.73,0.5127456050013279,0.0675769350000337
UTM,38,tm,67.81,0.5002358080000704,0.06741374400007771
UTM,39,tm,67.95,0.5113014309990831,0.06915641500017955
UTM,40,tm,68.04,0.5142870780000521,0.06889392899938684
UTM,41,tm,68.2,0.5052992399996583,0.06872585100063588
UTM,42,tm,68.04,0.4976723679992574,0.06770198999947752
UTM,43,tm,67.95,0.5055321830004686,0.06939464900096937
UTM,44,tm,68.2,0.5103245739992417,0.069301011000789
UTM,45,tm,68.06,0.5020679820008809,0.06837957700008701
UTM,46,tm,67.67,0.5065711480001482,0.07139871599974867
UTM,47,tm,68.21000000000001,0.5016450170005555,0.0685277850006969
UTM,48,tm,67.41,0.4898178089988505,0.06823048200021731
UTM,49,tm,67.54,0.5147732519999408,0.0686892359990452
UTM,50,tm,67.5,0.49723670899948047,0.06905530500080204
UTM,51,tm,67.96,0.49540404100116575,0.0682402180009376
UTM,52,tm,67.86,0.5079220489988074,0.06838653800150496
UTM,53,tm,67.64,0.5049856429995998,0.06858106300023792
UTM,54,tm,67.73,0.5042573270002322,0.06667021899920655
UTM,55,tm,67.96,0.49821475299904705,0.0697650669990253
UTM,56,tm,68.10000000000001,0.5073093139999401,0.06842765900000813
UTM,57,tm,67.80000000000001,0.49932351899951755,0.06982294599947636
UTM,58,tm,68.12,0.49873568399925716,0.0696765279990359
UTM,59,tm,67.84,0.5060134590003145,0.06864683400090144
UTM,60,tm,68.26,0.5070163600012165,0.06856328899993969
UTM,61,tm,68.27,0.49666416900072363,0.06798613600039971
UTM,62,tm,68.25,0.5055739390008966,0.06799439000133134
UTM,63,tm,67.75,0.5092654700001731,0.0676001970005018
UTM,64,tm,68.08,0.49393238599986944,0.06812997599990922
UTM,65,tm,67.75,0.5033311580009467,0.0684426000007079
UTM,66,tm,67.60000000000001,0.49974865799958934,0.06798590300059004
UTM,67,tm,67.85,0.4953955119999591,0.07011698200039973
UTM,68,tm,67.84,0.4982280539989006,0.06866695600001549
UTM,69,tm,67.74,0.4932244150004408,0.06878272600079072
UTM,70,tm,67.88,0.5025866520009004,0.06758100099978037
UTM,71,tm,67.71000000000001,0.5032647789994371,0.0689876420001383
UTM,72,tm,68.02,0.511763176000386,0.07435137999891595
UTM,73,tm,68.26,0.5012364169997454,0.06874968899865053
UTM,74,tm,68.22,0.5025698780009407,0.06939308800065191
UTM,75,tm,67.74,0.49970883099922503,0.06910999700085085
UTM,76,tm,67.9,0.49167209299957904,0.06933033200039063
UTM,77,tm,68.21000000000001,0.5059090599988849,0.06723495599908347
UTM,78,tm,68.11,0.49253352000050654,0.06727999800023099
UTM,79,tm,67.51,0.5035639430006995,0.06735160199968959
UTM,80,tm,68.37,0.5025653659995442,0.07297585899868864
UTM,81,tm,68.22,0.49157680600001186,0.06746800300061295
UTM,82,tm,68.13,0.49993432100018254,0.06830630200056476
UTM,83,tm,67.71000000000001,0.5021190220013523,0.06831164899995201
UTM,84,tm,68.16,0.5019219580008212,0.06740386899946316
UTM,85,tm,67.9,0.50716433100024,0.06916775799982133
UTM,86,tm,67.54,0.5158404839985451,0.06926540399945225
UTM,87,tm,67.83,0.5038460849991679,0.06832404200031306
UTM,88,tm,67.69,0.4983188019996305,0.06744621500001813
UTM,89,tm,67.97,0.5018214920000901,0.06802899700051057
UTM,90,tm,67.64,0.5062135689986462,0.07001178300015454
UTM,91,tm,67.55,0.503775343999223,0.06863748599971586
UTM,92,tm,67.89,0.49715663400093035,0.06885181200050283
UTM,93,tm,67.77,0.4949896339985571,0.07248820600034378
UTM,94,tm,67.91,0.49911607800095226,0.06734492599935038
UTM,95,tm,68.04,0.5042429920013092,0.06743888600067294
UTM,96,tm,68.14,0.5075506590001169,0.07057151300068654
UTM,97,tm,67.61,0.5057429650005361,0.06910209499983466
UTM,98,tm,67.96,0.5065336080006091,0.06842488000074809
UTM,99,tm,67.95,0.5045953219996591,0.06828769599997031
UTM,100,tm,67.97999999999999,0.5031355160008388,0.06864159399992786
UTM,101,tm,67.97999999999999,0.5109752610005671,0.06836510599896428
UTM,102,tm,67.75999999999999,0.5109514329997182,0.06834232300025178
UTM,103,tm,67.39,0.5037363849987742,0.0684411860002001
UTM,104,tm,67.72,0.5047613299993827,0.06892230899939022
UTM,105,tm,67.97,0.5077329230007308,0.07130479899933562
UTM,106,tm,67.92,0.5102713310006948,0.06896151500041015
UTM,107,tm,67.78999999999999,0.5001050880000548,0.06820594199962215
UTM,108,tm,67.94,0.494453371000418,0.06920912900022813
UTM,109,tm,67.57,0.4976876890013955,0.06890215600105876
UTM,110,tm,67.77,0.5060273290000623,0.0691316470001766
UTM,111,tm,67.78,0.5135937979994196,0.06902737400014303
UTM,112,tm,67.75999999999999,0.5076338949984347,0.06728370600103517
UTM,113,tm,67.39,0.503566329000023,0.0682939489997807
UTM,114,tm,67.9,0.507422669999869,0.06902105300105177
UTM,115,tm,67.58999999999999,0.513043982000454,0.06896633100041072
UTM,116,tm,67.36999999999999,0.5047025780004333,0.07254237999950419
UTM,117,tm,67.47999999999999,0.5094395539999823,0.0684161219996895
UTM,118,tm,67.30000000000001,0.4981636249995063,0.069076875999599
UTM,119,tm,67.14,0.4979392840014043,0.06971859600162134
UTM,120,tm,67.32000000000001,0.5050632059992495,0.06848843900115753
UTM,121,tm,67.51,0.5092930419996264,0.06832762299927708
UTM,122,tm,68.07,0.5022496560013678,0.06940493100046297
UTM,123,tm,68.46,0.5079200189993571,0.06726766999963729
UTM,124,tm,68.65,0.502151231001335,0.07016174099953787
UTM,125,tm,68.60000000000001,0.5132265250013006,0.07008074499935901
UTM,126,tm,68.34,0.5083024929990643,0.06931165000059991
UTM,127,tm,68.08999999999999,0.5016963720008789,0.06903183699978399
UTM,128,tm,67.84,0.5050093619993277,0.06745233699984965
UTM,129,tm,67.86,0.5201309779986332,0.06820546400012972
UTM,130,tm,67.78999999999999,0.4937732070011407,0.07016430500152637
UTM,131,tm,67.51,0.5052332190007292,0.06868147599925578
UTM,132,tm,68.03,0.4985141670003941,0.06874398299987661
UTM,133,tm,68.22,0.5003838119991997,0.06870546500067576
UTM,134,tm,68.16,0.49022863099889946,0.0685086470002716
UTM,135,tm,67.64,0.5033115260011982,0.0690022399994632
UTM,136,tm,67.47,0.5073595800004114,0.06989539899950614
UTM,137,tm,67.93,0.4934030240001448,0.06877979500131914
UTM,138,tm,67.41,0.5127699679997022,0.0686579109988088
UTM,139,tm,67.81,0.5029789759992127,0.06879039200066472
UTM,140,tm,68.17,0.5002671839993127,0.07228215599934629
UTM,141,tm,68.17,0.4837087010000687,0.0663451710006484
UTM,142,tm,67.97,0.4979788760010706,0.06802385399896593
UTM,143,tm,68.34,0.4955530669994914,0.06850520700027118
UTM,144,tm,68.11,0.5079351929998666,0.06906411700038007
UTM,145,tm,68.14,0.4977131899995584,0.06557119599892758
UTM,146,tm,67.97999999999999,0.4919786259997636,0.0705101219991775
UTM,147,tm,68.4,0.4918814559987368,0.06577828599984059
UTM,148,tm,67.85,0.4966391810012283,0.0683857669991994
UTM,149,tm,67.42,0.48906509300104517,0.06821503100036352
UTM,150,tm,67.11,0.5082013089995598,0.0670645299996977
UTM,151,tm,67.93,0.49901135400068597,0.06667927200032864
UTM,152,tm,67.94,0.4902021939997212,0.06763047799904598
UTM,153,tm,67.78,0.49858856500031834,0.06823751000047196
UTM,154,tm,67.77,0.496337702999881,0.06845982000049844
UTM,155,tm,67.54,0.4941031730013492,0.07004686199979915
UTM,156,tm,67.81,0.5015601069990225,0.06867531900024915
UTM,157,tm,67.99,0.5061474439989979,0.06766169799993804
UTM,158,tm,68.13,0.4998169610007608,0.06978796800103737
UTM,159,tm,67.94,0.502903974000219,0.06650683599946206
UTM,160,tm,67.74,0.4967417719999503,0.07153800800006138
UTM,161,tm,67.47999999999999,0.4924987409995083,0.06678262999957951
UTM,162,tm,67.65,0.493605605999619,0.06776435400024639
UTM,163,tm,67.39,0.4939646069997252,0.0688257789988711
UTM,164,tm,67.58999999999999,0.5159853929999372,0.06695736699839472
UTM,165,tm,67.61,0.49066404000041075,0.0688850039987301
UTM,166,tm,67.65,0.5152031889992941,0.06649175399979868
UTM,167,tm,67.67999999999999,0.49364281599991955,0.06809148299907974
UTM,168,tm,67.57,0.4968040599997039,0.06854289799957769
UTM,169,tm,67.32000000000001,0.5121708139995462,0.07051104600031977
UTM,170,tm,67.5,0.514679043999422,0.0687265420001495
UTM,171,tm,67.30000000000001,0.5093134319995443,0.0683383399991726
UTM,172,tm,67.41,0.49962232500001846,0.06817198900171206
UTM,173,tm,67.32000000000001,0.506733037000231,0.0679967010000837
UTM,174,tm,67.5,0.5060991250011284,0.06907379800031777
UTM,175,tm,67.54,0.5078358680002566,0.0678793079987372
UTM,176,tm,67.4,0.5076038660008635,0.06934392200128059
UTM,177,tm,67.97,0.4924615089985309,0.06592697700034478
UTM,178,tm,67.95,0.504995532999601,0.06855646599979082
UTM,179,tm,67.75,0.5017453660002502,0.0668881040000997
UTM,180,tm,67.58999999999999,0.4967041820000304,0.06707456000003731
UTM,181,tm,67.4,0.5009020750003401,0.06686542900024506
UTM,182,tm,67.64,0.49790536600085034,0.0682134960006806
UTM,183,tm,67.4,0.5024206639991462,0.06864884800052096
UTM,184,tm,67.14,0.5026914480004052,0.06722666699897673
UTM,185,tm,67.63,0.4980369969998719,0.06827116199929151
UTM,186,tm,67.67999999999999,0.49787300400021195,0.07002040800034592
UTM,187,tm,67.88,0.49329627500083006,0.06783111799995822
UTM,188,tm,67.72,0.5026934550005535,0.06702549900001031
UTM,189,tm,67.67999999999999,0.49364603200046986,0.06652154900075402
UTM,190,tm,67.83,0.4968496809997305,0.0694381080011226
UTM,191,tm,67.45,0.495452777000537,0.0658593820007809
UTM,192,tm,67.21000000000001,0.5048863169995457,0.06945328400070139
UTM,193,tm,67.78999999999999,0.5062533260006603,0.06879016600032628
UTM,194,tm,67.36,0.503671102998851,0.06710618600118323
UTM,195,tm,67.83,0.4877957400003652,0.06677591800144
UTM,196,tm,67.31,0.502621588000693,0.0692694900008064
UTM,197,tm,68.16,0.5051606979995995,0.06839199800015194
UTM,198,tm,68.10000000000001,0.4979013939992001,0.06950966399926983
UTM,199,tm,68.01,0.4931823160004569,0.06924208399868803
UTM,200,tm,68.0,0.5091835610000999,0.06851507399915135
UTM,201,tm,67.99,0.5087562399985472,0.06879070099967066
UTM,202,tm,68.07,0.4987203579985362,0.06787125800110516
UTM,203,tm,67.85,0.5021185090008657,0.06864120700083731
UTM,204,tm,67.73,0.5032662459998392,0.07001827800013416
UTM,205,tm,68.26,0.5056011120013864,0.06810569800109079
UTM,206,tm,67.94,0.51268907299891,0.06835493299877271
UTM,207,tm,67.94,0.50119202300084,0.0670882319991506
UTM,208,tm,68.05,0.489485871999932,0.06686248699952557
UTM,209,tm,68.15,0.49290566300078353,0.06857706600021629
UTM,210,tm,68.13,0.510868159999518,0.0684194050008955
UTM,211,tm,68.06,0.49802498899953207,0.06760990300062986
UTM,212,tm,67.97,0.4984627100002399,0.0684398350003903
UTM,213,tm,67.82000000000001,0.5155656339993584,0.06641086700074084
UTM,214,tm,68.4,0.5094836500011297,0.06728646400006255
UTM,215,tm,68.21000000000001,0.49136614199960604,0.0686294610004552
UTM,216,tm,68.08,0.505619461000606,0.06787260400051309
UTM,217,tm,68.0,0.505210047998844,0.06846966800003429
UTM,218,tm,68.03,0.5042088760001207,0.06766128900017065
UTM,219,tm,67.74,0.49159213100028865,0.06799084299927927
UTM,220,tm,68.11,0.49987940000028175,0.06773581800007378
UTM,221,tm,68.02,0.4970729289998417,0.06910299000082887
UTM,222,tm,68.01,0.5018097150004905,0.0683602389999578
UTM,223,tm,67.69,0.5052674509988719,0.06748314099968411
UTM,224,tm,67.89,0.5052775190015382,0.06772106400057964
UTM,225,tm,67.97999999999999,0.5029406770008791,0.06921095399957267
UTM,226,tm,68.08999999999999,0.5021263409998937,0.07344410899895593
UTM,227,tm,68.02,0.5084591539998655,0.0694852329997957
UTM,228,tm,68.14,0.4971682069990493,0.07032801000059408
UTM,229,tm,68.12,0.5102099939995242,0.0687630979991809
UTM,230,tm,68.47999999999999,0.5031737699991936,0.06726144599997497
UTM,231,tm,68.10000000000001,0.5021660100010195,0.06766738400074246
UTM,232,tm,67.96,0.49976695899931656,0.06930832299985923
UTM,233,tm,67.53,0.5012832550000894,0.0681484470005671
UTM,234,tm,67.73,0.5048818260002008,0.06707656799881079
UTM,235,tm,67.58,0.5040258560002258,0.06605558000046585
UTM,236,tm,67.83,0.49807934400087106,0.06805772900042939
UTM,237,tm,68.17999999999999,0.4953205780002463,0.06920114500098862
UTM,238,tm,68.17999999999999,0.4970663940002851,0.07060665400058497
UTM,239,tm,68.31,0.4980825389993697,0.06728200999896217
UTM,240,tm,68.67,0.5014897170003678,0.06854164700052934
UTM,241,tm,68.39,0.5082304110001132,0.07225064100020973
UTM,242,tm,68.14,0.50395552900045,0.07018143599998439
UTM,243,tm,67.82000000000001,0.4943807929994364,0.06653956700029084
UTM,244,tm,67.81,0.4968532499988214,0.06788251499892795
UTM,245,tm,67.66,0.5013390099993558,0.0680241379996005
UTM,246,tm,67.86,0.48927990999982285,0.0674124209999718
UTM,247,tm,67.64,0.49434889500116697,0.06898710200039204
UTM,248,tm,67.78999999999999,0.5016082049987745,0.06658475199947134
UTM,249,tm,67.96,0.5011661249991448,0.06879029199990327
UTM,250,tm,67.2,0.5059214689990768,0.06836455200027558
UTM,251,tm,67.9,0.5069967159997759,0.06712463899930299
UTM,252,tm,68.13,0.49965179200080456,0.06920573600109492
UTM,253,tm,68.12,0.49858829000004334,0.06601821999902313
UTM,254,tm,68.45,0.5031915039999149,0.0685110150006949
UTM,255,tm,68.43,0.4991635419992235,0.06683804199929
UTM,256,tm,67.74,0.5080352820004919,0.0684953410000162
UTM,257,tm,67.19000000000001,0.5021405009993032,0.06742097599999397
UTM,258,tm,67.80000000000001,0.49985435500093445,0.06965782499901252
UTM,259,tm,67.77,0.5019466119993012,0.06876992700017581
UTM,260,tm,67.75999999999999,0.4910086540003249,0.06733241300025838
UTM,261,tm,67.75,0.48626607799997146,0.06908781300080591
UTM,262,tm,67.94,0.494093385999804,0.06844576700132166
UTM,263,tm,67.89,0.503902960999767,0.06843396000112989
UTM,264,tm,68.34,0.49630889000036404,0.06976881399896229
UTM,265,tm,67.75999999999999,0.5097768590003398,0.06856154000161041
UTM,266,tm,67.78999999999999,0.5022051020005165,0.06896531799975492
UTM,267,tm,67.72,0.5022315570004139,0.06688348399984534
UTM,268,tm,67.62,0.4891400140004407,0.06936278700050025
UTM,269,tm,67.4,0.4985228740006278,0.06866338200052269
UTM,270,tm,68.14,0.5019306190006319,0.0688288300007116
UTM,271,tm,67.95,0.5074652940002125,0.06749953299913614
UTM,272,tm,68.33,0.5039726039995003,0.06774965199838334
UTM,273,tm,68.10000000000001,0.5039133649988798,0.06874927299941191
UTM,274,tm,68.04,0.5029186100000516,0.06853734099968278
UTM,275,tm,68.26,0.4932425480001257,0.06796530900101061
UTM,276,tm,67.75,0.4948115360002703,0.0692395440000837
UTM,277,tm,67.47999999999999,0.48491283700059284,0.06863491399963095
UTM,278,tm,67.64,0.49484869499974593,0.06990513900018414
UTM,279,tm,67.77,0.4972572830010904,0.06761889200060978
UTM,280,tm,67.49000000000001,0.5050803489993996,0.06903484599934018
UTM,281,tm,67.5,0.5001666549997026,0.0675816359998862
UTM,282,tm,67.99,0.5120763970007829,0.06829261200073233
UTM,283,tm,68.17,0.5067953079997096,0.06834029299898248
UTM,284,tm,68.17,0.5022094500000094,0.06830278800043743
UTM,285,tm,68.17999999999999,0.5103042969985836,0.06940798200048448
UTM,286,tm,68.05,0.5047293360003096,0.06895937899935234
UTM,287,tm,68.28999999999999,0.5065481080000609,0.06899443500151392
UTM,288,tm,68.38,0.5011022479993699,0.06904140900041966
UTM,289,tm,68.2,0.4994911600006162,0.06893385900002613
UTM,290,tm,68.43,0.48859269700005825,0.06770713700097986
UTM,291,tm,68.27,0.49490906599930895,0.06890019599995867
UTM,292,tm,67.75,0.5058168550003757,0.06741471600071236
UTM,293,tm,68.06,0.5033884730000864,0.06930851300057839
UTM,294,tm,67.78999999999999,0.5038937249992159,0.06850886200118111
UTM,295,tm,67.91,0.5077224439992278,0.0688169619988912
UTM,296,tm,67.80000000000001,0.5004643680003937,0.06823882299977413
UTM,297,tm,67.9,0.5094616970000061,0.07013299200116307
UTM,298,tm,68.0,0.506179448999319,0.06697472599989851
UTM,299,tm,68.01,0.5041511389990774,0.06796429399946646
UTM,300,tm,68.10000000000001,0.49453283899856615,0.06799863199921674
UTM,301,tm,68.05,0.5035936360000051,0.06847854399893549
UTM,302,tm,68.21000000000001,0.5035468449987093,0.06763889900139475
UTM,303,tm,67.9,0.5002295829999639,0.06880266400003165
UTM,304,tm,67.88,0.49776119499983906,0.06834665600035805
UTM,305,tm,67.97999999999999,0.5051166920002288,0.06880073100001027
UTM,306,tm,67.89,0.5004895950005448,0.06806871099979617
UTM,307,tm,67.67999999999999,0.5098932729997614,0.06846344000041427
UTM,308,tm,67.54,0.5070901269991737,0.06898623200140719
UTM,309,tm,67.52,0.5132907839997642,0.06872746000044572
UTM,310,tm,67.34,0.5000606740013609,0.06915391000075033
UTM,311,tm,67.29,0.49518394000006083,0.06870311400052742
UTM,312,tm,67.47,0.4992929740001273,0.0680186709996633
UTM,313,tm,67.77,0.5113949089991365,0.06876987599935092
UTM,314,tm,67.69,0.5115087490012229,0.06915213199863501
UTM,315,tm,67.78999999999999,0.5084122230000503,0.06845104300009552
UTM,316,tm,68.23,0.5106113380006718,0.07335127900114458
UTM,317,tm,68.28999999999999,0.5018940139998449,0.0699794779993681
UTM,318,tm,68.5,0.5067989390008734,0.06986395500098297
UTM,319,tm,68.49,0.5002724449986999,0.0691600930003915
UTM,320,tm,68.19,0.5130659569986165,0.07051831599892466
UTM,321,tm,68.34,0.5117475989991362,0.06860040700121317
UTM,322,tm,68.03,0.5281988249989809,0.06763387300088652
UTM,323,tm,68.17999999999999,0.4942220510001789,0.06903368200073601
UTM,324,tm,68.23,0.4963346639997326,0.06886550499984878
UTM,325,tm,68.41000000000001,0.507025209000858,0.06732990199998312
UTM,326,tm,68.02,0.5051499550008884,0.06831499800136953
UTM,327,tm,68.33,0.5081199379983445,0.07008422999933828
UTM,328,tm,68.2,0.5004126179992454,0.06895854699905613
UTM,329,tm,67.51,0.5058522579984128,0.06787432700002682
UTM,330,tm,67.78999999999999,0.5046488110001519,0.0688999510002759
UTM,331,tm,67.62,0.508849117999489,0.06815394000113884
UTM,332,tm,67.57,0.5101119139999355,0.06860432800021954
UTM,333,tm,67.91,0.5099191239987704,0.06864916300037294
UTM,334,tm,67.84,0.5023139719996834,0.06826949999958742
UTM,335,tm,67.80000000000001,0.509567003000484,0.06896749200132035
UTM,336,tm,67.74,0.5038297000010061,0.06822618499973032
UTM,337,tm,67.29,0.5001774379998096,0.06752185499863117
UTM,338,tm,67.52,0.5111325449997821,0.06820961700032058
UTM,339,tm,67.30000000000001,0.5079882390000421,0.06911241299894755
UTM,340,tm,67.44,0.5021050369996374,0.06869071099936264
UTM,341,tm,67.89,0.49916341999960423,0.06928169500133663
UTM,342,tm,68.01,0.5144200439990527,0.06880457700026454
UTM,343,tm,67.85,0.5169982089992118,0.06848691100094584
UTM,344,tm,67.94,0.5073115840004903,0.06852314900061174
UTM,345,tm,67.86999999999999,0.5105381660014245,0.06896410900117189
UTM,346,tm,68.03,0.49757559899990156,0.07024646299942106
UTM,347,tm,68.05,0.5019145679998473,0.06841155700021773
UTM,348,tm,68.08,0.5033259040010307,0.06816059900120308
UTM,349,tm,67.69,0.5062391110004683,0.06899625999903947
UTM,350,tm,67.69,0.49964174500019,0.06944977300008759
UTM,351,tm,67.15,0.5025072829994315,0.06884330800130556
UTM,352,tm,67.82000000000001,0.5058154100006504,0.06733227099903161
UTM,353,tm,67.86,0.49971016199924634,0.06933832100003201
UTM,354,tm,67.95,0.5064754489994812,0.068364668999493
UTM,355,tm,67.55,0.5072415960003127,0.06798881800023082
UTM,356,tm,67.73,0.5115198260009493,0.06872111199845676
UTM,357,tm,67.67999999999999,0.49829153300015605,0.06689946100050292
UTM,358,tm,67.96,0.4969065360000968,0.06707240899959288
UTM,359,tm,68.21000000000001,0.5002731280001171,0.06835965999925975
UTM,360,tm,68.04,0.5058240859998477,0.06737418200100365
UTM,361,tm,67.73,0.4978702259995771,0.0690004649986804
UTM,362,tm,67.74,0.5066197369997099,0.06732646300042688
UTM,363,tm,67.28,0.5048741970003903,0.06760368399955041
UTM,364,tm,67.72,0.5037650400008715,0.06884200799868267
UTM,365,tm,67.34,0.49505748699994,0.06894239900066168
UTM,366,tm,67.42,0.4964097510001011,0.06904530599967984
UTM,367,tm,67.51,0.5023042089997034,0.0678166230009083
UTM,368,tm,67.5,0.5004595609989337,0.06889404300090973
UTM,369,tm,67.83,0.49849979099963093,0.06709227400097006
UTM,370,tm,67.73,0.496788951999406,0.0653074949987058
UTM,371,tm,67.52,0.5050793360005628,0.06656874600048468
UTM,372,tm,67.66,0.4979809269989346,0.06882129400037229
UTM,373,tm,67.75999999999999,0.5054095859995869,0.07024087799982226
UTM,374,tm,67.89,0.498054964999028,0.06723909700122022
UTM,375,tm,67.60000000000001,0.5102391889995488,0.06877431599968986
UTM,376,tm,67.63,0.5072515600004408,0.06962154400025611
UTM,377,tm,67.88,0.5054731360014557,0.06815954900048382
UTM,378,tm,67.96,0.5086138410006242,0.06823929700112785
UTM,379,tm,68.03,0.5017564200006746,0.06790723499943851
UTM,380,tm,67.34,0.5004266630003258,0.06965124800080957
UTM,381,tm,67.36999999999999,0.5101136809989839,0.06828113499977917
UTM,382,tm,68.03,0.5088781399990694,0.06873596100012946
UTM,383,tm,67.73,0.5084813800003758,0.06876372900114802
UTM,384,tm,67.97,0.4935882739991939,0.06836742799896456
UTM,385,tm,68.04,0.504653166000935,0.06981558999905246
UTM,386,tm,67.7,0.5038609429993812,0.06953742599944235
UTM,387,tm,67.5,0.5236280419994728,0.06855025299955742
UTM,388,tm,67.36,0.5063134590000118,0.06821080299960158
UTM,389,tm,67.35,0.4976279999991675,0.06861740100066527
UTM,390,tm,66.74,0.5050492869995651,0.06945718600036344
UTM,391,tm,66.71000000000001,0.5117875779997121,0.06604463099938584
UTM,392,tm,67.41,0.5048808330011525,0.06841214999985823
UTM,393,tm,67.64,0.5072811929985619,0.06587154199951328
UTM,394,tm,68.08999999999999,0.5117109459988569,0.06928718000017398
UTM,395,tm,68.08,0.5076479620001919,0.06904949099953228
UTM,396,tm,68.17999999999999,0.5046953830005805,0.06762514199908765
UTM,397,tm,68.01,0.5044170110013511,0.06738912099899608
UTM,398,tm,67.82000000000001,0.5047864850002952,0.06922099599978537
UTM,399,tm,67.91,0.5033539010000823,0.06886878200020874
UTM,400,tm,68.12,0.5000961730002018,0.06924698300099408
UTM,401,tm,68.05,0.5023846370004321,0.0679406849994848
UTM,402,tm,68.23,0.5170064970006933,0.06923842200012587
UTM,403,tm,68.12,0.5087253279998549,0.06898565099982079
UTM,404,tm,67.95,0.49243818200011447,0.06843183199998748
UTM,405,tm,67.92,0.4975697649988433,0.06742280800062872
UTM,406,tm,67.72,0.5091282560006221,0.06830302599882998
UTM,407,tm,67.47,0.5049882839994098,0.06938237399845093
UTM,408,tm,67.63,0.5045787189992552,0.06797925099999702
UTM,409,tm,67.96,0.5004844190007134,0.06680608600072446
UTM,410,tm,67.7,0.49888550200012105,0.06741354500081798
UTM,411,tm,67.52,0.5074272839992773,0.06864577600026678
UTM,412,tm,68.35,0.5070826109986228,0.06923859100061236
UTM,413,tm,68.26,0.5013203349990363,0.06800477399883675
UTM,414,tm,68.08,0.5039688140004728,0.06751790999987861
UTM,415,tm,68.31,0.5080390130005981,0.0681742579999991
UTM,416,tm,67.72,0.5116887550011597,0.0684693219991459
UTM,417,tm,67.86999999999999,0.5026686700002756,0.06996444900141796
UTM,418,tm,67.75999999999999,0.5089908369991463,0.06830106300003536
UTM,419,tm,67.95,0.49302819600052317,0.06816201899891894
UTM,420,tm,67.94,0.5021143829999346,0.06691291499919316
UTM,421,tm,67.88,0.5066646519990172,0.06882786999995005
UTM,422,tm,67.80000000000001,0.5065780240001914,0.06666722000045411
UTM,423,tm,68.17999999999999,0.49947647999943,0.06965085400042881
UTM,424,tm,67.80000000000001,0.5122785740004474,0.06678868099879764
UTM,425,tm,67.9,0.4963746880002873,0.06917851800062635
UTM,426,tm,68.15,0.4972038590003649,0.06896683300146833
UTM,427,tm,68.2,0.5008134149993566,0.06814983699950972
UTM,428,tm,67.96,0.49857239899938577,0.06859243200051424
UTM,429,tm,67.94,0.5038797640008852,0.06948998599909828
UTM,430,tm,68.32000000000001,0.5119295379990945,0.06853763599974627
UTM,431,tm,68.63,0.5076962929997535,0.06758543999967515
UTM,432,tm,68.55,0.5001646109994908,0.07193273400116595
UTM,433,tm,67.99,0.49856469899896183,0.06624266500148224
UTM,434,tm,67.81,0.5047052299996722,0.0682594429999881
UTM,435,tm,68.08999999999999,0.5041844499992294,0.06917788899954758
UTM,436,tm,68.02,0.5053352970007836,0.06933360599941807
UTM,437,tm,68.10000000000001,0.5092646429984597,0.06740053000066837
UTM,438,tm,67.9,0.5042531639992376,0.06868453999959456
UTM,439,tm,68.25,0.49794230199950107,0.06887041899972246
UTM,440,tm,67.96,0.5034550609998405,0.06766800500008685
UTM,441,tm,67.92,0.5169757020012185,0.06973105500037491
UTM,442,tm,68.03,0.5101313159993879,0.06813765600054467
UTM,443,tm,67.99,0.5069181500002742,0.06887545499921544
UTM,444,tm,67.97999999999999,0.5151380520001112,0.06863407899982121
UTM,445,tm,68.0,0.5086146140001802,0.06836243600082526
UTM,446,tm,68.17999999999999,0.5244528369985346,0.06916701800037117
UTM,447,tm,68.22,0.5098188009997102,0.06943748499907088
UTM,448,tm,68.06,0.4983349489993998,0.06913204300144571
UTM,449,tm,68.17999999999999,0.5032946600003925,0.06851510100023006
UTM,450,tm,68.34,0.5080745670002216,0.06897441199907917
UTM,451,tm,68.17999999999999,0.5100887060016248,0.06976136799858068
UTM,452,tm,68.36,0.504084537999006,0.06894212000042899
UTM,453,tm,68.30000000000001,0.5128196200003003,0.06792488300015975
UTM,454,tm,68.41000000000001,0.5078085759996611,0.06687082999997074
UTM,455,tm,68.15,0.49560642399956123,0.06861366399971303
UTM,456,tm,68.2,0.5027459760003694,0.06729010199887853
UTM,457,tm,68.23,0.4983255930001178,0.06858492399987881
UTM,458,tm,68.35,0.5089527460004319,0.069779853
UTM,459,tm,68.17,0.505674772999555,0.06787022800017439
UTM,460,tm,67.93,0.5071161859996209,0.06849353300094663
UTM,461,tm,67.4,0.5125346659988281,0.06906010899911053
UTM,462,tm,67.17,0.5111248169996543,0.06833145300151955
UTM,463,tm,67.51,0.504577720999805,0.06908880000082718
UTM,464,tm,68.0,0.5049301439994451,0.06718191199979628
UTM,465,tm,68.4,0.5093744690002495,0.06870504400103528
UTM,466,tm,68.28999999999999,0.5088932640010171,0.06895100299880141
UTM,467,tm,68.07,0.5042096249999304,0.06649291400026414
UTM,468,tm,68.10000000000001,0.5093603009991057,0.06893781399958243
UTM,469,tm,68.58999999999999,0.5052459340004134,0.0691490139997768
UTM,470,tm,68.36,0.5105257260001963,0.07028438199995435
UTM,471,tm,68.19,0.5104093469999498,0.06998176799970679
UTM,472,tm,68.02,0.5060750049997296,0.06859054999949876
UTM,473,tm,68.11,0.5095737170013308,0.07288029799929063
UTM,474,tm,67.88,0.5063990910002758,0.06909667100080696
UTM,475,tm,68.31,0.5009089070008486,0.06894505499985826
UTM,476,tm,68.25,0.5133576379994338,0.07072991300083231
UTM,477,tm,68.42,0.5063248320002458,0.07087166699966474
UTM,478,tm,68.62,0.49760067100032757,0.06757268500041391
UTM,479,tm,68.32000000000001,0.5198653450006532,0.06730667900046683
UTM,480,tm,68.8,0.4943048080003791,0.06601245100137021
UTM,481,tm,68.11,0.5075855310005863,0.06833488200027205
UTM,482,tm,68.12,0.5014665889993921,0.06859133299985842
UTM,483,tm,68.26,0.5059771289998025,0.06765703999917605
UTM,484,tm,68.03,0.5051301780003996,0.06984392100093828
UTM,485,tm,67.75,0.5076536699998542,0.06644231200152717
UTM,486,tm,67.63,0.5053238769996824,0.06787632200030203
UTM,487,tm,68.31,0.5053769299993291,0.06961115699959919
UTM,488,tm,68.36,0.5096691919989098,0.06856133899964334
UTM,489,tm,68.49,0.5075781460000144,0.06739258299967332
UTM,490,tm,68.69,0.5020880199990643,0.0693064740007685
UTM,491,tm,68.15,0.500625853001111,0.06832089599993196
UTM,492,tm,67.99,0.5019640950013127,0.06948953099890787
UTM,493,tm,68.07,0.49421878899920557,0.0699641219998739
UTM,494,tm,68.30000000000001,0.5134422680002899,0.06845223699929193
UTM,495,tm,68.03,0.49662736500067695,0.0684311240001989
UTM,496,tm,67.94,0.5033671519995551,0.06851913399987097
UTM,497,tm,67.92,0.50355379299981,0.06690125500063004
UTM,498,tm,68.28999999999999,0.5042121129990846,0.06833348100008152
UTM,499,tm,68.88,0.5086366150007962,0.0686902059987915
UTM,500,tm,68.56,0.5064582439990772,0.06856831000004604
WTM,1,tm,59.440000000000005,0.42975810100142553,0.05872339900088264
WTM,2,tm,62.580000000000005,0.37855476000004273,0.05862585499926354
WTM,3,tm,63.449999999999996,0.3636599910005316,0.05982705499991425
WTM,4,tm,64.47,0.3525056119997316,0.06208531400079664
WTM,5,tm,67.74,0.3337994310004433,0.06133794199922704
WTM,6,tm,68.05,0.33788523800103576,0.058736814999065246
WTM,7,tm,69.53,0.3280666360005853,0.06100118200083671
WTM,8,tm,66.72,0.31345021200104384,0.06085479599823884
WTM,9,tm,69.84,0.32917457099938474,0.059953223000775324
WTM,10,tm,67.30000000000001,0.32246298199970624,0.06211083400012285
WTM,11,tm,67.12,0.32120023199968273,0.06058434400074475
WTM,12,tm,69.95,0.32016261700118775,0.06109549800021341
WTM,13,tm,69.13,0.32059668799956853,0.06102165400079684
WTM,14,tm,69.08999999999999,0.31039938799949596,0.06041863099926559
WTM,15,tm,72.67,0.3119900179990509,0.06052786700092838
WTM,16,tm,70.85000000000001,0.30193555999903765,0.05996067900014168
WTM,17,tm,70.35,0.3166324829999212,0.06223196700011613
WTM,18,tm,68.71000000000001,0.31912114799888514,0.06603557699963858
WTM,19,tm,70.56,0.3098552049996215,0.06072255300023244
WTM,20,tm,70.84,0.31747782899947197,0.06030192499929399
WTM,21,tm,70.07,0.30800923700007843,0.061138002000006963
WTM,22,tm,69.82000000000001,0.3027088469989394,0.060398304000045755
WTM,23,tm,69.17,0.3003948699988541,0.0613716950010712
WTM,24,tm,69.13,0.2996734190001007,0.060575991999940015
WTM,25,tm,70.69,0.30740617099945666,0.0611600920001365
WTM,26,tm,71.72,0.3004631250005332,0.06894164599907526
WTM,27,tm,73.11,0.29439547900074103,0.06117867000102706
WTM,28,tm,68.62,0.2936272660008399,0.05993506499908108
WTM,29,tm,72.0,0.3048275259989168,0.060157378000440076
WTM,30,tm,70.67,0.30253846000050544,0.06165500800125301
WTM,31,tm,69.94,0.29071456600104284,0.0612468870003795
WTM,32,tm,74.96000000000001,0.29565678799917805,0.05991872399863496
WTM,33,tm,72.27,0.29430159100047604,0.06008216100053687
WTM,34,tm,70.88,0.29181670599973586,0.059865278999495786
WTM,35,tm,72.07000000000001,0.2953922840006271,0.06024246099877928
WTM,36,tm,69.46,0.29358840399982,0.061750451000989415
WTM,37,tm,67.13,0.2943345830008184,0.060717880000083824
WTM,38,tm,74.95,0.29666291600005934,0.0609454410005128
WTM,39,tm,73.50999999999999,0.2868936470003973,0.060859526000058395
WTM,40,tm,72.42,0.28890617600154656,0.06137809999927413
WTM,41,tm,73.33,0.29185561099984625,0.05996048799897835
WTM,42,tm,73.66,0.28733750299943495,0.06131276700034505
WTM,43,tm,72.97,0.2877096110005368,0.06055838000065705
WTM,44,tm,73.37,0.298628621001626,0.061171462999482173
WTM,45,tm,71.39999999999999,0.28964941699996416,0.05986507200032065
WTM,46,tm,72.15,0.29166986099880887,0.06148162799945567
WTM,47,tm,72.89,0.29020424599912076,0.06066095499954827
WTM,48,tm,71.69,0.29116465600054653,0.06090053700063436
WTM,49,tm,72.23,0.29483842800073035,0.06060571299894946
WTM,50,tm,71.13000000000001,0.29464990199994645,0.060305937000521226
WTM,51,tm,74.18,0.29228351799974917,0.060714188000929425
WTM,52,tm,74.53999999999999,0.2920224200006487,0.0615756870010955
WTM,53,tm,72.21,0.28279322599883017,0.06170163299975684
WTM,54,tm,71.04,0.2965915419990779,0.061142836000726675
WTM,55,tm,73.48,0.2797518349998427,0.060438845999669866
WTM,56,tm,71.14,0.2902910350003367,0.06061578600019857
WTM,57,tm,70.83,0.28845919800005504,0.06093784899894672
WTM,58,tm,72.98,0.2864388760008296,0.06025339699954202
WTM,59,tm,70.03,0.29182410899920797,0.06061568499899295
WTM,60,tm,71.81,0.2887012289993436,0.06020166199959931
WTM,61,tm,74.25,0.2858290580006724,0.0613583380018099
WTM,62,tm,71.47,0.2767119950003689,0.06052318699948955
WTM,63,tm,72.05,0.290576653998869,0.06074905800051056
WTM,64,tm,72.67,0.29365823900116084,0.061020605000521755
WTM,65,tm,71.03,0.2893984199999977,0.06048718599959102
WTM,66,tm,72.50999999999999,0.2885963239987177,0.060638147000645404
WTM,67,tm,73.11999999999999,0.2922558950012899,0.06255236600009084
WTM,68,tm,72.13000000000001,0.28904273899934196,0.0627180870014854
WTM,69,tm,69.26,0.2899539040008676,0.06115908500032674
WTM,70,tm,73.31,0.29204654100067273,0.060156045999974594
WTM,71,tm,70.78,0.2861989459997858,0.06041367999932845
WTM,72,tm,72.38,0.2946975899994868,0.05983720800031733
WTM,73,tm,72.09,0.28636759799883293,0.06111993599915877
WTM,74,tm,72.24000000000001,0.28903008499946736,0.060726735999196535
WTM,75,tm,71.35000000000001,0.28143344999989495,0.06076984299943433
WTM,76,tm,75.07000000000001,0.2938240630010114,0.060975825999776134
WTM,77,tm,74.0,0.2863784970013512,0.06087100399963674
WTM,78,tm,74.88,0.2838962440000614,0.06051729200044065
WTM,79,tm,73.42999999999999,0.28816358299991407,0.05952501499996288
WTM,80,tm,69.99,0.28401424799994857,0.06032665699967765
WTM,81,tm,71.78,0.2879828169989196,0.06175212199923408
WTM,82,tm,73.41,0.28831443400122225,0.061379468001177884
WTM,83,tm,72.65,0.29469928099933895,0.06093719599994074
WTM,84,tm,72.09,0.2857182539992209,0.06215712399898621
WTM,85,tm,72.89,0.28085734700107423,0.061473854000723804
WTM,86,tm,72.8,0.2857566210004734,0.06188668499999039
WTM,87,tm,70.54,0.29733976399984385,0.06152144100087753
WTM,88,tm,73.74000000000001,0.2943946790001064,0.06125121299919556
WTM,89,tm,73.21,0.28662856300070416,0.06081939700015937
WTM,90,tm,73.81,0.292710100999102,0.06176071300069452
WTM,91,tm,75.05,0.28611716300110857,0.05951733400070225
WTM,92,tm,72.67,0.2905889659996319,0.061073775999830104
WTM,93,tm,70.78999999999999,0.2851691949999804,0.06075932200110401
WTM,94,tm,73.78,0.2861695680003322,0.062390786999458214
WTM,95,tm,72.46000000000001,0.2936979589994735,0.06061038000007102
WTM,96,tm,73.11,0.2881057710001187,0.06667916799960949
WTM,97,tm,73.82,0.28632430099969497,0.061210458999994444
WTM,98,tm,70.21,0.288894903000255,0.06082393799988495
WTM,99,tm,73.49,0.288176702999408,0.060997651000434416
WTM,100,tm,73.4,0.28844300899982045,0.06124426099995617
WTM,101,tm,72.07000000000001,0.2838613490002899,0.06118135200085817
WTM,102,tm,73.69,0.28622578800059273,0.0607958709988452
WTM,103,tm,70.94,0.2895156889990176,0.05904749499859463
WTM,104,tm,71.63000000000001,0.2769710020002094,0.05789809100133425
WTM,105,tm,72.58,0.28507160899971495,0.06108715900154493
WTM,106,tm,68.31,0.285641532000227,0.06063417199948162
WTM,107,tm,72.55,0.28689430400118,0.06180889200004458
WTM,108,tm,72.49,0.2789139430005889,0.061404550999213825
WTM,109,tm,73.57000000000001,0.28585819199906837,0.06064475200037123
WTM,110,tm,73.09,0.2866495020007278,0.060836204000224825
WTM,111,tm,73.7,0.28733773000021756,0.061925690999487415
WTM,112,tm,75.28,0.28501870400032203,0.06091241800095304
WTM,113,tm,72.96000000000001,0.2904547039997851,0.06121908399836684
WTM,114,tm,74.09,0.2915880060008931,0.061030066999592236
WTM,115,tm,71.8,0.2855433080003422,0.059982004000630695
WTM,116,tm,72.77,0.2905573539992474,0.06080058699990332
WTM,117,tm,70.76,0.284730749001028,0.06091001400091045
WTM,118,tm,74.82,0.2841302339984395,0.061124957999709295
WTM,119,tm,71.65,0.2843083059997298,0.06098169700089784
WTM,120,tm,71.13000000000001,0.27998988599938457,0.06109965799987549
WTM,121,tm,74.66000000000001,0.28475102500124194,0.06092021599943109
WTM,122,tm,69.84,0.28238514400072745,0.06063375600024301
WTM,123,tm,72.09,0.2831702729999961,0.061027108000416774
WTM,124,tm,74.11,0.2829227189995436,0.060625791998973
WTM,125,tm,73.41,0.2884528029990179,0.06093367799985572
WTM,126,tm,73.55000000000001,0.2841420790009579,0.06071819300086645
WTM,127,tm,73.19,0.28818052600036026,0.0605434190001688
WTM,128,tm,72.52,0.29089065399966785,0.06123368699991261
WTM,129,tm,71.74000000000001,0.2826661700000841,0.061026029999993625
WTM,130,tm,71.97,0.2816115069999796,0.06079247900015616
WTM,131,tm,74.0,0.293597279000096,0.062153836001016316
WTM,132,tm,72.97,0.27294328500101983,0.06112312199911685
WTM,133,tm,72.87,0.27833407600155624,0.06100247200083686
WTM,134,tm,73.57000000000001,0.28789302699988184,0.0609301519998553
WTM,135,tm,72.87,0.2967074389998743,0.06009197599996696
WTM,136,tm,73.72,0.29009131800012256,0.06158403700101189
WTM,137,tm,75.86,0.289954181000212,0.06147369000063918
WTM,138,tm,73.77,0.2831739829998696,0.0619126680012414
WTM,139,tm,70.47,0.29365747699921485,0.061008720000245376
WTM,140,tm,73.49,0.28270462399996177,0.060569556000700686
WTM,141,tm,73.46000000000001,0.2837956410003244,0.060925961999600986
WTM,142,tm,71.41999999999999,0.28079201800028386,0.06069819799995457
WTM,143,tm,72.86,0.2847023859994806,0.06002507800076273
WTM,144,tm,71.91,0.2796510499993019,0.06045554299998912
WTM,145,tm,69.73,0.2900940859999537,0.060392916999262525
WTM,146,tm,74.17,0.2738199370014627,0.061281555999812554
WTM,147,tm,73.58,0.28490025700011756,0.06100325899933523
WTM,148,tm,71.48,0.28293614399990474,0.06285045399999944
WTM,149,tm,73.06,0.29149897800016333,0.06114495099973283
WTM,150,tm,72.28,0.2844838189994334,0.06063369000003149
WTM,151,tm,70.17999999999999,0.2888125389999914,0.06103985999834549
WTM,152,tm,75.73,0.28425077499923646,0.06234906499958015
WTM,153,tm,70.34,0.2873623089999455,0.06176427699938358
WTM,154,tm,74.14,0.28716357099983725,0.061333964000368724
WTM,155,tm,72.44,0.2885144100000616,0.06085224300113623
WTM,156,tm,71.91,0.2901379849990917,0.06139148100010061
WTM,157,tm,73.57000000000001,0.28306524900108343,0.061548596999273286
WTM,158,tm,69.95,0.2850471910005581,0.06588108299911255
WTM,159,tm,73.61,0.2902664140001434,0.06202432999998564
WTM,160,tm,68.07,0.2854401690001396,0.06156633699902159
WTM,161,tm,69.33,0.291102843999397,0.06140199200126517
WTM,162,tm,75.08,0.28216293399964343,0.06171709599948372
WTM,163,tm,71.41,0.2838542090012197,0.06152957499944023
WTM,164,tm,70.78,0.285224241000833,0.06111382900053286
WTM,165,tm,73.57000000000001,0.2811637419999897,0.06097220400079095
WTM,166,tm,70.85000000000001,0.28868914200029394,0.06113482900036615
WTM,167,tm,69.87,0.28913624699998763,0.061075260000507114
WTM,168,tm,73.9,0.2874051729995699,0.062043923999226536
WTM,169,tm,71.56,0.2861839630004397,0.060362633999829995
WTM,170,tm,71.07,0.28419699000005494,0.06034571199961647
WTM,171,tm,71.19,0.2872396230013692,0.06116638999992574
WTM,172,tm,71.91,0.28275831999962975,0.06141512700014573
WTM,173,tm,72.32,0.28922464400056924,0.061228346999996575
WTM,174,tm,75.25,0.2861419869987003,0.060318513998936396
WTM,175,tm,74.83999999999999,0.2851657889987109,0.061003242000879254
WTM,176,tm,73.09,0.28049878499950864,0.06071108000105596
WTM,177,tm,71.33,0.2920425169995724,0.06139357999927597
WTM,178,tm,69.5,0.2974863479994383,0.061402179999276996
WTM,179,tm,71.63000000000001,0.2778972430005524,0.05953016499915975
WTM,180,tm,73.74000000000001,0.28467761000138125,0.061515961000623065
WTM,181,tm,71.84,0.28596150199882686,0.06220062600004894
WTM,182,tm,70.36,0.27863304399943445,0.060678788999211974
WTM,183,tm,70.8,0.2869485419996636,0.06067686900132685
WTM,184,tm,73.33,0.28922793400124647,0.060740385999451973
WTM,185,tm,70.89999999999999,0.2815505929993378,0.06235319599909417
WTM,186,tm,74.00999999999999,0.2816038529999787,0.060848475999591756
WTM,187,tm,72.88,0.2829525899996952,0.06117555200034985
WTM,188,tm,72.18,0.2888038069995673,0.06142346799970255
WTM,189,tm,71.39999999999999,0.3097545450000325,0.060755049000363215
WTM,190,tm,71.65,0.2810647810001683,0.06096371599960548
WTM,191,tm,71.52,0.28980589999991935,0.060766280999814626
WTM,192,tm,70.22,0.2892062659993826,0.06073318499875313
WTM,193,tm,71.82,0.2877701519992115,0.061120303998905
WTM,194,tm,74.15,0.2805763839987776,0.062386092000451754
WTM,195,tm,71.36,0.28877504099909856,0.06078863599941542
WTM,196,tm,74.2,0.28611172500131943,0.061505249999754597
WTM,197,tm,74.74,0.2886687369991705,0.06118693899952632
WTM,198,tm,74.0,0.28108876700025576,0.06066875899887236
WTM,199,tm,75.14999999999999,0.2826588099997025,0.06116384499910055
WTM,200,tm,74.33999999999999,0.2847690889993828,0.06141739299891924
WTM,201,tm,72.64,0.2838161299987405,0.061292173000765615
WTM,202,tm,74.15,0.2842936010001722,0.0624788980003359
WTM,203,tm,70.96000000000001,0.2887248980005097,0.06104668600164587
WTM,204,tm,71.91,0.28547209599855705,0.06128840100063826
WTM,205,tm,73.11,0.2922860939997918,0.061161001000073156
WTM,206,tm,72.55,0.29138101100033964,0.061177665998911834
WTM,207,tm,66.22,0.2909280869989743,0.061397426999974414
WTM,208,tm,73.88,0.28922628500004066,0.06105356700027187
WTM,209,tm,73.22,0.28409120499964047,0.06027116999939608
WTM,210,tm,73.39,0.2914308620001975,0.06109942300099647
WTM,211,tm,71.50999999999999,0.28475140599948645,0.062447737998809316
WTM,212,tm,71.74000000000001,0.2803843309993681,0.06131992900009209
WTM,213,tm,71.24000000000001,0.289118338998378,0.06208701000105066
WTM,214,tm,72.41,0.29012588300065545,0.06039834500006691
WTM,215,tm,70.45,0.28466662899882067,0.06100865199914551
WTM,216,tm,72.89,0.27954293199945823,0.06124803599959705
WTM,217,tm,73.44000000000001,0.284690872000283,0.06087194899919268
WTM,218,tm,74.56,0.28585084500082303,0.06095028699928662
WTM,219,tm,74.29,0.2709788470001513,0.06059529399863095
WTM,220,tm,73.61999999999999,0.28105800499906763,0.06162961699919833
WTM,221,tm,72.45,0.2813769450003747,0.06062922300043283
WTM,222,tm,73.61,0.2875158340011694,0.06272044999968784
WTM,223,tm,74.36,0.27553219799847284,0.06107410700133187
WTM,224,tm,73.34,0.2819649049997679,0.06053416899885633
WTM,225,tm,75.03,0.2855860979998397,0.05893122899942682
WTM,226,tm,73.76,0.2896177579987125,0.061950416000399855
WTM,227,tm,73.05,0.28161284400084696,0.06214660100158653
WTM,228,tm,73.92,0.2827795290013455,0.06113806699977431
WTM,229,tm,73.46000000000001,0.2894411730012507,0.0610570730004838
WTM,230,tm,73.36,0.284944021001138,0.06096362800053612
WTM,231,tm,72.00999999999999,0.294088823000493,0.06116527300036978
WTM,232,tm,72.3,0.2916262939997978,0.060801388000982115
WTM,233,tm,69.81,0.28133513899956597,0.06201982800121186
WTM,234,tm,71.61999999999999,0.2804021289994125,0.06005711899888411
WTM,235,tm,73.1,0.28183247100059816,0.06119956999827991
WTM,236,tm,72.66,0.28644507699937094,0.0613560449983197
WTM,237,tm,69.66,0.28845721799916646,0.06072329800008447
WTM,238,tm,72.1,0.28221204000146827,0.06088264499885554
WTM,239,tm,70.98,0.28404957900056615,0.06132937199981825
WTM,240,tm,74.0,0.29095626100024674,0.060825406999356346
WTM,241,tm,72.48,0.2842979950000881,0.061522679001427605
WTM,242,tm,70.55,0.2862499200000457,0.06075043700002425
WTM,243,tm,72.31,0.28377329999966605,0.06130343100085156
WTM,244,tm,70.43,0.2785686689985596,0.062119452999468194
WTM,245,tm,73.76,0.2832694980006636,0.06116299799941771
WTM,246,tm,72.15,0.29028802900029405,0.060761557000660105
WTM,247,tm,74.28,0.2861592000008386,0.06065951100026723
WTM,248,tm,75.32,0.29337139400013257,0.06193656599862152
WTM,249,tm,73.42,0.28276791799908096,0.061048511999615585
WTM,250,tm,69.78,0.2895544599996356,0.06097691499962821
WTM,251,tm,73.82,0.277457227000923,0.06192854499931855
WTM,252,tm,72.16,0.2768301539999811,0.061276112999621546
WTM,253,tm,73.89,0.2876331549996394,0.060963449999690056
WTM,254,tm,73.02,0.28837557500082767,0.06109632199877524
WTM,255,tm,71.45,0.2834655759997986,0.06234761499945307
WTM,256,tm,70.59,0.28252378399884037,0.06068505300027027
WTM,257,tm,72.27,0.27998039100020833,0.06102064500009874
WTM,258,tm,75.19,0.2804141679989698,0.06109430000105931
WTM,259,tm,75.33999999999999,0.2825242260005325,0.060588845999518526
WTM,260,tm,74.36,0.28467449299932923,0.06213146200025221
WTM,261,tm,70.27,0.28633710899885045,0.06118305000018154
WTM,262,tm,72.03,0.2803971889989043,0.06096722499933094
WTM,263,tm,75.2,0.28083301199876587,0.06095527799880074
WTM,264,tm,71.95,0.28371774399965943,0.06115940299969225
WTM,265,tm,73.86,0.2902100139999675,0.06130670300080965
WTM,266,tm,74.2,0.27948248099892226,0.059897719000218785
WTM,267,tm,73.27,0.27661588699993445,0.061633559000256355
WTM,268,tm,73.09,0.2773962350001966,0.06079944299926865
WTM,269,tm,68.93,0.2915748410014203,0.06068371000037587
WTM,270,tm,74.03,0.2789391650003381,0.06153440600064641
WTM,271,tm,71.14,0.28326002600078937,0.06188447100066696
WTM,272,tm,70.1,0.2853676680006174,0.06112122100057604
WTM,273,tm,73.69,0.2932352779989742,0.06144278600004327
WTM,274,tm,74.59,0.28964499899848306,0.062497879000147805
WTM,275,tm,70.72,0.2857946180010913,0.06109009299871104
WTM,276,tm,72.6,0.2867313839997223,0.061140468998928554
WTM,277,tm,72.15,0.29082955600097193,0.0608162970002013
WTM,278,tm,71.41999999999999,0.2876376189997245,0.06136286799846857
WTM,279,tm,73.34,0.2890249859992764,0.061523839000074076
WTM,280,tm,72.84,0.2909506749983848,0.06165737000083027
WTM,281,tm,68.82000000000001,0.28354212999875017,0.06036439299896301
WTM,282,tm,73.2,0.28445201399881626,0.06129576400053338
WTM,283,tm,74.31,0.28607277300034184,0.06064549899929261
WTM,284,tm,68.39,0.28323009300038393,0.061259174999577226
WTM,285,tm,73.82,0.2862297519986896,0.06260426700100652
WTM,286,tm,74.89,0.2890265400001226,0.06155430000035267
WTM,287,tm,72.16,0.2919381579995388,0.0619670740015863
WTM,288,tm,71.13000000000001,0.2858423030011181,0.061396883998895646
WTM,289,tm,72.67,0.28121619599914993,0.06143913999949291
WTM,290,tm,72.72,0.3067558189995907,0.06183578899981512
WTM,291,tm,70.89,0.2898006350005744,0.060388117000911734
WTM,292,tm,75.08,0.28031633799946576,0.06213524300073914
WTM,293,tm,75.27000000000001,0.28970954999931564,0.06246907900094811
WTM,294,tm,71.75,0.2784106469989638,0.06202945499899215
WTM,295,tm,74.78,0.2886275079999905,0.061129413999879034
WTM,296,tm,72.98,0.29363078999995196,0.06087416099944676
WTM,297,tm,75.42,0.2799604810006713,0.05924453999978141
WTM,298,tm,72.17,0.2862527149991365,0.06081645700032823
WTM,299,tm,74.24,0.2806053210006212,0.06149073699998553
WTM,300,tm,74.33,0.2774636400008603,0.06059898800049268
WTM,301,tm,71.52,0.28149012599897105,0.060865690000355244
WTM,302,tm,71.22,0.29129881899825705,0.06073715899947274
WTM,303,tm,70.46,0.2820485140000528,0.06049689599967678
WTM,304,tm,73.06,0.2838228339987836,0.0610448509996786
WTM,305,tm,73.61999999999999,0.28248816399900534,0.060888240001077065
WTM,306,tm,74.1,0.2861871250006516,0.06063865900068777
WTM,307,tm,71.99,0.29024801699961245,0.06085593700117897
WTM,308,tm,72.2,0.27482270499967854,0.06079678500100272
WTM,309,tm,72.17,0.2806902100001025,0.05987793799977226
WTM,310,tm,73.67,0.2827747810006258,0.06084475199895678
WTM,311,tm,74.68,0.28201987399916106,0.060832290999314864
WTM,312,tm,72.92999999999999,0.2821975630013185,0.06054015200061258
WTM,313,tm,74.27,0.28320034599892097,0.06057070700080658
WTM,314,tm,73.22,0.2867348250001669,0.06061422300081176
WTM,315,tm,73.1,0.2791827259989077,0.061030203998598154
WTM,316,tm,69.87,0.2781759859990416,0.06212817399864434
WTM,317,tm,69.81,0.2825153149988182,0.0602290440001525
WTM,318,tm,73.31,0.2865062400014722,0.06101522499920975
WTM,319,tm,73.83999999999999,0.28898474700145016,0.061330438998993486
WTM,320,tm,72.38,0.2868134000000282,0.061727109999992535
WTM,321,tm,71.32,0.2861994909999339,0.0603376359995309
WTM,322,tm,71.89999999999999,0.28431706199990003,0.06336566400023003
WTM,323,tm,72.38,0.2856727590005903,0.06174757000007958
WTM,324,tm,75.61,0.28630810999857204,0.06100694300039322
WTM,325,tm,74.45,0.2787082159993588,0.06016860599993379
WTM,326,tm,75.8,0.2916685370000778,0.06134204400041199
WTM,327,tm,71.07,0.2810308590014756,0.06090761800078326
WTM,328,tm,74.3,0.27987746100006916,0.060981525999523
WTM,329,tm,73.64,0.27584929400109104,0.060731750998456846
WTM,330,tm,74.31,0.2784100019998732,0.06126268799926038
WTM,331,tm,69.59,0.2838594009990629,0.06178358900069725
WTM,332,tm,74.6,0.2870637500000157,0.06063120799990429
WTM,333,tm,74.26,0.281679035999332,0.06120494800052256
WTM,334,tm,73.61,0.28662910599996394,0.06288178700015123
WTM,335,tm,74.25,0.28624756099998194,0.06093348499962303
WTM,336,tm,74.0,0.28223844499916595,0.06082493699977931
WTM,337,tm,75.42,0.2790645859986398,0.06103606500073511
WTM,338,tm,74.52,0.28792457199961063,0.06085074099974008
WTM,339,tm,74.3,0.28270452200013096,0.06108248800046567
WTM,340,tm,73.21,0.2777358759994968,0.062332906998562976
WTM,341,tm,69.6,0.27704403099960473,0.06055344400010654
WTM,342,tm,73.42,0.28362268899945775,0.06089643299856107
WTM,343,tm,74.15,0.2888960370000859,0.0615764530011802
WTM,344,tm,71.89,0.27734880699972564,0.060743211000954034
WTM,345,tm,72.97,0.2779016650001722,0.061180237998996745
WTM,346,tm,72.42,0.28961936800078547,0.061309554999752436
WTM,347,tm,73.66,0.28305501300019387,0.06111719200089283
WTM,348,tm,74.58,0.28340171499985445,0.06034275899946806
WTM,349,tm,74.56,0.27742398900045373,0.06174675900001603
WTM,350,tm,73.66,0.2885896040006628,0.06097812799998792
WTM,351,tm,74.61,0.2788588670009631,0.061119108000639244
WTM,352,tm,75.69,0.2752889519997552,0.061189756999738165
WTM,353,tm,73.15,0.285680577999301,0.0620243590001337
WTM,354,tm,72.86,0.28221543399922666,0.06189300200094294
WTM,355,tm,73.42,0.2777700320002623,0.06130217600002652
WTM,356,tm,73.58,0.28729377200033923,0.06213603499963938
WTM,357,tm,74.95,0.282100262998938,0.06163001700042514
WTM,358,tm,73.99,0.28136697900117724,0.06269279300067865
WTM,359,tm,75.07000000000001,0.27940056700026616,0.06270579600095516
WTM,360,tm,73.9,0.29071604999990086,0.06243055799859576
WTM,361,tm,71.11,0.28270178500133625,0.061522961001173826
WTM,362,tm,72.25,0.27455510000072536,0.06199382699924172
WTM,363,tm,73.09,0.2842075849985122,0.060821074001069064
WTM,364,tm,72.72999999999999,0.28749900899856584,0.06103178300145373
WTM,365,tm,73.67,0.277409495000029,0.06822435399953974
WTM,366,tm,71.41,0.2801423960008833,0.06260711199865909
WTM,367,tm,68.34,0.2750928279983782,0.061360106001302483
WTM,368,tm,71.56,0.28123553300065396,0.06216668999877584
WTM,369,tm,73.53,0.28811866199976066,0.06062430800011498
WTM,370,tm,73.54,0.2890715220000857,0.060645863000900135
WTM,371,tm,71.0,0.2924921110006835,0.06089476799934346
WTM,372,tm,72.78999999999999,0.28190170299967576,0.061196116999781225
WTM,373,tm,72.42,0.27694859099938185,0.0614174649999768
WTM,374,tm,72.42,0.2782284599998093,0.06120502399971883
WTM,375,tm,74.53999999999999,0.2855204870011221,0.06126982800014957
WTM,376,tm,73.15,0.2754908510014502,0.06116153299990401
WTM,377,tm,70.07,0.27929457499885757,0.0624870789997658
WTM,378,tm,71.50999999999999,0.28445057600038126,0.06265063200044096
WTM,379,tm,72.39999999999999,0.2870207739997568,0.06455215500136546
WTM,380,tm,72.92999999999999,0.2809430830002384,0.0617758030002733
WTM,381,tm,73.41,0.28829591599969717,0.061364801000308944
WTM,382,tm,71.35000000000001,0.279738682000243,0.062157662001482095
WTM,383,tm,73.2,0.2791437110008701,0.060865274999741814
WTM,384,tm,70.30999999999999,0.2797432799998205,0.06272810500013293
WTM,385,tm,73.96000000000001,0.2775280349997047,0.06272822999926575
WTM,386,tm,75.02,0.2842725749997044,0.061175500000899774
WTM,387,tm,75.37,0.2805940090001968,0.061407915000017965
WTM,388,tm,72.11,0.2762845439992816,0.06120216500130482
WTM,389,tm,74.65,0.28118961000109266,0.06201036499987822
WTM,390,tm,73.92,0.2851435219999985,0.06075228800000332
WTM,391,tm,70.99,0.2814816640002391,0.060968387999309925
WTM,392,tm,75.33,0.28551619300014863,0.06247219299984863
WTM,393,tm,75.51,0.2810261909999099,0.06173355800092395
WTM,394,tm,69.64,0.2828757930001302,0.06134507100068731
WTM,395,tm,74.21,0.2884657939994213,0.06150534299922583
WTM,396,tm,72.78,0.29035984900110634,0.06056807800086972
WTM,397,tm,72.94,0.2738283489998139,0.06133784700068645
WTM,398,tm,69.94,0.281442605999473,0.061154610999437864
WTM,399,tm,71.21,0.27976952199969674,0.061535746999652474
WTM,400,tm,72.8,0.28563931099961337,0.061076410000168835
WTM,401,tm,73.11999999999999,0.27757962699979544,0.061618113999429625
WTM,402,tm,72.38,0.27990211700125656,0.06140046299879032
WTM,403,tm,72.27,0.2919948260005185,0.062408904001131305
WTM,404,tm,72.14,0.2817087069997797,0.06141228200067417
WTM,405,tm,73.49,0.2801881260002119,0.06139149299997371
WTM,406,tm,73.49,0.2850423750005575,0.06111063999924227
WTM,407,tm,69.31,0.28618880700014415,0.0621371419983916
WTM,408,tm,76.64,0.2873264959998778,0.06182816199907393
WTM,409,tm,73.65,0.29001113399863243,0.06246729800113826
WTM,410,tm,73.95,0.28102065899838635,0.061120631000449066
WTM,411,tm,74.52,0.2863546299995505,0.062299111999891466
WTM,412,tm,75.02,0.2857620989998395,0.05987747300059709
WTM,413,tm,72.24000000000001,0.2848792999993748,0.06122033899919188
WTM,414,tm,74.83999999999999,0.2863543629991909,0.060607958999753464
WTM,415,tm,75.05,0.28465586799939047,0.06694542600052955
WTM,416,tm,73.92,0.2834406809997745,0.061285130999749526
WTM,417,tm,73.21,0.2794277440007136,0.06692605700118293
WTM,418,tm,72.61999999999999,0.2804096550007671,0.06199001399909321
WTM,419,tm,75.05,0.2767008529990562,0.06201606600006926
WTM,420,tm,73.53,0.274928890999945,0.06114824100041005
WTM,421,tm,74.82,0.28798914999970293,0.06088422899847501
WTM,422,tm,73.18,0.28624399000000267,0.06092240800171567
WTM,423,tm,72.37,0.2829803259992332,0.06126942100127053
WTM,424,tm,72.64,0.2848564890009584,0.061732209998808685
WTM,425,tm,73.09,0.2821062069997424,0.05940613399980066
WTM,426,tm,70.1,0.27119678700000804,0.0615022179990774
WTM,427,tm,73.63,0.27757437900072546,0.06097593000049528
WTM,428,tm,74.74,0.2804766670014942,0.06034325499967963
WTM,429,tm,74.36,0.27790008099873376,0.06293079299939563
WTM,430,tm,74.4,0.28347479500007466,0.062110201999530545
WTM,431,tm,74.46000000000001,0.29391479799960507,0.060162185998706263
WTM,432,tm,74.03999999999999,0.2733458700004121,0.06093632300144236
WTM,433,tm,75.1,0.27983100500023284,0.06151064400000905
WTM,434,tm,72.87,0.28045923500030767,0.06134469900098338
WTM,435,tm,74.33,0.2806003329988016,0.06248747599966009
WTM,436,tm,72.28,0.2802359389988851,0.061815368999305065
WTM,437,tm,73.14,0.27662099199915247,0.06305495800006611
WTM,438,tm,72.95,0.2840891449995979,0.06614679400081513
WTM,439,tm,71.26,0.28816827799892053,0.060180155998750706
WTM,440,tm,72.8,0.28198110700031975,0.06251514099858468
WTM,441,tm,71.47,0.2819287729998905,0.06475711900020542
WTM,442,tm,66.88,0.28649354799927096,0.0614570960005949
WTM,443,tm,73.48,0.2807588699997723,0.06193222100046114
WTM,444,tm,73.00999999999999,0.27972900699933234,0.06164208900008816
WTM,445,tm,73.69,0.2884177930009173,0.06175961900044058
WTM,446,tm,73.34,0.28608573300152784,0.062285389998578466
WTM,447,tm,73.99,0.28154578000066977,0.06283199399877049
WTM,448,tm,75.46000000000001,0.2798185280007601,0.06282322500010196
WTM,449,tm,73.16,0.2897563059996173,0.060946464000153355
WTM,450,tm,73.53,0.2954829049995169,0.061493885001254966
WTM,451,tm,75.37,0.2768261810015247,0.06181059700065816
WTM,452,tm,73.33,0.2760285370004567,0.06069855500027188
WTM,453,tm,72.63,0.2749080980011058,0.06099214999994729
WTM,454,tm,73.09,0.2795898999993369,0.061496131000239984
WTM,455,tm,74.65,0.281825549000132,0.06083562999992864
WTM,456,tm,74.32,0.2758071669995843,0.06143996999890078
WTM,457,tm,74.14,0.28822771300110617,0.061628248000488384
WTM,458,tm,71.61,0.276317478999772,0.0658259720003116
WTM,459,tm,73.21,0.27737534099833283,0.0626514710002084
WTM,460,tm,73.71,0.2794946310004889,0.0649824140000419
WTM,461,tm,73.65,0.29065455700038,0.06145402699985425
WTM,462,tm,74.42,0.287845742999707,0.0611585210008343
WTM,463,tm,73.08,0.2877877980008634,0.06116566399941803
WTM,464,tm,71.73,0.2804298179999023,0.06142244700095034
WTM,465,tm,72.35000000000001,0.2862716600011481,0.061179303000244545
WTM,466,tm,75.18,0.278320089000772,0.06527386000016122
WTM,467,tm,71.61999999999999,0.28304400900015025,0.06192584999917017
WTM,468,tm,72.33000000000001,0.28174940800090553,0.06051093399946694
WTM,469,tm,74.77000000000001,0.28288477400019474,0.06122337900160346
WTM,470,tm,75.22,0.28700628300066455,0.06163297399871226
WTM,471,tm,74.16,0.27948579899930337,0.061148078999394784
WTM,472,tm,71.47,0.28543672100022377,0.06103948199961451
WTM,473,tm,71.34,0.28459957800077973,0.0612875080005324
WTM,474,tm,74.05000000000001,0.2820327310000721,0.06156242500037479
WTM,475,tm,74.16,0.2838789720008208,0.06198713800040423
WTM,476,tm,73.00999999999999,0.2685697019987856,0.061246133998793084
WTM,477,tm,74.03999999999999,0.278598681999938,0.061004363999018096
WTM,478,tm,72.97,0.27900969099937356,0.06114287200034596
WTM,479,tm,73.33,0.2753865449994919,0.061593751999680535
WTM,480,tm,76.09,0.2741788090006594,0.06089382800018939
WTM,481,tm,75.26,0.2787785939999594,0.06135870700018131
WTM,482,tm,72.92,0.2937437150012556,0.061370141000224976
WTM,483,tm,73.42,0.2835766979987966,0.06085665700084064
WTM,484,tm,74.92,0.2815753569993831,0.060982095999861485
WTM,485,tm,74.6,0.2773899829990114,0.061150312998506706
WTM,486,tm,72.85000000000001,0.29022482199980004,0.0655299299996841
WTM,487,tm,73.26,0.28151464100119483,0.0618045869996422
WTM,488,tm,74.0,0.2912679119999666,0.06138208199990913
WTM,489,tm,73.54,0.27748189399972034,0.0613961550006934
WTM,490,tm,72.91,0.28235254200080817,0.061375713999950676
WTM,491,tm,73.59,0.2815994150005281,0.06243354599973827
WTM,492,tm,71.36,0.28132612999979756,0.06278996699984418
WTM,493,tm,73.53,0.27754793300118763,0.06169674699958705
WTM,494,tm,73.83999999999999,0.2813863589999528,0.06280696700014232
WTM,495,tm,72.32,0.2804444039993541,0.06049395799891499
WTM,496,tm,75.59,0.2870094549998612,0.06118021300062537
WTM,497,tm,70.76,0.2818945810013247,0.061550137999802246
WTM,498,tm,73.18,0.2836209699999017,0.061396484999932
WTM,499,tm,72.43,0.2891344300005585,0.061461687999326386
WTM,500,tm,74.65,0.288381295000363,0.061272286000530585
WTM-NN,1,tm,59.440000000000005,0.42975810100142553,0.05872339900088264
WTM-NN,2,tm,62.580000000000005,0.37855476000004273,0.05862585499926354
WTM-NN,3,tm,63.449999999999996,0.3636599910005316,0.05982705499991425
WTM-NN,4,tm,64.47,0.3525056119997316,0.06208531400079664
WTM-NN,5,tm,67.74,0.3337994310004433,0.06133794199922704
WTM-NN,6,tm,68.05,0.33788523800103576,0.058736814999065246
WTM-NN,7,tm,69.53,0.3280666360005853,0.06100118200083671
WTM-NN,8,tm,66.72,0.31345021200104384,0.06085479599823884
WTM-NN,9,tm,69.84,0.32917457099938474,0.059953223000775324
WTM-NN,10,tm,67.30000000000001,0.32246298199970624,0.06211083400012285
WTM-NN,11,tm,67.12,0.32120023199968273,0.06058434400074475
WTM-NN,12,tm,69.95,0.32016261700118775,0.06109549800021341
WTM-NN,13,tm,69.13,0.32059668799956853,0.06102165400079684
WTM-NN,14,tm,69.08999999999999,0.31039938799949596,0.06041863099926559
WTM-NN,15,tm,72.67,0.3119900179990509,0.06052786700092838
WTM-NN,16,tm,70.85000000000001,0.30193555999903765,0.05996067900014168
WTM-NN,17,tm,70.35,0.3166324829999212,0.06223196700011613
WTM-NN,18,tm,68.71000000000001,0.31912114799888514,0.06603557699963858
WTM-NN,19,tm,70.56,0.3098552049996215,0.06072255300023244
WTM-NN,20,tm,70.84,0.31747782899947197,0.06030192499929399
WTM-NN,21,tm,70.07,0.30800923700007843,0.061138002000006963
WTM-NN,22,tm,69.82000000000001,0.3027088469989394,0.060398304000045755
WTM-NN,23,tm,69.17,0.3003948699988541,0.0613716950010712
WTM-NN,24,tm,69.13,0.2996734190001007,0.060575991999940015
WTM-NN,25,tm,70.69,0.30740617099945666,0.0611600920001365
WTM-NN,26,tm,71.72,0.3004631250005332,0.06894164599907526
WTM-NN,27,tm,73.11,0.29439547900074103,0.06117867000102706
WTM-NN,28,tm,68.62,0.2936272660008399,0.05993506499908108
WTM-NN,29,tm,72.0,0.3048275259989168,0.060157378000440076
WTM-NN,30,tm,70.67,0.30253846000050544,0.06165500800125301
WTM-NN,31,tm,69.94,0.29071456600104284,0.0612468870003795
WTM-NN,32,tm,74.96000000000001,0.29565678799917805,0.05991872399863496
WTM-NN,33,tm,72.27,0.29430159100047604,0.06008216100053687
WTM-NN,34,tm,70.88,0.29181670599973586,0.059865278999495786
WTM-NN,35,tm,72.07000000000001,0.2953922840006271,0.06024246099877928
WTM-NN,36,tm,69.46,0.29358840399982,0.061750451000989415
WTM-NN,37,tm,67.13,0.2943345830008184,0.060717880000083824
WTM-NN,38,tm,74.95,0.29666291600005934,0.0609454410005128
WTM-NN,39,tm,73.50999999999999,0.2868936470003973,0.060859526000058395
WTM-NN,40,tm,72.42,0.28890617600154656,0.06137809999927413
WTM-NN,41,tm,73.33,0.29185561099984625,0.05996048799897835
WTM-NN,42,tm,73.66,0.28733750299943495,0.06131276700034505
WTM-NN,43,tm,72.97,0.2877096110005368,0.06055838000065705
WTM-NN,44,tm,73.37,0.298628621001626,0.061171462999482173
WTM-NN,45,tm,71.39999999999999,0.28964941699996416,0.05986507200032065
WTM-NN,46,tm,72.15,0.29166986099880887,0.06148162799945567
WTM-NN,47,tm,72.89,0.29020424599912076,0.06066095499954827
WTM-NN,48,tm,71.69,0.29116465600054653,0.06090053700063436
WTM-NN,49,tm,72.23,0.29483842800073035,0.06060571299894946
WTM-NN,50,tm,71.13000000000001,0.29464990199994645,0.060305937000521226
WTM-NN,51,tm,74.18,0.29228351799974917,0.060714188000929425
WTM-NN,52,tm,74.53999999999999,0.2920224200006487,0.0615756870010955
WTM-NN,53,tm,72.21,0.28279322599883017,0.06170163299975684
WTM-NN,54,tm,71.04,0.2965915419990779,0.061142836000726675
WTM-NN,55,tm,73.48,0.2797518349998427,0.060438845999669866
WTM-NN,56,tm,71.14,0.2902910350003367,0.06061578600019857
WTM-NN,57,tm,70.83,0.28845919800005504,0.06093784899894672
WTM-NN,58,tm,72.98,0.2864388760008296,0.06025339699954202
WTM-NN,59,tm,70.03,0.29182410899920797,0.06061568499899295
WTM-NN,60,tm,71.81,0.2887012289993436,0.06020166199959931
WTM-NN,61,tm,74.25,0.2858290580006724,0.0613583380018099
WTM-NN,62,tm,71.47,0.2767119950003689,0.06052318699948955
WTM-NN,63,tm,72.05,0.290576653998869,0.06074905800051056
WTM-NN,64,tm,72.67,0.29365823900116084,0.061020605000521755
WTM-NN,65,tm,71.03,0.2893984199999977,0.06048718599959102
WTM-NN,66,tm,72.50999999999999,0.2885963239987177,0.060638147000645404
WTM-NN,67,tm,73.11999999999999,0.2922558950012899,0.06255236600009084
WTM-NN,68,tm,72.13000000000001,0.28904273899934196,0.0627180870014854
WTM-NN,69,tm,69.26,0.2899539040008676,0.06115908500032674
WTM-NN,70,tm,73.31,0.29204654100067273,0.060156045999974594
WTM-NN,71,tm,70.78,0.2861989459997858,0.06041367999932845
WTM-NN,72,tm,72.38,0.2946975899994868,0.05983720800031733
WTM-NN,73,tm,72.09,0.28636759799883293,0.06111993599915877
WTM-NN,74,tm,72.24000000000001,0.28903008499946736,0.060726735999196535
WTM-NN,75,tm,71.35000000000001,0.28143344999989495,0.06076984299943433
WTM-NN,76,tm,75.07000000000001,0.2938240630010114,0.060975825999776134
WTM-NN,77,tm,74.0,0.2863784970013512,0.06087100399963674
WTM-NN,78,tm,74.88,0.2838962440000614,0.06051729200044065
WTM-NN,79,tm,73.42999999999999,0.28816358299991407,0.05952501499996288
WTM-NN,80,tm,69.99,0.28401424799994857,0.06032665699967765
WTM-NN,81,tm,71.78,0.2879828169989196,0.06175212199923408
WTM-NN,82,tm,73.41,0.28831443400122225,0.061379468001177884
WTM-NN,83,tm,72.65,0.29469928099933895,0.06093719599994074
WTM-NN,84,tm,72.09,0.2857182539992209,0.06215712399898621
WTM-NN,85,tm,72.89,0.28085734700107423,0.061473854000723804
WTM-NN,86,tm,72.8,0.2857566210004734,0.06188668499999039
WTM-NN,87,tm,70.54,0.29733976399984385,0.06152144100087753
WTM-NN,88,tm,73.74000000000001,0.2943946790001064,0.06125121299919556
WTM-NN,89,tm,73.21,0.28662856300070416,0.06081939700015937
WTM-NN,90,tm,73.81,0.292710100999102,0.06176071300069452
WTM-NN,91,tm,75.05,0.28611716300110857,0.05951733400070225
WTM-NN,92,tm,72.67,0.2905889659996319,0.061073775999830104
WTM-NN,93,tm,70.78999999999999,0.2851691949999804,0.06075932200110401
WTM-NN,94,tm,73.78,0.2861695680003322,0.062390786999458214
WTM-NN,95,tm,72.46000000000001,0.2936979589994735,0.06061038000007102
WTM-NN,96,tm,73.11,0.2881057710001187,0.06667916799960949
WTM-NN,97,tm,73.82,0.28632430099969497,0.061210458999994444
WTM-NN,98,tm,70.21,0.288894903000255,0.06082393799988495
WTM-NN,99,tm,73.49,0.288176702999408,0.060997651000434416
WTM-NN,100,tm,73.4,0.28844300899982045,0.06124426099995617
WTM-NN,101,tm,72.07000000000001,0.2838613490002899,0.06118135200085817
WTM-NN,102,tm,73.69,0.28622578800059273,0.0607958709988452
WTM-NN,103,tm,70.94,0.2895156889990176,0.05904749499859463
WTM-NN,104,tm,71.63000000000001,0.2769710020002094,0.05789809100133425
WTM-NN,105,tm,72.58,0.28507160899971495,0.06108715900154493
WTM-NN,106,tm,68.31,0.285641532000227,0.06063417199948162
WTM-NN,107,tm,72.55,0.28689430400118,0.06180889200004458
WTM-NN,108,tm,72.49,0.2789139430005889,0.061404550999213825
WTM-NN,109,tm,73.57000000000001,0.28585819199906837,0.06064475200037123
WTM-NN,110,tm,73.09,0.2866495020007278,0.060836204000224825
WTM-NN,111,tm,73.7,0.28733773000021756,0.061925690999487415
WTM-NN,112,tm,75.28,0.28501870400032203,0.06091241800095304
WTM-NN,113,tm,72.96000000000001,0.2904547039997851,0.06121908399836684
WTM-NN,114,tm,74.09,0.2915880060008931,0.061030066999592236
WTM-NN,115,tm,71.8,0.2855433080003422,0.059982004000630695
WTM-NN,116,tm,72.77,0.2905573539992474,0.06080058699990332
WTM-NN,117,tm,70.76,0.284730749001028,0.06091001400091045
WTM-NN,118,tm,74.82,0.2841302339984395,0.061124957999709295
WTM-NN,119,tm,71.65,0.2843083059997298,0.06098169700089784
WTM-NN,120,tm,71.13000000000001,0.27998988599938457,0.06109965799987549
WTM-NN,121,tm,74.66000000000001,0.28475102500124194,0.06092021599943109
WTM-NN,122,tm,69.84,0.28238514400072745,0.06063375600024301
WTM-NN,123,tm,72.09,0.2831702729999961,0.061027108000416774
WTM-NN,124,tm,74.11,0.2829227189995436,0.060625791998973
WTM-NN,125,tm,73.41,0.2884528029990179,0.06093367799985572
WTM-NN,126,tm,73.55000000000001,0.2841420790009579,0.06071819300086645
WTM-NN,127,tm,73.19,0.28818052600036026,0.0605434190001688
WTM-NN,128,tm,72.52,0.29089065399966785,0.06123368699991261
WTM-NN,129,tm,71.74000000000001,0.2826661700000841,0.061026029999993625
WTM-NN,130,tm,71.97,0.2816115069999796,0.06079247900015616
WTM-NN,131,tm,74.0,0.293597279000096,0.062153836001016316
WTM-NN,132,tm,72.97,0.27294328500101983,0.06112312199911685
WTM-NN,133,tm,72.87,0.27833407600155624,0.06100247200083686
WTM-NN,134,tm,73.57000000000001,0.28789302699988184,0.0609301519998553
WTM-NN,135,tm,72.87,0.2967074389998743,0.06009197599996696
WTM-NN,136,tm,73.72,0.29009131800012256,0.06158403700101189
WTM-NN,137,tm,75.86,0.289954181000212,0.06147369000063918
WTM-NN,138,tm,73.77,0.2831739829998696,0.0619126680012414
WTM-NN,139,tm,70.47,0.29365747699921485,0.061008720000245376
WTM-NN,140,tm,73.49,0.28270462399996177,0.060569556000700686
WTM-NN,141,tm,73.46000000000001,0.2837956410003244,0.060925961999600986
WTM-NN,142,tm,71.41999999999999,0.28079201800028386,0.06069819799995457
WTM-NN,143,tm,72.86,0.2847023859994806,0.06002507800076273
WTM-NN,144,tm,71.91,0.2796510499993019,0.06045554299998912
WTM-NN,145,tm,69.73,0.2900940859999537,0.060392916999262525
WTM-NN,146,tm,74.17,0.2738199370014627,0.061281555999812554
WTM-NN,147,tm,73.58,0.28490025700011756,0.06100325899933523
WTM-NN,148,tm,71.48,0.28293614399990474,0.06285045399999944
WTM-NN,149,tm,73.06,0.29149897800016333,0.06114495099973283
WTM-NN,150,tm,72.28,0.2844838189994334,0.06063369000003149
WTM-NN,151,nn,79.12,0.19200152899975365,0.06565306799893733
WTM-NN,152,nn,79.63,0.18714841099972546,0.06382686699907936
WTM-NN,153,nn,80.01,0.177339720999953,0.06440846099940245
WTM-NN,154,nn,80.15,0.18111868300002243,0.06443307299923617
WTM-NN,155,nn,80.13,0.25855965899972944,0.062492229999406845
WTM-NN,156,nn,80.23,0.18480111800090526,0.06088202499995532
WTM-NN,157,nn,80.15,0.19291365199933352,0.06388066199906461
WTM-NN,158,nn,80.22,0.18461803100035468,0.06157105299826071
WTM-NN,159,nn,80.22,0.18340929399892048,0.061805401999663445
WTM-NN,160,nn,80.11,0.19113250299960782,0.062022882999372086
WTM-NN,161,nn,80.12,0.1907773120001366,0.06080542599920591
WTM-NN,162,nn,80.30000000000001,0.25083628900029,0.05966236600033881
WTM-NN,163,nn,80.2,0.191807721999794,0.06049845199959236
WTM-NN,164,nn,80.08,0.19420024399914837,0.06264354499944602
WTM-NN,165,nn,80.16,0.1778099179991841,0.0617721110011189
WTM-NN,166,nn,80.0,0.24936734400034766,0.06047589599984349
WTM-NN,167,nn,80.23,0.18347682100102247,0.06100410700128123
WTM-NN,168,nn,80.14,0.18994997699883243,0.06397013899913873
WTM-NN,169,nn,80.2,0.17901322499892558,0.06117457100117463
WTM-NN,170,nn,80.03,0.17918231200019363,0.06169354700068652
WTM-NN,171,nn,80.34,0.17795213899989903,0.06058220200065989
WTM-NN,172,nn,80.32000000000001,0.1798304330004612,0.06179803700069897
WTM-NN,173,nn,80.17999999999999,0.17842654699961713,0.060209155999473296
WTM-NN,174,nn,80.25,0.24755513899981452,0.06158346299889672
WTM-NN,175,nn,80.22,0.1867632789999334,0.06019863300025463
WTM-NN,176,nn,80.14,0.19363099999827682,0.06097634100115101
WTM-NN,177,nn,80.14,0.1831631169989123,0.06057176800095476
WTM-NN,178,nn,80.25999999999999,0.24942907399963588,0.060668272999464534
WTM-NN,179,nn,80.15,0.19382224499895528,0.06004228199890349
WTM-NN,180,nn,80.32000000000001,0.1917468129995541,0.0627869730014936
WTM-NN,181,nn,80.12,0.19275773899971682,0.060139975999845774
WTM-NN,182,nn,80.36,0.18230232699897897,0.06703510700026527
WTM-NN,183,nn,80.35,0.1958089639992977,0.061274548001165385
WTM-NN,184,nn,80.34,0.19607587800055626,0.0625970379987848
WTM-NN,185,nn,80.38,0.18558300100085035,0.06425442999898223
WTM-NN,186,nn,80.45,0.2527462039997772,0.06111853199945472
WTM-NN,187,nn,80.25,0.19398686900058237,0.06121764700037602
WTM-NN,188,nn,80.4,0.19173126900022908,0.06184225200013316
WTM-NN,189,nn,80.4,0.19412580599964713,0.06153857800018159
WTM-NN,190,nn,80.36,0.2523514479998994,0.060236012999666855
WTM-NN,191,nn,80.35,0.19041811600072833,0.06120283699965512
WTM-NN,192,nn,80.36,0.18320664699967892,0.05919778600036807
WTM-NN,193,nn,80.46,0.18702570799905516,0.06104325699925539
WTM-NN,194,nn,80.51,0.19294103299944254,0.06000325700006215
WTM-NN,195,nn,80.57,0.18877053299911495,0.06108757199945103
WTM-NN,196,nn,80.47999999999999,0.19104051599970262,0.061069090999808395
WTM-NN,197,nn,80.35,0.1928161010000622,0.06679491099930601
WTM-NN,198,nn,80.54,0.2413497390007251,0.06155462999959127
WTM-NN,199,nn,80.47,0.1906661239991081,0.06708830500065233
WTM-NN,200,nn,80.55,0.19915994999973918,0.06160389199976635
WTM-NN,201,nn,80.60000000000001,0.25297777699961443,0.064559274000203
WTM-NN,202,nn,80.71000000000001,0.19280416499896091,0.061855485999330995
WTM-NN,203,nn,80.55,0.19334353399972315,0.05904507000013837
WTM-NN,204,nn,80.66,0.20449427099993045,0.0603119549996336
WTM-NN,205,nn,80.62,0.18513068799984467,0.06022064599892474
WTM-NN,206,nn,80.72,0.17807581099987146,0.060192222001205664
WTM-NN,207,nn,80.55,0.1787914409997029,0.06092520499987586
WTM-NN,208,nn,80.66,0.17783217600117496,0.05979834799836681
WTM-NN,209,nn,80.72,0.2376960269994015,0.06189045900100609
WTM-NN,210,nn,80.64,0.1783013349995599,0.06150687900117191
WTM-NN,211,nn,80.81,0.18004781600029673,0.06144761900031881
WTM-NN,212,nn,80.60000000000001,0.17687953999848105,0.060369820001142216
WTM-NN,213,nn,80.67999999999999,0.24267981100092584,0.060193514998900355
WTM-NN,214,nn,80.67,0.1929900989998714,0.06138761500005785
WTM-NN,215,nn,80.83,0.1949772629996005,0.0612672939987533
WTM-NN,216,nn,80.64,0.19266443000014988,0.060945781999180326
WTM-NN,217,nn,80.7,0.1912479650000023,0.061628925999684725
WTM-NN,218,nn,80.78,0.19377112700021826,0.062140194000676274
WTM-NN,219,nn,80.73,0.1937775429996691,0.06094997000036528
WTM-NN,220,nn,80.96,0.18992423600138864,0.06034512400037784
WTM-NN,221,nn,80.9,0.2521280109995132,0.06082249799874262
WTM-NN,222,nn,80.62,0.17944400899978064,0.06155596600001445
WTM-NN,223,nn,80.65,0.18519485799879476,0.06100427899946226
WTM-NN,224,nn,80.65,0.19253711300007126,0.06091741999989608
WTM-NN,225,nn,80.80000000000001,0.2492677049995109,0.05764928300050087
WTM-NN,226,nn,80.63,0.1925014070002362,0.059793412998260465
WTM-NN,227,nn,80.65,0.19172080400130653,0.06000413699985074
WTM-NN,228,nn,80.75,0.19103598399851762,0.06101706200024637
WTM-NN,229,nn,80.7,0.19356214299841668,0.059249189998809015
WTM-NN,230,nn,80.74,0.19163888199909707,0.061102065001250594
WTM-NN,231,nn,80.83,0.19000493299972732,0.06093087900080718
WTM-NN,232,nn,80.74,0.18409999600044102,0.060997526001301594
WTM-NN,233,nn,80.71000000000001,0.250628333998975,0.061320238000917016
WTM-NN,234,nn,80.86,0.1898901990007289,0.06134467999982007
WTM-NN,235,nn,80.66,0.19186929400166264,0.06030439700043644
WTM-NN,236,nn,80.82000000000001,0.19313894900005835,0.06075755699930596
WTM-NN,237,nn,80.76,0.24751895899862575,0.06016978899970127
WTM-NN,238,nn,80.72,0.19243603500035533,0.06132256199998665
WTM-NN,239,nn,80.83,0.1929318830007105,0.06108886400033953
WTM-NN,240,nn,80.76,0.1924595529999351,0.061174511998615344
WTM-NN,241,nn,80.58999999999999,0.19155907399908756,0.05873547299961501
WTM-NN,242,nn,80.66,0.1833304510000744,0.06100467099895468
WTM-NN,243,nn,80.74,0.19368429800124431,0.06092860200078576
WTM-NN,244,nn,80.80000000000001,0.25040969899964693,0.06273873899954197
WTM-NN,245,nn,80.66,0.18887603499933903,0.06189416900087963
WTM-NN,246,nn,80.78999999999999,0.18915719200049352,0.061061233000145876
WTM-NN,247,nn,80.82000000000001,0.19236007200015592,0.061831682000047294
WTM-NN,248,nn,80.94,0.2517468400001235,0.061352180999165284
WTM-NN,249,nn,80.80000000000001,0.178078311999343,0.06102332199952798
WTM-NN,250,nn,80.99,0.1890717879996373,0.0602478799992241
WTM-NN,251,nn,80.9,0.19269793499915977,0.06206970399944112
WTM-NN,252,nn,80.9,0.18399907599996368,0.0619201579993387
WTM-NN,253,nn,80.86,0.18784451299870852,0.060470417000033194
WTM-NN,254,nn,80.84,0.183262216998628,0.06121775199972035
WTM-NN,255,nn,80.84,0.1938007730004756,0.06316994099870499
WTM-NN,256,nn,80.5,0.24428174200147623,0.06269985499966424
WTM-NN,257,nn,80.74,0.17521845900046173,0.06171775199982221
WTM-NN,258,nn,80.54,0.19168754699967394,0.06179439100014861
WTM-NN,259,nn,80.63,0.17662515900155995,0.06127902500156779
WTM-NN,260,nn,80.87,0.2492819849994703,0.06101338500047859
WTM-NN,261,nn,80.76,0.1745862380012113,0.06141786999978649
WTM-NN,262,nn,80.80000000000001,0.18954893999944034,0.060375039000064135
WTM-NN,263,nn,80.80000000000001,0.1929252619993349,0.06106226000156312
WTM-NN,264,nn,80.67,0.19076829200093925,0.061952190999363665
WTM-NN,265,nn,80.82000000000001,0.1897860370008857,0.06101352299992868
WTM-NN,266,nn,80.76,0.17947856800128648,0.062307848000273225
WTM-NN,267,nn,80.75,0.17813776999901165,0.06116553600077168
WTM-NN,268,nn,80.83,0.23819453900068766,0.06265663299927837
WTM-NN,269,nn,80.73,0.1817340809993766,0.062158840999472886
WTM-NN,270,nn,80.65,0.18053464500007976,0.061727176000204054
WTM-NN,271,nn,80.71000000000001,0.23740815199926146,0.06203407899920421
WTM-NN,272,nn,80.80000000000001,0.17867648499850475,0.06186828600039007
WTM-NN,273,nn,80.7,0.17767504899893538,0.060932177999347914
WTM-NN,274,nn,80.63,0.18430970100052946,0.060109516000011354
WTM-NN,275,nn,80.63,0.17888209599914262,0.059463083000082406
WTM-NN,276,nn,80.67999999999999,0.18227366899918707,0.0620381089993316
WTM-NN,277,nn,80.82000000000001,0.17927772000075493,0.06188581000060367
WTM-NN,278,nn,80.62,0.17875304500012135,0.06124676099898352
WTM-NN,279,nn,80.69,0.23725333199945453,0.061923437000587
WTM-NN,280,nn,80.62,0.19815483999991557,0.06085283999891544
WTM-NN,281,nn,80.80000000000001,0.19290661800005182,0.06118512099965301
WTM-NN,282,nn,80.66,0.19339259400112496,0.0607509809997282
WTM-NN,283,nn,80.77,0.252129889000571,0.06120690200077661
WTM-NN,284,nn,80.73,0.19281666099959693,0.05861742100023548
WTM-NN,285,nn,80.75,0.1928461759998754,0.060431279000113136
WTM-NN,286,nn,80.82000000000001,0.18306439899970428,0.06117160500070895
WTM-NN,287,nn,80.69,0.18903008500092255,0.05930029199953424
WTM-NN,288,nn,80.91000000000001,0.18241497999952117,0.06122587000027124
WTM-NN,289,nn,80.91000000000001,0.19219194299876108,0.06267924299936567
WTM-NN,290,nn,80.86,0.1807481559990265,0.06112986600055592
WTM-NN,291,nn,80.88,0.24984130000120786,0.0619526609989407
WTM-NN,292,nn,80.74,0.18358282999906805,0.061670774999583955
WTM-NN,293,nn,80.82000000000001,0.1826300299999275,0.062272016000861186
WTM-NN,294,nn,80.78999999999999,0.1785114190006425,0.06199200000082783
WTM-NN,295,nn,80.81,0.23769144700054312,0.061996988000828424
WTM-NN,296,nn,80.72,0.18097906700131716,0.061900712998976815
WTM-NN,297,nn,80.58,0.17847873800019443,0.06209164999927452
WTM-NN,298,nn,80.73,0.17845160800061421,0.06188960799954657
WTM-NN,299,nn,80.71000000000001,0.1807798259997071,0.061925038000481436
WTM-NN,300,nn,80.66,0.18201888399926247,0.06207836599969596
WTM-NN,301,nn,80.73,0.17851023199909832,0.06232011399879411
WTM-NN,302,nn,80.81,0.17959280400100397,0.0622168869995221
WTM-NN,303,nn,80.66,0.23994588799905614,0.06206428100085759
WTM-NN,304,nn,80.56,0.17838899600064906,0.060807212999861804
WTM-NN,305,nn,80.80000000000001,0.17934003200025472,0.06250213699968299
WTM-NN,306,nn,80.73,0.1783459540001786,0.06070980100048473
WTM-NN,307,nn,80.62,0.2381511040002806,0.06232460100000026
WTM-NN,308,nn,80.75,0.17823692399906577,0.06119635700088111
WTM-NN,309,nn,80.91000000000001,0.182702847998371,0.06256860199937364
WTM-NN,310,nn,80.81,0.19221977300003346,0.06187976000001072
WTM-NN,311,nn,80.69,0.19225215599908552,0.06262668999988819
WTM-NN,312,nn,80.88,0.18865980700138607,0.060919925999769475
WTM-NN,313,nn,80.62,0.19097953599884931,0.06135050299963041
WTM-NN,314,nn,80.62,0.24497187999986636,0.06192947300041851
WTM-NN,315,nn,80.83,0.1750703589987097,0.06275487300081295
WTM-NN,316,nn,80.81,0.19104123099896242,0.06122283399963635
WTM-NN,317,nn,80.80000000000001,0.19377627999892866,0.06276921999960905
WTM-NN,318,nn,80.7,0.25122175500109734,0.061862515000029816
WTM-NN,319,nn,80.7,0.19414457299899368,0.06238993599981768
WTM-NN,320,nn,80.76,0.1824451720003708,0.061558326000522356
WTM-NN,321,nn,80.56,0.19298892200094997,0.06152619199929177
WTM-NN,322,nn,80.78,0.18681824899977073,0.06190887800039491
WTM-NN,323,nn,80.67999999999999,0.1824353730007715,0.06320896500074014
WTM-NN,324,nn,80.84,0.19269224399977247,0.06154176300151448
WTM-NN,325,nn,80.81,0.19183697100015706,0.0610919560003822
WTM-NN,326,nn,80.57,0.2519531490015652,0.06194405300084327
WTM-NN,327,nn,80.7,0.17547862799983704,0.060593491998588433
WTM-NN,328,nn,80.78999999999999,0.19296581499838794,0.06036155800029519
WTM-NN,329,nn,80.86,0.17332476999945357,0.06061989900081244
WTM-NN,330,nn,80.77,0.25236258299992187,0.060763174000385334
WTM-NN,331,nn,80.61,0.19302018999951542,0.06268460700084688
WTM-NN,332,nn,80.66,0.19221963699965272,0.06045842599996831
WTM-NN,333,nn,80.67999999999999,0.19276671300031012,0.06250775199987402
WTM-NN,334,nn,80.78999999999999,0.18120205300147063,0.06288925700027903
WTM-NN,335,nn,80.64,0.18292639199898986,0.06062985400058096
WTM-NN,336,nn,80.69,0.19057080099992163,0.06262767000043823
WTM-NN,337,nn,80.77,0.18425154400028987,0.06194072700054676
WTM-NN,338,nn,80.81,0.2510359410007368,0.06286863099921902
WTM-NN,339,nn,80.61,0.19421854100073688,0.06046779999996943
WTM-NN,340,nn,80.77,0.18930330200055323,0.06051037599900155
WTM-NN,341,nn,80.7,0.1894173700002284,0.06205430999943928
WTM-NN,342,nn,80.66,0.25242995000007795,0.06297381299918925
WTM-NN,343,nn,80.87,0.19224236899935931,0.06280243500077631
WTM-NN,344,nn,80.76,0.17639401800079213,0.06217363900032069
WTM-NN,345,nn,80.77,0.19394875999932992,0.060865776000355254
WTM-NN,346,nn,80.73,0.1903407869995135,0.0670991419992788
WTM-NN,347,nn,80.49,0.1839794100014842,0.06106729299972358
WTM-NN,348,nn,80.85,0.17845730500084755,0.060500687000967446
WTM-NN,349,nn,80.87,0.1784284959994693,0.06344280799930857
WTM-NN,350,nn,80.77,0.2426166490004107,0.06282970599932014
WTM-NN,351,nn,80.81,0.19346700400092232,0.06268424799964123
WTM-NN,352,nn,80.88,0.19368538400158286,0.06040628499977174
WTM-NN,353,nn,80.52,0.19177734199911356,0.06256051200034562
WTM-NN,354,nn,80.75,0.25145094099934795,0.06143483600135369
WTM-NN,355,nn,80.91000000000001,0.19298241500109725,0.06175864500073658
WTM-NN,356,nn,80.83,0.18640743699870654,0.06073249300061434
WTM-NN,357,nn,80.85,0.17862851400059299,0.05882301199926587
WTM-NN,358,nn,80.82000000000001,0.18828039300024102,0.060849110999697587
WTM-NN,359,nn,80.67999999999999,0.1941428640002414,0.06095426699903328
WTM-NN,360,nn,80.69,0.1930677119999018,0.060778643000958255
WTM-NN,361,nn,80.62,0.24081116799970914,0.06020568299936713
WTM-NN,362,nn,80.69,0.1955776180002431,0.06195106099949044
WTM-NN,363,nn,80.78999999999999,0.1944389370000863,0.06192069000098854
WTM-NN,364,nn,80.80000000000001,0.19268971299970872,0.061333067998930346
WTM-NN,365,nn,80.9,0.2508217060003517,0.05950652600040485
WTM-NN,366,nn,80.7,0.19353388099989388,0.06547205700007908
WTM-NN,367,nn,80.76,0.19361940400085587,0.06092699399960111
WTM-NN,368,nn,80.85,0.19153012400056468,0.061444678000043496
WTM-NN,369,nn,80.80000000000001,0.19222515299952647,0.06092462000015075
WTM-NN,370,nn,80.76,0.18987749699954293,0.06055862299945147
WTM-NN,371,nn,80.58,0.19333192500016594,0.060532120000061695
WTM-NN,372,nn,80.63,0.19242596399999456,0.06157844399967871
WTM-NN,373,nn,80.83,0.25264867800069624,0.06253682399983518
WTM-NN,374,nn,80.74,0.19339221399968665,0.06056545499995991
WTM-NN,375,nn,80.77,0.18884477699975832,0.06613297200055968
WTM-NN,376,nn,80.81,0.1898414799998136,0.06170281099912245
WTM-NN,377,nn,80.95,0.25380380299975513,0.06105472200033546
WTM-NN,378,nn,80.64,0.1939585719992465,0.061229863998960354
WTM-NN,379,nn,80.81,0.1926437790007185,0.06725375700079894
WTM-NN,380,nn,80.76,0.19200143499983824,0.06144963399856351
WTM-NN,381,nn,80.66,0.18136149100064358,0.061004553999737254
WTM-NN,382,nn,80.83,0.19252771099854726,0.06067467499997292
WTM-NN,383,nn,80.65,0.1934707359996537,0.06068973799847299
WTM-NN,384,nn,80.76,0.19022785899869632,0.0610552939997433
WTM-NN,385,nn,80.78999999999999,0.25208787900010066,0.06196823900063464
WTM-NN,386,nn,80.62,0.1925620969996089,0.06161477099885815
WTM-NN,387,nn,80.69,0.17810250999900745,0.06128317799993965
WTM-NN,388,nn,80.76,0.2533602030016482,0.060252446000959026
WTM-NN,389,nn,80.85,0.1932040550000238,0.062082575999738765
WTM-NN,390,nn,80.66,0.18586226200022793,0.060946373001570464
WTM-NN,391,nn,80.47999999999999,0.18686810700091883,0.06258796799920674
WTM-NN,392,nn,80.73,0.1922461120011576,0.06103223599893681
WTM-NN,393,nn,80.84,0.18740186499962874,0.06220237500019721
WTM-NN,394,nn,80.73,0.19346821600083786,0.06148861400106398
WTM-NN,395,nn,80.60000000000001,0.1937968970014481,0.06117737299973669
WTM-NN,396,nn,80.67999999999999,0.2485756690002745,0.06044203099918377
WTM-NN,397,nn,80.78,0.17530047699983697,0.06048454600022524
WTM-NN,398,nn,80.7,0.1931358250003541,0.06185162000110722
WTM-NN,399,nn,80.61,0.18963195600008476,0.06104207899988978
WTM-NN,400,nn,80.77,0.25199428999985685,0.06103550700026972
WTM-NN,401,nn,80.67999999999999,0.18702739199943608,0.06126702599976852
WTM-NN,402,nn,80.52,0.1852299589991162,0.061345668000285514
WTM-NN,403,nn,80.78999999999999,0.17797148700083198,0.061544354999568895
WTM-NN,404,nn,80.67,0.17880304199934471,0.06111936000161222
WTM-NN,405,nn,80.69,0.17871272299998964,0.0620581029997993
WTM-NN,406,nn,80.64,0.17805274900092627,0.06013182799870265
WTM-NN,407,nn,80.81,0.18089922699982708,0.061419723999279086
WTM-NN,408,nn,80.60000000000001,0.23706950300038443,0.061964357999386266
WTM-NN,409,nn,80.46,0.1793804219996673,0.06087921099970117
WTM-NN,410,nn,80.64,0.17867109100006928,0.0612175890000799
WTM-NN,411,nn,80.73,0.17875791599908553,0.059386236000136705
WTM-NN,412,nn,80.75,0.23924592900038988,0.060944798999116756
WTM-NN,413,nn,80.74,0.17837386000064726,0.06175974000143469
WTM-NN,414,nn,80.63,0.18187192699951993,0.06064960199910274
WTM-NN,415,nn,80.78,0.17857184099921142,0.06025770500127692
WTM-NN,416,nn,80.65,0.17828208099854237,0.06139637399974163
WTM-NN,417,nn,80.67,0.17765468799916562,0.06212084399885498
WTM-NN,418,nn,80.77,0.17846326600010798,0.06109697099964251
WTM-NN,419,nn,80.75,0.17833185999916168,0.06062697199922695
WTM-NN,420,nn,80.74,0.2369857180001418,0.06135615000130201
WTM-NN,421,nn,80.75,0.18312634199901368,0.06124781600010465
WTM-NN,422,nn,80.72,0.17492660300013085,0.0607029019993206
WTM-NN,423,nn,80.71000000000001,0.1831098300008307,0.06104959399999643
WTM-NN,424,nn,80.89,0.24271147799845494,0.062072680999335716
WTM-NN,425,nn,80.83,0.1854262380002183,0.060980197000390035
WTM-NN,426,nn,80.77,0.19254626700057997,0.06145868800012977
WTM-NN,427,nn,80.58999999999999,0.19132008900123765,0.06139025499942363
WTM-NN,428,nn,80.80000000000001,0.18490314100017713,0.060668426000120235
WTM-NN,429,nn,80.80000000000001,0.1783022700001311,0.061710676998700364
WTM-NN,430,nn,80.71000000000001,0.178467757999897,0.060498740000184625
WTM-NN,431,nn,80.78,0.24037500899976294,0.060888145000717486
WTM-NN,432,nn,80.69,0.17877435800073727,0.061887443998784875
WTM-NN,433,nn,80.67999999999999,0.17980756699944322,0.06104026100001647
WTM-NN,434,nn,80.81,0.1783530039992911,0.061909329999252805
WTM-NN,435,nn,80.67,0.24000828699900012,0.05936895800005004
WTM-NN,436,nn,80.71000000000001,0.17825276300027326,0.06195857100101421
WTM-NN,437,nn,80.81,0.17815282399897114,0.06231956500050728
WTM-NN,438,nn,80.58999999999999,0.18053962500016496,0.06063019199973496
WTM-NN,439,nn,80.77,0.19308499399994616,0.059810533000927535
WTM-NN,440,nn,80.60000000000001,0.1929878490009287,0.06088774499949068
WTM-NN,441,nn,80.72,0.19312607999927422,0.060823544999948354
WTM-NN,442,nn,80.72,0.19357215499985614,0.06011283400039247
WTM-NN,443,nn,80.82000000000001,0.250671276000503,0.06136896499992872
WTM-NN,444,nn,80.67,0.19316496099963842,0.060913428000276326
WTM-NN,445,nn,80.72,0.19468575599967153,0.06712128999970446
WTM-NN,446,nn,80.81,0.19417461000011826,0.06264913899940439
WTM-NN,447,nn,80.72,0.24765681499957282,0.0615351489996101
WTM-NN,448,nn,80.7,0.185192115000973,0.060902496001290274
WTM-NN,449,nn,80.65,0.18238440999994054,0.06048470899986569
WTM-NN,450,nn,80.82000000000001,0.19226881800022966,0.06087775499872805
WTM-NN,451,nn,80.7,0.19139897399873007,0.062336308999874745
WTM-NN,452,nn,80.71000000000001,0.19318824800029688,0.060916500000530505
WTM-NN,453,nn,80.82000000000001,0.19352686399906815,0.06174523800109455
WTM-NN,454,nn,80.78,0.19336709700110077,0.06028269799935515
WTM-NN,455,nn,80.73,0.2378494229997159,0.060852164000607445
WTM-NN,456,nn,80.60000000000001,0.19094729899916274,0.060537654000654584
WTM-NN,457,nn,80.66,0.19281152300027316,0.06091621099949407
WTM-NN,458,nn,80.71000000000001,0.2503628030008258,0.060491726000691415
WTM-NN,459,nn,80.76,0.1847985050007992,0.0604306639997958
WTM-NN,460,nn,80.67,0.19384528400041745,0.06220251600097981
WTM-NN,461,nn,80.97,0.1938702049992571,0.06243404499946337
WTM-NN,462,nn,80.67,0.19164502000057837,0.06073084299896436
WTM-NN,463,nn,80.64,0.1934576020012173,0.06110094200084859
WTM-NN,464,nn,80.76,0.18964140699972631,0.06023301599998376
WTM-NN,465,nn,80.85,0.17887863900068623,0.06296718200064788
WTM-NN,466,nn,80.82000000000001,0.23728227099854848,0.062294435998410336
WTM-NN,467,nn,80.67999999999999,0.17909928399967612,0.06191694000153802
WTM-NN,468,nn,80.64,0.18004282600122679,0.06139995900048234
WTM-NN,469,nn,80.67,0.17886506699869642,0.06196116399951279
WTM-NN,470,nn,80.63,0.23925871400024334,0.0612677139997686
WTM-NN,471,nn,80.84,0.17882765300055325,0.06196673199883662
WTM-NN,472,nn,80.65,0.17973046200131648,0.06109927999932552
WTM-NN,473,nn,80.91000000000001,0.17873015099939948,0.062008658998820465
WTM-NN,474,nn,80.78,0.17826204700031667,0.0622974299985799
WTM-NN,475,nn,80.60000000000001,0.17997638800079585,0.06245649099946604
WTM-NN,476,nn,80.83,0.1780667019993416,0.062387218998992466
WTM-NN,477,nn,80.83,0.1810645339992334,0.06118398500075273
WTM-NN,478,nn,80.7,0.23864837499968417,0.06171193399859476
WTM-NN,479,nn,80.92,0.1810075230005168,0.06155520699940098
WTM-NN,480,nn,80.97,0.1802451010007644,0.061979611000424484
WTM-NN,481,nn,80.77,0.17983159399955184,0.061523590000433614
WTM-NN,482,nn,80.71000000000001,0.24118956300117134,0.061691296999924816
WTM-NN,483,nn,80.75,0.18453946099907625,0.060736564999388065
WTM-NN,484,nn,80.72,0.1953460670010827,0.06267988200124819
WTM-NN,485,nn,80.62,0.18243818600058148,0.06207011700098519
WTM-NN,486,nn,80.84,0.18022069899961934,0.061612456000148086
WTM-NN,487,nn,80.75,0.18027882499882253,0.06050732699986838
WTM-NN,488,nn,80.67,0.17838604000098712,0.06194266899910872
WTM-NN,489,nn,80.62,0.1897523600000568,0.0612965370000893
WTM-NN,490,nn,80.73,0.2514540840002155,0.06439160199988692
WTM-NN,491,nn,80.74,0.19355485199957911,0.06027746499967179
WTM-NN,492,nn,80.63,0.19244980800067424,0.061336661001405446
WTM-NN,493,nn,80.9,0.19355790900044667,0.06072976299947186
WTM-NN,494,nn,80.77,0.25232175500059384,0.06125261499983026
WTM-NN,495,nn,80.93,0.190251812000497,0.06158696100101224
WTM-NN,496,nn,80.71000000000001,0.1875261559998762,0.0602758229997562
WTM-NN,497,nn,80.58999999999999,0.1957088279996242,0.06117245899986301
WTM-NN,498,nn,80.77,0.19143299799907254,0.061085952998837456
WTM-NN,499,nn,80.82000000000001,0.18527401699975599,0.0604672789995675
WTM-NN,500,nn,80.58999999999999,0.1931299570005649,0.05950752299941087
UTM-NN,1,tm,64.32,0.5894981560013548,0.06618906800031255
UTM-NN,2,tm,66.17,0.5376119880002079,0.06696380200082785
UTM-NN,3,tm,66.79,0.528961932999664,0.06787237400021695
UTM-NN,4,tm,66.53999999999999,0.5100362779994612,0.06765963200086844
UTM-NN,5,tm,66.36,0.5197054949985613,0.06775261199982197
UTM-NN,6,tm,66.75,0.5282104529997014,0.06817497300107789
UTM-NN,7,tm,67.64,0.5163935800010222,0.0678455599991139
UTM-NN,8,tm,67.36999999999999,0.5112669229984022,0.06859638199966867
UTM-NN,9,tm,67.54,0.5012635910006793,0.06800768399989465
UTM-NN,10,tm,67.57,0.516850867001267,0.06809732100009569
UTM-NN,11,tm,67.58,0.5232135170008405,0.06883975100026873
UTM-NN,12,tm,67.51,0.512719829001071,0.06822370400004729
UTM-NN,13,tm,66.82000000000001,0.5115892700014228,0.06966889999966952
UTM-NN,14,tm,67.28,0.5166311520006275,0.06857294499968702
UTM-NN,15,tm,67.15,0.5013667370003532,0.06841597499987984
UTM-NN,16,tm,66.92,0.5053117769984965,0.06919308599935903
UTM-NN,17,tm,66.99000000000001,0.5185940859992115,0.06861308299994562
UTM-NN,18,tm,67.07,0.49855892800042056,0.06850483500056725
UTM-NN,19,tm,67.24,0.5101378500003193,0.06910432799850241
UTM-NN,20,tm,67.30000000000001,0.5101675199985038,0.06839897800091421
UTM-NN,21,tm,67.69,0.5091011929998785,0.06839939699966635
UTM-NN,22,tm,67.67999999999999,0.5078565210005763,0.06840549099979398
UTM-NN,23,tm,68.22,0.5063554699991073,0.06857032799962326
UTM-NN,24,tm,67.91,0.511648065999907,0.06791836899901682
UTM-NN,25,tm,67.85,0.5155712209998455,0.0689065530004882
UTM-NN,26,tm,67.96,0.4991079310002533,0.066778754000552
UTM-NN,27,tm,67.84,0.5053093110000191,0.06609667100019578
UTM-NN,28,tm,68.04,0.5043928649993177,0.06734672800121189
UTM-NN,29,tm,67.71000000000001,0.4952262669994525,0.06593579900072655
UTM-NN,30,tm,67.86999999999999,0.5084495070004778,0.06877611600066302
UTM-NN,31,tm,68.26,0.5133213919998525,0.06841670999892813
UTM-NN,32,tm,67.72,0.5023021310007607,0.06782469899917487
UTM-NN,33,tm,67.44,0.5079795779984124,0.06826757800081396
UTM-NN,34,tm,67.72,0.5055228159999388,0.06690327400065144
UTM-NN,35,tm,67.49000000000001,0.5025400350004929,0.06806775999939418
UTM-NN,36,tm,67.84,0.509304772998803,0.06935669800077449
UTM-NN,37,tm,67.73,0.5127456050013279,0.0675769350000337
UTM-NN,38,tm,67.81,0.5002358080000704,0.06741374400007771
UTM-NN,39,tm,67.95,0.5113014309990831,0.06915641500017955
UTM-NN,40,tm,68.04,0.5142870780000521,0.06889392899938684
UTM-NN,41,tm,68.2,0.5052992399996583,0.06872585100063588
UTM-NN,42,tm,68.04,0.4976723679992574,0.06770198999947752
UTM-NN,43,tm,67.95,0.5055321830004686,0.06939464900096937
UTM-NN,44,tm,68.2,0.5103245739992417,0.069301011000789
UTM-NN,45,tm,68.06,0.5020679820008809,0.06837957700008701
UTM-NN,46,tm,67.67,0.5065711480001482,0.07139871599974867
UTM-NN,47,tm,68.21000000000001,0.5016450170005555,0.0685277850006969
UTM-NN,48,tm,67.41,0.4898178089988505,0.06823048200021731
UTM-NN,49,tm,67.54,0.5147732519999408,0.0686892359990452
UTM-NN,50,tm,67.5,0.49723670899948047,0.06905530500080204
UTM-NN,51,tm,67.96,0.49540404100116575,0.0682402180009376
UTM-NN,52,tm,67.86,0.5079220489988074,0.06838653800150496
UTM-NN,53,tm,67.64,0.5049856429995998,0.06858106300023792
UTM-NN,54,tm,67.73,0.5042573270002322,0.06667021899920655
UTM-NN,55,tm,67.96,0.49821475299904705,0.0697650669990253
UTM-NN,56,tm,68.10000000000001,0.5073093139999401,0.06842765900000813
UTM-NN,57,tm,67.80000000000001,0.49932351899951755,0.06982294599947636
UTM-NN,58,tm,68.12,0.49873568399925716,0.0696765279990359
UTM-NN,59,tm,67.84,0.5060134590003145,0.06864683400090144
UTM-NN,60,tm,68.26,0.5070163600012165,0.06856328899993969
UTM-NN,61,tm,68.27,0.49666416900072363,0.06798613600039971
UTM-NN,62,tm,68.25,0.5055739390008966,0.06799439000133134
UTM-NN,63,tm,67.75,0.5092654700001731,0.0676001970005018
UTM-NN,64,tm,68.08,0.49393238599986944,0.06812997599990922
UTM-NN,65,tm,67.75,0.5033311580009467,0.0684426000007079
UTM-NN,66,tm,67.60000000000001,0.49974865799958934,0.06798590300059004
UTM-NN,67,tm,67.85,0.4953955119999591,0.07011698200039973
UTM-NN,68,tm,67.84,0.4982280539989006,0.06866695600001549
UTM-NN,69,tm,67.74,0.4932244150004408,0.06878272600079072
UTM-NN,70,tm,67.88,0.5025866520009004,0.06758100099978037
UTM-NN,71,tm,67.71000000000001,0.5032647789994371,0.0689876420001383
UTM-NN,72,tm,68.02,0.511763176000386,0.07435137999891595
UTM-NN,73,tm,68.26,0.5012364169997454,0.06874968899865053
UTM-NN,74,tm,68.22,0.5025698780009407,0.06939308800065191
UTM-NN,75,tm,67.74,0.49970883099922503,0.06910999700085085
UTM-NN,76,tm,67.9,0.49167209299957904,0.06933033200039063
UTM-NN,77,tm,68.21000000000001,0.5059090599988849,0.06723495599908347
UTM-NN,78,tm,68.11,0.49253352000050654,0.06727999800023099
UTM-NN,79,tm,67.51,0.5035639430006995,0.06735160199968959
UTM-NN,80,tm,68.37,0.5025653659995442,0.07297585899868864
UTM-NN,81,tm,68.22,0.49157680600001186,0.06746800300061295
UTM-NN,82,tm,68.13,0.49993432100018254,0.06830630200056476
UTM-NN,83,tm,67.71000000000001,0.5021190220013523,0.06831164899995201
UTM-NN,84,tm,68.16,0.5019219580008212,0.06740386899946316
UTM-NN,85,tm,67.9,0.50716433100024,0.06916775799982133
UTM-NN,86,tm,67.54,0.5158404839985451,0.06926540399945225
UTM-NN,87,tm,67.83,0.5038460849991679,0.06832404200031306
UTM-NN,88,tm,67.69,0.4983188019996305,0.06744621500001813
UTM-NN,89,tm,67.97,0.5018214920000901,0.06802899700051057
UTM-NN,90,tm,67.64,0.5062135689986462,0.07001178300015454
UTM-NN,91,tm,67.55,0.503775343999223,0.06863748599971586
UTM-NN,92,tm,67.89,0.49715663400093035,0.06885181200050283
UTM-NN,93,tm,67.77,0.4949896339985571,0.07248820600034378
UTM-NN,94,tm,67.91,0.49911607800095226,0.06734492599935038
UTM-NN,95,tm,68.04,0.5042429920013092,0.06743888600067294
UTM-NN,96,tm,68.14,0.5075506590001169,0.07057151300068654
UTM-NN,97,tm,67.61,0.5057429650005361,0.06910209499983466
UTM-NN,98,tm,67.96,0.5065336080006091,0.06842488000074809
UTM-NN,99,tm,67.95,0.5045953219996591,0.06828769599997031
UTM-NN,100,tm,67.97999999999999,0.5031355160008388,0.06864159399992786
UTM-NN,101,tm,67.97999999999999,0.5109752610005671,0.06836510599896428
UTM-NN,102,tm,67.75999999999999,0.5109514329997182,0.06834232300025178
UTM-NN,103,tm,67.39,0.5037363849987742,0.0684411860002001
UTM-NN,104,tm,67.72,0.5047613299993827,0.06892230899939022
UTM-NN,105,tm,67.97,0.5077329230007308,0.07130479899933562
UTM-NN,106,tm,67.92,0.5102713310006948,0.06896151500041015
UTM-NN,107,tm,67.78999999999999,0.5001050880000548,0.06820594199962215
UTM-NN,108,tm,67.94,0.494453371000418,0.06920912900022813
UTM-NN,109,tm,67.57,0.4976876890013955,0.06890215600105876
UTM-NN,110,tm,67.77,0.5060273290000623,0.0691316470001766
UTM-NN,111,tm,67.78,0.5135937979994196,0.06902737400014303
UTM-NN,112,tm,67.75999999999999,0.5076338949984347,0.06728370600103517
UTM-NN,113,tm,67.39,0.503566329000023,0.0682939489997807
UTM-NN,114,tm,67.9,0.507422669999869,0.06902105300105177
UTM-NN,115,tm,67.58999999999999,0.513043982000454,0.06896633100041072
UTM-NN,116,tm,67.36999999999999,0.5047025780004333,0.07254237999950419
UTM-NN,117,tm,67.47999999999999,0.5094395539999823,0.0684161219996895
UTM-NN,118,tm,67.30000000000001,0.4981636249995063,0.069076875999599
UTM-NN,119,tm,67.14,0.4979392840014043,0.06971859600162134
UTM-NN,120,tm,67.32000000000001,0.5050632059992495,0.06848843900115753
UTM-NN,121,tm,67.51,0.5092930419996264,0.06832762299927708
UTM-NN,122,tm,68.07,0.5022496560013678,0.06940493100046297
UTM-NN,123,tm,68.46,0.5079200189993571,0.06726766999963729
UTM-NN,124,tm,68.65,0.502151231001335,0.07016174099953787
UTM-NN,125,tm,68.60000000000001,0.5132265250013006,0.07008074499935901
UTM-NN,126,tm,68.34,0.5083024929990643,0.06931165000059991
UTM-NN,127,tm,68.08999999999999,0.5016963720008789,0.06903183699978399
UTM-NN,128,tm,67.84,0.5050093619993277,0.06745233699984965
UTM-NN,129,tm,67.86,0.5201309779986332,0.06820546400012972
UTM-NN,130,tm,67.78999999999999,0.4937732070011407,0.07016430500152637
UTM-NN,131,tm,67.51,0.5052332190007292,0.06868147599925578
UTM-NN,132,tm,68.03,0.4985141670003941,0.06874398299987661
UTM-NN,133,tm,68.22,0.5003838119991997,0.06870546500067576
UTM-NN,134,tm,68.16,0.49022863099889946,0.0685086470002716
UTM-NN,135,tm,67.64,0.5033115260011982,0.0690022399994632
UTM-NN,136,tm,67.47,0.5073595800004114,0.06989539899950614
UTM-NN,137,tm,67.93,0.4934030240001448,0.06877979500131914
UTM-NN,138,tm,67.41,0.5127699679997022,0.0686579109988088
UTM-NN,139,tm,67.81,0.5029789759992127,0.06879039200066472
UTM-NN,140,tm,68.17,0.5002671839993127,0.07228215599934629
UTM-NN,141,tm,68.17,0.4837087010000687,0.0663451710006484
UTM-NN,142,tm,67.97,0.4979788760010706,0.06802385399896593
UTM-NN,143,tm,68.34,0.4955530669994914,0.06850520700027118
UTM-NN,144,tm,68.11,0.5079351929998666,0.06906411700038007
UTM-NN,145,tm,68.14,0.4977131899995584,0.06557119599892758
UTM-NN,146,tm,67.97999999999999,0.4919786259997636,0.0705101219991775
UTM-NN,147,tm,68.4,0.4918814559987368,0.06577828599984059
UTM-NN,148,tm,67.85,0.4966391810012283,0.0683857669991994
UTM-NN,149,tm,67.42,0.48906509300104517,0.06821503100036352
UTM-NN,150,tm,67.11,0.5082013089995598,0.0670645299996977
UTM-NN,151,nn,69.78,0.2510429499998281,0.06764478699915344
UTM-NN,152,nn,70.8,0.19318580799881602,0.06666900100026396
UTM-NN,153,nn,71.11,0.19163988000036625,0.06668798499958939
UTM-NN,154,nn,71.45,0.19581198300147662,0.06722149400047783
UTM-NN,155,nn,71.6,0.19225421300143353,0.0665450239994243
UTM-NN,156,nn,71.76,0.1920351999997365,0.06732642099996156
UTM-NN,157,nn,71.89999999999999,0.18816058700031135,0.0662635879998561
UTM-NN,158,nn,71.86,0.19105997100086825,0.0661030209994351
UTM-NN,159,nn,71.95,0.2408178739988216,0.0669726880005328
UTM-NN,160,nn,72.02,0.19251742599954014,0.06671425600143266
UTM-NN,161,nn,72.02,0.17799131799984025,0.0680323540000245
UTM-NN,162,nn,72.05,0.24918608900043182,0.06733234099920082
UTM-NN,163,nn,71.99,0.1888442590006889,0.06669847300145193
UTM-NN,164,nn,71.99,0.19169548699937877,0.06859487000110676
UTM-NN,165,nn,72.00999999999999,0.19133131899980071,0.06670124999982363
UTM-NN,166,nn,72.15,0.18497338999986823,0.06635568999990937
UTM-NN,167,nn,72.06,0.17554184300024644,0.06847516400011955
UTM-NN,168,nn,72.06,0.1777162309990672,0.06729243300105736
UTM-NN,169,nn,72.24000000000001,0.1934721029992943,0.06752615300138132
UTM-NN,170,nn,72.11999999999999,0.24938953100172512,0.06643739900027867
UTM-NN,171,nn,72.1,0.19206558699988818,0.06760555199980445
UTM-NN,172,nn,72.16,0.1924105990001408,0.06824228199911886
UTM-NN,173,nn,72.2,0.19327809999958845,0.06628843299949949
UTM-NN,174,nn,72.2,0.24133841000002576,0.0664150510001491
UTM-NN,175,nn,72.26,0.185940194000068,0.06632905100013886
UTM-NN,176,nn,72.16,0.18907806500101287,0.06940375300109736
UTM-NN,177,nn,72.09,0.1899181110002246,0.06597454799884872
UTM-NN,178,nn,72.15,0.184697139000491,0.06880494500001078
UTM-NN,179,nn,72.14,0.17645396899933985,0.06796857200060913
UTM-NN,180,nn,72.02,0.1806538350010669,0.06788916100049391
UTM-NN,181,nn,72.0,0.19158418299957702,0.06839879600011045
UTM-NN,182,nn,72.15,0.2510008640001615,0.06895250299930922
UTM-NN,183,nn,72.2,0.18692016600107308,0.06849454400071409
UTM-NN,184,nn,72.17,0.19365016799929435,0.06701159600015671
UTM-NN,185,nn,72.14,0.1918485240003065,0.06518822500038368
UTM-NN,186,nn,72.2,0.25090636999993876,0.06623891699928208
UTM-NN,187,nn,72.13000000000001,0.19129370599875983,0.06644093899922154
UTM-NN,188,nn,72.11999999999999,0.19314705000033427,0.06884768499912752
UTM-NN,189,nn,72.26,0.17832743899998604,0.06662593800137984
UTM-NN,190,nn,72.19,0.18798659599997336,0.06707505300073535
UTM-NN,191,nn,72.03,0.18787404100112326,0.06683615099973395
UTM-NN,192,nn,72.08,0.183173708999675,0.06697123599951738
UTM-NN,193,nn,72.11,0.18150042300112545,0.06628399600049306
UTM-NN,194,nn,72.22,0.2407102790002682,0.06852337300006184
UTM-NN,195,nn,72.19,0.1880461809996632,0.06787288799932867
UTM-NN,196,nn,72.14,0.1857262029989215,0.06610260200068296
UTM-NN,197,nn,72.18,0.18426387299950875,0.06686885499948403
UTM-NN,198,nn,72.18,0.25097657299920684,0.06856896300087101
UTM-NN,199,nn,72.04,0.19219393099956505,0.06811337299950537
UTM-NN,200,nn,72.11999999999999,0.19194896199951472,0.06711479600016901
UTM-NN,201,nn,72.1,0.17398261199923581,0.06643688199983444
UTM-NN,202,nn,72.14,0.1915169470012188,0.06772787300178607
UTM-NN,203,nn,72.1,0.17333755900108372,0.06865399999878719
UTM-NN,204,nn,72.14,0.18707262799944147,0.06683295800030464
UTM-NN,205,nn,72.18,0.24925319099929766,0.06692810999993526
UTM-NN,206,nn,71.99,0.18084540499876312,0.06804440800078737
UTM-NN,207,nn,72.15,0.17371018000085314,0.06796367400056624
UTM-NN,208,nn,72.11,0.19338128699928347,0.06713042400042468
UTM-NN,209,nn,72.21,0.2500720199986972,0.06827983200128074
UTM-NN,210,nn,72.16,0.18808646899924497,0.06563573899984476
UTM-NN,211,nn,71.98,0.1914578400010214,0.06636140500086185
UTM-NN,212,nn,72.23,0.19327710200013826,0.06724396599929605
UTM-NN,213,nn,72.2,0.18396665000000212,0.06759273799980292
UTM-NN,214,nn,72.19,0.17866804499863065,0.06651371199950518
UTM-NN,215,nn,72.18,0.19218650000038906,0.06699131899949862
UTM-NN,216,nn,72.06,0.18032637600117596,0.06671463300153846
UTM-NN,217,nn,72.11999999999999,0.2406556689984427,0.06559003900110838
UTM-NN,218,nn,72.15,0.1815577530014707,0.06580788899918844
UTM-NN,219,nn,72.11999999999999,0.18418087400095828,0.0680068180008675
UTM-NN,220,nn,72.15,0.19285003799996048,0.06835757500084583
UTM-NN,221,nn,72.27,0.2518431389999023,0.06678443199962203
UTM-NN,222,nn,72.02,0.19385711300128605,0.0665164249985537
UTM-NN,223,nn,72.05,0.1906134889995883,0.06560926600104722
UTM-NN,224,nn,72.17,0.19050774199968146,0.06634985200071242
UTM-NN,225,nn,72.11999999999999,0.18708754500039504,0.06666776000020036
UTM-NN,226,nn,72.15,0.17746037299912132,0.06826255899977696
UTM-NN,227,nn,72.1,0.1913274429989542,0.06880889299827686
UTM-NN,228,nn,72.09,0.19272714799990354,0.0688813390006544
UTM-NN,229,nn,72.14,0.23379460100113647,0.06859281399920292
UTM-NN,230,nn,72.16,0.18789373099934892,0.06733475800137967
UTM-NN,231,nn,72.22,0.19208346200139204,0.06752314000004844
UTM-NN,232,nn,72.18,0.2480647409993253,0.06770572999994329
UTM-NN,233,nn,72.13000000000001,0.19199902800028212,0.06781654599944886
UTM-NN,234,nn,72.2,0.1904891839985794,0.06793750699944212
UTM-NN,235,nn,72.13000000000001,0.1917336090009485,0.06714101299985487
UTM-NN,236,nn,72.11999999999999,0.19359574200097995,0.06974829199862143
UTM-NN,237,nn,72.1,0.19173218000105408,0.06892463599979237
UTM-NN,238,nn,72.03,0.1918904689991905,0.06725798899969959
UTM-NN,239,nn,72.14,0.17737447500076087,0.06857128999945417
UTM-NN,240,nn,72.25,0.24862723700061906,0.06702272000075027
UTM-NN,241,nn,72.22,0.193896617000064,0.06769988899941382
UTM-NN,242,nn,72.17,0.18080937299964717,0.06735187899903394
UTM-NN,243,nn,72.16,0.18600963599965326,0.06628849299886497
UTM-NN,244,nn,72.13000000000001,0.24886877299832122,0.06840414200087253
UTM-NN,245,nn,72.14,0.18276990499907697,0.06741834800050128
UTM-NN,246,nn,72.23,0.19213896600012959,0.06759280100050091
UTM-NN,247,nn,72.25,0.18801329900088604,0.06782212000143772
UTM-NN,248,nn,72.0,0.19269239300047047,0.0663535369985766
UTM-NN,249,nn,72.2,0.19177813599890214,0.0683955540007446
UTM-NN,250,nn,72.1,0.19043138699998963,0.06742452700018475
UTM-NN,251,nn,72.13000000000001,0.19183186299960653,0.06812477499988745
UTM-NN,252,nn,72.06,0.250921199000004,0.0695055849992059
UTM-NN,253,nn,72.21,0.18797962299868232,0.06843643899992458
UTM-NN,254,nn,72.08,0.19223148799937917,0.06664699199973256
UTM-NN,255,nn,72.14,0.17604341700098303,0.06821916599983524
UTM-NN,256,nn,72.1,0.24382291499932762,0.06802774000061618
UTM-NN,257,nn,72.13000000000001,0.17711794099886902,0.06916381800147064
UTM-NN,258,nn,72.11,0.17356244000075094,0.06652409399976023
UTM-NN,259,nn,72.07000000000001,0.19268750400078716,0.06775513499997032
UTM-NN,260,nn,72.14,0.1875708029983798,0.0677912249993824
UTM-NN,261,nn,72.18,0.18291342399970745,0.06765795700084709
UTM-NN,262,nn,72.17,0.1912896890007687,0.06912181799998507
UTM-NN,263,nn,72.21,0.18885133799994946,0.06800399399980961
UTM-NN,264,nn,72.24000000000001,0.2424828039984277,0.06451574600032473
UTM-NN,265,nn,72.13000000000001,0.18198359000052733,0.06769221299873607
UTM-NN,266,nn,72.27,0.17615505100002338,0.06756217199836101
UTM-NN,267,nn,72.14,0.17805612299889617,0.06631116900098277
UTM-NN,268,nn,72.03,0.2387657199997193,0.06694925199917634
UTM-NN,269,nn,72.00999999999999,0.1861151869998139,0.0665272879996337
UTM-NN,270,nn,72.23,0.19053005699970527,0.06742197699895769
UTM-NN,271,nn,72.23,0.18806961699920066,0.06812402600007772
UTM-NN,272,nn,72.22,0.193378768999537,0.06956722699942475
UTM-NN,273,nn,72.17,0.19239265600117506,0.0666421400001127
UTM-NN,274,nn,72.19,0.19392064999919967,0.0653891099991597
UTM-NN,275,nn,72.17,0.2525666010005807,0.06535503899976902
UTM-NN,276,nn,72.23,0.19169508999948448,0.067088750000039
UTM-NN,277,nn,72.17,0.1930261600009544,0.06683944900032657
UTM-NN,278,nn,72.17,0.18516903800082218,0.06951770599880547
UTM-NN,279,nn,72.00999999999999,0.24471790500138013,0.06841622800129699
UTM-NN,280,nn,71.97,0.19006118399920524,0.06871943400074088
UTM-NN,281,nn,72.27,0.1773061570002028,0.06597559799956798
UTM-NN,282,nn,72.18,0.1842563650006923,0.06905399100105569
UTM-NN,283,nn,72.27,0.18604018099904351,0.06881679999969492
UTM-NN,284,nn,72.24000000000001,0.18965940999987652,0.06634176199986541
UTM-NN,285,nn,72.16,0.1922988259993872,0.06715848299973004
UTM-NN,286,nn,72.23,0.19228467300126795,0.06751384200106259
UTM-NN,287,nn,72.08,0.25027512999986357,0.06677393199970538
UTM-NN,288,nn,72.16,0.19002475600063917,0.06606148700120684
UTM-NN,289,nn,72.08,0.19107983499998227,0.06810098300047684
UTM-NN,290,nn,72.17,0.1732025799992698,0.06778862200008007
UTM-NN,291,nn,72.11,0.24017406900020433,0.06899797599908197
UTM-NN,292,nn,72.04,0.172340606999569,0.06739772100081609
UTM-NN,293,nn,72.07000000000001,0.17289477699887357,0.06645596099951945
UTM-NN,294,nn,72.1,0.18176205400050094,0.0687847299996065
UTM-NN,295,nn,72.11999999999999,0.18981042700033868,0.06592680799985828
UTM-NN,296,nn,72.11999999999999,0.18684610499985865,0.0670068600011291
UTM-NN,297,nn,72.06,0.1929801509995741,0.0674676319995342
UTM-NN,298,nn,72.11,0.17780615800074884,0.06783283700133325
UTM-NN,299,nn,72.19,0.24841081999875314,0.0660835569997289
UTM-NN,300,nn,72.17,0.18993186799889372,0.06716018400038593
UTM-NN,301,nn,72.21,0.19421530900035577,0.06879999099874112
UTM-NN,302,nn,72.26,0.182430098999248,0.06569117700018978
UTM-NN,303,nn,72.15,0.24702553099996294,0.06453161100034777
UTM-NN,304,nn,72.00999999999999,0.18450970199955918,0.06799497000065458
UTM-NN,305,nn,72.22,0.19642405299964594,0.0663831099991512
UTM-NN,306,nn,72.08,0.19243355999969936,0.06639393199839105
UTM-NN,307,nn,72.11999999999999,0.17993381900123495,0.07114192500011995
UTM-NN,308,nn,72.07000000000001,0.19985940200058394,0.06725156200081983
UTM-NN,309,nn,72.11,0.1922577099994669,0.06697247800002515
UTM-NN,310,nn,72.2,0.18568901700018614,0.06804853100038599
UTM-NN,311,nn,72.09,0.2524729649994697,0.06609681400004774
UTM-NN,312,nn,72.08,0.19218757399903552,0.06860924600005092
UTM-NN,313,nn,72.16,0.19191698000031465,0.06856361700010893
UTM-NN,314,nn,72.13000000000001,0.1930788850004319,0.06867747599972063
UTM-NN,315,nn,72.04,0.25048259899995173,0.06778340599885269
UTM-NN,316,nn,72.13000000000001,0.17679201699866098,0.06713862100150436
UTM-NN,317,nn,72.07000000000001,0.18837363999955414,0.06752606199916045
UTM-NN,318,nn,72.09,0.17492911000044842,0.06795675899957132
UTM-NN,319,nn,72.14,0.18910000899995794,0.06798320999951102
UTM-NN,320,nn,72.07000000000001,0.18541227000059735,0.0689041499990708
UTM-NN,321,nn,72.08,0.18034562999855552,0.06631820400070865
UTM-NN,322,nn,72.22,0.24028193699996336,0.06724660599866183
UTM-NN,323,nn,72.21,0.19295932299974083,0.06690198700016481
UTM-NN,324,nn,72.24000000000001,0.17904472699956386,0.06452259199977561
UTM-NN,325,nn,72.2,0.19409894499949587,0.06731224299983296
UTM-NN,326,nn,72.02,0.25166271699890785,0.0675248150000698
UTM-NN,327,nn,72.13000000000001,0.19424710299972503,0.0677180060010869
UTM-NN,328,nn,72.2,0.18249079799898027,0.06693193700084521
UTM-NN,329,nn,71.98,0.19312974199965538,0.06804970700068225
UTM-NN,330,nn,72.13000000000001,0.17912797099961608,0.06660988499970699
UTM-NN,331,nn,72.09,0.1785461090003082,0.06563854799969704
UTM-NN,332,nn,72.04,0.18956948799859674,0.06756593300087843
UTM-NN,333,nn,72.05,0.1807595640002546,0.06620962799934205
UTM-NN,334,nn,72.28,0.24253900700023223,0.0682319940005982
UTM-NN,335,nn,72.22,0.1842697230003978,0.06788668300032441
UTM-NN,336,nn,72.05,0.17829521100065904,0.06906273599997803
UTM-NN,337,nn,72.15,0.1853422389995103,0.06796298100016429
UTM-NN,338,nn,72.19,0.24858394900002168,0.06790312900011486
UTM-NN,339,nn,72.13000000000001,0.19049978099974396,0.06743531699976302
UTM-NN,340,nn,72.08,0.18931253200025822,0.06843494500026281
UTM-NN,341,nn,72.23,0.17590580499927455,0.06807785099954344
UTM-NN,342,nn,72.15,0.18803406299957715,0.06762917599917273
UTM-NN,343,nn,72.13000000000001,0.1785437290000118,0.06698213399977249
UTM-NN,344,nn,72.19,0.18881275300009293,0.06678922399987641
UTM-NN,345,nn,72.00999999999999,0.1838707010010694,0.0665768710005068
UTM-NN,346,nn,72.19,0.25093848800133856,0.06880510399969353
UTM-NN,347,nn,72.3,0.19442104100016877,0.06619880300058867
UTM-NN,348,nn,72.21,0.18922646499959228,0.06701197200163733
UTM-NN,349,nn,72.11999999999999,0.25194146200010437,0.06722010799967393
UTM-NN,350,nn,72.1,0.18523740299860947,0.06771124899933056
UTM-NN,351,nn,72.14,0.18916551400070603,0.06837195399930351
UTM-NN,352,nn,72.27,0.19294867099961266,0.06708480399902328
UTM-NN,353,nn,72.2,0.17472430899942992,0.06679729099960241
UTM-NN,354,nn,72.17,0.17740313899957982,0.07435667800018564
UTM-NN,355,nn,72.07000000000001,0.1938828470010776,0.06602421499883349
UTM-NN,356,nn,72.21,0.18663238999943133,0.06659202800074127
UTM-NN,357,nn,72.25,0.2511638280011539,0.06867777400111663
UTM-NN,358,nn,72.11999999999999,0.19289260799996555,0.06616249299986521
UTM-NN,359,nn,72.24000000000001,0.1936018629985483,0.06567293899934157
UTM-NN,360,nn,72.18,0.19121753299987176,0.06636073299887357
UTM-NN,361,nn,72.04,0.25185606500053836,0.06725948799976322
UTM-NN,362,nn,72.21,0.1916767050006456,0.06632441300098435
UTM-NN,363,nn,72.18,0.18992142799834255,0.06652962999942247
UTM-NN,364,nn,72.17,0.19212857400088978,0.06651014400085842
UTM-NN,365,nn,72.11,0.1919468650012277,0.06587161400057084
UTM-NN,366,nn,72.11,0.19344125600036932,0.06698595399939222
UTM-NN,367,nn,72.23,0.19270517099903373,0.06715129100120976
UTM-NN,368,nn,72.21,0.19327912799963087,0.06787417400119011
UTM-NN,369,nn,72.17,0.25057423200087214,0.0664716409992252
UTM-NN,370,nn,72.31,0.19033242899968172,0.06700905099933152
UTM-NN,371,nn,72.25,0.19226326600073662,0.06841581000117003
UTM-NN,372,nn,72.28999999999999,0.19104041599894117,0.06728592599938565
UTM-NN,373,nn,72.1,0.25083983700096724,0.0660697639996215
UTM-NN,374,nn,72.07000000000001,0.17895951900027285,0.06724944200141181
UTM-NN,375,nn,72.1,0.179863548000867,0.0679318759994203
UTM-NN,376,nn,72.15,0.1952792460015189,0.06856928099841753
UTM-NN,377,nn,72.21,0.1924672589993861,0.0663721800010535
UTM-NN,378,nn,72.11,0.19349912599864183,0.06730599599904963
UTM-NN,379,nn,72.16,0.17303762499977893,0.06731874300021445
UTM-NN,380,nn,72.18,0.19258473900117679,0.06736639399969135
UTM-NN,381,nn,72.23,0.2473780780001107,0.06648559200039017
UTM-NN,382,nn,72.11,0.1796080060012173,0.06705383799999254
UTM-NN,383,nn,72.07000000000001,0.19286022999949637,0.06760240199946566
UTM-NN,384,nn,72.27,0.19395202499981679,0.06781530300031591
UTM-NN,385,nn,72.09,0.242782993000219,0.06783348199860484
UTM-NN,386,nn,72.11,0.19164507099958428,0.06671782299963525
UTM-NN,387,nn,72.22,0.19270279000011215,0.06594857600066462
UTM-NN,388,nn,72.18,0.1928681619992858,0.06720633400072984
UTM-NN,389,nn,72.17,0.17487233400061086,0.06606195399945136
UTM-NN,390,nn,72.1,0.1900989190016844,0.06636075700043875
UTM-NN,391,nn,72.1,0.19187059099931503,0.0678417150011228
UTM-NN,392,nn,72.09,0.23981875800018315,0.06759621600031096
UTM-NN,393,nn,72.18,0.1936190340002213,0.06776070700107084
UTM-NN,394,nn,72.09,0.19069647600008466,0.06669168299958983
UTM-NN,395,nn,72.13000000000001,0.18208154199965065,0.06520741199892655
UTM-NN,396,nn,72.14,0.2439965569992637,0.0696055169992178
UTM-NN,397,nn,72.05,0.1929794240004412,0.06785710599979211
UTM-NN,398,nn,72.21,0.18847861399990506,0.06783080100103689
UTM-NN,399,nn,72.21,0.17868634099977498,0.06839567699898907
UTM-NN,400,nn,72.1,0.19388837600126863,0.06963636599903111
UTM-NN,401,nn,72.25,0.19326658200043312,0.06917483699908189
UTM-NN,402,nn,72.1,0.180889160001243,0.0664899070015963
UTM-NN,403,nn,72.16,0.17784510899946326,0.07435345299927576
UTM-NN,404,nn,72.21,0.2529145349999453,0.06814513100107433
UTM-NN,405,nn,72.19,0.1806312139997317,0.06665206999969087
UTM-NN,406,nn,72.00999999999999,0.191977794000195,0.0671545650002372
UTM-NN,407,nn,72.19,0.19221829299931414,0.06662658500135876
UTM-NN,408,nn,72.08,0.2540351549996558,0.06955156699950749
UTM-NN,409,nn,72.17,0.18925349500023003,0.0669521790005092
UTM-NN,410,nn,72.06,0.1927036839988432,0.06672352799978398
UTM-NN,411,nn,72.14,0.1844473389992345,0.0665054239998426
UTM-NN,412,nn,72.26,0.19084451600065222,0.0664306509988819
UTM-NN,413,nn,72.00999999999999,0.18998480400114204,0.06622931899983087
UTM-NN,414,nn,72.24000000000001,0.1937185450005927,0.06782951899913314
UTM-NN,415,nn,72.22,0.1931684459996177,0.06642184900010761
UTM-NN,416,nn,72.11999999999999,0.24942454600022756,0.06722260000060487
UTM-NN,417,nn,72.19,0.18214654899929883,0.06687551399954828
UTM-NN,418,nn,72.15,0.1873515839997708,0.06750187799843843
UTM-NN,419,nn,72.09,0.24850129100013874,0.06716698200034443
UTM-NN,420,nn,72.11999999999999,0.17999843200050236,0.06782170000042242
UTM-NN,421,nn,72.1,0.17636193599901162,0.06794308300050034
UTM-NN,422,nn,72.13000000000001,0.19193479800014757,0.067724836000707
UTM-NN,423,nn,72.19,0.1922298099998443,0.06652326000039466
UTM-NN,424,nn,72.09,0.18499962399982905,0.06877013000121224
UTM-NN,425,nn,72.2,0.19207412500145438,0.06737681000049633
UTM-NN,426,nn,72.11999999999999,0.17518107899923052,0.06525575299929187
UTM-NN,427,nn,72.05,0.25213357800021186,0.06820438199974888
UTM-NN,428,nn,72.1,0.18905034999988857,0.0675952919991687
UTM-NN,429,nn,72.28999999999999,0.18468251699960092,0.06803478199981328
UTM-NN,430,nn,72.19,0.19282267000016873,0.06649866999941878
UTM-NN,431,nn,72.14,0.23984580599972105,0.06860866700117185
UTM-NN,432,nn,72.16,0.1898939849997987,0.0690688400009094
UTM-NN,433,nn,72.18,0.1901105440010724,0.06652239600043686
UTM-NN,434,nn,72.15,0.18312013899958401,0.06660978400032036
UTM-NN,435,nn,72.2,0.19276761000037368,0.06708240599982673
UTM-NN,436,nn,72.13000000000001,0.19314271400071448,0.06666322099954414
UTM-NN,437,nn,72.13000000000001,0.19070219099921815,0.06670666399986658
UTM-NN,438,nn,72.2,0.1912213140003587,0.067722377998507
UTM-NN,439,nn,72.05,0.25223516400001245,0.06753562199992302
UTM-NN,440,nn,72.1,0.19118418200014275,0.06741756499832263
UTM-NN,441,nn,72.17,0.19683859100041445,0.06721845299944107
UTM-NN,442,nn,72.14,0.1926946940002381,0.06848677099878842
UTM-NN,443,nn,72.11999999999999,0.25247154499993485,0.06703338000079384
UTM-NN,444,nn,72.06,0.19311481400109187,0.06873274200006563
UTM-NN,445,nn,72.11,0.19085267500122427,0.06682769199869654
UTM-NN,446,nn,72.11,0.1878492930009088,0.06521156300004805
UTM-NN,447,nn,72.23,0.1779339490003622,0.06836076599938679
UTM-NN,448,nn,72.19,0.1918567909997364,0.06650556400018104
UTM-NN,449,nn,72.26,0.19280024099862203,0.0693486780000967
UTM-NN,450,nn,72.18,0.1882304179998755,0.06660447600006592
UTM-NN,451,nn,72.25,0.23993567300021823,0.06650566200005414
UTM-NN,452,nn,72.09,0.19281808500090847,0.06769150999934936
UTM-NN,453,nn,72.08,0.1932640300001367,0.06528937999974005
UTM-NN,454,nn,72.15,0.19364046000009694,0.06840076200023759
UTM-NN,455,nn,72.24000000000001,0.2495786509989557,0.06604181799957587
UTM-NN,456,nn,72.23,0.1926780850008072,0.06579220599996916
UTM-NN,457,nn,72.04,0.18928074299947184,0.06628642100076831
UTM-NN,458,nn,72.2,0.19262891700054752,0.06668670200087945
UTM-NN,459,nn,72.11999999999999,0.18627500199909264,0.06856499600144161
UTM-NN,460,nn,72.11999999999999,0.17888175000007323,0.06494752999969933
UTM-NN,461,nn,72.22,0.19251162199907412,0.0675741230006679
UTM-NN,462,nn,72.33000000000001,0.2503773469998123,0.06532561400126724
UTM-NN,463,nn,72.11999999999999,0.18677556600050593,0.06643866800004616
UTM-NN,464,nn,71.97,0.19368064400077856,0.06825515699893003
UTM-NN,465,nn,72.05,0.19302766299915675,0.06740961100149434
UTM-NN,466,nn,72.17,0.2540873809994082,0.06915916500111052
UTM-NN,467,nn,72.14,0.17714579899984528,0.06538217100023758
UTM-NN,468,nn,72.11999999999999,0.19307714000024134,0.06705661900014093
UTM-NN,469,nn,72.21,0.19211908800025412,0.06722468900079548
UTM-NN,470,nn,72.1,0.19120150600065244,0.06645798499994271
UTM-NN,471,nn,72.18,0.1901356130001659,0.06695064700033981
UTM-NN,472,nn,72.11,0.19257339100113313,0.06726305000120192
UTM-NN,473,nn,72.14,0.18017468200014264,0.06892225600131496
UTM-NN,474,nn,72.14,0.2512741950013151,0.06696321199888189
UTM-NN,475,nn,72.2,0.18653304199870036,0.06674342299993441
UTM-NN,476,nn,72.14,0.18854957499934244,0.06788036699981603
UTM-NN,477,nn,72.17,0.1905972610002209,0.0667761380009324
UTM-NN,478,nn,72.09,0.25191327200082014,0.06966599299994414
UTM-NN,479,nn,72.02,0.19148066399975505,0.06729418100076145
UTM-NN,480,nn,72.19,0.19128530399939336,0.06575506699846301
UTM-NN,481,nn,72.16,0.19289253299939446,0.06620531100088556
UTM-NN,482,nn,72.1,0.19211114300014742,0.06663262699839834
UTM-NN,483,nn,72.24000000000001,0.18069453799944313,0.06686889099910331
UTM-NN,484,nn,72.11,0.17316978099916014,0.06688756800031115
UTM-NN,485,nn,72.13000000000001,0.18620725500113622,0.06758400699982303
UTM-NN,486,nn,72.00999999999999,0.2520812410002691,0.06740890699984448
UTM-NN,487,nn,72.21,0.19276390499908302,0.06784608899943123
UTM-NN,488,nn,72.13000000000001,0.19150132999857306,0.06672611000067263
UTM-NN,489,nn,72.16,0.1863235020009597,0.06741563099967607
UTM-NN,490,nn,72.09,0.24857730800067657,0.06725839399950928
UTM-NN,491,nn,72.3,0.1865412169991032,0.0678622319992428
UTM-NN,492,nn,72.15,0.18532681800024875,0.06857917600063956
UTM-NN,493,nn,72.16,0.1920512359993154,0.06762665600035689
UTM-NN,494,nn,72.05,0.19211901200105785,0.06685843000013847
UTM-NN,495,nn,72.18,0.1925261500000488,0.06615851300011855
UTM-NN,496,nn,72.07000000000001,0.1936568620003527,0.06914803899962862
UTM-NN,497,nn,72.02,0.19419852400096715,0.06796831999963615
UTM-NN,498,nn,72.18,0.25232237599993823,0.06683709699973406
UTM-NN,499,nn,72.32,0.17722459200012963,0.06680632899951888
UTM-NN,500,nn,72.06,0.1825373400006356,0.06601783900077862
