method,epoch,model_type,test_accuracy,train_time,test_time
UTM,1,tm,89.92999999999999,0.49871588699988934,0.06418618199995763
UTM,2,tm,90.57,0.4447738209998988,0.0616751679999652
UTM,3,tm,90.7,0.43629106999992473,0.06278105799992773
UTM,4,tm,90.97,0.430992420000166,0.06296391699993364
UTM,5,tm,90.60000000000001,0.42549017099986486,0.06419486799995866
UTM,6,tm,90.74,0.4334321149999596,0.0640145949998896
UTM,7,tm,90.55,0.42317957299997033,0.06458914600011667
UTM,8,tm,90.88000000000001,0.41456555199988543,0.06246922499985885
UTM,9,tm,90.71000000000001,0.425989798000046,0.06718630999989728
UTM,10,tm,91.14999999999999,0.4173135679998268,0.06532343799995033
UTM,11,tm,91.14,0.4175934800000505,0.06503481600020677
UTM,12,tm,91.14,0.419421826999951,0.06462788299995736
UTM,13,tm,91.2,0.4115474840000388,0.06490543099994284
UTM,14,tm,91.01,0.4312608749999072,0.06472189700002673
UTM,15,tm,91.01,0.4157224650000444,0.0645026009999583
UTM,16,tm,90.98,0.4309951130001082,0.06510207799988166
UTM,17,tm,91.02,0.4221748279999247,0.06429647999993904
UTM,18,tm,91.28,0.4159709840000687,0.06505358599997635
UTM,19,tm,91.14999999999999,0.42237039899987394,0.06462687900011588
UTM,20,tm,91.01,0.4137305799999922,0.0641249660000085
UTM,21,tm,91.25,0.42659999600004994,0.06431546499993601
UTM,22,tm,91.24,0.4273035149999487,0.06515133600009904
UTM,23,tm,91.25999999999999,0.423319494999987,0.06421105100002933
UTM,24,tm,91.06,0.432106463999844,0.06485373300006358
UTM,25,tm,91.21000000000001,0.41908749699996406,0.06353986599992822
UTM,26,tm,91.36,0.4103135210000346,0.06449772200016923
UTM,27,tm,91.34,0.41147204499998224,0.06409125999994103
UTM,28,tm,91.3,0.4098144530000809,0.06289992699998948
UTM,29,tm,91.29,0.41139318299997285,0.0638177190000988
UTM,30,tm,91.19,0.4193445079999947,0.06451799899991784
UTM,31,tm,91.27,0.42444694799996796,0.06348945100012315
UTM,32,tm,91.18,0.4109246450000228,0.06217185199989217
UTM,33,tm,91.24,0.4178565330000765,0.06462730500015823
UTM,34,tm,91.16,0.4268532339999638,0.06453630999999405
UTM,35,tm,91.14,0.40778416499983905,0.06449411700009477
UTM,36,tm,91.22,0.4161442500001158,0.06167292700001781
UTM,37,tm,91.34,0.4186531580000974,0.06504515300002822
UTM,38,tm,91.31,0.4134763179999936,0.06323509399999239
UTM,39,tm,91.3,0.41392538100012644,0.06463727400000607
UTM,40,tm,91.28,0.41561427900001036,0.06265689099996052
UTM,41,tm,91.3,0.410959160999937,0.06502154700001483
UTM,42,tm,91.27,0.40579324899999847,0.0643362100001923
UTM,43,tm,91.25,0.4214042529999915,0.06461007999996582
UTM,44,tm,91.23,0.41803000899994913,0.06468632099995375
UTM,45,tm,91.19,0.40507253700002366,0.0645213689999764
UTM,46,tm,91.35,0.41050306000011005,0.0647687500002121
UTM,47,tm,91.35,0.39774064500011264,0.06291482699998596
UTM,48,tm,91.34,0.41434266200008096,0.06276826500015886
UTM,49,tm,91.34,0.40505424299999504,0.06203550600002927
UTM,50,tm,91.33,0.4163439460000973,0.06386114999986603
UTM,51,tm,91.49000000000001,0.4001906369999233,0.06576012100003936
UTM,52,tm,91.43,0.4104025310000452,0.06369193899990933
UTM,53,tm,91.29,0.41259491400001025,0.06298544399987804
UTM,54,tm,91.47999999999999,0.4022118780001165,0.06467010200003642
UTM,55,tm,91.31,0.4140616309998677,0.06477958300001774
UTM,56,tm,91.4,0.4134248180000668,0.06293932700009464
UTM,57,tm,91.33,0.40950981199989656,0.06314852799982873
UTM,58,tm,91.2,0.41050395399997797,0.06378741399998944
UTM,59,tm,91.36,0.4130754779998824,0.06370471299987912
UTM,60,tm,91.39,0.41670723600009296,0.06850262500006465
UTM,61,tm,91.25,0.41747961299984127,0.0635513780000565
UTM,62,tm,91.29,0.40751380300002893,0.06431236499997794
UTM,63,tm,91.39,0.40707424000015635,0.06399014900011935
UTM,64,tm,91.27,0.4062817660001201,0.06425829399995564
UTM,65,tm,91.32000000000001,0.41651192299991635,0.06338136400017902
UTM,66,tm,91.32000000000001,0.4014672640000754,0.06338331200004177
UTM,67,tm,91.25999999999999,0.4025419760000659,0.0632133789999898
UTM,68,tm,91.14,0.40378005900015523,0.06535405700014962
UTM,69,tm,91.31,0.4053072440001415,0.06306390499980807
UTM,70,tm,91.21000000000001,0.41298881699981393,0.06809121400010554
UTM,71,tm,91.2,0.41720682100003614,0.0640885210000306
UTM,72,tm,91.36,0.39762725299988233,0.06502740400014773
UTM,73,tm,91.31,0.4147210170001472,0.06443892799984496
UTM,74,tm,91.35,0.40295151699979215,0.0655409519999921
UTM,75,tm,91.24,0.4160767539999597,0.0631956419999824
UTM,76,tm,91.3,0.41552863099991555,0.06546806400001515
UTM,77,tm,91.27,0.4061089419999462,0.06455914899993331
UTM,78,tm,91.3,0.3960123469998962,0.06470437899997705
UTM,79,tm,91.25,0.4215079069999774,0.06419695700014927
UTM,80,tm,91.23,0.4077762800000073,0.06430617899991375
UTM,81,tm,91.2,0.41809466600011547,0.06177058699995541
UTM,82,tm,91.2,0.40389573800007383,0.06340609900007621
UTM,83,tm,91.31,0.4156229010000061,0.06382637000001523
UTM,84,tm,91.28,0.40631365499984895,0.064461620999964
UTM,85,tm,91.22,0.4113259579999067,0.0644333820000611
UTM,86,tm,91.29,0.40706932299985965,0.06298683999989407
UTM,87,tm,91.39,0.40156952600000295,0.06074513700013995
UTM,88,tm,91.24,0.4018476419998933,0.0623013090000768
UTM,89,tm,91.36,0.4141394529999616,0.06169720299999426
UTM,90,tm,91.36,0.4033602230001634,0.06335891999992782
UTM,91,tm,91.33,0.40786346299978504,0.0632428000001255
UTM,92,tm,91.38,0.40279952499986393,0.06425630400008231
UTM,93,tm,91.25,0.4052701390000948,0.06395393499997226
UTM,94,tm,91.16,0.4055259469998873,0.0642098690000239
UTM,95,tm,91.33,0.4084332329998688,0.06407039999999142
UTM,96,tm,91.22,0.4026211880000119,0.06527353199999197
UTM,97,tm,91.24,0.4120670679999421,0.06471657499992034
UTM,98,tm,91.24,0.4127057190000869,0.06339646700007506
UTM,99,tm,91.14,0.4038807370000086,0.0646339209999951
UTM,100,tm,91.24,0.4094981519999692,0.06442442799993842
UTM,101,tm,91.25999999999999,0.40892896799982736,0.06347211499996774
UTM,102,tm,91.27,0.40482607700005246,0.06322103600018636
UTM,103,tm,91.39,0.40157873499993,0.06351882100011608
UTM,104,tm,91.19,0.4085809100001825,0.06458351400010542
UTM,105,tm,91.34,0.4098879719999786,0.06477814100003343
UTM,106,tm,91.36,0.4101976609999838,0.06488496600013605
UTM,107,tm,91.3,0.4110132450000492,0.063320886999918
UTM,108,tm,91.25999999999999,0.410387326000091,0.06501466899999286
UTM,109,tm,91.10000000000001,0.40968616800000746,0.06474351600013506
UTM,110,tm,91.34,0.4132796729998063,0.06385752400001365
UTM,111,tm,91.28,0.41853804500010483,0.064335759999949
UTM,112,tm,91.19,0.4154793380000683,0.06468455399999584
UTM,113,tm,91.27,0.4093541479999203,0.06425472999990234
UTM,114,tm,91.29,0.41395030100011354,0.06306756599997243
UTM,115,tm,91.36,0.4094607640001868,0.06391528999984075
UTM,116,tm,91.33,0.4050613980000435,0.06387961900009032
UTM,117,tm,91.25,0.40414613799998733,0.06478172299989637
UTM,118,tm,91.25999999999999,0.4095073210000919,0.06533868299993628
UTM,119,tm,91.18,0.4106890680000106,0.06455379700014419
UTM,120,tm,91.18,0.41858496300005754,0.0645989859999645
UTM,121,tm,91.32000000000001,0.4179386109999541,0.06515304399999877
UTM,122,tm,91.33,0.41318058399997426,0.0642132790001142
UTM,123,tm,91.34,0.402043704000107,0.06552838599986899
UTM,124,tm,91.39,0.4130929819998528,0.06538103599996248
UTM,125,tm,91.29,0.4062222869999914,0.06321937200004868
UTM,126,tm,91.27,0.3977469359999759,0.06326020500000595
UTM,127,tm,91.31,0.40281491899986577,0.06588250300001164
UTM,128,tm,91.22,0.4060049390000131,0.06511282699989351
UTM,129,tm,91.36,0.41054002300006687,0.06535926700007622
UTM,130,tm,91.27,0.4079670080000142,0.06382411699996737
UTM,131,tm,91.35,0.40741441099999065,0.06530417299995861
UTM,132,tm,91.25,0.40065121699990414,0.0648826949998238
UTM,133,tm,91.34,0.41546139999991283,0.06478135899988047
UTM,134,tm,91.35,0.41145316200004345,0.0649424050000107
UTM,135,tm,91.4,0.4137454819999675,0.06984635100002379
UTM,136,tm,91.36999999999999,0.40866814600008183,0.06493758900001012
UTM,137,tm,91.29,0.41442805599990606,0.06429924900021433
UTM,138,tm,91.4,0.4053244649999215,0.06458161199998358
UTM,139,tm,91.49000000000001,0.4170780960000684,0.06556916499994259
UTM,140,tm,91.49000000000001,0.4093372309998813,0.064025170999912
UTM,141,tm,91.29,0.40429695900002116,0.06431936299986774
UTM,142,tm,91.22,0.42068350900012774,0.06478090600012365
UTM,143,tm,91.31,0.40872506200003045,0.06493676100012635
UTM,144,tm,91.35,0.40866178500004935,0.06537198499995611
UTM,145,tm,91.31,0.4087127610000607,0.06327225399991221
UTM,146,tm,91.06,0.4112622059999467,0.06557163499996932
UTM,147,tm,91.13,0.4154808390001108,0.06806460800021341
UTM,148,tm,91.12,0.40599425400000655,0.06671463899988339
UTM,149,tm,91.38,0.4142336229999728,0.061810960000002524
UTM,150,tm,91.35,0.4113984890000211,0.06405348399994182
UTM,151,tm,91.3,0.40997717499999453,0.06393182900001193
UTM,152,tm,91.31,0.4092950900001142,0.06361591099994257
UTM,153,tm,91.25999999999999,0.4083106200000657,0.062871492000113
UTM,154,tm,91.18,0.4119821140000113,0.06425789299987628
UTM,155,tm,91.33,0.41514666300008685,0.06491581899990706
UTM,156,tm,91.24,0.413742430999946,0.0639668950000214
UTM,157,tm,91.18,0.40776884499996413,0.06449107000003096
UTM,158,tm,91.23,0.4133946240001478,0.06547328400006336
UTM,159,tm,91.16,0.40075395600001684,0.06840208299990991
UTM,160,tm,91.42,0.40455311300001995,0.06389639300005001
UTM,161,tm,91.44,0.4127675539998563,0.06180704999997033
UTM,162,tm,91.53999999999999,0.40197642299995096,0.06388012900015383
UTM,163,tm,91.43,0.41459184199993615,0.0641215129999182
UTM,164,tm,91.36,0.4175447599998279,0.06450471099992683
UTM,165,tm,91.36,0.4214579120000508,0.06439453100006176
UTM,166,tm,91.27,0.41499922800016975,0.06424220399981095
UTM,167,tm,91.31,0.41656115599994337,0.06517896500008646
UTM,168,tm,91.43,0.41289267299998755,0.06577009400007228
UTM,169,tm,91.34,0.41134500299995125,0.06461002300011387
UTM,170,tm,91.25999999999999,0.4218891900000017,0.07029627900010382
UTM,171,tm,91.22,0.419487676000017,0.06968506900011562
UTM,172,tm,91.2,0.4145954250000159,0.0644350590000613
UTM,173,tm,91.27,0.40829703200006406,0.0650548799999342
UTM,174,tm,91.31,0.4066702659999919,0.06916206899995814
UTM,175,tm,91.19,0.4183962059998976,0.06505683599993972
UTM,176,tm,91.23,0.4108889100000397,0.06458634399996299
UTM,177,tm,91.29,0.4061234280000008,0.06442819099993358
UTM,178,tm,91.34,0.4217996630000016,0.06466623200003596
UTM,179,tm,91.18,0.40754707500013865,0.0660533289999421
UTM,180,tm,91.3,0.4143081450001773,0.06491030300003331
UTM,181,tm,91.27,0.4174793419999787,0.06416604499986533
UTM,182,tm,91.25,0.4122345360001418,0.06469814599995516
UTM,183,tm,91.31,0.4187754740000855,0.06448365699998249
UTM,184,tm,91.36,0.4192111350000687,0.06410451299984743
UTM,185,tm,91.39,0.40798870100002205,0.0645070289999694
UTM,186,tm,91.42,0.41481471299994155,0.06521422000014354
UTM,187,tm,91.46,0.4098256490001404,0.06481322299987369
UTM,188,tm,91.36,0.41274075699993773,0.06381973899988225
UTM,189,tm,91.4,0.4027978480000911,0.0653889849997995
UTM,190,tm,91.38,0.4147551080000085,0.06471207599997797
UTM,191,tm,91.4,0.40949681500001134,0.06482387599999129
UTM,192,tm,91.39,0.4096843509998962,0.06480085600014718
UTM,193,tm,91.33,0.4112558980000358,0.06958234100011396
UTM,194,tm,91.32000000000001,0.4088057429999026,0.06485712299991064
UTM,195,tm,91.23,0.4066843149998931,0.06296351500009223
UTM,196,tm,91.31,0.40146656700017047,0.06460549999997056
UTM,197,tm,91.25999999999999,0.41580825599999116,0.06276318799996261
UTM,198,tm,91.34,0.40327449699998397,0.06458266699996784
UTM,199,tm,91.21000000000001,0.40864456600002086,0.06452785800001948
UTM,200,tm,91.13,0.40998188499997923,0.06483032000005551
UTM,201,tm,91.36999999999999,0.4157075230000373,0.06481069699998443
UTM,202,tm,91.28,0.4153784549998818,0.06457067399992411
UTM,203,tm,91.4,0.4104083019999507,0.06438487900004475
UTM,204,tm,91.36,0.41913315499982673,0.06512155599989455
UTM,205,tm,91.43,0.4121192279999377,0.06553267099980076
UTM,206,tm,91.34,0.4114879619999101,0.06476835700004813
UTM,207,tm,91.24,0.42033512700004394,0.06453576800004157
UTM,208,tm,91.21000000000001,0.41548419399987324,0.06481155400001626
UTM,209,tm,91.10000000000001,0.42133274999991954,0.0639113479999196
UTM,210,tm,91.16,0.4110808679999991,0.06441929499987964
UTM,211,tm,91.17,0.41569797899978767,0.06505079600015051
UTM,212,tm,91.19,0.42322141500017096,0.06403158500006612
UTM,213,tm,91.19,0.4194966470001873,0.0632311680001294
UTM,214,tm,91.18,0.4103891680001652,0.06538813699989987
UTM,215,tm,91.3,0.41026999000018805,0.06498126900009993
UTM,216,tm,91.14999999999999,0.42152594899994256,0.06340389299998606
UTM,217,tm,91.2,0.40881577899995136,0.06336626400002388
UTM,218,tm,91.2,0.4187443739999708,0.0643816209999386
UTM,219,tm,91.25,0.41741672600005586,0.06471536999993077
UTM,220,tm,91.17,0.41013955200014607,0.0644908229999146
UTM,221,tm,91.10000000000001,0.3976342519999889,0.06386353799985045
UTM,222,tm,91.23,0.41216196699997454,0.06432141799996316
UTM,223,tm,91.32000000000001,0.42362205099993844,0.06445610500009025
UTM,224,tm,91.33,0.41947188300014204,0.06464080099999592
UTM,225,tm,91.36,0.41363324700000703,0.06426399199995103
UTM,226,tm,91.3,0.41664356399996905,0.0631710299999213
UTM,227,tm,91.33,0.415093054999943,0.06291023999983736
UTM,228,tm,91.25999999999999,0.4156346370000392,0.06471579399999428
UTM,229,tm,91.16,0.4122897400000056,0.06517636200010202
UTM,230,tm,91.39,0.4180551110000579,0.06318398700000216
UTM,231,tm,91.36,0.4148405030000504,0.06517189200008033
UTM,232,tm,91.08000000000001,0.41145751800013386,0.06448138900009326
UTM,233,tm,91.2,0.40260570400005236,0.06460445599986997
UTM,234,tm,91.29,0.4162087679999331,0.06502906300011091
UTM,235,tm,91.25,0.41388689200016415,0.06485522399998445
UTM,236,tm,91.27,0.41079193800010216,0.06367037900008654
UTM,237,tm,91.36999999999999,0.40862521099984406,0.06408596599999328
UTM,238,tm,91.33,0.42233107200013364,0.06478055900015534
UTM,239,tm,91.24,0.41495271500002673,0.06518380599982265
UTM,240,tm,91.2,0.4165115009998317,0.065343926000196
UTM,241,tm,91.36999999999999,0.4035666879999553,0.06495485400000689
UTM,242,tm,91.32000000000001,0.4143280200000845,0.064518458999828
UTM,243,tm,91.32000000000001,0.4173882230002164,0.0627950520001832
UTM,244,tm,91.27,0.412013879999904,0.06287860199995521
UTM,245,tm,91.29,0.41871216300000924,0.06552870800010169
UTM,246,tm,91.25,0.41662810000002537,0.0657824370000526
UTM,247,tm,91.11,0.4164637829999265,0.06355210499987152
UTM,248,tm,91.16,0.41590711900016686,0.0648759800001244
UTM,249,tm,91.24,0.432671105000054,0.06504673900008129
UTM,250,tm,91.16,0.4172600300000795,0.06443726199995581
UTM,251,tm,91.14,0.4096362699999645,0.06501185399997667
UTM,252,tm,90.92,0.4245209230000455,0.06504687699998613
UTM,253,tm,91.11,0.40826821100017696,0.06480692800005272
UTM,254,tm,91.14999999999999,0.4073284290000174,0.06386985500012088
UTM,255,tm,91.21000000000001,0.4088450910001029,0.06444581699997798
UTM,256,tm,90.99000000000001,0.42101402899993445,0.06450224700006402
UTM,257,tm,91.05,0.40286735200015755,0.06550094899989745
UTM,258,tm,91.16,0.4163024970000606,0.0661680810001144
UTM,259,tm,91.16,0.416569207999828,0.06487857899992377
UTM,260,tm,91.12,0.4104441759998281,0.06387185999983558
UTM,261,tm,90.95,0.409788017999972,0.06462936800016905
UTM,262,tm,91.10000000000001,0.42566530699991745,0.06501911099985591
UTM,263,tm,91.10000000000001,0.4159329940000589,0.06512483999995311
UTM,264,tm,91.03999999999999,0.42542076000017914,0.06547074799982511
UTM,265,tm,91.14999999999999,0.4226736020000317,0.06492179199995007
UTM,266,tm,91.03999999999999,0.42179390199999034,0.06488154199996643
UTM,267,tm,91.14999999999999,0.4115588540000772,0.064589733000048
UTM,268,tm,91.31,0.41463957699988896,0.06561303000012231
UTM,269,tm,91.24,0.42152847400006976,0.06866049499990368
UTM,270,tm,91.10000000000001,0.41915078099987113,0.06440629500002615
UTM,271,tm,91.27,0.4159956799999236,0.06365238199987289
UTM,272,tm,91.36,0.4250243970000156,0.06430578799995601
UTM,273,tm,91.44,0.4472093760000462,0.06473725699993338
UTM,274,tm,91.27,0.42507651899995835,0.06482835399992837
UTM,275,tm,91.18,0.41635938400008854,0.06431257999997797
UTM,276,tm,91.22,0.4233171749999656,0.06542121799998313
UTM,277,tm,91.2,0.4134942799998953,0.06495242199980567
UTM,278,tm,91.27,0.42150595299995075,0.06447596500015607
UTM,279,tm,91.14999999999999,0.40639940200003366,0.06468112300012763
UTM,280,tm,91.17,0.417248969999946,0.06510942799991426
UTM,281,tm,91.09,0.41205995800009987,0.0642153750000034
UTM,282,tm,91.21000000000001,0.41654708100008975,0.06502948000002107
UTM,283,tm,91.14999999999999,0.4045673349999106,0.06388373599997976
UTM,284,tm,91.14999999999999,0.4197986369999853,0.06387768800004778
UTM,285,tm,91.23,0.4150168860001031,0.06401619899997968
UTM,286,tm,91.10000000000001,0.4218946569999389,0.06498263699995732
UTM,287,tm,91.08000000000001,0.415945087999944,0.06452846600018347
UTM,288,tm,91.3,0.4239513299999089,0.06330902900003821
UTM,289,tm,91.2,0.42026209200002995,0.06477739399997517
UTM,290,tm,91.14999999999999,0.41974918799996885,0.06410901200001717
UTM,291,tm,91.23,0.41600663799999893,0.07060418000014579
UTM,292,tm,91.24,0.4274622069999623,0.06422075499995117
UTM,293,tm,91.19,0.4220786749999661,0.06489554799986763
UTM,294,tm,91.07,0.41946958499988796,0.0632260770000812
UTM,295,tm,91.3,0.4197110220000013,0.06317581200005407
UTM,296,tm,91.13,0.41157184799999413,0.06420030499998575
UTM,297,tm,91.14999999999999,0.42086203400003797,0.06422192600007293
UTM,298,tm,91.0,0.40686434400004146,0.06398044599995956
UTM,299,tm,91.14999999999999,0.42252509600007215,0.06452634199990825
UTM,300,tm,91.11,0.42634488900012,0.06842761699999755
UTM,301,tm,91.10000000000001,0.41375553700004275,0.06613802400011082
UTM,302,tm,91.24,0.4202069919999758,0.07110778800006301
UTM,303,tm,91.24,0.4145135820001542,0.06226976000016293
UTM,304,tm,91.29,0.4017058489998817,0.06447298600005524
UTM,305,tm,91.21000000000001,0.41384921400003805,0.06421721899982913
UTM,306,tm,91.19,0.4207424879998598,0.06521719000011217
UTM,307,tm,91.24,0.41554866899991794,0.06282792700017126
UTM,308,tm,91.25,0.423801727999944,0.06345188399996005
UTM,309,tm,91.18,0.41366778099995827,0.06510066000009829
UTM,310,tm,91.19,0.40913333599996804,0.06544959000007111
UTM,311,tm,91.17,0.4129839469999297,0.06451887100001841
UTM,312,tm,91.31,0.4099838859999636,0.06366978500000187
UTM,313,tm,91.29,0.4121853250001095,0.06239818099993499
UTM,314,tm,91.24,0.4159909089999019,0.06313524799998049
UTM,315,tm,91.14999999999999,0.41786065299993425,0.06433500599996478
UTM,316,tm,91.39,0.41124912199984465,0.06331704400008675
UTM,317,tm,91.16,0.4110445310000159,0.0637474759998895
UTM,318,tm,91.14,0.415384566000057,0.06049101300004622
UTM,319,tm,91.27,0.4097528039999361,0.06598245400004998
UTM,320,tm,91.29,0.4126093039999432,0.06832090600005358
UTM,321,tm,91.28,0.41382734900003015,0.06514276699999755
UTM,322,tm,91.29,0.415637555000103,0.06447777099992891
UTM,323,tm,91.39,0.4133846900001572,0.06385164300013457
UTM,324,tm,91.29,0.406685330000073,0.06541549899998245
UTM,325,tm,91.28,0.4111851899999692,0.06439856100018915
UTM,326,tm,91.38,0.41697945900000377,0.06327825200014559
UTM,327,tm,91.24,0.40506711700004416,0.06384772100000191
UTM,328,tm,91.32000000000001,0.41640859100016314,0.06401333999997405
UTM,329,tm,91.24,0.40811415100006343,0.06434599199997137
UTM,330,tm,91.21000000000001,0.4180840559999979,0.0672986290001063
UTM,331,tm,91.17,0.4195062040000721,0.06308179100005873
UTM,332,tm,91.28,0.4145045560001108,0.06257015799997134
UTM,333,tm,91.3,0.4036492099999123,0.06445343199993658
UTM,334,tm,91.3,0.4117045959999359,0.06487697000011394
UTM,335,tm,91.2,0.41955860400003075,0.06291545599992787
UTM,336,tm,91.25,0.4189560209999854,0.06254465999995773
UTM,337,tm,91.32000000000001,0.40444558800004415,0.0634088189999602
UTM,338,tm,91.14999999999999,0.4080599369999618,0.0635135929999251
UTM,339,tm,91.31,0.4082434090000788,0.0634834590000537
UTM,340,tm,91.25999999999999,0.40708587600011015,0.06399736299999859
UTM,341,tm,91.09,0.4128218239998205,0.0648417340000833
UTM,342,tm,91.27,0.4065380600000026,0.0652537979999579
UTM,343,tm,91.22,0.4170416419999583,0.06523467099987101
UTM,344,tm,91.21000000000001,0.42184719900001255,0.06490404500004843
UTM,345,tm,91.17,0.40964528899985453,0.0638226430000941
UTM,346,tm,91.14,0.4087728720000996,0.06374083799983055
UTM,347,tm,91.17,0.42094939599996906,0.06520682700011093
UTM,348,tm,91.14,0.4169245000000501,0.06473712399997567
UTM,349,tm,91.08000000000001,0.418596591999858,0.06317542899978434
UTM,350,tm,91.16,0.4046785049999926,0.06515231699995638
UTM,351,tm,91.19,0.41343826100001024,0.06476140499989924
UTM,352,tm,91.25,0.42229872100006105,0.06302089100017838
UTM,353,tm,91.36999999999999,0.4084245799999735,0.06912820700017619
UTM,354,tm,91.28,0.4086323709998396,0.06319630600000892
UTM,355,tm,91.19,0.410177922999992,0.06333655599996746
UTM,356,tm,91.29,0.4169252509998387,0.06496421600013491
UTM,357,tm,91.21000000000001,0.42021202099999755,0.06552660099987406
UTM,358,tm,91.36999999999999,0.41417786200008777,0.06305956000005608
UTM,359,tm,91.29,0.42333100100017873,0.06492066200007685
UTM,360,tm,91.22,0.4128865359998599,0.06500490700000228
UTM,361,tm,91.41,0.42424760700009756,0.06573746000003666
UTM,362,tm,91.39,0.41544637599986345,0.06454789800000071
UTM,363,tm,91.34,0.4200513929999943,0.06480641500002093
UTM,364,tm,91.42,0.4218492099998912,0.06597284899999067
UTM,365,tm,91.47,0.4276864849998674,0.06560708200004228
UTM,366,tm,91.28,0.41288780400009273,0.06545931599998767
UTM,367,tm,91.33,0.41874603300016133,0.06441581299986865
UTM,368,tm,91.34,0.4268595930000174,0.06587259899993114
UTM,369,tm,91.29,0.4187353110000913,0.06997761000002356
UTM,370,tm,91.14999999999999,0.4149205010000969,0.06507631399995262
UTM,371,tm,91.22,0.4137764800000241,0.06457115200009866
UTM,372,tm,91.3,0.41115232699985427,0.07172189700008857
UTM,373,tm,91.14999999999999,0.4261547010000868,0.0648895449999145
UTM,374,tm,91.19,0.4225633889998335,0.06510920100004114
UTM,375,tm,91.22,0.41807495100010783,0.07070737999993071
UTM,376,tm,91.24,0.421231908999971,0.06513816100004988
UTM,377,tm,91.3,0.4172498350001206,0.06476760500004275
UTM,378,tm,91.23,0.4237640530000135,0.06511879799995768
UTM,379,tm,91.29,0.4181955649999054,0.06446803399990131
UTM,380,tm,91.19,0.411206373999903,0.06412461099989741
UTM,381,tm,91.13,0.4103126869999869,0.06275399099990864
UTM,382,tm,91.24,0.4135565779999979,0.06314444600002389
UTM,383,tm,91.21000000000001,0.4070248470000024,0.06358230099999673
UTM,384,tm,91.2,0.4142486470000222,0.06403662299999269
UTM,385,tm,91.21000000000001,0.41296207599998525,0.06092520499987586
UTM,386,tm,91.11,0.42364588200007347,0.06306029300003502
UTM,387,tm,91.17,0.4081599720000213,0.06459623899991129
UTM,388,tm,91.09,0.40537112099991646,0.06405564700003197
UTM,389,tm,91.14999999999999,0.41520390800019413,0.0645873670000583
UTM,390,tm,90.99000000000001,0.40090594399998736,0.06439621200001966
UTM,391,tm,91.03999999999999,0.41578494800000954,0.06499295300000085
UTM,392,tm,91.14999999999999,0.4216388120000829,0.06435720800004674
UTM,393,tm,91.25999999999999,0.40751820899981794,0.06574105699996835
UTM,394,tm,91.24,0.4223914900001091,0.06806152800004384
UTM,395,tm,91.18,0.4216201579999961,0.0653146239999387
UTM,396,tm,91.08000000000001,0.41610601899992616,0.0640228049999223
UTM,397,tm,91.03999999999999,0.411387010999988,0.0637004860000161
UTM,398,tm,91.05,0.41270737499985444,0.06640232099994137
UTM,399,tm,91.03,0.4252459019999151,0.06541819600010967
UTM,400,tm,91.17,0.40804638700001306,0.06465008200007105
UTM,401,tm,91.14,0.4162986430001183,0.06623599799991098
UTM,402,tm,91.14,0.4205860969998412,0.06521135800016964
UTM,403,tm,91.11,0.4134851350002009,0.06466375400009383
UTM,404,tm,91.02,0.42857553500016365,0.06737788800000999
UTM,405,tm,91.14999999999999,0.4131755380001323,0.06580661699990742
UTM,406,tm,91.07,0.4191516660000616,0.06558890199994494
UTM,407,tm,91.10000000000001,0.42195548199993027,0.06447512900012953
UTM,408,tm,91.06,0.422166500000003,0.06783555499987415
UTM,409,tm,91.17,0.4057793930001026,0.05999765899991871
UTM,410,tm,91.10000000000001,0.40976076600009037,0.06438813700015089
UTM,411,tm,91.03999999999999,0.4025170630000048,0.06534591799982081
UTM,412,tm,91.13,0.4114478770000005,0.06448685399982423
UTM,413,tm,91.14,0.41560716799995134,0.06273987400004444
UTM,414,tm,91.07,0.4247558309998567,0.06212536800012458
UTM,415,tm,91.2,0.41113367900015874,0.07610671399993407
UTM,416,tm,91.05,0.4199012699998548,0.06314654500010874
UTM,417,tm,91.14999999999999,0.4154000780001752,0.06519047100005082
UTM,418,tm,91.07,0.41429483999991135,0.06378588000006857
UTM,419,tm,91.2,0.4179011520000131,0.0646644120001838
UTM,420,tm,91.18,0.4227816160000657,0.06491770200000246
UTM,421,tm,91.14,0.41311393199998747,0.06363821399986591
UTM,422,tm,91.14,0.4224640550000913,0.06528627900001993
UTM,423,tm,91.09,0.4085535159999836,0.06366662599998563
UTM,424,tm,91.25999999999999,0.4078944150001007,0.06361382400018556
UTM,425,tm,91.36,0.41141679100019246,0.06513904500002354
UTM,426,tm,91.18,0.4221664869999131,0.06316506400003163
UTM,427,tm,91.36,0.41276264899988746,0.06747505800012732
UTM,428,tm,91.27,0.4086261669999658,0.06288984100001471
UTM,429,tm,91.22,0.4156435429999874,0.06310724499985554
UTM,430,tm,91.31,0.4191375139998854,0.06528341800003545
UTM,431,tm,91.32000000000001,0.4151572440000564,0.06274495200000274
UTM,432,tm,91.28,0.41486939300011727,0.06457403899980818
UTM,433,tm,91.21000000000001,0.41553199800000584,0.06473243300001741
UTM,434,tm,91.2,0.4184352540000873,0.0638395200001014
UTM,435,tm,91.07,0.4026525369999945,0.06512716399993224
UTM,436,tm,91.21000000000001,0.41898534500001006,0.0650395809998372
UTM,437,tm,91.13,0.4115377499999795,0.06503491499984193
UTM,438,tm,91.03,0.40664368800003103,0.06315862900009961
UTM,439,tm,91.13,0.4130797259999781,0.06325552399994194
UTM,440,tm,91.10000000000001,0.4133120129999952,0.06489805700016404
UTM,441,tm,91.2,0.4195053129999451,0.0642905110000811
UTM,442,tm,91.18,0.4127229769999303,0.0629177850000815
UTM,443,tm,90.96,0.40675678000002335,0.06203918000005615
UTM,444,tm,91.08000000000001,0.41524589699997705,0.06399592000002485
UTM,445,tm,91.16,0.4178262169998561,0.06511451400001533
UTM,446,tm,91.05,0.39898876400002337,0.06463586500012752
UTM,447,tm,91.07,0.4192831860000297,0.06520606699996279
UTM,448,tm,90.99000000000001,0.4152901429999929,0.06500184800006537
UTM,449,tm,91.0,0.4132902459998604,0.06496643299988136
UTM,450,tm,91.05,0.4172013430002153,0.06481904100019165
UTM,451,tm,90.98,0.41237748000003194,0.06198355000014999
UTM,452,tm,90.98,0.4159493219999604,0.06526837299998078
UTM,453,tm,90.96,0.4081590209998467,0.0631222130000424
UTM,454,tm,91.09,0.42708329099991715,0.06506321699998807
UTM,455,tm,91.25999999999999,0.4105038570000943,0.0631631369999468
UTM,456,tm,91.17,0.41966602200000125,0.06487803599998188
UTM,457,tm,91.03,0.4189315759999772,0.06542107500013117
UTM,458,tm,91.06,0.4186675370001467,0.06576000099994417
UTM,459,tm,91.08000000000001,0.42176757500010353,0.06370533500012243
UTM,460,tm,91.09,0.4123799989999952,0.06463710299999548
UTM,461,tm,91.10000000000001,0.41944460600007005,0.06333919300004709
UTM,462,tm,91.16,0.4031523090000064,0.06330067799990502
UTM,463,tm,91.17,0.41157090500018967,0.06301243000007162
UTM,464,tm,91.13,0.4192938270000468,0.06256406100010281
UTM,465,tm,91.14999999999999,0.42007294600011846,0.06482780999999704
UTM,466,tm,91.2,0.41960913800016897,0.06513230199993814
UTM,467,tm,91.09,0.42088492400012,0.06510272499986058
UTM,468,tm,91.09,0.4262204080000629,0.06377243900010399
UTM,469,tm,91.11,0.41160183500005587,0.06338650499992582
UTM,470,tm,91.11,0.40962283499993646,0.06498634299987316
UTM,471,tm,91.17,0.4272172030000547,0.06347316200003661
UTM,472,tm,91.14999999999999,0.42474732000005133,0.06341842000006181
UTM,473,tm,91.2,0.41661263500009227,0.06424295500005428
UTM,474,tm,91.23,0.4169744210000772,0.06120721100000992
UTM,475,tm,91.2,0.4076979870001196,0.0646820500001013
UTM,476,tm,91.0,0.412006983000083,0.06460186699996484
UTM,477,tm,91.11,0.40949436500000047,0.062230559999989055
UTM,478,tm,91.19,0.42200903100001597,0.06316299100012657
UTM,479,tm,91.19,0.42115741799989337,0.06600920899995799
UTM,480,tm,91.11,0.42071865699995215,0.06475749200012615
UTM,481,tm,91.10000000000001,0.42187769800011665,0.0649963169998955
UTM,482,tm,91.21000000000001,0.4228798930000721,0.06517096299990044
UTM,483,tm,91.07,0.425609484000006,0.06492182300007698
UTM,484,tm,91.10000000000001,0.42334216700010074,0.06487604099993405
UTM,485,tm,91.03999999999999,0.4268055310001273,0.06487057100002858
UTM,486,tm,91.29,0.4173397530000784,0.06333488199993553
UTM,487,tm,91.23,0.4205304199999773,0.06404175400007261
UTM,488,tm,91.22,0.4119705860000522,0.06394634399998722
UTM,489,tm,91.11,0.42468889499991747,0.0632180420000168
UTM,490,tm,91.11,0.41291515500006426,0.06459107299997413
UTM,491,tm,91.16,0.4206924150000759,0.06522985500009781
UTM,492,tm,91.32000000000001,0.41797171600001093,0.06251012699999592
UTM,493,tm,91.28,0.4135228399998141,0.065331543999946
UTM,494,tm,91.23,0.4166574749999654,0.06538153700012117
UTM,495,tm,91.22,0.4165412679999463,0.06620120000002316
UTM,496,tm,91.21000000000001,0.4125568340000427,0.06694698699993751
UTM,497,tm,91.10000000000001,0.41823398899987296,0.06357279700000618
UTM,498,tm,91.21000000000001,0.41903040399984093,0.06495563099997526
UTM,499,tm,91.12,0.4143142729999454,0.06367115099988041
UTM,500,tm,91.13,0.4133719789999759,0.06491477500003384
WTM,1,tm,87.18,0.31543484899998475,0.05642712299982122
WTM,2,tm,89.42999999999999,0.271235322000166,0.05783755600009499
WTM,3,tm,90.84,0.25995648899993284,0.057323006999922654
WTM,4,tm,91.51,0.24654146400007448,0.05766442399999505
WTM,5,tm,92.82000000000001,0.25084948399990026,0.056296424000038314
WTM,6,tm,91.57,0.24331952700003967,0.058031946000028256
WTM,7,tm,90.64999999999999,0.23970764999990024,0.056716766000135976
WTM,8,tm,92.4,0.23111911399996643,0.057871167000030255
WTM,9,tm,92.11,0.23077410399992004,0.05826365799998712
WTM,10,tm,92.35,0.23879305000014028,0.05613301900007173
WTM,11,tm,92.24,0.23233301300001585,0.05740262599988455
WTM,12,tm,92.17999999999999,0.22738193800000772,0.05662659400013581
WTM,13,tm,92.0,0.23436539299996184,0.05783193199999914
WTM,14,tm,92.32000000000001,0.2256388880000486,0.05868416799989973
WTM,15,tm,93.12,0.22754926900006467,0.05685854900002596
WTM,16,tm,92.65,0.22701045300004807,0.05802617899985307
WTM,17,tm,92.07,0.2225858380002137,0.05836655300004168
WTM,18,tm,92.9,0.21853921499996432,0.05810297299990452
WTM,19,tm,92.86,0.22038598499989348,0.058223888000156876
WTM,20,tm,92.92,0.21612837599991508,0.05648446099985449
WTM,21,tm,93.06,0.22248106600000028,0.057095749999916734
WTM,22,tm,92.39,0.22078951499997856,0.05759441300006074
WTM,23,tm,92.5,0.2198135190001267,0.05876190100002532
WTM,24,tm,92.61,0.2208502859998589,0.05801912199990511
WTM,25,tm,92.92,0.21940470000004098,0.05820229599999038
WTM,26,tm,92.58,0.2105555480000021,0.058121320000054766
WTM,27,tm,93.06,0.22201780799991866,0.05824767600006453
WTM,28,tm,93.13,0.21424398699991798,0.05878876800011312
WTM,29,tm,92.43,0.2125062689999595,0.057831155000030776
WTM,30,tm,93.30000000000001,0.21391797600017526,0.05861486000003424
WTM,31,tm,92.44,0.21806721899997683,0.05850578700005826
WTM,32,tm,92.49000000000001,0.21626183299986224,0.057472071000120195
WTM,33,tm,93.28,0.22014865799997096,0.058824309999863544
WTM,34,tm,92.38,0.21168618499996228,0.05753464899999017
WTM,35,tm,92.58999999999999,0.21629117700013012,0.05859857700011162
WTM,36,tm,93.2,0.21849778000000697,0.05835669299995061
WTM,37,tm,93.53,0.2111308960002134,0.05777546199988137
WTM,38,tm,92.74,0.2190998569999465,0.05858217499985585
WTM,39,tm,92.93,0.21921031700003368,0.058558836999964115
WTM,40,tm,92.85,0.2159860619999563,0.05669699400004902
WTM,41,tm,94.19,0.21585779999986698,0.05752454699995724
WTM,42,tm,93.8,0.21404977099996358,0.057209131000035995
WTM,43,tm,93.19,0.22386840899980598,0.06007603100010783
WTM,44,tm,93.55,0.2154167819999202,0.058102545000110695
WTM,45,tm,93.67999999999999,0.21315615000003163,0.05811490399992181
WTM,46,tm,93.06,0.21471590599981027,0.0580523500000254
WTM,47,tm,93.01,0.21800778099986928,0.058276036000052045
WTM,48,tm,93.77,0.21586016600008406,0.05805417099986698
WTM,49,tm,93.46,0.21156496699995841,0.05968908599993483
WTM,50,tm,93.74,0.21986412299997937,0.058403278000014325
WTM,51,tm,93.27,0.21730036299982203,0.0581326659998922
WTM,52,tm,93.43,0.22078544100008912,0.0581499120000899
WTM,53,tm,94.41000000000001,0.2140576870001496,0.05840289499997198
WTM,54,tm,93.66,0.21120997000002717,0.05689383399999315
WTM,55,tm,93.0,0.21283876500001497,0.05866387199989731
WTM,56,tm,93.85,0.20915696700012631,0.05812904000003982
WTM,57,tm,93.30000000000001,0.21177381600000444,0.05885301300008905
WTM,58,tm,93.58,0.2097472469999957,0.05495663200008494
WTM,59,tm,93.14,0.21150015900002472,0.05780891600011273
WTM,60,tm,93.85,0.20901790200014148,0.05866533299990806
WTM,61,tm,92.43,0.2101545719999649,0.057948124999938955
WTM,62,tm,93.24,0.2097606369998175,0.05866658899981303
WTM,63,tm,93.37,0.21396813100000145,0.05857252200007679
WTM,64,tm,94.12,0.21359814300012658,0.05819232499993632
WTM,65,tm,93.42,0.22084724399996958,0.05902993600011541
WTM,66,tm,93.36,0.2101738070000465,0.05902682700002515
WTM,67,tm,93.03,0.21136775699983446,0.058874258999821905
WTM,68,tm,93.67,0.21877353599984417,0.058917930999996315
WTM,69,tm,93.57,0.21799103900002592,0.057978389000027164
WTM,70,tm,93.72,0.21120025699997313,0.05951572499998292
WTM,71,tm,94.15,0.21368362199996227,0.06088523600010376
WTM,72,tm,93.34,0.20519659299998239,0.057288206000066566
WTM,73,tm,94.07,0.20577690400000392,0.059887846000037825
WTM,74,tm,93.54,0.21618034900006933,0.058486853999966115
WTM,75,tm,93.32000000000001,0.2115538320001633,0.058281226999952196
WTM,76,tm,93.28,0.2150235229998998,0.05937870599996131
WTM,77,tm,92.93,0.22535192500004086,0.05864481700018587
WTM,78,tm,94.36,0.2091921960000036,0.058517790999985664
WTM,79,tm,93.8,0.22081465499991282,0.05817360999981247
WTM,80,tm,93.38,0.2118338870000116,0.05856890299992301
WTM,81,tm,93.75,0.21480606300019645,0.05866835300003004
WTM,82,tm,92.49000000000001,0.20970932900013395,0.05638512499990611
WTM,83,tm,93.71000000000001,0.20716402800007927,0.0572592529999838
WTM,84,tm,93.67999999999999,0.21357532299998638,0.0585903920000419
WTM,85,tm,93.72,0.21158428400008233,0.05822587900001963
WTM,86,tm,93.31,0.21548575599990727,0.057459116000018184
WTM,87,tm,93.52000000000001,0.20870069800002966,0.05847712799982219
WTM,88,tm,93.95,0.20972510299998248,0.05835981100017307
WTM,89,tm,93.7,0.2137541520000923,0.059319544999880236
WTM,90,tm,94.28999999999999,0.21288790899984633,0.05802702500000123
WTM,91,tm,93.67999999999999,0.21433299600016653,0.05836939699997856
WTM,92,tm,94.3,0.21088957100005246,0.05972063700005492
WTM,93,tm,93.49,0.23295156500012126,0.05848637400004009
WTM,94,tm,93.5,0.21072567200008052,0.058101992000047176
WTM,95,tm,93.15,0.21316925600012837,0.059071852999977637
WTM,96,tm,93.36,0.21605017100000623,0.05889951700009988
WTM,97,tm,94.17,0.2190729899998587,0.05809565799995653
WTM,98,tm,92.91,0.20885291300010067,0.05822846399996706
WTM,99,tm,93.37,0.20924520199992003,0.05839670899990779
WTM,100,tm,92.75999999999999,0.2084316730001774,0.05672784600005798
WTM,101,tm,93.2,0.21020827400002418,0.05858792200001517
WTM,102,tm,94.05,0.21033007899995937,0.05833101300004273
WTM,103,tm,93.56,0.20937783699991996,0.05854974299995774
WTM,104,tm,92.75999999999999,0.21462757400013288,0.05843825200008723
WTM,105,tm,93.95,0.22104264600011447,0.058554713000148695
WTM,106,tm,93.91000000000001,0.20845859700011715,0.05735886299999038
WTM,107,tm,93.77,0.20814774999985275,0.05720185300015146
WTM,108,tm,93.64,0.21204664600008982,0.05805208599986145
WTM,109,tm,93.84,0.2144138749999911,0.05904363300010118
WTM,110,tm,94.19999999999999,0.2127042080001047,0.060536786000056964
WTM,111,tm,94.48,0.21291880299986587,0.058202097000048525
WTM,112,tm,93.94,0.20817381300003035,0.05953319799982637
WTM,113,tm,94.54,0.2104196039999806,0.06005873599997358
WTM,114,tm,93.74,0.2103456190000088,0.05820835200006513
WTM,115,tm,93.67999999999999,0.20789853700011918,0.05910109100000227
WTM,116,tm,94.19999999999999,0.21664141700011896,0.057924297999988994
WTM,117,tm,93.23,0.21691325699998742,0.05906074999984412
WTM,118,tm,94.16,0.20248334500001874,0.05802142500010632
WTM,119,tm,93.82000000000001,0.21922861400003057,0.057361446999948384
WTM,120,tm,94.14,0.2148988830001599,0.05895462799981033
WTM,121,tm,93.86,0.21580347600001915,0.06055276900019635
WTM,122,tm,93.44,0.21435421500018492,0.0576314340000863
WTM,123,tm,93.78,0.2079424309999922,0.05876697899998362
WTM,124,tm,93.97,0.20241854100004275,0.05805795100013711
WTM,125,tm,93.2,0.21450268399985362,0.05677187000014783
WTM,126,tm,94.13,0.21085278299983656,0.058247528000038074
WTM,127,tm,93.77,0.21036804300001677,0.05877018199998929
WTM,128,tm,93.43,0.21534730000007585,0.058977099000003363
WTM,129,tm,92.86999999999999,0.2096920889998728,0.05969161400003031
WTM,130,tm,92.96,0.21969465799998034,0.05976205800016032
WTM,131,tm,94.22,0.2121746239999993,0.058524583000007624
WTM,132,tm,94.47,0.21112490100017567,0.05796621000013147
WTM,133,tm,94.23,0.2209842679999383,0.05929213600006733
WTM,134,tm,92.77,0.21130317699999068,0.05865979700001844
WTM,135,tm,93.10000000000001,0.20697316799987675,0.05822526900010416
WTM,136,tm,94.25,0.21542995699996936,0.061094853999975385
WTM,137,tm,94.04,0.20830813999987186,0.058122609000065495
WTM,138,tm,93.55,0.2076137890001064,0.05973668600017845
WTM,139,tm,94.07,0.20735625399993296,0.05757941600018057
WTM,140,tm,93.97999999999999,0.20294930899990504,0.06024608100005935
WTM,141,tm,93.69,0.2046328789999734,0.0582476399999905
WTM,142,tm,93.53,0.20968754299997272,0.05994721100000788
WTM,143,tm,94.25,0.20808258800002477,0.057300832000009905
WTM,144,tm,93.31,0.2084236170001077,0.059051109000165525
WTM,145,tm,93.84,0.2080421309999565,0.058963340999980574
WTM,146,tm,93.84,0.2081559160001234,0.05791080900007728
WTM,147,tm,93.63,0.20856822699988697,0.057513261999929455
WTM,148,tm,93.87,0.20823950599992713,0.05785654299984344
WTM,149,tm,93.45,0.215683990999878,0.05767220500001713
WTM,150,tm,92.55,0.20728372300004594,0.05849034099992423
WTM,151,tm,93.91000000000001,0.21275433300002078,0.05855613799985804
WTM,152,tm,93.8,0.20992894800019712,0.05835641999988184
WTM,153,tm,93.7,0.21148026700006994,0.05961810600001627
WTM,154,tm,93.61,0.2069943599999533,0.058108129999936864
WTM,155,tm,94.13,0.20865758099989762,0.059334029999945415
WTM,156,tm,93.75,0.205951240000104,0.058737844999996014
WTM,157,tm,93.99,0.20971143599990683,0.05992075500012106
WTM,158,tm,93.61,0.208291625000129,0.05876535200013677
WTM,159,tm,93.41000000000001,0.20910032699998737,0.058252947000028144
WTM,160,tm,93.97999999999999,0.20694554500005324,0.058965969999917434
WTM,161,tm,94.3,0.2091403330000503,0.05745652600012363
WTM,162,tm,94.36,0.2056094629999734,0.05782145900002433
WTM,163,tm,93.84,0.20627534899995226,0.05857958299998245
WTM,164,tm,93.77,0.20879517999992458,0.05889834999993582
WTM,165,tm,93.89999999999999,0.2084272960000817,0.058523738000076264
WTM,166,tm,93.52000000000001,0.2081149739999546,0.05858665000005203
WTM,167,tm,93.26,0.20533182500003022,0.05836582200004159
WTM,168,tm,93.32000000000001,0.20471445099997254,0.05899207299989939
WTM,169,tm,93.57,0.21414213799994286,0.059223566999889954
WTM,170,tm,93.62,0.20938701399995807,0.05785204300013902
WTM,171,tm,93.32000000000001,0.2140234450000662,0.05862023099984981
WTM,172,tm,93.57,0.21899714400001358,0.05720142399991346
WTM,173,tm,93.27,0.21954992099995252,0.05834332700010236
WTM,174,tm,93.17999999999999,0.21050135700011197,0.05895548900002723
WTM,175,tm,93.31,0.2126815629999328,0.05928957299988724
WTM,176,tm,92.86999999999999,0.2134143050000148,0.05750360799993359
WTM,177,tm,94.03,0.20437776800008578,0.057807848000038575
WTM,178,tm,93.02,0.20805485300002147,0.05830695399981778
WTM,179,tm,93.23,0.20544595699993806,0.057692947999839816
WTM,180,tm,93.33,0.20707263399981457,0.05684277599993948
WTM,181,tm,93.32000000000001,0.21303101700004845,0.0574332809999305
WTM,182,tm,93.78999999999999,0.20693757599997298,0.05793184399999518
WTM,183,tm,91.89,0.21486324000011336,0.05905640399987533
WTM,184,tm,93.34,0.21026178499982962,0.05806823100010661
WTM,185,tm,93.93,0.206391745000019,0.05819206399996801
WTM,186,tm,93.74,0.2099267730000065,0.059696328999962134
WTM,187,tm,93.16,0.2101587259999178,0.058864703999915946
WTM,188,tm,93.28999999999999,0.21507688199994845,0.058144459000004645
WTM,189,tm,93.65,0.20838130299989643,0.05767706699998598
WTM,190,tm,92.95,0.2080814509999982,0.058838007000076686
WTM,191,tm,94.17999999999999,0.2117927619999591,0.05707445000007283
WTM,192,tm,94.17,0.21102773999996316,0.05848788799994509
WTM,193,tm,93.02,0.21014995100017586,0.05780188700009603
WTM,194,tm,93.77,0.20509862700009762,0.05693901899985576
WTM,195,tm,92.07,0.2057493339998473,0.05984671800001706
WTM,196,tm,94.11,0.2081014259999847,0.057040725999968345
WTM,197,tm,93.23,0.2053705749999608,0.05800585899987709
WTM,198,tm,93.66,0.2082358130001012,0.05814529400004176
WTM,199,tm,93.52000000000001,0.20215965400007008,0.05792382599997836
WTM,200,tm,93.7,0.21078007799997067,0.05984254199984207
WTM,201,tm,93.77,0.20989180900005522,0.05709925799988014
WTM,202,tm,93.08999999999999,0.21127545800004555,0.05886935100011215
WTM,203,tm,94.27,0.2087053760001254,0.058860349000042334
WTM,204,tm,92.78,0.21141391700007262,0.05778231399995093
WTM,205,tm,94.17,0.20900303300004452,0.05597346900003686
WTM,206,tm,93.97,0.21057025699997212,0.058747261999997136
WTM,207,tm,93.74,0.20984918599992852,0.05885089999992488
WTM,208,tm,94.08999999999999,0.20872941700008596,0.05662334400017244
WTM,209,tm,93.58,0.2102579740001147,0.06115858700013632
WTM,210,tm,93.81,0.21015691100001277,0.05746380599998702
WTM,211,tm,93.38,0.20738657699985197,0.056596591000015906
WTM,212,tm,94.03,0.20781688300007772,0.05905516000007083
WTM,213,tm,93.47,0.20670507499994528,0.058271885000067414
WTM,214,tm,94.04,0.2068229500000598,0.056531630000108635
WTM,215,tm,93.57,0.20867345999999998,0.05824989600000663
WTM,216,tm,92.13,0.2072705099999439,0.05815761500002736
WTM,217,tm,91.75999999999999,0.2121427090000907,0.05730843600008484
WTM,218,tm,93.47,0.21245833900002253,0.059022721000019374
WTM,219,tm,93.05,0.20717314400008036,0.05786868399991363
WTM,220,tm,93.24,0.20708490500010157,0.057961782000120365
WTM,221,tm,93.16,0.21145615399996132,0.05897082399997089
WTM,222,tm,94.38,0.21101727199993547,0.05663913000012144
WTM,223,tm,93.26,0.2131119379998836,0.0585680130000128
WTM,224,tm,93.99,0.21036801099990043,0.05848012999990715
WTM,225,tm,94.13,0.21060603499995523,0.05893297700004041
WTM,226,tm,93.5,0.20925484600002164,0.05778561500005708
WTM,227,tm,94.19999999999999,0.21071151299997837,0.05822526499991909
WTM,228,tm,92.7,0.20291865400008646,0.05863950200000545
WTM,229,tm,93.86,0.20619854400001714,0.05983144600008927
WTM,230,tm,92.2,0.2091305359999751,0.05860726599985355
WTM,231,tm,93.7,0.20894812400001683,0.05885647199988853
WTM,232,tm,92.16,0.2109567899999547,0.05762990800008083
WTM,233,tm,93.69,0.21372814299979837,0.05878961400003391
WTM,234,tm,92.95,0.21069489599994995,0.05836727599989899
WTM,235,tm,93.61,0.2041567890000806,0.057354856999836556
WTM,236,tm,93.01,0.20883755699992435,0.058122760000060225
WTM,237,tm,93.97999999999999,0.21017723499994645,0.05726716499998474
WTM,238,tm,94.1,0.2134408160000021,0.06079517600005602
WTM,239,tm,94.44,0.2086764860000585,0.05822371099998236
WTM,240,tm,93.44,0.21422620400016967,0.057714677999911146
WTM,241,tm,94.28999999999999,0.20514931799993974,0.058195675999968444
WTM,242,tm,93.25,0.209311290000187,0.05844037799988655
WTM,243,tm,93.77,0.20838197600005515,0.05830553700002383
WTM,244,tm,93.01,0.2084046509999098,0.05787784599988299
WTM,245,tm,93.61,0.21014030599985745,0.05830723600001875
WTM,246,tm,93.51,0.21173360800003138,0.056808343999819044
WTM,247,tm,94.37,0.21219286199993803,0.054979301000003034
WTM,248,tm,94.02000000000001,0.20767445199999202,0.05859785500001635
WTM,249,tm,92.53,0.21749363300000368,0.058477550999896266
WTM,250,tm,93.64,0.20575381699995887,0.056229036999866366
WTM,251,tm,93.58999999999999,0.2081064060000699,0.05876016599995637
WTM,252,tm,93.86,0.2028534859998672,0.05789517500011243
WTM,253,tm,93.89999999999999,0.21047789499993996,0.058143465000057404
WTM,254,tm,93.16,0.20785149000016645,0.05725252100000944
WTM,255,tm,94.19,0.20943180900007974,0.05838484400010202
WTM,256,tm,94.02000000000001,0.20920833600007427,0.05717125900014253
WTM,257,tm,94.33,0.2071487299999717,0.057241290000092704
WTM,258,tm,93.67,0.2079639490000318,0.05782192600008784
WTM,259,tm,94.28999999999999,0.20343118599998888,0.056900338000104966
WTM,260,tm,92.05,0.21208806300001015,0.05837880500007486
WTM,261,tm,92.95,0.21362855100005618,0.0579358019999745
WTM,262,tm,93.47,0.22112487799995506,0.05837760599979447
WTM,263,tm,93.25,0.2063000190000821,0.05915146100005586
WTM,264,tm,93.75,0.21057041599988224,0.05805915400014783
WTM,265,tm,93.14,0.20804566599986174,0.05500743299990063
WTM,266,tm,93.87,0.20814251899992087,0.05783427100004701
WTM,267,tm,92.96,0.2062904299998536,0.05900075099998503
WTM,268,tm,93.61,0.20429223899986937,0.05783656499988865
WTM,269,tm,93.4,0.21021198199991886,0.05726823600002717
WTM,270,tm,93.03,0.21067699800005357,0.057097598999916954
WTM,271,tm,94.08,0.20690140599981532,0.05746904800002994
WTM,272,tm,93.53,0.20818615099983617,0.05720487700000376
WTM,273,tm,93.19,0.2068136020000111,0.0567181270000674
WTM,274,tm,93.95,0.2083088240001416,0.05748617000017475
WTM,275,tm,94.39,0.2055701780000163,0.057221180999931676
WTM,276,tm,94.05,0.2069775950001258,0.060437589000002845
WTM,277,tm,93.01,0.21030498699997224,0.05523003199982668
WTM,278,tm,93.10000000000001,0.20536075600011827,0.05811898199999632
WTM,279,tm,92.75,0.2099928469999668,0.05952623500002119
WTM,280,tm,93.74,0.20845968599996922,0.057982369999990624
WTM,281,tm,93.05,0.20990282100001423,0.059067519000109314
WTM,282,tm,94.67,0.20733567899992522,0.058517139999821666
WTM,283,tm,93.28999999999999,0.20885337699996853,0.058692196000038166
WTM,284,tm,93.43,0.2051037210001141,0.0584545930000786
WTM,285,tm,93.99,0.20951173599996764,0.05872077199978776
WTM,286,tm,93.56,0.21554071800005659,0.06035398400013037
WTM,287,tm,93.78999999999999,0.2096970100001272,0.05893866600013098
WTM,288,tm,93.81,0.20533769200005736,0.058171334000007846
WTM,289,tm,92.55,0.21115809999992052,0.05828733299995292
WTM,290,tm,93.60000000000001,0.2022844499999792,0.05888162500014005
WTM,291,tm,92.80000000000001,0.20577610299983462,0.05824115800010077
WTM,292,tm,93.32000000000001,0.20548483600009604,0.058558360999995784
WTM,293,tm,93.63,0.20964644600007887,0.05590428999994401
WTM,294,tm,92.84,0.21571122399996057,0.05774811600008434
WTM,295,tm,92.66,0.20633540800008632,0.059170163000089815
WTM,296,tm,92.46,0.21335070600002837,0.05999482800007172
WTM,297,tm,94.07,0.21145863200013082,0.058546571000078984
WTM,298,tm,93.4,0.2095495259998188,0.05976558100019247
WTM,299,tm,93.45,0.21065079400000286,0.060041889000103765
WTM,300,tm,94.21000000000001,0.20458674499991503,0.05830252200007635
WTM,301,tm,94.19,0.20302803000004133,0.05917407200013258
WTM,302,tm,93.66,0.20986872399998902,0.05912519599996813
WTM,303,tm,93.83,0.20760175300006267,0.05911389000016243
WTM,304,tm,93.58999999999999,0.20793909999997595,0.05755320999992364
WTM,305,tm,93.58,0.21863424999992276,0.05712983500006885
WTM,306,tm,92.62,0.20666249399982917,0.056696327000054225
WTM,307,tm,93.8,0.21295459900011338,0.05676984000001539
WTM,308,tm,93.86,0.20705953200013028,0.05692639899984897
WTM,309,tm,93.24,0.2077089839999644,0.057122702000015124
WTM,310,tm,93.47,0.2056361319998814,0.05938209999999344
WTM,311,tm,93.19,0.20591419299989866,0.05750671000009788
WTM,312,tm,94.27,0.20478315299988026,0.05403868300004433
WTM,313,tm,93.78,0.20369408200008365,0.053790636000030645
WTM,314,tm,93.37,0.20328953600005661,0.05727327799991144
WTM,315,tm,93.36,0.21169256400003178,0.05871483399982935
WTM,316,tm,94.03,0.20247374799987483,0.055246616999966136
WTM,317,tm,92.97999999999999,0.202400907999845,0.05633794499999567
WTM,318,tm,94.08999999999999,0.20903163299999505,0.056878873999949064
WTM,319,tm,93.36,0.20826474800014694,0.056359867000082886
WTM,320,tm,93.72,0.2086525669999446,0.0576917930000036
WTM,321,tm,93.02,0.20534105499996258,0.057671680000112246
WTM,322,tm,92.47,0.2008433910000349,0.058216956000023856
WTM,323,tm,93.36,0.20439529299983406,0.05802720099995895
WTM,324,tm,94.15,0.2170029510000404,0.05848343800016664
WTM,325,tm,93.96,0.21138120699993124,0.05810749400006898
WTM,326,tm,94.24,0.21020504499983872,0.05846322799993686
WTM,327,tm,93.24,0.20879772099988259,0.057792467999888686
WTM,328,tm,94.28,0.2107490460000463,0.058131447000050684
WTM,329,tm,92.94,0.2063289990001067,0.057896819999996296
WTM,330,tm,93.36,0.21413674299992635,0.05906634400002986
WTM,331,tm,93.28,0.20472237399985715,0.05834254800015515
WTM,332,tm,93.56,0.20997421000015493,0.05877893599995332
WTM,333,tm,93.0,0.21496710199994595,0.05830231800018737
WTM,334,tm,93.8,0.20584050700017542,0.05759136699998635
WTM,335,tm,92.21000000000001,0.20597569799997473,0.057941102000086175
WTM,336,tm,93.39,0.20750890399995114,0.056576764000055846
WTM,337,tm,94.08,0.20468319899987364,0.05762385200000608
WTM,338,tm,93.8,0.20466407399999298,0.05752602300003673
WTM,339,tm,94.36,0.20735371799992208,0.05675097600010304
WTM,340,tm,93.42,0.20262806300002012,0.05763610600001812
WTM,341,tm,93.26,0.20751544099994135,0.05825570900015009
WTM,342,tm,93.30000000000001,0.20655167200015967,0.057700896000142166
WTM,343,tm,94.28999999999999,0.20655376200011233,0.05813073800004531
WTM,344,tm,92.78999999999999,0.21341711900004157,0.05826707799997166
WTM,345,tm,93.23,0.2138399410000602,0.05958987999997589
WTM,346,tm,93.30000000000001,0.20797401899994838,0.058200451999937286
WTM,347,tm,92.84,0.20882816800008186,0.058544579999988855
WTM,348,tm,93.39,0.21026497499997276,0.05833220300019093
WTM,349,tm,93.27,0.20684877100006815,0.058967240999891146
WTM,350,tm,93.58999999999999,0.21109098600004472,0.05827398899987202
WTM,351,tm,94.43,0.21391349700002138,0.05872499600013725
WTM,352,tm,93.60000000000001,0.2116308059999028,0.057729443999960495
WTM,353,tm,93.97999999999999,0.2159082059999946,0.058064635999926395
WTM,354,tm,94.1,0.212966151000046,0.05887641899994378
WTM,355,tm,91.93,0.2076837939998768,0.0587080700001934
WTM,356,tm,94.33,0.21544878099985,0.06293974200002594
WTM,357,tm,94.0,0.20934613999997964,0.05758641399984299
WTM,358,tm,94.03,0.20892891499988764,0.056848381000008885
WTM,359,tm,93.06,0.2056459079999513,0.057661701999904835
WTM,360,tm,93.42,0.20957197699999597,0.05840301000012005
WTM,361,tm,93.04,0.20799277700007224,0.05703803100004734
WTM,362,tm,94.26,0.2112382709999565,0.0563847660000647
WTM,363,tm,93.35,0.2113989050001237,0.05900165200000629
WTM,364,tm,93.36,0.22034303600003113,0.05672997400006352
WTM,365,tm,93.89999999999999,0.21189062500002365,0.058548107999968124
WTM,366,tm,93.46,0.21118649100003495,0.057482294999999795
WTM,367,tm,93.81,0.21161369600008584,0.05762022600015371
WTM,368,tm,93.93,0.21046100600005957,0.05905370200002835
WTM,369,tm,93.58,0.20447916900002383,0.05710532400007651
WTM,370,tm,93.76,0.21188807500016082,0.05850309099992046
WTM,371,tm,93.5,0.2128951050001433,0.057786695999993754
WTM,372,tm,93.78999999999999,0.21268985599999723,0.05964806299994052
WTM,373,tm,93.34,0.2115269470000385,0.059360086999959094
WTM,374,tm,92.66,0.20787801200003742,0.05870916599997145
WTM,375,tm,94.34,0.20145539600002849,0.058813553999925716
WTM,376,tm,93.24,0.20764117600015197,0.05969494800001485
WTM,377,tm,93.39,0.21224512900016634,0.05896868300010283
WTM,378,tm,93.82000000000001,0.21238635600002453,0.059360617999800525
WTM,379,tm,93.21000000000001,0.21783527100001265,0.05775079399995775
WTM,380,tm,93.47,0.21304576300008193,0.05763161200002287
WTM,381,tm,92.99,0.2034717389999514,0.05741737800008195
WTM,382,tm,92.93,0.2109969190000811,0.05982517600000392
WTM,383,tm,93.89999999999999,0.2157222969999566,0.057793150000179594
WTM,384,tm,94.45,0.21394980199988822,0.05782127700013007
WTM,385,tm,93.88,0.21364301799985697,0.0619074300000193
WTM,386,tm,93.0,0.21116189899998972,0.05908826900008535
WTM,387,tm,93.96,0.21572353900000962,0.05763920999993388
WTM,388,tm,93.36,0.21039107500018872,0.05834382700004426
WTM,389,tm,94.06,0.21032107399992128,0.05773827300004086
WTM,390,tm,94.08999999999999,0.20912451300000612,0.059137379000048895
WTM,391,tm,93.46,0.21442274799983352,0.05780928900003346
WTM,392,tm,93.45,0.2071416549999867,0.058695789000012155
WTM,393,tm,94.24,0.20908485899985862,0.058522214000049644
WTM,394,tm,93.24,0.20708486299986362,0.05847080600005938
WTM,395,tm,93.69,0.20114341399994373,0.05754867300015576
WTM,396,tm,93.46,0.21017561700000442,0.06322621100002834
WTM,397,tm,93.45,0.19991909899999882,0.06300210799986417
WTM,398,tm,94.19,0.20203874599997107,0.057772093000039604
WTM,399,tm,93.78999999999999,0.20678705000000264,0.05714292399989063
WTM,400,tm,93.84,0.21267466600011176,0.062344670999891605
WTM,401,tm,94.12,0.2087237850000747,0.06016001700004381
WTM,402,tm,94.13,0.20366588299998512,0.05691573800004335
WTM,403,tm,93.85,0.20405338599994138,0.058198170999958165
WTM,404,tm,94.31,0.20660120600018672,0.05610502800004724
WTM,405,tm,94.28,0.2061248009999872,0.05826773399985541
WTM,406,tm,93.35,0.20894178000003194,0.05824651400007497
WTM,407,tm,93.83,0.2067593859999306,0.05893193399992924
WTM,408,tm,94.13,0.21447240499992404,0.06319291400018301
WTM,409,tm,93.75,0.20243330799985415,0.05874440900015543
WTM,410,tm,93.55,0.20817522099991947,0.05894764699996813
WTM,411,tm,94.17999999999999,0.21314527699996688,0.05755165100003978
WTM,412,tm,93.11,0.20383116800007883,0.05520571900001414
WTM,413,tm,93.17,0.2020825380000133,0.05768912500002443
WTM,414,tm,94.14,0.20562813400010782,0.05882301700012249
WTM,415,tm,93.28999999999999,0.20582162799996695,0.059995759999992515
WTM,416,tm,93.76,0.21040581800002656,0.05838552700015498
WTM,417,tm,94.6,0.2056353149998813,0.05869071899996925
WTM,418,tm,93.01,0.20836244499992063,0.057776570999976684
WTM,419,tm,94.14,0.21048042400002487,0.05691942699991159
WTM,420,tm,94.21000000000001,0.20606962600004408,0.057790748999877906
WTM,421,tm,93.25,0.2063689260000956,0.058250186999885045
WTM,422,tm,93.58999999999999,0.20243974200002413,0.05821263200004978
WTM,423,tm,94.33,0.2139718079999966,0.05897104100017714
WTM,424,tm,94.15,0.20980044900011308,0.058163560000139114
WTM,425,tm,94.02000000000001,0.20010206599999947,0.05834249200006525
WTM,426,tm,92.78999999999999,0.20932385899982364,0.05794703600008688
WTM,427,tm,93.28999999999999,0.2048684129999856,0.05934899499993662
WTM,428,tm,93.32000000000001,0.21096145100000285,0.058950809999942066
WTM,429,tm,93.61,0.21199303399998826,0.05851639000002251
WTM,430,tm,94.42,0.206504644000006,0.05843191200006004
WTM,431,tm,93.55,0.20564295100007257,0.05886393000014323
WTM,432,tm,93.8,0.21459610700003395,0.05836559599993052
WTM,433,tm,93.14,0.21356930699994336,0.057991109999875334
WTM,434,tm,93.58,0.20134353599996757,0.05901627999992343
WTM,435,tm,93.58,0.20979297799999586,0.059632370000144874
WTM,436,tm,94.07,0.20501241100009793,0.05865207500005454
WTM,437,tm,92.67999999999999,0.21370471499994892,0.05800901200018416
WTM,438,tm,93.28999999999999,0.20567899399998169,0.05928377400005047
WTM,439,tm,93.77,0.20659118300000046,0.06029321300002266
WTM,440,tm,93.84,0.20937681899999916,0.05840315599994028
WTM,441,tm,93.99,0.2124772470001517,0.059160784000141575
WTM,442,tm,94.72,0.20836273700001584,0.058571217999997316
WTM,443,tm,93.89,0.2085738539999511,0.05879753099998197
WTM,444,tm,93.78,0.21111521700004232,0.06002945499994894
WTM,445,tm,93.35,0.2147339269999975,0.05897632699998212
WTM,446,tm,93.54,0.2064971830000104,0.05980469600012839
WTM,447,tm,93.39,0.2048789810000926,0.05835094400003982
WTM,448,tm,93.97999999999999,0.20678089100010766,0.05847148800012292
WTM,449,tm,93.47999999999999,0.2085928609999428,0.05797061699990991
WTM,450,tm,93.47,0.21165337700017517,0.05890828999986297
WTM,451,tm,93.43,0.2118707050001376,0.06578331300011087
WTM,452,tm,94.23,0.2102890450000814,0.06012966999992386
WTM,453,tm,94.14,0.20726827500016043,0.05896307800003342
WTM,454,tm,93.45,0.2067633270000897,0.05696017600007508
WTM,455,tm,93.58999999999999,0.2101870470000904,0.05869231099995886
WTM,456,tm,93.11,0.2123875360000511,0.05907698500004699
WTM,457,tm,92.64,0.2009387840000727,0.059540367999943555
WTM,458,tm,92.36999999999999,0.21268125000005966,0.05849065999996128
WTM,459,tm,94.59,0.20333702800007813,0.06105110499993316
WTM,460,tm,93.77,0.20904430900009174,0.05911879699988276
WTM,461,tm,94.51,0.20666573299990887,0.05885818800015841
WTM,462,tm,94.25,0.2072012179999092,0.05919780899989746
WTM,463,tm,93.92,0.20699304499999016,0.059863164000034885
WTM,464,tm,93.64,0.20915966000006847,0.05900306099988484
WTM,465,tm,93.66,0.2084576880001805,0.059210781000047064
WTM,466,tm,93.72,0.2052377019999767,0.05908437600010075
WTM,467,tm,94.03,0.1996180370001639,0.05936674100007622
WTM,468,tm,93.77,0.20780519300001288,0.05954024100014976
WTM,469,tm,93.27,0.21076626500007478,0.056818311000142785
WTM,470,tm,93.60000000000001,0.20720930999982556,0.05767230800006473
WTM,471,tm,93.93,0.20357919000002767,0.058783900999969774
WTM,472,tm,93.85,0.20626295500005654,0.05772836100004497
WTM,473,tm,93.46,0.20578071900013128,0.05875245500010351
WTM,474,tm,93.11,0.2064478219999728,0.059530160999884174
WTM,475,tm,93.67,0.20626325899979747,0.059094254000001456
WTM,476,tm,93.58,0.20470632299998215,0.0580158370000845
WTM,477,tm,93.94,0.20601493699996354,0.05785988200000247
WTM,478,tm,93.55,0.19923940899980153,0.056671353999945495
WTM,479,tm,93.38,0.206699073999971,0.05753658899993752
WTM,480,tm,94.33,0.20831267099993056,0.05726574100003745
WTM,481,tm,93.73,0.20431446199995662,0.058948245999999926
WTM,482,tm,94.08999999999999,0.2072520199999417,0.059456832000023496
WTM,483,tm,94.34,0.20682880799995473,0.058136430000104156
WTM,484,tm,93.58999999999999,0.211020716999883,0.05777914899999814
WTM,485,tm,92.9,0.20557485899985295,0.05816345500011266
WTM,486,tm,93.71000000000001,0.20609420999994654,0.05849376800006212
WTM,487,tm,93.96,0.2043823629999224,0.058076067000001785
WTM,488,tm,94.36,0.2066714550001052,0.05800945100008903
WTM,489,tm,94.47,0.20635940299985123,0.05970057900003667
WTM,490,tm,94.07,0.20718900199995005,0.05873471600011726
WTM,491,tm,93.65,0.2071212559999367,0.05848255299997618
WTM,492,tm,94.38,0.20433498300008068,0.05895450200000596
WTM,493,tm,92.67,0.20959143300001415,0.05815368399998988
WTM,494,tm,93.14,0.20176934999994955,0.05808369999999741
WTM,495,tm,93.51,0.21613872300008552,0.060329903999900125
WTM,496,tm,93.23,0.20650214200009032,0.058281771999872944
WTM,497,tm,93.33,0.2152356400001736,0.05810727800007953
WTM,498,tm,92.72,0.2106796339999164,0.05827556400004141
WTM,499,tm,93.33,0.20623666599999524,0.06070778799994514
WTM,500,tm,93.62,0.2045632150000074,0.05899452400012706
WTM-NN,1,tm,87.18,0.31543484899998475,0.05642712299982122
WTM-NN,2,tm,89.42999999999999,0.271235322000166,0.05783755600009499
WTM-NN,3,tm,90.84,0.25995648899993284,0.057323006999922654
WTM-NN,4,tm,91.51,0.24654146400007448,0.05766442399999505
WTM-NN,5,tm,92.82000000000001,0.25084948399990026,0.056296424000038314
WTM-NN,6,tm,91.57,0.24331952700003967,0.058031946000028256
WTM-NN,7,tm,90.64999999999999,0.23970764999990024,0.056716766000135976
WTM-NN,8,tm,92.4,0.23111911399996643,0.057871167000030255
WTM-NN,9,tm,92.11,0.23077410399992004,0.05826365799998712
WTM-NN,10,tm,92.35,0.23879305000014028,0.05613301900007173
WTM-NN,11,tm,92.24,0.23233301300001585,0.05740262599988455
WTM-NN,12,tm,92.17999999999999,0.22738193800000772,0.05662659400013581
WTM-NN,13,tm,92.0,0.23436539299996184,0.05783193199999914
WTM-NN,14,tm,92.32000000000001,0.2256388880000486,0.05868416799989973
WTM-NN,15,tm,93.12,0.22754926900006467,0.05685854900002596
WTM-NN,16,tm,92.65,0.22701045300004807,0.05802617899985307
WTM-NN,17,tm,92.07,0.2225858380002137,0.05836655300004168
WTM-NN,18,tm,92.9,0.21853921499996432,0.05810297299990452
WTM-NN,19,tm,92.86,0.22038598499989348,0.058223888000156876
WTM-NN,20,tm,92.92,0.21612837599991508,0.05648446099985449
WTM-NN,21,tm,93.06,0.22248106600000028,0.057095749999916734
WTM-NN,22,tm,92.39,0.22078951499997856,0.05759441300006074
WTM-NN,23,tm,92.5,0.2198135190001267,0.05876190100002532
WTM-NN,24,tm,92.61,0.2208502859998589,0.05801912199990511
WTM-NN,25,tm,92.92,0.21940470000004098,0.05820229599999038
WTM-NN,26,tm,92.58,0.2105555480000021,0.058121320000054766
WTM-NN,27,tm,93.06,0.22201780799991866,0.05824767600006453
WTM-NN,28,tm,93.13,0.21424398699991798,0.05878876800011312
WTM-NN,29,tm,92.43,0.2125062689999595,0.057831155000030776
WTM-NN,30,tm,93.30000000000001,0.21391797600017526,0.05861486000003424
WTM-NN,31,tm,92.44,0.21806721899997683,0.05850578700005826
WTM-NN,32,tm,92.49000000000001,0.21626183299986224,0.057472071000120195
WTM-NN,33,tm,93.28,0.22014865799997096,0.058824309999863544
WTM-NN,34,tm,92.38,0.21168618499996228,0.05753464899999017
WTM-NN,35,tm,92.58999999999999,0.21629117700013012,0.05859857700011162
WTM-NN,36,tm,93.2,0.21849778000000697,0.05835669299995061
WTM-NN,37,tm,93.53,0.2111308960002134,0.05777546199988137
WTM-NN,38,tm,92.74,0.2190998569999465,0.05858217499985585
WTM-NN,39,tm,92.93,0.21921031700003368,0.058558836999964115
WTM-NN,40,tm,92.85,0.2159860619999563,0.05669699400004902
WTM-NN,41,tm,94.19,0.21585779999986698,0.05752454699995724
WTM-NN,42,tm,93.8,0.21404977099996358,0.057209131000035995
WTM-NN,43,tm,93.19,0.22386840899980598,0.06007603100010783
WTM-NN,44,tm,93.55,0.2154167819999202,0.058102545000110695
WTM-NN,45,tm,93.67999999999999,0.21315615000003163,0.05811490399992181
WTM-NN,46,tm,93.06,0.21471590599981027,0.0580523500000254
WTM-NN,47,tm,93.01,0.21800778099986928,0.058276036000052045
WTM-NN,48,tm,93.77,0.21586016600008406,0.05805417099986698
WTM-NN,49,tm,93.46,0.21156496699995841,0.05968908599993483
WTM-NN,50,tm,93.74,0.21986412299997937,0.058403278000014325
WTM-NN,51,tm,93.27,0.21730036299982203,0.0581326659998922
WTM-NN,52,tm,93.43,0.22078544100008912,0.0581499120000899
WTM-NN,53,tm,94.41000000000001,0.2140576870001496,0.05840289499997198
WTM-NN,54,tm,93.66,0.21120997000002717,0.05689383399999315
WTM-NN,55,tm,93.0,0.21283876500001497,0.05866387199989731
WTM-NN,56,tm,93.85,0.20915696700012631,0.05812904000003982
WTM-NN,57,tm,93.30000000000001,0.21177381600000444,0.05885301300008905
WTM-NN,58,tm,93.58,0.2097472469999957,0.05495663200008494
WTM-NN,59,tm,93.14,0.21150015900002472,0.05780891600011273
WTM-NN,60,tm,93.85,0.20901790200014148,0.05866533299990806
WTM-NN,61,tm,92.43,0.2101545719999649,0.057948124999938955
WTM-NN,62,tm,93.24,0.2097606369998175,0.05866658899981303
WTM-NN,63,tm,93.37,0.21396813100000145,0.05857252200007679
WTM-NN,64,tm,94.12,0.21359814300012658,0.05819232499993632
WTM-NN,65,tm,93.42,0.22084724399996958,0.05902993600011541
WTM-NN,66,tm,93.36,0.2101738070000465,0.05902682700002515
WTM-NN,67,tm,93.03,0.21136775699983446,0.058874258999821905
WTM-NN,68,tm,93.67,0.21877353599984417,0.058917930999996315
WTM-NN,69,tm,93.57,0.21799103900002592,0.057978389000027164
WTM-NN,70,tm,93.72,0.21120025699997313,0.05951572499998292
WTM-NN,71,tm,94.15,0.21368362199996227,0.06088523600010376
WTM-NN,72,tm,93.34,0.20519659299998239,0.057288206000066566
WTM-NN,73,tm,94.07,0.20577690400000392,0.059887846000037825
WTM-NN,74,tm,93.54,0.21618034900006933,0.058486853999966115
WTM-NN,75,tm,93.32000000000001,0.2115538320001633,0.058281226999952196
WTM-NN,76,tm,93.28,0.2150235229998998,0.05937870599996131
WTM-NN,77,tm,92.93,0.22535192500004086,0.05864481700018587
WTM-NN,78,tm,94.36,0.2091921960000036,0.058517790999985664
WTM-NN,79,tm,93.8,0.22081465499991282,0.05817360999981247
WTM-NN,80,tm,93.38,0.2118338870000116,0.05856890299992301
WTM-NN,81,tm,93.75,0.21480606300019645,0.05866835300003004
WTM-NN,82,tm,92.49000000000001,0.20970932900013395,0.05638512499990611
WTM-NN,83,tm,93.71000000000001,0.20716402800007927,0.0572592529999838
WTM-NN,84,tm,93.67999999999999,0.21357532299998638,0.0585903920000419
WTM-NN,85,tm,93.72,0.21158428400008233,0.05822587900001963
WTM-NN,86,tm,93.31,0.21548575599990727,0.057459116000018184
WTM-NN,87,tm,93.52000000000001,0.20870069800002966,0.05847712799982219
WTM-NN,88,tm,93.95,0.20972510299998248,0.05835981100017307
WTM-NN,89,tm,93.7,0.2137541520000923,0.059319544999880236
WTM-NN,90,tm,94.28999999999999,0.21288790899984633,0.05802702500000123
WTM-NN,91,tm,93.67999999999999,0.21433299600016653,0.05836939699997856
WTM-NN,92,tm,94.3,0.21088957100005246,0.05972063700005492
WTM-NN,93,tm,93.49,0.23295156500012126,0.05848637400004009
WTM-NN,94,tm,93.5,0.21072567200008052,0.058101992000047176
WTM-NN,95,tm,93.15,0.21316925600012837,0.059071852999977637
WTM-NN,96,tm,93.36,0.21605017100000623,0.05889951700009988
WTM-NN,97,tm,94.17,0.2190729899998587,0.05809565799995653
WTM-NN,98,tm,92.91,0.20885291300010067,0.05822846399996706
WTM-NN,99,tm,93.37,0.20924520199992003,0.05839670899990779
WTM-NN,100,tm,92.75999999999999,0.2084316730001774,0.05672784600005798
WTM-NN,101,tm,93.2,0.21020827400002418,0.05858792200001517
WTM-NN,102,tm,94.05,0.21033007899995937,0.05833101300004273
WTM-NN,103,tm,93.56,0.20937783699991996,0.05854974299995774
WTM-NN,104,tm,92.75999999999999,0.21462757400013288,0.05843825200008723
WTM-NN,105,tm,93.95,0.22104264600011447,0.058554713000148695
WTM-NN,106,tm,93.91000000000001,0.20845859700011715,0.05735886299999038
WTM-NN,107,tm,93.77,0.20814774999985275,0.05720185300015146
WTM-NN,108,tm,93.64,0.21204664600008982,0.05805208599986145
WTM-NN,109,tm,93.84,0.2144138749999911,0.05904363300010118
WTM-NN,110,tm,94.19999999999999,0.2127042080001047,0.060536786000056964
WTM-NN,111,tm,94.48,0.21291880299986587,0.058202097000048525
WTM-NN,112,tm,93.94,0.20817381300003035,0.05953319799982637
WTM-NN,113,tm,94.54,0.2104196039999806,0.06005873599997358
WTM-NN,114,tm,93.74,0.2103456190000088,0.05820835200006513
WTM-NN,115,tm,93.67999999999999,0.20789853700011918,0.05910109100000227
WTM-NN,116,tm,94.19999999999999,0.21664141700011896,0.057924297999988994
WTM-NN,117,tm,93.23,0.21691325699998742,0.05906074999984412
WTM-NN,118,tm,94.16,0.20248334500001874,0.05802142500010632
WTM-NN,119,tm,93.82000000000001,0.21922861400003057,0.057361446999948384
WTM-NN,120,tm,94.14,0.2148988830001599,0.05895462799981033
WTM-NN,121,tm,93.86,0.21580347600001915,0.06055276900019635
WTM-NN,122,tm,93.44,0.21435421500018492,0.0576314340000863
WTM-NN,123,tm,93.78,0.2079424309999922,0.05876697899998362
WTM-NN,124,tm,93.97,0.20241854100004275,0.05805795100013711
WTM-NN,125,tm,93.2,0.21450268399985362,0.05677187000014783
WTM-NN,126,tm,94.13,0.21085278299983656,0.058247528000038074
WTM-NN,127,tm,93.77,0.21036804300001677,0.05877018199998929
WTM-NN,128,tm,93.43,0.21534730000007585,0.058977099000003363
WTM-NN,129,tm,92.86999999999999,0.2096920889998728,0.05969161400003031
WTM-NN,130,tm,92.96,0.21969465799998034,0.05976205800016032
WTM-NN,131,tm,94.22,0.2121746239999993,0.058524583000007624
WTM-NN,132,tm,94.47,0.21112490100017567,0.05796621000013147
WTM-NN,133,tm,94.23,0.2209842679999383,0.05929213600006733
WTM-NN,134,tm,92.77,0.21130317699999068,0.05865979700001844
WTM-NN,135,tm,93.10000000000001,0.20697316799987675,0.05822526900010416
WTM-NN,136,tm,94.25,0.21542995699996936,0.061094853999975385
WTM-NN,137,tm,94.04,0.20830813999987186,0.058122609000065495
WTM-NN,138,tm,93.55,0.2076137890001064,0.05973668600017845
WTM-NN,139,tm,94.07,0.20735625399993296,0.05757941600018057
WTM-NN,140,tm,93.97999999999999,0.20294930899990504,0.06024608100005935
WTM-NN,141,tm,93.69,0.2046328789999734,0.0582476399999905
WTM-NN,142,tm,93.53,0.20968754299997272,0.05994721100000788
WTM-NN,143,tm,94.25,0.20808258800002477,0.057300832000009905
WTM-NN,144,tm,93.31,0.2084236170001077,0.059051109000165525
WTM-NN,145,tm,93.84,0.2080421309999565,0.058963340999980574
WTM-NN,146,tm,93.84,0.2081559160001234,0.05791080900007728
WTM-NN,147,tm,93.63,0.20856822699988697,0.057513261999929455
WTM-NN,148,tm,93.87,0.20823950599992713,0.05785654299984344
WTM-NN,149,tm,93.45,0.215683990999878,0.05767220500001713
WTM-NN,150,tm,92.55,0.20728372300004594,0.05849034099992423
WTM-NN,151,nn,95.25,0.17768483800000467,0.06000134700002491
WTM-NN,152,nn,95.28999999999999,0.17594758399991406,0.05899090100001558
WTM-NN,153,nn,95.42,0.17568769399986195,0.058875652999859085
WTM-NN,154,nn,95.48,0.25800615399998605,0.059750830999973914
WTM-NN,155,nn,95.48,0.19425290899994252,0.05837106999979369
WTM-NN,156,nn,95.45,0.18948978499997793,0.06049991199984106
WTM-NN,157,nn,95.54,0.18336259200009408,0.058901087000094776
WTM-NN,158,nn,95.54,0.2431265180000537,0.0567839959999219
WTM-NN,159,nn,95.64,0.1903559109998696,0.05993451400013328
WTM-NN,160,nn,95.63000000000001,0.17462794900006884,0.06018764700002066
WTM-NN,161,nn,95.67999999999999,0.18112712099991768,0.061226634000149716
WTM-NN,162,nn,95.6,0.17339931900005467,0.062026155000012295
WTM-NN,163,nn,95.64,0.1898026750000099,0.06005766799989942
WTM-NN,164,nn,95.63000000000001,0.17789824000010412,0.05643077199988511
WTM-NN,165,nn,95.59,0.24270982800021557,0.06037897199985309
WTM-NN,166,nn,95.69,0.18960567599992828,0.06066492499985543
WTM-NN,167,nn,95.66,0.17693954299988945,0.05945496699996511
WTM-NN,168,nn,95.56,0.17927022599997144,0.05934981500013237
WTM-NN,169,nn,95.57,0.2330537870000171,0.06048752499987131
WTM-NN,170,nn,95.61,0.17704381399994418,0.05778832499981945
WTM-NN,171,nn,95.63000000000001,0.17677277600000707,0.060609115999795904
WTM-NN,172,nn,95.64,0.17879599899993082,0.05643036400010715
WTM-NN,173,nn,95.64,0.17648787200005245,0.05976046899991161
WTM-NN,174,nn,95.66,0.17649841999991622,0.06141482299995005
WTM-NN,175,nn,95.63000000000001,0.1771476580001945,0.058490348000077574
WTM-NN,176,nn,95.65,0.1926312880000296,0.05835865299991383
WTM-NN,177,nn,95.7,0.24777425299998868,0.05913063599996349
WTM-NN,178,nn,95.67999999999999,0.1922002109999994,0.06148673300003793
WTM-NN,179,nn,95.65,0.17055842300010227,0.06425425299994458
WTM-NN,180,nn,95.62,0.2513775729998997,0.06418310699996255
WTM-NN,181,nn,95.69,0.1918754819998867,0.059845599000027505
WTM-NN,182,nn,95.62,0.1824189420001403,0.059267608000027394
WTM-NN,183,nn,95.64,0.17316064900001038,0.060412389000020994
WTM-NN,184,nn,95.73,0.174932846000047,0.06057969600010438
WTM-NN,185,nn,95.65,0.18929210200008129,0.061089956999921924
WTM-NN,186,nn,95.67,0.17679151199990883,0.05819013199993606
WTM-NN,187,nn,95.69,0.18722517999981392,0.05708915100012746
WTM-NN,188,nn,95.67999999999999,0.2351774049998312,0.0608968899998672
WTM-NN,189,nn,95.73,0.18167976299992006,0.06156146000012086
WTM-NN,190,nn,95.7,0.17903624999985368,0.06600835099993674
WTM-NN,191,nn,95.73,0.1824171099999603,0.05924193999999261
WTM-NN,192,nn,95.76,0.24075184100001934,0.05997992199991131
WTM-NN,193,nn,95.65,0.18204497100009576,0.060673511999993934
WTM-NN,194,nn,95.69,0.17769079600020632,0.06535134599994308
WTM-NN,195,nn,95.67999999999999,0.181375904999868,0.05764376499996615
WTM-NN,196,nn,95.67999999999999,0.18401744799984954,0.06490457599988986
WTM-NN,197,nn,95.76,0.1915419679999104,0.06166970300000685
WTM-NN,198,nn,95.73,0.19083891800005404,0.06304271800013339
WTM-NN,199,nn,95.77,0.19071712499999194,0.06575599699999657
WTM-NN,200,nn,95.72,0.24291650600002868,0.06488273099989783
WTM-NN,201,nn,95.72,0.17993553199994494,0.05976489899990156
WTM-NN,202,nn,95.73,0.18333499599998504,0.0655632009998044
WTM-NN,203,nn,95.71,0.23391446099981295,0.05846534000011161
WTM-NN,204,nn,95.75,0.1894806800000879,0.06071276400007264
WTM-NN,205,nn,95.74000000000001,0.19022885499998665,0.06288334299983944
WTM-NN,206,nn,95.72,0.18330735600011394,0.06032167600005778
WTM-NN,207,nn,95.76,0.19015238799988765,0.05964658299990333
WTM-NN,208,nn,95.75,0.19209530299986,0.05973698599996169
WTM-NN,209,nn,95.69,0.19090498400009892,0.060643028999948
WTM-NN,210,nn,95.67999999999999,0.19048041399992144,0.06206559600013861
WTM-NN,211,nn,95.78,0.24583668600007513,0.06037784999989526
WTM-NN,212,nn,95.71,0.19115688000010778,0.05952560900004755
WTM-NN,213,nn,95.8,0.18688024099992617,0.06013303300005646
WTM-NN,214,nn,95.72,0.18306622099999004,0.0600201869999637
WTM-NN,215,nn,95.77,0.2465207370000826,0.06136524700013979
WTM-NN,216,nn,95.75,0.19013934800000243,0.0614809520000108
WTM-NN,217,nn,95.8,0.17649110599995765,0.061782565999919825
WTM-NN,218,nn,95.78999999999999,0.17670818399983546,0.06058165700005702
WTM-NN,219,nn,95.73,0.17812568199997258,0.06074822100003985
WTM-NN,220,nn,95.77,0.18018920200006505,0.06230147900009797
WTM-NN,221,nn,95.77,0.1765295929999411,0.061839178999889555
WTM-NN,222,nn,95.74000000000001,0.23311915599992972,0.06157959500001198
WTM-NN,223,nn,95.73,0.17955805100018551,0.061913071999924796
WTM-NN,224,nn,95.81,0.17772678400001496,0.06145789800007151
WTM-NN,225,nn,95.71,0.17705366099994535,0.06184970899994369
WTM-NN,226,nn,95.75,0.23695213900009549,0.06098647599992546
WTM-NN,227,nn,95.75,0.18332937500008484,0.060837653000135106
WTM-NN,228,nn,95.78,0.17638598999997157,0.0605476829998679
WTM-NN,229,nn,95.81,0.18013287600001604,0.05906150999999227
WTM-NN,230,nn,95.72,0.18124387900002148,0.06021884799997679
WTM-NN,231,nn,95.75,0.17316525199998978,0.0614667280001413
WTM-NN,232,nn,95.82000000000001,0.17127790700010337,0.062281198000164295
WTM-NN,233,nn,95.7,0.1772876869999891,0.06179001099985726
WTM-NN,234,nn,95.84,0.23539307900000495,0.06061050699986481
WTM-NN,235,nn,95.78,0.17694726100012304,0.05922039400002177
WTM-NN,236,nn,95.82000000000001,0.17736881900009394,0.06056299700003365
WTM-NN,237,nn,95.82000000000001,0.18989552900006856,0.06163680200006638
WTM-NN,238,nn,95.76,0.24657744599994658,0.06101139800011879
WTM-NN,239,nn,95.81,0.18756057300015527,0.059209655000131534
WTM-NN,240,nn,95.78999999999999,0.19069682500003182,0.06030601099996602
WTM-NN,241,nn,95.85000000000001,0.18762256400009392,0.05955889799997749
WTM-NN,242,nn,95.78999999999999,0.1898368820000087,0.05940586400015491
WTM-NN,243,nn,95.77,0.19004015799987428,0.06093680999993012
WTM-NN,244,nn,95.8,0.18140686900005676,0.06035502200006704
WTM-NN,245,nn,95.8,0.238892948000057,0.06056863300000259
WTM-NN,246,nn,95.78999999999999,0.18366821499989783,0.059936650999816266
WTM-NN,247,nn,95.73,0.17741413400017336,0.0612934010000572
WTM-NN,248,nn,95.78,0.17701410499989834,0.0603513200001089
WTM-NN,249,nn,95.77,0.23231538000004548,0.061058176999949865
WTM-NN,250,nn,95.78999999999999,0.1775336979999338,0.060493845999872065
WTM-NN,251,nn,95.76,0.1804909239999688,0.06301084000006085
WTM-NN,252,nn,95.75,0.17722832599997673,0.06074085099999138
WTM-NN,253,nn,95.72,0.17692920800004686,0.061554528000215214
WTM-NN,254,nn,95.78999999999999,0.17780270200000814,0.06158280999989074
WTM-NN,255,nn,95.77,0.17794481199985057,0.062097951999930956
WTM-NN,256,nn,95.84,0.17718017499987582,0.0617493669999476
WTM-NN,257,nn,95.76,0.23444266500018784,0.06215161999989505
WTM-NN,258,nn,95.8,0.18204718099991624,0.06208971599994584
WTM-NN,259,nn,95.75,0.17787729499991656,0.06233193299999584
WTM-NN,260,nn,95.74000000000001,0.1897798380000495,0.06166872299991155
WTM-NN,261,nn,95.77,0.24431063699989863,0.06269589999988057
WTM-NN,262,nn,95.84,0.18783172400003423,0.06167793300005542
WTM-NN,263,nn,95.81,0.18302768200010178,0.060941079000031095
WTM-NN,264,nn,95.78999999999999,0.17655397599992284,0.06039571100018293
WTM-NN,265,nn,95.81,0.1784653550000712,0.06066093599997657
WTM-NN,266,nn,95.76,0.17679953099991508,0.06052929399993445
WTM-NN,267,nn,95.84,0.17783911500009708,0.062236823999910484
WTM-NN,268,nn,95.78,0.2352973810000094,0.061697396999988996
WTM-NN,269,nn,95.78,0.17712484100002257,0.06059141500008991
WTM-NN,270,nn,95.76,0.17750210599979255,0.06137287399997149
WTM-NN,271,nn,95.81,0.17725309900015418,0.05955355699984466
WTM-NN,272,nn,95.85000000000001,0.2456683460000022,0.061716198999874905
WTM-NN,273,nn,95.81,0.18734829000004538,0.06098826600009488
WTM-NN,274,nn,95.78999999999999,0.1841790379999111,0.06007827600001292
WTM-NN,275,nn,95.78999999999999,0.18065145400009897,0.061778964000041015
WTM-NN,276,nn,95.78,0.17639336499996716,0.06085806600003707
WTM-NN,277,nn,95.78999999999999,0.17626750699992044,0.062062270000069475
WTM-NN,278,nn,95.8,0.1801364499999636,0.06127596800001811
WTM-NN,279,nn,95.77,0.17894670600003337,0.05772960400008742
WTM-NN,280,nn,95.77,0.23237454099989918,0.05931705200009674
WTM-NN,281,nn,95.84,0.1809763789999579,0.06495814699997027
WTM-NN,282,nn,95.77,0.18989295300002595,0.0590980510000918
WTM-NN,283,nn,95.77,0.175683317000221,0.06058740299999954
WTM-NN,284,nn,95.78999999999999,0.2325467989999197,0.061198091000051136
WTM-NN,285,nn,95.74000000000001,0.1775790510000661,0.06161623999992116
WTM-NN,286,nn,95.78,0.17709030700007133,0.06123436600000787
WTM-NN,287,nn,95.78999999999999,0.1764838310000414,0.06086100199991051
WTM-NN,288,nn,95.75,0.17747615700000097,0.061808337999991636
WTM-NN,289,nn,95.74000000000001,0.17835844999990513,0.06179288099997393
WTM-NN,290,nn,95.75,0.17760237599986795,0.05993835399999625
WTM-NN,291,nn,95.7,0.233284772999923,0.06165199199995186
WTM-NN,292,nn,95.77,0.17786519600008432,0.061629969000023266
WTM-NN,293,nn,95.77,0.1789380089999213,0.057653400000162947
WTM-NN,294,nn,95.74000000000001,0.17924033499980396,0.06173784399993565
WTM-NN,295,nn,95.8,0.23395915100013553,0.06033002200001647
WTM-NN,296,nn,95.74000000000001,0.1793588789998921,0.060848480999993626
WTM-NN,297,nn,95.78,0.17695435799987536,0.0602528980000443
WTM-NN,298,nn,95.76,0.1779768219998914,0.061226996999948824
WTM-NN,299,nn,95.81,0.17760371899998972,0.05853887900002519
WTM-NN,300,nn,95.82000000000001,0.17900224000004528,0.0572036000000935
WTM-NN,301,nn,95.77,0.17646852600000784,0.061908667000125206
WTM-NN,302,nn,95.83,0.17791185800001585,0.060152930999947785
WTM-NN,303,nn,95.75,0.23594507699999667,0.05914639599996008
WTM-NN,304,nn,95.77,0.17749466700001904,0.05992705099993145
WTM-NN,305,nn,95.71,0.17972670700009985,0.0604947940000784
WTM-NN,306,nn,95.74000000000001,0.2340175540000473,0.059610206999877846
WTM-NN,307,nn,95.74000000000001,0.18959148400017511,0.0613283440000032
WTM-NN,308,nn,95.74000000000001,0.17817409500003123,0.06218781199982004
WTM-NN,309,nn,95.73,0.17711205000000518,0.06137434399988706
WTM-NN,310,nn,95.78999999999999,0.18260700199994062,0.0630453100000068
WTM-NN,311,nn,95.77,0.19048806000000695,0.059523815000147806
WTM-NN,312,nn,95.78999999999999,0.1918594920000487,0.06308011999999508
WTM-NN,313,nn,95.73,0.1820781660001103,0.06008139300001858
WTM-NN,314,nn,95.83,0.247810895999919,0.06077665900011198
WTM-NN,315,nn,95.8,0.19309026100017945,0.0599916270000449
WTM-NN,316,nn,95.74000000000001,0.19340903200009052,0.05903177499999401
WTM-NN,317,nn,95.78,0.18467974400005005,0.06009815199990953
WTM-NN,318,nn,95.74000000000001,0.23246445899985702,0.05924480900011986
WTM-NN,319,nn,95.78999999999999,0.19148446399981367,0.05986599100015155
WTM-NN,320,nn,95.83,0.18943408900008762,0.06141621699998723
WTM-NN,321,nn,95.71,0.19074370499993165,0.06808717199987768
WTM-NN,322,nn,95.71,0.18320581499983746,0.06191638299992519
WTM-NN,323,nn,95.77,0.1913904079999611,0.06200035300003037
WTM-NN,324,nn,95.78,0.17371470800003408,0.061467439999887574
WTM-NN,325,nn,95.8,0.2470165550000729,0.06055093800000577
WTM-NN,326,nn,95.82000000000001,0.1936560050000935,0.05839841500005605
WTM-NN,327,nn,95.76,0.18331112999999277,0.05819113200004722
WTM-NN,328,nn,95.8,0.19081590200016763,0.05930483900010586
WTM-NN,329,nn,95.75,0.2314899380000952,0.06065208299992264
WTM-NN,330,nn,95.78999999999999,0.18912524899997152,0.060025701000085974
WTM-NN,331,nn,95.76,0.18099387100005515,0.06042697200018665
WTM-NN,332,nn,95.78,0.1962109139999484,0.06382993500005796
WTM-NN,333,nn,95.75,0.1916090559998338,0.0604934499999672
WTM-NN,334,nn,95.77,0.1787205080001968,0.06054042000005211
WTM-NN,335,nn,95.74000000000001,0.17483526199998778,0.059612294999851656
WTM-NN,336,nn,95.76,0.17246326600002249,0.06238453700007085
WTM-NN,337,nn,95.82000000000001,0.24599062900006174,0.060358589000088614
WTM-NN,338,nn,95.8,0.18187934899992797,0.06167144599999119
WTM-NN,339,nn,95.77,0.18446702400001413,0.06284261500013599
WTM-NN,340,nn,95.71,0.1776262759999554,0.05940532699992218
WTM-NN,341,nn,95.8,0.24667676399985794,0.05895057099996848
WTM-NN,342,nn,95.82000000000001,0.1842267530000754,0.05905828200002361
WTM-NN,343,nn,95.78,0.18211250800004564,0.059886007000159225
WTM-NN,344,nn,95.81,0.18812728799980505,0.06682114099999126
WTM-NN,345,nn,95.77,0.1915699419998873,0.06644727000002604
WTM-NN,346,nn,95.8,0.1928978250000455,0.05995017600002939
WTM-NN,347,nn,95.82000000000001,0.17742371600002116,0.06102686799999901
WTM-NN,348,nn,95.75,0.24098924899999474,0.060334525999905964
WTM-NN,349,nn,95.8,0.17888789499988889,0.061309973000106766
WTM-NN,350,nn,95.75,0.17910010500008866,0.06130854299999555
WTM-NN,351,nn,95.75,0.18663496899989696,0.05992751100006899
WTM-NN,352,nn,95.85000000000001,0.23281731500014757,0.060770879000074274
WTM-NN,353,nn,95.81,0.1839814950001255,0.06030446399995526
WTM-NN,354,nn,95.75,0.1937805280001612,0.05924859199990351
WTM-NN,355,nn,95.72,0.17756547799990585,0.06185154400009196
WTM-NN,356,nn,95.81,0.17642772099998183,0.06176414200012914
WTM-NN,357,nn,95.78999999999999,0.1767915659997925,0.06171174499991139
WTM-NN,358,nn,95.73,0.17957838600000287,0.061989479999965624
WTM-NN,359,nn,95.75,0.182641723000188,0.05834121199995934
WTM-NN,360,nn,95.77,0.23461554699997578,0.06035095699985504
WTM-NN,361,nn,95.76,0.1916013780000867,0.05970489600008477
WTM-NN,362,nn,95.73,0.1762488020001456,0.06434272299998156
WTM-NN,363,nn,95.73,0.1871048579998842,0.06401612499985276
WTM-NN,364,nn,95.76,0.24639363200003572,0.06170313699999497
WTM-NN,365,nn,95.74000000000001,0.1778157609999198,0.06692432499994538
WTM-NN,366,nn,95.81,0.19216466300008506,0.059402221000027566
WTM-NN,367,nn,95.74000000000001,0.18315696400009074,0.05998763299999155
WTM-NN,368,nn,95.77,0.18979390300000887,0.06038726699989638
WTM-NN,369,nn,95.77,0.1780727200000456,0.059278117000076236
WTM-NN,370,nn,95.78999999999999,0.17816807200006224,0.06283922100010386
WTM-NN,371,nn,95.72,0.24774775799983217,0.0600737750000917
WTM-NN,372,nn,95.77,0.19145250400015357,0.05934033400012595
WTM-NN,373,nn,95.78999999999999,0.18098949299997003,0.05977987699998266
WTM-NN,374,nn,95.8,0.19061041800000567,0.058810386000004655
WTM-NN,375,nn,95.81,0.24699878000001263,0.06198354399998607
WTM-NN,376,nn,95.78999999999999,0.17675580300010552,0.06280418599999393
WTM-NN,377,nn,95.78999999999999,0.17703358499989008,0.060206328000049325
WTM-NN,378,nn,95.78,0.18918941399988398,0.06247981000001346
WTM-NN,379,nn,95.76,0.18659810999997717,0.05949584099994354
WTM-NN,380,nn,95.78,0.17684100499991473,0.06051713900001232
WTM-NN,381,nn,95.81,0.17733471000019563,0.060260932999881334
WTM-NN,382,nn,95.89,0.18021230199997262,0.060470083999916824
WTM-NN,383,nn,95.77,0.2333027970000785,0.05967067300002782
WTM-NN,384,nn,95.82000000000001,0.17898071300010088,0.06288644400001431
WTM-NN,385,nn,95.78999999999999,0.17773255399993104,0.06194141900004979
WTM-NN,386,nn,95.8,0.2334485979999954,0.06228603599993221
WTM-NN,387,nn,95.81,0.17656046199999764,0.061870273000067755
WTM-NN,388,nn,95.81,0.17709234400012974,0.061693239999840443
WTM-NN,389,nn,95.78999999999999,0.1856970100000126,0.060740233999922566
WTM-NN,390,nn,95.8,0.18464557299989792,0.06112837299997409
WTM-NN,391,nn,95.75,0.1874006250000093,0.062082543999849804
WTM-NN,392,nn,95.77,0.1905739150001864,0.061826183999983186
WTM-NN,393,nn,95.78999999999999,0.19008363700004338,0.06161898799996379
WTM-NN,394,nn,95.78999999999999,0.24369211599992013,0.061702080000031856
WTM-NN,395,nn,95.77,0.19091812299984667,0.06270221899990247
WTM-NN,396,nn,95.82000000000001,0.17371002699997007,0.061863126999924134
WTM-NN,397,nn,95.84,0.17689837799980523,0.062144730999989406
WTM-NN,398,nn,95.83,0.2422309270000369,0.05954232900012357
WTM-NN,399,nn,95.76,0.18348474800018266,0.06298747200003163
WTM-NN,400,nn,95.77,0.18997077099993476,0.061644097999987935
WTM-NN,401,nn,95.75,0.18018167000013818,0.05918587599990133
WTM-NN,402,nn,95.78,0.17761253000003308,0.06147607299999436
WTM-NN,403,nn,95.76,0.1709999519998746,0.062440576999961195
WTM-NN,404,nn,95.78,0.18052105800006757,0.06077205499991578
WTM-NN,405,nn,95.78999999999999,0.1913636189999579,0.06186103599998205
WTM-NN,406,nn,95.77,0.2389307359999293,0.06202991499981181
WTM-NN,407,nn,95.76,0.18960852100008196,0.06120089999990341
WTM-NN,408,nn,95.74000000000001,0.19006120200015175,0.06042707500000688
WTM-NN,409,nn,95.78999999999999,0.2465947790001337,0.06366349099994295
WTM-NN,410,nn,95.84,0.19056177499987825,0.062191849999862825
WTM-NN,411,nn,95.74000000000001,0.1866259179998906,0.06083183300006567
WTM-NN,412,nn,95.78,0.1864702689999831,0.06101237500001844
WTM-NN,413,nn,95.74000000000001,0.17460350199985442,0.060311745000035444
WTM-NN,414,nn,95.78,0.18985152899995228,0.06169872700002088
WTM-NN,415,nn,95.78,0.18223901200008186,0.059758994000048915
WTM-NN,416,nn,95.81,0.18954277499983618,0.06098669899984088
WTM-NN,417,nn,95.81,0.24643596400005663,0.06200649600009456
WTM-NN,418,nn,95.77,0.19097291999992194,0.06199188300001879
WTM-NN,419,nn,95.72,0.19044171700011248,0.05989863400009199
WTM-NN,420,nn,95.84,0.19070252999995319,0.061858320999817806
WTM-NN,421,nn,95.74000000000001,0.24749215500014543,0.060826234999922235
WTM-NN,422,nn,95.78999999999999,0.18913526500000444,0.06076733300005799
WTM-NN,423,nn,95.82000000000001,0.17690905300014492,0.06054128899995703
WTM-NN,424,nn,95.78999999999999,0.19540010600007918,0.06037587900004837
WTM-NN,425,nn,95.8,0.18939847499996176,0.05782421899994006
WTM-NN,426,nn,95.85000000000001,0.18292759799987834,0.05876742999998896
WTM-NN,427,nn,95.78,0.1898056299999098,0.059543558000086705
WTM-NN,428,nn,95.81,0.24758847899988723,0.06053650700005164
WTM-NN,429,nn,95.8,0.18947102299989638,0.06066110999995544
WTM-NN,430,nn,95.84,0.17253988200013737,0.06019861499999024
WTM-NN,431,nn,95.78,0.18486375999987104,0.060851006999882884
WTM-NN,432,nn,95.81,0.24690072900011728,0.06123846400009825
WTM-NN,433,nn,95.74000000000001,0.1864285810002002,0.06321279000007962
WTM-NN,434,nn,95.76,0.18415766400016764,0.061938923000070645
WTM-NN,435,nn,95.75,0.19129840899995543,0.06192212600012681
WTM-NN,436,nn,95.8,0.19082734099993104,0.062006300999883024
WTM-NN,437,nn,95.84,0.1908901499998592,0.06209123499979796
WTM-NN,438,nn,95.73,0.19093254600011278,0.06243336700003965
WTM-NN,439,nn,95.81,0.18637380099994516,0.06061622499987607
WTM-NN,440,nn,95.72,0.24700510799993936,0.06338067799993041
WTM-NN,441,nn,95.75,0.18947881199983385,0.0626414329999534
WTM-NN,442,nn,95.85000000000001,0.19102719200009233,0.06098873199994159
WTM-NN,443,nn,95.8,0.19180879900000036,0.061574485999926765
WTM-NN,444,nn,95.8,0.2334054240000114,0.061541238000017984
WTM-NN,445,nn,95.74000000000001,0.1775120799998149,0.06236147799995706
WTM-NN,446,nn,95.81,0.17695531200001824,0.062173362000066845
WTM-NN,447,nn,95.77,0.17924030399990443,0.06303500200010603
WTM-NN,448,nn,95.74000000000001,0.17722140500018213,0.062403843999845776
WTM-NN,449,nn,95.76,0.18362554200007253,0.060187562000010075
WTM-NN,450,nn,95.78999999999999,0.18942981899999722,0.06357222500014359
WTM-NN,451,nn,95.76,0.24414024099996823,0.0627975449999667
WTM-NN,452,nn,95.78,0.19039479999992182,0.06174272199996267
WTM-NN,453,nn,95.83,0.18993417100000443,0.061566695999999865
WTM-NN,454,nn,95.78999999999999,0.18658547699988048,0.06251110100015467
WTM-NN,455,nn,95.8,0.24601379999990058,0.061528125999984695
WTM-NN,456,nn,95.7,0.18399502900001607,0.06239862400002494
WTM-NN,457,nn,95.78,0.17814711400001215,0.06147106599996732
WTM-NN,458,nn,95.76,0.1909210940000321,0.062117576999980884
WTM-NN,459,nn,95.83,0.19000403300015023,0.0617407600000206
WTM-NN,460,nn,95.78,0.18910220800012212,0.06099590200005878
WTM-NN,461,nn,95.75,0.18576967300009528,0.061149563000071794
WTM-NN,462,nn,95.76,0.19073381299995162,0.06126870599996437
WTM-NN,463,nn,95.76,0.2477717900001153,0.05997112900013235
WTM-NN,464,nn,95.78999999999999,0.1776600820001022,0.06276445700018485
WTM-NN,465,nn,95.74000000000001,0.19137465099993278,0.06182029199999306
WTM-NN,466,nn,95.89,0.1911378429999786,0.05979064099983589
WTM-NN,467,nn,95.8,0.23677580999992642,0.06134188900000481
WTM-NN,468,nn,95.8,0.17627628699983688,0.061546256999918114
WTM-NN,469,nn,95.78,0.17863416499994855,0.06252948300016214
WTM-NN,470,nn,95.81,0.17715259900001,0.06356504499990479
WTM-NN,471,nn,95.82000000000001,0.19136478399991574,0.060685150999916004
WTM-NN,472,nn,95.78,0.18623922200004017,0.06184548300007009
WTM-NN,473,nn,95.8,0.18848429100012254,0.061883511999894836
WTM-NN,474,nn,95.8,0.23799777799990807,0.05976022300001205
WTM-NN,475,nn,95.78999999999999,0.17925423600013346,0.06114394099995479
WTM-NN,476,nn,95.78999999999999,0.17751766400010638,0.060976276000019425
WTM-NN,477,nn,95.77,0.1780015019999155,0.06151601500005199
WTM-NN,478,nn,95.75,0.2337683329999436,0.061839233000000604
WTM-NN,479,nn,95.77,0.17818887800012817,0.06087244400009695
WTM-NN,480,nn,95.74000000000001,0.1795989729998837,0.0630648179999298
WTM-NN,481,nn,95.78999999999999,0.17315817500002595,0.060652398000001995
WTM-NN,482,nn,95.76,0.19156400699989717,0.06107142900009421
WTM-NN,483,nn,95.83,0.1900270140001794,0.06219327000007979
WTM-NN,484,nn,95.78999999999999,0.18181684199998926,0.06114723800010324
WTM-NN,485,nn,95.77,0.1766284350001115,0.06138141900009941
WTM-NN,486,nn,95.81,0.2342646180002248,0.061493463000033444
WTM-NN,487,nn,95.69,0.17847549900011472,0.059198155000103725
WTM-NN,488,nn,95.75,0.18089910200001214,0.06069317200012847
WTM-NN,489,nn,95.81,0.1790182110000842,0.06109875499987538
WTM-NN,490,nn,95.8,0.2331315030000951,0.0635942179999347
WTM-NN,491,nn,95.74000000000001,0.18440663900014442,0.0625727960000404
WTM-NN,492,nn,95.78,0.19034998000006453,0.06282247399985863
WTM-NN,493,nn,95.8,0.1727213250001114,0.0632072739999785
WTM-NN,494,nn,95.83,0.189843724000184,0.06245230900003662
WTM-NN,495,nn,95.77,0.16958475000001272,0.06101927300005627
WTM-NN,496,nn,95.75,0.19004180699994322,0.06048321399998713
WTM-NN,497,nn,95.77,0.24686815399991247,0.05987080399995648
WTM-NN,498,nn,95.87,0.1823730030000661,0.06190124999989166
WTM-NN,499,nn,95.8,0.19112514500011457,0.062421898999900804
WTM-NN,500,nn,95.78,0.19109132099993076,0.06258188499987227
UTM-NN,1,tm,89.92999999999999,0.49871588699988934,0.06418618199995763
UTM-NN,2,tm,90.57,0.4447738209998988,0.0616751679999652
UTM-NN,3,tm,90.7,0.43629106999992473,0.06278105799992773
UTM-NN,4,tm,90.97,0.430992420000166,0.06296391699993364
UTM-NN,5,tm,90.60000000000001,0.42549017099986486,0.06419486799995866
UTM-NN,6,tm,90.74,0.4334321149999596,0.0640145949998896
UTM-NN,7,tm,90.55,0.42317957299997033,0.06458914600011667
UTM-NN,8,tm,90.88000000000001,0.41456555199988543,0.06246922499985885
UTM-NN,9,tm,90.71000000000001,0.425989798000046,0.06718630999989728
UTM-NN,10,tm,91.14999999999999,0.4173135679998268,0.06532343799995033
UTM-NN,11,tm,91.14,0.4175934800000505,0.06503481600020677
UTM-NN,12,tm,91.14,0.419421826999951,0.06462788299995736
UTM-NN,13,tm,91.2,0.4115474840000388,0.06490543099994284
UTM-NN,14,tm,91.01,0.4312608749999072,0.06472189700002673
UTM-NN,15,tm,91.01,0.4157224650000444,0.0645026009999583
UTM-NN,16,tm,90.98,0.4309951130001082,0.06510207799988166
UTM-NN,17,tm,91.02,0.4221748279999247,0.06429647999993904
UTM-NN,18,tm,91.28,0.4159709840000687,0.06505358599997635
UTM-NN,19,tm,91.14999999999999,0.42237039899987394,0.06462687900011588
UTM-NN,20,tm,91.01,0.4137305799999922,0.0641249660000085
UTM-NN,21,tm,91.25,0.42659999600004994,0.06431546499993601
UTM-NN,22,tm,91.24,0.4273035149999487,0.06515133600009904
UTM-NN,23,tm,91.25999999999999,0.423319494999987,0.06421105100002933
UTM-NN,24,tm,91.06,0.432106463999844,0.06485373300006358
UTM-NN,25,tm,91.21000000000001,0.41908749699996406,0.06353986599992822
UTM-NN,26,tm,91.36,0.4103135210000346,0.06449772200016923
UTM-NN,27,tm,91.34,0.41147204499998224,0.06409125999994103
UTM-NN,28,tm,91.3,0.4098144530000809,0.06289992699998948
UTM-NN,29,tm,91.29,0.41139318299997285,0.0638177190000988
UTM-NN,30,tm,91.19,0.4193445079999947,0.06451799899991784
UTM-NN,31,tm,91.27,0.42444694799996796,0.06348945100012315
UTM-NN,32,tm,91.18,0.4109246450000228,0.06217185199989217
UTM-NN,33,tm,91.24,0.4178565330000765,0.06462730500015823
UTM-NN,34,tm,91.16,0.4268532339999638,0.06453630999999405
UTM-NN,35,tm,91.14,0.40778416499983905,0.06449411700009477
UTM-NN,36,tm,91.22,0.4161442500001158,0.06167292700001781
UTM-NN,37,tm,91.34,0.4186531580000974,0.06504515300002822
UTM-NN,38,tm,91.31,0.4134763179999936,0.06323509399999239
UTM-NN,39,tm,91.3,0.41392538100012644,0.06463727400000607
UTM-NN,40,tm,91.28,0.41561427900001036,0.06265689099996052
UTM-NN,41,tm,91.3,0.410959160999937,0.06502154700001483
UTM-NN,42,tm,91.27,0.40579324899999847,0.0643362100001923
UTM-NN,43,tm,91.25,0.4214042529999915,0.06461007999996582
UTM-NN,44,tm,91.23,0.41803000899994913,0.06468632099995375
UTM-NN,45,tm,91.19,0.40507253700002366,0.0645213689999764
UTM-NN,46,tm,91.35,0.41050306000011005,0.0647687500002121
UTM-NN,47,tm,91.35,0.39774064500011264,0.06291482699998596
UTM-NN,48,tm,91.34,0.41434266200008096,0.06276826500015886
UTM-NN,49,tm,91.34,0.40505424299999504,0.06203550600002927
UTM-NN,50,tm,91.33,0.4163439460000973,0.06386114999986603
UTM-NN,51,tm,91.49000000000001,0.4001906369999233,0.06576012100003936
UTM-NN,52,tm,91.43,0.4104025310000452,0.06369193899990933
UTM-NN,53,tm,91.29,0.41259491400001025,0.06298544399987804
UTM-NN,54,tm,91.47999999999999,0.4022118780001165,0.06467010200003642
UTM-NN,55,tm,91.31,0.4140616309998677,0.06477958300001774
UTM-NN,56,tm,91.4,0.4134248180000668,0.06293932700009464
UTM-NN,57,tm,91.33,0.40950981199989656,0.06314852799982873
UTM-NN,58,tm,91.2,0.41050395399997797,0.06378741399998944
UTM-NN,59,tm,91.36,0.4130754779998824,0.06370471299987912
UTM-NN,60,tm,91.39,0.41670723600009296,0.06850262500006465
UTM-NN,61,tm,91.25,0.41747961299984127,0.0635513780000565
UTM-NN,62,tm,91.29,0.40751380300002893,0.06431236499997794
UTM-NN,63,tm,91.39,0.40707424000015635,0.06399014900011935
UTM-NN,64,tm,91.27,0.4062817660001201,0.06425829399995564
UTM-NN,65,tm,91.32000000000001,0.41651192299991635,0.06338136400017902
UTM-NN,66,tm,91.32000000000001,0.4014672640000754,0.06338331200004177
UTM-NN,67,tm,91.25999999999999,0.4025419760000659,0.0632133789999898
UTM-NN,68,tm,91.14,0.40378005900015523,0.06535405700014962
UTM-NN,69,tm,91.31,0.4053072440001415,0.06306390499980807
UTM-NN,70,tm,91.21000000000001,0.41298881699981393,0.06809121400010554
UTM-NN,71,tm,91.2,0.41720682100003614,0.0640885210000306
UTM-NN,72,tm,91.36,0.39762725299988233,0.06502740400014773
UTM-NN,73,tm,91.31,0.4147210170001472,0.06443892799984496
UTM-NN,74,tm,91.35,0.40295151699979215,0.0655409519999921
UTM-NN,75,tm,91.24,0.4160767539999597,0.0631956419999824
UTM-NN,76,tm,91.3,0.41552863099991555,0.06546806400001515
UTM-NN,77,tm,91.27,0.4061089419999462,0.06455914899993331
UTM-NN,78,tm,91.3,0.3960123469998962,0.06470437899997705
UTM-NN,79,tm,91.25,0.4215079069999774,0.06419695700014927
UTM-NN,80,tm,91.23,0.4077762800000073,0.06430617899991375
UTM-NN,81,tm,91.2,0.41809466600011547,0.06177058699995541
UTM-NN,82,tm,91.2,0.40389573800007383,0.06340609900007621
UTM-NN,83,tm,91.31,0.4156229010000061,0.06382637000001523
UTM-NN,84,tm,91.28,0.40631365499984895,0.064461620999964
UTM-NN,85,tm,91.22,0.4113259579999067,0.0644333820000611
UTM-NN,86,tm,91.29,0.40706932299985965,0.06298683999989407
UTM-NN,87,tm,91.39,0.40156952600000295,0.06074513700013995
UTM-NN,88,tm,91.24,0.4018476419998933,0.0623013090000768
UTM-NN,89,tm,91.36,0.4141394529999616,0.06169720299999426
UTM-NN,90,tm,91.36,0.4033602230001634,0.06335891999992782
UTM-NN,91,tm,91.33,0.40786346299978504,0.0632428000001255
UTM-NN,92,tm,91.38,0.40279952499986393,0.06425630400008231
UTM-NN,93,tm,91.25,0.4052701390000948,0.06395393499997226
UTM-NN,94,tm,91.16,0.4055259469998873,0.0642098690000239
UTM-NN,95,tm,91.33,0.4084332329998688,0.06407039999999142
UTM-NN,96,tm,91.22,0.4026211880000119,0.06527353199999197
UTM-NN,97,tm,91.24,0.4120670679999421,0.06471657499992034
UTM-NN,98,tm,91.24,0.4127057190000869,0.06339646700007506
UTM-NN,99,tm,91.14,0.4038807370000086,0.0646339209999951
UTM-NN,100,tm,91.24,0.4094981519999692,0.06442442799993842
UTM-NN,101,tm,91.25999999999999,0.40892896799982736,0.06347211499996774
UTM-NN,102,tm,91.27,0.40482607700005246,0.06322103600018636
UTM-NN,103,tm,91.39,0.40157873499993,0.06351882100011608
UTM-NN,104,tm,91.19,0.4085809100001825,0.06458351400010542
UTM-NN,105,tm,91.34,0.4098879719999786,0.06477814100003343
UTM-NN,106,tm,91.36,0.4101976609999838,0.06488496600013605
UTM-NN,107,tm,91.3,0.4110132450000492,0.063320886999918
UTM-NN,108,tm,91.25999999999999,0.410387326000091,0.06501466899999286
UTM-NN,109,tm,91.10000000000001,0.40968616800000746,0.06474351600013506
UTM-NN,110,tm,91.34,0.4132796729998063,0.06385752400001365
UTM-NN,111,tm,91.28,0.41853804500010483,0.064335759999949
UTM-NN,112,tm,91.19,0.4154793380000683,0.06468455399999584
UTM-NN,113,tm,91.27,0.4093541479999203,0.06425472999990234
UTM-NN,114,tm,91.29,0.41395030100011354,0.06306756599997243
UTM-NN,115,tm,91.36,0.4094607640001868,0.06391528999984075
UTM-NN,116,tm,91.33,0.4050613980000435,0.06387961900009032
UTM-NN,117,tm,91.25,0.40414613799998733,0.06478172299989637
UTM-NN,118,tm,91.25999999999999,0.4095073210000919,0.06533868299993628
UTM-NN,119,tm,91.18,0.4106890680000106,0.06455379700014419
UTM-NN,120,tm,91.18,0.41858496300005754,0.0645989859999645
UTM-NN,121,tm,91.32000000000001,0.4179386109999541,0.06515304399999877
UTM-NN,122,tm,91.33,0.41318058399997426,0.0642132790001142
UTM-NN,123,tm,91.34,0.402043704000107,0.06552838599986899
UTM-NN,124,tm,91.39,0.4130929819998528,0.06538103599996248
UTM-NN,125,tm,91.29,0.4062222869999914,0.06321937200004868
UTM-NN,126,tm,91.27,0.3977469359999759,0.06326020500000595
UTM-NN,127,tm,91.31,0.40281491899986577,0.06588250300001164
UTM-NN,128,tm,91.22,0.4060049390000131,0.06511282699989351
UTM-NN,129,tm,91.36,0.41054002300006687,0.06535926700007622
UTM-NN,130,tm,91.27,0.4079670080000142,0.06382411699996737
UTM-NN,131,tm,91.35,0.40741441099999065,0.06530417299995861
UTM-NN,132,tm,91.25,0.40065121699990414,0.0648826949998238
UTM-NN,133,tm,91.34,0.41546139999991283,0.06478135899988047
UTM-NN,134,tm,91.35,0.41145316200004345,0.0649424050000107
UTM-NN,135,tm,91.4,0.4137454819999675,0.06984635100002379
UTM-NN,136,tm,91.36999999999999,0.40866814600008183,0.06493758900001012
UTM-NN,137,tm,91.29,0.41442805599990606,0.06429924900021433
UTM-NN,138,tm,91.4,0.4053244649999215,0.06458161199998358
UTM-NN,139,tm,91.49000000000001,0.4170780960000684,0.06556916499994259
UTM-NN,140,tm,91.49000000000001,0.4093372309998813,0.064025170999912
UTM-NN,141,tm,91.29,0.40429695900002116,0.06431936299986774
UTM-NN,142,tm,91.22,0.42068350900012774,0.06478090600012365
UTM-NN,143,tm,91.31,0.40872506200003045,0.06493676100012635
UTM-NN,144,tm,91.35,0.40866178500004935,0.06537198499995611
UTM-NN,145,tm,91.31,0.4087127610000607,0.06327225399991221
UTM-NN,146,tm,91.06,0.4112622059999467,0.06557163499996932
UTM-NN,147,tm,91.13,0.4154808390001108,0.06806460800021341
UTM-NN,148,tm,91.12,0.40599425400000655,0.06671463899988339
UTM-NN,149,tm,91.38,0.4142336229999728,0.061810960000002524
UTM-NN,150,tm,91.35,0.4113984890000211,0.06405348399994182
UTM-NN,151,nn,91.84,0.24102039300009892,0.06246615199984262
UTM-NN,152,nn,92.13,0.19056616900002155,0.06375996099995973
UTM-NN,153,nn,92.27,0.18576378400007343,0.06145206499991218
UTM-NN,154,nn,92.36999999999999,0.19385869300003833,0.06210250100002668
UTM-NN,155,nn,92.36999999999999,0.24666427299985116,0.06339908900008595
UTM-NN,156,nn,92.49000000000001,0.19315252199999122,0.06226802400010456
UTM-NN,157,nn,92.56,0.18802095199998803,0.06749682100007703
UTM-NN,158,nn,92.64,0.1774707050001325,0.06304519499985872
UTM-NN,159,nn,92.71000000000001,0.19056131000002097,0.06460482300008152
UTM-NN,160,nn,92.73,0.17064950600001794,0.06167326000013418
UTM-NN,161,nn,92.77,0.17897994200006906,0.06111339700009921
UTM-NN,162,nn,92.73,0.18952866900008303,0.061886662000006254
UTM-NN,163,nn,92.78,0.2407221200001004,0.06394985399992947
UTM-NN,164,nn,92.78,0.19030927399990105,0.06274186599989662
UTM-NN,165,nn,92.75,0.19071602600001825,0.06373958900007892
UTM-NN,166,nn,92.83,0.1924461630001133,0.06427407499995752
UTM-NN,167,nn,92.84,0.2457839779999631,0.0637536489998638
UTM-NN,168,nn,92.78999999999999,0.1724057520000315,0.0637100169999485
UTM-NN,169,nn,92.86,0.19262824299994463,0.06441282000014326
UTM-NN,170,nn,92.82000000000001,0.17223572399984732,0.06312721400013288
UTM-NN,171,nn,92.80000000000001,0.1905781030000071,0.06450290199995834
UTM-NN,172,nn,92.83,0.1903905990000112,0.06327012899987494
UTM-NN,173,nn,92.80000000000001,0.18945465000001604,0.06317104200002177
UTM-NN,174,nn,92.85,0.24429093399999147,0.06463150800004769
UTM-NN,175,nn,92.82000000000001,0.19066333700016003,0.0620834730000297
UTM-NN,176,nn,92.82000000000001,0.18001992600011363,0.06416809999996076
UTM-NN,177,nn,92.78999999999999,0.17488033099994027,0.06200574600006803
UTM-NN,178,nn,92.78,0.24722448400007124,0.06481411699996897
UTM-NN,179,nn,92.83,0.19049498499998663,0.06084068100017248
UTM-NN,180,nn,92.83,0.18957690199999888,0.06426876699993045
UTM-NN,181,nn,92.78,0.17725990899998578,0.06401983500018105
UTM-NN,182,nn,92.77,0.1890841439999349,0.06241396799987342
UTM-NN,183,nn,92.74,0.18937199299989516,0.0640387120001833
UTM-NN,184,nn,92.77,0.17734399699997994,0.0626605129998552
UTM-NN,185,nn,92.83,0.17740268800002923,0.0624991829999999
UTM-NN,186,nn,92.75999999999999,0.2316875250000976,0.06312034600000516
UTM-NN,187,nn,92.82000000000001,0.17716410399998495,0.06318300299994917
UTM-NN,188,nn,92.78999999999999,0.17895525299991277,0.06139774200005377
UTM-NN,189,nn,92.78,0.1766150959999777,0.06281435500000043
UTM-NN,190,nn,92.82000000000001,0.2350030570000854,0.06557989299994915
UTM-NN,191,nn,92.75999999999999,0.17644287399980385,0.06416979499999798
UTM-NN,192,nn,92.78,0.178877736000004,0.06211376900000687
UTM-NN,193,nn,92.82000000000001,0.1762934779999341,0.06369567000001553
UTM-NN,194,nn,92.75,0.1767248659998586,0.0644440300000042
UTM-NN,195,nn,92.78999999999999,0.17772708299980877,0.061834093000015855
UTM-NN,196,nn,92.81,0.17671505199996318,0.06271827800014762
UTM-NN,197,nn,92.83,0.23435072400002355,0.06283562499993423
UTM-NN,198,nn,92.81,0.17271057099992504,0.0636964259999786
UTM-NN,199,nn,92.82000000000001,0.19130878400005713,0.06463709199988443
UTM-NN,200,nn,92.82000000000001,0.19299533800017343,0.0635969140000725
UTM-NN,201,nn,92.78,0.2463395119998495,0.06232117600006859
UTM-NN,202,nn,92.77,0.190388152000196,0.06237640800009103
UTM-NN,203,nn,92.82000000000001,0.1860776949999945,0.06282500100019206
UTM-NN,204,nn,92.82000000000001,0.18510188499999458,0.062258306999865454
UTM-NN,205,nn,92.78,0.19055681300005745,0.06292321099999754
UTM-NN,206,nn,92.80000000000001,0.18982308599993303,0.06213147799985563
UTM-NN,207,nn,92.77,0.18634013599989885,0.062317226000004666
UTM-NN,208,nn,92.81,0.18826911199994356,0.0666665930000363
UTM-NN,209,nn,92.78999999999999,0.24742408199995225,0.06148694500006968
UTM-NN,210,nn,92.71000000000001,0.18249492700010705,0.06312871699992684
UTM-NN,211,nn,92.78999999999999,0.18556666299991775,0.06231532500009962
UTM-NN,212,nn,92.78,0.17995255599998927,0.06460110400007579
UTM-NN,213,nn,92.77,0.24599916699980895,0.0628549230000317
UTM-NN,214,nn,92.80000000000001,0.18998351200002617,0.06209619400010524
UTM-NN,215,nn,92.75,0.18539761500005625,0.062126216000024215
UTM-NN,216,nn,92.80000000000001,0.18037934099993436,0.06317130999991605
UTM-NN,217,nn,92.78999999999999,0.1785289549998197,0.06360110400009944
UTM-NN,218,nn,92.74,0.1749548960001448,0.06319160800012469
UTM-NN,219,nn,92.78999999999999,0.1765938419998747,0.0635138499999357
UTM-NN,220,nn,92.77,0.23360440299984475,0.06316890799985231
UTM-NN,221,nn,92.77,0.176780737999934,0.06453338799997255
UTM-NN,222,nn,92.78999999999999,0.18226795800001128,0.06328926600008344
UTM-NN,223,nn,92.75,0.175868711000021,0.06317695499978981
UTM-NN,224,nn,92.81,0.24154006200001277,0.06199354900013532
UTM-NN,225,nn,92.78999999999999,0.17908617100010815,0.06500093200020274
UTM-NN,226,nn,92.81,0.1851978350000536,0.06388330200002201
UTM-NN,227,nn,92.82000000000001,0.1754274519998944,0.06386701799988259
UTM-NN,228,nn,92.77,0.19014819700009866,0.06424068100000113
UTM-NN,229,nn,92.84,0.19007580899983623,0.06072675399991567
UTM-NN,230,nn,92.75999999999999,0.18454053999994358,0.063420952000115
UTM-NN,231,nn,92.78,0.1851458289997936,0.06261005500005012
UTM-NN,232,nn,92.80000000000001,0.2471495130000676,0.06164847000013651
UTM-NN,233,nn,92.84,0.1890052870001,0.06169103700017331
UTM-NN,234,nn,92.78,0.17590875299993058,0.06403100499983339
UTM-NN,235,nn,92.82000000000001,0.24738220299991553,0.06392249999998967
UTM-NN,236,nn,92.84,0.19020645999989938,0.06566784100004952
UTM-NN,237,nn,92.86,0.18989025199994103,0.064119878999918
UTM-NN,238,nn,92.80000000000001,0.17576030600002923,0.06302655700005744
UTM-NN,239,nn,92.78,0.1762637699998777,0.0636342479999712
UTM-NN,240,nn,92.81,0.17610115000002224,0.06434365199993408
UTM-NN,241,nn,92.78999999999999,0.17860894999989796,0.06401015400001597
UTM-NN,242,nn,92.75999999999999,0.17711206700005278,0.06392331699998977
UTM-NN,243,nn,92.78,0.2325364470000295,0.06450434699991092
UTM-NN,244,nn,92.84,0.1789672040001733,0.06488209200006168
UTM-NN,245,nn,92.77,0.19004282300011255,0.06431403700003102
UTM-NN,246,nn,92.78999999999999,0.1924082850000559,0.06514741299997695
UTM-NN,247,nn,92.82000000000001,0.24027832100000523,0.06266143199991348
UTM-NN,248,nn,92.82000000000001,0.17525067700012187,0.06443432600008236
UTM-NN,249,nn,92.80000000000001,0.17527944399989792,0.06482055100013895
UTM-NN,250,nn,92.83,0.19097302299996954,0.06484543499982465
UTM-NN,251,nn,92.83,0.1844285800000307,0.063772636000067
UTM-NN,252,nn,92.78999999999999,0.18540771799985123,0.06388173599998481
UTM-NN,253,nn,92.78,0.18802207900012036,0.06538077699997302
UTM-NN,254,nn,92.80000000000001,0.24675223500003085,0.0631015019998813
UTM-NN,255,nn,92.78,0.19887659400001212,0.06535888999997042
UTM-NN,256,nn,92.78,0.19121281800016732,0.0640326919999552
UTM-NN,257,nn,92.78999999999999,0.1760954630001379,0.06453221100014161
UTM-NN,258,nn,92.78999999999999,0.24275301900001978,0.06314413699988108
UTM-NN,259,nn,92.78,0.17487554900003488,0.06469002900007581
UTM-NN,260,nn,92.78999999999999,0.16940354999996998,0.06289753200007908
UTM-NN,261,nn,92.78999999999999,0.1802263319998474,0.06405206900012672
UTM-NN,262,nn,92.80000000000001,0.190808952999987,0.06209903600006328
UTM-NN,263,nn,92.80000000000001,0.19006625299994084,0.06417622499998288
UTM-NN,264,nn,92.81,0.18375826999999845,0.0641192170000977
UTM-NN,265,nn,92.78,0.1801823670000431,0.06175881700005448
UTM-NN,266,nn,92.75999999999999,0.24746615399999428,0.06327647200009778
UTM-NN,267,nn,92.81,0.19149809500004267,0.06389941099996577
UTM-NN,268,nn,92.82000000000001,0.18706495199990059,0.06279482500008271
UTM-NN,269,nn,92.77,0.1910978979999527,0.06303926800001136
UTM-NN,270,nn,92.75999999999999,0.24454068000000007,0.06237332799992146
UTM-NN,271,nn,92.78999999999999,0.1792414540000209,0.0631039160000455
UTM-NN,272,nn,92.80000000000001,0.17818097800000032,0.06234334300006594
UTM-NN,273,nn,92.78999999999999,0.1760418200001368,0.06243730999995023
UTM-NN,274,nn,92.78999999999999,0.1776148850001391,0.06354945800012501
UTM-NN,275,nn,92.78,0.1955815740000162,0.06416996100006145
UTM-NN,276,nn,92.81,0.19494593900003565,0.0640112759999738
UTM-NN,277,nn,92.77,0.24926256999992802,0.06282453300013913
UTM-NN,278,nn,92.77,0.19046485600006235,0.06473925900013455
UTM-NN,279,nn,92.78999999999999,0.17955485700008467,0.07029533100012486
UTM-NN,280,nn,92.86,0.19104147400003058,0.06359478399986074
UTM-NN,281,nn,92.83,0.249861502000158,0.06056323300003896
UTM-NN,282,nn,92.78,0.1789021380000122,0.06358136199992259
UTM-NN,283,nn,92.81,0.17621416900010445,0.061023252999802935
UTM-NN,284,nn,92.80000000000001,0.17575137499989069,0.0645572710000124
UTM-NN,285,nn,92.82000000000001,0.17651430499995513,0.06305739499998708
UTM-NN,286,nn,92.81,0.18051544799982366,0.06391981899992061
UTM-NN,287,nn,92.80000000000001,0.17964030699999967,0.06294995500002187
UTM-NN,288,nn,92.82000000000001,0.18033887000001414,0.0628674150000279
UTM-NN,289,nn,92.77,0.24546902500014767,0.06414328300002126
UTM-NN,290,nn,92.83,0.1824136790000921,0.06270952399995622
UTM-NN,291,nn,92.83,0.1874011719999089,0.06268803499983733
UTM-NN,292,nn,92.80000000000001,0.19158796000010625,0.06391872500012141
UTM-NN,293,nn,92.78,0.24607072799994967,0.06260028400015472
UTM-NN,294,nn,92.78999999999999,0.18895632199996726,0.06283826200001386
UTM-NN,295,nn,92.82000000000001,0.19087287599995761,0.06276446400011082
UTM-NN,296,nn,92.81,0.1899074500001916,0.06305830899987086
UTM-NN,297,nn,92.78999999999999,0.18170181100003902,0.06517646799989052
UTM-NN,298,nn,92.78999999999999,0.17683300299995608,0.06251435500007574
UTM-NN,299,nn,92.80000000000001,0.1890688500000124,0.06429463699987537
UTM-NN,300,nn,92.80000000000001,0.24660841600007188,0.06231383200019991
UTM-NN,301,nn,92.84,0.17562733099998695,0.06308376499987389
UTM-NN,302,nn,92.73,0.1908573380001144,0.06288642599997729
UTM-NN,303,nn,92.78999999999999,0.1912990319999608,0.06417861499994615
UTM-NN,304,nn,92.81,0.23652799100000266,0.06487676500000816
UTM-NN,305,nn,92.78,0.17611254799999188,0.06435671600002024
UTM-NN,306,nn,92.78,0.17710427700012588,0.06243963800011443
UTM-NN,307,nn,92.75999999999999,0.17627713000001677,0.0626329159999841
UTM-NN,308,nn,92.82000000000001,0.1740717739999127,0.06316294100020059
UTM-NN,309,nn,92.84,0.1918763730000137,0.06334746099992117
UTM-NN,310,nn,92.81,0.1838171389999843,0.06347624799991536
UTM-NN,311,nn,92.75999999999999,0.1795431739999458,0.06313633500008109
UTM-NN,312,nn,92.75999999999999,0.24420267200002854,0.06272204699985195
UTM-NN,313,nn,92.82000000000001,0.1889160030000312,0.06232755700011694
UTM-NN,314,nn,92.75999999999999,0.18656779100001586,0.06385892699995566
UTM-NN,315,nn,92.81,0.2316281490000165,0.062138676999893505
UTM-NN,316,nn,92.77,0.1894806539999081,0.0593253489998915
UTM-NN,317,nn,92.77,0.18961397099997157,0.0623180739999043
UTM-NN,318,nn,92.80000000000001,0.1814053860000513,0.06222870100009459
UTM-NN,319,nn,92.81,0.18835182800012262,0.0604970609999782
UTM-NN,320,nn,92.82000000000001,0.1817223919999833,0.06038044199999604
UTM-NN,321,nn,92.81,0.18589290999989316,0.06565481900020131
UTM-NN,322,nn,92.81,0.18863732099998742,0.06615221000015481
UTM-NN,323,nn,92.84,0.23229322599991065,0.06105211799990684
UTM-NN,324,nn,92.80000000000001,0.18812958800003798,0.0640867239999352
UTM-NN,325,nn,92.74,0.1757208700000774,0.06855733499992311
UTM-NN,326,nn,92.74,0.19084163000002263,0.06269272100007584
UTM-NN,327,nn,92.83,0.24613196799987236,0.06293908800012105
UTM-NN,328,nn,92.81,0.18664074499997696,0.06144710499984285
UTM-NN,329,nn,92.80000000000001,0.1886426409998876,0.06254834799983655
UTM-NN,330,nn,92.80000000000001,0.18931428399992,0.062096157000041785
UTM-NN,331,nn,92.75,0.1904879119999805,0.0628927829998247
UTM-NN,332,nn,92.78,0.19056784500003232,0.06323623200000839
UTM-NN,333,nn,92.80000000000001,0.18981577199997446,0.06072720800011666
UTM-NN,334,nn,92.78999999999999,0.19027540000001864,0.0654141840000193
UTM-NN,335,nn,92.78999999999999,0.23073994900005346,0.06133664599997246
UTM-NN,336,nn,92.77,0.19690121099984026,0.064634506999937
UTM-NN,337,nn,92.82000000000001,0.18862226199985344,0.06292608100011421
UTM-NN,338,nn,92.81,0.24808168000004116,0.06280613700005233
UTM-NN,339,nn,92.81,0.1826597000001584,0.06288762799999859
UTM-NN,340,nn,92.84,0.1757885259999057,0.0634107270000186
UTM-NN,341,nn,92.83,0.18041398600007597,0.06435228499981349
UTM-NN,342,nn,92.82000000000001,0.1814305460000014,0.062035934000050474
UTM-NN,343,nn,92.81,0.1917267769999853,0.06075466300012522
UTM-NN,344,nn,92.80000000000001,0.189624318000142,0.06291868799985423
UTM-NN,345,nn,92.81,0.19057070300004852,0.0630258920000415
UTM-NN,346,nn,92.75,0.24599992000003112,0.06968084999994062
UTM-NN,347,nn,92.78,0.19129814799998712,0.06327736899993397
UTM-NN,348,nn,92.78,0.19134108800017202,0.06120023200014657
UTM-NN,349,nn,92.81,0.19098399299991797,0.06309239799998068
UTM-NN,350,nn,92.80000000000001,0.2461220449999928,0.06178709100004198
UTM-NN,351,nn,92.75999999999999,0.18780527800004165,0.06388068899991595
UTM-NN,352,nn,92.78999999999999,0.18487677100006294,0.0627071710000564
UTM-NN,353,nn,92.78999999999999,0.18884172600019156,0.06334266499993646
UTM-NN,354,nn,92.75,0.17827150000016445,0.06264742500002285
UTM-NN,355,nn,92.82000000000001,0.18870695999999043,0.06678356200018243
UTM-NN,356,nn,92.80000000000001,0.1741111250000813,0.06448631400007798
UTM-NN,357,nn,92.80000000000001,0.24287288499999704,0.06406342100012807
UTM-NN,358,nn,92.80000000000001,0.18945267499998408,0.0695330420001028
UTM-NN,359,nn,92.82000000000001,0.1924077070000294,0.0614875530000063
UTM-NN,360,nn,92.78999999999999,0.19119608400001198,0.06296560500004489
UTM-NN,361,nn,92.77,0.24698941599990576,0.07057496300012644
UTM-NN,362,nn,92.84,0.1827272069999708,0.06233513100005439
UTM-NN,363,nn,92.78,0.18992771300008826,0.06580506999989666
UTM-NN,364,nn,92.74,0.19076333599991813,0.06571553799994945
UTM-NN,365,nn,92.81,0.18741848999979993,0.06448154700001396
UTM-NN,366,nn,92.75999999999999,0.19778451599995606,0.06252080499984913
UTM-NN,367,nn,92.82000000000001,0.19100889399987864,0.06523724899989247
UTM-NN,368,nn,92.78999999999999,0.19131448799998907,0.06355041499978142
UTM-NN,369,nn,92.82000000000001,0.23032623499989313,0.06250445999990006
UTM-NN,370,nn,92.80000000000001,0.1896435510000174,0.06447219000006044
UTM-NN,371,nn,92.75,0.19146359599994867,0.06454317099996842
UTM-NN,372,nn,92.75999999999999,0.17954443500002526,0.06396127800007889
UTM-NN,373,nn,92.80000000000001,0.24620383599994966,0.06394642999998723
UTM-NN,374,nn,92.81,0.19084915500002353,0.0637146390001817
UTM-NN,375,nn,92.78999999999999,0.17915480000010575,0.06293077999998786
UTM-NN,376,nn,92.80000000000001,0.17657958499989945,0.0640633139998954
UTM-NN,377,nn,92.74,0.17767237600014596,0.06445226400001047
UTM-NN,378,nn,92.80000000000001,0.17721992600013436,0.0648262810000233
UTM-NN,379,nn,92.82000000000001,0.17731535300003998,0.06350127500013514
UTM-NN,380,nn,92.78,0.2323477620000176,0.06275398700017831
UTM-NN,381,nn,92.81,0.17698545999996895,0.06384031099992171
UTM-NN,382,nn,92.80000000000001,0.17695292200005497,0.06422279200000958
UTM-NN,383,nn,92.83,0.17739955299998655,0.06432274300004792
UTM-NN,384,nn,92.78999999999999,0.23242705699999533,0.06526945800010253
UTM-NN,385,nn,92.78,0.179608270000017,0.06338892400003715
UTM-NN,386,nn,92.80000000000001,0.17946738599994205,0.06317359299987402
UTM-NN,387,nn,92.78,0.17724754400001075,0.06408407300000363
UTM-NN,388,nn,92.80000000000001,0.17629723699997157,0.06263669100007974
UTM-NN,389,nn,92.78999999999999,0.1765205760000299,0.06383392099996854
UTM-NN,390,nn,92.78,0.17614798899990092,0.06146415799980787
UTM-NN,391,nn,92.75999999999999,0.19155076999982157,0.06412553900008788
UTM-NN,392,nn,92.83,0.23564225599989186,0.0638789980000638
UTM-NN,393,nn,92.82000000000001,0.19021835999978975,0.06255699000007553
UTM-NN,394,nn,92.80000000000001,0.18755454899996948,0.06363569199993435
UTM-NN,395,nn,92.78,0.19039677499995378,0.0644847660000778
UTM-NN,396,nn,92.74,0.24772085599988714,0.06489596999995229
UTM-NN,397,nn,92.78,0.19077038900013576,0.06443704699995578
UTM-NN,398,nn,92.80000000000001,0.18335470200008785,0.06284291499991923
UTM-NN,399,nn,92.80000000000001,0.17717214800018155,0.061380084999882456
UTM-NN,400,nn,92.78999999999999,0.1759627389999423,0.06341193799994471
UTM-NN,401,nn,92.78,0.17727814199997738,0.06500597300009758
UTM-NN,402,nn,92.81,0.17885488299998542,0.06259937499999069
UTM-NN,403,nn,92.73,0.23360528399985014,0.06225725399986004
UTM-NN,404,nn,92.75999999999999,0.17712462999998024,0.06437031299992668
UTM-NN,405,nn,92.7,0.17643138800008273,0.062293873000044186
UTM-NN,406,nn,92.78999999999999,0.17753961799985518,0.06391781399997853
UTM-NN,407,nn,92.83,0.24561677900010181,0.06438234500001272
UTM-NN,408,nn,92.80000000000001,0.19009861500012448,0.06480758800012154
UTM-NN,409,nn,92.78,0.18911909799999194,0.06488986300018951
UTM-NN,410,nn,92.78999999999999,0.19057190100011212,0.06418347900012122
UTM-NN,411,nn,92.81,0.18925922300013553,0.06481716400003279
UTM-NN,412,nn,92.81,0.18763487399996848,0.064051242000005
UTM-NN,413,nn,92.77,0.17756292399985796,0.06445486900020114
UTM-NN,414,nn,92.80000000000001,0.1753357039999628,0.06525418200021704
UTM-NN,415,nn,92.82000000000001,0.23259832999997343,0.06425018499999169
UTM-NN,416,nn,92.82000000000001,0.17770664999989094,0.06373101899998801
UTM-NN,417,nn,92.83,0.18757978899998307,0.06511045799993553
UTM-NN,418,nn,92.78999999999999,0.19038883899997927,0.06301707000011447
UTM-NN,419,nn,92.75,0.2518426909998652,0.06389606799984904
UTM-NN,420,nn,92.78999999999999,0.19072081900003468,0.06449147700004687
UTM-NN,421,nn,92.77,0.19101221200003238,0.06470777300000918
UTM-NN,422,nn,92.78999999999999,0.2018136230001346,0.06349725299992315
UTM-NN,423,nn,92.80000000000001,0.1716379810000035,0.06557395899994845
UTM-NN,424,nn,92.82000000000001,0.18657274699990012,0.06361229499998444
UTM-NN,425,nn,92.80000000000001,0.18998121399999945,0.0651622899999893
UTM-NN,426,nn,92.81,0.2480214199999864,0.06381963299986637
UTM-NN,427,nn,92.83,0.18816072499998882,0.06501915300009387
UTM-NN,428,nn,92.75999999999999,0.19056163199979892,0.0643011550000665
UTM-NN,429,nn,92.82000000000001,0.1733020960000431,0.06504479000000174
UTM-NN,430,nn,92.81,0.24581198999999287,0.06494507200000044
UTM-NN,431,nn,92.81,0.18935144099987156,0.06481536399996912
UTM-NN,432,nn,92.78,0.18181066800002554,0.06518847600000299
UTM-NN,433,nn,92.84,0.190378039000052,0.06432036899991544
UTM-NN,434,nn,92.82000000000001,0.19138614000007692,0.06470061599998189
UTM-NN,435,nn,92.82000000000001,0.1896960520000448,0.06118242000002283
UTM-NN,436,nn,92.77,0.1829191209999408,0.06457109600000877
UTM-NN,437,nn,92.80000000000001,0.18242128900010357,0.06429138200019224
UTM-NN,438,nn,92.82000000000001,0.24681361699981608,0.06296061399984865
UTM-NN,439,nn,92.81,0.1836212499999874,0.06449499700011074
UTM-NN,440,nn,92.82000000000001,0.1899404749999576,0.06450262299995302
UTM-NN,441,nn,92.84,0.24539680899988525,0.06321530800005348
UTM-NN,442,nn,92.82000000000001,0.18783655200013527,0.06471883800008982
UTM-NN,443,nn,92.83,0.18911104799985878,0.06467805899978885
UTM-NN,444,nn,92.82000000000001,0.17763091599999825,0.06266252099999292
UTM-NN,445,nn,92.78999999999999,0.1838209120001011,0.06451902999992853
UTM-NN,446,nn,92.77,0.1912770520000322,0.06254340999998931
UTM-NN,447,nn,92.83,0.18968030499991073,0.06172322200018243
UTM-NN,448,nn,92.83,0.19087605800018537,0.07046954199995525
UTM-NN,449,nn,92.82000000000001,0.24939807100008693,0.07061150200001975
UTM-NN,450,nn,92.78999999999999,0.19260893699993176,0.0627318390002074
UTM-NN,451,nn,92.82000000000001,0.1919367109999257,0.0697121989999232
UTM-NN,452,nn,92.84,0.19679923600006077,0.07036437299984755
UTM-NN,453,nn,92.82000000000001,0.24759354599996186,0.06248075600001357
UTM-NN,454,nn,92.77,0.1907140260000233,0.06404241399991406
UTM-NN,455,nn,92.75,0.18556878100002905,0.06458387900011076
UTM-NN,456,nn,92.81,0.17226550600003065,0.06423269800006892
UTM-NN,457,nn,92.78999999999999,0.18024935900007222,0.06261841500008813
UTM-NN,458,nn,92.78999999999999,0.19557484099982503,0.06919367199998305
UTM-NN,459,nn,92.78999999999999,0.19167582000000039,0.06383087899985185
UTM-NN,460,nn,92.75999999999999,0.24653445399985685,0.06367196399992281
UTM-NN,461,nn,92.81,0.19110640700000658,0.0643156410001211
UTM-NN,462,nn,92.82000000000001,0.20014533999983541,0.06306922199996734
UTM-NN,463,nn,92.80000000000001,0.18957599300006223,0.06371223099995404
UTM-NN,464,nn,92.84,0.24467640199986818,0.06347207399994659
UTM-NN,465,nn,92.77,0.19204435800020292,0.06132851800020944
UTM-NN,466,nn,92.78,0.1893350370000917,0.06409521399996265
UTM-NN,467,nn,92.80000000000001,0.18964828100001796,0.06313881699998092
UTM-NN,468,nn,92.78,0.18902802799993879,0.06369942700007414
UTM-NN,469,nn,92.78999999999999,0.17747085500013782,0.06275651600003584
UTM-NN,470,nn,92.85,0.187650493999854,0.065518948999852
UTM-NN,471,nn,92.81,0.1705330929999036,0.06275845400000435
UTM-NN,472,nn,92.75,0.24876431600000615,0.06433681899989097
UTM-NN,473,nn,92.82000000000001,0.1836907990000327,0.0635558740000306
UTM-NN,474,nn,92.83,0.1901160830000208,0.06329708600014783
UTM-NN,475,nn,92.78,0.18792004399983853,0.06494358700001612
UTM-NN,476,nn,92.80000000000001,0.2440727609998703,0.06401448800011167
UTM-NN,477,nn,92.78999999999999,0.19036985100001402,0.0653487029999269
UTM-NN,478,nn,92.83,0.1906616269998267,0.06499282599997969
UTM-NN,479,nn,92.78,0.19162232999997286,0.06430368499991346
UTM-NN,480,nn,92.81,0.1833095060001142,0.0642133730000296
UTM-NN,481,nn,92.80000000000001,0.18466551599999548,0.06527258699998129
UTM-NN,482,nn,92.77,0.17769888099996933,0.06433274500000152
UTM-NN,483,nn,92.82000000000001,0.24675378300003104,0.06496029100003398
UTM-NN,484,nn,92.81,0.19093208899994352,0.06347317800009478
UTM-NN,485,nn,92.78999999999999,0.1866575039998679,0.06552525000006426
UTM-NN,486,nn,92.75999999999999,0.18714140699989912,0.06417227599990838
UTM-NN,487,nn,92.73,0.23584251800002676,0.06419820099995377
UTM-NN,488,nn,92.81,0.1788995409999643,0.06300387500004945
UTM-NN,489,nn,92.75,0.18828432099985548,0.06189486599987504
UTM-NN,490,nn,92.77,0.18822665199991206,0.064498814999979
UTM-NN,491,nn,92.81,0.1906899739999517,0.06384416000014426
UTM-NN,492,nn,92.78,0.1839737369998602,0.06872737200001211
UTM-NN,493,nn,92.80000000000001,0.1858267379998324,0.0636159040000166
UTM-NN,494,nn,92.78999999999999,0.17507364500011136,0.07068318400001772
UTM-NN,495,nn,92.78,0.2508102360000066,0.06307034999986172
UTM-NN,496,nn,92.83,0.18541043499999432,0.063745537999921
UTM-NN,497,nn,92.78999999999999,0.1809286279999469,0.06356898900003216
UTM-NN,498,nn,92.80000000000001,0.1752805129999615,0.06387328999994679
UTM-NN,499,nn,92.84,0.22848408499999096,0.0641748660000303
UTM-NN,500,nn,92.77,0.181328522000058,0.0695007980000355
